{
  "velocity": {
    "n_points": 4869,
    "speed_true_mean": 0.7003024220466614,
    "mae_u": 0.12466064095497131,
    "mae_v": 0.06774795800447464,
    "rmse_u": 0.1659059375524521,
    "rmse_v": 0.10305667668581009,
    "max_abs_eu": 0.5376323461532593,
    "max_abs_ev": 0.5155429244041443,
    "rel_l2_u": 0.204934224486351,
    "rel_l2_v": 0.8138900399208069,
    "rel_l2_uv": 0.23835575580596924
  },
  "pde": {
    "n_collocation": 19840,
    "pde_rmse_mag": 0.3661123216152191,
    "pde_mean_mag": 0.1310044527053833,
    "pde_p90_mag": 0.19923743605613708,
    "pde_p99_mag": 2.000476598739624,
    "near_cyl_pde_rmse_mag": 0.8528907895088196,
    "far_pde_rmse_mag": 0.05746656283736229
  },
  "bc": {
    "inlet_u_minus_1_rmse": 0.19607076048851013,
    "inlet_v_rmse": 0.06510447710752487,
    "top_u_minus_1_rmse": 0.16906669735908508,
    "bottom_u_minus_1_rmse": 0.15369269251823425,
    "top_v_rmse": 0.05967630073428154,
    "bottom_v_rmse": 0.07892032712697983,
    "wall_speed_max": 2.0805897804621054e-07,
    "wall_speed_p95": 1.2444314734239015e-07,
    "wall_u_max_abs": 2.0459339111766894e-07,
    "wall_v_max_abs": 1.3898866768613516e-07
  },
  "vorticity": {
    "vort_rmse": 2.7149810791015625,
    "vort_max_abs": 7.859506130218506,
    "vort_cfd_max": 8.076549530029297,
    "vort_cfd_min": -8.076652526855469,
    "vort_pinn_max": 8.436409950256348,
    "vort_pinn_min": -4.331686496734619
  }
}