## SLURM PROLOG ###############################################################
##    Job ID : 3963446
##  Job Name : pinn_re40_abl
##  Nodelist : gpu2251
##      CPUs : 
##  Mem/Node : 102400 MB
## Directory : /oscar/home/jchen790/cylinder flow lab
##   Job Started : Mon Jul 13 11:52:36 PM EDT 2026
###############################################################################
############################################################
# array task 1  ->  cell 'pt'
#   flags: --use-pt --pt-w-init 1.0 --pt-ema 0.9 --pt-resample --no-data-anchor
############################################################
[OK] _optimize._minimize_bfgs loaded — SSBroyden / SSBFGS variants available
Loaded Re40.vtk  cells=8234
Model: width=96, depth=5, params=38018
Loss weights: adaptive during Adam, frozen during BFGS
Cylinder no-slip: enforced hard through stream-function lifting
CFD-aware PDE residual: n_cfd_pde=8000, lambda_pde_cfd=1.0
[PT  ] pseudo-time stepping ENABLED  w_init=1.0  ema=0.9
[mem ] params=38018  H0 (NxN float64) = 10.77 GB  available ~ 100.0 GB
============================================================
Phase 1 — Adam (2000 epochs)
Goal: match CFD while improving PDE and enforcing wall no-slip exactly
============================================================
[mode] data anchor DISABLED (data-free PINN: PDE + BC only)
  [PT] w_u=1.1093 w_v=1.1093 gamma=1.000 (tau_u=9.015e-01 tau_v=9.015e-01 |Du|=5.40e+01 |DRu|=4.43e+02)
  [PT] w_u=1.2248 w_v=1.2275 gamma=1.000 (tau_u=8.164e-01 tau_v=8.146e-01 |Du|=1.09e+01 |DRu|=4.85e+01)
  [PT] w_u=1.3570 w_v=1.3605 gamma=1.000 (tau_u=7.369e-01 tau_v=7.350e-01 |Du|=2.47e+01 |DRu|=1.70e+02)
  [PT] w_u=1.5044 w_v=1.5085 gamma=1.000 (tau_u=6.647e-01 tau_v=6.629e-01 |Du|=2.68e+01 |DRu|=2.18e+02)
  [PT] w_u=1.6701 w_v=1.6749 gamma=1.000 (tau_u=5.988e-01 tau_v=5.971e-01 |Du|=4.58e+00 |DRu|=6.29e+01)
  [PT] w_u=1.8415 w_v=1.8459 gamma=1.000 (tau_u=5.430e-01 tau_v=5.418e-01 |Du|=7.94e+00 |DRu|=3.90e+01)
  [PT] w_u=2.0337 w_v=2.0392 gamma=1.000 (tau_u=4.917e-01 tau_v=4.904e-01 |Du|=1.40e+01 |DRu|=8.12e+01)
  [PT] w_u=2.2475 w_v=2.2542 gamma=1.000 (tau_u=4.449e-01 tau_v=4.436e-01 |Du|=1.77e+01 |DRu|=1.14e+02)
  [PT] w_u=2.4887 w_v=2.4958 gamma=1.000 (tau_u=4.018e-01 tau_v=4.007e-01 |Du|=1.60e+01 |DRu|=1.37e+02)
  [PT] w_u=2.7621 w_v=2.7661 gamma=1.000 (tau_u=3.620e-01 tau_v=3.615e-01 |Du|=4.57e+00 |DRu|=7.10e+01)
  [PT] w_u=3.0349 w_v=3.0253 gamma=1.000 (tau_u=3.295e-01 tau_v=3.305e-01 |Du|=5.96e+00 |DRu|=3.11e+01)
  [PT] w_u=3.2832 w_v=3.2676 gamma=1.000 (tau_u=3.046e-01 tau_v=3.060e-01 |Du|=1.14e+01 |DRu|=4.01e+01)
  [PT] w_u=3.5715 w_v=3.5535 gamma=1.000 (tau_u=2.800e-01 tau_v=2.814e-01 |Du|=1.45e+01 |DRu|=5.99e+01)
  [PT] w_u=3.9048 w_v=3.8813 gamma=1.000 (tau_u=2.561e-01 tau_v=2.576e-01 |Du|=1.69e+01 |DRu|=8.35e+01)
  [PT] w_u=4.2972 w_v=4.2700 gamma=1.000 (tau_u=2.327e-01 tau_v=2.342e-01 |Du|=1.40e+01 |DRu|=9.39e+01)
  [PT] w_u=4.7542 w_v=4.6928 gamma=1.000 (tau_u=2.103e-01 tau_v=2.131e-01 |Du|=5.39e+00 |DRu|=5.67e+01)
  [PT] w_u=5.1976 w_v=5.0533 gamma=1.000 (tau_u=1.924e-01 tau_v=1.979e-01 |Du|=7.19e+00 |DRu|=4.09e+01)
  [PT] w_u=5.5379 w_v=5.3191 gamma=1.000 (tau_u=1.806e-01 tau_v=1.880e-01 |Du|=1.12e+01 |DRu|=4.12e+01)
  [PT] w_u=5.8613 w_v=5.5649 gamma=1.000 (tau_u=1.706e-01 tau_v=1.797e-01 |Du|=1.38e+01 |DRu|=4.85e+01)
  [PT] w_u=6.2510 w_v=5.8889 gamma=1.000 (tau_u=1.600e-01 tau_v=1.698e-01 |Du|=1.51e+01 |DRu|=5.95e+01)
[Adam] ep=   20  total=3.901e+00  PDE=6.317e-01 [colloc=6.224e-01, cfd=9.319e-03] (w=2.493)  IN=8.784e-01 (w=1.265)  TB=9.446e-01 (w=1.282)  WALL=6.894e-15 (w=0.200)  OUT=8.765e-03 (w=0.493)  DATA=3.924e-01 (w=0.000)
  [PT] w_u=6.7115 w_v=6.3239 gamma=1.000 (tau_u=1.490e-01 tau_v=1.581e-01 |Du|=1.46e+01 |DRu|=6.52e+01)
  [PT] w_u=7.1780 w_v=6.6630 gamma=1.000 (tau_u=1.393e-01 tau_v=1.501e-01 |Du|=8.71e+00 |DRu|=3.81e+01)
  [PT] w_u=7.8344 w_v=6.8377 gamma=1.000 (tau_u=1.276e-01 tau_v=1.462e-01 |Du|=5.18e+00 |DRu|=3.45e+01)
  [PT] w_u=8.5015 w_v=6.9902 gamma=1.000 (tau_u=1.176e-01 tau_v=1.431e-01 |Du|=6.73e+00 |DRu|=4.06e+01)
  [PT] w_u=8.9886 w_v=7.2082 gamma=1.000 (tau_u=1.113e-01 tau_v=1.387e-01 |Du|=9.64e+00 |DRu|=4.15e+01)
  [PT] w_u=9.1031 w_v=7.6261 gamma=1.000 (tau_u=1.099e-01 tau_v=1.311e-01 |Du|=1.14e+01 |DRu|=3.64e+01)
  [PT] w_u=8.9888 w_v=8.0013 gamma=1.000 (tau_u=1.112e-01 tau_v=1.250e-01 |Du|=1.05e+01 |DRu|=2.99e+01)
  [PT] w_u=9.1744 w_v=7.9832 gamma=1.000 (tau_u=1.090e-01 tau_v=1.253e-01 |Du|=8.14e+00 |DRu|=2.73e+01)
  [PT] w_u=9.5203 w_v=7.7697 gamma=1.000 (tau_u=1.050e-01 tau_v=1.287e-01 |Du|=5.76e+00 |DRu|=2.19e+01)
  [PT] w_u=9.2378 w_v=7.7901 gamma=1.000 (tau_u=1.083e-01 tau_v=1.284e-01 |Du|=7.83e+00 |DRu|=2.11e+01)
  [PT] w_u=9.0190 w_v=8.1792 gamma=1.000 (tau_u=1.109e-01 tau_v=1.223e-01 |Du|=1.01e+01 |DRu|=2.76e+01)
  [PT] w_u=8.7742 w_v=8.6202 gamma=1.000 (tau_u=1.140e-01 tau_v=1.160e-01 |Du|=7.59e+00 |DRu|=2.01e+01)
  [PT] w_u=8.0585 w_v=8.8693 gamma=1.000 (tau_u=1.241e-01 tau_v=1.127e-01 |Du|=5.65e+00 |DRu|=1.22e+01)
  [PT] w_u=8.2815 w_v=9.0995 gamma=1.000 (tau_u=1.208e-01 tau_v=1.099e-01 |Du|=6.35e+00 |DRu|=2.11e+01)
  [PT] w_u=8.5381 w_v=9.2613 gamma=1.000 (tau_u=1.171e-01 tau_v=1.080e-01 |Du|=8.42e+00 |DRu|=2.90e+01)
  [PT] w_u=8.4388 w_v=9.3353 gamma=1.000 (tau_u=1.185e-01 tau_v=1.071e-01 |Du|=5.41e+00 |DRu|=1.49e+01)
  [PT] w_u=9.0016 w_v=10.1130 gamma=0.999 (tau_u=1.111e-01 tau_v=9.888e-02 |Du|=3.13e+00 |DRu|=1.48e+01)
  [PT] w_u=9.7306 w_v=9.8487 gamma=0.999 (tau_u=1.028e-01 tau_v=1.015e-01 |Du|=2.50e+00 |DRu|=1.50e+01)
  [PT] w_u=9.7572 w_v=9.3665 gamma=1.000 (tau_u=1.025e-01 tau_v=1.068e-01 |Du|=3.00e+00 |DRu|=9.49e+00)
  [PT] w_u=10.3471 w_v=9.9618 gamma=1.000 (tau_u=9.664e-02 tau_v=1.004e-01 |Du|=5.56e+00 |DRu|=2.65e+01)
[Adam] ep=   40  total=2.666e+00  PDE=3.806e-02 [colloc=3.517e-02, cfd=2.887e-03] (w=1.447)  IN=8.006e-01 (w=1.545)  TB=8.584e-01 (w=1.592)  WALL=1.742e-15 (w=0.200)  OUT=2.267e-02 (w=0.298)  DATA=3.467e-01 (w=0.000)
  [PT] w_u=11.1215 w_v=10.5247 gamma=1.000 (tau_u=8.992e-02 tau_v=9.501e-02 |Du|=1.79e+00 |DRu|=1.05e+01)
  [PT] w_u=11.2749 w_v=10.3100 gamma=1.000 (tau_u=8.869e-02 tau_v=9.699e-02 |Du|=3.12e+00 |DRu|=1.12e+01)
  [PT] w_u=11.5325 w_v=10.5364 gamma=1.000 (tau_u=8.671e-02 tau_v=9.491e-02 |Du|=6.33e+00 |DRu|=2.41e+01)
  [PT] w_u=9.5412 w_v=10.1748 gamma=0.999 (tau_u=1.048e-01 tau_v=9.828e-02 |Du|=6.86e+00 |DRu|=1.33e+01)
  [PT] w_u=8.6247 w_v=10.1231 gamma=0.999 (tau_u=1.159e-01 tau_v=9.878e-02 |Du|=8.52e+00 |DRu|=1.83e+01)
  [PT] w_u=7.3887 w_v=9.3055 gamma=1.000 (tau_u=1.353e-01 tau_v=1.075e-01 |Du|=6.56e+00 |DRu|=1.18e+01)
  [PT] w_u=7.7852 w_v=9.4494 gamma=1.000 (tau_u=1.284e-01 tau_v=1.058e-01 |Du|=4.42e+00 |DRu|=1.71e+01)
  [PT] w_u=8.0459 w_v=9.1081 gamma=1.000 (tau_u=1.243e-01 tau_v=1.098e-01 |Du|=3.05e+00 |DRu|=1.03e+01)
  [PT] w_u=8.5285 w_v=9.7378 gamma=1.000 (tau_u=1.173e-01 tau_v=1.027e-01 |Du|=4.92e+00 |DRu|=2.12e+01)
  [PT] w_u=7.2085 w_v=8.4808 gamma=1.000 (tau_u=1.387e-01 tau_v=1.179e-01 |Du|=3.90e+00 |DRu|=6.77e+00)
  [PT] w_u=7.6238 w_v=8.5292 gamma=1.000 (tau_u=1.312e-01 tau_v=1.172e-01 |Du|=7.12e+00 |DRu|=2.83e+01)
  [PT] w_u=6.8463 w_v=7.8577 gamma=1.000 (tau_u=1.461e-01 tau_v=1.273e-01 |Du|=4.91e+00 |DRu|=9.29e+00)
  [PT] w_u=7.3626 w_v=8.4806 gamma=1.000 (tau_u=1.358e-01 tau_v=1.179e-01 |Du|=6.70e+00 |DRu|=3.21e+01)
  [PT] w_u=7.4210 w_v=8.9213 gamma=1.000 (tau_u=1.348e-01 tau_v=1.121e-01 |Du|=3.85e+00 |DRu|=1.09e+01)
  [PT] w_u=7.9373 w_v=9.6351 gamma=0.994 (tau_u=1.260e-01 tau_v=1.038e-01 |Du|=6.56e+00 |DRu|=3.01e+01)
  [PT] w_u=3.2447 w_v=9.5361 gamma=0.996 (tau_u=3.082e-01 tau_v=1.049e-01 |Du|=4.08e+00 |DRu|=2.91e+00)
  [PT] w_u=3.4547 w_v=10.2374 gamma=1.000 (tau_u=2.895e-01 tau_v=9.768e-02 |Du|=1.18e+01 |DRu|=3.40e+01)
  [PT] w_u=3.4174 w_v=10.8191 gamma=1.000 (tau_u=2.926e-01 tau_v=9.243e-02 |Du|=8.46e+00 |DRu|=1.49e+01)
  [PT] w_u=3.7513 w_v=11.6484 gamma=1.000 (tau_u=2.666e-01 tau_v=8.585e-02 |Du|=7.38e+00 |DRu|=4.12e+01)
  [PT] w_u=4.0117 w_v=10.6932 gamma=1.000 (tau_u=2.493e-01 tau_v=9.352e-02 |Du|=3.47e+00 |DRu|=1.14e+01)
[Adam] ep=   60  total=1.375e+00  PDE=1.174e-01 [colloc=1.134e-01, cfd=3.967e-03] (w=1.019)  IN=2.879e-01 (w=1.550)  TB=4.636e-01 (w=1.739)  WALL=2.189e-15 (w=0.200)  OUT=1.138e-02 (w=0.238)  DATA=1.389e-01 (w=0.000)
  [PT] w_u=4.3945 w_v=11.1725 gamma=1.000 (tau_u=2.276e-01 tau_v=8.951e-02 |Du|=7.49e+00 |DRu|=4.18e+01)
  [PT] w_u=4.5390 w_v=10.4681 gamma=1.000 (tau_u=2.203e-01 tau_v=9.553e-02 |Du|=2.58e+00 |DRu|=6.56e+00)
  [PT] w_u=4.9738 w_v=10.7897 gamma=1.000 (tau_u=2.011e-01 tau_v=9.268e-02 |Du|=6.83e+00 |DRu|=4.10e+01)
  [PT] w_u=5.1378 w_v=10.2001 gamma=1.000 (tau_u=1.946e-01 tau_v=9.804e-02 |Du|=5.05e+00 |DRu|=1.36e+01)
  [PT] w_u=5.6053 w_v=10.9491 gamma=1.000 (tau_u=1.784e-01 tau_v=9.133e-02 |Du|=9.92e+00 |DRu|=5.52e+01)
  [PT] w_u=5.7798 w_v=11.0572 gamma=1.000 (tau_u=1.730e-01 tau_v=9.044e-02 |Du|=4.91e+00 |DRu|=1.39e+01)
  [PT] w_u=6.2144 w_v=11.7918 gamma=1.000 (tau_u=1.609e-01 tau_v=8.481e-02 |Du|=9.56e+00 |DRu|=4.19e+01)
  [PT] w_u=6.6361 w_v=12.2672 gamma=1.000 (tau_u=1.507e-01 tau_v=8.152e-02 |Du|=1.12e+01 |DRu|=4.61e+01)
  [PT] w_u=6.4703 w_v=10.7763 gamma=1.000 (tau_u=1.546e-01 tau_v=9.280e-02 |Du|=6.98e+00 |DRu|=1.61e+01)
  [PT] w_u=7.0147 w_v=11.4898 gamma=1.000 (tau_u=1.426e-01 tau_v=8.703e-02 |Du|=1.00e+01 |DRu|=5.40e+01)
  [PT] w_u=7.2936 w_v=10.7114 gamma=1.000 (tau_u=1.371e-01 tau_v=9.336e-02 |Du|=2.25e+00 |DRu|=7.57e+00)
  [PT] w_u=7.8758 w_v=11.0485 gamma=1.000 (tau_u=1.270e-01 tau_v=9.051e-02 |Du|=1.04e+01 |DRu|=5.50e+01)
  [PT] w_u=7.8399 w_v=10.2396 gamma=1.000 (tau_u=1.276e-01 tau_v=9.766e-02 |Du|=5.34e+00 |DRu|=1.47e+01)
  [PT] w_u=8.4693 w_v=10.9948 gamma=1.000 (tau_u=1.181e-01 tau_v=9.095e-02 |Du|=9.84e+00 |DRu|=5.44e+01)
  [PT] w_u=8.1384 w_v=10.3184 gamma=1.000 (tau_u=1.229e-01 tau_v=9.691e-02 |Du|=1.93e+00 |DRu|=4.73e+00)
  [PT] w_u=8.7997 w_v=11.0982 gamma=1.000 (tau_u=1.136e-01 tau_v=9.010e-02 |Du|=8.36e+00 |DRu|=4.78e+01)
  [PT] w_u=8.3078 w_v=9.8186 gamma=1.000 (tau_u=1.204e-01 tau_v=1.018e-01 |Du|=7.54e+00 |DRu|=1.77e+01)
  [PT] w_u=8.8844 w_v=10.4685 gamma=1.000 (tau_u=1.126e-01 tau_v=9.552e-02 |Du|=1.26e+01 |DRu|=6.15e+01)
  [PT] w_u=8.1187 w_v=10.8660 gamma=1.000 (tau_u=1.232e-01 tau_v=9.203e-02 |Du|=4.97e+00 |DRu|=1.06e+01)
  [PT] w_u=8.7825 w_v=11.6147 gamma=1.000 (tau_u=1.139e-01 tau_v=8.610e-02 |Du|=9.74e+00 |DRu|=5.61e+01)
[Adam] ep=   80  total=8.705e-01  PDE=2.801e-01 [colloc=2.731e-01, cfd=6.914e-03] (w=1.703)  IN=6.981e-02 (w=1.303)  TB=1.790e-01 (w=1.685)  WALL=7.140e-15 (w=0.200)  OUT=2.631e-03 (w=0.369)  DATA=7.550e-02 (w=0.000)
  [PT] w_u=8.5837 w_v=11.7158 gamma=1.000 (tau_u=1.165e-01 tau_v=8.535e-02 |Du|=1.57e+01 |DRu|=4.19e+01)
  [PT] w_u=8.4274 w_v=12.1654 gamma=1.000 (tau_u=1.187e-01 tau_v=8.220e-02 |Du|=1.41e+01 |DRu|=3.79e+01)
  [PT] w_u=9.0291 w_v=12.9433 gamma=1.000 (tau_u=1.108e-01 tau_v=7.726e-02 |Du|=9.68e+00 |DRu|=4.87e+01)
  [PT] w_u=8.4308 w_v=13.3642 gamma=1.000 (tau_u=1.186e-01 tau_v=7.483e-02 |Du|=5.73e+00 |DRu|=1.32e+01)
  [PT] w_u=9.0413 w_v=14.2025 gamma=1.000 (tau_u=1.106e-01 tau_v=7.041e-02 |Du|=1.17e+01 |DRu|=5.94e+01)
  [PT] w_u=8.5428 w_v=12.2586 gamma=1.000 (tau_u=1.171e-01 tau_v=8.158e-02 |Du|=3.65e+00 |DRu|=8.71e+00)
  [PT] w_u=9.2088 w_v=12.8434 gamma=1.000 (tau_u=1.086e-01 tau_v=7.786e-02 |Du|=9.28e+00 |DRu|=5.16e+01)
  [PT] w_u=9.3990 w_v=13.6671 gamma=1.000 (tau_u=1.064e-01 tau_v=7.317e-02 |Du|=2.47e+00 |DRu|=8.38e+00)
  [PT] w_u=10.0825 w_v=14.3061 gamma=1.000 (tau_u=9.918e-02 tau_v=6.990e-02 |Du|=1.10e+01 |DRu|=5.96e+01)
  [PT] w_u=9.5077 w_v=12.0266 gamma=1.000 (tau_u=1.052e-01 tau_v=8.315e-02 |Du|=2.95e+00 |DRu|=7.41e+00)
  [PT] w_u=10.1883 w_v=12.7983 gamma=1.000 (tau_u=9.815e-02 tau_v=7.814e-02 |Du|=9.44e+00 |DRu|=5.05e+01)
  [PT] w_u=9.2938 w_v=11.8620 gamma=1.000 (tau_u=1.076e-01 tau_v=8.430e-02 |Du|=2.88e+00 |DRu|=6.57e+00)
  [PT] w_u=9.9143 w_v=12.5947 gamma=1.000 (tau_u=1.009e-01 tau_v=7.940e-02 |Du|=1.01e+01 |DRu|=5.04e+01)
  [PT] w_u=10.0494 w_v=11.5744 gamma=1.000 (tau_u=9.951e-02 tau_v=8.640e-02 |Du|=3.23e+00 |DRu|=1.09e+01)
  [PT] w_u=10.8057 w_v=12.2873 gamma=1.000 (tau_u=9.254e-02 tau_v=8.139e-02 |Du|=1.02e+01 |DRu|=5.88e+01)
  [PT] w_u=9.5043 w_v=11.6409 gamma=1.000 (tau_u=1.052e-01 tau_v=8.590e-02 |Du|=1.77e+00 |DRu|=3.77e+00)
  [PT] w_u=10.2111 w_v=12.2890 gamma=1.000 (tau_u=9.793e-02 tau_v=8.137e-02 |Du|=9.63e+00 |DRu|=5.35e+01)
  [PT] w_u=9.6367 w_v=10.8744 gamma=1.000 (tau_u=1.038e-01 tau_v=9.196e-02 |Du|=3.18e+00 |DRu|=8.05e+00)
  [PT] w_u=10.3407 w_v=11.6399 gamma=1.000 (tau_u=9.671e-02 tau_v=8.591e-02 |Du|=9.77e+00 |DRu|=5.37e+01)
  [PT] w_u=9.7405 w_v=10.9447 gamma=1.000 (tau_u=1.027e-01 tau_v=9.137e-02 |Du|=1.34e+00 |DRu|=3.39e+00)
[Adam] ep=  100  total=4.658e-01  PDE=9.862e-02 [colloc=9.238e-02, cfd=6.243e-03] (w=1.908)  IN=6.668e-02 (w=1.163)  TB=1.237e-01 (w=1.605)  WALL=2.145e-15 (w=0.200)  OUT=4.771e-03 (w=0.345)  DATA=8.253e-02 (w=0.000)
  [PT] w_u=10.4777 w_v=11.7345 gamma=1.000 (tau_u=9.544e-02 tau_v=8.522e-02 |Du|=9.04e+00 |DRu|=5.18e+01)
  [PT] w_u=10.5548 w_v=10.2507 gamma=1.000 (tau_u=9.474e-02 tau_v=9.755e-02 |Du|=2.07e+00 |DRu|=6.96e+00)
  [PT] w_u=11.3139 w_v=10.8687 gamma=1.000 (tau_u=8.839e-02 tau_v=9.201e-02 |Du|=1.05e+01 |DRu|=5.95e+01)
  [PT] w_u=10.5093 w_v=10.0271 gamma=1.000 (tau_u=9.515e-02 tau_v=9.973e-02 |Du|=2.37e+00 |DRu|=5.99e+00)
  [PT] w_u=11.2468 w_v=10.7481 gamma=1.000 (tau_u=8.891e-02 tau_v=9.304e-02 |Du|=9.47e+00 |DRu|=5.23e+01)
  [PT] w_u=9.9696 w_v=9.7231 gamma=1.000 (tau_u=1.003e-01 tau_v=1.028e-01 |Du|=3.01e+00 |DRu|=6.69e+00)
  [PT] w_u=10.6118 w_v=10.4535 gamma=1.000 (tau_u=9.423e-02 tau_v=9.566e-02 |Du|=9.90e+00 |DRu|=4.98e+01)
  [PT] w_u=9.8297 w_v=9.7851 gamma=1.000 (tau_u=1.017e-01 tau_v=1.022e-01 |Du|=3.92e+00 |DRu|=9.52e+00)
  [PT] w_u=10.5319 w_v=10.4846 gamma=1.000 (tau_u=9.495e-02 tau_v=9.538e-02 |Du|=9.60e+00 |DRu|=5.22e+01)
  [PT] w_u=9.9108 w_v=9.4842 gamma=1.000 (tau_u=1.009e-01 tau_v=1.054e-01 |Du|=2.18e+00 |DRu|=5.55e+00)
  [PT] w_u=10.5861 w_v=10.1040 gamma=1.000 (tau_u=9.446e-02 tau_v=9.897e-02 |Du|=1.01e+01 |DRu|=5.26e+01)
  [PT] w_u=9.8239 w_v=9.5319 gamma=1.000 (tau_u=1.018e-01 tau_v=1.049e-01 |Du|=4.12e+00 |DRu|=1.01e+01)
  [PT] w_u=10.5482 w_v=10.2839 gamma=1.000 (tau_u=9.480e-02 tau_v=9.724e-02 |Du|=9.56e+00 |DRu|=5.35e+01)
  [PT] w_u=8.6538 w_v=10.6357 gamma=1.000 (tau_u=1.156e-01 tau_v=9.402e-02 |Du|=1.54e+00 |DRu|=2.80e+00)
  [PT] w_u=9.2822 w_v=11.3989 gamma=1.000 (tau_u=1.077e-01 tau_v=8.773e-02 |Du|=9.30e+00 |DRu|=4.82e+01)
  [PT] w_u=9.0156 w_v=10.8507 gamma=1.000 (tau_u=1.109e-01 tau_v=9.216e-02 |Du|=4.53e+00 |DRu|=1.21e+01)
  [PT] w_u=9.7209 w_v=11.5560 gamma=1.000 (tau_u=1.029e-01 tau_v=8.654e-02 |Du|=9.42e+00 |DRu|=5.40e+01)
  [PT] w_u=8.8275 w_v=10.6229 gamma=1.000 (tau_u=1.133e-01 tau_v=9.414e-02 |Du|=1.01e+00 |DRu|=2.23e+00)
  [PT] w_u=9.5149 w_v=11.3683 gamma=0.997 (tau_u=1.051e-01 tau_v=8.796e-02 |Du|=8.58e+00 |DRu|=4.83e+01)
  [PT] w_u=8.9613 w_v=10.1066 gamma=0.999 (tau_u=1.116e-01 tau_v=9.895e-02 |Du|=5.97e+00 |DRu|=1.45e+01)
[Adam] ep=  120  total=3.289e-01  PDE=2.797e-02 [colloc=2.379e-02, cfd=4.175e-03] (w=1.849)  IN=8.089e-02 (w=1.195)  TB=1.178e-01 (w=1.530)  WALL=5.660e-16 (w=0.200)  OUT=1.309e-03 (w=0.219)  DATA=9.427e-02 (w=0.000)
  [PT] w_u=9.5858 w_v=10.8488 gamma=1.000 (tau_u=1.043e-01 tau_v=9.218e-02 |Du|=9.44e+00 |DRu|=4.79e+01)
  [PT] w_u=9.9582 w_v=10.6052 gamma=1.000 (tau_u=1.004e-01 tau_v=9.429e-02 |Du|=1.89e+00 |DRu|=7.40e+00)
  [PT] w_u=10.6964 w_v=11.3877 gamma=1.000 (tau_u=9.349e-02 tau_v=8.781e-02 |Du|=9.01e+00 |DRu|=5.11e+01)
  [PT] w_u=9.7513 w_v=10.3091 gamma=1.000 (tau_u=1.026e-01 tau_v=9.700e-02 |Du|=4.44e+00 |DRu|=1.04e+01)
  [PT] w_u=10.4126 w_v=10.8373 gamma=1.000 (tau_u=9.604e-02 tau_v=9.227e-02 |Du|=1.01e+01 |DRu|=5.24e+01)
  [PT] w_u=9.5332 w_v=9.8595 gamma=1.000 (tau_u=1.049e-01 tau_v=1.014e-01 |Du|=3.35e+00 |DRu|=7.81e+00)
  [PT] w_u=10.2615 w_v=10.6036 gamma=1.000 (tau_u=9.745e-02 tau_v=9.431e-02 |Du|=8.78e+00 |DRu|=5.03e+01)
  [PT] w_u=9.4494 w_v=9.4266 gamma=1.000 (tau_u=1.058e-01 tau_v=1.061e-01 |Du|=2.40e+00 |DRu|=5.64e+00)
  [PT] w_u=10.1130 w_v=10.1341 gamma=1.000 (tau_u=9.888e-02 tau_v=9.868e-02 |Du|=8.79e+00 |DRu|=4.61e+01)
  [PT] w_u=9.9331 w_v=9.1725 gamma=1.000 (tau_u=1.007e-01 tau_v=1.090e-01 |Du|=3.39e+00 |DRu|=9.91e+00)
  [PT] w_u=10.6804 w_v=9.8562 gamma=1.000 (tau_u=9.363e-02 tau_v=1.015e-01 |Du|=8.87e+00 |DRu|=5.10e+01)
  [PT] w_u=10.9798 w_v=9.4266 gamma=1.000 (tau_u=9.108e-02 tau_v=1.061e-01 |Du|=7.80e-01 |DRu|=2.99e+00)
  [PT] w_u=11.7447 w_v=10.0540 gamma=1.000 (tau_u=8.514e-02 tau_v=9.946e-02 |Du|=8.93e+00 |DRu|=5.01e+01)
  [PT] w_u=10.2789 w_v=9.2278 gamma=1.000 (tau_u=9.729e-02 tau_v=1.084e-01 |Du|=3.15e+00 |DRu|=6.93e+00)
  [PT] w_u=11.0247 w_v=9.9509 gamma=1.000 (tau_u=9.071e-02 tau_v=1.005e-01 |Du|=8.77e+00 |DRu|=4.95e+01)
  [PT] w_u=10.6051 w_v=9.4574 gamma=1.000 (tau_u=9.429e-02 tau_v=1.057e-01 |Du|=8.06e-01 |DRu|=2.26e+00)
  [PT] w_u=11.3598 w_v=10.1611 gamma=1.000 (tau_u=8.803e-02 tau_v=9.841e-02 |Du|=8.29e+00 |DRu|=4.66e+01)
  [PT] w_u=10.8412 w_v=9.3963 gamma=0.995 (tau_u=9.224e-02 tau_v=1.064e-01 |Du|=2.67e+00 |DRu|=7.37e+00)
  [PT] w_u=11.5950 w_v=10.0162 gamma=1.000 (tau_u=8.624e-02 tau_v=9.984e-02 |Du|=9.37e+00 |DRu|=5.22e+01)
  [PT] w_u=10.5804 w_v=9.2428 gamma=1.000 (tau_u=9.451e-02 tau_v=1.082e-01 |Du|=1.80e+00 |DRu|=4.37e+00)
[Adam] ep=  140  total=4.520e-01  PDE=1.133e-01 [colloc=1.102e-01, cfd=3.065e-03] (w=1.731)  IN=7.639e-02 (w=1.250)  TB=1.072e-01 (w=1.495)  WALL=2.635e-15 (w=0.200)  OUT=1.122e-03 (w=0.200)  DATA=9.078e-02 (w=0.000)
  [PT] w_u=11.3437 w_v=9.9483 gamma=1.000 (tau_u=8.815e-02 tau_v=1.005e-01 |Du|=8.44e+00 |DRu|=4.80e+01)
  [PT] w_u=9.8901 w_v=9.2417 gamma=0.996 (tau_u=1.011e-01 tau_v=1.082e-01 |Du|=4.96e+00 |DRu|=1.06e+01)
  [PT] w_u=10.5402 w_v=9.9370 gamma=1.000 (tau_u=9.487e-02 tau_v=1.006e-01 |Du|=8.62e+00 |DRu|=4.38e+01)
  [PT] w_u=10.7645 w_v=9.3776 gamma=1.000 (tau_u=9.290e-02 tau_v=1.066e-01 |Du|=2.01e+00 |DRu|=7.33e+00)
  [PT] w_u=11.5378 w_v=10.0941 gamma=1.000 (tau_u=8.667e-02 tau_v=9.907e-02 |Du|=8.74e+00 |DRu|=5.00e+01)
  [PT] w_u=10.0876 w_v=9.2414 gamma=1.000 (tau_u=9.913e-02 tau_v=1.082e-01 |Du|=3.12e+00 |DRu|=6.78e+00)
  [PT] w_u=10.7888 w_v=9.8195 gamma=1.000 (tau_u=9.269e-02 tau_v=1.018e-01 |Du|=8.83e+00 |DRu|=4.74e+01)
  [PT] w_u=10.2235 w_v=9.0380 gamma=1.000 (tau_u=9.781e-02 tau_v=1.106e-01 |Du|=2.32e+00 |DRu|=6.11e+00)
  [PT] w_u=10.9764 w_v=9.7560 gamma=1.000 (tau_u=9.110e-02 tau_v=1.025e-01 |Du|=8.53e+00 |DRu|=4.87e+01)
  [PT] w_u=9.0671 w_v=9.6798 gamma=1.000 (tau_u=1.103e-01 tau_v=1.033e-01 |Du|=2.05e+00 |DRu|=3.86e+00)
  [PT] w_u=9.7365 w_v=10.4198 gamma=1.000 (tau_u=1.027e-01 tau_v=9.597e-02 |Du|=8.39e+00 |DRu|=4.52e+01)
  [PT] w_u=9.8952 w_v=9.6448 gamma=1.000 (tau_u=1.011e-01 tau_v=1.037e-01 |Du|=2.23e+00 |DRu|=7.58e+00)
  [PT] w_u=10.6551 w_v=10.3368 gamma=1.000 (tau_u=9.385e-02 tau_v=9.674e-02 |Du|=8.60e+00 |DRu|=5.05e+01)
  [PT] w_u=9.3513 w_v=10.0238 gamma=1.000 (tau_u=1.069e-01 tau_v=9.976e-02 |Du|=1.02e+00 |DRu|=2.15e+00)
  [PT] w_u=10.0695 w_v=10.7394 gamma=0.999 (tau_u=9.931e-02 tau_v=9.311e-02 |Du|=8.28e+00 |DRu|=4.73e+01)
  [PT] w_u=10.1758 w_v=9.5909 gamma=0.998 (tau_u=9.827e-02 tau_v=1.043e-01 |Du|=1.45e+00 |DRu|=4.84e+00)
  [PT] w_u=10.9098 w_v=10.3196 gamma=1.000 (tau_u=9.166e-02 tau_v=9.690e-02 |Du|=8.34e+00 |DRu|=4.65e+01)
  [PT] w_u=11.4297 w_v=9.8734 gamma=1.000 (tau_u=8.749e-02 tau_v=1.013e-01 |Du|=5.33e-01 |DRu|=2.38e+00)
  [PT] w_u=12.1877 w_v=10.5981 gamma=0.999 (tau_u=8.205e-02 tau_v=9.436e-02 |Du|=8.46e+00 |DRu|=4.65e+01)
  [PT] w_u=12.5759 w_v=9.4563 gamma=0.992 (tau_u=7.952e-02 tau_v=1.058e-01 |Du|=1.40e+00 |DRu|=5.85e+00)
[Adam] ep=  160  total=2.841e-01  PDE=2.967e-02 [colloc=2.717e-02, cfd=2.500e-03] (w=1.670)  IN=7.623e-02 (w=1.284)  TB=9.386e-02 (w=1.454)  WALL=7.753e-16 (w=0.200)  OUT=1.128e-03 (w=0.200)  DATA=8.981e-02 (w=0.000)
  [PT] w_u=13.3421 w_v=10.0423 gamma=1.000 (tau_u=7.495e-02 tau_v=9.958e-02 |Du|=8.96e+00 |DRu|=4.87e+01)
  [PT] w_u=12.0208 w_v=9.6491 gamma=1.000 (tau_u=8.319e-02 tau_v=1.036e-01 |Du|=1.22e+00 |DRu|=3.07e+00)
  [PT] w_u=12.8057 w_v=10.3405 gamma=0.994 (tau_u=7.809e-02 tau_v=9.671e-02 |Du|=8.38e+00 |DRu|=4.66e+01)
  [PT] w_u=12.3515 w_v=9.0776 gamma=0.994 (tau_u=8.096e-02 tau_v=1.102e-01 |Du|=2.03e+00 |DRu|=6.18e+00)
  [PT] w_u=13.0986 w_v=9.7732 gamma=1.000 (tau_u=7.634e-02 tau_v=1.023e-01 |Du|=8.53e+00 |DRu|=4.57e+01)
  [PT] w_u=11.9953 w_v=9.2650 gamma=1.000 (tau_u=8.337e-02 tau_v=1.079e-01 |Du|=1.43e+00 |DRu|=3.73e+00)
  [PT] w_u=12.7365 w_v=9.9425 gamma=1.000 (tau_u=7.851e-02 tau_v=1.006e-01 |Du|=8.43e+00 |DRu|=4.51e+01)
  [PT] w_u=12.1408 w_v=9.0301 gamma=0.992 (tau_u=8.237e-02 tau_v=1.107e-01 |Du|=2.61e+00 |DRu|=7.59e+00)
  [PT] w_u=12.9105 w_v=9.5932 gamma=1.000 (tau_u=7.746e-02 tau_v=1.042e-01 |Du|=8.80e+00 |DRu|=4.83e+01)
  [PT] w_u=11.8009 w_v=8.8359 gamma=1.000 (tau_u=8.474e-02 tau_v=1.132e-01 |Du|=1.60e+00 |DRu|=4.13e+00)
  [PT] w_u=12.5933 w_v=9.5290 gamma=0.999 (tau_u=7.941e-02 tau_v=1.049e-01 |Du|=8.22e+00 |DRu|=4.63e+01)
  [PT] w_u=12.0657 w_v=8.4973 gamma=0.998 (tau_u=8.288e-02 tau_v=1.177e-01 |Du|=3.27e+00 |DRu|=9.67e+00)
  [PT] w_u=12.6824 w_v=9.1008 gamma=1.000 (tau_u=7.885e-02 tau_v=1.099e-01 |Du|=8.72e+00 |DRu|=4.22e+01)
  [PT] w_u=13.0122 w_v=8.7223 gamma=1.000 (tau_u=7.685e-02 tau_v=1.146e-01 |Du|=1.72e+00 |DRu|=7.07e+00)
  [PT] w_u=13.7604 w_v=9.3931 gamma=1.000 (tau_u=7.267e-02 tau_v=1.065e-01 |Du|=8.53e+00 |DRu|=4.56e+01)
  [PT] w_u=12.7639 w_v=8.6164 gamma=1.000 (tau_u=7.835e-02 tau_v=1.161e-01 |Du|=3.22e+00 |DRu|=8.95e+00)
  [PT] w_u=13.5682 w_v=9.1181 gamma=1.000 (tau_u=7.370e-02 tau_v=1.097e-01 |Du|=8.51e+00 |DRu|=4.77e+01)
  [PT] w_u=13.5326 w_v=8.2541 gamma=1.000 (tau_u=7.390e-02 tau_v=1.212e-01 |Du|=1.44e+00 |DRu|=5.25e+00)
  [PT] w_u=14.3280 w_v=8.9009 gamma=1.000 (tau_u=6.979e-02 tau_v=1.123e-01 |Du|=8.11e+00 |DRu|=4.47e+01)
  [PT] w_u=13.7099 w_v=8.0243 gamma=1.000 (tau_u=7.294e-02 tau_v=1.246e-01 |Du|=1.80e+00 |DRu|=5.67e+00)
[Adam] ep=  180  total=3.023e-01  PDE=4.748e-02 [colloc=4.497e-02, cfd=2.507e-03] (w=1.668)  IN=7.782e-02 (w=1.296)  TB=8.708e-02 (w=1.400)  WALL=1.157e-15 (w=0.200)  OUT=1.250e-03 (w=0.200)  DATA=1.018e-01 (w=0.000)
  [PT] w_u=14.4253 w_v=8.6366 gamma=1.000 (tau_u=6.932e-02 tau_v=1.158e-01 |Du|=8.13e+00 |DRu|=4.24e+01)
  [PT] w_u=14.7632 w_v=8.0412 gamma=1.000 (tau_u=6.774e-02 tau_v=1.244e-01 |Du|=1.46e+00 |DRu|=6.30e+00)
  [PT] w_u=15.4860 w_v=8.6605 gamma=1.000 (tau_u=6.457e-02 tau_v=1.155e-01 |Du|=8.24e+00 |DRu|=4.34e+01)
  [PT] w_u=15.0265 w_v=8.1509 gamma=1.000 (tau_u=6.655e-02 tau_v=1.227e-01 |Du|=1.51e+00 |DRu|=5.18e+00)
  [PT] w_u=15.8122 w_v=8.7067 gamma=1.000 (tau_u=6.324e-02 tau_v=1.149e-01 |Du|=8.47e+00 |DRu|=4.63e+01)
  [PT] w_u=15.3515 w_v=7.9959 gamma=1.000 (tau_u=6.514e-02 tau_v=1.251e-01 |Du|=1.18e+00 |DRu|=4.11e+00)
  [PT] w_u=16.0852 w_v=8.6094 gamma=1.000 (tau_u=6.217e-02 tau_v=1.162e-01 |Du|=8.19e+00 |DRu|=4.35e+01)
  [PT] w_u=15.5036 w_v=8.1243 gamma=1.000 (tau_u=6.450e-02 tau_v=1.231e-01 |Du|=6.62e-01 |DRu|=2.27e+00)
  [PT] w_u=16.1790 w_v=8.7427 gamma=1.000 (tau_u=6.181e-02 tau_v=1.144e-01 |Du|=8.38e+00 |DRu|=4.33e+01)
  [PT] w_u=16.4441 w_v=8.2258 gamma=1.000 (tau_u=6.081e-02 tau_v=1.216e-01 |Du|=1.14e+00 |DRu|=5.00e+00)
  [PT] w_u=17.1540 w_v=8.8421 gamma=1.000 (tau_u=5.830e-02 tau_v=1.131e-01 |Du|=8.30e+00 |DRu|=4.40e+01)
  [PT] w_u=15.7755 w_v=8.8400 gamma=1.000 (tau_u=6.339e-02 tau_v=1.131e-01 |Du|=1.01e+00 |DRu|=3.06e+00)
  [PT] w_u=16.4857 w_v=9.4480 gamma=1.000 (tau_u=6.066e-02 tau_v=1.058e-01 |Du|=8.55e+00 |DRu|=4.50e+01)
  [PT] w_u=14.2453 w_v=8.8647 gamma=1.000 (tau_u=7.020e-02 tau_v=1.128e-01 |Du|=1.16e+00 |DRu|=2.93e+00)
  [PT] w_u=14.9776 w_v=9.5215 gamma=1.000 (tau_u=6.677e-02 tau_v=1.050e-01 |Du|=8.28e+00 |DRu|=4.37e+01)
  [PT] w_u=12.7932 w_v=9.4472 gamma=1.000 (tau_u=7.817e-02 tau_v=1.059e-01 |Du|=1.50e+00 |DRu|=3.53e+00)
  [PT] w_u=13.5736 w_v=10.1509 gamma=1.000 (tau_u=7.367e-02 tau_v=9.851e-02 |Du|=8.02e+00 |DRu|=4.40e+01)
  [PT] w_u=12.1151 w_v=9.7003 gamma=1.000 (tau_u=8.254e-02 tau_v=1.031e-01 |Du|=1.11e+00 |DRu|=2.77e+00)
  [PT] w_u=12.8707 w_v=10.3863 gamma=1.000 (tau_u=7.770e-02 tau_v=9.628e-02 |Du|=8.10e+00 |DRu|=4.39e+01)
  [PT] w_u=12.8957 w_v=10.3903 gamma=1.000 (tau_u=7.755e-02 tau_v=9.624e-02 |Du|=7.89e-01 |DRu|=2.86e+00)
[Adam] ep=  200  total=2.998e-01  PDE=5.090e-02 [colloc=4.881e-02, cfd=2.088e-03] (w=1.518)  IN=7.811e-02 (w=1.332)  TB=8.487e-02 (w=1.393)  WALL=1.262e-15 (w=0.200)  OUT=1.239e-03 (w=0.200)  DATA=1.042e-01 (w=0.000)
  [PT] w_u=13.6591 w_v=11.0477 gamma=1.000 (tau_u=7.321e-02 tau_v=9.052e-02 |Du|=8.21e+00 |DRu|=4.44e+01)
  [PT] w_u=11.5365 w_v=11.2683 gamma=1.000 (tau_u=8.668e-02 tau_v=8.874e-02 |Du|=1.77e+00 |DRu|=3.87e+00)
  [PT] w_u=12.2840 w_v=12.0005 gamma=1.000 (tau_u=8.141e-02 tau_v=8.333e-02 |Du|=8.18e+00 |DRu|=4.44e+01)
  [PT] w_u=11.4707 w_v=11.0698 gamma=1.000 (tau_u=8.718e-02 tau_v=9.034e-02 |Du|=7.78e-01 |DRu|=2.09e+00)
  [PT] w_u=12.1901 w_v=11.8035 gamma=1.000 (tau_u=8.203e-02 tau_v=8.472e-02 |Du|=8.06e+00 |DRu|=4.26e+01)
  [PT] w_u=11.5851 w_v=11.0884 gamma=1.000 (tau_u=8.632e-02 tau_v=9.018e-02 |Du|=1.09e+00 |DRu|=3.09e+00)
  [PT] w_u=12.3107 w_v=11.7913 gamma=1.000 (tau_u=8.123e-02 tau_v=8.481e-02 |Du|=8.10e+00 |DRu|=4.30e+01)
  [PT] w_u=12.7202 w_v=11.7850 gamma=1.000 (tau_u=7.862e-02 tau_v=8.485e-02 |Du|=5.13e-01 |DRu|=2.19e+00)
  [PT] w_u=13.4477 w_v=12.4632 gamma=1.000 (tau_u=7.436e-02 tau_v=8.024e-02 |Du|=8.09e+00 |DRu|=4.26e+01)
  [PT] w_u=12.6916 w_v=11.5193 gamma=1.000 (tau_u=7.879e-02 tau_v=8.681e-02 |Du|=7.65e-01 |DRu|=2.22e+00)
  [PT] w_u=13.4083 w_v=12.2170 gamma=1.000 (tau_u=7.458e-02 tau_v=8.185e-02 |Du|=8.16e+00 |DRu|=4.26e+01)
  [PT] w_u=13.0987 w_v=11.9768 gamma=1.000 (tau_u=7.634e-02 tau_v=8.349e-02 |Du|=6.32e-01 |DRu|=2.08e+00)
  [PT] w_u=13.8168 w_v=12.6950 gamma=1.000 (tau_u=7.238e-02 tau_v=7.877e-02 |Du|=8.15e+00 |DRu|=4.26e+01)
  [PT] w_u=12.4439 w_v=12.4593 gamma=1.000 (tau_u=8.036e-02 tau_v=8.026e-02 |Du|=9.01e-01 |DRu|=2.31e+00)
  [PT] w_u=13.1435 w_v=13.1466 gamma=1.000 (tau_u=7.608e-02 tau_v=7.607e-02 |Du|=8.00e+00 |DRu|=4.12e+01)
  [PT] w_u=13.5639 w_v=13.0989 gamma=1.000 (tau_u=7.373e-02 tau_v=7.634e-02 |Du|=4.89e-01 |DRu|=2.13e+00)
  [PT] w_u=14.2788 w_v=13.7708 gamma=1.000 (tau_u=7.003e-02 tau_v=7.262e-02 |Du|=8.14e+00 |DRu|=4.24e+01)
  [PT] w_u=12.9463 w_v=13.9938 gamma=0.999 (tau_u=7.724e-02 tau_v=7.146e-02 |Du|=9.78e-01 |DRu|=2.59e+00)
  [PT] w_u=13.6313 w_v=14.6390 gamma=1.000 (tau_u=7.336e-02 tau_v=6.831e-02 |Du|=8.24e+00 |DRu|=4.20e+01)
  [PT] w_u=13.9711 w_v=15.0654 gamma=1.000 (tau_u=7.158e-02 tau_v=6.638e-02 |Du|=4.70e-01 |DRu|=2.00e+00)
[Adam] ep=  220  total=2.765e-01  PDE=4.944e-02 [colloc=4.734e-02, cfd=2.108e-03] (w=1.481)  IN=7.460e-02 (w=1.327)  TB=7.601e-02 (w=1.369)  WALL=1.241e-15 (w=0.200)  OUT=1.332e-03 (w=0.200)  DATA=1.037e-01 (w=0.000)
  [PT] w_u=14.6035 w_v=15.6485 gamma=1.000 (tau_u=6.848e-02 tau_v=6.390e-02 |Du|=8.33e+00 |DRu|=4.14e+01)
  [PT] w_u=12.5079 w_v=15.0184 gamma=1.000 (tau_u=7.995e-02 tau_v=6.659e-02 |Du|=1.03e+00 |DRu|=2.41e+00)
  [PT] w_u=13.1712 w_v=15.6451 gamma=1.000 (tau_u=7.592e-02 tau_v=6.392e-02 |Du|=8.09e+00 |DRu|=4.06e+01)
  [PT] w_u=13.6495 w_v=16.1285 gamma=1.000 (tau_u=7.326e-02 tau_v=6.200e-02 |Du|=5.08e-01 |DRu|=2.29e+00)
  [PT] w_u=14.2942 w_v=16.6913 gamma=1.000 (tau_u=6.996e-02 tau_v=5.991e-02 |Du|=8.52e+00 |DRu|=4.25e+01)
  [PT] w_u=12.2511 w_v=15.9825 gamma=0.999 (tau_u=8.163e-02 tau_v=6.257e-02 |Du|=1.27e+00 |DRu|=2.95e+00)
  [PT] w_u=12.8845 w_v=16.4835 gamma=1.000 (tau_u=7.761e-02 tau_v=6.067e-02 |Du|=8.07e+00 |DRu|=3.96e+01)
  [PT] w_u=11.6129 w_v=16.5061 gamma=1.000 (tau_u=8.611e-02 tau_v=6.058e-02 |Du|=1.38e+00 |DRu|=3.42e+00)
  [PT] w_u=12.2417 w_v=17.0780 gamma=1.000 (tau_u=8.169e-02 tau_v=5.855e-02 |Du|=8.31e+00 |DRu|=4.06e+01)
  [PT] w_u=12.3822 w_v=16.6986 gamma=1.000 (tau_u=8.076e-02 tau_v=5.989e-02 |Du|=5.00e-01 |DRu|=1.86e+00)
  [PT] w_u=13.0196 w_v=17.2232 gamma=1.000 (tau_u=7.681e-02 tau_v=5.806e-02 |Du|=8.35e+00 |DRu|=4.11e+01)
  [PT] w_u=11.8840 w_v=16.6494 gamma=1.000 (tau_u=8.415e-02 tau_v=6.006e-02 |Du|=1.07e+00 |DRu|=2.76e+00)
  [PT] w_u=12.5490 w_v=17.1386 gamma=1.000 (tau_u=7.969e-02 tau_v=5.835e-02 |Du|=8.12e+00 |DRu|=4.08e+01)
  [PT] w_u=12.9629 w_v=16.3179 gamma=1.000 (tau_u=7.714e-02 tau_v=6.128e-02 |Du|=5.18e-01 |DRu|=2.22e+00)
  [PT] w_u=13.6262 w_v=16.8952 gamma=1.000 (tau_u=7.339e-02 tau_v=5.919e-02 |Du|=8.01e+00 |DRu|=4.03e+01)
  [PT] w_u=13.1452 w_v=14.7174 gamma=1.000 (tau_u=7.607e-02 tau_v=6.795e-02 |Du|=5.51e-01 |DRu|=1.74e+00)
  [PT] w_u=13.7762 w_v=15.3525 gamma=1.000 (tau_u=7.259e-02 tau_v=6.514e-02 |Du|=8.02e+00 |DRu|=3.95e+01)
  [PT] w_u=14.4080 w_v=14.1497 gamma=0.999 (tau_u=6.941e-02 tau_v=7.067e-02 |Du|=6.28e-01 |DRu|=3.11e+00)
  [PT] w_u=15.0276 w_v=14.8004 gamma=1.000 (tau_u=6.654e-02 tau_v=6.757e-02 |Du|=7.83e+00 |DRu|=3.88e+01)
  [PT] w_u=15.4186 w_v=12.9878 gamma=1.000 (tau_u=6.486e-02 tau_v=7.700e-02 |Du|=7.23e-01 |DRu|=3.24e+00)
[Adam] ep=  240  total=2.535e-01  PDE=4.841e-02 [colloc=4.633e-02, cfd=2.082e-03] (w=1.477)  IN=6.873e-02 (w=1.318)  TB=6.838e-02 (w=1.333)  WALL=1.170e-15 (w=0.200)  OUT=1.390e-03 (w=0.200)  DATA=1.004e-01 (w=0.000)
  [PT] w_u=16.0353 w_v=13.5894 gamma=1.000 (tau_u=6.236e-02 tau_v=7.359e-02 |Du|=8.06e+00 |DRu|=4.04e+01)
  [PT] w_u=14.2847 w_v=13.8563 gamma=1.000 (tau_u=7.001e-02 tau_v=7.217e-02 |Du|=8.43e-01 |DRu|=2.26e+00)
  [PT] w_u=14.9259 w_v=14.4286 gamma=1.000 (tau_u=6.700e-02 tau_v=6.931e-02 |Du|=8.07e+00 |DRu|=4.04e+01)
  [PT] w_u=14.3652 w_v=13.2591 gamma=1.000 (tau_u=6.961e-02 tau_v=7.542e-02 |Du|=7.69e-01 |DRu|=2.52e+00)
  [PT] w_u=15.0371 w_v=13.9466 gamma=1.000 (tau_u=6.650e-02 tau_v=7.170e-02 |Du|=8.15e+00 |DRu|=4.15e+01)
  [PT] w_u=14.9603 w_v=13.6649 gamma=1.000 (tau_u=6.684e-02 tau_v=7.318e-02 |Du|=4.48e-01 |DRu|=1.69e+00)
  [PT] w_u=15.5453 w_v=14.3067 gamma=1.000 (tau_u=6.433e-02 tau_v=6.990e-02 |Du|=7.92e+00 |DRu|=3.88e+01)
  [PT] w_u=14.3714 w_v=13.7269 gamma=1.000 (tau_u=6.958e-02 tau_v=7.285e-02 |Du|=9.79e-01 |DRu|=2.86e+00)
  [PT] w_u=15.0149 w_v=14.3750 gamma=1.000 (tau_u=6.660e-02 tau_v=6.957e-02 |Du|=8.01e+00 |DRu|=4.02e+01)
  [PT] w_u=14.3646 w_v=14.4661 gamma=1.000 (tau_u=6.962e-02 tau_v=6.913e-02 |Du|=6.29e-01 |DRu|=2.02e+00)
  [PT] w_u=15.0159 w_v=15.0814 gamma=1.000 (tau_u=6.660e-02 tau_v=6.631e-02 |Du|=7.80e+00 |DRu|=3.93e+01)
  [PT] w_u=14.5017 w_v=14.1957 gamma=1.000 (tau_u=6.896e-02 tau_v=7.044e-02 |Du|=5.17e-01 |DRu|=1.72e+00)
  [PT] w_u=15.0835 w_v=14.8266 gamma=1.000 (tau_u=6.630e-02 tau_v=6.745e-02 |Du|=7.86e+00 |DRu|=3.82e+01)
  [PT] w_u=13.6719 w_v=15.1373 gamma=1.000 (tau_u=7.314e-02 tau_v=6.606e-02 |Du|=9.19e-01 |DRu|=2.50e+00)
  [PT] w_u=14.2886 w_v=15.7627 gamma=1.000 (tau_u=6.999e-02 tau_v=6.344e-02 |Du|=7.83e+00 |DRu|=3.84e+01)
  [PT] w_u=12.8416 w_v=14.7784 gamma=1.000 (tau_u=7.787e-02 tau_v=6.767e-02 |Du|=1.37e+00 |DRu|=3.55e+00)
  [PT] w_u=13.4934 w_v=15.4162 gamma=1.000 (tau_u=7.411e-02 tau_v=6.487e-02 |Du|=8.15e+00 |DRu|=4.06e+01)
  [PT] w_u=13.6719 w_v=14.5849 gamma=1.000 (tau_u=7.314e-02 tau_v=6.856e-02 |Du|=5.30e-01 |DRu|=2.09e+00)
  [PT] w_u=14.2868 w_v=15.1704 gamma=1.000 (tau_u=6.999e-02 tau_v=6.592e-02 |Du|=7.95e+00 |DRu|=3.90e+01)
  [PT] w_u=11.9350 w_v=14.4556 gamma=1.000 (tau_u=8.379e-02 tau_v=6.918e-02 |Du|=1.48e+00 |DRu|=3.25e+00)
[Adam] ep=  260  total=2.373e-01  PDE=3.684e-02 [colloc=3.491e-02, cfd=1.932e-03] (w=1.445)  IN=7.154e-02 (w=1.325)  TB=6.794e-02 (w=1.309)  WALL=9.458e-16 (w=0.200)  OUT=1.396e-03 (w=0.200)  DATA=1.075e-01 (w=0.000)
  [PT] w_u=12.6464 w_v=15.1210 gamma=1.000 (tau_u=7.907e-02 tau_v=6.613e-02 |Du|=7.81e+00 |DRu|=4.08e+01)
  [PT] w_u=11.6982 w_v=12.9704 gamma=1.000 (tau_u=8.548e-02 tau_v=7.710e-02 |Du|=1.10e+00 |DRu|=2.91e+00)
  [PT] w_u=12.4098 w_v=13.7053 gamma=1.000 (tau_u=8.058e-02 tau_v=7.296e-02 |Du|=7.49e+00 |DRu|=3.92e+01)
  [PT] w_u=11.3300 w_v=12.7599 gamma=1.000 (tau_u=8.826e-02 tau_v=7.837e-02 |Du|=9.36e-01 |DRu|=2.36e+00)
  [PT] w_u=12.0329 w_v=13.5054 gamma=1.000 (tau_u=8.311e-02 tau_v=7.404e-02 |Du|=7.55e+00 |DRu|=3.94e+01)
  [PT] w_u=11.8499 w_v=12.5790 gamma=1.000 (tau_u=8.439e-02 tau_v=7.950e-02 |Du|=9.11e-01 |DRu|=2.94e+00)
  [PT] w_u=12.5803 w_v=13.3407 gamma=1.000 (tau_u=7.949e-02 tau_v=7.496e-02 |Du|=7.57e+00 |DRu|=4.02e+01)
  [PT] w_u=13.0473 w_v=11.8419 gamma=1.000 (tau_u=7.664e-02 tau_v=8.445e-02 |Du|=6.89e-01 |DRu|=3.05e+00)
  [PT] w_u=13.7851 w_v=12.5412 gamma=1.000 (tau_u=7.254e-02 tau_v=7.974e-02 |Du|=7.66e+00 |DRu|=4.06e+01)
  [PT] w_u=14.0657 w_v=12.4624 gamma=1.000 (tau_u=7.109e-02 tau_v=8.024e-02 |Du|=4.79e-01 |DRu|=1.99e+00)
  [PT] w_u=14.7975 w_v=13.1603 gamma=1.000 (tau_u=6.758e-02 tau_v=7.599e-02 |Du|=7.84e+00 |DRu|=4.13e+01)
  [PT] w_u=14.3385 w_v=11.6698 gamma=0.999 (tau_u=6.974e-02 tau_v=8.569e-02 |Du|=6.58e-01 |DRu|=2.20e+00)
  [PT] w_u=15.0387 w_v=12.3641 gamma=1.000 (tau_u=6.650e-02 tau_v=8.088e-02 |Du|=7.73e+00 |DRu|=4.00e+01)
  [PT] w_u=14.6463 w_v=11.8343 gamma=1.000 (tau_u=6.828e-02 tau_v=8.450e-02 |Du|=5.78e-01 |DRu|=1.99e+00)
  [PT] w_u=15.2959 w_v=12.5304 gamma=1.000 (tau_u=6.538e-02 tau_v=7.981e-02 |Du|=7.60e+00 |DRu|=3.84e+01)
  [PT] w_u=13.7263 w_v=12.5182 gamma=0.999 (tau_u=7.285e-02 tau_v=7.988e-02 |Du|=8.11e-01 |DRu|=2.17e+00)
  [PT] w_u=14.3801 w_v=13.2074 gamma=1.000 (tau_u=6.954e-02 tau_v=7.571e-02 |Du|=7.80e+00 |DRu|=3.92e+01)
  [PT] w_u=13.4814 w_v=13.1851 gamma=1.000 (tau_u=7.418e-02 tau_v=7.584e-02 |Du|=7.52e-01 |DRu|=2.21e+00)
  [PT] w_u=14.1537 w_v=13.8880 gamma=1.000 (tau_u=7.065e-02 tau_v=7.200e-02 |Du|=7.67e+00 |DRu|=3.89e+01)
  [PT] w_u=12.1134 w_v=14.0536 gamma=1.000 (tau_u=8.255e-02 tau_v=7.116e-02 |Du|=1.36e+00 |DRu|=3.12e+00)
[Adam] ep=  280  total=2.168e-01  PDE=3.550e-02 [colloc=3.358e-02, cfd=1.924e-03] (w=1.462)  IN=6.586e-02 (w=1.321)  TB=6.052e-02 (w=1.282)  WALL=8.213e-16 (w=0.200)  OUT=1.402e-03 (w=0.200)  DATA=1.027e-01 (w=0.000)
  [PT] w_u=12.8132 w_v=14.7609 gamma=1.000 (tau_u=7.804e-02 tau_v=6.775e-02 |Du|=7.61e+00 |DRu|=3.93e+01)
  [PT] w_u=12.7278 w_v=14.2195 gamma=1.000 (tau_u=7.857e-02 tau_v=7.033e-02 |Du|=4.52e-01 |DRu|=1.57e+00)
  [PT] w_u=13.3987 w_v=14.8918 gamma=1.000 (tau_u=7.463e-02 tau_v=6.715e-02 |Du|=7.59e+00 |DRu|=3.83e+01)
  [PT] w_u=11.6473 w_v=15.0253 gamma=0.998 (tau_u=8.586e-02 tau_v=6.655e-02 |Du|=1.22e+00 |DRu|=2.81e+00)
  [PT] w_u=12.3378 w_v=15.7121 gamma=1.000 (tau_u=8.105e-02 tau_v=6.365e-02 |Du|=7.57e+00 |DRu|=3.89e+01)
  [PT] w_u=11.8826 w_v=15.0415 gamma=1.000 (tau_u=8.416e-02 tau_v=6.648e-02 |Du|=8.47e-01 |DRu|=2.53e+00)
  [PT] w_u=12.5458 w_v=15.7179 gamma=1.000 (tau_u=7.971e-02 tau_v=6.362e-02 |Du|=7.65e+00 |DRu|=3.84e+01)
  [PT] w_u=12.6498 w_v=14.5247 gamma=0.998 (tau_u=7.905e-02 tau_v=6.885e-02 |Du|=6.30e-01 |DRu|=2.33e+00)
  [PT] w_u=13.2900 w_v=15.1676 gamma=1.000 (tau_u=7.524e-02 tau_v=6.593e-02 |Du|=7.73e+00 |DRu|=3.82e+01)
  [PT] w_u=13.6760 w_v=15.5408 gamma=1.000 (tau_u=7.312e-02 tau_v=6.435e-02 |Du|=4.21e-01 |DRu|=1.81e+00)
  [PT] w_u=14.3082 w_v=16.1242 gamma=1.000 (tau_u=6.989e-02 tau_v=6.202e-02 |Du|=7.78e+00 |DRu|=3.85e+01)
  [PT] w_u=12.4182 w_v=15.6849 gamma=0.999 (tau_u=8.053e-02 tau_v=6.376e-02 |Du|=9.55e-01 |DRu|=2.27e+00)
  [PT] w_u=13.0416 w_v=16.3035 gamma=1.000 (tau_u=7.668e-02 tau_v=6.134e-02 |Du|=7.71e+00 |DRu|=3.76e+01)
  [PT] w_u=13.1187 w_v=16.5439 gamma=1.000 (tau_u=7.623e-02 tau_v=6.045e-02 |Du|=5.47e-01 |DRu|=2.04e+00)
  [PT] w_u=13.7378 w_v=17.1235 gamma=1.000 (tau_u=7.279e-02 tau_v=5.840e-02 |Du|=7.75e+00 |DRu|=3.79e+01)
  [PT] w_u=13.2258 w_v=16.6318 gamma=0.998 (tau_u=7.561e-02 tau_v=6.013e-02 |Du|=6.13e-01 |DRu|=1.93e+00)
  [PT] w_u=13.8321 w_v=17.1594 gamma=1.000 (tau_u=7.230e-02 tau_v=5.828e-02 |Du|=7.57e+00 |DRu|=3.67e+01)
  [PT] w_u=13.8459 w_v=17.0109 gamma=1.000 (tau_u=7.222e-02 tau_v=5.879e-02 |Du|=5.15e-01 |DRu|=1.92e+00)
  [PT] w_u=14.3916 w_v=17.4591 gamma=0.999 (tau_u=6.949e-02 tau_v=5.728e-02 |Du|=7.71e+00 |DRu|=3.64e+01)
  [PT] w_u=13.1882 w_v=15.5566 gamma=0.999 (tau_u=7.583e-02 tau_v=6.428e-02 |Du|=9.60e-01 |DRu|=2.63e+00)
[Adam] ep=  300  total=2.048e-01  PDE=3.169e-02 [colloc=2.986e-02, cfd=1.837e-03] (w=1.437)  IN=6.539e-02 (w=1.316)  TB=5.820e-02 (w=1.253)  WALL=8.001e-16 (w=0.200)  OUT=1.431e-03 (w=0.200)  DATA=1.075e-01 (w=0.000)
  [PT] w_u=13.8520 w_v=16.1565 gamma=1.000 (tau_u=7.219e-02 tau_v=6.189e-02 |Du|=7.67e+00 |DRu|=3.86e+01)
  [PT] w_u=12.8878 w_v=14.5228 gamma=1.000 (tau_u=7.759e-02 tau_v=6.886e-02 |Du|=7.92e-01 |DRu|=2.23e+00)
  [PT] w_u=13.5643 w_v=15.2315 gamma=1.000 (tau_u=7.372e-02 tau_v=6.565e-02 |Du|=7.51e+00 |DRu|=3.81e+01)
  [PT] w_u=12.1617 w_v=14.1749 gamma=0.998 (tau_u=8.223e-02 tau_v=7.055e-02 |Du|=7.81e-01 |DRu|=1.96e+00)
  [PT] w_u=12.8360 w_v=14.8745 gamma=1.000 (tau_u=7.791e-02 tau_v=6.723e-02 |Du|=7.42e+00 |DRu|=3.76e+01)
  [PT] w_u=13.3377 w_v=13.8958 gamma=1.000 (tau_u=7.498e-02 tau_v=7.196e-02 |Du|=5.41e-01 |DRu|=2.45e+00)
  [PT] w_u=13.9957 w_v=14.6049 gamma=1.000 (tau_u=7.145e-02 tau_v=6.847e-02 |Du|=7.65e+00 |DRu|=3.84e+01)
  [PT] w_u=14.1852 w_v=12.6284 gamma=0.999 (tau_u=7.050e-02 tau_v=7.919e-02 |Du|=6.21e-01 |DRu|=2.49e+00)
  [PT] w_u=14.8165 w_v=13.2972 gamma=1.000 (tau_u=6.749e-02 tau_v=7.520e-02 |Du|=7.48e+00 |DRu|=3.72e+01)
  [PT] w_u=14.9957 w_v=13.7147 gamma=1.000 (tau_u=6.669e-02 tau_v=7.291e-02 |Du|=5.76e-01 |DRu|=2.36e+00)
  [PT] w_u=15.5986 w_v=14.3771 gamma=1.000 (tau_u=6.411e-02 tau_v=6.956e-02 |Du|=7.69e+00 |DRu|=3.80e+01)
  [PT] w_u=14.3554 w_v=12.6058 gamma=0.999 (tau_u=6.966e-02 tau_v=7.933e-02 |Du|=6.24e-01 |DRu|=1.80e+00)
  [PT] w_u=15.0263 w_v=13.2814 gamma=1.000 (tau_u=6.655e-02 tau_v=7.529e-02 |Du|=7.40e+00 |DRu|=3.77e+01)
  [PT] w_u=14.9038 w_v=12.6557 gamma=1.000 (tau_u=6.710e-02 tau_v=7.902e-02 |Du|=5.35e-01 |DRu|=1.99e+00)
  [PT] w_u=15.5226 w_v=13.3348 gamma=1.000 (tau_u=6.442e-02 tau_v=7.499e-02 |Du|=7.28e+00 |DRu|=3.62e+01)
  [PT] w_u=13.7493 w_v=13.4183 gamma=1.000 (tau_u=7.273e-02 tau_v=7.452e-02 |Du|=7.44e-01 |DRu|=1.94e+00)
  [PT] w_u=14.3967 w_v=14.1080 gamma=1.000 (tau_u=6.946e-02 tau_v=7.088e-02 |Du|=7.34e+00 |DRu|=3.67e+01)
  [PT] w_u=14.7556 w_v=12.9516 gamma=1.000 (tau_u=6.777e-02 tau_v=7.721e-02 |Du|=5.02e-01 |DRu|=2.19e+00)
  [PT] w_u=15.3883 w_v=13.6382 gamma=1.000 (tau_u=6.498e-02 tau_v=7.332e-02 |Du|=7.52e+00 |DRu|=3.76e+01)
  [PT] w_u=15.8312 w_v=13.2569 gamma=0.999 (tau_u=6.317e-02 tau_v=7.543e-02 |Du|=4.48e-01 |DRu|=2.07e+00)
[Adam] ep=  320  total=2.082e-01  PDE=3.501e-02 [colloc=3.328e-02, cfd=1.734e-03] (w=1.423)  IN=6.690e-02 (w=1.319)  TB=5.692e-02 (w=1.226)  WALL=8.073e-16 (w=0.200)  OUT=1.454e-03 (w=0.200)  DATA=1.080e-01 (w=0.000)
  [PT] w_u=16.4050 w_v=13.9094 gamma=1.000 (tau_u=6.096e-02 tau_v=7.189e-02 |Du|=7.39e+00 |DRu|=3.65e+01)
  [PT] w_u=15.1161 w_v=13.8660 gamma=1.000 (tau_u=6.615e-02 tau_v=7.212e-02 |Du|=6.96e-01 |DRu|=2.07e+00)
  [PT] w_u=15.6930 w_v=14.4834 gamma=1.000 (tau_u=6.372e-02 tau_v=6.904e-02 |Du|=7.32e+00 |DRu|=3.58e+01)
  [PT] w_u=15.6033 w_v=14.6865 gamma=0.999 (tau_u=6.409e-02 tau_v=6.809e-02 |Du|=5.01e-01 |DRu|=1.93e+00)
  [PT] w_u=16.1034 w_v=15.3010 gamma=1.000 (tau_u=6.210e-02 tau_v=6.536e-02 |Du|=7.66e+00 |DRu|=3.64e+01)
  [PT] w_u=15.3382 w_v=15.1988 gamma=0.999 (tau_u=6.520e-02 tau_v=6.579e-02 |Du|=5.47e-01 |DRu|=1.79e+00)
  [PT] w_u=15.8455 w_v=15.7829 gamma=1.000 (tau_u=6.311e-02 tau_v=6.336e-02 |Du|=7.26e+00 |DRu|=3.45e+01)
  [PT] w_u=14.4998 w_v=15.9884 gamma=0.998 (tau_u=6.897e-02 tau_v=6.255e-02 |Du|=7.70e-01 |DRu|=2.21e+00)
  [PT] w_u=15.0305 w_v=16.5076 gamma=1.000 (tau_u=6.653e-02 tau_v=6.058e-02 |Du|=7.46e+00 |DRu|=3.53e+01)
  [PT] w_u=13.5609 w_v=14.4147 gamma=1.000 (tau_u=7.374e-02 tau_v=6.937e-02 |Du|=8.87e-01 |DRu|=2.38e+00)
  [PT] w_u=14.1813 w_v=15.0661 gamma=1.000 (tau_u=7.052e-02 tau_v=6.637e-02 |Du|=7.28e+00 |DRu|=3.58e+01)
  [PT] w_u=13.9955 w_v=13.8570 gamma=0.998 (tau_u=7.145e-02 tau_v=7.217e-02 |Du|=5.26e-01 |DRu|=1.86e+00)
  [PT] w_u=14.5894 w_v=14.5365 gamma=1.000 (tau_u=6.854e-02 tau_v=6.879e-02 |Du|=7.46e+00 |DRu|=3.62e+01)
  [PT] w_u=13.6271 w_v=14.7230 gamma=1.000 (tau_u=7.338e-02 tau_v=6.792e-02 |Du|=6.83e-01 |DRu|=2.00e+00)
  [PT] w_u=14.2130 w_v=15.3232 gamma=0.999 (tau_u=7.036e-02 tau_v=6.526e-02 |Du|=7.36e+00 |DRu|=3.54e+01)
  [PT] w_u=14.6317 w_v=13.6012 gamma=0.997 (tau_u=6.834e-02 tau_v=7.352e-02 |Du|=5.50e-01 |DRu|=2.45e+00)
  [PT] w_u=15.1909 w_v=14.2321 gamma=1.000 (tau_u=6.583e-02 tau_v=7.026e-02 |Du|=7.39e+00 |DRu|=3.56e+01)
  [PT] w_u=14.0896 w_v=13.0318 gamma=1.000 (tau_u=7.097e-02 tau_v=7.674e-02 |Du|=9.37e-01 |DRu|=2.74e+00)
  [PT] w_u=14.7720 w_v=13.6950 gamma=1.000 (tau_u=6.770e-02 tau_v=7.302e-02 |Du|=7.04e+00 |DRu|=3.60e+01)
  [PT] w_u=14.0164 w_v=12.3054 gamma=0.999 (tau_u=7.135e-02 tau_v=8.127e-02 |Du|=6.18e-01 |DRu|=1.91e+00)
[Adam] ep=  340  total=1.968e-01  PDE=3.237e-02 [colloc=3.070e-02, cfd=1.675e-03] (w=1.370)  IN=6.594e-02 (w=1.327)  TB=5.332e-02 (w=1.212)  WALL=7.047e-16 (w=0.200)  OUT=1.476e-03 (w=0.200)  DATA=1.081e-01 (w=0.000)
  [PT] w_u=14.6978 w_v=13.0006 gamma=1.000 (tau_u=6.804e-02 tau_v=7.692e-02 |Du|=7.09e+00 |DRu|=3.63e+01)
  [PT] w_u=12.7362 w_v=11.5760 gamma=1.000 (tau_u=7.852e-02 tau_v=8.639e-02 |Du|=1.51e+00 |DRu|=3.62e+00)
  [PT] w_u=13.4403 w_v=12.3373 gamma=1.000 (tau_u=7.440e-02 tau_v=8.105e-02 |Du|=7.32e+00 |DRu|=3.79e+01)
  [PT] w_u=11.7750 w_v=11.1577 gamma=0.999 (tau_u=8.493e-02 tau_v=8.962e-02 |Du|=1.55e+00 |DRu|=3.65e+00)
  [PT] w_u=12.4302 w_v=11.9171 gamma=1.000 (tau_u=8.045e-02 tau_v=8.391e-02 |Du|=7.69e+00 |DRu|=3.84e+01)
  [PT] w_u=10.9107 w_v=11.5507 gamma=1.000 (tau_u=9.165e-02 tau_v=8.658e-02 |Du|=1.11e+00 |DRu|=2.53e+00)
  [PT] w_u=11.6213 w_v=12.3206 gamma=1.000 (tau_u=8.605e-02 tau_v=8.116e-02 |Du|=7.34e+00 |DRu|=3.89e+01)
  [PT] w_u=10.5507 w_v=11.4117 gamma=0.998 (tau_u=9.478e-02 tau_v=8.763e-02 |Du|=1.83e+00 |DRu|=4.38e+00)
  [PT] w_u=11.3052 w_v=12.1910 gamma=1.000 (tau_u=8.845e-02 tau_v=8.203e-02 |Du|=7.10e+00 |DRu|=4.00e+01)
  [PT] w_u=11.7289 w_v=12.0193 gamma=1.000 (tau_u=8.526e-02 tau_v=8.320e-02 |Du|=4.54e-01 |DRu|=1.91e+00)
  [PT] w_u=12.5049 w_v=12.7941 gamma=1.000 (tau_u=7.997e-02 tau_v=7.816e-02 |Du|=6.89e+00 |DRu|=3.83e+01)
  [PT] w_u=10.4378 w_v=11.6751 gamma=0.999 (tau_u=9.581e-02 tau_v=8.565e-02 |Du|=2.32e+00 |DRu|=4.75e+00)
  [PT] w_u=11.1645 w_v=12.4671 gamma=1.000 (tau_u=8.957e-02 tau_v=8.021e-02 |Du|=7.29e+00 |DRu|=3.99e+01)
  [PT] w_u=10.1514 w_v=11.9362 gamma=1.000 (tau_u=9.851e-02 tau_v=8.378e-02 |Du|=1.78e+00 |DRu|=4.21e+00)
  [PT] w_u=10.7979 w_v=12.7414 gamma=1.000 (tau_u=9.261e-02 tau_v=7.848e-02 |Du|=7.66e+00 |DRu|=3.85e+01)
  [PT] w_u=10.3566 w_v=12.4360 gamma=1.000 (tau_u=9.656e-02 tau_v=8.041e-02 |Du|=7.41e-01 |DRu|=2.04e+00)
  [PT] w_u=11.0169 w_v=13.2215 gamma=1.000 (tau_u=9.077e-02 tau_v=7.563e-02 |Du|=7.66e+00 |DRu|=3.90e+01)
  [PT] w_u=9.3993 w_v=12.3611 gamma=1.000 (tau_u=1.064e-01 tau_v=8.090e-02 |Du|=1.40e+00 |DRu|=2.82e+00)
  [PT] w_u=10.0822 w_v=13.1613 gamma=1.000 (tau_u=9.918e-02 tau_v=7.598e-02 |Du|=7.11e+00 |DRu|=3.84e+01)
  [PT] w_u=10.8450 w_v=13.5470 gamma=1.000 (tau_u=9.221e-02 tau_v=7.382e-02 |Du|=3.95e-01 |DRu|=2.30e+00)
[Adam] ep=  360  total=1.819e-01  PDE=3.667e-02 [colloc=3.497e-02, cfd=1.704e-03] (w=1.466)  IN=5.711e-02 (w=1.292)  TB=4.626e-02 (w=1.169)  WALL=7.148e-16 (w=0.200)  OUT=1.487e-03 (w=0.202)  DATA=1.067e-01 (w=0.000)
  [PT] w_u=11.5794 w_v=14.3404 gamma=1.000 (tau_u=8.636e-02 tau_v=6.973e-02 |Du|=6.98e+00 |DRu|=3.80e+01)
  [PT] w_u=10.2607 w_v=13.1445 gamma=1.000 (tau_u=9.746e-02 tau_v=7.608e-02 |Du|=1.40e+00 |DRu|=3.16e+00)
  [PT] w_u=10.9647 w_v=13.9338 gamma=1.000 (tau_u=9.120e-02 tau_v=7.177e-02 |Du|=7.08e+00 |DRu|=3.79e+01)
  [PT] w_u=9.6532 w_v=12.6640 gamma=0.999 (tau_u=1.036e-01 tau_v=7.896e-02 |Du|=1.97e+00 |DRu|=4.25e+00)
  [PT] w_u=10.3006 w_v=13.4383 gamma=1.000 (tau_u=9.708e-02 tau_v=7.441e-02 |Du|=7.49e+00 |DRu|=3.82e+01)
  [PT] w_u=10.5866 w_v=13.8385 gamma=1.000 (tau_u=9.446e-02 tau_v=7.226e-02 |Du|=6.13e-01 |DRu|=2.30e+00)
  [PT] w_u=11.1999 w_v=14.6202 gamma=1.000 (tau_u=8.929e-02 tau_v=6.840e-02 |Du|=8.04e+00 |DRu|=3.89e+01)
  [PT] w_u=10.4441 w_v=12.4415 gamma=1.000 (tau_u=9.575e-02 tau_v=8.038e-02 |Du|=1.15e+00 |DRu|=2.93e+00)
  [PT] w_u=11.0943 w_v=13.1842 gamma=1.000 (tau_u=9.014e-02 tau_v=7.585e-02 |Du|=7.39e+00 |DRu|=3.71e+01)
  [PT] w_u=10.7419 w_v=13.6701 gamma=1.000 (tau_u=9.309e-02 tau_v=7.315e-02 |Du|=1.25e+00 |DRu|=3.62e+00)
  [PT] w_u=11.4619 w_v=14.4493 gamma=1.000 (tau_u=8.725e-02 tau_v=6.921e-02 |Du|=6.81e+00 |DRu|=3.66e+01)
  [PT] w_u=10.3944 w_v=13.2323 gamma=1.000 (tau_u=9.621e-02 tau_v=7.557e-02 |Du|=8.00e-01 |DRu|=1.90e+00)
  [PT] w_u=11.1099 w_v=14.0159 gamma=0.999 (tau_u=9.001e-02 tau_v=7.135e-02 |Du|=6.94e+00 |DRu|=3.75e+01)
  [PT] w_u=10.8648 w_v=12.1268 gamma=0.998 (tau_u=9.204e-02 tau_v=8.246e-02 |Du|=9.02e-01 |DRu|=2.71e+00)
  [PT] w_u=11.5541 w_v=12.8829 gamma=1.000 (tau_u=8.655e-02 tau_v=7.762e-02 |Du|=7.17e+00 |DRu|=3.72e+01)
  [PT] w_u=11.5261 w_v=11.6773 gamma=1.000 (tau_u=8.676e-02 tau_v=8.564e-02 |Du|=7.40e-01 |DRu|=2.49e+00)
  [PT] w_u=12.2551 w_v=12.4398 gamma=1.000 (tau_u=8.160e-02 tau_v=8.039e-02 |Du|=6.90e+00 |DRu|=3.68e+01)
  [PT] w_u=11.7593 w_v=12.4097 gamma=0.999 (tau_u=8.504e-02 tau_v=8.058e-02 |Du|=5.34e-01 |DRu|=1.57e+00)
  [PT] w_u=12.4461 w_v=13.1563 gamma=1.000 (tau_u=8.035e-02 tau_v=7.601e-02 |Du|=7.00e+00 |DRu|=3.58e+01)
  [PT] w_u=10.9977 w_v=13.0483 gamma=1.000 (tau_u=9.093e-02 tau_v=7.664e-02 |Du|=1.01e+00 |DRu|=2.33e+00)
[Adam] ep=  380  total=1.756e-01  PDE=3.418e-02 [colloc=3.261e-02, cfd=1.571e-03] (w=1.463)  IN=5.914e-02 (w=1.284)  TB=4.393e-02 (w=1.125)  WALL=8.531e-16 (w=0.200)  OUT=1.534e-03 (w=0.209)  DATA=1.127e-01 (w=0.000)
  [PT] w_u=11.6660 w_v=13.7788 gamma=1.000 (tau_u=8.572e-02 tau_v=7.258e-02 |Du|=7.06e+00 |DRu|=3.58e+01)
  [PT] w_u=11.2745 w_v=14.5061 gamma=0.998 (tau_u=8.870e-02 tau_v=6.894e-02 |Du|=8.73e-01 |DRu|=2.57e+00)
  [PT] w_u=11.9148 w_v=15.2500 gamma=1.000 (tau_u=8.393e-02 tau_v=6.557e-02 |Du|=7.29e+00 |DRu|=3.60e+01)
  [PT] w_u=11.3327 w_v=14.4508 gamma=1.000 (tau_u=8.824e-02 tau_v=6.920e-02 |Du|=4.90e-01 |DRu|=1.38e+00)
  [PT] w_u=11.9606 w_v=15.1523 gamma=0.998 (tau_u=8.361e-02 tau_v=6.600e-02 |Du|=7.20e+00 |DRu|=3.51e+01)
  [PT] w_u=10.9403 w_v=14.8628 gamma=0.996 (tau_u=9.141e-02 tau_v=6.728e-02 |Du|=1.05e+00 |DRu|=2.60e+00)
  [PT] w_u=11.5981 w_v=15.5325 gamma=1.000 (tau_u=8.622e-02 tau_v=6.438e-02 |Du|=6.95e+00 |DRu|=3.49e+01)
  [PT] w_u=11.6879 w_v=15.4907 gamma=1.000 (tau_u=8.556e-02 tau_v=6.455e-02 |Du|=6.92e-01 |DRu|=2.45e+00)
  [PT] w_u=12.3572 w_v=16.1522 gamma=0.998 (tau_u=8.092e-02 tau_v=6.191e-02 |Du|=6.90e+00 |DRu|=3.48e+01)
  [PT] w_u=11.0734 w_v=15.4216 gamma=0.997 (tau_u=9.031e-02 tau_v=6.484e-02 |Du|=7.68e-01 |DRu|=1.83e+00)
  [PT] w_u=11.6933 w_v=16.0566 gamma=1.000 (tau_u=8.552e-02 tau_v=6.228e-02 |Du|=7.17e+00 |DRu|=3.48e+01)
  [PT] w_u=11.0418 w_v=15.3625 gamma=1.000 (tau_u=9.057e-02 tau_v=6.509e-02 |Du|=8.88e-01 |DRu|=2.41e+00)
  [PT] w_u=11.6502 w_v=16.0307 gamma=0.999 (tau_u=8.584e-02 tau_v=6.238e-02 |Du|=7.31e+00 |DRu|=3.52e+01)
  [PT] w_u=11.7004 w_v=13.7459 gamma=0.999 (tau_u=8.547e-02 tau_v=7.275e-02 |Du|=6.38e-01 |DRu|=2.22e+00)
  [PT] w_u=12.3548 w_v=14.4756 gamma=1.000 (tau_u=8.094e-02 tau_v=6.908e-02 |Du|=7.16e+00 |DRu|=3.57e+01)
  [PT] w_u=11.1442 w_v=12.9044 gamma=1.000 (tau_u=8.973e-02 tau_v=7.749e-02 |Du|=1.14e+00 |DRu|=2.78e+00)
  [PT] w_u=11.7794 w_v=13.6265 gamma=0.999 (tau_u=8.489e-02 tau_v=7.339e-02 |Du|=7.24e+00 |DRu|=3.56e+01)
  [PT] w_u=11.0579 w_v=14.0422 gamma=0.997 (tau_u=9.043e-02 tau_v=7.121e-02 |Du|=8.99e-01 |DRu|=2.40e+00)
  [PT] w_u=11.6953 w_v=14.7182 gamma=1.000 (tau_u=8.550e-02 tau_v=6.794e-02 |Du|=7.02e+00 |DRu|=3.46e+01)
  [PT] w_u=11.1313 w_v=13.3037 gamma=1.000 (tau_u=8.984e-02 tau_v=7.517e-02 |Du|=1.06e+00 |DRu|=2.95e+00)
[Adam] ep=  400  total=1.741e-01  PDE=3.641e-02 [colloc=3.487e-02, cfd=1.537e-03] (w=1.417)  IN=5.977e-02 (w=1.296)  TB=4.068e-02 (w=1.099)  WALL=8.230e-16 (w=0.200)  OUT=1.442e-03 (w=0.206)  DATA=1.111e-01 (w=0.000)
  [PT] w_u=11.8053 w_v=14.0392 gamma=0.999 (tau_u=8.471e-02 tau_v=7.123e-02 |Du|=6.89e+00 |DRu|=3.51e+01)
  [PT] w_u=11.4370 w_v=12.4547 gamma=0.997 (tau_u=8.744e-02 tau_v=8.029e-02 |Du|=7.94e-01 |DRu|=2.37e+00)
  [PT] w_u=12.1534 w_v=13.2196 gamma=1.000 (tau_u=8.228e-02 tau_v=7.565e-02 |Du|=6.76e+00 |DRu|=3.57e+01)
  [PT] w_u=10.9343 w_v=13.5271 gamma=1.000 (tau_u=9.146e-02 tau_v=7.393e-02 |Du|=9.48e-01 |DRu|=2.27e+00)
  [PT] w_u=11.6210 w_v=14.2847 gamma=0.999 (tau_u=8.605e-02 tau_v=7.000e-02 |Du|=6.77e+00 |DRu|=3.50e+01)
  [PT] w_u=10.0992 w_v=13.0555 gamma=0.997 (tau_u=9.902e-02 tau_v=7.660e-02 |Du|=1.68e+00 |DRu|=3.61e+00)
  [PT] w_u=10.7713 w_v=13.8218 gamma=1.000 (tau_u=9.284e-02 tau_v=7.235e-02 |Du|=6.92e+00 |DRu|=3.59e+01)
  [PT] w_u=9.6285 w_v=13.1343 gamma=1.000 (tau_u=1.039e-01 tau_v=7.614e-02 |Du|=1.38e+00 |DRu|=3.07e+00)
  [PT] w_u=10.2631 w_v=13.8982 gamma=1.000 (tau_u=9.744e-02 tau_v=7.195e-02 |Du|=7.11e+00 |DRu|=3.57e+01)
  [PT] w_u=10.7328 w_v=12.2315 gamma=0.998 (tau_u=9.317e-02 tau_v=8.176e-02 |Du|=5.22e-01 |DRu|=2.23e+00)
  [PT] w_u=11.3808 w_v=12.9747 gamma=1.000 (tau_u=8.787e-02 tau_v=7.707e-02 |Du|=7.23e+00 |DRu|=3.61e+01)
  [PT] w_u=11.6112 w_v=11.5849 gamma=1.000 (tau_u=8.612e-02 tau_v=8.632e-02 |Du|=7.43e-01 |DRu|=2.80e+00)
  [PT] w_u=12.2997 w_v=12.3386 gamma=1.000 (tau_u=8.130e-02 tau_v=8.105e-02 |Du|=7.11e+00 |DRu|=3.65e+01)
  [PT] w_u=12.7784 w_v=12.3466 gamma=0.997 (tau_u=7.826e-02 tau_v=8.099e-02 |Du|=4.68e-01 |DRu|=2.07e+00)
  [PT] w_u=13.4503 w_v=13.0615 gamma=1.000 (tau_u=7.435e-02 tau_v=7.656e-02 |Du|=6.98e+00 |DRu|=3.53e+01)
  [PT] w_u=12.8480 w_v=11.3938 gamma=1.000 (tau_u=7.783e-02 tau_v=8.777e-02 |Du|=8.88e-01 |DRu|=2.69e+00)
  [PT] w_u=13.4958 w_v=12.1049 gamma=0.998 (tau_u=7.410e-02 tau_v=8.261e-02 |Du|=7.02e+00 |DRu|=3.48e+01)
  [PT] w_u=12.8563 w_v=10.6922 gamma=0.996 (tau_u=7.778e-02 tau_v=9.353e-02 |Du|=1.04e+00 |DRu|=3.12e+00)
  [PT] w_u=13.4881 w_v=11.3604 gamma=1.000 (tau_u=7.414e-02 tau_v=8.802e-02 |Du|=7.23e+00 |DRu|=3.56e+01)
  [PT] w_u=12.8766 w_v=10.4366 gamma=1.000 (tau_u=7.766e-02 tau_v=9.582e-02 |Du|=7.90e-01 |DRu|=2.39e+00)
[Adam] ep=  420  total=1.684e-01  PDE=3.712e-02 [colloc=3.564e-02, cfd=1.486e-03] (w=1.421)  IN=5.784e-02 (w=1.289)  TB=3.828e-02 (w=1.067)  WALL=8.143e-16 (w=0.200)  OUT=1.365e-03 (w=0.203)  DATA=1.176e-01 (w=0.000)
  [PT] w_u=13.5028 w_v=11.0842 gamma=0.999 (tau_u=7.406e-02 tau_v=9.022e-02 |Du|=7.21e+00 |DRu|=3.53e+01)
  [PT] w_u=12.1013 w_v=10.5898 gamma=0.997 (tau_u=8.264e-02 tau_v=9.443e-02 |Du|=9.62e-01 |DRu|=2.40e+00)
  [PT] w_u=12.7075 w_v=11.2833 gamma=1.000 (tau_u=7.869e-02 tau_v=8.863e-02 |Du|=7.41e+00 |DRu|=3.56e+01)
  [PT] w_u=12.7919 w_v=10.5297 gamma=1.000 (tau_u=7.817e-02 tau_v=9.497e-02 |Du|=9.07e-01 |DRu|=3.35e+00)
  [PT] w_u=13.4278 w_v=11.2651 gamma=0.999 (tau_u=7.447e-02 tau_v=8.877e-02 |Du|=7.24e+00 |DRu|=3.57e+01)
  [PT] w_u=13.7421 w_v=10.6231 gamma=0.998 (tau_u=7.277e-02 tau_v=9.413e-02 |Du|=5.03e-01 |DRu|=2.10e+00)
  [PT] w_u=14.3391 w_v=11.3402 gamma=1.000 (tau_u=6.974e-02 tau_v=8.818e-02 |Du|=7.39e+00 |DRu|=3.59e+01)
  [PT] w_u=11.5541 w_v=11.0594 gamma=1.000 (tau_u=8.655e-02 tau_v=9.042e-02 |Du|=1.09e+00 |DRu|=2.24e+00)
  [PT] w_u=12.2322 w_v=11.7738 gamma=0.999 (tau_u=8.175e-02 tau_v=8.493e-02 |Du|=7.06e+00 |DRu|=3.59e+01)
  [PT] w_u=11.1003 w_v=11.5330 gamma=0.996 (tau_u=9.009e-02 tau_v=8.671e-02 |Du|=1.36e+00 |DRu|=3.33e+00)
  [PT] w_u=11.8451 w_v=12.3123 gamma=1.000 (tau_u=8.442e-02 tau_v=8.122e-02 |Du|=6.66e+00 |DRu|=3.64e+01)
  [PT] w_u=11.1976 w_v=11.3319 gamma=1.000 (tau_u=8.931e-02 tau_v=8.825e-02 |Du|=6.04e-01 |DRu|=1.65e+00)
  [PT] w_u=11.9073 w_v=12.0645 gamma=0.996 (tau_u=8.398e-02 tau_v=8.289e-02 |Du|=6.61e+00 |DRu|=3.48e+01)
  [PT] w_u=10.5865 w_v=12.2511 gamma=0.993 (tau_u=9.446e-02 tau_v=8.163e-02 |Du|=1.15e+00 |DRu|=2.64e+00)
  [PT] w_u=11.2781 w_v=12.9690 gamma=1.000 (tau_u=8.867e-02 tau_v=7.711e-02 |Du|=6.67e+00 |DRu|=3.49e+01)
  [PT] w_u=10.0057 w_v=13.2581 gamma=1.000 (tau_u=9.994e-02 tau_v=7.543e-02 |Du|=1.53e+00 |DRu|=3.42e+00)
  [PT] w_u=10.6766 w_v=14.0292 gamma=0.999 (tau_u=9.366e-02 tau_v=7.128e-02 |Du|=6.81e+00 |DRu|=3.53e+01)
  [PT] w_u=9.7433 w_v=13.0160 gamma=0.996 (tau_u=1.026e-01 tau_v=7.683e-02 |Du|=2.08e+00 |DRu|=4.85e+00)
  [PT] w_u=10.4065 w_v=13.7901 gamma=1.000 (tau_u=9.609e-02 tau_v=7.252e-02 |Du|=6.87e+00 |DRu|=3.56e+01)
  [PT] w_u=9.0392 w_v=13.6580 gamma=1.000 (tau_u=1.106e-01 tau_v=7.322e-02 |Du|=1.51e+00 |DRu|=3.07e+00)
[Adam] ep=  440  total=1.676e-01  PDE=3.524e-02 [colloc=3.382e-02, cfd=1.418e-03] (w=1.400)  IN=6.109e-02 (w=1.297)  TB=3.711e-02 (w=1.047)  WALL=7.899e-16 (w=0.200)  OUT=1.273e-03 (w=0.200)  DATA=1.185e-01 (w=0.000)
  [PT] w_u=9.6107 w_v=14.4199 gamma=0.999 (tau_u=1.041e-01 tau_v=6.935e-02 |Du|=7.48e+00 |DRu|=3.53e+01)
  [PT] w_u=10.1561 w_v=15.0909 gamma=0.997 (tau_u=9.846e-02 tau_v=6.627e-02 |Du|=3.78e-01 |DRu|=1.72e+00)
  [PT] w_u=10.6814 w_v=15.7484 gamma=1.000 (tau_u=9.362e-02 tau_v=6.350e-02 |Du|=7.67e+00 |DRu|=3.43e+01)
  [PT] w_u=9.5730 w_v=15.0564 gamma=1.000 (tau_u=1.045e-01 tau_v=6.642e-02 |Du|=1.42e+00 |DRu|=3.17e+00)
  [PT] w_u=10.1388 w_v=15.7253 gamma=0.997 (tau_u=9.863e-02 tau_v=6.359e-02 |Du|=7.43e+00 |DRu|=3.45e+01)
  [PT] w_u=8.7106 w_v=15.2426 gamma=0.996 (tau_u=1.148e-01 tau_v=6.561e-02 |Du|=2.50e+00 |DRu|=4.89e+00)
  [PT] w_u=9.3275 w_v=15.9493 gamma=1.000 (tau_u=1.072e-01 tau_v=6.270e-02 |Du|=6.79e+00 |DRu|=3.44e+01)
  [PT] w_u=8.9414 w_v=16.0193 gamma=1.000 (tau_u=1.118e-01 tau_v=6.242e-02 |Du|=1.09e+00 |DRu|=2.77e+00)
  [PT] w_u=9.5656 w_v=16.7400 gamma=0.997 (tau_u=1.045e-01 tau_v=5.974e-02 |Du|=6.55e+00 |DRu|=3.32e+01)
  [PT] w_u=9.5004 w_v=14.0288 gamma=0.996 (tau_u=1.053e-01 tau_v=7.128e-02 |Du|=7.46e-01 |DRu|=2.23e+00)
  [PT] w_u=10.1426 w_v=14.7495 gamma=1.000 (tau_u=9.859e-02 tau_v=6.780e-02 |Du|=6.59e+00 |DRu|=3.35e+01)
  [PT] w_u=9.5424 w_v=12.7039 gamma=0.999 (tau_u=1.048e-01 tau_v=7.872e-02 |Du|=1.56e+00 |DRu|=3.88e+00)
  [PT] w_u=10.1926 w_v=13.4431 gamma=1.000 (tau_u=9.811e-02 tau_v=7.439e-02 |Du|=6.89e+00 |DRu|=3.54e+01)
  [PT] w_u=9.0952 w_v=13.3150 gamma=1.000 (tau_u=1.099e-01 tau_v=7.510e-02 |Du|=1.62e+00 |DRu|=3.48e+00)
  [PT] w_u=9.6787 w_v=13.9886 gamma=1.000 (tau_u=1.033e-01 tau_v=7.149e-02 |Du|=7.15e+00 |DRu|=3.42e+01)
  [PT] w_u=9.7461 w_v=12.1221 gamma=0.999 (tau_u=1.026e-01 tau_v=8.249e-02 |Du|=5.35e-01 |DRu|=1.72e+00)
  [PT] w_u=10.3115 w_v=12.8204 gamma=0.999 (tau_u=9.698e-02 tau_v=7.800e-02 |Du|=7.41e+00 |DRu|=3.44e+01)
  [PT] w_u=10.9609 w_v=11.6586 gamma=0.998 (tau_u=9.123e-02 tau_v=8.577e-02 |Du|=6.66e-01 |DRu|=3.35e+00)
  [PT] w_u=11.6264 w_v=12.4336 gamma=1.000 (tau_u=8.601e-02 tau_v=8.043e-02 |Du|=6.95e+00 |DRu|=3.52e+01)
  [PT] w_u=11.5846 w_v=11.4557 gamma=1.000 (tau_u=8.632e-02 tau_v=8.729e-02 |Du|=5.75e-01 |DRu|=1.93e+00)
[Adam] ep=  460  total=1.521e-01  PDE=3.686e-02 [colloc=3.539e-02, cfd=1.472e-03] (w=1.439)  IN=5.343e-02 (w=1.267)  TB=3.107e-02 (w=1.000)  WALL=5.961e-16 (w=0.200)  OUT=1.312e-03 (w=0.200)  DATA=1.149e-01 (w=0.000)
  [PT] w_u=12.2887 w_v=12.1775 gamma=0.999 (tau_u=8.138e-02 tau_v=8.212e-02 |Du|=6.74e+00 |DRu|=3.51e+01)
  [PT] w_u=11.8104 w_v=11.0419 gamma=0.998 (tau_u=8.467e-02 tau_v=9.056e-02 |Du|=6.38e-01 |DRu|=1.88e+00)
  [PT] w_u=12.4834 w_v=11.7553 gamma=1.000 (tau_u=8.011e-02 tau_v=8.507e-02 |Du|=6.64e+00 |DRu|=3.36e+01)
  [PT] w_u=12.0738 w_v=10.4706 gamma=1.000 (tau_u=8.282e-02 tau_v=9.551e-02 |Du|=1.15e+00 |DRu|=3.50e+00)
  [PT] w_u=12.7385 w_v=11.1849 gamma=0.999 (tau_u=7.850e-02 tau_v=8.941e-02 |Du|=6.79e+00 |DRu|=3.41e+01)
  [PT] w_u=11.0579 w_v=10.2875 gamma=0.998 (tau_u=9.043e-02 tau_v=9.721e-02 |Du|=1.31e+00 |DRu|=2.93e+00)
  [PT] w_u=11.6879 w_v=10.9579 gamma=1.000 (tau_u=8.556e-02 tau_v=9.126e-02 |Du|=7.12e+00 |DRu|=3.49e+01)
  [PT] w_u=11.6918 w_v=10.9434 gamma=1.000 (tau_u=8.553e-02 tau_v=9.138e-02 |Du|=5.17e-01 |DRu|=1.77e+00)
  [PT] w_u=12.3027 w_v=11.5899 gamma=0.998 (tau_u=8.128e-02 tau_v=8.628e-02 |Du|=6.85e+00 |DRu|=3.30e+01)
  [PT] w_u=12.6879 w_v=10.5160 gamma=0.996 (tau_u=7.882e-02 tau_v=9.509e-02 |Du|=6.52e-01 |DRu|=2.73e+00)
  [PT] w_u=13.3471 w_v=11.2063 gamma=1.000 (tau_u=7.492e-02 tau_v=8.924e-02 |Du|=6.92e+00 |DRu|=3.46e+01)
  [PT] w_u=13.2125 w_v=10.2724 gamma=0.999 (tau_u=7.569e-02 tau_v=9.735e-02 |Du|=8.25e-01 |DRu|=2.87e+00)
  [PT] w_u=13.8617 w_v=10.9652 gamma=0.998 (tau_u=7.214e-02 tau_v=9.120e-02 |Du|=6.71e+00 |DRu|=3.34e+01)
  [PT] w_u=11.4969 w_v=11.1292 gamma=0.994 (tau_u=8.698e-02 tau_v=8.985e-02 |Du|=1.70e+00 |DRu|=3.61e+00)
  [PT] w_u=12.1671 w_v=11.8571 gamma=1.000 (tau_u=8.219e-02 tau_v=8.434e-02 |Du|=6.66e+00 |DRu|=3.37e+01)
  [PT] w_u=11.0590 w_v=10.9732 gamma=1.000 (tau_u=9.042e-02 tau_v=9.113e-02 |Du|=1.36e+00 |DRu|=3.36e+00)
  [PT] w_u=11.7099 w_v=11.7370 gamma=0.998 (tau_u=8.540e-02 tau_v=8.520e-02 |Du|=7.00e+00 |DRu|=3.49e+01)
  [PT] w_u=11.4161 w_v=10.3680 gamma=0.997 (tau_u=8.760e-02 tau_v=9.645e-02 |Du|=1.01e+00 |DRu|=3.07e+00)
  [PT] w_u=11.9709 w_v=11.0438 gamma=1.000 (tau_u=8.354e-02 tau_v=9.055e-02 |Du|=7.30e+00 |DRu|=3.37e+01)
  [PT] w_u=11.1415 w_v=10.3034 gamma=0.999 (tau_u=8.975e-02 tau_v=9.706e-02 |Du|=1.25e+00 |DRu|=3.28e+00)
[Adam] ep=  480  total=1.516e-01  PDE=3.291e-02 [colloc=3.154e-02, cfd=1.368e-03] (w=1.401)  IN=5.602e-02 (w=1.280)  TB=3.404e-02 (w=0.987)  WALL=7.134e-16 (w=0.200)  OUT=1.108e-03 (w=0.200)  DATA=1.213e-01 (w=0.000)
  [PT] w_u=11.7506 w_v=10.9936 gamma=0.999 (tau_u=8.510e-02 tau_v=9.096e-02 |Du|=7.19e+00 |DRu|=3.46e+01)
  [PT] w_u=10.2434 w_v=10.7326 gamma=0.997 (tau_u=9.762e-02 tau_v=9.317e-02 |Du|=1.22e+00 |DRu|=2.65e+00)
  [PT] w_u=10.9164 w_v=11.4304 gamma=1.000 (tau_u=9.160e-02 tau_v=8.749e-02 |Du|=6.46e+00 |DRu|=3.34e+01)
  [PT] w_u=10.3071 w_v=11.1295 gamma=1.000 (tau_u=9.702e-02 tau_v=8.985e-02 |Du|=6.16e-01 |DRu|=1.61e+00)
  [PT] w_u=10.9892 w_v=11.8411 gamma=0.996 (tau_u=9.100e-02 tau_v=8.445e-02 |Du|=6.39e+00 |DRu|=3.33e+01)
  [PT] w_u=10.7613 w_v=10.9534 gamma=0.992 (tau_u=9.293e-02 tau_v=9.130e-02 |Du|=1.33e+00 |DRu|=4.00e+00)
  [PT] w_u=11.4498 w_v=11.6713 gamma=1.000 (tau_u=8.734e-02 tau_v=8.568e-02 |Du|=6.37e+00 |DRu|=3.31e+01)
  [PT] w_u=10.1637 w_v=11.4822 gamma=1.000 (tau_u=9.839e-02 tau_v=8.709e-02 |Du|=1.39e+00 |DRu|=3.13e+00)
  [PT] w_u=10.8282 w_v=12.2165 gamma=0.998 (tau_u=9.235e-02 tau_v=8.186e-02 |Du|=6.63e+00 |DRu|=3.40e+01)
  [PT] w_u=9.7138 w_v=12.0935 gamma=0.996 (tau_u=1.029e-01 tau_v=8.269e-02 |Du|=1.22e+00 |DRu|=2.73e+00)
  [PT] w_u=10.3432 w_v=12.8364 gamma=1.000 (tau_u=9.668e-02 tau_v=7.790e-02 |Du|=6.81e+00 |DRu|=3.39e+01)
  [PT] w_u=9.7119 w_v=11.6053 gamma=0.998 (tau_u=1.030e-01 tau_v=8.617e-02 |Du|=7.25e-01 |DRu|=1.81e+00)
  [PT] w_u=10.3079 w_v=12.3413 gamma=0.999 (tau_u=9.701e-02 tau_v=8.103e-02 |Du|=7.14e+00 |DRu|=3.42e+01)
  [PT] w_u=10.4326 w_v=13.0067 gamma=0.996 (tau_u=9.585e-02 tau_v=7.688e-02 |Du|=6.36e-01 |DRu|=2.17e+00)
  [PT] w_u=11.0458 w_v=13.7114 gamma=1.000 (tau_u=9.053e-02 tau_v=7.293e-02 |Du|=6.71e+00 |DRu|=3.25e+01)
  [PT] w_u=10.6362 w_v=12.9757 gamma=0.999 (tau_u=9.402e-02 tau_v=7.707e-02 |Du|=4.79e-01 |DRu|=1.35e+00)
  [PT] w_u=11.2274 w_v=13.6349 gamma=0.996 (tau_u=8.907e-02 tau_v=7.334e-02 |Du|=6.80e+00 |DRu|=3.22e+01)
  [PT] w_u=10.8613 w_v=13.6730 gamma=0.993 (tau_u=9.207e-02 tau_v=7.314e-02 |Du|=5.94e-01 |DRu|=1.72e+00)
  [PT] w_u=11.4574 w_v=14.2430 gamma=1.000 (tau_u=8.728e-02 tau_v=7.021e-02 |Du|=6.65e+00 |DRu|=3.17e+01)
  [PT] w_u=11.6267 w_v=13.8552 gamma=0.999 (tau_u=8.601e-02 tau_v=7.218e-02 |Du|=4.23e-01 |DRu|=1.55e+00)
[Adam] ep=  500  total=1.356e-01  PDE=3.167e-02 [colloc=3.035e-02, cfd=1.322e-03] (w=1.377)  IN=5.060e-02 (w=1.266)  TB=2.868e-02 (w=0.968)  WALL=7.660e-16 (w=0.200)  OUT=1.096e-03 (w=0.200)  DATA=1.180e-01 (w=0.000)
  [PT] w_u=12.2235 w_v=14.3861 gamma=0.996 (tau_u=8.181e-02 tau_v=6.951e-02 |Du|=6.67e+00 |DRu|=3.17e+01)
  [PT] w_u=10.5773 w_v=14.0003 gamma=0.991 (tau_u=9.454e-02 tau_v=7.143e-02 |Du|=1.21e+00 |DRu|=2.63e+00)
  [PT] w_u=11.1412 w_v=14.5013 gamma=1.000 (tau_u=8.976e-02 tau_v=6.896e-02 |Du|=6.63e+00 |DRu|=3.07e+01)
  [PT] w_u=9.8963 w_v=14.2831 gamma=0.999 (tau_u=1.010e-01 tau_v=7.001e-02 |Du|=1.34e+00 |DRu|=2.98e+00)
  [PT] w_u=10.4797 w_v=14.8614 gamma=0.997 (tau_u=9.542e-02 tau_v=6.729e-02 |Du|=6.78e+00 |DRu|=3.20e+01)
  [PT] w_u=9.1696 w_v=15.2090 gamma=0.991 (tau_u=1.091e-01 tau_v=6.575e-02 |Du|=1.69e+00 |DRu|=3.49e+00)
  [PT] w_u=9.6985 w_v=15.7488 gamma=1.000 (tau_u=1.031e-01 tau_v=6.350e-02 |Du|=7.12e+00 |DRu|=3.20e+01)
  [PT] w_u=9.0076 w_v=14.3941 gamma=1.000 (tau_u=1.110e-01 tau_v=6.947e-02 |Du|=8.55e-01 |DRu|=2.00e+00)
  [PT] w_u=9.5242 w_v=14.9226 gamma=0.994 (tau_u=1.050e-01 tau_v=6.701e-02 |Du|=7.14e+00 |DRu|=3.16e+01)
  [PT] w_u=9.3707 w_v=13.1922 gamma=0.990 (tau_u=1.067e-01 tau_v=7.580e-02 |Du|=7.95e-01 |DRu|=2.26e+00)
  [PT] w_u=9.9315 w_v=13.8307 gamma=1.000 (tau_u=1.007e-01 tau_v=7.230e-02 |Du|=6.98e+00 |DRu|=3.24e+01)
  [PT] w_u=9.1781 w_v=13.4010 gamma=1.000 (tau_u=1.090e-01 tau_v=7.462e-02 |Du|=1.10e+00 |DRu|=2.57e+00)
  [PT] w_u=9.7652 w_v=14.0157 gamma=0.993 (tau_u=1.024e-01 tau_v=7.135e-02 |Du|=6.73e+00 |DRu|=3.22e+01)
  [PT] w_u=8.7059 w_v=13.3184 gamma=0.994 (tau_u=1.149e-01 tau_v=7.508e-02 |Du|=1.93e+00 |DRu|=4.05e+00)
  [PT] w_u=9.3118 w_v=13.9858 gamma=1.000 (tau_u=1.074e-01 tau_v=7.150e-02 |Du|=6.50e+00 |DRu|=3.24e+01)
  [PT] w_u=8.8676 w_v=14.3252 gamma=1.000 (tau_u=1.128e-01 tau_v=6.981e-02 |Du|=1.28e+00 |DRu|=3.19e+00)
  [PT] w_u=9.4831 w_v=15.0334 gamma=0.996 (tau_u=1.055e-01 tau_v=6.652e-02 |Du|=6.39e+00 |DRu|=3.20e+01)
  [PT] w_u=8.8187 w_v=14.0844 gamma=0.994 (tau_u=1.134e-01 tau_v=7.100e-02 |Du|=5.86e-01 |DRu|=1.36e+00)
  [PT] w_u=9.4341 w_v=14.7624 gamma=1.000 (tau_u=1.060e-01 tau_v=6.774e-02 |Du|=6.27e+00 |DRu|=3.16e+01)
  [PT] w_u=9.0539 w_v=12.7665 gamma=1.000 (tau_u=1.105e-01 tau_v=7.833e-02 |Du|=1.13e+00 |DRu|=2.92e+00)
[Adam] ep=  520  total=1.366e-01  PDE=3.356e-02 [colloc=3.229e-02, cfd=1.269e-03] (w=1.381)  IN=5.248e-02 (w=1.264)  TB=2.579e-02 (w=0.919)  WALL=6.784e-16 (w=0.200)  OUT=1.092e-03 (w=0.200)  DATA=1.185e-01 (w=0.000)
  [PT] w_u=9.6706 w_v=13.4993 gamma=0.997 (tau_u=1.034e-01 tau_v=7.408e-02 |Du|=6.38e+00 |DRu|=3.18e+01)
  [PT] w_u=9.0233 w_v=11.7895 gamma=0.993 (tau_u=1.108e-01 tau_v=8.482e-02 |Du|=1.90e+00 |DRu|=4.50e+00)
  [PT] w_u=9.6741 w_v=12.5247 gamma=1.000 (tau_u=1.034e-01 tau_v=7.984e-02 |Du|=6.21e+00 |DRu|=3.26e+01)
  [PT] w_u=9.0803 w_v=11.0523 gamma=1.000 (tau_u=1.101e-01 tau_v=9.048e-02 |Du|=1.10e+00 |DRu|=2.66e+00)
  [PT] w_u=9.6836 w_v=11.7528 gamma=0.998 (tau_u=1.033e-01 tau_v=8.509e-02 |Du|=7.03e+00 |DRu|=3.44e+01)
  [PT] w_u=9.1358 w_v=11.1503 gamma=0.996 (tau_u=1.095e-01 tau_v=8.968e-02 |Du|=6.45e-01 |DRu|=1.58e+00)
  [PT] w_u=9.7555 w_v=11.8760 gamma=1.000 (tau_u=1.025e-01 tau_v=8.420e-02 |Du|=6.79e+00 |DRu|=3.40e+01)
  [PT] w_u=10.1313 w_v=12.3205 gamma=0.999 (tau_u=9.870e-02 tau_v=8.117e-02 |Du|=4.55e-01 |DRu|=1.79e+00)
  [PT] w_u=10.7179 w_v=13.0452 gamma=0.998 (tau_u=9.330e-02 tau_v=7.666e-02 |Du|=7.00e+00 |DRu|=3.31e+01)
  [PT] w_u=10.4663 w_v=12.5926 gamma=0.995 (tau_u=9.554e-02 tau_v=7.941e-02 |Du|=4.08e-01 |DRu|=1.20e+00)
  [PT] w_u=11.0579 w_v=13.3004 gamma=0.999 (tau_u=9.043e-02 tau_v=7.519e-02 |Du|=6.78e+00 |DRu|=3.21e+01)
  [PT] w_u=10.8774 w_v=12.2372 gamma=0.997 (tau_u=9.193e-02 tau_v=8.172e-02 |Du|=5.71e-01 |DRu|=1.76e+00)
  [PT] w_u=11.4298 w_v=12.9409 gamma=0.999 (tau_u=8.749e-02 tau_v=7.727e-02 |Du|=7.08e+00 |DRu|=3.25e+01)
  [PT] w_u=10.7179 w_v=11.5358 gamma=0.996 (tau_u=9.330e-02 tau_v=8.669e-02 |Du|=8.41e-01 |DRu|=2.20e+00)
  [PT] w_u=11.2142 w_v=12.2454 gamma=0.999 (tau_u=8.917e-02 tau_v=8.166e-02 |Du|=7.70e+00 |DRu|=3.37e+01)
  [PT] w_u=9.8894 w_v=11.6589 gamma=0.998 (tau_u=1.011e-01 tau_v=8.577e-02 |Du|=8.54e-01 |DRu|=1.87e+00)
  [PT] w_u=10.4352 w_v=12.3906 gamma=0.998 (tau_u=9.583e-02 tau_v=8.071e-02 |Du|=7.18e+00 |DRu|=3.27e+01)
  [PT] w_u=9.4475 w_v=12.3434 gamma=0.998 (tau_u=1.058e-01 tau_v=8.101e-02 |Du|=1.70e+00 |DRu|=3.84e+00)
  [PT] w_u=9.9993 w_v=13.0979 gamma=0.999 (tau_u=1.000e-01 tau_v=7.635e-02 |Du|=6.97e+00 |DRu|=3.20e+01)
  [PT] w_u=8.8728 w_v=12.2398 gamma=0.998 (tau_u=1.127e-01 tau_v=8.170e-02 |Du|=2.55e+00 |DRu|=5.35e+00)
[Adam] ep=  540  total=1.262e-01  PDE=2.812e-02 [colloc=2.682e-02, cfd=1.304e-03] (w=1.394)  IN=5.068e-02 (w=1.246)  TB=2.607e-02 (w=0.907)  WALL=5.319e-16 (w=0.200)  OUT=9.105e-04 (w=0.200)  DATA=1.175e-01 (w=0.000)
  [PT] w_u=9.4845 w_v=13.0353 gamma=0.998 (tau_u=1.054e-01 tau_v=7.671e-02 |Du|=6.47e+00 |DRu|=3.23e+01)
  [PT] w_u=9.0715 w_v=11.7400 gamma=0.997 (tau_u=1.102e-01 tau_v=8.518e-02 |Du|=2.02e+00 |DRu|=5.14e+00)
  [PT] w_u=9.7066 w_v=12.4981 gamma=1.000 (tau_u=1.030e-01 tau_v=8.001e-02 |Du|=6.42e+00 |DRu|=3.29e+01)
  [PT] w_u=9.0826 w_v=11.2314 gamma=0.999 (tau_u=1.101e-01 tau_v=8.904e-02 |Du|=2.02e+00 |DRu|=4.85e+00)
  [PT] w_u=9.7133 w_v=11.9266 gamma=0.995 (tau_u=1.030e-01 tau_v=8.385e-02 |Du|=6.07e+00 |DRu|=3.08e+01)
  [PT] w_u=9.1622 w_v=10.8051 gamma=0.994 (tau_u=1.091e-01 tau_v=9.255e-02 |Du|=1.71e+00 |DRu|=4.21e+00)
  [PT] w_u=9.8029 w_v=11.4677 gamma=1.000 (tau_u=1.020e-01 tau_v=8.720e-02 |Du|=6.34e+00 |DRu|=3.26e+01)
  [PT] w_u=9.4819 w_v=10.6451 gamma=0.999 (tau_u=1.055e-01 tau_v=9.394e-02 |Du|=8.29e-01 |DRu|=2.24e+00)
  [PT] w_u=10.1257 w_v=11.2824 gamma=0.994 (tau_u=9.876e-02 tau_v=8.863e-02 |Du|=6.12e+00 |DRu|=3.11e+01)
  [PT] w_u=10.1304 w_v=10.9947 gamma=0.991 (tau_u=9.871e-02 tau_v=9.095e-02 |Du|=5.64e-01 |DRu|=1.79e+00)
  [PT] w_u=10.7649 w_v=11.6777 gamma=1.000 (tau_u=9.289e-02 tau_v=8.563e-02 |Du|=6.32e+00 |DRu|=3.14e+01)
  [PT] w_u=10.4404 w_v=10.8722 gamma=1.000 (tau_u=9.578e-02 tau_v=9.198e-02 |Du|=5.01e-01 |DRu|=1.44e+00)
  [PT] w_u=11.0425 w_v=11.5371 gamma=0.993 (tau_u=9.056e-02 tau_v=8.668e-02 |Du|=6.44e+00 |DRu|=3.07e+01)
  [PT] w_u=10.8711 w_v=10.2722 gamma=0.988 (tau_u=9.199e-02 tau_v=9.735e-02 |Du|=7.83e-01 |DRu|=2.40e+00)
  [PT] w_u=11.4103 w_v=10.9207 gamma=1.000 (tau_u=8.764e-02 tau_v=9.157e-02 |Du|=6.84e+00 |DRu|=3.11e+01)
  [PT] w_u=10.9247 w_v=10.4893 gamma=0.999 (tau_u=9.154e-02 tau_v=9.534e-02 |Du|=7.39e-01 |DRu|=2.08e+00)
  [PT] w_u=11.4776 w_v=11.1273 gamma=0.994 (tau_u=8.713e-02 tau_v=8.987e-02 |Du|=6.99e+00 |DRu|=3.20e+01)
  [PT] w_u=10.1136 w_v=10.8158 gamma=0.989 (tau_u=9.888e-02 tau_v=9.246e-02 |Du|=9.50e-01 |DRu|=2.09e+00)
  [PT] w_u=10.6923 w_v=11.4937 gamma=1.000 (tau_u=9.353e-02 tau_v=8.700e-02 |Du|=6.71e+00 |DRu|=3.15e+01)
  [PT] w_u=9.7197 w_v=11.7862 gamma=1.000 (tau_u=1.029e-01 tau_v=8.484e-02 |Du|=1.09e+00 |DRu|=2.51e+00)
[Adam] ep=  560  total=1.312e-01  PDE=3.432e-02 [colloc=3.308e-02, cfd=1.240e-03] (w=1.375)  IN=4.889e-02 (w=1.249)  TB=2.540e-02 (w=0.897)  WALL=6.791e-16 (w=0.200)  OUT=8.528e-04 (w=0.200)  DATA=1.201e-01 (w=0.000)
  [PT] w_u=10.3224 w_v=12.4503 gamma=0.993 (tau_u=9.688e-02 tau_v=8.032e-02 |Du|=6.81e+00 |DRu|=3.28e+01)
  [PT] w_u=9.2607 w_v=12.0173 gamma=0.989 (tau_u=1.080e-01 tau_v=8.321e-02 |Du|=1.06e+00 |DRu|=2.32e+00)
  [PT] w_u=9.8902 w_v=12.7342 gamma=1.000 (tau_u=1.011e-01 tau_v=7.853e-02 |Du|=6.30e+00 |DRu|=3.18e+01)
  [PT] w_u=9.3816 w_v=11.9122 gamma=1.000 (tau_u=1.066e-01 tau_v=8.395e-02 |Du|=1.05e+00 |DRu|=2.65e+00)
  [PT] w_u=10.0102 w_v=12.6140 gamma=0.992 (tau_u=9.990e-02 tau_v=7.928e-02 |Du|=6.29e+00 |DRu|=3.15e+01)
  [PT] w_u=10.0918 w_v=11.0136 gamma=0.988 (tau_u=9.909e-02 tau_v=9.080e-02 |Du|=8.78e-01 |DRu|=2.88e+00)
  [PT] w_u=10.7267 w_v=11.6760 gamma=1.000 (tau_u=9.322e-02 tau_v=8.565e-02 |Du|=6.05e+00 |DRu|=3.01e+01)
  [PT] w_u=10.7130 w_v=10.4735 gamma=0.999 (tau_u=9.334e-02 tau_v=9.548e-02 |Du|=8.26e-01 |DRu|=2.69e+00)
  [PT] w_u=11.3173 w_v=11.0691 gamma=0.990 (tau_u=8.836e-02 tau_v=9.034e-02 |Du|=6.26e+00 |DRu|=2.99e+01)
  [PT] w_u=11.3870 w_v=10.0100 gamma=0.988 (tau_u=8.782e-02 tau_v=9.990e-02 |Du|=1.01e+00 |DRu|=3.48e+00)
  [PT] w_u=11.9085 w_v=10.5835 gamma=1.000 (tau_u=8.397e-02 tau_v=9.449e-02 |Du|=6.67e+00 |DRu|=3.00e+01)
  [PT] w_u=11.2318 w_v=9.8008 gamma=0.999 (tau_u=8.903e-02 tau_v=1.020e-01 |Du|=7.50e-01 |DRu|=2.04e+00)
  [PT] w_u=11.7625 w_v=10.3327 gamma=0.994 (tau_u=8.502e-02 tau_v=9.678e-02 |Du|=7.05e+00 |DRu|=3.18e+01)
  [PT] w_u=10.8730 w_v=10.4899 gamma=0.990 (tau_u=9.197e-02 tau_v=9.533e-02 |Du|=8.34e-01 |DRu|=2.11e+00)
  [PT] w_u=11.3861 w_v=11.0218 gamma=1.000 (tau_u=8.783e-02 tau_v=9.073e-02 |Du|=6.81e+00 |DRu|=3.03e+01)
  [PT] w_u=11.2773 w_v=10.6691 gamma=1.000 (tau_u=8.867e-02 tau_v=9.373e-02 |Du|=4.99e-01 |DRu|=1.61e+00)
  [PT] w_u=11.8000 w_v=11.2575 gamma=0.990 (tau_u=8.475e-02 tau_v=8.883e-02 |Du|=6.60e+00 |DRu|=2.95e+01)
  [PT] w_u=11.6214 w_v=10.5708 gamma=0.987 (tau_u=8.605e-02 tau_v=9.460e-02 |Du|=5.46e-01 |DRu|=1.73e+00)
  [PT] w_u=12.1264 w_v=11.2278 gamma=1.000 (tau_u=8.246e-02 tau_v=8.906e-02 |Du|=6.72e+00 |DRu|=3.00e+01)
  [PT] w_u=11.0821 w_v=11.3544 gamma=1.000 (tau_u=9.024e-02 tau_v=8.807e-02 |Du|=7.56e-01 |DRu|=1.89e+00)
[Adam] ep=  580  total=1.301e-01  PDE=3.396e-02 [colloc=3.270e-02, cfd=1.265e-03] (w=1.359)  IN=5.011e-02 (w=1.241)  TB=2.456e-02 (w=0.881)  WALL=6.407e-16 (w=0.200)  OUT=7.980e-04 (w=0.200)  DATA=1.250e-01 (w=0.000)
  [PT] w_u=11.6480 w_v=11.9984 gamma=0.989 (tau_u=8.585e-02 tau_v=8.334e-02 |Du|=6.34e+00 |DRu|=2.93e+01)
  [PT] w_u=10.7224 w_v=11.1006 gamma=0.985 (tau_u=9.326e-02 tau_v=9.009e-02 |Du|=8.19e-01 |DRu|=2.03e+00)
  [PT] w_u=11.2892 w_v=11.7939 gamma=1.000 (tau_u=8.858e-02 tau_v=8.479e-02 |Du|=6.44e+00 |DRu|=2.99e+01)
  [PT] w_u=11.2707 w_v=10.5385 gamma=0.999 (tau_u=8.873e-02 tau_v=9.489e-02 |Du|=9.00e-01 |DRu|=3.00e+00)
  [PT] w_u=11.7954 w_v=11.1922 gamma=0.992 (tau_u=8.478e-02 tau_v=8.935e-02 |Du|=6.89e+00 |DRu|=3.09e+01)
  [PT] w_u=11.7095 w_v=10.0049 gamma=0.990 (tau_u=8.540e-02 tau_v=9.995e-02 |Du|=1.67e+00 |DRu|=5.51e+00)
  [PT] w_u=12.1134 w_v=10.5994 gamma=1.000 (tau_u=8.255e-02 tau_v=9.434e-02 |Du|=7.04e+00 |DRu|=2.95e+01)
  [PT] w_u=11.2744 w_v=9.9461 gamma=1.000 (tau_u=8.870e-02 tau_v=1.005e-01 |Du|=1.95e+00 |DRu|=5.14e+00)
  [PT] w_u=11.6363 w_v=10.4333 gamma=0.989 (tau_u=8.594e-02 tau_v=9.585e-02 |Du|=7.41e+00 |DRu|=2.98e+01)
  [PT] w_u=10.2923 w_v=9.9148 gamma=0.991 (tau_u=9.716e-02 tau_v=1.009e-01 |Du|=3.19e+00 |DRu|=7.12e+00)
  [PT] w_u=10.7577 w_v=10.4755 gamma=1.000 (tau_u=9.296e-02 tau_v=9.546e-02 |Du|=7.15e+00 |DRu|=3.05e+01)
  [PT] w_u=9.5399 w_v=10.7963 gamma=0.999 (tau_u=1.048e-01 tau_v=9.262e-02 |Du|=2.90e+00 |DRu|=6.30e+00)
  [PT] w_u=10.0981 w_v=11.3554 gamma=0.995 (tau_u=9.903e-02 tau_v=8.806e-02 |Du|=6.81e+00 |DRu|=3.14e+01)
  [PT] w_u=8.6622 w_v=11.4376 gamma=0.995 (tau_u=1.154e-01 tau_v=8.743e-02 |Du|=3.67e+00 |DRu|=7.13e+00)
  [PT] w_u=9.2860 w_v=12.0943 gamma=0.999 (tau_u=1.077e-01 tau_v=8.268e-02 |Du|=5.88e+00 |DRu|=3.02e+01)
  [PT] w_u=8.4313 w_v=12.3463 gamma=0.997 (tau_u=1.186e-01 tau_v=8.100e-02 |Du|=3.08e+00 |DRu|=6.60e+00)
  [PT] w_u=9.0075 w_v=12.9284 gamma=0.996 (tau_u=1.110e-01 tau_v=7.735e-02 |Du|=6.08e+00 |DRu|=2.93e+01)
  [PT] w_u=8.4080 w_v=11.4030 gamma=0.993 (tau_u=1.189e-01 tau_v=8.770e-02 |Du|=2.07e+00 |DRu|=4.73e+00)
  [PT] w_u=9.0149 w_v=12.0377 gamma=0.999 (tau_u=1.109e-01 tau_v=8.307e-02 |Du|=6.05e+00 |DRu|=3.07e+01)
  [PT] w_u=9.1691 w_v=10.7165 gamma=0.997 (tau_u=1.091e-01 tau_v=9.331e-02 |Du|=1.15e+00 |DRu|=3.77e+00)
[Adam] ep=  600  total=1.112e-01  PDE=2.836e-02 [colloc=2.710e-02, cfd=1.262e-03] (w=1.350)  IN=4.313e-02 (w=1.237)  TB=2.242e-02 (w=0.865)  WALL=6.137e-16 (w=0.200)  OUT=7.661e-04 (w=0.200)  DATA=1.181e-01 (w=0.000)
  [PT] w_u=9.7608 w_v=11.2462 gamma=0.997 (tau_u=1.025e-01 tau_v=8.892e-02 |Du|=6.10e+00 |DRu|=2.94e+01)
  [PT] w_u=9.9549 w_v=10.2000 gamma=0.996 (tau_u=1.005e-01 tau_v=9.804e-02 |Du|=1.07e+00 |DRu|=3.70e+00)
  [PT] w_u=10.5447 w_v=10.6699 gamma=0.996 (tau_u=9.483e-02 tau_v=9.372e-02 |Du|=6.18e+00 |DRu|=2.93e+01)
  [PT] w_u=10.0758 w_v=9.6472 gamma=0.993 (tau_u=9.925e-02 tau_v=1.037e-01 |Du|=9.85e-01 |DRu|=2.63e+00)
  [PT] w_u=10.6651 w_v=10.1483 gamma=0.999 (tau_u=9.376e-02 tau_v=9.854e-02 |Du|=6.44e+00 |DRu|=3.06e+01)
  [PT] w_u=9.5644 w_v=10.4771 gamma=0.998 (tau_u=1.046e-01 tau_v=9.545e-02 |Du|=1.03e+00 |DRu|=2.29e+00)
  [PT] w_u=10.0952 w_v=10.9534 gamma=0.995 (tau_u=9.906e-02 tau_v=9.130e-02 |Du|=6.58e+00 |DRu|=2.95e+01)
  [PT] w_u=9.4333 w_v=10.9256 gamma=0.993 (tau_u=1.060e-01 tau_v=9.153e-02 |Du|=1.18e+00 |DRu|=2.87e+00)
  [PT] w_u=9.9970 w_v=11.4286 gamma=0.999 (tau_u=1.000e-01 tau_v=8.750e-02 |Du|=6.27e+00 |DRu|=2.91e+01)
  [PT] w_u=9.0845 w_v=11.8079 gamma=0.997 (tau_u=1.101e-01 tau_v=8.469e-02 |Du|=1.12e+00 |DRu|=2.50e+00)
  [PT] w_u=9.6581 w_v=12.3690 gamma=0.994 (tau_u=1.035e-01 tau_v=8.085e-02 |Du|=6.05e+00 |DRu|=2.85e+01)
  [PT] w_u=8.9315 w_v=11.7472 gamma=0.992 (tau_u=1.120e-01 tau_v=8.513e-02 |Du|=7.34e-01 |DRu|=1.69e+00)
  [PT] w_u=9.5174 w_v=12.3451 gamma=0.998 (tau_u=1.051e-01 tau_v=8.100e-02 |Du|=6.15e+00 |DRu|=2.96e+01)
  [PT] w_u=8.4074 w_v=12.5843 gamma=0.996 (tau_u=1.189e-01 tau_v=7.946e-02 |Du|=1.38e+00 |DRu|=2.79e+00)
  [PT] w_u=8.9410 w_v=13.1561 gamma=0.995 (tau_u=1.118e-01 tau_v=7.601e-02 |Du|=6.26e+00 |DRu|=2.85e+01)
  [PT] w_u=8.1111 w_v=12.7840 gamma=0.992 (tau_u=1.233e-01 tau_v=7.822e-02 |Du|=1.45e+00 |DRu|=3.04e+00)
  [PT] w_u=8.6272 w_v=13.2782 gamma=0.998 (tau_u=1.159e-01 tau_v=7.531e-02 |Du|=6.57e+00 |DRu|=2.95e+01)
  [PT] w_u=8.1834 w_v=13.8424 gamma=0.994 (tau_u=1.222e-01 tau_v=7.224e-02 |Du|=1.09e+00 |DRu|=2.58e+00)
  [PT] w_u=8.6784 w_v=14.1448 gamma=0.997 (tau_u=1.152e-01 tau_v=7.070e-02 |Du|=6.53e+00 |DRu|=2.85e+01)
  [PT] w_u=8.5927 w_v=12.6019 gamma=0.994 (tau_u=1.164e-01 tau_v=7.935e-02 |Du|=5.43e-01 |DRu|=1.52e+00)
[Adam] ep=  620  total=1.080e-01  PDE=2.373e-02 [colloc=2.262e-02, cfd=1.115e-03] (w=1.336)  IN=4.695e-02 (w=1.222)  TB=2.204e-02 (w=0.854)  WALL=4.827e-16 (w=0.200)  OUT=7.627e-04 (w=0.200)  DATA=1.215e-01 (w=0.000)
  [PT] w_u=9.0631 w_v=12.9245 gamma=0.998 (tau_u=1.103e-01 tau_v=7.737e-02 |Du|=6.86e+00 |DRu|=2.89e+01)
  [PT] w_u=9.0244 w_v=12.3293 gamma=0.995 (tau_u=1.108e-01 tau_v=8.111e-02 |Du|=4.59e-01 |DRu|=1.35e+00)
  [PT] w_u=9.4850 w_v=12.7105 gamma=0.996 (tau_u=1.054e-01 tau_v=7.868e-02 |Du|=6.70e+00 |DRu|=2.80e+01)
  [PT] w_u=9.9245 w_v=11.8812 gamma=0.991 (tau_u=1.008e-01 tau_v=8.417e-02 |Du|=5.45e-01 |DRu|=2.24e+00)
  [PT] w_u=10.3768 w_v=12.2643 gamma=0.997 (tau_u=9.637e-02 tau_v=8.154e-02 |Du|=6.86e+00 |DRu|=2.87e+01)
  [PT] w_u=10.6829 w_v=11.1282 gamma=0.996 (tau_u=9.361e-02 tau_v=8.986e-02 |Du|=6.26e-01 |DRu|=2.38e+00)
  [PT] w_u=11.1591 w_v=11.5896 gamma=0.993 (tau_u=8.961e-02 tau_v=8.628e-02 |Du|=6.42e+00 |DRu|=2.76e+01)
  [PT] w_u=11.5725 w_v=10.5217 gamma=0.990 (tau_u=8.641e-02 tau_v=9.504e-02 |Du|=7.33e-01 |DRu|=3.04e+00)
  [PT] w_u=12.0147 w_v=11.0228 gamma=0.997 (tau_u=8.323e-02 tau_v=9.072e-02 |Du|=6.25e+00 |DRu|=2.67e+01)
  [PT] w_u=11.1963 w_v=10.3137 gamma=0.995 (tau_u=8.932e-02 tau_v=9.696e-02 |Du|=1.56e+00 |DRu|=4.09e+00)
  [PT] w_u=11.7641 w_v=10.8757 gamma=0.994 (tau_u=8.500e-02 tau_v=9.195e-02 |Du|=6.08e+00 |DRu|=2.82e+01)
  [PT] w_u=10.4246 w_v=10.7709 gamma=0.991 (tau_u=9.593e-02 tau_v=9.284e-02 |Du|=2.23e+00 |DRu|=5.04e+00)
  [PT] w_u=11.0288 w_v=11.3624 gamma=0.997 (tau_u=9.067e-02 tau_v=8.801e-02 |Du|=5.93e+00 |DRu|=2.84e+01)
  [PT] w_u=9.2014 w_v=11.5140 gamma=0.994 (tau_u=1.087e-01 tau_v=8.685e-02 |Du|=2.54e+00 |DRu|=4.88e+00)
  [PT] w_u=9.7925 w_v=12.1206 gamma=0.992 (tau_u=1.021e-01 tau_v=8.250e-02 |Du|=5.82e+00 |DRu|=2.79e+01)
  [PT] w_u=8.9098 w_v=11.3643 gamma=0.991 (tau_u=1.122e-01 tau_v=8.800e-02 |Du|=1.78e+00 |DRu|=3.94e+00)
  [PT] w_u=9.4719 w_v=11.9263 gamma=0.999 (tau_u=1.056e-01 tau_v=8.385e-02 |Du|=5.97e+00 |DRu|=2.79e+01)
  [PT] w_u=8.4365 w_v=11.6240 gamma=0.997 (tau_u=1.185e-01 tau_v=8.603e-02 |Du|=1.76e+00 |DRu|=3.63e+00)
  [PT] w_u=8.9286 w_v=12.1337 gamma=0.993 (tau_u=1.120e-01 tau_v=8.242e-02 |Du|=6.55e+00 |DRu|=2.83e+01)
  [PT] w_u=7.8929 w_v=11.6768 gamma=0.989 (tau_u=1.267e-01 tau_v=8.564e-02 |Du|=2.21e+00 |DRu|=4.32e+00)
[Adam] ep=  640  total=1.040e-01  PDE=2.102e-02 [colloc=1.985e-02, cfd=1.173e-03] (w=1.305)  IN=4.745e-02 (w=1.223)  TB=2.163e-02 (w=0.849)  WALL=3.698e-16 (w=0.200)  OUT=6.747e-04 (w=0.200)  DATA=1.237e-01 (w=0.000)
  [PT] w_u=8.3721 w_v=12.2065 gamma=1.000 (tau_u=1.194e-01 tau_v=8.192e-02 |Du|=7.07e+00 |DRu|=3.04e+01)
  [PT] w_u=8.1608 w_v=12.3254 gamma=0.997 (tau_u=1.225e-01 tau_v=8.113e-02 |Du|=1.24e+00 |DRu|=3.20e+00)
  [PT] w_u=8.6234 w_v=12.7903 gamma=0.993 (tau_u=1.160e-01 tau_v=7.818e-02 |Du|=6.87e+00 |DRu|=2.87e+01)
  [PT] w_u=8.8055 w_v=11.4883 gamma=0.991 (tau_u=1.136e-01 tau_v=8.705e-02 |Du|=9.10e-01 |DRu|=2.99e+00)
  [PT] w_u=9.2629 w_v=11.9671 gamma=0.997 (tau_u=1.080e-01 tau_v=8.356e-02 |Du|=6.68e+00 |DRu|=2.78e+01)
  [PT] w_u=9.7304 w_v=11.3344 gamma=0.995 (tau_u=1.028e-01 tau_v=8.823e-02 |Du|=7.58e-01 |DRu|=3.19e+00)
  [PT] w_u=10.2022 w_v=11.9027 gamma=0.996 (tau_u=9.802e-02 tau_v=8.401e-02 |Du|=6.53e+00 |DRu|=2.77e+01)
  [PT] w_u=10.0317 w_v=10.8652 gamma=0.995 (tau_u=9.968e-02 tau_v=9.204e-02 |Du|=7.66e-01 |DRu|=2.25e+00)
  [PT] w_u=10.5685 w_v=11.4577 gamma=0.994 (tau_u=9.462e-02 tau_v=8.728e-02 |Du|=6.05e+00 |DRu|=2.72e+01)
  [PT] w_u=10.2914 w_v=10.6412 gamma=0.993 (tau_u=9.717e-02 tau_v=9.397e-02 |Du|=6.54e-01 |DRu|=1.88e+00)
  [PT] w_u=10.8246 w_v=11.2491 gamma=0.997 (tau_u=9.238e-02 tau_v=8.890e-02 |Du|=6.10e+00 |DRu|=2.74e+01)
  [PT] w_u=9.0870 w_v=11.5651 gamma=0.994 (tau_u=1.100e-01 tau_v=8.647e-02 |Du|=1.16e+00 |DRu|=2.23e+00)
  [PT] w_u=9.6582 w_v=12.1331 gamma=0.994 (tau_u=1.035e-01 tau_v=8.242e-02 |Du|=5.84e+00 |DRu|=2.74e+01)
  [PT] w_u=9.5993 w_v=11.1539 gamma=0.989 (tau_u=1.042e-01 tau_v=8.965e-02 |Du|=8.95e-01 |DRu|=2.69e+00)
  [PT] w_u=10.1888 w_v=11.7958 gamma=0.999 (tau_u=9.815e-02 tau_v=8.478e-02 |Du|=5.97e+00 |DRu|=2.85e+01)
  [PT] w_u=9.2309 w_v=11.3919 gamma=0.996 (tau_u=1.083e-01 tau_v=8.778e-02 |Du|=1.94e+00 |DRu|=4.34e+00)
  [PT] w_u=9.7408 w_v=11.9415 gamma=0.988 (tau_u=1.027e-01 tau_v=8.374e-02 |Du|=6.36e+00 |DRu|=2.78e+01)
  [PT] w_u=9.1505 w_v=10.7738 gamma=0.989 (tau_u=1.093e-01 tau_v=9.282e-02 |Du|=2.68e+00 |DRu|=6.49e+00)
  [PT] w_u=9.6889 w_v=11.4387 gamma=0.998 (tau_u=1.032e-01 tau_v=8.742e-02 |Du|=6.28e+00 |DRu|=2.85e+01)
  [PT] w_u=9.3465 w_v=10.6217 gamma=0.996 (tau_u=1.070e-01 tau_v=9.415e-02 |Du|=1.48e+00 |DRu|=3.92e+00)
[Adam] ep=  660  total=1.046e-01  PDE=2.689e-02 [colloc=2.576e-02, cfd=1.129e-03] (w=1.304)  IN=4.406e-02 (w=1.217)  TB=1.909e-02 (w=0.826)  WALL=5.155e-16 (w=0.200)  OUT=6.895e-04 (w=0.200)  DATA=1.237e-01 (w=0.000)
  [PT] w_u=9.8813 w_v=11.2444 gamma=0.994 (tau_u=1.012e-01 tau_v=8.893e-02 |Du|=6.54e+00 |DRu|=2.94e+01)
  [PT] w_u=9.3103 w_v=10.1401 gamma=0.993 (tau_u=1.074e-01 tau_v=9.862e-02 |Du|=1.92e+00 |DRu|=4.73e+00)
  [PT] w_u=9.8529 w_v=10.7096 gamma=0.995 (tau_u=1.015e-01 tau_v=9.337e-02 |Du|=6.22e+00 |DRu|=2.83e+01)
  [PT] w_u=9.2597 w_v=10.2277 gamma=0.994 (tau_u=1.080e-01 tau_v=9.777e-02 |Du|=2.15e+00 |DRu|=5.25e+00)
  [PT] w_u=9.7454 w_v=10.7635 gamma=0.997 (tau_u=1.026e-01 tau_v=9.291e-02 |Du|=6.69e+00 |DRu|=2.87e+01)
  [PT] w_u=9.0684 w_v=9.9248 gamma=0.995 (tau_u=1.103e-01 tau_v=1.008e-01 |Du|=1.99e+00 |DRu|=4.68e+00)
  [PT] w_u=9.5966 w_v=10.4563 gamma=0.995 (tau_u=1.042e-01 tau_v=9.564e-02 |Du|=6.32e+00 |DRu|=2.83e+01)
  [PT] w_u=9.1606 w_v=9.8045 gamma=0.991 (tau_u=1.092e-01 tau_v=1.020e-01 |Du|=1.40e+00 |DRu|=3.55e+00)
  [PT] w_u=9.6969 w_v=10.3513 gamma=0.999 (tau_u=1.031e-01 tau_v=9.661e-02 |Du|=6.29e+00 |DRu|=2.84e+01)
  [PT] w_u=8.5086 w_v=10.3649 gamma=0.998 (tau_u=1.175e-01 tau_v=9.648e-02 |Du|=1.13e+00 |DRu|=2.27e+00)
  [PT] w_u=9.0529 w_v=10.9032 gamma=0.990 (tau_u=1.105e-01 tau_v=9.172e-02 |Du|=5.99e+00 |DRu|=2.75e+01)
  [PT] w_u=8.1144 w_v=11.2639 gamma=0.988 (tau_u=1.232e-01 tau_v=8.878e-02 |Du|=1.80e+00 |DRu|=3.67e+00)
  [PT] w_u=8.6859 w_v=11.9085 gamma=0.999 (tau_u=1.151e-01 tau_v=8.397e-02 |Du|=5.64e+00 |DRu|=2.74e+01)
  [PT] w_u=8.1804 w_v=11.9570 gamma=0.997 (tau_u=1.222e-01 tau_v=8.363e-02 |Du|=1.03e+00 |DRu|=2.38e+00)
  [PT] w_u=8.7712 w_v=12.6213 gamma=0.992 (tau_u=1.140e-01 tau_v=7.923e-02 |Du|=5.70e+00 |DRu|=2.84e+01)
  [PT] w_u=8.0128 w_v=11.5663 gamma=0.990 (tau_u=1.248e-01 tau_v=8.646e-02 |Du|=1.69e+00 |DRu|=3.57e+00)
  [PT] w_u=8.5862 w_v=12.1917 gamma=0.997 (tau_u=1.165e-01 tau_v=8.202e-02 |Du|=5.54e+00 |DRu|=2.72e+01)
  [PT] w_u=8.5913 w_v=10.8331 gamma=0.995 (tau_u=1.164e-01 tau_v=9.231e-02 |Du|=1.10e+00 |DRu|=3.22e+00)
  [PT] w_u=9.1785 w_v=11.4230 gamma=0.996 (tau_u=1.090e-01 tau_v=8.754e-02 |Du|=5.68e+00 |DRu|=2.77e+01)
  [PT] w_u=8.9881 w_v=10.3535 gamma=0.993 (tau_u=1.113e-01 tau_v=9.659e-02 |Du|=1.56e+00 |DRu|=4.28e+00)
[Adam] ep=  680  total=9.583e-02  PDE=2.338e-02 [colloc=2.228e-02, cfd=1.100e-03] (w=1.328)  IN=4.078e-02 (w=1.190)  TB=1.947e-02 (w=0.828)  WALL=5.420e-16 (w=0.200)  OUT=6.251e-04 (w=0.200)  DATA=1.187e-01 (w=0.000)
  [PT] w_u=9.5873 w_v=10.9637 gamma=0.994 (tau_u=1.043e-01 tau_v=9.121e-02 |Du|=5.45e+00 |DRu|=2.66e+01)
  [PT] w_u=9.5072 w_v=9.9351 gamma=0.991 (tau_u=1.052e-01 tau_v=1.007e-01 |Du|=1.19e+00 |DRu|=3.53e+00)
  [PT] w_u=10.1128 w_v=10.4763 gamma=0.997 (tau_u=9.888e-02 tau_v=9.545e-02 |Du|=5.74e+00 |DRu|=2.79e+01)
  [PT] w_u=10.3766 w_v=9.6868 gamma=0.996 (tau_u=9.637e-02 tau_v=1.032e-01 |Du|=8.74e-01 |DRu|=3.21e+00)
  [PT] w_u=10.8985 w_v=10.1377 gamma=0.990 (tau_u=9.176e-02 tau_v=9.864e-02 |Du|=5.67e+00 |DRu|=2.52e+01)
  [PT] w_u=10.7916 w_v=9.1922 gamma=0.985 (tau_u=9.266e-02 tau_v=1.088e-01 |Du|=1.91e+00 |DRu|=5.96e+00)
  [PT] w_u=11.3493 w_v=9.6775 gamma=0.999 (tau_u=8.811e-02 tau_v=1.033e-01 |Du|=5.69e+00 |DRu|=2.62e+01)
  [PT] w_u=10.8221 w_v=9.1877 gamma=0.996 (tau_u=9.240e-02 tau_v=1.088e-01 |Du|=2.15e+00 |DRu|=5.92e+00)
  [PT] w_u=11.2995 w_v=9.5670 gamma=0.992 (tau_u=8.850e-02 tau_v=1.045e-01 |Du|=6.12e+00 |DRu|=2.64e+01)
  [PT] w_u=10.7549 w_v=8.8006 gamma=0.988 (tau_u=9.298e-02 tau_v=1.136e-01 |Du|=2.32e+00 |DRu|=6.32e+00)
  [PT] w_u=11.2659 w_v=9.1680 gamma=0.999 (tau_u=8.876e-02 tau_v=1.091e-01 |Du|=6.00e+00 |DRu|=2.66e+01)
  [PT] w_u=10.2153 w_v=8.8972 gamma=0.994 (tau_u=9.789e-02 tau_v=1.124e-01 |Du|=2.85e+00 |DRu|=6.69e+00)
  [PT] w_u=10.6659 w_v=9.2149 gamma=0.996 (tau_u=9.376e-02 tau_v=1.085e-01 |Du|=6.45e+00 |DRu|=2.71e+01)
  [PT] w_u=9.1952 w_v=9.2212 gamma=0.995 (tau_u=1.088e-01 tau_v=1.084e-01 |Du|=2.95e+00 |DRu|=5.97e+00)
  [PT] w_u=9.6483 w_v=9.5532 gamma=0.992 (tau_u=1.036e-01 tau_v=1.047e-01 |Du|=6.20e+00 |DRu|=2.57e+01)
  [PT] w_u=8.6820 w_v=10.0018 gamma=0.988 (tau_u=1.152e-01 tau_v=9.998e-02 |Du|=2.89e+00 |DRu|=6.13e+00)
  [PT] w_u=9.1387 w_v=10.3718 gamma=0.999 (tau_u=1.094e-01 tau_v=9.642e-02 |Du|=6.52e+00 |DRu|=2.71e+01)
  [PT] w_u=8.1406 w_v=10.4954 gamma=0.998 (tau_u=1.228e-01 tau_v=9.528e-02 |Du|=2.04e+00 |DRu|=4.13e+00)
  [PT] w_u=8.6637 w_v=10.9731 gamma=0.991 (tau_u=1.154e-01 tau_v=9.113e-02 |Du|=6.10e+00 |DRu|=2.75e+01)
  [PT] w_u=8.0184 w_v=10.9932 gamma=0.985 (tau_u=1.247e-01 tau_v=9.097e-02 |Du|=2.46e+00 |DRu|=5.35e+00)
[Adam] ep=  700  total=8.701e-02  PDE=1.770e-02 [colloc=1.657e-02, cfd=1.132e-03] (w=1.311)  IN=3.940e-02 (w=1.191)  TB=2.025e-02 (w=0.828)  WALL=3.610e-16 (w=0.200)  OUT=6.104e-04 (w=0.200)  DATA=1.144e-01 (w=0.000)
  [PT] w_u=8.4942 w_v=11.4778 gamma=0.997 (tau_u=1.177e-01 tau_v=8.712e-02 |Du|=6.04e+00 |DRu|=2.57e+01)
  [PT] w_u=7.6767 w_v=11.4791 gamma=0.994 (tau_u=1.303e-01 tau_v=8.711e-02 |Du|=1.95e+00 |DRu|=3.94e+00)
  [PT] w_u=8.1975 w_v=12.0192 gamma=0.993 (tau_u=1.220e-01 tau_v=8.320e-02 |Du|=5.78e+00 |DRu|=2.64e+01)
  [PT] w_u=7.4207 w_v=12.4351 gamma=0.991 (tau_u=1.348e-01 tau_v=8.042e-02 |Du|=1.90e+00 |DRu|=3.79e+00)
  [PT] w_u=7.9593 w_v=13.0071 gamma=0.995 (tau_u=1.256e-01 tau_v=7.688e-02 |Du|=5.58e+00 |DRu|=2.67e+01)
  [PT] w_u=7.1415 w_v=12.3864 gamma=0.991 (tau_u=1.400e-01 tau_v=8.073e-02 |Du|=1.22e+00 |DRu|=2.33e+00)
  [PT] w_u=7.6740 w_v=12.9746 gamma=0.995 (tau_u=1.303e-01 tau_v=7.707e-02 |Du|=5.61e+00 |DRu|=2.70e+01)
  [PT] w_u=7.0591 w_v=12.4059 gamma=0.994 (tau_u=1.417e-01 tau_v=8.061e-02 |Du|=1.63e+00 |DRu|=3.29e+00)
  [PT] w_u=7.5856 w_v=13.0044 gamma=0.989 (tau_u=1.318e-01 tau_v=7.690e-02 |Du|=5.24e+00 |DRu|=2.51e+01)
  [PT] w_u=7.3678 w_v=11.4542 gamma=0.986 (tau_u=1.357e-01 tau_v=8.730e-02 |Du|=2.02e+00 |DRu|=4.84e+00)
  [PT] w_u=7.9385 w_v=12.1256 gamma=0.999 (tau_u=1.260e-01 tau_v=8.247e-02 |Du|=5.37e+00 |DRu|=2.75e+01)
  [PT] w_u=7.8423 w_v=11.3362 gamma=0.998 (tau_u=1.275e-01 tau_v=8.821e-02 |Du|=1.80e+00 |DRu|=4.79e+00)
  [PT] w_u=8.3502 w_v=11.8354 gamma=0.986 (tau_u=1.198e-01 tau_v=8.449e-02 |Du|=5.90e+00 |DRu|=2.62e+01)
  [PT] w_u=8.1436 w_v=10.5619 gamma=0.990 (tau_u=1.228e-01 tau_v=9.468e-02 |Du|=4.03e+00 |DRu|=1.03e+01)
  [PT] w_u=8.5453 w_v=11.1320 gamma=0.998 (tau_u=1.170e-01 tau_v=8.983e-02 |Du|=6.66e+00 |DRu|=2.61e+01)
  [PT] w_u=8.2779 w_v=10.3468 gamma=0.993 (tau_u=1.208e-01 tau_v=9.665e-02 |Du|=2.95e+00 |DRu|=7.46e+00)
  [PT] w_u=8.6018 w_v=10.8804 gamma=0.997 (tau_u=1.163e-01 tau_v=9.191e-02 |Du|=7.66e+00 |DRu|=2.79e+01)
  [PT] w_u=8.0075 w_v=10.1476 gamma=0.999 (tau_u=1.249e-01 tau_v=9.855e-02 |Du|=3.04e+00 |DRu|=6.76e+00)
  [PT] w_u=8.4026 w_v=10.6173 gamma=0.987 (tau_u=1.190e-01 tau_v=9.419e-02 |Du|=6.81e+00 |DRu|=2.63e+01)
  [PT] w_u=7.6690 w_v=10.5832 gamma=0.987 (tau_u=1.304e-01 tau_v=9.449e-02 |Du|=4.98e+00 |DRu|=1.03e+01)
[Adam] ep=  720  total=7.984e-02  PDE=1.657e-02 [colloc=1.541e-02, cfd=1.163e-03] (w=1.329)  IN=3.718e-02 (w=1.183)  TB=1.705e-02 (w=0.804)  WALL=2.964e-16 (w=0.200)  OUT=6.502e-04 (w=0.200)  DATA=1.133e-01 (w=0.000)
  [PT] w_u=7.8079 w_v=11.1730 gamma=1.000 (tau_u=1.281e-01 tau_v=8.950e-02 |Du|=9.87e+00 |DRu|=3.01e+01)
  [PT] w_u=7.3740 w_v=11.5328 gamma=1.000 (tau_u=1.356e-01 tau_v=8.671e-02 |Du|=2.78e+00 |DRu|=6.17e+00)
  [PT] w_u=7.6303 w_v=12.1551 gamma=0.989 (tau_u=1.311e-01 tau_v=8.227e-02 |Du|=9.45e+00 |DRu|=3.13e+01)
  [PT] w_u=6.9571 w_v=12.3273 gamma=0.993 (tau_u=1.437e-01 tau_v=8.112e-02 |Du|=4.05e+00 |DRu|=7.95e+00)
  [PT] w_u=7.1728 w_v=12.8713 gamma=0.997 (tau_u=1.394e-01 tau_v=7.769e-02 |Du|=9.25e+00 |DRu|=2.91e+01)
  [PT] w_u=6.7465 w_v=13.0867 gamma=0.998 (tau_u=1.482e-01 tau_v=7.641e-02 |Du|=3.17e+00 |DRu|=6.65e+00)
  [PT] w_u=7.0180 w_v=13.6033 gamma=0.991 (tau_u=1.425e-01 tau_v=7.351e-02 |Du|=8.59e+00 |DRu|=2.84e+01)
  [PT] w_u=6.4458 w_v=13.7039 gamma=0.994 (tau_u=1.551e-01 tau_v=7.297e-02 |Du|=4.90e+00 |DRu|=9.42e+00)
  [PT] w_u=6.7735 w_v=14.1861 gamma=0.991 (tau_u=1.476e-01 tau_v=7.049e-02 |Du|=6.93e+00 |DRu|=2.44e+01)
  [PT] w_u=6.4770 w_v=13.9077 gamma=0.993 (tau_u=1.544e-01 tau_v=7.190e-02 |Du|=5.61e+00 |DRu|=1.21e+01)
  [PT] w_u=6.8271 w_v=14.4917 gamma=0.997 (tau_u=1.465e-01 tau_v=6.900e-02 |Du|=7.71e+00 |DRu|=2.81e+01)
  [PT] w_u=6.3439 w_v=13.9216 gamma=0.997 (tau_u=1.576e-01 tau_v=7.183e-02 |Du|=5.20e+00 |DRu|=1.02e+01)
  [PT] w_u=6.7823 w_v=14.3576 gamma=0.988 (tau_u=1.474e-01 tau_v=6.965e-02 |Du|=5.81e+00 |DRu|=2.45e+01)
  [PT] w_u=6.4759 w_v=13.4969 gamma=0.995 (tau_u=1.544e-01 tau_v=7.409e-02 |Du|=8.21e+00 |DRu|=1.76e+01)
  [PT] w_u=6.8874 w_v=14.1127 gamma=0.995 (tau_u=1.452e-01 tau_v=7.086e-02 |Du|=6.00e+00 |DRu|=2.40e+01)
  [PT] w_u=6.5456 w_v=13.5387 gamma=0.992 (tau_u=1.528e-01 tau_v=7.386e-02 |Du|=7.41e+00 |DRu|=1.57e+01)
  [PT] w_u=6.9905 w_v=14.1572 gamma=0.996 (tau_u=1.431e-01 tau_v=7.064e-02 |Du|=5.94e+00 |DRu|=2.51e+01)
  [PT] w_u=6.6193 w_v=13.0022 gamma=0.998 (tau_u=1.511e-01 tau_v=7.691e-02 |Du|=7.09e+00 |DRu|=1.50e+01)
  [PT] w_u=7.1345 w_v=13.6187 gamma=0.996 (tau_u=1.402e-01 tau_v=7.343e-02 |Du|=5.02e+00 |DRu|=2.45e+01)
  [PT] w_u=6.7472 w_v=12.8792 gamma=0.994 (tau_u=1.482e-01 tau_v=7.764e-02 |Du|=1.01e+01 |DRu|=2.14e+01)
[Adam] ep=  740  total=8.408e-02  PDE=2.363e-02 [colloc=2.252e-02, cfd=1.112e-03] (w=1.345)  IN=3.329e-02 (w=1.174)  TB=1.630e-02 (w=0.804)  WALL=7.131e-16 (w=0.200)  OUT=6.379e-04 (w=0.200)  DATA=1.140e-01 (w=0.000)
  [PT] w_u=7.2349 w_v=13.4411 gamma=0.997 (tau_u=1.382e-01 tau_v=7.440e-02 |Du|=5.19e+00 |DRu|=2.36e+01)
  [PT] w_u=6.8925 w_v=12.1717 gamma=0.997 (tau_u=1.451e-01 tau_v=8.216e-02 |Du|=1.01e+01 |DRu|=2.21e+01)
  [PT] w_u=7.4165 w_v=12.8125 gamma=0.999 (tau_u=1.348e-01 tau_v=7.805e-02 |Du|=4.92e+00 |DRu|=2.38e+01)
  [PT] w_u=7.0171 w_v=12.1176 gamma=0.995 (tau_u=1.425e-01 tau_v=8.252e-02 |Du|=9.65e+00 |DRu|=2.09e+01)
  [PT] w_u=7.5118 w_v=12.5359 gamma=1.000 (tau_u=1.331e-01 tau_v=7.977e-02 |Du|=5.47e+00 |DRu|=2.48e+01)
  [PT] w_u=7.1873 w_v=11.5295 gamma=0.998 (tau_u=1.391e-01 tau_v=8.673e-02 |Du|=1.07e+01 |DRu|=2.43e+01)
  [PT] w_u=7.5855 w_v=11.7783 gamma=1.000 (tau_u=1.318e-01 tau_v=8.490e-02 |Du|=6.21e+00 |DRu|=2.42e+01)
  [PT] w_u=7.1400 w_v=11.1842 gamma=0.996 (tau_u=1.401e-01 tau_v=8.941e-02 |Du|=1.31e+01 |DRu|=2.83e+01)
  [PT] w_u=7.5015 w_v=11.2694 gamma=1.000 (tau_u=1.333e-01 tau_v=8.874e-02 |Du|=5.77e+00 |DRu|=2.14e+01)
  [PT] w_u=7.2082 w_v=10.7018 gamma=0.999 (tau_u=1.387e-01 tau_v=9.344e-02 |Du|=1.44e+01 |DRu|=3.31e+01)
  [PT] w_u=7.4897 w_v=10.8145 gamma=1.000 (tau_u=1.335e-01 tau_v=9.247e-02 |Du|=6.49e+00 |DRu|=2.21e+01)
  [PT] w_u=7.0174 w_v=10.5404 gamma=0.998 (tau_u=1.425e-01 tau_v=9.487e-02 |Du|=1.67e+01 |DRu|=3.53e+01)
  [PT] w_u=7.0261 w_v=10.0767 gamma=1.000 (tau_u=1.423e-01 tau_v=9.924e-02 |Du|=9.42e+00 |DRu|=2.51e+01)
  [PT] w_u=6.8240 w_v=10.3344 gamma=0.999 (tau_u=1.465e-01 tau_v=9.676e-02 |Du|=1.49e+01 |DRu|=3.48e+01)
  [PT] w_u=6.7133 w_v=10.1102 gamma=1.000 (tau_u=1.490e-01 tau_v=9.891e-02 |Du|=1.11e+01 |DRu|=2.70e+01)
  [PT] w_u=6.7392 w_v=10.7010 gamma=1.000 (tau_u=1.484e-01 tau_v=9.345e-02 |Du|=1.21e+01 |DRu|=3.18e+01)
  [PT] w_u=6.2618 w_v=10.3489 gamma=1.000 (tau_u=1.597e-01 tau_v=9.663e-02 |Du|=1.27e+01 |DRu|=2.49e+01)
  [PT] w_u=6.7037 w_v=10.4565 gamma=1.000 (tau_u=1.492e-01 tau_v=9.563e-02 |Du|=5.98e+00 |DRu|=2.56e+01)
  [PT] w_u=6.4000 w_v=10.5661 gamma=0.997 (tau_u=1.563e-01 tau_v=9.464e-02 |Du|=1.51e+01 |DRu|=3.21e+01)
  [PT] w_u=6.4754 w_v=10.4594 gamma=1.000 (tau_u=1.544e-01 tau_v=9.561e-02 |Du|=9.28e+00 |DRu|=2.50e+01)
[Adam] ep=  760  total=1.086e-01  PDE=2.409e-02 [colloc=2.281e-02, cfd=1.286e-03] (w=1.549)  IN=4.402e-02 (w=1.198)  TB=2.307e-02 (w=0.800)  WALL=5.587e-16 (w=0.200)  OUT=5.683e-04 (w=0.200)  DATA=1.148e-01 (w=0.000)
  [PT] w_u=6.0812 w_v=10.8382 gamma=0.993 (tau_u=1.644e-01 tau_v=9.227e-02 |Du|=1.48e+01 |DRu|=2.93e+01)
  [PT] w_u=5.9882 w_v=10.6659 gamma=1.000 (tau_u=1.670e-01 tau_v=9.376e-02 |Du|=1.21e+01 |DRu|=2.78e+01)
  [PT] w_u=5.9682 w_v=11.1665 gamma=0.999 (tau_u=1.676e-01 tau_v=8.955e-02 |Du|=1.19e+01 |DRu|=2.85e+01)
  [PT] w_u=5.7893 w_v=10.9311 gamma=0.999 (tau_u=1.727e-01 tau_v=9.148e-02 |Du|=1.12e+01 |DRu|=2.40e+01)
  [PT] w_u=6.1527 w_v=11.0972 gamma=1.000 (tau_u=1.625e-01 tau_v=9.011e-02 |Du|=6.84e+00 |DRu|=2.57e+01)
  [PT] w_u=5.7951 w_v=11.4220 gamma=1.000 (tau_u=1.726e-01 tau_v=8.755e-02 |Du|=8.75e+00 |DRu|=1.71e+01)
  [PT] w_u=6.0748 w_v=11.5204 gamma=0.988 (tau_u=1.646e-01 tau_v=8.680e-02 |Du|=7.66e+00 |DRu|=2.50e+01)
  [PT] w_u=5.6892 w_v=11.6130 gamma=0.994 (tau_u=1.758e-01 tau_v=8.611e-02 |Du|=1.36e+01 |DRu|=2.58e+01)
  [PT] w_u=5.7909 w_v=11.5775 gamma=0.998 (tau_u=1.727e-01 tau_v=8.637e-02 |Du|=6.54e+00 |DRu|=1.72e+01)
  [PT] w_u=5.4440 w_v=11.3486 gamma=0.974 (tau_u=1.837e-01 tau_v=8.812e-02 |Du|=1.45e+01 |DRu|=2.69e+01)
  [PT] w_u=5.7568 w_v=10.2861 gamma=0.987 (tau_u=1.737e-01 tau_v=9.722e-02 |Du|=4.47e+00 |DRu|=1.53e+01)
  [PT] w_u=5.3557 w_v=10.4893 gamma=0.973 (tau_u=1.867e-01 tau_v=9.534e-02 |Du|=1.22e+01 |DRu|=2.18e+01)
  [PT] w_u=5.3994 w_v=9.4860 gamma=0.995 (tau_u=1.852e-01 tau_v=1.054e-01 |Du|=8.60e+00 |DRu|=2.07e+01)
  [PT] w_u=5.8492 w_v=9.1242 gamma=0.990 (tau_u=1.710e-01 tau_v=1.096e-01 |Du|=3.88e+00 |DRu|=1.87e+01)
  [PT] w_u=5.9686 w_v=8.7875 gamma=0.996 (tau_u=1.675e-01 tau_v=1.138e-01 |Du|=7.30e+00 |DRu|=1.97e+01)
  [PT] w_u=6.2914 w_v=8.5788 gamma=1.000 (tau_u=1.589e-01 tau_v=1.166e-01 |Du|=7.30e+00 |DRu|=2.56e+01)
  [PT] w_u=6.5638 w_v=8.4193 gamma=1.000 (tau_u=1.524e-01 tau_v=1.188e-01 |Du|=5.42e+00 |DRu|=1.78e+01)
  [PT] w_u=7.0537 w_v=9.0050 gamma=1.000 (tau_u=1.418e-01 tau_v=1.110e-01 |Du|=8.48e+00 |DRu|=3.93e+01)
  [PT] w_u=7.1275 w_v=8.5644 gamma=1.000 (tau_u=1.403e-01 tau_v=1.168e-01 |Du|=6.09e+00 |DRu|=1.71e+01)
  [PT] w_u=7.5289 w_v=8.6692 gamma=1.000 (tau_u=1.328e-01 tau_v=1.154e-01 |Du|=6.18e+00 |DRu|=2.41e+01)
[Adam] ep=  780  total=2.181e-01  PDE=9.471e-02 [colloc=9.266e-02, cfd=2.052e-03] (w=1.630)  IN=4.145e-02 (w=1.187)  TB=1.795e-02 (w=0.805)  WALL=1.209e-15 (w=0.200)  OUT=5.739e-04 (w=0.200)  DATA=1.215e-01 (w=0.000)
  [PT] w_u=8.0560 w_v=9.3650 gamma=1.000 (tau_u=1.241e-01 tau_v=1.068e-01 |Du|=1.01e+01 |DRu|=4.73e+01)
  [PT] w_u=8.4662 w_v=9.7803 gamma=1.000 (tau_u=1.181e-01 tau_v=1.022e-01 |Du|=5.99e+00 |DRu|=2.37e+01)
  [PT] w_u=8.5455 w_v=9.3452 gamma=1.000 (tau_u=1.170e-01 tau_v=1.070e-01 |Du|=4.61e+00 |DRu|=1.41e+01)
  [PT] w_u=8.9866 w_v=9.7657 gamma=0.999 (tau_u=1.113e-01 tau_v=1.024e-01 |Du|=8.22e+00 |DRu|=3.37e+01)
  [PT] w_u=9.4998 w_v=10.4230 gamma=1.000 (tau_u=1.053e-01 tau_v=9.594e-02 |Du|=1.28e+01 |DRu|=5.64e+01)
  [PT] w_u=9.7646 w_v=10.9699 gamma=1.000 (tau_u=1.024e-01 tau_v=9.116e-02 |Du|=7.37e+00 |DRu|=2.66e+01)
  [PT] w_u=9.0762 w_v=10.4507 gamma=1.000 (tau_u=1.102e-01 tau_v=9.569e-02 |Du|=5.03e+00 |DRu|=1.19e+01)
  [PT] w_u=9.3794 w_v=10.6410 gamma=1.000 (tau_u=1.066e-01 tau_v=9.398e-02 |Du|=6.75e+00 |DRu|=2.47e+01)
  [PT] w_u=9.8572 w_v=11.1150 gamma=1.000 (tau_u=1.014e-01 tau_v=8.997e-02 |Du|=9.46e+00 |DRu|=4.04e+01)
  [PT] w_u=10.2483 w_v=11.5089 gamma=1.000 (tau_u=9.758e-02 tau_v=8.689e-02 |Du|=1.45e+01 |DRu|=5.79e+01)
  [PT] w_u=10.5944 w_v=11.4618 gamma=1.000 (tau_u=9.439e-02 tau_v=8.725e-02 |Du|=9.35e+00 |DRu|=3.65e+01)
  [PT] w_u=10.7178 w_v=10.5097 gamma=1.000 (tau_u=9.330e-02 tau_v=9.515e-02 |Du|=5.64e+00 |DRu|=1.95e+01)
  [PT] w_u=10.7224 w_v=10.6430 gamma=1.000 (tau_u=9.326e-02 tau_v=9.396e-02 |Du|=6.62e+00 |DRu|=2.17e+01)
  [PT] w_u=10.9462 w_v=11.1082 gamma=1.000 (tau_u=9.136e-02 tau_v=9.002e-02 |Du|=1.03e+01 |DRu|=3.78e+01)
  [PT] w_u=10.7505 w_v=11.2752 gamma=1.000 (tau_u=9.302e-02 tau_v=8.869e-02 |Du|=1.46e+01 |DRu|=4.45e+01)
  [PT] w_u=9.7871 w_v=10.6443 gamma=1.000 (tau_u=1.022e-01 tau_v=9.395e-02 |Du|=1.55e+01 |DRu|=3.60e+01)
  [PT] w_u=9.0273 w_v=9.7964 gamma=1.000 (tau_u=1.108e-01 tau_v=1.021e-01 |Du|=1.16e+01 |DRu|=2.69e+01)
  [PT] w_u=9.0953 w_v=9.3983 gamma=1.000 (tau_u=1.099e-01 tau_v=1.064e-01 |Du|=7.52e+00 |DRu|=2.35e+01)
  [PT] w_u=9.5489 w_v=9.9658 gamma=1.000 (tau_u=1.047e-01 tau_v=1.003e-01 |Du|=5.83e+00 |DRu|=2.42e+01)
  [PT] w_u=9.5845 w_v=9.4963 gamma=1.000 (tau_u=1.043e-01 tau_v=1.053e-01 |Du|=9.57e+00 |DRu|=3.01e+01)
[Adam] ep=  800  total=6.156e-01  PDE=1.377e-01 [colloc=1.338e-01, cfd=3.843e-03] (w=2.402)  IN=1.967e-01 (w=1.179)  TB=7.072e-02 (w=0.726)  WALL=3.211e-15 (w=0.200)  OUT=7.636e-03 (w=0.239)  DATA=2.391e-01 (w=0.000)
  [PT] w_u=9.2962 w_v=8.9286 gamma=1.000 (tau_u=1.076e-01 tau_v=1.120e-01 |Du|=1.25e+01 |DRu|=3.39e+01)
  [PT] w_u=9.0581 w_v=8.9794 gamma=1.000 (tau_u=1.104e-01 tau_v=1.114e-01 |Du|=6.27e+00 |DRu|=1.70e+01)
  [PT] w_u=7.7790 w_v=9.1867 gamma=1.000 (tau_u=1.286e-01 tau_v=1.089e-01 |Du|=6.20e+00 |DRu|=1.15e+01)
  [PT] w_u=7.6817 w_v=9.1362 gamma=0.978 (tau_u=1.302e-01 tau_v=1.095e-01 |Du|=9.68e+00 |DRu|=2.51e+01)
  [PT] w_u=5.3392 w_v=8.4438 gamma=0.994 (tau_u=1.873e-01 tau_v=1.184e-01 |Du|=1.17e+01 |DRu|=1.40e+01)
  [PT] w_u=3.7036 w_v=8.5528 gamma=0.984 (tau_u=2.700e-01 tau_v=1.169e-01 |Du|=1.43e+01 |DRu|=1.40e+01)
  [PT] w_u=3.2945 w_v=7.8090 gamma=0.996 (tau_u=3.035e-01 tau_v=1.281e-01 |Du|=1.39e+01 |DRu|=1.79e+01)
  [PT] w_u=3.3808 w_v=8.5120 gamma=1.000 (tau_u=2.958e-01 tau_v=1.175e-01 |Du|=1.34e+01 |DRu|=2.82e+01)
  [PT] w_u=2.6775 w_v=8.4885 gamma=1.000 (tau_u=3.735e-01 tau_v=1.178e-01 |Du|=8.73e+00 |DRu|=8.43e+00)
  [PT] w_u=2.9416 w_v=9.1919 gamma=1.000 (tau_u=3.399e-01 tau_v=1.088e-01 |Du|=9.15e+00 |DRu|=4.69e+01)
  [PT] w_u=3.0727 w_v=8.9880 gamma=1.000 (tau_u=3.254e-01 tau_v=1.113e-01 |Du|=6.61e+00 |DRu|=1.50e+01)
  [PT] w_u=3.3189 w_v=9.3884 gamma=1.000 (tau_u=3.013e-01 tau_v=1.065e-01 |Du|=6.05e+00 |DRu|=2.09e+01)
  [PT] w_u=3.6539 w_v=10.2234 gamma=1.000 (tau_u=2.737e-01 tau_v=9.781e-02 |Du|=8.68e+00 |DRu|=5.48e+01)
  [PT] w_u=4.0148 w_v=11.1405 gamma=1.000 (tau_u=2.491e-01 tau_v=8.976e-02 |Du|=2.67e+00 |DRu|=1.61e+01)
  [PT] w_u=4.3574 w_v=11.5763 gamma=1.000 (tau_u=2.295e-01 tau_v=8.638e-02 |Du|=4.05e+00 |DRu|=1.75e+01)
  [PT] w_u=4.7520 w_v=12.2979 gamma=0.999 (tau_u=2.104e-01 tau_v=8.131e-02 |Du|=9.00e+00 |DRu|=4.56e+01)
  [PT] w_u=4.5115 w_v=11.5680 gamma=1.000 (tau_u=2.217e-01 tau_v=8.645e-02 |Du|=4.90e+00 |DRu|=8.64e+00)
  [PT] w_u=4.9240 w_v=12.4697 gamma=0.999 (tau_u=2.031e-01 tau_v=8.019e-02 |Du|=5.17e+00 |DRu|=2.72e+01)
  [PT] w_u=4.2754 w_v=11.8985 gamma=1.000 (tau_u=2.339e-01 tau_v=8.404e-02 |Du|=6.49e+00 |DRu|=9.08e+00)
  [PT] w_u=4.6120 w_v=12.6055 gamma=1.000 (tau_u=2.168e-01 tau_v=7.933e-02 |Du|=1.08e+01 |DRu|=4.29e+01)
[Adam] ep=  820  total=2.202e-01  PDE=3.345e-02 [colloc=2.808e-02, cfd=5.368e-03] (w=1.897)  IN=7.747e-02 (w=1.379)  TB=4.318e-02 (w=1.146)  WALL=7.494e-16 (w=0.200)  OUT=1.253e-03 (w=0.310)  DATA=1.029e-01 (w=0.000)
  [PT] w_u=4.1905 w_v=11.1224 gamma=1.000 (tau_u=2.386e-01 tau_v=8.991e-02 |Du|=9.25e+00 |DRu|=1.40e+01)
  [PT] w_u=4.3700 w_v=11.2756 gamma=1.000 (tau_u=2.288e-01 tau_v=8.869e-02 |Du|=9.47e+00 |DRu|=2.52e+01)
  [PT] w_u=4.7621 w_v=12.0328 gamma=1.000 (tau_u=2.100e-01 tau_v=8.311e-02 |Du|=1.02e+01 |DRu|=5.06e+01)
  [PT] w_u=5.1323 w_v=12.6318 gamma=1.000 (tau_u=1.948e-01 tau_v=7.917e-02 |Du|=6.15e+00 |DRu|=2.54e+01)
  [PT] w_u=5.1450 w_v=11.0220 gamma=1.000 (tau_u=1.944e-01 tau_v=9.073e-02 |Du|=6.32e+00 |DRu|=1.45e+01)
  [PT] w_u=5.4507 w_v=11.1611 gamma=1.000 (tau_u=1.835e-01 tau_v=8.960e-02 |Du|=8.97e+00 |DRu|=3.07e+01)
  [PT] w_u=5.8676 w_v=11.7824 gamma=1.000 (tau_u=1.704e-01 tau_v=8.487e-02 |Du|=1.22e+01 |DRu|=5.29e+01)
  [PT] w_u=5.9335 w_v=12.4256 gamma=1.000 (tau_u=1.685e-01 tau_v=8.048e-02 |Du|=9.33e+00 |DRu|=2.40e+01)
  [PT] w_u=5.0330 w_v=12.1309 gamma=1.000 (tau_u=1.987e-01 tau_v=8.243e-02 |Du|=1.06e+01 |DRu|=1.55e+01)
  [PT] w_u=5.1192 w_v=12.1841 gamma=1.000 (tau_u=1.953e-01 tau_v=8.207e-02 |Du|=1.20e+01 |DRu|=2.95e+01)
  [PT] w_u=5.4498 w_v=12.4067 gamma=1.000 (tau_u=1.835e-01 tau_v=8.060e-02 |Du|=1.07e+01 |DRu|=3.87e+01)
  [PT] w_u=5.6864 w_v=12.3782 gamma=1.000 (tau_u=1.759e-01 tau_v=8.079e-02 |Du|=6.89e+00 |DRu|=2.11e+01)
  [PT] w_u=5.5565 w_v=10.6967 gamma=1.000 (tau_u=1.800e-01 tau_v=9.349e-02 |Du|=8.97e+00 |DRu|=1.93e+01)
  [PT] w_u=5.7025 w_v=10.5073 gamma=1.000 (tau_u=1.754e-01 tau_v=9.517e-02 |Du|=9.08e+00 |DRu|=2.48e+01)
  [PT] w_u=6.0602 w_v=11.0547 gamma=1.000 (tau_u=1.650e-01 tau_v=9.046e-02 |Du|=6.88e+00 |DRu|=2.57e+01)
  [PT] w_u=5.5042 w_v=10.0763 gamma=1.000 (tau_u=1.817e-01 tau_v=9.924e-02 |Du|=1.02e+01 |DRu|=1.77e+01)
  [PT] w_u=5.3928 w_v=9.4639 gamma=0.998 (tau_u=1.854e-01 tau_v=1.057e-01 |Du|=1.04e+01 |DRu|=2.23e+01)
  [PT] w_u=5.7944 w_v=10.0048 gamma=1.000 (tau_u=1.726e-01 tau_v=9.995e-02 |Du|=4.64e+00 |DRu|=1.94e+01)
  [PT] w_u=5.3876 w_v=9.8686 gamma=0.998 (tau_u=1.856e-01 tau_v=1.013e-01 |Du|=9.99e+00 |DRu|=1.81e+01)
  [PT] w_u=5.1239 w_v=9.6509 gamma=1.000 (tau_u=1.952e-01 tau_v=1.036e-01 |Du|=1.17e+01 |DRu|=2.20e+01)
[Adam] ep=  840  total=2.675e-01  PDE=2.727e-02 [colloc=2.556e-02, cfd=1.717e-03] (w=1.708)  IN=1.316e-01 (w=1.444)  TB=3.665e-02 (w=0.824)  WALL=4.393e-16 (w=0.200)  OUT=2.664e-03 (w=0.228)  DATA=1.761e-01 (w=0.000)
  [PT] w_u=5.5353 w_v=10.3059 gamma=1.000 (tau_u=1.807e-01 tau_v=9.703e-02 |Du|=5.35e+00 |DRu|=2.39e+01)
  [PT] w_u=5.4617 w_v=10.4603 gamma=1.000 (tau_u=1.831e-01 tau_v=9.560e-02 |Du|=6.51e+00 |DRu|=1.44e+01)
  [PT] w_u=5.3359 w_v=10.1613 gamma=0.999 (tau_u=1.874e-01 tau_v=9.841e-02 |Du|=8.74e+00 |DRu|=1.84e+01)
  [PT] w_u=5.5861 w_v=10.3701 gamma=0.995 (tau_u=1.790e-01 tau_v=9.643e-02 |Du|=7.41e+00 |DRu|=2.30e+01)
  [PT] w_u=5.4588 w_v=10.6707 gamma=1.000 (tau_u=1.832e-01 tau_v=9.371e-02 |Du|=1.02e+01 |DRu|=2.18e+01)
  [PT] w_u=4.8916 w_v=10.1282 gamma=1.000 (tau_u=2.044e-01 tau_v=9.873e-02 |Du|=1.15e+01 |DRu|=1.83e+01)
  [PT] w_u=4.8215 w_v=10.2851 gamma=1.000 (tau_u=2.074e-01 tau_v=9.723e-02 |Du|=8.54e+00 |DRu|=1.76e+01)
  [PT] w_u=5.2113 w_v=10.8705 gamma=1.000 (tau_u=1.919e-01 tau_v=9.199e-02 |Du|=5.90e+00 |DRu|=2.58e+01)
  [PT] w_u=5.0028 w_v=10.2503 gamma=1.000 (tau_u=1.999e-01 tau_v=9.756e-02 |Du|=8.48e+00 |DRu|=1.63e+01)
  [PT] w_u=5.0048 w_v=9.9564 gamma=0.994 (tau_u=1.998e-01 tau_v=1.004e-01 |Du|=8.49e+00 |DRu|=1.90e+01)
  [PT] w_u=5.4280 w_v=10.5141 gamma=0.999 (tau_u=1.842e-01 tau_v=9.511e-02 |Du|=5.05e+00 |DRu|=2.41e+01)
  [PT] w_u=5.3086 w_v=11.0609 gamma=1.000 (tau_u=1.884e-01 tau_v=9.041e-02 |Du|=7.76e+00 |DRu|=1.63e+01)
  [PT] w_u=4.7760 w_v=10.4017 gamma=1.000 (tau_u=2.094e-01 tau_v=9.614e-02 |Du|=8.98e+00 |DRu|=1.42e+01)
  [PT] w_u=5.0118 w_v=10.7272 gamma=0.999 (tau_u=1.995e-01 tau_v=9.322e-02 |Du|=8.02e+00 |DRu|=2.41e+01)
  [PT] w_u=5.3048 w_v=11.5969 gamma=1.000 (tau_u=1.885e-01 tau_v=8.623e-02 |Du|=8.80e+00 |DRu|=2.95e+01)
  [PT] w_u=5.1840 w_v=11.9046 gamma=1.000 (tau_u=1.929e-01 tau_v=8.400e-02 |Du|=7.59e+00 |DRu|=1.57e+01)
  [PT] w_u=5.2442 w_v=11.7740 gamma=1.000 (tau_u=1.907e-01 tau_v=8.493e-02 |Du|=6.50e+00 |DRu|=1.57e+01)
  [PT] w_u=5.6056 w_v=12.0708 gamma=1.000 (tau_u=1.784e-01 tau_v=8.284e-02 |Du|=6.38e+00 |DRu|=2.45e+01)
  [PT] w_u=5.7340 w_v=12.4810 gamma=1.000 (tau_u=1.744e-01 tau_v=8.012e-02 |Du|=1.41e+01 |DRu|=3.79e+01)
  [PT] w_u=5.7830 w_v=12.7202 gamma=1.000 (tau_u=1.729e-01 tau_v=7.861e-02 |Du|=1.23e+01 |DRu|=3.08e+01)
[Adam] ep=  860  total=2.571e-01  PDE=9.143e-02 [colloc=8.962e-02, cfd=1.816e-03] (w=1.667)  IN=5.934e-02 (w=1.379)  TB=2.743e-02 (w=0.824)  WALL=4.535e-15 (w=0.200)  OUT=1.192e-03 (w=0.230)  DATA=1.274e-01 (w=0.000)
  [PT] w_u=5.5261 w_v=12.1619 gamma=1.000 (tau_u=1.810e-01 tau_v=8.222e-02 |Du|=8.29e+00 |DRu|=1.65e+01)
  [PT] w_u=5.6364 w_v=11.9449 gamma=1.000 (tau_u=1.774e-01 tau_v=8.372e-02 |Du|=6.09e+00 |DRu|=1.60e+01)
  [PT] w_u=5.9642 w_v=12.2042 gamma=1.000 (tau_u=1.677e-01 tau_v=8.194e-02 |Du|=8.28e+00 |DRu|=2.93e+01)
  [PT] w_u=6.0957 w_v=12.2552 gamma=1.000 (tau_u=1.640e-01 tau_v=8.160e-02 |Du|=1.34e+01 |DRu|=3.71e+01)
  [PT] w_u=5.1626 w_v=11.3277 gamma=1.000 (tau_u=1.937e-01 tau_v=8.828e-02 |Du|=1.61e+01 |DRu|=2.37e+01)
  [PT] w_u=4.2893 w_v=10.5135 gamma=1.000 (tau_u=2.331e-01 tau_v=9.512e-02 |Du|=1.47e+01 |DRu|=1.92e+01)
  [PT] w_u=4.2019 w_v=10.4862 gamma=1.000 (tau_u=2.380e-01 tau_v=9.536e-02 |Du|=1.09e+01 |DRu|=2.06e+01)
  [PT] w_u=4.5203 w_v=10.8909 gamma=1.000 (tau_u=2.212e-01 tau_v=9.182e-02 |Du|=4.69e+00 |DRu|=1.77e+01)
  [PT] w_u=4.5697 w_v=10.6603 gamma=0.978 (tau_u=2.188e-01 tau_v=9.381e-02 |Du|=7.51e+00 |DRu|=1.67e+01)
  [PT] w_u=4.5033 w_v=10.5974 gamma=0.999 (tau_u=2.221e-01 tau_v=9.436e-02 |Du|=1.40e+01 |DRu|=2.79e+01)
  [PT] w_u=4.2307 w_v=10.0483 gamma=1.000 (tau_u=2.364e-01 tau_v=9.952e-02 |Du|=7.33e+00 |DRu|=1.21e+01)
  [PT] w_u=4.6397 w_v=10.7487 gamma=1.000 (tau_u=2.155e-01 tau_v=9.303e-02 |Du|=2.99e+00 |DRu|=1.79e+01)
  [PT] w_u=4.6975 w_v=10.0608 gamma=0.998 (tau_u=2.129e-01 tau_v=9.940e-02 |Du|=5.15e+00 |DRu|=1.18e+01)
  [PT] w_u=5.0853 w_v=10.2298 gamma=0.989 (tau_u=1.966e-01 tau_v=9.775e-02 |Du|=3.60e+00 |DRu|=1.59e+01)
  [PT] w_u=4.9271 w_v=9.3651 gamma=0.974 (tau_u=2.030e-01 tau_v=1.068e-01 |Du|=6.42e+00 |DRu|=1.24e+01)
  [PT] w_u=5.0680 w_v=9.1767 gamma=0.991 (tau_u=1.973e-01 tau_v=1.090e-01 |Du|=7.01e+00 |DRu|=1.82e+01)
  [PT] w_u=3.0626 w_v=7.2805 gamma=0.989 (tau_u=3.265e-01 tau_v=1.374e-01 |Du|=1.02e+01 |DRu|=8.28e+00)
  [PT] w_u=2.8438 w_v=7.6355 gamma=0.987 (tau_u=3.516e-01 tau_v=1.310e-01 |Du|=1.48e+01 |DRu|=1.94e+01)
  [PT] w_u=2.7096 w_v=7.4581 gamma=0.993 (tau_u=3.691e-01 tau_v=1.341e-01 |Du|=8.16e+00 |DRu|=1.12e+01)
  [PT] w_u=2.8675 w_v=8.0201 gamma=0.992 (tau_u=3.487e-01 tau_v=1.247e-01 |Du|=7.30e+00 |DRu|=1.78e+01)
[Adam] ep=  880  total=1.181e-01  PDE=2.232e-02 [colloc=1.980e-02, cfd=2.525e-03] (w=1.509)  IN=4.303e-02 (w=1.401)  TB=2.542e-02 (w=0.890)  WALL=3.947e-16 (w=0.200)  OUT=4.524e-03 (w=0.334)  DATA=9.105e-02 (w=0.000)
  [PT] w_u=2.9410 w_v=8.2037 gamma=0.998 (tau_u=3.400e-01 tau_v=1.219e-01 |Du|=5.00e+00 |DRu|=9.76e+00)
  [PT] w_u=3.0049 w_v=8.0333 gamma=0.991 (tau_u=3.328e-01 tau_v=1.245e-01 |Du|=9.63e+00 |DRu|=1.85e+01)
  [PT] w_u=3.0535 w_v=7.3148 gamma=0.999 (tau_u=3.275e-01 tau_v=1.367e-01 |Du|=6.17e+00 |DRu|=1.16e+01)
  [PT] w_u=3.2983 w_v=8.0049 gamma=1.000 (tau_u=3.032e-01 tau_v=1.249e-01 |Du|=8.78e+00 |DRu|=3.02e+01)
  [PT] w_u=3.0017 w_v=8.0582 gamma=1.000 (tau_u=3.331e-01 tau_v=1.241e-01 |Du|=9.02e+00 |DRu|=1.16e+01)
  [PT] w_u=3.2464 w_v=8.7515 gamma=1.000 (tau_u=3.080e-01 tau_v=1.143e-01 |Du|=8.02e+00 |DRu|=2.80e+01)
  [PT] w_u=3.5118 w_v=9.0889 gamma=1.000 (tau_u=2.848e-01 tau_v=1.100e-01 |Du|=5.37e+00 |DRu|=1.96e+01)
  [PT] w_u=3.6828 w_v=9.1056 gamma=1.000 (tau_u=2.715e-01 tau_v=1.098e-01 |Du|=7.67e+00 |DRu|=1.96e+01)
  [PT] w_u=4.0142 w_v=9.7450 gamma=1.000 (tau_u=2.491e-01 tau_v=1.026e-01 |Du|=6.95e+00 |DRu|=3.19e+01)
  [PT] w_u=3.5549 w_v=10.1099 gamma=1.000 (tau_u=2.813e-01 tau_v=9.891e-02 |Du|=7.05e+00 |DRu|=9.33e+00)
  [PT] w_u=3.5171 w_v=10.5645 gamma=0.997 (tau_u=2.843e-01 tau_v=9.466e-02 |Du|=1.13e+01 |DRu|=2.02e+01)
  [PT] w_u=3.6793 w_v=11.0611 gamma=1.000 (tau_u=2.718e-01 tau_v=9.041e-02 |Du|=1.25e+01 |DRu|=3.14e+01)
  [PT] w_u=3.5065 w_v=10.3370 gamma=1.000 (tau_u=2.852e-01 tau_v=9.674e-02 |Du|=4.39e+00 |DRu|=6.89e+00)
  [PT] w_u=3.8280 w_v=10.8229 gamma=0.992 (tau_u=2.612e-01 tau_v=9.240e-02 |Du|=3.09e+00 |DRu|=1.44e+01)
  [PT] w_u=3.9867 w_v=11.5215 gamma=1.000 (tau_u=2.508e-01 tau_v=8.679e-02 |Du|=1.41e+01 |DRu|=3.55e+01)
  [PT] w_u=3.9445 w_v=11.9473 gamma=1.000 (tau_u=2.535e-01 tau_v=8.370e-02 |Du|=9.90e+00 |DRu|=1.88e+01)
  [PT] w_u=4.1417 w_v=12.2356 gamma=1.000 (tau_u=2.414e-01 tau_v=8.173e-02 |Du|=5.54e+00 |DRu|=1.52e+01)
  [PT] w_u=4.4849 w_v=12.8396 gamma=1.000 (tau_u=2.230e-01 tau_v=7.788e-02 |Du|=7.95e+00 |DRu|=3.34e+01)
  [PT] w_u=4.5865 w_v=13.2887 gamma=1.000 (tau_u=2.180e-01 tau_v=7.525e-02 |Du|=9.33e+00 |DRu|=2.24e+01)
  [PT] w_u=4.4186 w_v=12.7118 gamma=1.000 (tau_u=2.263e-01 tau_v=7.867e-02 |Du|=9.05e+00 |DRu|=1.65e+01)
[Adam] ep=  900  total=2.360e-01  PDE=8.794e-02 [colloc=8.498e-02, cfd=2.955e-03] (w=1.843)  IN=4.766e-02 (w=1.159)  TB=2.310e-02 (w=0.780)  WALL=2.378e-15 (w=0.200)  OUT=1.998e-03 (w=0.348)  DATA=1.364e-01 (w=0.000)
  [PT] w_u=4.5593 w_v=12.5223 gamma=1.000 (tau_u=2.193e-01 tau_v=7.986e-02 |Du|=8.36e+00 |DRu|=2.11e+01)
  [PT] w_u=4.8880 w_v=12.6966 gamma=1.000 (tau_u=2.046e-01 tau_v=7.876e-02 |Du|=8.45e+00 |DRu|=3.15e+01)
  [PT] w_u=5.1323 w_v=13.2050 gamma=1.000 (tau_u=1.948e-01 tau_v=7.573e-02 |Du|=6.31e+00 |DRu|=1.93e+01)
  [PT] w_u=4.9137 w_v=12.8113 gamma=1.000 (tau_u=2.035e-01 tau_v=7.806e-02 |Du|=5.39e+00 |DRu|=1.02e+01)
  [PT] w_u=5.0714 w_v=12.4833 gamma=1.000 (tau_u=1.972e-01 tau_v=8.011e-02 |Du|=5.87e+00 |DRu|=1.57e+01)
  [PT] w_u=5.3762 w_v=12.4279 gamma=0.967 (tau_u=1.860e-01 tau_v=8.046e-02 |Du|=7.50e+00 |DRu|=2.52e+01)
  [PT] w_u=5.6371 w_v=11.9453 gamma=1.000 (tau_u=1.774e-01 tau_v=8.371e-02 |Du|=8.84e+00 |DRu|=2.80e+01)
  [PT] w_u=5.4294 w_v=10.4547 gamma=1.000 (tau_u=1.842e-01 tau_v=9.565e-02 |Du|=5.32e+00 |DRu|=1.07e+01)
  [PT] w_u=5.2294 w_v=9.8981 gamma=1.000 (tau_u=1.912e-01 tau_v=1.010e-01 |Du|=3.79e+00 |DRu|=7.51e+00)
  [PT] w_u=5.6289 w_v=10.4570 gamma=1.000 (tau_u=1.777e-01 tau_v=9.563e-02 |Du|=3.39e+00 |DRu|=1.44e+01)
  [PT] w_u=5.9943 w_v=10.2712 gamma=0.989 (tau_u=1.668e-01 tau_v=9.736e-02 |Du|=4.84e+00 |DRu|=1.83e+01)
  [PT] w_u=5.5434 w_v=9.1542 gamma=0.990 (tau_u=1.804e-01 tau_v=1.092e-01 |Du|=1.04e+01 |DRu|=1.87e+01)
  [PT] w_u=4.7774 w_v=8.5244 gamma=1.000 (tau_u=2.093e-01 tau_v=1.173e-01 |Du|=1.10e+01 |DRu|=1.60e+01)
  [PT] w_u=4.9091 w_v=9.2549 gamma=1.000 (tau_u=2.037e-01 tau_v=1.081e-01 |Du|=7.19e+00 |DRu|=1.84e+01)
  [PT] w_u=4.8761 w_v=8.2996 gamma=1.000 (tau_u=2.051e-01 tau_v=1.205e-01 |Du|=5.62e+00 |DRu|=1.21e+01)
  [PT] w_u=4.8858 w_v=8.1562 gamma=0.987 (tau_u=2.047e-01 tau_v=1.226e-01 |Du|=8.91e+00 |DRu|=1.97e+01)
  [PT] w_u=4.8795 w_v=8.5587 gamma=0.994 (tau_u=2.049e-01 tau_v=1.168e-01 |Du|=9.32e+00 |DRu|=2.04e+01)
  [PT] w_u=4.9722 w_v=8.7849 gamma=0.995 (tau_u=2.011e-01 tau_v=1.138e-01 |Du|=5.52e+00 |DRu|=1.35e+01)
  [PT] w_u=5.1740 w_v=9.1696 gamma=0.993 (tau_u=1.933e-01 tau_v=1.091e-01 |Du|=5.89e+00 |DRu|=1.68e+01)
  [PT] w_u=4.9347 w_v=9.6308 gamma=0.999 (tau_u=2.026e-01 tau_v=1.038e-01 |Du|=1.28e+01 |DRu|=2.39e+01)
[Adam] ep=  920  total=1.603e-01  PDE=2.169e-02 [colloc=1.912e-02, cfd=2.567e-03] (w=1.552)  IN=7.978e-02 (w=1.286)  TB=2.938e-02 (w=0.800)  WALL=5.469e-16 (w=0.200)  OUT=1.880e-03 (w=0.312)  DATA=1.224e-01 (w=0.000)
  [PT] w_u=4.5023 w_v=9.7255 gamma=1.000 (tau_u=2.221e-01 tau_v=1.028e-01 |Du|=1.01e+01 |DRu|=1.60e+01)
  [PT] w_u=4.7321 w_v=10.0240 gamma=1.000 (tau_u=2.113e-01 tau_v=9.976e-02 |Du|=5.55e+00 |DRu|=1.64e+01)
  [PT] w_u=4.6672 w_v=9.5730 gamma=0.992 (tau_u=2.143e-01 tau_v=1.045e-01 |Du|=1.17e+01 |DRu|=2.38e+01)
  [PT] w_u=4.2403 w_v=8.8771 gamma=0.990 (tau_u=2.358e-01 tau_v=1.126e-01 |Du|=1.30e+01 |DRu|=1.97e+01)
  [PT] w_u=4.4045 w_v=8.7185 gamma=0.998 (tau_u=2.270e-01 tau_v=1.147e-01 |Du|=6.24e+00 |DRu|=1.62e+01)
  [PT] w_u=4.5306 w_v=9.0748 gamma=0.988 (tau_u=2.207e-01 tau_v=1.102e-01 |Du|=5.30e+00 |DRu|=1.30e+01)
  [PT] w_u=4.3766 w_v=9.0347 gamma=0.988 (tau_u=2.285e-01 tau_v=1.107e-01 |Du|=1.09e+01 |DRu|=1.98e+01)
  [PT] w_u=4.6291 w_v=9.4256 gamma=1.000 (tau_u=2.160e-01 tau_v=1.061e-01 |Du|=8.48e+00 |DRu|=2.63e+01)
  [PT] w_u=4.8641 w_v=8.9537 gamma=1.000 (tau_u=2.056e-01 tau_v=1.117e-01 |Du|=4.60e+00 |DRu|=1.38e+01)
  [PT] w_u=4.8917 w_v=9.0851 gamma=1.000 (tau_u=2.044e-01 tau_v=1.101e-01 |Du|=7.14e+00 |DRu|=1.62e+01)
  [PT] w_u=5.0184 w_v=9.5375 gamma=1.000 (tau_u=1.993e-01 tau_v=1.048e-01 |Du|=1.11e+01 |DRu|=2.85e+01)
  [PT] w_u=5.2468 w_v=10.3656 gamma=1.000 (tau_u=1.906e-01 tau_v=9.647e-02 |Du|=7.44e+00 |DRu|=2.22e+01)
  [PT] w_u=5.3656 w_v=10.8477 gamma=1.000 (tau_u=1.864e-01 tau_v=9.219e-02 |Du|=4.77e+00 |DRu|=1.24e+01)
  [PT] w_u=5.5115 w_v=10.7563 gamma=1.000 (tau_u=1.814e-01 tau_v=9.297e-02 |Du|=5.18e+00 |DRu|=1.40e+01)
  [PT] w_u=5.7584 w_v=10.7639 gamma=1.000 (tau_u=1.737e-01 tau_v=9.290e-02 |Du|=6.21e+00 |DRu|=1.93e+01)
  [PT] w_u=6.1456 w_v=11.0085 gamma=1.000 (tau_u=1.627e-01 tau_v=9.084e-02 |Du|=6.48e+00 |DRu|=2.56e+01)
  [PT] w_u=6.5357 w_v=11.1185 gamma=1.000 (tau_u=1.530e-01 tau_v=8.994e-02 |Du|=5.57e+00 |DRu|=2.18e+01)
  [PT] w_u=6.8118 w_v=10.8732 gamma=1.000 (tau_u=1.468e-01 tau_v=9.197e-02 |Du|=5.10e+00 |DRu|=1.69e+01)
  [PT] w_u=6.8697 w_v=10.4517 gamma=1.000 (tau_u=1.456e-01 tau_v=9.568e-02 |Du|=5.02e+00 |DRu|=1.37e+01)
  [PT] w_u=6.9961 w_v=10.5126 gamma=1.000 (tau_u=1.429e-01 tau_v=9.512e-02 |Du|=6.49e+00 |DRu|=1.88e+01)
[Adam] ep=  940  total=3.405e-01  PDE=1.316e-01 [colloc=1.230e-01, cfd=8.590e-03] (w=1.949)  IN=5.483e-02 (w=1.205)  TB=2.218e-02 (w=0.754)  WALL=2.097e-15 (w=0.200)  OUT=5.533e-03 (w=0.244)  DATA=1.348e-01 (w=0.000)
  [PT] w_u=7.2126 w_v=10.8081 gamma=1.000 (tau_u=1.386e-01 tau_v=9.252e-02 |Du|=8.26e+00 |DRu|=2.61e+01)
  [PT] w_u=6.9165 w_v=10.0896 gamma=1.000 (tau_u=1.446e-01 tau_v=9.911e-02 |Du|=9.74e+00 |DRu|=2.19e+01)
  [PT] w_u=5.7638 w_v=8.7818 gamma=1.000 (tau_u=1.735e-01 tau_v=1.139e-01 |Du|=9.79e+00 |DRu|=1.49e+01)
  [PT] w_u=5.7075 w_v=8.6210 gamma=1.000 (tau_u=1.752e-01 tau_v=1.160e-01 |Du|=9.38e+00 |DRu|=2.15e+01)
  [PT] w_u=5.8926 w_v=9.1969 gamma=1.000 (tau_u=1.697e-01 tau_v=1.087e-01 |Du|=4.86e+00 |DRu|=1.40e+01)
  [PT] w_u=5.9712 w_v=8.7995 gamma=0.981 (tau_u=1.675e-01 tau_v=1.136e-01 |Du|=4.45e+00 |DRu|=1.15e+01)
  [PT] w_u=5.7311 w_v=8.5295 gamma=0.994 (tau_u=1.745e-01 tau_v=1.172e-01 |Du|=1.13e+01 |DRu|=2.31e+01)
  [PT] w_u=3.0091 w_v=8.3455 gamma=1.000 (tau_u=3.323e-01 tau_v=1.198e-01 |Du|=1.32e+01 |DRu|=1.00e+01)
  [PT] w_u=2.2953 w_v=8.7287 gamma=0.998 (tau_u=4.357e-01 tau_v=1.146e-01 |Du|=1.25e+01 |DRu|=1.07e+01)
  [PT] w_u=2.3158 w_v=8.8530 gamma=0.995 (tau_u=4.318e-01 tau_v=1.130e-01 |Du|=1.31e+01 |DRu|=2.07e+01)
  [PT] w_u=1.6352 w_v=8.9209 gamma=0.999 (tau_u=6.115e-01 tau_v=1.121e-01 |Du|=1.33e+01 |DRu|=8.92e+00)
  [PT] w_u=1.7261 w_v=9.3200 gamma=1.000 (tau_u=5.793e-01 tau_v=1.073e-01 |Du|=1.13e+01 |DRu|=2.10e+01)
  [PT] w_u=1.8072 w_v=7.0491 gamma=0.998 (tau_u=5.533e-01 tau_v=1.419e-01 |Du|=8.02e+00 |DRu|=1.42e+01)
  [PT] w_u=1.9164 w_v=6.5011 gamma=0.999 (tau_u=5.218e-01 tau_v=1.538e-01 |Du|=1.18e+01 |DRu|=2.42e+01)
  [PT] w_u=2.0432 w_v=6.0125 gamma=0.997 (tau_u=4.894e-01 tau_v=1.663e-01 |Du|=8.42e+00 |DRu|=1.89e+01)
  [PT] w_u=2.1663 w_v=6.3580 gamma=0.997 (tau_u=4.616e-01 tau_v=1.573e-01 |Du|=7.32e+00 |DRu|=1.59e+01)
  [PT] w_u=2.2653 w_v=6.5588 gamma=0.999 (tau_u=4.414e-01 tau_v=1.525e-01 |Du|=5.47e+00 |DRu|=1.07e+01)
  [PT] w_u=2.3194 w_v=6.9320 gamma=0.982 (tau_u=4.311e-01 tau_v=1.443e-01 |Du|=7.60e+00 |DRu|=1.29e+01)
  [PT] w_u=2.3619 w_v=7.2694 gamma=1.000 (tau_u=4.234e-01 tau_v=1.376e-01 |Du|=1.43e+01 |DRu|=2.41e+01)
  [PT] w_u=2.0727 w_v=7.3872 gamma=1.000 (tau_u=4.825e-01 tau_v=1.354e-01 |Du|=9.10e+00 |DRu|=9.04e+00)
[Adam] ep=  960  total=1.305e-01  PDE=3.825e-02 [colloc=3.620e-02, cfd=2.050e-03] (w=1.513)  IN=3.877e-02 (w=1.352)  TB=2.203e-02 (w=0.888)  WALL=9.960e-16 (w=0.200)  OUT=2.256e-03 (w=0.259)  DATA=1.264e-01 (w=0.000)
  [PT] w_u=2.0249 w_v=6.3410 gamma=1.000 (tau_u=4.938e-01 tau_v=1.577e-01 |Du|=5.50e+00 |DRu|=7.12e+00)
  [PT] w_u=2.1912 w_v=6.1511 gamma=0.967 (tau_u=4.564e-01 tau_v=1.626e-01 |Du|=6.55e+00 |DRu|=1.87e+01)
  [PT] w_u=2.2390 w_v=6.1096 gamma=1.000 (tau_u=4.466e-01 tau_v=1.637e-01 |Du|=1.57e+01 |DRu|=2.61e+01)
  [PT] w_u=2.2311 w_v=6.4238 gamma=1.000 (tau_u=4.482e-01 tau_v=1.557e-01 |Du|=7.54e+00 |DRu|=1.11e+01)
  [PT] w_u=2.3892 w_v=6.3179 gamma=1.000 (tau_u=4.186e-01 tau_v=1.583e-01 |Du|=4.12e+00 |DRu|=1.06e+01)
  [PT] w_u=2.4538 w_v=6.0591 gamma=0.995 (tau_u=4.075e-01 tau_v=1.650e-01 |Du|=1.25e+01 |DRu|=2.24e+01)
  [PT] w_u=2.4284 w_v=6.0428 gamma=0.998 (tau_u=4.118e-01 tau_v=1.655e-01 |Du|=1.26e+01 |DRu|=1.88e+01)
  [PT] w_u=2.4775 w_v=6.1505 gamma=0.993 (tau_u=4.036e-01 tau_v=1.626e-01 |Du|=6.53e+00 |DRu|=1.13e+01)
  [PT] w_u=2.6512 w_v=6.1276 gamma=0.992 (tau_u=3.772e-01 tau_v=1.632e-01 |Du|=6.93e+00 |DRu|=1.85e+01)
  [PT] w_u=2.4730 w_v=6.3147 gamma=1.000 (tau_u=4.044e-01 tau_v=1.584e-01 |Du|=1.19e+01 |DRu|=1.47e+01)
  [PT] w_u=2.5053 w_v=6.4012 gamma=1.000 (tau_u=3.992e-01 tau_v=1.562e-01 |Du|=1.07e+01 |DRu|=1.80e+01)
  [PT] w_u=2.5167 w_v=5.7327 gamma=1.000 (tau_u=3.973e-01 tau_v=1.744e-01 |Du|=7.93e+00 |DRu|=1.28e+01)
  [PT] w_u=2.7326 w_v=5.8837 gamma=1.000 (tau_u=3.660e-01 tau_v=1.700e-01 |Du|=6.33e+00 |DRu|=2.19e+01)
  [PT] w_u=2.7447 w_v=5.8838 gamma=1.000 (tau_u=3.643e-01 tau_v=1.700e-01 |Du|=7.67e+00 |DRu|=1.30e+01)
  [PT] w_u=2.8639 w_v=6.2899 gamma=0.997 (tau_u=3.492e-01 tau_v=1.590e-01 |Du|=9.37e+00 |DRu|=2.03e+01)
  [PT] w_u=3.0723 w_v=6.2696 gamma=1.000 (tau_u=3.255e-01 tau_v=1.595e-01 |Du|=5.66e+00 |DRu|=1.69e+01)
  [PT] w_u=3.1070 w_v=5.5967 gamma=1.000 (tau_u=3.219e-01 tau_v=1.787e-01 |Du|=4.89e+00 |DRu|=9.09e+00)
  [PT] w_u=3.2600 w_v=5.7385 gamma=0.991 (tau_u=3.067e-01 tau_v=1.743e-01 |Du|=6.70e+00 |DRu|=1.62e+01)
  [PT] w_u=3.5019 w_v=6.0600 gamma=0.999 (tau_u=2.856e-01 tau_v=1.650e-01 |Du|=6.05e+00 |DRu|=1.96e+01)
  [PT] w_u=3.7600 w_v=6.3776 gamma=1.000 (tau_u=2.660e-01 tau_v=1.568e-01 |Du|=2.85e+00 |DRu|=9.52e+00)
[Adam] ep=  980  total=1.081e-01  PDE=2.869e-02 [colloc=2.679e-02, cfd=1.903e-03] (w=1.480)  IN=3.824e-02 (w=1.153)  TB=1.807e-02 (w=0.834)  WALL=1.182e-15 (w=0.200)  OUT=1.021e-02 (w=0.641)  DATA=1.122e-01 (w=0.000)
  [PT] w_u=3.9352 w_v=6.4707 gamma=0.999 (tau_u=2.541e-01 tau_v=1.545e-01 |Du|=2.82e+00 |DRu|=7.35e+00)
  [PT] w_u=4.1973 w_v=6.6266 gamma=0.974 (tau_u=2.383e-01 tau_v=1.509e-01 |Du|=4.84e+00 |DRu|=1.54e+01)
  [PT] w_u=4.2635 w_v=6.8221 gamma=0.992 (tau_u=2.345e-01 tau_v=1.466e-01 |Du|=9.43e+00 |DRu|=2.10e+01)
  [PT] w_u=3.9177 w_v=7.0704 gamma=1.000 (tau_u=2.552e-01 tau_v=1.414e-01 |Du|=9.86e+00 |DRu|=1.48e+01)
  [PT] w_u=3.7532 w_v=7.5429 gamma=1.000 (tau_u=2.664e-01 tau_v=1.326e-01 |Du|=5.99e+00 |DRu|=9.89e+00)
  [PT] w_u=4.0314 w_v=7.7324 gamma=0.997 (tau_u=2.481e-01 tau_v=1.293e-01 |Du|=3.26e+00 |DRu|=1.13e+01)
  [PT] w_u=4.0977 w_v=7.8787 gamma=0.973 (tau_u=2.440e-01 tau_v=1.269e-01 |Du|=7.50e+00 |DRu|=1.62e+01)
  [PT] w_u=3.7001 w_v=8.1160 gamma=0.999 (tau_u=2.703e-01 tau_v=1.232e-01 |Du|=1.51e+01 |DRu|=2.13e+01)
  [PT] w_u=3.3737 w_v=7.7895 gamma=1.000 (tau_u=2.964e-01 tau_v=1.284e-01 |Du|=9.62e+00 |DRu|=1.32e+01)
  [PT] w_u=3.3561 w_v=7.1281 gamma=1.000 (tau_u=2.980e-01 tau_v=1.403e-01 |Du|=3.73e+00 |DRu|=6.68e+00)
  [PT] w_u=3.4250 w_v=7.1367 gamma=0.995 (tau_u=2.920e-01 tau_v=1.401e-01 |Du|=7.14e+00 |DRu|=1.46e+01)
  [PT] w_u=3.4712 w_v=7.0881 gamma=0.984 (tau_u=2.881e-01 tau_v=1.411e-01 |Du|=8.76e+00 |DRu|=1.73e+01)
  [PT] w_u=3.5284 w_v=6.2710 gamma=0.984 (tau_u=2.834e-01 tau_v=1.595e-01 |Du|=4.84e+00 |DRu|=9.77e+00)
  [PT] w_u=3.3786 w_v=5.8750 gamma=0.998 (tau_u=2.960e-01 tau_v=1.702e-01 |Du|=1.20e+01 |DRu|=1.87e+01)
  [PT] w_u=3.4402 w_v=6.3206 gamma=1.000 (tau_u=2.907e-01 tau_v=1.582e-01 |Du|=9.45e+00 |DRu|=1.92e+01)
  [PT] w_u=3.6521 w_v=6.0576 gamma=1.000 (tau_u=2.738e-01 tau_v=1.651e-01 |Du|=2.23e+00 |DRu|=6.39e+00)
  [PT] w_u=3.6812 w_v=6.0256 gamma=0.999 (tau_u=2.717e-01 tau_v=1.660e-01 |Du|=7.81e+00 |DRu|=1.55e+01)
  [PT] w_u=3.3215 w_v=6.0317 gamma=0.990 (tau_u=3.011e-01 tau_v=1.658e-01 |Du|=1.46e+01 |DRu|=1.93e+01)
  [PT] w_u=3.1728 w_v=6.1615 gamma=0.990 (tau_u=3.152e-01 tau_v=1.623e-01 |Du|=8.97e+00 |DRu|=1.34e+01)
  [PT] w_u=3.2755 w_v=6.3126 gamma=0.974 (tau_u=3.053e-01 tau_v=1.584e-01 |Du|=4.91e+00 |DRu|=1.04e+01)
[Adam] ep= 1000  total=1.073e-01  PDE=2.031e-02 [colloc=1.808e-02, cfd=2.226e-03] (w=1.500)  IN=4.988e-02 (w=1.102)  TB=1.624e-02 (w=0.776)  WALL=2.103e-16 (w=0.200)  OUT=1.169e-02 (w=0.791)  DATA=1.422e-01 (w=0.000)
  [PT] w_u=3.3094 w_v=6.6736 gamma=0.996 (tau_u=3.022e-01 tau_v=1.498e-01 |Du|=1.15e+01 |DRu|=2.18e+01)
  [PT] w_u=3.3251 w_v=6.9974 gamma=1.000 (tau_u=3.007e-01 tau_v=1.429e-01 |Du|=8.59e+00 |DRu|=1.60e+01)
  [PT] w_u=3.6328 w_v=7.5549 gamma=1.000 (tau_u=2.753e-01 tau_v=1.324e-01 |Du|=3.29e+00 |DRu|=1.53e+01)
  [PT] w_u=3.3499 w_v=8.0784 gamma=1.000 (tau_u=2.985e-01 tau_v=1.238e-01 |Du|=9.27e+00 |DRu|=1.30e+01)
  [PT] w_u=2.9694 w_v=8.3453 gamma=0.984 (tau_u=3.368e-01 tau_v=1.198e-01 |Du|=1.17e+01 |DRu|=1.41e+01)
  [PT] w_u=3.0199 w_v=8.8832 gamma=0.985 (tau_u=3.311e-01 tau_v=1.126e-01 |Du|=9.57e+00 |DRu|=1.79e+01)
  [PT] w_u=3.1189 w_v=8.6826 gamma=0.988 (tau_u=3.206e-01 tau_v=1.152e-01 |Du|=4.08e+00 |DRu|=8.52e+00)
  [PT] w_u=3.3018 w_v=8.4548 gamma=0.982 (tau_u=3.029e-01 tau_v=1.183e-01 |Du|=3.70e+00 |DRu|=9.71e+00)
  [PT] w_u=2.7251 w_v=8.6098 gamma=0.970 (tau_u=3.670e-01 tau_v=1.161e-01 |Du|=9.93e+00 |DRu|=1.01e+01)
  [PT] w_u=2.2819 w_v=7.2357 gamma=0.968 (tau_u=4.382e-01 tau_v=1.382e-01 |Du|=1.65e+01 |DRu|=1.56e+01)
  [PT] w_u=2.1479 w_v=6.9238 gamma=0.999 (tau_u=4.656e-01 tau_v=1.444e-01 |Du|=1.46e+01 |DRu|=1.73e+01)
  [PT] w_u=1.7741 w_v=6.2107 gamma=1.000 (tau_u=5.637e-01 tau_v=1.610e-01 |Du|=5.03e+00 |DRu|=4.18e+00)
  [PT] w_u=1.9136 w_v=6.4742 gamma=0.994 (tau_u=5.226e-01 tau_v=1.545e-01 |Du|=6.26e+00 |DRu|=1.60e+01)
  [PT] w_u=1.9264 w_v=6.3019 gamma=0.994 (tau_u=5.191e-01 tau_v=1.587e-01 |Du|=1.17e+01 |DRu|=1.67e+01)
  [PT] w_u=1.9322 w_v=6.5240 gamma=0.996 (tau_u=5.175e-01 tau_v=1.533e-01 |Du|=8.94e+00 |DRu|=1.26e+01)
  [PT] w_u=2.0961 w_v=6.6264 gamma=0.994 (tau_u=4.771e-01 tau_v=1.509e-01 |Du|=4.23e+00 |DRu|=1.26e+01)
  [PT] w_u=2.2030 w_v=6.7758 gamma=0.997 (tau_u=4.539e-01 tau_v=1.476e-01 |Du|=6.22e+00 |DRu|=1.25e+01)
  [PT] w_u=2.2656 w_v=7.1164 gamma=0.996 (tau_u=4.414e-01 tau_v=1.405e-01 |Du|=5.66e+00 |DRu|=9.85e+00)
  [PT] w_u=2.4402 w_v=7.2930 gamma=0.979 (tau_u=4.098e-01 tau_v=1.371e-01 |Du|=3.96e+00 |DRu|=1.11e+01)
  [PT] w_u=2.4678 w_v=7.3236 gamma=0.973 (tau_u=4.052e-01 tau_v=1.365e-01 |Du|=8.98e+00 |DRu|=1.47e+01)
[Adam] ep= 1020  total=5.409e-02  PDE=1.471e-02 [colloc=1.319e-02, cfd=1.518e-03] (w=1.422)  IN=1.917e-02 (w=1.049)  TB=1.610e-02 (w=0.797)  WALL=3.832e-16 (w=0.200)  OUT=4.476e-04 (w=0.534)  DATA=1.016e-01 (w=0.000)
  [PT] w_u=2.1591 w_v=7.4843 gamma=0.978 (tau_u=4.632e-01 tau_v=1.336e-01 |Du|=7.35e+00 |DRu|=7.32e+00)
  [PT] w_u=2.2593 w_v=7.5581 gamma=0.960 (tau_u=4.426e-01 tau_v=1.323e-01 |Du|=4.02e+00 |DRu|=7.76e+00)
  [PT] w_u=2.4033 w_v=7.9421 gamma=0.948 (tau_u=4.161e-01 tau_v=1.259e-01 |Du|=4.45e+00 |DRu|=1.03e+01)
  [PT] w_u=2.2444 w_v=7.1909 gamma=0.950 (tau_u=4.456e-01 tau_v=1.391e-01 |Du|=6.42e+00 |DRu|=7.43e+00)
  [PT] w_u=2.3021 w_v=7.4089 gamma=0.961 (tau_u=4.344e-01 tau_v=1.350e-01 |Du|=5.33e+00 |DRu|=9.04e+00)
  [PT] w_u=2.3418 w_v=5.6705 gamma=0.947 (tau_u=4.270e-01 tau_v=1.764e-01 |Du|=3.52e+00 |DRu|=5.70e+00)
  [PT] w_u=2.3372 w_v=5.1178 gamma=0.961 (tau_u=4.279e-01 tau_v=1.954e-01 |Du|=8.35e+00 |DRu|=1.24e+01)
  [PT] w_u=2.5284 w_v=5.5641 gamma=0.980 (tau_u=3.955e-01 tau_v=1.797e-01 |Du|=4.33e+00 |DRu|=1.33e+01)
  [PT] w_u=2.5747 w_v=5.6031 gamma=0.981 (tau_u=3.884e-01 tau_v=1.785e-01 |Du|=1.56e+00 |DRu|=2.71e+00)
  [PT] w_u=2.7270 w_v=6.0173 gamma=0.962 (tau_u=3.667e-01 tau_v=1.662e-01 |Du|=5.30e+00 |DRu|=1.26e+01)
  [PT] w_u=2.7489 w_v=6.3494 gamma=0.968 (tau_u=3.638e-01 tau_v=1.575e-01 |Du|=6.85e+00 |DRu|=1.16e+01)
  [PT] w_u=3.0073 w_v=6.5273 gamma=0.959 (tau_u=3.325e-01 tau_v=1.532e-01 |Du|=1.26e+00 |DRu|=5.47e+00)
  [PT] w_u=3.0950 w_v=6.7084 gamma=0.952 (tau_u=3.231e-01 tau_v=1.491e-01 |Du|=5.14e+00 |DRu|=1.03e+01)
  [PT] w_u=3.4260 w_v=7.3581 gamma=0.975 (tau_u=2.919e-01 tau_v=1.359e-01 |Du|=1.15e+00 |DRu|=1.09e+01)
  [PT] w_u=3.6119 w_v=7.4749 gamma=0.956 (tau_u=2.769e-01 tau_v=1.338e-01 |Du|=2.35e+00 |DRu|=6.09e+00)
  [PT] w_u=3.9198 w_v=7.6586 gamma=0.974 (tau_u=2.551e-01 tau_v=1.306e-01 |Du|=4.12e+00 |DRu|=1.67e+01)
  [PT] w_u=2.9525 w_v=6.3252 gamma=0.973 (tau_u=3.387e-01 tau_v=1.581e-01 |Du|=4.29e+00 |DRu|=4.05e+00)
  [PT] w_u=3.2023 w_v=6.8835 gamma=0.961 (tau_u=3.123e-01 tau_v=1.453e-01 |Du|=4.35e+00 |DRu|=1.56e+01)
  [PT] w_u=3.4619 w_v=6.4353 gamma=0.972 (tau_u=2.889e-01 tau_v=1.554e-01 |Du|=2.45e+00 |DRu|=8.64e+00)
  [PT] w_u=3.6415 w_v=6.6048 gamma=0.989 (tau_u=2.746e-01 tau_v=1.514e-01 |Du|=6.45e+00 |DRu|=1.68e+01)
[Adam] ep= 1040  total=5.505e-02  PDE=1.370e-02 [colloc=1.202e-02, cfd=1.680e-03] (w=1.142)  IN=2.433e-02 (w=0.958)  TB=1.898e-02 (w=0.840)  WALL=1.543e-16 (w=0.200)  OUT=5.098e-04 (w=0.298)  DATA=1.272e-01 (w=0.000)
  [PT] w_u=3.8050 w_v=7.0997 gamma=0.997 (tau_u=2.628e-01 tau_v=1.409e-01 |Du|=4.46e+00 |DRu|=1.13e+01)
  [PT] w_u=3.9980 w_v=7.3225 gamma=0.981 (tau_u=2.501e-01 tau_v=1.366e-01 |Du|=4.06e+00 |DRu|=1.09e+01)
  [PT] w_u=4.3167 w_v=7.7367 gamma=0.999 (tau_u=2.317e-01 tau_v=1.293e-01 |Du|=5.80e+00 |DRu|=2.26e+01)
  [PT] w_u=4.6820 w_v=8.1184 gamma=1.000 (tau_u=2.136e-01 tau_v=1.232e-01 |Du|=2.26e+00 |DRu|=1.00e+01)
  [PT] w_u=4.7691 w_v=7.5217 gamma=1.000 (tau_u=2.097e-01 tau_v=1.329e-01 |Du|=2.53e+00 |DRu|=6.05e+00)
  [PT] w_u=5.0514 w_v=7.6278 gamma=0.969 (tau_u=1.980e-01 tau_v=1.311e-01 |Du|=4.52e+00 |DRu|=1.46e+01)
  [PT] w_u=5.4596 w_v=8.0907 gamma=0.998 (tau_u=1.832e-01 tau_v=1.236e-01 |Du|=5.25e+00 |DRu|=2.35e+01)
  [PT] w_u=5.4106 w_v=7.0155 gamma=1.000 (tau_u=1.848e-01 tau_v=1.425e-01 |Du|=4.24e+00 |DRu|=9.50e+00)
  [PT] w_u=4.6321 w_v=6.6839 gamma=0.997 (tau_u=2.159e-01 tau_v=1.496e-01 |Du|=6.67e+00 |DRu|=9.46e+00)
  [PT] w_u=4.6098 w_v=6.7790 gamma=0.989 (tau_u=2.169e-01 tau_v=1.475e-01 |Du|=8.37e+00 |DRu|=1.75e+01)
  [PT] w_u=4.9500 w_v=7.2012 gamma=0.989 (tau_u=2.020e-01 tau_v=1.389e-01 |Du|=3.73e+00 |DRu|=1.42e+01)
  [PT] w_u=5.2298 w_v=7.1366 gamma=0.982 (tau_u=1.912e-01 tau_v=1.401e-01 |Du|=2.91e+00 |DRu|=9.39e+00)
  [PT] w_u=5.4279 w_v=7.3433 gamma=0.977 (tau_u=1.842e-01 tau_v=1.362e-01 |Du|=5.06e+00 |DRu|=1.44e+01)
  [PT] w_u=5.7946 w_v=7.9429 gamma=0.993 (tau_u=1.726e-01 tau_v=1.259e-01 |Du|=4.43e+00 |DRu|=1.70e+01)
  [PT] w_u=6.0468 w_v=7.9478 gamma=1.000 (tau_u=1.654e-01 tau_v=1.258e-01 |Du|=4.07e+00 |DRu|=1.28e+01)
  [PT] w_u=6.0805 w_v=8.0643 gamma=1.000 (tau_u=1.645e-01 tau_v=1.240e-01 |Du|=5.82e+00 |DRu|=1.47e+01)
  [PT] w_u=6.3440 w_v=8.5816 gamma=1.000 (tau_u=1.576e-01 tau_v=1.165e-01 |Du|=5.38e+00 |DRu|=1.73e+01)
  [PT] w_u=6.7469 w_v=8.6662 gamma=1.000 (tau_u=1.482e-01 tau_v=1.154e-01 |Du|=3.16e+00 |DRu|=1.26e+01)
  [PT] w_u=7.0832 w_v=8.5481 gamma=1.000 (tau_u=1.412e-01 tau_v=1.170e-01 |Du|=3.56e+00 |DRu|=1.27e+01)
  [PT] w_u=7.2611 w_v=8.4895 gamma=1.000 (tau_u=1.377e-01 tau_v=1.178e-01 |Du|=4.40e+00 |DRu|=1.35e+01)
[Adam] ep= 1060  total=1.294e-01  PDE=4.827e-02 [colloc=4.283e-02, cfd=5.441e-03] (w=1.546)  IN=4.102e-02 (w=0.991)  TB=1.795e-02 (w=0.754)  WALL=9.778e-16 (w=0.200)  OUT=2.959e-03 (w=0.215)  DATA=1.535e-01 (w=0.000)
  [PT] w_u=7.4070 w_v=8.6160 gamma=1.000 (tau_u=1.350e-01 tau_v=1.161e-01 |Du|=4.85e+00 |DRu|=1.46e+01)
  [PT] w_u=7.6406 w_v=8.4396 gamma=1.000 (tau_u=1.309e-01 tau_v=1.185e-01 |Du|=4.70e+00 |DRu|=1.54e+01)
  [PT] w_u=7.6300 w_v=7.3001 gamma=1.000 (tau_u=1.311e-01 tau_v=1.370e-01 |Du|=6.07e+00 |DRu|=1.67e+01)
  [PT] w_u=6.7245 w_v=6.3609 gamma=1.000 (tau_u=1.487e-01 tau_v=1.572e-01 |Du|=8.75e+00 |DRu|=1.58e+01)
  [PT] w_u=4.3550 w_v=5.6203 gamma=1.000 (tau_u=2.296e-01 tau_v=1.779e-01 |Du|=9.36e+00 |DRu|=9.57e+00)
  [PT] w_u=4.5481 w_v=5.6394 gamma=1.000 (tau_u=2.199e-01 tau_v=1.773e-01 |Du|=6.76e+00 |DRu|=1.86e+01)
  [PT] w_u=4.9188 w_v=5.5297 gamma=1.000 (tau_u=2.033e-01 tau_v=1.808e-01 |Du|=5.17e+00 |DRu|=2.22e+01)
  [PT] w_u=3.9135 w_v=4.3433 gamma=1.000 (tau_u=2.555e-01 tau_v=2.302e-01 |Du|=9.11e+00 |DRu|=1.07e+01)
  [PT] w_u=3.7865 w_v=3.6776 gamma=0.987 (tau_u=2.641e-01 tau_v=2.719e-01 |Du|=1.22e+01 |DRu|=2.08e+01)
  [PT] w_u=3.8804 w_v=3.7480 gamma=1.000 (tau_u=2.577e-01 tau_v=2.668e-01 |Du|=1.40e+01 |DRu|=3.13e+01)
  [PT] w_u=3.3959 w_v=3.6816 gamma=1.000 (tau_u=2.945e-01 tau_v=2.716e-01 |Du|=1.00e+01 |DRu|=1.27e+01)
  [PT] w_u=3.5142 w_v=3.9898 gamma=1.000 (tau_u=2.846e-01 tau_v=2.506e-01 |Du|=8.63e+00 |DRu|=1.95e+01)
  [PT] w_u=3.7943 w_v=4.4208 gamma=1.000 (tau_u=2.636e-01 tau_v=2.262e-01 |Du|=7.18e+00 |DRu|=2.63e+01)
  [PT] w_u=4.0510 w_v=4.8749 gamma=1.000 (tau_u=2.469e-01 tau_v=2.051e-01 |Du|=4.29e+00 |DRu|=1.38e+01)
  [PT] w_u=4.2357 w_v=5.2424 gamma=1.000 (tau_u=2.361e-01 tau_v=1.908e-01 |Du|=4.33e+00 |DRu|=1.16e+01)
  [PT] w_u=4.5650 w_v=5.7112 gamma=0.999 (tau_u=2.191e-01 tau_v=1.751e-01 |Du|=5.55e+00 |DRu|=2.16e+01)
  [PT] w_u=4.9814 w_v=6.0844 gamma=1.000 (tau_u=2.007e-01 tau_v=1.644e-01 |Du|=4.04e+00 |DRu|=2.13e+01)
  [PT] w_u=5.0974 w_v=5.6728 gamma=1.000 (tau_u=1.962e-01 tau_v=1.763e-01 |Du|=5.06e+00 |DRu|=1.29e+01)
  [PT] w_u=4.9182 w_v=5.4238 gamma=1.000 (tau_u=2.033e-01 tau_v=1.844e-01 |Du|=6.64e+00 |DRu|=1.28e+01)
  [PT] w_u=4.9810 w_v=5.6030 gamma=1.000 (tau_u=2.008e-01 tau_v=1.785e-01 |Du|=7.07e+00 |DRu|=1.68e+01)
[Adam] ep= 1080  total=1.702e-01  PDE=5.867e-02 [colloc=5.148e-02, cfd=7.180e-03] (w=1.757)  IN=4.127e-02 (w=1.116)  TB=2.288e-02 (w=0.880)  WALL=6.960e-16 (w=0.200)  OUT=3.442e-03 (w=0.259)  DATA=1.352e-01 (w=0.000)
  [PT] w_u=4.9963 w_v=6.0253 gamma=0.996 (tau_u=2.001e-01 tau_v=1.660e-01 |Du|=6.36e+00 |DRu|=1.44e+01)
  [PT] w_u=5.1492 w_v=6.2225 gamma=0.967 (tau_u=1.942e-01 tau_v=1.607e-01 |Du|=7.56e+00 |DRu|=1.98e+01)
  [PT] w_u=5.0968 w_v=6.3376 gamma=1.000 (tau_u=1.962e-01 tau_v=1.578e-01 |Du|=7.58e+00 |DRu|=1.64e+01)
  [PT] w_u=3.4581 w_v=6.5408 gamma=1.000 (tau_u=2.892e-01 tau_v=1.529e-01 |Du|=6.50e+00 |DRu|=6.12e+00)
  [PT] w_u=3.3990 w_v=6.6419 gamma=0.997 (tau_u=2.942e-01 tau_v=1.506e-01 |Du|=8.73e+00 |DRu|=1.50e+01)
  [PT] w_u=3.3140 w_v=6.6938 gamma=0.999 (tau_u=3.017e-01 tau_v=1.494e-01 |Du|=1.44e+01 |DRu|=2.37e+01)
  [PT] w_u=3.0206 w_v=6.7671 gamma=1.000 (tau_u=3.311e-01 tau_v=1.478e-01 |Du|=1.02e+01 |DRu|=1.32e+01)
  [PT] w_u=2.7882 w_v=6.8736 gamma=1.000 (tau_u=3.587e-01 tau_v=1.455e-01 |Du|=4.69e+00 |DRu|=6.01e+00)
  [PT] w_u=2.9688 w_v=7.2703 gamma=0.988 (tau_u=3.368e-01 tau_v=1.375e-01 |Du|=6.08e+00 |DRu|=1.61e+01)
  [PT] w_u=2.9712 w_v=7.2606 gamma=0.994 (tau_u=3.366e-01 tau_v=1.377e-01 |Du|=1.27e+01 |DRu|=2.19e+01)
  [PT] w_u=2.3289 w_v=5.1787 gamma=1.000 (tau_u=4.294e-01 tau_v=1.931e-01 |Du|=1.11e+01 |DRu|=9.86e+00)
  [PT] w_u=1.5447 w_v=2.9000 gamma=1.000 (tau_u=6.474e-01 tau_v=3.448e-01 |Du|=9.14e+00 |DRu|=5.66e+00)
  [PT] w_u=1.5565 w_v=3.0041 gamma=0.980 (tau_u=6.425e-01 tau_v=3.329e-01 |Du|=7.55e+00 |DRu|=9.66e+00)
  [PT] w_u=1.6756 w_v=3.2819 gamma=0.965 (tau_u=5.968e-01 tau_v=3.047e-01 |Du|=6.28e+00 |DRu|=1.43e+01)
  [PT] w_u=1.7658 w_v=3.5105 gamma=0.984 (tau_u=5.663e-01 tau_v=2.849e-01 |Du|=5.58e+00 |DRu|=1.02e+01)
  [PT] w_u=1.8133 w_v=3.3852 gamma=0.990 (tau_u=5.515e-01 tau_v=2.954e-01 |Du|=5.47e+00 |DRu|=8.41e+00)
  [PT] w_u=1.8202 w_v=3.2671 gamma=0.986 (tau_u=5.494e-01 tau_v=3.061e-01 |Du|=5.89e+00 |DRu|=8.03e+00)
  [PT] w_u=1.8071 w_v=3.4339 gamma=0.947 (tau_u=5.534e-01 tau_v=2.912e-01 |Du|=7.94e+00 |DRu|=1.01e+01)
  [PT] w_u=1.9200 w_v=3.6060 gamma=0.942 (tau_u=5.208e-01 tau_v=2.773e-01 |Du|=5.39e+00 |DRu|=1.10e+01)
  [PT] w_u=1.1064 w_v=3.2169 gamma=0.959 (tau_u=9.039e-01 tau_v=3.109e-01 |Du|=9.75e+00 |DRu|=4.58e+00)
[Adam] ep= 1100  total=5.833e-02  PDE=9.300e-03 [colloc=7.300e-03, cfd=2.000e-03] (w=1.421)  IN=2.683e-02 (w=1.092)  TB=1.812e-02 (w=0.859)  WALL=4.048e-17 (w=0.200)  OUT=1.213e-03 (w=0.200)  DATA=1.364e-01 (w=0.000)
  [PT] w_u=1.0422 w_v=3.4502 gamma=0.981 (tau_u=9.595e-01 tau_v=2.898e-01 |Du|=1.72e+01 |DRu|=1.41e+01)
  [PT] w_u=1.1049 w_v=3.7683 gamma=0.998 (tau_u=9.051e-01 tau_v=2.654e-01 |Du|=1.10e+01 |DRu|=1.71e+01)
  [PT] w_u=1.2126 w_v=4.0953 gamma=0.993 (tau_u=8.247e-01 tau_v=2.442e-01 |Du|=2.89e+00 |DRu|=9.06e+00)
  [PT] w_u=1.2490 w_v=4.2967 gamma=0.992 (tau_u=8.006e-01 tau_v=2.327e-01 |Du|=1.32e+01 |DRu|=1.72e+01)
  [PT] w_u=1.2761 w_v=4.4712 gamma=0.990 (tau_u=7.836e-01 tau_v=2.237e-01 |Du|=1.14e+01 |DRu|=1.42e+01)
  [PT] w_u=1.3550 w_v=4.5780 gamma=0.987 (tau_u=7.380e-01 tau_v=2.184e-01 |Du|=5.19e+00 |DRu|=9.02e+00)
  [PT] w_u=1.4511 w_v=4.6621 gamma=0.976 (tau_u=6.891e-01 tau_v=2.145e-01 |Du|=3.63e+00 |DRu|=7.18e+00)
  [PT] w_u=1.5808 w_v=4.8481 gamma=0.947 (tau_u=6.326e-01 tau_v=2.063e-01 |Du|=3.54e+00 |DRu|=9.79e+00)
  [PT] w_u=1.7277 w_v=4.8527 gamma=0.964 (tau_u=5.788e-01 tau_v=2.061e-01 |Du|=4.47e+00 |DRu|=1.43e+01)
  [PT] w_u=1.9000 w_v=5.2473 gamma=0.976 (tau_u=5.263e-01 tau_v=1.906e-01 |Du|=2.50e+00 |DRu|=1.06e+01)
  [PT] w_u=2.0493 w_v=5.4818 gamma=0.980 (tau_u=4.880e-01 tau_v=1.824e-01 |Du|=2.84e+00 |DRu|=7.43e+00)
  [PT] w_u=2.2485 w_v=5.8850 gamma=0.996 (tau_u=4.447e-01 tau_v=1.699e-01 |Du|=3.55e+00 |DRu|=1.50e+01)
  [PT] w_u=1.9656 w_v=6.1658 gamma=0.994 (tau_u=5.088e-01 tau_v=1.622e-01 |Du|=4.89e+00 |DRu|=4.68e+00)
  [PT] w_u=2.0468 w_v=6.5131 gamma=0.921 (tau_u=4.886e-01 tau_v=1.535e-01 |Du|=7.22e+00 |DRu|=1.25e+01)
  [PT] w_u=2.2052 w_v=6.4669 gamma=0.968 (tau_u=4.535e-01 tau_v=1.546e-01 |Du|=4.57e+00 |DRu|=1.21e+01)
  [PT] w_u=1.7376 w_v=5.6816 gamma=0.979 (tau_u=5.755e-01 tau_v=1.760e-01 |Du|=4.93e+00 |DRu|=3.77e+00)
  [PT] w_u=1.7986 w_v=6.0247 gamma=0.942 (tau_u=5.560e-01 tau_v=1.660e-01 |Du|=6.43e+00 |DRu|=1.01e+01)
  [PT] w_u=1.9309 w_v=5.8021 gamma=0.992 (tau_u=5.179e-01 tau_v=1.724e-01 |Du|=6.35e+00 |DRu|=1.51e+01)
  [PT] w_u=2.0057 w_v=4.7747 gamma=0.999 (tau_u=4.986e-01 tau_v=2.094e-01 |Du|=3.55e+00 |DRu|=6.23e+00)
  [PT] w_u=2.1737 w_v=5.0679 gamma=0.991 (tau_u=4.600e-01 tau_v=1.973e-01 |Du|=3.78e+00 |DRu|=1.12e+01)
[Adam] ep= 1120  total=6.306e-02  PDE=2.912e-02 [colloc=2.743e-02, cfd=1.690e-03] (w=1.325)  IN=1.209e-02 (w=0.891)  TB=1.619e-02 (w=0.833)  WALL=8.153e-16 (w=0.200)  OUT=1.029e-03 (w=0.203)  DATA=1.057e-01 (w=0.000)
  [PT] w_u=2.3335 w_v=5.1535 gamma=0.981 (tau_u=4.285e-01 tau_v=1.940e-01 |Du|=5.24e+00 |DRu|=1.36e+01)
  [PT] w_u=2.3900 w_v=4.9468 gamma=0.991 (tau_u=4.184e-01 tau_v=2.021e-01 |Du|=5.73e+00 |DRu|=9.98e+00)
  [PT] w_u=2.4530 w_v=5.2717 gamma=0.989 (tau_u=4.077e-01 tau_v=1.897e-01 |Du|=7.47e+00 |DRu|=1.33e+01)
  [PT] w_u=2.5407 w_v=5.4246 gamma=0.983 (tau_u=3.936e-01 tau_v=1.843e-01 |Du|=4.94e+00 |DRu|=9.48e+00)
  [PT] w_u=2.7153 w_v=5.6690 gamma=0.986 (tau_u=3.683e-01 tau_v=1.764e-01 |Du|=5.78e+00 |DRu|=1.53e+01)
  [PT] w_u=1.9035 w_v=5.5747 gamma=0.981 (tau_u=5.253e-01 tau_v=1.794e-01 |Du|=8.32e+00 |DRu|=5.92e+00)
  [PT] w_u=1.8447 w_v=5.8886 gamma=0.951 (tau_u=5.421e-01 tau_v=1.698e-01 |Du|=9.07e+00 |DRu|=1.06e+01)
  [PT] w_u=1.9073 w_v=5.5821 gamma=0.949 (tau_u=5.243e-01 tau_v=1.791e-01 |Du|=6.20e+00 |DRu|=1.00e+01)
  [PT] w_u=1.9496 w_v=5.0383 gamma=0.954 (tau_u=5.129e-01 tau_v=1.985e-01 |Du|=4.11e+00 |DRu|=6.26e+00)
  [PT] w_u=1.8859 w_v=5.2385 gamma=0.931 (tau_u=5.302e-01 tau_v=1.909e-01 |Du|=7.41e+00 |DRu|=8.63e+00)
  [PT] w_u=1.9304 w_v=5.2431 gamma=0.980 (tau_u=5.180e-01 tau_v=1.907e-01 |Du|=8.36e+00 |DRu|=1.30e+01)
  [PT] w_u=2.1219 w_v=5.5437 gamma=0.993 (tau_u=4.713e-01 tau_v=1.804e-01 |Du|=2.03e+00 |DRu|=9.01e+00)
  [PT] w_u=2.0420 w_v=5.7773 gamma=0.973 (tau_u=4.897e-01 tau_v=1.731e-01 |Du|=4.49e+00 |DRu|=5.47e+00)
  [PT] w_u=2.1324 w_v=6.0166 gamma=0.874 (tau_u=4.690e-01 tau_v=1.662e-01 |Du|=6.97e+00 |DRu|=1.23e+01)
  [PT] w_u=2.2955 w_v=5.9344 gamma=0.928 (tau_u=4.356e-01 tau_v=1.685e-01 |Du|=2.22e+00 |DRu|=5.81e+00)
  [PT] w_u=1.7573 w_v=4.9524 gamma=0.919 (tau_u=5.691e-01 tau_v=2.019e-01 |Du|=5.02e+00 |DRu|=3.62e+00)
  [PT] w_u=1.6486 w_v=4.6712 gamma=0.945 (tau_u=6.066e-01 tau_v=2.141e-01 |Du|=9.32e+00 |DRu|=9.32e+00)
  [PT] w_u=1.1051 w_v=4.0552 gamma=0.967 (tau_u=9.049e-01 tau_v=2.466e-01 |Du|=4.97e+00 |DRu|=2.58e+00)
  [PT] w_u=1.2083 w_v=4.1077 gamma=0.941 (tau_u=8.276e-01 tau_v=2.434e-01 |Du|=2.52e+00 |DRu|=6.72e+00)
  [PT] w_u=1.2616 w_v=3.8389 gamma=0.977 (tau_u=7.926e-01 tau_v=2.605e-01 |Du|=7.55e+00 |DRu|=1.08e+01)
[Adam] ep= 1140  total=2.868e-02  PDE=8.647e-03 [colloc=7.216e-03, cfd=1.431e-03] (w=1.178)  IN=9.685e-03 (w=0.891)  TB=1.183e-02 (w=0.810)  WALL=1.571e-17 (w=0.200)  OUT=1.180e-03 (w=0.243)  DATA=7.954e-02 (w=0.000)
  [PT] w_u=1.3832 w_v=3.9454 gamma=0.984 (tau_u=7.230e-01 tau_v=2.535e-01 |Du|=4.08e+00 |DRu|=1.31e+01)
  [PT] w_u=1.5004 w_v=4.1521 gamma=0.967 (tau_u=6.665e-01 tau_v=2.408e-01 |Du|=1.76e+00 |DRu|=4.36e+00)
  [PT] w_u=1.6576 w_v=4.3238 gamma=0.960 (tau_u=6.033e-01 tau_v=2.313e-01 |Du|=3.24e+00 |DRu|=1.70e+01)
  [PT] w_u=1.7654 w_v=4.2491 gamma=0.984 (tau_u=5.664e-01 tau_v=2.353e-01 |Du|=2.77e+00 |DRu|=5.68e+00)
  [PT] w_u=1.9534 w_v=4.5789 gamma=0.978 (tau_u=5.119e-01 tau_v=2.184e-01 |Du|=1.78e+00 |DRu|=1.21e+01)
  [PT] w_u=2.1030 w_v=4.5416 gamma=0.933 (tau_u=4.755e-01 tau_v=2.202e-01 |Du|=2.85e+00 |DRu|=7.15e+00)
  [PT] w_u=2.2989 w_v=4.5036 gamma=0.978 (tau_u=4.350e-01 tau_v=2.220e-01 |Du|=3.92e+00 |DRu|=1.46e+01)
  [PT] w_u=2.4967 w_v=4.6366 gamma=0.982 (tau_u=4.005e-01 tau_v=2.157e-01 |Du|=2.70e+00 |DRu|=8.91e+00)
  [PT] w_u=2.7320 w_v=4.7254 gamma=0.979 (tau_u=3.660e-01 tau_v=2.116e-01 |Du|=3.39e+00 |DRu|=1.42e+01)
  [PT] w_u=2.7377 w_v=4.4314 gamma=0.955 (tau_u=3.653e-01 tau_v=2.257e-01 |Du|=4.02e+00 |DRu|=6.56e+00)
  [PT] w_u=3.0167 w_v=4.6607 gamma=0.972 (tau_u=3.315e-01 tau_v=2.146e-01 |Du|=3.40e+00 |DRu|=2.02e+01)
  [PT] w_u=3.3112 w_v=4.7954 gamma=0.994 (tau_u=3.020e-01 tau_v=2.085e-01 |Du|=1.46e+00 |DRu|=7.63e+00)
  [PT] w_u=3.4609 w_v=5.0698 gamma=0.979 (tau_u=2.889e-01 tau_v=1.972e-01 |Du|=2.79e+00 |DRu|=6.66e+00)
  [PT] w_u=3.7396 w_v=5.3780 gamma=0.923 (tau_u=2.674e-01 tau_v=1.859e-01 |Du|=4.41e+00 |DRu|=1.56e+01)
  [PT] w_u=3.8000 w_v=4.9924 gamma=0.940 (tau_u=2.632e-01 tau_v=2.003e-01 |Du|=4.16e+00 |DRu|=8.51e+00)
  [PT] w_u=3.7464 w_v=4.8986 gamma=0.951 (tau_u=2.669e-01 tau_v=2.041e-01 |Du|=4.32e+00 |DRu|=7.68e+00)
  [PT] w_u=3.7903 w_v=5.0638 gamma=0.961 (tau_u=2.638e-01 tau_v=1.975e-01 |Du|=4.81e+00 |DRu|=9.70e+00)
  [PT] w_u=3.8217 w_v=4.7997 gamma=0.942 (tau_u=2.617e-01 tau_v=2.083e-01 |Du|=3.84e+00 |DRu|=7.58e+00)
  [PT] w_u=3.7903 w_v=4.8913 gamma=0.926 (tau_u=2.638e-01 tau_v=2.044e-01 |Du|=4.58e+00 |DRu|=8.27e+00)
  [PT] w_u=4.0478 w_v=5.2242 gamma=0.943 (tau_u=2.470e-01 tau_v=1.914e-01 |Du|=3.52e+00 |DRu|=1.10e+01)
[Adam] ep= 1160  total=2.913e-02  PDE=7.119e-03 [colloc=6.136e-03, cfd=9.836e-04] (w=1.182)  IN=1.403e-02 (w=0.902)  TB=1.038e-02 (w=0.769)  WALL=8.812e-17 (w=0.200)  OUT=3.395e-04 (w=0.238)  DATA=9.724e-02 (w=0.000)
  [PT] w_u=4.1004 w_v=5.1482 gamma=0.941 (tau_u=2.439e-01 tau_v=1.942e-01 |Du|=2.79e+00 |DRu|=5.83e+00)
  [PT] w_u=3.9739 w_v=5.4363 gamma=0.962 (tau_u=2.516e-01 tau_v=1.839e-01 |Du|=7.55e+00 |DRu|=1.31e+01)
  [PT] w_u=3.1394 w_v=5.5414 gamma=0.959 (tau_u=3.185e-01 tau_v=1.805e-01 |Du|=7.47e+00 |DRu|=7.62e+00)
  [PT] w_u=3.4371 w_v=6.0084 gamma=0.994 (tau_u=2.909e-01 tau_v=1.664e-01 |Du|=4.30e+00 |DRu|=2.07e+01)
  [PT] w_u=2.6836 w_v=5.8518 gamma=0.994 (tau_u=3.726e-01 tau_v=1.709e-01 |Du|=2.91e+00 |DRu|=2.76e+00)
  [PT] w_u=2.9244 w_v=6.4511 gamma=0.958 (tau_u=3.419e-01 tau_v=1.550e-01 |Du|=4.75e+00 |DRu|=1.81e+01)
  [PT] w_u=3.0019 w_v=6.6760 gamma=0.975 (tau_u=3.331e-01 tau_v=1.498e-01 |Du|=6.12e+00 |DRu|=1.20e+01)
  [PT] w_u=2.8350 w_v=6.5434 gamma=0.954 (tau_u=3.527e-01 tau_v=1.528e-01 |Du|=5.51e+00 |DRu|=7.40e+00)
  [PT] w_u=3.1202 w_v=7.0263 gamma=0.982 (tau_u=3.205e-01 tau_v=1.423e-01 |Du|=3.22e+00 |DRu|=1.83e+01)
  [PT] w_u=3.3032 w_v=7.3447 gamma=0.995 (tau_u=3.027e-01 tau_v=1.362e-01 |Du|=2.39e+00 |DRu|=6.31e+00)
  [PT] w_u=3.3700 w_v=7.4594 gamma=0.981 (tau_u=2.967e-01 tau_v=1.341e-01 |Du|=3.80e+00 |DRu|=7.65e+00)
  [PT] w_u=3.6105 w_v=7.7510 gamma=0.960 (tau_u=2.770e-01 tau_v=1.290e-01 |Du|=4.81e+00 |DRu|=1.50e+01)
  [PT] w_u=3.8759 w_v=7.7806 gamma=0.969 (tau_u=2.580e-01 tau_v=1.285e-01 |Du|=2.88e+00 |DRu|=9.58e+00)
  [PT] w_u=3.7659 w_v=7.7554 gamma=0.963 (tau_u=2.655e-01 tau_v=1.289e-01 |Du|=4.16e+00 |DRu|=7.08e+00)
  [PT] w_u=3.7831 w_v=7.9619 gamma=0.971 (tau_u=2.643e-01 tau_v=1.256e-01 |Du|=6.55e+00 |DRu|=1.28e+01)
  [PT] w_u=3.0456 w_v=6.9496 gamma=0.965 (tau_u=3.283e-01 tau_v=1.439e-01 |Du|=5.62e+00 |DRu|=5.80e+00)
  [PT] w_u=3.3349 w_v=6.7830 gamma=0.962 (tau_u=2.999e-01 tau_v=1.474e-01 |Du|=2.62e+00 |DRu|=1.23e+01)
  [PT] w_u=3.3423 w_v=6.7222 gamma=0.955 (tau_u=2.992e-01 tau_v=1.488e-01 |Du|=3.39e+00 |DRu|=6.11e+00)
  [PT] w_u=3.5398 w_v=7.1585 gamma=0.965 (tau_u=2.825e-01 tau_v=1.397e-01 |Du|=5.21e+00 |DRu|=1.41e+01)
  [PT] w_u=3.1268 w_v=6.7527 gamma=0.960 (tau_u=3.198e-01 tau_v=1.481e-01 |Du|=4.77e+00 |DRu|=5.77e+00)
[Adam] ep= 1180  total=3.983e-02  PDE=1.439e-02 [colloc=1.026e-02, cfd=4.125e-03] (w=1.239)  IN=1.590e-02 (w=0.847)  TB=1.121e-02 (w=0.743)  WALL=3.343e-16 (w=0.200)  OUT=8.569e-04 (w=0.244)  DATA=1.114e-01 (w=0.000)
  [PT] w_u=3.3971 w_v=6.9417 gamma=0.948 (tau_u=2.944e-01 tau_v=1.441e-01 |Du|=3.20e+00 |DRu|=1.22e+01)
  [PT] w_u=2.9171 w_v=6.7766 gamma=0.949 (tau_u=3.428e-01 tau_v=1.476e-01 |Du|=6.47e+00 |DRu|=7.15e+00)
  [PT] w_u=2.8235 w_v=7.1356 gamma=0.935 (tau_u=3.542e-01 tau_v=1.401e-01 |Du|=9.78e+00 |DRu|=1.40e+01)
  [PT] w_u=2.6585 w_v=6.9878 gamma=0.968 (tau_u=3.761e-01 tau_v=1.431e-01 |Du|=4.81e+00 |DRu|=6.25e+00)
  [PT] w_u=2.8663 w_v=7.2197 gamma=0.971 (tau_u=3.489e-01 tau_v=1.385e-01 |Du|=3.94e+00 |DRu|=1.21e+01)
  [PT] w_u=2.4799 w_v=6.5752 gamma=0.973 (tau_u=4.032e-01 tau_v=1.521e-01 |Du|=4.51e+00 |DRu|=4.71e+00)
  [PT] w_u=2.5351 w_v=6.5868 gamma=0.921 (tau_u=3.945e-01 tau_v=1.518e-01 |Du|=4.54e+00 |DRu|=7.76e+00)
  [PT] w_u=2.6967 w_v=6.7376 gamma=0.955 (tau_u=3.708e-01 tau_v=1.484e-01 |Du|=4.62e+00 |DRu|=1.14e+01)
  [PT] w_u=2.7869 w_v=6.4324 gamma=0.977 (tau_u=3.588e-01 tau_v=1.555e-01 |Du|=3.62e+00 |DRu|=7.14e+00)
  [PT] w_u=2.6818 w_v=4.8096 gamma=0.961 (tau_u=3.729e-01 tau_v=2.079e-01 |Du|=3.78e+00 |DRu|=5.25e+00)
  [PT] w_u=2.7435 w_v=4.9634 gamma=0.909 (tau_u=3.645e-01 tau_v=2.015e-01 |Du|=5.93e+00 |DRu|=1.05e+01)
  [PT] w_u=2.7444 w_v=5.1531 gamma=0.948 (tau_u=3.644e-01 tau_v=1.941e-01 |Du|=5.79e+00 |DRu|=9.35e+00)
  [PT] w_u=2.1760 w_v=3.8124 gamma=0.972 (tau_u=4.596e-01 tau_v=2.623e-01 |Du|=5.72e+00 |DRu|=4.92e+00)
  [PT] w_u=2.1203 w_v=3.2433 gamma=0.962 (tau_u=4.716e-01 tau_v=3.083e-01 |Du|=4.18e+00 |DRu|=5.38e+00)
  [PT] w_u=2.2962 w_v=3.5142 gamma=0.939 (tau_u=4.355e-01 tau_v=2.846e-01 |Du|=3.04e+00 |DRu|=8.88e+00)
  [PT] w_u=2.3979 w_v=3.6705 gamma=0.945 (tau_u=4.170e-01 tau_v=2.724e-01 |Du|=4.98e+00 |DRu|=9.66e+00)
  [PT] w_u=2.3786 w_v=3.8170 gamma=0.963 (tau_u=4.204e-01 tau_v=2.620e-01 |Du|=5.21e+00 |DRu|=7.61e+00)
  [PT] w_u=2.5957 w_v=4.1714 gamma=0.951 (tau_u=3.853e-01 tau_v=2.397e-01 |Du|=2.70e+00 |DRu|=1.00e+01)
  [PT] w_u=2.6910 w_v=4.3383 gamma=0.928 (tau_u=3.716e-01 tau_v=2.305e-01 |Du|=2.64e+00 |DRu|=5.09e+00)
  [PT] w_u=2.9137 w_v=4.5809 gamma=0.925 (tau_u=3.432e-01 tau_v=2.183e-01 |Du|=3.49e+00 |DRu|=1.13e+01)
[Adam] ep= 1200  total=2.628e-02  PDE=7.797e-03 [colloc=6.421e-03, cfd=1.375e-03] (w=1.127)  IN=1.216e-02 (w=0.773)  TB=1.041e-02 (w=0.762)  WALL=1.046e-16 (w=0.200)  OUT=7.572e-04 (w=0.210)  DATA=1.047e-01 (w=0.000)
  [PT] w_u=2.3552 w_v=4.8000 gamma=0.953 (tau_u=4.246e-01 tau_v=2.083e-01 |Du|=7.16e+00 |DRu|=6.50e+00)
  [PT] w_u=1.5875 w_v=4.2411 gamma=0.957 (tau_u=6.299e-01 tau_v=2.358e-01 |Du|=8.36e+00 |DRu|=5.20e+00)
  [PT] w_u=1.6504 w_v=4.0885 gamma=0.947 (tau_u=6.059e-01 tau_v=2.446e-01 |Du|=4.47e+00 |DRu|=6.97e+00)
  [PT] w_u=1.7736 w_v=4.3380 gamma=0.952 (tau_u=5.638e-01 tau_v=2.305e-01 |Du|=5.43e+00 |DRu|=1.23e+01)
  [PT] w_u=1.8084 w_v=4.5922 gamma=0.958 (tau_u=5.530e-01 tau_v=2.178e-01 |Du|=6.38e+00 |DRu|=9.26e+00)
  [PT] w_u=1.7771 w_v=3.5797 gamma=0.955 (tau_u=5.627e-01 tau_v=2.794e-01 |Du|=3.62e+00 |DRu|=4.39e+00)
  [PT] w_u=1.9443 w_v=3.8449 gamma=0.943 (tau_u=5.143e-01 tau_v=2.601e-01 |Du|=3.55e+00 |DRu|=1.23e+01)
  [PT] w_u=2.1047 w_v=4.0811 gamma=0.909 (tau_u=4.751e-01 tau_v=2.450e-01 |Du|=2.30e+00 |DRu|=6.28e+00)
  [PT] w_u=2.3207 w_v=4.4153 gamma=0.970 (tau_u=4.309e-01 tau_v=2.265e-01 |Du|=2.87e+00 |DRu|=1.56e+01)
  [PT] w_u=2.5210 w_v=4.5785 gamma=0.975 (tau_u=3.967e-01 tau_v=2.184e-01 |Du|=1.39e+00 |DRu|=4.62e+00)
  [PT] w_u=2.7896 w_v=5.0670 gamma=0.978 (tau_u=3.585e-01 tau_v=1.974e-01 |Du|=1.97e+00 |DRu|=1.60e+01)
  [PT] w_u=2.8992 w_v=4.9463 gamma=0.972 (tau_u=3.449e-01 tau_v=2.022e-01 |Du|=1.39e+00 |DRu|=2.90e+00)
  [PT] w_u=3.2013 w_v=5.4010 gamma=0.974 (tau_u=3.124e-01 tau_v=1.852e-01 |Du|=2.32e+00 |DRu|=1.65e+01)
  [PT] w_u=3.4732 w_v=5.7317 gamma=0.981 (tau_u=2.879e-01 tau_v=1.745e-01 |Du|=1.79e+00 |DRu|=6.81e+00)
  [PT] w_u=3.7218 w_v=6.0334 gamma=0.947 (tau_u=2.687e-01 tau_v=1.657e-01 |Du|=2.88e+00 |DRu|=9.06e+00)
  [PT] w_u=4.0496 w_v=6.4280 gamma=0.992 (tau_u=2.469e-01 tau_v=1.556e-01 |Du|=4.43e+00 |DRu|=1.95e+01)
  [PT] w_u=3.9282 w_v=6.6859 gamma=1.000 (tau_u=2.546e-01 tau_v=1.496e-01 |Du|=4.59e+00 |DRu|=8.08e+00)
  [PT] w_u=2.9879 w_v=6.9502 gamma=0.998 (tau_u=3.347e-01 tau_v=1.439e-01 |Du|=6.09e+00 |DRu|=5.92e+00)
  [PT] w_u=2.9727 w_v=7.3242 gamma=0.971 (tau_u=3.364e-01 tau_v=1.365e-01 |Du|=6.82e+00 |DRu|=1.13e+01)
  [PT] w_u=3.1889 w_v=7.6161 gamma=0.964 (tau_u=3.136e-01 tau_v=1.313e-01 |Du|=4.37e+00 |DRu|=1.30e+01)
[Adam] ep= 1220  total=5.282e-02  PDE=1.466e-02 [colloc=1.082e-02, cfd=3.839e-03] (w=1.376)  IN=3.095e-02 (w=0.803)  TB=1.086e-02 (w=0.711)  WALL=3.652e-16 (w=0.200)  OUT=4.116e-04 (w=0.202)  DATA=1.294e-01 (w=0.000)
  [PT] w_u=3.2348 w_v=7.7855 gamma=0.970 (tau_u=3.091e-01 tau_v=1.284e-01 |Du|=4.29e+00 |DRu|=8.15e+00)
  [PT] w_u=2.4612 w_v=7.6624 gamma=0.945 (tau_u=4.063e-01 tau_v=1.305e-01 |Du|=7.61e+00 |DRu|=6.54e+00)
  [PT] w_u=2.4607 w_v=8.1280 gamma=0.935 (tau_u=4.064e-01 tau_v=1.230e-01 |Du|=9.49e+00 |DRu|=1.44e+01)
  [PT] w_u=2.4227 w_v=8.5904 gamma=0.989 (tau_u=4.128e-01 tau_v=1.164e-01 |Du|=7.76e+00 |DRu|=1.13e+01)
  [PT] w_u=2.2599 w_v=8.4553 gamma=0.987 (tau_u=4.425e-01 tau_v=1.183e-01 |Du|=5.51e+00 |DRu|=6.49e+00)
  [PT] w_u=2.4840 w_v=9.0142 gamma=0.991 (tau_u=4.026e-01 tau_v=1.109e-01 |Du|=4.02e+00 |DRu|=1.92e+01)
  [PT] w_u=2.5650 w_v=8.8849 gamma=0.999 (tau_u=3.899e-01 tau_v=1.125e-01 |Du|=4.54e+00 |DRu|=8.65e+00)
  [PT] w_u=2.3746 w_v=8.6964 gamma=0.983 (tau_u=4.211e-01 tau_v=1.150e-01 |Du|=6.68e+00 |DRu|=7.90e+00)
  [PT] w_u=2.4730 w_v=8.8979 gamma=0.945 (tau_u=4.044e-01 tau_v=1.124e-01 |Du|=7.40e+00 |DRu|=1.43e+01)
  [PT] w_u=2.5987 w_v=9.0025 gamma=0.925 (tau_u=3.848e-01 tau_v=1.111e-01 |Du|=3.41e+00 |DRu|=7.17e+00)
  [PT] w_u=2.8324 w_v=9.4935 gamma=0.925 (tau_u=3.531e-01 tau_v=1.053e-01 |Du|=2.70e+00 |DRu|=1.00e+01)
  [PT] w_u=2.6050 w_v=8.6796 gamma=0.938 (tau_u=3.839e-01 tau_v=1.152e-01 |Du|=3.98e+00 |DRu|=4.75e+00)
  [PT] w_u=2.5949 w_v=5.3613 gamma=0.906 (tau_u=3.854e-01 tau_v=1.865e-01 |Du|=4.80e+00 |DRu|=7.23e+00)
  [PT] w_u=2.6390 w_v=4.7915 gamma=0.893 (tau_u=3.789e-01 tau_v=2.087e-01 |Du|=4.02e+00 |DRu|=6.70e+00)
  [PT] w_u=2.3594 w_v=5.0756 gamma=0.923 (tau_u=4.238e-01 tau_v=1.970e-01 |Du|=4.36e+00 |DRu|=4.61e+00)
  [PT] w_u=1.7498 w_v=4.2173 gamma=0.928 (tau_u=5.715e-01 tau_v=2.371e-01 |Du|=7.26e+00 |DRu|=5.08e+00)
  [PT] w_u=1.7113 w_v=4.1297 gamma=0.930 (tau_u=5.844e-01 tau_v=2.421e-01 |Du|=5.06e+00 |DRu|=5.83e+00)
  [PT] w_u=1.6360 w_v=4.3903 gamma=0.917 (tau_u=6.113e-01 tau_v=2.278e-01 |Du|=6.48e+00 |DRu|=6.71e+00)
  [PT] w_u=1.5853 w_v=4.6731 gamma=0.931 (tau_u=6.308e-01 tau_v=2.140e-01 |Du|=7.67e+00 |DRu|=8.24e+00)
  [PT] w_u=1.7363 w_v=4.9455 gamma=0.924 (tau_u=5.759e-01 tau_v=2.022e-01 |Du|=1.71e+00 |DRu|=5.73e+00)
[Adam] ep= 1240  total=2.454e-02  PDE=7.801e-03 [colloc=6.600e-03, cfd=1.201e-03] (w=1.133)  IN=9.837e-03 (w=0.751)  TB=1.049e-02 (w=0.776)  WALL=1.795e-17 (w=0.200)  OUT=7.324e-04 (w=0.240)  DATA=9.972e-02 (w=0.000)
  [PT] w_u=1.8144 w_v=5.0477 gamma=0.916 (tau_u=5.512e-01 tau_v=1.981e-01 |Du|=6.13e+00 |DRu|=1.02e+01)
  [PT] w_u=1.9186 w_v=5.3765 gamma=0.959 (tau_u=5.212e-01 tau_v=1.860e-01 |Du|=5.19e+00 |DRu|=1.01e+01)
  [PT] w_u=2.0712 w_v=5.6937 gamma=0.934 (tau_u=4.828e-01 tau_v=1.756e-01 |Du|=2.00e+00 |DRu|=5.23e+00)
  [PT] w_u=2.1744 w_v=6.0590 gamma=0.968 (tau_u=4.599e-01 tau_v=1.650e-01 |Du|=7.34e+00 |DRu|=1.43e+01)
  [PT] w_u=1.6312 w_v=5.4587 gamma=0.968 (tau_u=6.130e-01 tau_v=1.832e-01 |Du|=5.47e+00 |DRu|=3.82e+00)
  [PT] w_u=1.7658 w_v=5.8894 gamma=0.914 (tau_u=5.663e-01 tau_v=1.698e-01 |Du|=3.37e+00 |DRu|=8.45e+00)
  [PT] w_u=1.9137 w_v=6.2739 gamma=0.913 (tau_u=5.226e-01 tau_v=1.594e-01 |Du|=3.56e+00 |DRu|=9.48e+00)
  [PT] w_u=2.0299 w_v=6.5281 gamma=0.925 (tau_u=4.926e-01 tau_v=1.532e-01 |Du|=3.99e+00 |DRu|=8.13e+00)
  [PT] w_u=2.1177 w_v=6.5293 gamma=0.920 (tau_u=4.722e-01 tau_v=1.532e-01 |Du|=2.72e+00 |DRu|=4.85e+00)
  [PT] w_u=2.3155 w_v=6.7963 gamma=0.906 (tau_u=4.319e-01 tau_v=1.471e-01 |Du|=2.53e+00 |DRu|=9.15e+00)
  [PT] w_u=2.3370 w_v=5.4515 gamma=0.917 (tau_u=4.279e-01 tau_v=1.834e-01 |Du|=4.25e+00 |DRu|=6.50e+00)
  [PT] w_u=2.3087 w_v=4.8530 gamma=0.937 (tau_u=4.331e-01 tau_v=2.061e-01 |Du|=3.91e+00 |DRu|=5.46e+00)
  [PT] w_u=2.3210 w_v=5.1472 gamma=0.928 (tau_u=4.308e-01 tau_v=1.943e-01 |Du|=3.67e+00 |DRu|=5.53e+00)
  [PT] w_u=2.2065 w_v=4.2676 gamma=0.899 (tau_u=4.532e-01 tau_v=2.343e-01 |Du|=3.99e+00 |DRu|=4.68e+00)
  [PT] w_u=2.2680 w_v=3.7204 gamma=0.928 (tau_u=4.409e-01 tau_v=2.688e-01 |Du|=4.55e+00 |DRu|=7.63e+00)
  [PT] w_u=2.4673 w_v=3.8420 gamma=0.954 (tau_u=4.053e-01 tau_v=2.603e-01 |Du|=3.76e+00 |DRu|=1.26e+01)
  [PT] w_u=1.8987 w_v=3.4785 gamma=0.949 (tau_u=5.267e-01 tau_v=2.875e-01 |Du|=3.66e+00 |DRu|=2.80e+00)
  [PT] w_u=2.0660 w_v=3.7958 gamma=0.932 (tau_u=4.840e-01 tau_v=2.635e-01 |Du|=3.88e+00 |DRu|=1.18e+01)
  [PT] w_u=2.2548 w_v=4.0438 gamma=0.893 (tau_u=4.435e-01 tau_v=2.473e-01 |Du|=2.08e+00 |DRu|=7.02e+00)
  [PT] w_u=2.3249 w_v=4.0171 gamma=0.961 (tau_u=4.301e-01 tau_v=2.489e-01 |Du|=7.23e+00 |DRu|=1.27e+01)
[Adam] ep= 1260  total=2.176e-02  PDE=5.154e-03 [colloc=4.139e-03, cfd=1.015e-03] (w=1.037)  IN=1.319e-02 (w=0.724)  TB=8.879e-03 (w=0.765)  WALL=1.948e-17 (w=0.200)  OUT=3.802e-04 (w=0.201)  DATA=9.675e-02 (w=0.000)
  [PT] w_u=2.2502 w_v=3.4609 gamma=0.941 (tau_u=4.444e-01 tau_v=2.889e-01 |Du|=5.26e+00 |DRu|=6.74e+00)
  [PT] w_u=2.4893 w_v=3.7850 gamma=0.988 (tau_u=4.017e-01 tau_v=2.642e-01 |Du|=2.74e+00 |DRu|=2.05e+01)
  [PT] w_u=2.6684 w_v=4.0034 gamma=0.997 (tau_u=3.748e-01 tau_v=2.498e-01 |Du|=1.44e+00 |DRu|=3.97e+00)
  [PT] w_u=2.9550 w_v=4.4115 gamma=0.970 (tau_u=3.384e-01 tau_v=2.267e-01 |Du|=1.16e+00 |DRu|=1.08e+01)
  [PT] w_u=3.2582 w_v=4.7805 gamma=0.968 (tau_u=3.069e-01 tau_v=2.092e-01 |Du|=2.89e+00 |DRu|=1.85e+01)
  [PT] w_u=2.2700 w_v=3.3750 gamma=0.966 (tau_u=4.405e-01 tau_v=2.963e-01 |Du|=5.18e+00 |DRu|=3.97e+00)
  [PT] w_u=2.4227 w_v=3.5151 gamma=0.892 (tau_u=4.128e-01 tau_v=2.845e-01 |Du|=5.92e+00 |DRu|=1.39e+01)
  [PT] w_u=2.6475 w_v=3.6737 gamma=0.959 (tau_u=3.777e-01 tau_v=2.722e-01 |Du|=2.75e+00 |DRu|=1.08e+01)
  [PT] w_u=2.8766 w_v=3.9524 gamma=0.947 (tau_u=3.476e-01 tau_v=2.530e-01 |Du|=2.06e+00 |DRu|=7.22e+00)
  [PT] w_u=3.1836 w_v=4.3580 gamma=0.975 (tau_u=3.141e-01 tau_v=2.295e-01 |Du|=1.67e+00 |DRu|=1.48e+01)
  [PT] w_u=3.3849 w_v=4.6100 gamma=0.989 (tau_u=2.954e-01 tau_v=2.169e-01 |Du|=2.66e+00 |DRu|=7.41e+00)
  [PT] w_u=3.5362 w_v=4.8123 gamma=0.983 (tau_u=2.828e-01 tau_v=2.078e-01 |Du|=4.00e+00 |DRu|=9.64e+00)
  [PT] w_u=3.8557 w_v=5.0015 gamma=0.988 (tau_u=2.594e-01 tau_v=1.999e-01 |Du|=3.69e+00 |DRu|=1.67e+01)
  [PT] w_u=3.8547 w_v=4.6731 gamma=0.994 (tau_u=2.594e-01 tau_v=2.140e-01 |Du|=4.69e+00 |DRu|=9.18e+00)
  [PT] w_u=3.4556 w_v=4.4078 gamma=0.985 (tau_u=2.894e-01 tau_v=2.269e-01 |Du|=4.40e+00 |DRu|=5.84e+00)
  [PT] w_u=3.7621 w_v=4.7417 gamma=0.949 (tau_u=2.658e-01 tau_v=2.109e-01 |Du|=3.39e+00 |DRu|=1.43e+01)
  [PT] w_u=3.9373 w_v=4.3317 gamma=0.957 (tau_u=2.540e-01 tau_v=2.309e-01 |Du|=3.65e+00 |DRu|=9.29e+00)
  [PT] w_u=3.9785 w_v=4.1289 gamma=0.941 (tau_u=2.513e-01 tau_v=2.422e-01 |Du|=4.51e+00 |DRu|=9.16e+00)
  [PT] w_u=4.2332 w_v=4.2746 gamma=0.994 (tau_u=2.362e-01 tau_v=2.339e-01 |Du|=6.19e+00 |DRu|=1.95e+01)
  [PT] w_u=3.5932 w_v=4.2472 gamma=1.000 (tau_u=2.783e-01 tau_v=2.354e-01 |Du|=7.08e+00 |DRu|=8.74e+00)
[Adam] ep= 1280  total=4.697e-02  PDE=2.462e-02 [colloc=2.052e-02, cfd=4.100e-03] (w=1.388)  IN=7.479e-03 (w=0.674)  TB=1.013e-02 (w=0.735)  WALL=2.783e-16 (w=0.200)  OUT=1.186e-03 (w=0.257)  DATA=8.364e-02 (w=0.000)
  [PT] w_u=3.4098 w_v=4.2955 gamma=0.995 (tau_u=2.933e-01 tau_v=2.328e-01 |Du|=7.31e+00 |DRu|=1.11e+01)
  [PT] w_u=3.5856 w_v=4.5961 gamma=0.968 (tau_u=2.789e-01 tau_v=2.176e-01 |Du|=6.47e+00 |DRu|=1.65e+01)
  [PT] w_u=3.6834 w_v=4.8919 gamma=0.973 (tau_u=2.715e-01 tau_v=2.044e-01 |Du|=5.57e+00 |DRu|=1.21e+01)
  [PT] w_u=3.4018 w_v=5.1914 gamma=0.967 (tau_u=2.940e-01 tau_v=1.926e-01 |Du|=5.41e+00 |DRu|=7.55e+00)
  [PT] w_u=3.6583 w_v=5.3072 gamma=0.931 (tau_u=2.733e-01 tau_v=1.884e-01 |Du|=3.76e+00 |DRu|=1.23e+01)
  [PT] w_u=3.6825 w_v=4.8798 gamma=0.952 (tau_u=2.716e-01 tau_v=2.049e-01 |Du|=5.21e+00 |DRu|=1.01e+01)
  [PT] w_u=2.7945 w_v=4.5573 gamma=0.977 (tau_u=3.579e-01 tau_v=2.194e-01 |Du|=8.96e+00 |DRu|=8.31e+00)
  [PT] w_u=2.4600 w_v=4.6763 gamma=0.986 (tau_u=4.065e-01 tau_v=2.138e-01 |Du|=9.52e+00 |DRu|=1.03e+01)
  [PT] w_u=2.3864 w_v=4.9469 gamma=0.985 (tau_u=4.190e-01 tau_v=2.021e-01 |Du|=7.65e+00 |DRu|=1.04e+01)
  [PT] w_u=2.5635 w_v=5.3080 gamma=0.995 (tau_u=3.901e-01 tau_v=1.884e-01 |Du|=5.50e+00 |DRu|=1.52e+01)
  [PT] w_u=2.7470 w_v=5.7785 gamma=1.000 (tau_u=3.640e-01 tau_v=1.731e-01 |Du|=3.96e+00 |DRu|=1.10e+01)
  [PT] w_u=2.8150 w_v=6.0779 gamma=0.999 (tau_u=3.552e-01 tau_v=1.645e-01 |Du|=3.74e+00 |DRu|=7.11e+00)
  [PT] w_u=2.9394 w_v=6.3129 gamma=0.987 (tau_u=3.402e-01 tau_v=1.584e-01 |Du|=4.08e+00 |DRu|=8.95e+00)
  [PT] w_u=3.1819 w_v=6.6766 gamma=0.977 (tau_u=3.143e-01 tau_v=1.498e-01 |Du|=4.67e+00 |DRu|=1.62e+01)
  [PT] w_u=2.9600 w_v=6.1052 gamma=0.992 (tau_u=3.378e-01 tau_v=1.638e-01 |Du|=5.97e+00 |DRu|=8.02e+00)
  [PT] w_u=1.9727 w_v=3.8134 gamma=0.985 (tau_u=5.069e-01 tau_v=2.622e-01 |Du|=6.88e+00 |DRu|=4.79e+00)
  [PT] w_u=1.9674 w_v=3.8094 gamma=0.953 (tau_u=5.083e-01 tau_v=2.625e-01 |Du|=7.44e+00 |DRu|=1.01e+01)
  [PT] w_u=2.0687 w_v=3.9890 gamma=0.916 (tau_u=4.834e-01 tau_v=2.507e-01 |Du|=5.76e+00 |DRu|=1.08e+01)
  [PT] w_u=2.1140 w_v=3.6058 gamma=0.900 (tau_u=4.730e-01 tau_v=2.773e-01 |Du|=3.55e+00 |DRu|=5.47e+00)
  [PT] w_u=2.0175 w_v=3.1307 gamma=0.901 (tau_u=4.957e-01 tau_v=3.194e-01 |Du|=4.93e+00 |DRu|=5.59e+00)
[Adam] ep= 1300  total=2.614e-02  PDE=5.968e-03 [colloc=4.514e-03, cfd=1.454e-03] (w=1.372)  IN=1.221e-02 (w=0.809)  TB=1.063e-02 (w=0.742)  WALL=7.024e-17 (w=0.200)  OUT=6.730e-04 (w=0.270)  DATA=1.004e-01 (w=0.000)
  [PT] w_u=1.9031 w_v=2.7749 gamma=0.942 (tau_u=5.255e-01 tau_v=3.604e-01 |Du|=7.12e+00 |DRu|=7.76e+00)
  [PT] w_u=2.0232 w_v=2.8580 gamma=0.937 (tau_u=4.943e-01 tau_v=3.499e-01 |Du|=4.70e+00 |DRu|=9.86e+00)
  [PT] w_u=1.9358 w_v=2.9674 gamma=0.894 (tau_u=5.166e-01 tau_v=3.370e-01 |Du|=4.94e+00 |DRu|=5.51e+00)
  [PT] w_u=1.7411 w_v=2.8016 gamma=0.886 (tau_u=5.744e-01 tau_v=3.569e-01 |Du|=8.25e+00 |DRu|=7.42e+00)
  [PT] w_u=1.8416 w_v=2.2941 gamma=0.905 (tau_u=5.430e-01 tau_v=4.359e-01 |Du|=4.59e+00 |DRu|=8.55e+00)
  [PT] w_u=1.7812 w_v=2.1416 gamma=0.879 (tau_u=5.614e-01 tau_v=4.669e-01 |Du|=5.62e+00 |DRu|=6.18e+00)
  [PT] w_u=1.5234 w_v=2.2522 gamma=0.928 (tau_u=6.564e-01 tau_v=4.440e-01 |Du|=1.01e+01 |DRu|=7.92e+00)
  [PT] w_u=1.6076 w_v=2.3580 gamma=0.955 (tau_u=6.221e-01 tau_v=4.241e-01 |Du|=7.26e+00 |DRu|=1.27e+01)
  [PT] w_u=1.7182 w_v=2.2930 gamma=0.952 (tau_u=5.820e-01 tau_v=4.361e-01 |Du|=3.32e+00 |DRu|=6.89e+00)
  [PT] w_u=1.6898 w_v=2.4617 gamma=0.940 (tau_u=5.918e-01 tau_v=4.062e-01 |Du|=9.12e+00 |DRu|=1.07e+01)
  [PT] w_u=1.7342 w_v=2.6708 gamma=0.948 (tau_u=5.766e-01 tau_v=3.744e-01 |Du|=8.46e+00 |DRu|=1.24e+01)
  [PT] w_u=1.4743 w_v=2.7623 gamma=0.938 (tau_u=6.783e-01 tau_v=3.620e-01 |Du|=4.69e+00 |DRu|=3.60e+00)
  [PT] w_u=1.6183 w_v=2.9932 gamma=0.916 (tau_u=6.179e-01 tau_v=3.341e-01 |Du|=3.30e+00 |DRu|=1.16e+01)
  [PT] w_u=1.7349 w_v=3.1983 gamma=0.922 (tau_u=5.764e-01 tau_v=3.127e-01 |Du|=3.20e+00 |DRu|=6.83e+00)
  [PT] w_u=1.8869 w_v=3.4231 gamma=0.929 (tau_u=5.300e-01 tau_v=2.921e-01 |Du|=2.55e+00 |DRu|=7.34e+00)
  [PT] w_u=2.0418 w_v=3.6905 gamma=0.888 (tau_u=4.898e-01 tau_v=2.710e-01 |Du|=3.00e+00 |DRu|=7.91e+00)
  [PT] w_u=2.1304 w_v=3.9218 gamma=0.913 (tau_u=4.694e-01 tau_v=2.550e-01 |Du|=3.62e+00 |DRu|=6.46e+00)
  [PT] w_u=2.3351 w_v=4.2295 gamma=0.956 (tau_u=4.282e-01 tau_v=2.364e-01 |Du|=2.90e+00 |DRu|=1.18e+01)
  [PT] w_u=2.3978 w_v=4.3179 gamma=0.958 (tau_u=4.170e-01 tau_v=2.316e-01 |Du|=1.60e+00 |DRu|=2.79e+00)
  [PT] w_u=2.6479 w_v=4.7253 gamma=0.933 (tau_u=3.777e-01 tau_v=2.116e-01 |Du|=2.07e+00 |DRu|=1.31e+01)
[Adam] ep= 1320  total=2.307e-02  PDE=1.083e-02 [colloc=8.754e-03, cfd=2.071e-03] (w=1.140)  IN=5.952e-03 (w=0.708)  TB=7.642e-03 (w=0.744)  WALL=1.632e-16 (w=0.200)  OUT=3.165e-03 (w=0.266)  DATA=7.775e-02 (w=0.000)
  [PT] w_u=2.6030 w_v=4.9450 gamma=0.894 (tau_u=3.842e-01 tau_v=2.022e-01 |Du|=3.52e+00 |DRu|=5.00e+00)
  [PT] w_u=2.8434 w_v=5.3031 gamma=0.952 (tau_u=3.517e-01 tau_v=1.886e-01 |Du|=3.33e+00 |DRu|=1.33e+01)
  [PT] w_u=2.8911 w_v=5.3773 gamma=0.962 (tau_u=3.459e-01 tau_v=1.860e-01 |Du|=3.31e+00 |DRu|=5.99e+00)
  [PT] w_u=3.1644 w_v=5.8415 gamma=0.977 (tau_u=3.160e-01 tau_v=1.712e-01 |Du|=3.35e+00 |DRu|=1.53e+01)
  [PT] w_u=3.4193 w_v=6.1781 gamma=0.993 (tau_u=2.925e-01 tau_v=1.619e-01 |Du|=1.98e+00 |DRu|=6.95e+00)
  [PT] w_u=3.3865 w_v=5.4792 gamma=0.973 (tau_u=2.953e-01 tau_v=1.825e-01 |Du|=2.63e+00 |DRu|=4.58e+00)
  [PT] w_u=3.6153 w_v=5.5547 gamma=0.883 (tau_u=2.766e-01 tau_v=1.800e-01 |Du|=3.98e+00 |DRu|=1.14e+01)
  [PT] w_u=3.7847 w_v=5.3424 gamma=0.947 (tau_u=2.642e-01 tau_v=1.872e-01 |Du|=4.89e+00 |DRu|=1.22e+01)
  [PT] w_u=3.0371 w_v=4.9156 gamma=0.972 (tau_u=3.293e-01 tau_v=2.034e-01 |Du|=4.64e+00 |DRu|=4.78e+00)
  [PT] w_u=3.2255 w_v=5.4233 gamma=0.973 (tau_u=3.100e-01 tau_v=1.844e-01 |Du|=4.24e+00 |DRu|=1.13e+01)
  [PT] w_u=2.7055 w_v=4.4638 gamma=0.975 (tau_u=3.696e-01 tau_v=2.240e-01 |Du|=6.09e+00 |DRu|=6.31e+00)
  [PT] w_u=2.8631 w_v=4.3914 gamma=0.968 (tau_u=3.493e-01 tau_v=2.277e-01 |Du|=5.59e+00 |DRu|=1.35e+01)
  [PT] w_u=2.7045 w_v=4.0966 gamma=0.963 (tau_u=3.698e-01 tau_v=2.441e-01 |Du|=6.15e+00 |DRu|=8.11e+00)
  [PT] w_u=2.5821 w_v=4.2736 gamma=0.952 (tau_u=3.873e-01 tau_v=2.340e-01 |Du|=9.66e+00 |DRu|=1.28e+01)
  [PT] w_u=2.1351 w_v=4.1675 gamma=0.954 (tau_u=4.684e-01 tau_v=2.400e-01 |Du|=8.75e+00 |DRu|=7.81e+00)
  [PT] w_u=2.1033 w_v=4.4565 gamma=0.918 (tau_u=4.754e-01 tau_v=2.244e-01 |Du|=5.79e+00 |DRu|=7.55e+00)
  [PT] w_u=2.2396 w_v=4.7777 gamma=0.944 (tau_u=4.465e-01 tau_v=2.093e-01 |Du|=4.93e+00 |DRu|=1.11e+01)
  [PT] w_u=2.1724 w_v=4.7696 gamma=0.956 (tau_u=4.603e-01 tau_v=2.097e-01 |Du|=6.21e+00 |DRu|=7.94e+00)
  [PT] w_u=2.3527 w_v=5.1018 gamma=0.995 (tau_u=4.250e-01 tau_v=1.960e-01 |Du|=5.79e+00 |DRu|=1.76e+01)
  [PT] w_u=2.4789 w_v=5.3014 gamma=1.000 (tau_u=4.034e-01 tau_v=1.886e-01 |Du|=3.66e+00 |DRu|=8.01e+00)
[Adam] ep= 1340  total=4.270e-02  PDE=2.522e-02 [colloc=2.365e-02, cfd=1.577e-03] (w=1.282)  IN=5.483e-03 (w=0.761)  TB=8.259e-03 (w=0.738)  WALL=6.756e-16 (w=0.200)  OUT=3.174e-04 (w=0.273)  DATA=8.829e-02 (w=0.000)
  [PT] w_u=2.5524 w_v=5.5330 gamma=0.998 (tau_u=3.918e-01 tau_v=1.807e-01 |Du|=4.68e+00 |DRu|=8.73e+00)
  [PT] w_u=2.7061 w_v=5.9307 gamma=0.973 (tau_u=3.695e-01 tau_v=1.686e-01 |Du|=6.35e+00 |DRu|=1.52e+01)
  [PT] w_u=2.9117 w_v=6.4317 gamma=0.985 (tau_u=3.434e-01 tau_v=1.555e-01 |Du|=5.15e+00 |DRu|=1.55e+01)
  [PT] w_u=3.0896 w_v=6.8286 gamma=0.995 (tau_u=3.237e-01 tau_v=1.464e-01 |Du|=3.30e+00 |DRu|=8.62e+00)
  [PT] w_u=3.1913 w_v=7.0582 gamma=0.995 (tau_u=3.134e-01 tau_v=1.417e-01 |Du|=3.33e+00 |DRu|=7.06e+00)
  [PT] w_u=3.3717 w_v=7.4377 gamma=0.988 (tau_u=2.966e-01 tau_v=1.345e-01 |Du|=3.63e+00 |DRu|=9.47e+00)
  [PT] w_u=3.6751 w_v=7.6697 gamma=0.987 (tau_u=2.721e-01 tau_v=1.304e-01 |Du|=2.97e+00 |DRu|=1.30e+01)
  [PT] w_u=3.8114 w_v=6.5730 gamma=0.989 (tau_u=2.624e-01 tau_v=1.521e-01 |Du|=5.01e+00 |DRu|=1.19e+01)
  [PT] w_u=3.3372 w_v=5.6421 gamma=0.990 (tau_u=2.997e-01 tau_v=1.772e-01 |Du|=7.01e+00 |DRu|=8.75e+00)
  [PT] w_u=3.2343 w_v=5.7095 gamma=0.975 (tau_u=3.092e-01 tau_v=1.751e-01 |Du|=7.37e+00 |DRu|=1.16e+01)
  [PT] w_u=3.4437 w_v=6.0429 gamma=0.984 (tau_u=2.904e-01 tau_v=1.655e-01 |Du|=6.73e+00 |DRu|=1.92e+01)
  [PT] w_u=3.5600 w_v=5.8659 gamma=0.998 (tau_u=2.809e-01 tau_v=1.705e-01 |Du|=5.59e+00 |DRu|=1.26e+01)
  [PT] w_u=3.4028 w_v=5.6489 gamma=0.996 (tau_u=2.939e-01 tau_v=1.770e-01 |Du|=5.48e+00 |DRu|=8.53e+00)
  [PT] w_u=3.6229 w_v=5.8197 gamma=0.981 (tau_u=2.760e-01 tau_v=1.718e-01 |Du|=5.86e+00 |DRu|=1.71e+01)
  [PT] w_u=3.9026 w_v=6.2626 gamma=0.995 (tau_u=2.562e-01 tau_v=1.597e-01 |Du|=5.17e+00 |DRu|=1.85e+01)
  [PT] w_u=4.0229 w_v=6.5241 gamma=1.000 (tau_u=2.486e-01 tau_v=1.533e-01 |Du|=5.73e+00 |DRu|=1.35e+01)
  [PT] w_u=4.0123 w_v=6.7552 gamma=1.000 (tau_u=2.492e-01 tau_v=1.480e-01 |Du|=6.26e+00 |DRu|=1.24e+01)
  [PT] w_u=4.1404 w_v=6.9831 gamma=1.000 (tau_u=2.415e-01 tau_v=1.432e-01 |Du|=4.65e+00 |DRu|=1.12e+01)
  [PT] w_u=4.4280 w_v=7.4938 gamma=0.997 (tau_u=2.258e-01 tau_v=1.334e-01 |Du|=3.71e+00 |DRu|=1.27e+01)
  [PT] w_u=4.6819 w_v=7.8104 gamma=0.966 (tau_u=2.136e-01 tau_v=1.280e-01 |Du|=4.55e+00 |DRu|=1.39e+01)
[Adam] ep= 1360  total=7.706e-02  PDE=2.675e-02 [colloc=2.354e-02, cfd=3.210e-03] (w=1.650)  IN=2.733e-02 (w=0.876)  TB=1.207e-02 (w=0.716)  WALL=1.597e-15 (w=0.200)  OUT=1.292e-03 (w=0.246)  DATA=1.345e-01 (w=0.000)
  [PT] w_u=4.6339 w_v=7.7988 gamma=0.940 (tau_u=2.158e-01 tau_v=1.282e-01 |Du|=4.47e+00 |DRu|=8.93e+00)
  [PT] w_u=4.6748 w_v=7.8285 gamma=0.919 (tau_u=2.139e-01 tau_v=1.277e-01 |Du|=4.62e+00 |DRu|=9.98e+00)
  [PT] w_u=4.5263 w_v=8.0712 gamma=0.946 (tau_u=2.209e-01 tau_v=1.239e-01 |Du|=5.22e+00 |DRu|=9.52e+00)
  [PT] w_u=3.2994 w_v=8.1561 gamma=0.960 (tau_u=3.031e-01 tau_v=1.226e-01 |Du|=4.99e+00 |DRu|=4.79e+00)
  [PT] w_u=3.5060 w_v=7.9446 gamma=0.961 (tau_u=2.852e-01 tau_v=1.259e-01 |Du|=4.05e+00 |DRu|=1.13e+01)
  [PT] w_u=3.7482 w_v=6.8022 gamma=0.985 (tau_u=2.668e-01 tau_v=1.470e-01 |Du|=3.18e+00 |DRu|=9.93e+00)
  [PT] w_u=3.9273 w_v=6.3776 gamma=0.993 (tau_u=2.546e-01 tau_v=1.568e-01 |Du|=3.32e+00 |DRu|=8.69e+00)
  [PT] w_u=4.2546 w_v=6.8564 gamma=0.995 (tau_u=2.350e-01 tau_v=1.458e-01 |Du|=3.24e+00 |DRu|=1.33e+01)
  [PT] w_u=4.6660 w_v=7.4120 gamma=0.998 (tau_u=2.143e-01 tau_v=1.349e-01 |Du|=2.06e+00 |DRu|=1.23e+01)
  [PT] w_u=4.9922 w_v=7.3999 gamma=0.998 (tau_u=2.003e-01 tau_v=1.351e-01 |Du|=2.83e+00 |DRu|=1.04e+01)
  [PT] w_u=5.1056 w_v=7.4580 gamma=0.995 (tau_u=1.959e-01 tau_v=1.341e-01 |Du|=4.41e+00 |DRu|=1.11e+01)
  [PT] w_u=5.1925 w_v=7.6777 gamma=0.997 (tau_u=1.926e-01 tau_v=1.302e-01 |Du|=5.51e+00 |DRu|=1.36e+01)
  [PT] w_u=5.5295 w_v=8.1251 gamma=0.999 (tau_u=1.808e-01 tau_v=1.231e-01 |Du|=3.51e+00 |DRu|=1.28e+01)
  [PT] w_u=5.9840 w_v=8.5820 gamma=0.998 (tau_u=1.671e-01 tau_v=1.165e-01 |Du|=2.31e+00 |DRu|=1.10e+01)
  [PT] w_u=6.3525 w_v=8.8463 gamma=0.995 (tau_u=1.574e-01 tau_v=1.130e-01 |Du|=2.20e+00 |DRu|=8.29e+00)
  [PT] w_u=6.4248 w_v=8.9720 gamma=0.979 (tau_u=1.556e-01 tau_v=1.115e-01 |Du|=3.10e+00 |DRu|=8.20e+00)
  [PT] w_u=6.5988 w_v=9.0557 gamma=0.948 (tau_u=1.515e-01 tau_v=1.104e-01 |Du|=3.91e+00 |DRu|=1.12e+01)
  [PT] w_u=7.0899 w_v=8.1927 gamma=0.947 (tau_u=1.410e-01 tau_v=1.221e-01 |Du|=2.71e+00 |DRu|=1.22e+01)
  [PT] w_u=6.6141 w_v=5.9445 gamma=0.969 (tau_u=1.512e-01 tau_v=1.682e-01 |Du|=4.41e+00 |DRu|=8.81e+00)
  [PT] w_u=4.0723 w_v=4.3312 gamma=0.973 (tau_u=2.456e-01 tau_v=2.309e-01 |Du|=5.61e+00 |DRu|=5.28e+00)
[Adam] ep= 1380  total=5.603e-02  PDE=1.979e-02 [colloc=1.149e-02, cfd=8.298e-03] (w=1.485)  IN=1.960e-02 (w=0.815)  TB=1.341e-02 (w=0.720)  WALL=1.944e-16 (w=0.200)  OUT=3.861e-03 (w=0.265)  DATA=1.121e-01 (w=0.000)
  [PT] w_u=4.2007 w_v=4.3346 gamma=0.952 (tau_u=2.381e-01 tau_v=2.307e-01 |Du|=4.94e+00 |DRu|=1.17e+01)
  [PT] w_u=4.5858 w_v=4.6978 gamma=0.979 (tau_u=2.181e-01 tau_v=2.129e-01 |Du|=2.80e+00 |DRu|=1.42e+01)
  [PT] w_u=4.4220 w_v=4.5998 gamma=0.990 (tau_u=2.261e-01 tau_v=2.174e-01 |Du|=4.19e+00 |DRu|=7.63e+00)
  [PT] w_u=4.0318 w_v=4.3572 gamma=0.979 (tau_u=2.480e-01 tau_v=2.295e-01 |Du|=5.60e+00 |DRu|=8.31e+00)
  [PT] w_u=4.2173 w_v=4.6379 gamma=0.960 (tau_u=2.371e-01 tau_v=2.156e-01 |Du|=5.41e+00 |DRu|=1.42e+01)
  [PT] w_u=4.3271 w_v=5.0370 gamma=0.980 (tau_u=2.311e-01 tau_v=1.985e-01 |Du|=5.21e+00 |DRu|=1.23e+01)
  [PT] w_u=4.1069 w_v=5.3716 gamma=0.990 (tau_u=2.435e-01 tau_v=1.862e-01 |Du|=5.90e+00 |DRu|=9.85e+00)
  [PT] w_u=4.2042 w_v=5.7551 gamma=0.996 (tau_u=2.379e-01 tau_v=1.738e-01 |Du|=4.92e+00 |DRu|=1.14e+01)
  [PT] w_u=4.4919 w_v=5.6329 gamma=0.994 (tau_u=2.226e-01 tau_v=1.775e-01 |Du|=2.52e+00 |DRu|=8.58e+00)
  [PT] w_u=4.2287 w_v=5.2521 gamma=0.975 (tau_u=2.365e-01 tau_v=1.904e-01 |Du|=5.67e+00 |DRu|=9.32e+00)
  [PT] w_u=3.3810 w_v=4.9459 gamma=0.968 (tau_u=2.958e-01 tau_v=2.022e-01 |Du|=9.50e+00 |DRu|=1.03e+01)
  [PT] w_u=2.8936 w_v=4.9495 gamma=0.983 (tau_u=3.456e-01 tau_v=2.020e-01 |Du|=1.01e+01 |DRu|=1.13e+01)
  [PT] w_u=3.0410 w_v=5.3848 gamma=0.996 (tau_u=3.288e-01 tau_v=1.857e-01 |Du|=5.58e+00 |DRu|=1.32e+01)
  [PT] w_u=3.1935 w_v=4.9460 gamma=0.997 (tau_u=3.131e-01 tau_v=2.022e-01 |Du|=3.58e+00 |DRu|=8.63e+00)
  [PT] w_u=3.2148 w_v=4.7057 gamma=0.991 (tau_u=3.111e-01 tau_v=2.125e-01 |Du|=4.80e+00 |DRu|=8.84e+00)
  [PT] w_u=3.3151 w_v=4.7984 gamma=0.983 (tau_u=3.017e-01 tau_v=2.084e-01 |Du|=6.38e+00 |DRu|=1.36e+01)
  [PT] w_u=3.1339 w_v=5.0239 gamma=0.983 (tau_u=3.191e-01 tau_v=1.990e-01 |Du|=7.79e+00 |DRu|=1.12e+01)
  [PT] w_u=2.8220 w_v=5.2456 gamma=0.972 (tau_u=3.544e-01 tau_v=1.906e-01 |Du|=8.51e+00 |DRu|=1.02e+01)
  [PT] w_u=2.8177 w_v=5.5736 gamma=0.983 (tau_u=3.549e-01 tau_v=1.794e-01 |Du|=7.01e+00 |DRu|=1.16e+01)
  [PT] w_u=2.9634 w_v=5.8092 gamma=0.987 (tau_u=3.375e-01 tau_v=1.721e-01 |Du|=3.24e+00 |DRu|=7.57e+00)
[Adam] ep= 1400  total=5.598e-02  PDE=1.661e-02 [colloc=1.440e-02, cfd=2.217e-03] (w=1.380)  IN=2.776e-02 (w=0.834)  TB=1.127e-02 (w=0.769)  WALL=4.569e-16 (w=0.200)  OUT=3.752e-03 (w=0.327)  DATA=1.359e-01 (w=0.000)
  [PT] w_u=2.8165 w_v=5.8784 gamma=0.975 (tau_u=3.551e-01 tau_v=1.701e-01 |Du|=5.40e+00 |DRu|=7.45e+00)
  [PT] w_u=2.4493 w_v=5.9989 gamma=0.934 (tau_u=4.083e-01 tau_v=1.667e-01 |Du|=9.02e+00 |DRu|=9.25e+00)
  [PT] w_u=2.4538 w_v=6.3464 gamma=0.978 (tau_u=4.075e-01 tau_v=1.576e-01 |Du|=1.10e+01 |DRu|=1.71e+01)
  [PT] w_u=2.4937 w_v=6.6379 gamma=0.999 (tau_u=4.010e-01 tau_v=1.507e-01 |Du|=5.97e+00 |DRu|=1.02e+01)
  [PT] w_u=2.3847 w_v=5.4606 gamma=0.997 (tau_u=4.193e-01 tau_v=1.831e-01 |Du|=3.01e+00 |DRu|=3.93e+00)
  [PT] w_u=2.5156 w_v=5.6384 gamma=0.953 (tau_u=3.975e-01 tau_v=1.774e-01 |Du|=5.34e+00 |DRu|=1.16e+01)
  [PT] w_u=2.5925 w_v=5.5832 gamma=0.959 (tau_u=3.857e-01 tau_v=1.791e-01 |Du|=8.72e+00 |DRu|=1.62e+01)
  [PT] w_u=1.2810 w_v=4.3407 gamma=0.967 (tau_u=7.806e-01 tau_v=2.304e-01 |Du|=8.09e+00 |DRu|=3.82e+00)
  [PT] w_u=1.2818 w_v=4.4531 gamma=0.914 (tau_u=7.801e-01 tau_v=2.246e-01 |Du|=7.23e+00 |DRu|=7.85e+00)
  [PT] w_u=1.4023 w_v=4.7870 gamma=0.914 (tau_u=7.131e-01 tau_v=2.089e-01 |Du|=3.37e+00 |DRu|=9.74e+00)
  [PT] w_u=1.4089 w_v=4.1623 gamma=0.911 (tau_u=7.098e-01 tau_v=2.402e-01 |Du|=2.87e+00 |DRu|=3.32e+00)
  [PT] w_u=1.4595 w_v=4.1751 gamma=0.902 (tau_u=6.852e-01 tau_v=2.395e-01 |Du|=6.61e+00 |DRu|=9.21e+00)
  [PT] w_u=1.4115 w_v=4.4683 gamma=0.928 (tau_u=7.085e-01 tau_v=2.238e-01 |Du|=6.70e+00 |DRu|=6.74e+00)
  [PT] w_u=1.3875 w_v=4.3103 gamma=0.930 (tau_u=7.207e-01 tau_v=2.320e-01 |Du|=3.68e+00 |DRu|=3.89e+00)
  [PT] w_u=1.5136 w_v=4.4904 gamma=0.919 (tau_u=6.607e-01 tau_v=2.227e-01 |Du|=3.39e+00 |DRu|=9.37e+00)
  [PT] w_u=1.6503 w_v=4.6718 gamma=0.918 (tau_u=6.059e-01 tau_v=2.140e-01 |Du|=2.81e+00 |DRu|=8.00e+00)
  [PT] w_u=1.7155 w_v=3.9606 gamma=0.936 (tau_u=5.829e-01 tau_v=2.525e-01 |Du|=4.25e+00 |DRu|=6.72e+00)
  [PT] w_u=1.8355 w_v=3.6077 gamma=0.910 (tau_u=5.448e-01 tau_v=2.772e-01 |Du|=3.58e+00 |DRu|=7.60e+00)
  [PT] w_u=1.9928 w_v=3.9064 gamma=0.929 (tau_u=5.018e-01 tau_v=2.560e-01 |Du|=2.78e+00 |DRu|=7.91e+00)
  [PT] w_u=2.1418 w_v=4.1448 gamma=0.904 (tau_u=4.669e-01 tau_v=2.413e-01 |Du|=2.54e+00 |DRu|=6.17e+00)
[Adam] ep= 1420  total=2.255e-02  PDE=8.650e-03 [colloc=6.174e-03, cfd=2.476e-03] (w=1.134)  IN=7.026e-03 (w=0.719)  TB=9.657e-03 (w=0.757)  WALL=8.445e-18 (w=0.200)  OUT=1.199e-03 (w=0.312)  DATA=9.635e-02 (w=0.000)
  [PT] w_u=2.3700 w_v=4.5610 gamma=0.963 (tau_u=4.219e-01 tau_v=2.192e-01 |Du|=1.82e+00 |DRu|=1.36e+01)
  [PT] w_u=2.0037 w_v=4.9803 gamma=0.978 (tau_u=4.991e-01 tau_v=2.008e-01 |Du|=3.00e+00 |DRu|=2.72e+00)
  [PT] w_u=2.0603 w_v=4.8375 gamma=0.937 (tau_u=4.854e-01 tau_v=2.067e-01 |Du|=5.07e+00 |DRu|=8.16e+00)
  [PT] w_u=2.1925 w_v=4.6255 gamma=0.936 (tau_u=4.561e-01 tau_v=2.162e-01 |Du|=5.60e+00 |DRu|=1.23e+01)
  [PT] w_u=2.0758 w_v=4.1691 gamma=0.953 (tau_u=4.817e-01 tau_v=2.399e-01 |Du|=3.19e+00 |DRu|=3.69e+00)
  [PT] w_u=2.1961 w_v=4.4855 gamma=0.903 (tau_u=4.554e-01 tau_v=2.229e-01 |Du|=3.59e+00 |DRu|=7.30e+00)
  [PT] w_u=2.1982 w_v=4.6524 gamma=0.939 (tau_u=4.549e-01 tau_v=2.149e-01 |Du|=7.58e+00 |DRu|=1.09e+01)
  [PT] w_u=1.0638 w_v=4.3615 gamma=0.958 (tau_u=9.400e-01 tau_v=2.293e-01 |Du|=8.13e+00 |DRu|=3.46e+00)
  [PT] w_u=1.1510 w_v=4.7955 gamma=0.947 (tau_u=8.688e-01 tau_v=2.085e-01 |Du|=6.44e+00 |DRu|=1.31e+01)
  [PT] w_u=1.2619 w_v=5.2003 gamma=0.963 (tau_u=7.925e-01 tau_v=1.923e-01 |Du|=2.61e+00 |DRu|=7.91e+00)
  [PT] w_u=1.3937 w_v=5.6177 gamma=0.964 (tau_u=7.175e-01 tau_v=1.780e-01 |Du|=2.47e+00 |DRu|=1.17e+01)
  [PT] w_u=1.5129 w_v=5.0410 gamma=0.974 (tau_u=6.610e-01 tau_v=1.984e-01 |Du|=3.49e+00 |DRu|=8.81e+00)
  [PT] w_u=1.5973 w_v=4.7539 gamma=0.951 (tau_u=6.261e-01 tau_v=2.104e-01 |Du|=3.36e+00 |DRu|=5.87e+00)
  [PT] w_u=1.7612 w_v=5.1228 gamma=0.944 (tau_u=5.678e-01 tau_v=1.952e-01 |Du|=3.09e+00 |DRu|=1.45e+01)
  [PT] w_u=1.5761 w_v=4.6362 gamma=0.961 (tau_u=6.345e-01 tau_v=2.157e-01 |Du|=5.94e+00 |DRu|=5.24e+00)
  [PT] w_u=1.4855 w_v=4.3481 gamma=0.924 (tau_u=6.732e-01 tau_v=2.300e-01 |Du|=7.51e+00 |DRu|=7.14e+00)
  [PT] w_u=1.6155 w_v=4.4458 gamma=0.940 (tau_u=6.190e-01 tau_v=2.249e-01 |Du|=4.61e+00 |DRu|=1.23e+01)
  [PT] w_u=1.7199 w_v=4.1253 gamma=0.936 (tau_u=5.814e-01 tau_v=2.424e-01 |Du|=2.11e+00 |DRu|=4.14e+00)
  [PT] w_u=1.8472 w_v=4.5053 gamma=0.876 (tau_u=5.414e-01 tau_v=2.220e-01 |Du|=4.54e+00 |DRu|=9.99e+00)
  [PT] w_u=1.9613 w_v=4.8500 gamma=0.969 (tau_u=5.099e-01 tau_v=2.062e-01 |Du|=5.89e+00 |DRu|=1.22e+01)
[Adam] ep= 1440  total=1.738e-02  PDE=4.660e-03 [colloc=3.594e-03, cfd=1.066e-03] (w=1.114)  IN=8.914e-03 (w=0.711)  TB=8.134e-03 (w=0.714)  WALL=1.126e-16 (w=0.200)  OUT=1.016e-04 (w=0.464)  DATA=9.890e-02 (w=0.000)
  [PT] w_u=1.7180 w_v=4.7804 gamma=0.975 (tau_u=5.821e-01 tau_v=2.092e-01 |Du|=3.35e+00 |DRu|=2.98e+00)
  [PT] w_u=1.8814 w_v=5.1017 gamma=0.926 (tau_u=5.315e-01 tau_v=1.960e-01 |Du|=2.95e+00 |DRu|=1.03e+01)
  [PT] w_u=2.0586 w_v=5.3380 gamma=0.960 (tau_u=4.858e-01 tau_v=1.873e-01 |Du|=4.21e+00 |DRu|=1.52e+01)
  [PT] w_u=2.1017 w_v=5.5119 gamma=0.974 (tau_u=4.758e-01 tau_v=1.814e-01 |Du|=2.85e+00 |DRu|=4.53e+00)
  [PT] w_u=2.2835 w_v=5.8608 gamma=0.938 (tau_u=4.379e-01 tau_v=1.706e-01 |Du|=2.23e+00 |DRu|=6.93e+00)
  [PT] w_u=2.5014 w_v=5.7482 gamma=0.905 (tau_u=3.998e-01 tau_v=1.740e-01 |Du|=3.06e+00 |DRu|=1.22e+01)
  [PT] w_u=2.3116 w_v=5.1411 gamma=0.923 (tau_u=4.326e-01 tau_v=1.945e-01 |Du|=3.42e+00 |DRu|=3.85e+00)
  [PT] w_u=2.4976 w_v=5.1794 gamma=0.900 (tau_u=4.004e-01 tau_v=1.931e-01 |Du|=2.13e+00 |DRu|=6.07e+00)
  [PT] w_u=2.5231 w_v=5.2724 gamma=0.892 (tau_u=3.963e-01 tau_v=1.897e-01 |Du|=3.31e+00 |DRu|=5.21e+00)
  [PT] w_u=2.7487 w_v=5.6875 gamma=0.907 (tau_u=3.638e-01 tau_v=1.758e-01 |Du|=1.22e+00 |DRu|=4.34e+00)
  [PT] w_u=2.4824 w_v=5.1768 gamma=0.888 (tau_u=4.028e-01 tau_v=1.932e-01 |Du|=3.92e+00 |DRu|=4.25e+00)
  [PT] w_u=1.7678 w_v=5.3081 gamma=0.917 (tau_u=5.657e-01 tau_v=1.884e-01 |Du|=4.03e+00 |DRu|=2.71e+00)
  [PT] w_u=1.8607 w_v=4.3878 gamma=0.904 (tau_u=5.374e-01 tau_v=2.279e-01 |Du|=2.86e+00 |DRu|=5.11e+00)
  [PT] w_u=1.8773 w_v=3.8485 gamma=0.888 (tau_u=5.327e-01 tau_v=2.598e-01 |Du|=4.29e+00 |DRu|=5.78e+00)
  [PT] w_u=2.0438 w_v=3.5444 gamma=0.936 (tau_u=4.893e-01 tau_v=2.821e-01 |Du|=2.41e+00 |DRu|=7.42e+00)
  [PT] w_u=2.1528 w_v=3.5698 gamma=0.920 (tau_u=4.645e-01 tau_v=2.801e-01 |Du|=1.41e+00 |DRu|=2.75e+00)
  [PT] w_u=2.3454 w_v=3.7613 gamma=0.905 (tau_u=4.264e-01 tau_v=2.659e-01 |Du|=3.06e+00 |DRu|=1.01e+01)
  [PT] w_u=1.9380 w_v=3.6180 gamma=0.891 (tau_u=5.160e-01 tau_v=2.764e-01 |Du|=4.15e+00 |DRu|=3.41e+00)
  [PT] w_u=2.0292 w_v=3.9599 gamma=0.871 (tau_u=4.928e-01 tau_v=2.525e-01 |Du|=4.61e+00 |DRu|=8.07e+00)
  [PT] w_u=2.2366 w_v=4.3343 gamma=0.845 (tau_u=4.471e-01 tau_v=2.307e-01 |Du|=1.19e+00 |DRu|=5.77e+00)
[Adam] ep= 1460  total=1.444e-02  PDE=4.336e-03 [colloc=3.308e-03, cfd=1.028e-03] (w=1.027)  IN=8.343e-03 (w=0.630)  TB=6.643e-03 (w=0.707)  WALL=2.465e-17 (w=0.200)  OUT=9.355e-05 (w=0.400)  DATA=9.440e-02 (w=0.000)
  [PT] w_u=2.0785 w_v=4.2554 gamma=0.879 (tau_u=4.811e-01 tau_v=2.350e-01 |Du|=3.92e+00 |DRu|=4.14e+00)
  [PT] w_u=2.1423 w_v=4.4358 gamma=0.904 (tau_u=4.668e-01 tau_v=2.254e-01 |Du|=3.85e+00 |DRu|=6.29e+00)
  [PT] w_u=2.3182 w_v=4.4789 gamma=0.883 (tau_u=4.314e-01 tau_v=2.233e-01 |Du|=1.66e+00 |DRu|=4.64e+00)
  [PT] w_u=2.1441 w_v=4.3290 gamma=0.858 (tau_u=4.664e-01 tau_v=2.310e-01 |Du|=4.35e+00 |DRu|=4.56e+00)
  [PT] w_u=2.2842 w_v=4.6739 gamma=0.881 (tau_u=4.378e-01 tau_v=2.140e-01 |Du|=3.59e+00 |DRu|=7.94e+00)
  [PT] w_u=2.1462 w_v=4.3250 gamma=0.871 (tau_u=4.659e-01 tau_v=2.312e-01 |Du|=1.81e+00 |DRu|=1.99e+00)
  [PT] w_u=2.2443 w_v=4.3845 gamma=0.893 (tau_u=4.456e-01 tau_v=2.281e-01 |Du|=4.71e+00 |DRu|=8.69e+00)
  [PT] w_u=1.9799 w_v=4.2992 gamma=0.892 (tau_u=5.051e-01 tau_v=2.326e-01 |Du|=3.78e+00 |DRu|=3.50e+00)
  [PT] w_u=2.1780 w_v=4.6054 gamma=0.921 (tau_u=4.591e-01 tau_v=2.171e-01 |Du|=2.42e+00 |DRu|=1.09e+01)
  [PT] w_u=1.9083 w_v=4.2859 gamma=0.916 (tau_u=5.240e-01 tau_v=2.333e-01 |Du|=1.97e+00 |DRu|=1.79e+00)
  [PT] w_u=2.0972 w_v=4.6447 gamma=0.881 (tau_u=4.768e-01 tau_v=2.153e-01 |Du|=2.35e+00 |DRu|=9.68e+00)
  [PT] w_u=2.1684 w_v=4.6816 gamma=0.855 (tau_u=4.612e-01 tau_v=2.136e-01 |Du|=1.94e+00 |DRu|=3.17e+00)
  [PT] w_u=2.2967 w_v=4.9074 gamma=0.866 (tau_u=4.354e-01 tau_v=2.038e-01 |Du|=2.02e+00 |DRu|=4.16e+00)
  [PT] w_u=2.4900 w_v=4.7491 gamma=0.868 (tau_u=4.016e-01 tau_v=2.106e-01 |Du|=2.20e+00 |DRu|=6.56e+00)
  [PT] w_u=2.4905 w_v=4.4023 gamma=0.866 (tau_u=4.015e-01 tau_v=2.272e-01 |Du|=2.58e+00 |DRu|=3.78e+00)
  [PT] w_u=2.6558 w_v=4.7094 gamma=0.866 (tau_u=3.765e-01 tau_v=2.123e-01 |Du|=1.88e+00 |DRu|=4.50e+00)
  [PT] w_u=2.8637 w_v=4.7979 gamma=0.863 (tau_u=3.492e-01 tau_v=2.084e-01 |Du|=2.29e+00 |DRu|=6.63e+00)
  [PT] w_u=3.0035 w_v=4.8423 gamma=0.884 (tau_u=3.329e-01 tau_v=2.065e-01 |Du|=1.48e+00 |DRu|=3.23e+00)
  [PT] w_u=3.2763 w_v=5.1726 gamma=0.858 (tau_u=3.052e-01 tau_v=1.933e-01 |Du|=1.64e+00 |DRu|=6.45e+00)
  [PT] w_u=3.4325 w_v=5.1881 gamma=0.867 (tau_u=2.913e-01 tau_v=1.927e-01 |Du|=8.48e-01 |DRu|=1.94e+00)
[Adam] ep= 1480  total=9.580e-03  PDE=3.925e-03 [colloc=3.117e-03, cfd=8.078e-04] (w=0.891)  IN=4.281e-03 (w=0.569)  TB=5.338e-03 (w=0.655)  WALL=5.316e-17 (w=0.200)  OUT=5.913e-04 (w=0.253)  DATA=8.361e-02 (w=0.000)
  [PT] w_u=3.6385 w_v=5.4968 gamma=0.855 (tau_u=2.748e-01 tau_v=1.819e-01 |Du|=2.20e+00 |DRu|=5.73e+00)
  [PT] w_u=2.1612 w_v=4.7292 gamma=0.869 (tau_u=4.627e-01 tau_v=2.115e-01 |Du|=2.69e+00 |DRu|=1.71e+00)
  [PT] w_u=2.1758 w_v=4.9309 gamma=0.864 (tau_u=4.596e-01 tau_v=2.028e-01 |Du|=2.91e+00 |DRu|=4.12e+00)
  [PT] w_u=2.2376 w_v=4.7914 gamma=0.877 (tau_u=4.469e-01 tau_v=2.087e-01 |Du|=2.19e+00 |DRu|=3.55e+00)
  [PT] w_u=2.0255 w_v=3.8020 gamma=0.875 (tau_u=4.937e-01 tau_v=2.630e-01 |Du|=1.76e+00 |DRu|=1.72e+00)
  [PT] w_u=2.0743 w_v=4.0786 gamma=0.861 (tau_u=4.821e-01 tau_v=2.452e-01 |Du|=2.37e+00 |DRu|=3.58e+00)
  [PT] w_u=2.2236 w_v=4.3692 gamma=0.866 (tau_u=4.497e-01 tau_v=2.289e-01 |Du|=1.52e+00 |DRu|=3.56e+00)
  [PT] w_u=2.3318 w_v=4.5529 gamma=0.847 (tau_u=4.288e-01 tau_v=2.196e-01 |Du|=1.39e+00 |DRu|=2.61e+00)
  [PT] w_u=2.4858 w_v=4.8088 gamma=0.865 (tau_u=4.023e-01 tau_v=2.080e-01 |Du|=1.67e+00 |DRu|=3.84e+00)
  [PT] w_u=2.5230 w_v=4.0737 gamma=0.855 (tau_u=3.963e-01 tau_v=2.455e-01 |Du|=1.30e+00 |DRu|=2.06e+00)
  [PT] w_u=2.4403 w_v=4.2483 gamma=0.827 (tau_u=4.098e-01 tau_v=2.354e-01 |Du|=2.54e+00 |DRu|=3.17e+00)
  [PT] w_u=2.3418 w_v=4.3908 gamma=0.830 (tau_u=4.270e-01 tau_v=2.277e-01 |Du|=2.04e+00 |DRu|=2.43e+00)
  [PT] w_u=2.2562 w_v=4.2054 gamma=0.830 (tau_u=4.432e-01 tau_v=2.378e-01 |Du|=1.10e+00 |DRu|=1.31e+00)
  [PT] w_u=1.9659 w_v=4.3943 gamma=0.846 (tau_u=5.087e-01 tau_v=2.276e-01 |Du|=2.46e+00 |DRu|=2.16e+00)
  [PT] w_u=1.7497 w_v=4.2629 gamma=0.863 (tau_u=5.715e-01 tau_v=2.346e-01 |Du|=2.67e+00 |DRu|=2.32e+00)
  [PT] w_u=1.5740 w_v=4.1355 gamma=0.870 (tau_u=6.353e-01 tau_v=2.418e-01 |Du|=2.32e+00 |DRu|=1.97e+00)
  [PT] w_u=1.6813 w_v=4.4116 gamma=0.872 (tau_u=5.948e-01 tau_v=2.267e-01 |Du|=1.07e+00 |DRu|=2.08e+00)
  [PT] w_u=1.8139 w_v=4.5903 gamma=0.859 (tau_u=5.513e-01 tau_v=2.179e-01 |Du|=1.25e+00 |DRu|=2.90e+00)
  [PT] w_u=1.8981 w_v=4.4205 gamma=0.861 (tau_u=5.268e-01 tau_v=2.262e-01 |Du|=1.02e+00 |DRu|=1.71e+00)
  [PT] w_u=2.0328 w_v=4.5240 gamma=0.857 (tau_u=4.919e-01 tau_v=2.210e-01 |Du|=7.16e-01 |DRu|=1.57e+00)
[Adam] ep= 1500  total=6.578e-03  PDE=3.657e-03 [colloc=2.976e-03, cfd=6.812e-04] (w=0.843)  IN=2.648e-03 (w=0.516)  TB=3.434e-03 (w=0.598)  WALL=1.313e-17 (w=0.200)  OUT=3.663e-04 (w=0.200)  DATA=6.991e-02 (w=0.000)
  [PT] w_u=2.0864 w_v=4.8337 gamma=0.856 (tau_u=4.793e-01 tau_v=2.069e-01 |Du|=9.42e-01 |DRu|=1.44e+00)
  [PT] w_u=1.7958 w_v=5.0195 gamma=0.844 (tau_u=5.569e-01 tau_v=1.992e-01 |Du|=1.53e+00 |DRu|=1.25e+00)
  [PT] w_u=1.7706 w_v=4.8934 gamma=0.832 (tau_u=5.648e-01 tau_v=2.044e-01 |Du|=1.35e+00 |DRu|=1.55e+00)
  [PT] w_u=1.8364 w_v=4.9830 gamma=0.828 (tau_u=5.445e-01 tau_v=2.007e-01 |Du|=1.18e+00 |DRu|=1.79e+00)
  [PT] w_u=1.4845 w_v=4.9108 gamma=0.833 (tau_u=6.736e-01 tau_v=2.036e-01 |Du|=1.34e+00 |DRu|=9.01e-01)
  [PT] w_u=1.5213 w_v=4.9767 gamma=0.826 (tau_u=6.573e-01 tau_v=2.009e-01 |Du|=1.19e+00 |DRu|=1.52e+00)
  [PT] w_u=1.6203 w_v=4.9943 gamma=0.828 (tau_u=6.172e-01 tau_v=2.002e-01 |Du|=8.11e-01 |DRu|=1.46e+00)
  [PT] w_u=1.7498 w_v=5.1497 gamma=0.831 (tau_u=5.715e-01 tau_v=1.942e-01 |Du|=7.96e-01 |DRu|=1.81e+00)
  [PT] w_u=1.8241 w_v=4.9757 gamma=0.843 (tau_u=5.482e-01 tau_v=2.010e-01 |Du|=1.00e+00 |DRu|=1.58e+00)
  [PT] w_u=1.6636 w_v=4.2845 gamma=0.848 (tau_u=6.011e-01 tau_v=2.334e-01 |Du|=1.19e+00 |DRu|=1.05e+00)
  [PT] w_u=1.6873 w_v=3.9491 gamma=0.844 (tau_u=5.927e-01 tau_v=2.532e-01 |Du|=1.34e+00 |DRu|=1.71e+00)
  [PT] w_u=1.5966 w_v=4.0793 gamma=0.850 (tau_u=6.263e-01 tau_v=2.451e-01 |Du|=1.67e+00 |DRu|=1.60e+00)
  [PT] w_u=1.5475 w_v=3.6832 gamma=0.853 (tau_u=6.462e-01 tau_v=2.715e-01 |Du|=1.12e+00 |DRu|=1.14e+00)
  [PT] w_u=1.6363 w_v=3.2579 gamma=0.848 (tau_u=6.111e-01 tau_v=3.069e-01 |Du|=8.46e-01 |DRu|=1.43e+00)
  [PT] w_u=1.7021 w_v=3.0620 gamma=0.842 (tau_u=5.875e-01 tau_v=3.266e-01 |Du|=1.11e+00 |DRu|=1.66e+00)
  [PT] w_u=1.7651 w_v=3.1778 gamma=0.848 (tau_u=5.665e-01 tau_v=3.147e-01 |Du|=1.15e+00 |DRu|=1.73e+00)
  [PT] w_u=1.6119 w_v=3.3928 gamma=0.849 (tau_u=6.204e-01 tau_v=2.947e-01 |Du|=1.29e+00 |DRu|=1.13e+00)
  [PT] w_u=1.3910 w_v=3.0080 gamma=0.828 (tau_u=7.189e-01 tau_v=3.324e-01 |Du|=1.35e+00 |DRu|=9.69e-01)
  [PT] w_u=1.4590 w_v=2.9335 gamma=0.822 (tau_u=6.854e-01 tau_v=3.409e-01 |Du|=1.05e+00 |DRu|=1.54e+00)
  [PT] w_u=1.5004 w_v=2.9510 gamma=0.821 (tau_u=6.665e-01 tau_v=3.389e-01 |Du|=9.88e-01 |DRu|=1.27e+00)
[Adam] ep= 1520  total=5.476e-03  PDE=2.790e-03 [colloc=2.176e-03, cfd=6.137e-04] (w=0.808)  IN=3.068e-03 (w=0.499)  TB=3.000e-03 (w=0.549)  WALL=2.524e-17 (w=0.200)  OUT=2.322e-04 (w=0.200)  DATA=7.238e-02 (w=0.000)
  [PT] w_u=1.2400 w_v=3.0688 gamma=0.827 (tau_u=8.065e-01 tau_v=3.259e-01 |Du|=1.44e+00 |DRu|=9.10e-01)
  [PT] w_u=1.0882 w_v=2.7508 gamma=0.831 (tau_u=9.190e-01 tau_v=3.635e-01 |Du|=1.32e+00 |DRu|=8.65e-01)
  [PT] w_u=1.1460 w_v=2.5609 gamma=0.832 (tau_u=8.726e-01 tau_v=3.905e-01 |Du|=9.91e-01 |DRu|=1.34e+00)
  [PT] w_u=1.2387 w_v=2.5719 gamma=0.834 (tau_u=8.073e-01 tau_v=3.888e-01 |Du|=7.22e-01 |DRu|=1.41e+00)
  [PT] w_u=1.2996 w_v=2.7228 gamma=0.838 (tau_u=7.695e-01 tau_v=3.673e-01 |Du|=7.40e-01 |DRu|=1.03e+00)
  [PT] w_u=1.2835 w_v=2.2463 gamma=0.840 (tau_u=7.791e-01 tau_v=4.452e-01 |Du|=8.50e-01 |DRu|=8.37e-01)
  [PT] w_u=1.2949 w_v=2.1383 gamma=0.838 (tau_u=7.722e-01 tau_v=4.677e-01 |Du|=1.23e+00 |DRu|=1.34e+00)
  [PT] w_u=1.2845 w_v=1.9753 gamma=0.847 (tau_u=7.785e-01 tau_v=5.063e-01 |Du|=1.37e+00 |DRu|=1.38e+00)
  [PT] w_u=1.2862 w_v=2.0036 gamma=0.847 (tau_u=7.775e-01 tau_v=4.991e-01 |Du|=9.66e-01 |DRu|=1.01e+00)
  [PT] w_u=1.3769 w_v=2.0860 gamma=0.844 (tau_u=7.263e-01 tau_v=4.794e-01 |Du|=5.73e-01 |DRu|=1.02e+00)
  [PT] w_u=1.4053 w_v=2.1048 gamma=0.837 (tau_u=7.116e-01 tau_v=4.751e-01 |Du|=1.46e+00 |DRu|=1.75e+00)
  [PT] w_u=1.4077 w_v=2.0246 gamma=0.831 (tau_u=7.104e-01 tau_v=4.939e-01 |Du|=1.50e+00 |DRu|=1.63e+00)
  [PT] w_u=1.4537 w_v=2.0678 gamma=0.830 (tau_u=6.879e-01 tau_v=4.836e-01 |Du|=1.01e+00 |DRu|=1.32e+00)
  [PT] w_u=1.5874 w_v=2.2574 gamma=0.823 (tau_u=6.300e-01 tau_v=4.430e-01 |Du|=5.20e-01 |DRu|=1.43e+00)
  [PT] w_u=1.6920 w_v=2.3240 gamma=0.815 (tau_u=5.910e-01 tau_v=4.303e-01 |Du|=7.61e-01 |DRu|=1.40e+00)
  [PT] w_u=1.6799 w_v=2.3141 gamma=0.822 (tau_u=5.953e-01 tau_v=4.321e-01 |Du|=1.00e+00 |DRu|=1.14e+00)
  [PT] w_u=1.4668 w_v=2.4013 gamma=0.821 (tau_u=6.817e-01 tau_v=4.164e-01 |Du|=1.28e+00 |DRu|=9.61e-01)
  [PT] w_u=1.3002 w_v=2.4942 gamma=0.831 (tau_u=7.691e-01 tau_v=4.009e-01 |Du|=1.05e+00 |DRu|=7.69e-01)
  [PT] w_u=1.4060 w_v=2.5427 gamma=0.829 (tau_u=7.112e-01 tau_v=3.933e-01 |Du|=6.67e-01 |DRu|=1.39e+00)
  [PT] w_u=1.5152 w_v=2.5471 gamma=0.828 (tau_u=6.600e-01 tau_v=3.926e-01 |Du|=7.35e-01 |DRu|=1.50e+00)
[Adam] ep= 1540  total=4.440e-03  PDE=2.955e-03 [colloc=2.291e-03, cfd=6.635e-04] (w=0.790)  IN=1.807e-03 (w=0.452)  TB=2.486e-03 (w=0.500)  WALL=3.305e-17 (w=0.200)  OUT=2.173e-04 (w=0.200)  DATA=6.610e-02 (w=0.000)
  [PT] w_u=1.5398 w_v=2.6431 gamma=0.832 (tau_u=6.494e-01 tau_v=3.783e-01 |Du|=7.97e-01 |DRu|=9.76e-01)
  [PT] w_u=1.4874 w_v=2.4419 gamma=0.826 (tau_u=6.723e-01 tau_v=4.095e-01 |Du|=7.22e-01 |DRu|=7.00e-01)
  [PT] w_u=1.5560 w_v=2.4127 gamma=0.831 (tau_u=6.427e-01 tau_v=4.145e-01 |Du|=9.17e-01 |DRu|=1.36e+00)
  [PT] w_u=1.5929 w_v=2.3362 gamma=0.835 (tau_u=6.278e-01 tau_v=4.280e-01 |Du|=1.10e+00 |DRu|=1.43e+00)
  [PT] w_u=1.5711 w_v=2.4288 gamma=0.835 (tau_u=6.365e-01 tau_v=4.117e-01 |Du|=7.69e-01 |DRu|=8.31e-01)
  [PT] w_u=1.6700 w_v=2.5337 gamma=0.831 (tau_u=5.988e-01 tau_v=3.947e-01 |Du|=6.95e-01 |DRu|=1.24e+00)
  [PT] w_u=1.6989 w_v=2.5084 gamma=0.824 (tau_u=5.886e-01 tau_v=3.987e-01 |Du|=1.21e+00 |DRu|=1.56e+00)
  [PT] w_u=1.5931 w_v=2.3110 gamma=0.822 (tau_u=6.277e-01 tau_v=4.327e-01 |Du|=1.14e+00 |DRu|=1.05e+00)
  [PT] w_u=1.6827 w_v=2.4487 gamma=0.822 (tau_u=5.943e-01 tau_v=4.084e-01 |Du|=7.26e-01 |DRu|=1.22e+00)
  [PT] w_u=1.7823 w_v=2.5864 gamma=0.817 (tau_u=5.611e-01 tau_v=3.866e-01 |Du|=6.03e-01 |DRu|=1.06e+00)
  [PT] w_u=1.8618 w_v=2.6384 gamma=0.811 (tau_u=5.371e-01 tau_v=3.790e-01 |Du|=8.50e-01 |DRu|=1.35e+00)
  [PT] w_u=1.8250 w_v=2.6505 gamma=0.820 (tau_u=5.479e-01 tau_v=3.773e-01 |Du|=9.99e-01 |DRu|=1.13e+00)
  [PT] w_u=1.5231 w_v=2.7404 gamma=0.826 (tau_u=6.566e-01 tau_v=3.649e-01 |Du|=9.45e-01 |DRu|=6.72e-01)
  [PT] w_u=1.6510 w_v=2.9280 gamma=0.825 (tau_u=6.057e-01 tau_v=3.415e-01 |Du|=4.99e-01 |DRu|=1.18e+00)
  [PT] w_u=1.7746 w_v=2.9208 gamma=0.817 (tau_u=5.635e-01 tau_v=3.424e-01 |Du|=5.65e-01 |DRu|=1.19e+00)
  [PT] w_u=1.8330 w_v=2.8856 gamma=0.820 (tau_u=5.455e-01 tau_v=3.465e-01 |Du|=7.36e-01 |DRu|=1.08e+00)
  [PT] w_u=1.8682 w_v=3.0235 gamma=0.824 (tau_u=5.353e-01 tau_v=3.307e-01 |Du|=9.23e-01 |DRu|=1.26e+00)
  [PT] w_u=2.0036 w_v=3.2528 gamma=0.824 (tau_u=4.991e-01 tau_v=3.074e-01 |Du|=8.61e-01 |DRu|=1.88e+00)
  [PT] w_u=2.1428 w_v=3.3949 gamma=0.817 (tau_u=4.667e-01 tau_v=2.946e-01 |Du|=9.91e-01 |DRu|=2.14e+00)
  [PT] w_u=2.1023 w_v=3.3668 gamma=0.822 (tau_u=4.757e-01 tau_v=2.970e-01 |Du|=9.77e-01 |DRu|=1.19e+00)
[Adam] ep= 1560  total=3.792e-03  PDE=2.718e-03 [colloc=2.167e-03, cfd=5.509e-04] (w=0.779)  IN=1.838e-03 (w=0.424)  TB=1.908e-03 (w=0.455)  WALL=2.746e-17 (w=0.200)  OUT=1.396e-04 (w=0.200)  DATA=6.789e-02 (w=0.000)
  [PT] w_u=2.0707 w_v=3.5862 gamma=0.820 (tau_u=4.829e-01 tau_v=2.788e-01 |Du|=8.39e-01 |DRu|=1.03e+00)
  [PT] w_u=2.1095 w_v=3.5005 gamma=0.816 (tau_u=4.740e-01 tau_v=2.857e-01 |Du|=8.77e-01 |DRu|=1.26e+00)
  [PT] w_u=2.1392 w_v=3.1283 gamma=0.815 (tau_u=4.675e-01 tau_v=3.197e-01 |Du|=1.01e+00 |DRu|=1.42e+00)
  [PT] w_u=2.0428 w_v=3.1032 gamma=0.819 (tau_u=4.895e-01 tau_v=3.223e-01 |Du|=1.20e+00 |DRu|=1.31e+00)
  [PT] w_u=2.0958 w_v=3.3561 gamma=0.815 (tau_u=4.772e-01 tau_v=2.980e-01 |Du|=1.09e+00 |DRu|=1.62e+00)
  [PT] w_u=2.2559 w_v=3.5858 gamma=0.810 (tau_u=4.433e-01 tau_v=2.789e-01 |Du|=9.00e-01 |DRu|=2.18e+00)
  [PT] w_u=2.3450 w_v=3.5821 gamma=0.813 (tau_u=4.264e-01 tau_v=2.792e-01 |Du|=9.86e-01 |DRu|=1.70e+00)
  [PT] w_u=2.2199 w_v=3.6115 gamma=0.823 (tau_u=4.505e-01 tau_v=2.769e-01 |Du|=1.22e+00 |DRu|=1.36e+00)
  [PT] w_u=2.2986 w_v=3.9152 gamma=0.829 (tau_u=4.351e-01 tau_v=2.554e-01 |Du|=1.44e+00 |DRu|=2.42e+00)
  [PT] w_u=2.4876 w_v=4.2172 gamma=0.830 (tau_u=4.020e-01 tau_v=2.371e-01 |Du|=1.20e+00 |DRu|=3.39e+00)
  [PT] w_u=2.6750 w_v=4.4451 gamma=0.828 (tau_u=3.738e-01 tau_v=2.250e-01 |Du|=1.26e+00 |DRu|=3.29e+00)
  [PT] w_u=2.8202 w_v=4.7962 gamma=0.832 (tau_u=3.546e-01 tau_v=2.085e-01 |Du|=1.31e+00 |DRu|=2.81e+00)
  [PT] w_u=2.5095 w_v=4.9657 gamma=0.821 (tau_u=3.985e-01 tau_v=2.014e-01 |Du|=1.99e+00 |DRu|=2.02e+00)
  [PT] w_u=2.3239 w_v=4.4293 gamma=0.816 (tau_u=4.303e-01 tau_v=2.258e-01 |Du|=1.35e+00 |DRu|=1.44e+00)
  [PT] w_u=2.5100 w_v=4.6813 gamma=0.817 (tau_u=3.984e-01 tau_v=2.136e-01 |Du|=1.12e+00 |DRu|=3.02e+00)
  [PT] w_u=2.7142 w_v=5.0587 gamma=0.837 (tau_u=3.684e-01 tau_v=1.977e-01 |Du|=1.42e+00 |DRu|=4.13e+00)
  [PT] w_u=2.9095 w_v=5.3940 gamma=0.846 (tau_u=3.437e-01 tau_v=1.854e-01 |Du|=2.28e+00 |DRu|=6.03e+00)
  [PT] w_u=3.1010 w_v=5.7097 gamma=0.863 (tau_u=3.225e-01 tau_v=1.751e-01 |Du|=2.99e+00 |DRu|=7.65e+00)
  [PT] w_u=3.3420 w_v=6.0717 gamma=0.833 (tau_u=2.992e-01 tau_v=1.647e-01 |Du|=2.19e+00 |DRu|=6.66e+00)
  [PT] w_u=3.4678 w_v=6.3227 gamma=0.823 (tau_u=2.884e-01 tau_v=1.582e-01 |Du|=1.17e+00 |DRu|=2.43e+00)
[Adam] ep= 1580  total=4.123e-03  PDE=3.040e-03 [colloc=2.405e-03, cfd=6.345e-04] (w=0.803)  IN=1.687e-03 (w=0.416)  TB=2.154e-03 (w=0.437)  WALL=3.681e-17 (w=0.200)  OUT=1.990e-04 (w=0.200)  DATA=6.435e-02 (w=0.000)
  [PT] w_u=3.3804 w_v=6.6198 gamma=0.877 (tau_u=2.958e-01 tau_v=1.511e-01 |Du|=3.75e+00 |DRu|=5.83e+00)
  [PT] w_u=3.3808 w_v=6.9359 gamma=0.830 (tau_u=2.958e-01 tau_v=1.442e-01 |Du|=4.45e+00 |DRu|=7.45e+00)
  [PT] w_u=3.5779 w_v=7.2992 gamma=0.838 (tau_u=2.795e-01 tau_v=1.370e-01 |Du|=2.38e+00 |DRu|=5.98e+00)
  [PT] w_u=3.7124 w_v=7.4890 gamma=0.814 (tau_u=2.694e-01 tau_v=1.335e-01 |Du|=1.67e+00 |DRu|=3.57e+00)
  [PT] w_u=3.0289 w_v=7.6688 gamma=0.880 (tau_u=3.302e-01 tau_v=1.304e-01 |Du|=5.27e+00 |DRu|=5.28e+00)
  [PT] w_u=2.7711 w_v=7.8983 gamma=0.884 (tau_u=3.609e-01 tau_v=1.266e-01 |Du|=6.48e+00 |DRu|=7.63e+00)
  [PT] w_u=2.8671 w_v=8.2624 gamma=0.871 (tau_u=3.488e-01 tau_v=1.210e-01 |Du|=3.57e+00 |DRu|=6.79e+00)
  [PT] w_u=2.9947 w_v=8.3564 gamma=0.877 (tau_u=3.339e-01 tau_v=1.197e-01 |Du|=2.84e+00 |DRu|=5.94e+00)
  [PT] w_u=2.5383 w_v=8.4514 gamma=0.896 (tau_u=3.940e-01 tau_v=1.183e-01 |Du|=6.74e+00 |DRu|=6.60e+00)
  [PT] w_u=2.4586 w_v=8.5750 gamma=0.930 (tau_u=4.067e-01 tau_v=1.166e-01 |Du|=7.11e+00 |DRu|=9.50e+00)
  [PT] w_u=2.2161 w_v=8.0881 gamma=0.869 (tau_u=4.512e-01 tau_v=1.236e-01 |Du|=4.88e+00 |DRu|=4.93e+00)
  [PT] w_u=2.4080 w_v=8.3491 gamma=0.931 (tau_u=4.153e-01 tau_v=1.198e-01 |Du|=3.85e+00 |DRu|=1.23e+01)
  [PT] w_u=2.4589 w_v=8.2906 gamma=0.933 (tau_u=4.067e-01 tau_v=1.206e-01 |Du|=3.19e+00 |DRu|=5.38e+00)
  [PT] w_u=2.6350 w_v=8.6753 gamma=0.955 (tau_u=3.795e-01 tau_v=1.153e-01 |Du|=5.09e+00 |DRu|=1.35e+01)
  [PT] w_u=2.5157 w_v=8.1309 gamma=0.956 (tau_u=3.975e-01 tau_v=1.230e-01 |Du|=3.60e+00 |DRu|=4.70e+00)
  [PT] w_u=2.6850 w_v=8.3574 gamma=0.935 (tau_u=3.724e-01 tau_v=1.197e-01 |Du|=4.60e+00 |DRu|=1.16e+01)
  [PT] w_u=2.8964 w_v=8.3536 gamma=0.963 (tau_u=3.453e-01 tau_v=1.197e-01 |Du|=4.07e+00 |DRu|=1.26e+01)
  [PT] w_u=3.0490 w_v=7.8118 gamma=0.947 (tau_u=3.280e-01 tau_v=1.280e-01 |Du|=3.61e+00 |DRu|=8.47e+00)
  [PT] w_u=3.2580 w_v=8.0281 gamma=0.970 (tau_u=3.069e-01 tau_v=1.246e-01 |Du|=5.19e+00 |DRu|=1.49e+01)
  [PT] w_u=2.9096 w_v=8.1254 gamma=0.988 (tau_u=3.437e-01 tau_v=1.231e-01 |Du|=6.17e+00 |DRu|=7.47e+00)
[Adam] ep= 1600  total=2.453e-02  PDE=1.637e-02 [colloc=1.155e-02, cfd=4.825e-03] (w=1.265)  IN=2.684e-03 (w=0.510)  TB=4.604e-03 (w=0.498)  WALL=2.894e-16 (w=0.200)  OUT=4.986e-04 (w=0.302)  DATA=7.324e-02 (w=0.000)
  [PT] w_u=2.5492 w_v=8.1404 gamma=0.971 (tau_u=3.923e-01 tau_v=1.228e-01 |Du|=7.14e+00 |DRu|=7.73e+00)
  [PT] w_u=2.6590 w_v=8.3065 gamma=0.960 (tau_u=3.761e-01 tau_v=1.204e-01 |Du|=6.44e+00 |DRu|=1.31e+01)
  [PT] w_u=2.7358 w_v=8.1441 gamma=0.958 (tau_u=3.655e-01 tau_v=1.228e-01 |Du|=4.78e+00 |DRu|=9.00e+00)
  [PT] w_u=2.8890 w_v=8.4167 gamma=0.955 (tau_u=3.461e-01 tau_v=1.188e-01 |Du|=4.69e+00 |DRu|=1.11e+01)
  [PT] w_u=3.1494 w_v=8.8838 gamma=0.983 (tau_u=3.175e-01 tau_v=1.126e-01 |Du|=3.14e+00 |DRu|=1.27e+01)
  [PT] w_u=3.3920 w_v=9.1017 gamma=0.988 (tau_u=2.948e-01 tau_v=1.099e-01 |Du|=2.78e+00 |DRu|=9.20e+00)
  [PT] w_u=3.4926 w_v=9.0219 gamma=0.982 (tau_u=2.863e-01 tau_v=1.108e-01 |Du|=4.70e+00 |DRu|=1.02e+01)
  [PT] w_u=3.5087 w_v=9.0336 gamma=0.990 (tau_u=2.850e-01 tau_v=1.107e-01 |Du|=6.47e+00 |DRu|=1.23e+01)
  [PT] w_u=3.3791 w_v=9.1469 gamma=0.998 (tau_u=2.959e-01 tau_v=1.093e-01 |Du|=8.67e+00 |DRu|=1.38e+01)
  [PT] w_u=2.9318 w_v=8.6452 gamma=1.000 (tau_u=3.411e-01 tau_v=1.157e-01 |Du|=9.71e+00 |DRu|=1.12e+01)
  [PT] w_u=2.3268 w_v=8.4022 gamma=0.996 (tau_u=4.298e-01 tau_v=1.190e-01 |Du|=8.85e+00 |DRu|=7.97e+00)
  [PT] w_u=2.4723 w_v=8.7163 gamma=0.962 (tau_u=4.045e-01 tau_v=1.147e-01 |Du|=6.92e+00 |DRu|=1.61e+01)
  [PT] w_u=2.7218 w_v=9.3232 gamma=0.998 (tau_u=3.674e-01 tau_v=1.073e-01 |Du|=4.23e+00 |DRu|=2.30e+01)
  [PT] w_u=2.7714 w_v=9.5656 gamma=1.000 (tau_u=3.608e-01 tau_v=1.045e-01 |Du|=5.85e+00 |DRu|=1.06e+01)
  [PT] w_u=2.7765 w_v=10.0057 gamma=0.999 (tau_u=3.602e-01 tau_v=9.994e-02 |Du|=6.92e+00 |DRu|=1.16e+01)
  [PT] w_u=2.9740 w_v=10.4361 gamma=0.989 (tau_u=3.362e-01 tau_v=9.582e-02 |Du|=6.88e+00 |DRu|=1.97e+01)
  [PT] w_u=3.1402 w_v=9.9835 gamma=0.997 (tau_u=3.185e-01 tau_v=1.002e-01 |Du|=7.44e+00 |DRu|=1.87e+01)
  [PT] w_u=2.8059 w_v=9.4551 gamma=1.000 (tau_u=3.564e-01 tau_v=1.058e-01 |Du|=9.78e+00 |DRu|=1.17e+01)
  [PT] w_u=2.5816 w_v=9.6660 gamma=1.000 (tau_u=3.874e-01 tau_v=1.035e-01 |Du|=1.19e+01 |DRu|=1.46e+01)
  [PT] w_u=2.2345 w_v=9.2434 gamma=0.999 (tau_u=4.475e-01 tau_v=1.082e-01 |Du|=9.63e+00 |DRu|=9.68e+00)
[Adam] ep= 1620  total=1.129e-01  PDE=4.201e-02 [colloc=3.332e-02, cfd=8.688e-03] (w=1.879)  IN=3.648e-02 (w=0.782)  TB=7.779e-03 (w=0.513)  WALL=1.001e-15 (w=0.200)  OUT=3.796e-03 (w=0.369)  DATA=1.204e-01 (w=0.000)
  [PT] w_u=2.3265 w_v=8.9869 gamma=0.968 (tau_u=4.298e-01 tau_v=1.113e-01 |Du|=6.59e+00 |DRu|=1.25e+01)
  [PT] w_u=2.5267 w_v=8.8470 gamma=0.974 (tau_u=3.958e-01 tau_v=1.130e-01 |Du|=5.04e+00 |DRu|=1.67e+01)
  [PT] w_u=2.3224 w_v=7.9670 gamma=0.993 (tau_u=4.306e-01 tau_v=1.255e-01 |Du|=6.62e+00 |DRu|=7.65e+00)
  [PT] w_u=1.6953 w_v=7.7139 gamma=0.984 (tau_u=5.899e-01 tau_v=1.296e-01 |Du|=8.81e+00 |DRu|=6.15e+00)
  [PT] w_u=1.6350 w_v=7.9924 gamma=0.942 (tau_u=6.116e-01 tau_v=1.251e-01 |Du|=1.16e+01 |DRu|=1.25e+01)
  [PT] w_u=1.5075 w_v=7.5296 gamma=0.994 (tau_u=6.634e-01 tau_v=1.328e-01 |Du|=1.69e+01 |DRu|=1.58e+01)
  [PT] w_u=1.0948 w_v=6.5294 gamma=1.000 (tau_u=9.134e-01 tau_v=1.532e-01 |Du|=1.32e+01 |DRu|=7.43e+00)
  [PT] w_u=1.1375 w_v=6.4494 gamma=0.999 (tau_u=8.791e-01 tau_v=1.551e-01 |Du|=7.23e+00 |DRu|=9.57e+00)
  [PT] w_u=1.2404 w_v=6.4169 gamma=0.992 (tau_u=8.062e-01 tau_v=1.558e-01 |Du|=6.87e+00 |DRu|=1.77e+01)
  [PT] w_u=1.2877 w_v=6.3866 gamma=0.998 (tau_u=7.766e-01 tau_v=1.566e-01 |Du|=1.10e+01 |DRu|=1.54e+01)
  [PT] w_u=1.2791 w_v=6.3488 gamma=1.000 (tau_u=7.818e-01 tau_v=1.575e-01 |Du|=1.21e+01 |DRu|=1.33e+01)
  [PT] w_u=1.1636 w_v=6.2464 gamma=0.998 (tau_u=8.594e-01 tau_v=1.601e-01 |Du|=1.21e+01 |DRu|=9.69e+00)
  [PT] w_u=1.1492 w_v=6.4918 gamma=0.985 (tau_u=8.701e-01 tau_v=1.540e-01 |Du|=1.16e+01 |DRu|=1.17e+01)
  [PT] w_u=1.2025 w_v=6.6517 gamma=0.983 (tau_u=8.316e-01 tau_v=1.503e-01 |Du|=8.47e+00 |DRu|=1.21e+01)
  [PT] w_u=1.2972 w_v=6.6551 gamma=0.978 (tau_u=7.709e-01 tau_v=1.503e-01 |Du|=3.72e+00 |DRu|=7.77e+00)
  [PT] w_u=1.4001 w_v=6.8772 gamma=0.949 (tau_u=7.142e-01 tau_v=1.454e-01 |Du|=3.59e+00 |DRu|=7.74e+00)
  [PT] w_u=1.4363 w_v=7.0122 gamma=0.920 (tau_u=6.963e-01 tau_v=1.426e-01 |Du|=7.72e+00 |DRu|=1.01e+01)
  [PT] w_u=1.2950 w_v=6.1430 gamma=0.976 (tau_u=7.722e-01 tau_v=1.628e-01 |Du|=1.42e+01 |DRu|=1.16e+01)
  [PT] w_u=1.0648 w_v=4.9173 gamma=0.997 (tau_u=9.391e-01 tau_v=2.034e-01 |Du|=1.31e+01 |DRu|=8.39e+00)
  [PT] w_u=1.1312 w_v=5.2456 gamma=0.999 (tau_u=8.840e-01 tau_v=1.906e-01 |Du|=6.86e+00 |DRu|=1.10e+01)
[Adam] ep= 1640  total=5.694e-02  PDE=2.917e-02 [colloc=2.317e-02, cfd=6.004e-03] (w=1.556)  IN=5.680e-03 (w=0.903)  TB=1.054e-02 (w=0.568)  WALL=5.034e-16 (w=0.200)  OUT=1.227e-03 (w=0.344)  DATA=6.971e-02 (w=0.000)
  [PT] w_u=1.1987 w_v=4.8730 gamma=0.991 (tau_u=8.342e-01 tau_v=2.052e-01 |Du|=4.52e+00 |DRu|=7.24e+00)
  [PT] w_u=1.2232 w_v=4.6219 gamma=0.928 (tau_u=8.175e-01 tau_v=2.164e-01 |Du|=9.93e+00 |DRu|=1.17e+01)
  [PT] w_u=1.0814 w_v=4.0415 gamma=0.908 (tau_u=9.247e-01 tau_v=2.474e-01 |Du|=1.62e+01 |DRu|=1.12e+01)
  [PT] w_u=1.0176 w_v=4.0735 gamma=0.939 (tau_u=9.827e-01 tau_v=2.455e-01 |Du|=9.99e+00 |DRu|=7.89e+00)
  [PT] w_u=1.0272 w_v=3.8670 gamma=0.930 (tau_u=9.735e-01 tau_v=2.586e-01 |Du|=5.22e+00 |DRu|=5.34e+00)
  [PT] w_u=1.1094 w_v=4.0357 gamma=0.920 (tau_u=9.014e-01 tau_v=2.478e-01 |Du|=4.52e+00 |DRu|=8.64e+00)
  [PT] w_u=1.1693 w_v=4.2850 gamma=0.938 (tau_u=8.552e-01 tau_v=2.334e-01 |Du|=4.26e+00 |DRu|=6.22e+00)
  [PT] w_u=1.2065 w_v=4.3910 gamma=0.929 (tau_u=8.288e-01 tau_v=2.277e-01 |Du|=4.01e+00 |DRu|=5.03e+00)
  [PT] w_u=1.2648 w_v=4.2116 gamma=0.931 (tau_u=7.906e-01 tau_v=2.374e-01 |Du|=6.06e+00 |DRu|=8.74e+00)
  [PT] w_u=0.7772 w_v=2.6812 gamma=0.943 (tau_u=1.287e+00 tau_v=3.730e-01 |Du|=9.11e+00 |DRu|=3.69e+00)
  [PT] w_u=0.7289 w_v=2.6608 gamma=0.924 (tau_u=1.372e+00 tau_v=3.758e-01 |Du|=6.97e+00 |DRu|=4.58e+00)
  [PT] w_u=0.7720 w_v=2.8015 gamma=0.881 (tau_u=1.295e+00 tau_v=3.569e-01 |Du|=4.57e+00 |DRu|=5.51e+00)
  [PT] w_u=0.7497 w_v=2.8199 gamma=0.901 (tau_u=1.334e+00 tau_v=3.546e-01 |Du|=8.61e+00 |DRu|=6.30e+00)
  [PT] w_u=0.7194 w_v=2.9707 gamma=0.906 (tau_u=1.390e+00 tau_v=3.366e-01 |Du|=7.83e+00 |DRu|=5.41e+00)
  [PT] w_u=0.7632 w_v=3.2130 gamma=0.893 (tau_u=1.310e+00 tau_v=3.112e-01 |Du|=3.69e+00 |DRu|=4.52e+00)
  [PT] w_u=0.8247 w_v=3.4591 gamma=0.871 (tau_u=1.213e+00 tau_v=2.891e-01 |Du|=2.98e+00 |DRu|=4.82e+00)
  [PT] w_u=0.7800 w_v=3.5246 gamma=0.878 (tau_u=1.282e+00 tau_v=2.837e-01 |Du|=5.26e+00 |DRu|=3.57e+00)
  [PT] w_u=0.7729 w_v=3.1951 gamma=0.880 (tau_u=1.294e+00 tau_v=3.130e-01 |Du|=6.54e+00 |DRu|=5.18e+00)
  [PT] w_u=0.8322 w_v=3.3697 gamma=0.916 (tau_u=1.202e+00 tau_v=2.968e-01 |Du|=5.36e+00 |DRu|=8.40e+00)
  [PT] w_u=0.8955 w_v=3.6499 gamma=0.883 (tau_u=1.117e+00 tau_v=2.740e-01 |Du|=2.99e+00 |DRu|=4.73e+00)
[Adam] ep= 1660  total=1.575e-02  PDE=7.266e-03 [colloc=5.271e-03, cfd=1.995e-03] (w=1.096)  IN=4.451e-03 (w=0.707)  TB=6.760e-03 (w=0.656)  WALL=2.007e-17 (w=0.200)  OUT=6.953e-04 (w=0.291)  DATA=7.918e-02 (w=0.000)
  [PT] w_u=0.9788 w_v=3.7333 gamma=0.900 (tau_u=1.022e+00 tau_v=2.679e-01 |Du|=3.37e+00 |DRu|=7.85e+00)
  [PT] w_u=1.0348 w_v=3.4146 gamma=0.876 (tau_u=9.664e-01 tau_v=2.929e-01 |Du|=4.91e+00 |DRu|=6.71e+00)
  [PT] w_u=0.9319 w_v=3.5932 gamma=0.870 (tau_u=1.073e+00 tau_v=2.783e-01 |Du|=5.15e+00 |DRu|=3.37e+00)
  [PT] w_u=0.9574 w_v=3.8267 gamma=0.859 (tau_u=1.044e+00 tau_v=2.613e-01 |Du|=3.27e+00 |DRu|=3.41e+00)
  [PT] w_u=1.0501 w_v=4.1042 gamma=0.835 (tau_u=9.523e-01 tau_v=2.437e-01 |Du|=2.41e+00 |DRu|=6.30e+00)
  [PT] w_u=1.0955 w_v=4.3723 gamma=0.863 (tau_u=9.128e-01 tau_v=2.287e-01 |Du|=4.11e+00 |DRu|=5.11e+00)
  [PT] w_u=1.1011 w_v=4.6864 gamma=0.895 (tau_u=9.082e-01 tau_v=2.134e-01 |Du|=4.53e+00 |DRu|=4.60e+00)
  [PT] w_u=1.1927 w_v=5.0459 gamma=0.888 (tau_u=8.385e-01 tau_v=1.982e-01 |Du|=3.53e+00 |DRu|=7.24e+00)
  [PT] w_u=1.3084 w_v=5.3969 gamma=0.876 (tau_u=7.643e-01 tau_v=1.853e-01 |Du|=2.38e+00 |DRu|=7.15e+00)
  [PT] w_u=1.4241 w_v=5.2043 gamma=0.862 (tau_u=7.022e-01 tau_v=1.921e-01 |Du|=2.57e+00 |DRu|=6.29e+00)
  [PT] w_u=1.5273 w_v=5.2168 gamma=0.861 (tau_u=6.548e-01 tau_v=1.917e-01 |Du|=2.51e+00 |DRu|=4.88e+00)
  [PT] w_u=1.6303 w_v=5.4403 gamma=0.842 (tau_u=6.134e-01 tau_v=1.838e-01 |Du|=1.72e+00 |DRu|=3.22e+00)
  [PT] w_u=1.7793 w_v=5.3278 gamma=0.846 (tau_u=5.620e-01 tau_v=1.877e-01 |Du|=1.74e+00 |DRu|=5.07e+00)
  [PT] w_u=1.8307 w_v=4.7099 gamma=0.806 (tau_u=5.462e-01 tau_v=2.123e-01 |Du|=2.19e+00 |DRu|=3.09e+00)
  [PT] w_u=1.9417 w_v=4.7998 gamma=0.814 (tau_u=5.150e-01 tau_v=2.083e-01 |Du|=1.55e+00 |DRu|=2.90e+00)
  [PT] w_u=1.6232 w_v=4.7843 gamma=0.831 (tau_u=6.161e-01 tau_v=2.090e-01 |Du|=3.44e+00 |DRu|=2.54e+00)
  [PT] w_u=1.1745 w_v=4.8303 gamma=0.842 (tau_u=8.515e-01 tau_v=2.070e-01 |Du|=4.40e+00 |DRu|=2.34e+00)
  [PT] w_u=1.1997 w_v=4.9492 gamma=0.857 (tau_u=8.336e-01 tau_v=2.021e-01 |Du|=3.19e+00 |DRu|=3.60e+00)
  [PT] w_u=1.3204 w_v=5.1776 gamma=0.847 (tau_u=7.573e-01 tau_v=1.931e-01 |Du|=1.46e+00 |DRu|=5.03e+00)
  [PT] w_u=1.4195 w_v=5.3425 gamma=0.862 (tau_u=7.045e-01 tau_v=1.872e-01 |Du|=1.92e+00 |DRu|=3.72e+00)
[Adam] ep= 1680  total=6.017e-03  PDE=3.644e-03 [colloc=2.756e-03, cfd=8.875e-04] (w=0.845)  IN=1.675e-03 (w=0.533)  TB=3.422e-03 (w=0.575)  WALL=2.355e-17 (w=0.200)  OUT=3.269e-04 (w=0.228)  DATA=7.042e-02 (w=0.000)
  [PT] w_u=1.4006 w_v=4.4905 gamma=0.878 (tau_u=7.140e-01 tau_v=2.227e-01 |Du|=1.92e+00 |DRu|=2.01e+00)
  [PT] w_u=1.5233 w_v=4.6653 gamma=0.871 (tau_u=6.565e-01 tau_v=2.143e-01 |Du|=1.44e+00 |DRu|=3.60e+00)
  [PT] w_u=1.6508 w_v=4.4891 gamma=0.845 (tau_u=6.058e-01 tau_v=2.228e-01 |Du|=1.22e+00 |DRu|=2.90e+00)
  [PT] w_u=1.7379 w_v=4.5222 gamma=0.815 (tau_u=5.754e-01 tau_v=2.211e-01 |Du|=1.38e+00 |DRu|=2.27e+00)
  [PT] w_u=1.8156 w_v=3.9963 gamma=0.814 (tau_u=5.508e-01 tau_v=2.502e-01 |Du|=1.80e+00 |DRu|=2.82e+00)
  [PT] w_u=1.8286 w_v=3.1448 gamma=0.826 (tau_u=5.469e-01 tau_v=3.180e-01 |Du|=2.04e+00 |DRu|=2.59e+00)
  [PT] w_u=1.5039 w_v=2.4883 gamma=0.832 (tau_u=6.649e-01 tau_v=4.019e-01 |Du|=2.01e+00 |DRu|=1.39e+00)
  [PT] w_u=1.6218 w_v=2.6302 gamma=0.824 (tau_u=6.166e-01 tau_v=3.802e-01 |Du|=1.11e+00 |DRu|=2.36e+00)
  [PT] w_u=1.7445 w_v=2.7677 gamma=0.811 (tau_u=5.732e-01 tau_v=3.613e-01 |Du|=1.27e+00 |DRu|=2.67e+00)
  [PT] w_u=1.7641 w_v=2.6250 gamma=0.812 (tau_u=5.669e-01 tau_v=3.810e-01 |Du|=2.10e+00 |DRu|=2.65e+00)
  [PT] w_u=1.8303 w_v=2.1884 gamma=0.827 (tau_u=5.464e-01 tau_v=4.569e-01 |Du|=1.66e+00 |DRu|=2.51e+00)
  [PT] w_u=1.7923 w_v=2.1503 gamma=0.822 (tau_u=5.579e-01 tau_v=4.651e-01 |Du|=1.37e+00 |DRu|=1.52e+00)
  [PT] w_u=1.8335 w_v=2.3288 gamma=0.820 (tau_u=5.454e-01 tau_v=4.294e-01 |Du|=1.69e+00 |DRu|=2.33e+00)
  [PT] w_u=1.7586 w_v=2.4317 gamma=0.831 (tau_u=5.686e-01 tau_v=4.112e-01 |Du|=2.23e+00 |DRu|=2.31e+00)
  [PT] w_u=1.6109 w_v=2.4393 gamma=0.842 (tau_u=6.208e-01 tau_v=4.100e-01 |Du|=2.08e+00 |DRu|=1.83e+00)
  [PT] w_u=1.6838 w_v=2.5994 gamma=0.846 (tau_u=5.939e-01 tau_v=3.847e-01 |Du|=1.40e+00 |DRu|=2.17e+00)
  [PT] w_u=1.7949 w_v=2.8069 gamma=0.835 (tau_u=5.571e-01 tau_v=3.563e-01 |Du|=9.92e-01 |DRu|=1.90e+00)
  [PT] w_u=1.9249 w_v=3.0371 gamma=0.826 (tau_u=5.195e-01 tau_v=3.293e-01 |Du|=9.47e-01 |DRu|=2.02e+00)
  [PT] w_u=2.0356 w_v=3.2660 gamma=0.832 (tau_u=4.913e-01 tau_v=3.062e-01 |Du|=1.29e+00 |DRu|=2.42e+00)
  [PT] w_u=2.0123 w_v=3.5118 gamma=0.828 (tau_u=4.969e-01 tau_v=2.848e-01 |Du|=1.63e+00 |DRu|=2.00e+00)
[Adam] ep= 1700  total=4.418e-03  PDE=2.876e-03 [colloc=2.313e-03, cfd=5.627e-04] (w=0.784)  IN=1.977e-03 (w=0.438)  TB=2.463e-03 (w=0.513)  WALL=1.499e-17 (w=0.200)  OUT=1.736e-04 (w=0.200)  DATA=6.854e-02 (w=0.000)
  [PT] w_u=1.5379 w_v=3.6224 gamma=0.819 (tau_u=6.503e-01 tau_v=2.761e-01 |Du|=1.74e+00 |DRu|=1.11e+00)
  [PT] w_u=1.6018 w_v=3.8725 gamma=0.801 (tau_u=6.243e-01 tau_v=2.582e-01 |Du|=1.06e+00 |DRu|=1.52e+00)
  [PT] w_u=1.6523 w_v=3.8336 gamma=0.796 (tau_u=6.052e-01 tau_v=2.609e-01 |Du|=1.48e+00 |DRu|=2.01e+00)
  [PT] w_u=1.5408 w_v=3.6458 gamma=0.805 (tau_u=6.490e-01 tau_v=2.743e-01 |Du|=2.10e+00 |DRu|=1.85e+00)
  [PT] w_u=1.4338 w_v=3.4837 gamma=0.822 (tau_u=6.975e-01 tau_v=2.871e-01 |Du|=2.00e+00 |DRu|=1.70e+00)
  [PT] w_u=1.4108 w_v=3.5805 gamma=0.821 (tau_u=7.088e-01 tau_v=2.793e-01 |Du|=1.50e+00 |DRu|=1.51e+00)
  [PT] w_u=1.5450 w_v=3.7993 gamma=0.809 (tau_u=6.473e-01 tau_v=2.632e-01 |Du|=6.11e-01 |DRu|=1.80e+00)
  [PT] w_u=1.6707 w_v=3.9943 gamma=0.809 (tau_u=5.986e-01 tau_v=2.504e-01 |Du|=1.02e+00 |DRu|=2.30e+00)
  [PT] w_u=1.7554 w_v=4.1199 gamma=0.818 (tau_u=5.697e-01 tau_v=2.427e-01 |Du|=1.30e+00 |DRu|=2.10e+00)
  [PT] w_u=1.6446 w_v=3.6694 gamma=0.826 (tau_u=6.080e-01 tau_v=2.725e-01 |Du|=1.47e+00 |DRu|=1.37e+00)
  [PT] w_u=1.5911 w_v=3.3960 gamma=0.821 (tau_u=6.285e-01 tau_v=2.945e-01 |Du|=1.08e+00 |DRu|=1.08e+00)
  [PT] w_u=1.6985 w_v=3.4500 gamma=0.812 (tau_u=5.888e-01 tau_v=2.899e-01 |Du|=7.94e-01 |DRu|=1.49e+00)
  [PT] w_u=1.7242 w_v=3.6342 gamma=0.816 (tau_u=5.800e-01 tau_v=2.752e-01 |Du|=1.48e+00 |DRu|=1.88e+00)
  [PT] w_u=1.6779 w_v=3.7211 gamma=0.825 (tau_u=5.960e-01 tau_v=2.687e-01 |Du|=1.96e+00 |DRu|=2.07e+00)
  [PT] w_u=1.6580 w_v=3.6845 gamma=0.832 (tau_u=6.031e-01 tau_v=2.714e-01 |Du|=1.60e+00 |DRu|=1.78e+00)
  [PT] w_u=1.7632 w_v=3.6369 gamma=0.825 (tau_u=5.672e-01 tau_v=2.750e-01 |Du|=9.43e-01 |DRu|=1.74e+00)
  [PT] w_u=1.7599 w_v=3.8424 gamma=0.808 (tau_u=5.682e-01 tau_v=2.603e-01 |Du|=1.73e+00 |DRu|=2.05e+00)
  [PT] w_u=1.4800 w_v=3.9093 gamma=0.802 (tau_u=6.757e-01 tau_v=2.558e-01 |Du|=2.50e+00 |DRu|=1.74e+00)
  [PT] w_u=1.3504 w_v=3.6512 gamma=0.785 (tau_u=7.405e-01 tau_v=2.739e-01 |Du|=2.19e+00 |DRu|=1.68e+00)
  [PT] w_u=1.4033 w_v=3.5563 gamma=0.789 (tau_u=7.126e-01 tau_v=2.812e-01 |Du|=1.27e+00 |DRu|=1.65e+00)
[Adam] ep= 1720  total=3.804e-03  PDE=2.314e-03 [colloc=1.785e-03, cfd=5.289e-04] (w=0.746)  IN=2.639e-03 (w=0.424)  TB=1.967e-03 (w=0.447)  WALL=8.953e-18 (w=0.200)  OUT=3.966e-04 (w=0.200)  DATA=7.548e-02 (w=0.000)
  [PT] w_u=1.4957 w_v=3.7330 gamma=0.788 (tau_u=6.686e-01 tau_v=2.679e-01 |Du|=8.85e-01 |DRu|=1.50e+00)
  [PT] w_u=1.4145 w_v=4.0182 gamma=0.794 (tau_u=7.070e-01 tau_v=2.489e-01 |Du|=1.63e+00 |DRu|=1.42e+00)
  [PT] w_u=1.2828 w_v=4.2601 gamma=0.801 (tau_u=7.795e-01 tau_v=2.347e-01 |Du|=2.11e+00 |DRu|=1.58e+00)
  [PT] w_u=1.2051 w_v=4.4082 gamma=0.812 (tau_u=8.298e-01 tau_v=2.268e-01 |Du|=1.94e+00 |DRu|=1.54e+00)
  [PT] w_u=1.1683 w_v=4.1106 gamma=0.804 (tau_u=8.559e-01 tau_v=2.433e-01 |Du|=1.39e+00 |DRu|=1.19e+00)
  [PT] w_u=1.2644 w_v=4.2639 gamma=0.807 (tau_u=7.909e-01 tau_v=2.345e-01 |Du|=7.72e-01 |DRu|=1.53e+00)
  [PT] w_u=1.2840 w_v=4.4052 gamma=0.810 (tau_u=7.788e-01 tau_v=2.270e-01 |Du|=1.27e+00 |DRu|=1.40e+00)
  [PT] w_u=1.1382 w_v=3.6723 gamma=0.803 (tau_u=8.786e-01 tau_v=2.723e-01 |Du|=1.90e+00 |DRu|=1.28e+00)
  [PT] w_u=1.0706 w_v=3.0525 gamma=0.805 (tau_u=9.341e-01 tau_v=3.276e-01 |Du|=1.58e+00 |DRu|=1.18e+00)
  [PT] w_u=1.1578 w_v=3.1139 gamma=0.801 (tau_u=8.637e-01 tau_v=3.211e-01 |Du|=6.39e-01 |DRu|=1.19e+00)
  [PT] w_u=1.2509 w_v=3.3636 gamma=0.796 (tau_u=7.994e-01 tau_v=2.973e-01 |Du|=8.44e-01 |DRu|=1.60e+00)
  [PT] w_u=1.2936 w_v=3.3258 gamma=0.797 (tau_u=7.730e-01 tau_v=3.007e-01 |Du|=1.32e+00 |DRu|=1.62e+00)
  [PT] w_u=1.2753 w_v=2.3768 gamma=0.801 (tau_u=7.841e-01 tau_v=4.207e-01 |Du|=1.37e+00 |DRu|=1.31e+00)
  [PT] w_u=1.2684 w_v=2.0436 gamma=0.797 (tau_u=7.884e-01 tau_v=4.893e-01 |Du|=1.23e+00 |DRu|=1.20e+00)
  [PT] w_u=1.3243 w_v=2.0278 gamma=0.791 (tau_u=7.551e-01 tau_v=4.932e-01 |Du|=9.09e-01 |DRu|=1.20e+00)
  [PT] w_u=1.4048 w_v=2.1855 gamma=0.785 (tau_u=7.118e-01 tau_v=4.576e-01 |Du|=8.38e-01 |DRu|=1.31e+00)
  [PT] w_u=1.4591 w_v=2.2454 gamma=0.785 (tau_u=6.854e-01 tau_v=4.454e-01 |Du|=1.07e+00 |DRu|=1.42e+00)
  [PT] w_u=1.4935 w_v=2.1814 gamma=0.787 (tau_u=6.696e-01 tau_v=4.584e-01 |Du|=1.12e+00 |DRu|=1.37e+00)
  [PT] w_u=1.5612 w_v=2.1950 gamma=0.791 (tau_u=6.405e-01 tau_v=4.556e-01 |Du|=8.15e-01 |DRu|=1.18e+00)
  [PT] w_u=1.5883 w_v=2.3555 gamma=0.795 (tau_u=6.296e-01 tau_v=4.245e-01 |Du|=8.84e-01 |DRu|=1.08e+00)
[Adam] ep= 1740  total=3.040e-03  PDE=2.276e-03 [colloc=1.734e-03, cfd=5.424e-04] (w=0.704)  IN=1.638e-03 (w=0.389)  TB=1.854e-03 (w=0.414)  WALL=1.257e-17 (w=0.200)  OUT=1.692e-04 (w=0.200)  DATA=7.318e-02 (w=0.000)
  [PT] w_u=1.4696 w_v=2.5300 gamma=0.795 (tau_u=6.805e-01 tau_v=3.953e-01 |Du|=1.43e+00 |DRu|=1.19e+00)
  [PT] w_u=1.3629 w_v=2.3592 gamma=0.797 (tau_u=7.337e-01 tau_v=4.239e-01 |Du|=1.51e+00 |DRu|=1.22e+00)
  [PT] w_u=1.4101 w_v=2.2932 gamma=0.798 (tau_u=7.092e-01 tau_v=4.361e-01 |Du|=1.06e+00 |DRu|=1.36e+00)
  [PT] w_u=1.4813 w_v=2.3322 gamma=0.794 (tau_u=6.751e-01 tau_v=4.288e-01 |Du|=8.05e-01 |DRu|=1.18e+00)
  [PT] w_u=1.4698 w_v=2.4990 gamma=0.788 (tau_u=6.804e-01 tau_v=4.002e-01 |Du|=1.12e+00 |DRu|=1.16e+00)
  [PT] w_u=1.3096 w_v=2.5007 gamma=0.785 (tau_u=7.636e-01 tau_v=3.999e-01 |Du|=1.36e+00 |DRu|=9.79e-01)
  [PT] w_u=1.2438 w_v=2.0465 gamma=0.779 (tau_u=8.040e-01 tau_v=4.886e-01 |Du|=1.28e+00 |DRu|=1.05e+00)
  [PT] w_u=1.3164 w_v=2.0188 gamma=0.784 (tau_u=7.596e-01 tau_v=4.954e-01 |Du|=8.51e-01 |DRu|=1.25e+00)
  [PT] w_u=1.3891 w_v=2.0899 gamma=0.784 (tau_u=7.199e-01 tau_v=4.785e-01 |Du|=6.87e-01 |DRu|=1.01e+00)
  [PT] w_u=1.3720 w_v=2.2758 gamma=0.789 (tau_u=7.289e-01 tau_v=4.394e-01 |Du|=8.73e-01 |DRu|=8.62e-01)
  [PT] w_u=1.3397 w_v=2.3185 gamma=0.782 (tau_u=7.464e-01 tau_v=4.313e-01 |Du|=1.22e+00 |DRu|=1.14e+00)
  [PT] w_u=1.2443 w_v=1.9667 gamma=0.786 (tau_u=8.036e-01 tau_v=5.085e-01 |Du|=1.25e+00 |DRu|=9.63e-01)
  [PT] w_u=1.3188 w_v=1.9835 gamma=0.789 (tau_u=7.583e-01 tau_v=5.042e-01 |Du|=8.58e-01 |DRu|=1.29e+00)
  [PT] w_u=1.4408 w_v=2.1413 gamma=0.786 (tau_u=6.941e-01 tau_v=4.670e-01 |Du|=5.58e-01 |DRu|=1.45e+00)
  [PT] w_u=1.4244 w_v=2.3268 gamma=0.783 (tau_u=7.020e-01 tau_v=4.298e-01 |Du|=9.37e-01 |DRu|=9.43e-01)
  [PT] w_u=1.3771 w_v=2.3507 gamma=0.777 (tau_u=7.262e-01 tau_v=4.254e-01 |Du|=1.28e+00 |DRu|=1.16e+00)
  [PT] w_u=1.4800 w_v=2.4800 gamma=0.778 (tau_u=6.757e-01 tau_v=4.032e-01 |Du|=9.72e-01 |DRu|=1.82e+00)
  [PT] w_u=1.5793 w_v=2.5386 gamma=0.778 (tau_u=6.332e-01 tau_v=3.939e-01 |Du|=6.39e-01 |DRu|=1.13e+00)
  [PT] w_u=1.6399 w_v=2.7635 gamma=0.784 (tau_u=6.098e-01 tau_v=3.619e-01 |Du|=8.21e-01 |DRu|=1.15e+00)
  [PT] w_u=1.7050 w_v=2.9989 gamma=0.783 (tau_u=5.865e-01 tau_v=3.335e-01 |Du|=1.11e+00 |DRu|=1.60e+00)
[Adam] ep= 1760  total=2.371e-03  PDE=2.055e-03 [colloc=1.632e-03, cfd=4.228e-04] (w=0.672)  IN=1.213e-03 (w=0.354)  TB=1.437e-03 (w=0.378)  WALL=1.822e-17 (w=0.200)  OUT=9.036e-05 (w=0.200)  DATA=6.968e-02 (w=0.000)
  [PT] w_u=1.6237 w_v=2.7634 gamma=0.791 (tau_u=6.159e-01 tau_v=3.619e-01 |Du|=1.07e+00 |DRu|=1.01e+00)
  [PT] w_u=1.7172 w_v=2.7639 gamma=0.784 (tau_u=5.824e-01 tau_v=3.618e-01 |Du|=8.02e-01 |DRu|=1.34e+00)
  [PT] w_u=1.8452 w_v=2.9212 gamma=0.784 (tau_u=5.419e-01 tau_v=3.423e-01 |Du|=6.06e-01 |DRu|=1.27e+00)
  [PT] w_u=1.8133 w_v=3.1433 gamma=0.778 (tau_u=5.515e-01 tau_v=3.181e-01 |Du|=9.22e-01 |DRu|=1.02e+00)
  [PT] w_u=1.6477 w_v=2.9547 gamma=0.774 (tau_u=6.069e-01 tau_v=3.384e-01 |Du|=1.05e+00 |DRu|=8.82e-01)
  [PT] w_u=1.6250 w_v=2.8256 gamma=0.770 (tau_u=6.154e-01 tau_v=3.539e-01 |Du|=1.02e+00 |DRu|=1.07e+00)
  [PT] w_u=1.7009 w_v=2.7498 gamma=0.774 (tau_u=5.879e-01 tau_v=3.637e-01 |Du|=5.99e-01 |DRu|=9.02e-01)
  [PT] w_u=1.7869 w_v=2.9691 gamma=0.770 (tau_u=5.596e-01 tau_v=3.368e-01 |Du|=6.32e-01 |DRu|=1.00e+00)
  [PT] w_u=1.6192 w_v=3.0948 gamma=0.774 (tau_u=6.176e-01 tau_v=3.231e-01 |Du|=1.02e+00 |DRu|=8.39e-01)
  [PT] w_u=1.4753 w_v=2.7810 gamma=0.773 (tau_u=6.779e-01 tau_v=3.596e-01 |Du|=1.17e+00 |DRu|=9.33e-01)
  [PT] w_u=1.3934 w_v=2.4037 gamma=0.776 (tau_u=7.177e-01 tau_v=4.160e-01 |Du|=1.05e+00 |DRu|=8.90e-01)
  [PT] w_u=1.4577 w_v=2.3580 gamma=0.777 (tau_u=6.860e-01 tau_v=4.241e-01 |Du|=6.47e-01 |DRu|=9.01e-01)
  [PT] w_u=1.5447 w_v=2.5770 gamma=0.774 (tau_u=6.474e-01 tau_v=3.880e-01 |Du|=5.38e-01 |DRu|=8.63e-01)
  [PT] w_u=1.4376 w_v=2.5260 gamma=0.771 (tau_u=6.956e-01 tau_v=3.959e-01 |Du|=9.88e-01 |DRu|=8.16e-01)
  [PT] w_u=1.3519 w_v=2.3122 gamma=0.771 (tau_u=7.397e-01 tau_v=4.325e-01 |Du|=1.09e+00 |DRu|=8.97e-01)
  [PT] w_u=1.4112 w_v=2.3243 gamma=0.764 (tau_u=7.086e-01 tau_v=4.302e-01 |Du|=7.63e-01 |DRu|=1.02e+00)
  [PT] w_u=1.4885 w_v=2.4663 gamma=0.770 (tau_u=6.718e-01 tau_v=4.055e-01 |Du|=5.46e-01 |DRu|=8.21e-01)
  [PT] w_u=1.5526 w_v=2.7025 gamma=0.773 (tau_u=6.441e-01 tau_v=3.700e-01 |Du|=7.93e-01 |DRu|=1.11e+00)
  [PT] w_u=1.4203 w_v=2.5362 gamma=0.772 (tau_u=7.041e-01 tau_v=3.943e-01 |Du|=1.06e+00 |DRu|=8.31e-01)
  [PT] w_u=1.4498 w_v=2.4854 gamma=0.776 (tau_u=6.897e-01 tau_v=4.023e-01 |Du|=8.45e-01 |DRu|=9.94e-01)
[Adam] ep= 1780  total=2.015e-03  PDE=1.935e-03 [colloc=1.543e-03, cfd=3.914e-04] (w=0.646)  IN=1.008e-03 (w=0.336)  TB=1.149e-03 (w=0.352)  WALL=1.963e-17 (w=0.200)  OUT=1.114e-04 (w=0.200)  DATA=6.740e-02 (w=0.000)
  [PT] w_u=1.5729 w_v=2.6340 gamma=0.774 (tau_u=6.358e-01 tau_v=3.797e-01 |Du|=6.48e-01 |DRu|=1.47e+00)
  [PT] w_u=1.6627 w_v=2.8290 gamma=0.773 (tau_u=6.014e-01 tau_v=3.535e-01 |Du|=7.20e-01 |DRu|=1.17e+00)
  [PT] w_u=1.5269 w_v=3.0158 gamma=0.769 (tau_u=6.549e-01 tau_v=3.316e-01 |Du|=8.04e-01 |DRu|=6.61e-01)
  [PT] w_u=1.5889 w_v=3.1538 gamma=0.764 (tau_u=6.294e-01 tau_v=3.171e-01 |Du|=7.57e-01 |DRu|=1.05e+00)
  [PT] w_u=1.7093 w_v=3.2958 gamma=0.761 (tau_u=5.850e-01 tau_v=3.034e-01 |Du|=6.26e-01 |DRu|=1.27e+00)
  [PT] w_u=1.8210 w_v=3.3179 gamma=0.775 (tau_u=5.491e-01 tau_v=3.014e-01 |Du|=4.59e-01 |DRu|=8.49e-01)
  [PT] w_u=1.9111 w_v=3.6242 gamma=0.768 (tau_u=5.233e-01 tau_v=2.759e-01 |Du|=5.09e-01 |DRu|=8.28e-01)
  [PT] w_u=1.9326 w_v=3.8188 gamma=0.766 (tau_u=5.174e-01 tau_v=2.619e-01 |Du|=9.50e-01 |DRu|=1.22e+00)
  [PT] w_u=1.8564 w_v=3.4717 gamma=0.766 (tau_u=5.387e-01 tau_v=2.880e-01 |Du|=9.74e-01 |DRu|=9.97e-01)
  [PT] w_u=1.8147 w_v=3.1487 gamma=0.770 (tau_u=5.511e-01 tau_v=3.176e-01 |Du|=7.00e-01 |DRu|=7.55e-01)
  [PT] w_u=1.9987 w_v=3.3533 gamma=0.772 (tau_u=5.003e-01 tau_v=2.982e-01 |Du|=2.04e-01 |DRu|=8.57e-01)
  [PT] w_u=1.7890 w_v=3.4619 gamma=0.768 (tau_u=5.590e-01 tau_v=2.889e-01 |Du|=1.01e+00 |DRu|=8.51e-01)
  [PT] w_u=1.3101 w_v=2.6503 gamma=0.761 (tau_u=7.633e-01 tau_v=3.773e-01 |Du|=1.37e+00 |DRu|=7.40e-01)
  [PT] w_u=1.3306 w_v=2.7172 gamma=0.760 (tau_u=7.515e-01 tau_v=3.680e-01 |Du|=9.80e-01 |DRu|=1.06e+00)
  [PT] w_u=1.4480 w_v=2.9034 gamma=0.762 (tau_u=6.906e-01 tau_v=3.444e-01 |Du|=4.87e-01 |DRu|=1.13e+00)
  [PT] w_u=1.4673 w_v=3.1058 gamma=0.772 (tau_u=6.815e-01 tau_v=3.220e-01 |Du|=5.98e-01 |DRu|=6.79e-01)
  [PT] w_u=1.4459 w_v=3.3332 gamma=0.773 (tau_u=6.916e-01 tau_v=3.000e-01 |Du|=1.09e+00 |DRu|=1.08e+00)
  [PT] w_u=1.3621 w_v=3.2854 gamma=0.766 (tau_u=7.342e-01 tau_v=3.044e-01 |Du|=1.19e+00 |DRu|=9.83e-01)
  [PT] w_u=1.3843 w_v=3.1688 gamma=0.771 (tau_u=7.224e-01 tau_v=3.156e-01 |Du|=8.44e-01 |DRu|=9.45e-01)
  [PT] w_u=1.4989 w_v=3.2467 gamma=0.769 (tau_u=6.672e-01 tau_v=3.080e-01 |Du|=4.65e-01 |DRu|=9.88e-01)
[Adam] ep= 1800  total=1.886e-03  PDE=1.850e-03 [colloc=1.447e-03, cfd=4.031e-04] (w=0.632)  IN=9.271e-04 (w=0.323)  TB=1.175e-03 (w=0.333)  WALL=1.057e-17 (w=0.200)  OUT=1.253e-04 (w=0.200)  DATA=6.668e-02 (w=0.000)
  [PT] w_u=1.5395 w_v=3.4771 gamma=0.769 (tau_u=6.496e-01 tau_v=2.876e-01 |Du|=6.67e-01 |DRu|=8.35e-01)
  [PT] w_u=1.3706 w_v=3.2573 gamma=0.762 (tau_u=7.296e-01 tau_v=3.070e-01 |Du|=9.35e-01 |DRu|=6.78e-01)
  [PT] w_u=1.3827 w_v=3.2067 gamma=0.764 (tau_u=7.232e-01 tau_v=3.118e-01 |Du|=9.50e-01 |DRu|=1.02e+00)
  [PT] w_u=1.4567 w_v=3.1968 gamma=0.760 (tau_u=6.865e-01 tau_v=3.128e-01 |Du|=6.01e-01 |DRu|=8.78e-01)
  [PT] w_u=1.5724 w_v=3.4112 gamma=0.753 (tau_u=6.360e-01 tau_v=2.932e-01 |Du|=4.02e-01 |DRu|=8.19e-01)
  [PT] w_u=1.5580 w_v=3.5746 gamma=0.761 (tau_u=6.418e-01 tau_v=2.798e-01 |Du|=6.57e-01 |DRu|=6.87e-01)
  [PT] w_u=1.4255 w_v=2.9073 gamma=0.761 (tau_u=7.015e-01 tau_v=3.440e-01 |Du|=8.59e-01 |DRu|=6.73e-01)
  [PT] w_u=1.4415 w_v=2.6466 gamma=0.760 (tau_u=6.937e-01 tau_v=3.778e-01 |Du|=7.45e-01 |DRu|=8.22e-01)
  [PT] w_u=1.5242 w_v=2.6078 gamma=0.755 (tau_u=6.561e-01 tau_v=3.835e-01 |Du|=5.00e-01 |DRu|=7.71e-01)
  [PT] w_u=1.6282 w_v=2.7391 gamma=0.761 (tau_u=6.142e-01 tau_v=3.651e-01 |Du|=3.39e-01 |DRu|=6.07e-01)
  [PT] w_u=1.5795 w_v=2.6471 gamma=0.760 (tau_u=6.331e-01 tau_v=3.778e-01 |Du|=5.76e-01 |DRu|=5.60e-01)
  [PT] w_u=1.5261 w_v=2.4440 gamma=0.758 (tau_u=6.553e-01 tau_v=4.092e-01 |Du|=7.45e-01 |DRu|=7.01e-01)
  [PT] w_u=1.5708 w_v=2.3980 gamma=0.758 (tau_u=6.366e-01 tau_v=4.170e-01 |Du|=6.02e-01 |DRu|=7.66e-01)
  [PT] w_u=1.6487 w_v=2.4246 gamma=0.762 (tau_u=6.065e-01 tau_v=4.124e-01 |Du|=4.08e-01 |DRu|=6.15e-01)
  [PT] w_u=1.7423 w_v=2.6341 gamma=0.758 (tau_u=5.740e-01 tau_v=3.796e-01 |Du|=4.29e-01 |DRu|=7.04e-01)
  [PT] w_u=1.7391 w_v=2.7722 gamma=0.757 (tau_u=5.750e-01 tau_v=3.607e-01 |Du|=6.59e-01 |DRu|=7.51e-01)
  [PT] w_u=1.6435 w_v=2.5570 gamma=0.759 (tau_u=6.084e-01 tau_v=3.911e-01 |Du|=7.34e-01 |DRu|=6.71e-01)
  [PT] w_u=1.7478 w_v=2.6535 gamma=0.760 (tau_u=5.722e-01 tau_v=3.769e-01 |Du|=5.02e-01 |DRu|=8.84e-01)
  [PT] w_u=1.8481 w_v=2.7985 gamma=0.761 (tau_u=5.411e-01 tau_v=3.573e-01 |Du|=4.08e-01 |DRu|=6.96e-01)
  [PT] w_u=1.8488 w_v=3.0411 gamma=0.756 (tau_u=5.409e-01 tau_v=3.288e-01 |Du|=6.45e-01 |DRu|=7.64e-01)
[Adam] ep= 1820  total=1.725e-03  PDE=1.739e-03 [colloc=1.350e-03, cfd=3.893e-04] (w=0.614)  IN=9.485e-04 (w=0.310)  TB=1.066e-03 (w=0.320)  WALL=9.492e-18 (w=0.200)  OUT=1.068e-04 (w=0.200)  DATA=7.018e-02 (w=0.000)
  [PT] w_u=1.5745 w_v=2.7460 gamma=0.751 (tau_u=6.351e-01 tau_v=3.642e-01 |Du|=8.59e-01 |DRu|=6.11e-01)
  [PT] w_u=1.5764 w_v=2.6089 gamma=0.747 (tau_u=6.344e-01 tau_v=3.833e-01 |Du|=6.80e-01 |DRu|=7.42e-01)
  [PT] w_u=1.6856 w_v=2.6990 gamma=0.751 (tau_u=5.933e-01 tau_v=3.705e-01 |Du|=4.31e-01 |DRu|=7.91e-01)
  [PT] w_u=1.6583 w_v=2.8745 gamma=0.760 (tau_u=6.030e-01 tau_v=3.479e-01 |Du|=5.08e-01 |DRu|=5.33e-01)
  [PT] w_u=1.5427 w_v=3.0555 gamma=0.751 (tau_u=6.482e-01 tau_v=3.273e-01 |Du|=7.24e-01 |DRu|=6.11e-01)
  [PT] w_u=1.5677 w_v=3.1781 gamma=0.753 (tau_u=6.379e-01 tau_v=3.147e-01 |Du|=7.56e-01 |DRu|=8.89e-01)
  [PT] w_u=1.6346 w_v=3.1819 gamma=0.758 (tau_u=6.118e-01 tau_v=3.143e-01 |Du|=5.31e-01 |DRu|=7.53e-01)
  [PT] w_u=1.7465 w_v=3.1461 gamma=0.758 (tau_u=5.726e-01 tau_v=3.179e-01 |Du|=3.50e-01 |DRu|=6.50e-01)
  [PT] w_u=1.7015 w_v=3.3437 gamma=0.754 (tau_u=5.877e-01 tau_v=2.991e-01 |Du|=5.01e-01 |DRu|=5.11e-01)
  [PT] w_u=1.5171 w_v=3.1225 gamma=0.752 (tau_u=6.592e-01 tau_v=3.203e-01 |Du|=7.68e-01 |DRu|=5.84e-01)
  [PT] w_u=1.4673 w_v=2.9494 gamma=0.747 (tau_u=6.815e-01 tau_v=3.391e-01 |Du|=7.28e-01 |DRu|=6.69e-01)
  [PT] w_u=1.5446 w_v=3.0580 gamma=0.753 (tau_u=6.474e-01 tau_v=3.270e-01 |Du|=4.61e-01 |DRu|=6.86e-01)
  [PT] w_u=1.6664 w_v=3.2157 gamma=0.748 (tau_u=6.001e-01 tau_v=3.110e-01 |Du|=2.30e-01 |DRu|=4.77e-01)
  [PT] w_u=1.6414 w_v=3.3604 gamma=0.748 (tau_u=6.092e-01 tau_v=2.976e-01 |Du|=5.35e-01 |DRu|=5.56e-01)
  [PT] w_u=1.3371 w_v=2.6072 gamma=0.749 (tau_u=7.479e-01 tau_v=3.836e-01 |Du|=8.19e-01 |DRu|=5.02e-01)
  [PT] w_u=1.2168 w_v=2.4044 gamma=0.749 (tau_u=8.218e-01 tau_v=4.159e-01 |Du|=7.92e-01 |DRu|=5.62e-01)
  [PT] w_u=1.2564 w_v=2.3939 gamma=0.753 (tau_u=7.959e-01 tau_v=4.177e-01 |Du|=4.72e-01 |DRu|=5.46e-01)
  [PT] w_u=1.3613 w_v=2.5912 gamma=0.755 (tau_u=7.346e-01 tau_v=3.859e-01 |Du|=3.15e-01 |DRu|=6.41e-01)
  [PT] w_u=1.3510 w_v=2.5197 gamma=0.748 (tau_u=7.402e-01 tau_v=3.969e-01 |Du|=4.82e-01 |DRu|=4.69e-01)
  [PT] w_u=1.3993 w_v=2.6156 gamma=0.745 (tau_u=7.147e-01 tau_v=3.823e-01 |Du|=5.90e-01 |DRu|=7.32e-01)
[Adam] ep= 1840  total=1.514e-03  PDE=1.588e-03 [colloc=1.250e-03, cfd=3.385e-04] (w=0.592)  IN=8.829e-04 (w=0.296)  TB=9.588e-04 (w=0.304)  WALL=7.780e-18 (w=0.200)  OUT=1.001e-04 (w=0.200)  DATA=7.346e-02 (w=0.000)
  [PT] w_u=1.3864 w_v=2.5008 gamma=0.746 (tau_u=7.213e-01 tau_v=3.999e-01 |Du|=5.70e-01 |DRu|=5.58e-01)
  [PT] w_u=1.5021 w_v=2.7011 gamma=0.749 (tau_u=6.657e-01 tau_v=3.702e-01 |Du|=4.34e-01 |DRu|=9.22e-01)
  [PT] w_u=1.6443 w_v=2.9533 gamma=0.741 (tau_u=6.082e-01 tau_v=3.386e-01 |Du|=2.56e-01 |DRu|=7.36e-01)
  [PT] w_u=1.7145 w_v=2.9643 gamma=0.744 (tau_u=5.833e-01 tau_v=3.374e-01 |Du|=3.67e-01 |DRu|=5.29e-01)
  [PT] w_u=1.8458 w_v=3.1921 gamma=0.747 (tau_u=5.418e-01 tau_v=3.133e-01 |Du|=5.67e-01 |DRu|=1.19e+00)
  [PT] w_u=1.9451 w_v=3.3626 gamma=0.744 (tau_u=5.141e-01 tau_v=2.974e-01 |Du|=6.06e-01 |DRu|=1.02e+00)
  [PT] w_u=2.1165 w_v=3.5956 gamma=0.745 (tau_u=4.725e-01 tau_v=2.781e-01 |Du|=2.76e-01 |DRu|=7.63e-01)
  [PT] w_u=2.2527 w_v=3.8301 gamma=0.742 (tau_u=4.439e-01 tau_v=2.611e-01 |Du|=2.77e-01 |DRu|=5.52e-01)
  [PT] w_u=2.3035 w_v=3.7241 gamma=0.747 (tau_u=4.341e-01 tau_v=2.685e-01 |Du|=4.49e-01 |DRu|=6.60e-01)
  [PT] w_u=2.3425 w_v=3.7592 gamma=0.749 (tau_u=4.269e-01 tau_v=2.660e-01 |Du|=5.42e-01 |DRu|=7.80e-01)
  [PT] w_u=2.4121 w_v=3.8601 gamma=0.743 (tau_u=4.146e-01 tau_v=2.591e-01 |Du|=4.84e-01 |DRu|=7.58e-01)
  [PT] w_u=2.4791 w_v=4.1550 gamma=0.737 (tau_u=4.034e-01 tau_v=2.407e-01 |Du|=3.42e-01 |DRu|=5.35e-01)
  [PT] w_u=1.9932 w_v=4.2572 gamma=0.750 (tau_u=5.017e-01 tau_v=2.349e-01 |Du|=6.99e-01 |DRu|=5.14e-01)
  [PT] w_u=2.1262 w_v=4.5560 gamma=0.756 (tau_u=4.703e-01 tau_v=2.195e-01 |Du|=6.81e-01 |DRu|=1.37e+00)
  [PT] w_u=2.3202 w_v=4.8885 gamma=0.756 (tau_u=4.310e-01 tau_v=2.046e-01 |Du|=6.71e-01 |DRu|=2.10e+00)
  [PT] w_u=2.5275 w_v=5.2961 gamma=0.748 (tau_u=3.956e-01 tau_v=1.888e-01 |Du|=7.04e-01 |DRu|=2.19e+00)
  [PT] w_u=2.7040 w_v=5.6916 gamma=0.745 (tau_u=3.698e-01 tau_v=1.757e-01 |Du|=9.04e-01 |DRu|=2.10e+00)
  [PT] w_u=2.6498 w_v=6.0549 gamma=0.740 (tau_u=3.774e-01 tau_v=1.652e-01 |Du|=9.94e-01 |DRu|=1.28e+00)
  [PT] w_u=2.0542 w_v=5.8160 gamma=0.737 (tau_u=4.868e-01 tau_v=1.719e-01 |Du|=7.89e-01 |DRu|=5.59e-01)
  [PT] w_u=2.2207 w_v=6.2192 gamma=0.742 (tau_u=4.503e-01 tau_v=1.608e-01 |Du|=4.94e-01 |DRu|=1.22e+00)
[Adam] ep= 1860  total=1.468e-03  PDE=1.467e-03 [colloc=1.152e-03, cfd=3.153e-04] (w=0.577)  IN=1.128e-03 (w=0.290)  TB=9.363e-04 (w=0.295)  WALL=8.097e-18 (w=0.200)  OUT=9.259e-05 (w=0.200)  DATA=7.323e-02 (w=0.000)
  [PT] w_u=2.4193 w_v=6.5871 gamma=0.733 (tau_u=4.133e-01 tau_v=1.518e-01 |Du|=4.14e-01 |DRu|=1.25e+00)
  [PT] w_u=2.5327 w_v=7.0550 gamma=0.745 (tau_u=3.948e-01 tau_v=1.417e-01 |Du|=8.01e-01 |DRu|=1.45e+00)
  [PT] w_u=2.6054 w_v=7.5115 gamma=0.749 (tau_u=3.838e-01 tau_v=1.331e-01 |Du|=1.36e+00 |DRu|=2.21e+00)
  [PT] w_u=2.6770 w_v=7.7972 gamma=0.753 (tau_u=3.736e-01 tau_v=1.283e-01 |Du|=1.59e+00 |DRu|=2.60e+00)
  [PT] w_u=2.9178 w_v=8.2681 gamma=0.768 (tau_u=3.427e-01 tau_v=1.209e-01 |Du|=9.41e-01 |DRu|=3.23e+00)
  [PT] w_u=3.1351 w_v=8.6752 gamma=0.770 (tau_u=3.190e-01 tau_v=1.153e-01 |Du|=1.32e+00 |DRu|=3.57e+00)
  [PT] w_u=3.3138 w_v=9.0963 gamma=0.789 (tau_u=3.018e-01 tau_v=1.099e-01 |Du|=2.05e+00 |DRu|=4.74e+00)
  [PT] w_u=3.5499 w_v=9.4415 gamma=0.879 (tau_u=2.817e-01 tau_v=1.059e-01 |Du|=3.01e+00 |DRu|=8.88e+00)
  [PT] w_u=3.7576 w_v=9.8169 gamma=0.765 (tau_u=2.661e-01 tau_v=1.019e-01 |Du|=3.29e+00 |DRu|=8.12e+00)
  [PT] w_u=3.9077 w_v=10.2140 gamma=0.752 (tau_u=2.559e-01 tau_v=9.791e-02 |Du|=1.97e+00 |DRu|=4.21e+00)
  [PT] w_u=4.1586 w_v=10.5509 gamma=0.733 (tau_u=2.405e-01 tau_v=9.478e-02 |Du|=1.20e+00 |DRu|=3.22e+00)
  [PT] w_u=3.5199 w_v=10.7803 gamma=0.771 (tau_u=2.841e-01 tau_v=9.276e-02 |Du|=3.32e+00 |DRu|=3.54e+00)
  [PT] w_u=3.4082 w_v=11.0888 gamma=0.838 (tau_u=2.934e-01 tau_v=9.018e-02 |Du|=4.24e+00 |DRu|=6.32e+00)
  [PT] w_u=3.5313 w_v=11.2652 gamma=0.876 (tau_u=2.832e-01 tau_v=8.877e-02 |Du|=4.57e+00 |DRu|=9.79e+00)
  [PT] w_u=3.7898 w_v=11.6382 gamma=0.791 (tau_u=2.639e-01 tau_v=8.592e-02 |Du|=2.36e+00 |DRu|=6.99e+00)
  [PT] w_u=2.4243 w_v=8.4091 gamma=0.792 (tau_u=4.125e-01 tau_v=1.189e-01 |Du|=3.69e+00 |DRu|=2.48e+00)
  [PT] w_u=2.2944 w_v=8.4946 gamma=0.841 (tau_u=4.359e-01 tau_v=1.177e-01 |Du|=4.90e+00 |DRu|=5.59e+00)
  [PT] w_u=2.2722 w_v=8.6833 gamma=0.782 (tau_u=4.401e-01 tau_v=1.152e-01 |Du|=4.81e+00 |DRu|=6.15e+00)
  [PT] w_u=2.4047 w_v=9.1168 gamma=0.835 (tau_u=4.159e-01 tau_v=1.097e-01 |Du|=3.30e+00 |DRu|=6.78e+00)
  [PT] w_u=2.6154 w_v=9.3727 gamma=0.820 (tau_u=3.824e-01 tau_v=1.067e-01 |Du|=2.56e+00 |DRu|=8.14e+00)
[Adam] ep= 1880  total=4.042e-03  PDE=2.870e-03 [colloc=2.390e-03, cfd=4.794e-04] (w=0.670)  IN=3.617e-03 (w=0.366)  TB=2.073e-03 (w=0.333)  WALL=9.787e-17 (w=0.200)  OUT=5.175e-04 (w=0.200)  DATA=8.365e-02 (w=0.000)
  [PT] w_u=2.6793 w_v=9.5989 gamma=0.824 (tau_u=3.732e-01 tau_v=1.042e-01 |Du|=4.36e+00 |DRu|=7.34e+00)
  [PT] w_u=2.6329 w_v=9.7573 gamma=0.862 (tau_u=3.798e-01 tau_v=1.025e-01 |Du|=5.69e+00 |DRu|=7.98e+00)
  [PT] w_u=2.3566 w_v=9.6335 gamma=0.816 (tau_u=4.243e-01 tau_v=1.038e-01 |Du|=6.17e+00 |DRu|=6.14e+00)
  [PT] w_u=2.5494 w_v=10.1536 gamma=0.861 (tau_u=3.923e-01 tau_v=9.849e-02 |Du|=2.32e+00 |DRu|=6.70e+00)
  [PT] w_u=2.6718 w_v=10.1424 gamma=0.876 (tau_u=3.743e-01 tau_v=9.860e-02 |Du|=4.41e+00 |DRu|=8.96e+00)
  [PT] w_u=2.1998 w_v=9.2843 gamma=0.852 (tau_u=4.546e-01 tau_v=1.077e-01 |Du|=7.35e+00 |DRu|=6.26e+00)
  [PT] w_u=2.0514 w_v=9.3439 gamma=0.901 (tau_u=4.875e-01 tau_v=1.070e-01 |Du|=7.34e+00 |DRu|=7.88e+00)
  [PT] w_u=2.1271 w_v=9.4859 gamma=0.800 (tau_u=4.701e-01 tau_v=1.054e-01 |Du|=4.74e+00 |DRu|=7.56e+00)
  [PT] w_u=2.1856 w_v=8.4130 gamma=0.826 (tau_u=4.575e-01 tau_v=1.189e-01 |Du|=2.74e+00 |DRu|=4.24e+00)
  [PT] w_u=1.5614 w_v=6.9975 gamma=0.869 (tau_u=6.405e-01 tau_v=1.429e-01 |Du|=7.77e+00 |DRu|=4.79e+00)
  [PT] w_u=1.5078 w_v=7.1253 gamma=0.940 (tau_u=6.632e-01 tau_v=1.403e-01 |Du|=8.66e+00 |DRu|=9.01e+00)
  [PT] w_u=1.4735 w_v=7.0804 gamma=0.878 (tau_u=6.786e-01 tau_v=1.412e-01 |Du|=5.99e+00 |DRu|=6.21e+00)
  [PT] w_u=1.5999 w_v=7.3113 gamma=0.927 (tau_u=6.250e-01 tau_v=1.368e-01 |Du|=4.56e+00 |DRu|=1.16e+01)
  [PT] w_u=1.5632 w_v=7.5172 gamma=0.918 (tau_u=6.397e-01 tau_v=1.330e-01 |Du|=6.04e+00 |DRu|=6.59e+00)
  [PT] w_u=1.5283 w_v=7.6606 gamma=0.908 (tau_u=6.543e-01 tau_v=1.305e-01 |Du|=8.31e+00 |DRu|=8.93e+00)
  [PT] w_u=1.4975 w_v=7.9195 gamma=0.877 (tau_u=6.678e-01 tau_v=1.263e-01 |Du|=6.69e+00 |DRu|=7.06e+00)
  [PT] w_u=1.6397 w_v=8.3522 gamma=0.943 (tau_u=6.099e-01 tau_v=1.197e-01 |Du|=2.77e+00 |DRu|=9.03e+00)
  [PT] w_u=1.7616 w_v=8.3495 gamma=0.893 (tau_u=5.677e-01 tau_v=1.198e-01 |Du|=3.12e+00 |DRu|=6.80e+00)
  [PT] w_u=1.8744 w_v=8.5405 gamma=0.974 (tau_u=5.335e-01 tau_v=1.171e-01 |Du|=6.98e+00 |DRu|=1.45e+01)
  [PT] w_u=1.4705 w_v=6.5125 gamma=0.982 (tau_u=6.800e-01 tau_v=1.536e-01 |Du|=6.71e+00 |DRu|=4.71e+00)
[Adam] ep= 1900  total=1.719e-02  PDE=1.439e-02 [colloc=1.206e-02, cfd=2.327e-03] (w=1.023)  IN=3.150e-03 (w=0.494)  TB=1.832e-03 (w=0.403)  WALL=5.535e-16 (w=0.200)  OUT=6.491e-04 (w=0.266)  DATA=8.288e-02 (w=0.000)
  [PT] w_u=1.5111 w_v=6.4432 gamma=0.935 (tau_u=6.618e-01 tau_v=1.552e-01 |Du|=7.64e+00 |DRu|=1.05e+01)
  [PT] w_u=1.6454 w_v=6.7507 gamma=0.898 (tau_u=6.078e-01 tau_v=1.481e-01 |Du|=2.68e+00 |DRu|=7.27e+00)
  [PT] w_u=1.6062 w_v=6.7949 gamma=0.911 (tau_u=6.226e-01 tau_v=1.472e-01 |Du|=8.99e+00 |DRu|=9.87e+00)
  [PT] w_u=1.6020 w_v=6.9115 gamma=0.934 (tau_u=6.242e-01 tau_v=1.447e-01 |Du|=8.05e+00 |DRu|=9.74e+00)
  [PT] w_u=1.6537 w_v=7.2324 gamma=0.988 (tau_u=6.047e-01 tau_v=1.383e-01 |Du|=8.35e+00 |DRu|=1.27e+01)
  [PT] w_u=1.5906 w_v=7.4320 gamma=0.985 (tau_u=6.287e-01 tau_v=1.346e-01 |Du|=5.31e+00 |DRu|=5.74e+00)
  [PT] w_u=1.7299 w_v=7.6647 gamma=0.943 (tau_u=5.781e-01 tau_v=1.305e-01 |Du|=4.43e+00 |DRu|=1.23e+01)
  [PT] w_u=1.7507 w_v=7.1603 gamma=0.965 (tau_u=5.712e-01 tau_v=1.397e-01 |Du|=7.29e+00 |DRu|=1.00e+01)
  [PT] w_u=1.4046 w_v=6.6545 gamma=0.946 (tau_u=7.119e-01 tau_v=1.503e-01 |Du|=9.27e+00 |DRu|=6.41e+00)
  [PT] w_u=1.3921 w_v=6.8797 gamma=0.956 (tau_u=7.183e-01 tau_v=1.454e-01 |Du|=1.19e+01 |DRu|=1.32e+01)
  [PT] w_u=1.1706 w_v=5.7076 gamma=0.979 (tau_u=8.543e-01 tau_v=1.752e-01 |Du|=1.03e+01 |DRu|=7.10e+00)
  [PT] w_u=1.2328 w_v=5.4899 gamma=0.963 (tau_u=8.112e-01 tau_v=1.822e-01 |Du|=7.27e+00 |DRu|=1.10e+01)
  [PT] w_u=1.3061 w_v=5.8046 gamma=0.991 (tau_u=7.656e-01 tau_v=1.723e-01 |Du|=9.68e+00 |DRu|=1.62e+01)
  [PT] w_u=1.1714 w_v=5.9349 gamma=0.997 (tau_u=8.537e-01 tau_v=1.685e-01 |Du|=9.77e+00 |DRu|=7.60e+00)
  [PT] w_u=1.1851 w_v=6.0272 gamma=0.974 (tau_u=8.438e-01 tau_v=1.659e-01 |Du|=9.25e+00 |DRu|=1.05e+01)
  [PT] w_u=1.2746 w_v=6.2316 gamma=0.975 (tau_u=7.846e-01 tau_v=1.605e-01 |Du|=8.13e+00 |DRu|=1.60e+01)
  [PT] w_u=1.3484 w_v=6.1093 gamma=0.983 (tau_u=7.416e-01 tau_v=1.637e-01 |Du|=4.99e+00 |DRu|=8.31e+00)
  [PT] w_u=1.4645 w_v=6.1625 gamma=0.952 (tau_u=6.828e-01 tau_v=1.623e-01 |Du|=3.50e+00 |DRu|=8.71e+00)
  [PT] w_u=1.6010 w_v=6.4894 gamma=0.931 (tau_u=6.246e-01 tau_v=1.541e-01 |Du|=3.81e+00 |DRu|=1.16e+01)
  [PT] w_u=1.6170 w_v=6.1231 gamma=0.937 (tau_u=6.184e-01 tau_v=1.633e-01 |Du|=4.61e+00 |DRu|=5.94e+00)
[Adam] ep= 1920  total=2.369e-02  PDE=9.466e-03 [colloc=6.381e-03, cfd=3.085e-03] (w=1.353)  IN=1.268e-02 (w=0.678)  TB=4.023e-03 (w=0.446)  WALL=8.615e-17 (w=0.200)  OUT=1.349e-03 (w=0.369)  DATA=1.039e-01 (w=0.000)
  [PT] w_u=1.6374 w_v=6.2278 gamma=0.892 (tau_u=6.107e-01 tau_v=1.606e-01 |Du|=5.59e+00 |DRu|=7.18e+00)
  [PT] w_u=1.6407 w_v=6.5422 gamma=0.948 (tau_u=6.095e-01 tau_v=1.529e-01 |Du|=1.00e+01 |DRu|=1.26e+01)
  [PT] w_u=1.0630 w_v=6.3458 gamma=0.966 (tau_u=9.407e-01 tau_v=1.576e-01 |Du|=9.63e+00 |DRu|=4.78e+00)
  [PT] w_u=1.1528 w_v=6.8263 gamma=0.942 (tau_u=8.675e-01 tau_v=1.465e-01 |Du|=7.04e+00 |DRu|=1.50e+01)
  [PT] w_u=1.2470 w_v=6.6592 gamma=0.945 (tau_u=8.019e-01 tau_v=1.502e-01 |Du|=3.47e+00 |DRu|=7.32e+00)
  [PT] w_u=1.3299 w_v=6.8326 gamma=0.967 (tau_u=7.519e-01 tau_v=1.464e-01 |Du|=7.60e+00 |DRu|=1.36e+01)
  [PT] w_u=1.2536 w_v=7.2660 gamma=0.955 (tau_u=7.977e-01 tau_v=1.376e-01 |Du|=8.02e+00 |DRu|=7.12e+00)
  [PT] w_u=1.3173 w_v=5.8938 gamma=0.948 (tau_u=7.591e-01 tau_v=1.697e-01 |Du|=8.18e+00 |DRu|=1.24e+01)
  [PT] w_u=1.2857 w_v=5.2833 gamma=0.900 (tau_u=7.778e-01 tau_v=1.893e-01 |Du|=7.80e+00 |DRu|=7.61e+00)
  [PT] w_u=1.4036 w_v=5.3509 gamma=0.901 (tau_u=7.125e-01 tau_v=1.869e-01 |Du|=3.91e+00 |DRu|=1.05e+01)
  [PT] w_u=1.5221 w_v=5.6091 gamma=0.885 (tau_u=6.570e-01 tau_v=1.783e-01 |Du|=3.10e+00 |DRu|=7.35e+00)
  [PT] w_u=1.6623 w_v=4.9505 gamma=0.935 (tau_u=6.016e-01 tau_v=2.020e-01 |Du|=4.09e+00 |DRu|=1.23e+01)
  [PT] w_u=1.7207 w_v=4.1619 gamma=0.929 (tau_u=5.812e-01 tau_v=2.403e-01 |Du|=3.55e+00 |DRu|=5.43e+00)
  [PT] w_u=1.8956 w_v=4.5805 gamma=0.932 (tau_u=5.275e-01 tau_v=2.183e-01 |Du|=3.00e+00 |DRu|=1.37e+01)
  [PT] w_u=1.9292 w_v=4.8934 gamma=0.960 (tau_u=5.183e-01 tau_v=2.044e-01 |Du|=5.37e+00 |DRu|=7.96e+00)
  [PT] w_u=2.0474 w_v=5.2952 gamma=0.965 (tau_u=4.884e-01 tau_v=1.889e-01 |Du|=5.75e+00 |DRu|=1.21e+01)
  [PT] w_u=2.2642 w_v=5.8241 gamma=0.981 (tau_u=4.417e-01 tau_v=1.717e-01 |Du|=2.00e+00 |DRu|=1.37e+01)
  [PT] w_u=2.4232 w_v=6.0478 gamma=0.969 (tau_u=4.127e-01 tau_v=1.653e-01 |Du|=3.89e+00 |DRu|=9.84e+00)
  [PT] w_u=2.5870 w_v=6.3993 gamma=0.978 (tau_u=3.866e-01 tau_v=1.563e-01 |Du|=6.19e+00 |DRu|=1.57e+01)
  [PT] w_u=2.8122 w_v=6.2944 gamma=0.987 (tau_u=3.556e-01 tau_v=1.589e-01 |Du|=3.46e+00 |DRu|=1.24e+01)
[Adam] ep= 1940  total=2.652e-02  PDE=1.495e-02 [colloc=1.308e-02, cfd=1.868e-03] (w=1.278)  IN=6.640e-03 (w=0.588)  TB=5.241e-03 (w=0.518)  WALL=5.605e-16 (w=0.200)  OUT=1.483e-03 (w=0.531)  DATA=9.636e-02 (w=0.000)
  [PT] w_u=2.8893 w_v=5.7637 gamma=0.974 (tau_u=3.461e-01 tau_v=1.735e-01 |Du|=4.24e+00 |DRu|=8.19e+00)
  [PT] w_u=2.9959 w_v=5.5943 gamma=0.923 (tau_u=3.338e-01 tau_v=1.788e-01 |Du|=5.27e+00 |DRu|=1.07e+01)
  [PT] w_u=3.2540 w_v=5.8133 gamma=0.970 (tau_u=3.073e-01 tau_v=1.720e-01 |Du|=4.71e+00 |DRu|=1.76e+01)
  [PT] w_u=3.4537 w_v=6.2401 gamma=0.994 (tau_u=2.895e-01 tau_v=1.603e-01 |Du|=3.39e+00 |DRu|=9.38e+00)
  [PT] w_u=2.8758 w_v=6.3722 gamma=0.992 (tau_u=3.477e-01 tau_v=1.569e-01 |Du|=5.18e+00 |DRu|=5.53e+00)
  [PT] w_u=2.7889 w_v=6.5568 gamma=0.965 (tau_u=3.586e-01 tau_v=1.525e-01 |Du|=7.13e+00 |DRu|=1.04e+01)
  [PT] w_u=2.8669 w_v=6.9688 gamma=0.975 (tau_u=3.488e-01 tau_v=1.435e-01 |Du|=7.82e+00 |DRu|=1.51e+01)
  [PT] w_u=2.6097 w_v=7.0175 gamma=0.989 (tau_u=3.832e-01 tau_v=1.425e-01 |Du|=7.43e+00 |DRu|=8.88e+00)
  [PT] w_u=2.5145 w_v=7.0749 gamma=0.981 (tau_u=3.977e-01 tau_v=1.413e-01 |Du|=7.10e+00 |DRu|=9.68e+00)
  [PT] w_u=2.6661 w_v=7.1665 gamma=0.982 (tau_u=3.751e-01 tau_v=1.395e-01 |Du|=4.28e+00 |DRu|=1.02e+01)
  [PT] w_u=2.7500 w_v=6.4355 gamma=0.960 (tau_u=3.636e-01 tau_v=1.554e-01 |Du|=4.29e+00 |DRu|=8.23e+00)
  [PT] w_u=2.5090 w_v=6.4299 gamma=0.925 (tau_u=3.986e-01 tau_v=1.555e-01 |Du|=1.07e+01 |DRu|=1.21e+01)
  [PT] w_u=1.4182 w_v=6.3203 gamma=0.959 (tau_u=7.051e-01 tau_v=1.582e-01 |Du|=1.74e+01 |DRu|=9.13e+00)
  [PT] w_u=1.1430 w_v=5.9191 gamma=0.948 (tau_u=8.749e-01 tau_v=1.689e-01 |Du|=1.62e+01 |DRu|=1.02e+01)
  [PT] w_u=1.1932 w_v=5.2720 gamma=0.979 (tau_u=8.381e-01 tau_v=1.897e-01 |Du|=1.22e+01 |DRu|=1.70e+01)
  [PT] w_u=1.2145 w_v=5.2038 gamma=0.989 (tau_u=8.234e-01 tau_v=1.922e-01 |Du|=8.35e+00 |DRu|=9.99e+00)
  [PT] w_u=1.3432 w_v=5.6513 gamma=0.997 (tau_u=7.445e-01 tau_v=1.770e-01 |Du|=3.75e+00 |DRu|=2.01e+01)
  [PT] w_u=1.4262 w_v=5.8109 gamma=0.998 (tau_u=7.012e-01 tau_v=1.721e-01 |Du|=6.79e+00 |DRu|=1.22e+01)
  [PT] w_u=1.4415 w_v=6.1498 gamma=0.988 (tau_u=6.937e-01 tau_v=1.626e-01 |Du|=1.11e+01 |DRu|=1.39e+01)
  [PT] w_u=1.4879 w_v=6.5591 gamma=0.994 (tau_u=6.721e-01 tau_v=1.525e-01 |Du|=1.28e+01 |DRu|=1.85e+01)
[Adam] ep= 1960  total=4.443e-02  PDE=2.088e-02 [colloc=1.646e-02, cfd=4.416e-03] (w=1.432)  IN=8.726e-03 (w=0.901)  TB=1.022e-02 (w=0.643)  WALL=2.436e-16 (w=0.200)  OUT=2.506e-04 (w=0.434)  DATA=8.212e-02 (w=0.000)
  [PT] w_u=1.2991 w_v=6.7412 gamma=0.995 (tau_u=7.698e-01 tau_v=1.483e-01 |Du|=9.19e+00 |DRu|=7.14e+00)
  [PT] w_u=1.2718 w_v=7.0083 gamma=0.954 (tau_u=7.863e-01 tau_v=1.427e-01 |Du|=7.25e+00 |DRu|=7.32e+00)
  [PT] w_u=1.3833 w_v=7.2804 gamma=0.862 (tau_u=7.229e-01 tau_v=1.374e-01 |Du|=5.38e+00 |DRu|=1.28e+01)
  [PT] w_u=1.4399 w_v=6.6772 gamma=0.928 (tau_u=6.945e-01 tau_v=1.498e-01 |Du|=6.28e+00 |DRu|=9.13e+00)
  [PT] w_u=1.2527 w_v=5.9809 gamma=0.939 (tau_u=7.983e-01 tau_v=1.672e-01 |Du|=7.74e+00 |DRu|=5.70e+00)
  [PT] w_u=1.3431 w_v=6.4190 gamma=0.970 (tau_u=7.446e-01 tau_v=1.558e-01 |Du|=7.51e+00 |DRu|=1.45e+01)
  [PT] w_u=1.4071 w_v=6.1863 gamma=0.990 (tau_u=7.107e-01 tau_v=1.616e-01 |Du|=4.44e+00 |DRu|=6.93e+00)
  [PT] w_u=1.5137 w_v=6.4001 gamma=0.974 (tau_u=6.607e-01 tau_v=1.562e-01 |Du|=3.49e+00 |DRu|=7.51e+00)
  [PT] w_u=1.6597 w_v=6.9382 gamma=0.983 (tau_u=6.025e-01 tau_v=1.441e-01 |Du|=4.82e+00 |DRu|=1.70e+01)
  [PT] w_u=1.7781 w_v=7.3881 gamma=0.995 (tau_u=5.624e-01 tau_v=1.354e-01 |Du|=4.26e+00 |DRu|=9.47e+00)
  [PT] w_u=1.8406 w_v=7.4838 gamma=0.989 (tau_u=5.433e-01 tau_v=1.336e-01 |Du|=4.68e+00 |DRu|=7.64e+00)
  [PT] w_u=1.9817 w_v=7.7981 gamma=0.981 (tau_u=5.046e-01 tau_v=1.282e-01 |Du|=5.10e+00 |DRu|=1.28e+01)
  [PT] w_u=2.1769 w_v=8.2645 gamma=0.996 (tau_u=4.594e-01 tau_v=1.210e-01 |Du|=3.51e+00 |DRu|=1.54e+01)
  [PT] w_u=2.3831 w_v=8.7874 gamma=1.000 (tau_u=4.196e-01 tau_v=1.138e-01 |Du|=2.41e+00 |DRu|=9.69e+00)
  [PT] w_u=2.5445 w_v=9.1557 gamma=0.996 (tau_u=3.930e-01 tau_v=1.092e-01 |Du|=3.21e+00 |DRu|=8.17e+00)
  [PT] w_u=2.7123 w_v=9.4896 gamma=0.974 (tau_u=3.687e-01 tau_v=1.054e-01 |Du|=4.38e+00 |DRu|=1.12e+01)
  [PT] w_u=2.9361 w_v=9.7042 gamma=0.950 (tau_u=3.406e-01 tau_v=1.030e-01 |Du|=3.89e+00 |DRu|=1.28e+01)
  [PT] w_u=3.2079 w_v=10.1518 gamma=0.959 (tau_u=3.117e-01 tau_v=9.850e-02 |Du|=3.04e+00 |DRu|=1.31e+01)
  [PT] w_u=3.2956 w_v=10.2120 gamma=0.979 (tau_u=3.034e-01 tau_v=9.792e-02 |Du|=4.77e+00 |DRu|=9.88e+00)
  [PT] w_u=2.4412 w_v=8.6656 gamma=0.975 (tau_u=4.096e-01 tau_v=1.154e-01 |Du|=5.79e+00 |DRu|=4.89e+00)
[Adam] ep= 1980  total=4.777e-02  PDE=2.246e-02 [colloc=1.335e-02, cfd=9.103e-03] (w=1.361)  IN=1.286e-02 (w=0.691)  TB=1.163e-02 (w=0.700)  WALL=1.509e-16 (w=0.200)  OUT=6.198e-04 (w=0.288)  DATA=1.338e-01 (w=0.000)
  [PT] w_u=2.5278 w_v=8.4321 gamma=0.879 (tau_u=3.956e-01 tau_v=1.186e-01 |Du|=5.80e+00 |DRu|=1.05e+01)
  [PT] w_u=2.7392 w_v=9.0041 gamma=0.969 (tau_u=3.651e-01 tau_v=1.111e-01 |Du|=6.44e+00 |DRu|=2.11e+01)
  [PT] w_u=2.8778 w_v=9.1307 gamma=0.998 (tau_u=3.475e-01 tau_v=1.095e-01 |Du|=4.22e+00 |DRu|=9.70e+00)
  [PT] w_u=2.7850 w_v=7.0137 gamma=0.996 (tau_u=3.591e-01 tau_v=1.426e-01 |Du|=2.28e+00 |DRu|=3.34e+00)
  [PT] w_u=3.0531 w_v=7.4331 gamma=0.933 (tau_u=3.275e-01 tau_v=1.345e-01 |Du|=3.02e+00 |DRu|=1.39e+01)
  [PT] w_u=3.3412 w_v=8.0599 gamma=0.969 (tau_u=2.993e-01 tau_v=1.241e-01 |Du|=4.69e+00 |DRu|=2.17e+01)
  [PT] w_u=3.3342 w_v=8.6622 gamma=0.998 (tau_u=2.999e-01 tau_v=1.154e-01 |Du|=5.66e+00 |DRu|=1.02e+01)
  [PT] w_u=2.5824 w_v=8.6338 gamma=0.997 (tau_u=3.872e-01 tau_v=1.158e-01 |Du|=7.85e+00 |DRu|=7.24e+00)
  [PT] w_u=2.4634 w_v=8.9306 gamma=0.985 (tau_u=4.060e-01 tau_v=1.120e-01 |Du|=9.10e+00 |DRu|=1.19e+01)
  [PT] w_u=2.5028 w_v=9.2686 gamma=0.961 (tau_u=3.996e-01 tau_v=1.079e-01 |Du|=7.04e+00 |DRu|=1.18e+01)
  [PT] w_u=2.7159 w_v=9.6925 gamma=0.933 (tau_u=3.682e-01 tau_v=1.032e-01 |Du|=3.50e+00 |DRu|=1.15e+01)
  [PT] w_u=2.9035 w_v=9.7846 gamma=0.966 (tau_u=3.444e-01 tau_v=1.022e-01 |Du|=3.72e+00 |DRu|=1.01e+01)
  [PT] w_u=1.8344 w_v=8.9824 gamma=0.972 (tau_u=5.451e-01 tau_v=1.113e-01 |Du|=6.45e+00 |DRu|=4.15e+00)
  [PT] w_u=1.6502 w_v=8.2188 gamma=0.917 (tau_u=6.060e-01 tau_v=1.217e-01 |Du|=9.49e+00 |DRu|=8.46e+00)
  [PT] w_u=1.6291 w_v=7.0900 gamma=0.967 (tau_u=6.138e-01 tau_v=1.410e-01 |Du|=1.36e+01 |DRu|=1.61e+01)
  [PT] w_u=1.4833 w_v=5.9808 gamma=0.995 (tau_u=6.742e-01 tau_v=1.672e-01 |Du|=9.50e+00 |DRu|=8.59e+00)
  [PT] w_u=1.5532 w_v=5.8548 gamma=0.988 (tau_u=6.439e-01 tau_v=1.708e-01 |Du|=3.94e+00 |DRu|=6.42e+00)
  [PT] w_u=1.7024 w_v=5.7995 gamma=0.959 (tau_u=5.874e-01 tau_v=1.724e-01 |Du|=4.98e+00 |DRu|=1.73e+01)
  [PT] w_u=1.7392 w_v=5.6147 gamma=0.992 (tau_u=5.750e-01 tau_v=1.781e-01 |Du|=1.06e+01 |DRu|=1.55e+01)
  [PT] w_u=1.2815 w_v=4.9605 gamma=0.994 (tau_u=7.803e-01 tau_v=2.016e-01 |Du|=9.53e+00 |DRu|=5.86e+00)
[Adam] ep= 2000  total=4.516e-02  PDE=2.434e-02 [colloc=1.903e-02, cfd=5.312e-03] (w=1.401)  IN=6.379e-03 (w=0.771)  TB=8.765e-03 (w=0.680)  WALL=6.799e-16 (w=0.200)  OUT=6.820e-04 (w=0.255)  DATA=1.064e-01 (w=0.000)
============================================================
Phase 2 — BFGS (6000 total calls, 150 iters/batch)
Adaptive weights are frozen for BFGS stability | method=SSBroyden1
============================================================
[BFGS] full data fitting: 4869 CFD points pinned per call
[BFGS] using CUSTOM _optimize._minimize_bfgs (method_bfgs='SSBroyden1')
/oscar/home/jchen790/cylinder flow lab/src/cfp40.py:1342: OptimizeWarning: Unknown solver options: hess, hessp, bounds, constraints, tol
  result = minimize(
Invoked: SSBroyden1 approach!
[BFGS] batch=   1  call=     3  total=3.067e-02  PDE=1.369e-02 [colloc=1.074e-02, cfd=2.955e-03]  WALL=2.675e-16  DATA=1.280e-01
Invoked: SSBroyden1 approach!
[BFGS] batch=   1  call=     5  total=2.400e-02  PDE=8.968e-03 [colloc=7.487e-03, cfd=1.481e-03]  WALL=3.042e-16  DATA=1.273e-01
Invoked: SSBroyden1 approach!
[BFGS] batch=   1  call=     7  total=2.200e-02  PDE=8.075e-03 [colloc=6.703e-03, cfd=1.372e-03]  WALL=2.480e-16  DATA=1.255e-01
Invoked: SSBroyden1 approach!
[BFGS] batch=   1  call=     8  total=2.150e-02  PDE=8.386e-03 [colloc=7.222e-03, cfd=1.164e-03]  WALL=2.172e-16  DATA=1.232e-01
Invoked: SSBroyden1 approach!
[BFGS] batch=   1  call=     9  total=2.094e-02  PDE=7.866e-03 [colloc=6.776e-03, cfd=1.090e-03]  WALL=2.040e-16  DATA=1.230e-01
Invoked: SSBroyden1 approach!
[BFGS] batch=   1  call=    10  total=1.989e-02  PDE=7.687e-03 [colloc=6.676e-03, cfd=1.011e-03]  WALL=1.910e-16  DATA=1.208e-01
Invoked: SSBroyden1 approach!
[BFGS] batch=   1  call=    11  total=1.853e-02  PDE=6.939e-03 [colloc=6.025e-03, cfd=9.146e-04]  WALL=1.456e-16  DATA=1.227e-01
Invoked: SSBroyden1 approach!
[BFGS] batch=   1  call=    12  total=1.733e-02  PDE=6.542e-03 [colloc=5.672e-03, cfd=8.700e-04]  WALL=8.392e-17  DATA=1.223e-01
Invoked: SSBroyden1 approach!
[BFGS] batch=   1  call=    14  total=1.688e-02  PDE=6.183e-03 [colloc=5.311e-03, cfd=8.712e-04]  WALL=6.837e-17  DATA=1.223e-01
Invoked: SSBroyden1 approach!
[BFGS] batch=   1  call=    15  total=1.630e-02  PDE=6.148e-03 [colloc=5.267e-03, cfd=8.818e-04]  WALL=6.977e-17  DATA=1.214e-01
Invoked: SSBroyden1 approach!
[BFGS] batch=   1  call=    16  total=1.540e-02  PDE=5.776e-03 [colloc=4.842e-03, cfd=9.344e-04]  WALL=8.034e-17  DATA=1.209e-01
Invoked: SSBroyden1 approach!
[BFGS] batch=   1  call=    18  total=1.502e-02  PDE=5.508e-03 [colloc=4.588e-03, cfd=9.204e-04]  WALL=9.911e-17  DATA=1.206e-01
Invoked: SSBroyden1 approach!
[BFGS] batch=   1  call=    19  total=1.481e-02  PDE=5.216e-03 [colloc=4.425e-03, cfd=7.913e-04]  WALL=8.870e-17  DATA=1.202e-01
Invoked: SSBroyden1 approach!
[BFGS] batch=   1  call=    20  total=1.451e-02  PDE=5.025e-03 [colloc=4.244e-03, cfd=7.810e-04]  WALL=8.922e-17  DATA=1.202e-01
Invoked: SSBroyden1 approach!
[BFGS] batch=   1  call=    21  total=1.402e-02  PDE=4.832e-03 [colloc=4.040e-03, cfd=7.913e-04]  WALL=9.781e-17  DATA=1.197e-01
Invoked: SSBroyden1 approach!
[BFGS] batch=   1  call=    23  total=1.397e-02  PDE=4.708e-03 [colloc=3.919e-03, cfd=7.892e-04]  WALL=1.027e-16  DATA=1.194e-01
Invoked: SSBroyden1 approach!
[BFGS] batch=   1  call=    24  total=1.384e-02  PDE=4.659e-03 [colloc=3.866e-03, cfd=7.931e-04]  WALL=1.017e-16  DATA=1.195e-01
Invoked: SSBroyden1 approach!
[BFGS] batch=   1  call=    25  total=1.348e-02  PDE=4.567e-03 [colloc=3.735e-03, cfd=8.325e-04]  WALL=1.002e-16  DATA=1.193e-01
Invoked: SSBroyden1 approach!
[BFGS] batch=   1  call=    26  total=1.317e-02  PDE=4.290e-03 [colloc=3.462e-03, cfd=8.283e-04]  WALL=9.841e-17  DATA=1.195e-01
Invoked: SSBroyden1 approach!
[BFGS] batch=   1  call=    27  total=1.282e-02  PDE=4.330e-03 [colloc=3.414e-03, cfd=9.162e-04]  WALL=1.169e-16  DATA=1.194e-01
Invoked: SSBroyden1 approach!
[BFGS] batch=   1  call=    29  total=1.271e-02  PDE=4.273e-03 [colloc=3.336e-03, cfd=9.365e-04]  WALL=9.988e-17  DATA=1.192e-01
Invoked: SSBroyden1 approach!
[BFGS] batch=   1  call=    30  total=1.259e-02  PDE=4.222e-03 [colloc=3.267e-03, cfd=9.545e-04]  WALL=9.831e-17  DATA=1.192e-01
Invoked: SSBroyden1 approach!
[BFGS] batch=   1  call=    31  total=1.235e-02  PDE=4.179e-03 [colloc=3.213e-03, cfd=9.664e-04]  WALL=8.805e-17  DATA=1.188e-01
Invoked: SSBroyden1 approach!
[BFGS] batch=   1  call=    32  total=1.221e-02  PDE=4.189e-03 [colloc=3.247e-03, cfd=9.422e-04]  WALL=7.967e-17  DATA=1.182e-01
Invoked: SSBroyden1 approach!
[BFGS] batch=   1  call=    33  total=1.208e-02  PDE=4.112e-03 [colloc=3.207e-03, cfd=9.052e-04]  WALL=7.517e-17  DATA=1.184e-01
Invoked: SSBroyden1 approach!
[BFGS] batch=   1  call=    34  total=1.202e-02  PDE=4.036e-03 [colloc=3.140e-03, cfd=8.962e-04]  WALL=8.053e-17  DATA=1.187e-01
Invoked: SSBroyden1 approach!
[BFGS] batch=   1  call=    35  total=1.171e-02  PDE=4.008e-03 [colloc=3.097e-03, cfd=9.111e-04]  WALL=8.005e-17  DATA=1.189e-01
Invoked: SSBroyden1 approach!
[BFGS] batch=   1  call=    45  total=1.159e-02  PDE=4.085e-03 [colloc=3.172e-03, cfd=9.134e-04]  WALL=9.759e-17  DATA=1.197e-01
Invoked: SSBroyden1 approach!
[BFGS] batch=   1  call=    46  total=1.138e-02  PDE=4.026e-03 [colloc=3.125e-03, cfd=9.011e-04]  WALL=9.547e-17  DATA=1.202e-01
Invoked: SSBroyden1 approach!
[BFGS] batch=   1  call=    47  total=1.132e-02  PDE=3.992e-03 [colloc=3.099e-03, cfd=8.925e-04]  WALL=9.421e-17  DATA=1.213e-01
  [PT] w_u=1.4096 w_v=5.3623 gamma=0.940 (tau_u=7.094e-01 tau_v=1.865e-01 |Du|=4.48e+00 |DRu|=1.62e+01)
[BFGS-END] batch=   1  last_total=1.131e-02  last_PDE=3.989e-03 [colloc=3.097e-03, cfd=8.919e-04]  last_WALL=9.396e-17  last_DATA=1.213e-01
/oscar/home/jchen790/cylinder flow lab/src/cfp40.py:1342: OptimizeWarning: Unknown solver options: hess, hessp, bounds, constraints, tol
  result = minimize(
Invoked: SSBroyden1 approach!
[BFGS] batch=   2  call=    71  total=1.462e-02  PDE=6.383e-03 [colloc=5.321e-03, cfd=1.063e-03]  WALL=5.694e-17  DATA=1.187e-01
Invoked: SSBroyden1 approach!
[BFGS] batch=   2  call=    72  total=1.234e-02  PDE=4.916e-03 [colloc=3.774e-03, cfd=1.141e-03]  WALL=2.936e-17  DATA=1.169e-01
Invoked: SSBroyden1 approach!
[BFGS] batch=   2  call=    73  total=1.099e-02  PDE=4.148e-03 [colloc=3.309e-03, cfd=8.390e-04]  WALL=2.061e-17  DATA=1.168e-01
Invoked: SSBroyden1 approach!
[BFGS] batch=   2  call=    74  total=1.053e-02  PDE=3.923e-03 [colloc=3.002e-03, cfd=9.211e-04]  WALL=1.241e-17  DATA=1.188e-01
Invoked: SSBroyden1 approach!
[BFGS] batch=   2  call=    75  total=9.995e-03  PDE=3.537e-03 [colloc=2.725e-03, cfd=8.121e-04]  WALL=1.149e-17  DATA=1.188e-01
Invoked: SSBroyden1 approach!
[BFGS] batch=   2  call=    76  total=9.560e-03  PDE=3.233e-03 [colloc=2.453e-03, cfd=7.803e-04]  WALL=1.341e-17  DATA=1.188e-01
Invoked: SSBroyden1 approach!
[BFGS] batch=   2  call=    77  total=9.029e-03  PDE=2.818e-03 [colloc=2.130e-03, cfd=6.880e-04]  WALL=1.556e-17  DATA=1.184e-01
Invoked: SSBroyden1 approach!
[BFGS] batch=   2  call=    78  total=8.577e-03  PDE=2.535e-03 [colloc=1.899e-03, cfd=6.362e-04]  WALL=1.986e-17  DATA=1.191e-01
Invoked: SSBroyden1 approach!
[BFGS] batch=   2  call=    79  total=8.366e-03  PDE=2.449e-03 [colloc=1.786e-03, cfd=6.630e-04]  WALL=2.666e-17  DATA=1.181e-01
Invoked: SSBroyden1 approach!
[BFGS] batch=   2  call=    80  total=8.309e-03  PDE=2.402e-03 [colloc=1.745e-03, cfd=6.569e-04]  WALL=3.266e-17  DATA=1.180e-01
Invoked: SSBroyden1 approach!
[BFGS] batch=   2  call=    81  total=8.121e-03  PDE=2.368e-03 [colloc=1.718e-03, cfd=6.505e-04]  WALL=3.109e-17  DATA=1.181e-01
Invoked: SSBroyden1 approach!
[BFGS] batch=   2  call=    82  total=8.040e-03  PDE=2.318e-03 [colloc=1.661e-03, cfd=6.570e-04]  WALL=3.056e-17  DATA=1.181e-01
Invoked: SSBroyden1 approach!
[BFGS] batch=   2  call=    83  total=7.818e-03  PDE=2.281e-03 [colloc=1.653e-03, cfd=6.277e-04]  WALL=2.802e-17  DATA=1.184e-01
Invoked: SSBroyden1 approach!
[BFGS] batch=   2  call=    84  total=7.761e-03  PDE=2.319e-03 [colloc=1.696e-03, cfd=6.230e-04]  WALL=2.830e-17  DATA=1.175e-01
Invoked: SSBroyden1 approach!
[BFGS] batch=   2  call=    85  total=7.631e-03  PDE=2.255e-03 [colloc=1.655e-03, cfd=6.001e-04]  WALL=2.581e-17  DATA=1.180e-01
Invoked: SSBroyden1 approach!
[BFGS] batch=   2  call=    86  total=7.433e-03  PDE=2.165e-03 [colloc=1.618e-03, cfd=5.472e-04]  WALL=2.684e-17  DATA=1.193e-01
Invoked: SSBroyden1 approach!
[BFGS] batch=   2  call=    89  total=7.337e-03  PDE=2.159e-03 [colloc=1.615e-03, cfd=5.443e-04]  WALL=2.625e-17  DATA=1.193e-01
  [PT] w_u=1.5285 w_v=5.8547 gamma=0.836 (tau_u=6.542e-01 tau_v=1.708e-01 |Du|=2.32e+00 |DRu|=5.35e+00)
[BFGS-END] batch=   2  last_total=7.488e-03  last_PDE=2.159e-03 [colloc=1.615e-03, cfd=5.443e-04]  last_WALL=2.624e-17  last_DATA=1.193e-01
/oscar/home/jchen790/cylinder flow lab/src/cfp40.py:1342: OptimizeWarning: Unknown solver options: hess, hessp, bounds, constraints, tol
  result = minimize(
Invoked: SSBroyden1 approach!
[BFGS] batch=   3  call=   110  total=7.464e-03  PDE=2.347e-03 [colloc=1.691e-03, cfd=6.558e-04]  WALL=1.291e-17  DATA=1.181e-01
Invoked: SSBroyden1 approach!
[BFGS] batch=   3  call=   112  total=7.040e-03  PDE=2.198e-03 [colloc=1.603e-03, cfd=5.941e-04]  WALL=1.062e-17  DATA=1.179e-01
Invoked: SSBroyden1 approach!
[BFGS] batch=   3  call=   114  total=6.774e-03  PDE=2.096e-03 [colloc=1.561e-03, cfd=5.352e-04]  WALL=1.161e-17  DATA=1.179e-01
Invoked: SSBroyden1 approach!
[BFGS] batch=   3  call=   116  total=6.585e-03  PDE=2.044e-03 [colloc=1.523e-03, cfd=5.209e-04]  WALL=1.388e-17  DATA=1.180e-01
Invoked: SSBroyden1 approach!
[BFGS] batch=   3  call=   117  total=6.505e-03  PDE=1.918e-03 [colloc=1.427e-03, cfd=4.913e-04]  WALL=1.181e-17  DATA=1.184e-01
Invoked: SSBroyden1 approach!
[BFGS] batch=   3  call=   118  total=6.325e-03  PDE=1.847e-03 [colloc=1.380e-03, cfd=4.670e-04]  WALL=1.305e-17  DATA=1.186e-01
Invoked: SSBroyden1 approach!
[BFGS] batch=   3  call=   119  total=6.170e-03  PDE=1.777e-03 [colloc=1.350e-03, cfd=4.277e-04]  WALL=1.373e-17  DATA=1.194e-01
Invoked: SSBroyden1 approach!
[BFGS] batch=   3  call=   120  total=5.988e-03  PDE=1.773e-03 [colloc=1.336e-03, cfd=4.368e-04]  WALL=1.509e-17  DATA=1.196e-01
Invoked: SSBroyden1 approach!
[BFGS] batch=   3  call=   122  total=5.864e-03  PDE=1.732e-03 [colloc=1.300e-03, cfd=4.321e-04]  WALL=1.571e-17  DATA=1.196e-01
Invoked: SSBroyden1 approach!
[BFGS] batch=   3  call=   123  total=5.827e-03  PDE=1.697e-03 [colloc=1.276e-03, cfd=4.205e-04]  WALL=1.603e-17  DATA=1.194e-01
Invoked: SSBroyden1 approach!
[BFGS] batch=   3  call=   124  total=5.773e-03  PDE=1.668e-03 [colloc=1.252e-03, cfd=4.167e-04]  WALL=1.653e-17  DATA=1.195e-01
Invoked: SSBroyden1 approach!
[BFGS] batch=   3  call=   125  total=5.603e-03  PDE=1.645e-03 [colloc=1.232e-03, cfd=4.133e-04]  WALL=1.698e-17  DATA=1.197e-01
Invoked: SSBroyden1 approach!
[BFGS] batch=   3  call=   126  total=5.490e-03  PDE=1.666e-03 [colloc=1.254e-03, cfd=4.121e-04]  WALL=2.138e-17  DATA=1.195e-01
Invoked: SSBroyden1 approach!
[BFGS] batch=   3  call=   127  total=5.436e-03  PDE=1.721e-03 [colloc=1.313e-03, cfd=4.081e-04]  WALL=1.487e-17  DATA=1.194e-01
Invoked: SSBroyden1 approach!
[BFGS] batch=   3  call=   128  total=5.312e-03  PDE=1.687e-03 [colloc=1.277e-03, cfd=4.100e-04]  WALL=1.782e-17  DATA=1.195e-01
Invoked: SSBroyden1 approach!
[BFGS] batch=   3  call=   129  total=5.241e-03  PDE=1.646e-03 [colloc=1.246e-03, cfd=3.997e-04]  WALL=2.320e-17  DATA=1.198e-01
Invoked: SSBroyden1 approach!
[BFGS] batch=   3  call=   130  total=5.179e-03  PDE=1.639e-03 [colloc=1.241e-03, cfd=3.977e-04]  WALL=2.218e-17  DATA=1.206e-01
Invoked: SSBroyden1 approach!
[BFGS] batch=   3  call=   131  total=5.069e-03  PDE=1.612e-03 [colloc=1.224e-03, cfd=3.880e-04]  WALL=2.527e-17  DATA=1.203e-01
Invoked: SSBroyden1 approach!
[BFGS] batch=   3  call=   132  total=5.047e-03  PDE=1.532e-03 [colloc=1.161e-03, cfd=3.711e-04]  WALL=1.713e-17  DATA=1.205e-01
Invoked: SSBroyden1 approach!
[BFGS] batch=   3  call=   133  total=5.005e-03  PDE=1.509e-03 [colloc=1.143e-03, cfd=3.659e-04]  WALL=1.755e-17  DATA=1.204e-01
Invoked: SSBroyden1 approach!
[BFGS] batch=   3  call=   134  total=4.911e-03  PDE=1.477e-03 [colloc=1.120e-03, cfd=3.568e-04]  WALL=1.845e-17  DATA=1.203e-01
Invoked: SSBroyden1 approach!
[BFGS] batch=   3  call=   135  total=4.860e-03  PDE=1.460e-03 [colloc=1.108e-03, cfd=3.515e-04]  WALL=1.688e-17  DATA=1.195e-01
Invoked: SSBroyden1 approach!
[BFGS] batch=   3  call=   136  total=4.839e-03  PDE=1.438e-03 [colloc=1.091e-03, cfd=3.469e-04]  WALL=1.935e-17  DATA=1.197e-01
Invoked: SSBroyden1 approach!
[BFGS] batch=   3  call=   137  total=4.777e-03  PDE=1.419e-03 [colloc=1.073e-03, cfd=3.461e-04]  WALL=1.858e-17  DATA=1.198e-01
Invoked: SSBroyden1 approach!
[BFGS] batch=   3  call=   144  total=4.680e-03  PDE=1.384e-03 [colloc=1.036e-03, cfd=3.479e-04]  WALL=1.854e-17  DATA=1.201e-01
Invoked: SSBroyden1 approach!
[BFGS] batch=   3  call=   146  total=4.632e-03  PDE=1.372e-03 [colloc=1.021e-03, cfd=3.513e-04]  WALL=1.792e-17  DATA=1.203e-01
Invoked: SSBroyden1 approach!
[BFGS] batch=   3  call=   148  total=4.605e-03  PDE=1.363e-03 [colloc=1.010e-03, cfd=3.527e-04]  WALL=1.731e-17  DATA=1.204e-01
Invoked: SSBroyden1 approach!
[BFGS] batch=   3  call=   157  total=4.558e-03  PDE=1.339e-03 [colloc=9.906e-04, cfd=3.486e-04]  WALL=1.557e-17  DATA=1.207e-01
Invoked: SSBroyden1 approach!
[BFGS] batch=   3  call=   158  total=4.527e-03  PDE=1.310e-03 [colloc=9.685e-04, cfd=3.412e-04]  WALL=1.571e-17  DATA=1.211e-01
Invoked: SSBroyden1 approach!
[BFGS] batch=   3  call=   159  total=4.438e-03  PDE=1.291e-03 [colloc=9.538e-04, cfd=3.377e-04]  WALL=1.317e-17  DATA=1.214e-01
  [PT] w_u=1.6056 w_v=6.3496 gamma=0.775 (tau_u=6.228e-01 tau_v=1.575e-01 |Du|=2.29e+00 |DRu|=3.46e+00)
[BFGS] batch 3: H0 not PD — resetting to identity.
[BFGS-END] batch=   3  last_total=4.476e-03  last_PDE=1.291e-03 [colloc=9.538e-04, cfd=3.377e-04]  last_WALL=1.317e-17  last_DATA=1.214e-01
/oscar/home/jchen790/cylinder flow lab/src/cfp40.py:1342: OptimizeWarning: Unknown solver options: hess, hessp, bounds, constraints, tol
  result = minimize(
Invoked: SSBroyden1 approach!
[BFGS] batch=   4  call=   183  total=5.243e-03  PDE=1.795e-03 [colloc=1.474e-03, cfd=3.203e-04]  WALL=9.159e-18  DATA=1.212e-01
Invoked: SSBroyden1 approach!
[BFGS] batch=   4  call=   184  total=5.078e-03  PDE=1.722e-03 [colloc=1.403e-03, cfd=3.190e-04]  WALL=9.430e-18  DATA=1.211e-01
Invoked: SSBroyden1 approach!
[BFGS] batch=   4  call=   185  total=4.914e-03  PDE=1.649e-03 [colloc=1.332e-03, cfd=3.168e-04]  WALL=8.780e-18  DATA=1.209e-01
Invoked: SSBroyden1 approach!
[BFGS] batch=   4  call=   186  total=4.807e-03  PDE=1.596e-03 [colloc=1.261e-03, cfd=3.351e-04]  WALL=8.347e-18  DATA=1.212e-01
Invoked: SSBroyden1 approach!
[BFGS] batch=   4  call=   187  total=4.720e-03  PDE=1.509e-03 [colloc=1.195e-03, cfd=3.140e-04]  WALL=8.735e-18  DATA=1.215e-01
Invoked: SSBroyden1 approach!
[BFGS] batch=   4  call=   188  total=4.525e-03  PDE=1.426e-03 [colloc=1.110e-03, cfd=3.155e-04]  WALL=1.011e-17  DATA=1.217e-01
Invoked: SSBroyden1 approach!
[BFGS] batch=   4  call=   190  total=4.424e-03  PDE=1.397e-03 [colloc=1.080e-03, cfd=3.175e-04]  WALL=1.084e-17  DATA=1.221e-01
Invoked: SSBroyden1 approach!
[BFGS] batch=   4  call=   191  total=4.407e-03  PDE=1.333e-03 [colloc=1.041e-03, cfd=2.916e-04]  WALL=1.039e-17  DATA=1.226e-01
Invoked: SSBroyden1 approach!
[BFGS] batch=   4  call=   192  total=4.370e-03  PDE=1.326e-03 [colloc=1.036e-03, cfd=2.895e-04]  WALL=1.047e-17  DATA=1.225e-01
Invoked: SSBroyden1 approach!
[BFGS] batch=   4  call=   193  total=4.291e-03  PDE=1.287e-03 [colloc=9.964e-04, cfd=2.905e-04]  WALL=1.035e-17  DATA=1.227e-01
Invoked: SSBroyden1 approach!
[BFGS] batch=   4  call=   194  total=4.139e-03  PDE=1.216e-03 [colloc=9.431e-04, cfd=2.732e-04]  WALL=1.225e-17  DATA=1.226e-01
Invoked: SSBroyden1 approach!
[BFGS] batch=   4  call=   196  total=4.135e-03  PDE=1.178e-03 [colloc=9.187e-04, cfd=2.596e-04]  WALL=1.191e-17  DATA=1.228e-01
Invoked: SSBroyden1 approach!
[BFGS] batch=   4  call=   198  total=4.076e-03  PDE=1.159e-03 [colloc=9.036e-04, cfd=2.554e-04]  WALL=1.185e-17  DATA=1.227e-01
Invoked: SSBroyden1 approach!
[BFGS] batch=   4  call=   199  total=4.064e-03  PDE=1.137e-03 [colloc=8.882e-04, cfd=2.493e-04]  WALL=1.112e-17  DATA=1.228e-01
Invoked: SSBroyden1 approach!
[BFGS] batch=   4  call=   200  total=4.049e-03  PDE=1.126e-03 [colloc=8.779e-04, cfd=2.477e-04]  WALL=1.159e-17  DATA=1.227e-01
Invoked: SSBroyden1 approach!
[BFGS] batch=   4  call=   207  total=4.025e-03  PDE=1.111e-03 [colloc=8.651e-04, cfd=2.460e-04]  WALL=1.192e-17  DATA=1.227e-01
Invoked: SSBroyden1 approach!
[BFGS] batch=   4  call=   208  total=3.953e-03  PDE=1.093e-03 [colloc=8.507e-04, cfd=2.427e-04]  WALL=1.203e-17  DATA=1.226e-01
Invoked: SSBroyden1 approach!
[BFGS] batch=   4  call=   209  total=3.932e-03  PDE=1.083e-03 [colloc=8.434e-04, cfd=2.395e-04]  WALL=1.265e-17  DATA=1.226e-01
Invoked: SSBroyden1 approach!
[BFGS] batch=   4  call=   210  total=3.874e-03  PDE=1.066e-03 [colloc=8.287e-04, cfd=2.374e-04]  WALL=1.284e-17  DATA=1.227e-01
Invoked: SSBroyden1 approach!
[BFGS] batch=   4  call=   211  total=3.816e-03  PDE=1.093e-03 [colloc=8.416e-04, cfd=2.515e-04]  WALL=1.442e-17  DATA=1.226e-01
Invoked: SSBroyden1 approach!
[BFGS] batch=   4  call=   213  total=3.764e-03  PDE=1.067e-03 [colloc=8.281e-04, cfd=2.388e-04]  WALL=1.397e-17  DATA=1.226e-01
Invoked: SSBroyden1 approach!
[BFGS] batch=   4  call=   221  total=3.733e-03  PDE=1.053e-03 [colloc=8.164e-04, cfd=2.364e-04]  WALL=1.378e-17  DATA=1.226e-01
Invoked: SSBroyden1 approach!
[BFGS] batch=   4  call=   230  total=3.708e-03  PDE=1.039e-03 [colloc=8.075e-04, cfd=2.312e-04]  WALL=1.389e-17  DATA=1.227e-01
  [PT] w_u=1.5615 w_v=6.6921 gamma=0.734 (tau_u=6.404e-01 tau_v=1.494e-01 |Du|=1.61e+00 |DRu|=1.54e+00)
[BFGS-END] batch=   4  last_total=3.702e-03  last_PDE=1.039e-03 [colloc=8.075e-04, cfd=2.312e-04]  last_WALL=1.389e-17  last_DATA=1.227e-01
/oscar/home/jchen790/cylinder flow lab/src/cfp40.py:1342: OptimizeWarning: Unknown solver options: hess, hessp, bounds, constraints, tol
  result = minimize(
Invoked: SSBroyden1 approach!
[BFGS] batch=   5  call=   251  total=4.068e-03  PDE=1.238e-03 [colloc=9.986e-04, cfd=2.391e-04]  WALL=1.015e-17  DATA=1.234e-01
Invoked: SSBroyden1 approach!
[BFGS] batch=   5  call=   252  total=3.892e-03  PDE=1.131e-03 [colloc=8.952e-04, cfd=2.362e-04]  WALL=1.226e-17  DATA=1.235e-01
Invoked: SSBroyden1 approach!
[BFGS] batch=   5  call=   253  total=3.554e-03  PDE=1.003e-03 [colloc=7.748e-04, cfd=2.282e-04]  WALL=1.277e-17  DATA=1.240e-01
Invoked: SSBroyden1 approach!
[BFGS] batch=   5  call=   255  total=3.494e-03  PDE=9.746e-04 [colloc=7.538e-04, cfd=2.207e-04]  WALL=1.122e-17  DATA=1.239e-01
Invoked: SSBroyden1 approach!
[BFGS] batch=   5  call=   256  total=3.416e-03  PDE=9.510e-04 [colloc=7.306e-04, cfd=2.204e-04]  WALL=1.220e-17  DATA=1.239e-01
  [PT] w_u=1.3268 w_v=6.6524 gamma=0.710 (tau_u=7.537e-01 tau_v=1.503e-01 |Du|=1.18e+00 |DRu|=7.47e-01)
[BFGS-END] batch=   5  last_total=3.488e-03  last_PDE=9.508e-04 [colloc=7.304e-04, cfd=2.204e-04]  last_WALL=1.221e-17  last_DATA=1.239e-01
/oscar/home/jchen790/cylinder flow lab/src/cfp40.py:1342: OptimizeWarning: Unknown solver options: hess, hessp, bounds, constraints, tol
  result = minimize(
Invoked: SSBroyden1 approach!
[BFGS] batch=   6  call=   278  total=3.511e-03  PDE=1.061e-03 [colloc=8.528e-04, cfd=2.082e-04]  WALL=2.023e-17  DATA=1.242e-01
Invoked: SSBroyden1 approach!
[BFGS] batch=   6  call=   279  total=3.188e-03  PDE=9.366e-04 [colloc=7.327e-04, cfd=2.040e-04]  WALL=1.638e-17  DATA=1.251e-01
  [PT] w_u=1.2847 w_v=7.0595 gamma=0.694 (tau_u=7.784e-01 tau_v=1.417e-01 |Du|=9.68e-01 |DRu|=8.07e-01)
[BFGS-END] batch=   6  last_total=3.302e-03  last_PDE=9.366e-04 [colloc=7.327e-04, cfd=2.040e-04]  last_WALL=1.638e-17  last_DATA=1.251e-01
/oscar/home/jchen790/cylinder flow lab/src/cfp40.py:1342: OptimizeWarning: Unknown solver options: hess, hessp, bounds, constraints, tol
  result = minimize(
Invoked: SSBroyden1 approach!
[BFGS] batch=   7  call=   301  total=3.339e-03  PDE=1.027e-03 [colloc=8.227e-04, cfd=2.044e-04]  WALL=1.955e-17  DATA=1.251e-01
Invoked: SSBroyden1 approach!
[BFGS] batch=   7  call=   302  total=3.189e-03  PDE=9.560e-04 [colloc=7.553e-04, cfd=2.008e-04]  WALL=1.909e-17  DATA=1.252e-01
Invoked: SSBroyden1 approach!
[BFGS] batch=   7  call=   303  total=3.076e-03  PDE=9.459e-04 [colloc=7.446e-04, cfd=2.013e-04]  WALL=2.122e-17  DATA=1.264e-01
Invoked: SSBroyden1 approach!
[BFGS] batch=   7  call=   305  total=3.057e-03  PDE=9.304e-04 [colloc=7.287e-04, cfd=2.017e-04]  WALL=1.960e-17  DATA=1.265e-01
Invoked: SSBroyden1 approach!
[BFGS] batch=   7  call=   306  total=3.027e-03  PDE=9.216e-04 [colloc=7.211e-04, cfd=2.005e-04]  WALL=1.883e-17  DATA=1.266e-01
Invoked: SSBroyden1 approach!
[BFGS] batch=   7  call=   307  total=2.965e-03  PDE=9.281e-04 [colloc=7.212e-04, cfd=2.069e-04]  WALL=1.797e-17  DATA=1.266e-01
Invoked: SSBroyden1 approach!
[BFGS] batch=   7  call=   309  total=2.942e-03  PDE=9.192e-04 [colloc=7.124e-04, cfd=2.069e-04]  WALL=1.740e-17  DATA=1.267e-01
Invoked: SSBroyden1 approach!
[BFGS] batch=   7  call=   310  total=2.921e-03  PDE=9.029e-04 [colloc=6.949e-04, cfd=2.080e-04]  WALL=1.730e-17  DATA=1.268e-01
Invoked: SSBroyden1 approach!
[BFGS] batch=   7  call=   311  total=2.894e-03  PDE=9.049e-04 [colloc=6.992e-04, cfd=2.057e-04]  WALL=1.598e-17  DATA=1.269e-01
Invoked: SSBroyden1 approach!
[BFGS] batch=   7  call=   312  total=2.892e-03  PDE=9.051e-04 [colloc=7.017e-04, cfd=2.034e-04]  WALL=1.541e-17  DATA=1.272e-01
  [PT] w_u=0.9225 w_v=7.3689 gamma=0.688 (tau_u=1.084e+00 tau_v=1.357e-01 |Du|=1.73e+00 |DRu|=7.32e-01)
[BFGS-END] batch=   7  last_total=2.895e-03  last_PDE=9.050e-04 [colloc=7.016e-04, cfd=2.034e-04]  last_WALL=1.541e-17  last_DATA=1.272e-01
/oscar/home/jchen790/cylinder flow lab/src/cfp40.py:1342: OptimizeWarning: Unknown solver options: hess, hessp, bounds, constraints, tol
  result = minimize(
Invoked: SSBroyden1 approach!
[BFGS] batch=   8  call=   332  total=2.889e-03  PDE=9.009e-04 [colloc=6.885e-04, cfd=2.124e-04]  WALL=1.342e-17  DATA=1.286e-01
Invoked: SSBroyden1 approach!
[BFGS] batch=   8  call=   333  total=2.724e-03  PDE=8.610e-04 [colloc=6.698e-04, cfd=1.912e-04]  WALL=1.476e-17  DATA=1.289e-01
Invoked: SSBroyden1 approach!
[BFGS] batch=   8  call=   335  total=2.638e-03  PDE=8.703e-04 [colloc=6.807e-04, cfd=1.897e-04]  WALL=1.686e-17  DATA=1.292e-01
Invoked: SSBroyden1 approach!
[BFGS] batch=   8  call=   337  total=2.616e-03  PDE=8.639e-04 [colloc=6.751e-04, cfd=1.888e-04]  WALL=1.563e-17  DATA=1.294e-01
Invoked: SSBroyden1 approach!
[BFGS] batch=   8  call=   338  total=2.607e-03  PDE=8.662e-04 [colloc=6.748e-04, cfd=1.915e-04]  WALL=1.571e-17  DATA=1.297e-01
Invoked: SSBroyden1 approach!
[BFGS] batch=   8  call=   346  total=2.593e-03  PDE=8.583e-04 [colloc=6.649e-04, cfd=1.934e-04]  WALL=1.564e-17  DATA=1.298e-01
Invoked: SSBroyden1 approach!
[BFGS] batch=   8  call=   347  total=2.592e-03  PDE=8.621e-04 [colloc=6.611e-04, cfd=2.010e-04]  WALL=1.457e-17  DATA=1.298e-01
Invoked: SSBroyden1 approach!
[BFGS] batch=   8  call=   348  total=2.541e-03  PDE=8.606e-04 [colloc=6.595e-04, cfd=2.011e-04]  WALL=1.458e-17  DATA=1.298e-01
  [PT] w_u=0.4715 w_v=7.2958 gamma=0.675 (tau_u=2.121e+00 tau_v=1.371e-01 |Du|=2.02e+00 |DRu|=4.90e-01)
[BFGS-END] batch=   8  last_total=2.581e-03  last_PDE=8.606e-04 [colloc=6.595e-04, cfd=2.011e-04]  last_WALL=1.458e-17  last_DATA=1.298e-01
/oscar/home/jchen790/cylinder flow lab/src/cfp40.py:1342: OptimizeWarning: Unknown solver options: hess, hessp, bounds, constraints, tol
  result = minimize(
Invoked: SSBroyden1 approach!
[BFGS] batch=   9  call=   369  total=2.627e-03  PDE=9.055e-04 [colloc=7.314e-04, cfd=1.741e-04]  WALL=1.490e-17  DATA=1.299e-01
Invoked: SSBroyden1 approach!
[BFGS] batch=   9  call=   370  total=2.490e-03  PDE=8.439e-04 [colloc=6.798e-04, cfd=1.641e-04]  WALL=1.461e-17  DATA=1.306e-01
Invoked: SSBroyden1 approach!
[BFGS] batch=   9  call=   372  total=2.419e-03  PDE=8.163e-04 [colloc=6.535e-04, cfd=1.628e-04]  WALL=1.403e-17  DATA=1.314e-01
Invoked: SSBroyden1 approach!
[BFGS] batch=   9  call=   373  total=2.409e-03  PDE=8.403e-04 [colloc=6.636e-04, cfd=1.766e-04]  WALL=1.280e-17  DATA=1.325e-01
Invoked: SSBroyden1 approach!
[BFGS] batch=   9  call=   380  total=2.368e-03  PDE=8.318e-04 [colloc=6.575e-04, cfd=1.743e-04]  WALL=1.317e-17  DATA=1.325e-01
Invoked: SSBroyden1 approach!
[BFGS] batch=   9  call=   381  total=2.344e-03  PDE=8.098e-04 [colloc=6.407e-04, cfd=1.691e-04]  WALL=1.387e-17  DATA=1.329e-01
Invoked: SSBroyden1 approach!
[BFGS] batch=   9  call=   382  total=2.291e-03  PDE=8.107e-04 [colloc=6.450e-04, cfd=1.657e-04]  WALL=1.276e-17  DATA=1.330e-01
Invoked: SSBroyden1 approach!
[BFGS] batch=   9  call=   384  total=2.258e-03  PDE=8.092e-04 [colloc=6.432e-04, cfd=1.660e-04]  WALL=1.458e-17  DATA=1.332e-01
Invoked: SSBroyden1 approach!
[BFGS] batch=   9  call=   385  total=2.242e-03  PDE=8.115e-04 [colloc=6.409e-04, cfd=1.706e-04]  WALL=1.407e-17  DATA=1.336e-01
Invoked: SSBroyden1 approach!
[BFGS] batch=   9  call=   386  total=2.234e-03  PDE=8.020e-04 [colloc=6.327e-04, cfd=1.693e-04]  WALL=1.463e-17  DATA=1.338e-01
Invoked: SSBroyden1 approach!
[BFGS] batch=   9  call=   387  total=2.186e-03  PDE=7.991e-04 [colloc=6.307e-04, cfd=1.684e-04]  WALL=1.452e-17  DATA=1.339e-01
Invoked: SSBroyden1 approach!
[BFGS] batch=   9  call=   395  total=2.154e-03  PDE=8.080e-04 [colloc=6.384e-04, cfd=1.696e-04]  WALL=1.433e-17  DATA=1.346e-01
Invoked: SSBroyden1 approach!
[BFGS] batch=   9  call=   404  total=2.147e-03  PDE=8.043e-04 [colloc=6.347e-04, cfd=1.696e-04]  WALL=1.419e-17  DATA=1.348e-01
Invoked: SSBroyden1 approach!
[BFGS] batch=   9  call=   412  total=2.122e-03  PDE=8.029e-04 [colloc=6.328e-04, cfd=1.701e-04]  WALL=1.397e-17  DATA=1.349e-01
Invoked: SSBroyden1 approach!
[BFGS] batch=   9  call=   413  total=2.106e-03  PDE=8.091e-04 [colloc=6.365e-04, cfd=1.726e-04]  WALL=1.417e-17  DATA=1.351e-01
Invoked: SSBroyden1 approach!
[BFGS] batch=   9  call=   414  total=2.103e-03  PDE=8.106e-04 [colloc=6.365e-04, cfd=1.741e-04]  WALL=1.361e-17  DATA=1.353e-01
Invoked: SSBroyden1 approach!
[BFGS] batch=   9  call=   415  total=2.085e-03  PDE=8.103e-04 [colloc=6.360e-04, cfd=1.743e-04]  WALL=1.372e-17  DATA=1.353e-01
Invoked: SSBroyden1 approach!
[BFGS] batch=   9  call=   416  total=2.055e-03  PDE=8.157e-04 [colloc=6.367e-04, cfd=1.790e-04]  WALL=1.354e-17  DATA=1.358e-01
Invoked: SSBroyden1 approach!
[BFGS] batch=   9  call=   418  total=2.044e-03  PDE=8.140e-04 [colloc=6.344e-04, cfd=1.796e-04]  WALL=1.403e-17  DATA=1.358e-01
Invoked: SSBroyden1 approach!
[BFGS] batch=   9  call=   419  total=2.041e-03  PDE=8.076e-04 [colloc=6.272e-04, cfd=1.804e-04]  WALL=1.387e-17  DATA=1.360e-01
Invoked: SSBroyden1 approach!
[BFGS] batch=   9  call=   423  total=2.019e-03  PDE=8.063e-04 [colloc=6.257e-04, cfd=1.807e-04]  WALL=1.384e-17  DATA=1.360e-01
Invoked: SSBroyden1 approach!
[BFGS] batch=   9  call=   424  total=2.012e-03  PDE=7.996e-04 [colloc=6.152e-04, cfd=1.844e-04]  WALL=1.515e-17  DATA=1.366e-01
Invoked: SSBroyden1 approach!
[BFGS] batch=   9  call=   425  total=2.003e-03  PDE=7.951e-04 [colloc=6.116e-04, cfd=1.835e-04]  WALL=1.419e-17  DATA=1.367e-01
Invoked: SSBroyden1 approach!
[BFGS] batch=   9  call=   426  total=1.973e-03  PDE=7.900e-04 [colloc=6.068e-04, cfd=1.832e-04]  WALL=1.459e-17  DATA=1.367e-01
Invoked: SSBroyden1 approach!
[BFGS] batch=   9  call=   440  total=1.961e-03  PDE=7.862e-04 [colloc=6.038e-04, cfd=1.824e-04]  WALL=1.438e-17  DATA=1.367e-01
Invoked: SSBroyden1 approach!
[BFGS] batch=   9  call=   441  total=1.936e-03  PDE=7.751e-04 [colloc=5.950e-04, cfd=1.801e-04]  WALL=1.421e-17  DATA=1.367e-01
  [PT] w_u=0.4451 w_v=7.8036 gamma=0.675 (tau_u=2.247e+00 tau_v=1.281e-01 |Du|=3.49e+00 |DRu|=1.56e+00)
[BFGS] batch 9: H0 not PD — resetting to identity.
[BFGS-END] batch=   9  last_total=1.979e-03  last_PDE=7.751e-04 [colloc=5.950e-04, cfd=1.801e-04]  last_WALL=1.421e-17  last_DATA=1.367e-01
/oscar/home/jchen790/cylinder flow lab/src/cfp40.py:1342: OptimizeWarning: Unknown solver options: hess, hessp, bounds, constraints, tol
  result = minimize(
Invoked: SSBroyden1 approach!
[BFGS] batch=  10  call=   465  total=2.217e-03  PDE=9.456e-04 [colloc=7.473e-04, cfd=1.982e-04]  WALL=1.136e-17  DATA=1.367e-01
Invoked: SSBroyden1 approach!
[BFGS] batch=  10  call=   466  total=2.152e-03  PDE=9.226e-04 [colloc=7.260e-04, cfd=1.966e-04]  WALL=1.121e-17  DATA=1.368e-01
Invoked: SSBroyden1 approach!
[BFGS] batch=  10  call=   468  total=2.128e-03  PDE=9.117e-04 [colloc=7.166e-04, cfd=1.951e-04]  WALL=1.148e-17  DATA=1.368e-01
Invoked: SSBroyden1 approach!
[BFGS] batch=  10  call=   469  total=2.115e-03  PDE=8.927e-04 [colloc=6.965e-04, cfd=1.962e-04]  WALL=1.169e-17  DATA=1.369e-01
Invoked: SSBroyden1 approach!
[BFGS] batch=  10  call=   470  total=2.086e-03  PDE=8.782e-04 [colloc=6.848e-04, cfd=1.934e-04]  WALL=1.188e-17  DATA=1.368e-01
Invoked: SSBroyden1 approach!
[BFGS] batch=  10  call=   471  total=2.044e-03  PDE=8.578e-04 [colloc=6.659e-04, cfd=1.920e-04]  WALL=1.169e-17  DATA=1.370e-01
Invoked: SSBroyden1 approach!
[BFGS] batch=  10  call=   472  total=1.980e-03  PDE=8.290e-04 [colloc=6.364e-04, cfd=1.926e-04]  WALL=1.154e-17  DATA=1.376e-01
Invoked: SSBroyden1 approach!
[BFGS] batch=  10  call=   473  total=1.954e-03  PDE=8.172e-04 [colloc=6.156e-04, cfd=2.016e-04]  WALL=1.246e-17  DATA=1.374e-01
Invoked: SSBroyden1 approach!
[BFGS] batch=  10  call=   474  total=1.901e-03  PDE=8.014e-04 [colloc=6.022e-04, cfd=1.991e-04]  WALL=1.278e-17  DATA=1.374e-01
Invoked: SSBroyden1 approach!
[BFGS] batch=  10  call=   475  total=1.840e-03  PDE=7.580e-04 [colloc=5.786e-04, cfd=1.794e-04]  WALL=1.271e-17  DATA=1.379e-01
Invoked: SSBroyden1 approach!
[BFGS] batch=  10  call=   485  total=1.826e-03  PDE=7.409e-04 [colloc=5.630e-04, cfd=1.779e-04]  WALL=1.315e-17  DATA=1.381e-01
Invoked: SSBroyden1 approach!
[BFGS] batch=  10  call=   486  total=1.795e-03  PDE=7.364e-04 [colloc=5.606e-04, cfd=1.758e-04]  WALL=1.324e-17  DATA=1.380e-01
Invoked: SSBroyden1 approach!
[BFGS] batch=  10  call=   487  total=1.786e-03  PDE=7.176e-04 [colloc=5.456e-04, cfd=1.720e-04]  WALL=1.453e-17  DATA=1.381e-01
Invoked: SSBroyden1 approach!
[BFGS] batch=  10  call=   488  total=1.746e-03  PDE=7.105e-04 [colloc=5.401e-04, cfd=1.704e-04]  WALL=1.416e-17  DATA=1.381e-01
Invoked: SSBroyden1 approach!
[BFGS] batch=  10  call=   497  total=1.742e-03  PDE=6.992e-04 [colloc=5.302e-04, cfd=1.690e-04]  WALL=1.344e-17  DATA=1.386e-01
Invoked: SSBroyden1 approach!
[BFGS] batch=  10  call=   498  total=1.725e-03  PDE=6.965e-04 [colloc=5.274e-04, cfd=1.691e-04]  WALL=1.355e-17  DATA=1.387e-01
  [PT] w_u=0.4601 w_v=7.8075 gamma=0.659 (tau_u=2.174e+00 tau_v=1.281e-01 |Du|=1.43e+00 |DRu|=9.43e-01)
[PT] batch=  10  w=4.1338e+00
[BFGS-END] batch=  10  last_total=1.748e-03  last_PDE=6.965e-04 [colloc=5.274e-04, cfd=1.691e-04]  last_WALL=1.355e-17  last_DATA=1.387e-01
/oscar/home/jchen790/cylinder flow lab/src/cfp40.py:1342: OptimizeWarning: Unknown solver options: hess, hessp, bounds, constraints, tol
  result = minimize(
Invoked: SSBroyden1 approach!
[BFGS] batch=  11  call=   521  total=1.850e-03  PDE=7.889e-04 [colloc=6.282e-04, cfd=1.607e-04]  WALL=1.270e-17  DATA=1.386e-01
Invoked: SSBroyden1 approach!
[BFGS] batch=  11  call=   522  total=1.801e-03  PDE=7.551e-04 [colloc=5.947e-04, cfd=1.603e-04]  WALL=1.285e-17  DATA=1.390e-01
Invoked: SSBroyden1 approach!
[BFGS] batch=  11  call=   523  total=1.728e-03  PDE=7.175e-04 [colloc=5.565e-04, cfd=1.610e-04]  WALL=1.374e-17  DATA=1.396e-01
Invoked: SSBroyden1 approach!
[BFGS] batch=  11  call=   524  total=1.678e-03  PDE=7.090e-04 [colloc=5.457e-04, cfd=1.633e-04]  WALL=1.280e-17  DATA=1.407e-01
Invoked: SSBroyden1 approach!
[BFGS] batch=  11  call=   525  total=1.641e-03  PDE=6.919e-04 [colloc=5.305e-04, cfd=1.614e-04]  WALL=1.049e-17  DATA=1.410e-01
Invoked: SSBroyden1 approach!
[BFGS] batch=  11  call=   526  total=1.619e-03  PDE=6.835e-04 [colloc=5.223e-04, cfd=1.612e-04]  WALL=1.293e-17  DATA=1.414e-01
Invoked: SSBroyden1 approach!
[BFGS] batch=  11  call=   527  total=1.614e-03  PDE=6.710e-04 [colloc=5.134e-04, cfd=1.577e-04]  WALL=1.323e-17  DATA=1.417e-01
Invoked: SSBroyden1 approach!
[BFGS] batch=  11  call=   528  total=1.599e-03  PDE=6.678e-04 [colloc=5.106e-04, cfd=1.572e-04]  WALL=1.357e-17  DATA=1.418e-01
Invoked: SSBroyden1 approach!
[BFGS] batch=  11  call=   529  total=1.572e-03  PDE=6.643e-04 [colloc=5.104e-04, cfd=1.539e-04]  WALL=1.279e-17  DATA=1.419e-01
Invoked: SSBroyden1 approach!
[BFGS] batch=  11  call=   531  total=1.570e-03  PDE=6.578e-04 [colloc=5.044e-04, cfd=1.534e-04]  WALL=1.312e-17  DATA=1.419e-01
Invoked: SSBroyden1 approach!
[BFGS] batch=  11  call=   532  total=1.566e-03  PDE=6.557e-04 [colloc=5.028e-04, cfd=1.529e-04]  WALL=1.318e-17  DATA=1.419e-01
Invoked: SSBroyden1 approach!
[BFGS] batch=  11  call=   533  total=1.559e-03  PDE=6.518e-04 [colloc=4.998e-04, cfd=1.520e-04]  WALL=1.330e-17  DATA=1.419e-01
Invoked: SSBroyden1 approach!
[BFGS] batch=  11  call=   534  total=1.544e-03  PDE=6.463e-04 [colloc=4.961e-04, cfd=1.502e-04]  WALL=1.351e-17  DATA=1.419e-01
Invoked: SSBroyden1 approach!
[BFGS] batch=  11  call=   535  total=1.539e-03  PDE=6.401e-04 [colloc=4.912e-04, cfd=1.489e-04]  WALL=1.343e-17  DATA=1.420e-01
  [PT] w_u=0.3918 w_v=7.7180 gamma=0.643 (tau_u=2.552e+00 tau_v=1.296e-01 |Du|=1.57e+00 |DRu|=5.17e-01)
[BFGS-END] batch=  11  last_total=1.550e-03  last_PDE=6.400e-04 [colloc=4.911e-04, cfd=1.489e-04]  last_WALL=1.343e-17  last_DATA=1.420e-01
/oscar/home/jchen790/cylinder flow lab/src/cfp40.py:1342: OptimizeWarning: Unknown solver options: hess, hessp, bounds, constraints, tol
  result = minimize(
Invoked: SSBroyden1 approach!
[BFGS] batch=  12  call=   556  total=1.626e-03  PDE=7.050e-04 [colloc=5.467e-04, cfd=1.583e-04]  WALL=1.506e-17  DATA=1.429e-01
Invoked: SSBroyden1 approach!
[BFGS] batch=  12  call=   557  total=1.573e-03  PDE=6.761e-04 [colloc=5.213e-04, cfd=1.548e-04]  WALL=1.343e-17  DATA=1.439e-01
Invoked: SSBroyden1 approach!
[BFGS] batch=  12  call=   558  total=1.516e-03  PDE=6.650e-04 [colloc=5.073e-04, cfd=1.577e-04]  WALL=1.342e-17  DATA=1.446e-01
Invoked: SSBroyden1 approach!
[BFGS] batch=  12  call=   560  total=1.487e-03  PDE=6.577e-04 [colloc=5.031e-04, cfd=1.546e-04]  WALL=1.444e-17  DATA=1.449e-01
Invoked: SSBroyden1 approach!
[BFGS] batch=  12  call=   563  total=1.484e-03  PDE=6.564e-04 [colloc=5.021e-04, cfd=1.544e-04]  WALL=1.452e-17  DATA=1.449e-01
Invoked: SSBroyden1 approach!
[BFGS] batch=  12  call=   564  total=1.472e-03  PDE=6.530e-04 [colloc=4.994e-04, cfd=1.536e-04]  WALL=1.460e-17  DATA=1.449e-01
  [PT] w_u=0.3446 w_v=7.7862 gamma=0.636 (tau_u=2.902e+00 tau_v=1.284e-01 |Du|=1.24e+00 |DRu|=4.01e-01)
[BFGS-END] batch=  12  last_total=1.467e-03  last_PDE=6.530e-04 [colloc=4.994e-04, cfd=1.536e-04]  last_WALL=1.460e-17  last_DATA=1.449e-01
/oscar/home/jchen790/cylinder flow lab/src/cfp40.py:1342: OptimizeWarning: Unknown solver options: hess, hessp, bounds, constraints, tol
  result = minimize(
Invoked: SSBroyden1 approach!
[BFGS] batch=  13  call=   585  total=1.533e-03  PDE=6.859e-04 [colloc=5.228e-04, cfd=1.630e-04]  WALL=1.458e-17  DATA=1.460e-01
Invoked: SSBroyden1 approach!
[BFGS] batch=  13  call=   586  total=1.460e-03  PDE=6.599e-04 [colloc=4.967e-04, cfd=1.633e-04]  WALL=1.402e-17  DATA=1.472e-01
Invoked: SSBroyden1 approach!
[BFGS] batch=  13  call=   588  total=1.445e-03  PDE=6.491e-04 [colloc=4.893e-04, cfd=1.598e-04]  WALL=1.523e-17  DATA=1.473e-01
Invoked: SSBroyden1 approach!
[BFGS] batch=  13  call=   589  total=1.428e-03  PDE=6.494e-04 [colloc=4.897e-04, cfd=1.598e-04]  WALL=1.365e-17  DATA=1.477e-01
Invoked: SSBroyden1 approach!
[BFGS] batch=  13  call=   590  total=1.416e-03  PDE=6.521e-04 [colloc=4.914e-04, cfd=1.607e-04]  WALL=1.573e-17  DATA=1.479e-01
Invoked: SSBroyden1 approach!
[BFGS] batch=  13  call=   591  total=1.406e-03  PDE=6.394e-04 [colloc=4.822e-04, cfd=1.572e-04]  WALL=1.511e-17  DATA=1.477e-01
  [PT] w_u=0.3018 w_v=7.5140 gamma=0.630 (tau_u=3.313e+00 tau_v=1.331e-01 |Du|=1.20e+00 |DRu|=3.61e-01)
[BFGS-END] batch=  13  last_total=1.415e-03  last_PDE=6.394e-04 [colloc=4.822e-04, cfd=1.572e-04]  last_WALL=1.511e-17  last_DATA=1.477e-01
/oscar/home/jchen790/cylinder flow lab/src/cfp40.py:1342: OptimizeWarning: Unknown solver options: hess, hessp, bounds, constraints, tol
  result = minimize(
Invoked: SSBroyden1 approach!
[BFGS] batch=  14  call=   611  total=1.450e-03  PDE=6.921e-04 [colloc=5.481e-04, cfd=1.440e-04]  WALL=1.498e-17  DATA=1.503e-01
Invoked: SSBroyden1 approach!
[BFGS] batch=  14  call=   612  total=1.395e-03  PDE=6.528e-04 [colloc=5.141e-04, cfd=1.387e-04]  WALL=1.429e-17  DATA=1.505e-01
Invoked: SSBroyden1 approach!
[BFGS] batch=  14  call=   614  total=1.373e-03  PDE=6.404e-04 [colloc=5.021e-04, cfd=1.383e-04]  WALL=1.490e-17  DATA=1.502e-01
Invoked: SSBroyden1 approach!
[BFGS] batch=  14  call=   615  total=1.371e-03  PDE=6.309e-04 [colloc=4.916e-04, cfd=1.393e-04]  WALL=1.443e-17  DATA=1.496e-01
Invoked: SSBroyden1 approach!
[BFGS] batch=  14  call=   616  total=1.362e-03  PDE=6.284e-04 [colloc=4.898e-04, cfd=1.386e-04]  WALL=1.440e-17  DATA=1.496e-01
Invoked: SSBroyden1 approach!
[BFGS] batch=  14  call=   617  total=1.354e-03  PDE=6.185e-04 [colloc=4.819e-04, cfd=1.366e-04]  WALL=1.431e-17  DATA=1.497e-01
Invoked: SSBroyden1 approach!
[BFGS] batch=  14  call=   618  total=1.348e-03  PDE=6.167e-04 [colloc=4.807e-04, cfd=1.360e-04]  WALL=1.407e-17  DATA=1.499e-01
Invoked: SSBroyden1 approach!
[BFGS] batch=  14  call=   619  total=1.338e-03  PDE=6.156e-04 [colloc=4.808e-04, cfd=1.349e-04]  WALL=1.412e-17  DATA=1.499e-01
Invoked: SSBroyden1 approach!
[BFGS] batch=  14  call=   620  total=1.325e-03  PDE=6.070e-04 [colloc=4.725e-04, cfd=1.345e-04]  WALL=1.431e-17  DATA=1.499e-01
Invoked: SSBroyden1 approach!
[BFGS] batch=  14  call=   621  total=1.314e-03  PDE=6.049e-04 [colloc=4.722e-04, cfd=1.327e-04]  WALL=1.425e-17  DATA=1.498e-01
Invoked: SSBroyden1 approach!
[BFGS] batch=  14  call=   622  total=1.294e-03  PDE=6.005e-04 [colloc=4.691e-04, cfd=1.314e-04]  WALL=1.365e-17  DATA=1.499e-01
Invoked: SSBroyden1 approach!
[BFGS] batch=  14  call=   623  total=1.284e-03  PDE=5.935e-04 [colloc=4.638e-04, cfd=1.297e-04]  WALL=1.349e-17  DATA=1.498e-01
Invoked: SSBroyden1 approach!
[BFGS] batch=  14  call=   624  total=1.248e-03  PDE=5.889e-04 [colloc=4.596e-04, cfd=1.294e-04]  WALL=1.330e-17  DATA=1.498e-01
Invoked: SSBroyden1 approach!
[BFGS] batch=  14  call=   626  total=1.247e-03  PDE=5.848e-04 [colloc=4.562e-04, cfd=1.286e-04]  WALL=1.345e-17  DATA=1.498e-01
Invoked: SSBroyden1 approach!
[BFGS] batch=  14  call=   627  total=1.242e-03  PDE=5.840e-04 [colloc=4.554e-04, cfd=1.286e-04]  WALL=1.335e-17  DATA=1.498e-01
Invoked: SSBroyden1 approach!
[BFGS] batch=  14  call=   628  total=1.234e-03  PDE=5.809e-04 [colloc=4.527e-04, cfd=1.283e-04]  WALL=1.314e-17  DATA=1.498e-01
Invoked: SSBroyden1 approach!
[BFGS] batch=  14  call=   629  total=1.227e-03  PDE=5.777e-04 [colloc=4.498e-04, cfd=1.279e-04]  WALL=1.342e-17  DATA=1.499e-01
Invoked: SSBroyden1 approach!
[BFGS] batch=  14  call=   630  total=1.213e-03  PDE=5.762e-04 [colloc=4.486e-04, cfd=1.277e-04]  WALL=1.287e-17  DATA=1.501e-01
Invoked: SSBroyden1 approach!
[BFGS] batch=  14  call=   631  total=1.196e-03  PDE=5.788e-04 [colloc=4.524e-04, cfd=1.264e-04]  WALL=1.356e-17  DATA=1.504e-01
Invoked: SSBroyden1 approach!
[BFGS] batch=  14  call=   632  total=1.193e-03  PDE=5.821e-04 [colloc=4.558e-04, cfd=1.263e-04]  WALL=1.227e-17  DATA=1.510e-01
Invoked: SSBroyden1 approach!
[BFGS] batch=  14  call=   633  total=1.186e-03  PDE=5.789e-04 [colloc=4.530e-04, cfd=1.259e-04]  WALL=1.253e-17  DATA=1.510e-01
Invoked: SSBroyden1 approach!
[BFGS] batch=  14  call=   634  total=1.182e-03  PDE=5.732e-04 [colloc=4.488e-04, cfd=1.244e-04]  WALL=1.262e-17  DATA=1.511e-01
Invoked: SSBroyden1 approach!
[BFGS] batch=  14  call=   635  total=1.164e-03  PDE=5.693e-04 [colloc=4.460e-04, cfd=1.234e-04]  WALL=1.252e-17  DATA=1.511e-01
Invoked: SSBroyden1 approach!
[BFGS] batch=  14  call=   636  total=1.157e-03  PDE=5.592e-04 [colloc=4.395e-04, cfd=1.197e-04]  WALL=1.352e-17  DATA=1.511e-01
Invoked: SSBroyden1 approach!
[BFGS] batch=  14  call=   637  total=1.151e-03  PDE=5.547e-04 [colloc=4.357e-04, cfd=1.191e-04]  WALL=1.350e-17  DATA=1.510e-01
Invoked: SSBroyden1 approach!
[BFGS] batch=  14  call=   638  total=1.138e-03  PDE=5.505e-04 [colloc=4.322e-04, cfd=1.183e-04]  WALL=1.278e-17  DATA=1.510e-01
Invoked: SSBroyden1 approach!
[BFGS] batch=  14  call=   639  total=1.125e-03  PDE=5.454e-04 [colloc=4.295e-04, cfd=1.158e-04]  WALL=1.212e-17  DATA=1.512e-01
Invoked: SSBroyden1 approach!
[BFGS] batch=  14  call=   640  total=1.120e-03  PDE=5.392e-04 [colloc=4.223e-04, cfd=1.169e-04]  WALL=1.104e-17  DATA=1.511e-01
Invoked: SSBroyden1 approach!
[BFGS] batch=  14  call=   641  total=1.104e-03  PDE=5.346e-04 [colloc=4.178e-04, cfd=1.168e-04]  WALL=1.137e-17  DATA=1.511e-01
Invoked: SSBroyden1 approach!
[BFGS] batch=  14  call=   642  total=1.103e-03  PDE=5.309e-04 [colloc=4.173e-04, cfd=1.136e-04]  WALL=1.182e-17  DATA=1.512e-01
Invoked: SSBroyden1 approach!
[BFGS] batch=  14  call=   644  total=1.085e-03  PDE=5.241e-04 [colloc=4.119e-04, cfd=1.122e-04]  WALL=1.155e-17  DATA=1.511e-01
Invoked: SSBroyden1 approach!
[BFGS] batch=  14  call=   645  total=1.075e-03  PDE=5.135e-04 [colloc=4.026e-04, cfd=1.109e-04]  WALL=1.192e-17  DATA=1.510e-01
Invoked: SSBroyden1 approach!
[BFGS] batch=  14  call=   646  total=1.060e-03  PDE=5.074e-04 [colloc=3.981e-04, cfd=1.093e-04]  WALL=1.106e-17  DATA=1.511e-01
Invoked: SSBroyden1 approach!
[BFGS] batch=  14  call=   648  total=1.048e-03  PDE=5.047e-04 [colloc=3.965e-04, cfd=1.082e-04]  WALL=1.179e-17  DATA=1.511e-01
  [PT] w_u=0.3194 w_v=8.1551 gamma=0.607 (tau_u=3.131e+00 tau_v=1.226e-01 |Du|=1.55e+00 |DRu|=9.90e-01)
[BFGS] batch 14: H0 not PD — resetting to identity.
[BFGS-END] batch=  14  last_total=1.060e-03  last_PDE=5.047e-04 [colloc=3.965e-04, cfd=1.082e-04]  last_WALL=1.179e-17  last_DATA=1.511e-01
/oscar/home/jchen790/cylinder flow lab/src/cfp40.py:1342: OptimizeWarning: Unknown solver options: hess, hessp, bounds, constraints, tol
  result = minimize(
Invoked: SSBroyden1 approach!
[BFGS] batch=  15  call=   671  total=1.175e-03  PDE=5.918e-04 [colloc=4.758e-04, cfd=1.160e-04]  WALL=9.644e-18  DATA=1.511e-01
Invoked: SSBroyden1 approach!
[BFGS] batch=  15  call=   673  total=1.171e-03  PDE=5.855e-04 [colloc=4.701e-04, cfd=1.154e-04]  WALL=9.797e-18  DATA=1.511e-01
Invoked: SSBroyden1 approach!
[BFGS] batch=  15  call=   676  total=1.166e-03  PDE=5.843e-04 [colloc=4.689e-04, cfd=1.154e-04]  WALL=9.792e-18  DATA=1.511e-01
Invoked: SSBroyden1 approach!
[BFGS] batch=  15  call=   677  total=1.152e-03  PDE=5.774e-04 [colloc=4.624e-04, cfd=1.150e-04]  WALL=9.908e-18  DATA=1.511e-01
Invoked: SSBroyden1 approach!
[BFGS] batch=  15  call=   678  total=1.151e-03  PDE=5.732e-04 [colloc=4.560e-04, cfd=1.172e-04]  WALL=1.028e-17  DATA=1.513e-01
  [PT] w_u=0.3541 w_v=8.7451 gamma=0.608 (tau_u=2.824e+00 tau_v=1.144e-01 |Du|=1.65e-01 |DRu|=5.31e-01)
[BFGS-END] batch=  15  last_total=1.154e-03  last_PDE=5.732e-04 [colloc=4.560e-04, cfd=1.172e-04]  last_WALL=1.028e-17  last_DATA=1.513e-01
/oscar/home/jchen790/cylinder flow lab/src/cfp40.py:1342: OptimizeWarning: Unknown solver options: hess, hessp, bounds, constraints, tol
  result = minimize(
Invoked: SSBroyden1 approach!
[BFGS] batch=  16  call=   699  total=1.192e-03  PDE=6.009e-04 [colloc=4.826e-04, cfd=1.183e-04]  WALL=1.031e-17  DATA=1.513e-01
Invoked: SSBroyden1 approach!
[BFGS] batch=  16  call=   700  total=1.183e-03  PDE=5.914e-04 [colloc=4.744e-04, cfd=1.170e-04]  WALL=1.003e-17  DATA=1.514e-01
Invoked: SSBroyden1 approach!
[BFGS] batch=  16  call=   701  total=1.165e-03  PDE=5.824e-04 [colloc=4.657e-04, cfd=1.167e-04]  WALL=1.004e-17  DATA=1.513e-01
Invoked: SSBroyden1 approach!
[BFGS] batch=  16  call=   702  total=1.151e-03  PDE=5.735e-04 [colloc=4.579e-04, cfd=1.155e-04]  WALL=9.631e-18  DATA=1.517e-01
  [PT] w_u=0.3895 w_v=8.7373 gamma=0.609 (tau_u=2.567e+00 tau_v=1.145e-01 |Du|=2.30e-01 |DRu|=3.53e-01)
[BFGS-END] batch=  16  last_total=1.160e-03  last_PDE=5.735e-04 [colloc=4.579e-04, cfd=1.155e-04]  last_WALL=9.631e-18  last_DATA=1.517e-01
/oscar/home/jchen790/cylinder flow lab/src/cfp40.py:1342: OptimizeWarning: Unknown solver options: hess, hessp, bounds, constraints, tol
  result = minimize(
Invoked: SSBroyden1 approach!
[BFGS] batch=  17  call=   725  total=1.184e-03  PDE=5.950e-04 [colloc=4.814e-04, cfd=1.136e-04]  WALL=1.041e-17  DATA=1.516e-01
Invoked: SSBroyden1 approach!
[BFGS] batch=  17  call=   726  total=1.173e-03  PDE=5.868e-04 [colloc=4.719e-04, cfd=1.148e-04]  WALL=1.092e-17  DATA=1.517e-01
Invoked: SSBroyden1 approach!
[BFGS] batch=  17  call=   727  total=1.164e-03  PDE=5.760e-04 [colloc=4.612e-04, cfd=1.148e-04]  WALL=1.083e-17  DATA=1.517e-01
Invoked: SSBroyden1 approach!
[BFGS] batch=  17  call=   728  total=1.146e-03  PDE=5.647e-04 [colloc=4.508e-04, cfd=1.139e-04]  WALL=1.064e-17  DATA=1.518e-01
Invoked: SSBroyden1 approach!
[BFGS] batch=  17  call=   729  total=1.116e-03  PDE=5.515e-04 [colloc=4.384e-04, cfd=1.132e-04]  WALL=1.090e-17  DATA=1.520e-01
Invoked: SSBroyden1 approach!
[BFGS] batch=  17  call=   730  total=1.098e-03  PDE=5.303e-04 [colloc=4.195e-04, cfd=1.108e-04]  WALL=1.038e-17  DATA=1.522e-01
Invoked: SSBroyden1 approach!
[BFGS] batch=  17  call=   731  total=1.079e-03  PDE=5.242e-04 [colloc=4.126e-04, cfd=1.116e-04]  WALL=9.339e-18  DATA=1.522e-01
Invoked: SSBroyden1 approach!
[BFGS] batch=  17  call=   734  total=1.077e-03  PDE=5.230e-04 [colloc=4.113e-04, cfd=1.117e-04]  WALL=9.305e-18  DATA=1.522e-01
Invoked: SSBroyden1 approach!
[BFGS] batch=  17  call=   735  total=1.077e-03  PDE=5.212e-04 [colloc=4.096e-04, cfd=1.116e-04]  WALL=9.331e-18  DATA=1.522e-01
Invoked: SSBroyden1 approach!
[BFGS] batch=  17  call=   741  total=1.070e-03  PDE=5.206e-04 [colloc=4.090e-04, cfd=1.116e-04]  WALL=9.324e-18  DATA=1.522e-01
Invoked: SSBroyden1 approach!
[BFGS] batch=  17  call=   742  total=1.067e-03  PDE=5.138e-04 [colloc=4.033e-04, cfd=1.104e-04]  WALL=9.528e-18  DATA=1.523e-01
Invoked: SSBroyden1 approach!
[BFGS] batch=  17  call=   743  total=1.065e-03  PDE=5.119e-04 [colloc=4.020e-04, cfd=1.100e-04]  WALL=9.484e-18  DATA=1.523e-01
Invoked: SSBroyden1 approach!
[BFGS] batch=  17  call=   744  total=1.063e-03  PDE=5.102e-04 [colloc=4.006e-04, cfd=1.096e-04]  WALL=9.455e-18  DATA=1.523e-01
Invoked: SSBroyden1 approach!
[BFGS] batch=  17  call=   745  total=1.049e-03  PDE=5.079e-04 [colloc=3.986e-04, cfd=1.093e-04]  WALL=9.479e-18  DATA=1.523e-01
Invoked: SSBroyden1 approach!
[BFGS] batch=  17  call=   746  total=1.035e-03  PDE=5.088e-04 [colloc=3.979e-04, cfd=1.109e-04]  WALL=9.260e-18  DATA=1.525e-01
  [PT] w_u=0.4204 w_v=8.8790 gamma=0.602 (tau_u=2.379e+00 tau_v=1.126e-01 |Du|=5.78e-01 |DRu|=5.42e-01)
[BFGS-END] batch=  17  last_total=1.052e-03  last_PDE=5.088e-04 [colloc=3.979e-04, cfd=1.109e-04]  last_WALL=9.260e-18  last_DATA=1.525e-01
/oscar/home/jchen790/cylinder flow lab/src/cfp40.py:1342: OptimizeWarning: Unknown solver options: hess, hessp, bounds, constraints, tol
  result = minimize(
Invoked: SSBroyden1 approach!
[BFGS] batch=  18  call=   767  total=1.134e-03  PDE=5.637e-04 [colloc=4.528e-04, cfd=1.110e-04]  WALL=9.089e-18  DATA=1.526e-01
Invoked: SSBroyden1 approach!
[BFGS] batch=  18  call=   768  total=1.105e-03  PDE=5.489e-04 [colloc=4.378e-04, cfd=1.111e-04]  WALL=9.055e-18  DATA=1.527e-01
Invoked: SSBroyden1 approach!
[BFGS] batch=  18  call=   769  total=1.065e-03  PDE=5.267e-04 [colloc=4.158e-04, cfd=1.109e-04]  WALL=9.561e-18  DATA=1.528e-01
Invoked: SSBroyden1 approach!
[BFGS] batch=  18  call=   771  total=1.047e-03  PDE=5.154e-04 [colloc=4.052e-04, cfd=1.102e-04]  WALL=8.630e-18  DATA=1.530e-01
Invoked: SSBroyden1 approach!
[BFGS] batch=  18  call=   772  total=1.041e-03  PDE=5.105e-04 [colloc=4.000e-04, cfd=1.105e-04]  WALL=8.548e-18  DATA=1.530e-01
Invoked: SSBroyden1 approach!
[BFGS] batch=  18  call=   773  total=1.033e-03  PDE=5.073e-04 [colloc=3.970e-04, cfd=1.104e-04]  WALL=8.877e-18  DATA=1.530e-01
Invoked: SSBroyden1 approach!
[BFGS] batch=  18  call=   774  total=1.027e-03  PDE=5.049e-04 [colloc=3.956e-04, cfd=1.093e-04]  WALL=8.884e-18  DATA=1.532e-01
Invoked: SSBroyden1 approach!
[BFGS] batch=  18  call=   775  total=1.017e-03  PDE=5.021e-04 [colloc=3.928e-04, cfd=1.093e-04]  WALL=9.505e-18  DATA=1.532e-01
  [PT] w_u=0.4531 w_v=9.0866 gamma=0.596 (tau_u=2.207e+00 tau_v=1.101e-01 |Du|=4.16e-01 |DRu|=3.95e-01)
[BFGS-END] batch=  18  last_total=1.031e-03  last_PDE=5.021e-04 [colloc=3.928e-04, cfd=1.093e-04]  last_WALL=9.505e-18  last_DATA=1.532e-01
/oscar/home/jchen790/cylinder flow lab/src/cfp40.py:1342: OptimizeWarning: Unknown solver options: hess, hessp, bounds, constraints, tol
  result = minimize(
Invoked: SSBroyden1 approach!
[BFGS] batch=  19  call=   797  total=1.054e-03  PDE=5.241e-04 [colloc=4.179e-04, cfd=1.061e-04]  WALL=9.354e-18  DATA=1.537e-01
Invoked: SSBroyden1 approach!
[BFGS] batch=  19  call=   798  total=1.022e-03  PDE=5.068e-04 [colloc=4.012e-04, cfd=1.056e-04]  WALL=8.809e-18  DATA=1.538e-01
Invoked: SSBroyden1 approach!
[BFGS] batch=  19  call=   800  total=1.012e-03  PDE=4.949e-04 [colloc=3.899e-04, cfd=1.050e-04]  WALL=8.984e-18  DATA=1.539e-01
Invoked: SSBroyden1 approach!
[BFGS] batch=  19  call=   802  total=1.005e-03  PDE=4.928e-04 [colloc=3.877e-04, cfd=1.051e-04]  WALL=9.090e-18  DATA=1.540e-01
Invoked: SSBroyden1 approach!
[BFGS] batch=  19  call=   803  total=1.003e-03  PDE=4.941e-04 [colloc=3.876e-04, cfd=1.065e-04]  WALL=9.425e-18  DATA=1.541e-01
Invoked: SSBroyden1 approach!
[BFGS] batch=  19  call=   811  total=9.972e-04  PDE=4.921e-04 [colloc=3.863e-04, cfd=1.058e-04]  WALL=9.306e-18  DATA=1.542e-01
Invoked: SSBroyden1 approach!
[BFGS] batch=  19  call=   812  total=9.946e-04  PDE=4.875e-04 [colloc=3.826e-04, cfd=1.049e-04]  WALL=9.151e-18  DATA=1.542e-01
Invoked: SSBroyden1 approach!
[BFGS] batch=  19  call=   813  total=9.838e-04  PDE=4.867e-04 [colloc=3.818e-04, cfd=1.049e-04]  WALL=9.036e-18  DATA=1.542e-01
  [PT] w_u=0.4497 w_v=8.4983 gamma=0.592 (tau_u=2.224e+00 tau_v=1.177e-01 |Du|=4.45e-01 |DRu|=2.22e-01)
[BFGS-END] batch=  19  last_total=9.826e-04  last_PDE=4.866e-04 [colloc=3.818e-04, cfd=1.049e-04]  last_WALL=9.036e-18  last_DATA=1.542e-01
/oscar/home/jchen790/cylinder flow lab/src/cfp40.py:1342: OptimizeWarning: Unknown solver options: hess, hessp, bounds, constraints, tol
  result = minimize(
Invoked: SSBroyden1 approach!
[BFGS] batch=  20  call=   835  total=1.031e-03  PDE=5.122e-04 [colloc=3.970e-04, cfd=1.152e-04]  WALL=7.665e-18  DATA=1.544e-01
Invoked: SSBroyden1 approach!
[BFGS] batch=  20  call=   836  total=9.890e-04  PDE=4.894e-04 [colloc=3.773e-04, cfd=1.121e-04]  WALL=8.642e-18  DATA=1.546e-01
Invoked: SSBroyden1 approach!
[BFGS] batch=  20  call=   838  total=9.823e-04  PDE=4.846e-04 [colloc=3.728e-04, cfd=1.119e-04]  WALL=8.640e-18  DATA=1.548e-01
Invoked: SSBroyden1 approach!
[BFGS] batch=  20  call=   840  total=9.764e-04  PDE=4.839e-04 [colloc=3.710e-04, cfd=1.129e-04]  WALL=8.512e-18  DATA=1.550e-01
Invoked: SSBroyden1 approach!
[BFGS] batch=  20  call=   841  total=9.696e-04  PDE=4.803e-04 [colloc=3.670e-04, cfd=1.133e-04]  WALL=8.700e-18  DATA=1.552e-01
Invoked: SSBroyden1 approach!
[BFGS] batch=  20  call=   842  total=9.667e-04  PDE=4.771e-04 [colloc=3.637e-04, cfd=1.134e-04]  WALL=8.439e-18  DATA=1.553e-01
Invoked: SSBroyden1 approach!
[BFGS] batch=  20  call=   843  total=9.572e-04  PDE=4.749e-04 [colloc=3.621e-04, cfd=1.128e-04]  WALL=8.459e-18  DATA=1.554e-01
Invoked: SSBroyden1 approach!
[BFGS] batch=  20  call=   844  total=9.477e-04  PDE=4.717e-04 [colloc=3.600e-04, cfd=1.117e-04]  WALL=8.243e-18  DATA=1.552e-01
Invoked: SSBroyden1 approach!
[BFGS] batch=  20  call=   845  total=9.459e-04  PDE=4.707e-04 [colloc=3.584e-04, cfd=1.123e-04]  WALL=8.336e-18  DATA=1.551e-01
Invoked: SSBroyden1 approach!
[BFGS] batch=  20  call=   846  total=9.425e-04  PDE=4.690e-04 [colloc=3.569e-04, cfd=1.121e-04]  WALL=8.350e-18  DATA=1.551e-01
Invoked: SSBroyden1 approach!
[BFGS] batch=  20  call=   847  total=9.340e-04  PDE=4.663e-04 [colloc=3.549e-04, cfd=1.114e-04]  WALL=8.395e-18  DATA=1.551e-01
Invoked: SSBroyden1 approach!
[BFGS] batch=  20  call=   848  total=9.288e-04  PDE=4.599e-04 [colloc=3.491e-04, cfd=1.107e-04]  WALL=8.296e-18  DATA=1.551e-01
Invoked: SSBroyden1 approach!
[BFGS] batch=  20  call=   849  total=9.164e-04  PDE=4.574e-04 [colloc=3.469e-04, cfd=1.105e-04]  WALL=8.240e-18  DATA=1.553e-01
Invoked: SSBroyden1 approach!
[BFGS] batch=  20  call=   851  total=9.116e-04  PDE=4.546e-04 [colloc=3.439e-04, cfd=1.107e-04]  WALL=7.839e-18  DATA=1.554e-01
Invoked: SSBroyden1 approach!
[BFGS] batch=  20  call=   852  total=9.063e-04  PDE=4.512e-04 [colloc=3.409e-04, cfd=1.103e-04]  WALL=7.748e-18  DATA=1.554e-01
Invoked: SSBroyden1 approach!
[BFGS] batch=  20  call=   853  total=8.978e-04  PDE=4.501e-04 [colloc=3.403e-04, cfd=1.099e-04]  WALL=7.783e-18  DATA=1.555e-01
Invoked: SSBroyden1 approach!
[BFGS] batch=  20  call=   854  total=8.927e-04  PDE=4.521e-04 [colloc=3.428e-04, cfd=1.093e-04]  WALL=7.460e-18  DATA=1.556e-01
Invoked: SSBroyden1 approach!
[BFGS] batch=  20  call=   855  total=8.855e-04  PDE=4.482e-04 [colloc=3.394e-04, cfd=1.088e-04]  WALL=7.368e-18  DATA=1.556e-01
Invoked: SSBroyden1 approach!
[BFGS] batch=  20  call=   856  total=8.782e-04  PDE=4.455e-04 [colloc=3.370e-04, cfd=1.085e-04]  WALL=7.873e-18  DATA=1.557e-01
Invoked: SSBroyden1 approach!
[BFGS] batch=  20  call=   859  total=8.713e-04  PDE=4.449e-04 [colloc=3.365e-04, cfd=1.084e-04]  WALL=7.819e-18  DATA=1.557e-01
  [PT] w_u=0.4766 w_v=8.9927 gamma=0.584 (tau_u=2.098e+00 tau_v=1.112e-01 |Du|=7.25e-01 |DRu|=5.64e-01)
[PT] batch=  20  w=4.7347e+00
[BFGS] batch 20: H0 not PD — resetting to identity.
[BFGS-END] batch=  20  last_total=8.750e-04  last_PDE=4.449e-04 [colloc=3.365e-04, cfd=1.084e-04]  last_WALL=7.819e-18  last_DATA=1.557e-01
/oscar/home/jchen790/cylinder flow lab/src/cfp40.py:1342: OptimizeWarning: Unknown solver options: hess, hessp, bounds, constraints, tol
  result = minimize(
Invoked: SSBroyden1 approach!
[BFGS] batch=  21  call=   882  total=9.685e-04  PDE=5.068e-04 [colloc=4.081e-04, cfd=9.868e-05]  WALL=6.910e-18  DATA=1.557e-01
Invoked: SSBroyden1 approach!
[BFGS] batch=  21  call=   883  total=9.596e-04  PDE=5.004e-04 [colloc=4.019e-04, cfd=9.851e-05]  WALL=7.044e-18  DATA=1.556e-01
Invoked: SSBroyden1 approach!
[BFGS] batch=  21  call=   884  total=9.506e-04  PDE=4.964e-04 [colloc=3.981e-04, cfd=9.828e-05]  WALL=7.050e-18  DATA=1.556e-01
Invoked: SSBroyden1 approach!
[BFGS] batch=  21  call=   885  total=9.384e-04  PDE=4.873e-04 [colloc=3.895e-04, cfd=9.785e-05]  WALL=7.261e-18  DATA=1.557e-01
Invoked: SSBroyden1 approach!
[BFGS] batch=  21  call=   886  total=9.319e-04  PDE=4.840e-04 [colloc=3.868e-04, cfd=9.723e-05]  WALL=7.064e-18  DATA=1.561e-01
Invoked: SSBroyden1 approach!
[BFGS] batch=  21  call=   887  total=9.230e-04  PDE=4.810e-04 [colloc=3.839e-04, cfd=9.704e-05]  WALL=7.100e-18  DATA=1.560e-01
Invoked: SSBroyden1 approach!
[BFGS] batch=  21  call=   897  total=9.194e-04  PDE=4.801e-04 [colloc=3.833e-04, cfd=9.681e-05]  WALL=7.109e-18  DATA=1.560e-01
  [PT] w_u=0.5138 w_v=8.7616 gamma=0.581 (tau_u=1.946e+00 tau_v=1.141e-01 |Du|=2.16e-01 |DRu|=2.16e-01)
[BFGS-END] batch=  21  last_total=9.262e-04  last_PDE=4.801e-04 [colloc=3.833e-04, cfd=9.681e-05]  last_WALL=7.109e-18  last_DATA=1.560e-01
/oscar/home/jchen790/cylinder flow lab/src/cfp40.py:1342: OptimizeWarning: Unknown solver options: hess, hessp, bounds, constraints, tol
  result = minimize(
Invoked: SSBroyden1 approach!
[BFGS] batch=  22  call=   918  total=9.455e-04  PDE=4.952e-04 [colloc=3.995e-04, cfd=9.567e-05]  WALL=7.055e-18  DATA=1.560e-01
Invoked: SSBroyden1 approach!
[BFGS] batch=  22  call=   919  total=9.364e-04  PDE=4.875e-04 [colloc=3.915e-04, cfd=9.599e-05]  WALL=6.917e-18  DATA=1.560e-01
Invoked: SSBroyden1 approach!
[BFGS] batch=  22  call=   920  total=9.344e-04  PDE=4.818e-04 [colloc=3.855e-04, cfd=9.637e-05]  WALL=6.878e-18  DATA=1.560e-01
Invoked: SSBroyden1 approach!
[BFGS] batch=  22  call=   921  total=9.313e-04  PDE=4.794e-04 [colloc=3.833e-04, cfd=9.610e-05]  WALL=6.870e-18  DATA=1.560e-01
Invoked: SSBroyden1 approach!
[BFGS] batch=  22  call=   922  total=9.167e-04  PDE=4.763e-04 [colloc=3.804e-04, cfd=9.589e-05]  WALL=6.922e-18  DATA=1.560e-01
Invoked: SSBroyden1 approach!
[BFGS] batch=  22  call=   923  total=9.039e-04  PDE=4.669e-04 [colloc=3.718e-04, cfd=9.508e-05]  WALL=7.016e-18  DATA=1.560e-01
Invoked: SSBroyden1 approach!
[BFGS] batch=  22  call=   924  total=8.897e-04  PDE=4.611e-04 [colloc=3.659e-04, cfd=9.518e-05]  WALL=7.102e-18  DATA=1.562e-01
Invoked: SSBroyden1 approach!
[BFGS] batch=  22  call=   926  total=8.894e-04  PDE=4.567e-04 [colloc=3.613e-04, cfd=9.540e-05]  WALL=7.078e-18  DATA=1.563e-01
  [PT] w_u=0.5453 w_v=8.6349 gamma=0.579 (tau_u=1.834e+00 tau_v=1.158e-01 |Du|=4.32e-01 |DRu|=3.62e-01)
[BFGS-END] batch=  22  last_total=8.941e-04  last_PDE=4.567e-04 [colloc=3.613e-04, cfd=9.540e-05]  last_WALL=7.079e-18  last_DATA=1.563e-01
/oscar/home/jchen790/cylinder flow lab/src/cfp40.py:1342: OptimizeWarning: Unknown solver options: hess, hessp, bounds, constraints, tol
  result = minimize(
Invoked: SSBroyden1 approach!
[BFGS] batch=  23  call=   949  total=9.353e-04  PDE=4.957e-04 [colloc=3.992e-04, cfd=9.649e-05]  WALL=7.351e-18  DATA=1.562e-01
Invoked: SSBroyden1 approach!
[BFGS] batch=  23  call=   950  total=9.286e-04  PDE=4.842e-04 [colloc=3.870e-04, cfd=9.712e-05]  WALL=7.668e-18  DATA=1.562e-01
Invoked: SSBroyden1 approach!
[BFGS] batch=  23  call=   951  total=9.127e-04  PDE=4.750e-04 [colloc=3.787e-04, cfd=9.635e-05]  WALL=7.631e-18  DATA=1.563e-01
Invoked: SSBroyden1 approach!
[BFGS] batch=  23  call=   952  total=8.973e-04  PDE=4.600e-04 [colloc=3.638e-04, cfd=9.622e-05]  WALL=6.630e-18  DATA=1.565e-01
Invoked: SSBroyden1 approach!
[BFGS] batch=  23  call=   953  total=8.913e-04  PDE=4.569e-04 [colloc=3.589e-04, cfd=9.798e-05]  WALL=7.342e-18  DATA=1.567e-01
Invoked: SSBroyden1 approach!
[BFGS] batch=  23  call=   954  total=8.827e-04  PDE=4.534e-04 [colloc=3.559e-04, cfd=9.751e-05]  WALL=7.110e-18  DATA=1.568e-01
Invoked: SSBroyden1 approach!
[BFGS] batch=  23  call=   955  total=8.665e-04  PDE=4.492e-04 [colloc=3.522e-04, cfd=9.696e-05]  WALL=7.075e-18  DATA=1.570e-01
Invoked: SSBroyden1 approach!
[BFGS] batch=  23  call=   958  total=8.654e-04  PDE=4.480e-04 [colloc=3.513e-04, cfd=9.675e-05]  WALL=7.053e-18  DATA=1.570e-01
Invoked: SSBroyden1 approach!
[BFGS] batch=  23  call=   959  total=8.640e-04  PDE=4.471e-04 [colloc=3.508e-04, cfd=9.634e-05]  WALL=7.036e-18  DATA=1.570e-01
Invoked: SSBroyden1 approach!
[BFGS] batch=  23  call=   960  total=8.598e-04  PDE=4.461e-04 [colloc=3.501e-04, cfd=9.592e-05]  WALL=7.057e-18  DATA=1.570e-01
Invoked: SSBroyden1 approach!
[BFGS] batch=  23  call=   962  total=8.592e-04  PDE=4.452e-04 [colloc=3.494e-04, cfd=9.580e-05]  WALL=6.997e-18  DATA=1.570e-01
  [PT] w_u=0.5760 w_v=8.4495 gamma=0.578 (tau_u=1.736e+00 tau_v=1.184e-01 |Du|=4.82e-01 |DRu|=3.96e-01)
[BFGS-END] batch=  23  last_total=8.599e-04  last_PDE=4.452e-04 [colloc=3.494e-04, cfd=9.580e-05]  last_WALL=6.997e-18  last_DATA=1.570e-01
/oscar/home/jchen790/cylinder flow lab/src/cfp40.py:1342: OptimizeWarning: Unknown solver options: hess, hessp, bounds, constraints, tol
  result = minimize(
Invoked: SSBroyden1 approach!
[BFGS] batch=  24  call=   982  total=9.214e-04  PDE=4.872e-04 [colloc=3.867e-04, cfd=1.005e-04]  WALL=7.168e-18  DATA=1.575e-01
Invoked: SSBroyden1 approach!
[BFGS] batch=  24  call=   983  total=8.898e-04  PDE=4.687e-04 [colloc=3.686e-04, cfd=1.002e-04]  WALL=6.978e-18  DATA=1.578e-01
Invoked: SSBroyden1 approach!
[BFGS] batch=  24  call=   984  total=8.759e-04  PDE=4.535e-04 [colloc=3.531e-04, cfd=1.003e-04]  WALL=7.122e-18  DATA=1.577e-01
Invoked: SSBroyden1 approach!
[BFGS] batch=  24  call=   985  total=8.680e-04  PDE=4.522e-04 [colloc=3.518e-04, cfd=1.004e-04]  WALL=6.399e-18  DATA=1.577e-01
Invoked: SSBroyden1 approach!
[BFGS] batch=  24  call=   986  total=8.625e-04  PDE=4.463e-04 [colloc=3.457e-04, cfd=1.006e-04]  WALL=6.846e-18  DATA=1.578e-01
Invoked: SSBroyden1 approach!
[BFGS] batch=  24  call=   987  total=8.560e-04  PDE=4.483e-04 [colloc=3.466e-04, cfd=1.016e-04]  WALL=6.411e-18  DATA=1.578e-01
Invoked: SSBroyden1 approach!
[BFGS] batch=  24  call=   989  total=8.557e-04  PDE=4.473e-04 [colloc=3.457e-04, cfd=1.016e-04]  WALL=6.402e-18  DATA=1.578e-01
Invoked: SSBroyden1 approach!
[BFGS] batch=  24  call=   990  total=8.517e-04  PDE=4.470e-04 [colloc=3.455e-04, cfd=1.015e-04]  WALL=6.426e-18  DATA=1.578e-01
Invoked: SSBroyden1 approach!
[BFGS] batch=  24  call=   991  total=8.503e-04  PDE=4.437e-04 [colloc=3.431e-04, cfd=1.006e-04]  WALL=6.825e-18  DATA=1.578e-01
Invoked: SSBroyden1 approach!
[BFGS] batch=  24  call=   992  total=8.468e-04  PDE=4.422e-04 [colloc=3.418e-04, cfd=1.003e-04]  WALL=6.904e-18  DATA=1.578e-01
Invoked: SSBroyden1 approach!
[BFGS] batch=  24  call=   993  total=8.464e-04  PDE=4.404e-04 [colloc=3.398e-04, cfd=1.007e-04]  WALL=6.871e-18  DATA=1.578e-01
  [PT] w_u=0.5925 w_v=8.6204 gamma=0.578 (tau_u=1.688e+00 tau_v=1.160e-01 |Du|=3.87e-01 |DRu|=2.63e-01)
[BFGS-END] batch=  24  last_total=8.428e-04  last_PDE=4.401e-04 [colloc=3.395e-04, cfd=1.006e-04]  last_WALL=6.878e-18  last_DATA=1.578e-01
/oscar/home/jchen790/cylinder flow lab/src/cfp40.py:1342: OptimizeWarning: Unknown solver options: hess, hessp, bounds, constraints, tol
  result = minimize(
Invoked: SSBroyden1 approach!
[BFGS] batch=  25  call=  1013  total=9.030e-04  PDE=4.760e-04 [colloc=3.741e-04, cfd=1.019e-04]  WALL=6.192e-18  DATA=1.579e-01
Invoked: SSBroyden1 approach!
[BFGS] batch=  25  call=  1014  total=8.687e-04  PDE=4.574e-04 [colloc=3.523e-04, cfd=1.050e-04]  WALL=6.405e-18  DATA=1.583e-01
Invoked: SSBroyden1 approach!
[BFGS] batch=  25  call=  1016  total=8.588e-04  PDE=4.506e-04 [colloc=3.461e-04, cfd=1.045e-04]  WALL=6.642e-18  DATA=1.583e-01
Invoked: SSBroyden1 approach!
[BFGS] batch=  25  call=  1018  total=8.537e-04  PDE=4.488e-04 [colloc=3.448e-04, cfd=1.039e-04]  WALL=6.641e-18  DATA=1.583e-01
  [PT] w_u=0.6085 w_v=7.2460 gamma=0.579 (tau_u=1.643e+00 tau_v=1.380e-01 |Du|=3.09e-01 |DRu|=2.11e-01)
[BFGS-END] batch=  25  last_total=8.605e-04  last_PDE=4.488e-04 [colloc=3.448e-04, cfd=1.039e-04]  last_WALL=6.642e-18  last_DATA=1.583e-01
/oscar/home/jchen790/cylinder flow lab/src/cfp40.py:1342: OptimizeWarning: Unknown solver options: hess, hessp, bounds, constraints, tol
  result = minimize(
Invoked: SSBroyden1 approach!
[BFGS] batch=  26  call=  1039  total=9.083e-04  PDE=4.859e-04 [colloc=3.800e-04, cfd=1.059e-04]  WALL=6.274e-18  DATA=1.584e-01
Invoked: SSBroyden1 approach!
[BFGS] batch=  26  call=  1040  total=8.826e-04  PDE=4.709e-04 [colloc=3.673e-04, cfd=1.036e-04]  WALL=6.959e-18  DATA=1.586e-01
Invoked: SSBroyden1 approach!
[BFGS] batch=  26  call=  1042  total=8.729e-04  PDE=4.644e-04 [colloc=3.614e-04, cfd=1.030e-04]  WALL=6.676e-18  DATA=1.589e-01
Invoked: SSBroyden1 approach!
[BFGS] batch=  26  call=  1044  total=8.686e-04  PDE=4.608e-04 [colloc=3.568e-04, cfd=1.040e-04]  WALL=6.645e-18  DATA=1.590e-01
Invoked: SSBroyden1 approach!
[BFGS] batch=  26  call=  1045  total=8.681e-04  PDE=4.572e-04 [colloc=3.530e-04, cfd=1.042e-04]  WALL=6.701e-18  DATA=1.591e-01
Invoked: SSBroyden1 approach!
[BFGS] batch=  26  call=  1046  total=8.644e-04  PDE=4.567e-04 [colloc=3.524e-04, cfd=1.043e-04]  WALL=6.681e-18  DATA=1.591e-01
Invoked: SSBroyden1 approach!
[BFGS] batch=  26  call=  1047  total=8.600e-04  PDE=4.548e-04 [colloc=3.494e-04, cfd=1.054e-04]  WALL=6.367e-18  DATA=1.590e-01
Invoked: SSBroyden1 approach!
[BFGS] batch=  26  call=  1048  total=8.560e-04  PDE=4.531e-04 [colloc=3.459e-04, cfd=1.071e-04]  WALL=6.095e-18  DATA=1.592e-01
Invoked: SSBroyden1 approach!
[BFGS] batch=  26  call=  1049  total=8.502e-04  PDE=4.503e-04 [colloc=3.439e-04, cfd=1.064e-04]  WALL=6.284e-18  DATA=1.591e-01
Invoked: SSBroyden1 approach!
[BFGS] batch=  26  call=  1050  total=8.430e-04  PDE=4.481e-04 [colloc=3.426e-04, cfd=1.054e-04]  WALL=6.008e-18  DATA=1.589e-01
Invoked: SSBroyden1 approach!
[BFGS] batch=  26  call=  1051  total=8.418e-04  PDE=4.452e-04 [colloc=3.405e-04, cfd=1.047e-04]  WALL=6.547e-18  DATA=1.588e-01
Invoked: SSBroyden1 approach!
[BFGS] batch=  26  call=  1052  total=8.410e-04  PDE=4.442e-04 [colloc=3.396e-04, cfd=1.046e-04]  WALL=6.521e-18  DATA=1.589e-01
Invoked: SSBroyden1 approach!
[BFGS] batch=  26  call=  1053  total=8.366e-04  PDE=4.433e-04 [colloc=3.387e-04, cfd=1.046e-04]  WALL=6.511e-18  DATA=1.589e-01
Invoked: SSBroyden1 approach!
[BFGS] batch=  26  call=  1054  total=8.348e-04  PDE=4.400e-04 [colloc=3.350e-04, cfd=1.051e-04]  WALL=6.399e-18  DATA=1.590e-01
Invoked: SSBroyden1 approach!
[BFGS] batch=  26  call=  1055  total=8.313e-04  PDE=4.384e-04 [colloc=3.336e-04, cfd=1.047e-04]  WALL=6.319e-18  DATA=1.590e-01
Invoked: SSBroyden1 approach!
[BFGS] batch=  26  call=  1056  total=8.215e-04  PDE=4.350e-04 [colloc=3.308e-04, cfd=1.042e-04]  WALL=6.252e-18  DATA=1.590e-01
Invoked: SSBroyden1 approach!
[BFGS] batch=  26  call=  1057  total=8.093e-04  PDE=4.274e-04 [colloc=3.238e-04, cfd=1.036e-04]  WALL=6.087e-18  DATA=1.591e-01
Invoked: SSBroyden1 approach!
[BFGS] batch=  26  call=  1058  total=8.018e-04  PDE=4.229e-04 [colloc=3.179e-04, cfd=1.049e-04]  WALL=5.555e-18  DATA=1.591e-01
Invoked: SSBroyden1 approach!
[BFGS] batch=  26  call=  1059  total=7.938e-04  PDE=4.190e-04 [colloc=3.126e-04, cfd=1.063e-04]  WALL=5.723e-18  DATA=1.592e-01
Invoked: SSBroyden1 approach!
[BFGS] batch=  26  call=  1060  total=7.873e-04  PDE=4.189e-04 [colloc=3.121e-04, cfd=1.068e-04]  WALL=5.570e-18  DATA=1.593e-01
Invoked: SSBroyden1 approach!
[BFGS] batch=  26  call=  1061  total=7.823e-04  PDE=4.174e-04 [colloc=3.115e-04, cfd=1.059e-04]  WALL=5.361e-18  DATA=1.593e-01
Invoked: SSBroyden1 approach!
[BFGS] batch=  26  call=  1062  total=7.761e-04  PDE=4.165e-04 [colloc=3.112e-04, cfd=1.053e-04]  WALL=5.803e-18  DATA=1.593e-01
Invoked: SSBroyden1 approach!
[BFGS] batch=  26  call=  1063  total=7.681e-04  PDE=4.134e-04 [colloc=3.096e-04, cfd=1.038e-04]  WALL=5.466e-18  DATA=1.594e-01
Invoked: SSBroyden1 approach!
[BFGS] batch=  26  call=  1064  total=7.612e-04  PDE=4.091e-04 [colloc=3.070e-04, cfd=1.021e-04]  WALL=5.376e-18  DATA=1.594e-01
Invoked: SSBroyden1 approach!
[BFGS] batch=  26  call=  1065  total=7.547e-04  PDE=4.062e-04 [colloc=3.050e-04, cfd=1.012e-04]  WALL=5.290e-18  DATA=1.595e-01
Invoked: SSBroyden1 approach!
[BFGS] batch=  26  call=  1066  total=7.458e-04  PDE=4.016e-04 [colloc=3.029e-04, cfd=9.873e-05]  WALL=5.453e-18  DATA=1.594e-01
Invoked: SSBroyden1 approach!
[BFGS] batch=  26  call=  1067  total=7.366e-04  PDE=3.958e-04 [colloc=2.995e-04, cfd=9.629e-05]  WALL=5.185e-18  DATA=1.595e-01
Invoked: SSBroyden1 approach!
[BFGS] batch=  26  call=  1068  total=7.211e-04  PDE=3.887e-04 [colloc=2.937e-04, cfd=9.506e-05]  WALL=5.449e-18  DATA=1.592e-01
Invoked: SSBroyden1 approach!
[BFGS] batch=  26  call=  1069  total=7.186e-04  PDE=3.877e-04 [colloc=2.931e-04, cfd=9.456e-05]  WALL=4.580e-18  DATA=1.591e-01
Invoked: SSBroyden1 approach!
[BFGS] batch=  26  call=  1070  total=7.132e-04  PDE=3.854e-04 [colloc=2.913e-04, cfd=9.411e-05]  WALL=4.605e-18  DATA=1.591e-01
Invoked: SSBroyden1 approach!
[BFGS] batch=  26  call=  1071  total=7.048e-04  PDE=3.806e-04 [colloc=2.873e-04, cfd=9.333e-05]  WALL=4.505e-18  DATA=1.591e-01
Invoked: SSBroyden1 approach!
[BFGS] batch=  26  call=  1072  total=6.910e-04  PDE=3.735e-04 [colloc=2.814e-04, cfd=9.212e-05]  WALL=4.830e-18  DATA=1.592e-01
Invoked: SSBroyden1 approach!
[BFGS] batch=  26  call=  1073  total=6.767e-04  PDE=3.669e-04 [colloc=2.752e-04, cfd=9.175e-05]  WALL=4.809e-18  DATA=1.592e-01
Invoked: SSBroyden1 approach!
[BFGS] batch=  26  call=  1074  total=6.730e-04  PDE=3.673e-04 [colloc=2.751e-04, cfd=9.216e-05]  WALL=4.728e-18  DATA=1.597e-01
Invoked: SSBroyden1 approach!
[BFGS] batch=  26  call=  1075  total=6.652e-04  PDE=3.643e-04 [colloc=2.731e-04, cfd=9.121e-05]  WALL=5.064e-18  DATA=1.596e-01
Invoked: SSBroyden1 approach!
[BFGS] batch=  26  call=  1076  total=6.547e-04  PDE=3.585e-04 [colloc=2.681e-04, cfd=9.036e-05]  WALL=4.633e-18  DATA=1.595e-01
Invoked: SSBroyden1 approach!
[BFGS] batch=  26  call=  1077  total=6.539e-04  PDE=3.573e-04 [colloc=2.671e-04, cfd=9.023e-05]  WALL=5.409e-18  DATA=1.594e-01
Invoked: SSBroyden1 approach!
[BFGS] batch=  26  call=  1079  total=6.416e-04  PDE=3.545e-04 [colloc=2.650e-04, cfd=8.953e-05]  WALL=5.334e-18  DATA=1.593e-01
Invoked: SSBroyden1 approach!
[BFGS] batch=  26  call=  1080  total=6.366e-04  PDE=3.504e-04 [colloc=2.629e-04, cfd=8.754e-05]  WALL=4.730e-18  DATA=1.594e-01
Invoked: SSBroyden1 approach!
[BFGS] batch=  26  call=  1081  total=6.263e-04  PDE=3.467e-04 [colloc=2.604e-04, cfd=8.631e-05]  WALL=4.739e-18  DATA=1.593e-01
Invoked: SSBroyden1 approach!
[BFGS] batch=  26  call=  1082  total=6.213e-04  PDE=3.450e-04 [colloc=2.597e-04, cfd=8.531e-05]  WALL=4.968e-18  DATA=1.593e-01
Invoked: SSBroyden1 approach!
[BFGS] batch=  26  call=  1083  total=6.174e-04  PDE=3.413e-04 [colloc=2.571e-04, cfd=8.413e-05]  WALL=4.785e-18  DATA=1.593e-01
Invoked: SSBroyden1 approach!
[BFGS] batch=  26  call=  1084  total=6.051e-04  PDE=3.374e-04 [colloc=2.552e-04, cfd=8.224e-05]  WALL=4.741e-18  DATA=1.593e-01
Invoked: SSBroyden1 approach!
[BFGS] batch=  26  call=  1085  total=6.017e-04  PDE=3.347e-04 [colloc=2.541e-04, cfd=8.061e-05]  WALL=4.576e-18  DATA=1.593e-01
Invoked: SSBroyden1 approach!
[BFGS] batch=  26  call=  1086  total=5.974e-04  PDE=3.311e-04 [colloc=2.518e-04, cfd=7.930e-05]  WALL=4.577e-18  DATA=1.593e-01
Invoked: SSBroyden1 approach!
[BFGS] batch=  26  call=  1087  total=5.951e-04  PDE=3.274e-04 [colloc=2.495e-04, cfd=7.792e-05]  WALL=4.812e-18  DATA=1.593e-01
Invoked: SSBroyden1 approach!
[BFGS] batch=  26  call=  1088  total=5.880e-04  PDE=3.255e-04 [colloc=2.483e-04, cfd=7.720e-05]  WALL=4.642e-18  DATA=1.594e-01
Invoked: SSBroyden1 approach!
[BFGS] batch=  26  call=  1089  total=5.807e-04  PDE=3.223e-04 [colloc=2.476e-04, cfd=7.468e-05]  WALL=4.659e-18  DATA=1.593e-01
Invoked: SSBroyden1 approach!
[BFGS] batch=  26  call=  1090  total=5.731e-04  PDE=3.184e-04 [colloc=2.464e-04, cfd=7.199e-05]  WALL=4.520e-18  DATA=1.594e-01
Invoked: SSBroyden1 approach!
[BFGS] batch=  26  call=  1092  total=5.691e-04  PDE=3.163e-04 [colloc=2.446e-04, cfd=7.169e-05]  WALL=4.444e-18  DATA=1.593e-01
Invoked: SSBroyden1 approach!
[BFGS] batch=  26  call=  1093  total=5.649e-04  PDE=3.134e-04 [colloc=2.418e-04, cfd=7.162e-05]  WALL=4.830e-18  DATA=1.593e-01
Invoked: SSBroyden1 approach!
[BFGS] batch=  26  call=  1094  total=5.643e-04  PDE=3.115e-04 [colloc=2.409e-04, cfd=7.063e-05]  WALL=4.898e-18  DATA=1.591e-01
Invoked: SSBroyden1 approach!
[BFGS] batch=  26  call=  1095  total=5.576e-04  PDE=3.109e-04 [colloc=2.405e-04, cfd=7.042e-05]  WALL=4.896e-18  DATA=1.590e-01
Invoked: SSBroyden1 approach!
[BFGS] batch=  26  call=  1096  total=5.533e-04  PDE=3.086e-04 [colloc=2.388e-04, cfd=6.981e-05]  WALL=4.999e-18  DATA=1.588e-01
Invoked: SSBroyden1 approach!
[BFGS] batch=  26  call=  1097  total=5.495e-04  PDE=3.068e-04 [colloc=2.370e-04, cfd=6.980e-05]  WALL=5.384e-18  DATA=1.588e-01
Invoked: SSBroyden1 approach!
[BFGS] batch=  26  call=  1098  total=5.467e-04  PDE=3.051e-04 [colloc=2.350e-04, cfd=7.018e-05]  WALL=5.051e-18  DATA=1.589e-01
Invoked: SSBroyden1 approach!
[BFGS] batch=  26  call=  1099  total=5.433e-04  PDE=3.031e-04 [colloc=2.332e-04, cfd=6.997e-05]  WALL=5.054e-18  DATA=1.589e-01
Invoked: SSBroyden1 approach!
[BFGS] batch=  26  call=  1100  total=5.367e-04  PDE=3.010e-04 [colloc=2.313e-04, cfd=6.966e-05]  WALL=4.945e-18  DATA=1.589e-01
Invoked: SSBroyden1 approach!
[BFGS] batch=  26  call=  1101  total=5.297e-04  PDE=2.983e-04 [colloc=2.290e-04, cfd=6.930e-05]  WALL=4.473e-18  DATA=1.590e-01
Invoked: SSBroyden1 approach!
[BFGS] batch=  26  call=  1102  total=5.252e-04  PDE=2.969e-04 [colloc=2.284e-04, cfd=6.848e-05]  WALL=4.464e-18  DATA=1.592e-01
Invoked: SSBroyden1 approach!
[BFGS] batch=  26  call=  1103  total=5.228e-04  PDE=2.934e-04 [colloc=2.254e-04, cfd=6.802e-05]  WALL=4.720e-18  DATA=1.592e-01
Invoked: SSBroyden1 approach!
[BFGS] batch=  26  call=  1104  total=5.204e-04  PDE=2.916e-04 [colloc=2.234e-04, cfd=6.813e-05]  WALL=4.559e-18  DATA=1.593e-01
Invoked: SSBroyden1 approach!
[BFGS] batch=  26  call=  1105  total=5.163e-04  PDE=2.900e-04 [colloc=2.219e-04, cfd=6.811e-05]  WALL=4.667e-18  DATA=1.592e-01
Invoked: SSBroyden1 approach!
[BFGS] batch=  26  call=  1106  total=5.116e-04  PDE=2.882e-04 [colloc=2.207e-04, cfd=6.750e-05]  WALL=4.583e-18  DATA=1.591e-01
Invoked: SSBroyden1 approach!
[BFGS] batch=  26  call=  1107  total=5.071e-04  PDE=2.854e-04 [colloc=2.192e-04, cfd=6.626e-05]  WALL=4.867e-18  DATA=1.591e-01
Invoked: SSBroyden1 approach!
[BFGS] batch=  26  call=  1108  total=5.062e-04  PDE=2.848e-04 [colloc=2.204e-04, cfd=6.438e-05]  WALL=4.641e-18  DATA=1.590e-01
Invoked: SSBroyden1 approach!
[BFGS] batch=  26  call=  1115  total=5.051e-04  PDE=2.840e-04 [colloc=2.197e-04, cfd=6.432e-05]  WALL=4.663e-18  DATA=1.590e-01
Invoked: SSBroyden1 approach!
[BFGS] batch=  26  call=  1116  total=5.041e-04  PDE=2.831e-04 [colloc=2.188e-04, cfd=6.426e-05]  WALL=4.680e-18  DATA=1.590e-01
Invoked: SSBroyden1 approach!
[BFGS] batch=  26  call=  1117  total=5.034e-04  PDE=2.821e-04 [colloc=2.180e-04, cfd=6.410e-05]  WALL=4.701e-18  DATA=1.589e-01
Invoked: SSBroyden1 approach!
[BFGS] batch=  26  call=  1118  total=4.973e-04  PDE=2.814e-04 [colloc=2.174e-04, cfd=6.403e-05]  WALL=4.698e-18  DATA=1.589e-01
Invoked: SSBroyden1 approach!
[BFGS] batch=  26  call=  1119  total=4.928e-04  PDE=2.789e-04 [colloc=2.149e-04, cfd=6.399e-05]  WALL=4.741e-18  DATA=1.590e-01
Invoked: SSBroyden1 approach!
[BFGS] batch=  26  call=  1120  total=4.925e-04  PDE=2.783e-04 [colloc=2.151e-04, cfd=6.312e-05]  WALL=4.373e-18  DATA=1.591e-01
Invoked: SSBroyden1 approach!
[BFGS] batch=  26  call=  1122  total=4.900e-04  PDE=2.772e-04 [colloc=2.142e-04, cfd=6.298e-05]  WALL=4.362e-18  DATA=1.591e-01
Invoked: SSBroyden1 approach!
[BFGS] batch=  26  call=  1123  total=4.893e-04  PDE=2.756e-04 [colloc=2.129e-04, cfd=6.275e-05]  WALL=4.336e-18  DATA=1.591e-01
Invoked: SSBroyden1 approach!
[BFGS] batch=  26  call=  1124  total=4.837e-04  PDE=2.750e-04 [colloc=2.124e-04, cfd=6.262e-05]  WALL=4.371e-18  DATA=1.591e-01
Invoked: SSBroyden1 approach!
[BFGS] batch=  26  call=  1125  total=4.818e-04  PDE=2.723e-04 [colloc=2.118e-04, cfd=6.049e-05]  WALL=4.593e-18  DATA=1.589e-01
Invoked: SSBroyden1 approach!
[BFGS] batch=  26  call=  1126  total=4.778e-04  PDE=2.706e-04 [colloc=2.104e-04, cfd=6.015e-05]  WALL=4.630e-18  DATA=1.589e-01
Invoked: SSBroyden1 approach!
[BFGS] batch=  26  call=  1127  total=4.712e-04  PDE=2.682e-04 [colloc=2.091e-04, cfd=5.917e-05]  WALL=4.501e-18  DATA=1.589e-01
Invoked: SSBroyden1 approach!
[BFGS] batch=  26  call=  1129  total=4.682e-04  PDE=2.662e-04 [colloc=2.072e-04, cfd=5.898e-05]  WALL=4.800e-18  DATA=1.589e-01
Invoked: SSBroyden1 approach!
[BFGS] batch=  26  call=  1130  total=4.675e-04  PDE=2.647e-04 [colloc=2.054e-04, cfd=5.925e-05]  WALL=4.494e-18  DATA=1.588e-01
Invoked: SSBroyden1 approach!
[BFGS] batch=  26  call=  1141  total=4.634e-04  PDE=2.641e-04 [colloc=2.050e-04, cfd=5.908e-05]  WALL=4.532e-18  DATA=1.589e-01
Invoked: SSBroyden1 approach!
[BFGS] batch=  26  call=  1149  total=4.631e-04  PDE=2.622e-04 [colloc=2.039e-04, cfd=5.832e-05]  WALL=4.605e-18  DATA=1.591e-01
Invoked: SSBroyden1 approach!
[BFGS] batch=  26  call=  1151  total=4.614e-04  PDE=2.609e-04 [colloc=2.027e-04, cfd=5.822e-05]  WALL=4.684e-18  DATA=1.591e-01
Invoked: SSBroyden1 approach!
[BFGS] batch=  26  call=  1152  total=4.582e-04  PDE=2.590e-04 [colloc=2.012e-04, cfd=5.776e-05]  WALL=4.723e-18  DATA=1.592e-01
Invoked: SSBroyden1 approach!
[BFGS] batch=  26  call=  1153  total=4.525e-04  PDE=2.560e-04 [colloc=1.991e-04, cfd=5.685e-05]  WALL=4.621e-18  DATA=1.592e-01
Invoked: SSBroyden1 approach!
[BFGS] batch=  26  call=  1154  total=4.465e-04  PDE=2.537e-04 [colloc=1.977e-04, cfd=5.601e-05]  WALL=5.014e-18  DATA=1.595e-01
Invoked: SSBroyden1 approach!
[BFGS] batch=  26  call=  1164  total=4.461e-04  PDE=2.530e-04 [colloc=1.972e-04, cfd=5.576e-05]  WALL=4.967e-18  DATA=1.594e-01
Invoked: SSBroyden1 approach!
[BFGS] batch=  26  call=  1171  total=4.453e-04  PDE=2.526e-04 [colloc=1.970e-04, cfd=5.569e-05]  WALL=4.896e-18  DATA=1.594e-01
Invoked: SSBroyden1 approach!
[BFGS] batch=  26  call=  1172  total=4.446e-04  PDE=2.521e-04 [colloc=1.967e-04, cfd=5.544e-05]  WALL=4.844e-18  DATA=1.594e-01
Invoked: SSBroyden1 approach!
[BFGS] batch=  26  call=  1173  total=4.406e-04  PDE=2.515e-04 [colloc=1.962e-04, cfd=5.530e-05]  WALL=4.808e-18  DATA=1.595e-01
Invoked: SSBroyden1 approach!
[BFGS] batch=  26  call=  1174  total=4.386e-04  PDE=2.495e-04 [colloc=1.955e-04, cfd=5.402e-05]  WALL=4.550e-18  DATA=1.596e-01
Invoked: SSBroyden1 approach!
[BFGS] batch=  26  call=  1175  total=4.359e-04  PDE=2.479e-04 [colloc=1.944e-04, cfd=5.356e-05]  WALL=4.429e-18  DATA=1.596e-01
Invoked: SSBroyden1 approach!
[BFGS] batch=  26  call=  1176  total=4.334e-04  PDE=2.462e-04 [colloc=1.934e-04, cfd=5.278e-05]  WALL=4.326e-18  DATA=1.597e-01
Invoked: SSBroyden1 approach!
[BFGS] batch=  26  call=  1177  total=4.267e-04  PDE=2.438e-04 [colloc=1.920e-04, cfd=5.180e-05]  WALL=4.150e-18  DATA=1.598e-01
Invoked: SSBroyden1 approach!
[BFGS] batch=  26  call=  1179  total=4.265e-04  PDE=2.426e-04 [colloc=1.908e-04, cfd=5.176e-05]  WALL=4.323e-18  DATA=1.598e-01
Invoked: SSBroyden1 approach!
[BFGS] batch=  26  call=  1181  total=4.223e-04  PDE=2.416e-04 [colloc=1.901e-04, cfd=5.145e-05]  WALL=4.210e-18  DATA=1.598e-01
Invoked: SSBroyden1 approach!
[BFGS] batch=  26  call=  1182  total=4.213e-04  PDE=2.408e-04 [colloc=1.914e-04, cfd=4.944e-05]  WALL=4.324e-18  DATA=1.597e-01
Invoked: SSBroyden1 approach!
[BFGS] batch=  26  call=  1183  total=4.190e-04  PDE=2.396e-04 [colloc=1.904e-04, cfd=4.913e-05]  WALL=4.311e-18  DATA=1.598e-01
Invoked: SSBroyden1 approach!
[BFGS] batch=  26  call=  1184  total=4.162e-04  PDE=2.369e-04 [colloc=1.883e-04, cfd=4.864e-05]  WALL=4.230e-18  DATA=1.597e-01
Invoked: SSBroyden1 approach!
[BFGS] batch=  26  call=  1185  total=4.120e-04  PDE=2.340e-04 [colloc=1.857e-04, cfd=4.828e-05]  WALL=4.474e-18  DATA=1.597e-01
Invoked: SSBroyden1 approach!
[BFGS] batch=  26  call=  1186  total=4.063e-04  PDE=2.301e-04 [colloc=1.822e-04, cfd=4.790e-05]  WALL=4.268e-18  DATA=1.597e-01
Invoked: SSBroyden1 approach!
[BFGS] batch=  26  call=  1188  total=4.034e-04  PDE=2.281e-04 [colloc=1.808e-04, cfd=4.730e-05]  WALL=4.431e-18  DATA=1.598e-01
Invoked: SSBroyden1 approach!
[BFGS] batch=  26  call=  1189  total=4.004e-04  PDE=2.253e-04 [colloc=1.788e-04, cfd=4.658e-05]  WALL=4.428e-18  DATA=1.597e-01
Invoked: SSBroyden1 approach!
[BFGS] batch=  26  call=  1190  total=4.000e-04  PDE=2.228e-04 [colloc=1.771e-04, cfd=4.575e-05]  WALL=4.290e-18  DATA=1.595e-01
Invoked: SSBroyden1 approach!
[BFGS] batch=  26  call=  1191  total=3.981e-04  PDE=2.221e-04 [colloc=1.765e-04, cfd=4.563e-05]  WALL=4.314e-18  DATA=1.595e-01
Invoked: SSBroyden1 approach!
[BFGS] batch=  26  call=  1192  total=3.966e-04  PDE=2.194e-04 [colloc=1.742e-04, cfd=4.515e-05]  WALL=4.383e-18  DATA=1.595e-01
Invoked: SSBroyden1 approach!
[BFGS] batch=  26  call=  1193  total=3.942e-04  PDE=2.179e-04 [colloc=1.731e-04, cfd=4.480e-05]  WALL=4.400e-18  DATA=1.596e-01
Invoked: SSBroyden1 approach!
[BFGS] batch=  26  call=  1194  total=3.932e-04  PDE=2.163e-04 [colloc=1.717e-04, cfd=4.452e-05]  WALL=4.515e-18  DATA=1.597e-01
Invoked: SSBroyden1 approach!
[BFGS] batch=  26  call=  1195  total=3.880e-04  PDE=2.151e-04 [colloc=1.709e-04, cfd=4.419e-05]  WALL=4.531e-18  DATA=1.597e-01
Invoked: SSBroyden1 approach!
[BFGS] batch=  26  call=  1196  total=3.877e-04  PDE=2.123e-04 [colloc=1.692e-04, cfd=4.311e-05]  WALL=5.005e-18  DATA=1.596e-01
Invoked: SSBroyden1 approach!
[BFGS] batch=  26  call=  1197  total=3.872e-04  PDE=2.120e-04 [colloc=1.689e-04, cfd=4.305e-05]  WALL=4.996e-18  DATA=1.596e-01
Invoked: SSBroyden1 approach!
[BFGS] batch=  26  call=  1198  total=3.837e-04  PDE=2.115e-04 [colloc=1.685e-04, cfd=4.299e-05]  WALL=4.988e-18  DATA=1.597e-01
Invoked: SSBroyden1 approach!
[BFGS] batch=  26  call=  1199  total=3.787e-04  PDE=2.095e-04 [colloc=1.668e-04, cfd=4.270e-05]  WALL=4.600e-18  DATA=1.598e-01
Invoked: SSBroyden1 approach!
[BFGS] batch=  26  call=  1208  total=3.780e-04  PDE=2.085e-04 [colloc=1.661e-04, cfd=4.241e-05]  WALL=4.669e-18  DATA=1.598e-01
Invoked: SSBroyden1 approach!
[BFGS] batch=  26  call=  1209  total=3.774e-04  PDE=2.079e-04 [colloc=1.656e-04, cfd=4.229e-05]  WALL=4.628e-18  DATA=1.598e-01
Invoked: SSBroyden1 approach!
[BFGS] batch=  26  call=  1210  total=3.753e-04  PDE=2.074e-04 [colloc=1.653e-04, cfd=4.213e-05]  WALL=4.625e-18  DATA=1.598e-01
Invoked: SSBroyden1 approach!
[BFGS] batch=  26  call=  1211  total=3.740e-04  PDE=2.061e-04 [colloc=1.644e-04, cfd=4.179e-05]  WALL=4.493e-18  DATA=1.599e-01
Invoked: SSBroyden1 approach!
[BFGS] batch=  26  call=  1212  total=3.717e-04  PDE=2.050e-04 [colloc=1.635e-04, cfd=4.151e-05]  WALL=4.531e-18  DATA=1.599e-01
Invoked: SSBroyden1 approach!
[BFGS] batch=  26  call=  1213  total=3.684e-04  PDE=2.048e-04 [colloc=1.638e-04, cfd=4.105e-05]  WALL=4.389e-18  DATA=1.600e-01
Invoked: SSBroyden1 approach!
[BFGS] batch=  26  call=  1221  total=3.650e-04  PDE=2.052e-04 [colloc=1.633e-04, cfd=4.186e-05]  WALL=4.405e-18  DATA=1.601e-01
  [PT] w_u=0.6618 w_v=7.9851 gamma=0.530 (tau_u=1.511e+00 tau_v=1.252e-01 |Du|=1.21e+00 |DRu|=1.56e+00)
[BFGS] batch 26: H0 not PD — resetting to identity.
[BFGS-END] batch=  26  last_total=3.684e-04  last_PDE=2.052e-04 [colloc=1.633e-04, cfd=4.186e-05]  last_WALL=4.404e-18  last_DATA=1.601e-01
/oscar/home/jchen790/cylinder flow lab/src/cfp40.py:1342: OptimizeWarning: Unknown solver options: hess, hessp, bounds, constraints, tol
  result = minimize(
Invoked: SSBroyden1 approach!
[BFGS] batch=  27  call=  1242  total=5.397e-04  PDE=3.258e-04 [colloc=2.830e-04, cfd=4.289e-05]  WALL=2.396e-18  DATA=1.600e-01
Invoked: SSBroyden1 approach!
[BFGS] batch=  27  call=  1243  total=5.228e-04  PDE=3.145e-04 [colloc=2.716e-04, cfd=4.289e-05]  WALL=2.397e-18  DATA=1.601e-01
Invoked: SSBroyden1 approach!
[BFGS] batch=  27  call=  1244  total=5.092e-04  PDE=3.053e-04 [colloc=2.607e-04, cfd=4.457e-05]  WALL=2.365e-18  DATA=1.604e-01
Invoked: SSBroyden1 approach!
[BFGS] batch=  27  call=  1245  total=4.947e-04  PDE=2.949e-04 [colloc=2.527e-04, cfd=4.227e-05]  WALL=2.482e-18  DATA=1.604e-01
Invoked: SSBroyden1 approach!
[BFGS] batch=  27  call=  1246  total=4.814e-04  PDE=2.890e-04 [colloc=2.456e-04, cfd=4.339e-05]  WALL=2.831e-18  DATA=1.602e-01
Invoked: SSBroyden1 approach!
[BFGS] batch=  27  call=  1247  total=4.780e-04  PDE=2.859e-04 [colloc=2.422e-04, cfd=4.373e-05]  WALL=2.882e-18  DATA=1.602e-01
Invoked: SSBroyden1 approach!
[BFGS] batch=  27  call=  1248  total=4.730e-04  PDE=2.820e-04 [colloc=2.387e-04, cfd=4.329e-05]  WALL=2.859e-18  DATA=1.603e-01
Invoked: SSBroyden1 approach!
[BFGS] batch=  27  call=  1249  total=4.645e-04  PDE=2.774e-04 [colloc=2.342e-04, cfd=4.321e-05]  WALL=2.957e-18  DATA=1.603e-01
Invoked: SSBroyden1 approach!
[BFGS] batch=  27  call=  1250  total=4.524e-04  PDE=2.691e-04 [colloc=2.254e-04, cfd=4.363e-05]  WALL=3.053e-18  DATA=1.603e-01
Invoked: SSBroyden1 approach!
[BFGS] batch=  27  call=  1251  total=4.377e-04  PDE=2.584e-04 [colloc=2.172e-04, cfd=4.120e-05]  WALL=2.988e-18  DATA=1.604e-01
Invoked: SSBroyden1 approach!
[BFGS] batch=  27  call=  1252  total=4.233e-04  PDE=2.486e-04 [colloc=2.078e-04, cfd=4.072e-05]  WALL=2.927e-18  DATA=1.604e-01
Invoked: SSBroyden1 approach!
[BFGS] batch=  27  call=  1253  total=4.126e-04  PDE=2.405e-04 [colloc=2.001e-04, cfd=4.036e-05]  WALL=3.226e-18  DATA=1.604e-01
Invoked: SSBroyden1 approach!
[BFGS] batch=  27  call=  1254  total=3.975e-04  PDE=2.335e-04 [colloc=1.929e-04, cfd=4.052e-05]  WALL=3.562e-18  DATA=1.602e-01
Invoked: SSBroyden1 approach!
[BFGS] batch=  27  call=  1255  total=3.885e-04  PDE=2.255e-04 [colloc=1.844e-04, cfd=4.110e-05]  WALL=3.643e-18  DATA=1.602e-01
Invoked: SSBroyden1 approach!
[BFGS] batch=  27  call=  1256  total=3.833e-04  PDE=2.222e-04 [colloc=1.814e-04, cfd=4.087e-05]  WALL=3.424e-18  DATA=1.602e-01
Invoked: SSBroyden1 approach!
[BFGS] batch=  27  call=  1257  total=3.762e-04  PDE=2.170e-04 [colloc=1.765e-04, cfd=4.050e-05]  WALL=3.580e-18  DATA=1.603e-01
Invoked: SSBroyden1 approach!
[BFGS] batch=  27  call=  1258  total=3.700e-04  PDE=2.146e-04 [colloc=1.725e-04, cfd=4.207e-05]  WALL=3.720e-18  DATA=1.604e-01
Invoked: SSBroyden1 approach!
[BFGS] batch=  27  call=  1259  total=3.667e-04  PDE=2.115e-04 [colloc=1.711e-04, cfd=4.043e-05]  WALL=3.790e-18  DATA=1.605e-01
Invoked: SSBroyden1 approach!
[BFGS] batch=  27  call=  1260  total=3.629e-04  PDE=2.089e-04 [colloc=1.688e-04, cfd=4.012e-05]  WALL=3.748e-18  DATA=1.606e-01
Invoked: SSBroyden1 approach!
[BFGS] batch=  27  call=  1261  total=3.591e-04  PDE=2.066e-04 [colloc=1.670e-04, cfd=3.964e-05]  WALL=4.029e-18  DATA=1.606e-01
Invoked: SSBroyden1 approach!
[BFGS] batch=  27  call=  1263  total=3.575e-04  PDE=2.055e-04 [colloc=1.658e-04, cfd=3.967e-05]  WALL=3.835e-18  DATA=1.606e-01
Invoked: SSBroyden1 approach!
[BFGS] batch=  27  call=  1264  total=3.561e-04  PDE=2.040e-04 [colloc=1.647e-04, cfd=3.924e-05]  WALL=3.847e-18  DATA=1.606e-01
Invoked: SSBroyden1 approach!
[BFGS] batch=  27  call=  1265  total=3.510e-04  PDE=2.027e-04 [colloc=1.637e-04, cfd=3.896e-05]  WALL=3.778e-18  DATA=1.606e-01
Invoked: SSBroyden1 approach!
[BFGS] batch=  27  call=  1267  total=3.499e-04  PDE=2.011e-04 [colloc=1.624e-04, cfd=3.872e-05]  WALL=3.852e-18  DATA=1.607e-01
Invoked: SSBroyden1 approach!
[BFGS] batch=  27  call=  1268  total=3.487e-04  PDE=2.000e-04 [colloc=1.612e-04, cfd=3.878e-05]  WALL=3.801e-18  DATA=1.607e-01
Invoked: SSBroyden1 approach!
[BFGS] batch=  27  call=  1269  total=3.461e-04  PDE=1.988e-04 [colloc=1.602e-04, cfd=3.863e-05]  WALL=3.820e-18  DATA=1.608e-01
Invoked: SSBroyden1 approach!
[BFGS] batch=  27  call=  1270  total=3.429e-04  PDE=1.973e-04 [colloc=1.585e-04, cfd=3.882e-05]  WALL=3.703e-18  DATA=1.609e-01
Invoked: SSBroyden1 approach!
[BFGS] batch=  27  call=  1271  total=3.421e-04  PDE=1.958e-04 [colloc=1.565e-04, cfd=3.926e-05]  WALL=3.765e-18  DATA=1.610e-01
Invoked: SSBroyden1 approach!
[BFGS] batch=  27  call=  1272  total=3.389e-04  PDE=1.950e-04 [colloc=1.559e-04, cfd=3.917e-05]  WALL=3.725e-18  DATA=1.610e-01
Invoked: SSBroyden1 approach!
[BFGS] batch=  27  call=  1273  total=3.379e-04  PDE=1.928e-04 [colloc=1.539e-04, cfd=3.888e-05]  WALL=3.737e-18  DATA=1.611e-01
Invoked: SSBroyden1 approach!
[BFGS] batch=  27  call=  1274  total=3.358e-04  PDE=1.921e-04 [colloc=1.533e-04, cfd=3.874e-05]  WALL=3.708e-18  DATA=1.611e-01
Invoked: SSBroyden1 approach!
[BFGS] batch=  27  call=  1275  total=3.351e-04  PDE=1.916e-04 [colloc=1.526e-04, cfd=3.898e-05]  WALL=3.567e-18  DATA=1.610e-01
Invoked: SSBroyden1 approach!
[BFGS] batch=  27  call=  1276  total=3.336e-04  PDE=1.910e-04 [colloc=1.519e-04, cfd=3.905e-05]  WALL=3.589e-18  DATA=1.611e-01
Invoked: SSBroyden1 approach!
[BFGS] batch=  27  call=  1277  total=3.325e-04  PDE=1.902e-04 [colloc=1.512e-04, cfd=3.905e-05]  WALL=3.596e-18  DATA=1.611e-01
Invoked: SSBroyden1 approach!
[BFGS] batch=  27  call=  1278  total=3.310e-04  PDE=1.893e-04 [colloc=1.503e-04, cfd=3.901e-05]  WALL=3.606e-18  DATA=1.610e-01
Invoked: SSBroyden1 approach!
[BFGS] batch=  27  call=  1279  total=3.302e-04  PDE=1.887e-04 [colloc=1.500e-04, cfd=3.873e-05]  WALL=3.627e-18  DATA=1.611e-01
Invoked: SSBroyden1 approach!
[BFGS] batch=  27  call=  1280  total=3.267e-04  PDE=1.880e-04 [colloc=1.494e-04, cfd=3.861e-05]  WALL=3.614e-18  DATA=1.612e-01
Invoked: SSBroyden1 approach!
[BFGS] batch=  27  call=  1282  total=3.254e-04  PDE=1.873e-04 [colloc=1.489e-04, cfd=3.843e-05]  WALL=3.643e-18  DATA=1.611e-01
Invoked: SSBroyden1 approach!
[BFGS] batch=  27  call=  1283  total=3.249e-04  PDE=1.862e-04 [colloc=1.479e-04, cfd=3.834e-05]  WALL=3.681e-18  DATA=1.612e-01
  [PT] w_u=0.6944 w_v=8.2711 gamma=0.501 (tau_u=1.440e+00 tau_v=1.209e-01 |Du|=5.79e-01 |DRu|=4.57e-01)
[BFGS-END] batch=  27  last_total=3.248e-04  last_PDE=1.861e-04 [colloc=1.478e-04, cfd=3.831e-05]  last_WALL=3.677e-18  last_DATA=1.612e-01
/oscar/home/jchen790/cylinder flow lab/src/cfp40.py:1342: OptimizeWarning: Unknown solver options: hess, hessp, bounds, constraints, tol
  result = minimize(
Invoked: SSBroyden1 approach!
[BFGS] batch=  28  call=  1305  total=3.660e-04  PDE=2.158e-04 [colloc=1.773e-04, cfd=3.853e-05]  WALL=3.116e-18  DATA=1.616e-01
Invoked: SSBroyden1 approach!
[BFGS] batch=  28  call=  1307  total=3.408e-04  PDE=2.021e-04 [colloc=1.652e-04, cfd=3.694e-05]  WALL=2.902e-18  DATA=1.618e-01
Invoked: SSBroyden1 approach!
[BFGS] batch=  28  call=  1309  total=3.304e-04  PDE=1.932e-04 [colloc=1.562e-04, cfd=3.695e-05]  WALL=3.285e-18  DATA=1.618e-01
Invoked: SSBroyden1 approach!
[BFGS] batch=  28  call=  1310  total=3.246e-04  PDE=1.909e-04 [colloc=1.540e-04, cfd=3.695e-05]  WALL=3.451e-18  DATA=1.621e-01
Invoked: SSBroyden1 approach!
[BFGS] batch=  28  call=  1312  total=3.218e-04  PDE=1.897e-04 [colloc=1.530e-04, cfd=3.672e-05]  WALL=3.555e-18  DATA=1.622e-01
Invoked: SSBroyden1 approach!
[BFGS] batch=  28  call=  1313  total=3.201e-04  PDE=1.882e-04 [colloc=1.518e-04, cfd=3.638e-05]  WALL=3.565e-18  DATA=1.622e-01
Invoked: SSBroyden1 approach!
[BFGS] batch=  28  call=  1314  total=3.163e-04  PDE=1.864e-04 [colloc=1.500e-04, cfd=3.630e-05]  WALL=3.509e-18  DATA=1.623e-01
Invoked: SSBroyden1 approach!
[BFGS] batch=  28  call=  1315  total=3.147e-04  PDE=1.839e-04 [colloc=1.476e-04, cfd=3.636e-05]  WALL=3.342e-18  DATA=1.621e-01
Invoked: SSBroyden1 approach!
[BFGS] batch=  28  call=  1316  total=3.126e-04  PDE=1.826e-04 [colloc=1.463e-04, cfd=3.630e-05]  WALL=3.313e-18  DATA=1.622e-01
Invoked: SSBroyden1 approach!
[BFGS] batch=  28  call=  1317  total=3.106e-04  PDE=1.820e-04 [colloc=1.454e-04, cfd=3.653e-05]  WALL=3.214e-18  DATA=1.622e-01
Invoked: SSBroyden1 approach!
[BFGS] batch=  28  call=  1318  total=3.081e-04  PDE=1.809e-04 [colloc=1.443e-04, cfd=3.665e-05]  WALL=3.223e-18  DATA=1.622e-01
  [PT] w_u=0.6652 w_v=7.7976 gamma=0.489 (tau_u=1.503e+00 tau_v=1.282e-01 |Du|=4.92e-01 |DRu|=2.39e-01)
[BFGS-END] batch=  28  last_total=3.080e-04  last_PDE=1.809e-04 [colloc=1.442e-04, cfd=3.662e-05]  last_WALL=3.222e-18  last_DATA=1.622e-01
/oscar/home/jchen790/cylinder flow lab/src/cfp40.py:1342: OptimizeWarning: Unknown solver options: hess, hessp, bounds, constraints, tol
  result = minimize(
Invoked: SSBroyden1 approach!
[BFGS] batch=  29  call=  1341  total=3.979e-04  PDE=2.396e-04 [colloc=2.008e-04, cfd=3.884e-05]  WALL=2.992e-18  DATA=1.623e-01
Invoked: SSBroyden1 approach!
[BFGS] batch=  29  call=  1342  total=3.643e-04  PDE=2.165e-04 [colloc=1.784e-04, cfd=3.813e-05]  WALL=2.962e-18  DATA=1.623e-01
Invoked: SSBroyden1 approach!
[BFGS] batch=  29  call=  1343  total=3.472e-04  PDE=2.075e-04 [colloc=1.675e-04, cfd=4.001e-05]  WALL=2.836e-18  DATA=1.630e-01
Invoked: SSBroyden1 approach!
[BFGS] batch=  29  call=  1344  total=3.266e-04  PDE=1.964e-04 [colloc=1.584e-04, cfd=3.798e-05]  WALL=2.790e-18  DATA=1.630e-01
Invoked: SSBroyden1 approach!
[BFGS] batch=  29  call=  1346  total=3.186e-04  PDE=1.899e-04 [colloc=1.530e-04, cfd=3.685e-05]  WALL=2.978e-18  DATA=1.630e-01
Invoked: SSBroyden1 approach!
[BFGS] batch=  29  call=  1347  total=3.157e-04  PDE=1.896e-04 [colloc=1.513e-04, cfd=3.831e-05]  WALL=2.973e-18  DATA=1.629e-01
Invoked: SSBroyden1 approach!
[BFGS] batch=  29  call=  1348  total=3.126e-04  PDE=1.878e-04 [colloc=1.504e-04, cfd=3.737e-05]  WALL=2.938e-18  DATA=1.630e-01
Invoked: SSBroyden1 approach!
[BFGS] batch=  29  call=  1349  total=3.091e-04  PDE=1.862e-04 [colloc=1.489e-04, cfd=3.728e-05]  WALL=2.922e-18  DATA=1.631e-01
Invoked: SSBroyden1 approach!
[BFGS] batch=  29  call=  1350  total=3.080e-04  PDE=1.852e-04 [colloc=1.477e-04, cfd=3.749e-05]  WALL=2.865e-18  DATA=1.631e-01
Invoked: SSBroyden1 approach!
[BFGS] batch=  29  call=  1351  total=3.062e-04  PDE=1.841e-04 [colloc=1.469e-04, cfd=3.719e-05]  WALL=2.889e-18  DATA=1.631e-01
Invoked: SSBroyden1 approach!
[BFGS] batch=  29  call=  1352  total=3.050e-04  PDE=1.826e-04 [colloc=1.457e-04, cfd=3.687e-05]  WALL=2.900e-18  DATA=1.631e-01
Invoked: SSBroyden1 approach!
[BFGS] batch=  29  call=  1353  total=3.038e-04  PDE=1.814e-04 [colloc=1.448e-04, cfd=3.651e-05]  WALL=2.894e-18  DATA=1.631e-01
Invoked: SSBroyden1 approach!
[BFGS] batch=  29  call=  1354  total=3.017e-04  PDE=1.809e-04 [colloc=1.448e-04, cfd=3.609e-05]  WALL=2.859e-18  DATA=1.631e-01
Invoked: SSBroyden1 approach!
[BFGS] batch=  29  call=  1355  total=3.015e-04  PDE=1.796e-04 [colloc=1.438e-04, cfd=3.571e-05]  WALL=2.840e-18  DATA=1.630e-01
Invoked: SSBroyden1 approach!
[BFGS] batch=  29  call=  1356  total=2.996e-04  PDE=1.793e-04 [colloc=1.436e-04, cfd=3.573e-05]  WALL=2.838e-18  DATA=1.630e-01
Invoked: SSBroyden1 approach!
[BFGS] batch=  29  call=  1357  total=2.974e-04  PDE=1.783e-04 [colloc=1.423e-04, cfd=3.594e-05]  WALL=2.863e-18  DATA=1.630e-01
Invoked: SSBroyden1 approach!
[BFGS] batch=  29  call=  1358  total=2.953e-04  PDE=1.774e-04 [colloc=1.416e-04, cfd=3.580e-05]  WALL=2.821e-18  DATA=1.631e-01
Invoked: SSBroyden1 approach!
[BFGS] batch=  29  call=  1359  total=2.935e-04  PDE=1.760e-04 [colloc=1.404e-04, cfd=3.563e-05]  WALL=2.872e-18  DATA=1.631e-01
Invoked: SSBroyden1 approach!
[BFGS] batch=  29  call=  1360  total=2.911e-04  PDE=1.747e-04 [colloc=1.391e-04, cfd=3.560e-05]  WALL=2.778e-18  DATA=1.630e-01
Invoked: SSBroyden1 approach!
[BFGS] batch=  29  call=  1361  total=2.894e-04  PDE=1.726e-04 [colloc=1.374e-04, cfd=3.515e-05]  WALL=2.710e-18  DATA=1.631e-01
Invoked: SSBroyden1 approach!
[BFGS] batch=  29  call=  1362  total=2.862e-04  PDE=1.712e-04 [colloc=1.363e-04, cfd=3.496e-05]  WALL=2.739e-18  DATA=1.630e-01
Invoked: SSBroyden1 approach!
[BFGS] batch=  29  call=  1363  total=2.851e-04  PDE=1.696e-04 [colloc=1.346e-04, cfd=3.497e-05]  WALL=2.672e-18  DATA=1.630e-01
Invoked: SSBroyden1 approach!
[BFGS] batch=  29  call=  1364  total=2.826e-04  PDE=1.683e-04 [colloc=1.334e-04, cfd=3.492e-05]  WALL=2.725e-18  DATA=1.630e-01
Invoked: SSBroyden1 approach!
[BFGS] batch=  29  call=  1365  total=2.808e-04  PDE=1.664e-04 [colloc=1.313e-04, cfd=3.506e-05]  WALL=2.721e-18  DATA=1.629e-01
Invoked: SSBroyden1 approach!
[BFGS] batch=  29  call=  1366  total=2.783e-04  PDE=1.657e-04 [colloc=1.307e-04, cfd=3.496e-05]  WALL=2.781e-18  DATA=1.629e-01
Invoked: SSBroyden1 approach!
[BFGS] batch=  29  call=  1367  total=2.775e-04  PDE=1.653e-04 [colloc=1.309e-04, cfd=3.448e-05]  WALL=2.733e-18  DATA=1.630e-01
Invoked: SSBroyden1 approach!
[BFGS] batch=  29  call=  1368  total=2.764e-04  PDE=1.645e-04 [colloc=1.302e-04, cfd=3.434e-05]  WALL=2.689e-18  DATA=1.630e-01
Invoked: SSBroyden1 approach!
[BFGS] batch=  29  call=  1369  total=2.746e-04  PDE=1.632e-04 [colloc=1.292e-04, cfd=3.401e-05]  WALL=2.685e-18  DATA=1.629e-01
Invoked: SSBroyden1 approach!
[BFGS] batch=  29  call=  1370  total=2.721e-04  PDE=1.618e-04 [colloc=1.279e-04, cfd=3.390e-05]  WALL=2.622e-18  DATA=1.629e-01
Invoked: SSBroyden1 approach!
[BFGS] batch=  29  call=  1372  total=2.708e-04  PDE=1.611e-04 [colloc=1.274e-04, cfd=3.369e-05]  WALL=2.597e-18  DATA=1.629e-01
Invoked: SSBroyden1 approach!
[BFGS] batch=  29  call=  1374  total=2.705e-04  PDE=1.607e-04 [colloc=1.271e-04, cfd=3.358e-05]  WALL=2.610e-18  DATA=1.629e-01
Invoked: SSBroyden1 approach!
[BFGS] batch=  29  call=  1375  total=2.705e-04  PDE=1.605e-04 [colloc=1.269e-04, cfd=3.357e-05]  WALL=2.613e-18  DATA=1.629e-01
Invoked: SSBroyden1 approach!
[BFGS] batch=  29  call=  1393  total=2.692e-04  PDE=1.604e-04 [colloc=1.268e-04, cfd=3.355e-05]  WALL=2.612e-18  DATA=1.629e-01
  [PT] w_u=0.7065 w_v=8.2708 gamma=0.486 (tau_u=1.415e+00 tau_v=1.209e-01 |Du|=5.06e-01 |DRu|=4.47e-01)
[BFGS-END] batch=  29  last_total=2.706e-04  last_PDE=1.604e-04 [colloc=1.268e-04, cfd=3.355e-05]  last_WALL=2.612e-18  last_DATA=1.629e-01
/oscar/home/jchen790/cylinder flow lab/src/cfp40.py:1342: OptimizeWarning: Unknown solver options: hess, hessp, bounds, constraints, tol
  result = minimize(
Invoked: SSBroyden1 approach!
[BFGS] batch=  30  call=  1417  total=3.321e-04  PDE=2.014e-04 [colloc=1.675e-04, cfd=3.387e-05]  WALL=2.432e-18  DATA=1.628e-01
Invoked: SSBroyden1 approach!
[BFGS] batch=  30  call=  1418  total=3.109e-04  PDE=1.869e-04 [colloc=1.495e-04, cfd=3.747e-05]  WALL=3.194e-18  DATA=1.623e-01
Invoked: SSBroyden1 approach!
[BFGS] batch=  30  call=  1419  total=2.958e-04  PDE=1.775e-04 [colloc=1.413e-04, cfd=3.621e-05]  WALL=2.931e-18  DATA=1.630e-01
Invoked: SSBroyden1 approach!
[BFGS] batch=  30  call=  1421  total=2.886e-04  PDE=1.729e-04 [colloc=1.381e-04, cfd=3.477e-05]  WALL=2.902e-18  DATA=1.631e-01
Invoked: SSBroyden1 approach!
[BFGS] batch=  30  call=  1423  total=2.852e-04  PDE=1.717e-04 [colloc=1.370e-04, cfd=3.462e-05]  WALL=2.737e-18  DATA=1.631e-01
Invoked: SSBroyden1 approach!
[BFGS] batch=  30  call=  1424  total=2.848e-04  PDE=1.716e-04 [colloc=1.374e-04, cfd=3.423e-05]  WALL=2.867e-18  DATA=1.631e-01
Invoked: SSBroyden1 approach!
[BFGS] batch=  30  call=  1425  total=2.835e-04  PDE=1.712e-04 [colloc=1.370e-04, cfd=3.416e-05]  WALL=2.852e-18  DATA=1.631e-01
Invoked: SSBroyden1 approach!
[BFGS] batch=  30  call=  1426  total=2.811e-04  PDE=1.697e-04 [colloc=1.356e-04, cfd=3.415e-05]  WALL=2.781e-18  DATA=1.632e-01
Invoked: SSBroyden1 approach!
[BFGS] batch=  30  call=  1427  total=2.788e-04  PDE=1.675e-04 [colloc=1.337e-04, cfd=3.379e-05]  WALL=2.733e-18  DATA=1.632e-01
Invoked: SSBroyden1 approach!
[BFGS] batch=  30  call=  1428  total=2.759e-04  PDE=1.655e-04 [colloc=1.318e-04, cfd=3.377e-05]  WALL=2.648e-18  DATA=1.632e-01
Invoked: SSBroyden1 approach!
[BFGS] batch=  30  call=  1429  total=2.735e-04  PDE=1.639e-04 [colloc=1.312e-04, cfd=3.271e-05]  WALL=2.555e-18  DATA=1.633e-01
Invoked: SSBroyden1 approach!
[BFGS] batch=  30  call=  1430  total=2.704e-04  PDE=1.624e-04 [colloc=1.298e-04, cfd=3.259e-05]  WALL=2.511e-18  DATA=1.633e-01
Invoked: SSBroyden1 approach!
[BFGS] batch=  30  call=  1431  total=2.679e-04  PDE=1.613e-04 [colloc=1.293e-04, cfd=3.202e-05]  WALL=2.415e-18  DATA=1.633e-01
Invoked: SSBroyden1 approach!
[BFGS] batch=  30  call=  1432  total=2.659e-04  PDE=1.604e-04 [colloc=1.278e-04, cfd=3.256e-05]  WALL=2.420e-18  DATA=1.634e-01
Invoked: SSBroyden1 approach!
[BFGS] batch=  30  call=  1433  total=2.656e-04  PDE=1.601e-04 [colloc=1.277e-04, cfd=3.233e-05]  WALL=2.267e-18  DATA=1.636e-01
Invoked: SSBroyden1 approach!
[BFGS] batch=  30  call=  1434  total=2.647e-04  PDE=1.597e-04 [colloc=1.275e-04, cfd=3.219e-05]  WALL=2.263e-18  DATA=1.636e-01
Invoked: SSBroyden1 approach!
[BFGS] batch=  30  call=  1435  total=2.630e-04  PDE=1.588e-04 [colloc=1.270e-04, cfd=3.189e-05]  WALL=2.248e-18  DATA=1.636e-01
Invoked: SSBroyden1 approach!
[BFGS] batch=  30  call=  1436  total=2.615e-04  PDE=1.575e-04 [colloc=1.256e-04, cfd=3.185e-05]  WALL=2.261e-18  DATA=1.635e-01
Invoked: SSBroyden1 approach!
[BFGS] batch=  30  call=  1437  total=2.591e-04  PDE=1.565e-04 [colloc=1.248e-04, cfd=3.165e-05]  WALL=2.297e-18  DATA=1.635e-01
Invoked: SSBroyden1 approach!
[BFGS] batch=  30  call=  1439  total=2.578e-04  PDE=1.558e-04 [colloc=1.244e-04, cfd=3.141e-05]  WALL=2.261e-18  DATA=1.634e-01
Invoked: SSBroyden1 approach!
[BFGS] batch=  30  call=  1440  total=2.564e-04  PDE=1.548e-04 [colloc=1.235e-04, cfd=3.125e-05]  WALL=2.272e-18  DATA=1.634e-01
Invoked: SSBroyden1 approach!
[BFGS] batch=  30  call=  1441  total=2.545e-04  PDE=1.542e-04 [colloc=1.228e-04, cfd=3.145e-05]  WALL=2.244e-18  DATA=1.634e-01
Invoked: SSBroyden1 approach!
[BFGS] batch=  30  call=  1442  total=2.539e-04  PDE=1.536e-04 [colloc=1.224e-04, cfd=3.119e-05]  WALL=2.267e-18  DATA=1.634e-01
Invoked: SSBroyden1 approach!
[BFGS] batch=  30  call=  1443  total=2.527e-04  PDE=1.529e-04 [colloc=1.220e-04, cfd=3.096e-05]  WALL=2.255e-18  DATA=1.635e-01
Invoked: SSBroyden1 approach!
[BFGS] batch=  30  call=  1444  total=2.505e-04  PDE=1.519e-04 [colloc=1.212e-04, cfd=3.067e-05]  WALL=2.235e-18  DATA=1.634e-01
Invoked: SSBroyden1 approach!
[BFGS] batch=  30  call=  1445  total=2.486e-04  PDE=1.506e-04 [colloc=1.205e-04, cfd=3.010e-05]  WALL=2.294e-18  DATA=1.633e-01
Invoked: SSBroyden1 approach!
[BFGS] batch=  30  call=  1447  total=2.480e-04  PDE=1.501e-04 [colloc=1.199e-04, cfd=3.014e-05]  WALL=2.359e-18  DATA=1.633e-01
Invoked: SSBroyden1 approach!
[BFGS] batch=  30  call=  1448  total=2.473e-04  PDE=1.495e-04 [colloc=1.194e-04, cfd=3.014e-05]  WALL=2.344e-18  DATA=1.633e-01
Invoked: SSBroyden1 approach!
[BFGS] batch=  30  call=  1449  total=2.468e-04  PDE=1.489e-04 [colloc=1.189e-04, cfd=3.004e-05]  WALL=2.369e-18  DATA=1.633e-01
Invoked: SSBroyden1 approach!
[BFGS] batch=  30  call=  1450  total=2.448e-04  PDE=1.485e-04 [colloc=1.186e-04, cfd=2.990e-05]  WALL=2.363e-18  DATA=1.633e-01
Invoked: SSBroyden1 approach!
[BFGS] batch=  30  call=  1451  total=2.438e-04  PDE=1.473e-04 [colloc=1.181e-04, cfd=2.923e-05]  WALL=2.345e-18  DATA=1.633e-01
Invoked: SSBroyden1 approach!
[BFGS] batch=  30  call=  1452  total=2.416e-04  PDE=1.463e-04 [colloc=1.172e-04, cfd=2.909e-05]  WALL=2.351e-18  DATA=1.633e-01
Invoked: SSBroyden1 approach!
[BFGS] batch=  30  call=  1453  total=2.402e-04  PDE=1.450e-04 [colloc=1.165e-04, cfd=2.854e-05]  WALL=2.309e-18  DATA=1.632e-01
Invoked: SSBroyden1 approach!
[BFGS] batch=  30  call=  1454  total=2.379e-04  PDE=1.438e-04 [colloc=1.152e-04, cfd=2.854e-05]  WALL=2.313e-18  DATA=1.632e-01
Invoked: SSBroyden1 approach!
[BFGS] batch=  30  call=  1455  total=2.367e-04  PDE=1.429e-04 [colloc=1.144e-04, cfd=2.847e-05]  WALL=2.314e-18  DATA=1.632e-01
Invoked: SSBroyden1 approach!
[BFGS] batch=  30  call=  1456  total=2.349e-04  PDE=1.420e-04 [colloc=1.136e-04, cfd=2.836e-05]  WALL=2.330e-18  DATA=1.632e-01
Invoked: SSBroyden1 approach!
[BFGS] batch=  30  call=  1457  total=2.327e-04  PDE=1.411e-04 [colloc=1.127e-04, cfd=2.837e-05]  WALL=2.289e-18  DATA=1.633e-01
Invoked: SSBroyden1 approach!
[BFGS] batch=  30  call=  1458  total=2.323e-04  PDE=1.406e-04 [colloc=1.124e-04, cfd=2.816e-05]  WALL=2.352e-18  DATA=1.633e-01
Invoked: SSBroyden1 approach!
[BFGS] batch=  30  call=  1459  total=2.317e-04  PDE=1.400e-04 [colloc=1.119e-04, cfd=2.810e-05]  WALL=2.310e-18  DATA=1.632e-01
Invoked: SSBroyden1 approach!
[BFGS] batch=  30  call=  1460  total=2.299e-04  PDE=1.394e-04 [colloc=1.114e-04, cfd=2.795e-05]  WALL=2.312e-18  DATA=1.633e-01
Invoked: SSBroyden1 approach!
[BFGS] batch=  30  call=  1461  total=2.278e-04  PDE=1.377e-04 [colloc=1.101e-04, cfd=2.761e-05]  WALL=2.331e-18  DATA=1.633e-01
Invoked: SSBroyden1 approach!
[BFGS] batch=  30  call=  1462  total=2.249e-04  PDE=1.365e-04 [colloc=1.091e-04, cfd=2.744e-05]  WALL=2.280e-18  DATA=1.633e-01
Invoked: SSBroyden1 approach!
[BFGS] batch=  30  call=  1464  total=2.233e-04  PDE=1.355e-04 [colloc=1.081e-04, cfd=2.746e-05]  WALL=2.249e-18  DATA=1.632e-01
Invoked: SSBroyden1 approach!
[BFGS] batch=  30  call=  1465  total=2.223e-04  PDE=1.347e-04 [colloc=1.074e-04, cfd=2.726e-05]  WALL=2.318e-18  DATA=1.632e-01
Invoked: SSBroyden1 approach!
[BFGS] batch=  30  call=  1466  total=2.219e-04  PDE=1.336e-04 [colloc=1.066e-04, cfd=2.701e-05]  WALL=2.316e-18  DATA=1.632e-01
Invoked: SSBroyden1 approach!
[BFGS] batch=  30  call=  1467  total=2.206e-04  PDE=1.331e-04 [colloc=1.062e-04, cfd=2.691e-05]  WALL=2.317e-18  DATA=1.632e-01
Invoked: SSBroyden1 approach!
[BFGS] batch=  30  call=  1468  total=2.188e-04  PDE=1.316e-04 [colloc=1.050e-04, cfd=2.659e-05]  WALL=2.316e-18  DATA=1.632e-01
Invoked: SSBroyden1 approach!
[BFGS] batch=  30  call=  1469  total=2.170e-04  PDE=1.304e-04 [colloc=1.041e-04, cfd=2.630e-05]  WALL=2.355e-18  DATA=1.632e-01
Invoked: SSBroyden1 approach!
[BFGS] batch=  30  call=  1470  total=2.141e-04  PDE=1.291e-04 [colloc=1.032e-04, cfd=2.586e-05]  WALL=2.278e-18  DATA=1.631e-01
Invoked: SSBroyden1 approach!
[BFGS] batch=  30  call=  1472  total=2.127e-04  PDE=1.279e-04 [colloc=1.022e-04, cfd=2.564e-05]  WALL=2.304e-18  DATA=1.630e-01
Invoked: SSBroyden1 approach!
[BFGS] batch=  30  call=  1473  total=2.117e-04  PDE=1.270e-04 [colloc=1.015e-04, cfd=2.545e-05]  WALL=2.235e-18  DATA=1.631e-01
Invoked: SSBroyden1 approach!
[BFGS] batch=  30  call=  1474  total=2.105e-04  PDE=1.260e-04 [colloc=1.010e-04, cfd=2.495e-05]  WALL=2.228e-18  DATA=1.631e-01
Invoked: SSBroyden1 approach!
[BFGS] batch=  30  call=  1475  total=2.090e-04  PDE=1.251e-04 [colloc=1.006e-04, cfd=2.455e-05]  WALL=2.162e-18  DATA=1.631e-01
Invoked: SSBroyden1 approach!
[BFGS] batch=  30  call=  1476  total=2.071e-04  PDE=1.245e-04 [colloc=1.003e-04, cfd=2.423e-05]  WALL=2.226e-18  DATA=1.632e-01
Invoked: SSBroyden1 approach!
[BFGS] batch=  30  call=  1477  total=2.045e-04  PDE=1.234e-04 [colloc=9.966e-05, cfd=2.371e-05]  WALL=2.171e-18  DATA=1.633e-01
Invoked: SSBroyden1 approach!
[BFGS] batch=  30  call=  1479  total=2.036e-04  PDE=1.226e-04 [colloc=9.912e-05, cfd=2.351e-05]  WALL=2.224e-18  DATA=1.632e-01
Invoked: SSBroyden1 approach!
[BFGS] batch=  30  call=  1480  total=2.033e-04  PDE=1.219e-04 [colloc=9.854e-05, cfd=2.335e-05]  WALL=2.222e-18  DATA=1.632e-01
Invoked: SSBroyden1 approach!
[BFGS] batch=  30  call=  1481  total=2.022e-04  PDE=1.216e-04 [colloc=9.833e-05, cfd=2.325e-05]  WALL=2.212e-18  DATA=1.632e-01
Invoked: SSBroyden1 approach!
[BFGS] batch=  30  call=  1482  total=2.003e-04  PDE=1.205e-04 [colloc=9.758e-05, cfd=2.293e-05]  WALL=2.232e-18  DATA=1.632e-01
Invoked: SSBroyden1 approach!
[BFGS] batch=  30  call=  1483  total=1.985e-04  PDE=1.192e-04 [colloc=9.676e-05, cfd=2.248e-05]  WALL=2.145e-18  DATA=1.633e-01
Invoked: SSBroyden1 approach!
[BFGS] batch=  30  call=  1484  total=1.969e-04  PDE=1.184e-04 [colloc=9.624e-05, cfd=2.211e-05]  WALL=2.093e-18  DATA=1.633e-01
Invoked: SSBroyden1 approach!
[BFGS] batch=  30  call=  1485  total=1.954e-04  PDE=1.175e-04 [colloc=9.560e-05, cfd=2.187e-05]  WALL=2.143e-18  DATA=1.634e-01
Invoked: SSBroyden1 approach!
[BFGS] batch=  30  call=  1486  total=1.948e-04  PDE=1.168e-04 [colloc=9.525e-05, cfd=2.158e-05]  WALL=2.218e-18  DATA=1.634e-01
Invoked: SSBroyden1 approach!
[BFGS] batch=  30  call=  1487  total=1.939e-04  PDE=1.163e-04 [colloc=9.489e-05, cfd=2.136e-05]  WALL=2.172e-18  DATA=1.634e-01
Invoked: SSBroyden1 approach!
[BFGS] batch=  30  call=  1488  total=1.920e-04  PDE=1.156e-04 [colloc=9.445e-05, cfd=2.118e-05]  WALL=2.202e-18  DATA=1.635e-01
Invoked: SSBroyden1 approach!
[BFGS] batch=  30  call=  1489  total=1.909e-04  PDE=1.156e-04 [colloc=9.411e-05, cfd=2.146e-05]  WALL=2.234e-18  DATA=1.635e-01
Invoked: SSBroyden1 approach!
[BFGS] batch=  30  call=  1490  total=1.903e-04  PDE=1.146e-04 [colloc=9.341e-05, cfd=2.118e-05]  WALL=2.173e-18  DATA=1.636e-01
Invoked: SSBroyden1 approach!
[BFGS] batch=  30  call=  1491  total=1.890e-04  PDE=1.140e-04 [colloc=9.314e-05, cfd=2.091e-05]  WALL=2.187e-18  DATA=1.635e-01
Invoked: SSBroyden1 approach!
[BFGS] batch=  30  call=  1492  total=1.884e-04  PDE=1.134e-04 [colloc=9.275e-05, cfd=2.063e-05]  WALL=2.143e-18  DATA=1.635e-01
Invoked: SSBroyden1 approach!
[BFGS] batch=  30  call=  1493  total=1.868e-04  PDE=1.129e-04 [colloc=9.246e-05, cfd=2.044e-05]  WALL=2.157e-18  DATA=1.634e-01
Invoked: SSBroyden1 approach!
[BFGS] batch=  30  call=  1494  total=1.859e-04  PDE=1.124e-04 [colloc=9.227e-05, cfd=2.009e-05]  WALL=2.058e-18  DATA=1.634e-01
Invoked: SSBroyden1 approach!
[BFGS] batch=  30  call=  1495  total=1.855e-04  PDE=1.117e-04 [colloc=9.176e-05, cfd=1.995e-05]  WALL=2.095e-18  DATA=1.633e-01
Invoked: SSBroyden1 approach!
[BFGS] batch=  30  call=  1496  total=1.842e-04  PDE=1.113e-04 [colloc=9.150e-05, cfd=1.980e-05]  WALL=2.089e-18  DATA=1.633e-01
Invoked: SSBroyden1 approach!
[BFGS] batch=  30  call=  1497  total=1.832e-04  PDE=1.104e-04 [colloc=9.092e-05, cfd=1.946e-05]  WALL=2.078e-18  DATA=1.632e-01
Invoked: SSBroyden1 approach!
[BFGS] batch=  30  call=  1498  total=1.819e-04  PDE=1.096e-04 [colloc=9.048e-05, cfd=1.910e-05]  WALL=2.040e-18  DATA=1.632e-01
Invoked: SSBroyden1 approach!
[BFGS] batch=  30  call=  1499  total=1.801e-04  PDE=1.086e-04 [colloc=8.976e-05, cfd=1.886e-05]  WALL=2.075e-18  DATA=1.632e-01
Invoked: SSBroyden1 approach!
[BFGS] batch=  30  call=  1500  total=1.789e-04  PDE=1.076e-04 [colloc=8.920e-05, cfd=1.844e-05]  WALL=2.025e-18  DATA=1.633e-01
Invoked: SSBroyden1 approach!
[BFGS] batch=  30  call=  1501  total=1.777e-04  PDE=1.067e-04 [colloc=8.844e-05, cfd=1.826e-05]  WALL=2.042e-18  DATA=1.633e-01
Invoked: SSBroyden1 approach!
[BFGS] batch=  30  call=  1503  total=1.771e-04  PDE=1.063e-04 [colloc=8.817e-05, cfd=1.810e-05]  WALL=2.054e-18  DATA=1.633e-01
Invoked: SSBroyden1 approach!
[BFGS] batch=  30  call=  1504  total=1.764e-04  PDE=1.058e-04 [colloc=8.779e-05, cfd=1.797e-05]  WALL=2.067e-18  DATA=1.633e-01
Invoked: SSBroyden1 approach!
[BFGS] batch=  30  call=  1505  total=1.751e-04  PDE=1.051e-04 [colloc=8.721e-05, cfd=1.785e-05]  WALL=2.064e-18  DATA=1.633e-01
Invoked: SSBroyden1 approach!
[BFGS] batch=  30  call=  1506  total=1.742e-04  PDE=1.043e-04 [colloc=8.641e-05, cfd=1.786e-05]  WALL=2.130e-18  DATA=1.633e-01
Invoked: SSBroyden1 approach!
[BFGS] batch=  30  call=  1507  total=1.732e-04  PDE=1.035e-04 [colloc=8.572e-05, cfd=1.779e-05]  WALL=2.084e-18  DATA=1.633e-01
Invoked: SSBroyden1 approach!
[BFGS] batch=  30  call=  1508  total=1.722e-04  PDE=1.028e-04 [colloc=8.537e-05, cfd=1.742e-05]  WALL=2.172e-18  DATA=1.633e-01
Invoked: SSBroyden1 approach!
[BFGS] batch=  30  call=  1509  total=1.710e-04  PDE=1.023e-04 [colloc=8.511e-05, cfd=1.715e-05]  WALL=2.151e-18  DATA=1.633e-01
Invoked: SSBroyden1 approach!
[BFGS] batch=  30  call=  1510  total=1.695e-04  PDE=1.018e-04 [colloc=8.483e-05, cfd=1.701e-05]  WALL=2.209e-18  DATA=1.633e-01
Invoked: SSBroyden1 approach!
[BFGS] batch=  30  call=  1511  total=1.688e-04  PDE=1.014e-04 [colloc=8.460e-05, cfd=1.685e-05]  WALL=2.202e-18  DATA=1.634e-01
Invoked: SSBroyden1 approach!
[BFGS] batch=  30  call=  1512  total=1.684e-04  PDE=1.009e-04 [colloc=8.416e-05, cfd=1.677e-05]  WALL=2.198e-18  DATA=1.634e-01
Invoked: SSBroyden1 approach!
[BFGS] batch=  30  call=  1513  total=1.676e-04  PDE=1.006e-04 [colloc=8.391e-05, cfd=1.667e-05]  WALL=2.196e-18  DATA=1.635e-01
Invoked: SSBroyden1 approach!
[BFGS] batch=  30  call=  1514  total=1.672e-04  PDE=1.002e-04 [colloc=8.360e-05, cfd=1.658e-05]  WALL=2.165e-18  DATA=1.636e-01
Invoked: SSBroyden1 approach!
[BFGS] batch=  30  call=  1515  total=1.663e-04  PDE=9.969e-05 [colloc=8.314e-05, cfd=1.654e-05]  WALL=2.161e-18  DATA=1.636e-01
Invoked: SSBroyden1 approach!
[BFGS] batch=  30  call=  1516  total=1.649e-04  PDE=9.900e-05 [colloc=8.256e-05, cfd=1.644e-05]  WALL=2.154e-18  DATA=1.636e-01
Invoked: SSBroyden1 approach!
[BFGS] batch=  30  call=  1518  total=1.641e-04  PDE=9.851e-05 [colloc=8.219e-05, cfd=1.633e-05]  WALL=2.111e-18  DATA=1.637e-01
Invoked: SSBroyden1 approach!
[BFGS] batch=  30  call=  1519  total=1.632e-04  PDE=9.786e-05 [colloc=8.163e-05, cfd=1.624e-05]  WALL=2.144e-18  DATA=1.636e-01
Invoked: SSBroyden1 approach!
[BFGS] batch=  30  call=  1520  total=1.629e-04  PDE=9.735e-05 [colloc=8.128e-05, cfd=1.607e-05]  WALL=2.048e-18  DATA=1.637e-01
Invoked: SSBroyden1 approach!
[BFGS] batch=  30  call=  1521  total=1.621e-04  PDE=9.701e-05 [colloc=8.099e-05, cfd=1.602e-05]  WALL=2.065e-18  DATA=1.637e-01
Invoked: SSBroyden1 approach!
[BFGS] batch=  30  call=  1522  total=1.616e-04  PDE=9.674e-05 [colloc=8.093e-05, cfd=1.581e-05]  WALL=2.049e-18  DATA=1.636e-01
Invoked: SSBroyden1 approach!
[BFGS] batch=  30  call=  1523  total=1.611e-04  PDE=9.637e-05 [colloc=8.062e-05, cfd=1.575e-05]  WALL=2.069e-18  DATA=1.636e-01
Invoked: SSBroyden1 approach!
[BFGS] batch=  30  call=  1524  total=1.602e-04  PDE=9.591e-05 [colloc=8.022e-05, cfd=1.568e-05]  WALL=2.071e-18  DATA=1.637e-01
Invoked: SSBroyden1 approach!
[BFGS] batch=  30  call=  1525  total=1.592e-04  PDE=9.535e-05 [colloc=7.968e-05, cfd=1.567e-05]  WALL=2.064e-18  DATA=1.637e-01
Invoked: SSBroyden1 approach!
[BFGS] batch=  30  call=  1526  total=1.583e-04  PDE=9.490e-05 [colloc=7.934e-05, cfd=1.556e-05]  WALL=2.096e-18  DATA=1.638e-01
Invoked: SSBroyden1 approach!
[BFGS] batch=  30  call=  1527  total=1.578e-04  PDE=9.451e-05 [colloc=7.888e-05, cfd=1.563e-05]  WALL=2.070e-18  DATA=1.637e-01
Invoked: SSBroyden1 approach!
[BFGS] batch=  30  call=  1528  total=1.575e-04  PDE=9.413e-05 [colloc=7.847e-05, cfd=1.567e-05]  WALL=2.089e-18  DATA=1.637e-01
Invoked: SSBroyden1 approach!
[BFGS] batch=  30  call=  1529  total=1.561e-04  PDE=9.381e-05 [colloc=7.817e-05, cfd=1.564e-05]  WALL=2.074e-18  DATA=1.637e-01
Invoked: SSBroyden1 approach!
[BFGS] batch=  30  call=  1531  total=1.554e-04  PDE=9.344e-05 [colloc=7.796e-05, cfd=1.548e-05]  WALL=2.125e-18  DATA=1.637e-01
Invoked: SSBroyden1 approach!
[BFGS] batch=  30  call=  1532  total=1.552e-04  PDE=9.304e-05 [colloc=7.758e-05, cfd=1.546e-05]  WALL=2.107e-18  DATA=1.637e-01
Invoked: SSBroyden1 approach!
[BFGS] batch=  30  call=  1533  total=1.551e-04  PDE=9.269e-05 [colloc=7.735e-05, cfd=1.534e-05]  WALL=2.102e-18  DATA=1.637e-01
Invoked: SSBroyden1 approach!
[BFGS] batch=  30  call=  1535  total=1.540e-04  PDE=9.248e-05 [colloc=7.719e-05, cfd=1.530e-05]  WALL=2.090e-18  DATA=1.637e-01
Invoked: SSBroyden1 approach!
[BFGS] batch=  30  call=  1536  total=1.536e-04  PDE=9.167e-05 [colloc=7.639e-05, cfd=1.528e-05]  WALL=2.075e-18  DATA=1.637e-01
Invoked: SSBroyden1 approach!
[BFGS] batch=  30  call=  1537  total=1.531e-04  PDE=9.120e-05 [colloc=7.588e-05, cfd=1.532e-05]  WALL=2.094e-18  DATA=1.637e-01
Invoked: SSBroyden1 approach!
[BFGS] batch=  30  call=  1538  total=1.521e-04  PDE=9.075e-05 [colloc=7.539e-05, cfd=1.536e-05]  WALL=2.096e-18  DATA=1.637e-01
Invoked: SSBroyden1 approach!
[BFGS] batch=  30  call=  1539  total=1.510e-04  PDE=9.033e-05 [colloc=7.495e-05, cfd=1.538e-05]  WALL=2.075e-18  DATA=1.637e-01
Invoked: SSBroyden1 approach!
[BFGS] batch=  30  call=  1540  total=1.506e-04  PDE=8.996e-05 [colloc=7.475e-05, cfd=1.522e-05]  WALL=2.083e-18  DATA=1.636e-01
Invoked: SSBroyden1 approach!
[BFGS] batch=  30  call=  1541  total=1.499e-04  PDE=8.964e-05 [colloc=7.445e-05, cfd=1.519e-05]  WALL=2.061e-18  DATA=1.636e-01
Invoked: SSBroyden1 approach!
[BFGS] batch=  30  call=  1542  total=1.498e-04  PDE=8.927e-05 [colloc=7.416e-05, cfd=1.511e-05]  WALL=2.122e-18  DATA=1.636e-01
Invoked: SSBroyden1 approach!
[BFGS] batch=  30  call=  1543  total=1.497e-04  PDE=8.912e-05 [colloc=7.400e-05, cfd=1.512e-05]  WALL=2.106e-18  DATA=1.636e-01
Invoked: SSBroyden1 approach!
[BFGS] batch=  30  call=  1544  total=1.492e-04  PDE=8.903e-05 [colloc=7.393e-05, cfd=1.511e-05]  WALL=2.107e-18  DATA=1.636e-01
Invoked: SSBroyden1 approach!
[BFGS] batch=  30  call=  1545  total=1.483e-04  PDE=8.854e-05 [colloc=7.358e-05, cfd=1.496e-05]  WALL=2.117e-18  DATA=1.636e-01
Invoked: SSBroyden1 approach!
[BFGS] batch=  30  call=  1546  total=1.478e-04  PDE=8.789e-05 [colloc=7.302e-05, cfd=1.487e-05]  WALL=2.109e-18  DATA=1.636e-01
Invoked: SSBroyden1 approach!
[BFGS] batch=  30  call=  1547  total=1.475e-04  PDE=8.741e-05 [colloc=7.257e-05, cfd=1.484e-05]  WALL=2.119e-18  DATA=1.635e-01
Invoked: SSBroyden1 approach!
[BFGS] batch=  30  call=  1548  total=1.465e-04  PDE=8.711e-05 [colloc=7.231e-05, cfd=1.480e-05]  WALL=2.111e-18  DATA=1.635e-01
Invoked: SSBroyden1 approach!
[BFGS] batch=  30  call=  1549  total=1.457e-04  PDE=8.662e-05 [colloc=7.184e-05, cfd=1.478e-05]  WALL=2.181e-18  DATA=1.635e-01
Invoked: SSBroyden1 approach!
[BFGS] batch=  30  call=  1552  total=1.455e-04  PDE=8.654e-05 [colloc=7.177e-05, cfd=1.477e-05]  WALL=2.186e-18  DATA=1.635e-01
Invoked: SSBroyden1 approach!
[BFGS] batch=  30  call=  1553  total=1.453e-04  PDE=8.633e-05 [colloc=7.159e-05, cfd=1.474e-05]  WALL=2.185e-18  DATA=1.635e-01
Invoked: SSBroyden1 approach!
[BFGS] batch=  30  call=  1554  total=1.447e-04  PDE=8.616e-05 [colloc=7.148e-05, cfd=1.469e-05]  WALL=2.182e-18  DATA=1.635e-01
Invoked: SSBroyden1 approach!
[BFGS] batch=  30  call=  1555  total=1.441e-04  PDE=8.570e-05 [colloc=7.114e-05, cfd=1.456e-05]  WALL=2.214e-18  DATA=1.635e-01
Invoked: SSBroyden1 approach!
[BFGS] batch=  30  call=  1556  total=1.437e-04  PDE=8.534e-05 [colloc=7.089e-05, cfd=1.444e-05]  WALL=2.148e-18  DATA=1.636e-01
Invoked: SSBroyden1 approach!
[BFGS] batch=  30  call=  1557  total=1.435e-04  PDE=8.502e-05 [colloc=7.056e-05, cfd=1.446e-05]  WALL=2.164e-18  DATA=1.636e-01
Invoked: SSBroyden1 approach!
[BFGS] batch=  30  call=  1558  total=1.430e-04  PDE=8.485e-05 [colloc=7.044e-05, cfd=1.442e-05]  WALL=2.155e-18  DATA=1.636e-01
Invoked: SSBroyden1 approach!
[BFGS] batch=  30  call=  1559  total=1.429e-04  PDE=8.447e-05 [colloc=7.013e-05, cfd=1.435e-05]  WALL=2.165e-18  DATA=1.636e-01
Invoked: SSBroyden1 approach!
[BFGS] batch=  30  call=  1560  total=1.425e-04  PDE=8.432e-05 [colloc=6.999e-05, cfd=1.433e-05]  WALL=2.162e-18  DATA=1.636e-01
Invoked: SSBroyden1 approach!
[BFGS] batch=  30  call=  1561  total=1.419e-04  PDE=8.398e-05 [colloc=6.974e-05, cfd=1.424e-05]  WALL=2.149e-18  DATA=1.636e-01
Invoked: SSBroyden1 approach!
[BFGS] batch=  30  call=  1562  total=1.412e-04  PDE=8.361e-05 [colloc=6.944e-05, cfd=1.417e-05]  WALL=2.139e-18  DATA=1.637e-01
Invoked: SSBroyden1 approach!
[BFGS] batch=  30  call=  1563  total=1.400e-04  PDE=8.323e-05 [colloc=6.922e-05, cfd=1.400e-05]  WALL=2.162e-18  DATA=1.637e-01
Invoked: SSBroyden1 approach!
[BFGS] batch=  30  call=  1564  total=1.399e-04  PDE=8.344e-05 [colloc=6.941e-05, cfd=1.402e-05]  WALL=2.105e-18  DATA=1.638e-01
Invoked: SSBroyden1 approach!
[BFGS] batch=  30  call=  1565  total=1.398e-04  PDE=8.332e-05 [colloc=6.929e-05, cfd=1.403e-05]  WALL=2.102e-18  DATA=1.638e-01
Invoked: SSBroyden1 approach!
[BFGS] batch=  30  call=  1566  total=1.391e-04  PDE=8.316e-05 [colloc=6.913e-05, cfd=1.403e-05]  WALL=2.099e-18  DATA=1.638e-01
Invoked: SSBroyden1 approach!
[BFGS] batch=  30  call=  1567  total=1.382e-04  PDE=8.240e-05 [colloc=6.843e-05, cfd=1.398e-05]  WALL=2.092e-18  DATA=1.637e-01
Invoked: SSBroyden1 approach!
[BFGS] batch=  30  call=  1575  total=1.381e-04  PDE=8.202e-05 [colloc=6.825e-05, cfd=1.377e-05]  WALL=2.147e-18  DATA=1.637e-01
Invoked: SSBroyden1 approach!
[BFGS] batch=  30  call=  1576  total=1.379e-04  PDE=8.188e-05 [colloc=6.812e-05, cfd=1.376e-05]  WALL=2.133e-18  DATA=1.637e-01
Invoked: SSBroyden1 approach!
[BFGS] batch=  30  call=  1577  total=1.373e-04  PDE=8.164e-05 [colloc=6.790e-05, cfd=1.374e-05]  WALL=2.138e-18  DATA=1.637e-01
Invoked: SSBroyden1 approach!
[BFGS] batch=  30  call=  1578  total=1.365e-04  PDE=8.101e-05 [colloc=6.725e-05, cfd=1.376e-05]  WALL=2.097e-18  DATA=1.637e-01
Invoked: SSBroyden1 approach!
[BFGS] batch=  30  call=  1587  total=1.360e-04  PDE=8.071e-05 [colloc=6.692e-05, cfd=1.379e-05]  WALL=2.111e-18  DATA=1.637e-01
Invoked: SSBroyden1 approach!
[BFGS] batch=  30  call=  1588  total=1.358e-04  PDE=8.027e-05 [colloc=6.653e-05, cfd=1.375e-05]  WALL=2.072e-18  DATA=1.637e-01
Invoked: SSBroyden1 approach!
[BFGS] batch=  30  call=  1589  total=1.351e-04  PDE=8.000e-05 [colloc=6.623e-05, cfd=1.377e-05]  WALL=2.060e-18  DATA=1.637e-01
Invoked: SSBroyden1 approach!
[BFGS] batch=  30  call=  1590  total=1.347e-04  PDE=7.958e-05 [colloc=6.579e-05, cfd=1.379e-05]  WALL=2.044e-18  DATA=1.637e-01
Invoked: SSBroyden1 approach!
[BFGS] batch=  30  call=  1591  total=1.343e-04  PDE=7.917e-05 [colloc=6.542e-05, cfd=1.375e-05]  WALL=2.017e-18  DATA=1.637e-01
Invoked: SSBroyden1 approach!
[BFGS] batch=  30  call=  1592  total=1.335e-04  PDE=7.891e-05 [colloc=6.515e-05, cfd=1.376e-05]  WALL=2.018e-18  DATA=1.637e-01
Invoked: SSBroyden1 approach!
[BFGS] batch=  30  call=  1593  total=1.332e-04  PDE=7.863e-05 [colloc=6.491e-05, cfd=1.372e-05]  WALL=1.964e-18  DATA=1.637e-01
Invoked: SSBroyden1 approach!
[BFGS] batch=  30  call=  1594  total=1.331e-04  PDE=7.834e-05 [colloc=6.464e-05, cfd=1.370e-05]  WALL=1.976e-18  DATA=1.637e-01
  [PT] w_u=0.7778 w_v=9.1577 gamma=0.379 (tau_u=1.286e+00 tau_v=1.092e-01 |Du|=4.95e-01 |DRu|=8.85e-01)
[PT] batch=  30  w=4.9678e+00
[BFGS] batch 30: H0 not PD — resetting to identity.
[BFGS-END] batch=  30  last_total=1.331e-04  last_PDE=7.834e-05 [colloc=6.464e-05, cfd=1.370e-05]  last_WALL=1.976e-18  last_DATA=1.637e-01
/oscar/home/jchen790/cylinder flow lab/src/cfp40.py:1342: OptimizeWarning: Unknown solver options: hess, hessp, bounds, constraints, tol
  result = minimize(
Invoked: SSBroyden1 approach!
[BFGS] batch=  31  call=  1598  total=1.863e-04  PDE=1.166e-04 [colloc=1.016e-04, cfd=1.503e-05]  WALL=1.834e-18  DATA=1.637e-01
Invoked: SSBroyden1 approach!
[BFGS] batch=  31  call=  1599  total=1.802e-04  PDE=1.123e-04 [colloc=9.732e-05, cfd=1.499e-05]  WALL=1.913e-18  DATA=1.638e-01
Invoked: SSBroyden1 approach!
[BFGS] batch=  31  call=  1601  total=1.781e-04  PDE=1.103e-04 [colloc=9.532e-05, cfd=1.501e-05]  WALL=1.899e-18  DATA=1.639e-01
Invoked: SSBroyden1 approach!
[BFGS] batch=  31  call=  1602  total=1.751e-04  PDE=1.081e-04 [colloc=9.310e-05, cfd=1.498e-05]  WALL=1.863e-18  DATA=1.639e-01
Invoked: SSBroyden1 approach!
[BFGS] batch=  31  call=  1603  total=1.722e-04  PDE=1.061e-04 [colloc=9.103e-05, cfd=1.505e-05]  WALL=1.930e-18  DATA=1.639e-01
Invoked: SSBroyden1 approach!
[BFGS] batch=  31  call=  1604  total=1.688e-04  PDE=1.037e-04 [colloc=8.857e-05, cfd=1.512e-05]  WALL=1.918e-18  DATA=1.640e-01
Invoked: SSBroyden1 approach!
[BFGS] batch=  31  call=  1605  total=1.669e-04  PDE=1.028e-04 [colloc=8.773e-05, cfd=1.507e-05]  WALL=1.937e-18  DATA=1.640e-01
Invoked: SSBroyden1 approach!
[BFGS] batch=  31  call=  1606  total=1.663e-04  PDE=1.024e-04 [colloc=8.738e-05, cfd=1.498e-05]  WALL=1.931e-18  DATA=1.640e-01
Invoked: SSBroyden1 approach!
[BFGS] batch=  31  call=  1607  total=1.657e-04  PDE=1.017e-04 [colloc=8.671e-05, cfd=1.497e-05]  WALL=1.927e-18  DATA=1.640e-01
Invoked: SSBroyden1 approach!
[BFGS] batch=  31  call=  1608  total=1.644e-04  PDE=1.010e-04 [colloc=8.611e-05, cfd=1.490e-05]  WALL=1.920e-18  DATA=1.641e-01
Invoked: SSBroyden1 approach!
[BFGS] batch=  31  call=  1609  total=1.628e-04  PDE=9.982e-05 [colloc=8.491e-05, cfd=1.491e-05]  WALL=1.926e-18  DATA=1.641e-01
Invoked: SSBroyden1 approach!
[BFGS] batch=  31  call=  1610  total=1.603e-04  PDE=9.831e-05 [colloc=8.328e-05, cfd=1.502e-05]  WALL=1.945e-18  DATA=1.641e-01
Invoked: SSBroyden1 approach!
[BFGS] batch=  31  call=  1611  total=1.580e-04  PDE=9.639e-05 [colloc=8.144e-05, cfd=1.495e-05]  WALL=1.904e-18  DATA=1.640e-01
Invoked: SSBroyden1 approach!
[BFGS] batch=  31  call=  1612  total=1.560e-04  PDE=9.493e-05 [colloc=8.020e-05, cfd=1.473e-05]  WALL=1.882e-18  DATA=1.640e-01
Invoked: SSBroyden1 approach!
[BFGS] batch=  31  call=  1613  total=1.542e-04  PDE=9.358e-05 [colloc=7.887e-05, cfd=1.471e-05]  WALL=1.905e-18  DATA=1.640e-01
Invoked: SSBroyden1 approach!
[BFGS] batch=  31  call=  1614  total=1.532e-04  PDE=9.315e-05 [colloc=7.863e-05, cfd=1.452e-05]  WALL=1.946e-18  DATA=1.640e-01
Invoked: SSBroyden1 approach!
[BFGS] batch=  31  call=  1615  total=1.515e-04  PDE=9.225e-05 [colloc=7.761e-05, cfd=1.464e-05]  WALL=1.891e-18  DATA=1.641e-01
Invoked: SSBroyden1 approach!
[BFGS] batch=  31  call=  1616  total=1.499e-04  PDE=9.070e-05 [colloc=7.614e-05, cfd=1.456e-05]  WALL=1.872e-18  DATA=1.642e-01
Invoked: SSBroyden1 approach!
[BFGS] batch=  31  call=  1617  total=1.480e-04  PDE=8.999e-05 [colloc=7.565e-05, cfd=1.434e-05]  WALL=1.939e-18  DATA=1.642e-01
Invoked: SSBroyden1 approach!
[BFGS] batch=  31  call=  1619  total=1.477e-04  PDE=8.929e-05 [colloc=7.496e-05, cfd=1.433e-05]  WALL=1.884e-18  DATA=1.642e-01
Invoked: SSBroyden1 approach!
[BFGS] batch=  31  call=  1620  total=1.467e-04  PDE=8.897e-05 [colloc=7.466e-05, cfd=1.431e-05]  WALL=1.881e-18  DATA=1.642e-01
Invoked: SSBroyden1 approach!
[BFGS] batch=  31  call=  1621  total=1.464e-04  PDE=8.813e-05 [colloc=7.402e-05, cfd=1.412e-05]  WALL=1.874e-18  DATA=1.642e-01
Invoked: SSBroyden1 approach!
[BFGS] batch=  31  call=  1622  total=1.451e-04  PDE=8.768e-05 [colloc=7.365e-05, cfd=1.404e-05]  WALL=1.850e-18  DATA=1.642e-01
Invoked: SSBroyden1 approach!
[BFGS] batch=  31  call=  1624  total=1.443e-04  PDE=8.717e-05 [colloc=7.319e-05, cfd=1.398e-05]  WALL=1.840e-18  DATA=1.642e-01
Invoked: SSBroyden1 approach!
[BFGS] batch=  31  call=  1625  total=1.437e-04  PDE=8.663e-05 [colloc=7.265e-05, cfd=1.398e-05]  WALL=1.795e-18  DATA=1.642e-01
Invoked: SSBroyden1 approach!
[BFGS] batch=  31  call=  1626  total=1.428e-04  PDE=8.621e-05 [colloc=7.221e-05, cfd=1.400e-05]  WALL=1.792e-18  DATA=1.642e-01
Invoked: SSBroyden1 approach!
[BFGS] batch=  31  call=  1627  total=1.422e-04  PDE=8.585e-05 [colloc=7.184e-05, cfd=1.401e-05]  WALL=1.769e-18  DATA=1.643e-01
Invoked: SSBroyden1 approach!
[BFGS] batch=  31  call=  1628  total=1.421e-04  PDE=8.539e-05 [colloc=7.143e-05, cfd=1.396e-05]  WALL=1.752e-18  DATA=1.642e-01
Invoked: SSBroyden1 approach!
[BFGS] batch=  31  call=  1629  total=1.419e-04  PDE=8.527e-05 [colloc=7.133e-05, cfd=1.395e-05]  WALL=1.751e-18  DATA=1.642e-01
Invoked: SSBroyden1 approach!
[BFGS] batch=  31  call=  1630  total=1.413e-04  PDE=8.509e-05 [colloc=7.116e-05, cfd=1.393e-05]  WALL=1.752e-18  DATA=1.642e-01
Invoked: SSBroyden1 approach!
[BFGS] batch=  31  call=  1631  total=1.404e-04  PDE=8.446e-05 [colloc=7.054e-05, cfd=1.392e-05]  WALL=1.759e-18  DATA=1.643e-01
Invoked: SSBroyden1 approach!
[BFGS] batch=  31  call=  1632  total=1.400e-04  PDE=8.408e-05 [colloc=7.019e-05, cfd=1.389e-05]  WALL=1.776e-18  DATA=1.643e-01
Invoked: SSBroyden1 approach!
[BFGS] batch=  31  call=  1633  total=1.392e-04  PDE=8.398e-05 [colloc=7.013e-05, cfd=1.385e-05]  WALL=1.762e-18  DATA=1.643e-01
Invoked: SSBroyden1 approach!
[BFGS] batch=  31  call=  1634  total=1.391e-04  PDE=8.372e-05 [colloc=6.991e-05, cfd=1.382e-05]  WALL=1.789e-18  DATA=1.642e-01
Invoked: SSBroyden1 approach!
[BFGS] batch=  31  call=  1635  total=1.385e-04  PDE=8.364e-05 [colloc=6.984e-05, cfd=1.380e-05]  WALL=1.787e-18  DATA=1.642e-01
Invoked: SSBroyden1 approach!
[BFGS] batch=  31  call=  1636  total=1.382e-04  PDE=8.303e-05 [colloc=6.926e-05, cfd=1.376e-05]  WALL=1.797e-18  DATA=1.642e-01
Invoked: SSBroyden1 approach!
[BFGS] batch=  31  call=  1637  total=1.378e-04  PDE=8.276e-05 [colloc=6.902e-05, cfd=1.374e-05]  WALL=1.785e-18  DATA=1.642e-01
Invoked: SSBroyden1 approach!
[BFGS] batch=  31  call=  1638  total=1.377e-04  PDE=8.282e-05 [colloc=6.892e-05, cfd=1.390e-05]  WALL=1.805e-18  DATA=1.643e-01
Invoked: SSBroyden1 approach!
[BFGS] batch=  31  call=  1639  total=1.376e-04  PDE=8.270e-05 [colloc=6.879e-05, cfd=1.391e-05]  WALL=1.805e-18  DATA=1.643e-01
Invoked: SSBroyden1 approach!
[BFGS] batch=  31  call=  1651  total=1.371e-04  PDE=8.261e-05 [colloc=6.872e-05, cfd=1.390e-05]  WALL=1.805e-18  DATA=1.643e-01
Invoked: SSBroyden1 approach!
[BFGS] batch=  31  call=  1652  total=1.366e-04  PDE=8.213e-05 [colloc=6.833e-05, cfd=1.380e-05]  WALL=1.799e-18  DATA=1.643e-01
Invoked: SSBroyden1 approach!
[BFGS] batch=  31  call=  1653  total=1.357e-04  PDE=8.188e-05 [colloc=6.809e-05, cfd=1.378e-05]  WALL=1.786e-18  DATA=1.642e-01
Invoked: SSBroyden1 approach!
[BFGS] batch=  31  call=  1655  total=1.355e-04  PDE=8.160e-05 [colloc=6.791e-05, cfd=1.369e-05]  WALL=1.782e-18  DATA=1.642e-01
Invoked: SSBroyden1 approach!
[BFGS] batch=  31  call=  1656  total=1.353e-04  PDE=8.132e-05 [colloc=6.770e-05, cfd=1.362e-05]  WALL=1.780e-18  DATA=1.642e-01
Invoked: SSBroyden1 approach!
[BFGS] batch=  31  call=  1657  total=1.352e-04  PDE=8.116e-05 [colloc=6.758e-05, cfd=1.357e-05]  WALL=1.782e-18  DATA=1.642e-01
Invoked: SSBroyden1 approach!
[BFGS] batch=  31  call=  1661  total=1.351e-04  PDE=8.101e-05 [colloc=6.748e-05, cfd=1.354e-05]  WALL=1.783e-18  DATA=1.642e-01
Invoked: SSBroyden1 approach!
[BFGS] batch=  31  call=  1662  total=1.348e-04  PDE=8.095e-05 [colloc=6.742e-05, cfd=1.352e-05]  WALL=1.783e-18  DATA=1.642e-01
Invoked: SSBroyden1 approach!
[BFGS] batch=  31  call=  1663  total=1.343e-04  PDE=8.064e-05 [colloc=6.719e-05, cfd=1.345e-05]  WALL=1.787e-18  DATA=1.642e-01
Invoked: SSBroyden1 approach!
[BFGS] batch=  31  call=  1664  total=1.336e-04  PDE=8.011e-05 [colloc=6.666e-05, cfd=1.345e-05]  WALL=1.794e-18  DATA=1.642e-01
Invoked: SSBroyden1 approach!
[BFGS] batch=  31  call=  1673  total=1.334e-04  PDE=7.993e-05 [colloc=6.653e-05, cfd=1.340e-05]  WALL=1.785e-18  DATA=1.641e-01
Invoked: SSBroyden1 approach!
[BFGS] batch=  31  call=  1674  total=1.334e-04  PDE=7.974e-05 [colloc=6.637e-05, cfd=1.337e-05]  WALL=1.797e-18  DATA=1.641e-01
  [PT] w_u=0.8457 w_v=9.8839 gamma=0.358 (tau_u=1.182e+00 tau_v=1.012e-01 |Du|=2.18e-01 |DRu|=2.59e-01)
[BFGS] batch 31: H0 not PD — resetting to identity.
[BFGS-END] batch=  31  last_total=1.332e-04  last_PDE=7.974e-05 [colloc=6.636e-05, cfd=1.337e-05]  last_WALL=1.797e-18  last_DATA=1.641e-01
/oscar/home/jchen790/cylinder flow lab/src/cfp40.py:1342: OptimizeWarning: Unknown solver options: hess, hessp, bounds, constraints, tol
  result = minimize(
Invoked: SSBroyden1 approach!
[BFGS] batch=  32  call=  1698  total=1.664e-04  PDE=1.033e-04 [colloc=9.027e-05, cfd=1.306e-05]  WALL=1.701e-18  DATA=1.641e-01
Invoked: SSBroyden1 approach!
[BFGS] batch=  32  call=  1699  total=1.617e-04  PDE=9.978e-05 [colloc=8.674e-05, cfd=1.305e-05]  WALL=1.788e-18  DATA=1.642e-01
Invoked: SSBroyden1 approach!
[BFGS] batch=  32  call=  1701  total=1.602e-04  PDE=9.877e-05 [colloc=8.572e-05, cfd=1.305e-05]  WALL=1.787e-18  DATA=1.642e-01
Invoked: SSBroyden1 approach!
[BFGS] batch=  32  call=  1702  total=1.591e-04  PDE=9.764e-05 [colloc=8.462e-05, cfd=1.302e-05]  WALL=1.751e-18  DATA=1.643e-01
Invoked: SSBroyden1 approach!
[BFGS] batch=  32  call=  1703  total=1.568e-04  PDE=9.653e-05 [colloc=8.350e-05, cfd=1.303e-05]  WALL=1.762e-18  DATA=1.643e-01
Invoked: SSBroyden1 approach!
[BFGS] batch=  32  call=  1704  total=1.548e-04  PDE=9.496e-05 [colloc=8.172e-05, cfd=1.324e-05]  WALL=1.769e-18  DATA=1.644e-01
Invoked: SSBroyden1 approach!
[BFGS] batch=  32  call=  1706  total=1.535e-04  PDE=9.431e-05 [colloc=8.131e-05, cfd=1.300e-05]  WALL=1.766e-18  DATA=1.644e-01
Invoked: SSBroyden1 approach!
[BFGS] batch=  32  call=  1707  total=1.530e-04  PDE=9.380e-05 [colloc=8.082e-05, cfd=1.298e-05]  WALL=1.762e-18  DATA=1.644e-01
Invoked: SSBroyden1 approach!
[BFGS] batch=  32  call=  1708  total=1.522e-04  PDE=9.318e-05 [colloc=8.020e-05, cfd=1.297e-05]  WALL=1.756e-18  DATA=1.644e-01
Invoked: SSBroyden1 approach!
[BFGS] batch=  32  call=  1709  total=1.505e-04  PDE=9.227e-05 [colloc=7.933e-05, cfd=1.294e-05]  WALL=1.750e-18  DATA=1.644e-01
Invoked: SSBroyden1 approach!
[BFGS] batch=  32  call=  1710  total=1.499e-04  PDE=9.135e-05 [colloc=7.834e-05, cfd=1.302e-05]  WALL=1.771e-18  DATA=1.645e-01
Invoked: SSBroyden1 approach!
[BFGS] batch=  32  call=  1711  total=1.482e-04  PDE=9.082e-05 [colloc=7.776e-05, cfd=1.306e-05]  WALL=1.769e-18  DATA=1.645e-01
Invoked: SSBroyden1 approach!
[BFGS] batch=  32  call=  1713  total=1.475e-04  PDE=9.019e-05 [colloc=7.723e-05, cfd=1.296e-05]  WALL=1.756e-18  DATA=1.645e-01
Invoked: SSBroyden1 approach!
[BFGS] batch=  32  call=  1714  total=1.467e-04  PDE=8.970e-05 [colloc=7.670e-05, cfd=1.300e-05]  WALL=1.752e-18  DATA=1.645e-01
Invoked: SSBroyden1 approach!
[BFGS] batch=  32  call=  1715  total=1.458e-04  PDE=8.910e-05 [colloc=7.608e-05, cfd=1.302e-05]  WALL=1.784e-18  DATA=1.645e-01
Invoked: SSBroyden1 approach!
[BFGS] batch=  32  call=  1716  total=1.445e-04  PDE=8.837e-05 [colloc=7.532e-05, cfd=1.305e-05]  WALL=1.780e-18  DATA=1.645e-01
Invoked: SSBroyden1 approach!
[BFGS] batch=  32  call=  1718  total=1.441e-04  PDE=8.788e-05 [colloc=7.478e-05, cfd=1.311e-05]  WALL=1.769e-18  DATA=1.645e-01
Invoked: SSBroyden1 approach!
[BFGS] batch=  32  call=  1719  total=1.436e-04  PDE=8.736e-05 [colloc=7.416e-05, cfd=1.320e-05]  WALL=1.763e-18  DATA=1.645e-01
Invoked: SSBroyden1 approach!
[BFGS] batch=  32  call=  1720  total=1.430e-04  PDE=8.695e-05 [colloc=7.376e-05, cfd=1.319e-05]  WALL=1.784e-18  DATA=1.645e-01
Invoked: SSBroyden1 approach!
[BFGS] batch=  32  call=  1721  total=1.421e-04  PDE=8.655e-05 [colloc=7.330e-05, cfd=1.325e-05]  WALL=1.757e-18  DATA=1.645e-01
Invoked: SSBroyden1 approach!
[BFGS] batch=  32  call=  1722  total=1.419e-04  PDE=8.628e-05 [colloc=7.281e-05, cfd=1.348e-05]  WALL=1.734e-18  DATA=1.646e-01
Invoked: SSBroyden1 approach!
[BFGS] batch=  32  call=  1732  total=1.416e-04  PDE=8.600e-05 [colloc=7.249e-05, cfd=1.351e-05]  WALL=1.752e-18  DATA=1.646e-01
Invoked: SSBroyden1 approach!
[BFGS] batch=  32  call=  1733  total=1.409e-04  PDE=8.570e-05 [colloc=7.225e-05, cfd=1.345e-05]  WALL=1.753e-18  DATA=1.646e-01
Invoked: SSBroyden1 approach!
[BFGS] batch=  32  call=  1734  total=1.405e-04  PDE=8.533e-05 [colloc=7.190e-05, cfd=1.343e-05]  WALL=1.752e-18  DATA=1.646e-01
Invoked: SSBroyden1 approach!
[BFGS] batch=  32  call=  1735  total=1.402e-04  PDE=8.514e-05 [colloc=7.174e-05, cfd=1.339e-05]  WALL=1.754e-18  DATA=1.646e-01
Invoked: SSBroyden1 approach!
[BFGS] batch=  32  call=  1736  total=1.400e-04  PDE=8.494e-05 [colloc=7.151e-05, cfd=1.343e-05]  WALL=1.766e-18  DATA=1.646e-01
Invoked: SSBroyden1 approach!
[BFGS] batch=  32  call=  1737  total=1.398e-04  PDE=8.474e-05 [colloc=7.131e-05, cfd=1.343e-05]  WALL=1.782e-18  DATA=1.646e-01
Invoked: SSBroyden1 approach!
[BFGS] batch=  32  call=  1738  total=1.393e-04  PDE=8.455e-05 [colloc=7.112e-05, cfd=1.343e-05]  WALL=1.785e-18  DATA=1.646e-01
Invoked: SSBroyden1 approach!
[BFGS] batch=  32  call=  1739  total=1.384e-04  PDE=8.421e-05 [colloc=7.077e-05, cfd=1.345e-05]  WALL=1.791e-18  DATA=1.646e-01
Invoked: SSBroyden1 approach!
[BFGS] batch=  32  call=  1740  total=1.382e-04  PDE=8.388e-05 [colloc=7.029e-05, cfd=1.359e-05]  WALL=1.824e-18  DATA=1.647e-01
Invoked: SSBroyden1 approach!
[BFGS] batch=  32  call=  1741  total=1.381e-04  PDE=8.370e-05 [colloc=7.010e-05, cfd=1.359e-05]  WALL=1.823e-18  DATA=1.647e-01
Invoked: SSBroyden1 approach!
[BFGS] batch=  32  call=  1742  total=1.378e-04  PDE=8.351e-05 [colloc=6.998e-05, cfd=1.353e-05]  WALL=1.826e-18  DATA=1.646e-01
Invoked: SSBroyden1 approach!
[BFGS] batch=  32  call=  1743  total=1.373e-04  PDE=8.320e-05 [colloc=6.975e-05, cfd=1.345e-05]  WALL=1.813e-18  DATA=1.646e-01
Invoked: SSBroyden1 approach!
[BFGS] batch=  32  call=  1751  total=1.372e-04  PDE=8.294e-05 [colloc=6.948e-05, cfd=1.346e-05]  WALL=1.790e-18  DATA=1.646e-01
Invoked: SSBroyden1 approach!
[BFGS] batch=  32  call=  1752  total=1.369e-04  PDE=8.283e-05 [colloc=6.938e-05, cfd=1.345e-05]  WALL=1.789e-18  DATA=1.646e-01
Invoked: SSBroyden1 approach!
[BFGS] batch=  32  call=  1753  total=1.367e-04  PDE=8.263e-05 [colloc=6.922e-05, cfd=1.341e-05]  WALL=1.783e-18  DATA=1.646e-01
Invoked: SSBroyden1 approach!
[BFGS] batch=  32  call=  1754  total=1.362e-04  PDE=8.243e-05 [colloc=6.904e-05, cfd=1.339e-05]  WALL=1.775e-18  DATA=1.646e-01
Invoked: SSBroyden1 approach!
[BFGS] batch=  32  call=  1759  total=1.360e-04  PDE=8.241e-05 [colloc=6.902e-05, cfd=1.338e-05]  WALL=1.775e-18  DATA=1.646e-01
Invoked: SSBroyden1 approach!
[BFGS] batch=  32  call=  1766  total=1.360e-04  PDE=8.221e-05 [colloc=6.889e-05, cfd=1.332e-05]  WALL=1.775e-18  DATA=1.645e-01
  [PT] w_u=0.8986 w_v=10.2549 gamma=0.356 (tau_u=1.113e+00 tau_v=9.751e-02 |Du|=1.85e-01 |DRu|=1.58e-01)
[BFGS-END] batch=  32  last_total=1.361e-04  last_PDE=8.220e-05 [colloc=6.888e-05, cfd=1.332e-05]  last_WALL=1.775e-18  last_DATA=1.645e-01
/oscar/home/jchen790/cylinder flow lab/src/cfp40.py:1342: OptimizeWarning: Unknown solver options: hess, hessp, bounds, constraints, tol
  result = minimize(
Invoked: SSBroyden1 approach!
[BFGS] batch=  33  call=  1786  total=1.506e-04  PDE=9.257e-05 [colloc=7.814e-05, cfd=1.444e-05]  WALL=1.775e-18  DATA=1.648e-01
Invoked: SSBroyden1 approach!
[BFGS] batch=  33  call=  1787  total=1.435e-04  PDE=8.711e-05 [colloc=7.201e-05, cfd=1.510e-05]  WALL=1.786e-18  DATA=1.646e-01
Invoked: SSBroyden1 approach!
[BFGS] batch=  33  call=  1789  total=1.407e-04  PDE=8.556e-05 [colloc=7.099e-05, cfd=1.458e-05]  WALL=1.783e-18  DATA=1.647e-01
Invoked: SSBroyden1 approach!
[BFGS] batch=  33  call=  1791  total=1.399e-04  PDE=8.455e-05 [colloc=7.029e-05, cfd=1.426e-05]  WALL=1.803e-18  DATA=1.648e-01
Invoked: SSBroyden1 approach!
[BFGS] batch=  33  call=  1792  total=1.382e-04  PDE=8.386e-05 [colloc=6.971e-05, cfd=1.415e-05]  WALL=1.804e-18  DATA=1.648e-01
Invoked: SSBroyden1 approach!
[BFGS] batch=  33  call=  1793  total=1.374e-04  PDE=8.323e-05 [colloc=6.934e-05, cfd=1.389e-05]  WALL=1.800e-18  DATA=1.648e-01
Invoked: SSBroyden1 approach!
[BFGS] batch=  33  call=  1794  total=1.360e-04  PDE=8.283e-05 [colloc=6.904e-05, cfd=1.380e-05]  WALL=1.813e-18  DATA=1.648e-01
Invoked: SSBroyden1 approach!
[BFGS] batch=  33  call=  1796  total=1.359e-04  PDE=8.261e-05 [colloc=6.890e-05, cfd=1.371e-05]  WALL=1.804e-18  DATA=1.648e-01
Invoked: SSBroyden1 approach!
[BFGS] batch=  33  call=  1805  total=1.355e-04  PDE=8.249e-05 [colloc=6.881e-05, cfd=1.369e-05]  WALL=1.806e-18  DATA=1.648e-01
Invoked: SSBroyden1 approach!
[BFGS] batch=  33  call=  1806  total=1.355e-04  PDE=8.228e-05 [colloc=6.868e-05, cfd=1.360e-05]  WALL=1.799e-18  DATA=1.648e-01
  [PT] w_u=0.9404 w_v=10.8199 gamma=0.348 (tau_u=1.063e+00 tau_v=9.242e-02 |Du|=1.36e-01 |DRu|=1.02e-01)
[BFGS-END] batch=  33  last_total=1.351e-04  last_PDE=8.226e-05 [colloc=6.866e-05, cfd=1.359e-05]  last_WALL=1.799e-18  last_DATA=1.648e-01
/oscar/home/jchen790/cylinder flow lab/src/cfp40.py:1342: OptimizeWarning: Unknown solver options: hess, hessp, bounds, constraints, tol
  result = minimize(
Invoked: SSBroyden1 approach!
[BFGS] batch=  34  call=  1827  total=1.483e-04  PDE=9.139e-05 [colloc=7.598e-05, cfd=1.541e-05]  WALL=1.806e-18  DATA=1.651e-01
Invoked: SSBroyden1 approach!
[BFGS] batch=  34  call=  1828  total=1.447e-04  PDE=8.888e-05 [colloc=7.333e-05, cfd=1.555e-05]  WALL=1.813e-18  DATA=1.652e-01
Invoked: SSBroyden1 approach!
[BFGS] batch=  34  call=  1829  total=1.402e-04  PDE=8.598e-05 [colloc=7.110e-05, cfd=1.488e-05]  WALL=1.819e-18  DATA=1.652e-01
Invoked: SSBroyden1 approach!
[BFGS] batch=  34  call=  1831  total=1.382e-04  PDE=8.477e-05 [colloc=7.020e-05, cfd=1.457e-05]  WALL=1.816e-18  DATA=1.651e-01
Invoked: SSBroyden1 approach!
[BFGS] batch=  34  call=  1833  total=1.373e-04  PDE=8.401e-05 [colloc=6.946e-05, cfd=1.454e-05]  WALL=1.788e-18  DATA=1.651e-01
Invoked: SSBroyden1 approach!
[BFGS] batch=  34  call=  1834  total=1.372e-04  PDE=8.379e-05 [colloc=6.948e-05, cfd=1.431e-05]  WALL=1.773e-18  DATA=1.651e-01
Invoked: SSBroyden1 approach!
[BFGS] batch=  34  call=  1835  total=1.365e-04  PDE=8.357e-05 [colloc=6.929e-05, cfd=1.428e-05]  WALL=1.770e-18  DATA=1.651e-01
Invoked: SSBroyden1 approach!
[BFGS] batch=  34  call=  1836  total=1.362e-04  PDE=8.295e-05 [colloc=6.875e-05, cfd=1.420e-05]  WALL=1.758e-18  DATA=1.651e-01
Invoked: SSBroyden1 approach!
[BFGS] batch=  34  call=  1837  total=1.352e-04  PDE=8.269e-05 [colloc=6.853e-05, cfd=1.417e-05]  WALL=1.753e-18  DATA=1.652e-01
Invoked: SSBroyden1 approach!
[BFGS] batch=  34  call=  1838  total=1.351e-04  PDE=8.226e-05 [colloc=6.824e-05, cfd=1.402e-05]  WALL=1.752e-18  DATA=1.652e-01
Invoked: SSBroyden1 approach!
[BFGS] batch=  34  call=  1839  total=1.345e-04  PDE=8.213e-05 [colloc=6.814e-05, cfd=1.399e-05]  WALL=1.749e-18  DATA=1.652e-01
Invoked: SSBroyden1 approach!
[BFGS] batch=  34  call=  1840  total=1.337e-04  PDE=8.157e-05 [colloc=6.763e-05, cfd=1.394e-05]  WALL=1.733e-18  DATA=1.652e-01
Invoked: SSBroyden1 approach!
[BFGS] batch=  34  call=  1841  total=1.336e-04  PDE=8.158e-05 [colloc=6.765e-05, cfd=1.392e-05]  WALL=1.692e-18  DATA=1.653e-01
Invoked: SSBroyden1 approach!
[BFGS] batch=  34  call=  1842  total=1.331e-04  PDE=8.133e-05 [colloc=6.748e-05, cfd=1.385e-05]  WALL=1.691e-18  DATA=1.653e-01
Invoked: SSBroyden1 approach!
[BFGS] batch=  34  call=  1843  total=1.326e-04  PDE=8.078e-05 [colloc=6.698e-05, cfd=1.380e-05]  WALL=1.700e-18  DATA=1.652e-01
Invoked: SSBroyden1 approach!
[BFGS] batch=  34  call=  1844  total=1.320e-04  PDE=8.031e-05 [colloc=6.653e-05, cfd=1.377e-05]  WALL=1.708e-18  DATA=1.652e-01
Invoked: SSBroyden1 approach!
[BFGS] batch=  34  call=  1846  total=1.318e-04  PDE=8.005e-05 [colloc=6.635e-05, cfd=1.370e-05]  WALL=1.706e-18  DATA=1.653e-01
Invoked: SSBroyden1 approach!
[BFGS] batch=  34  call=  1847  total=1.314e-04  PDE=7.973e-05 [colloc=6.607e-05, cfd=1.366e-05]  WALL=1.708e-18  DATA=1.653e-01
Invoked: SSBroyden1 approach!
[BFGS] batch=  34  call=  1848  total=1.314e-04  PDE=7.953e-05 [colloc=6.592e-05, cfd=1.361e-05]  WALL=1.721e-18  DATA=1.653e-01
Invoked: SSBroyden1 approach!
[BFGS] batch=  34  call=  1849  total=1.309e-04  PDE=7.945e-05 [colloc=6.586e-05, cfd=1.359e-05]  WALL=1.722e-18  DATA=1.653e-01
Invoked: SSBroyden1 approach!
[BFGS] batch=  34  call=  1850  total=1.303e-04  PDE=7.909e-05 [colloc=6.555e-05, cfd=1.354e-05]  WALL=1.727e-18  DATA=1.653e-01
Invoked: SSBroyden1 approach!
[BFGS] batch=  34  call=  1852  total=1.301e-04  PDE=7.885e-05 [colloc=6.534e-05, cfd=1.351e-05]  WALL=1.729e-18  DATA=1.654e-01
Invoked: SSBroyden1 approach!
[BFGS] batch=  34  call=  1859  total=1.300e-04  PDE=7.859e-05 [colloc=6.511e-05, cfd=1.348e-05]  WALL=1.730e-18  DATA=1.653e-01
Invoked: SSBroyden1 approach!
[BFGS] batch=  34  call=  1860  total=1.297e-04  PDE=7.847e-05 [colloc=6.501e-05, cfd=1.346e-05]  WALL=1.731e-18  DATA=1.653e-01
Invoked: SSBroyden1 approach!
[BFGS] batch=  34  call=  1861  total=1.292e-04  PDE=7.815e-05 [colloc=6.473e-05, cfd=1.341e-05]  WALL=1.731e-18  DATA=1.653e-01
Invoked: SSBroyden1 approach!
[BFGS] batch=  34  call=  1871  total=1.291e-04  PDE=7.785e-05 [colloc=6.447e-05, cfd=1.338e-05]  WALL=1.738e-18  DATA=1.653e-01
Invoked: SSBroyden1 approach!
[BFGS] batch=  34  call=  1872  total=1.284e-04  PDE=7.771e-05 [colloc=6.434e-05, cfd=1.337e-05]  WALL=1.731e-18  DATA=1.653e-01
  [PT] w_u=1.0056 w_v=11.6422 gamma=0.341 (tau_u=9.944e-01 tau_v=8.589e-02 |Du|=1.90e-01 |DRu|=1.82e-01)
[BFGS] batch 34: H0 not PD — resetting to identity.
[BFGS-END] batch=  34  last_total=1.290e-04  last_PDE=7.771e-05 [colloc=6.434e-05, cfd=1.337e-05]  last_WALL=1.731e-18  last_DATA=1.653e-01
/oscar/home/jchen790/cylinder flow lab/src/cfp40.py:1342: OptimizeWarning: Unknown solver options: hess, hessp, bounds, constraints, tol
  result = minimize(
Invoked: SSBroyden1 approach!
[BFGS] batch=  35  call=  1894  total=1.481e-04  PDE=9.158e-05 [colloc=7.823e-05, cfd=1.335e-05]  WALL=1.681e-18  DATA=1.653e-01
Invoked: SSBroyden1 approach!
[BFGS] batch=  35  call=  1895  total=1.458e-04  PDE=8.995e-05 [colloc=7.661e-05, cfd=1.335e-05]  WALL=1.728e-18  DATA=1.653e-01
Invoked: SSBroyden1 approach!
[BFGS] batch=  35  call=  1897  total=1.448e-04  PDE=8.954e-05 [colloc=7.618e-05, cfd=1.336e-05]  WALL=1.739e-18  DATA=1.653e-01
Invoked: SSBroyden1 approach!
[BFGS] batch=  35  call=  1898  total=1.442e-04  PDE=8.880e-05 [colloc=7.545e-05, cfd=1.335e-05]  WALL=1.717e-18  DATA=1.654e-01
Invoked: SSBroyden1 approach!
[BFGS] batch=  35  call=  1899  total=1.433e-04  PDE=8.824e-05 [colloc=7.489e-05, cfd=1.335e-05]  WALL=1.713e-18  DATA=1.654e-01
Invoked: SSBroyden1 approach!
[BFGS] batch=  35  call=  1900  total=1.423e-04  PDE=8.752e-05 [colloc=7.407e-05, cfd=1.345e-05]  WALL=1.714e-18  DATA=1.654e-01
Invoked: SSBroyden1 approach!
[BFGS] batch=  35  call=  1901  total=1.412e-04  PDE=8.709e-05 [colloc=7.381e-05, cfd=1.328e-05]  WALL=1.701e-18  DATA=1.654e-01
Invoked: SSBroyden1 approach!
[BFGS] batch=  35  call=  1902  total=1.404e-04  PDE=8.648e-05 [colloc=7.325e-05, cfd=1.323e-05]  WALL=1.694e-18  DATA=1.655e-01
Invoked: SSBroyden1 approach!
[BFGS] batch=  35  call=  1903  total=1.395e-04  PDE=8.589e-05 [colloc=7.268e-05, cfd=1.322e-05]  WALL=1.691e-18  DATA=1.655e-01
Invoked: SSBroyden1 approach!
[BFGS] batch=  35  call=  1904  total=1.390e-04  PDE=8.549e-05 [colloc=7.226e-05, cfd=1.323e-05]  WALL=1.682e-18  DATA=1.655e-01
Invoked: SSBroyden1 approach!
[BFGS] batch=  35  call=  1905  total=1.382e-04  PDE=8.503e-05 [colloc=7.182e-05, cfd=1.321e-05]  WALL=1.699e-18  DATA=1.655e-01
Invoked: SSBroyden1 approach!
[BFGS] batch=  35  call=  1906  total=1.379e-04  PDE=8.479e-05 [colloc=7.151e-05, cfd=1.328e-05]  WALL=1.719e-18  DATA=1.655e-01
Invoked: SSBroyden1 approach!
[BFGS] batch=  35  call=  1907  total=1.374e-04  PDE=8.446e-05 [colloc=7.118e-05, cfd=1.329e-05]  WALL=1.714e-18  DATA=1.655e-01
Invoked: SSBroyden1 approach!
[BFGS] batch=  35  call=  1908  total=1.371e-04  PDE=8.413e-05 [colloc=7.086e-05, cfd=1.327e-05]  WALL=1.727e-18  DATA=1.654e-01
Invoked: SSBroyden1 approach!
[BFGS] batch=  35  call=  1909  total=1.365e-04  PDE=8.387e-05 [colloc=7.062e-05, cfd=1.325e-05]  WALL=1.736e-18  DATA=1.654e-01
Invoked: SSBroyden1 approach!
[BFGS] batch=  35  call=  1910  total=1.359e-04  PDE=8.345e-05 [colloc=7.018e-05, cfd=1.327e-05]  WALL=1.732e-18  DATA=1.654e-01
Invoked: SSBroyden1 approach!
[BFGS] batch=  35  call=  1911  total=1.356e-04  PDE=8.304e-05 [colloc=6.970e-05, cfd=1.334e-05]  WALL=1.737e-18  DATA=1.655e-01
Invoked: SSBroyden1 approach!
[BFGS] batch=  35  call=  1912  total=1.350e-04  PDE=8.271e-05 [colloc=6.936e-05, cfd=1.336e-05]  WALL=1.735e-18  DATA=1.655e-01
Invoked: SSBroyden1 approach!
[BFGS] batch=  35  call=  1913  total=1.341e-04  PDE=8.238e-05 [colloc=6.894e-05, cfd=1.345e-05]  WALL=1.748e-18  DATA=1.655e-01
Invoked: SSBroyden1 approach!
[BFGS] batch=  35  call=  1914  total=1.340e-04  PDE=8.228e-05 [colloc=6.872e-05, cfd=1.355e-05]  WALL=1.732e-18  DATA=1.655e-01
Invoked: SSBroyden1 approach!
[BFGS] batch=  35  call=  1915  total=1.337e-04  PDE=8.213e-05 [colloc=6.858e-05, cfd=1.355e-05]  WALL=1.738e-18  DATA=1.655e-01
Invoked: SSBroyden1 approach!
[BFGS] batch=  35  call=  1916  total=1.334e-04  PDE=8.190e-05 [colloc=6.839e-05, cfd=1.352e-05]  WALL=1.757e-18  DATA=1.655e-01
Invoked: SSBroyden1 approach!
[BFGS] batch=  35  call=  1917  total=1.333e-04  PDE=8.167e-05 [colloc=6.818e-05, cfd=1.348e-05]  WALL=1.756e-18  DATA=1.655e-01
Invoked: SSBroyden1 approach!
[BFGS] batch=  35  call=  1918  total=1.331e-04  PDE=8.162e-05 [colloc=6.816e-05, cfd=1.346e-05]  WALL=1.754e-18  DATA=1.655e-01
Invoked: SSBroyden1 approach!
[BFGS] batch=  35  call=  1919  total=1.328e-04  PDE=8.151e-05 [colloc=6.807e-05, cfd=1.343e-05]  WALL=1.755e-18  DATA=1.655e-01
Invoked: SSBroyden1 approach!
[BFGS] batch=  35  call=  1920  total=1.326e-04  PDE=8.139e-05 [colloc=6.798e-05, cfd=1.341e-05]  WALL=1.775e-18  DATA=1.655e-01
Invoked: SSBroyden1 approach!
[BFGS] batch=  35  call=  1921  total=1.323e-04  PDE=8.122e-05 [colloc=6.784e-05, cfd=1.338e-05]  WALL=1.766e-18  DATA=1.655e-01
Invoked: SSBroyden1 approach!
[BFGS] batch=  35  call=  1923  total=1.323e-04  PDE=8.113e-05 [colloc=6.776e-05, cfd=1.337e-05]  WALL=1.770e-18  DATA=1.655e-01
Invoked: SSBroyden1 approach!
[BFGS] batch=  35  call=  1930  total=1.321e-04  PDE=8.107e-05 [colloc=6.773e-05, cfd=1.334e-05]  WALL=1.770e-18  DATA=1.655e-01
Invoked: SSBroyden1 approach!
[BFGS] batch=  35  call=  1932  total=1.321e-04  PDE=8.104e-05 [colloc=6.770e-05, cfd=1.333e-05]  WALL=1.769e-18  DATA=1.655e-01
Invoked: SSBroyden1 approach!
[BFGS] batch=  35  call=  1933  total=1.320e-04  PDE=8.100e-05 [colloc=6.767e-05, cfd=1.333e-05]  WALL=1.770e-18  DATA=1.655e-01
Invoked: SSBroyden1 approach!
[BFGS] batch=  35  call=  1934  total=1.319e-04  PDE=8.090e-05 [colloc=6.760e-05, cfd=1.330e-05]  WALL=1.771e-18  DATA=1.655e-01
Invoked: SSBroyden1 approach!
[BFGS] batch=  35  call=  1935  total=1.318e-04  PDE=8.082e-05 [colloc=6.754e-05, cfd=1.328e-05]  WALL=1.770e-18  DATA=1.655e-01
Invoked: SSBroyden1 approach!
[BFGS] batch=  35  call=  1936  total=1.317e-04  PDE=8.067e-05 [colloc=6.742e-05, cfd=1.325e-05]  WALL=1.773e-18  DATA=1.655e-01
Invoked: SSBroyden1 approach!
[BFGS] batch=  35  call=  1937  total=1.315e-04  PDE=8.065e-05 [colloc=6.740e-05, cfd=1.325e-05]  WALL=1.772e-18  DATA=1.655e-01
Invoked: SSBroyden1 approach!
[BFGS] batch=  35  call=  1938  total=1.312e-04  PDE=8.044e-05 [colloc=6.719e-05, cfd=1.325e-05]  WALL=1.762e-18  DATA=1.655e-01
Invoked: SSBroyden1 approach!
[BFGS] batch=  35  call=  1940  total=1.312e-04  PDE=8.041e-05 [colloc=6.717e-05, cfd=1.324e-05]  WALL=1.762e-18  DATA=1.655e-01
  [PT] w_u=1.0932 w_v=12.1918 gamma=0.337 (tau_u=9.148e-01 tau_v=8.202e-02 |Du|=1.05e-01 |DRu|=1.37e-01)
[BFGS-END] batch=  35  last_total=1.310e-04  last_PDE=8.041e-05 [colloc=6.717e-05, cfd=1.324e-05]  last_WALL=1.762e-18  last_DATA=1.655e-01
/oscar/home/jchen790/cylinder flow lab/src/cfp40.py:1342: OptimizeWarning: Unknown solver options: hess, hessp, bounds, constraints, tol
  result = minimize(
Invoked: SSBroyden1 approach!
[BFGS] batch=  36  call=  1961  total=1.472e-04  PDE=9.100e-05 [colloc=7.738e-05, cfd=1.362e-05]  WALL=1.813e-18  DATA=1.655e-01
Invoked: SSBroyden1 approach!
[BFGS] batch=  36  call=  1962  total=1.419e-04  PDE=8.767e-05 [colloc=7.396e-05, cfd=1.371e-05]  WALL=1.784e-18  DATA=1.655e-01
Invoked: SSBroyden1 approach!
[BFGS] batch=  36  call=  1964  total=1.394e-04  PDE=8.610e-05 [colloc=7.222e-05, cfd=1.389e-05]  WALL=1.801e-18  DATA=1.656e-01
Invoked: SSBroyden1 approach!
[BFGS] batch=  36  call=  1965  total=1.375e-04  PDE=8.490e-05 [colloc=7.113e-05, cfd=1.376e-05]  WALL=1.819e-18  DATA=1.656e-01
Invoked: SSBroyden1 approach!
[BFGS] batch=  36  call=  1967  total=1.370e-04  PDE=8.458e-05 [colloc=7.097e-05, cfd=1.361e-05]  WALL=1.814e-18  DATA=1.656e-01
Invoked: SSBroyden1 approach!
[BFGS] batch=  36  call=  1970  total=1.369e-04  PDE=8.451e-05 [colloc=7.091e-05, cfd=1.360e-05]  WALL=1.815e-18  DATA=1.656e-01
Invoked: SSBroyden1 approach!
[BFGS] batch=  36  call=  1980  total=1.368e-04  PDE=8.445e-05 [colloc=7.086e-05, cfd=1.359e-05]  WALL=1.814e-18  DATA=1.656e-01
Invoked: SSBroyden1 approach!
[BFGS] batch=  36  call=  1981  total=1.366e-04  PDE=8.428e-05 [colloc=7.071e-05, cfd=1.357e-05]  WALL=1.808e-18  DATA=1.656e-01
Invoked: SSBroyden1 approach!
[BFGS] batch=  36  call=  1982  total=1.361e-04  PDE=8.417e-05 [colloc=7.063e-05, cfd=1.354e-05]  WALL=1.805e-18  DATA=1.656e-01
Invoked: SSBroyden1 approach!
[BFGS] batch=  36  call=  1983  total=1.355e-04  PDE=8.396e-05 [colloc=7.042e-05, cfd=1.354e-05]  WALL=1.791e-18  DATA=1.656e-01
Invoked: SSBroyden1 approach!
[BFGS] batch=  36  call=  1985  total=1.354e-04  PDE=8.383e-05 [colloc=7.033e-05, cfd=1.351e-05]  WALL=1.789e-18  DATA=1.656e-01
  [PT] w_u=1.1640 w_v=12.6148 gamma=0.341 (tau_u=8.591e-01 tau_v=7.927e-02 |Du|=8.49e-02 |DRu|=8.28e-02)
[BFGS-END] batch=  36  last_total=1.358e-04  last_PDE=8.383e-05 [colloc=7.033e-05, cfd=1.351e-05]  last_WALL=1.789e-18  last_DATA=1.656e-01
/oscar/home/jchen790/cylinder flow lab/src/cfp40.py:1342: OptimizeWarning: Unknown solver options: hess, hessp, bounds, constraints, tol
  result = minimize(
Invoked: SSBroyden1 approach!
[BFGS] batch=  37  call=  2006  total=1.404e-04  PDE=8.685e-05 [colloc=7.356e-05, cfd=1.329e-05]  WALL=1.802e-18  DATA=1.656e-01
Invoked: SSBroyden1 approach!
[BFGS] batch=  37  call=  2007  total=1.353e-04  PDE=8.337e-05 [colloc=7.016e-05, cfd=1.321e-05]  WALL=1.802e-18  DATA=1.656e-01
Invoked: SSBroyden1 approach!
[BFGS] batch=  37  call=  2009  total=1.335e-04  PDE=8.239e-05 [colloc=6.917e-05, cfd=1.322e-05]  WALL=1.802e-18  DATA=1.657e-01
Invoked: SSBroyden1 approach!
[BFGS] batch=  37  call=  2011  total=1.330e-04  PDE=8.192e-05 [colloc=6.874e-05, cfd=1.318e-05]  WALL=1.801e-18  DATA=1.657e-01
Invoked: SSBroyden1 approach!
[BFGS] batch=  37  call=  2013  total=1.328e-04  PDE=8.179e-05 [colloc=6.865e-05, cfd=1.315e-05]  WALL=1.809e-18  DATA=1.657e-01
Invoked: SSBroyden1 approach!
[BFGS] batch=  37  call=  2014  total=1.324e-04  PDE=8.168e-05 [colloc=6.855e-05, cfd=1.314e-05]  WALL=1.804e-18  DATA=1.657e-01
Invoked: SSBroyden1 approach!
[BFGS] batch=  37  call=  2015  total=1.319e-04  PDE=8.131e-05 [colloc=6.824e-05, cfd=1.307e-05]  WALL=1.797e-18  DATA=1.657e-01
Invoked: SSBroyden1 approach!
[BFGS] batch=  37  call=  2016  total=1.318e-04  PDE=8.116e-05 [colloc=6.808e-05, cfd=1.308e-05]  WALL=1.795e-18  DATA=1.657e-01
Invoked: SSBroyden1 approach!
[BFGS] batch=  37  call=  2017  total=1.316e-04  PDE=8.101e-05 [colloc=6.796e-05, cfd=1.305e-05]  WALL=1.794e-18  DATA=1.657e-01
Invoked: SSBroyden1 approach!
[BFGS] batch=  37  call=  2018  total=1.312e-04  PDE=8.078e-05 [colloc=6.776e-05, cfd=1.302e-05]  WALL=1.794e-18  DATA=1.657e-01
Invoked: SSBroyden1 approach!
[BFGS] batch=  37  call=  2019  total=1.305e-04  PDE=8.041e-05 [colloc=6.745e-05, cfd=1.296e-05]  WALL=1.800e-18  DATA=1.657e-01
Invoked: SSBroyden1 approach!
[BFGS] batch=  37  call=  2021  total=1.302e-04  PDE=8.015e-05 [colloc=6.720e-05, cfd=1.295e-05]  WALL=1.799e-18  DATA=1.657e-01
Invoked: SSBroyden1 approach!
[BFGS] batch=  37  call=  2022  total=1.300e-04  PDE=7.987e-05 [colloc=6.687e-05, cfd=1.300e-05]  WALL=1.804e-18  DATA=1.657e-01
Invoked: SSBroyden1 approach!
[BFGS] batch=  37  call=  2023  total=1.298e-04  PDE=7.970e-05 [colloc=6.671e-05, cfd=1.299e-05]  WALL=1.813e-18  DATA=1.657e-01
Invoked: SSBroyden1 approach!
[BFGS] batch=  37  call=  2024  total=1.293e-04  PDE=7.955e-05 [colloc=6.654e-05, cfd=1.301e-05]  WALL=1.814e-18  DATA=1.657e-01
  [PT] w_u=1.2604 w_v=13.6367 gamma=0.341 (tau_u=7.934e-01 tau_v=7.333e-02 |Du|=1.04e-01 |DRu|=1.35e-01)
[BFGS] batch 37: H0 not PD — resetting to identity.
[BFGS-END] batch=  37  last_total=1.299e-04  last_PDE=7.955e-05 [colloc=6.654e-05, cfd=1.301e-05]  last_WALL=1.814e-18  last_DATA=1.657e-01
/oscar/home/jchen790/cylinder flow lab/src/cfp40.py:1342: OptimizeWarning: Unknown solver options: hess, hessp, bounds, constraints, tol
  result = minimize(
Invoked: SSBroyden1 approach!
[BFGS] batch=  38  call=  2046  total=1.472e-04  PDE=9.225e-05 [colloc=7.863e-05, cfd=1.361e-05]  WALL=1.795e-18  DATA=1.657e-01
Invoked: SSBroyden1 approach!
[BFGS] batch=  38  call=  2047  total=1.448e-04  PDE=9.013e-05 [colloc=7.651e-05, cfd=1.362e-05]  WALL=1.861e-18  DATA=1.658e-01
Invoked: SSBroyden1 approach!
[BFGS] batch=  38  call=  2049  total=1.437e-04  PDE=8.978e-05 [colloc=7.615e-05, cfd=1.363e-05]  WALL=1.869e-18  DATA=1.658e-01
Invoked: SSBroyden1 approach!
[BFGS] batch=  38  call=  2050  total=1.424e-04  PDE=8.882e-05 [colloc=7.517e-05, cfd=1.364e-05]  WALL=1.856e-18  DATA=1.658e-01
Invoked: SSBroyden1 approach!
[BFGS] batch=  38  call=  2051  total=1.418e-04  PDE=8.830e-05 [colloc=7.446e-05, cfd=1.384e-05]  WALL=1.857e-18  DATA=1.658e-01
Invoked: SSBroyden1 approach!
[BFGS] batch=  38  call=  2052  total=1.410e-04  PDE=8.768e-05 [colloc=7.380e-05, cfd=1.388e-05]  WALL=1.855e-18  DATA=1.658e-01
Invoked: SSBroyden1 approach!
[BFGS] batch=  38  call=  2053  total=1.397e-04  PDE=8.710e-05 [colloc=7.348e-05, cfd=1.361e-05]  WALL=1.840e-18  DATA=1.658e-01
Invoked: SSBroyden1 approach!
[BFGS] batch=  38  call=  2055  total=1.393e-04  PDE=8.664e-05 [colloc=7.301e-05, cfd=1.362e-05]  WALL=1.842e-18  DATA=1.658e-01
Invoked: SSBroyden1 approach!
[BFGS] batch=  38  call=  2056  total=1.387e-04  PDE=8.620e-05 [colloc=7.263e-05, cfd=1.357e-05]  WALL=1.842e-18  DATA=1.658e-01
Invoked: SSBroyden1 approach!
[BFGS] batch=  38  call=  2057  total=1.381e-04  PDE=8.573e-05 [colloc=7.218e-05, cfd=1.355e-05]  WALL=1.848e-18  DATA=1.658e-01
Invoked: SSBroyden1 approach!
[BFGS] batch=  38  call=  2058  total=1.374e-04  PDE=8.527e-05 [colloc=7.184e-05, cfd=1.344e-05]  WALL=1.870e-18  DATA=1.658e-01
Invoked: SSBroyden1 approach!
[BFGS] batch=  38  call=  2059  total=1.368e-04  PDE=8.500e-05 [colloc=7.136e-05, cfd=1.364e-05]  WALL=1.856e-18  DATA=1.658e-01
Invoked: SSBroyden1 approach!
[BFGS] batch=  38  call=  2060  total=1.364e-04  PDE=8.450e-05 [colloc=7.087e-05, cfd=1.363e-05]  WALL=1.861e-18  DATA=1.658e-01
Invoked: SSBroyden1 approach!
[BFGS] batch=  38  call=  2061  total=1.359e-04  PDE=8.429e-05 [colloc=7.061e-05, cfd=1.368e-05]  WALL=1.854e-18  DATA=1.658e-01
Invoked: SSBroyden1 approach!
[BFGS] batch=  38  call=  2062  total=1.358e-04  PDE=8.406e-05 [colloc=7.048e-05, cfd=1.358e-05]  WALL=1.845e-18  DATA=1.658e-01
Invoked: SSBroyden1 approach!
[BFGS] batch=  38  call=  2063  total=1.352e-04  PDE=8.396e-05 [colloc=7.038e-05, cfd=1.358e-05]  WALL=1.845e-18  DATA=1.658e-01
  [PT] w_u=1.3698 w_v=14.1560 gamma=0.340 (tau_u=7.300e-01 tau_v=7.064e-02 |Du|=8.25e-02 |DRu|=1.20e-01)
[BFGS-END] batch=  38  last_total=1.356e-04  last_PDE=8.396e-05 [colloc=7.038e-05, cfd=1.358e-05]  last_WALL=1.845e-18  last_DATA=1.658e-01
/oscar/home/jchen790/cylinder flow lab/src/cfp40.py:1342: OptimizeWarning: Unknown solver options: hess, hessp, bounds, constraints, tol
  result = minimize(
Invoked: SSBroyden1 approach!
[BFGS] batch=  39  call=  2085  total=1.466e-04  PDE=9.178e-05 [colloc=7.784e-05, cfd=1.394e-05]  WALL=1.850e-18  DATA=1.657e-01
Invoked: SSBroyden1 approach!
[BFGS] batch=  39  call=  2086  total=1.448e-04  PDE=9.076e-05 [colloc=7.680e-05, cfd=1.396e-05]  WALL=1.854e-18  DATA=1.657e-01
Invoked: SSBroyden1 approach!
[BFGS] batch=  39  call=  2087  total=1.430e-04  PDE=8.931e-05 [colloc=7.514e-05, cfd=1.417e-05]  WALL=1.846e-18  DATA=1.657e-01
Invoked: SSBroyden1 approach!
[BFGS] batch=  39  call=  2088  total=1.407e-04  PDE=8.756e-05 [colloc=7.319e-05, cfd=1.437e-05]  WALL=1.857e-18  DATA=1.658e-01
Invoked: SSBroyden1 approach!
[BFGS] batch=  39  call=  2089  total=1.376e-04  PDE=8.538e-05 [colloc=7.085e-05, cfd=1.453e-05]  WALL=1.859e-18  DATA=1.659e-01
Invoked: SSBroyden1 approach!
[BFGS] batch=  39  call=  2090  total=1.352e-04  PDE=8.364e-05 [colloc=6.934e-05, cfd=1.431e-05]  WALL=1.939e-18  DATA=1.659e-01
Invoked: SSBroyden1 approach!
[BFGS] batch=  39  call=  2091  total=1.340e-04  PDE=8.245e-05 [colloc=6.827e-05, cfd=1.418e-05]  WALL=1.924e-18  DATA=1.659e-01
Invoked: SSBroyden1 approach!
[BFGS] batch=  39  call=  2092  total=1.337e-04  PDE=8.210e-05 [colloc=6.808e-05, cfd=1.403e-05]  WALL=1.952e-18  DATA=1.659e-01
Invoked: SSBroyden1 approach!
[BFGS] batch=  39  call=  2093  total=1.325e-04  PDE=8.183e-05 [colloc=6.785e-05, cfd=1.398e-05]  WALL=1.954e-18  DATA=1.659e-01
Invoked: SSBroyden1 approach!
[BFGS] batch=  39  call=  2094  total=1.323e-04  PDE=8.119e-05 [colloc=6.732e-05, cfd=1.387e-05]  WALL=1.930e-18  DATA=1.659e-01
Invoked: SSBroyden1 approach!
[BFGS] batch=  39  call=  2095  total=1.317e-04  PDE=8.096e-05 [colloc=6.711e-05, cfd=1.385e-05]  WALL=1.936e-18  DATA=1.659e-01
Invoked: SSBroyden1 approach!
[BFGS] batch=  39  call=  2097  total=1.314e-04  PDE=8.082e-05 [colloc=6.700e-05, cfd=1.382e-05]  WALL=1.928e-18  DATA=1.659e-01
Invoked: SSBroyden1 approach!
[BFGS] batch=  39  call=  2098  total=1.312e-04  PDE=8.072e-05 [colloc=6.690e-05, cfd=1.382e-05]  WALL=1.938e-18  DATA=1.659e-01
Invoked: SSBroyden1 approach!
[BFGS] batch=  39  call=  2099  total=1.306e-04  PDE=8.060e-05 [colloc=6.678e-05, cfd=1.383e-05]  WALL=1.930e-18  DATA=1.659e-01
Invoked: SSBroyden1 approach!
[BFGS] batch=  39  call=  2101  total=1.302e-04  PDE=8.045e-05 [colloc=6.665e-05, cfd=1.380e-05]  WALL=1.926e-18  DATA=1.659e-01
Invoked: SSBroyden1 approach!
[BFGS] batch=  39  call=  2102  total=1.302e-04  PDE=8.010e-05 [colloc=6.635e-05, cfd=1.375e-05]  WALL=1.920e-18  DATA=1.659e-01
Invoked: SSBroyden1 approach!
[BFGS] batch=  39  call=  2103  total=1.299e-04  PDE=8.004e-05 [colloc=6.629e-05, cfd=1.375e-05]  WALL=1.919e-18  DATA=1.659e-01
Invoked: SSBroyden1 approach!
[BFGS] batch=  39  call=  2104  total=1.299e-04  PDE=7.991e-05 [colloc=6.617e-05, cfd=1.374e-05]  WALL=1.920e-18  DATA=1.659e-01
Invoked: SSBroyden1 approach!
[BFGS] batch=  39  call=  2106  total=1.295e-04  PDE=7.983e-05 [colloc=6.610e-05, cfd=1.373e-05]  WALL=1.919e-18  DATA=1.659e-01
Invoked: SSBroyden1 approach!
[BFGS] batch=  39  call=  2108  total=1.292e-04  PDE=7.971e-05 [colloc=6.600e-05, cfd=1.371e-05]  WALL=1.906e-18  DATA=1.659e-01
Invoked: SSBroyden1 approach!
[BFGS] batch=  39  call=  2109  total=1.292e-04  PDE=7.961e-05 [colloc=6.592e-05, cfd=1.370e-05]  WALL=1.894e-18  DATA=1.659e-01
Invoked: SSBroyden1 approach!
[BFGS] batch=  39  call=  2110  total=1.291e-04  PDE=7.958e-05 [colloc=6.589e-05, cfd=1.369e-05]  WALL=1.894e-18  DATA=1.659e-01
Invoked: SSBroyden1 approach!
[BFGS] batch=  39  call=  2111  total=1.290e-04  PDE=7.949e-05 [colloc=6.581e-05, cfd=1.368e-05]  WALL=1.894e-18  DATA=1.659e-01
Invoked: SSBroyden1 approach!
[BFGS] batch=  39  call=  2113  total=1.289e-04  PDE=7.945e-05 [colloc=6.578e-05, cfd=1.368e-05]  WALL=1.895e-18  DATA=1.659e-01
Invoked: SSBroyden1 approach!
[BFGS] batch=  39  call=  2120  total=1.288e-04  PDE=7.937e-05 [colloc=6.571e-05, cfd=1.366e-05]  WALL=1.895e-18  DATA=1.659e-01
Invoked: SSBroyden1 approach!
[BFGS] batch=  39  call=  2129  total=1.285e-04  PDE=7.928e-05 [colloc=6.564e-05, cfd=1.364e-05]  WALL=1.897e-18  DATA=1.659e-01
Invoked: SSBroyden1 approach!
[BFGS] batch=  39  call=  2131  total=1.284e-04  PDE=7.918e-05 [colloc=6.555e-05, cfd=1.363e-05]  WALL=1.900e-18  DATA=1.659e-01
Invoked: SSBroyden1 approach!
[BFGS] batch=  39  call=  2138  total=1.280e-04  PDE=7.910e-05 [colloc=6.550e-05, cfd=1.361e-05]  WALL=1.900e-18  DATA=1.659e-01
Invoked: SSBroyden1 approach!
[BFGS] batch=  39  call=  2147  total=1.277e-04  PDE=7.890e-05 [colloc=6.533e-05, cfd=1.357e-05]  WALL=1.904e-18  DATA=1.659e-01
Invoked: SSBroyden1 approach!
[BFGS] batch=  39  call=  2148  total=1.277e-04  PDE=7.865e-05 [colloc=6.513e-05, cfd=1.352e-05]  WALL=1.903e-18  DATA=1.659e-01
Invoked: SSBroyden1 approach!
[BFGS] batch=  39  call=  2151  total=1.275e-04  PDE=7.863e-05 [colloc=6.511e-05, cfd=1.351e-05]  WALL=1.903e-18  DATA=1.659e-01
  [PT] w_u=1.4894 w_v=15.3698 gamma=0.337 (tau_u=6.714e-01 tau_v=6.506e-02 |Du|=7.80e-02 |DRu|=1.19e-01)
[BFGS] batch 39: H0 not PD — resetting to identity.
[BFGS-END] batch=  39  last_total=1.274e-04  last_PDE=7.863e-05 [colloc=6.511e-05, cfd=1.351e-05]  last_WALL=1.903e-18  last_DATA=1.659e-01
/oscar/home/jchen790/cylinder flow lab/src/cfp40.py:1342: OptimizeWarning: Unknown solver options: hess, hessp, bounds, constraints, tol
  result = minimize(
Invoked: SSBroyden1 approach!
[BFGS] batch=  40  call=  2174  total=1.460e-04  PDE=9.193e-05 [colloc=7.823e-05, cfd=1.369e-05]  WALL=1.900e-18  DATA=1.659e-01
Invoked: SSBroyden1 approach!
[BFGS] batch=  40  call=  2175  total=1.440e-04  PDE=9.010e-05 [colloc=7.642e-05, cfd=1.368e-05]  WALL=1.964e-18  DATA=1.659e-01
Invoked: SSBroyden1 approach!
[BFGS] batch=  40  call=  2177  total=1.432e-04  PDE=8.975e-05 [colloc=7.607e-05, cfd=1.368e-05]  WALL=1.977e-18  DATA=1.659e-01
Invoked: SSBroyden1 approach!
[BFGS] batch=  40  call=  2178  total=1.428e-04  PDE=8.902e-05 [colloc=7.535e-05, cfd=1.367e-05]  WALL=1.962e-18  DATA=1.660e-01
Invoked: SSBroyden1 approach!
[BFGS] batch=  40  call=  2179  total=1.415e-04  PDE=8.854e-05 [colloc=7.485e-05, cfd=1.369e-05]  WALL=1.958e-18  DATA=1.660e-01
Invoked: SSBroyden1 approach!
[BFGS] batch=  40  call=  2182  total=1.413e-04  PDE=8.835e-05 [colloc=7.465e-05, cfd=1.371e-05]  WALL=1.959e-18  DATA=1.660e-01
Invoked: SSBroyden1 approach!
[BFGS] batch=  40  call=  2183  total=1.411e-04  PDE=8.817e-05 [colloc=7.449e-05, cfd=1.368e-05]  WALL=1.954e-18  DATA=1.660e-01
Invoked: SSBroyden1 approach!
[BFGS] batch=  40  call=  2184  total=1.410e-04  PDE=8.796e-05 [colloc=7.429e-05, cfd=1.367e-05]  WALL=1.954e-18  DATA=1.660e-01
Invoked: SSBroyden1 approach!
[BFGS] batch=  40  call=  2191  total=1.408e-04  PDE=8.778e-05 [colloc=7.410e-05, cfd=1.368e-05]  WALL=1.954e-18  DATA=1.660e-01
Invoked: SSBroyden1 approach!
[BFGS] batch=  40  call=  2192  total=1.404e-04  PDE=8.757e-05 [colloc=7.390e-05, cfd=1.367e-05]  WALL=1.953e-18  DATA=1.660e-01
Invoked: SSBroyden1 approach!
[BFGS] batch=  40  call=  2193  total=1.399e-04  PDE=8.730e-05 [colloc=7.365e-05, cfd=1.365e-05]  WALL=1.954e-18  DATA=1.660e-01
Invoked: SSBroyden1 approach!
[BFGS] batch=  40  call=  2194  total=1.396e-04  PDE=8.690e-05 [colloc=7.328e-05, cfd=1.362e-05]  WALL=1.960e-18  DATA=1.660e-01
Invoked: SSBroyden1 approach!
[BFGS] batch=  40  call=  2195  total=1.389e-04  PDE=8.655e-05 [colloc=7.289e-05, cfd=1.365e-05]  WALL=1.959e-18  DATA=1.660e-01
Invoked: SSBroyden1 approach!
[BFGS] batch=  40  call=  2197  total=1.388e-04  PDE=8.627e-05 [colloc=7.260e-05, cfd=1.366e-05]  WALL=1.955e-18  DATA=1.660e-01
Invoked: SSBroyden1 approach!
[BFGS] batch=  40  call=  2207  total=1.386e-04  PDE=8.614e-05 [colloc=7.247e-05, cfd=1.367e-05]  WALL=1.954e-18  DATA=1.660e-01
Invoked: SSBroyden1 approach!
[BFGS] batch=  40  call=  2208  total=1.384e-04  PDE=8.600e-05 [colloc=7.233e-05, cfd=1.366e-05]  WALL=1.953e-18  DATA=1.660e-01
Invoked: SSBroyden1 approach!
[BFGS] batch=  40  call=  2209  total=1.380e-04  PDE=8.581e-05 [colloc=7.211e-05, cfd=1.370e-05]  WALL=1.944e-18  DATA=1.660e-01
Invoked: SSBroyden1 approach!
[BFGS] batch=  40  call=  2210  total=1.374e-04  PDE=8.538e-05 [colloc=7.170e-05, cfd=1.368e-05]  WALL=1.945e-18  DATA=1.660e-01
Invoked: SSBroyden1 approach!
[BFGS] batch=  40  call=  2211  total=1.369e-04  PDE=8.477e-05 [colloc=7.103e-05, cfd=1.373e-05]  WALL=1.965e-18  DATA=1.660e-01
Invoked: SSBroyden1 approach!
[BFGS] batch=  40  call=  2212  total=1.364e-04  PDE=8.430e-05 [colloc=7.048e-05, cfd=1.382e-05]  WALL=1.942e-18  DATA=1.660e-01
Invoked: SSBroyden1 approach!
[BFGS] batch=  40  call=  2213  total=1.356e-04  PDE=8.411e-05 [colloc=7.032e-05, cfd=1.380e-05]  WALL=1.928e-18  DATA=1.660e-01
Invoked: SSBroyden1 approach!
[BFGS] batch=  40  call=  2215  total=1.352e-04  PDE=8.392e-05 [colloc=7.015e-05, cfd=1.376e-05]  WALL=1.930e-18  DATA=1.660e-01
Invoked: SSBroyden1 approach!
[BFGS] batch=  40  call=  2230  total=1.350e-04  PDE=8.377e-05 [colloc=7.002e-05, cfd=1.376e-05]  WALL=1.935e-18  DATA=1.660e-01
Invoked: SSBroyden1 approach!
[BFGS] batch=  40  call=  2232  total=1.349e-04  PDE=8.373e-05 [colloc=6.998e-05, cfd=1.375e-05]  WALL=1.935e-18  DATA=1.660e-01
Invoked: SSBroyden1 approach!
[BFGS] batch=  40  call=  2233  total=1.348e-04  PDE=8.360e-05 [colloc=6.986e-05, cfd=1.374e-05]  WALL=1.933e-18  DATA=1.660e-01
  [PT] w_u=1.6173 w_v=16.2449 gamma=0.339 (tau_u=6.183e-01 tau_v=6.156e-02 |Du|=6.47e-02 |DRu|=1.01e-01)
[PT] batch=  40  w=8.9311e+00
[BFGS-END] batch=  40  last_total=1.349e-04  last_PDE=8.359e-05 [colloc=6.986e-05, cfd=1.374e-05]  last_WALL=1.933e-18  last_DATA=1.660e-01
/oscar/home/jchen790/cylinder flow lab/src/cfp40.py:1342: OptimizeWarning: Unknown solver options: hess, hessp, bounds, constraints, tol
  result = minimize(
Invoked: SSBroyden1 approach!
[BFGS] batch=  41  call=  2256  total=1.490e-04  PDE=9.361e-05 [colloc=7.993e-05, cfd=1.368e-05]  WALL=1.949e-18  DATA=1.660e-01
Invoked: SSBroyden1 approach!
[BFGS] batch=  41  call=  2257  total=1.473e-04  PDE=9.226e-05 [colloc=7.852e-05, cfd=1.374e-05]  WALL=1.963e-18  DATA=1.660e-01
Invoked: SSBroyden1 approach!
[BFGS] batch=  41  call=  2258  total=1.445e-04  PDE=9.046e-05 [colloc=7.660e-05, cfd=1.386e-05]  WALL=1.971e-18  DATA=1.660e-01
Invoked: SSBroyden1 approach!
[BFGS] batch=  41  call=  2259  total=1.415e-04  PDE=8.827e-05 [colloc=7.424e-05, cfd=1.403e-05]  WALL=1.981e-18  DATA=1.660e-01
Invoked: SSBroyden1 approach!
[BFGS] batch=  41  call=  2260  total=1.405e-04  PDE=8.714e-05 [colloc=7.303e-05, cfd=1.411e-05]  WALL=2.017e-18  DATA=1.661e-01
Invoked: SSBroyden1 approach!
[BFGS] batch=  41  call=  2261  total=1.389e-04  PDE=8.610e-05 [colloc=7.207e-05, cfd=1.403e-05]  WALL=2.015e-18  DATA=1.661e-01
Invoked: SSBroyden1 approach!
[BFGS] batch=  41  call=  2262  total=1.388e-04  PDE=8.610e-05 [colloc=7.220e-05, cfd=1.391e-05]  WALL=2.002e-18  DATA=1.661e-01
Invoked: SSBroyden1 approach!
[BFGS] batch=  41  call=  2263  total=1.387e-04  PDE=8.594e-05 [colloc=7.206e-05, cfd=1.389e-05]  WALL=2.001e-18  DATA=1.661e-01
Invoked: SSBroyden1 approach!
[BFGS] batch=  41  call=  2265  total=1.382e-04  PDE=8.571e-05 [colloc=7.186e-05, cfd=1.386e-05]  WALL=2.001e-18  DATA=1.661e-01
Invoked: SSBroyden1 approach!
[BFGS] batch=  41  call=  2266  total=1.376e-04  PDE=8.524e-05 [colloc=7.147e-05, cfd=1.377e-05]  WALL=2.007e-18  DATA=1.661e-01
Invoked: SSBroyden1 approach!
[BFGS] batch=  41  call=  2267  total=1.371e-04  PDE=8.495e-05 [colloc=7.126e-05, cfd=1.369e-05]  WALL=2.001e-18  DATA=1.661e-01
Invoked: SSBroyden1 approach!
[BFGS] batch=  41  call=  2268  total=1.365e-04  PDE=8.483e-05 [colloc=7.118e-05, cfd=1.365e-05]  WALL=1.990e-18  DATA=1.661e-01
Invoked: SSBroyden1 approach!
[BFGS] batch=  41  call=  2270  total=1.364e-04  PDE=8.463e-05 [colloc=7.097e-05, cfd=1.365e-05]  WALL=1.990e-18  DATA=1.661e-01
Invoked: SSBroyden1 approach!
[BFGS] batch=  41  call=  2271  total=1.362e-04  PDE=8.456e-05 [colloc=7.091e-05, cfd=1.365e-05]  WALL=1.990e-18  DATA=1.661e-01
Invoked: SSBroyden1 approach!
[BFGS] batch=  41  call=  2272  total=1.361e-04  PDE=8.438e-05 [colloc=7.075e-05, cfd=1.363e-05]  WALL=1.993e-18  DATA=1.661e-01
Invoked: SSBroyden1 approach!
[BFGS] batch=  41  call=  2273  total=1.361e-04  PDE=8.420e-05 [colloc=7.061e-05, cfd=1.359e-05]  WALL=1.990e-18  DATA=1.661e-01
  [PT] w_u=1.7478 w_v=16.2054 gamma=0.343 (tau_u=5.721e-01 tau_v=6.171e-02 |Du|=5.63e-02 |DRu|=8.34e-02)
[BFGS-END] batch=  41  last_total=1.360e-04  last_PDE=8.420e-05 [colloc=7.061e-05, cfd=1.359e-05]  last_WALL=1.990e-18  last_DATA=1.661e-01
/oscar/home/jchen790/cylinder flow lab/src/cfp40.py:1342: OptimizeWarning: Unknown solver options: hess, hessp, bounds, constraints, tol
  result = minimize(
Invoked: SSBroyden1 approach!
[BFGS] batch=  42  call=  2295  total=1.439e-04  PDE=9.018e-05 [colloc=7.613e-05, cfd=1.405e-05]  WALL=1.978e-18  DATA=1.661e-01
Invoked: SSBroyden1 approach!
[BFGS] batch=  42  call=  2296  total=1.395e-04  PDE=8.653e-05 [colloc=7.244e-05, cfd=1.409e-05]  WALL=2.014e-18  DATA=1.661e-01
Invoked: SSBroyden1 approach!
[BFGS] batch=  42  call=  2298  total=1.371e-04  PDE=8.511e-05 [colloc=7.113e-05, cfd=1.398e-05]  WALL=2.016e-18  DATA=1.661e-01
Invoked: SSBroyden1 approach!
[BFGS] batch=  42  call=  2300  total=1.367e-04  PDE=8.456e-05 [colloc=7.069e-05, cfd=1.387e-05]  WALL=2.029e-18  DATA=1.662e-01
Invoked: SSBroyden1 approach!
[BFGS] batch=  42  call=  2301  total=1.365e-04  PDE=8.442e-05 [colloc=7.052e-05, cfd=1.390e-05]  WALL=2.036e-18  DATA=1.661e-01
Invoked: SSBroyden1 approach!
[BFGS] batch=  42  call=  2302  total=1.360e-04  PDE=8.434e-05 [colloc=7.046e-05, cfd=1.389e-05]  WALL=2.035e-18  DATA=1.661e-01
Invoked: SSBroyden1 approach!
[BFGS] batch=  42  call=  2303  total=1.358e-04  PDE=8.433e-05 [colloc=7.052e-05, cfd=1.381e-05]  WALL=2.032e-18  DATA=1.661e-01
Invoked: SSBroyden1 approach!
[BFGS] batch=  42  call=  2304  total=1.356e-04  PDE=8.405e-05 [colloc=7.029e-05, cfd=1.377e-05]  WALL=2.030e-18  DATA=1.661e-01
Invoked: SSBroyden1 approach!
[BFGS] batch=  42  call=  2305  total=1.355e-04  PDE=8.387e-05 [colloc=7.012e-05, cfd=1.374e-05]  WALL=2.030e-18  DATA=1.661e-01
Invoked: SSBroyden1 approach!
[BFGS] batch=  42  call=  2306  total=1.352e-04  PDE=8.378e-05 [colloc=7.004e-05, cfd=1.374e-05]  WALL=2.027e-18  DATA=1.661e-01
Invoked: SSBroyden1 approach!
[BFGS] batch=  42  call=  2307  total=1.350e-04  PDE=8.353e-05 [colloc=6.981e-05, cfd=1.372e-05]  WALL=2.027e-18  DATA=1.661e-01
Invoked: SSBroyden1 approach!
[BFGS] batch=  42  call=  2308  total=1.345e-04  PDE=8.331e-05 [colloc=6.962e-05, cfd=1.370e-05]  WALL=2.023e-18  DATA=1.661e-01
Invoked: SSBroyden1 approach!
[BFGS] batch=  42  call=  2309  total=1.342e-04  PDE=8.305e-05 [colloc=6.937e-05, cfd=1.368e-05]  WALL=2.021e-18  DATA=1.662e-01
Invoked: SSBroyden1 approach!
[BFGS] batch=  42  call=  2310  total=1.340e-04  PDE=8.286e-05 [colloc=6.916e-05, cfd=1.370e-05]  WALL=2.021e-18  DATA=1.662e-01
Invoked: SSBroyden1 approach!
[BFGS] batch=  42  call=  2311  total=1.339e-04  PDE=8.270e-05 [colloc=6.904e-05, cfd=1.366e-05]  WALL=2.019e-18  DATA=1.662e-01
Invoked: SSBroyden1 approach!
[BFGS] batch=  42  call=  2318  total=1.335e-04  PDE=8.264e-05 [colloc=6.898e-05, cfd=1.365e-05]  WALL=2.018e-18  DATA=1.662e-01
Invoked: SSBroyden1 approach!
[BFGS] batch=  42  call=  2319  total=1.328e-04  PDE=8.226e-05 [colloc=6.875e-05, cfd=1.351e-05]  WALL=2.010e-18  DATA=1.661e-01
  [PT] w_u=1.8907 w_v=17.3238 gamma=0.339 (tau_u=5.289e-01 tau_v=5.772e-02 |Du|=6.43e-02 |DRu|=1.00e-01)
[BFGS] batch 42: H0 not PD — resetting to identity.
[BFGS-END] batch=  42  last_total=1.334e-04  last_PDE=8.226e-05 [colloc=6.875e-05, cfd=1.351e-05]  last_WALL=2.010e-18  last_DATA=1.661e-01
/oscar/home/jchen790/cylinder flow lab/src/cfp40.py:1342: OptimizeWarning: Unknown solver options: hess, hessp, bounds, constraints, tol
  result = minimize(
Invoked: SSBroyden1 approach!
[BFGS] batch=  43  call=  2341  total=1.501e-04  PDE=9.433e-05 [colloc=8.051e-05, cfd=1.382e-05]  WALL=2.007e-18  DATA=1.661e-01
Invoked: SSBroyden1 approach!
[BFGS] batch=  43  call=  2342  total=1.484e-04  PDE=9.322e-05 [colloc=7.941e-05, cfd=1.381e-05]  WALL=2.047e-18  DATA=1.661e-01
  [PT] w_u=2.0907 w_v=17.9791 gamma=0.342 (tau_u=4.783e-01 tau_v=5.562e-02 |Du|=6.62e-03 |DRu|=2.56e-02)
[BFGS-END] batch=  43  last_total=1.486e-04  last_PDE=9.322e-05 [colloc=7.941e-05, cfd=1.381e-05]  last_WALL=2.047e-18  last_DATA=1.661e-01
/oscar/home/jchen790/cylinder flow lab/src/cfp40.py:1342: OptimizeWarning: Unknown solver options: hess, hessp, bounds, constraints, tol
  result = minimize(
Invoked: SSBroyden1 approach!
[BFGS] batch=  44  call=  2364  total=1.523e-04  PDE=9.567e-05 [colloc=8.220e-05, cfd=1.348e-05]  WALL=2.052e-18  DATA=1.661e-01
Invoked: SSBroyden1 approach!
[BFGS] batch=  44  call=  2365  total=1.522e-04  PDE=9.532e-05 [colloc=8.185e-05, cfd=1.348e-05]  WALL=2.047e-18  DATA=1.662e-01
Invoked: SSBroyden1 approach!
[BFGS] batch=  44  call=  2367  total=1.512e-04  PDE=9.488e-05 [colloc=8.138e-05, cfd=1.350e-05]  WALL=2.045e-18  DATA=1.662e-01
Invoked: SSBroyden1 approach!
[BFGS] batch=  44  call=  2369  total=1.505e-04  PDE=9.454e-05 [colloc=8.104e-05, cfd=1.350e-05]  WALL=2.047e-18  DATA=1.662e-01
Invoked: SSBroyden1 approach!
[BFGS] batch=  44  call=  2370  total=1.504e-04  PDE=9.433e-05 [colloc=8.092e-05, cfd=1.342e-05]  WALL=2.027e-18  DATA=1.661e-01
Invoked: SSBroyden1 approach!
[BFGS] batch=  44  call=  2371  total=1.500e-04  PDE=9.421e-05 [colloc=8.080e-05, cfd=1.341e-05]  WALL=2.027e-18  DATA=1.661e-01
Invoked: SSBroyden1 approach!
[BFGS] batch=  44  call=  2372  total=1.494e-04  PDE=9.383e-05 [colloc=8.044e-05, cfd=1.340e-05]  WALL=2.035e-18  DATA=1.662e-01
Invoked: SSBroyden1 approach!
[BFGS] batch=  44  call=  2373  total=1.490e-04  PDE=9.350e-05 [colloc=8.010e-05, cfd=1.341e-05]  WALL=2.033e-18  DATA=1.661e-01
Invoked: SSBroyden1 approach!
[BFGS] batch=  44  call=  2374  total=1.489e-04  PDE=9.320e-05 [colloc=7.975e-05, cfd=1.345e-05]  WALL=2.027e-18  DATA=1.662e-01
Invoked: SSBroyden1 approach!
[BFGS] batch=  44  call=  2375  total=1.486e-04  PDE=9.308e-05 [colloc=7.963e-05, cfd=1.345e-05]  WALL=2.027e-18  DATA=1.662e-01
Invoked: SSBroyden1 approach!
[BFGS] batch=  44  call=  2376  total=1.480e-04  PDE=9.283e-05 [colloc=7.939e-05, cfd=1.343e-05]  WALL=2.031e-18  DATA=1.662e-01
Invoked: SSBroyden1 approach!
[BFGS] batch=  44  call=  2377  total=1.473e-04  PDE=9.228e-05 [colloc=7.884e-05, cfd=1.344e-05]  WALL=2.034e-18  DATA=1.662e-01
Invoked: SSBroyden1 approach!
[BFGS] batch=  44  call=  2378  total=1.470e-04  PDE=9.174e-05 [colloc=7.818e-05, cfd=1.357e-05]  WALL=2.040e-18  DATA=1.661e-01
Invoked: SSBroyden1 approach!
[BFGS] batch=  44  call=  2379  total=1.463e-04  PDE=9.144e-05 [colloc=7.794e-05, cfd=1.350e-05]  WALL=2.045e-18  DATA=1.662e-01
Invoked: SSBroyden1 approach!
[BFGS] batch=  44  call=  2380  total=1.456e-04  PDE=9.098e-05 [colloc=7.745e-05, cfd=1.353e-05]  WALL=2.044e-18  DATA=1.662e-01
Invoked: SSBroyden1 approach!
[BFGS] batch=  44  call=  2381  total=1.451e-04  PDE=9.060e-05 [colloc=7.697e-05, cfd=1.363e-05]  WALL=2.050e-18  DATA=1.662e-01
Invoked: SSBroyden1 approach!
[BFGS] batch=  44  call=  2382  total=1.443e-04  PDE=9.005e-05 [colloc=7.639e-05, cfd=1.366e-05]  WALL=2.069e-18  DATA=1.662e-01
Invoked: SSBroyden1 approach!
[BFGS] batch=  44  call=  2383  total=1.442e-04  PDE=8.958e-05 [colloc=7.578e-05, cfd=1.379e-05]  WALL=2.066e-18  DATA=1.662e-01
Invoked: SSBroyden1 approach!
[BFGS] batch=  44  call=  2384  total=1.434e-04  PDE=8.943e-05 [colloc=7.565e-05, cfd=1.379e-05]  WALL=2.067e-18  DATA=1.662e-01
Invoked: SSBroyden1 approach!
[BFGS] batch=  44  call=  2385  total=1.430e-04  PDE=8.908e-05 [colloc=7.536e-05, cfd=1.373e-05]  WALL=2.075e-18  DATA=1.662e-01
Invoked: SSBroyden1 approach!
[BFGS] batch=  44  call=  2386  total=1.427e-04  PDE=8.886e-05 [colloc=7.513e-05, cfd=1.373e-05]  WALL=2.076e-18  DATA=1.662e-01
Invoked: SSBroyden1 approach!
[BFGS] batch=  44  call=  2387  total=1.424e-04  PDE=8.858e-05 [colloc=7.487e-05, cfd=1.370e-05]  WALL=2.094e-18  DATA=1.662e-01
Invoked: SSBroyden1 approach!
[BFGS] batch=  44  call=  2388  total=1.420e-04  PDE=8.836e-05 [colloc=7.466e-05, cfd=1.370e-05]  WALL=2.093e-18  DATA=1.662e-01
Invoked: SSBroyden1 approach!
[BFGS] batch=  44  call=  2389  total=1.419e-04  PDE=8.830e-05 [colloc=7.464e-05, cfd=1.367e-05]  WALL=2.103e-18  DATA=1.662e-01
Invoked: SSBroyden1 approach!
[BFGS] batch=  44  call=  2390  total=1.419e-04  PDE=8.823e-05 [colloc=7.456e-05, cfd=1.367e-05]  WALL=2.104e-18  DATA=1.662e-01
Invoked: SSBroyden1 approach!
[BFGS] batch=  44  call=  2391  total=1.418e-04  PDE=8.818e-05 [colloc=7.450e-05, cfd=1.368e-05]  WALL=2.106e-18  DATA=1.662e-01
Invoked: SSBroyden1 approach!
[BFGS] batch=  44  call=  2392  total=1.416e-04  PDE=8.805e-05 [colloc=7.438e-05, cfd=1.367e-05]  WALL=2.107e-18  DATA=1.662e-01
Invoked: SSBroyden1 approach!
[BFGS] batch=  44  call=  2393  total=1.412e-04  PDE=8.783e-05 [colloc=7.419e-05, cfd=1.364e-05]  WALL=2.114e-18  DATA=1.662e-01
Invoked: SSBroyden1 approach!
[BFGS] batch=  44  call=  2394  total=1.412e-04  PDE=8.762e-05 [colloc=7.401e-05, cfd=1.361e-05]  WALL=2.110e-18  DATA=1.662e-01
Invoked: SSBroyden1 approach!
[BFGS] batch=  44  call=  2395  total=1.411e-04  PDE=8.758e-05 [colloc=7.397e-05, cfd=1.361e-05]  WALL=2.110e-18  DATA=1.662e-01
Invoked: SSBroyden1 approach!
[BFGS] batch=  44  call=  2396  total=1.407e-04  PDE=8.745e-05 [colloc=7.385e-05, cfd=1.360e-05]  WALL=2.111e-18  DATA=1.662e-01
Invoked: SSBroyden1 approach!
[BFGS] batch=  44  call=  2397  total=1.405e-04  PDE=8.723e-05 [colloc=7.365e-05, cfd=1.358e-05]  WALL=2.120e-18  DATA=1.662e-01
Invoked: SSBroyden1 approach!
[BFGS] batch=  44  call=  2398  total=1.401e-04  PDE=8.707e-05 [colloc=7.349e-05, cfd=1.358e-05]  WALL=2.122e-18  DATA=1.662e-01
Invoked: SSBroyden1 approach!
[BFGS] batch=  44  call=  2400  total=1.399e-04  PDE=8.693e-05 [colloc=7.333e-05, cfd=1.360e-05]  WALL=2.115e-18  DATA=1.662e-01
Invoked: SSBroyden1 approach!
[BFGS] batch=  44  call=  2401  total=1.398e-04  PDE=8.675e-05 [colloc=7.314e-05, cfd=1.361e-05]  WALL=2.119e-18  DATA=1.662e-01
Invoked: SSBroyden1 approach!
[BFGS] batch=  44  call=  2402  total=1.398e-04  PDE=8.665e-05 [colloc=7.304e-05, cfd=1.360e-05]  WALL=2.113e-18  DATA=1.662e-01
Invoked: SSBroyden1 approach!
[BFGS] batch=  44  call=  2405  total=1.393e-04  PDE=8.660e-05 [colloc=7.299e-05, cfd=1.360e-05]  WALL=2.111e-18  DATA=1.662e-01
Invoked: SSBroyden1 approach!
[BFGS] batch=  44  call=  2414  total=1.392e-04  PDE=8.652e-05 [colloc=7.292e-05, cfd=1.360e-05]  WALL=2.108e-18  DATA=1.662e-01
  [PT] w_u=2.2580 w_v=19.1560 gamma=0.346 (tau_u=4.429e-01 tau_v=5.220e-02 |Du|=4.98e-02 |DRu|=8.32e-02)
[BFGS] batch 44: H0 not PD — resetting to identity.
[BFGS-END] batch=  44  last_total=1.395e-04  last_PDE=8.652e-05 [colloc=7.292e-05, cfd=1.360e-05]  last_WALL=2.108e-18  last_DATA=1.662e-01
/oscar/home/jchen790/cylinder flow lab/src/cfp40.py:1342: OptimizeWarning: Unknown solver options: hess, hessp, bounds, constraints, tol
  result = minimize(
Invoked: SSBroyden1 approach!
[BFGS] batch=  45  call=  2435  total=1.502e-04  PDE=9.423e-05 [colloc=8.064e-05, cfd=1.359e-05]  WALL=2.172e-18  DATA=1.662e-01
Invoked: SSBroyden1 approach!
[BFGS] batch=  45  call=  2437  total=1.499e-04  PDE=9.386e-05 [colloc=8.027e-05, cfd=1.359e-05]  WALL=2.174e-18  DATA=1.662e-01
Invoked: SSBroyden1 approach!
[BFGS] batch=  45  call=  2438  total=1.496e-04  PDE=9.364e-05 [colloc=8.005e-05, cfd=1.359e-05]  WALL=2.174e-18  DATA=1.663e-01
Invoked: SSBroyden1 approach!
[BFGS] batch=  45  call=  2439  total=1.489e-04  PDE=9.333e-05 [colloc=7.973e-05, cfd=1.359e-05]  WALL=2.170e-18  DATA=1.663e-01
Invoked: SSBroyden1 approach!
[BFGS] batch=  45  call=  2440  total=1.479e-04  PDE=9.268e-05 [colloc=7.906e-05, cfd=1.363e-05]  WALL=2.162e-18  DATA=1.662e-01
Invoked: SSBroyden1 approach!
[BFGS] batch=  45  call=  2441  total=1.476e-04  PDE=9.243e-05 [colloc=7.871e-05, cfd=1.372e-05]  WALL=2.168e-18  DATA=1.663e-01
Invoked: SSBroyden1 approach!
[BFGS] batch=  45  call=  2442  total=1.474e-04  PDE=9.208e-05 [colloc=7.840e-05, cfd=1.368e-05]  WALL=2.157e-18  DATA=1.663e-01
Invoked: SSBroyden1 approach!
[BFGS] batch=  45  call=  2443  total=1.470e-04  PDE=9.190e-05 [colloc=7.826e-05, cfd=1.364e-05]  WALL=2.155e-18  DATA=1.663e-01
Invoked: SSBroyden1 approach!
[BFGS] batch=  45  call=  2444  total=1.470e-04  PDE=9.153e-05 [colloc=7.790e-05, cfd=1.363e-05]  WALL=2.161e-18  DATA=1.663e-01
Invoked: SSBroyden1 approach!
[BFGS] batch=  45  call=  2446  total=1.462e-04  PDE=9.126e-05 [colloc=7.765e-05, cfd=1.362e-05]  WALL=2.159e-18  DATA=1.663e-01
Invoked: SSBroyden1 approach!
[BFGS] batch=  45  call=  2448  total=1.460e-04  PDE=9.100e-05 [colloc=7.733e-05, cfd=1.367e-05]  WALL=2.152e-18  DATA=1.663e-01
Invoked: SSBroyden1 approach!
[BFGS] batch=  45  call=  2449  total=1.457e-04  PDE=9.073e-05 [colloc=7.703e-05, cfd=1.370e-05]  WALL=2.154e-18  DATA=1.663e-01
Invoked: SSBroyden1 approach!
[BFGS] batch=  45  call=  2450  total=1.453e-04  PDE=9.054e-05 [colloc=7.689e-05, cfd=1.365e-05]  WALL=2.160e-18  DATA=1.663e-01
Invoked: SSBroyden1 approach!
[BFGS] batch=  45  call=  2451  total=1.450e-04  PDE=9.030e-05 [colloc=7.667e-05, cfd=1.363e-05]  WALL=2.154e-18  DATA=1.663e-01
Invoked: SSBroyden1 approach!
[BFGS] batch=  45  call=  2452  total=1.445e-04  PDE=9.004e-05 [colloc=7.630e-05, cfd=1.374e-05]  WALL=2.150e-18  DATA=1.663e-01
Invoked: SSBroyden1 approach!
[BFGS] batch=  45  call=  2453  total=1.439e-04  PDE=8.971e-05 [colloc=7.599e-05, cfd=1.372e-05]  WALL=2.140e-18  DATA=1.663e-01
  [PT] w_u=2.4423 w_v=20.1131 gamma=0.345 (tau_u=4.095e-01 tau_v=4.972e-02 |Du|=3.91e-02 |DRu|=6.96e-02)
[BFGS-END] batch=  45  last_total=1.443e-04  last_PDE=8.969e-05 [colloc=7.597e-05, cfd=1.372e-05]  last_WALL=2.140e-18  last_DATA=1.663e-01
/oscar/home/jchen790/cylinder flow lab/src/cfp40.py:1342: OptimizeWarning: Unknown solver options: hess, hessp, bounds, constraints, tol
  result = minimize(
Invoked: SSBroyden1 approach!
[BFGS] batch=  46  call=  2475  total=1.499e-04  PDE=9.403e-05 [colloc=7.971e-05, cfd=1.432e-05]  WALL=2.151e-18  DATA=1.663e-01
Invoked: SSBroyden1 approach!
[BFGS] batch=  46  call=  2476  total=1.493e-04  PDE=9.357e-05 [colloc=7.923e-05, cfd=1.434e-05]  WALL=2.161e-18  DATA=1.663e-01
Invoked: SSBroyden1 approach!
[BFGS] batch=  46  call=  2477  total=1.487e-04  PDE=9.294e-05 [colloc=7.866e-05, cfd=1.428e-05]  WALL=2.173e-18  DATA=1.663e-01
Invoked: SSBroyden1 approach!
[BFGS] batch=  46  call=  2478  total=1.476e-04  PDE=9.219e-05 [colloc=7.792e-05, cfd=1.427e-05]  WALL=2.175e-18  DATA=1.663e-01
Invoked: SSBroyden1 approach!
[BFGS] batch=  46  call=  2479  total=1.466e-04  PDE=9.107e-05 [colloc=7.672e-05, cfd=1.435e-05]  WALL=2.159e-18  DATA=1.663e-01
Invoked: SSBroyden1 approach!
[BFGS] batch=  46  call=  2480  total=1.448e-04  PDE=8.996e-05 [colloc=7.557e-05, cfd=1.439e-05]  WALL=2.160e-18  DATA=1.663e-01
Invoked: SSBroyden1 approach!
[BFGS] batch=  46  call=  2482  total=1.439e-04  PDE=8.931e-05 [colloc=7.491e-05, cfd=1.440e-05]  WALL=2.175e-18  DATA=1.663e-01
Invoked: SSBroyden1 approach!
[BFGS] batch=  46  call=  2483  total=1.429e-04  PDE=8.838e-05 [colloc=7.395e-05, cfd=1.443e-05]  WALL=2.170e-18  DATA=1.663e-01
Invoked: SSBroyden1 approach!
[BFGS] batch=  46  call=  2484  total=1.420e-04  PDE=8.758e-05 [colloc=7.328e-05, cfd=1.430e-05]  WALL=2.173e-18  DATA=1.663e-01
Invoked: SSBroyden1 approach!
[BFGS] batch=  46  call=  2485  total=1.403e-04  PDE=8.686e-05 [colloc=7.257e-05, cfd=1.429e-05]  WALL=2.175e-18  DATA=1.663e-01
Invoked: SSBroyden1 approach!
[BFGS] batch=  46  call=  2487  total=1.400e-04  PDE=8.654e-05 [colloc=7.224e-05, cfd=1.430e-05]  WALL=2.179e-18  DATA=1.663e-01
Invoked: SSBroyden1 approach!
[BFGS] batch=  46  call=  2488  total=1.395e-04  PDE=8.626e-05 [colloc=7.200e-05, cfd=1.425e-05]  WALL=2.181e-18  DATA=1.663e-01
Invoked: SSBroyden1 approach!
[BFGS] batch=  46  call=  2499  total=1.390e-04  PDE=8.606e-05 [colloc=7.181e-05, cfd=1.425e-05]  WALL=2.183e-18  DATA=1.663e-01
  [PT] w_u=2.6551 w_v=21.3145 gamma=0.344 (tau_u=3.766e-01 tau_v=4.692e-02 |Du|=4.02e-02 |DRu|=8.29e-02)
[BFGS-END] batch=  46  last_total=1.389e-04  last_PDE=8.606e-05 [colloc=7.181e-05, cfd=1.425e-05]  last_WALL=2.183e-18  last_DATA=1.663e-01
/oscar/home/jchen790/cylinder flow lab/src/cfp40.py:1342: OptimizeWarning: Unknown solver options: hess, hessp, bounds, constraints, tol
  result = minimize(
Invoked: SSBroyden1 approach!
[BFGS] batch=  47  call=  2520  total=1.503e-04  PDE=9.356e-05 [colloc=7.907e-05, cfd=1.449e-05]  WALL=2.197e-18  DATA=1.664e-01
Invoked: SSBroyden1 approach!
[BFGS] batch=  47  call=  2521  total=1.478e-04  PDE=9.181e-05 [colloc=7.723e-05, cfd=1.458e-05]  WALL=2.202e-18  DATA=1.664e-01
Invoked: SSBroyden1 approach!
[BFGS] batch=  47  call=  2522  total=1.448e-04  PDE=8.963e-05 [colloc=7.496e-05, cfd=1.466e-05]  WALL=2.217e-18  DATA=1.664e-01
Invoked: SSBroyden1 approach!
[BFGS] batch=  47  call=  2523  total=1.442e-04  PDE=8.932e-05 [colloc=7.436e-05, cfd=1.495e-05]  WALL=2.220e-18  DATA=1.664e-01
Invoked: SSBroyden1 approach!
[BFGS] batch=  47  call=  2524  total=1.432e-04  PDE=8.859e-05 [colloc=7.374e-05, cfd=1.484e-05]  WALL=2.217e-18  DATA=1.664e-01
Invoked: SSBroyden1 approach!
[BFGS] batch=  47  call=  2525  total=1.418e-04  PDE=8.758e-05 [colloc=7.284e-05, cfd=1.474e-05]  WALL=2.211e-18  DATA=1.664e-01
Invoked: SSBroyden1 approach!
[BFGS] batch=  47  call=  2526  total=1.409e-04  PDE=8.685e-05 [colloc=7.216e-05, cfd=1.469e-05]  WALL=2.243e-18  DATA=1.663e-01
Invoked: SSBroyden1 approach!
[BFGS] batch=  47  call=  2527  total=1.401e-04  PDE=8.657e-05 [colloc=7.191e-05, cfd=1.467e-05]  WALL=2.227e-18  DATA=1.663e-01
Invoked: SSBroyden1 approach!
[BFGS] batch=  47  call=  2528  total=1.395e-04  PDE=8.612e-05 [colloc=7.159e-05, cfd=1.452e-05]  WALL=2.232e-18  DATA=1.663e-01
Invoked: SSBroyden1 approach!
[BFGS] batch=  47  call=  2529  total=1.393e-04  PDE=8.574e-05 [colloc=7.136e-05, cfd=1.438e-05]  WALL=2.214e-18  DATA=1.664e-01
Invoked: SSBroyden1 approach!
[BFGS] batch=  47  call=  2530  total=1.392e-04  PDE=8.548e-05 [colloc=7.112e-05, cfd=1.436e-05]  WALL=2.215e-18  DATA=1.664e-01
Invoked: SSBroyden1 approach!
[BFGS] batch=  47  call=  2531  total=1.388e-04  PDE=8.535e-05 [colloc=7.100e-05, cfd=1.435e-05]  WALL=2.216e-18  DATA=1.664e-01
Invoked: SSBroyden1 approach!
[BFGS] batch=  47  call=  2532  total=1.383e-04  PDE=8.510e-05 [colloc=7.072e-05, cfd=1.438e-05]  WALL=2.216e-18  DATA=1.664e-01
Invoked: SSBroyden1 approach!
[BFGS] batch=  47  call=  2541  total=1.380e-04  PDE=8.491e-05 [colloc=7.055e-05, cfd=1.436e-05]  WALL=2.215e-18  DATA=1.664e-01
Invoked: SSBroyden1 approach!
[BFGS] batch=  47  call=  2543  total=1.376e-04  PDE=8.486e-05 [colloc=7.050e-05, cfd=1.436e-05]  WALL=2.215e-18  DATA=1.664e-01
Invoked: SSBroyden1 approach!
[BFGS] batch=  47  call=  2551  total=1.375e-04  PDE=8.471e-05 [colloc=7.037e-05, cfd=1.434e-05]  WALL=2.214e-18  DATA=1.664e-01
Invoked: SSBroyden1 approach!
[BFGS] batch=  47  call=  2552  total=1.375e-04  PDE=8.462e-05 [colloc=7.027e-05, cfd=1.435e-05]  WALL=2.213e-18  DATA=1.664e-01
  [PT] w_u=2.8142 w_v=21.6766 gamma=0.345 (tau_u=3.553e-01 tau_v=4.613e-02 |Du|=4.13e-02 |DRu|=6.00e-02)
[BFGS] batch 47: H0 not PD — resetting to identity.
[BFGS-END] batch=  47  last_total=1.374e-04  last_PDE=8.461e-05 [colloc=7.026e-05, cfd=1.435e-05]  last_WALL=2.213e-18  last_DATA=1.664e-01
/oscar/home/jchen790/cylinder flow lab/src/cfp40.py:1342: OptimizeWarning: Unknown solver options: hess, hessp, bounds, constraints, tol
  result = minimize(
Invoked: SSBroyden1 approach!
[BFGS] batch=  48  call=  2572  total=1.547e-04  PDE=9.670e-05 [colloc=8.286e-05, cfd=1.384e-05]  WALL=2.230e-18  DATA=1.664e-01
Invoked: SSBroyden1 approach!
[BFGS] batch=  48  call=  2573  total=1.520e-04  PDE=9.475e-05 [colloc=8.091e-05, cfd=1.384e-05]  WALL=2.300e-18  DATA=1.664e-01
Invoked: SSBroyden1 approach!
[BFGS] batch=  48  call=  2575  total=1.511e-04  PDE=9.433e-05 [colloc=8.049e-05, cfd=1.384e-05]  WALL=2.307e-18  DATA=1.664e-01
Invoked: SSBroyden1 approach!
[BFGS] batch=  48  call=  2576  total=1.506e-04  PDE=9.365e-05 [colloc=7.981e-05, cfd=1.384e-05]  WALL=2.286e-18  DATA=1.664e-01
Invoked: SSBroyden1 approach!
[BFGS] batch=  48  call=  2577  total=1.497e-04  PDE=9.316e-05 [colloc=7.930e-05, cfd=1.386e-05]  WALL=2.290e-18  DATA=1.664e-01
Invoked: SSBroyden1 approach!
[BFGS] batch=  48  call=  2579  total=1.491e-04  PDE=9.285e-05 [colloc=7.897e-05, cfd=1.389e-05]  WALL=2.287e-18  DATA=1.664e-01
Invoked: SSBroyden1 approach!
[BFGS] batch=  48  call=  2580  total=1.487e-04  PDE=9.251e-05 [colloc=7.864e-05, cfd=1.387e-05]  WALL=2.280e-18  DATA=1.664e-01
Invoked: SSBroyden1 approach!
[BFGS] batch=  48  call=  2581  total=1.487e-04  PDE=9.224e-05 [colloc=7.840e-05, cfd=1.383e-05]  WALL=2.275e-18  DATA=1.664e-01
Invoked: SSBroyden1 approach!
[BFGS] batch=  48  call=  2591  total=1.485e-04  PDE=9.213e-05 [colloc=7.830e-05, cfd=1.383e-05]  WALL=2.277e-18  DATA=1.664e-01
Invoked: SSBroyden1 approach!
[BFGS] batch=  48  call=  2592  total=1.479e-04  PDE=9.189e-05 [colloc=7.806e-05, cfd=1.384e-05]  WALL=2.279e-18  DATA=1.664e-01
Invoked: SSBroyden1 approach!
[BFGS] batch=  48  call=  2595  total=1.473e-04  PDE=9.181e-05 [colloc=7.797e-05, cfd=1.384e-05]  WALL=2.279e-18  DATA=1.664e-01
Invoked: SSBroyden1 approach!
[BFGS] batch=  48  call=  2597  total=1.472e-04  PDE=9.162e-05 [colloc=7.776e-05, cfd=1.385e-05]  WALL=2.279e-18  DATA=1.664e-01
  [PT] w_u=3.0036 w_v=21.4597 gamma=0.348 (tau_u=3.329e-01 tau_v=4.660e-02 |Du|=3.24e-02 |DRu|=5.28e-02)
[BFGS-END] batch=  48  last_total=1.478e-04  last_PDE=9.161e-05 [colloc=7.775e-05, cfd=1.385e-05]  last_WALL=2.279e-18  last_DATA=1.664e-01
/oscar/home/jchen790/cylinder flow lab/src/cfp40.py:1342: OptimizeWarning: Unknown solver options: hess, hessp, bounds, constraints, tol
  result = minimize(
Invoked: SSBroyden1 approach!
[BFGS] batch=  49  call=  2617  total=1.583e-04  PDE=9.918e-05 [colloc=8.534e-05, cfd=1.383e-05]  WALL=2.275e-18  DATA=1.664e-01
Invoked: SSBroyden1 approach!
[BFGS] batch=  49  call=  2618  total=1.576e-04  PDE=9.900e-05 [colloc=8.517e-05, cfd=1.384e-05]  WALL=2.269e-18  DATA=1.664e-01
Invoked: SSBroyden1 approach!
[BFGS] batch=  49  call=  2619  total=1.568e-04  PDE=9.825e-05 [colloc=8.437e-05, cfd=1.388e-05]  WALL=2.264e-18  DATA=1.664e-01
Invoked: SSBroyden1 approach!
[BFGS] batch=  49  call=  2620  total=1.562e-04  PDE=9.758e-05 [colloc=8.364e-05, cfd=1.394e-05]  WALL=2.270e-18  DATA=1.664e-01
Invoked: SSBroyden1 approach!
[BFGS] batch=  49  call=  2621  total=1.557e-04  PDE=9.682e-05 [colloc=8.286e-05, cfd=1.396e-05]  WALL=2.269e-18  DATA=1.664e-01
Invoked: SSBroyden1 approach!
[BFGS] batch=  49  call=  2622  total=1.545e-04  PDE=9.619e-05 [colloc=8.220e-05, cfd=1.399e-05]  WALL=2.274e-18  DATA=1.664e-01
Invoked: SSBroyden1 approach!
[BFGS] batch=  49  call=  2623  total=1.540e-04  PDE=9.579e-05 [colloc=8.175e-05, cfd=1.404e-05]  WALL=2.295e-18  DATA=1.664e-01
Invoked: SSBroyden1 approach!
[BFGS] batch=  49  call=  2624  total=1.532e-04  PDE=9.516e-05 [colloc=8.110e-05, cfd=1.406e-05]  WALL=2.295e-18  DATA=1.664e-01
Invoked: SSBroyden1 approach!
[BFGS] batch=  49  call=  2625  total=1.519e-04  PDE=9.430e-05 [colloc=8.024e-05, cfd=1.406e-05]  WALL=2.297e-18  DATA=1.664e-01
Invoked: SSBroyden1 approach!
[BFGS] batch=  49  call=  2626  total=1.507e-04  PDE=9.309e-05 [colloc=7.901e-05, cfd=1.408e-05]  WALL=2.292e-18  DATA=1.664e-01
Invoked: SSBroyden1 approach!
[BFGS] batch=  49  call=  2627  total=1.495e-04  PDE=9.215e-05 [colloc=7.800e-05, cfd=1.415e-05]  WALL=2.302e-18  DATA=1.664e-01
Invoked: SSBroyden1 approach!
[BFGS] batch=  49  call=  2628  total=1.491e-04  PDE=9.169e-05 [colloc=7.753e-05, cfd=1.416e-05]  WALL=2.338e-18  DATA=1.664e-01
Invoked: SSBroyden1 approach!
[BFGS] batch=  49  call=  2629  total=1.480e-04  PDE=9.122e-05 [colloc=7.704e-05, cfd=1.418e-05]  WALL=2.333e-18  DATA=1.664e-01
Invoked: SSBroyden1 approach!
[BFGS] batch=  49  call=  2630  total=1.476e-04  PDE=9.102e-05 [colloc=7.691e-05, cfd=1.411e-05]  WALL=2.331e-18  DATA=1.664e-01
Invoked: SSBroyden1 approach!
[BFGS] batch=  49  call=  2631  total=1.470e-04  PDE=9.066e-05 [colloc=7.658e-05, cfd=1.408e-05]  WALL=2.329e-18  DATA=1.664e-01
Invoked: SSBroyden1 approach!
[BFGS] batch=  49  call=  2632  total=1.462e-04  PDE=9.027e-05 [colloc=7.627e-05, cfd=1.401e-05]  WALL=2.340e-18  DATA=1.664e-01
Invoked: SSBroyden1 approach!
[BFGS] batch=  49  call=  2634  total=1.460e-04  PDE=9.001e-05 [colloc=7.602e-05, cfd=1.399e-05]  WALL=2.344e-18  DATA=1.664e-01
Invoked: SSBroyden1 approach!
[BFGS] batch=  49  call=  2635  total=1.459e-04  PDE=8.975e-05 [colloc=7.579e-05, cfd=1.396e-05]  WALL=2.338e-18  DATA=1.665e-01
Invoked: SSBroyden1 approach!
[BFGS] batch=  49  call=  2636  total=1.459e-04  PDE=8.964e-05 [colloc=7.570e-05, cfd=1.395e-05]  WALL=2.337e-18  DATA=1.665e-01
Invoked: SSBroyden1 approach!
[BFGS] batch=  49  call=  2638  total=1.455e-04  PDE=8.957e-05 [colloc=7.563e-05, cfd=1.394e-05]  WALL=2.336e-18  DATA=1.665e-01
Invoked: SSBroyden1 approach!
[BFGS] batch=  49  call=  2639  total=1.450e-04  PDE=8.932e-05 [colloc=7.537e-05, cfd=1.396e-05]  WALL=2.337e-18  DATA=1.664e-01
Invoked: SSBroyden1 approach!
[BFGS] batch=  49  call=  2641  total=1.446e-04  PDE=8.914e-05 [colloc=7.518e-05, cfd=1.396e-05]  WALL=2.334e-18  DATA=1.664e-01
Invoked: SSBroyden1 approach!
[BFGS] batch=  49  call=  2642  total=1.446e-04  PDE=8.900e-05 [colloc=7.507e-05, cfd=1.393e-05]  WALL=2.320e-18  DATA=1.664e-01
Invoked: SSBroyden1 approach!
[BFGS] batch=  49  call=  2643  total=1.440e-04  PDE=8.891e-05 [colloc=7.500e-05, cfd=1.392e-05]  WALL=2.320e-18  DATA=1.664e-01
Invoked: SSBroyden1 approach!
[BFGS] batch=  49  call=  2651  total=1.439e-04  PDE=8.859e-05 [colloc=7.473e-05, cfd=1.386e-05]  WALL=2.308e-18  DATA=1.664e-01
Invoked: SSBroyden1 approach!
[BFGS] batch=  49  call=  2658  total=1.438e-04  PDE=8.851e-05 [colloc=7.466e-05, cfd=1.386e-05]  WALL=2.307e-18  DATA=1.664e-01
Invoked: SSBroyden1 approach!
[BFGS] batch=  49  call=  2659  total=1.437e-04  PDE=8.840e-05 [colloc=7.457e-05, cfd=1.383e-05]  WALL=2.307e-18  DATA=1.664e-01
Invoked: SSBroyden1 approach!
[BFGS] batch=  49  call=  2660  total=1.436e-04  PDE=8.831e-05 [colloc=7.448e-05, cfd=1.383e-05]  WALL=2.306e-18  DATA=1.664e-01
  [PT] w_u=3.2378 w_v=20.9434 gamma=0.351 (tau_u=3.089e-01 tau_v=4.775e-02 |Du|=3.97e-02 |DRu|=7.76e-02)
[BFGS-END] batch=  49  last_total=1.438e-04  last_PDE=8.828e-05 [colloc=7.445e-05, cfd=1.383e-05]  last_WALL=2.306e-18  last_DATA=1.664e-01
/oscar/home/jchen790/cylinder flow lab/src/cfp40.py:1342: OptimizeWarning: Unknown solver options: hess, hessp, bounds, constraints, tol
  result = minimize(
Invoked: SSBroyden1 approach!
[BFGS] batch=  50  call=  2681  total=1.619e-04  PDE=1.013e-04 [colloc=8.597e-05, cfd=1.537e-05]  WALL=2.282e-18  DATA=1.664e-01
Invoked: SSBroyden1 approach!
[BFGS] batch=  50  call=  2682  total=1.575e-04  PDE=9.771e-05 [colloc=8.224e-05, cfd=1.546e-05]  WALL=2.303e-18  DATA=1.664e-01
Invoked: SSBroyden1 approach!
[BFGS] batch=  50  call=  2683  total=1.568e-04  PDE=9.769e-05 [colloc=8.158e-05, cfd=1.611e-05]  WALL=2.324e-18  DATA=1.664e-01
Invoked: SSBroyden1 approach!
[BFGS] batch=  50  call=  2684  total=1.560e-04  PDE=9.676e-05 [colloc=8.087e-05, cfd=1.589e-05]  WALL=2.332e-18  DATA=1.664e-01
Invoked: SSBroyden1 approach!
[BFGS] batch=  50  call=  2685  total=1.551e-04  PDE=9.607e-05 [colloc=8.037e-05, cfd=1.570e-05]  WALL=2.329e-18  DATA=1.664e-01
Invoked: SSBroyden1 approach!
[BFGS] batch=  50  call=  2686  total=1.533e-04  PDE=9.534e-05 [colloc=7.986e-05, cfd=1.548e-05]  WALL=2.345e-18  DATA=1.664e-01
Invoked: SSBroyden1 approach!
[BFGS] batch=  50  call=  2687  total=1.530e-04  PDE=9.488e-05 [colloc=7.942e-05, cfd=1.546e-05]  WALL=2.342e-18  DATA=1.664e-01
Invoked: SSBroyden1 approach!
[BFGS] batch=  50  call=  2688  total=1.528e-04  PDE=9.454e-05 [colloc=7.911e-05, cfd=1.543e-05]  WALL=2.345e-18  DATA=1.664e-01
Invoked: SSBroyden1 approach!
[BFGS] batch=  50  call=  2689  total=1.522e-04  PDE=9.424e-05 [colloc=7.885e-05, cfd=1.539e-05]  WALL=2.343e-18  DATA=1.664e-01
Invoked: SSBroyden1 approach!
[BFGS] batch=  50  call=  2690  total=1.518e-04  PDE=9.375e-05 [colloc=7.853e-05, cfd=1.522e-05]  WALL=2.340e-18  DATA=1.664e-01
Invoked: SSBroyden1 approach!
[BFGS] batch=  50  call=  2691  total=1.517e-04  PDE=9.340e-05 [colloc=7.824e-05, cfd=1.516e-05]  WALL=2.351e-18  DATA=1.665e-01
Invoked: SSBroyden1 approach!
[BFGS] batch=  50  call=  2692  total=1.511e-04  PDE=9.329e-05 [colloc=7.815e-05, cfd=1.514e-05]  WALL=2.350e-18  DATA=1.665e-01
Invoked: SSBroyden1 approach!
[BFGS] batch=  50  call=  2693  total=1.502e-04  PDE=9.313e-05 [colloc=7.797e-05, cfd=1.516e-05]  WALL=2.350e-18  DATA=1.665e-01
  [PT] w_u=3.5279 w_v=22.4831 gamma=0.355 (tau_u=2.835e-01 tau_v=4.448e-02 |Du|=4.02e-02 |DRu|=1.02e-01)
[PT] batch=  50  w=1.3006e+01
[BFGS] batch 50: H0 not PD — resetting to identity.
[BFGS-END] batch=  50  last_total=1.509e-04  last_PDE=9.313e-05 [colloc=7.797e-05, cfd=1.516e-05]  last_WALL=2.350e-18  last_DATA=1.665e-01
/oscar/home/jchen790/cylinder flow lab/src/cfp40.py:1342: OptimizeWarning: Unknown solver options: hess, hessp, bounds, constraints, tol
  result = minimize(
Invoked: SSBroyden1 approach!
[BFGS] batch=  51  call=  2715  total=1.624e-04  PDE=1.015e-04 [colloc=8.617e-05, cfd=1.529e-05]  WALL=2.396e-18  DATA=1.665e-01
Invoked: SSBroyden1 approach!
[BFGS] batch=  51  call=  2716  total=1.598e-04  PDE=9.962e-05 [colloc=8.434e-05, cfd=1.528e-05]  WALL=2.426e-18  DATA=1.665e-01
Invoked: SSBroyden1 approach!
[BFGS] batch=  51  call=  2718  total=1.593e-04  PDE=9.930e-05 [colloc=8.401e-05, cfd=1.529e-05]  WALL=2.433e-18  DATA=1.665e-01
Invoked: SSBroyden1 approach!
[BFGS] batch=  51  call=  2719  total=1.587e-04  PDE=9.886e-05 [colloc=8.357e-05, cfd=1.529e-05]  WALL=2.426e-18  DATA=1.665e-01
Invoked: SSBroyden1 approach!
[BFGS] batch=  51  call=  2720  total=1.580e-04  PDE=9.830e-05 [colloc=8.301e-05, cfd=1.529e-05]  WALL=2.433e-18  DATA=1.665e-01
Invoked: SSBroyden1 approach!
[BFGS] batch=  51  call=  2721  total=1.572e-04  PDE=9.793e-05 [colloc=8.265e-05, cfd=1.529e-05]  WALL=2.418e-18  DATA=1.665e-01
Invoked: SSBroyden1 approach!
[BFGS] batch=  51  call=  2722  total=1.565e-04  PDE=9.747e-05 [colloc=8.220e-05, cfd=1.527e-05]  WALL=2.406e-18  DATA=1.665e-01
Invoked: SSBroyden1 approach!
[BFGS] batch=  51  call=  2724  total=1.560e-04  PDE=9.721e-05 [colloc=8.198e-05, cfd=1.524e-05]  WALL=2.398e-18  DATA=1.665e-01
Invoked: SSBroyden1 approach!
[BFGS] batch=  51  call=  2725  total=1.554e-04  PDE=9.671e-05 [colloc=8.150e-05, cfd=1.521e-05]  WALL=2.405e-18  DATA=1.665e-01
  [PT] w_u=3.8966 w_v=24.6224 gamma=0.353 (tau_u=2.566e-01 tau_v=4.061e-02 |Du|=2.48e-02 |DRu|=1.19e-01)
[BFGS-END] batch=  51  last_total=1.555e-04  last_PDE=9.671e-05 [colloc=8.150e-05, cfd=1.521e-05]  last_WALL=2.405e-18  last_DATA=1.665e-01
/oscar/home/jchen790/cylinder flow lab/src/cfp40.py:1342: OptimizeWarning: Unknown solver options: hess, hessp, bounds, constraints, tol
  result = minimize(
Invoked: SSBroyden1 approach!
[BFGS] batch=  52  call=  2746  total=1.598e-04  PDE=9.960e-05 [colloc=8.468e-05, cfd=1.491e-05]  WALL=2.402e-18  DATA=1.665e-01
Invoked: SSBroyden1 approach!
[BFGS] batch=  52  call=  2747  total=1.592e-04  PDE=9.921e-05 [colloc=8.435e-05, cfd=1.487e-05]  WALL=2.408e-18  DATA=1.665e-01
Invoked: SSBroyden1 approach!
[BFGS] batch=  52  call=  2748  total=1.591e-04  PDE=9.864e-05 [colloc=8.377e-05, cfd=1.487e-05]  WALL=2.419e-18  DATA=1.665e-01
Invoked: SSBroyden1 approach!
[BFGS] batch=  52  call=  2749  total=1.585e-04  PDE=9.850e-05 [colloc=8.362e-05, cfd=1.488e-05]  WALL=2.419e-18  DATA=1.665e-01
Invoked: SSBroyden1 approach!
[BFGS] batch=  52  call=  2750  total=1.580e-04  PDE=9.806e-05 [colloc=8.312e-05, cfd=1.494e-05]  WALL=2.420e-18  DATA=1.665e-01
Invoked: SSBroyden1 approach!
[BFGS] batch=  52  call=  2751  total=1.572e-04  PDE=9.752e-05 [colloc=8.255e-05, cfd=1.497e-05]  WALL=2.427e-18  DATA=1.665e-01
Invoked: SSBroyden1 approach!
[BFGS] batch=  52  call=  2752  total=1.564e-04  PDE=9.696e-05 [colloc=8.207e-05, cfd=1.489e-05]  WALL=2.427e-18  DATA=1.665e-01
Invoked: SSBroyden1 approach!
[BFGS] batch=  52  call=  2753  total=1.554e-04  PDE=9.627e-05 [colloc=8.134e-05, cfd=1.493e-05]  WALL=2.412e-18  DATA=1.665e-01
Invoked: SSBroyden1 approach!
[BFGS] batch=  52  call=  2754  total=1.549e-04  PDE=9.555e-05 [colloc=8.054e-05, cfd=1.501e-05]  WALL=2.418e-18  DATA=1.665e-01
Invoked: SSBroyden1 approach!
[BFGS] batch=  52  call=  2755  total=1.535e-04  PDE=9.502e-05 [colloc=7.998e-05, cfd=1.504e-05]  WALL=2.425e-18  DATA=1.665e-01
Invoked: SSBroyden1 approach!
[BFGS] batch=  52  call=  2756  total=1.535e-04  PDE=9.466e-05 [colloc=7.949e-05, cfd=1.518e-05]  WALL=2.438e-18  DATA=1.665e-01
  [PT] w_u=4.2891 w_v=26.9910 gamma=0.354 (tau_u=2.331e-01 tau_v=3.705e-02 |Du|=3.47e-02 |DRu|=1.40e-01)
[BFGS-END] batch=  52  last_total=1.540e-04  last_PDE=9.466e-05 [colloc=7.949e-05, cfd=1.518e-05]  last_WALL=2.438e-18  last_DATA=1.665e-01
/oscar/home/jchen790/cylinder flow lab/src/cfp40.py:1342: OptimizeWarning: Unknown solver options: hess, hessp, bounds, constraints, tol
  result = minimize(
Invoked: SSBroyden1 approach!
[BFGS] batch=  53  call=  2778  total=1.670e-04  PDE=1.043e-04 [colloc=8.909e-05, cfd=1.524e-05]  WALL=2.434e-18  DATA=1.665e-01
Invoked: SSBroyden1 approach!
[BFGS] batch=  53  call=  2779  total=1.666e-04  PDE=1.034e-04 [colloc=8.818e-05, cfd=1.521e-05]  WALL=2.435e-18  DATA=1.665e-01
Invoked: SSBroyden1 approach!
[BFGS] batch=  53  call=  2780  total=1.656e-04  PDE=1.028e-04 [colloc=8.757e-05, cfd=1.523e-05]  WALL=2.434e-18  DATA=1.665e-01
Invoked: SSBroyden1 approach!
[BFGS] batch=  53  call=  2781  total=1.640e-04  PDE=1.016e-04 [colloc=8.634e-05, cfd=1.525e-05]  WALL=2.438e-18  DATA=1.665e-01
Invoked: SSBroyden1 approach!
[BFGS] batch=  53  call=  2782  total=1.616e-04  PDE=9.983e-05 [colloc=8.455e-05, cfd=1.529e-05]  WALL=2.445e-18  DATA=1.665e-01
Invoked: SSBroyden1 approach!
[BFGS] batch=  53  call=  2783  total=1.594e-04  PDE=9.856e-05 [colloc=8.321e-05, cfd=1.535e-05]  WALL=2.484e-18  DATA=1.665e-01
Invoked: SSBroyden1 approach!
[BFGS] batch=  53  call=  2784  total=1.571e-04  PDE=9.664e-05 [colloc=8.114e-05, cfd=1.551e-05]  WALL=2.533e-18  DATA=1.665e-01
Invoked: SSBroyden1 approach!
[BFGS] batch=  53  call=  2786  total=1.556e-04  PDE=9.575e-05 [colloc=8.023e-05, cfd=1.552e-05]  WALL=2.529e-18  DATA=1.665e-01
Invoked: SSBroyden1 approach!
[BFGS] batch=  53  call=  2787  total=1.548e-04  PDE=9.485e-05 [colloc=7.946e-05, cfd=1.539e-05]  WALL=2.534e-18  DATA=1.665e-01
Invoked: SSBroyden1 approach!
[BFGS] batch=  53  call=  2788  total=1.542e-04  PDE=9.427e-05 [colloc=7.889e-05, cfd=1.538e-05]  WALL=2.535e-18  DATA=1.665e-01
Invoked: SSBroyden1 approach!
[BFGS] batch=  53  call=  2789  total=1.528e-04  PDE=9.384e-05 [colloc=7.845e-05, cfd=1.539e-05]  WALL=2.542e-18  DATA=1.665e-01
Invoked: SSBroyden1 approach!
[BFGS] batch=  53  call=  2798  total=1.521e-04  PDE=9.344e-05 [colloc=7.809e-05, cfd=1.536e-05]  WALL=2.540e-18  DATA=1.665e-01
Invoked: SSBroyden1 approach!
[BFGS] batch=  53  call=  2800  total=1.520e-04  PDE=9.322e-05 [colloc=7.788e-05, cfd=1.534e-05]  WALL=2.539e-18  DATA=1.665e-01
  [PT] w_u=4.7180 w_v=29.1045 gamma=0.362 (tau_u=2.120e-01 tau_v=3.436e-02 |Du|=3.08e-02 |DRu|=1.27e-01)
[BFGS-END] batch=  53  last_total=1.522e-04  last_PDE=9.322e-05 [colloc=7.788e-05, cfd=1.534e-05]  last_WALL=2.539e-18  last_DATA=1.665e-01
/oscar/home/jchen790/cylinder flow lab/src/cfp40.py:1342: OptimizeWarning: Unknown solver options: hess, hessp, bounds, constraints, tol
  result = minimize(
Invoked: SSBroyden1 approach!
[BFGS] batch=  54  call=  2821  total=1.714e-04  PDE=1.070e-04 [colloc=9.126e-05, cfd=1.574e-05]  WALL=2.558e-18  DATA=1.665e-01
Invoked: SSBroyden1 approach!
[BFGS] batch=  54  call=  2822  total=1.687e-04  PDE=1.047e-04 [colloc=8.880e-05, cfd=1.593e-05]  WALL=2.560e-18  DATA=1.665e-01
Invoked: SSBroyden1 approach!
[BFGS] batch=  54  call=  2823  total=1.645e-04  PDE=1.019e-04 [colloc=8.594e-05, cfd=1.599e-05]  WALL=2.584e-18  DATA=1.665e-01
Invoked: SSBroyden1 approach!
[BFGS] batch=  54  call=  2824  total=1.604e-04  PDE=9.890e-05 [colloc=8.290e-05, cfd=1.600e-05]  WALL=2.589e-18  DATA=1.665e-01
Invoked: SSBroyden1 approach!
[BFGS] batch=  54  call=  2825  total=1.582e-04  PDE=9.653e-05 [colloc=8.049e-05, cfd=1.604e-05]  WALL=2.602e-18  DATA=1.665e-01
Invoked: SSBroyden1 approach!
[BFGS] batch=  54  call=  2826  total=1.561e-04  PDE=9.538e-05 [colloc=7.941e-05, cfd=1.597e-05]  WALL=2.592e-18  DATA=1.665e-01
Invoked: SSBroyden1 approach!
[BFGS] batch=  54  call=  2828  total=1.556e-04  PDE=9.476e-05 [colloc=7.891e-05, cfd=1.585e-05]  WALL=2.600e-18  DATA=1.665e-01
Invoked: SSBroyden1 approach!
[BFGS] batch=  54  call=  2829  total=1.545e-04  PDE=9.423e-05 [colloc=7.848e-05, cfd=1.575e-05]  WALL=2.606e-18  DATA=1.665e-01
Invoked: SSBroyden1 approach!
[BFGS] batch=  54  call=  2831  total=1.544e-04  PDE=9.387e-05 [colloc=7.813e-05, cfd=1.574e-05]  WALL=2.620e-18  DATA=1.665e-01
Invoked: SSBroyden1 approach!
[BFGS] batch=  54  call=  2832  total=1.542e-04  PDE=9.372e-05 [colloc=7.803e-05, cfd=1.569e-05]  WALL=2.620e-18  DATA=1.665e-01
Invoked: SSBroyden1 approach!
[BFGS] batch=  54  call=  2833  total=1.538e-04  PDE=9.348e-05 [colloc=7.780e-05, cfd=1.568e-05]  WALL=2.617e-18  DATA=1.665e-01
Invoked: SSBroyden1 approach!
[BFGS] batch=  54  call=  2834  total=1.536e-04  PDE=9.326e-05 [colloc=7.758e-05, cfd=1.568e-05]  WALL=2.619e-18  DATA=1.665e-01
Invoked: SSBroyden1 approach!
[BFGS] batch=  54  call=  2835  total=1.532e-04  PDE=9.300e-05 [colloc=7.737e-05, cfd=1.563e-05]  WALL=2.619e-18  DATA=1.665e-01
Invoked: SSBroyden1 approach!
[BFGS] batch=  54  call=  2836  total=1.526e-04  PDE=9.287e-05 [colloc=7.726e-05, cfd=1.561e-05]  WALL=2.622e-18  DATA=1.665e-01
Invoked: SSBroyden1 approach!
[BFGS] batch=  54  call=  2837  total=1.521e-04  PDE=9.264e-05 [colloc=7.708e-05, cfd=1.556e-05]  WALL=2.609e-18  DATA=1.665e-01
Invoked: SSBroyden1 approach!
[BFGS] batch=  54  call=  2839  total=1.515e-04  PDE=9.247e-05 [colloc=7.692e-05, cfd=1.554e-05]  WALL=2.605e-18  DATA=1.665e-01
Invoked: SSBroyden1 approach!
[BFGS] batch=  54  call=  2840  total=1.514e-04  PDE=9.234e-05 [colloc=7.690e-05, cfd=1.544e-05]  WALL=2.596e-18  DATA=1.665e-01
  [PT] w_u=5.1604 w_v=29.6016 gamma=0.362 (tau_u=1.938e-01 tau_v=3.378e-02 |Du|=3.31e-02 |DRu|=1.14e-01)
[BFGS] batch 54: H0 not PD — resetting to identity.
[BFGS-END] batch=  54  last_total=1.515e-04  last_PDE=9.232e-05 [colloc=7.688e-05, cfd=1.544e-05]  last_WALL=2.596e-18  last_DATA=1.665e-01
/oscar/home/jchen790/cylinder flow lab/src/cfp40.py:1342: OptimizeWarning: Unknown solver options: hess, hessp, bounds, constraints, tol
  result = minimize(
Invoked: SSBroyden1 approach!
[BFGS] batch=  55  call=  2861  total=1.759e-04  PDE=1.094e-04 [colloc=9.410e-05, cfd=1.533e-05]  WALL=2.680e-18  DATA=1.665e-01
Invoked: SSBroyden1 approach!
[BFGS] batch=  55  call=  2863  total=1.727e-04  PDE=1.074e-04 [colloc=9.207e-05, cfd=1.532e-05]  WALL=2.694e-18  DATA=1.665e-01
Invoked: SSBroyden1 approach!
[BFGS] batch=  55  call=  2865  total=1.726e-04  PDE=1.069e-04 [colloc=9.157e-05, cfd=1.532e-05]  WALL=2.705e-18  DATA=1.665e-01
Invoked: SSBroyden1 approach!
[BFGS] batch=  55  call=  2867  total=1.719e-04  PDE=1.066e-04 [colloc=9.129e-05, cfd=1.532e-05]  WALL=2.703e-18  DATA=1.665e-01
Invoked: SSBroyden1 approach!
[BFGS] batch=  55  call=  2868  total=1.713e-04  PDE=1.059e-04 [colloc=9.054e-05, cfd=1.533e-05]  WALL=2.709e-18  DATA=1.665e-01
Invoked: SSBroyden1 approach!
[BFGS] batch=  55  call=  2869  total=1.699e-04  PDE=1.054e-04 [colloc=9.003e-05, cfd=1.535e-05]  WALL=2.700e-18  DATA=1.665e-01
Invoked: SSBroyden1 approach!
[BFGS] batch=  55  call=  2872  total=1.697e-04  PDE=1.053e-04 [colloc=8.992e-05, cfd=1.535e-05]  WALL=2.698e-18  DATA=1.665e-01
Invoked: SSBroyden1 approach!
[BFGS] batch=  55  call=  2873  total=1.696e-04  PDE=1.051e-04 [colloc=8.976e-05, cfd=1.535e-05]  WALL=2.695e-18  DATA=1.665e-01
Invoked: SSBroyden1 approach!
[BFGS] batch=  55  call=  2874  total=1.696e-04  PDE=1.050e-04 [colloc=8.961e-05, cfd=1.535e-05]  WALL=2.697e-18  DATA=1.665e-01
Invoked: SSBroyden1 approach!
[BFGS] batch=  55  call=  2883  total=1.694e-04  PDE=1.049e-04 [colloc=8.953e-05, cfd=1.534e-05]  WALL=2.697e-18  DATA=1.665e-01
Invoked: SSBroyden1 approach!
[BFGS] batch=  55  call=  2884  total=1.691e-04  PDE=1.047e-04 [colloc=8.933e-05, cfd=1.533e-05]  WALL=2.697e-18  DATA=1.665e-01
Invoked: SSBroyden1 approach!
[BFGS] batch=  55  call=  2885  total=1.685e-04  PDE=1.045e-04 [colloc=8.922e-05, cfd=1.532e-05]  WALL=2.699e-18  DATA=1.665e-01
  [PT] w_u=5.4677 w_v=29.2465 gamma=0.368 (tau_u=1.829e-01 tau_v=3.419e-02 |Du|=1.45e-02 |DRu|=3.02e-02)
[BFGS-END] batch=  55  last_total=1.692e-04  last_PDE=1.045e-04 [colloc=8.922e-05, cfd=1.532e-05]  last_WALL=2.699e-18  last_DATA=1.665e-01
/oscar/home/jchen790/cylinder flow lab/src/cfp40.py:1342: OptimizeWarning: Unknown solver options: hess, hessp, bounds, constraints, tol
  result = minimize(
Invoked: SSBroyden1 approach!
[BFGS] batch=  56  call=  2907  total=1.775e-04  PDE=1.106e-04 [colloc=9.533e-05, cfd=1.530e-05]  WALL=2.699e-18  DATA=1.665e-01
Invoked: SSBroyden1 approach!
[BFGS] batch=  56  call=  2908  total=1.771e-04  PDE=1.103e-04 [colloc=9.500e-05, cfd=1.532e-05]  WALL=2.700e-18  DATA=1.665e-01
Invoked: SSBroyden1 approach!
[BFGS] batch=  56  call=  2909  total=1.770e-04  PDE=1.098e-04 [colloc=9.452e-05, cfd=1.532e-05]  WALL=2.694e-18  DATA=1.665e-01
Invoked: SSBroyden1 approach!
[BFGS] batch=  56  call=  2911  total=1.760e-04  PDE=1.096e-04 [colloc=9.429e-05, cfd=1.532e-05]  WALL=2.693e-18  DATA=1.665e-01
Invoked: SSBroyden1 approach!
[BFGS] batch=  56  call=  2912  total=1.758e-04  PDE=1.088e-04 [colloc=9.342e-05, cfd=1.538e-05]  WALL=2.699e-18  DATA=1.665e-01
Invoked: SSBroyden1 approach!
[BFGS] batch=  56  call=  2913  total=1.746e-04  PDE=1.084e-04 [colloc=9.301e-05, cfd=1.539e-05]  WALL=2.701e-18  DATA=1.665e-01
Invoked: SSBroyden1 approach!
[BFGS] batch=  56  call=  2914  total=1.736e-04  PDE=1.074e-04 [colloc=9.193e-05, cfd=1.546e-05]  WALL=2.708e-18  DATA=1.665e-01
Invoked: SSBroyden1 approach!
[BFGS] batch=  56  call=  2915  total=1.720e-04  PDE=1.062e-04 [colloc=9.072e-05, cfd=1.552e-05]  WALL=2.709e-18  DATA=1.665e-01
Invoked: SSBroyden1 approach!
[BFGS] batch=  56  call=  2916  total=1.698e-04  PDE=1.048e-04 [colloc=8.917e-05, cfd=1.564e-05]  WALL=2.706e-18  DATA=1.665e-01
Invoked: SSBroyden1 approach!
[BFGS] batch=  56  call=  2917  total=1.683e-04  PDE=1.035e-04 [colloc=8.770e-05, cfd=1.581e-05]  WALL=2.707e-18  DATA=1.664e-01
Invoked: SSBroyden1 approach!
[BFGS] batch=  56  call=  2919  total=1.678e-04  PDE=1.030e-04 [colloc=8.719e-05, cfd=1.582e-05]  WALL=2.705e-18  DATA=1.664e-01
Invoked: SSBroyden1 approach!
[BFGS] batch=  56  call=  2920  total=1.670e-04  PDE=1.024e-04 [colloc=8.652e-05, cfd=1.583e-05]  WALL=2.708e-18  DATA=1.664e-01
Invoked: SSBroyden1 approach!
[BFGS] batch=  56  call=  2921  total=1.655e-04  PDE=1.015e-04 [colloc=8.567e-05, cfd=1.579e-05]  WALL=2.712e-18  DATA=1.664e-01
Invoked: SSBroyden1 approach!
[BFGS] batch=  56  call=  2922  total=1.643e-04  PDE=1.007e-04 [colloc=8.487e-05, cfd=1.584e-05]  WALL=2.710e-18  DATA=1.665e-01
Invoked: SSBroyden1 approach!
[BFGS] batch=  56  call=  2923  total=1.641e-04  PDE=1.004e-04 [colloc=8.451e-05, cfd=1.584e-05]  WALL=2.715e-18  DATA=1.665e-01
Invoked: SSBroyden1 approach!
[BFGS] batch=  56  call=  2924  total=1.632e-04  PDE=1.001e-04 [colloc=8.427e-05, cfd=1.584e-05]  WALL=2.719e-18  DATA=1.665e-01
Invoked: SSBroyden1 approach!
[BFGS] batch=  56  call=  2925  total=1.632e-04  PDE=9.958e-05 [colloc=8.370e-05, cfd=1.589e-05]  WALL=2.714e-18  DATA=1.665e-01
  [PT] w_u=5.9945 w_v=31.6644 gamma=0.364 (tau_u=1.668e-01 tau_v=3.158e-02 |Du|=2.92e-02 |DRu|=1.18e-01)
[BFGS-END] batch=  56  last_total=1.624e-04  last_PDE=9.950e-05 [colloc=8.363e-05, cfd=1.587e-05]  last_WALL=2.715e-18  last_DATA=1.665e-01
/oscar/home/jchen790/cylinder flow lab/src/cfp40.py:1342: OptimizeWarning: Unknown solver options: hess, hessp, bounds, constraints, tol
  result = minimize(
Invoked: SSBroyden1 approach!
[BFGS] batch=  57  call=  2953  total=1.766e-04  PDE=1.095e-04 [colloc=9.401e-05, cfd=1.544e-05]  WALL=2.717e-18  DATA=1.665e-01
Invoked: SSBroyden1 approach!
[BFGS] batch=  57  call=  2954  total=1.749e-04  PDE=1.081e-04 [colloc=9.257e-05, cfd=1.553e-05]  WALL=2.725e-18  DATA=1.665e-01
Invoked: SSBroyden1 approach!
[BFGS] batch=  57  call=  2955  total=1.730e-04  PDE=1.064e-04 [colloc=9.066e-05, cfd=1.574e-05]  WALL=2.743e-18  DATA=1.665e-01
Invoked: SSBroyden1 approach!
[BFGS] batch=  57  call=  2956  total=1.707e-04  PDE=1.045e-04 [colloc=8.888e-05, cfd=1.559e-05]  WALL=2.769e-18  DATA=1.666e-01
Invoked: SSBroyden1 approach!
[BFGS] batch=  57  call=  2957  total=1.679e-04  PDE=1.030e-04 [colloc=8.733e-05, cfd=1.569e-05]  WALL=2.787e-18  DATA=1.666e-01
Invoked: SSBroyden1 approach!
[BFGS] batch=  57  call=  2958  total=1.651e-04  PDE=1.010e-04 [colloc=8.526e-05, cfd=1.577e-05]  WALL=2.808e-18  DATA=1.666e-01
Invoked: SSBroyden1 approach!
[BFGS] batch=  57  call=  2959  total=1.638e-04  PDE=1.001e-04 [colloc=8.394e-05, cfd=1.615e-05]  WALL=2.791e-18  DATA=1.665e-01
Invoked: SSBroyden1 approach!
[BFGS] batch=  57  call=  2960  total=1.627e-04  PDE=9.905e-05 [colloc=8.310e-05, cfd=1.595e-05]  WALL=2.794e-18  DATA=1.665e-01
Invoked: SSBroyden1 approach!
[BFGS] batch=  57  call=  2962  total=1.623e-04  PDE=9.856e-05 [colloc=8.269e-05, cfd=1.588e-05]  WALL=2.786e-18  DATA=1.665e-01
Invoked: SSBroyden1 approach!
[BFGS] batch=  57  call=  2963  total=1.618e-04  PDE=9.818e-05 [colloc=8.245e-05, cfd=1.573e-05]  WALL=2.785e-18  DATA=1.665e-01
Invoked: SSBroyden1 approach!
[BFGS] batch=  57  call=  2964  total=1.610e-04  PDE=9.796e-05 [colloc=8.243e-05, cfd=1.553e-05]  WALL=2.787e-18  DATA=1.665e-01
Invoked: SSBroyden1 approach!
[BFGS] batch=  57  call=  2965  total=1.608e-04  PDE=9.741e-05 [colloc=8.200e-05, cfd=1.541e-05]  WALL=2.799e-18  DATA=1.665e-01
Invoked: SSBroyden1 approach!
[BFGS] batch=  57  call=  2966  total=1.607e-04  PDE=9.725e-05 [colloc=8.185e-05, cfd=1.540e-05]  WALL=2.796e-18  DATA=1.665e-01
Invoked: SSBroyden1 approach!
[BFGS] batch=  57  call=  2974  total=1.598e-04  PDE=9.715e-05 [colloc=8.176e-05, cfd=1.538e-05]  WALL=2.795e-18  DATA=1.665e-01
  [PT] w_u=6.5446 w_v=32.8782 gamma=0.367 (tau_u=1.528e-01 tau_v=3.042e-02 |Du|=2.93e-02 |DRu|=1.09e-01)
[BFGS] batch 57: H0 not PD — resetting to identity.
[BFGS-END] batch=  57  last_total=1.605e-04  last_PDE=9.715e-05 [colloc=8.177e-05, cfd=1.538e-05]  last_WALL=2.795e-18  last_DATA=1.665e-01
/oscar/home/jchen790/cylinder flow lab/src/cfp40.py:1342: OptimizeWarning: Unknown solver options: hess, hessp, bounds, constraints, tol
  result = minimize(
Invoked: SSBroyden1 approach!
[BFGS] batch=  58  call=  2996  total=1.757e-04  PDE=1.082e-04 [colloc=9.330e-05, cfd=1.492e-05]  WALL=2.848e-18  DATA=1.665e-01
Invoked: SSBroyden1 approach!
[BFGS] batch=  58  call=  2997  total=1.731e-04  PDE=1.061e-04 [colloc=9.116e-05, cfd=1.493e-05]  WALL=2.879e-18  DATA=1.665e-01
Invoked: SSBroyden1 approach!
[BFGS] batch=  58  call=  2999  total=1.725e-04  PDE=1.058e-04 [colloc=9.086e-05, cfd=1.493e-05]  WALL=2.885e-18  DATA=1.665e-01
Invoked: SSBroyden1 approach!
[BFGS] batch=  58  call=  3000  total=1.720e-04  PDE=1.051e-04 [colloc=9.014e-05, cfd=1.494e-05]  WALL=2.883e-18  DATA=1.665e-01
Invoked: SSBroyden1 approach!
[BFGS] batch=  58  call=  3001  total=1.709e-04  PDE=1.045e-04 [colloc=8.954e-05, cfd=1.495e-05]  WALL=2.886e-18  DATA=1.665e-01
Invoked: SSBroyden1 approach!
[BFGS] batch=  58  call=  3002  total=1.698e-04  PDE=1.038e-04 [colloc=8.883e-05, cfd=1.499e-05]  WALL=2.874e-18  DATA=1.665e-01
Invoked: SSBroyden1 approach!
[BFGS] batch=  58  call=  3012  total=1.696e-04  PDE=1.035e-04 [colloc=8.854e-05, cfd=1.497e-05]  WALL=2.865e-18  DATA=1.665e-01
Invoked: SSBroyden1 approach!
[BFGS] batch=  58  call=  3013  total=1.691e-04  PDE=1.034e-04 [colloc=8.838e-05, cfd=1.497e-05]  WALL=2.862e-18  DATA=1.665e-01
Invoked: SSBroyden1 approach!
[BFGS] batch=  58  call=  3014  total=1.685e-04  PDE=1.030e-04 [colloc=8.805e-05, cfd=1.497e-05]  WALL=2.871e-18  DATA=1.665e-01
Invoked: SSBroyden1 approach!
[BFGS] batch=  58  call=  3015  total=1.680e-04  PDE=1.026e-04 [colloc=8.767e-05, cfd=1.495e-05]  WALL=2.870e-18  DATA=1.665e-01
  [PT] w_u=6.5667 w_v=30.7113 gamma=0.365 (tau_u=1.523e-01 tau_v=3.256e-02 |Du|=2.00e-02 |DRu|=3.15e-02)
[BFGS-END] batch=  58  last_total=1.685e-04  last_PDE=1.026e-04 [colloc=8.767e-05, cfd=1.495e-05]  last_WALL=2.870e-18  last_DATA=1.665e-01
/oscar/home/jchen790/cylinder flow lab/src/cfp40.py:1342: OptimizeWarning: Unknown solver options: hess, hessp, bounds, constraints, tol
  result = minimize(
Invoked: SSBroyden1 approach!
[BFGS] batch=  59  call=  3036  total=1.796e-04  PDE=1.104e-04 [colloc=9.412e-05, cfd=1.624e-05]  WALL=2.866e-18  DATA=1.665e-01
Invoked: SSBroyden1 approach!
[BFGS] batch=  59  call=  3037  total=1.783e-04  PDE=1.102e-04 [colloc=9.393e-05, cfd=1.623e-05]  WALL=2.867e-18  DATA=1.665e-01
  [PT] w_u=7.1421 w_v=32.0217 gamma=0.363 (tau_u=1.400e-01 tau_v=3.123e-02 |Du|=8.00e-03 |DRu|=2.80e-02)
[BFGS-END] batch=  59  last_total=1.788e-04  last_PDE=1.102e-04 [colloc=9.393e-05, cfd=1.623e-05]  last_WALL=2.867e-18  last_DATA=1.665e-01
/oscar/home/jchen790/cylinder flow lab/src/cfp40.py:1342: OptimizeWarning: Unknown solver options: hess, hessp, bounds, constraints, tol
  result = minimize(
Invoked: SSBroyden1 approach!
[BFGS] batch=  60  call=  3059  total=1.809e-04  PDE=1.113e-04 [colloc=9.573e-05, cfd=1.560e-05]  WALL=2.868e-18  DATA=1.665e-01
Invoked: SSBroyden1 approach!
[BFGS] batch=  60  call=  3060  total=1.802e-04  PDE=1.112e-04 [colloc=9.558e-05, cfd=1.560e-05]  WALL=2.868e-18  DATA=1.665e-01
Invoked: SSBroyden1 approach!
[BFGS] batch=  60  call=  3061  total=1.795e-04  PDE=1.106e-04 [colloc=9.495e-05, cfd=1.564e-05]  WALL=2.868e-18  DATA=1.665e-01
Invoked: SSBroyden1 approach!
[BFGS] batch=  60  call=  3062  total=1.789e-04  PDE=1.101e-04 [colloc=9.440e-05, cfd=1.569e-05]  WALL=2.864e-18  DATA=1.665e-01
Invoked: SSBroyden1 approach!
[BFGS] batch=  60  call=  3063  total=1.779e-04  PDE=1.095e-04 [colloc=9.386e-05, cfd=1.568e-05]  WALL=2.863e-18  DATA=1.665e-01
Invoked: SSBroyden1 approach!
[BFGS] batch=  60  call=  3064  total=1.773e-04  PDE=1.088e-04 [colloc=9.308e-05, cfd=1.571e-05]  WALL=2.870e-18  DATA=1.665e-01
Invoked: SSBroyden1 approach!
[BFGS] batch=  60  call=  3065  total=1.764e-04  PDE=1.082e-04 [colloc=9.244e-05, cfd=1.574e-05]  WALL=2.878e-18  DATA=1.665e-01
Invoked: SSBroyden1 approach!
[BFGS] batch=  60  call=  3066  total=1.754e-04  PDE=1.074e-04 [colloc=9.159e-05, cfd=1.582e-05]  WALL=2.883e-18  DATA=1.665e-01
Invoked: SSBroyden1 approach!
[BFGS] batch=  60  call=  3067  total=1.739e-04  PDE=1.067e-04 [colloc=9.078e-05, cfd=1.594e-05]  WALL=2.876e-18  DATA=1.665e-01
Invoked: SSBroyden1 approach!
[BFGS] batch=  60  call=  3077  total=1.737e-04  PDE=1.064e-04 [colloc=9.048e-05, cfd=1.597e-05]  WALL=2.876e-18  DATA=1.665e-01
  [PT] w_u=7.8282 w_v=35.2143 gamma=0.369 (tau_u=1.277e-01 tau_v=2.840e-02 |Du|=2.39e-02 |DRu|=1.10e-01)
[PT] batch=  60  w=2.1521e+01
[BFGS-END] batch=  60  last_total=1.749e-04  last_PDE=1.064e-04 [colloc=9.048e-05, cfd=1.597e-05]  last_WALL=2.876e-18  last_DATA=1.665e-01
/oscar/home/jchen790/cylinder flow lab/src/cfp40.py:1342: OptimizeWarning: Unknown solver options: hess, hessp, bounds, constraints, tol
  result = minimize(
Invoked: SSBroyden1 approach!
[BFGS] batch=  61  call=  3111  total=1.850e-04  PDE=1.139e-04 [colloc=9.866e-05, cfd=1.525e-05]  WALL=2.878e-18  DATA=1.665e-01
Invoked: SSBroyden1 approach!
[BFGS] batch=  61  call=  3113  total=1.847e-04  PDE=1.135e-04 [colloc=9.828e-05, cfd=1.522e-05]  WALL=2.875e-18  DATA=1.665e-01
Invoked: SSBroyden1 approach!
[BFGS] batch=  61  call=  3114  total=1.838e-04  PDE=1.131e-04 [colloc=9.789e-05, cfd=1.519e-05]  WALL=2.870e-18  DATA=1.665e-01
Invoked: SSBroyden1 approach!
[BFGS] batch=  61  call=  3115  total=1.823e-04  PDE=1.120e-04 [colloc=9.691e-05, cfd=1.514e-05]  WALL=2.870e-18  DATA=1.665e-01
Invoked: SSBroyden1 approach!
[BFGS] batch=  61  call=  3116  total=1.803e-04  PDE=1.103e-04 [colloc=9.519e-05, cfd=1.510e-05]  WALL=2.880e-18  DATA=1.665e-01
Invoked: SSBroyden1 approach!
[BFGS] batch=  61  call=  3117  total=1.769e-04  PDE=1.079e-04 [colloc=9.285e-05, cfd=1.508e-05]  WALL=2.892e-18  DATA=1.665e-01
Invoked: SSBroyden1 approach!
[BFGS] batch=  61  call=  3118  total=1.748e-04  PDE=1.061e-04 [colloc=9.092e-05, cfd=1.520e-05]  WALL=2.916e-18  DATA=1.665e-01
Invoked: SSBroyden1 approach!
[BFGS] batch=  61  call=  3119  total=1.723e-04  PDE=1.043e-04 [colloc=8.909e-05, cfd=1.525e-05]  WALL=2.910e-18  DATA=1.665e-01
Invoked: SSBroyden1 approach!
[BFGS] batch=  61  call=  3120  total=1.706e-04  PDE=1.028e-04 [colloc=8.726e-05, cfd=1.549e-05]  WALL=2.925e-18  DATA=1.665e-01
Invoked: SSBroyden1 approach!
[BFGS] batch=  61  call=  3121  total=1.688e-04  PDE=1.019e-04 [colloc=8.625e-05, cfd=1.562e-05]  WALL=2.928e-18  DATA=1.665e-01
Invoked: SSBroyden1 approach!
[BFGS] batch=  61  call=  3122  total=1.685e-04  PDE=1.018e-04 [colloc=8.613e-05, cfd=1.567e-05]  WALL=2.919e-18  DATA=1.665e-01
Invoked: SSBroyden1 approach!
[BFGS] batch=  61  call=  3123  total=1.685e-04  PDE=1.014e-04 [colloc=8.576e-05, cfd=1.565e-05]  WALL=2.923e-18  DATA=1.665e-01
Invoked: SSBroyden1 approach!
[BFGS] batch=  61  call=  3125  total=1.675e-04  PDE=1.012e-04 [colloc=8.554e-05, cfd=1.563e-05]  WALL=2.926e-18  DATA=1.665e-01
Invoked: SSBroyden1 approach!
[BFGS] batch=  61  call=  3126  total=1.673e-04  PDE=1.009e-04 [colloc=8.543e-05, cfd=1.545e-05]  WALL=2.938e-18  DATA=1.665e-01
Invoked: SSBroyden1 approach!
[BFGS] batch=  61  call=  3127  total=1.670e-04  PDE=1.006e-04 [colloc=8.520e-05, cfd=1.543e-05]  WALL=2.938e-18  DATA=1.665e-01
Invoked: SSBroyden1 approach!
[BFGS] batch=  61  call=  3128  total=1.666e-04  PDE=1.003e-04 [colloc=8.490e-05, cfd=1.540e-05]  WALL=2.938e-18  DATA=1.665e-01
Invoked: SSBroyden1 approach!
[BFGS] batch=  61  call=  3129  total=1.662e-04  PDE=9.992e-05 [colloc=8.458e-05, cfd=1.534e-05]  WALL=2.938e-18  DATA=1.665e-01
Invoked: SSBroyden1 approach!
[BFGS] batch=  61  call=  3130  total=1.653e-04  PDE=9.947e-05 [colloc=8.420e-05, cfd=1.527e-05]  WALL=2.940e-18  DATA=1.665e-01
Invoked: SSBroyden1 approach!
[BFGS] batch=  61  call=  3131  total=1.650e-04  PDE=9.902e-05 [colloc=8.378e-05, cfd=1.523e-05]  WALL=2.945e-18  DATA=1.665e-01
Invoked: SSBroyden1 approach!
[BFGS] batch=  61  call=  3132  total=1.644e-04  PDE=9.871e-05 [colloc=8.351e-05, cfd=1.520e-05]  WALL=2.943e-18  DATA=1.665e-01
Invoked: SSBroyden1 approach!
[BFGS] batch=  61  call=  3133  total=1.638e-04  PDE=9.829e-05 [colloc=8.324e-05, cfd=1.505e-05]  WALL=2.945e-18  DATA=1.665e-01
Invoked: SSBroyden1 approach!
[BFGS] batch=  61  call=  3134  total=1.633e-04  PDE=9.794e-05 [colloc=8.293e-05, cfd=1.501e-05]  WALL=2.932e-18  DATA=1.665e-01
Invoked: SSBroyden1 approach!
[BFGS] batch=  61  call=  3135  total=1.628e-04  PDE=9.751e-05 [colloc=8.259e-05, cfd=1.493e-05]  WALL=2.928e-18  DATA=1.665e-01
Invoked: SSBroyden1 approach!
[BFGS] batch=  61  call=  3136  total=1.621e-04  PDE=9.731e-05 [colloc=8.240e-05, cfd=1.492e-05]  WALL=2.936e-18  DATA=1.665e-01
Invoked: SSBroyden1 approach!
[BFGS] batch=  61  call=  3145  total=1.621e-04  PDE=9.722e-05 [colloc=8.231e-05, cfd=1.492e-05]  WALL=2.937e-18  DATA=1.665e-01
  [PT] w_u=8.5909 w_v=37.7040 gamma=0.370 (tau_u=1.164e-01 tau_v=2.652e-02 |Du|=2.50e-02 |DRu|=1.27e-01)
[BFGS] batch 61: H0 not PD — resetting to identity.
[BFGS-END] batch=  61  last_total=1.625e-04  last_PDE=9.722e-05 [colloc=8.231e-05, cfd=1.492e-05]  last_WALL=2.937e-18  last_DATA=1.665e-01
/oscar/home/jchen790/cylinder flow lab/src/cfp40.py:1342: OptimizeWarning: Unknown solver options: hess, hessp, bounds, constraints, tol
  result = minimize(
Invoked: SSBroyden1 approach!
[BFGS] batch=  62  call=  3165  total=1.809e-04  PDE=1.110e-04 [colloc=9.535e-05, cfd=1.567e-05]  WALL=2.985e-18  DATA=1.665e-01
Invoked: SSBroyden1 approach!
[BFGS] batch=  62  call=  3166  total=1.771e-04  PDE=1.082e-04 [colloc=9.255e-05, cfd=1.567e-05]  WALL=3.012e-18  DATA=1.665e-01
Invoked: SSBroyden1 approach!
[BFGS] batch=  62  call=  3174  total=1.770e-04  PDE=1.079e-04 [colloc=9.227e-05, cfd=1.567e-05]  WALL=3.016e-18  DATA=1.665e-01
Invoked: SSBroyden1 approach!
[BFGS] batch=  62  call=  3175  total=1.768e-04  PDE=1.078e-04 [colloc=9.209e-05, cfd=1.567e-05]  WALL=3.015e-18  DATA=1.665e-01
Invoked: SSBroyden1 approach!
[BFGS] batch=  62  call=  3176  total=1.764e-04  PDE=1.075e-04 [colloc=9.180e-05, cfd=1.567e-05]  WALL=3.016e-18  DATA=1.665e-01
Invoked: SSBroyden1 approach!
[BFGS] batch=  62  call=  3177  total=1.764e-04  PDE=1.071e-04 [colloc=9.146e-05, cfd=1.567e-05]  WALL=3.011e-18  DATA=1.665e-01
Invoked: SSBroyden1 approach!
[BFGS] batch=  62  call=  3179  total=1.761e-04  PDE=1.069e-04 [colloc=9.126e-05, cfd=1.567e-05]  WALL=3.009e-18  DATA=1.665e-01
Invoked: SSBroyden1 approach!
[BFGS] batch=  62  call=  3180  total=1.758e-04  PDE=1.067e-04 [colloc=9.098e-05, cfd=1.567e-05]  WALL=3.005e-18  DATA=1.665e-01
Invoked: SSBroyden1 approach!
[BFGS] batch=  62  call=  3181  total=1.753e-04  PDE=1.063e-04 [colloc=9.060e-05, cfd=1.568e-05]  WALL=3.007e-18  DATA=1.665e-01
Invoked: SSBroyden1 approach!
[BFGS] batch=  62  call=  3182  total=1.743e-04  PDE=1.059e-04 [colloc=9.022e-05, cfd=1.569e-05]  WALL=3.010e-18  DATA=1.665e-01
  [PT] w_u=8.7169 w_v=34.6434 gamma=0.368 (tau_u=1.147e-01 tau_v=2.887e-02 |Du|=1.11e-02 |DRu|=2.13e-02)
[BFGS-END] batch=  62  last_total=1.747e-04  last_PDE=1.059e-04 [colloc=9.019e-05, cfd=1.569e-05]  last_WALL=3.010e-18  last_DATA=1.665e-01
/oscar/home/jchen790/cylinder flow lab/src/cfp40.py:1342: OptimizeWarning: Unknown solver options: hess, hessp, bounds, constraints, tol
  result = minimize(
Invoked: SSBroyden1 approach!
[BFGS] batch=  63  call=  3204  total=1.795e-04  PDE=1.099e-04 [colloc=9.386e-05, cfd=1.603e-05]  WALL=3.004e-18  DATA=1.665e-01
Invoked: SSBroyden1 approach!
[BFGS] batch=  63  call=  3214  total=1.793e-04  PDE=1.098e-04 [colloc=9.378e-05, cfd=1.603e-05]  WALL=3.005e-18  DATA=1.665e-01
  [PT] w_u=9.3782 w_v=30.2238 gamma=0.363 (tau_u=1.066e-01 tau_v=3.309e-02 |Du|=3.23e-03 |DRu|=1.06e-02)
[BFGS-END] batch=  63  last_total=1.797e-04  last_PDE=1.098e-04 [colloc=9.378e-05, cfd=1.603e-05]  last_WALL=3.005e-18  last_DATA=1.665e-01
/oscar/home/jchen790/cylinder flow lab/src/cfp40.py:1342: OptimizeWarning: Unknown solver options: hess, hessp, bounds, constraints, tol
  result = minimize(
  [PT] w_u=10.0320 w_v=32.5219 gamma=0.371 (tau_u=9.968e-02 tau_v=3.075e-02 |Du|=5.85e-05 |DRu|=1.56e-04)
[BFGS-END] batch=  64  last_total=1.885e-04  last_PDE=1.157e-04 [colloc=9.939e-05, cfd=1.627e-05]  last_WALL=3.005e-18  last_DATA=1.665e-01
/oscar/home/jchen790/cylinder flow lab/src/cfp40.py:1342: OptimizeWarning: Unknown solver options: hess, hessp, bounds, constraints, tol
  result = minimize(
Invoked: SSBroyden1 approach!
[BFGS] batch=  65  call=  3255  total=1.861e-04  PDE=1.138e-04 [colloc=9.777e-05, cfd=1.602e-05]  WALL=3.007e-18  DATA=1.665e-01
Invoked: SSBroyden1 approach!
[BFGS] batch=  65  call=  3257  total=1.851e-04  PDE=1.136e-04 [colloc=9.757e-05, cfd=1.600e-05]  WALL=3.004e-18  DATA=1.665e-01
Invoked: SSBroyden1 approach!
[BFGS] batch=  65  call=  3259  total=1.849e-04  PDE=1.133e-04 [colloc=9.731e-05, cfd=1.601e-05]  WALL=2.997e-18  DATA=1.665e-01
Invoked: SSBroyden1 approach!
[BFGS] batch=  65  call=  3260  total=1.843e-04  PDE=1.131e-04 [colloc=9.706e-05, cfd=1.601e-05]  WALL=2.993e-18  DATA=1.665e-01
Invoked: SSBroyden1 approach!
[BFGS] batch=  65  call=  3261  total=1.839e-04  PDE=1.126e-04 [colloc=9.657e-05, cfd=1.604e-05]  WALL=2.986e-18  DATA=1.665e-01
Invoked: SSBroyden1 approach!
[BFGS] batch=  65  call=  3262  total=1.839e-04  PDE=1.123e-04 [colloc=9.624e-05, cfd=1.605e-05]  WALL=2.983e-18  DATA=1.665e-01
  [PT] w_u=11.0903 w_v=35.9696 gamma=0.367 (tau_u=9.017e-02 tau_v=2.780e-02 |Du|=1.10e-02 |DRu|=9.85e-02)
[BFGS-END] batch=  65  last_total=1.833e-04  last_PDE=1.122e-04 [colloc=9.617e-05, cfd=1.605e-05]  last_WALL=2.983e-18  last_DATA=1.665e-01
/oscar/home/jchen790/cylinder flow lab/src/cfp40.py:1342: OptimizeWarning: Unknown solver options: hess, hessp, bounds, constraints, tol
  result = minimize(
Invoked: SSBroyden1 approach!
[BFGS] batch=  66  call=  3286  total=1.884e-04  PDE=1.156e-04 [colloc=9.911e-05, cfd=1.654e-05]  WALL=2.992e-18  DATA=1.665e-01
Invoked: SSBroyden1 approach!
[BFGS] batch=  66  call=  3287  total=1.876e-04  PDE=1.152e-04 [colloc=9.864e-05, cfd=1.654e-05]  WALL=2.999e-18  DATA=1.665e-01
Invoked: SSBroyden1 approach!
[BFGS] batch=  66  call=  3288  total=1.874e-04  PDE=1.145e-04 [colloc=9.791e-05, cfd=1.659e-05]  WALL=3.020e-18  DATA=1.665e-01
Invoked: SSBroyden1 approach!
[BFGS] batch=  66  call=  3289  total=1.859e-04  PDE=1.143e-04 [colloc=9.775e-05, cfd=1.659e-05]  WALL=3.022e-18  DATA=1.665e-01
  [PT] w_u=12.3055 w_v=39.8844 gamma=0.373 (tau_u=8.126e-02 tau_v=2.507e-02 |Du|=8.70e-03 |DRu|=1.58e-01)
[BFGS-END] batch=  66  last_total=1.868e-04  last_PDE=1.143e-04 [colloc=9.775e-05, cfd=1.659e-05]  last_WALL=3.022e-18  last_DATA=1.665e-01
/oscar/home/jchen790/cylinder flow lab/src/cfp40.py:1342: OptimizeWarning: Unknown solver options: hess, hessp, bounds, constraints, tol
  result = minimize(
Invoked: SSBroyden1 approach!
[BFGS] batch=  67  call=  3311  total=1.832e-04  PDE=1.119e-04 [colloc=9.610e-05, cfd=1.582e-05]  WALL=3.022e-18  DATA=1.665e-01
Invoked: SSBroyden1 approach!
[BFGS] batch=  67  call=  3312  total=1.830e-04  PDE=1.114e-04 [colloc=9.555e-05, cfd=1.584e-05]  WALL=3.023e-18  DATA=1.665e-01
Invoked: SSBroyden1 approach!
[BFGS] batch=  67  call=  3313  total=1.823e-04  PDE=1.111e-04 [colloc=9.527e-05, cfd=1.585e-05]  WALL=3.023e-18  DATA=1.665e-01
Invoked: SSBroyden1 approach!
[BFGS] batch=  67  call=  3314  total=1.813e-04  PDE=1.104e-04 [colloc=9.450e-05, cfd=1.589e-05]  WALL=3.024e-18  DATA=1.665e-01
Invoked: SSBroyden1 approach!
[BFGS] batch=  67  call=  3315  total=1.800e-04  PDE=1.093e-04 [colloc=9.340e-05, cfd=1.594e-05]  WALL=3.036e-18  DATA=1.665e-01
Invoked: SSBroyden1 approach!
[BFGS] batch=  67  call=  3316  total=1.789e-04  PDE=1.085e-04 [colloc=9.257e-05, cfd=1.598e-05]  WALL=3.057e-18  DATA=1.665e-01
Invoked: SSBroyden1 approach!
[BFGS] batch=  67  call=  3317  total=1.780e-04  PDE=1.074e-04 [colloc=9.135e-05, cfd=1.606e-05]  WALL=3.049e-18  DATA=1.665e-01
Invoked: SSBroyden1 approach!
[BFGS] batch=  67  call=  3318  total=1.760e-04  PDE=1.065e-04 [colloc=9.034e-05, cfd=1.612e-05]  WALL=3.050e-18  DATA=1.665e-01
Invoked: SSBroyden1 approach!
[BFGS] batch=  67  call=  3319  total=1.744e-04  PDE=1.051e-04 [colloc=8.880e-05, cfd=1.628e-05]  WALL=3.049e-18  DATA=1.665e-01
Invoked: SSBroyden1 approach!
[BFGS] batch=  67  call=  3320  total=1.727e-04  PDE=1.037e-04 [colloc=8.736e-05, cfd=1.631e-05]  WALL=3.041e-18  DATA=1.665e-01
Invoked: SSBroyden1 approach!
[BFGS] batch=  67  call=  3321  total=1.709e-04  PDE=1.025e-04 [colloc=8.610e-05, cfd=1.641e-05]  WALL=3.051e-18  DATA=1.665e-01
Invoked: SSBroyden1 approach!
[BFGS] batch=  67  call=  3323  total=1.695e-04  PDE=1.019e-04 [colloc=8.547e-05, cfd=1.644e-05]  WALL=3.062e-18  DATA=1.665e-01
Invoked: SSBroyden1 approach!
[BFGS] batch=  67  call=  3325  total=1.694e-04  PDE=1.015e-04 [colloc=8.509e-05, cfd=1.642e-05]  WALL=3.067e-18  DATA=1.665e-01
Invoked: SSBroyden1 approach!
[BFGS] batch=  67  call=  3326  total=1.691e-04  PDE=1.014e-04 [colloc=8.495e-05, cfd=1.641e-05]  WALL=3.069e-18  DATA=1.665e-01
Invoked: SSBroyden1 approach!
[BFGS] batch=  67  call=  3327  total=1.690e-04  PDE=1.011e-04 [colloc=8.468e-05, cfd=1.637e-05]  WALL=3.071e-18  DATA=1.665e-01
Invoked: SSBroyden1 approach!
[BFGS] batch=  67  call=  3328  total=1.688e-04  PDE=1.009e-04 [colloc=8.455e-05, cfd=1.635e-05]  WALL=3.072e-18  DATA=1.665e-01
Invoked: SSBroyden1 approach!
[BFGS] batch=  67  call=  3329  total=1.684e-04  PDE=1.006e-04 [colloc=8.430e-05, cfd=1.631e-05]  WALL=3.075e-18  DATA=1.665e-01
Invoked: SSBroyden1 approach!
[BFGS] batch=  67  call=  3330  total=1.678e-04  PDE=1.002e-04 [colloc=8.399e-05, cfd=1.625e-05]  WALL=3.072e-18  DATA=1.665e-01
Invoked: SSBroyden1 approach!
[BFGS] batch=  67  call=  3331  total=1.670e-04  PDE=1.000e-04 [colloc=8.388e-05, cfd=1.617e-05]  WALL=3.075e-18  DATA=1.665e-01
Invoked: SSBroyden1 approach!
[BFGS] batch=  67  call=  3332  total=1.670e-04  PDE=9.995e-05 [colloc=8.384e-05, cfd=1.611e-05]  WALL=3.085e-18  DATA=1.665e-01
  [PT] w_u=13.3597 w_v=43.4743 gamma=0.372 (tau_u=7.485e-02 tau_v=2.300e-02 |Du|=2.05e-02 |DRu|=9.56e-02)
[BFGS] batch 67: H0 not PD — resetting to identity.
[BFGS-END] batch=  67  last_total=1.669e-04  last_PDE=9.995e-05 [colloc=8.384e-05, cfd=1.611e-05]  last_WALL=3.085e-18  last_DATA=1.665e-01
/oscar/home/jchen790/cylinder flow lab/src/cfp40.py:1342: OptimizeWarning: Unknown solver options: hess, hessp, bounds, constraints, tol
  result = minimize(
Invoked: SSBroyden1 approach!
[BFGS] batch=  68  call=  3353  total=1.912e-04  PDE=1.170e-04 [colloc=9.985e-05, cfd=1.717e-05]  WALL=3.139e-18  DATA=1.665e-01
Invoked: SSBroyden1 approach!
[BFGS] batch=  68  call=  3354  total=1.860e-04  PDE=1.134e-04 [colloc=9.628e-05, cfd=1.716e-05]  WALL=3.160e-18  DATA=1.665e-01
Invoked: SSBroyden1 approach!
[BFGS] batch=  68  call=  3356  total=1.856e-04  PDE=1.130e-04 [colloc=9.583e-05, cfd=1.717e-05]  WALL=3.167e-18  DATA=1.665e-01
Invoked: SSBroyden1 approach!
[BFGS] batch=  68  call=  3357  total=1.856e-04  PDE=1.126e-04 [colloc=9.544e-05, cfd=1.717e-05]  WALL=3.169e-18  DATA=1.665e-01
Invoked: SSBroyden1 approach!
[BFGS] batch=  68  call=  3359  total=1.842e-04  PDE=1.123e-04 [colloc=9.511e-05, cfd=1.717e-05]  WALL=3.170e-18  DATA=1.665e-01
Invoked: SSBroyden1 approach!
[BFGS] batch=  68  call=  3361  total=1.837e-04  PDE=1.119e-04 [colloc=9.476e-05, cfd=1.717e-05]  WALL=3.164e-18  DATA=1.665e-01
Invoked: SSBroyden1 approach!
[BFGS] batch=  68  call=  3362  total=1.829e-04  PDE=1.116e-04 [colloc=9.440e-05, cfd=1.716e-05]  WALL=3.161e-18  DATA=1.665e-01
  [PT] w_u=12.8618 w_v=36.9352 gamma=0.376 (tau_u=7.775e-02 tau_v=2.707e-02 |Du|=9.24e-03 |DRu|=1.76e-02)
[BFGS-END] batch=  68  last_total=1.837e-04  last_PDE=1.116e-04 [colloc=9.440e-05, cfd=1.716e-05]  last_WALL=3.161e-18  last_DATA=1.665e-01
/oscar/home/jchen790/cylinder flow lab/src/cfp40.py:1342: OptimizeWarning: Unknown solver options: hess, hessp, bounds, constraints, tol
  result = minimize(
Invoked: SSBroyden1 approach!
[BFGS] batch=  69  call=  3385  total=1.908e-04  PDE=1.168e-04 [colloc=1.010e-04, cfd=1.581e-05]  WALL=3.152e-18  DATA=1.665e-01
Invoked: SSBroyden1 approach!
[BFGS] batch=  69  call=  3386  total=1.906e-04  PDE=1.165e-04 [colloc=1.007e-04, cfd=1.580e-05]  WALL=3.155e-18  DATA=1.665e-01
Invoked: SSBroyden1 approach!
[BFGS] batch=  69  call=  3387  total=1.896e-04  PDE=1.163e-04 [colloc=1.005e-04, cfd=1.580e-05]  WALL=3.153e-18  DATA=1.665e-01
Invoked: SSBroyden1 approach!
[BFGS] batch=  69  call=  3396  total=1.895e-04  PDE=1.160e-04 [colloc=1.002e-04, cfd=1.581e-05]  WALL=3.152e-18  DATA=1.665e-01
Invoked: SSBroyden1 approach!
[BFGS] batch=  69  call=  3397  total=1.891e-04  PDE=1.158e-04 [colloc=9.999e-05, cfd=1.582e-05]  WALL=3.151e-18  DATA=1.665e-01
Invoked: SSBroyden1 approach!
[BFGS] batch=  69  call=  3398  total=1.887e-04  PDE=1.154e-04 [colloc=9.959e-05, cfd=1.583e-05]  WALL=3.151e-18  DATA=1.665e-01
Invoked: SSBroyden1 approach!
[BFGS] batch=  69  call=  3399  total=1.885e-04  PDE=1.150e-04 [colloc=9.915e-05, cfd=1.583e-05]  WALL=3.149e-18  DATA=1.665e-01
Invoked: SSBroyden1 approach!
[BFGS] batch=  69  call=  3400  total=1.878e-04  PDE=1.148e-04 [colloc=9.894e-05, cfd=1.584e-05]  WALL=3.148e-18  DATA=1.665e-01
Invoked: SSBroyden1 approach!
[BFGS] batch=  69  call=  3402  total=1.878e-04  PDE=1.145e-04 [colloc=9.869e-05, cfd=1.585e-05]  WALL=3.150e-18  DATA=1.665e-01
  [PT] w_u=13.6017 w_v=39.9813 gamma=0.372 (tau_u=7.352e-02 tau_v=2.501e-02 |Du|=9.44e-03 |DRu|=3.06e-02)
[BFGS-END] batch=  69  last_total=1.877e-04  last_PDE=1.145e-04 [colloc=9.866e-05, cfd=1.585e-05]  last_WALL=3.149e-18  last_DATA=1.665e-01
/oscar/home/jchen790/cylinder flow lab/src/cfp40.py:1342: OptimizeWarning: Unknown solver options: hess, hessp, bounds, constraints, tol
  result = minimize(
Invoked: SSBroyden1 approach!
[BFGS] batch=  70  call=  3422  total=1.936e-04  PDE=1.187e-04 [colloc=1.015e-04, cfd=1.725e-05]  WALL=3.155e-18  DATA=1.665e-01
Invoked: SSBroyden1 approach!
[BFGS] batch=  70  call=  3424  total=1.931e-04  PDE=1.184e-04 [colloc=1.012e-04, cfd=1.725e-05]  WALL=3.159e-18  DATA=1.665e-01
Invoked: SSBroyden1 approach!
[BFGS] batch=  70  call=  3425  total=1.929e-04  PDE=1.182e-04 [colloc=1.009e-04, cfd=1.731e-05]  WALL=3.158e-18  DATA=1.665e-01
Invoked: SSBroyden1 approach!
[BFGS] batch=  70  call=  3426  total=1.926e-04  PDE=1.180e-04 [colloc=1.007e-04, cfd=1.732e-05]  WALL=3.158e-18  DATA=1.665e-01
Invoked: SSBroyden1 approach!
[BFGS] batch=  70  call=  3427  total=1.924e-04  PDE=1.176e-04 [colloc=1.002e-04, cfd=1.733e-05]  WALL=3.155e-18  DATA=1.665e-01
Invoked: SSBroyden1 approach!
[BFGS] batch=  70  call=  3428  total=1.918e-04  PDE=1.173e-04 [colloc=9.998e-05, cfd=1.733e-05]  WALL=3.154e-18  DATA=1.665e-01
Invoked: SSBroyden1 approach!
[BFGS] batch=  70  call=  3429  total=1.914e-04  PDE=1.167e-04 [colloc=9.939e-05, cfd=1.733e-05]  WALL=3.156e-18  DATA=1.665e-01
Invoked: SSBroyden1 approach!
[BFGS] batch=  70  call=  3430  total=1.909e-04  PDE=1.162e-04 [colloc=9.884e-05, cfd=1.734e-05]  WALL=3.156e-18  DATA=1.665e-01
Invoked: SSBroyden1 approach!
[BFGS] batch=  70  call=  3431  total=1.898e-04  PDE=1.155e-04 [colloc=9.814e-05, cfd=1.736e-05]  WALL=3.159e-18  DATA=1.665e-01
Invoked: SSBroyden1 approach!
[BFGS] batch=  70  call=  3432  total=1.877e-04  PDE=1.146e-04 [colloc=9.723e-05, cfd=1.737e-05]  WALL=3.155e-18  DATA=1.665e-01
Invoked: SSBroyden1 approach!
[BFGS] batch=  70  call=  3434  total=1.874e-04  PDE=1.138e-04 [colloc=9.647e-05, cfd=1.733e-05]  WALL=3.156e-18  DATA=1.665e-01
Invoked: SSBroyden1 approach!
[BFGS] batch=  70  call=  3435  total=1.864e-04  PDE=1.135e-04 [colloc=9.613e-05, cfd=1.733e-05]  WALL=3.158e-18  DATA=1.665e-01
Invoked: SSBroyden1 approach!
[BFGS] batch=  70  call=  3436  total=1.853e-04  PDE=1.123e-04 [colloc=9.500e-05, cfd=1.735e-05]  WALL=3.162e-18  DATA=1.665e-01
Invoked: SSBroyden1 approach!
[BFGS] batch=  70  call=  3437  total=1.834e-04  PDE=1.112e-04 [colloc=9.382e-05, cfd=1.735e-05]  WALL=3.157e-18  DATA=1.665e-01
Invoked: SSBroyden1 approach!
[BFGS] batch=  70  call=  3438  total=1.821e-04  PDE=1.104e-04 [colloc=9.300e-05, cfd=1.737e-05]  WALL=3.138e-18  DATA=1.665e-01
Invoked: SSBroyden1 approach!
[BFGS] batch=  70  call=  3439  total=1.809e-04  PDE=1.091e-04 [colloc=9.171e-05, cfd=1.742e-05]  WALL=3.140e-18  DATA=1.665e-01
Invoked: SSBroyden1 approach!
[BFGS] batch=  70  call=  3440  total=1.790e-04  PDE=1.081e-04 [colloc=9.070e-05, cfd=1.740e-05]  WALL=3.139e-18  DATA=1.665e-01
Invoked: SSBroyden1 approach!
[BFGS] batch=  70  call=  3441  total=1.779e-04  PDE=1.070e-04 [colloc=8.963e-05, cfd=1.733e-05]  WALL=3.158e-18  DATA=1.665e-01
Invoked: SSBroyden1 approach!
[BFGS] batch=  70  call=  3442  total=1.763e-04  PDE=1.059e-04 [colloc=8.859e-05, cfd=1.735e-05]  WALL=3.165e-18  DATA=1.665e-01
Invoked: SSBroyden1 approach!
[BFGS] batch=  70  call=  3444  total=1.757e-04  PDE=1.054e-04 [colloc=8.805e-05, cfd=1.732e-05]  WALL=3.166e-18  DATA=1.665e-01
Invoked: SSBroyden1 approach!
[BFGS] batch=  70  call=  3445  total=1.751e-04  PDE=1.048e-04 [colloc=8.751e-05, cfd=1.727e-05]  WALL=3.180e-18  DATA=1.665e-01
Invoked: SSBroyden1 approach!
[BFGS] batch=  70  call=  3446  total=1.746e-04  PDE=1.046e-04 [colloc=8.733e-05, cfd=1.728e-05]  WALL=3.189e-18  DATA=1.665e-01
Invoked: SSBroyden1 approach!
[BFGS] batch=  70  call=  3456  total=1.743e-04  PDE=1.046e-04 [colloc=8.730e-05, cfd=1.727e-05]  WALL=3.190e-18  DATA=1.665e-01
Invoked: SSBroyden1 approach!
[BFGS] batch=  70  call=  3463  total=1.739e-04  PDE=1.042e-04 [colloc=8.697e-05, cfd=1.724e-05]  WALL=3.192e-18  DATA=1.665e-01
Invoked: SSBroyden1 approach!
[BFGS] batch=  70  call=  3464  total=1.734e-04  PDE=1.041e-04 [colloc=8.685e-05, cfd=1.725e-05]  WALL=3.194e-18  DATA=1.665e-01
Invoked: SSBroyden1 approach!
[BFGS] batch=  70  call=  3471  total=1.732e-04  PDE=1.037e-04 [colloc=8.643e-05, cfd=1.726e-05]  WALL=3.192e-18  DATA=1.665e-01
Invoked: SSBroyden1 approach!
[BFGS] batch=  70  call=  3472  total=1.731e-04  PDE=1.035e-04 [colloc=8.621e-05, cfd=1.728e-05]  WALL=3.195e-18  DATA=1.665e-01
Invoked: SSBroyden1 approach!
[BFGS] batch=  70  call=  3480  total=1.728e-04  PDE=1.034e-04 [colloc=8.612e-05, cfd=1.729e-05]  WALL=3.195e-18  DATA=1.665e-01
Invoked: SSBroyden1 approach!
[BFGS] batch=  70  call=  3482  total=1.728e-04  PDE=1.033e-04 [colloc=8.604e-05, cfd=1.728e-05]  WALL=3.196e-18  DATA=1.665e-01
Invoked: SSBroyden1 approach!
[BFGS] batch=  70  call=  3488  total=1.722e-04  PDE=1.032e-04 [colloc=8.595e-05, cfd=1.727e-05]  WALL=3.198e-18  DATA=1.665e-01
Invoked: SSBroyden1 approach!
[BFGS] batch=  70  call=  3490  total=1.721e-04  PDE=1.031e-04 [colloc=8.585e-05, cfd=1.724e-05]  WALL=3.202e-18  DATA=1.665e-01
  [PT] w_u=14.7729 w_v=43.8295 gamma=0.371 (tau_u=6.769e-02 tau_v=2.282e-02 |Du|=1.84e-02 |DRu|=9.08e-02)
[PT] batch=  70  w=2.9301e+01
[BFGS] batch 70: H0 not PD — resetting to identity.
[BFGS-END] batch=  70  last_total=1.728e-04  last_PDE=1.031e-04 [colloc=8.584e-05, cfd=1.723e-05]  last_WALL=3.203e-18  last_DATA=1.665e-01
/oscar/home/jchen790/cylinder flow lab/src/cfp40.py:1342: OptimizeWarning: Unknown solver options: hess, hessp, bounds, constraints, tol
  result = minimize(
Invoked: SSBroyden1 approach!
[BFGS] batch=  71  call=  3510  total=1.857e-04  PDE=1.125e-04 [colloc=9.596e-05, cfd=1.650e-05]  WALL=3.233e-18  DATA=1.665e-01
Invoked: SSBroyden1 approach!
[BFGS] batch=  71  call=  3511  total=1.834e-04  PDE=1.105e-04 [colloc=9.399e-05, cfd=1.650e-05]  WALL=3.259e-18  DATA=1.665e-01
Invoked: SSBroyden1 approach!
[BFGS] batch=  71  call=  3513  total=1.828e-04  PDE=1.103e-04 [colloc=9.377e-05, cfd=1.650e-05]  WALL=3.263e-18  DATA=1.665e-01
Invoked: SSBroyden1 approach!
[BFGS] batch=  71  call=  3514  total=1.822e-04  PDE=1.098e-04 [colloc=9.328e-05, cfd=1.651e-05]  WALL=3.266e-18  DATA=1.665e-01
Invoked: SSBroyden1 approach!
[BFGS] batch=  71  call=  3515  total=1.815e-04  PDE=1.092e-04 [colloc=9.267e-05, cfd=1.651e-05]  WALL=3.267e-18  DATA=1.665e-01
Invoked: SSBroyden1 approach!
[BFGS] batch=  71  call=  3516  total=1.806e-04  PDE=1.088e-04 [colloc=9.227e-05, cfd=1.651e-05]  WALL=3.254e-18  DATA=1.665e-01
Invoked: SSBroyden1 approach!
[BFGS] batch=  71  call=  3524  total=1.802e-04  PDE=1.085e-04 [colloc=9.196e-05, cfd=1.651e-05]  WALL=3.249e-18  DATA=1.665e-01
Invoked: SSBroyden1 approach!
[BFGS] batch=  71  call=  3525  total=1.801e-04  PDE=1.083e-04 [colloc=9.176e-05, cfd=1.651e-05]  WALL=3.251e-18  DATA=1.665e-01
Invoked: SSBroyden1 approach!
[BFGS] batch=  71  call=  3526  total=1.796e-04  PDE=1.081e-04 [colloc=9.162e-05, cfd=1.652e-05]  WALL=3.250e-18  DATA=1.665e-01
Invoked: SSBroyden1 approach!
[BFGS] batch=  71  call=  3536  total=1.790e-04  PDE=1.078e-04 [colloc=9.132e-05, cfd=1.652e-05]  WALL=3.252e-18  DATA=1.665e-01
Invoked: SSBroyden1 approach!
[BFGS] batch=  71  call=  3545  total=1.789e-04  PDE=1.076e-04 [colloc=9.110e-05, cfd=1.654e-05]  WALL=3.246e-18  DATA=1.665e-01
Invoked: SSBroyden1 approach!
[BFGS] batch=  71  call=  3546  total=1.786e-04  PDE=1.075e-04 [colloc=9.092e-05, cfd=1.654e-05]  WALL=3.245e-18  DATA=1.665e-01
Invoked: SSBroyden1 approach!
[BFGS] batch=  71  call=  3547  total=1.782e-04  PDE=1.072e-04 [colloc=9.071e-05, cfd=1.653e-05]  WALL=3.245e-18  DATA=1.665e-01
Invoked: SSBroyden1 approach!
[BFGS] batch=  71  call=  3548  total=1.780e-04  PDE=1.069e-04 [colloc=9.036e-05, cfd=1.654e-05]  WALL=3.243e-18  DATA=1.665e-01
Invoked: SSBroyden1 approach!
[BFGS] batch=  71  call=  3555  total=1.780e-04  PDE=1.067e-04 [colloc=9.015e-05, cfd=1.653e-05]  WALL=3.242e-18  DATA=1.665e-01
  [PT] w_u=14.4380 w_v=36.9815 gamma=0.368 (tau_u=6.926e-02 tau_v=2.704e-02 |Du|=1.28e-02 |DRu|=2.69e-02)
[BFGS-END] batch=  71  last_total=1.778e-04  last_PDE=1.067e-04 [colloc=9.014e-05, cfd=1.653e-05]  last_WALL=3.242e-18  last_DATA=1.665e-01
/oscar/home/jchen790/cylinder flow lab/src/cfp40.py:1342: OptimizeWarning: Unknown solver options: hess, hessp, bounds, constraints, tol
  result = minimize(
Invoked: SSBroyden1 approach!
[BFGS] batch=  72  call=  3575  total=1.958e-04  PDE=1.193e-04 [colloc=1.025e-04, cfd=1.681e-05]  WALL=3.242e-18  DATA=1.665e-01
Invoked: SSBroyden1 approach!
[BFGS] batch=  72  call=  3576  total=1.949e-04  PDE=1.189e-04 [colloc=1.021e-04, cfd=1.679e-05]  WALL=3.240e-18  DATA=1.665e-01
Invoked: SSBroyden1 approach!
[BFGS] batch=  72  call=  3578  total=1.944e-04  PDE=1.187e-04 [colloc=1.019e-04, cfd=1.681e-05]  WALL=3.236e-18  DATA=1.665e-01
  [PT] w_u=15.9911 w_v=40.9668 gamma=0.374 (tau_u=6.253e-02 tau_v=2.441e-02 |Du|=6.29e-03 |DRu|=8.63e-02)
[BFGS-END] batch=  72  last_total=1.951e-04  last_PDE=1.187e-04 [colloc=1.019e-04, cfd=1.681e-05]  last_WALL=3.236e-18  last_DATA=1.665e-01
/oscar/home/jchen790/cylinder flow lab/src/cfp40.py:1342: OptimizeWarning: Unknown solver options: hess, hessp, bounds, constraints, tol
  result = minimize(
Invoked: SSBroyden1 approach!
[BFGS] batch=  73  call=  3599  total=1.879e-04  PDE=1.137e-04 [colloc=9.727e-05, cfd=1.641e-05]  WALL=3.233e-18  DATA=1.665e-01
Invoked: SSBroyden1 approach!
[BFGS] batch=  73  call=  3600  total=1.874e-04  PDE=1.136e-04 [colloc=9.723e-05, cfd=1.641e-05]  WALL=3.232e-18  DATA=1.665e-01
Invoked: SSBroyden1 approach!
[BFGS] batch=  73  call=  3607  total=1.871e-04  PDE=1.134e-04 [colloc=9.699e-05, cfd=1.644e-05]  WALL=3.233e-18  DATA=1.665e-01
Invoked: SSBroyden1 approach!
[BFGS] batch=  73  call=  3608  total=1.869e-04  PDE=1.131e-04 [colloc=9.664e-05, cfd=1.645e-05]  WALL=3.235e-18  DATA=1.665e-01
Invoked: SSBroyden1 approach!
[BFGS] batch=  73  call=  3614  total=1.866e-04  PDE=1.128e-04 [colloc=9.639e-05, cfd=1.645e-05]  WALL=3.239e-18  DATA=1.665e-01
Invoked: SSBroyden1 approach!
[BFGS] batch=  73  call=  3624  total=1.858e-04  PDE=1.126e-04 [colloc=9.617e-05, cfd=1.646e-05]  WALL=3.240e-18  DATA=1.665e-01
Invoked: SSBroyden1 approach!
[BFGS] batch=  73  call=  3625  total=1.856e-04  PDE=1.119e-04 [colloc=9.542e-05, cfd=1.649e-05]  WALL=3.244e-18  DATA=1.665e-01
Invoked: SSBroyden1 approach!
[BFGS] batch=  73  call=  3631  total=1.845e-04  PDE=1.116e-04 [colloc=9.515e-05, cfd=1.649e-05]  WALL=3.246e-18  DATA=1.665e-01
Invoked: SSBroyden1 approach!
[BFGS] batch=  73  call=  3632  total=1.840e-04  PDE=1.107e-04 [colloc=9.416e-05, cfd=1.658e-05]  WALL=3.244e-18  DATA=1.665e-01
Invoked: SSBroyden1 approach!
[BFGS] batch=  73  call=  3633  total=1.829e-04  PDE=1.102e-04 [colloc=9.363e-05, cfd=1.657e-05]  WALL=3.240e-18  DATA=1.665e-01
Invoked: SSBroyden1 approach!
[BFGS] batch=  73  call=  3634  total=1.822e-04  PDE=1.099e-04 [colloc=9.329e-05, cfd=1.658e-05]  WALL=3.243e-18  DATA=1.665e-01
Invoked: SSBroyden1 approach!
[BFGS] batch=  73  call=  3641  total=1.821e-04  PDE=1.091e-04 [colloc=9.257e-05, cfd=1.658e-05]  WALL=3.241e-18  DATA=1.665e-01
Invoked: SSBroyden1 approach!
[BFGS] batch=  73  call=  3642  total=1.817e-04  PDE=1.089e-04 [colloc=9.234e-05, cfd=1.658e-05]  WALL=3.241e-18  DATA=1.665e-01
Invoked: SSBroyden1 approach!
[BFGS] batch=  73  call=  3643  total=1.810e-04  PDE=1.084e-04 [colloc=9.182e-05, cfd=1.661e-05]  WALL=3.240e-18  DATA=1.665e-01
Invoked: SSBroyden1 approach!
[BFGS] batch=  73  call=  3644  total=1.798e-04  PDE=1.077e-04 [colloc=9.103e-05, cfd=1.666e-05]  WALL=3.233e-18  DATA=1.665e-01
Invoked: SSBroyden1 approach!
[BFGS] batch=  73  call=  3645  total=1.788e-04  PDE=1.067e-04 [colloc=9.006e-05, cfd=1.668e-05]  WALL=3.240e-18  DATA=1.665e-01
Invoked: SSBroyden1 approach!
[BFGS] batch=  73  call=  3646  total=1.777e-04  PDE=1.058e-04 [colloc=8.910e-05, cfd=1.672e-05]  WALL=3.249e-18  DATA=1.665e-01
Invoked: SSBroyden1 approach!
[BFGS] batch=  73  call=  3647  total=1.761e-04  PDE=1.049e-04 [colloc=8.809e-05, cfd=1.685e-05]  WALL=3.250e-18  DATA=1.665e-01
Invoked: SSBroyden1 approach!
[BFGS] batch=  73  call=  3648  total=1.751e-04  PDE=1.043e-04 [colloc=8.742e-05, cfd=1.688e-05]  WALL=3.266e-18  DATA=1.665e-01
Invoked: SSBroyden1 approach!
[BFGS] batch=  73  call=  3649  total=1.749e-04  PDE=1.040e-04 [colloc=8.729e-05, cfd=1.673e-05]  WALL=3.279e-18  DATA=1.665e-01
Invoked: SSBroyden1 approach!
[BFGS] batch=  73  call=  3657  total=1.737e-04  PDE=1.039e-04 [colloc=8.713e-05, cfd=1.672e-05]  WALL=3.281e-18  DATA=1.665e-01
Invoked: SSBroyden1 approach!
[BFGS] batch=  73  call=  3667  total=1.735e-04  PDE=1.036e-04 [colloc=8.688e-05, cfd=1.671e-05]  WALL=3.282e-18  DATA=1.665e-01
  [PT] w_u=17.6351 w_v=45.1316 gamma=0.375 (tau_u=5.671e-02 tau_v=2.216e-02 |Du|=1.91e-02 |DRu|=1.80e-01)
[BFGS] batch 73: H0 not PD — resetting to identity.
[BFGS-END] batch=  73  last_total=1.743e-04  last_PDE=1.036e-04 [colloc=8.688e-05, cfd=1.671e-05]  last_WALL=3.282e-18  last_DATA=1.665e-01
/oscar/home/jchen790/cylinder flow lab/src/cfp40.py:1342: OptimizeWarning: Unknown solver options: hess, hessp, bounds, constraints, tol
  result = minimize(
Invoked: SSBroyden1 approach!
[BFGS] batch=  74  call=  3687  total=1.978e-04  PDE=1.204e-04 [colloc=1.037e-04, cfd=1.666e-05]  WALL=3.324e-18  DATA=1.665e-01
Invoked: SSBroyden1 approach!
[BFGS] batch=  74  call=  3688  total=1.932e-04  PDE=1.174e-04 [colloc=1.007e-04, cfd=1.666e-05]  WALL=3.371e-18  DATA=1.665e-01
Invoked: SSBroyden1 approach!
[BFGS] batch=  74  call=  3698  total=1.930e-04  PDE=1.171e-04 [colloc=1.005e-04, cfd=1.666e-05]  WALL=3.375e-18  DATA=1.665e-01
Invoked: SSBroyden1 approach!
[BFGS] batch=  74  call=  3704  total=1.926e-04  PDE=1.169e-04 [colloc=1.003e-04, cfd=1.666e-05]  WALL=3.376e-18  DATA=1.665e-01
Invoked: SSBroyden1 approach!
[BFGS] batch=  74  call=  3705  total=1.923e-04  PDE=1.165e-04 [colloc=9.981e-05, cfd=1.667e-05]  WALL=3.375e-18  DATA=1.665e-01
Invoked: SSBroyden1 approach!
[BFGS] batch=  74  call=  3706  total=1.920e-04  PDE=1.162e-04 [colloc=9.951e-05, cfd=1.667e-05]  WALL=3.374e-18  DATA=1.665e-01
Invoked: SSBroyden1 approach!
[BFGS] batch=  74  call=  3707  total=1.916e-04  PDE=1.159e-04 [colloc=9.925e-05, cfd=1.667e-05]  WALL=3.367e-18  DATA=1.665e-01
Invoked: SSBroyden1 approach!
[BFGS] batch=  74  call=  3708  total=1.908e-04  PDE=1.155e-04 [colloc=9.884e-05, cfd=1.667e-05]  WALL=3.366e-18  DATA=1.665e-01
Invoked: SSBroyden1 approach!
[BFGS] batch=  74  call=  3713  total=1.907e-04  PDE=1.154e-04 [colloc=9.869e-05, cfd=1.667e-05]  WALL=3.364e-18  DATA=1.665e-01
  [PT] w_u=17.8801 w_v=40.5726 gamma=0.381 (tau_u=5.593e-02 tau_v=2.465e-02 |Du|=8.63e-03 |DRu|=2.41e-02)
[BFGS-END] batch=  74  last_total=1.907e-04  last_PDE=1.153e-04 [colloc=9.864e-05, cfd=1.667e-05]  last_WALL=3.364e-18  last_DATA=1.665e-01
/oscar/home/jchen790/cylinder flow lab/src/cfp40.py:1342: OptimizeWarning: Unknown solver options: hess, hessp, bounds, constraints, tol
  result = minimize(
Invoked: SSBroyden1 approach!
[BFGS] batch=  75  call=  3733  total=2.019e-04  PDE=1.230e-04 [colloc=1.053e-04, cfd=1.764e-05]  WALL=3.357e-18  DATA=1.665e-01
Invoked: SSBroyden1 approach!
[BFGS] batch=  75  call=  3735  total=2.006e-04  PDE=1.228e-04 [colloc=1.051e-04, cfd=1.764e-05]  WALL=3.357e-18  DATA=1.665e-01
  [PT] w_u=19.0707 w_v=43.6055 gamma=0.379 (tau_u=5.244e-02 tau_v=2.293e-02 |Du|=3.77e-03 |DRu|=1.60e-02)
[BFGS-END] batch=  75  last_total=2.009e-04  last_PDE=1.228e-04 [colloc=1.051e-04, cfd=1.764e-05]  last_WALL=3.357e-18  last_DATA=1.665e-01
/oscar/home/jchen790/cylinder flow lab/src/cfp40.py:1342: OptimizeWarning: Unknown solver options: hess, hessp, bounds, constraints, tol
  result = minimize(
Invoked: SSBroyden1 approach!
[BFGS] batch=  76  call=  3757  total=1.976e-04  PDE=1.198e-04 [colloc=1.021e-04, cfd=1.770e-05]  WALL=3.353e-18  DATA=1.665e-01
Invoked: SSBroyden1 approach!
[BFGS] batch=  76  call=  3758  total=1.968e-04  PDE=1.197e-04 [colloc=1.020e-04, cfd=1.771e-05]  WALL=3.354e-18  DATA=1.665e-01
Invoked: SSBroyden1 approach!
[BFGS] batch=  76  call=  3766  total=1.966e-04  PDE=1.194e-04 [colloc=1.017e-04, cfd=1.771e-05]  WALL=3.352e-18  DATA=1.665e-01
Invoked: SSBroyden1 approach!
[BFGS] batch=  76  call=  3767  total=1.963e-04  PDE=1.192e-04 [colloc=1.015e-04, cfd=1.771e-05]  WALL=3.351e-18  DATA=1.665e-01
Invoked: SSBroyden1 approach!
[BFGS] batch=  76  call=  3768  total=1.957e-04  PDE=1.190e-04 [colloc=1.013e-04, cfd=1.771e-05]  WALL=3.351e-18  DATA=1.665e-01
Invoked: SSBroyden1 approach!
[BFGS] batch=  76  call=  3769  total=1.955e-04  PDE=1.186e-04 [colloc=1.009e-04, cfd=1.771e-05]  WALL=3.347e-18  DATA=1.665e-01
Invoked: SSBroyden1 approach!
[BFGS] batch=  76  call=  3770  total=1.946e-04  PDE=1.184e-04 [colloc=1.007e-04, cfd=1.771e-05]  WALL=3.349e-18  DATA=1.665e-01
  [PT] w_u=20.5293 w_v=44.9794 gamma=0.374 (tau_u=4.871e-02 tau_v=2.223e-02 |Du|=6.71e-03 |DRu|=3.33e-02)
[BFGS-END] batch=  76  last_total=1.953e-04  last_PDE=1.184e-04 [colloc=1.007e-04, cfd=1.771e-05]  last_WALL=3.349e-18  last_DATA=1.665e-01
/oscar/home/jchen790/cylinder flow lab/src/cfp40.py:1342: OptimizeWarning: Unknown solver options: hess, hessp, bounds, constraints, tol
  result = minimize(
Invoked: SSBroyden1 approach!
[BFGS] batch=  77  call=  3793  total=2.008e-04  PDE=1.227e-04 [colloc=1.055e-04, cfd=1.713e-05]  WALL=3.349e-18  DATA=1.665e-01
Invoked: SSBroyden1 approach!
[BFGS] batch=  77  call=  3795  total=2.001e-04  PDE=1.224e-04 [colloc=1.053e-04, cfd=1.711e-05]  WALL=3.348e-18  DATA=1.665e-01
Invoked: SSBroyden1 approach!
[BFGS] batch=  77  call=  3803  total=1.996e-04  PDE=1.220e-04 [colloc=1.049e-04, cfd=1.711e-05]  WALL=3.347e-18  DATA=1.665e-01
  [PT] w_u=22.6530 w_v=46.6565 gamma=0.380 (tau_u=4.414e-02 tau_v=2.143e-02 |Du|=3.20e-03 |DRu|=3.58e-02)
[BFGS-END] batch=  77  last_total=2.005e-04  last_PDE=1.220e-04 [colloc=1.049e-04, cfd=1.711e-05]  last_WALL=3.347e-18  last_DATA=1.665e-01
/oscar/home/jchen790/cylinder flow lab/src/cfp40.py:1342: OptimizeWarning: Unknown solver options: hess, hessp, bounds, constraints, tol
  result = minimize(
Invoked: SSBroyden1 approach!
[BFGS] batch=  78  call=  3824  total=1.993e-04  PDE=1.213e-04 [colloc=1.034e-04, cfd=1.789e-05]  WALL=3.353e-18  DATA=1.665e-01
Invoked: SSBroyden1 approach!
[BFGS] batch=  78  call=  3825  total=1.990e-04  PDE=1.209e-04 [colloc=1.030e-04, cfd=1.790e-05]  WALL=3.358e-18  DATA=1.665e-01
Invoked: SSBroyden1 approach!
[BFGS] batch=  78  call=  3826  total=1.982e-04  PDE=1.205e-04 [colloc=1.026e-04, cfd=1.790e-05]  WALL=3.362e-18  DATA=1.665e-01
Invoked: SSBroyden1 approach!
[BFGS] batch=  78  call=  3827  total=1.971e-04  PDE=1.198e-04 [colloc=1.018e-04, cfd=1.792e-05]  WALL=3.374e-18  DATA=1.665e-01
Invoked: SSBroyden1 approach!
[BFGS] batch=  78  call=  3828  total=1.968e-04  PDE=1.190e-04 [colloc=1.010e-04, cfd=1.797e-05]  WALL=3.391e-18  DATA=1.665e-01
Invoked: SSBroyden1 approach!
[BFGS] batch=  78  call=  3829  total=1.956e-04  PDE=1.186e-04 [colloc=1.006e-04, cfd=1.798e-05]  WALL=3.398e-18  DATA=1.665e-01
Invoked: SSBroyden1 approach!
[BFGS] batch=  78  call=  3830  total=1.946e-04  PDE=1.180e-04 [colloc=9.995e-05, cfd=1.801e-05]  WALL=3.405e-18  DATA=1.665e-01
Invoked: SSBroyden1 approach!
[BFGS] batch=  78  call=  3831  total=1.943e-04  PDE=1.173e-04 [colloc=9.926e-05, cfd=1.806e-05]  WALL=3.426e-18  DATA=1.665e-01
Invoked: SSBroyden1 approach!
[BFGS] batch=  78  call=  3832  total=1.942e-04  PDE=1.169e-04 [colloc=9.888e-05, cfd=1.807e-05]  WALL=3.429e-18  DATA=1.665e-01
  [PT] w_u=25.1148 w_v=51.7293 gamma=0.396 (tau_u=3.982e-02 tau_v=1.933e-02 |Du|=1.53e-02 |DRu|=3.27e-01)
[BFGS] batch 78: H0 not PD — resetting to identity.
[BFGS-END] batch=  78  last_total=1.942e-04  last_PDE=1.169e-04 [colloc=9.884e-05, cfd=1.807e-05]  last_WALL=3.429e-18  last_DATA=1.665e-01
/oscar/home/jchen790/cylinder flow lab/src/cfp40.py:1342: OptimizeWarning: Unknown solver options: hess, hessp, bounds, constraints, tol
  result = minimize(
Invoked: SSBroyden1 approach!
[BFGS] batch=  79  call=  3853  total=2.005e-04  PDE=1.224e-04 [colloc=1.040e-04, cfd=1.838e-05]  WALL=3.511e-18  DATA=1.665e-01
Invoked: SSBroyden1 approach!
[BFGS] batch=  79  call=  3855  total=1.964e-04  PDE=1.191e-04 [colloc=1.007e-04, cfd=1.838e-05]  WALL=3.553e-18  DATA=1.665e-01
Invoked: SSBroyden1 approach!
[BFGS] batch=  79  call=  3857  total=1.962e-04  PDE=1.185e-04 [colloc=1.001e-04, cfd=1.838e-05]  WALL=3.563e-18  DATA=1.665e-01
Invoked: SSBroyden1 approach!
[BFGS] batch=  79  call=  3858  total=1.951e-04  PDE=1.183e-04 [colloc=9.987e-05, cfd=1.838e-05]  WALL=3.564e-18  DATA=1.665e-01
Invoked: SSBroyden1 approach!
[BFGS] batch=  79  call=  3859  total=1.946e-04  PDE=1.179e-04 [colloc=9.949e-05, cfd=1.838e-05]  WALL=3.566e-18  DATA=1.665e-01
Invoked: SSBroyden1 approach!
[BFGS] batch=  79  call=  3860  total=1.937e-04  PDE=1.174e-04 [colloc=9.905e-05, cfd=1.839e-05]  WALL=3.567e-18  DATA=1.665e-01
Invoked: SSBroyden1 approach!
[BFGS] batch=  79  call=  3862  total=1.936e-04  PDE=1.171e-04 [colloc=9.870e-05, cfd=1.839e-05]  WALL=3.561e-18  DATA=1.665e-01
Invoked: SSBroyden1 approach!
[BFGS] batch=  79  call=  3864  total=1.933e-04  PDE=1.167e-04 [colloc=9.827e-05, cfd=1.839e-05]  WALL=3.558e-18  DATA=1.665e-01
Invoked: SSBroyden1 approach!
[BFGS] batch=  79  call=  3865  total=1.922e-04  PDE=1.163e-04 [colloc=9.788e-05, cfd=1.839e-05]  WALL=3.556e-18  DATA=1.665e-01
Invoked: SSBroyden1 approach!
[BFGS] batch=  79  call=  3867  total=1.920e-04  PDE=1.160e-04 [colloc=9.763e-05, cfd=1.839e-05]  WALL=3.554e-18  DATA=1.665e-01
  [PT] w_u=26.4406 w_v=51.8091 gamma=0.393 (tau_u=3.782e-02 tau_v=1.930e-02 |Du|=1.29e-02 |DRu|=5.75e-02)
[BFGS-END] batch=  79  last_total=1.920e-04  last_PDE=1.160e-04 [colloc=9.759e-05, cfd=1.839e-05]  last_WALL=3.554e-18  last_DATA=1.665e-01
/oscar/home/jchen790/cylinder flow lab/src/cfp40.py:1342: OptimizeWarning: Unknown solver options: hess, hessp, bounds, constraints, tol
  result = minimize(
Invoked: SSBroyden1 approach!
[BFGS] batch=  80  call=  3888  total=2.186e-04  PDE=1.347e-04 [colloc=1.166e-04, cfd=1.815e-05]  WALL=3.550e-18  DATA=1.665e-01
Invoked: SSBroyden1 approach!
[BFGS] batch=  80  call=  3889  total=2.178e-04  PDE=1.341e-04 [colloc=1.159e-04, cfd=1.815e-05]  WALL=3.548e-18  DATA=1.665e-01
Invoked: SSBroyden1 approach!
[BFGS] batch=  80  call=  3899  total=2.175e-04  PDE=1.340e-04 [colloc=1.158e-04, cfd=1.815e-05]  WALL=3.547e-18  DATA=1.665e-01
Invoked: SSBroyden1 approach!
[BFGS] batch=  80  call=  3900  total=2.174e-04  PDE=1.337e-04 [colloc=1.155e-04, cfd=1.815e-05]  WALL=3.546e-18  DATA=1.665e-01
Invoked: SSBroyden1 approach!
[BFGS] batch=  80  call=  3901  total=2.172e-04  PDE=1.336e-04 [colloc=1.154e-04, cfd=1.815e-05]  WALL=3.545e-18  DATA=1.665e-01
Invoked: SSBroyden1 approach!
[BFGS] batch=  80  call=  3903  total=2.167e-04  PDE=1.334e-04 [colloc=1.153e-04, cfd=1.815e-05]  WALL=3.545e-18  DATA=1.665e-01
Invoked: SSBroyden1 approach!
[BFGS] batch=  80  call=  3904  total=2.166e-04  PDE=1.330e-04 [colloc=1.148e-04, cfd=1.815e-05]  WALL=3.547e-18  DATA=1.665e-01
  [PT] w_u=28.2662 w_v=54.6690 gamma=0.393 (tau_u=3.538e-02 tau_v=1.829e-02 |Du|=4.24e-03 |DRu|=2.30e-02)
[PT] batch=  80  w=4.1468e+01
[BFGS-END] batch=  80  last_total=2.157e-04  last_PDE=1.328e-04 [colloc=1.147e-04, cfd=1.815e-05]  last_WALL=3.547e-18  last_DATA=1.665e-01
/oscar/home/jchen790/cylinder flow lab/src/cfp40.py:1342: OptimizeWarning: Unknown solver options: hess, hessp, bounds, constraints, tol
  result = minimize(
Invoked: SSBroyden1 approach!
[BFGS] batch=  81  call=  3926  total=2.154e-04  PDE=1.324e-04 [colloc=1.160e-04, cfd=1.646e-05]  WALL=3.548e-18  DATA=1.665e-01
Invoked: SSBroyden1 approach!
[BFGS] batch=  81  call=  3927  total=2.150e-04  PDE=1.321e-04 [colloc=1.156e-04, cfd=1.647e-05]  WALL=3.552e-18  DATA=1.665e-01
Invoked: SSBroyden1 approach!
[BFGS] batch=  81  call=  3928  total=2.136e-04  PDE=1.317e-04 [colloc=1.152e-04, cfd=1.650e-05]  WALL=3.555e-18  DATA=1.665e-01
Invoked: SSBroyden1 approach!
[BFGS] batch=  81  call=  3929  total=2.135e-04  PDE=1.310e-04 [colloc=1.144e-04, cfd=1.660e-05]  WALL=3.576e-18  DATA=1.665e-01
  [PT] w_u=31.2843 w_v=60.4416 gamma=0.402 (tau_u=3.196e-02 tau_v=1.654e-02 |Du|=6.88e-03 |DRu|=1.23e-01)
[BFGS-END] batch=  81  last_total=2.137e-04  last_PDE=1.310e-04 [colloc=1.144e-04, cfd=1.660e-05]  last_WALL=3.576e-18  last_DATA=1.665e-01
/oscar/home/jchen790/cylinder flow lab/src/cfp40.py:1342: OptimizeWarning: Unknown solver options: hess, hessp, bounds, constraints, tol
  result = minimize(
Invoked: SSBroyden1 approach!
[BFGS] batch=  82  call=  3949  total=2.215e-04  PDE=1.368e-04 [colloc=1.197e-04, cfd=1.709e-05]  WALL=3.587e-18  DATA=1.665e-01
Invoked: SSBroyden1 approach!
[BFGS] batch=  82  call=  3950  total=2.203e-04  PDE=1.357e-04 [colloc=1.186e-04, cfd=1.711e-05]  WALL=3.601e-18  DATA=1.665e-01
Invoked: SSBroyden1 approach!
[BFGS] batch=  82  call=  3951  total=2.178e-04  PDE=1.342e-04 [colloc=1.171e-04, cfd=1.716e-05]  WALL=3.612e-18  DATA=1.665e-01
Invoked: SSBroyden1 approach!
[BFGS] batch=  82  call=  3952  total=2.158e-04  PDE=1.326e-04 [colloc=1.152e-04, cfd=1.737e-05]  WALL=3.657e-18  DATA=1.665e-01
Invoked: SSBroyden1 approach!
[BFGS] batch=  82  call=  3953  total=2.141e-04  PDE=1.310e-04 [colloc=1.135e-04, cfd=1.755e-05]  WALL=3.693e-18  DATA=1.665e-01
Invoked: SSBroyden1 approach!
[BFGS] batch=  82  call=  3954  total=2.130e-04  PDE=1.297e-04 [colloc=1.120e-04, cfd=1.769e-05]  WALL=3.727e-18  DATA=1.665e-01
Invoked: SSBroyden1 approach!
[BFGS] batch=  82  call=  3955  total=2.110e-04  PDE=1.290e-04 [colloc=1.112e-04, cfd=1.777e-05]  WALL=3.748e-18  DATA=1.665e-01
Invoked: SSBroyden1 approach!
[BFGS] batch=  82  call=  3956  total=2.098e-04  PDE=1.279e-04 [colloc=1.100e-04, cfd=1.790e-05]  WALL=3.793e-18  DATA=1.665e-01
Invoked: SSBroyden1 approach!
[BFGS] batch=  82  call=  3957  total=2.089e-04  PDE=1.271e-04 [colloc=1.091e-04, cfd=1.797e-05]  WALL=3.809e-18  DATA=1.665e-01
Invoked: SSBroyden1 approach!
[BFGS] batch=  82  call=  3958  total=2.077e-04  PDE=1.262e-04 [colloc=1.083e-04, cfd=1.791e-05]  WALL=3.824e-18  DATA=1.665e-01
Invoked: SSBroyden1 approach!
[BFGS] batch=  82  call=  3959  total=2.060e-04  PDE=1.250e-04 [colloc=1.072e-04, cfd=1.777e-05]  WALL=3.838e-18  DATA=1.665e-01
Invoked: SSBroyden1 approach!
[BFGS] batch=  82  call=  3960  total=2.040e-04  PDE=1.237e-04 [colloc=1.060e-04, cfd=1.769e-05]  WALL=3.846e-18  DATA=1.665e-01
Invoked: SSBroyden1 approach!
[BFGS] batch=  82  call=  3961  total=2.016e-04  PDE=1.218e-04 [colloc=1.042e-04, cfd=1.767e-05]  WALL=3.847e-18  DATA=1.665e-01
Invoked: SSBroyden1 approach!
[BFGS] batch=  82  call=  3962  total=1.986e-04  PDE=1.200e-04 [colloc=1.022e-04, cfd=1.777e-05]  WALL=3.845e-18  DATA=1.665e-01
Invoked: SSBroyden1 approach!
[BFGS] batch=  82  call=  3963  total=1.960e-04  PDE=1.179e-04 [colloc=9.985e-05, cfd=1.802e-05]  WALL=3.839e-18  DATA=1.665e-01
Invoked: SSBroyden1 approach!
[BFGS] batch=  82  call=  3964  total=1.936e-04  PDE=1.160e-04 [colloc=9.794e-05, cfd=1.806e-05]  WALL=3.817e-18  DATA=1.665e-01
Invoked: SSBroyden1 approach!
[BFGS] batch=  82  call=  3965  total=1.907e-04  PDE=1.141e-04 [colloc=9.603e-05, cfd=1.811e-05]  WALL=3.814e-18  DATA=1.665e-01
Invoked: SSBroyden1 approach!
[BFGS] batch=  82  call=  3966  total=1.901e-04  PDE=1.138e-04 [colloc=9.547e-05, cfd=1.836e-05]  WALL=3.796e-18  DATA=1.665e-01
Invoked: SSBroyden1 approach!
[BFGS] batch=  82  call=  3967  total=1.900e-04  PDE=1.130e-04 [colloc=9.462e-05, cfd=1.842e-05]  WALL=3.792e-18  DATA=1.665e-01
Invoked: SSBroyden1 approach!
[BFGS] batch=  82  call=  3969  total=1.884e-04  PDE=1.124e-04 [colloc=9.403e-05, cfd=1.840e-05]  WALL=3.792e-18  DATA=1.665e-01
Invoked: SSBroyden1 approach!
[BFGS] batch=  82  call=  3970  total=1.879e-04  PDE=1.114e-04 [colloc=9.300e-05, cfd=1.841e-05]  WALL=3.784e-18  DATA=1.665e-01
Invoked: SSBroyden1 approach!
[BFGS] batch=  82  call=  3971  total=1.861e-04  PDE=1.108e-04 [colloc=9.240e-05, cfd=1.843e-05]  WALL=3.781e-18  DATA=1.665e-01
Invoked: SSBroyden1 approach!
[BFGS] batch=  82  call=  3972  total=1.837e-04  PDE=1.091e-04 [colloc=9.102e-05, cfd=1.809e-05]  WALL=3.763e-18  DATA=1.665e-01
Invoked: SSBroyden1 approach!
[BFGS] batch=  82  call=  3973  total=1.829e-04  PDE=1.085e-04 [colloc=9.076e-05, cfd=1.771e-05]  WALL=3.745e-18  DATA=1.665e-01
Invoked: SSBroyden1 approach!
[BFGS] batch=  82  call=  3974  total=1.819e-04  PDE=1.076e-04 [colloc=8.998e-05, cfd=1.765e-05]  WALL=3.745e-18  DATA=1.665e-01
Invoked: SSBroyden1 approach!
[BFGS] batch=  82  call=  3975  total=1.814e-04  PDE=1.068e-04 [colloc=8.923e-05, cfd=1.760e-05]  WALL=3.749e-18  DATA=1.665e-01
Invoked: SSBroyden1 approach!
[BFGS] batch=  82  call=  3976  total=1.803e-04  PDE=1.064e-04 [colloc=8.879e-05, cfd=1.758e-05]  WALL=3.752e-18  DATA=1.665e-01
Invoked: SSBroyden1 approach!
[BFGS] batch=  82  call=  3977  total=1.790e-04  PDE=1.055e-04 [colloc=8.801e-05, cfd=1.753e-05]  WALL=3.747e-18  DATA=1.665e-01
Invoked: SSBroyden1 approach!
[BFGS] batch=  82  call=  3978  total=1.786e-04  PDE=1.052e-04 [colloc=8.774e-05, cfd=1.749e-05]  WALL=3.738e-18  DATA=1.665e-01
Invoked: SSBroyden1 approach!
[BFGS] batch=  82  call=  3979  total=1.779e-04  PDE=1.048e-04 [colloc=8.735e-05, cfd=1.742e-05]  WALL=3.734e-18  DATA=1.665e-01
Invoked: SSBroyden1 approach!
[BFGS] batch=  82  call=  3980  total=1.773e-04  PDE=1.042e-04 [colloc=8.682e-05, cfd=1.737e-05]  WALL=3.720e-18  DATA=1.665e-01
Invoked: SSBroyden1 approach!
[BFGS] batch=  82  call=  3981  total=1.767e-04  PDE=1.037e-04 [colloc=8.650e-05, cfd=1.722e-05]  WALL=3.707e-18  DATA=1.665e-01
Invoked: SSBroyden1 approach!
[BFGS] batch=  82  call=  3982  total=1.758e-04  PDE=1.031e-04 [colloc=8.606e-05, cfd=1.703e-05]  WALL=3.695e-18  DATA=1.665e-01
Invoked: SSBroyden1 approach!
[BFGS] batch=  82  call=  3983  total=1.752e-04  PDE=1.029e-04 [colloc=8.599e-05, cfd=1.693e-05]  WALL=3.681e-18  DATA=1.665e-01
Invoked: SSBroyden1 approach!
[BFGS] batch=  82  call=  3984  total=1.741e-04  PDE=1.024e-04 [colloc=8.555e-05, cfd=1.685e-05]  WALL=3.674e-18  DATA=1.665e-01
Invoked: SSBroyden1 approach!
[BFGS] batch=  82  call=  3992  total=1.740e-04  PDE=1.022e-04 [colloc=8.516e-05, cfd=1.700e-05]  WALL=3.650e-18  DATA=1.665e-01
Invoked: SSBroyden1 approach!
[BFGS] batch=  82  call=  3999  total=1.739e-04  PDE=1.020e-04 [colloc=8.502e-05, cfd=1.700e-05]  WALL=3.648e-18  DATA=1.665e-01
Invoked: SSBroyden1 approach!
[BFGS] batch=  82  call=  4000  total=1.732e-04  PDE=1.019e-04 [colloc=8.489e-05, cfd=1.696e-05]  WALL=3.646e-18  DATA=1.665e-01
  [PT] w_u=34.6250 w_v=66.7982 gamma=0.386 (tau_u=2.888e-02 tau_v=1.497e-02 |Du|=1.51e-02 |DRu|=2.79e-01)
[BFGS] batch 82: H0 not PD — resetting to identity.
[BFGS-END] batch=  82  last_total=1.748e-04  last_PDE=1.018e-04 [colloc=8.489e-05, cfd=1.696e-05]  last_WALL=3.646e-18  last_DATA=1.665e-01
/oscar/home/jchen790/cylinder flow lab/src/cfp40.py:1342: OptimizeWarning: Unknown solver options: hess, hessp, bounds, constraints, tol
  result = minimize(
Invoked: SSBroyden1 approach!
[BFGS] batch=  83  call=  4021  total=2.039e-04  PDE=1.229e-04 [colloc=1.055e-04, cfd=1.739e-05]  WALL=3.698e-18  DATA=1.665e-01
Invoked: SSBroyden1 approach!
[BFGS] batch=  83  call=  4022  total=1.966e-04  PDE=1.180e-04 [colloc=1.006e-04, cfd=1.740e-05]  WALL=3.747e-18  DATA=1.665e-01
Invoked: SSBroyden1 approach!
[BFGS] batch=  83  call=  4024  total=1.963e-04  PDE=1.175e-04 [colloc=1.001e-04, cfd=1.740e-05]  WALL=3.754e-18  DATA=1.665e-01
Invoked: SSBroyden1 approach!
[BFGS] batch=  83  call=  4025  total=1.960e-04  PDE=1.172e-04 [colloc=9.980e-05, cfd=1.741e-05]  WALL=3.756e-18  DATA=1.665e-01
Invoked: SSBroyden1 approach!
[BFGS] batch=  83  call=  4026  total=1.951e-04  PDE=1.170e-04 [colloc=9.961e-05, cfd=1.741e-05]  WALL=3.756e-18  DATA=1.665e-01
Invoked: SSBroyden1 approach!
[BFGS] batch=  83  call=  4028  total=1.946e-04  PDE=1.167e-04 [colloc=9.932e-05, cfd=1.741e-05]  WALL=3.757e-18  DATA=1.665e-01
Invoked: SSBroyden1 approach!
[BFGS] batch=  83  call=  4029  total=1.945e-04  PDE=1.162e-04 [colloc=9.882e-05, cfd=1.741e-05]  WALL=3.754e-18  DATA=1.665e-01
Invoked: SSBroyden1 approach!
[BFGS] batch=  83  call=  4030  total=1.939e-04  PDE=1.161e-04 [colloc=9.866e-05, cfd=1.741e-05]  WALL=3.754e-18  DATA=1.665e-01
Invoked: SSBroyden1 approach!
[BFGS] batch=  83  call=  4031  total=1.933e-04  PDE=1.156e-04 [colloc=9.821e-05, cfd=1.740e-05]  WALL=3.752e-18  DATA=1.665e-01
Invoked: SSBroyden1 approach!
[BFGS] batch=  83  call=  4039  total=1.932e-04  PDE=1.154e-04 [colloc=9.796e-05, cfd=1.740e-05]  WALL=3.752e-18  DATA=1.665e-01
Invoked: SSBroyden1 approach!
[BFGS] batch=  83  call=  4040  total=1.931e-04  PDE=1.152e-04 [colloc=9.781e-05, cfd=1.740e-05]  WALL=3.752e-18  DATA=1.665e-01
Invoked: SSBroyden1 approach!
[BFGS] batch=  83  call=  4041  total=1.928e-04  PDE=1.151e-04 [colloc=9.766e-05, cfd=1.740e-05]  WALL=3.751e-18  DATA=1.665e-01
Invoked: SSBroyden1 approach!
[BFGS] batch=  83  call=  4042  total=1.922e-04  PDE=1.147e-04 [colloc=9.735e-05, cfd=1.739e-05]  WALL=3.750e-18  DATA=1.665e-01
Invoked: SSBroyden1 approach!
[BFGS] batch=  83  call=  4044  total=1.922e-04  PDE=1.146e-04 [colloc=9.718e-05, cfd=1.739e-05]  WALL=3.750e-18  DATA=1.665e-01
  [PT] w_u=29.7600 w_v=49.5858 gamma=0.388 (tau_u=3.360e-02 tau_v=2.017e-02 |Du|=8.62e-03 |DRu|=1.95e-02)
[BFGS-END] batch=  83  last_total=1.921e-04  last_PDE=1.146e-04 [colloc=9.717e-05, cfd=1.739e-05]  last_WALL=3.750e-18  last_DATA=1.665e-01
/oscar/home/jchen790/cylinder flow lab/src/cfp40.py:1342: OptimizeWarning: Unknown solver options: hess, hessp, bounds, constraints, tol
  result = minimize(
Invoked: SSBroyden1 approach!
[BFGS] batch=  84  call=  4066  total=2.180e-04  PDE=1.333e-04 [colloc=1.159e-04, cfd=1.733e-05]  WALL=3.745e-18  DATA=1.665e-01
Invoked: SSBroyden1 approach!
[BFGS] batch=  84  call=  4067  total=2.171e-04  PDE=1.326e-04 [colloc=1.153e-04, cfd=1.733e-05]  WALL=3.733e-18  DATA=1.665e-01
Invoked: SSBroyden1 approach!
[BFGS] batch=  84  call=  4068  total=2.168e-04  PDE=1.319e-04 [colloc=1.146e-04, cfd=1.736e-05]  WALL=3.721e-18  DATA=1.665e-01
Invoked: SSBroyden1 approach!
[BFGS] batch=  84  call=  4069  total=2.162e-04  PDE=1.316e-04 [colloc=1.142e-04, cfd=1.737e-05]  WALL=3.718e-18  DATA=1.665e-01
Invoked: SSBroyden1 approach!
[BFGS] batch=  84  call=  4070  total=2.149e-04  PDE=1.308e-04 [colloc=1.134e-04, cfd=1.738e-05]  WALL=3.712e-18  DATA=1.665e-01
Invoked: SSBroyden1 approach!
[BFGS] batch=  84  call=  4071  total=2.130e-04  PDE=1.297e-04 [colloc=1.123e-04, cfd=1.736e-05]  WALL=3.690e-18  DATA=1.665e-01
Invoked: SSBroyden1 approach!
[BFGS] batch=  84  call=  4073  total=2.126e-04  PDE=1.289e-04 [colloc=1.115e-04, cfd=1.735e-05]  WALL=3.675e-18  DATA=1.665e-01
Invoked: SSBroyden1 approach!
[BFGS] batch=  84  call=  4074  total=2.123e-04  PDE=1.285e-04 [colloc=1.111e-04, cfd=1.734e-05]  WALL=3.670e-18  DATA=1.665e-01
Invoked: SSBroyden1 approach!
[BFGS] batch=  84  call=  4075  total=2.121e-04  PDE=1.281e-04 [colloc=1.108e-04, cfd=1.732e-05]  WALL=3.664e-18  DATA=1.665e-01
Invoked: SSBroyden1 approach!
[BFGS] batch=  84  call=  4076  total=2.114e-04  PDE=1.279e-04 [colloc=1.105e-04, cfd=1.731e-05]  WALL=3.659e-18  DATA=1.665e-01
Invoked: SSBroyden1 approach!
[BFGS] batch=  84  call=  4077  total=2.106e-04  PDE=1.274e-04 [colloc=1.101e-04, cfd=1.732e-05]  WALL=3.648e-18  DATA=1.665e-01
Invoked: SSBroyden1 approach!
[BFGS] batch=  84  call=  4079  total=2.095e-04  PDE=1.272e-04 [colloc=1.099e-04, cfd=1.733e-05]  WALL=3.648e-18  DATA=1.665e-01
Invoked: SSBroyden1 approach!
[BFGS] batch=  84  call=  4089  total=2.091e-04  PDE=1.269e-04 [colloc=1.094e-04, cfd=1.748e-05]  WALL=3.639e-18  DATA=1.665e-01
Invoked: SSBroyden1 approach!
[BFGS] batch=  84  call=  4090  total=2.089e-04  PDE=1.265e-04 [colloc=1.090e-04, cfd=1.753e-05]  WALL=3.633e-18  DATA=1.665e-01
Invoked: SSBroyden1 approach!
[BFGS] batch=  84  call=  4097  total=2.084e-04  PDE=1.263e-04 [colloc=1.087e-04, cfd=1.755e-05]  WALL=3.632e-18  DATA=1.665e-01
Invoked: SSBroyden1 approach!
[BFGS] batch=  84  call=  4098  total=2.079e-04  PDE=1.258e-04 [colloc=1.082e-04, cfd=1.757e-05]  WALL=3.629e-18  DATA=1.665e-01
Invoked: SSBroyden1 approach!
[BFGS] batch=  84  call=  4099  total=2.062e-04  PDE=1.251e-04 [colloc=1.075e-04, cfd=1.760e-05]  WALL=3.625e-18  DATA=1.665e-01
Invoked: SSBroyden1 approach!
[BFGS] batch=  84  call=  4100  total=2.057e-04  PDE=1.249e-04 [colloc=1.070e-04, cfd=1.791e-05]  WALL=3.613e-18  DATA=1.665e-01
Invoked: SSBroyden1 approach!
[BFGS] batch=  84  call=  4107  total=2.056e-04  PDE=1.244e-04 [colloc=1.064e-04, cfd=1.799e-05]  WALL=3.612e-18  DATA=1.665e-01
Invoked: SSBroyden1 approach!
[BFGS] batch=  84  call=  4109  total=2.053e-04  PDE=1.237e-04 [colloc=1.056e-04, cfd=1.810e-05]  WALL=3.613e-18  DATA=1.665e-01
Invoked: SSBroyden1 approach!
[BFGS] batch=  84  call=  4110  total=2.051e-04  PDE=1.233e-04 [colloc=1.051e-04, cfd=1.812e-05]  WALL=3.613e-18  DATA=1.665e-01
Invoked: SSBroyden1 approach!
[BFGS] batch=  84  call=  4111  total=2.047e-04  PDE=1.230e-04 [colloc=1.049e-04, cfd=1.810e-05]  WALL=3.614e-18  DATA=1.665e-01
Invoked: SSBroyden1 approach!
[BFGS] batch=  84  call=  4112  total=2.040e-04  PDE=1.225e-04 [colloc=1.044e-04, cfd=1.806e-05]  WALL=3.615e-18  DATA=1.665e-01
Invoked: SSBroyden1 approach!
[BFGS] batch=  84  call=  4113  total=2.028e-04  PDE=1.216e-04 [colloc=1.036e-04, cfd=1.801e-05]  WALL=3.614e-18  DATA=1.665e-01
Invoked: SSBroyden1 approach!
[BFGS] batch=  84  call=  4114  total=2.005e-04  PDE=1.204e-04 [colloc=1.024e-04, cfd=1.798e-05]  WALL=3.609e-18  DATA=1.665e-01
Invoked: SSBroyden1 approach!
[BFGS] batch=  84  call=  4115  total=1.975e-04  PDE=1.184e-04 [colloc=1.007e-04, cfd=1.769e-05]  WALL=3.609e-18  DATA=1.665e-01
Invoked: SSBroyden1 approach!
[BFGS] batch=  84  call=  4116  total=1.958e-04  PDE=1.166e-04 [colloc=9.897e-05, cfd=1.759e-05]  WALL=3.602e-18  DATA=1.665e-01
Invoked: SSBroyden1 approach!
[BFGS] batch=  84  call=  4117  total=1.941e-04  PDE=1.154e-04 [colloc=9.779e-05, cfd=1.763e-05]  WALL=3.600e-18  DATA=1.665e-01
Invoked: SSBroyden1 approach!
[BFGS] batch=  84  call=  4118  total=1.934e-04  PDE=1.144e-04 [colloc=9.662e-05, cfd=1.780e-05]  WALL=3.599e-18  DATA=1.665e-01
Invoked: SSBroyden1 approach!
[BFGS] batch=  84  call=  4119  total=1.916e-04  PDE=1.136e-04 [colloc=9.576e-05, cfd=1.785e-05]  WALL=3.599e-18  DATA=1.665e-01
Invoked: SSBroyden1 approach!
[BFGS] batch=  84  call=  4129  total=1.916e-04  PDE=1.134e-04 [colloc=9.561e-05, cfd=1.783e-05]  WALL=3.601e-18  DATA=1.665e-01
  [PT] w_u=33.0430 w_v=55.0697 gamma=0.394 (tau_u=3.026e-02 tau_v=1.816e-02 |Du|=1.84e-02 |DRu|=7.86e-01)
[BFGS] batch 84: H0 not PD — resetting to identity.
[BFGS-END] batch=  84  last_total=1.916e-04  last_PDE=1.134e-04 [colloc=9.557e-05, cfd=1.783e-05]  last_WALL=3.600e-18  last_DATA=1.665e-01
/oscar/home/jchen790/cylinder flow lab/src/cfp40.py:1342: OptimizeWarning: Unknown solver options: hess, hessp, bounds, constraints, tol
  result = minimize(
Invoked: SSBroyden1 approach!
[BFGS] batch=  85  call=  4151  total=2.040e-04  PDE=1.222e-04 [colloc=1.028e-04, cfd=1.940e-05]  WALL=3.546e-18  DATA=1.665e-01
Invoked: SSBroyden1 approach!
[BFGS] batch=  85  call=  4165  total=2.036e-04  PDE=1.220e-04 [colloc=1.026e-04, cfd=1.940e-05]  WALL=3.546e-18  DATA=1.665e-01
Invoked: SSBroyden1 approach!
[BFGS] batch=  85  call=  4172  total=2.032e-04  PDE=1.216e-04 [colloc=1.022e-04, cfd=1.939e-05]  WALL=3.547e-18  DATA=1.665e-01
Invoked: SSBroyden1 approach!
[BFGS] batch=  85  call=  4173  total=2.027e-04  PDE=1.212e-04 [colloc=1.018e-04, cfd=1.939e-05]  WALL=3.539e-18  DATA=1.665e-01
Invoked: SSBroyden1 approach!
[BFGS] batch=  85  call=  4174  total=2.024e-04  PDE=1.210e-04 [colloc=1.016e-04, cfd=1.938e-05]  WALL=3.534e-18  DATA=1.665e-01
Invoked: SSBroyden1 approach!
[BFGS] batch=  85  call=  4175  total=2.022e-04  PDE=1.207e-04 [colloc=1.013e-04, cfd=1.938e-05]  WALL=3.540e-18  DATA=1.665e-01
Invoked: SSBroyden1 approach!
[BFGS] batch=  85  call=  4176  total=2.016e-04  PDE=1.204e-04 [colloc=1.011e-04, cfd=1.938e-05]  WALL=3.539e-18  DATA=1.665e-01
Invoked: SSBroyden1 approach!
[BFGS] batch=  85  call=  4177  total=2.013e-04  PDE=1.203e-04 [colloc=1.010e-04, cfd=1.936e-05]  WALL=3.548e-18  DATA=1.665e-01
Invoked: SSBroyden1 approach!
[BFGS] batch=  85  call=  4181  total=2.012e-04  PDE=1.201e-04 [colloc=1.007e-04, cfd=1.936e-05]  WALL=3.548e-18  DATA=1.665e-01
Invoked: SSBroyden1 approach!
[BFGS] batch=  85  call=  4182  total=2.012e-04  PDE=1.200e-04 [colloc=1.006e-04, cfd=1.936e-05]  WALL=3.547e-18  DATA=1.665e-01
Invoked: SSBroyden1 approach!
[BFGS] batch=  85  call=  4183  total=2.008e-04  PDE=1.198e-04 [colloc=1.005e-04, cfd=1.935e-05]  WALL=3.547e-18  DATA=1.665e-01
Invoked: SSBroyden1 approach!
[BFGS] batch=  85  call=  4184  total=2.005e-04  PDE=1.195e-04 [colloc=1.002e-04, cfd=1.935e-05]  WALL=3.550e-18  DATA=1.665e-01
Invoked: SSBroyden1 approach!
[BFGS] batch=  85  call=  4185  total=1.998e-04  PDE=1.192e-04 [colloc=9.983e-05, cfd=1.933e-05]  WALL=3.551e-18  DATA=1.665e-01
Invoked: SSBroyden1 approach!
[BFGS] batch=  85  call=  4187  total=1.992e-04  PDE=1.189e-04 [colloc=9.959e-05, cfd=1.932e-05]  WALL=3.552e-18  DATA=1.665e-01
Invoked: SSBroyden1 approach!
[BFGS] batch=  85  call=  4189  total=1.985e-04  PDE=1.187e-04 [colloc=9.942e-05, cfd=1.932e-05]  WALL=3.552e-18  DATA=1.665e-01
  [PT] w_u=35.6994 w_v=59.0966 gamma=0.385 (tau_u=2.801e-02 tau_v=1.692e-02 |Du|=9.63e-03 |DRu|=6.79e-02)
[BFGS-END] batch=  85  last_total=1.998e-04  last_PDE=1.187e-04 [colloc=9.942e-05, cfd=1.932e-05]  last_WALL=3.552e-18  last_DATA=1.665e-01
/oscar/home/jchen790/cylinder flow lab/src/cfp40.py:1342: OptimizeWarning: Unknown solver options: hess, hessp, bounds, constraints, tol
  result = minimize(
Invoked: SSBroyden1 approach!
[BFGS] batch=  86  call=  4210  total=2.135e-04  PDE=1.290e-04 [colloc=1.100e-04, cfd=1.905e-05]  WALL=3.550e-18  DATA=1.665e-01
Invoked: SSBroyden1 approach!
[BFGS] batch=  86  call=  4212  total=2.131e-04  PDE=1.288e-04 [colloc=1.098e-04, cfd=1.906e-05]  WALL=3.548e-18  DATA=1.665e-01
Invoked: SSBroyden1 approach!
[BFGS] batch=  86  call=  4219  total=2.125e-04  PDE=1.284e-04 [colloc=1.093e-04, cfd=1.908e-05]  WALL=3.546e-18  DATA=1.665e-01
Invoked: SSBroyden1 approach!
[BFGS] batch=  86  call=  4221  total=2.120e-04  PDE=1.282e-04 [colloc=1.091e-04, cfd=1.910e-05]  WALL=3.545e-18  DATA=1.665e-01
Invoked: SSBroyden1 approach!
[BFGS] batch=  86  call=  4230  total=2.116e-04  PDE=1.280e-04 [colloc=1.089e-04, cfd=1.910e-05]  WALL=3.545e-18  DATA=1.665e-01
  [PT] w_u=39.3658 w_v=63.9537 gamma=0.386 (tau_u=2.540e-02 tau_v=1.564e-02 |Du|=2.67e-03 |DRu|=3.78e-02)
[BFGS-END] batch=  86  last_total=2.125e-04  last_PDE=1.280e-04 [colloc=1.089e-04, cfd=1.910e-05]  last_WALL=3.545e-18  last_DATA=1.665e-01
/oscar/home/jchen790/cylinder flow lab/src/cfp40.py:1342: OptimizeWarning: Unknown solver options: hess, hessp, bounds, constraints, tol
  result = minimize(
Invoked: SSBroyden1 approach!
[BFGS] batch=  87  call=  4251  total=2.139e-04  PDE=1.285e-04 [colloc=1.109e-04, cfd=1.763e-05]  WALL=3.544e-18  DATA=1.665e-01
Invoked: SSBroyden1 approach!
[BFGS] batch=  87  call=  4252  total=2.135e-04  PDE=1.284e-04 [colloc=1.107e-04, cfd=1.762e-05]  WALL=3.543e-18  DATA=1.665e-01
Invoked: SSBroyden1 approach!
[BFGS] batch=  87  call=  4253  total=2.125e-04  PDE=1.280e-04 [colloc=1.104e-04, cfd=1.760e-05]  WALL=3.541e-18  DATA=1.665e-01
Invoked: SSBroyden1 approach!
[BFGS] batch=  87  call=  4254  total=2.116e-04  PDE=1.273e-04 [colloc=1.098e-04, cfd=1.756e-05]  WALL=3.533e-18  DATA=1.665e-01
Invoked: SSBroyden1 approach!
[BFGS] batch=  87  call=  4255  total=2.114e-04  PDE=1.266e-04 [colloc=1.091e-04, cfd=1.755e-05]  WALL=3.518e-18  DATA=1.665e-01
Invoked: SSBroyden1 approach!
[BFGS] batch=  87  call=  4256  total=2.102e-04  PDE=1.263e-04 [colloc=1.088e-04, cfd=1.755e-05]  WALL=3.516e-18  DATA=1.665e-01
Invoked: SSBroyden1 approach!
[BFGS] batch=  87  call=  4257  total=2.099e-04  PDE=1.259e-04 [colloc=1.083e-04, cfd=1.758e-05]  WALL=3.503e-18  DATA=1.665e-01
Invoked: SSBroyden1 approach!
[BFGS] batch=  87  call=  4258  total=2.085e-04  PDE=1.255e-04 [colloc=1.079e-04, cfd=1.759e-05]  WALL=3.497e-18  DATA=1.665e-01
Invoked: SSBroyden1 approach!
[BFGS] batch=  87  call=  4259  total=2.078e-04  PDE=1.246e-04 [colloc=1.070e-04, cfd=1.764e-05]  WALL=3.471e-18  DATA=1.665e-01
Invoked: SSBroyden1 approach!
[BFGS] batch=  87  call=  4260  total=2.071e-04  PDE=1.241e-04 [colloc=1.064e-04, cfd=1.767e-05]  WALL=3.462e-18  DATA=1.665e-01
Invoked: SSBroyden1 approach!
[BFGS] batch=  87  call=  4261  total=2.062e-04  PDE=1.235e-04 [colloc=1.057e-04, cfd=1.771e-05]  WALL=3.452e-18  DATA=1.665e-01
Invoked: SSBroyden1 approach!
[BFGS] batch=  87  call=  4262  total=2.052e-04  PDE=1.226e-04 [colloc=1.048e-04, cfd=1.775e-05]  WALL=3.439e-18  DATA=1.665e-01
Invoked: SSBroyden1 approach!
[BFGS] batch=  87  call=  4263  total=2.044e-04  PDE=1.221e-04 [colloc=1.043e-04, cfd=1.778e-05]  WALL=3.429e-18  DATA=1.665e-01
Invoked: SSBroyden1 approach!
[BFGS] batch=  87  call=  4264  total=2.039e-04  PDE=1.218e-04 [colloc=1.040e-04, cfd=1.779e-05]  WALL=3.418e-18  DATA=1.665e-01
Invoked: SSBroyden1 approach!
[BFGS] batch=  87  call=  4272  total=2.038e-04  PDE=1.213e-04 [colloc=1.035e-04, cfd=1.781e-05]  WALL=3.414e-18  DATA=1.665e-01
Invoked: SSBroyden1 approach!
[BFGS] batch=  87  call=  4273  total=2.034e-04  PDE=1.212e-04 [colloc=1.034e-04, cfd=1.782e-05]  WALL=3.414e-18  DATA=1.665e-01
Invoked: SSBroyden1 approach!
[BFGS] batch=  87  call=  4280  total=2.025e-04  PDE=1.207e-04 [colloc=1.029e-04, cfd=1.783e-05]  WALL=3.414e-18  DATA=1.665e-01
Invoked: SSBroyden1 approach!
[BFGS] batch=  87  call=  4281  total=2.007e-04  PDE=1.199e-04 [colloc=1.021e-04, cfd=1.783e-05]  WALL=3.414e-18  DATA=1.665e-01
Invoked: SSBroyden1 approach!
[BFGS] batch=  87  call=  4282  total=1.999e-04  PDE=1.191e-04 [colloc=1.013e-04, cfd=1.782e-05]  WALL=3.421e-18  DATA=1.665e-01
Invoked: SSBroyden1 approach!
[BFGS] batch=  87  call=  4283  total=1.994e-04  PDE=1.182e-04 [colloc=1.004e-04, cfd=1.779e-05]  WALL=3.428e-18  DATA=1.665e-01
Invoked: SSBroyden1 approach!
[BFGS] batch=  87  call=  4284  total=1.988e-04  PDE=1.176e-04 [colloc=9.989e-05, cfd=1.774e-05]  WALL=3.432e-18  DATA=1.665e-01
Invoked: SSBroyden1 approach!
[BFGS] batch=  87  call=  4285  total=1.974e-04  PDE=1.168e-04 [colloc=9.916e-05, cfd=1.767e-05]  WALL=3.437e-18  DATA=1.665e-01
Invoked: SSBroyden1 approach!
[BFGS] batch=  87  call=  4286  total=1.960e-04  PDE=1.158e-04 [colloc=9.833e-05, cfd=1.748e-05]  WALL=3.456e-18  DATA=1.665e-01
Invoked: SSBroyden1 approach!
[BFGS] batch=  87  call=  4287  total=1.940e-04  PDE=1.145e-04 [colloc=9.713e-05, cfd=1.741e-05]  WALL=3.461e-18  DATA=1.665e-01
Invoked: SSBroyden1 approach!
[BFGS] batch=  87  call=  4288  total=1.924e-04  PDE=1.134e-04 [colloc=9.594e-05, cfd=1.742e-05]  WALL=3.469e-18  DATA=1.665e-01
Invoked: SSBroyden1 approach!
[BFGS] batch=  87  call=  4289  total=1.924e-04  PDE=1.126e-04 [colloc=9.530e-05, cfd=1.733e-05]  WALL=3.485e-18  DATA=1.665e-01
Invoked: SSBroyden1 approach!
[BFGS] batch=  87  call=  4291  total=1.911e-04  PDE=1.125e-04 [colloc=9.513e-05, cfd=1.732e-05]  WALL=3.486e-18  DATA=1.665e-01
Invoked: SSBroyden1 approach!
[BFGS] batch=  87  call=  4292  total=1.910e-04  PDE=1.115e-04 [colloc=9.419e-05, cfd=1.727e-05]  WALL=3.500e-18  DATA=1.665e-01
Invoked: SSBroyden1 approach!
[BFGS] batch=  87  call=  4293  total=1.904e-04  PDE=1.113e-04 [colloc=9.403e-05, cfd=1.727e-05]  WALL=3.502e-18  DATA=1.665e-01
Invoked: SSBroyden1 approach!
[BFGS] batch=  87  call=  4294  total=1.889e-04  PDE=1.107e-04 [colloc=9.345e-05, cfd=1.726e-05]  WALL=3.502e-18  DATA=1.665e-01
Invoked: SSBroyden1 approach!
[BFGS] batch=  87  call=  4295  total=1.885e-04  PDE=1.100e-04 [colloc=9.272e-05, cfd=1.726e-05]  WALL=3.517e-18  DATA=1.665e-01
Invoked: SSBroyden1 approach!
[BFGS] batch=  87  call=  4296  total=1.874e-04  PDE=1.095e-04 [colloc=9.230e-05, cfd=1.723e-05]  WALL=3.519e-18  DATA=1.665e-01
Invoked: SSBroyden1 approach!
[BFGS] batch=  87  call=  4297  total=1.866e-04  PDE=1.089e-04 [colloc=9.159e-05, cfd=1.733e-05]  WALL=3.519e-18  DATA=1.665e-01
Invoked: SSBroyden1 approach!
[BFGS] batch=  87  call=  4298  total=1.865e-04  PDE=1.086e-04 [colloc=9.129e-05, cfd=1.730e-05]  WALL=3.530e-18  DATA=1.665e-01
Invoked: SSBroyden1 approach!
[BFGS] batch=  87  call=  4299  total=1.856e-04  PDE=1.084e-04 [colloc=9.110e-05, cfd=1.730e-05]  WALL=3.531e-18  DATA=1.665e-01
Invoked: SSBroyden1 approach!
[BFGS] batch=  87  call=  4300  total=1.850e-04  PDE=1.079e-04 [colloc=9.041e-05, cfd=1.745e-05]  WALL=3.546e-18  DATA=1.665e-01
Invoked: SSBroyden1 approach!
[BFGS] batch=  87  call=  4301  total=1.843e-04  PDE=1.073e-04 [colloc=8.987e-05, cfd=1.744e-05]  WALL=3.555e-18  DATA=1.665e-01
Invoked: SSBroyden1 approach!
[BFGS] batch=  87  call=  4302  total=1.839e-04  PDE=1.066e-04 [colloc=8.918e-05, cfd=1.746e-05]  WALL=3.566e-18  DATA=1.665e-01
Invoked: SSBroyden1 approach!
[BFGS] batch=  87  call=  4303  total=1.823e-04  PDE=1.062e-04 [colloc=8.884e-05, cfd=1.739e-05]  WALL=3.572e-18  DATA=1.665e-01
Invoked: SSBroyden1 approach!
[BFGS] batch=  87  call=  4305  total=1.823e-04  PDE=1.059e-04 [colloc=8.858e-05, cfd=1.731e-05]  WALL=3.576e-18  DATA=1.665e-01
  [PT] w_u=43.7152 w_v=71.0181 gamma=0.382 (tau_u=2.288e-02 tau_v=1.408e-02 |Du|=1.04e-02 |DRu|=5.67e-01)
[BFGS] batch 87: H0 not PD — resetting to identity.
[BFGS-END] batch=  87  last_total=1.824e-04  last_PDE=1.059e-04 [colloc=8.855e-05, cfd=1.731e-05]  last_WALL=3.577e-18  last_DATA=1.665e-01
/oscar/home/jchen790/cylinder flow lab/src/cfp40.py:1342: OptimizeWarning: Unknown solver options: hess, hessp, bounds, constraints, tol
  result = minimize(
Invoked: SSBroyden1 approach!
[BFGS] batch=  88  call=  4329  total=2.079e-04  PDE=1.241e-04 [colloc=1.054e-04, cfd=1.869e-05]  WALL=3.604e-18  DATA=1.665e-01
Invoked: SSBroyden1 approach!
[BFGS] batch=  88  call=  4330  total=2.041e-04  PDE=1.210e-04 [colloc=1.023e-04, cfd=1.869e-05]  WALL=3.628e-18  DATA=1.665e-01
Invoked: SSBroyden1 approach!
[BFGS] batch=  88  call=  4332  total=2.030e-04  PDE=1.206e-04 [colloc=1.019e-04, cfd=1.869e-05]  WALL=3.633e-18  DATA=1.665e-01
Invoked: SSBroyden1 approach!
[BFGS] batch=  88  call=  4334  total=2.025e-04  PDE=1.203e-04 [colloc=1.016e-04, cfd=1.869e-05]  WALL=3.635e-18  DATA=1.665e-01
Invoked: SSBroyden1 approach!
[BFGS] batch=  88  call=  4336  total=2.023e-04  PDE=1.202e-04 [colloc=1.015e-04, cfd=1.869e-05]  WALL=3.635e-18  DATA=1.665e-01
Invoked: SSBroyden1 approach!
[BFGS] batch=  88  call=  4343  total=2.015e-04  PDE=1.200e-04 [colloc=1.013e-04, cfd=1.869e-05]  WALL=3.635e-18  DATA=1.665e-01
Invoked: SSBroyden1 approach!
[BFGS] batch=  88  call=  4344  total=2.012e-04  PDE=1.194e-04 [colloc=1.007e-04, cfd=1.869e-05]  WALL=3.630e-18  DATA=1.665e-01
Invoked: SSBroyden1 approach!
[BFGS] batch=  88  call=  4351  total=2.007e-04  PDE=1.191e-04 [colloc=1.004e-04, cfd=1.869e-05]  WALL=3.628e-18  DATA=1.665e-01
Invoked: SSBroyden1 approach!
[BFGS] batch=  88  call=  4352  total=2.004e-04  PDE=1.188e-04 [colloc=1.001e-04, cfd=1.869e-05]  WALL=3.625e-18  DATA=1.665e-01
Invoked: SSBroyden1 approach!
[BFGS] batch=  88  call=  4353  total=1.998e-04  PDE=1.184e-04 [colloc=9.974e-05, cfd=1.869e-05]  WALL=3.624e-18  DATA=1.665e-01
Invoked: SSBroyden1 approach!
[BFGS] batch=  88  call=  4363  total=1.995e-04  PDE=1.184e-04 [colloc=9.967e-05, cfd=1.869e-05]  WALL=3.624e-18  DATA=1.665e-01
  [PT] w_u=40.5561 w_v=54.6652 gamma=0.382 (tau_u=2.466e-02 tau_v=1.829e-02 |Du|=4.98e-03 |DRu|=1.53e-02)
[BFGS-END] batch=  88  last_total=2.003e-04  last_PDE=1.184e-04 [colloc=9.967e-05, cfd=1.869e-05]  last_WALL=3.624e-18  last_DATA=1.665e-01
/oscar/home/jchen790/cylinder flow lab/src/cfp40.py:1342: OptimizeWarning: Unknown solver options: hess, hessp, bounds, constraints, tol
  result = minimize(
Invoked: SSBroyden1 approach!
[BFGS] batch=  89  call=  4384  total=2.140e-04  PDE=1.282e-04 [colloc=1.101e-04, cfd=1.805e-05]  WALL=3.623e-18  DATA=1.665e-01
Invoked: SSBroyden1 approach!
[BFGS] batch=  89  call=  4387  total=2.137e-04  PDE=1.280e-04 [colloc=1.099e-04, cfd=1.804e-05]  WALL=3.624e-18  DATA=1.665e-01
Invoked: SSBroyden1 approach!
[BFGS] batch=  89  call=  4388  total=2.133e-04  PDE=1.277e-04 [colloc=1.097e-04, cfd=1.805e-05]  WALL=3.624e-18  DATA=1.665e-01
Invoked: SSBroyden1 approach!
[BFGS] batch=  89  call=  4389  total=2.123e-04  PDE=1.273e-04 [colloc=1.092e-04, cfd=1.805e-05]  WALL=3.621e-18  DATA=1.665e-01
Invoked: SSBroyden1 approach!
[BFGS] batch=  89  call=  4401  total=2.122e-04  PDE=1.272e-04 [colloc=1.092e-04, cfd=1.805e-05]  WALL=3.621e-18  DATA=1.665e-01
  [PT] w_u=44.7743 w_v=60.1758 gamma=0.385 (tau_u=2.233e-02 tau_v=1.662e-02 |Du|=2.36e-03 |DRu|=3.87e-02)
[BFGS-END] batch=  89  last_total=2.137e-04  last_PDE=1.272e-04 [colloc=1.092e-04, cfd=1.805e-05]  last_WALL=3.621e-18  last_DATA=1.665e-01
/oscar/home/jchen790/cylinder flow lab/src/cfp40.py:1342: OptimizeWarning: Unknown solver options: hess, hessp, bounds, constraints, tol
  result = minimize(
Invoked: SSBroyden1 approach!
[BFGS] batch=  90  call=  4421  total=2.094e-04  PDE=1.251e-04 [colloc=1.071e-04, cfd=1.796e-05]  WALL=3.622e-18  DATA=1.665e-01
Invoked: SSBroyden1 approach!
[BFGS] batch=  90  call=  4423  total=2.090e-04  PDE=1.249e-04 [colloc=1.069e-04, cfd=1.796e-05]  WALL=3.622e-18  DATA=1.665e-01
Invoked: SSBroyden1 approach!
[BFGS] batch=  90  call=  4431  total=2.089e-04  PDE=1.246e-04 [colloc=1.066e-04, cfd=1.795e-05]  WALL=3.622e-18  DATA=1.665e-01
  [PT] w_u=48.2861 w_v=61.9471 gamma=0.381 (tau_u=2.071e-02 tau_v=1.614e-02 |Du|=1.97e-03 |DRu|=1.56e-02)
[PT] batch=  90  w=5.5117e+01
[BFGS-END] batch=  90  last_total=2.099e-04  last_PDE=1.246e-04 [colloc=1.066e-04, cfd=1.795e-05]  last_WALL=3.622e-18  last_DATA=1.665e-01
/oscar/home/jchen790/cylinder flow lab/src/cfp40.py:1342: OptimizeWarning: Unknown solver options: hess, hessp, bounds, constraints, tol
  result = minimize(
  [PT] w_u=50.4420 w_v=64.9989 gamma=0.381 (tau_u=1.982e-02 tau_v=1.538e-02 |Du|=5.92e-05 |DRu|=3.20e-04)
[BFGS-END] batch=  91  last_total=2.093e-04  last_PDE=1.248e-04 [colloc=1.066e-04, cfd=1.819e-05]  last_WALL=3.622e-18  last_DATA=1.665e-01
/oscar/home/jchen790/cylinder flow lab/src/cfp40.py:1342: OptimizeWarning: Unknown solver options: hess, hessp, bounds, constraints, tol
  result = minimize(
Invoked: SSBroyden1 approach!
[BFGS] batch=  92  call=  4473  total=2.073e-04  PDE=1.235e-04 [colloc=1.042e-04, cfd=1.924e-05]  WALL=3.621e-18  DATA=1.665e-01
Invoked: SSBroyden1 approach!
[BFGS] batch=  92  call=  4477  total=2.070e-04  PDE=1.232e-04 [colloc=1.040e-04, cfd=1.926e-05]  WALL=3.622e-18  DATA=1.665e-01
Invoked: SSBroyden1 approach!
[BFGS] batch=  92  call=  4478  total=2.069e-04  PDE=1.230e-04 [colloc=1.037e-04, cfd=1.927e-05]  WALL=3.623e-18  DATA=1.665e-01
Invoked: SSBroyden1 approach!
[BFGS] batch=  92  call=  4484  total=2.068e-04  PDE=1.228e-04 [colloc=1.035e-04, cfd=1.927e-05]  WALL=3.623e-18  DATA=1.665e-01
Invoked: SSBroyden1 approach!
[BFGS] batch=  92  call=  4485  total=2.064e-04  PDE=1.226e-04 [colloc=1.033e-04, cfd=1.928e-05]  WALL=3.624e-18  DATA=1.665e-01
Invoked: SSBroyden1 approach!
[BFGS] batch=  92  call=  4493  total=2.055e-04  PDE=1.223e-04 [colloc=1.030e-04, cfd=1.930e-05]  WALL=3.622e-18  DATA=1.665e-01
Invoked: SSBroyden1 approach!
[BFGS] batch=  92  call=  4495  total=2.051e-04  PDE=1.220e-04 [colloc=1.027e-04, cfd=1.931e-05]  WALL=3.621e-18  DATA=1.665e-01
Invoked: SSBroyden1 approach!
[BFGS] batch=  92  call=  4503  total=2.048e-04  PDE=1.217e-04 [colloc=1.024e-04, cfd=1.930e-05]  WALL=3.620e-18  DATA=1.665e-01
Invoked: SSBroyden1 approach!
[BFGS] batch=  92  call=  4504  total=2.045e-04  PDE=1.215e-04 [colloc=1.022e-04, cfd=1.927e-05]  WALL=3.619e-18  DATA=1.665e-01
Invoked: SSBroyden1 approach!
[BFGS] batch=  92  call=  4505  total=2.043e-04  PDE=1.211e-04 [colloc=1.019e-04, cfd=1.924e-05]  WALL=3.619e-18  DATA=1.665e-01
Invoked: SSBroyden1 approach!
[BFGS] batch=  92  call=  4506  total=2.041e-04  PDE=1.209e-04 [colloc=1.017e-04, cfd=1.923e-05]  WALL=3.619e-18  DATA=1.665e-01
Invoked: SSBroyden1 approach!
[BFGS] batch=  92  call=  4507  total=2.036e-04  PDE=1.206e-04 [colloc=1.014e-04, cfd=1.921e-05]  WALL=3.618e-18  DATA=1.665e-01
Invoked: SSBroyden1 approach!
[BFGS] batch=  92  call=  4508  total=2.025e-04  PDE=1.202e-04 [colloc=1.010e-04, cfd=1.920e-05]  WALL=3.615e-18  DATA=1.665e-01
Invoked: SSBroyden1 approach!
[BFGS] batch=  92  call=  4509  total=2.019e-04  PDE=1.200e-04 [colloc=1.007e-04, cfd=1.931e-05]  WALL=3.619e-18  DATA=1.665e-01
Invoked: SSBroyden1 approach!
[BFGS] batch=  92  call=  4510  total=2.017e-04  PDE=1.194e-04 [colloc=1.000e-04, cfd=1.942e-05]  WALL=3.620e-18  DATA=1.665e-01
Invoked: SSBroyden1 approach!
[BFGS] batch=  92  call=  4511  total=2.013e-04  PDE=1.192e-04 [colloc=9.980e-05, cfd=1.944e-05]  WALL=3.620e-18  DATA=1.665e-01
Invoked: SSBroyden1 approach!
[BFGS] batch=  92  call=  4512  total=2.009e-04  PDE=1.187e-04 [colloc=9.933e-05, cfd=1.940e-05]  WALL=3.620e-18  DATA=1.665e-01
Invoked: SSBroyden1 approach!
[BFGS] batch=  92  call=  4514  total=2.008e-04  PDE=1.186e-04 [colloc=9.923e-05, cfd=1.939e-05]  WALL=3.620e-18  DATA=1.665e-01
Invoked: SSBroyden1 approach!
[BFGS] batch=  92  call=  4516  total=2.007e-04  PDE=1.182e-04 [colloc=9.887e-05, cfd=1.937e-05]  WALL=3.621e-18  DATA=1.665e-01
Invoked: SSBroyden1 approach!
[BFGS] batch=  92  call=  4517  total=1.998e-04  PDE=1.180e-04 [colloc=9.866e-05, cfd=1.937e-05]  WALL=3.621e-18  DATA=1.665e-01
Invoked: SSBroyden1 approach!
[BFGS] batch=  92  call=  4518  total=1.990e-04  PDE=1.171e-04 [colloc=9.773e-05, cfd=1.941e-05]  WALL=3.617e-18  DATA=1.665e-01
Invoked: SSBroyden1 approach!
[BFGS] batch=  92  call=  4519  total=1.973e-04  PDE=1.163e-04 [colloc=9.677e-05, cfd=1.950e-05]  WALL=3.622e-18  DATA=1.665e-01
Invoked: SSBroyden1 approach!
[BFGS] batch=  92  call=  4520  total=1.945e-04  PDE=1.150e-04 [colloc=9.553e-05, cfd=1.946e-05]  WALL=3.616e-18  DATA=1.665e-01
Invoked: SSBroyden1 approach!
[BFGS] batch=  92  call=  4522  total=1.940e-04  PDE=1.140e-04 [colloc=9.465e-05, cfd=1.935e-05]  WALL=3.612e-18  DATA=1.665e-01
Invoked: SSBroyden1 approach!
[BFGS] batch=  92  call=  4523  total=1.931e-04  PDE=1.134e-04 [colloc=9.409e-05, cfd=1.928e-05]  WALL=3.610e-18  DATA=1.665e-01
Invoked: SSBroyden1 approach!
[BFGS] batch=  92  call=  4524  total=1.924e-04  PDE=1.125e-04 [colloc=9.330e-05, cfd=1.924e-05]  WALL=3.604e-18  DATA=1.665e-01
Invoked: SSBroyden1 approach!
[BFGS] batch=  92  call=  4525  total=1.909e-04  PDE=1.118e-04 [colloc=9.247e-05, cfd=1.929e-05]  WALL=3.605e-18  DATA=1.665e-01
Invoked: SSBroyden1 approach!
[BFGS] batch=  92  call=  4526  total=1.907e-04  PDE=1.109e-04 [colloc=9.166e-05, cfd=1.924e-05]  WALL=3.610e-18  DATA=1.665e-01
Invoked: SSBroyden1 approach!
[BFGS] batch=  92  call=  4527  total=1.905e-04  PDE=1.107e-04 [colloc=9.144e-05, cfd=1.923e-05]  WALL=3.611e-18  DATA=1.665e-01
Invoked: SSBroyden1 approach!
[BFGS] batch=  92  call=  4528  total=1.895e-04  PDE=1.103e-04 [colloc=9.112e-05, cfd=1.921e-05]  WALL=3.611e-18  DATA=1.665e-01
Invoked: SSBroyden1 approach!
[BFGS] batch=  92  call=  4529  total=1.887e-04  PDE=1.096e-04 [colloc=9.038e-05, cfd=1.920e-05]  WALL=3.618e-18  DATA=1.665e-01
Invoked: SSBroyden1 approach!
[BFGS] batch=  92  call=  4530  total=1.877e-04  PDE=1.091e-04 [colloc=8.990e-05, cfd=1.921e-05]  WALL=3.624e-18  DATA=1.665e-01
Invoked: SSBroyden1 approach!
[BFGS] batch=  92  call=  4531  total=1.870e-04  PDE=1.086e-04 [colloc=8.939e-05, cfd=1.924e-05]  WALL=3.626e-18  DATA=1.665e-01
Invoked: SSBroyden1 approach!
[BFGS] batch=  92  call=  4532  total=1.863e-04  PDE=1.080e-04 [colloc=8.882e-05, cfd=1.920e-05]  WALL=3.628e-18  DATA=1.665e-01
Invoked: SSBroyden1 approach!
[BFGS] batch=  92  call=  4533  total=1.856e-04  PDE=1.078e-04 [colloc=8.864e-05, cfd=1.915e-05]  WALL=3.629e-18  DATA=1.665e-01
Invoked: SSBroyden1 approach!
[BFGS] batch=  92  call=  4534  total=1.854e-04  PDE=1.072e-04 [colloc=8.805e-05, cfd=1.911e-05]  WALL=3.631e-18  DATA=1.665e-01
Invoked: SSBroyden1 approach!
[BFGS] batch=  92  call=  4535  total=1.844e-04  PDE=1.070e-04 [colloc=8.790e-05, cfd=1.908e-05]  WALL=3.632e-18  DATA=1.665e-01
Invoked: SSBroyden1 approach!
[BFGS] batch=  92  call=  4536  total=1.838e-04  PDE=1.064e-04 [colloc=8.731e-05, cfd=1.907e-05]  WALL=3.635e-18  DATA=1.665e-01
Invoked: SSBroyden1 approach!
[BFGS] batch=  92  call=  4537  total=1.835e-04  PDE=1.060e-04 [colloc=8.697e-05, cfd=1.905e-05]  WALL=3.640e-18  DATA=1.665e-01
Invoked: SSBroyden1 approach!
[BFGS] batch=  92  call=  4538  total=1.824e-04  PDE=1.057e-04 [colloc=8.667e-05, cfd=1.904e-05]  WALL=3.644e-18  DATA=1.665e-01
Invoked: SSBroyden1 approach!
[BFGS] batch=  92  call=  4547  total=1.823e-04  PDE=1.055e-04 [colloc=8.650e-05, cfd=1.903e-05]  WALL=3.645e-18  DATA=1.665e-01
Invoked: SSBroyden1 approach!
[BFGS] batch=  92  call=  4554  total=1.821e-04  PDE=1.054e-04 [colloc=8.639e-05, cfd=1.900e-05]  WALL=3.647e-18  DATA=1.665e-01
  [PT] w_u=55.5090 w_v=71.5474 gamma=0.376 (tau_u=1.802e-02 tau_v=1.398e-02 |Du|=9.00e-03 |DRu|=1.33e-01)
[BFGS] batch 92: H0 not PD — resetting to identity.
[BFGS-END] batch=  92  last_total=1.829e-04  last_PDE=1.054e-04 [colloc=8.638e-05, cfd=1.900e-05]  last_WALL=3.647e-18  last_DATA=1.665e-01
/oscar/home/jchen790/cylinder flow lab/src/cfp40.py:1342: OptimizeWarning: Unknown solver options: hess, hessp, bounds, constraints, tol
  result = minimize(
Invoked: SSBroyden1 approach!
[BFGS] batch=  93  call=  4577  total=2.088e-04  PDE=1.241e-04 [colloc=1.061e-04, cfd=1.801e-05]  WALL=3.668e-18  DATA=1.665e-01
Invoked: SSBroyden1 approach!
[BFGS] batch=  93  call=  4578  total=2.058e-04  PDE=1.223e-04 [colloc=1.043e-04, cfd=1.801e-05]  WALL=3.683e-18  DATA=1.665e-01
Invoked: SSBroyden1 approach!
[BFGS] batch=  93  call=  4581  total=2.058e-04  PDE=1.222e-04 [colloc=1.042e-04, cfd=1.801e-05]  WALL=3.685e-18  DATA=1.665e-01
  [PT] w_u=46.9067 w_v=62.2279 gamma=0.382 (tau_u=2.132e-02 tau_v=1.607e-02 |Du|=3.41e-03 |DRu|=9.33e-03)
[BFGS-END] batch=  93  last_total=2.067e-04  last_PDE=1.222e-04 [colloc=1.042e-04, cfd=1.801e-05]  last_WALL=3.685e-18  last_DATA=1.665e-01
/oscar/home/jchen790/cylinder flow lab/src/cfp40.py:1342: OptimizeWarning: Unknown solver options: hess, hessp, bounds, constraints, tol
  result = minimize(
Invoked: SSBroyden1 approach!
[BFGS] batch=  94  call=  4600  total=2.055e-04  PDE=1.218e-04 [colloc=1.043e-04, cfd=1.747e-05]  WALL=3.686e-18  DATA=1.665e-01
Invoked: SSBroyden1 approach!
[BFGS] batch=  94  call=  4602  total=2.046e-04  PDE=1.215e-04 [colloc=1.041e-04, cfd=1.747e-05]  WALL=3.688e-18  DATA=1.665e-01
Invoked: SSBroyden1 approach!
[BFGS] batch=  94  call=  4611  total=2.041e-04  PDE=1.214e-04 [colloc=1.040e-04, cfd=1.747e-05]  WALL=3.687e-18  DATA=1.665e-01
  [PT] w_u=9.2858 w_v=27.3705 gamma=0.378 (tau_u=1.077e-01 tau_v=3.654e-02 |Du|=1.60e-03 |DRu|=1.04e-03)
[BFGS-END] batch=  94  last_total=2.045e-04  last_PDE=1.214e-04 [colloc=1.040e-04, cfd=1.747e-05]  last_WALL=3.687e-18  last_DATA=1.665e-01
/oscar/home/jchen790/cylinder flow lab/src/cfp40.py:1342: OptimizeWarning: Unknown solver options: hess, hessp, bounds, constraints, tol
  result = minimize(
Invoked: SSBroyden1 approach!
[BFGS] batch=  95  call=  4632  total=2.064e-04  PDE=1.229e-04 [colloc=1.053e-04, cfd=1.762e-05]  WALL=3.692e-18  DATA=1.665e-01
Invoked: SSBroyden1 approach!
[BFGS] batch=  95  call=  4633  total=2.060e-04  PDE=1.216e-04 [colloc=1.038e-04, cfd=1.783e-05]  WALL=3.691e-18  DATA=1.665e-01
Invoked: SSBroyden1 approach!
[BFGS] batch=  95  call=  4634  total=2.044e-04  PDE=1.210e-04 [colloc=1.031e-04, cfd=1.794e-05]  WALL=3.684e-18  DATA=1.665e-01
Invoked: SSBroyden1 approach!
[BFGS] batch=  95  call=  4636  total=2.038e-04  PDE=1.207e-04 [colloc=1.027e-04, cfd=1.801e-05]  WALL=3.677e-18  DATA=1.665e-01
Invoked: SSBroyden1 approach!
[BFGS] batch=  95  call=  4637  total=2.035e-04  PDE=1.201e-04 [colloc=1.021e-04, cfd=1.796e-05]  WALL=3.681e-18  DATA=1.665e-01
Invoked: SSBroyden1 approach!
[BFGS] batch=  95  call=  4638  total=2.031e-04  PDE=1.198e-04 [colloc=1.019e-04, cfd=1.791e-05]  WALL=3.682e-18  DATA=1.665e-01
Invoked: SSBroyden1 approach!
[BFGS] batch=  95  call=  4639  total=2.025e-04  PDE=1.195e-04 [colloc=1.017e-04, cfd=1.781e-05]  WALL=3.670e-18  DATA=1.665e-01
Invoked: SSBroyden1 approach!
[BFGS] batch=  95  call=  4650  total=2.022e-04  PDE=1.192e-04 [colloc=1.014e-04, cfd=1.781e-05]  WALL=3.669e-18  DATA=1.665e-01
Invoked: SSBroyden1 approach!
[BFGS] batch=  95  call=  4651  total=2.021e-04  PDE=1.188e-04 [colloc=1.009e-04, cfd=1.787e-05]  WALL=3.666e-18  DATA=1.665e-01
Invoked: SSBroyden1 approach!
[BFGS] batch=  95  call=  4663  total=2.013e-04  PDE=1.187e-04 [colloc=1.008e-04, cfd=1.789e-05]  WALL=3.666e-18  DATA=1.665e-01
Invoked: SSBroyden1 approach!
[BFGS] batch=  95  call=  4671  total=2.009e-04  PDE=1.185e-04 [colloc=1.005e-04, cfd=1.800e-05]  WALL=3.668e-18  DATA=1.666e-01
Invoked: SSBroyden1 approach!
[BFGS] batch=  95  call=  4672  total=2.003e-04  PDE=1.179e-04 [colloc=9.990e-05, cfd=1.804e-05]  WALL=3.672e-18  DATA=1.666e-01
Invoked: SSBroyden1 approach!
[BFGS] batch=  95  call=  4673  total=2.001e-04  PDE=1.173e-04 [colloc=9.923e-05, cfd=1.812e-05]  WALL=3.671e-18  DATA=1.666e-01
Invoked: SSBroyden1 approach!
[BFGS] batch=  95  call=  4676  total=1.996e-04  PDE=1.172e-04 [colloc=9.902e-05, cfd=1.815e-05]  WALL=3.669e-18  DATA=1.666e-01
Invoked: SSBroyden1 approach!
[BFGS] batch=  95  call=  4677  total=1.994e-04  PDE=1.167e-04 [colloc=9.844e-05, cfd=1.824e-05]  WALL=3.665e-18  DATA=1.666e-01
Invoked: SSBroyden1 approach!
[BFGS] batch=  95  call=  4684  total=1.984e-04  PDE=1.165e-04 [colloc=9.823e-05, cfd=1.826e-05]  WALL=3.663e-18  DATA=1.666e-01
Invoked: SSBroyden1 approach!
[BFGS] batch=  95  call=  4685  total=1.983e-04  PDE=1.162e-04 [colloc=9.790e-05, cfd=1.826e-05]  WALL=3.651e-18  DATA=1.666e-01
  [PT] w_u=10.2729 w_v=30.2770 gamma=0.375 (tau_u=9.734e-02 tau_v=3.303e-02 |Du|=2.37e-02 |DRu|=2.23e-01)
[BFGS-END] batch=  95  last_total=1.986e-04  last_PDE=1.161e-04 [colloc=9.789e-05, cfd=1.826e-05]  last_WALL=3.651e-18  last_DATA=1.666e-01
/oscar/home/jchen790/cylinder flow lab/src/cfp40.py:1342: OptimizeWarning: Unknown solver options: hess, hessp, bounds, constraints, tol
  result = minimize(
Invoked: SSBroyden1 approach!
[BFGS] batch=  96  call=  4707  total=2.083e-04  PDE=1.232e-04 [colloc=1.038e-04, cfd=1.943e-05]  WALL=3.653e-18  DATA=1.666e-01
Invoked: SSBroyden1 approach!
[BFGS] batch=  96  call=  4709  total=2.083e-04  PDE=1.228e-04 [colloc=1.034e-04, cfd=1.940e-05]  WALL=3.662e-18  DATA=1.666e-01
Invoked: SSBroyden1 approach!
[BFGS] batch=  96  call=  4711  total=2.066e-04  PDE=1.226e-04 [colloc=1.031e-04, cfd=1.940e-05]  WALL=3.666e-18  DATA=1.666e-01
Invoked: SSBroyden1 approach!
[BFGS] batch=  96  call=  4712  total=2.062e-04  PDE=1.219e-04 [colloc=1.027e-04, cfd=1.915e-05]  WALL=3.668e-18  DATA=1.666e-01
  [PT] w_u=11.3295 w_v=33.4195 gamma=0.379 (tau_u=8.827e-02 tau_v=2.992e-02 |Du|=1.50e-02 |DRu|=1.14e-01)
[BFGS-END] batch=  96  last_total=2.072e-04  last_PDE=1.219e-04 [colloc=1.027e-04, cfd=1.915e-05]  last_WALL=3.668e-18  last_DATA=1.666e-01
/oscar/home/jchen790/cylinder flow lab/src/cfp40.py:1342: OptimizeWarning: Unknown solver options: hess, hessp, bounds, constraints, tol
  result = minimize(
Invoked: SSBroyden1 approach!
[BFGS] batch=  97  call=  4734  total=2.112e-04  PDE=1.248e-04 [colloc=1.064e-04, cfd=1.841e-05]  WALL=3.651e-18  DATA=1.666e-01
Invoked: SSBroyden1 approach!
[BFGS] batch=  97  call=  4735  total=2.110e-04  PDE=1.245e-04 [colloc=1.061e-04, cfd=1.841e-05]  WALL=3.649e-18  DATA=1.666e-01
Invoked: SSBroyden1 approach!
[BFGS] batch=  97  call=  4736  total=2.108e-04  PDE=1.242e-04 [colloc=1.058e-04, cfd=1.842e-05]  WALL=3.649e-18  DATA=1.666e-01
Invoked: SSBroyden1 approach!
[BFGS] batch=  97  call=  4737  total=2.097e-04  PDE=1.240e-04 [colloc=1.055e-04, cfd=1.843e-05]  WALL=3.650e-18  DATA=1.666e-01
Invoked: SSBroyden1 approach!
[BFGS] batch=  97  call=  4738  total=2.080e-04  PDE=1.228e-04 [colloc=1.043e-04, cfd=1.843e-05]  WALL=3.647e-18  DATA=1.666e-01
Invoked: SSBroyden1 approach!
[BFGS] batch=  97  call=  4739  total=2.057e-04  PDE=1.207e-04 [colloc=1.023e-04, cfd=1.849e-05]  WALL=3.634e-18  DATA=1.666e-01
Invoked: SSBroyden1 approach!
[BFGS] batch=  97  call=  4740  total=2.043e-04  PDE=1.195e-04 [colloc=1.009e-04, cfd=1.864e-05]  WALL=3.625e-18  DATA=1.666e-01
Invoked: SSBroyden1 approach!
[BFGS] batch=  97  call=  4741  total=2.029e-04  PDE=1.184e-04 [colloc=9.965e-05, cfd=1.871e-05]  WALL=3.637e-18  DATA=1.666e-01
Invoked: SSBroyden1 approach!
[BFGS] batch=  97  call=  4742  total=2.023e-04  PDE=1.176e-04 [colloc=9.886e-05, cfd=1.872e-05]  WALL=3.634e-18  DATA=1.665e-01
Invoked: SSBroyden1 approach!
[BFGS] batch=  97  call=  4743  total=2.005e-04  PDE=1.170e-04 [colloc=9.819e-05, cfd=1.880e-05]  WALL=3.639e-18  DATA=1.666e-01
Invoked: SSBroyden1 approach!
[BFGS] batch=  97  call=  4744  total=1.998e-04  PDE=1.166e-04 [colloc=9.765e-05, cfd=1.897e-05]  WALL=3.632e-18  DATA=1.666e-01
Invoked: SSBroyden1 approach!
[BFGS] batch=  97  call=  4746  total=1.995e-04  PDE=1.165e-04 [colloc=9.751e-05, cfd=1.898e-05]  WALL=3.631e-18  DATA=1.666e-01
Invoked: SSBroyden1 approach!
[BFGS] batch=  97  call=  4754  total=1.992e-04  PDE=1.161e-04 [colloc=9.714e-05, cfd=1.898e-05]  WALL=3.636e-18  DATA=1.666e-01
Invoked: SSBroyden1 approach!
[BFGS] batch=  97  call=  4755  total=1.988e-04  PDE=1.158e-04 [colloc=9.679e-05, cfd=1.897e-05]  WALL=3.633e-18  DATA=1.666e-01
Invoked: SSBroyden1 approach!
[BFGS] batch=  97  call=  4756  total=1.978e-04  PDE=1.154e-04 [colloc=9.649e-05, cfd=1.896e-05]  WALL=3.632e-18  DATA=1.666e-01
  [PT] w_u=12.4572 w_v=36.4511 gamma=0.380 (tau_u=8.027e-02 tau_v=2.743e-02 |Du|=2.42e-02 |DRu|=1.63e-01)
[BFGS] batch 97: H0 not PD — resetting to identity.
[BFGS-END] batch=  97  last_total=1.977e-04  last_PDE=1.156e-04 [colloc=9.668e-05, cfd=1.892e-05]  last_WALL=3.617e-18  last_DATA=1.666e-01
/oscar/home/jchen790/cylinder flow lab/src/cfp40.py:1342: OptimizeWarning: Unknown solver options: hess, hessp, bounds, constraints, tol
  result = minimize(
Invoked: SSBroyden1 approach!
[BFGS] batch=  98  call=  4774  total=2.146e-04  PDE=1.273e-04 [colloc=1.092e-04, cfd=1.816e-05]  WALL=3.651e-18  DATA=1.666e-01
Invoked: SSBroyden1 approach!
[BFGS] batch=  98  call=  4783  total=2.143e-04  PDE=1.269e-04 [colloc=1.087e-04, cfd=1.815e-05]  WALL=3.655e-18  DATA=1.666e-01
Invoked: SSBroyden1 approach!
[BFGS] batch=  98  call=  4784  total=2.136e-04  PDE=1.266e-04 [colloc=1.084e-04, cfd=1.815e-05]  WALL=3.656e-18  DATA=1.666e-01
Invoked: SSBroyden1 approach!
[BFGS] batch=  98  call=  4785  total=2.129e-04  PDE=1.259e-04 [colloc=1.077e-04, cfd=1.814e-05]  WALL=3.637e-18  DATA=1.666e-01
Invoked: SSBroyden1 approach!
[BFGS] batch=  98  call=  4786  total=2.122e-04  PDE=1.251e-04 [colloc=1.070e-04, cfd=1.813e-05]  WALL=3.645e-18  DATA=1.666e-01
Invoked: SSBroyden1 approach!
[BFGS] batch=  98  call=  4787  total=2.116e-04  PDE=1.245e-04 [colloc=1.064e-04, cfd=1.812e-05]  WALL=3.641e-18  DATA=1.666e-01
Invoked: SSBroyden1 approach!
[BFGS] batch=  98  call=  4788  total=2.108e-04  PDE=1.240e-04 [colloc=1.059e-04, cfd=1.811e-05]  WALL=3.642e-18  DATA=1.666e-01
Invoked: SSBroyden1 approach!
[BFGS] batch=  98  call=  4789  total=2.096e-04  PDE=1.235e-04 [colloc=1.054e-04, cfd=1.810e-05]  WALL=3.636e-18  DATA=1.666e-01
Invoked: SSBroyden1 approach!
[BFGS] batch=  98  call=  4790  total=2.082e-04  PDE=1.228e-04 [colloc=1.047e-04, cfd=1.809e-05]  WALL=3.643e-18  DATA=1.665e-01
Invoked: SSBroyden1 approach!
[BFGS] batch=  98  call=  4793  total=2.081e-04  PDE=1.228e-04 [colloc=1.047e-04, cfd=1.809e-05]  WALL=3.642e-18  DATA=1.665e-01
  [PT] w_u=13.5113 w_v=39.5020 gamma=0.382 (tau_u=7.401e-02 tau_v=2.532e-02 |Du|=1.37e-02 |DRu|=6.38e-02)
[BFGS-END] batch=  98  last_total=2.098e-04  last_PDE=1.228e-04 [colloc=1.047e-04, cfd=1.809e-05]  last_WALL=3.642e-18  last_DATA=1.665e-01
/oscar/home/jchen790/cylinder flow lab/src/cfp40.py:1342: OptimizeWarning: Unknown solver options: hess, hessp, bounds, constraints, tol
  result = minimize(
Invoked: SSBroyden1 approach!
[BFGS] batch=  99  call=  4813  total=2.148e-04  PDE=1.268e-04 [colloc=1.075e-04, cfd=1.930e-05]  WALL=3.651e-18  DATA=1.666e-01
Invoked: SSBroyden1 approach!
[BFGS] batch=  99  call=  4814  total=2.135e-04  PDE=1.264e-04 [colloc=1.070e-04, cfd=1.932e-05]  WALL=3.650e-18  DATA=1.666e-01
Invoked: SSBroyden1 approach!
[BFGS] batch=  99  call=  4816  total=2.133e-04  PDE=1.259e-04 [colloc=1.066e-04, cfd=1.934e-05]  WALL=3.651e-18  DATA=1.666e-01
Invoked: SSBroyden1 approach!
[BFGS] batch=  99  call=  4823  total=2.127e-04  PDE=1.257e-04 [colloc=1.063e-04, cfd=1.935e-05]  WALL=3.656e-18  DATA=1.666e-01
Invoked: SSBroyden1 approach!
[BFGS] batch=  99  call=  4825  total=2.118e-04  PDE=1.255e-04 [colloc=1.062e-04, cfd=1.936e-05]  WALL=3.656e-18  DATA=1.666e-01
Invoked: SSBroyden1 approach!
[BFGS] batch=  99  call=  4827  total=2.118e-04  PDE=1.252e-04 [colloc=1.058e-04, cfd=1.936e-05]  WALL=3.660e-18  DATA=1.666e-01
  [PT] w_u=14.7537 w_v=43.3752 gamma=0.383 (tau_u=6.778e-02 tau_v=2.305e-02 |Du|=7.65e-03 |DRu|=4.38e-02)
[BFGS-END] batch=  99  last_total=2.132e-04  last_PDE=1.251e-04 [colloc=1.058e-04, cfd=1.936e-05]  last_WALL=3.660e-18  last_DATA=1.666e-01
/oscar/home/jchen790/cylinder flow lab/src/cfp40.py:1342: OptimizeWarning: Unknown solver options: hess, hessp, bounds, constraints, tol
  result = minimize(
Invoked: SSBroyden1 approach!
[BFGS] batch= 100  call=  4848  total=2.111e-04  PDE=1.242e-04 [colloc=1.054e-04, cfd=1.888e-05]  WALL=3.655e-18  DATA=1.665e-01
Invoked: SSBroyden1 approach!
[BFGS] batch= 100  call=  4849  total=2.102e-04  PDE=1.239e-04 [colloc=1.051e-04, cfd=1.882e-05]  WALL=3.660e-18  DATA=1.665e-01
Invoked: SSBroyden1 approach!
[BFGS] batch= 100  call=  4857  total=2.099e-04  PDE=1.238e-04 [colloc=1.050e-04, cfd=1.876e-05]  WALL=3.677e-18  DATA=1.666e-01
Invoked: SSBroyden1 approach!
[BFGS] batch= 100  call=  4864  total=2.095e-04  PDE=1.234e-04 [colloc=1.047e-04, cfd=1.878e-05]  WALL=3.684e-18  DATA=1.666e-01
  [PT] w_u=16.3271 w_v=47.9584 gamma=0.382 (tau_u=6.125e-02 tau_v=2.085e-02 |Du|=1.11e-02 |DRu|=1.38e-01)
[PT] batch= 100  w=3.2143e+01
[BFGS-END] batch= 100  last_total=2.106e-04  last_PDE=1.234e-04 [colloc=1.047e-04, cfd=1.878e-05]  last_WALL=3.684e-18  last_DATA=1.666e-01
/oscar/home/jchen790/cylinder flow lab/src/cfp40.py:1342: OptimizeWarning: Unknown solver options: hess, hessp, bounds, constraints, tol
  result = minimize(
Invoked: SSBroyden1 approach!
[BFGS] batch= 101  call=  4900  total=2.088e-04  PDE=1.226e-04 [colloc=1.025e-04, cfd=2.010e-05]  WALL=3.682e-18  DATA=1.666e-01
Invoked: SSBroyden1 approach!
[BFGS] batch= 101  call=  4901  total=2.084e-04  PDE=1.221e-04 [colloc=1.020e-04, cfd=2.014e-05]  WALL=3.685e-18  DATA=1.666e-01
Invoked: SSBroyden1 approach!
[BFGS] batch= 101  call=  4902  total=2.079e-04  PDE=1.216e-04 [colloc=1.015e-04, cfd=2.017e-05]  WALL=3.691e-18  DATA=1.666e-01
Invoked: SSBroyden1 approach!
[BFGS] batch= 101  call=  4903  total=2.063e-04  PDE=1.210e-04 [colloc=1.008e-04, cfd=2.017e-05]  WALL=3.706e-18  DATA=1.666e-01
Invoked: SSBroyden1 approach!
[BFGS] batch= 101  call=  4913  total=2.057e-04  PDE=1.205e-04 [colloc=1.003e-04, cfd=2.016e-05]  WALL=3.723e-18  DATA=1.666e-01
Invoked: SSBroyden1 approach!
[BFGS] batch= 101  call=  4914  total=2.049e-04  PDE=1.198e-04 [colloc=9.963e-05, cfd=2.018e-05]  WALL=3.727e-18  DATA=1.666e-01
Invoked: SSBroyden1 approach!
[BFGS] batch= 101  call=  4915  total=2.041e-04  PDE=1.191e-04 [colloc=9.895e-05, cfd=2.018e-05]  WALL=3.728e-18  DATA=1.666e-01
Invoked: SSBroyden1 approach!
[BFGS] batch= 101  call=  4916  total=2.036e-04  PDE=1.185e-04 [colloc=9.833e-05, cfd=2.019e-05]  WALL=3.722e-18  DATA=1.666e-01
Invoked: SSBroyden1 approach!
[BFGS] batch= 101  call=  4917  total=2.026e-04  PDE=1.179e-04 [colloc=9.764e-05, cfd=2.021e-05]  WALL=3.718e-18  DATA=1.666e-01
Invoked: SSBroyden1 approach!
[BFGS] batch= 101  call=  4918  total=2.013e-04  PDE=1.169e-04 [colloc=9.668e-05, cfd=2.025e-05]  WALL=3.707e-18  DATA=1.666e-01
Invoked: SSBroyden1 approach!
[BFGS] batch= 101  call=  4919  total=2.010e-04  PDE=1.165e-04 [colloc=9.619e-05, cfd=2.033e-05]  WALL=3.685e-18  DATA=1.666e-01
Invoked: SSBroyden1 approach!
[BFGS] batch= 101  call=  4920  total=1.998e-04  PDE=1.162e-04 [colloc=9.582e-05, cfd=2.034e-05]  WALL=3.685e-18  DATA=1.666e-01
Invoked: SSBroyden1 approach!
[BFGS] batch= 101  call=  4921  total=1.990e-04  PDE=1.152e-04 [colloc=9.480e-05, cfd=2.043e-05]  WALL=3.681e-18  DATA=1.666e-01
Invoked: SSBroyden1 approach!
[BFGS] batch= 101  call=  4922  total=1.975e-04  PDE=1.145e-04 [colloc=9.403e-05, cfd=2.047e-05]  WALL=3.692e-18  DATA=1.666e-01
Invoked: SSBroyden1 approach!
[BFGS] batch= 101  call=  4923  total=1.966e-04  PDE=1.138e-04 [colloc=9.326e-05, cfd=2.058e-05]  WALL=3.722e-18  DATA=1.666e-01
Invoked: SSBroyden1 approach!
[BFGS] batch= 101  call=  4924  total=1.966e-04  PDE=1.132e-04 [colloc=9.259e-05, cfd=2.065e-05]  WALL=3.727e-18  DATA=1.666e-01
  [PT] w_u=17.9919 w_v=52.9024 gamma=0.384 (tau_u=5.558e-02 tau_v=1.890e-02 |Du|=1.68e-02 |DRu|=1.54e-01)
[BFGS] batch 101: H0 not PD — resetting to identity.
[BFGS-END] batch= 101  last_total=1.966e-04  last_PDE=1.132e-04 [colloc=9.255e-05, cfd=2.065e-05]  last_WALL=3.727e-18  last_DATA=1.666e-01
/oscar/home/jchen790/cylinder flow lab/src/cfp40.py:1342: OptimizeWarning: Unknown solver options: hess, hessp, bounds, constraints, tol
  result = minimize(
Invoked: SSBroyden1 approach!
[BFGS] batch= 102  call=  4946  total=2.138e-04  PDE=1.259e-04 [colloc=1.071e-04, cfd=1.883e-05]  WALL=3.776e-18  DATA=1.666e-01
Invoked: SSBroyden1 approach!
[BFGS] batch= 102  call=  4948  total=2.109e-04  PDE=1.237e-04 [colloc=1.049e-04, cfd=1.883e-05]  WALL=3.805e-18  DATA=1.666e-01
Invoked: SSBroyden1 approach!
[BFGS] batch= 102  call=  4951  total=2.092e-04  PDE=1.236e-04 [colloc=1.048e-04, cfd=1.883e-05]  WALL=3.805e-18  DATA=1.666e-01
  [PT] w_u=18.7730 w_v=48.2964 gamma=0.387 (tau_u=5.327e-02 tau_v=2.071e-02 |Du|=6.03e-03 |DRu|=2.08e-02)
[BFGS-END] batch= 102  last_total=2.115e-04  last_PDE=1.236e-04 [colloc=1.048e-04, cfd=1.883e-05]  last_WALL=3.805e-18  last_DATA=1.666e-01
/oscar/home/jchen790/cylinder flow lab/src/cfp40.py:1342: OptimizeWarning: Unknown solver options: hess, hessp, bounds, constraints, tol
  result = minimize(
Invoked: SSBroyden1 approach!
[BFGS] batch= 103  call=  4972  total=2.249e-04  PDE=1.339e-04 [colloc=1.140e-04, cfd=1.993e-05]  WALL=3.804e-18  DATA=1.666e-01
Invoked: SSBroyden1 approach!
[BFGS] batch= 103  call=  4973  total=2.242e-04  PDE=1.335e-04 [colloc=1.136e-04, cfd=1.993e-05]  WALL=3.807e-18  DATA=1.666e-01
Invoked: SSBroyden1 approach!
[BFGS] batch= 103  call=  4974  total=2.240e-04  PDE=1.327e-04 [colloc=1.128e-04, cfd=1.992e-05]  WALL=3.804e-18  DATA=1.666e-01
Invoked: SSBroyden1 approach!
[BFGS] batch= 103  call=  4975  total=2.230e-04  PDE=1.326e-04 [colloc=1.126e-04, cfd=1.992e-05]  WALL=3.800e-18  DATA=1.666e-01
Invoked: SSBroyden1 approach!
[BFGS] batch= 103  call=  4977  total=2.229e-04  PDE=1.322e-04 [colloc=1.123e-04, cfd=1.992e-05]  WALL=3.801e-18  DATA=1.666e-01
Invoked: SSBroyden1 approach!
[BFGS] batch= 103  call=  4978  total=2.227e-04  PDE=1.321e-04 [colloc=1.122e-04, cfd=1.992e-05]  WALL=3.800e-18  DATA=1.666e-01
Invoked: SSBroyden1 approach!
[BFGS] batch= 103  call=  4979  total=2.221e-04  PDE=1.318e-04 [colloc=1.119e-04, cfd=1.991e-05]  WALL=3.797e-18  DATA=1.666e-01
Invoked: SSBroyden1 approach!
[BFGS] batch= 103  call=  4980  total=2.219e-04  PDE=1.312e-04 [colloc=1.113e-04, cfd=1.991e-05]  WALL=3.794e-18  DATA=1.666e-01
Invoked: SSBroyden1 approach!
[BFGS] batch= 103  call=  4981  total=2.213e-04  PDE=1.310e-04 [colloc=1.111e-04, cfd=1.991e-05]  WALL=3.794e-18  DATA=1.666e-01
Invoked: SSBroyden1 approach!
[BFGS] batch= 103  call=  4982  total=2.210e-04  PDE=1.304e-04 [colloc=1.105e-04, cfd=1.988e-05]  WALL=3.789e-18  DATA=1.666e-01
Invoked: SSBroyden1 approach!
[BFGS] batch= 103  call=  4983  total=2.210e-04  PDE=1.301e-04 [colloc=1.102e-04, cfd=1.987e-05]  WALL=3.785e-18  DATA=1.666e-01
Invoked: SSBroyden1 approach!
[BFGS] batch= 103  call=  4985  total=2.193e-04  PDE=1.299e-04 [colloc=1.100e-04, cfd=1.986e-05]  WALL=3.784e-18  DATA=1.666e-01
  [PT] w_u=20.7024 w_v=53.3669 gamma=0.388 (tau_u=4.830e-02 tau_v=1.874e-02 |Du|=7.64e-03 |DRu|=7.90e-02)
[BFGS-END] batch= 103  last_total=2.208e-04  last_PDE=1.299e-04 [colloc=1.100e-04, cfd=1.986e-05]  last_WALL=3.783e-18  last_DATA=1.666e-01
/oscar/home/jchen790/cylinder flow lab/src/cfp40.py:1342: OptimizeWarning: Unknown solver options: hess, hessp, bounds, constraints, tol
  result = minimize(
Invoked: SSBroyden1 approach!
[BFGS] batch= 104  call=  5007  total=2.241e-04  PDE=1.329e-04 [colloc=1.135e-04, cfd=1.947e-05]  WALL=3.779e-18  DATA=1.666e-01
Invoked: SSBroyden1 approach!
[BFGS] batch= 104  call=  5014  total=2.240e-04  PDE=1.326e-04 [colloc=1.132e-04, cfd=1.945e-05]  WALL=3.782e-18  DATA=1.666e-01
Invoked: SSBroyden1 approach!
[BFGS] batch= 104  call=  5015  total=2.238e-04  PDE=1.325e-04 [colloc=1.130e-04, cfd=1.945e-05]  WALL=3.783e-18  DATA=1.666e-01
Invoked: SSBroyden1 approach!
[BFGS] batch= 104  call=  5016  total=2.227e-04  PDE=1.323e-04 [colloc=1.128e-04, cfd=1.944e-05]  WALL=3.786e-18  DATA=1.666e-01
Invoked: SSBroyden1 approach!
[BFGS] batch= 104  call=  5018  total=2.227e-04  PDE=1.319e-04 [colloc=1.125e-04, cfd=1.943e-05]  WALL=3.790e-18  DATA=1.666e-01
  [PT] w_u=22.9591 w_v=58.9461 gamma=0.391 (tau_u=4.356e-02 tau_v=1.696e-02 |Du|=2.84e-03 |DRu|=6.18e-02)
[BFGS-END] batch= 104  last_total=2.232e-04  last_PDE=1.319e-04 [colloc=1.124e-04, cfd=1.943e-05]  last_WALL=3.790e-18  last_DATA=1.666e-01
/oscar/home/jchen790/cylinder flow lab/src/cfp40.py:1342: OptimizeWarning: Unknown solver options: hess, hessp, bounds, constraints, tol
  result = minimize(
Invoked: SSBroyden1 approach!
[BFGS] batch= 105  call=  5039  total=2.189e-04  PDE=1.295e-04 [colloc=1.099e-04, cfd=1.960e-05]  WALL=3.790e-18  DATA=1.666e-01
Invoked: SSBroyden1 approach!
[BFGS] batch= 105  call=  5040  total=2.188e-04  PDE=1.292e-04 [colloc=1.096e-04, cfd=1.961e-05]  WALL=3.790e-18  DATA=1.666e-01
Invoked: SSBroyden1 approach!
[BFGS] batch= 105  call=  5042  total=2.183e-04  PDE=1.289e-04 [colloc=1.093e-04, cfd=1.961e-05]  WALL=3.793e-18  DATA=1.666e-01
Invoked: SSBroyden1 approach!
[BFGS] batch= 105  call=  5043  total=2.174e-04  PDE=1.284e-04 [colloc=1.087e-04, cfd=1.963e-05]  WALL=3.799e-18  DATA=1.666e-01
Invoked: SSBroyden1 approach!
[BFGS] batch= 105  call=  5044  total=2.169e-04  PDE=1.276e-04 [colloc=1.079e-04, cfd=1.966e-05]  WALL=3.809e-18  DATA=1.666e-01
Invoked: SSBroyden1 approach!
[BFGS] batch= 105  call=  5045  total=2.165e-04  PDE=1.269e-04 [colloc=1.072e-04, cfd=1.971e-05]  WALL=3.816e-18  DATA=1.666e-01
Invoked: SSBroyden1 approach!
[BFGS] batch= 105  call=  5046  total=2.159e-04  PDE=1.266e-04 [colloc=1.069e-04, cfd=1.975e-05]  WALL=3.822e-18  DATA=1.666e-01
Invoked: SSBroyden1 approach!
[BFGS] batch= 105  call=  5047  total=2.143e-04  PDE=1.260e-04 [colloc=1.062e-04, cfd=1.980e-05]  WALL=3.830e-18  DATA=1.666e-01
Invoked: SSBroyden1 approach!
[BFGS] batch= 105  call=  5049  total=2.136e-04  PDE=1.254e-04 [colloc=1.056e-04, cfd=1.976e-05]  WALL=3.835e-18  DATA=1.666e-01
Invoked: SSBroyden1 approach!
[BFGS] batch= 105  call=  5050  total=2.126e-04  PDE=1.246e-04 [colloc=1.049e-04, cfd=1.972e-05]  WALL=3.843e-18  DATA=1.666e-01
Invoked: SSBroyden1 approach!
[BFGS] batch= 105  call=  5051  total=2.114e-04  PDE=1.236e-04 [colloc=1.038e-04, cfd=1.977e-05]  WALL=3.841e-18  DATA=1.666e-01
Invoked: SSBroyden1 approach!
[BFGS] batch= 105  call=  5052  total=2.100e-04  PDE=1.227e-04 [colloc=1.028e-04, cfd=1.990e-05]  WALL=3.832e-18  DATA=1.666e-01
Invoked: SSBroyden1 approach!
[BFGS] batch= 105  call=  5053  total=2.099e-04  PDE=1.220e-04 [colloc=1.018e-04, cfd=2.016e-05]  WALL=3.831e-18  DATA=1.666e-01
Invoked: SSBroyden1 approach!
[BFGS] batch= 105  call=  5055  total=2.077e-04  PDE=1.211e-04 [colloc=1.010e-04, cfd=2.013e-05]  WALL=3.828e-18  DATA=1.666e-01
Invoked: SSBroyden1 approach!
[BFGS] batch= 105  call=  5056  total=2.059e-04  PDE=1.200e-04 [colloc=1.001e-04, cfd=1.987e-05]  WALL=3.824e-18  DATA=1.666e-01
Invoked: SSBroyden1 approach!
[BFGS] batch= 105  call=  5057  total=2.044e-04  PDE=1.188e-04 [colloc=9.889e-05, cfd=1.995e-05]  WALL=3.818e-18  DATA=1.666e-01
Invoked: SSBroyden1 approach!
[BFGS] batch= 105  call=  5058  total=2.039e-04  PDE=1.184e-04 [colloc=9.831e-05, cfd=2.006e-05]  WALL=3.798e-18  DATA=1.666e-01
Invoked: SSBroyden1 approach!
[BFGS] batch= 105  call=  5059  total=2.029e-04  PDE=1.177e-04 [colloc=9.760e-05, cfd=2.009e-05]  WALL=3.800e-18  DATA=1.666e-01
Invoked: SSBroyden1 approach!
[BFGS] batch= 105  call=  5060  total=2.026e-04  PDE=1.167e-04 [colloc=9.673e-05, cfd=2.000e-05]  WALL=3.806e-18  DATA=1.666e-01
Invoked: SSBroyden1 approach!
[BFGS] batch= 105  call=  5061  total=2.016e-04  PDE=1.164e-04 [colloc=9.641e-05, cfd=1.996e-05]  WALL=3.807e-18  DATA=1.666e-01
Invoked: SSBroyden1 approach!
[BFGS] batch= 105  call=  5062  total=2.007e-04  PDE=1.157e-04 [colloc=9.588e-05, cfd=1.979e-05]  WALL=3.818e-18  DATA=1.666e-01
Invoked: SSBroyden1 approach!
[BFGS] batch= 105  call=  5063  total=1.990e-04  PDE=1.151e-04 [colloc=9.536e-05, cfd=1.970e-05]  WALL=3.825e-18  DATA=1.666e-01
Invoked: SSBroyden1 approach!
[BFGS] batch= 105  call=  5072  total=1.982e-04  PDE=1.144e-04 [colloc=9.480e-05, cfd=1.958e-05]  WALL=3.837e-18  DATA=1.666e-01
Invoked: SSBroyden1 approach!
[BFGS] batch= 105  call=  5073  total=1.978e-04  PDE=1.138e-04 [colloc=9.431e-05, cfd=1.946e-05]  WALL=3.841e-18  DATA=1.666e-01
Invoked: SSBroyden1 approach!
[BFGS] batch= 105  call=  5074  total=1.972e-04  PDE=1.133e-04 [colloc=9.393e-05, cfd=1.941e-05]  WALL=3.843e-18  DATA=1.666e-01
Invoked: SSBroyden1 approach!
[BFGS] batch= 105  call=  5075  total=1.971e-04  PDE=1.130e-04 [colloc=9.366e-05, cfd=1.938e-05]  WALL=3.842e-18  DATA=1.666e-01
Invoked: SSBroyden1 approach!
[BFGS] batch= 105  call=  5076  total=1.955e-04  PDE=1.128e-04 [colloc=9.347e-05, cfd=1.936e-05]  WALL=3.843e-18  DATA=1.666e-01
  [PT] w_u=25.2502 w_v=64.4763 gamma=0.391 (tau_u=3.960e-02 tau_v=1.551e-02 |Du|=1.49e-02 |DRu|=1.46e-01)
[BFGS] batch 105: H0 not PD — resetting to identity.
[BFGS-END] batch= 105  last_total=1.965e-04  last_PDE=1.128e-04 [colloc=9.347e-05, cfd=1.936e-05]  last_WALL=3.843e-18  last_DATA=1.666e-01
/oscar/home/jchen790/cylinder flow lab/src/cfp40.py:1342: OptimizeWarning: Unknown solver options: hess, hessp, bounds, constraints, tol
  result = minimize(
Invoked: SSBroyden1 approach!
[BFGS] batch= 106  call=  5098  total=2.202e-04  PDE=1.299e-04 [colloc=1.099e-04, cfd=1.997e-05]  WALL=3.891e-18  DATA=1.666e-01
Invoked: SSBroyden1 approach!
[BFGS] batch= 106  call=  5099  total=2.178e-04  PDE=1.275e-04 [colloc=1.075e-04, cfd=1.997e-05]  WALL=3.953e-18  DATA=1.666e-01
Invoked: SSBroyden1 approach!
[BFGS] batch= 106  call=  5101  total=2.165e-04  PDE=1.271e-04 [colloc=1.071e-04, cfd=1.998e-05]  WALL=3.957e-18  DATA=1.666e-01
Invoked: SSBroyden1 approach!
[BFGS] batch= 106  call=  5110  total=2.163e-04  PDE=1.266e-04 [colloc=1.067e-04, cfd=1.998e-05]  WALL=3.960e-18  DATA=1.666e-01
Invoked: SSBroyden1 approach!
[BFGS] batch= 106  call=  5111  total=2.148e-04  PDE=1.264e-04 [colloc=1.064e-04, cfd=1.998e-05]  WALL=3.961e-18  DATA=1.666e-01
Invoked: SSBroyden1 approach!
[BFGS] batch= 106  call=  5113  total=2.144e-04  PDE=1.259e-04 [colloc=1.059e-04, cfd=1.997e-05]  WALL=3.952e-18  DATA=1.665e-01
Invoked: SSBroyden1 approach!
[BFGS] batch= 106  call=  5114  total=2.142e-04  PDE=1.255e-04 [colloc=1.056e-04, cfd=1.997e-05]  WALL=3.949e-18  DATA=1.666e-01
Invoked: SSBroyden1 approach!
[BFGS] batch= 106  call=  5115  total=2.140e-04  PDE=1.253e-04 [colloc=1.053e-04, cfd=1.997e-05]  WALL=3.948e-18  DATA=1.666e-01
Invoked: SSBroyden1 approach!
[BFGS] batch= 106  call=  5116  total=2.132e-04  PDE=1.250e-04 [colloc=1.051e-04, cfd=1.997e-05]  WALL=3.948e-18  DATA=1.666e-01
Invoked: SSBroyden1 approach!
[BFGS] batch= 106  call=  5118  total=2.125e-04  PDE=1.247e-04 [colloc=1.047e-04, cfd=1.997e-05]  WALL=3.945e-18  DATA=1.666e-01
Invoked: SSBroyden1 approach!
[BFGS] batch= 106  call=  5126  total=2.120e-04  PDE=1.241e-04 [colloc=1.042e-04, cfd=1.998e-05]  WALL=3.944e-18  DATA=1.666e-01
Invoked: SSBroyden1 approach!
[BFGS] batch= 106  call=  5127  total=2.119e-04  PDE=1.239e-04 [colloc=1.040e-04, cfd=1.999e-05]  WALL=3.945e-18  DATA=1.665e-01
  [PT] w_u=24.2059 w_v=49.6961 gamma=0.392 (tau_u=4.131e-02 tau_v=2.012e-02 |Du|=9.92e-03 |DRu|=2.61e-02)
[BFGS-END] batch= 106  last_total=2.130e-04  last_PDE=1.239e-04 [colloc=1.039e-04, cfd=1.999e-05]  last_WALL=3.945e-18  last_DATA=1.665e-01
/oscar/home/jchen790/cylinder flow lab/src/cfp40.py:1342: OptimizeWarning: Unknown solver options: hess, hessp, bounds, constraints, tol
  result = minimize(
Invoked: SSBroyden1 approach!
[BFGS] batch= 107  call=  5147  total=2.317e-04  PDE=1.380e-04 [colloc=1.193e-04, cfd=1.866e-05]  WALL=3.945e-18  DATA=1.666e-01
Invoked: SSBroyden1 approach!
[BFGS] batch= 107  call=  5159  total=2.312e-04  PDE=1.378e-04 [colloc=1.192e-04, cfd=1.865e-05]  WALL=3.945e-18  DATA=1.666e-01
  [PT] w_u=26.5486 w_v=54.2805 gamma=0.396 (tau_u=3.767e-02 tau_v=1.842e-02 |Du|=2.50e-03 |DRu|=2.26e-02)
[BFGS-END] batch= 107  last_total=2.324e-04  last_PDE=1.378e-04 [colloc=1.192e-04, cfd=1.865e-05]  last_WALL=3.945e-18  last_DATA=1.666e-01
/oscar/home/jchen790/cylinder flow lab/src/cfp40.py:1342: OptimizeWarning: Unknown solver options: hess, hessp, bounds, constraints, tol
  result = minimize(
Invoked: SSBroyden1 approach!
[BFGS] batch= 108  call=  5181  total=2.300e-04  PDE=1.362e-04 [colloc=1.171e-04, cfd=1.909e-05]  WALL=3.944e-18  DATA=1.666e-01
Invoked: SSBroyden1 approach!
[BFGS] batch= 108  call=  5183  total=2.283e-04  PDE=1.360e-04 [colloc=1.169e-04, cfd=1.908e-05]  WALL=3.941e-18  DATA=1.666e-01
  [PT] w_u=28.6385 w_v=59.4515 gamma=0.393 (tau_u=3.492e-02 tau_v=1.682e-02 |Du|=3.96e-03 |DRu|=2.46e-02)
[BFGS-END] batch= 108  last_total=2.290e-04  last_PDE=1.360e-04 [colloc=1.169e-04, cfd=1.908e-05]  last_WALL=3.941e-18  last_DATA=1.666e-01
/oscar/home/jchen790/cylinder flow lab/src/cfp40.py:1342: OptimizeWarning: Unknown solver options: hess, hessp, bounds, constraints, tol
  result = minimize(
Invoked: SSBroyden1 approach!
[BFGS] batch= 109  call=  5205  total=2.224e-04  PDE=1.312e-04 [colloc=1.122e-04, cfd=1.905e-05]  WALL=3.937e-18  DATA=1.666e-01
Invoked: SSBroyden1 approach!
[BFGS] batch= 109  call=  5206  total=2.222e-04  PDE=1.307e-04 [colloc=1.116e-04, cfd=1.906e-05]  WALL=3.934e-18  DATA=1.666e-01
Invoked: SSBroyden1 approach!
[BFGS] batch= 109  call=  5207  total=2.220e-04  PDE=1.305e-04 [colloc=1.115e-04, cfd=1.906e-05]  WALL=3.934e-18  DATA=1.666e-01
Invoked: SSBroyden1 approach!
[BFGS] batch= 109  call=  5208  total=2.215e-04  PDE=1.302e-04 [colloc=1.111e-04, cfd=1.906e-05]  WALL=3.935e-18  DATA=1.666e-01
Invoked: SSBroyden1 approach!
[BFGS] batch= 109  call=  5209  total=2.207e-04  PDE=1.297e-04 [colloc=1.106e-04, cfd=1.906e-05]  WALL=3.937e-18  DATA=1.666e-01
Invoked: SSBroyden1 approach!
[BFGS] batch= 109  call=  5210  total=2.205e-04  PDE=1.293e-04 [colloc=1.102e-04, cfd=1.907e-05]  WALL=3.936e-18  DATA=1.666e-01
Invoked: SSBroyden1 approach!
[BFGS] batch= 109  call=  5211  total=2.200e-04  PDE=1.290e-04 [colloc=1.099e-04, cfd=1.907e-05]  WALL=3.936e-18  DATA=1.666e-01
Invoked: SSBroyden1 approach!
[BFGS] batch= 109  call=  5212  total=2.193e-04  PDE=1.287e-04 [colloc=1.096e-04, cfd=1.907e-05]  WALL=3.929e-18  DATA=1.666e-01
Invoked: SSBroyden1 approach!
[BFGS] batch= 109  call=  5214  total=2.191e-04  PDE=1.284e-04 [colloc=1.093e-04, cfd=1.907e-05]  WALL=3.928e-18  DATA=1.666e-01
Invoked: SSBroyden1 approach!
[BFGS] batch= 109  call=  5215  total=2.186e-04  PDE=1.281e-04 [colloc=1.091e-04, cfd=1.907e-05]  WALL=3.926e-18  DATA=1.666e-01
Invoked: SSBroyden1 approach!
[BFGS] batch= 109  call=  5217  total=2.185e-04  PDE=1.280e-04 [colloc=1.090e-04, cfd=1.907e-05]  WALL=3.925e-18  DATA=1.666e-01
  [PT] w_u=30.0527 w_v=63.9280 gamma=0.388 (tau_u=3.327e-02 tau_v=1.564e-02 |Du|=6.33e-03 |DRu|=2.90e-02)
[BFGS] batch 109: H0 not PD — resetting to identity.
[BFGS-END] batch= 109  last_total=2.196e-04  last_PDE=1.280e-04 [colloc=1.089e-04, cfd=1.907e-05]  last_WALL=3.925e-18  last_DATA=1.666e-01
/oscar/home/jchen790/cylinder flow lab/src/cfp40.py:1342: OptimizeWarning: Unknown solver options: hess, hessp, bounds, constraints, tol
  result = minimize(
Invoked: SSBroyden1 approach!
[BFGS] batch= 110  call=  5237  total=2.221e-04  PDE=1.298e-04 [colloc=1.105e-04, cfd=1.936e-05]  WALL=3.964e-18  DATA=1.666e-01
Invoked: SSBroyden1 approach!
[BFGS] batch= 110  call=  5238  total=2.178e-04  PDE=1.275e-04 [colloc=1.081e-04, cfd=1.937e-05]  WALL=4.008e-18  DATA=1.666e-01
Invoked: SSBroyden1 approach!
[BFGS] batch= 110  call=  5240  total=2.174e-04  PDE=1.271e-04 [colloc=1.078e-04, cfd=1.937e-05]  WALL=4.013e-18  DATA=1.666e-01
Invoked: SSBroyden1 approach!
[BFGS] batch= 110  call=  5249  total=2.173e-04  PDE=1.268e-04 [colloc=1.074e-04, cfd=1.937e-05]  WALL=4.015e-18  DATA=1.666e-01
Invoked: SSBroyden1 approach!
[BFGS] batch= 110  call=  5251  total=2.158e-04  PDE=1.262e-04 [colloc=1.068e-04, cfd=1.937e-05]  WALL=4.017e-18  DATA=1.666e-01
Invoked: SSBroyden1 approach!
[BFGS] batch= 110  call=  5253  total=2.150e-04  PDE=1.258e-04 [colloc=1.064e-04, cfd=1.937e-05]  WALL=4.014e-18  DATA=1.666e-01
Invoked: SSBroyden1 approach!
[BFGS] batch= 110  call=  5255  total=2.148e-04  PDE=1.255e-04 [colloc=1.062e-04, cfd=1.937e-05]  WALL=4.010e-18  DATA=1.665e-01
  [PT] w_u=26.1719 w_v=48.1339 gamma=0.390 (tau_u=3.821e-02 tau_v=2.078e-02 |Du|=6.44e-03 |DRu|=1.40e-02)
[PT] batch= 110  w=3.7153e+01
[BFGS-END] batch= 110  last_total=2.153e-04  last_PDE=1.255e-04 [colloc=1.062e-04, cfd=1.937e-05]  last_WALL=4.010e-18  last_DATA=1.665e-01
/oscar/home/jchen790/cylinder flow lab/src/cfp40.py:1342: OptimizeWarning: Unknown solver options: hess, hessp, bounds, constraints, tol
  result = minimize(
Invoked: SSBroyden1 approach!
[BFGS] batch= 111  call=  5275  total=2.272e-04  PDE=1.336e-04 [colloc=1.148e-04, cfd=1.881e-05]  WALL=4.006e-18  DATA=1.665e-01
Invoked: SSBroyden1 approach!
[BFGS] batch= 111  call=  5276  total=2.261e-04  PDE=1.332e-04 [colloc=1.144e-04, cfd=1.881e-05]  WALL=4.005e-18  DATA=1.666e-01
Invoked: SSBroyden1 approach!
[BFGS] batch= 111  call=  5277  total=2.251e-04  PDE=1.323e-04 [colloc=1.135e-04, cfd=1.882e-05]  WALL=3.993e-18  DATA=1.666e-01
Invoked: SSBroyden1 approach!
[BFGS] batch= 111  call=  5278  total=2.240e-04  PDE=1.318e-04 [colloc=1.129e-04, cfd=1.884e-05]  WALL=3.987e-18  DATA=1.666e-01
Invoked: SSBroyden1 approach!
[BFGS] batch= 111  call=  5287  total=2.238e-04  PDE=1.316e-04 [colloc=1.128e-04, cfd=1.885e-05]  WALL=3.987e-18  DATA=1.666e-01
Invoked: SSBroyden1 approach!
[BFGS] batch= 111  call=  5294  total=2.237e-04  PDE=1.313e-04 [colloc=1.125e-04, cfd=1.885e-05]  WALL=3.985e-18  DATA=1.666e-01
Invoked: SSBroyden1 approach!
[BFGS] batch= 111  call=  5295  total=2.233e-04  PDE=1.313e-04 [colloc=1.124e-04, cfd=1.885e-05]  WALL=3.984e-18  DATA=1.666e-01
Invoked: SSBroyden1 approach!
[BFGS] batch= 111  call=  5296  total=2.225e-04  PDE=1.308e-04 [colloc=1.119e-04, cfd=1.887e-05]  WALL=3.976e-18  DATA=1.666e-01
Invoked: SSBroyden1 approach!
[BFGS] batch= 111  call=  5306  total=2.225e-04  PDE=1.307e-04 [colloc=1.118e-04, cfd=1.887e-05]  WALL=3.975e-18  DATA=1.666e-01
  [PT] w_u=28.8991 w_v=53.1170 gamma=0.389 (tau_u=3.460e-02 tau_v=1.883e-02 |Du|=6.79e-03 |DRu|=9.13e-02)
[BFGS-END] batch= 111  last_total=2.227e-04  last_PDE=1.307e-04 [colloc=1.118e-04, cfd=1.887e-05]  last_WALL=3.975e-18  last_DATA=1.666e-01
/oscar/home/jchen790/cylinder flow lab/src/cfp40.py:1342: OptimizeWarning: Unknown solver options: hess, hessp, bounds, constraints, tol
  result = minimize(
Invoked: SSBroyden1 approach!
[BFGS] batch= 112  call=  5326  total=2.268e-04  PDE=1.341e-04 [colloc=1.140e-04, cfd=2.012e-05]  WALL=3.976e-18  DATA=1.666e-01
  [PT] w_u=30.6401 w_v=50.5210 gamma=0.391 (tau_u=3.264e-02 tau_v=1.979e-02 |Du|=2.02e-03 |DRu|=1.03e-02)
[BFGS-END] batch= 112  last_total=2.280e-04  last_PDE=1.341e-04 [colloc=1.140e-04, cfd=2.012e-05]  last_WALL=3.976e-18  last_DATA=1.666e-01
/oscar/home/jchen790/cylinder flow lab/src/cfp40.py:1342: OptimizeWarning: Unknown solver options: hess, hessp, bounds, constraints, tol
  result = minimize(
Invoked: SSBroyden1 approach!
[BFGS] batch= 113  call=  5345  total=2.218e-04  PDE=1.306e-04 [colloc=1.112e-04, cfd=1.936e-05]  WALL=3.979e-18  DATA=1.666e-01
  [PT] w_u=33.6264 w_v=52.4977 gamma=0.387 (tau_u=2.974e-02 tau_v=1.905e-02 |Du|=2.01e-03 |DRu|=2.07e-02)
[BFGS-END] batch= 113  last_total=2.215e-04  last_PDE=1.306e-04 [colloc=1.112e-04, cfd=1.936e-05]  last_WALL=3.979e-18  last_DATA=1.666e-01
/oscar/home/jchen790/cylinder flow lab/src/cfp40.py:1342: OptimizeWarning: Unknown solver options: hess, hessp, bounds, constraints, tol
  result = minimize(
Invoked: SSBroyden1 approach!
[BFGS] batch= 114  call=  5367  total=2.242e-04  PDE=1.315e-04 [colloc=1.122e-04, cfd=1.938e-05]  WALL=3.982e-18  DATA=1.666e-01
  [PT] w_u=36.7797 w_v=55.1865 gamma=0.389 (tau_u=2.719e-02 tau_v=1.812e-02 |Du|=5.12e-03 |DRu|=4.90e-02)
[BFGS-END] batch= 114  last_total=2.246e-04  last_PDE=1.316e-04 [colloc=1.122e-04, cfd=1.943e-05]  last_WALL=3.983e-18  last_DATA=1.666e-01
/oscar/home/jchen790/cylinder flow lab/src/cfp40.py:1342: OptimizeWarning: Unknown solver options: hess, hessp, bounds, constraints, tol
  result = minimize(
Invoked: SSBroyden1 approach!
[BFGS] batch= 115  call=  5384  total=2.236e-04  PDE=1.308e-04 [colloc=1.117e-04, cfd=1.915e-05]  WALL=3.980e-18  DATA=1.666e-01
Invoked: SSBroyden1 approach!
[BFGS] batch= 115  call=  5386  total=2.228e-04  PDE=1.302e-04 [colloc=1.111e-04, cfd=1.915e-05]  WALL=3.979e-18  DATA=1.666e-01
Invoked: SSBroyden1 approach!
[BFGS] batch= 115  call=  5387  total=2.220e-04  PDE=1.296e-04 [colloc=1.104e-04, cfd=1.923e-05]  WALL=3.981e-18  DATA=1.666e-01
Invoked: SSBroyden1 approach!
[BFGS] batch= 115  call=  5388  total=2.214e-04  PDE=1.292e-04 [colloc=1.099e-04, cfd=1.934e-05]  WALL=3.983e-18  DATA=1.666e-01
Invoked: SSBroyden1 approach!
[BFGS] batch= 115  call=  5389  total=2.214e-04  PDE=1.287e-04 [colloc=1.093e-04, cfd=1.944e-05]  WALL=3.985e-18  DATA=1.666e-01
  [PT] w_u=40.6097 w_v=60.3065 gamma=0.387 (tau_u=2.462e-02 tau_v=1.658e-02 |Du|=4.21e-03 |DRu|=6.66e-02)
[BFGS] batch 115: H0 not PD — resetting to identity.
[BFGS-END] batch= 115  last_total=2.212e-04  last_PDE=1.287e-04 [colloc=1.093e-04, cfd=1.944e-05]  last_WALL=3.985e-18  last_DATA=1.666e-01
/oscar/home/jchen790/cylinder flow lab/src/cfp40.py:1342: OptimizeWarning: Unknown solver options: hess, hessp, bounds, constraints, tol
  result = minimize(
Invoked: SSBroyden1 approach!
[BFGS] batch= 116  call=  5411  total=2.229e-04  PDE=1.307e-04 [colloc=1.109e-04, cfd=1.986e-05]  WALL=4.013e-18  DATA=1.666e-01
Invoked: SSBroyden1 approach!
[BFGS] batch= 116  call=  5412  total=2.206e-04  PDE=1.283e-04 [colloc=1.085e-04, cfd=1.986e-05]  WALL=4.037e-18  DATA=1.666e-01
Invoked: SSBroyden1 approach!
[BFGS] batch= 116  call=  5413  total=2.189e-04  PDE=1.278e-04 [colloc=1.079e-04, cfd=1.986e-05]  WALL=4.063e-18  DATA=1.666e-01
Invoked: SSBroyden1 approach!
[BFGS] batch= 116  call=  5415  total=2.187e-04  PDE=1.275e-04 [colloc=1.076e-04, cfd=1.985e-05]  WALL=4.063e-18  DATA=1.666e-01
Invoked: SSBroyden1 approach!
[BFGS] batch= 116  call=  5416  total=2.185e-04  PDE=1.273e-04 [colloc=1.074e-04, cfd=1.985e-05]  WALL=4.064e-18  DATA=1.666e-01
  [PT] w_u=29.1663 w_v=49.0004 gamma=0.389 (tau_u=3.429e-02 tau_v=2.041e-02 |Du|=6.71e-03 |DRu|=1.20e-02)
[BFGS-END] batch= 116  last_total=2.186e-04  last_PDE=1.273e-04 [colloc=1.074e-04, cfd=1.985e-05]  last_WALL=4.064e-18  last_DATA=1.666e-01
/oscar/home/jchen790/cylinder flow lab/src/cfp40.py:1342: OptimizeWarning: Unknown solver options: hess, hessp, bounds, constraints, tol
  result = minimize(
Invoked: SSBroyden1 approach!
[BFGS] batch= 117  call=  5437  total=2.274e-04  PDE=1.334e-04 [colloc=1.132e-04, cfd=2.021e-05]  WALL=4.067e-18  DATA=1.666e-01
Invoked: SSBroyden1 approach!
[BFGS] batch= 117  call=  5439  total=2.265e-04  PDE=1.330e-04 [colloc=1.128e-04, cfd=2.016e-05]  WALL=4.055e-18  DATA=1.666e-01
Invoked: SSBroyden1 approach!
[BFGS] batch= 117  call=  5440  total=2.260e-04  PDE=1.322e-04 [colloc=1.121e-04, cfd=2.010e-05]  WALL=4.049e-18  DATA=1.666e-01
Invoked: SSBroyden1 approach!
[BFGS] batch= 117  call=  5449  total=2.240e-04  PDE=1.317e-04 [colloc=1.116e-04, cfd=2.005e-05]  WALL=4.043e-18  DATA=1.666e-01
Invoked: SSBroyden1 approach!
[BFGS] batch= 117  call=  5458  total=2.232e-04  PDE=1.310e-04 [colloc=1.109e-04, cfd=2.002e-05]  WALL=4.041e-18  DATA=1.666e-01
  [PT] w_u=32.1526 w_v=53.0164 gamma=0.388 (tau_u=3.110e-02 tau_v=1.886e-02 |Du|=6.37e-03 |DRu|=8.03e-02)
[BFGS-END] batch= 117  last_total=2.237e-04  last_PDE=1.309e-04 [colloc=1.109e-04, cfd=2.002e-05]  last_WALL=4.041e-18  last_DATA=1.666e-01
/oscar/home/jchen790/cylinder flow lab/src/cfp40.py:1342: OptimizeWarning: Unknown solver options: hess, hessp, bounds, constraints, tol
  result = minimize(
Invoked: SSBroyden1 approach!
[BFGS] batch= 118  call=  5479  total=2.260e-04  PDE=1.328e-04 [colloc=1.123e-04, cfd=2.052e-05]  WALL=4.039e-18  DATA=1.666e-01
Invoked: SSBroyden1 approach!
[BFGS] batch= 118  call=  5481  total=2.259e-04  PDE=1.323e-04 [colloc=1.118e-04, cfd=2.053e-05]  WALL=4.035e-18  DATA=1.666e-01
Invoked: SSBroyden1 approach!
[BFGS] batch= 118  call=  5488  total=2.256e-04  PDE=1.321e-04 [colloc=1.116e-04, cfd=2.053e-05]  WALL=4.035e-18  DATA=1.666e-01
Invoked: SSBroyden1 approach!
[BFGS] batch= 118  call=  5489  total=2.248e-04  PDE=1.318e-04 [colloc=1.112e-04, cfd=2.054e-05]  WALL=4.034e-18  DATA=1.666e-01
Invoked: SSBroyden1 approach!
[BFGS] batch= 118  call=  5491  total=2.238e-04  PDE=1.316e-04 [colloc=1.110e-04, cfd=2.054e-05]  WALL=4.034e-18  DATA=1.666e-01
Invoked: SSBroyden1 approach!
[BFGS] batch= 118  call=  5492  total=2.235e-04  PDE=1.309e-04 [colloc=1.103e-04, cfd=2.061e-05]  WALL=4.025e-18  DATA=1.666e-01
  [PT] w_u=34.6602 w_v=56.7846 gamma=0.388 (tau_u=2.885e-02 tau_v=1.761e-02 |Du|=4.62e-03 |DRu|=3.11e-02)
[BFGS-END] batch= 118  last_total=2.249e-04  last_PDE=1.309e-04 [colloc=1.103e-04, cfd=2.061e-05]  last_WALL=4.026e-18  last_DATA=1.666e-01
/oscar/home/jchen790/cylinder flow lab/src/cfp40.py:1342: OptimizeWarning: Unknown solver options: hess, hessp, bounds, constraints, tol
  result = minimize(
  [PT] w_u=23.9508 w_v=37.7040 gamma=0.386 (tau_u=4.175e-02 tau_v=2.652e-02 |Du|=1.32e-04 |DRu|=1.80e-04)
[BFGS-END] batch= 119  last_total=2.226e-04  last_PDE=1.298e-04 [colloc=1.108e-04, cfd=1.903e-05]  last_WALL=4.026e-18  last_DATA=1.666e-01
/oscar/home/jchen790/cylinder flow lab/src/cfp40.py:1342: OptimizeWarning: Unknown solver options: hess, hessp, bounds, constraints, tol
  result = minimize(
  [PT] w_u=25.5447 w_v=38.8200 gamma=0.390 (tau_u=3.915e-02 tau_v=2.576e-02 |Du|=1.16e-04 |DRu|=5.68e-04)
[PT] batch= 120  w=3.2182e+01
[BFGS-END] batch= 120  last_total=2.268e-04  last_PDE=1.326e-04 [colloc=1.137e-04, cfd=1.887e-05]  last_WALL=4.026e-18  last_DATA=1.666e-01
/oscar/home/jchen790/cylinder flow lab/src/cfp40.py:1342: OptimizeWarning: Unknown solver options: hess, hessp, bounds, constraints, tol
  result = minimize(
Invoked: SSBroyden1 approach!
[BFGS] batch= 121  call=  5555  total=2.313e-04  PDE=1.356e-04 [colloc=1.164e-04, cfd=1.915e-05]  WALL=4.027e-18  DATA=1.666e-01
Invoked: SSBroyden1 approach!
[BFGS] batch= 121  call=  5556  total=2.302e-04  PDE=1.353e-04 [colloc=1.162e-04, cfd=1.915e-05]  WALL=4.025e-18  DATA=1.666e-01
Invoked: SSBroyden1 approach!
[BFGS] batch= 121  call=  5558  total=2.301e-04  PDE=1.350e-04 [colloc=1.158e-04, cfd=1.917e-05]  WALL=4.022e-18  DATA=1.666e-01
Invoked: SSBroyden1 approach!
[BFGS] batch= 121  call=  5559  total=2.300e-04  PDE=1.348e-04 [colloc=1.156e-04, cfd=1.917e-05]  WALL=4.021e-18  DATA=1.666e-01
  [PT] w_u=28.3270 w_v=43.0356 gamma=0.392 (tau_u=3.530e-02 tau_v=2.324e-02 |Du|=3.08e-03 |DRu|=7.30e-02)
[BFGS-END] batch= 121  last_total=2.296e-04  last_PDE=1.347e-04 [colloc=1.155e-04, cfd=1.918e-05]  last_WALL=4.020e-18  last_DATA=1.666e-01
/oscar/home/jchen790/cylinder flow lab/src/cfp40.py:1342: OptimizeWarning: Unknown solver options: hess, hessp, bounds, constraints, tol
  result = minimize(
Invoked: SSBroyden1 approach!
[BFGS] batch= 122  call=  5582  total=2.246e-04  PDE=1.311e-04 [colloc=1.116e-04, cfd=1.945e-05]  WALL=4.021e-18  DATA=1.666e-01
Invoked: SSBroyden1 approach!
[BFGS] batch= 122  call=  5583  total=2.246e-04  PDE=1.306e-04 [colloc=1.112e-04, cfd=1.947e-05]  WALL=4.021e-18  DATA=1.666e-01
Invoked: SSBroyden1 approach!
[BFGS] batch= 122  call=  5586  total=2.238e-04  PDE=1.304e-04 [colloc=1.108e-04, cfd=1.951e-05]  WALL=4.020e-18  DATA=1.666e-01
Invoked: SSBroyden1 approach!
[BFGS] batch= 122  call=  5589  total=2.234e-04  PDE=1.302e-04 [colloc=1.107e-04, cfd=1.952e-05]  WALL=4.020e-18  DATA=1.666e-01
  [PT] w_u=31.3037 w_v=46.7998 gamma=0.388 (tau_u=3.195e-02 tau_v=2.137e-02 |Du|=2.81e-03 |DRu|=4.21e-02)
[BFGS-END] batch= 122  last_total=2.234e-04  last_PDE=1.302e-04 [colloc=1.107e-04, cfd=1.952e-05]  last_WALL=4.020e-18  last_DATA=1.666e-01
/oscar/home/jchen790/cylinder flow lab/src/cfp40.py:1342: OptimizeWarning: Unknown solver options: hess, hessp, bounds, constraints, tol
  result = minimize(
Invoked: SSBroyden1 approach!
[BFGS] batch= 123  call=  5611  total=2.271e-04  PDE=1.328e-04 [colloc=1.134e-04, cfd=1.939e-05]  WALL=4.020e-18  DATA=1.666e-01
Invoked: SSBroyden1 approach!
[BFGS] batch= 123  call=  5612  total=2.261e-04  PDE=1.326e-04 [colloc=1.132e-04, cfd=1.939e-05]  WALL=4.020e-18  DATA=1.666e-01
  [PT] w_u=33.9625 w_v=49.9051 gamma=0.389 (tau_u=2.944e-02 tau_v=2.004e-02 |Du|=9.47e-04 |DRu|=7.09e-03)
[BFGS-END] batch= 123  last_total=2.276e-04  last_PDE=1.326e-04 [colloc=1.132e-04, cfd=1.939e-05]  last_WALL=4.020e-18  last_DATA=1.666e-01
/oscar/home/jchen790/cylinder flow lab/src/cfp40.py:1342: OptimizeWarning: Unknown solver options: hess, hessp, bounds, constraints, tol
  result = minimize(
Invoked: SSBroyden1 approach!
[BFGS] batch= 124  call=  5646  total=2.266e-04  PDE=1.324e-04 [colloc=1.127e-04, cfd=1.977e-05]  WALL=4.020e-18  DATA=1.666e-01
  [PT] w_u=34.8653 w_v=51.7179 gamma=0.389 (tau_u=2.868e-02 tau_v=1.934e-02 |Du|=2.43e-04 |DRu|=1.02e-03)
[BFGS-END] batch= 124  last_total=2.274e-04  last_PDE=1.324e-04 [colloc=1.127e-04, cfd=1.977e-05]  last_WALL=4.020e-18  last_DATA=1.666e-01
/oscar/home/jchen790/cylinder flow lab/src/cfp40.py:1342: OptimizeWarning: Unknown solver options: hess, hessp, bounds, constraints, tol
  result = minimize(
Invoked: SSBroyden1 approach!
[BFGS] batch= 125  call=  5667  total=2.283e-04  PDE=1.334e-04 [colloc=1.141e-04, cfd=1.931e-05]  WALL=4.028e-18  DATA=1.666e-01
Invoked: SSBroyden1 approach!
[BFGS] batch= 125  call=  5668  total=2.282e-04  PDE=1.331e-04 [colloc=1.138e-04, cfd=1.931e-05]  WALL=4.029e-18  DATA=1.666e-01
Invoked: SSBroyden1 approach!
[BFGS] batch= 125  call=  5670  total=2.265e-04  PDE=1.324e-04 [colloc=1.131e-04, cfd=1.932e-05]  WALL=4.029e-18  DATA=1.666e-01
Invoked: SSBroyden1 approach!
[BFGS] batch= 125  call=  5671  total=2.259e-04  PDE=1.318e-04 [colloc=1.124e-04, cfd=1.939e-05]  WALL=4.037e-18  DATA=1.666e-01
Invoked: SSBroyden1 approach!
[BFGS] batch= 125  call=  5672  total=2.249e-04  PDE=1.311e-04 [colloc=1.117e-04, cfd=1.943e-05]  WALL=4.047e-18  DATA=1.666e-01
Invoked: SSBroyden1 approach!
[BFGS] batch= 125  call=  5673  total=2.242e-04  PDE=1.306e-04 [colloc=1.111e-04, cfd=1.948e-05]  WALL=4.052e-18  DATA=1.666e-01
Invoked: SSBroyden1 approach!
[BFGS] batch= 125  call=  5674  total=2.237e-04  PDE=1.298e-04 [colloc=1.102e-04, cfd=1.955e-05]  WALL=4.056e-18  DATA=1.666e-01
Invoked: SSBroyden1 approach!
[BFGS] batch= 125  call=  5675  total=2.234e-04  PDE=1.292e-04 [colloc=1.096e-04, cfd=1.959e-05]  WALL=4.060e-18  DATA=1.666e-01
Invoked: SSBroyden1 approach!
[BFGS] batch= 125  call=  5676  total=2.228e-04  PDE=1.288e-04 [colloc=1.092e-04, cfd=1.962e-05]  WALL=4.061e-18  DATA=1.666e-01
Invoked: SSBroyden1 approach!
[BFGS] batch= 125  call=  5677  total=2.210e-04  PDE=1.281e-04 [colloc=1.085e-04, cfd=1.965e-05]  WALL=4.062e-18  DATA=1.666e-01
Invoked: SSBroyden1 approach!
[BFGS] batch= 125  call=  5678  total=2.199e-04  PDE=1.273e-04 [colloc=1.076e-04, cfd=1.969e-05]  WALL=4.067e-18  DATA=1.666e-01
Invoked: SSBroyden1 approach!
[BFGS] batch= 125  call=  5679  total=2.192e-04  PDE=1.261e-04 [colloc=1.065e-04, cfd=1.969e-05]  WALL=4.058e-18  DATA=1.666e-01
Invoked: SSBroyden1 approach!
[BFGS] batch= 125  call=  5680  total=2.175e-04  PDE=1.254e-04 [colloc=1.057e-04, cfd=1.966e-05]  WALL=4.054e-18  DATA=1.666e-01
Invoked: SSBroyden1 approach!
[BFGS] batch= 125  call=  5681  total=2.167e-04  PDE=1.245e-04 [colloc=1.047e-04, cfd=1.973e-05]  WALL=4.039e-18  DATA=1.666e-01
Invoked: SSBroyden1 approach!
[BFGS] batch= 125  call=  5682  total=2.157e-04  PDE=1.236e-04 [colloc=1.039e-04, cfd=1.973e-05]  WALL=4.035e-18  DATA=1.666e-01
Invoked: SSBroyden1 approach!
[BFGS] batch= 125  call=  5683  total=2.137e-04  PDE=1.228e-04 [colloc=1.030e-04, cfd=1.978e-05]  WALL=4.025e-18  DATA=1.666e-01
Invoked: SSBroyden1 approach!
[BFGS] batch= 125  call=  5685  total=2.135e-04  PDE=1.223e-04 [colloc=1.026e-04, cfd=1.976e-05]  WALL=4.021e-18  DATA=1.666e-01
Invoked: SSBroyden1 approach!
[BFGS] batch= 125  call=  5686  total=2.132e-04  PDE=1.221e-04 [colloc=1.023e-04, cfd=1.976e-05]  WALL=4.021e-18  DATA=1.666e-01
Invoked: SSBroyden1 approach!
[BFGS] batch= 125  call=  5695  total=2.128e-04  PDE=1.219e-04 [colloc=1.021e-04, cfd=1.975e-05]  WALL=4.020e-18  DATA=1.666e-01
Invoked: SSBroyden1 approach!
[BFGS] batch= 125  call=  5696  total=2.115e-04  PDE=1.214e-04 [colloc=1.017e-04, cfd=1.971e-05]  WALL=4.019e-18  DATA=1.666e-01
Invoked: SSBroyden1 approach!
[BFGS] batch= 125  call=  5697  total=2.114e-04  PDE=1.203e-04 [colloc=1.006e-04, cfd=1.966e-05]  WALL=4.031e-18  DATA=1.666e-01
Invoked: SSBroyden1 approach!
[BFGS] batch= 125  call=  5699  total=2.110e-04  PDE=1.199e-04 [colloc=1.002e-04, cfd=1.965e-05]  WALL=4.033e-18  DATA=1.666e-01
Invoked: SSBroyden1 approach!
[BFGS] batch= 125  call=  5700  total=2.096e-04  PDE=1.195e-04 [colloc=9.987e-05, cfd=1.961e-05]  WALL=4.037e-18  DATA=1.666e-01
Invoked: SSBroyden1 approach!
[BFGS] batch= 125  call=  5702  total=2.095e-04  PDE=1.190e-04 [colloc=9.948e-05, cfd=1.953e-05]  WALL=4.044e-18  DATA=1.666e-01
Invoked: SSBroyden1 approach!
[BFGS] batch= 125  call=  5703  total=2.095e-04  PDE=1.189e-04 [colloc=9.936e-05, cfd=1.950e-05]  WALL=4.045e-18  DATA=1.666e-01
Invoked: SSBroyden1 approach!
[BFGS] batch= 125  call=  5705  total=2.092e-04  PDE=1.186e-04 [colloc=9.914e-05, cfd=1.946e-05]  WALL=4.045e-18  DATA=1.666e-01
Invoked: SSBroyden1 approach!
[BFGS] batch= 125  call=  5715  total=2.076e-04  PDE=1.183e-04 [colloc=9.891e-05, cfd=1.942e-05]  WALL=4.044e-18  DATA=1.666e-01
Invoked: SSBroyden1 approach!
[BFGS] batch= 125  call=  5717  total=2.067e-04  PDE=1.177e-04 [colloc=9.836e-05, cfd=1.930e-05]  WALL=4.046e-18  DATA=1.666e-01
  [PT] w_u=38.5437 w_v=57.2623 gamma=0.390 (tau_u=2.594e-02 tau_v=1.746e-02 |Du|=1.09e-02 |DRu|=1.88e-01)
[BFGS] batch 125: H0 not PD — resetting to identity.
[BFGS-END] batch= 125  last_total=2.066e-04  last_PDE=1.177e-04 [colloc=9.835e-05, cfd=1.930e-05]  last_WALL=4.046e-18  last_DATA=1.666e-01
/oscar/home/jchen790/cylinder flow lab/src/cfp40.py:1342: OptimizeWarning: Unknown solver options: hess, hessp, bounds, constraints, tol
  result = minimize(
Invoked: SSBroyden1 approach!
[BFGS] batch= 126  call=  5738  total=2.211e-04  PDE=1.279e-04 [colloc=1.083e-04, cfd=1.961e-05]  WALL=4.075e-18  DATA=1.666e-01
Invoked: SSBroyden1 approach!
[BFGS] batch= 126  call=  5741  total=2.210e-04  PDE=1.276e-04 [colloc=1.080e-04, cfd=1.961e-05]  WALL=4.079e-18  DATA=1.666e-01
Invoked: SSBroyden1 approach!
[BFGS] batch= 126  call=  5742  total=2.210e-04  PDE=1.275e-04 [colloc=1.079e-04, cfd=1.961e-05]  WALL=4.081e-18  DATA=1.666e-01
Invoked: SSBroyden1 approach!
[BFGS] batch= 126  call=  5744  total=2.205e-04  PDE=1.273e-04 [colloc=1.077e-04, cfd=1.961e-05]  WALL=4.081e-18  DATA=1.666e-01
Invoked: SSBroyden1 approach!
[BFGS] batch= 126  call=  5745  total=2.199e-04  PDE=1.269e-04 [colloc=1.073e-04, cfd=1.961e-05]  WALL=4.075e-18  DATA=1.666e-01
Invoked: SSBroyden1 approach!
[BFGS] batch= 126  call=  5746  total=2.184e-04  PDE=1.264e-04 [colloc=1.068e-04, cfd=1.961e-05]  WALL=4.075e-18  DATA=1.666e-01
  [PT] w_u=36.9268 w_v=51.0438 gamma=0.386 (tau_u=2.708e-02 tau_v=1.959e-02 |Du|=3.77e-03 |DRu|=1.21e-02)
[BFGS-END] batch= 126  last_total=2.195e-04  last_PDE=1.264e-04 [colloc=1.068e-04, cfd=1.961e-05]  last_WALL=4.075e-18  last_DATA=1.666e-01
/oscar/home/jchen790/cylinder flow lab/src/cfp40.py:1342: OptimizeWarning: Unknown solver options: hess, hessp, bounds, constraints, tol
  result = minimize(
Invoked: SSBroyden1 approach!
[BFGS] batch= 127  call=  5768  total=2.246e-04  PDE=1.302e-04 [colloc=1.100e-04, cfd=2.019e-05]  WALL=4.073e-18  DATA=1.666e-01
Invoked: SSBroyden1 approach!
[BFGS] batch= 127  call=  5769  total=2.240e-04  PDE=1.298e-04 [colloc=1.096e-04, cfd=2.018e-05]  WALL=4.073e-18  DATA=1.666e-01
Invoked: SSBroyden1 approach!
[BFGS] batch= 127  call=  5778  total=2.232e-04  PDE=1.297e-04 [colloc=1.095e-04, cfd=2.018e-05]  WALL=4.073e-18  DATA=1.666e-01
  [PT] w_u=30.6396 w_v=41.3248 gamma=0.385 (tau_u=3.264e-02 tau_v=2.420e-02 |Du|=3.59e-03 |DRu|=7.75e-03)
[BFGS-END] batch= 127  last_total=2.244e-04  last_PDE=1.297e-04 [colloc=1.095e-04, cfd=2.018e-05]  last_WALL=4.073e-18  last_DATA=1.666e-01
/oscar/home/jchen790/cylinder flow lab/src/cfp40.py:1342: OptimizeWarning: Unknown solver options: hess, hessp, bounds, constraints, tol
  result = minimize(
  [PT] w_u=30.0147 w_v=44.1029 gamma=0.389 (tau_u=3.332e-02 tau_v=2.267e-02 |Du|=1.15e-04 |DRu|=3.48e-04)
[BFGS-END] batch= 128  last_total=2.285e-04  last_PDE=1.320e-04 [colloc=1.129e-04, cfd=1.916e-05]  last_WALL=4.072e-18  last_DATA=1.666e-01
/oscar/home/jchen790/cylinder flow lab/src/cfp40.py:1342: OptimizeWarning: Unknown solver options: hess, hessp, bounds, constraints, tol
  result = minimize(
Invoked: SSBroyden1 approach!
[BFGS] batch= 129  call=  5818  total=2.328e-04  PDE=1.358e-04 [colloc=1.153e-04, cfd=2.054e-05]  WALL=4.076e-18  DATA=1.666e-01
Invoked: SSBroyden1 approach!
[BFGS] batch= 129  call=  5819  total=2.327e-04  PDE=1.353e-04 [colloc=1.147e-04, cfd=2.055e-05]  WALL=4.066e-18  DATA=1.666e-01
Invoked: SSBroyden1 approach!
[BFGS] batch= 129  call=  5828  total=2.312e-04  PDE=1.351e-04 [colloc=1.146e-04, cfd=2.055e-05]  WALL=4.066e-18  DATA=1.666e-01
Invoked: SSBroyden1 approach!
[BFGS] batch= 129  call=  5837  total=2.303e-04  PDE=1.346e-04 [colloc=1.140e-04, cfd=2.058e-05]  WALL=4.064e-18  DATA=1.666e-01
Invoked: SSBroyden1 approach!
[BFGS] batch= 129  call=  5838  total=2.298e-04  PDE=1.340e-04 [colloc=1.134e-04, cfd=2.062e-05]  WALL=4.049e-18  DATA=1.666e-01
  [PT] w_u=33.1344 w_v=48.7164 gamma=0.390 (tau_u=3.018e-02 tau_v=2.053e-02 |Du|=6.02e-03 |DRu|=8.53e-02)
[BFGS-END] batch= 129  last_total=2.316e-04  last_PDE=1.340e-04 [colloc=1.134e-04, cfd=2.062e-05]  last_WALL=4.049e-18  last_DATA=1.666e-01
/oscar/home/jchen790/cylinder flow lab/src/cfp40.py:1342: OptimizeWarning: Unknown solver options: hess, hessp, bounds, constraints, tol
  result = minimize(
Invoked: SSBroyden1 approach!
[BFGS] batch= 130  call=  5873  total=2.243e-04  PDE=1.300e-04 [colloc=1.103e-04, cfd=1.974e-05]  WALL=4.046e-18  DATA=1.666e-01
Invoked: SSBroyden1 approach!
[BFGS] batch= 130  call=  5881  total=2.243e-04  PDE=1.298e-04 [colloc=1.101e-04, cfd=1.973e-05]  WALL=4.047e-18  DATA=1.666e-01
  [PT] w_u=35.9092 w_v=49.6260 gamma=0.386 (tau_u=2.785e-02 tau_v=2.015e-02 |Du|=2.10e-03 |DRu|=1.58e-02)
[PT] batch= 130  w=4.2768e+01
[BFGS-END] batch= 130  last_total=2.244e-04  last_PDE=1.298e-04 [colloc=1.100e-04, cfd=1.972e-05]  last_WALL=4.047e-18  last_DATA=1.666e-01
/oscar/home/jchen790/cylinder flow lab/src/cfp40.py:1342: OptimizeWarning: Unknown solver options: hess, hessp, bounds, constraints, tol
  result = minimize(
  [PT] w_u=31.4476 w_v=40.8181 gamma=0.383 (tau_u=3.180e-02 tau_v=2.450e-02 |Du|=1.25e-04 |DRu|=2.82e-04)
[BFGS-END] batch= 131  last_total=2.248e-04  last_PDE=1.293e-04 [colloc=1.085e-04, cfd=2.077e-05]  last_WALL=4.047e-18  last_DATA=1.666e-01
/oscar/home/jchen790/cylinder flow lab/src/cfp40.py:1342: OptimizeWarning: Unknown solver options: hess, hessp, bounds, constraints, tol
  result = minimize(
Invoked: SSBroyden1 approach!
[BFGS] batch= 132  call=  5922  total=2.244e-04  PDE=1.294e-04 [colloc=1.104e-04, cfd=1.903e-05]  WALL=4.044e-18  DATA=1.666e-01
Invoked: SSBroyden1 approach!
[BFGS] batch= 132  call=  5923  total=2.241e-04  PDE=1.291e-04 [colloc=1.101e-04, cfd=1.903e-05]  WALL=4.037e-18  DATA=1.666e-01
Invoked: SSBroyden1 approach!
[BFGS] batch= 132  call=  5924  total=2.236e-04  PDE=1.288e-04 [colloc=1.098e-04, cfd=1.903e-05]  WALL=4.036e-18  DATA=1.666e-01
Invoked: SSBroyden1 approach!
[BFGS] batch= 132  call=  5925  total=2.231e-04  PDE=1.284e-04 [colloc=1.094e-04, cfd=1.904e-05]  WALL=4.031e-18  DATA=1.666e-01
Invoked: SSBroyden1 approach!
[BFGS] batch= 132  call=  5933  total=2.221e-04  PDE=1.280e-04 [colloc=1.090e-04, cfd=1.906e-05]  WALL=4.029e-18  DATA=1.666e-01
Invoked: SSBroyden1 approach!
[BFGS] batch= 132  call=  5941  total=2.219e-04  PDE=1.277e-04 [colloc=1.086e-04, cfd=1.908e-05]  WALL=4.023e-18  DATA=1.666e-01
Invoked: SSBroyden1 approach!
[BFGS] batch= 132  call=  5942  total=2.212e-04  PDE=1.274e-04 [colloc=1.083e-04, cfd=1.909e-05]  WALL=4.021e-18  DATA=1.666e-01
Invoked: SSBroyden1 approach!
[BFGS] batch= 132  call=  5944  total=2.206e-04  PDE=1.273e-04 [colloc=1.082e-04, cfd=1.909e-05]  WALL=4.019e-18  DATA=1.666e-01
  [PT] w_u=34.8248 w_v=45.2895 gamma=0.385 (tau_u=2.872e-02 tau_v=2.208e-02 |Du|=6.82e-03 |DRu|=1.37e-01)
[BFGS-END] batch= 132  last_total=2.217e-04  last_PDE=1.273e-04 [colloc=1.082e-04, cfd=1.909e-05]  last_WALL=4.019e-18  last_DATA=1.666e-01
/oscar/home/jchen790/cylinder flow lab/src/cfp40.py:1342: OptimizeWarning: Unknown solver options: hess, hessp, bounds, constraints, tol
  result = minimize(
Invoked: SSBroyden1 approach!
[BFGS] batch= 133  call=  5965  total=2.257e-04  PDE=1.306e-04 [colloc=1.107e-04, cfd=1.985e-05]  WALL=4.022e-18  DATA=1.666e-01
Invoked: SSBroyden1 approach!
[BFGS] batch= 133  call=  5967  total=2.246e-04  PDE=1.302e-04 [colloc=1.104e-04, cfd=1.986e-05]  WALL=4.024e-18  DATA=1.666e-01
  [PT] w_u=38.3294 w_v=49.8570 gamma=0.386 (tau_u=2.609e-02 tau_v=2.006e-02 |Du|=2.48e-03 |DRu|=3.10e-02)
[BFGS-END] batch= 133  last_total=2.246e-04  last_PDE=1.302e-04 [colloc=1.103e-04, cfd=1.986e-05]  last_WALL=4.024e-18  last_DATA=1.666e-01
/oscar/home/jchen790/cylinder flow lab/src/cfp40.py:1342: OptimizeWarning: Unknown solver options: hess, hessp, bounds, constraints, tol
  result = minimize(
Invoked: SSBroyden1 approach!
[BFGS] batch= 134  call=  5988  total=2.227e-04  PDE=1.283e-04 [colloc=1.082e-04, cfd=2.010e-05]  WALL=4.025e-18  DATA=1.666e-01
Invoked: SSBroyden1 approach!
[BFGS] batch= 134  call=  5997  total=2.224e-04  PDE=1.278e-04 [colloc=1.077e-04, cfd=2.011e-05]  WALL=4.031e-18  DATA=1.666e-01
Invoked: SSBroyden1 approach!
[BFGS] batch= 134  call=  5998  total=2.219e-04  PDE=1.274e-04 [colloc=1.073e-04, cfd=2.010e-05]  WALL=4.032e-18  DATA=1.666e-01
Invoked: SSBroyden1 approach!
[BFGS] batch= 134  call=  5999  total=2.217e-04  PDE=1.270e-04 [colloc=1.069e-04, cfd=2.008e-05]  WALL=4.036e-18  DATA=1.666e-01
Invoked: SSBroyden1 approach!
[BFGS] batch= 134  call=  6000  total=2.205e-04  PDE=1.266e-04 [colloc=1.065e-04, cfd=2.007e-05]  WALL=4.038e-18  DATA=1.666e-01
Invoked: SSBroyden1 approach!
[BFGS] batch= 134  call=  6001  total=2.199e-04  PDE=1.256e-04 [colloc=1.056e-04, cfd=2.004e-05]  WALL=4.061e-18  DATA=1.666e-01
Invoked: SSBroyden1 approach!
[BFGS] batch= 134  call=  6002  total=2.179e-04  PDE=1.251e-04 [colloc=1.050e-04, cfd=2.004e-05]  WALL=4.070e-18  DATA=1.666e-01
  [PT] w_u=42.5285 w_v=55.3349 gamma=0.391 (tau_u=2.351e-02 tau_v=1.807e-02 |Du|=7.91e-03 |DRu|=2.72e-01)
[BFGS] batch 134: H0 not PD — resetting to identity.
[BFGS-END] batch= 134  last_total=2.197e-04  last_PDE=1.251e-04 [colloc=1.050e-04, cfd=2.004e-05]  last_WALL=4.070e-18  last_DATA=1.666e-01
[BFGS] done. total_calls=6021  best_loss=1.272261e-04
[train] Saved -> ../runs/ablation/pt/checkpoints/pinn_Re40_single.pt
[viz] loaded ../runs/ablation/pt/checkpoints/pinn_Re40_single.pt

============================================================
ABSOLUTE error on CFD point cloud (target: ~1e-4 ~ 1e-5)
============================================================
  points used           : 4869
  speed magnitude (mean): 7.0030e-01
  mae_u                 : 2.7715e-01
  mae_v                 : 8.3986e-02
  rmse_u                : 3.8070e-01
  rmse_v                : 1.4716e-01
  max |eu|              : 1.0708e+00
  max |ev|              : 6.3120e-01
  rel_l2_u              : 4.7026e-01
  rel_l2_v              : 1.1622e+00

[viz] saved ../runs/ablation/pt/viz/re40_single_vorticity.png
[viz] saved ../runs/ablation/pt/viz/re40_single_speed.png
[done] cell 'pt' finished -> ../runs/ablation/pt/checkpoints/pinn_Re40_single.pt
