## SLURM PROLOG ###############################################################
##    Job ID : 4183264
##  Job Name : pinn_re40_sweep
##  Nodelist : gpu3005
##      CPUs : 
##  Mem/Node : 102400 MB
## Directory : /oscar/home/jchen790/cylinder flow lab
##   Job Started : Wed Jul 22 04:04:14 PM EDT 2026
###############################################################################
############################################################
# sweep cell 'data2000_noPT'   N=2000  PT=0
#   flags: --n-data-fixed 2000
############################################################
[OK] _optimize._minimize_bfgs loaded — SSBroyden / SSBFGS variants available
Loaded Re40.vtk  cells=8234  (pressure=pMean)
Model: width=96, depth=5, params=38018
Loss weights: adaptive during Adam, frozen during BFGS
Cylinder no-slip: enforced hard through stream-function lifting
CFD-aware PDE residual: n_cfd_pde=8000, lambda_pde_cfd=1.0
[data] anchor uses 2000 random CFD points (fresh each Adam epoch; one frozen set during BFGS)
[mem ] params=38018  H0 (NxN float64) = 10.77 GB  available ~ 100.0 GB
============================================================
Phase 1 — Adam (2000 epochs)
Goal: match CFD while improving PDE and enforcing wall no-slip exactly
============================================================
[Adam] ep=   20  total=4.355e+00  PDE=2.510e-01 [colloc=2.471e-01, cfd=3.906e-03] (w=2.155)  IN=6.383e-01 (w=1.274)  TB=7.900e-01 (w=1.345)  WALL=8.525e-15 (w=0.200)  OUT=6.655e-02 (w=0.603)  DATA=4.443e-01 (w=4.271)  DATA_P=0.000e+00 (w=1.000)
[Adam] ep=   40  total=2.107e+00  PDE=1.636e-01 [colloc=1.471e-01, cfd=1.647e-02] (w=1.598)  IN=2.175e-01 (w=1.325)  TB=4.438e-01 (w=1.623)  WALL=1.459e-15 (w=0.200)  OUT=8.159e-03 (w=0.384)  DATA=1.808e-01 (w=4.611)  DATA_P=0.000e+00 (w=1.000)
[Adam] ep=   60  total=6.764e-01  PDE=9.694e-02 [colloc=8.625e-02, cfd=1.069e-02] (w=2.080)  IN=3.627e-02 (w=1.076)  TB=1.211e-01 (w=1.625)  WALL=7.429e-16 (w=0.200)  OUT=8.012e-03 (w=0.342)  DATA=5.477e-02 (w=4.313)  DATA_P=0.000e+00 (w=1.000)
[Adam] ep=   80  total=6.724e-01  PDE=1.527e-01 [colloc=1.455e-01, cfd=7.198e-03] (w=2.767)  IN=2.670e-02 (w=0.871)  TB=5.035e-02 (w=1.314)  WALL=1.162e-15 (w=0.200)  OUT=2.094e-03 (w=0.258)  DATA=3.913e-02 (w=4.092)  DATA_P=0.000e+00 (w=1.000)
[Adam] ep=  100  total=5.883e-01  PDE=1.221e-01 [colloc=1.167e-01, cfd=5.389e-03] (w=2.937)  IN=2.641e-02 (w=0.864)  TB=4.124e-02 (w=1.131)  WALL=1.205e-15 (w=0.200)  OUT=2.212e-03 (w=0.244)  DATA=3.839e-02 (w=4.162)  DATA_P=0.000e+00 (w=1.000)
[Adam] ep=  120  total=4.864e-01  PDE=9.094e-02 [colloc=8.670e-02, cfd=4.234e-03] (w=2.909)  IN=2.730e-02 (w=0.906)  TB=3.853e-02 (w=1.098)  WALL=1.054e-15 (w=0.200)  OUT=2.246e-03 (w=0.257)  DATA=3.599e-02 (w=4.286)  DATA_P=0.000e+00 (w=1.000)
[Adam] ep=  140  total=4.101e-01  PDE=6.741e-02 [colloc=6.364e-02, cfd=3.776e-03] (w=2.885)  IN=2.895e-02 (w=0.946)  TB=3.553e-02 (w=1.079)  WALL=8.655e-16 (w=0.200)  OUT=2.265e-03 (w=0.267)  DATA=3.451e-02 (w=4.324)  DATA_P=0.000e+00 (w=1.000)
[Adam] ep=  160  total=3.835e-01  PDE=6.398e-02 [colloc=6.044e-02, cfd=3.541e-03] (w=2.915)  IN=2.955e-02 (w=0.967)  TB=3.183e-02 (w=1.043)  WALL=8.847e-16 (w=0.200)  OUT=2.128e-03 (w=0.268)  DATA=3.167e-02 (w=4.253)  DATA_P=0.000e+00 (w=1.000)
[Adam] ep=  180  total=4.573e-01  PDE=8.818e-02 [colloc=8.491e-02, cfd=3.265e-03] (w=2.918)  IN=2.922e-02 (w=0.988)  TB=2.903e-02 (w=1.014)  WALL=1.342e-15 (w=0.200)  OUT=1.835e-03 (w=0.261)  DATA=3.301e-02 (w=4.278)  DATA_P=0.000e+00 (w=1.000)
[Adam] ep=  200  total=4.622e-01  PDE=9.558e-02 [colloc=9.239e-02, cfd=3.186e-03] (w=2.903)  IN=2.826e-02 (w=1.017)  TB=2.824e-02 (w=1.009)  WALL=1.477e-15 (w=0.200)  OUT=1.837e-03 (w=0.258)  DATA=2.981e-02 (w=4.262)  DATA_P=0.000e+00 (w=1.000)
[Adam] ep=  220  total=4.307e-01  PDE=8.582e-02 [colloc=8.288e-02, cfd=2.933e-03] (w=2.893)  IN=2.877e-02 (w=1.031)  TB=2.641e-02 (w=1.004)  WALL=1.477e-15 (w=0.200)  OUT=1.625e-03 (w=0.253)  DATA=2.940e-02 (w=4.281)  DATA_P=0.000e+00 (w=1.000)
[Adam] ep=  240  total=3.985e-01  PDE=7.641e-02 [colloc=7.353e-02, cfd=2.883e-03] (w=2.894)  IN=2.756e-02 (w=1.040)  TB=2.482e-02 (w=0.996)  WALL=1.223e-15 (w=0.200)  OUT=1.462e-03 (w=0.246)  DATA=2.889e-02 (w=4.279)  DATA_P=0.000e+00 (w=1.000)
[Adam] ep=  260  total=3.582e-01  PDE=6.723e-02 [colloc=6.455e-02, cfd=2.682e-03] (w=2.899)  IN=2.672e-02 (w=1.049)  TB=2.334e-02 (w=0.977)  WALL=1.222e-15 (w=0.200)  OUT=1.298e-03 (w=0.237)  DATA=2.609e-02 (w=4.298)  DATA_P=0.000e+00 (w=1.000)
[Adam] ep=  280  total=3.268e-01  PDE=5.697e-02 [colloc=5.449e-02, cfd=2.481e-03] (w=2.914)  IN=2.699e-02 (w=1.049)  TB=2.156e-02 (w=0.959)  WALL=9.949e-16 (w=0.200)  OUT=1.114e-03 (w=0.225)  DATA=2.594e-02 (w=4.300)  DATA_P=0.000e+00 (w=1.000)
[Adam] ep=  300  total=3.329e-01  PDE=5.915e-02 [colloc=5.662e-02, cfd=2.528e-03] (w=2.926)  IN=2.458e-02 (w=1.039)  TB=2.070e-02 (w=0.942)  WALL=9.582e-16 (w=0.200)  OUT=1.083e-03 (w=0.218)  DATA=2.639e-02 (w=4.342)  DATA_P=0.000e+00 (w=1.000)
[Adam] ep=  320  total=3.219e-01  PDE=5.838e-02 [colloc=5.597e-02, cfd=2.412e-03] (w=2.933)  IN=2.516e-02 (w=1.042)  TB=1.942e-02 (w=0.927)  WALL=9.326e-16 (w=0.200)  OUT=9.153e-04 (w=0.212)  DATA=2.437e-02 (w=4.359)  DATA_P=0.000e+00 (w=1.000)
[Adam] ep=  340  total=3.033e-01  PDE=5.067e-02 [colloc=4.836e-02, cfd=2.311e-03] (w=2.918)  IN=2.466e-02 (w=1.049)  TB=1.887e-02 (w=0.933)  WALL=8.864e-16 (w=0.200)  OUT=8.689e-04 (w=0.204)  DATA=2.546e-02 (w=4.391)  DATA_P=0.000e+00 (w=1.000)
[Adam] ep=  360  total=3.012e-01  PDE=4.961e-02 [colloc=4.743e-02, cfd=2.187e-03] (w=2.941)  IN=2.278e-02 (w=1.031)  TB=1.782e-02 (w=0.914)  WALL=1.011e-15 (w=0.200)  OUT=7.821e-04 (w=0.200)  DATA=2.613e-02 (w=4.414)  DATA_P=0.000e+00 (w=1.000)
[Adam] ep=  380  total=3.000e-01  PDE=5.289e-02 [colloc=5.073e-02, cfd=2.165e-03] (w=2.939)  IN=2.207e-02 (w=1.029)  TB=1.773e-02 (w=0.912)  WALL=8.528e-16 (w=0.200)  OUT=7.511e-04 (w=0.200)  DATA=2.374e-02 (w=4.443)  DATA_P=0.000e+00 (w=1.000)
[Adam] ep=  400  total=2.812e-01  PDE=4.609e-02 [colloc=4.387e-02, cfd=2.223e-03] (w=2.948)  IN=2.173e-02 (w=1.020)  TB=1.666e-02 (w=0.904)  WALL=8.081e-16 (w=0.200)  OUT=6.522e-04 (w=0.200)  DATA=2.419e-02 (w=4.464)  DATA_P=0.000e+00 (w=1.000)
[Adam] ep=  420  total=2.846e-01  PDE=4.830e-02 [colloc=4.610e-02, cfd=2.205e-03] (w=2.951)  IN=2.133e-02 (w=1.014)  TB=1.611e-02 (w=0.899)  WALL=8.706e-16 (w=0.200)  OUT=6.653e-04 (w=0.200)  DATA=2.356e-02 (w=4.493)  DATA_P=0.000e+00 (w=1.000)
[Adam] ep=  440  total=2.862e-01  PDE=4.760e-02 [colloc=4.531e-02, cfd=2.291e-03] (w=2.948)  IN=2.120e-02 (w=1.017)  TB=1.557e-02 (w=0.896)  WALL=8.559e-16 (w=0.200)  OUT=6.029e-04 (w=0.200)  DATA=2.445e-02 (w=4.510)  DATA_P=0.000e+00 (w=1.000)
[Adam] ep=  460  total=2.715e-01  PDE=4.709e-02 [colloc=4.498e-02, cfd=2.106e-03] (w=2.951)  IN=1.869e-02 (w=1.004)  TB=1.499e-02 (w=0.886)  WALL=9.813e-16 (w=0.200)  OUT=5.391e-04 (w=0.200)  DATA=2.195e-02 (w=4.573)  DATA_P=0.000e+00 (w=1.000)
[Adam] ep=  480  total=2.812e-01  PDE=4.649e-02 [colloc=4.448e-02, cfd=2.015e-03] (w=2.951)  IN=1.878e-02 (w=1.007)  TB=1.424e-02 (w=0.887)  WALL=6.895e-16 (w=0.200)  OUT=4.830e-04 (w=0.200)  DATA=2.464e-02 (w=4.564)  DATA_P=0.000e+00 (w=1.000)
[Adam] ep=  500  total=2.683e-01  PDE=4.285e-02 [colloc=4.089e-02, cfd=1.967e-03] (w=2.954)  IN=1.857e-02 (w=1.000)  TB=1.377e-02 (w=0.876)  WALL=7.357e-16 (w=0.200)  OUT=4.650e-04 (w=0.200)  DATA=2.409e-02 (w=4.609)  DATA_P=0.000e+00 (w=1.000)
[Adam] ep=  520  total=2.742e-01  PDE=4.771e-02 [colloc=4.538e-02, cfd=2.330e-03] (w=2.954)  IN=1.685e-02 (w=0.997)  TB=1.288e-02 (w=0.864)  WALL=8.604e-16 (w=0.200)  OUT=4.795e-04 (w=0.200)  DATA=2.262e-02 (w=4.654)  DATA_P=0.000e+00 (w=1.000)
[Adam] ep=  540  total=2.627e-01  PDE=4.373e-02 [colloc=4.157e-02, cfd=2.158e-03] (w=2.976)  IN=1.690e-02 (w=0.984)  TB=1.199e-02 (w=0.850)  WALL=6.693e-16 (w=0.200)  OUT=4.230e-04 (w=0.200)  DATA=2.276e-02 (w=4.641)  DATA_P=0.000e+00 (w=1.000)
[Adam] ep=  560  total=2.629e-01  PDE=4.630e-02 [colloc=4.423e-02, cfd=2.067e-03] (w=2.970)  IN=1.548e-02 (w=0.986)  TB=1.192e-02 (w=0.846)  WALL=8.502e-16 (w=0.200)  OUT=4.253e-04 (w=0.200)  DATA=2.138e-02 (w=4.672)  DATA_P=0.000e+00 (w=1.000)
[Adam] ep=  580  total=2.744e-01  PDE=4.735e-02 [colloc=4.514e-02, cfd=2.208e-03] (w=2.966)  IN=1.570e-02 (w=0.981)  TB=1.147e-02 (w=0.843)  WALL=8.112e-16 (w=0.200)  OUT=3.894e-04 (w=0.200)  DATA=2.307e-02 (w=4.717)  DATA_P=0.000e+00 (w=1.000)
[Adam] ep=  600  total=2.986e-01  PDE=6.167e-02 [colloc=5.947e-02, cfd=2.199e-03] (w=2.985)  IN=1.406e-02 (w=0.977)  TB=1.101e-02 (w=0.838)  WALL=1.186e-15 (w=0.200)  OUT=4.121e-04 (w=0.200)  DATA=1.964e-02 (w=4.660)  DATA_P=0.000e+00 (w=1.000)
[Adam] ep=  620  total=2.746e-01  PDE=5.099e-02 [colloc=4.880e-02, cfd=2.185e-03] (w=2.946)  IN=1.543e-02 (w=0.990)  TB=1.078e-02 (w=0.841)  WALL=8.252e-16 (w=0.200)  OUT=3.915e-04 (w=0.200)  DATA=2.089e-02 (w=4.785)  DATA_P=0.000e+00 (w=1.000)
[Adam] ep=  640  total=2.671e-01  PDE=4.971e-02 [colloc=4.770e-02, cfd=2.011e-03] (w=2.970)  IN=1.485e-02 (w=0.978)  TB=1.032e-02 (w=0.831)  WALL=8.196e-16 (w=0.200)  OUT=3.673e-04 (w=0.200)  DATA=2.030e-02 (w=4.745)  DATA_P=0.000e+00 (w=1.000)
[Adam] ep=  660  total=2.799e-01  PDE=5.408e-02 [colloc=5.204e-02, cfd=2.038e-03] (w=2.961)  IN=1.342e-02 (w=0.978)  TB=9.658e-03 (w=0.822)  WALL=1.003e-15 (w=0.200)  OUT=3.727e-04 (w=0.200)  DATA=2.052e-02 (w=4.808)  DATA_P=0.000e+00 (w=1.000)
[Adam] ep=  680  total=2.700e-01  PDE=4.485e-02 [colloc=4.293e-02, cfd=1.920e-03] (w=2.955)  IN=1.570e-02 (w=0.981)  TB=9.362e-03 (w=0.816)  WALL=6.467e-16 (w=0.200)  OUT=3.582e-04 (w=0.200)  DATA=2.362e-02 (w=4.841)  DATA_P=0.000e+00 (w=1.000)
[Adam] ep=  700  total=3.061e-01  PDE=6.756e-02 [colloc=6.522e-02, cfd=2.340e-03] (w=3.007)  IN=1.221e-02 (w=0.961)  TB=9.024e-03 (w=0.795)  WALL=1.052e-15 (w=0.200)  OUT=3.374e-04 (w=0.200)  DATA=1.774e-02 (w=4.735)  DATA_P=0.000e+00 (w=1.000)
[Adam] ep=  720  total=3.168e-01  PDE=7.496e-02 [colloc=7.205e-02, cfd=2.916e-03] (w=3.024)  IN=1.007e-02 (w=0.954)  TB=9.286e-03 (w=0.776)  WALL=1.650e-15 (w=0.200)  OUT=5.346e-04 (w=0.200)  DATA=1.549e-02 (w=4.725)  DATA_P=0.000e+00 (w=1.000)
[Adam] ep=  740  total=3.081e-01  PDE=4.384e-02 [colloc=4.186e-02, cfd=1.985e-03] (w=2.969)  IN=1.788e-02 (w=0.959)  TB=8.893e-03 (w=0.780)  WALL=5.580e-16 (w=0.200)  OUT=3.810e-04 (w=0.200)  DATA=3.115e-02 (w=4.937)  DATA_P=0.000e+00 (w=1.000)
[Adam] ep=  760  total=2.550e-01  PDE=4.968e-02 [colloc=4.749e-02, cfd=2.190e-03] (w=2.945)  IN=1.236e-02 (w=0.971)  TB=8.897e-03 (w=0.797)  WALL=1.011e-15 (w=0.200)  OUT=3.616e-04 (w=0.200)  DATA=1.804e-02 (w=4.961)  DATA_P=0.000e+00 (w=1.000)
[Adam] ep=  780  total=2.879e-01  PDE=5.789e-02 [colloc=5.576e-02, cfd=2.127e-03] (w=2.994)  IN=1.132e-02 (w=0.940)  TB=8.650e-03 (w=0.784)  WALL=1.318e-15 (w=0.200)  OUT=3.882e-04 (w=0.200)  DATA=1.992e-02 (w=4.876)  DATA_P=0.000e+00 (w=1.000)
[Adam] ep=  800  total=2.507e-01  PDE=4.084e-02 [colloc=3.878e-02, cfd=2.066e-03] (w=2.954)  IN=1.458e-02 (w=0.967)  TB=7.810e-03 (w=0.785)  WALL=5.226e-16 (w=0.200)  OUT=4.005e-04 (w=0.200)  DATA=2.210e-02 (w=4.965)  DATA_P=0.000e+00 (w=1.000)
[Adam] ep=  820  total=2.801e-01  PDE=6.026e-02 [colloc=5.790e-02, cfd=2.367e-03] (w=2.995)  IN=1.033e-02 (w=0.944)  TB=7.445e-03 (w=0.767)  WALL=1.222e-15 (w=0.200)  OUT=3.290e-04 (w=0.200)  DATA=1.714e-02 (w=4.904)  DATA_P=0.000e+00 (w=1.000)
[Adam] ep=  840  total=2.351e-01  PDE=3.872e-02 [colloc=3.660e-02, cfd=2.115e-03] (w=2.974)  IN=1.221e-02 (w=0.959)  TB=6.884e-03 (w=0.750)  WALL=5.339e-16 (w=0.200)  OUT=3.397e-04 (w=0.200)  DATA=2.064e-02 (w=4.993)  DATA_P=0.000e+00 (w=1.000)
[Adam] ep=  860  total=2.633e-01  PDE=4.556e-02 [colloc=4.377e-02, cfd=1.796e-03] (w=2.985)  IN=1.232e-02 (w=0.953)  TB=6.320e-03 (w=0.732)  WALL=8.920e-16 (w=0.200)  OUT=2.948e-04 (w=0.200)  DATA=2.215e-02 (w=5.005)  DATA_P=0.000e+00 (w=1.000)
[Adam] ep=  880  total=2.440e-01  PDE=4.834e-02 [colloc=4.635e-02, cfd=1.990e-03] (w=3.000)  IN=1.069e-02 (w=0.956)  TB=6.146e-03 (w=0.725)  WALL=9.163e-16 (w=0.200)  OUT=3.120e-04 (w=0.200)  DATA=1.701e-02 (w=4.954)  DATA_P=0.000e+00 (w=1.000)
[Adam] ep=  900  total=2.409e-01  PDE=4.617e-02 [colloc=4.363e-02, cfd=2.539e-03] (w=3.001)  IN=1.019e-02 (w=0.951)  TB=5.963e-03 (w=0.715)  WALL=7.283e-16 (w=0.200)  OUT=3.331e-04 (w=0.200)  DATA=1.771e-02 (w=4.986)  DATA_P=0.000e+00 (w=1.000)
[Adam] ep=  920  total=2.451e-01  PDE=4.843e-02 [colloc=4.638e-02, cfd=2.056e-03] (w=2.986)  IN=9.289e-03 (w=0.946)  TB=5.699e-03 (w=0.712)  WALL=1.028e-15 (w=0.200)  OUT=4.036e-04 (w=0.200)  DATA=1.728e-02 (w=5.067)  DATA_P=0.000e+00 (w=1.000)
[Adam] ep=  940  total=2.593e-01  PDE=5.877e-02 [colloc=5.675e-02, cfd=2.022e-03] (w=3.015)  IN=7.508e-03 (w=0.939)  TB=5.093e-03 (w=0.666)  WALL=1.722e-15 (w=0.200)  OUT=4.823e-04 (w=0.200)  DATA=1.416e-02 (w=5.056)  DATA_P=0.000e+00 (w=1.000)
[Adam] ep=  960  total=3.143e-01  PDE=7.436e-02 [colloc=7.116e-02, cfd=3.199e-03] (w=3.028)  IN=7.025e-03 (w=0.919)  TB=6.014e-03 (w=0.668)  WALL=2.194e-15 (w=0.200)  OUT=1.329e-03 (w=0.234)  DATA=1.560e-02 (w=5.028)  DATA_P=0.000e+00 (w=1.000)
[Adam] ep=  980  total=4.620e-01  PDE=8.230e-02 [colloc=7.797e-02, cfd=4.328e-03] (w=3.064)  IN=2.479e-02 (w=0.908)  TB=1.132e-02 (w=0.660)  WALL=5.491e-16 (w=0.200)  OUT=3.306e-03 (w=0.311)  DATA=3.687e-02 (w=4.851)  DATA_P=0.000e+00 (w=1.000)
[Adam] ep= 1000  total=3.363e-01  PDE=7.439e-02 [colloc=6.802e-02, cfd=6.370e-03] (w=2.946)  IN=9.355e-03 (w=0.910)  TB=7.832e-03 (w=0.721)  WALL=1.300e-15 (w=0.200)  OUT=1.622e-02 (w=0.557)  DATA=1.927e-02 (w=4.872)  DATA_P=0.000e+00 (w=1.000)
[Adam] ep= 1020  total=2.807e-01  PDE=6.139e-02 [colloc=5.939e-02, cfd=2.001e-03] (w=2.892)  IN=8.124e-03 (w=0.905)  TB=6.326e-03 (w=0.724)  WALL=2.354e-15 (w=0.200)  OUT=2.165e-03 (w=0.568)  DATA=1.768e-02 (w=5.088)  DATA_P=0.000e+00 (w=1.000)
[Adam] ep= 1040  total=2.201e-01  PDE=3.969e-02 [colloc=3.662e-02, cfd=3.067e-03] (w=2.994)  IN=9.009e-03 (w=0.875)  TB=5.414e-03 (w=0.704)  WALL=7.337e-16 (w=0.200)  OUT=3.202e-04 (w=0.379)  DATA=1.764e-02 (w=5.074)  DATA_P=0.000e+00 (w=1.000)
[Adam] ep= 1060  total=2.325e-01  PDE=4.561e-02 [colloc=4.395e-02, cfd=1.657e-03] (w=3.012)  IN=8.161e-03 (w=0.886)  TB=4.447e-03 (w=0.668)  WALL=1.250e-15 (w=0.200)  OUT=4.671e-04 (w=0.276)  DATA=1.646e-02 (w=5.156)  DATA_P=0.000e+00 (w=1.000)
[Adam] ep= 1080  total=2.200e-01  PDE=4.489e-02 [colloc=4.296e-02, cfd=1.924e-03] (w=3.034)  IN=6.847e-03 (w=0.892)  TB=3.797e-03 (w=0.632)  WALL=1.110e-15 (w=0.200)  OUT=3.072e-04 (w=0.206)  DATA=1.455e-02 (w=5.171)  DATA_P=0.000e+00 (w=1.000)
[Adam] ep= 1100  total=2.335e-01  PDE=5.180e-02 [colloc=4.977e-02, cfd=2.032e-03] (w=3.055)  IN=5.944e-03 (w=0.886)  TB=3.530e-03 (w=0.597)  WALL=1.350e-15 (w=0.200)  OUT=7.148e-04 (w=0.203)  DATA=1.311e-02 (w=5.164)  DATA_P=0.000e+00 (w=1.000)
[Adam] ep= 1120  total=2.596e-01  PDE=6.234e-02 [colloc=6.035e-02, cfd=1.987e-03] (w=3.042)  IN=4.387e-03 (w=0.895)  TB=3.421e-03 (w=0.579)  WALL=1.875e-15 (w=0.200)  OUT=9.464e-04 (w=0.225)  DATA=1.225e-02 (w=5.216)  DATA_P=0.000e+00 (w=1.000)
[Adam] ep= 1140  total=2.662e-01  PDE=4.868e-02 [colloc=4.465e-02, cfd=4.032e-03] (w=2.979)  IN=8.314e-03 (w=0.860)  TB=7.709e-03 (w=0.526)  WALL=1.005e-15 (w=0.200)  OUT=4.933e-04 (w=0.614)  DATA=2.126e-02 (w=5.155)  DATA_P=0.000e+00 (w=1.000)
[Adam] ep= 1160  total=2.150e-01  PDE=3.451e-02 [colloc=3.187e-02, cfd=2.643e-03] (w=2.874)  IN=8.781e-03 (w=0.808)  TB=7.426e-03 (w=0.809)  WALL=8.305e-16 (w=0.200)  OUT=2.914e-03 (w=0.684)  DATA=2.020e-02 (w=4.985)  DATA_P=0.000e+00 (w=1.000)
[Adam] ep= 1180  total=2.146e-01  PDE=3.966e-02 [colloc=3.763e-02, cfd=2.030e-03] (w=2.969)  IN=7.162e-03 (w=0.812)  TB=3.307e-03 (w=0.676)  WALL=8.521e-16 (w=0.200)  OUT=6.111e-04 (w=0.511)  DATA=1.694e-02 (w=5.224)  DATA_P=0.000e+00 (w=1.000)
[Adam] ep= 1200  total=2.042e-01  PDE=3.533e-02 [colloc=3.348e-02, cfd=1.857e-03] (w=3.009)  IN=7.336e-03 (w=0.859)  TB=2.663e-03 (w=0.579)  WALL=7.236e-16 (w=0.200)  OUT=4.881e-04 (w=0.383)  DATA=1.694e-02 (w=5.301)  DATA_P=0.000e+00 (w=1.000)
[Adam] ep= 1220  total=1.922e-01  PDE=3.404e-02 [colloc=3.230e-02, cfd=1.742e-03] (w=3.053)  IN=6.470e-03 (w=0.850)  TB=2.727e-03 (w=0.568)  WALL=7.224e-16 (w=0.200)  OUT=3.852e-04 (w=0.242)  DATA=1.531e-02 (w=5.296)  DATA_P=0.000e+00 (w=1.000)
[Adam] ep= 1240  total=1.993e-01  PDE=4.033e-02 [colloc=3.813e-02, cfd=2.198e-03] (w=3.054)  IN=5.690e-03 (w=0.870)  TB=2.470e-03 (w=0.547)  WALL=8.969e-16 (w=0.200)  OUT=2.865e-04 (w=0.208)  DATA=1.317e-02 (w=5.300)  DATA_P=0.000e+00 (w=1.000)
[Adam] ep= 1260  total=2.006e-01  PDE=3.516e-02 [colloc=3.293e-02, cfd=2.234e-03] (w=3.038)  IN=6.209e-03 (w=0.863)  TB=2.578e-03 (w=0.556)  WALL=6.929e-16 (w=0.200)  OUT=2.966e-04 (w=0.200)  DATA=1.618e-02 (w=5.374)  DATA_P=0.000e+00 (w=1.000)
[Adam] ep= 1280  total=1.946e-01  PDE=2.495e-02 [colloc=2.241e-02, cfd=2.546e-03] (w=3.327)  IN=8.092e-03 (w=0.675)  TB=2.750e-03 (w=0.480)  WALL=3.530e-16 (w=0.200)  OUT=1.017e-03 (w=0.223)  DATA=2.255e-02 (w=4.640)  DATA_P=0.000e+00 (w=1.000)
[Adam] ep= 1300  total=2.552e-01  PDE=3.835e-02 [colloc=3.101e-02, cfd=7.338e-03] (w=2.828)  IN=8.598e-03 (w=0.761)  TB=6.097e-03 (w=0.555)  WALL=5.408e-16 (w=0.200)  OUT=2.802e-02 (w=0.978)  DATA=2.160e-02 (w=5.065)  DATA_P=0.000e+00 (w=1.000)
[Adam] ep= 1320  total=1.923e-01  PDE=3.328e-02 [colloc=3.101e-02, cfd=2.268e-03] (w=2.940)  IN=5.615e-03 (w=0.729)  TB=3.144e-03 (w=0.612)  WALL=5.772e-16 (w=0.200)  OUT=2.271e-03 (w=0.804)  DATA=1.709e-02 (w=5.068)  DATA_P=0.000e+00 (w=1.000)
[Adam] ep= 1340  total=1.937e-01  PDE=3.267e-02 [colloc=3.078e-02, cfd=1.895e-03] (w=3.016)  IN=6.510e-03 (w=0.785)  TB=2.203e-03 (w=0.564)  WALL=7.736e-16 (w=0.200)  OUT=1.119e-03 (w=0.544)  DATA=1.678e-02 (w=5.259)  DATA_P=0.000e+00 (w=1.000)
[Adam] ep= 1360  total=2.055e-01  PDE=3.409e-02 [colloc=3.169e-02, cfd=2.406e-03] (w=3.045)  IN=6.541e-03 (w=0.843)  TB=1.805e-03 (w=0.512)  WALL=8.020e-16 (w=0.200)  OUT=3.220e-04 (w=0.294)  DATA=1.762e-02 (w=5.397)  DATA_P=0.000e+00 (w=1.000)
[Adam] ep= 1380  total=1.856e-01  PDE=3.460e-02 [colloc=3.164e-02, cfd=2.964e-03] (w=3.069)  IN=4.918e-03 (w=0.832)  TB=1.831e-03 (w=0.501)  WALL=8.214e-16 (w=0.200)  OUT=2.791e-04 (w=0.219)  DATA=1.376e-02 (w=5.401)  DATA_P=0.000e+00 (w=1.000)
[Adam] ep= 1400  total=1.948e-01  PDE=3.775e-02 [colloc=3.607e-02, cfd=1.680e-03] (w=3.099)  IN=3.250e-03 (w=0.778)  TB=2.511e-03 (w=0.513)  WALL=1.401e-15 (w=0.200)  OUT=2.540e-04 (w=0.216)  DATA=1.372e-02 (w=5.390)  DATA_P=0.000e+00 (w=1.000)
[Adam] ep= 1420  total=1.541e-01  PDE=2.593e-02 [colloc=2.434e-02, cfd=1.589e-03] (w=3.077)  IN=4.148e-03 (w=0.751)  TB=2.324e-03 (w=0.574)  WALL=8.168e-16 (w=0.200)  OUT=3.902e-04 (w=0.233)  DATA=1.285e-02 (w=5.429)  DATA_P=0.000e+00 (w=1.000)
[Adam] ep= 1440  total=1.765e-01  PDE=2.406e-02 [colloc=2.231e-02, cfd=1.747e-03] (w=3.078)  IN=6.535e-03 (w=0.762)  TB=2.275e-03 (w=0.559)  WALL=3.879e-16 (w=0.200)  OUT=3.817e-04 (w=0.231)  DATA=1.770e-02 (w=5.430)  DATA_P=0.000e+00 (w=1.000)
[Adam] ep= 1460  total=2.439e-01  PDE=3.348e-02 [colloc=3.060e-02, cfd=2.881e-03] (w=2.940)  IN=6.987e-03 (w=0.732)  TB=2.105e-03 (w=0.490)  WALL=3.420e-16 (w=0.200)  OUT=1.319e-02 (w=0.755)  DATA=2.400e-02 (w=5.387)  DATA_P=0.000e+00 (w=1.000)
[Adam] ep= 1480  total=1.728e-01  PDE=3.433e-02 [colloc=3.069e-02, cfd=3.636e-03] (w=3.016)  IN=2.748e-03 (w=0.705)  TB=2.360e-03 (w=0.525)  WALL=9.493e-16 (w=0.200)  OUT=1.646e-03 (w=0.631)  DATA=1.216e-02 (w=5.348)  DATA_P=0.000e+00 (w=1.000)
[Adam] ep= 1500  total=1.520e-01  PDE=2.563e-02 [colloc=2.419e-02, cfd=1.434e-03] (w=3.046)  IN=2.992e-03 (w=0.711)  TB=1.871e-03 (w=0.511)  WALL=7.025e-16 (w=0.200)  OUT=9.053e-04 (w=0.491)  DATA=1.288e-02 (w=5.467)  DATA_P=0.000e+00 (w=1.000)
[Adam] ep= 1520  total=1.520e-01  PDE=2.389e-02 [colloc=2.099e-02, cfd=2.897e-03] (w=3.124)  IN=4.623e-03 (w=0.710)  TB=1.946e-03 (w=0.490)  WALL=4.875e-16 (w=0.200)  OUT=5.860e-04 (w=0.293)  DATA=1.346e-02 (w=5.415)  DATA_P=0.000e+00 (w=1.000)
[Adam] ep= 1540  total=3.234e-01  PDE=8.500e-02 [colloc=7.906e-02, cfd=5.940e-03] (w=3.242)  IN=1.294e-03 (w=0.646)  TB=2.298e-03 (w=0.479)  WALL=2.589e-15 (w=0.200)  OUT=1.537e-03 (w=0.264)  DATA=8.957e-03 (w=5.082)  DATA_P=0.000e+00 (w=1.000)
[Adam] ep= 1560  total=1.443e-01  PDE=2.178e-02 [colloc=2.025e-02, cfd=1.530e-03] (w=3.017)  IN=3.912e-03 (w=0.756)  TB=1.890e-03 (w=0.510)  WALL=5.824e-16 (w=0.200)  OUT=5.414e-04 (w=0.331)  DATA=1.312e-02 (w=5.677)  DATA_P=0.000e+00 (w=1.000)
[Adam] ep= 1580  total=2.146e-01  PDE=3.640e-02 [colloc=3.505e-02, cfd=1.347e-03] (w=3.102)  IN=5.911e-03 (w=0.714)  TB=2.265e-03 (w=0.491)  WALL=1.003e-15 (w=0.200)  OUT=1.299e-03 (w=0.372)  DATA=1.770e-02 (w=5.415)  DATA_P=0.000e+00 (w=1.000)
[Adam] ep= 1600  total=2.074e-01  PDE=3.440e-02 [colloc=2.881e-02, cfd=5.586e-03] (w=3.094)  IN=5.579e-03 (w=0.721)  TB=2.194e-03 (w=0.524)  WALL=3.244e-16 (w=0.200)  OUT=2.224e-03 (w=0.342)  DATA=1.754e-02 (w=5.418)  DATA_P=0.000e+00 (w=1.000)
[Adam] ep= 1620  total=1.528e-01  PDE=3.026e-02 [colloc=2.736e-02, cfd=2.897e-03] (w=3.116)  IN=3.068e-03 (w=0.725)  TB=1.723e-03 (w=0.518)  WALL=8.588e-16 (w=0.200)  OUT=6.134e-04 (w=0.293)  DATA=1.028e-02 (w=5.373)  DATA_P=0.000e+00 (w=1.000)
[Adam] ep= 1640  total=1.789e-01  PDE=3.783e-02 [colloc=3.575e-02, cfd=2.084e-03] (w=3.136)  IN=2.860e-03 (w=0.708)  TB=1.537e-03 (w=0.505)  WALL=1.272e-15 (w=0.200)  OUT=2.453e-04 (w=0.243)  DATA=1.065e-02 (w=5.388)  DATA_P=0.000e+00 (w=1.000)
[Adam] ep= 1660  total=1.696e-01  PDE=3.733e-02 [colloc=3.554e-02, cfd=1.785e-03] (w=3.122)  IN=2.571e-03 (w=0.745)  TB=1.325e-03 (w=0.484)  WALL=1.293e-15 (w=0.200)  OUT=4.095e-04 (w=0.234)  DATA=9.334e-03 (w=5.399)  DATA_P=0.000e+00 (w=1.000)
[Adam] ep= 1680  total=1.456e-01  PDE=2.948e-02 [colloc=2.803e-02, cfd=1.448e-03] (w=3.117)  IN=2.575e-03 (w=0.755)  TB=1.323e-03 (w=0.478)  WALL=1.030e-15 (w=0.200)  OUT=3.092e-04 (w=0.221)  DATA=9.420e-03 (w=5.420)  DATA_P=0.000e+00 (w=1.000)
[Adam] ep= 1700  total=1.406e-01  PDE=2.672e-02 [colloc=2.535e-02, cfd=1.375e-03] (w=3.096)  IN=2.929e-03 (w=0.760)  TB=1.388e-03 (w=0.486)  WALL=9.174e-16 (w=0.200)  OUT=2.866e-04 (w=0.221)  DATA=1.001e-02 (w=5.480)  DATA_P=0.000e+00 (w=1.000)
[Adam] ep= 1720  total=1.351e-01  PDE=2.543e-02 [colloc=2.383e-02, cfd=1.600e-03] (w=3.087)  IN=3.201e-03 (w=0.764)  TB=1.468e-03 (w=0.500)  WALL=8.379e-16 (w=0.200)  OUT=5.005e-04 (w=0.233)  DATA=9.729e-03 (w=5.478)  DATA_P=0.000e+00 (w=1.000)
[Adam] ep= 1740  total=1.311e-01  PDE=2.662e-02 [colloc=2.468e-02, cfd=1.948e-03] (w=3.089)  IN=3.064e-03 (w=0.760)  TB=1.509e-03 (w=0.511)  WALL=9.731e-16 (w=0.200)  OUT=3.336e-04 (w=0.233)  DATA=8.367e-03 (w=5.462)  DATA_P=0.000e+00 (w=1.000)
[Adam] ep= 1760  total=1.264e-01  PDE=2.265e-02 [colloc=2.034e-02, cfd=2.313e-03] (w=3.081)  IN=3.044e-03 (w=0.760)  TB=1.535e-03 (w=0.523)  WALL=7.504e-16 (w=0.200)  OUT=3.391e-04 (w=0.238)  DATA=9.754e-03 (w=5.474)  DATA_P=0.000e+00 (w=1.000)
[Adam] ep= 1780  total=1.304e-01  PDE=2.888e-02 [colloc=2.665e-02, cfd=2.231e-03] (w=3.072)  IN=2.098e-03 (w=0.752)  TB=1.516e-03 (w=0.528)  WALL=1.106e-15 (w=0.200)  OUT=3.446e-04 (w=0.283)  DATA=7.152e-03 (w=5.487)  DATA_P=0.000e+00 (w=1.000)
[Adam] ep= 1800  total=1.365e-01  PDE=3.055e-02 [colloc=2.798e-02, cfd=2.573e-03] (w=3.095)  IN=2.162e-03 (w=0.723)  TB=1.575e-03 (w=0.527)  WALL=1.181e-15 (w=0.200)  OUT=4.045e-04 (w=0.295)  DATA=7.237e-03 (w=5.449)  DATA_P=0.000e+00 (w=1.000)
[Adam] ep= 1820  total=1.611e-01  PDE=2.828e-02 [colloc=2.259e-02, cfd=5.691e-03] (w=3.072)  IN=2.952e-03 (w=0.727)  TB=1.482e-03 (w=0.515)  WALL=4.136e-16 (w=0.200)  OUT=2.174e-04 (w=0.296)  DATA=1.284e-02 (w=5.549)  DATA_P=0.000e+00 (w=1.000)
[Adam] ep= 1840  total=2.542e-01  PDE=6.970e-02 [colloc=6.435e-02, cfd=5.348e-03] (w=3.170)  IN=1.155e-03 (w=0.687)  TB=1.640e-03 (w=0.460)  WALL=2.286e-15 (w=0.200)  OUT=3.745e-03 (w=0.522)  DATA=5.915e-03 (w=5.024)  DATA_P=0.000e+00 (w=1.000)
[Adam] ep= 1860  total=1.998e-01  PDE=4.139e-02 [colloc=2.823e-02, cfd=1.316e-02] (w=2.964)  IN=2.092e-03 (w=0.595)  TB=1.807e-03 (w=0.435)  WALL=8.274e-16 (w=0.200)  OUT=3.029e-02 (w=1.120)  DATA=9.035e-03 (w=4.555)  DATA_P=0.000e+00 (w=1.000)
[Adam] ep= 1880  total=1.288e-01  PDE=2.607e-02 [colloc=2.260e-02, cfd=3.474e-03] (w=2.973)  IN=2.560e-03 (w=0.650)  TB=1.559e-03 (w=0.473)  WALL=9.547e-16 (w=0.200)  OUT=4.836e-03 (w=0.973)  DATA=9.080e-03 (w=4.862)  DATA_P=0.000e+00 (w=1.000)
[Adam] ep= 1900  total=1.156e-01  PDE=2.282e-02 [colloc=2.133e-02, cfd=1.485e-03] (w=3.087)  IN=2.678e-03 (w=0.733)  TB=1.287e-03 (w=0.485)  WALL=9.432e-16 (w=0.200)  OUT=3.007e-04 (w=0.544)  DATA=8.140e-03 (w=5.208)  DATA_P=0.000e+00 (w=1.000)
[Adam] ep= 1920  total=1.237e-01  PDE=2.581e-02 [colloc=2.464e-02, cfd=1.174e-03] (w=3.120)  IN=2.671e-03 (w=0.780)  TB=1.290e-03 (w=0.488)  WALL=1.208e-15 (w=0.200)  OUT=2.925e-04 (w=0.300)  DATA=7.655e-03 (w=5.273)  DATA_P=0.000e+00 (w=1.000)
[Adam] ep= 1940  total=1.297e-01  PDE=2.483e-02 [colloc=2.319e-02, cfd=1.638e-03] (w=3.109)  IN=3.187e-03 (w=0.800)  TB=1.223e-03 (w=0.496)  WALL=1.027e-15 (w=0.200)  OUT=3.059e-04 (w=0.244)  DATA=9.290e-03 (w=5.301)  DATA_P=0.000e+00 (w=1.000)
[Adam] ep= 1960  total=1.222e-01  PDE=2.269e-02 [colloc=2.129e-02, cfd=1.397e-03] (w=3.118)  IN=3.055e-03 (w=0.776)  TB=1.366e-03 (w=0.505)  WALL=1.036e-15 (w=0.200)  OUT=5.324e-04 (w=0.258)  DATA=9.111e-03 (w=5.299)  DATA_P=0.000e+00 (w=1.000)
[Adam] ep= 1980  total=1.272e-01  PDE=2.040e-02 [colloc=1.938e-02, cfd=1.020e-03] (w=3.078)  IN=4.033e-03 (w=0.797)  TB=1.402e-03 (w=0.523)  WALL=7.988e-16 (w=0.200)  OUT=2.767e-04 (w=0.251)  DATA=1.119e-02 (w=5.392)  DATA_P=0.000e+00 (w=1.000)
[Adam] ep= 2000  total=1.232e-01  PDE=2.478e-02 [colloc=2.350e-02, cfd=1.277e-03] (w=3.101)  IN=1.993e-03 (w=0.759)  TB=1.538e-03 (w=0.554)  WALL=1.200e-15 (w=0.200)  OUT=3.125e-04 (w=0.245)  DATA=8.231e-03 (w=5.341)  DATA_P=0.000e+00 (w=1.000)
============================================================
Phase 2 — BFGS (6000 total calls, 150 iters/batch)
Adaptive weights are frozen for BFGS stability | method=SSBroyden1
============================================================
[BFGS] full data fitting: 2000 CFD points pinned per call
[BFGS] using CUSTOM _optimize._minimize_bfgs (method_bfgs='SSBroyden1')
/oscar/home/jchen790/cylinder flow lab/src/cfp40.py:1430: OptimizeWarning: Unknown solver options: hess, hessp, bounds, constraints, tol
  result = minimize(
Invoked: SSBroyden1 approach!
[BFGS] batch=   1  call=     4  total=9.372e-02  PDE=1.651e-02 [colloc=1.553e-02, cfd=9.784e-04]  WALL=7.297e-16  DATA=7.480e-03
Invoked: SSBroyden1 approach!
[BFGS] batch=   1  call=     6  total=9.228e-02  PDE=1.604e-02 [colloc=1.504e-02, cfd=1.005e-03]  WALL=7.206e-16  DATA=7.461e-03
Invoked: SSBroyden1 approach!
[BFGS] batch=   1  call=     7  total=9.206e-02  PDE=1.399e-02 [colloc=1.303e-02, cfd=9.595e-04]  WALL=6.657e-16  DATA=8.515e-03
Invoked: SSBroyden1 approach!
[BFGS] batch=   1  call=     8  total=9.188e-02  PDE=1.427e-02 [colloc=1.330e-02, cfd=9.638e-04]  WALL=7.264e-16  DATA=8.318e-03
Invoked: SSBroyden1 approach!
[BFGS] batch=   1  call=     9  total=9.187e-02  PDE=1.370e-02 [colloc=1.274e-02, cfd=9.646e-04]  WALL=7.084e-16  DATA=8.614e-03
Invoked: SSBroyden1 approach!
[BFGS] batch=   1  call=    11  total=9.175e-02  PDE=1.364e-02 [colloc=1.268e-02, cfd=9.573e-04]  WALL=7.112e-16  DATA=8.630e-03
Invoked: SSBroyden1 approach!
[BFGS] batch=   1  call=    12  total=9.157e-02  PDE=1.357e-02 [colloc=1.262e-02, cfd=9.500e-04]  WALL=7.131e-16  DATA=8.643e-03
Invoked: SSBroyden1 approach!
[BFGS] batch=   1  call=    13  total=9.122e-02  PDE=1.334e-02 [colloc=1.239e-02, cfd=9.533e-04]  WALL=7.147e-16  DATA=8.713e-03
Invoked: SSBroyden1 approach!
[BFGS] batch=   1  call=    14  total=9.065e-02  PDE=1.319e-02 [colloc=1.225e-02, cfd=9.405e-04]  WALL=7.233e-16  DATA=8.693e-03
Invoked: SSBroyden1 approach!
[BFGS] batch=   1  call=    15  total=8.957e-02  PDE=1.301e-02 [colloc=1.207e-02, cfd=9.432e-04]  WALL=7.271e-16  DATA=8.615e-03
Invoked: SSBroyden1 approach!
[BFGS] batch=   1  call=    16  total=8.788e-02  PDE=1.287e-02 [colloc=1.195e-02, cfd=9.178e-04]  WALL=7.560e-16  DATA=8.383e-03
Invoked: SSBroyden1 approach!
[BFGS] batch=   1  call=    18  total=8.715e-02  PDE=1.292e-02 [colloc=1.194e-02, cfd=9.762e-04]  WALL=7.718e-16  DATA=8.227e-03
Invoked: SSBroyden1 approach!
[BFGS] batch=   1  call=    19  total=8.639e-02  PDE=1.286e-02 [colloc=1.191e-02, cfd=9.451e-04]  WALL=8.069e-16  DATA=8.133e-03
Invoked: SSBroyden1 approach!
[BFGS] batch=   1  call=    20  total=8.545e-02  PDE=1.288e-02 [colloc=1.196e-02, cfd=9.174e-04]  WALL=8.412e-16  DATA=7.953e-03
Invoked: SSBroyden1 approach!
[BFGS] batch=   1  call=    21  total=8.414e-02  PDE=1.309e-02 [colloc=1.216e-02, cfd=9.268e-04]  WALL=8.732e-16  DATA=7.600e-03
Invoked: SSBroyden1 approach!
[BFGS] batch=   1  call=    22  total=8.282e-02  PDE=1.354e-02 [colloc=1.256e-02, cfd=9.737e-04]  WALL=9.494e-16  DATA=7.153e-03
Invoked: SSBroyden1 approach!
[BFGS] batch=   1  call=    23  total=8.174e-02  PDE=1.392e-02 [colloc=1.293e-02, cfd=9.965e-04]  WALL=1.003e-15  DATA=6.769e-03
Invoked: SSBroyden1 approach!
[BFGS] batch=   1  call=    24  total=8.025e-02  PDE=1.380e-02 [colloc=1.275e-02, cfd=1.046e-03]  WALL=9.933e-16  DATA=6.585e-03
Invoked: SSBroyden1 approach!
[BFGS] batch=   1  call=    25  total=7.780e-02  PDE=1.338e-02 [colloc=1.228e-02, cfd=1.095e-03]  WALL=9.858e-16  DATA=6.356e-03
Invoked: SSBroyden1 approach!
[BFGS] batch=   1  call=    26  total=7.553e-02  PDE=1.203e-02 [colloc=1.072e-02, cfd=1.304e-03]  WALL=9.930e-16  DATA=6.635e-03
Invoked: SSBroyden1 approach!
[BFGS] batch=   1  call=    27  total=7.320e-02  PDE=1.157e-02 [colloc=1.013e-02, cfd=1.435e-03]  WALL=9.868e-16  DATA=6.371e-03
Invoked: SSBroyden1 approach!
[BFGS] batch=   1  call=    28  total=7.080e-02  PDE=1.132e-02 [colloc=9.694e-03, cfd=1.622e-03]  WALL=1.148e-15  DATA=5.946e-03
Invoked: SSBroyden1 approach!
[BFGS] batch=   1  call=    30  total=6.933e-02  PDE=1.148e-02 [colloc=9.808e-03, cfd=1.672e-03]  WALL=1.258e-15  DATA=5.552e-03
Invoked: SSBroyden1 approach!
[BFGS] batch=   1  call=    31  total=6.727e-02  PDE=1.142e-02 [colloc=9.748e-03, cfd=1.672e-03]  WALL=1.316e-15  DATA=5.159e-03
Invoked: SSBroyden1 approach!
[BFGS] batch=   1  call=    32  total=6.529e-02  PDE=1.130e-02 [colloc=9.544e-03, cfd=1.759e-03]  WALL=1.418e-15  DATA=4.811e-03
Invoked: SSBroyden1 approach!
[BFGS] batch=   1  call=    33  total=6.287e-02  PDE=1.137e-02 [colloc=9.683e-03, cfd=1.683e-03]  WALL=1.451e-15  DATA=4.214e-03
Invoked: SSBroyden1 approach!
[BFGS] batch=   1  call=    34  total=6.156e-02  PDE=1.227e-02 [colloc=1.054e-02, cfd=1.731e-03]  WALL=1.693e-15  DATA=3.403e-03
Invoked: SSBroyden1 approach!
[BFGS] batch=   1  call=    35  total=5.974e-02  PDE=1.162e-02 [colloc=9.904e-03, cfd=1.716e-03]  WALL=1.672e-15  DATA=3.409e-03
Invoked: SSBroyden1 approach!
[BFGS] batch=   1  call=    36  total=5.727e-02  PDE=1.133e-02 [colloc=9.671e-03, cfd=1.662e-03]  WALL=1.764e-15  DATA=3.125e-03
Invoked: SSBroyden1 approach!
[BFGS] batch=   1  call=    37  total=5.574e-02  PDE=1.130e-02 [colloc=9.725e-03, cfd=1.572e-03]  WALL=1.923e-15  DATA=2.825e-03
Invoked: SSBroyden1 approach!
[BFGS] batch=   1  call=    38  total=5.325e-02  PDE=1.057e-02 [colloc=9.029e-03, cfd=1.537e-03]  WALL=1.906e-15  DATA=2.854e-03
Invoked: SSBroyden1 approach!
[BFGS] batch=   1  call=    39  total=5.130e-02  PDE=1.036e-02 [colloc=8.796e-03, cfd=1.568e-03]  WALL=2.028e-15  DATA=2.699e-03
Invoked: SSBroyden1 approach!
[BFGS] batch=   1  call=    40  total=4.909e-02  PDE=9.759e-03 [colloc=8.305e-03, cfd=1.454e-03]  WALL=1.966e-15  DATA=2.681e-03
Invoked: SSBroyden1 approach!
[BFGS] batch=   1  call=    41  total=4.732e-02  PDE=9.779e-03 [colloc=8.328e-03, cfd=1.450e-03]  WALL=1.960e-15  DATA=2.435e-03
Invoked: SSBroyden1 approach!
[BFGS] batch=   1  call=    42  total=4.522e-02  PDE=9.344e-03 [colloc=7.935e-03, cfd=1.409e-03]  WALL=2.084e-15  DATA=2.333e-03
Invoked: SSBroyden1 approach!
[BFGS] batch=   1  call=    43  total=4.299e-02  PDE=9.060e-03 [colloc=7.700e-03, cfd=1.359e-03]  WALL=2.182e-15  DATA=2.162e-03
Invoked: SSBroyden1 approach!
[BFGS] batch=   1  call=    44  total=4.146e-02  PDE=8.803e-03 [colloc=7.588e-03, cfd=1.215e-03]  WALL=2.267e-15  DATA=2.047e-03
Invoked: SSBroyden1 approach!
[BFGS] batch=   1  call=    45  total=3.980e-02  PDE=8.515e-03 [colloc=7.338e-03, cfd=1.178e-03]  WALL=2.312e-15  DATA=1.922e-03
Invoked: SSBroyden1 approach!
[BFGS] batch=   1  call=    46  total=3.794e-02  PDE=8.208e-03 [colloc=7.077e-03, cfd=1.131e-03]  WALL=2.348e-15  DATA=1.748e-03
Invoked: SSBroyden1 approach!
[BFGS] batch=   1  call=    47  total=3.553e-02  PDE=7.732e-03 [colloc=6.717e-03, cfd=1.016e-03]  WALL=2.358e-15  DATA=1.639e-03
Invoked: SSBroyden1 approach!
[BFGS] batch=   1  call=    48  total=3.331e-02  PDE=7.121e-03 [colloc=6.154e-03, cfd=9.666e-04]  WALL=2.198e-15  DATA=1.626e-03
Invoked: SSBroyden1 approach!
[BFGS] batch=   1  call=    49  total=3.302e-02  PDE=7.112e-03 [colloc=6.090e-03, cfd=1.021e-03]  WALL=2.273e-15  DATA=1.561e-03
Invoked: SSBroyden1 approach!
[BFGS] batch=   1  call=    50  total=3.251e-02  PDE=6.943e-03 [colloc=5.953e-03, cfd=9.896e-04]  WALL=2.262e-15  DATA=1.561e-03
Invoked: SSBroyden1 approach!
[BFGS] batch=   1  call=    51  total=3.159e-02  PDE=6.695e-03 [colloc=5.765e-03, cfd=9.296e-04]  WALL=2.299e-15  DATA=1.546e-03
Invoked: SSBroyden1 approach!
[BFGS] batch=   1  call=    52  total=3.022e-02  PDE=6.406e-03 [colloc=5.564e-03, cfd=8.421e-04]  WALL=2.345e-15  DATA=1.457e-03
Invoked: SSBroyden1 approach!
[BFGS] batch=   1  call=    53  total=2.848e-02  PDE=5.871e-03 [colloc=5.113e-03, cfd=7.581e-04]  WALL=2.282e-15  DATA=1.428e-03
Invoked: SSBroyden1 approach!
[BFGS] batch=   1  call=    54  total=2.707e-02  PDE=5.717e-03 [colloc=5.026e-03, cfd=6.915e-04]  WALL=2.479e-15  DATA=1.282e-03
Invoked: SSBroyden1 approach!
[BFGS] batch=   1  call=    56  total=2.633e-02  PDE=5.288e-03 [colloc=4.626e-03, cfd=6.619e-04]  WALL=2.438e-15  DATA=1.395e-03
Invoked: SSBroyden1 approach!
[BFGS] batch=   1  call=    57  total=2.564e-02  PDE=5.114e-03 [colloc=4.470e-03, cfd=6.439e-04]  WALL=2.449e-15  DATA=1.361e-03
Invoked: SSBroyden1 approach!
[BFGS] batch=   1  call=    58  total=2.520e-02  PDE=5.141e-03 [colloc=4.492e-03, cfd=6.493e-04]  WALL=2.426e-15  DATA=1.251e-03
Invoked: SSBroyden1 approach!
[BFGS] batch=   1  call=    59  total=2.462e-02  PDE=5.020e-03 [colloc=4.360e-03, cfd=6.598e-04]  WALL=2.485e-15  DATA=1.215e-03
Invoked: SSBroyden1 approach!
[BFGS] batch=   1  call=    60  total=2.377e-02  PDE=4.703e-03 [colloc=4.076e-03, cfd=6.274e-04]  WALL=2.480e-15  DATA=1.227e-03
Invoked: SSBroyden1 approach!
[BFGS] batch=   1  call=    61  total=2.260e-02  PDE=4.467e-03 [colloc=3.898e-03, cfd=5.689e-04]  WALL=2.496e-15  DATA=1.155e-03
Invoked: SSBroyden1 approach!
[BFGS] batch=   1  call=    62  total=2.177e-02  PDE=4.297e-03 [colloc=3.772e-03, cfd=5.246e-04]  WALL=2.497e-15  DATA=1.077e-03
Invoked: SSBroyden1 approach!
[BFGS] batch=   1  call=    63  total=2.072e-02  PDE=4.064e-03 [colloc=3.571e-03, cfd=4.935e-04]  WALL=2.561e-15  DATA=1.011e-03
Invoked: SSBroyden1 approach!
[BFGS] batch=   1  call=    64  total=1.963e-02  PDE=3.789e-03 [colloc=3.313e-03, cfd=4.769e-04]  WALL=2.680e-15  DATA=9.916e-04
Invoked: SSBroyden1 approach!
[BFGS] batch=   1  call=    65  total=1.924e-02  PDE=4.066e-03 [colloc=3.520e-03, cfd=5.464e-04]  WALL=2.734e-15  DATA=7.884e-04
Invoked: SSBroyden1 approach!
[BFGS] batch=   1  call=    66  total=1.863e-02  PDE=3.962e-03 [colloc=3.455e-03, cfd=5.070e-04]  WALL=2.770e-15  DATA=7.570e-04
Invoked: SSBroyden1 approach!
[BFGS] batch=   1  call=    67  total=1.793e-02  PDE=3.698e-03 [colloc=3.231e-03, cfd=4.667e-04]  WALL=2.800e-15  DATA=7.788e-04
Invoked: SSBroyden1 approach!
[BFGS] batch=   1  call=    68  total=1.731e-02  PDE=3.607e-03 [colloc=3.152e-03, cfd=4.553e-04]  WALL=2.853e-15  DATA=7.226e-04
Invoked: SSBroyden1 approach!
[BFGS] batch=   1  call=    69  total=1.644e-02  PDE=3.358e-03 [colloc=2.934e-03, cfd=4.244e-04]  WALL=2.822e-15  DATA=7.146e-04
Invoked: SSBroyden1 approach!
[BFGS] batch=   1  call=    70  total=1.616e-02  PDE=3.295e-03 [colloc=2.915e-03, cfd=3.795e-04]  WALL=2.898e-15  DATA=7.150e-04
Invoked: SSBroyden1 approach!
[BFGS] batch=   1  call=    71  total=1.566e-02  PDE=3.147e-03 [colloc=2.779e-03, cfd=3.671e-04]  WALL=2.893e-15  DATA=7.096e-04
Invoked: SSBroyden1 approach!
[BFGS] batch=   1  call=    72  total=1.513e-02  PDE=3.056e-03 [colloc=2.711e-03, cfd=3.453e-04]  WALL=2.911e-15  DATA=6.493e-04
Invoked: SSBroyden1 approach!
[BFGS] batch=   1  call=    73  total=1.470e-02  PDE=2.969e-03 [colloc=2.628e-03, cfd=3.408e-04]  WALL=2.936e-15  DATA=6.289e-04
Invoked: SSBroyden1 approach!
[BFGS] batch=   1  call=    74  total=1.432e-02  PDE=2.823e-03 [colloc=2.471e-03, cfd=3.520e-04]  WALL=2.848e-15  DATA=6.365e-04
Invoked: SSBroyden1 approach!
[BFGS] batch=   1  call=    75  total=1.398e-02  PDE=2.727e-03 [colloc=2.395e-03, cfd=3.320e-04]  WALL=2.882e-15  DATA=6.289e-04
Invoked: SSBroyden1 approach!
[BFGS] batch=   1  call=    76  total=1.366e-02  PDE=2.675e-03 [colloc=2.371e-03, cfd=3.044e-04]  WALL=2.910e-15  DATA=6.042e-04
Invoked: SSBroyden1 approach!
[BFGS] batch=   1  call=    77  total=1.333e-02  PDE=2.613e-03 [colloc=2.326e-03, cfd=2.869e-04]  WALL=2.920e-15  DATA=5.828e-04
Invoked: SSBroyden1 approach!
[BFGS] batch=   1  call=    78  total=1.305e-02  PDE=2.552e-03 [colloc=2.251e-03, cfd=3.007e-04]  WALL=2.944e-15  DATA=5.784e-04
Invoked: SSBroyden1 approach!
[BFGS] batch=   1  call=    79  total=1.266e-02  PDE=2.512e-03 [colloc=2.229e-03, cfd=2.837e-04]  WALL=2.963e-15  DATA=5.491e-04
Invoked: SSBroyden1 approach!
[BFGS] batch=   1  call=    80  total=1.237e-02  PDE=2.440e-03 [colloc=2.156e-03, cfd=2.846e-04]  WALL=2.999e-15  DATA=5.204e-04
Invoked: SSBroyden1 approach!
[BFGS] batch=   1  call=    81  total=1.208e-02  PDE=2.422e-03 [colloc=2.152e-03, cfd=2.707e-04]  WALL=2.951e-15  DATA=4.850e-04
Invoked: SSBroyden1 approach!
[BFGS] batch=   1  call=    82  total=1.177e-02  PDE=2.398e-03 [colloc=2.138e-03, cfd=2.596e-04]  WALL=3.036e-15  DATA=4.524e-04
Invoked: SSBroyden1 approach!
[BFGS] batch=   1  call=    83  total=1.141e-02  PDE=2.338e-03 [colloc=2.092e-03, cfd=2.455e-04]  WALL=3.037e-15  DATA=4.334e-04
Invoked: SSBroyden1 approach!
[BFGS] batch=   1  call=    84  total=1.126e-02  PDE=2.285e-03 [colloc=2.057e-03, cfd=2.283e-04]  WALL=3.110e-15  DATA=4.421e-04
Invoked: SSBroyden1 approach!
[BFGS] batch=   1  call=    85  total=1.102e-02  PDE=2.236e-03 [colloc=2.014e-03, cfd=2.219e-04]  WALL=3.119e-15  DATA=4.287e-04
Invoked: SSBroyden1 approach!
[BFGS] batch=   1  call=    86  total=1.068e-02  PDE=2.154e-03 [colloc=1.941e-03, cfd=2.134e-04]  WALL=3.112e-15  DATA=4.237e-04
Invoked: SSBroyden1 approach!
[BFGS] batch=   1  call=    87  total=1.039e-02  PDE=2.096e-03 [colloc=1.891e-03, cfd=2.049e-04]  WALL=3.096e-15  DATA=3.992e-04
Invoked: SSBroyden1 approach!
[BFGS] batch=   1  call=    88  total=1.021e-02  PDE=2.075e-03 [colloc=1.865e-03, cfd=2.103e-04]  WALL=3.077e-15  DATA=3.690e-04
Invoked: SSBroyden1 approach!
[BFGS] batch=   1  call=    89  total=9.960e-03  PDE=2.011e-03 [colloc=1.807e-03, cfd=2.033e-04]  WALL=3.078e-15  DATA=3.590e-04
Invoked: SSBroyden1 approach!
[BFGS] batch=   1  call=    90  total=9.932e-03  PDE=2.001e-03 [colloc=1.787e-03, cfd=2.136e-04]  WALL=3.137e-15  DATA=3.514e-04
Invoked: SSBroyden1 approach!
[BFGS] batch=   1  call=    91  total=9.857e-03  PDE=1.988e-03 [colloc=1.778e-03, cfd=2.103e-04]  WALL=3.139e-15  DATA=3.507e-04
Invoked: SSBroyden1 approach!
[BFGS] batch=   1  call=    92  total=9.735e-03  PDE=1.953e-03 [colloc=1.749e-03, cfd=2.041e-04]  WALL=3.152e-15  DATA=3.515e-04
Invoked: SSBroyden1 approach!
[BFGS] batch=   1  call=    93  total=9.538e-03  PDE=1.888e-03 [colloc=1.696e-03, cfd=1.924e-04]  WALL=3.152e-15  DATA=3.613e-04
Invoked: SSBroyden1 approach!
[BFGS] batch=   1  call=    94  total=9.310e-03  PDE=1.810e-03 [colloc=1.635e-03, cfd=1.745e-04]  WALL=3.150e-15  DATA=3.637e-04
Invoked: SSBroyden1 approach!
[BFGS] batch=   1  call=    95  total=9.109e-03  PDE=1.743e-03 [colloc=1.570e-03, cfd=1.727e-04]  WALL=3.136e-15  DATA=3.732e-04
Invoked: SSBroyden1 approach!
[BFGS] batch=   1  call=    96  total=9.033e-03  PDE=1.750e-03 [colloc=1.567e-03, cfd=1.828e-04]  WALL=3.182e-15  DATA=3.623e-04
Invoked: SSBroyden1 approach!
[BFGS] batch=   1  call=    97  total=8.955e-03  PDE=1.731e-03 [colloc=1.551e-03, cfd=1.796e-04]  WALL=3.196e-15  DATA=3.603e-04
Invoked: SSBroyden1 approach!
[BFGS] batch=   1  call=    98  total=8.836e-03  PDE=1.700e-03 [colloc=1.531e-03, cfd=1.690e-04]  WALL=3.198e-15  DATA=3.596e-04
Invoked: SSBroyden1 approach!
[BFGS] batch=   1  call=    99  total=8.710e-03  PDE=1.646e-03 [colloc=1.491e-03, cfd=1.552e-04]  WALL=3.197e-15  DATA=3.747e-04
Invoked: SSBroyden1 approach!
[BFGS] batch=   1  call=   100  total=8.547e-03  PDE=1.596e-03 [colloc=1.450e-03, cfd=1.456e-04]  WALL=3.197e-15  DATA=3.775e-04
Invoked: SSBroyden1 approach!
[BFGS] batch=   1  call=   101  total=8.376e-03  PDE=1.546e-03 [colloc=1.406e-03, cfd=1.399e-04]  WALL=3.196e-15  DATA=3.746e-04
Invoked: SSBroyden1 approach!
[BFGS] batch=   1  call=   102  total=8.255e-03  PDE=1.508e-03 [colloc=1.368e-03, cfd=1.402e-04]  WALL=3.176e-15  DATA=3.709e-04
Invoked: SSBroyden1 approach!
[BFGS] batch=   1  call=   103  total=8.146e-03  PDE=1.489e-03 [colloc=1.355e-03, cfd=1.339e-04]  WALL=3.146e-15  DATA=3.640e-04
Invoked: SSBroyden1 approach!
[BFGS] batch=   1  call=   104  total=8.088e-03  PDE=1.481e-03 [colloc=1.347e-03, cfd=1.342e-04]  WALL=3.211e-15  DATA=3.574e-04
Invoked: SSBroyden1 approach!
[BFGS] batch=   1  call=   105  total=7.963e-03  PDE=1.467e-03 [colloc=1.336e-03, cfd=1.313e-04]  WALL=3.217e-15  DATA=3.532e-04
Invoked: SSBroyden1 approach!
[BFGS] batch=   1  call=   106  total=7.882e-03  PDE=1.449e-03 [colloc=1.318e-03, cfd=1.313e-04]  WALL=3.196e-15  DATA=3.433e-04
Invoked: SSBroyden1 approach!
[BFGS] batch=   1  call=   107  total=7.805e-03  PDE=1.413e-03 [colloc=1.285e-03, cfd=1.274e-04]  WALL=3.173e-15  DATA=3.421e-04
Invoked: SSBroyden1 approach!
[BFGS] batch=   1  call=   108  total=7.672e-03  PDE=1.382e-03 [colloc=1.260e-03, cfd=1.222e-04]  WALL=3.174e-15  DATA=3.361e-04
Invoked: SSBroyden1 approach!
[BFGS] batch=   1  call=   109  total=7.541e-03  PDE=1.346e-03 [colloc=1.232e-03, cfd=1.136e-04]  WALL=3.165e-15  DATA=3.231e-04
Invoked: SSBroyden1 approach!
[BFGS] batch=   1  call=   110  total=7.394e-03  PDE=1.330e-03 [colloc=1.219e-03, cfd=1.109e-04]  WALL=3.183e-15  DATA=3.108e-04
Invoked: SSBroyden1 approach!
[BFGS] batch=   1  call=   111  total=7.317e-03  PDE=1.289e-03 [colloc=1.182e-03, cfd=1.068e-04]  WALL=3.181e-15  DATA=3.203e-04
Invoked: SSBroyden1 approach!
[BFGS] batch=   1  call=   112  total=7.225e-03  PDE=1.279e-03 [colloc=1.173e-03, cfd=1.062e-04]  WALL=3.192e-15  DATA=3.099e-04
Invoked: SSBroyden1 approach!
[BFGS] batch=   1  call=   113  total=7.130e-03  PDE=1.265e-03 [colloc=1.157e-03, cfd=1.078e-04]  WALL=3.193e-15  DATA=3.045e-04
Invoked: SSBroyden1 approach!
[BFGS] batch=   1  call=   114  total=7.037e-03  PDE=1.233e-03 [colloc=1.130e-03, cfd=1.037e-04]  WALL=3.219e-15  DATA=3.046e-04
Invoked: SSBroyden1 approach!
[BFGS] batch=   1  call=   115  total=6.977e-03  PDE=1.236e-03 [colloc=1.134e-03, cfd=1.019e-04]  WALL=3.217e-15  DATA=2.830e-04
Invoked: SSBroyden1 approach!
[BFGS] batch=   1  call=   116  total=6.886e-03  PDE=1.214e-03 [colloc=1.114e-03, cfd=9.996e-05]  WALL=3.229e-15  DATA=2.790e-04
Invoked: SSBroyden1 approach!
[BFGS] batch=   1  call=   117  total=6.794e-03  PDE=1.189e-03 [colloc=1.092e-03, cfd=9.742e-05]  WALL=3.234e-15  DATA=2.737e-04
Invoked: SSBroyden1 approach!
[BFGS] batch=   1  call=   118  total=6.707e-03  PDE=1.159e-03 [colloc=1.063e-03, cfd=9.574e-05]  WALL=3.202e-15  DATA=2.743e-04
Invoked: SSBroyden1 approach!
[BFGS] batch=   1  call=   119  total=6.638e-03  PDE=1.153e-03 [colloc=1.063e-03, cfd=9.009e-05]  WALL=3.227e-15  DATA=2.778e-04
Invoked: SSBroyden1 approach!
[BFGS] batch=   1  call=   120  total=6.565e-03  PDE=1.142e-03 [colloc=1.053e-03, cfd=8.934e-05]  WALL=3.241e-15  DATA=2.782e-04
Invoked: SSBroyden1 approach!
[BFGS] batch=   1  call=   121  total=6.546e-03  PDE=1.130e-03 [colloc=1.042e-03, cfd=8.796e-05]  WALL=3.236e-15  DATA=2.731e-04
Invoked: SSBroyden1 approach!
[BFGS] batch=   1  call=   122  total=6.463e-03  PDE=1.122e-03 [colloc=1.036e-03, cfd=8.666e-05]  WALL=3.235e-15  DATA=2.701e-04
Invoked: SSBroyden1 approach!
[BFGS] batch=   1  call=   123  total=6.429e-03  PDE=1.093e-03 [colloc=1.012e-03, cfd=8.069e-05]  WALL=3.238e-15  DATA=2.621e-04
Invoked: SSBroyden1 approach!
[BFGS] batch=   1  call=   124  total=6.384e-03  PDE=1.075e-03 [colloc=9.966e-04, cfd=7.875e-05]  WALL=3.231e-15  DATA=2.615e-04
Invoked: SSBroyden1 approach!
[BFGS] batch=   1  call=   125  total=6.321e-03  PDE=1.063e-03 [colloc=9.837e-04, cfd=7.914e-05]  WALL=3.219e-15  DATA=2.615e-04
Invoked: SSBroyden1 approach!
[BFGS] batch=   1  call=   126  total=6.232e-03  PDE=1.047e-03 [colloc=9.694e-04, cfd=7.802e-05]  WALL=3.227e-15  DATA=2.627e-04
Invoked: SSBroyden1 approach!
[BFGS] batch=   1  call=   127  total=6.173e-03  PDE=1.033e-03 [colloc=9.517e-04, cfd=8.104e-05]  WALL=3.203e-15  DATA=2.746e-04
Invoked: SSBroyden1 approach!
[BFGS] batch=   1  call=   128  total=6.093e-03  PDE=1.014e-03 [colloc=9.348e-04, cfd=7.929e-05]  WALL=3.210e-15  DATA=2.770e-04
Invoked: SSBroyden1 approach!
[BFGS] batch=   1  call=   129  total=6.078e-03  PDE=9.982e-04 [colloc=9.225e-04, cfd=7.570e-05]  WALL=3.204e-15  DATA=2.823e-04
Invoked: SSBroyden1 approach!
[BFGS] batch=   1  call=   130  total=6.069e-03  PDE=9.923e-04 [colloc=9.170e-04, cfd=7.528e-05]  WALL=3.207e-15  DATA=2.809e-04
Invoked: SSBroyden1 approach!
[BFGS] batch=   1  call=   132  total=5.983e-03  PDE=9.761e-04 [colloc=9.010e-04, cfd=7.512e-05]  WALL=3.214e-15  DATA=2.782e-04
Invoked: SSBroyden1 approach!
[BFGS] batch=   1  call=   133  total=5.896e-03  PDE=9.721e-04 [colloc=9.000e-04, cfd=7.205e-05]  WALL=3.251e-15  DATA=2.629e-04
Invoked: SSBroyden1 approach!
[BFGS] batch=   1  call=   134  total=5.839e-03  PDE=9.750e-04 [colloc=9.018e-04, cfd=7.315e-05]  WALL=3.224e-15  DATA=2.563e-04
Invoked: SSBroyden1 approach!
[BFGS] batch=   1  call=   135  total=5.792e-03  PDE=9.554e-04 [colloc=8.831e-04, cfd=7.237e-05]  WALL=3.234e-15  DATA=2.551e-04
Invoked: SSBroyden1 approach!
[BFGS] batch=   1  call=   136  total=5.773e-03  PDE=9.491e-04 [colloc=8.781e-04, cfd=7.099e-05]  WALL=3.226e-15  DATA=2.509e-04
Invoked: SSBroyden1 approach!
[BFGS] batch=   1  call=   137  total=5.732e-03  PDE=9.381e-04 [colloc=8.680e-04, cfd=7.006e-05]  WALL=3.231e-15  DATA=2.500e-04
Invoked: SSBroyden1 approach!
[BFGS] batch=   1  call=   138  total=5.722e-03  PDE=9.237e-04 [colloc=8.570e-04, cfd=6.673e-05]  WALL=3.221e-15  DATA=2.460e-04
Invoked: SSBroyden1 approach!
[BFGS] batch=   1  call=   139  total=5.660e-03  PDE=9.197e-04 [colloc=8.533e-04, cfd=6.639e-05]  WALL=3.227e-15  DATA=2.455e-04
Invoked: SSBroyden1 approach!
[BFGS] batch=   1  call=   140  total=5.566e-03  PDE=8.973e-04 [colloc=8.339e-04, cfd=6.341e-05]  WALL=3.244e-15  DATA=2.481e-04
[BFGS] batch 1: H0 not PD — resetting to identity.
[BFGS-END] batch=   1  last_total=5.565e-03  last_PDE=8.973e-04 [colloc=8.339e-04, cfd=6.341e-05]  last_WALL=3.244e-15  last_DATA=2.481e-04
/oscar/home/jchen790/cylinder flow lab/src/cfp40.py:1430: OptimizeWarning: Unknown solver options: hess, hessp, bounds, constraints, tol
  result = minimize(
Invoked: SSBroyden1 approach!
[BFGS] batch=   2  call=   164  total=5.595e-03  PDE=8.925e-04 [colloc=8.291e-04, cfd=6.341e-05]  WALL=3.222e-15  DATA=2.476e-04
Invoked: SSBroyden1 approach!
[BFGS] batch=   2  call=   165  total=5.557e-03  PDE=8.915e-04 [colloc=8.279e-04, cfd=6.360e-05]  WALL=3.225e-15  DATA=2.475e-04
Invoked: SSBroyden1 approach!
[BFGS] batch=   2  call=   167  total=5.544e-03  PDE=8.919e-04 [colloc=8.283e-04, cfd=6.358e-05]  WALL=3.229e-15  DATA=2.471e-04
[BFGS-END] batch=   2  last_total=5.581e-03  last_PDE=8.919e-04 [colloc=8.283e-04, cfd=6.358e-05]  last_WALL=3.229e-15  last_DATA=2.471e-04
/oscar/home/jchen790/cylinder flow lab/src/cfp40.py:1430: OptimizeWarning: Unknown solver options: hess, hessp, bounds, constraints, tol
  result = minimize(
Invoked: SSBroyden1 approach!
[BFGS] batch=   3  call=   188  total=5.539e-03  PDE=8.909e-04 [colloc=8.280e-04, cfd=6.285e-05]  WALL=3.221e-15  DATA=2.465e-04
Invoked: SSBroyden1 approach!
[BFGS] batch=   3  call=   190  total=5.533e-03  PDE=8.876e-04 [colloc=8.250e-04, cfd=6.265e-05]  WALL=3.229e-15  DATA=2.467e-04
[BFGS-END] batch=   3  last_total=5.512e-03  last_PDE=8.871e-04 [colloc=8.244e-04, cfd=6.263e-05]  last_WALL=3.229e-15  last_DATA=2.467e-04
/oscar/home/jchen790/cylinder flow lab/src/cfp40.py:1430: OptimizeWarning: Unknown solver options: hess, hessp, bounds, constraints, tol
  result = minimize(
Invoked: SSBroyden1 approach!
[BFGS] batch=   4  call=   215  total=5.538e-03  PDE=8.854e-04 [colloc=8.228e-04, cfd=6.257e-05]  WALL=3.229e-15  DATA=2.468e-04
Invoked: SSBroyden1 approach!
[BFGS] batch=   4  call=   216  total=5.535e-03  PDE=8.846e-04 [colloc=8.221e-04, cfd=6.250e-05]  WALL=3.230e-15  DATA=2.465e-04
Invoked: SSBroyden1 approach!
[BFGS] batch=   4  call=   217  total=5.524e-03  PDE=8.841e-04 [colloc=8.218e-04, cfd=6.227e-05]  WALL=3.228e-15  DATA=2.461e-04
Invoked: SSBroyden1 approach!
[BFGS] batch=   4  call=   219  total=5.515e-03  PDE=8.812e-04 [colloc=8.192e-04, cfd=6.195e-05]  WALL=3.226e-15  DATA=2.471e-04
Invoked: SSBroyden1 approach!
[BFGS] batch=   4  call=   220  total=5.497e-03  PDE=8.806e-04 [colloc=8.190e-04, cfd=6.158e-05]  WALL=3.224e-15  DATA=2.461e-04
Invoked: SSBroyden1 approach!
[BFGS] batch=   4  call=   221  total=5.495e-03  PDE=8.773e-04 [colloc=8.158e-04, cfd=6.154e-05]  WALL=3.234e-15  DATA=2.458e-04
Invoked: SSBroyden1 approach!
[BFGS] batch=   4  call=   230  total=5.482e-03  PDE=8.759e-04 [colloc=8.147e-04, cfd=6.126e-05]  WALL=3.234e-15  DATA=2.459e-04
[BFGS-END] batch=   4  last_total=5.495e-03  last_PDE=8.759e-04 [colloc=8.147e-04, cfd=6.126e-05]  last_WALL=3.234e-15  last_DATA=2.459e-04
/oscar/home/jchen790/cylinder flow lab/src/cfp40.py:1430: OptimizeWarning: Unknown solver options: hess, hessp, bounds, constraints, tol
  result = minimize(
[BFGS-END] batch=   5  last_total=5.490e-03  last_PDE=8.759e-04 [colloc=8.147e-04, cfd=6.126e-05]  last_WALL=3.234e-15  last_DATA=2.459e-04
/oscar/home/jchen790/cylinder flow lab/src/cfp40.py:1430: OptimizeWarning: Unknown solver options: hess, hessp, bounds, constraints, tol
  result = minimize(
Invoked: SSBroyden1 approach!
[BFGS] batch=   6  call=   270  total=5.501e-03  PDE=8.741e-04 [colloc=8.139e-04, cfd=6.022e-05]  WALL=3.226e-15  DATA=2.477e-04
Invoked: SSBroyden1 approach!
[BFGS] batch=   6  call=   273  total=5.491e-03  PDE=8.738e-04 [colloc=8.136e-04, cfd=6.016e-05]  WALL=3.226e-15  DATA=2.479e-04
Invoked: SSBroyden1 approach!
[BFGS] batch=   6  call=   274  total=5.485e-03  PDE=8.706e-04 [colloc=8.111e-04, cfd=5.954e-05]  WALL=3.225e-15  DATA=2.513e-04
Invoked: SSBroyden1 approach!
[BFGS] batch=   6  call=   276  total=5.481e-03  PDE=8.702e-04 [colloc=8.107e-04, cfd=5.946e-05]  WALL=3.225e-15  DATA=2.513e-04
Invoked: SSBroyden1 approach!
[BFGS] batch=   6  call=   277  total=5.472e-03  PDE=8.687e-04 [colloc=8.093e-04, cfd=5.942e-05]  WALL=3.225e-15  DATA=2.506e-04
Invoked: SSBroyden1 approach!
[BFGS] batch=   6  call=   278  total=5.463e-03  PDE=8.706e-04 [colloc=8.104e-04, cfd=6.026e-05]  WALL=3.221e-15  DATA=2.479e-04
Invoked: SSBroyden1 approach!
[BFGS] batch=   6  call=   279  total=5.462e-03  PDE=8.659e-04 [colloc=8.063e-04, cfd=5.958e-05]  WALL=3.223e-15  DATA=2.501e-04
Invoked: SSBroyden1 approach!
[BFGS] batch=   6  call=   285  total=5.459e-03  PDE=8.660e-04 [colloc=8.064e-04, cfd=5.956e-05]  WALL=3.223e-15  DATA=2.499e-04
Invoked: SSBroyden1 approach!
[BFGS] batch=   6  call=   286  total=5.442e-03  PDE=8.657e-04 [colloc=8.062e-04, cfd=5.944e-05]  WALL=3.224e-15  DATA=2.496e-04
[BFGS-END] batch=   6  last_total=5.498e-03  last_PDE=8.657e-04 [colloc=8.062e-04, cfd=5.944e-05]  last_WALL=3.224e-15  last_DATA=2.496e-04
/oscar/home/jchen790/cylinder flow lab/src/cfp40.py:1430: OptimizeWarning: Unknown solver options: hess, hessp, bounds, constraints, tol
  result = minimize(
Invoked: SSBroyden1 approach!
[BFGS] batch=   7  call=   307  total=5.450e-03  PDE=8.655e-04 [colloc=8.064e-04, cfd=5.909e-05]  WALL=3.225e-15  DATA=2.500e-04
Invoked: SSBroyden1 approach!
[BFGS] batch=   7  call=   309  total=5.440e-03  PDE=8.640e-04 [colloc=8.051e-04, cfd=5.897e-05]  WALL=3.225e-15  DATA=2.499e-04
Invoked: SSBroyden1 approach!
[BFGS] batch=   7  call=   310  total=5.435e-03  PDE=8.631e-04 [colloc=8.039e-04, cfd=5.921e-05]  WALL=3.227e-15  DATA=2.494e-04
[BFGS-END] batch=   7  last_total=5.407e-03  last_PDE=8.631e-04 [colloc=8.039e-04, cfd=5.921e-05]  last_WALL=3.227e-15  last_DATA=2.494e-04
/oscar/home/jchen790/cylinder flow lab/src/cfp40.py:1430: OptimizeWarning: Unknown solver options: hess, hessp, bounds, constraints, tol
  result = minimize(
Invoked: SSBroyden1 approach!
[BFGS] batch=   8  call=   331  total=5.434e-03  PDE=8.616e-04 [colloc=8.025e-04, cfd=5.903e-05]  WALL=3.226e-15  DATA=2.500e-04
Invoked: SSBroyden1 approach!
[BFGS] batch=   8  call=   340  total=5.414e-03  PDE=8.600e-04 [colloc=8.008e-04, cfd=5.921e-05]  WALL=3.229e-15  DATA=2.508e-04
Invoked: SSBroyden1 approach!
[BFGS] batch=   8  call=   342  total=5.406e-03  PDE=8.594e-04 [colloc=8.002e-04, cfd=5.920e-05]  WALL=3.229e-15  DATA=2.504e-04
[BFGS-END] batch=   8  last_total=5.443e-03  last_PDE=8.594e-04 [colloc=8.002e-04, cfd=5.920e-05]  last_WALL=3.229e-15  last_DATA=2.504e-04
/oscar/home/jchen790/cylinder flow lab/src/cfp40.py:1430: OptimizeWarning: Unknown solver options: hess, hessp, bounds, constraints, tol
  result = minimize(
Invoked: SSBroyden1 approach!
[BFGS] batch=   9  call=   365  total=5.406e-03  PDE=8.572e-04 [colloc=7.976e-04, cfd=5.960e-05]  WALL=3.225e-15  DATA=2.504e-04
[BFGS-END] batch=   9  last_total=5.436e-03  last_PDE=8.572e-04 [colloc=7.976e-04, cfd=5.960e-05]  last_WALL=3.225e-15  last_DATA=2.504e-04
/oscar/home/jchen790/cylinder flow lab/src/cfp40.py:1430: OptimizeWarning: Unknown solver options: hess, hessp, bounds, constraints, tol
  result = minimize(
Invoked: SSBroyden1 approach!
[BFGS] batch=  10  call=   387  total=5.407e-03  PDE=8.571e-04 [colloc=7.976e-04, cfd=5.957e-05]  WALL=3.225e-15  DATA=2.504e-04
[BFGS-END] batch=  10  last_total=5.433e-03  last_PDE=8.571e-04 [colloc=7.975e-04, cfd=5.956e-05]  last_WALL=3.225e-15  last_DATA=2.504e-04
/oscar/home/jchen790/cylinder flow lab/src/cfp40.py:1430: OptimizeWarning: Unknown solver options: hess, hessp, bounds, constraints, tol
  result = minimize(
Invoked: SSBroyden1 approach!
[BFGS] batch=  11  call=   407  total=5.410e-03  PDE=8.588e-04 [colloc=7.996e-04, cfd=5.918e-05]  WALL=3.227e-15  DATA=2.483e-04
Invoked: SSBroyden1 approach!
[BFGS] batch=  11  call=   409  total=5.397e-03  PDE=8.586e-04 [colloc=7.991e-04, cfd=5.950e-05]  WALL=3.226e-15  DATA=2.451e-04
[BFGS-END] batch=  11  last_total=5.407e-03  last_PDE=8.586e-04 [colloc=7.991e-04, cfd=5.950e-05]  last_WALL=3.226e-15  last_DATA=2.451e-04
/oscar/home/jchen790/cylinder flow lab/src/cfp40.py:1430: OptimizeWarning: Unknown solver options: hess, hessp, bounds, constraints, tol
  result = minimize(
Invoked: SSBroyden1 approach!
[BFGS] batch=  12  call=   431  total=5.410e-03  PDE=8.572e-04 [colloc=7.978e-04, cfd=5.941e-05]  WALL=3.229e-15  DATA=2.461e-04
Invoked: SSBroyden1 approach!
[BFGS] batch=  12  call=   433  total=5.403e-03  PDE=8.542e-04 [colloc=7.948e-04, cfd=5.940e-05]  WALL=3.230e-15  DATA=2.475e-04
Invoked: SSBroyden1 approach!
[BFGS] batch=  12  call=   434  total=5.399e-03  PDE=8.529e-04 [colloc=7.946e-04, cfd=5.825e-05]  WALL=3.229e-15  DATA=2.476e-04
Invoked: SSBroyden1 approach!
[BFGS] batch=  12  call=   435  total=5.399e-03  PDE=8.518e-04 [colloc=7.939e-04, cfd=5.789e-05]  WALL=3.228e-15  DATA=2.475e-04
[BFGS-END] batch=  12  last_total=5.395e-03  last_PDE=8.516e-04 [colloc=7.937e-04, cfd=5.785e-05]  last_WALL=3.227e-15  last_DATA=2.475e-04
/oscar/home/jchen790/cylinder flow lab/src/cfp40.py:1430: OptimizeWarning: Unknown solver options: hess, hessp, bounds, constraints, tol
  result = minimize(
Invoked: SSBroyden1 approach!
[BFGS] batch=  13  call=   462  total=5.380e-03  PDE=8.499e-04 [colloc=7.923e-04, cfd=5.757e-05]  WALL=3.227e-15  DATA=2.483e-04
Invoked: SSBroyden1 approach!
[BFGS] batch=  13  call=   463  total=5.378e-03  PDE=8.458e-04 [colloc=7.887e-04, cfd=5.704e-05]  WALL=3.224e-15  DATA=2.498e-04
Invoked: SSBroyden1 approach!
[BFGS] batch=  13  call=   472  total=5.337e-03  PDE=8.445e-04 [colloc=7.875e-04, cfd=5.707e-05]  WALL=3.223e-15  DATA=2.495e-04
[BFGS-END] batch=  13  last_total=5.383e-03  last_PDE=8.445e-04 [colloc=7.875e-04, cfd=5.706e-05]  last_WALL=3.223e-15  last_DATA=2.495e-04
/oscar/home/jchen790/cylinder flow lab/src/cfp40.py:1430: OptimizeWarning: Unknown solver options: hess, hessp, bounds, constraints, tol
  result = minimize(
Invoked: SSBroyden1 approach!
[BFGS] batch=  14  call=   494  total=5.362e-03  PDE=8.445e-04 [colloc=7.875e-04, cfd=5.701e-05]  WALL=3.223e-15  DATA=2.495e-04
Invoked: SSBroyden1 approach!
[BFGS] batch=  14  call=   496  total=5.340e-03  PDE=8.442e-04 [colloc=7.873e-04, cfd=5.690e-05]  WALL=3.223e-15  DATA=2.493e-04
Invoked: SSBroyden1 approach!
[BFGS] batch=  14  call=   497  total=5.338e-03  PDE=8.451e-04 [colloc=7.875e-04, cfd=5.766e-05]  WALL=3.232e-15  DATA=2.445e-04
Invoked: SSBroyden1 approach!
[BFGS] batch=  14  call=   498  total=5.316e-03  PDE=8.442e-04 [colloc=7.869e-04, cfd=5.736e-05]  WALL=3.231e-15  DATA=2.444e-04
Invoked: SSBroyden1 approach!
[BFGS] batch=  14  call=   505  total=5.308e-03  PDE=8.406e-04 [colloc=7.827e-04, cfd=5.791e-05]  WALL=3.228e-15  DATA=2.447e-04
Invoked: SSBroyden1 approach!
[BFGS] batch=  14  call=   511  total=5.301e-03  PDE=8.370e-04 [colloc=7.797e-04, cfd=5.725e-05]  WALL=3.230e-15  DATA=2.456e-04
[BFGS-END] batch=  14  last_total=5.308e-03  last_PDE=8.370e-04 [colloc=7.797e-04, cfd=5.725e-05]  last_WALL=3.230e-15  last_DATA=2.456e-04
/oscar/home/jchen790/cylinder flow lab/src/cfp40.py:1430: OptimizeWarning: Unknown solver options: hess, hessp, bounds, constraints, tol
  result = minimize(
Invoked: SSBroyden1 approach!
[BFGS] batch=  15  call=   536  total=5.316e-03  PDE=8.361e-04 [colloc=7.791e-04, cfd=5.702e-05]  WALL=3.230e-15  DATA=2.453e-04
Invoked: SSBroyden1 approach!
[BFGS] batch=  15  call=   537  total=5.312e-03  PDE=8.319e-04 [colloc=7.754e-04, cfd=5.650e-05]  WALL=3.228e-15  DATA=2.456e-04
Invoked: SSBroyden1 approach!
[BFGS] batch=  15  call=   544  total=5.300e-03  PDE=8.293e-04 [colloc=7.732e-04, cfd=5.612e-05]  WALL=3.227e-15  DATA=2.462e-04
Invoked: SSBroyden1 approach!
[BFGS] batch=  15  call=   545  total=5.294e-03  PDE=8.243e-04 [colloc=7.695e-04, cfd=5.484e-05]  WALL=3.225e-15  DATA=2.461e-04
Invoked: SSBroyden1 approach!
[BFGS] batch=  15  call=   546  total=5.260e-03  PDE=8.217e-04 [colloc=7.670e-04, cfd=5.476e-05]  WALL=3.225e-15  DATA=2.457e-04
Invoked: SSBroyden1 approach!
[BFGS] batch=  15  call=   547  total=5.252e-03  PDE=8.181e-04 [colloc=7.608e-04, cfd=5.735e-05]  WALL=3.225e-15  DATA=2.443e-04
Invoked: SSBroyden1 approach!
[BFGS] batch=  15  call=   548  total=5.214e-03  PDE=8.136e-04 [colloc=7.573e-04, cfd=5.628e-05]  WALL=3.225e-15  DATA=2.451e-04
Invoked: SSBroyden1 approach!
[BFGS] batch=  15  call=   550  total=5.203e-03  PDE=8.079e-04 [colloc=7.522e-04, cfd=5.573e-05]  WALL=3.222e-15  DATA=2.457e-04
[BFGS-END] batch=  15  last_total=5.218e-03  last_PDE=8.079e-04 [colloc=7.522e-04, cfd=5.573e-05]  last_WALL=3.222e-15  last_DATA=2.457e-04
/oscar/home/jchen790/cylinder flow lab/src/cfp40.py:1430: OptimizeWarning: Unknown solver options: hess, hessp, bounds, constraints, tol
  result = minimize(
Invoked: SSBroyden1 approach!
[BFGS] batch=  16  call=   571  total=5.210e-03  PDE=8.026e-04 [colloc=7.477e-04, cfd=5.487e-05]  WALL=3.230e-15  DATA=2.461e-04
Invoked: SSBroyden1 approach!
[BFGS] batch=  16  call=   573  total=5.194e-03  PDE=8.007e-04 [colloc=7.459e-04, cfd=5.474e-05]  WALL=3.231e-15  DATA=2.448e-04
Invoked: SSBroyden1 approach!
[BFGS] batch=  16  call=   575  total=5.191e-03  PDE=7.984e-04 [colloc=7.437e-04, cfd=5.461e-05]  WALL=3.229e-15  DATA=2.447e-04
Invoked: SSBroyden1 approach!
[BFGS] batch=  16  call=   576  total=5.177e-03  PDE=7.968e-04 [colloc=7.422e-04, cfd=5.452e-05]  WALL=3.228e-15  DATA=2.442e-04
Invoked: SSBroyden1 approach!
[BFGS] batch=  16  call=   577  total=5.170e-03  PDE=7.930e-04 [colloc=7.390e-04, cfd=5.405e-05]  WALL=3.222e-15  DATA=2.425e-04
Invoked: SSBroyden1 approach!
[BFGS] batch=  16  call=   578  total=5.154e-03  PDE=7.894e-04 [colloc=7.352e-04, cfd=5.425e-05]  WALL=3.220e-15  DATA=2.426e-04
Invoked: SSBroyden1 approach!
[BFGS] batch=  16  call=   579  total=5.150e-03  PDE=7.826e-04 [colloc=7.275e-04, cfd=5.508e-05]  WALL=3.217e-15  DATA=2.402e-04
Invoked: SSBroyden1 approach!
[BFGS] batch=  16  call=   580  total=5.129e-03  PDE=7.807e-04 [colloc=7.258e-04, cfd=5.484e-05]  WALL=3.217e-15  DATA=2.387e-04
Invoked: SSBroyden1 approach!
[BFGS] batch=  16  call=   581  total=5.118e-03  PDE=7.783e-04 [colloc=7.224e-04, cfd=5.581e-05]  WALL=3.217e-15  DATA=2.310e-04
Invoked: SSBroyden1 approach!
[BFGS] batch=  16  call=   582  total=5.094e-03  PDE=7.741e-04 [colloc=7.182e-04, cfd=5.588e-05]  WALL=3.216e-15  DATA=2.308e-04
Invoked: SSBroyden1 approach!
[BFGS] batch=  16  call=   590  total=5.082e-03  PDE=7.751e-04 [colloc=7.169e-04, cfd=5.820e-05]  WALL=3.206e-15  DATA=2.270e-04
Invoked: SSBroyden1 approach!
[BFGS] batch=  16  call=   591  total=5.076e-03  PDE=7.702e-04 [colloc=7.120e-04, cfd=5.825e-05]  WALL=3.211e-15  DATA=2.276e-04
Invoked: SSBroyden1 approach!
[BFGS] batch=  16  call=   592  total=5.062e-03  PDE=7.675e-04 [colloc=7.098e-04, cfd=5.769e-05]  WALL=3.210e-15  DATA=2.279e-04
[BFGS] batch 16: H0 not PD — resetting to identity.
[BFGS-END] batch=  16  last_total=5.063e-03  last_PDE=7.674e-04 [colloc=7.097e-04, cfd=5.768e-05]  last_WALL=3.210e-15  last_DATA=2.279e-04
/oscar/home/jchen790/cylinder flow lab/src/cfp40.py:1430: OptimizeWarning: Unknown solver options: hess, hessp, bounds, constraints, tol
  result = minimize(
Invoked: SSBroyden1 approach!
[BFGS] batch=  17  call=   616  total=5.067e-03  PDE=7.670e-04 [colloc=7.093e-04, cfd=5.765e-05]  WALL=3.207e-15  DATA=2.277e-04
Invoked: SSBroyden1 approach!
[BFGS] batch=  17  call=   617  total=5.061e-03  PDE=7.653e-04 [colloc=7.081e-04, cfd=5.721e-05]  WALL=3.207e-15  DATA=2.259e-04
Invoked: SSBroyden1 approach!
[BFGS] batch=  17  call=   619  total=5.060e-03  PDE=7.651e-04 [colloc=7.080e-04, cfd=5.716e-05]  WALL=3.208e-15  DATA=2.256e-04
[BFGS-END] batch=  17  last_total=5.056e-03  last_PDE=7.651e-04 [colloc=7.079e-04, cfd=5.716e-05]  last_WALL=3.208e-15  last_DATA=2.256e-04
/oscar/home/jchen790/cylinder flow lab/src/cfp40.py:1430: OptimizeWarning: Unknown solver options: hess, hessp, bounds, constraints, tol
  result = minimize(
Invoked: SSBroyden1 approach!
[BFGS] batch=  18  call=   641  total=5.056e-03  PDE=7.631e-04 [colloc=7.065e-04, cfd=5.664e-05]  WALL=3.197e-15  DATA=2.244e-04
Invoked: SSBroyden1 approach!
[BFGS] batch=  18  call=   642  total=5.031e-03  PDE=7.577e-04 [colloc=7.023e-04, cfd=5.545e-05]  WALL=3.192e-15  DATA=2.255e-04
Invoked: SSBroyden1 approach!
[BFGS] batch=  18  call=   643  total=5.027e-03  PDE=7.499e-04 [colloc=6.954e-04, cfd=5.448e-05]  WALL=3.188e-15  DATA=2.286e-04
Invoked: SSBroyden1 approach!
[BFGS] batch=  18  call=   644  total=4.997e-03  PDE=7.475e-04 [colloc=6.932e-04, cfd=5.427e-05]  WALL=3.192e-15  DATA=2.288e-04
Invoked: SSBroyden1 approach!
[BFGS] batch=  18  call=   655  total=4.991e-03  PDE=7.482e-04 [colloc=6.942e-04, cfd=5.398e-05]  WALL=3.201e-15  DATA=2.274e-04
[BFGS-END] batch=  18  last_total=4.997e-03  last_PDE=7.482e-04 [colloc=6.942e-04, cfd=5.398e-05]  last_WALL=3.201e-15  last_DATA=2.274e-04
/oscar/home/jchen790/cylinder flow lab/src/cfp40.py:1430: OptimizeWarning: Unknown solver options: hess, hessp, bounds, constraints, tol
  result = minimize(
Invoked: SSBroyden1 approach!
[BFGS] batch=  19  call=   676  total=4.988e-03  PDE=7.473e-04 [colloc=6.935e-04, cfd=5.383e-05]  WALL=3.214e-15  DATA=2.251e-04
Invoked: SSBroyden1 approach!
[BFGS] batch=  19  call=   678  total=4.964e-03  PDE=7.508e-04 [colloc=6.974e-04, cfd=5.338e-05]  WALL=3.211e-15  DATA=2.232e-04
Invoked: SSBroyden1 approach!
[BFGS] batch=  19  call=   680  total=4.956e-03  PDE=7.488e-04 [colloc=6.957e-04, cfd=5.310e-05]  WALL=3.213e-15  DATA=2.232e-04
[BFGS-END] batch=  19  last_total=4.973e-03  last_PDE=7.488e-04 [colloc=6.957e-04, cfd=5.310e-05]  last_WALL=3.213e-15  last_DATA=2.232e-04
/oscar/home/jchen790/cylinder flow lab/src/cfp40.py:1430: OptimizeWarning: Unknown solver options: hess, hessp, bounds, constraints, tol
  result = minimize(
Invoked: SSBroyden1 approach!
[BFGS] batch=  20  call=   701  total=4.972e-03  PDE=7.507e-04 [colloc=6.981e-04, cfd=5.262e-05]  WALL=3.211e-15  DATA=2.232e-04
Invoked: SSBroyden1 approach!
[BFGS] batch=  20  call=   702  total=4.951e-03  PDE=7.491e-04 [colloc=6.966e-04, cfd=5.252e-05]  WALL=3.214e-15  DATA=2.245e-04
[BFGS-END] batch=  20  last_total=4.939e-03  last_PDE=7.491e-04 [colloc=6.966e-04, cfd=5.252e-05]  last_WALL=3.214e-15  last_DATA=2.245e-04
/oscar/home/jchen790/cylinder flow lab/src/cfp40.py:1430: OptimizeWarning: Unknown solver options: hess, hessp, bounds, constraints, tol
  result = minimize(
Invoked: SSBroyden1 approach!
[BFGS] batch=  21  call=   723  total=4.938e-03  PDE=7.509e-04 [colloc=6.981e-04, cfd=5.284e-05]  WALL=3.216e-15  DATA=2.235e-04
Invoked: SSBroyden1 approach!
[BFGS] batch=  21  call=   732  total=4.926e-03  PDE=7.493e-04 [colloc=6.966e-04, cfd=5.277e-05]  WALL=3.219e-15  DATA=2.240e-04
Invoked: SSBroyden1 approach!
[BFGS] batch=  21  call=   739  total=4.915e-03  PDE=7.485e-04 [colloc=6.956e-04, cfd=5.282e-05]  WALL=3.215e-15  DATA=2.197e-04
Invoked: SSBroyden1 approach!
[BFGS] batch=  21  call=   746  total=4.915e-03  PDE=7.517e-04 [colloc=6.984e-04, cfd=5.324e-05]  WALL=3.227e-15  DATA=2.150e-04
[BFGS-END] batch=  21  last_total=4.941e-03  last_PDE=7.517e-04 [colloc=6.984e-04, cfd=5.324e-05]  last_WALL=3.227e-15  last_DATA=2.150e-04
/oscar/home/jchen790/cylinder flow lab/src/cfp40.py:1430: OptimizeWarning: Unknown solver options: hess, hessp, bounds, constraints, tol
  result = minimize(
Invoked: SSBroyden1 approach!
[BFGS] batch=  22  call=   769  total=4.924e-03  PDE=7.517e-04 [colloc=6.984e-04, cfd=5.324e-05]  WALL=3.227e-15  DATA=2.150e-04
Invoked: SSBroyden1 approach!
[BFGS] batch=  22  call=   771  total=4.919e-03  PDE=7.516e-04 [colloc=6.984e-04, cfd=5.322e-05]  WALL=3.227e-15  DATA=2.150e-04
Invoked: SSBroyden1 approach!
[BFGS] batch=  22  call=   772  total=4.908e-03  PDE=7.506e-04 [colloc=6.976e-04, cfd=5.303e-05]  WALL=3.228e-15  DATA=2.145e-04
Invoked: SSBroyden1 approach!
[BFGS] batch=  22  call=   781  total=4.907e-03  PDE=7.501e-04 [colloc=6.971e-04, cfd=5.299e-05]  WALL=3.228e-15  DATA=2.140e-04
[BFGS-END] batch=  22  last_total=4.911e-03  last_PDE=7.501e-04 [colloc=6.971e-04, cfd=5.299e-05]  last_WALL=3.228e-15  last_DATA=2.140e-04
/oscar/home/jchen790/cylinder flow lab/src/cfp40.py:1430: OptimizeWarning: Unknown solver options: hess, hessp, bounds, constraints, tol
  result = minimize(
Invoked: SSBroyden1 approach!
[BFGS] batch=  23  call=   801  total=4.933e-03  PDE=7.485e-04 [colloc=6.962e-04, cfd=5.231e-05]  WALL=3.231e-15  DATA=2.151e-04
Invoked: SSBroyden1 approach!
[BFGS] batch=  23  call=   802  total=4.930e-03  PDE=7.483e-04 [colloc=6.960e-04, cfd=5.223e-05]  WALL=3.231e-15  DATA=2.148e-04
Invoked: SSBroyden1 approach!
[BFGS] batch=  23  call=   803  total=4.923e-03  PDE=7.470e-04 [colloc=6.949e-04, cfd=5.215e-05]  WALL=3.231e-15  DATA=2.139e-04
Invoked: SSBroyden1 approach!
[BFGS] batch=  23  call=   813  total=4.882e-03  PDE=7.463e-04 [colloc=6.944e-04, cfd=5.192e-05]  WALL=3.228e-15  DATA=2.121e-04
[BFGS-END] batch=  23  last_total=4.891e-03  last_PDE=7.460e-04 [colloc=6.942e-04, cfd=5.183e-05]  last_WALL=3.228e-15  last_DATA=2.120e-04
/oscar/home/jchen790/cylinder flow lab/src/cfp40.py:1430: OptimizeWarning: Unknown solver options: hess, hessp, bounds, constraints, tol
  result = minimize(
Invoked: SSBroyden1 approach!
[BFGS] batch=  24  call=   835  total=4.909e-03  PDE=7.439e-04 [colloc=6.923e-04, cfd=5.157e-05]  WALL=3.225e-15  DATA=2.127e-04
Invoked: SSBroyden1 approach!
[BFGS] batch=  24  call=   836  total=4.895e-03  PDE=7.437e-04 [colloc=6.922e-04, cfd=5.154e-05]  WALL=3.224e-15  DATA=2.125e-04
Invoked: SSBroyden1 approach!
[BFGS] batch=  24  call=   837  total=4.885e-03  PDE=7.446e-04 [colloc=6.934e-04, cfd=5.123e-05]  WALL=3.229e-15  DATA=2.125e-04
Invoked: SSBroyden1 approach!
[BFGS] batch=  24  call=   844  total=4.870e-03  PDE=7.451e-04 [colloc=6.924e-04, cfd=5.263e-05]  WALL=3.232e-15  DATA=2.126e-04
[BFGS-END] batch=  24  last_total=4.891e-03  last_PDE=7.451e-04 [colloc=6.924e-04, cfd=5.263e-05]  last_WALL=3.232e-15  last_DATA=2.126e-04
/oscar/home/jchen790/cylinder flow lab/src/cfp40.py:1430: OptimizeWarning: Unknown solver options: hess, hessp, bounds, constraints, tol
  result = minimize(
Invoked: SSBroyden1 approach!
[BFGS] batch=  25  call=   865  total=4.888e-03  PDE=7.443e-04 [colloc=6.923e-04, cfd=5.200e-05]  WALL=3.237e-15  DATA=2.144e-04
Invoked: SSBroyden1 approach!
[BFGS] batch=  25  call=   866  total=4.865e-03  PDE=7.426e-04 [colloc=6.908e-04, cfd=5.183e-05]  WALL=3.234e-15  DATA=2.144e-04
Invoked: SSBroyden1 approach!
[BFGS] batch=  25  call=   875  total=4.859e-03  PDE=7.425e-04 [colloc=6.911e-04, cfd=5.136e-05]  WALL=3.236e-15  DATA=2.130e-04
Invoked: SSBroyden1 approach!
[BFGS] batch=  25  call=   886  total=4.857e-03  PDE=7.422e-04 [colloc=6.908e-04, cfd=5.135e-05]  WALL=3.235e-15  DATA=2.130e-04
Invoked: SSBroyden1 approach!
[BFGS] batch=  25  call=   887  total=4.845e-03  PDE=7.419e-04 [colloc=6.906e-04, cfd=5.137e-05]  WALL=3.233e-15  DATA=2.124e-04
[BFGS-END] batch=  25  last_total=4.877e-03  last_PDE=7.419e-04 [colloc=6.906e-04, cfd=5.137e-05]  last_WALL=3.233e-15  last_DATA=2.124e-04
/oscar/home/jchen790/cylinder flow lab/src/cfp40.py:1430: OptimizeWarning: Unknown solver options: hess, hessp, bounds, constraints, tol
  result = minimize(
Invoked: SSBroyden1 approach!
[BFGS] batch=  26  call=   908  total=4.853e-03  PDE=7.404e-04 [colloc=6.886e-04, cfd=5.175e-05]  WALL=3.234e-15  DATA=2.146e-04
Invoked: SSBroyden1 approach!
[BFGS] batch=  26  call=   917  total=4.850e-03  PDE=7.393e-04 [colloc=6.876e-04, cfd=5.170e-05]  WALL=3.231e-15  DATA=2.127e-04
Invoked: SSBroyden1 approach!
[BFGS] batch=  26  call=   923  total=4.843e-03  PDE=7.389e-04 [colloc=6.874e-04, cfd=5.150e-05]  WALL=3.231e-15  DATA=2.120e-04
Invoked: SSBroyden1 approach!
[BFGS] batch=  26  call=   931  total=4.833e-03  PDE=7.382e-04 [colloc=6.868e-04, cfd=5.137e-05]  WALL=3.230e-15  DATA=2.111e-04
[BFGS-END] batch=  26  last_total=4.852e-03  last_PDE=7.382e-04 [colloc=6.868e-04, cfd=5.137e-05]  last_WALL=3.230e-15  last_DATA=2.111e-04
/oscar/home/jchen790/cylinder flow lab/src/cfp40.py:1430: OptimizeWarning: Unknown solver options: hess, hessp, bounds, constraints, tol
  result = minimize(
Invoked: SSBroyden1 approach!
[BFGS] batch=  27  call=   952  total=4.858e-03  PDE=7.391e-04 [colloc=6.877e-04, cfd=5.146e-05]  WALL=3.230e-15  DATA=2.093e-04
Invoked: SSBroyden1 approach!
[BFGS] batch=  27  call=   954  total=4.837e-03  PDE=7.374e-04 [colloc=6.868e-04, cfd=5.060e-05]  WALL=3.231e-15  DATA=2.081e-04
Invoked: SSBroyden1 approach!
[BFGS] batch=  27  call=   955  total=4.815e-03  PDE=7.341e-04 [colloc=6.841e-04, cfd=5.007e-05]  WALL=3.225e-15  DATA=2.075e-04
Invoked: SSBroyden1 approach!
[BFGS] batch=  27  call=   957  total=4.806e-03  PDE=7.333e-04 [colloc=6.833e-04, cfd=4.996e-05]  WALL=3.224e-15  DATA=2.071e-04
[BFGS-END] batch=  27  last_total=4.834e-03  last_PDE=7.333e-04 [colloc=6.833e-04, cfd=4.996e-05]  last_WALL=3.224e-15  last_DATA=2.071e-04
/oscar/home/jchen790/cylinder flow lab/src/cfp40.py:1430: OptimizeWarning: Unknown solver options: hess, hessp, bounds, constraints, tol
  result = minimize(
Invoked: SSBroyden1 approach!
[BFGS] batch=  28  call=   980  total=4.824e-03  PDE=7.337e-04 [colloc=6.839e-04, cfd=4.984e-05]  WALL=3.225e-15  DATA=2.074e-04
Invoked: SSBroyden1 approach!
[BFGS] batch=  28  call=   988  total=4.796e-03  PDE=7.318e-04 [colloc=6.818e-04, cfd=5.002e-05]  WALL=3.225e-15  DATA=2.083e-04
Invoked: SSBroyden1 approach!
[BFGS] batch=  28  call=   990  total=4.796e-03  PDE=7.290e-04 [colloc=6.791e-04, cfd=4.982e-05]  WALL=3.222e-15  DATA=2.088e-04
[BFGS-END] batch=  28  last_total=4.798e-03  last_PDE=7.288e-04 [colloc=6.790e-04, cfd=4.983e-05]  last_WALL=3.222e-15  last_DATA=2.088e-04
/oscar/home/jchen790/cylinder flow lab/src/cfp40.py:1430: OptimizeWarning: Unknown solver options: hess, hessp, bounds, constraints, tol
  result = minimize(
Invoked: SSBroyden1 approach!
[BFGS] batch=  29  call=  1015  total=4.832e-03  PDE=7.279e-04 [colloc=6.773e-04, cfd=5.057e-05]  WALL=3.225e-15  DATA=2.108e-04
Invoked: SSBroyden1 approach!
[BFGS] batch=  29  call=  1016  total=4.774e-03  PDE=7.287e-04 [colloc=6.764e-04, cfd=5.225e-05]  WALL=3.217e-15  DATA=2.103e-04
[BFGS-END] batch=  29  last_total=4.809e-03  last_PDE=7.287e-04 [colloc=6.764e-04, cfd=5.225e-05]  last_WALL=3.217e-15  last_DATA=2.103e-04
/oscar/home/jchen790/cylinder flow lab/src/cfp40.py:1430: OptimizeWarning: Unknown solver options: hess, hessp, bounds, constraints, tol
  result = minimize(
Invoked: SSBroyden1 approach!
[BFGS] batch=  30  call=  1048  total=4.788e-03  PDE=7.282e-04 [colloc=6.760e-04, cfd=5.223e-05]  WALL=3.216e-15  DATA=2.103e-04
[BFGS-END] batch=  30  last_total=4.793e-03  last_PDE=7.279e-04 [colloc=6.757e-04, cfd=5.218e-05]  last_WALL=3.217e-15  last_DATA=2.102e-04
/oscar/home/jchen790/cylinder flow lab/src/cfp40.py:1430: OptimizeWarning: Unknown solver options: hess, hessp, bounds, constraints, tol
  result = minimize(
Invoked: SSBroyden1 approach!
[BFGS] batch=  31  call=  1079  total=4.775e-03  PDE=7.270e-04 [colloc=6.747e-04, cfd=5.226e-05]  WALL=3.219e-15  DATA=2.092e-04
[BFGS-END] batch=  31  last_total=4.794e-03  last_PDE=7.270e-04 [colloc=6.747e-04, cfd=5.226e-05]  last_WALL=3.219e-15  last_DATA=2.092e-04
/oscar/home/jchen790/cylinder flow lab/src/cfp40.py:1430: OptimizeWarning: Unknown solver options: hess, hessp, bounds, constraints, tol
  result = minimize(
Invoked: SSBroyden1 approach!
[BFGS] batch=  32  call=  1100  total=4.778e-03  PDE=7.239e-04 [colloc=6.723e-04, cfd=5.169e-05]  WALL=3.222e-15  DATA=2.087e-04
Invoked: SSBroyden1 approach!
[BFGS] batch=  32  call=  1106  total=4.775e-03  PDE=7.213e-04 [colloc=6.701e-04, cfd=5.122e-05]  WALL=3.220e-15  DATA=2.090e-04
Invoked: SSBroyden1 approach!
[BFGS] batch=  32  call=  1107  total=4.765e-03  PDE=7.196e-04 [colloc=6.687e-04, cfd=5.098e-05]  WALL=3.219e-15  DATA=2.088e-04
Invoked: SSBroyden1 approach!
[BFGS] batch=  32  call=  1108  total=4.761e-03  PDE=7.149e-04 [colloc=6.647e-04, cfd=5.024e-05]  WALL=3.222e-15  DATA=2.097e-04
Invoked: SSBroyden1 approach!
[BFGS] batch=  32  call=  1117  total=4.753e-03  PDE=7.145e-04 [colloc=6.643e-04, cfd=5.019e-05]  WALL=3.222e-15  DATA=2.098e-04
Invoked: SSBroyden1 approach!
[BFGS] batch=  32  call=  1118  total=4.734e-03  PDE=7.112e-04 [colloc=6.610e-04, cfd=5.026e-05]  WALL=3.225e-15  DATA=2.101e-04
[BFGS-END] batch=  32  last_total=4.761e-03  last_PDE=7.111e-04 [colloc=6.609e-04, cfd=5.022e-05]  last_WALL=3.225e-15  last_DATA=2.101e-04
/oscar/home/jchen790/cylinder flow lab/src/cfp40.py:1430: OptimizeWarning: Unknown solver options: hess, hessp, bounds, constraints, tol
  result = minimize(
Invoked: SSBroyden1 approach!
[BFGS] batch=  33  call=  1140  total=4.748e-03  PDE=7.106e-04 [colloc=6.608e-04, cfd=4.982e-05]  WALL=3.222e-15  DATA=2.120e-04
Invoked: SSBroyden1 approach!
[BFGS] batch=  33  call=  1141  total=4.718e-03  PDE=7.097e-04 [colloc=6.599e-04, cfd=4.981e-05]  WALL=3.223e-15  DATA=2.124e-04
[BFGS-END] batch=  33  last_total=4.752e-03  last_PDE=7.097e-04 [colloc=6.599e-04, cfd=4.981e-05]  last_WALL=3.223e-15  last_DATA=2.124e-04
/oscar/home/jchen790/cylinder flow lab/src/cfp40.py:1430: OptimizeWarning: Unknown solver options: hess, hessp, bounds, constraints, tol
  result = minimize(
Invoked: SSBroyden1 approach!
[BFGS] batch=  34  call=  1162  total=4.740e-03  PDE=7.087e-04 [colloc=6.590e-04, cfd=4.975e-05]  WALL=3.223e-15  DATA=2.124e-04
[BFGS-END] batch=  34  last_total=4.745e-03  last_PDE=7.085e-04 [colloc=6.587e-04, cfd=4.974e-05]  last_WALL=3.223e-15  last_DATA=2.125e-04
/oscar/home/jchen790/cylinder flow lab/src/cfp40.py:1430: OptimizeWarning: Unknown solver options: hess, hessp, bounds, constraints, tol
  result = minimize(
Invoked: SSBroyden1 approach!
[BFGS] batch=  35  call=  1190  total=4.723e-03  PDE=7.043e-04 [colloc=6.544e-04, cfd=4.995e-05]  WALL=3.222e-15  DATA=2.128e-04
[BFGS-END] batch=  35  last_total=4.713e-03  last_PDE=7.041e-04 [colloc=6.542e-04, cfd=4.995e-05]  last_WALL=3.222e-15  last_DATA=2.128e-04
/oscar/home/jchen790/cylinder flow lab/src/cfp40.py:1430: OptimizeWarning: Unknown solver options: hess, hessp, bounds, constraints, tol
  result = minimize(
Invoked: SSBroyden1 approach!
[BFGS] batch=  36  call=  1211  total=4.719e-03  PDE=7.015e-04 [colloc=6.516e-04, cfd=4.991e-05]  WALL=3.221e-15  DATA=2.153e-04
Invoked: SSBroyden1 approach!
[BFGS] batch=  36  call=  1212  total=4.703e-03  PDE=6.989e-04 [colloc=6.488e-04, cfd=5.013e-05]  WALL=3.223e-15  DATA=2.164e-04
Invoked: SSBroyden1 approach!
[BFGS] batch=  36  call=  1213  total=4.694e-03  PDE=6.938e-04 [colloc=6.438e-04, cfd=5.000e-05]  WALL=3.222e-15  DATA=2.165e-04
Invoked: SSBroyden1 approach!
[BFGS] batch=  36  call=  1214  total=4.687e-03  PDE=6.902e-04 [colloc=6.410e-04, cfd=4.926e-05]  WALL=3.222e-15  DATA=2.156e-04
Invoked: SSBroyden1 approach!
[BFGS] batch=  36  call=  1221  total=4.674e-03  PDE=6.864e-04 [colloc=6.373e-04, cfd=4.911e-05]  WALL=3.220e-15  DATA=2.150e-04
Invoked: SSBroyden1 approach!
[BFGS] batch=  36  call=  1230  total=4.666e-03  PDE=6.817e-04 [colloc=6.323e-04, cfd=4.945e-05]  WALL=3.223e-15  DATA=2.156e-04
Invoked: SSBroyden1 approach!
[BFGS] batch=  36  call=  1241  total=4.640e-03  PDE=6.788e-04 [colloc=6.298e-04, cfd=4.902e-05]  WALL=3.228e-15  DATA=2.164e-04
Invoked: SSBroyden1 approach!
[BFGS] batch=  36  call=  1243  total=4.638e-03  PDE=6.769e-04 [colloc=6.276e-04, cfd=4.923e-05]  WALL=3.228e-15  DATA=2.164e-04
Invoked: SSBroyden1 approach!
[BFGS] batch=  36  call=  1252  total=4.637e-03  PDE=6.759e-04 [colloc=6.267e-04, cfd=4.920e-05]  WALL=3.227e-15  DATA=2.164e-04
Invoked: SSBroyden1 approach!
[BFGS] batch=  36  call=  1254  total=4.608e-03  PDE=6.727e-04 [colloc=6.238e-04, cfd=4.888e-05]  WALL=3.225e-15  DATA=2.154e-04
Invoked: SSBroyden1 approach!
[BFGS] batch=  36  call=  1255  total=4.588e-03  PDE=6.644e-04 [colloc=6.145e-04, cfd=4.990e-05]  WALL=3.225e-15  DATA=2.119e-04
Invoked: SSBroyden1 approach!
[BFGS] batch=  36  call=  1256  total=4.543e-03  PDE=6.561e-04 [colloc=6.061e-04, cfd=5.000e-05]  WALL=3.228e-15  DATA=2.100e-04
Invoked: SSBroyden1 approach!
[BFGS] batch=  36  call=  1257  total=4.520e-03  PDE=6.498e-04 [colloc=5.977e-04, cfd=5.215e-05]  WALL=3.233e-15  DATA=2.076e-04
Invoked: SSBroyden1 approach!
[BFGS] batch=  36  call=  1258  total=4.498e-03  PDE=6.422e-04 [colloc=5.891e-04, cfd=5.312e-05]  WALL=3.242e-15  DATA=2.063e-04
Invoked: SSBroyden1 approach!
[BFGS] batch=  36  call=  1259  total=4.492e-03  PDE=6.356e-04 [colloc=5.824e-04, cfd=5.311e-05]  WALL=3.230e-15  DATA=2.060e-04
Invoked: SSBroyden1 approach!
[BFGS] batch=  36  call=  1260  total=4.485e-03  PDE=6.328e-04 [colloc=5.797e-04, cfd=5.308e-05]  WALL=3.227e-15  DATA=2.054e-04
Invoked: SSBroyden1 approach!
[BFGS] batch=  36  call=  1261  total=4.445e-03  PDE=6.302e-04 [colloc=5.774e-04, cfd=5.285e-05]  WALL=3.228e-15  DATA=2.042e-04
Invoked: SSBroyden1 approach!
[BFGS] batch=  36  call=  1262  total=4.410e-03  PDE=6.214e-04 [colloc=5.685e-04, cfd=5.285e-05]  WALL=3.256e-15  DATA=2.010e-04
Invoked: SSBroyden1 approach!
[BFGS] batch=  36  call=  1263  total=4.409e-03  PDE=6.079e-04 [colloc=5.527e-04, cfd=5.526e-05]  WALL=3.232e-15  DATA=1.974e-04
Invoked: SSBroyden1 approach!
[BFGS] batch=  36  call=  1266  total=4.352e-03  PDE=6.052e-04 [colloc=5.498e-04, cfd=5.538e-05]  WALL=3.233e-15  DATA=1.953e-04
Invoked: SSBroyden1 approach!
[BFGS] batch=  36  call=  1267  total=4.338e-03  PDE=6.000e-04 [colloc=5.424e-04, cfd=5.756e-05]  WALL=3.232e-15  DATA=1.905e-04
Invoked: SSBroyden1 approach!
[BFGS] batch=  36  call=  1268  total=4.336e-03  PDE=5.943e-04 [colloc=5.375e-04, cfd=5.686e-05]  WALL=3.225e-15  DATA=1.888e-04
Invoked: SSBroyden1 approach!
[BFGS] batch=  36  call=  1270  total=4.276e-03  PDE=5.908e-04 [colloc=5.344e-04, cfd=5.637e-05]  WALL=3.227e-15  DATA=1.881e-04
Invoked: SSBroyden1 approach!
[BFGS] batch=  36  call=  1271  total=4.232e-03  PDE=5.788e-04 [colloc=5.226e-04, cfd=5.623e-05]  WALL=3.224e-15  DATA=1.753e-04
Invoked: SSBroyden1 approach!
[BFGS] batch=  36  call=  1272  total=4.143e-03  PDE=5.657e-04 [colloc=5.106e-04, cfd=5.517e-05]  WALL=3.219e-15  DATA=1.712e-04
Invoked: SSBroyden1 approach!
[BFGS] batch=  36  call=  1274  total=4.139e-03  PDE=5.607e-04 [colloc=5.048e-04, cfd=5.593e-05]  WALL=3.217e-15  DATA=1.695e-04
Invoked: SSBroyden1 approach!
[BFGS] batch=  36  call=  1275  total=4.111e-03  PDE=5.593e-04 [colloc=5.036e-04, cfd=5.566e-05]  WALL=3.219e-15  DATA=1.692e-04
Invoked: SSBroyden1 approach!
[BFGS] batch=  36  call=  1276  total=4.049e-03  PDE=5.548e-04 [colloc=4.991e-04, cfd=5.563e-05]  WALL=3.231e-15  DATA=1.685e-04
Invoked: SSBroyden1 approach!
[BFGS] batch=  36  call=  1278  total=4.035e-03  PDE=5.474e-04 [colloc=4.923e-04, cfd=5.503e-05]  WALL=3.233e-15  DATA=1.685e-04
Invoked: SSBroyden1 approach!
[BFGS] batch=  36  call=  1286  total=4.026e-03  PDE=5.445e-04 [colloc=4.900e-04, cfd=5.454e-05]  WALL=3.230e-15  DATA=1.685e-04
Invoked: SSBroyden1 approach!
[BFGS] batch=  36  call=  1287  total=4.017e-03  PDE=5.409e-04 [colloc=4.867e-04, cfd=5.419e-05]  WALL=3.226e-15  DATA=1.691e-04
Invoked: SSBroyden1 approach!
[BFGS] batch=  36  call=  1288  total=3.996e-03  PDE=5.377e-04 [colloc=4.841e-04, cfd=5.360e-05]  WALL=3.223e-15  DATA=1.689e-04
Invoked: SSBroyden1 approach!
[BFGS] batch=  36  call=  1289  total=3.964e-03  PDE=5.306e-04 [colloc=4.778e-04, cfd=5.278e-05]  WALL=3.218e-15  DATA=1.704e-04
Invoked: SSBroyden1 approach!
[BFGS] batch=  36  call=  1290  total=3.923e-03  PDE=5.220e-04 [colloc=4.695e-04, cfd=5.248e-05]  WALL=3.212e-15  DATA=1.745e-04
Invoked: SSBroyden1 approach!
[BFGS] batch=  36  call=  1291  total=3.916e-03  PDE=5.155e-04 [colloc=4.631e-04, cfd=5.238e-05]  WALL=3.234e-15  DATA=1.768e-04
Invoked: SSBroyden1 approach!
[BFGS] batch=  36  call=  1292  total=3.908e-03  PDE=5.127e-04 [colloc=4.607e-04, cfd=5.199e-05]  WALL=3.236e-15  DATA=1.769e-04
Invoked: SSBroyden1 approach!
[BFGS] batch=  36  call=  1293  total=3.850e-03  PDE=5.088e-04 [colloc=4.572e-04, cfd=5.156e-05]  WALL=3.237e-15  DATA=1.774e-04
Invoked: SSBroyden1 approach!
[BFGS] batch=  36  call=  1294  total=3.841e-03  PDE=5.015e-04 [colloc=4.478e-04, cfd=5.367e-05]  WALL=3.223e-15  DATA=1.795e-04
Invoked: SSBroyden1 approach!
[BFGS] batch=  36  call=  1295  total=3.830e-03  PDE=4.963e-04 [colloc=4.435e-04, cfd=5.276e-05]  WALL=3.219e-15  DATA=1.798e-04
Invoked: SSBroyden1 approach!
[BFGS] batch=  36  call=  1296  total=3.808e-03  PDE=4.916e-04 [colloc=4.399e-04, cfd=5.173e-05]  WALL=3.221e-15  DATA=1.800e-04
Invoked: SSBroyden1 approach!
[BFGS] batch=  36  call=  1297  total=3.772e-03  PDE=4.847e-04 [colloc=4.345e-04, cfd=5.023e-05]  WALL=3.225e-15  DATA=1.790e-04
Invoked: SSBroyden1 approach!
[BFGS] batch=  36  call=  1298  total=3.758e-03  PDE=4.791e-04 [colloc=4.304e-04, cfd=4.871e-05]  WALL=3.243e-15  DATA=1.829e-04
Invoked: SSBroyden1 approach!
[BFGS] batch=  36  call=  1299  total=3.750e-03  PDE=4.736e-04 [colloc=4.259e-04, cfd=4.770e-05]  WALL=3.238e-15  DATA=1.828e-04
Invoked: SSBroyden1 approach!
[BFGS] batch=  36  call=  1300  total=3.739e-03  PDE=4.701e-04 [colloc=4.229e-04, cfd=4.714e-05]  WALL=3.241e-15  DATA=1.826e-04
Invoked: SSBroyden1 approach!
[BFGS] batch=  36  call=  1301  total=3.711e-03  PDE=4.662e-04 [colloc=4.197e-04, cfd=4.647e-05]  WALL=3.240e-15  DATA=1.823e-04
Invoked: SSBroyden1 approach!
[BFGS] batch=  36  call=  1302  total=3.671e-03  PDE=4.584e-04 [colloc=4.126e-04, cfd=4.580e-05]  WALL=3.259e-15  DATA=1.811e-04
Invoked: SSBroyden1 approach!
[BFGS] batch=  36  call=  1304  total=3.661e-03  PDE=4.530e-04 [colloc=4.083e-04, cfd=4.469e-05]  WALL=3.259e-15  DATA=1.810e-04
Invoked: SSBroyden1 approach!
[BFGS] batch=  36  call=  1305  total=3.637e-03  PDE=4.502e-04 [colloc=4.062e-04, cfd=4.404e-05]  WALL=3.265e-15  DATA=1.797e-04
Invoked: SSBroyden1 approach!
[BFGS] batch=  36  call=  1306  total=3.621e-03  PDE=4.446e-04 [colloc=4.008e-04, cfd=4.380e-05]  WALL=3.244e-15  DATA=1.770e-04
[BFGS] batch 36: H0 not PD — resetting to identity.
[BFGS-END] batch=  36  last_total=3.629e-03  last_PDE=4.440e-04 [colloc=4.002e-04, cfd=4.376e-05]  last_WALL=3.245e-15  last_DATA=1.768e-04
/oscar/home/jchen790/cylinder flow lab/src/cfp40.py:1430: OptimizeWarning: Unknown solver options: hess, hessp, bounds, constraints, tol
  result = minimize(
Invoked: SSBroyden1 approach!
[BFGS] batch=  37  call=  1331  total=3.642e-03  PDE=4.440e-04 [colloc=4.002e-04, cfd=4.378e-05]  WALL=3.250e-15  DATA=1.766e-04
Invoked: SSBroyden1 approach!
[BFGS] batch=  37  call=  1332  total=3.614e-03  PDE=4.452e-04 [colloc=4.016e-04, cfd=4.359e-05]  WALL=3.263e-15  DATA=1.763e-04
[BFGS-END] batch=  37  last_total=3.605e-03  last_PDE=4.451e-04 [colloc=4.016e-04, cfd=4.359e-05]  last_WALL=3.263e-15  last_DATA=1.763e-04
/oscar/home/jchen790/cylinder flow lab/src/cfp40.py:1430: OptimizeWarning: Unknown solver options: hess, hessp, bounds, constraints, tol
  result = minimize(
Invoked: SSBroyden1 approach!
[BFGS] batch=  38  call=  1355  total=3.601e-03  PDE=4.449e-04 [colloc=4.014e-04, cfd=4.357e-05]  WALL=3.263e-15  DATA=1.761e-04
[BFGS-END] batch=  38  last_total=3.645e-03  last_PDE=4.449e-04 [colloc=4.013e-04, cfd=4.357e-05]  last_WALL=3.263e-15  last_DATA=1.760e-04
/oscar/home/jchen790/cylinder flow lab/src/cfp40.py:1430: OptimizeWarning: Unknown solver options: hess, hessp, bounds, constraints, tol
  result = minimize(
Invoked: SSBroyden1 approach!
[BFGS] batch=  39  call=  1376  total=3.609e-03  PDE=4.437e-04 [colloc=4.002e-04, cfd=4.351e-05]  WALL=3.260e-15  DATA=1.752e-04
Invoked: SSBroyden1 approach!
[BFGS] batch=  39  call=  1378  total=3.605e-03  PDE=4.434e-04 [colloc=3.999e-04, cfd=4.346e-05]  WALL=3.269e-15  DATA=1.748e-04
[BFGS-END] batch=  39  last_total=3.650e-03  last_PDE=4.433e-04 [colloc=3.998e-04, cfd=4.345e-05]  last_WALL=3.269e-15  last_DATA=1.748e-04
/oscar/home/jchen790/cylinder flow lab/src/cfp40.py:1430: OptimizeWarning: Unknown solver options: hess, hessp, bounds, constraints, tol
  result = minimize(
[BFGS-END] batch=  40  last_total=3.614e-03  last_PDE=4.433e-04 [colloc=3.998e-04, cfd=4.345e-05]  last_WALL=3.269e-15  last_DATA=1.748e-04
/oscar/home/jchen790/cylinder flow lab/src/cfp40.py:1430: OptimizeWarning: Unknown solver options: hess, hessp, bounds, constraints, tol
  result = minimize(
[BFGS-END] batch=  41  last_total=3.637e-03  last_PDE=4.431e-04 [colloc=3.997e-04, cfd=4.344e-05]  last_WALL=3.269e-15  last_DATA=1.748e-04
/oscar/home/jchen790/cylinder flow lab/src/cfp40.py:1430: OptimizeWarning: Unknown solver options: hess, hessp, bounds, constraints, tol
  result = minimize(
Invoked: SSBroyden1 approach!
[BFGS] batch=  42  call=  1442  total=3.601e-03  PDE=4.431e-04 [colloc=3.997e-04, cfd=4.344e-05]  WALL=3.269e-15  DATA=1.748e-04
Invoked: SSBroyden1 approach!
[BFGS] batch=  42  call=  1450  total=3.585e-03  PDE=4.423e-04 [colloc=3.990e-04, cfd=4.328e-05]  WALL=3.268e-15  DATA=1.748e-04
[BFGS-END] batch=  42  last_total=3.632e-03  last_PDE=4.423e-04 [colloc=3.990e-04, cfd=4.328e-05]  last_WALL=3.268e-15  last_DATA=1.748e-04
/oscar/home/jchen790/cylinder flow lab/src/cfp40.py:1430: OptimizeWarning: Unknown solver options: hess, hessp, bounds, constraints, tol
  result = minimize(
Invoked: SSBroyden1 approach!
[BFGS] batch=  43  call=  1481  total=3.586e-03  PDE=4.421e-04 [colloc=3.992e-04, cfd=4.297e-05]  WALL=3.267e-15  DATA=1.744e-04
[BFGS-END] batch=  43  last_total=3.611e-03  last_PDE=4.421e-04 [colloc=3.992e-04, cfd=4.297e-05]  last_WALL=3.267e-15  last_DATA=1.744e-04
/oscar/home/jchen790/cylinder flow lab/src/cfp40.py:1430: OptimizeWarning: Unknown solver options: hess, hessp, bounds, constraints, tol
  result = minimize(
[BFGS-END] batch=  44  last_total=3.622e-03  last_PDE=4.421e-04 [colloc=3.992e-04, cfd=4.297e-05]  last_WALL=3.267e-15  last_DATA=1.744e-04
/oscar/home/jchen790/cylinder flow lab/src/cfp40.py:1430: OptimizeWarning: Unknown solver options: hess, hessp, bounds, constraints, tol
  result = minimize(
Invoked: SSBroyden1 approach!
[BFGS] batch=  45  call=  1523  total=3.622e-03  PDE=4.418e-04 [colloc=3.989e-04, cfd=4.292e-05]  WALL=3.268e-15  DATA=1.744e-04
Invoked: SSBroyden1 approach!
[BFGS] batch=  45  call=  1525  total=3.605e-03  PDE=4.425e-04 [colloc=3.997e-04, cfd=4.273e-05]  WALL=3.267e-15  DATA=1.745e-04
Invoked: SSBroyden1 approach!
[BFGS] batch=  45  call=  1539  total=3.605e-03  PDE=4.422e-04 [colloc=3.995e-04, cfd=4.269e-05]  WALL=3.268e-15  DATA=1.745e-04
[BFGS-END] batch=  45  last_total=3.597e-03  last_PDE=4.422e-04 [colloc=3.995e-04, cfd=4.269e-05]  last_WALL=3.268e-15  last_DATA=1.745e-04
/oscar/home/jchen790/cylinder flow lab/src/cfp40.py:1430: OptimizeWarning: Unknown solver options: hess, hessp, bounds, constraints, tol
  result = minimize(
Invoked: SSBroyden1 approach!
[BFGS] batch=  46  call=  1559  total=3.602e-03  PDE=4.418e-04 [colloc=3.990e-04, cfd=4.274e-05]  WALL=3.269e-15  DATA=1.750e-04
Invoked: SSBroyden1 approach!
[BFGS] batch=  46  call=  1560  total=3.590e-03  PDE=4.408e-04 [colloc=3.982e-04, cfd=4.261e-05]  WALL=3.277e-15  DATA=1.753e-04
Invoked: SSBroyden1 approach!
[BFGS] batch=  46  call=  1572  total=3.581e-03  PDE=4.407e-04 [colloc=3.981e-04, cfd=4.259e-05]  WALL=3.278e-15  DATA=1.752e-04
[BFGS-END] batch=  46  last_total=3.609e-03  last_PDE=4.407e-04 [colloc=3.981e-04, cfd=4.259e-05]  last_WALL=3.278e-15  last_DATA=1.752e-04
/oscar/home/jchen790/cylinder flow lab/src/cfp40.py:1430: OptimizeWarning: Unknown solver options: hess, hessp, bounds, constraints, tol
  result = minimize(
Invoked: SSBroyden1 approach!
[BFGS] batch=  47  call=  1593  total=3.589e-03  PDE=4.391e-04 [colloc=3.965e-04, cfd=4.259e-05]  WALL=3.279e-15  DATA=1.750e-04
Invoked: SSBroyden1 approach!
[BFGS] batch=  47  call=  1595  total=3.574e-03  PDE=4.384e-04 [colloc=3.958e-04, cfd=4.263e-05]  WALL=3.277e-15  DATA=1.749e-04
Invoked: SSBroyden1 approach!
[BFGS] batch=  47  call=  1597  total=3.559e-03  PDE=4.379e-04 [colloc=3.953e-04, cfd=4.262e-05]  WALL=3.275e-15  DATA=1.751e-04
[BFGS-END] batch=  47  last_total=3.575e-03  last_PDE=4.379e-04 [colloc=3.953e-04, cfd=4.262e-05]  last_WALL=3.275e-15  last_DATA=1.751e-04
/oscar/home/jchen790/cylinder flow lab/src/cfp40.py:1430: OptimizeWarning: Unknown solver options: hess, hessp, bounds, constraints, tol
  result = minimize(
Invoked: SSBroyden1 approach!
[BFGS] batch=  48  call=  1625  total=3.570e-03  PDE=4.373e-04 [colloc=3.946e-04, cfd=4.278e-05]  WALL=3.278e-15  DATA=1.749e-04
Invoked: SSBroyden1 approach!
[BFGS] batch=  48  call=  1634  total=3.553e-03  PDE=4.372e-04 [colloc=3.945e-04, cfd=4.274e-05]  WALL=3.278e-15  DATA=1.748e-04
[BFGS-END] batch=  48  last_total=3.582e-03  last_PDE=4.372e-04 [colloc=3.945e-04, cfd=4.273e-05]  last_WALL=3.278e-15  last_DATA=1.747e-04
/oscar/home/jchen790/cylinder flow lab/src/cfp40.py:1430: OptimizeWarning: Unknown solver options: hess, hessp, bounds, constraints, tol
  result = minimize(
Invoked: SSBroyden1 approach!
[BFGS] batch=  49  call=  1656  total=3.580e-03  PDE=4.376e-04 [colloc=3.948e-04, cfd=4.279e-05]  WALL=3.278e-15  DATA=1.729e-04
Invoked: SSBroyden1 approach!
[BFGS] batch=  49  call=  1665  total=3.557e-03  PDE=4.371e-04 [colloc=3.944e-04, cfd=4.266e-05]  WALL=3.276e-15  DATA=1.716e-04
Invoked: SSBroyden1 approach!
[BFGS] batch=  49  call=  1674  total=3.552e-03  PDE=4.369e-04 [colloc=3.943e-04, cfd=4.261e-05]  WALL=3.276e-15  DATA=1.716e-04
[BFGS-END] batch=  49  last_total=3.578e-03  last_PDE=4.369e-04 [colloc=3.943e-04, cfd=4.261e-05]  last_WALL=3.276e-15  last_DATA=1.716e-04
/oscar/home/jchen790/cylinder flow lab/src/cfp40.py:1430: OptimizeWarning: Unknown solver options: hess, hessp, bounds, constraints, tol
  result = minimize(
[BFGS-END] batch=  50  last_total=3.556e-03  last_PDE=4.369e-04 [colloc=3.943e-04, cfd=4.261e-05]  last_WALL=3.276e-15  last_DATA=1.716e-04
/oscar/home/jchen790/cylinder flow lab/src/cfp40.py:1430: OptimizeWarning: Unknown solver options: hess, hessp, bounds, constraints, tol
  result = minimize(
Invoked: SSBroyden1 approach!
[BFGS] batch=  51  call=  1714  total=3.569e-03  PDE=4.355e-04 [colloc=3.930e-04, cfd=4.245e-05]  WALL=3.277e-15  DATA=1.702e-04
Invoked: SSBroyden1 approach!
[BFGS] batch=  51  call=  1716  total=3.545e-03  PDE=4.351e-04 [colloc=3.933e-04, cfd=4.182e-05]  WALL=3.281e-15  DATA=1.702e-04
Invoked: SSBroyden1 approach!
[BFGS] batch=  51  call=  1718  total=3.534e-03  PDE=4.341e-04 [colloc=3.925e-04, cfd=4.159e-05]  WALL=3.281e-15  DATA=1.701e-04
[BFGS-END] batch=  51  last_total=3.568e-03  last_PDE=4.341e-04 [colloc=3.925e-04, cfd=4.159e-05]  last_WALL=3.281e-15  last_DATA=1.701e-04
/oscar/home/jchen790/cylinder flow lab/src/cfp40.py:1430: OptimizeWarning: Unknown solver options: hess, hessp, bounds, constraints, tol
  result = minimize(
Invoked: SSBroyden1 approach!
[BFGS] batch=  52  call=  1739  total=3.561e-03  PDE=4.343e-04 [colloc=3.926e-04, cfd=4.168e-05]  WALL=3.281e-15  DATA=1.693e-04
Invoked: SSBroyden1 approach!
[BFGS] batch=  52  call=  1743  total=3.559e-03  PDE=4.342e-04 [colloc=3.925e-04, cfd=4.165e-05]  WALL=3.281e-15  DATA=1.693e-04
Invoked: SSBroyden1 approach!
[BFGS] batch=  52  call=  1744  total=3.555e-03  PDE=4.332e-04 [colloc=3.918e-04, cfd=4.138e-05]  WALL=3.279e-15  DATA=1.695e-04
Invoked: SSBroyden1 approach!
[BFGS] batch=  52  call=  1745  total=3.537e-03  PDE=4.324e-04 [colloc=3.913e-04, cfd=4.110e-05]  WALL=3.279e-15  DATA=1.699e-04
Invoked: SSBroyden1 approach!
[BFGS] batch=  52  call=  1747  total=3.522e-03  PDE=4.305e-04 [colloc=3.900e-04, cfd=4.041e-05]  WALL=3.279e-15  DATA=1.704e-04
[BFGS-END] batch=  52  last_total=3.552e-03  last_PDE=4.305e-04 [colloc=3.900e-04, cfd=4.041e-05]  last_WALL=3.279e-15  last_DATA=1.704e-04
/oscar/home/jchen790/cylinder flow lab/src/cfp40.py:1430: OptimizeWarning: Unknown solver options: hess, hessp, bounds, constraints, tol
  result = minimize(
Invoked: SSBroyden1 approach!
[BFGS] batch=  53  call=  1776  total=3.536e-03  PDE=4.304e-04 [colloc=3.900e-04, cfd=4.037e-05]  WALL=3.279e-15  DATA=1.704e-04
[BFGS-END] batch=  53  last_total=3.559e-03  last_PDE=4.355e-04 [colloc=3.950e-04, cfd=4.049e-05]  last_WALL=3.278e-15  last_DATA=1.706e-04
/oscar/home/jchen790/cylinder flow lab/src/cfp40.py:1430: OptimizeWarning: Unknown solver options: hess, hessp, bounds, constraints, tol
  result = minimize(
Invoked: SSBroyden1 approach!
[BFGS] batch=  54  call=  1792  total=3.543e-03  PDE=4.305e-04 [colloc=3.902e-04, cfd=4.026e-05]  WALL=3.277e-15  DATA=1.690e-04
[BFGS-END] batch=  54  last_total=3.583e-03  last_PDE=4.305e-04 [colloc=3.902e-04, cfd=4.025e-05]  last_WALL=3.277e-15  last_DATA=1.690e-04
/oscar/home/jchen790/cylinder flow lab/src/cfp40.py:1430: OptimizeWarning: Unknown solver options: hess, hessp, bounds, constraints, tol
  result = minimize(
Invoked: SSBroyden1 approach!
[BFGS] batch=  55  call=  1815  total=3.532e-03  PDE=4.304e-04 [colloc=3.902e-04, cfd=4.021e-05]  WALL=3.277e-15  DATA=1.690e-04
[BFGS-END] batch=  55  last_total=3.526e-03  last_PDE=4.304e-04 [colloc=3.901e-04, cfd=4.021e-05]  last_WALL=3.277e-15  last_DATA=1.690e-04
/oscar/home/jchen790/cylinder flow lab/src/cfp40.py:1430: OptimizeWarning: Unknown solver options: hess, hessp, bounds, constraints, tol
  result = minimize(
Invoked: SSBroyden1 approach!
[BFGS] batch=  56  call=  1841  total=3.543e-03  PDE=4.304e-04 [colloc=3.902e-04, cfd=4.021e-05]  WALL=3.277e-15  DATA=1.690e-04
Invoked: SSBroyden1 approach!
[BFGS] batch=  56  call=  1852  total=3.536e-03  PDE=4.300e-04 [colloc=3.900e-04, cfd=3.998e-05]  WALL=3.276e-15  DATA=1.691e-04
Invoked: SSBroyden1 approach!
[BFGS] batch=  56  call=  1859  total=3.519e-03  PDE=4.282e-04 [colloc=3.883e-04, cfd=3.990e-05]  WALL=3.269e-15  DATA=1.703e-04
[BFGS-END] batch=  56  last_total=3.523e-03  last_PDE=4.282e-04 [colloc=3.883e-04, cfd=3.990e-05]  last_WALL=3.269e-15  last_DATA=1.702e-04
/oscar/home/jchen790/cylinder flow lab/src/cfp40.py:1430: OptimizeWarning: Unknown solver options: hess, hessp, bounds, constraints, tol
  result = minimize(
Invoked: SSBroyden1 approach!
[BFGS] batch=  57  call=  1881  total=3.527e-03  PDE=4.277e-04 [colloc=3.880e-04, cfd=3.968e-05]  WALL=3.270e-15  DATA=1.706e-04
Invoked: SSBroyden1 approach!
[BFGS] batch=  57  call=  1888  total=3.518e-03  PDE=4.275e-04 [colloc=3.882e-04, cfd=3.934e-05]  WALL=3.267e-15  DATA=1.697e-04
[BFGS-END] batch=  57  last_total=3.534e-03  last_PDE=4.275e-04 [colloc=3.882e-04, cfd=3.934e-05]  last_WALL=3.267e-15  last_DATA=1.697e-04
/oscar/home/jchen790/cylinder flow lab/src/cfp40.py:1430: OptimizeWarning: Unknown solver options: hess, hessp, bounds, constraints, tol
  result = minimize(
Invoked: SSBroyden1 approach!
[BFGS] batch=  58  call=  1915  total=3.509e-03  PDE=4.259e-04 [colloc=3.869e-04, cfd=3.896e-05]  WALL=3.265e-15  DATA=1.681e-04
[BFGS-END] batch=  58  last_total=3.535e-03  last_PDE=4.258e-04 [colloc=3.869e-04, cfd=3.895e-05]  last_WALL=3.265e-15  last_DATA=1.681e-04
/oscar/home/jchen790/cylinder flow lab/src/cfp40.py:1430: OptimizeWarning: Unknown solver options: hess, hessp, bounds, constraints, tol
  result = minimize(
Invoked: SSBroyden1 approach!
[BFGS] batch=  59  call=  1936  total=3.549e-03  PDE=4.252e-04 [colloc=3.864e-04, cfd=3.882e-05]  WALL=3.269e-15  DATA=1.696e-04
Invoked: SSBroyden1 approach!
[BFGS] batch=  59  call=  1937  total=3.521e-03  PDE=4.243e-04 [colloc=3.858e-04, cfd=3.844e-05]  WALL=3.268e-15  DATA=1.734e-04
Invoked: SSBroyden1 approach!
[BFGS] batch=  59  call=  1948  total=3.518e-03  PDE=4.240e-04 [colloc=3.856e-04, cfd=3.835e-05]  WALL=3.269e-15  DATA=1.733e-04
Invoked: SSBroyden1 approach!
[BFGS] batch=  59  call=  1949  total=3.514e-03  PDE=4.232e-04 [colloc=3.849e-04, cfd=3.822e-05]  WALL=3.270e-15  DATA=1.727e-04
Invoked: SSBroyden1 approach!
[BFGS] batch=  59  call=  1951  total=3.514e-03  PDE=4.227e-04 [colloc=3.845e-04, cfd=3.818e-05]  WALL=3.271e-15  DATA=1.724e-04
[BFGS-END] batch=  59  last_total=3.519e-03  last_PDE=4.226e-04 [colloc=3.844e-04, cfd=3.817e-05]  last_WALL=3.270e-15  last_DATA=1.724e-04
/oscar/home/jchen790/cylinder flow lab/src/cfp40.py:1430: OptimizeWarning: Unknown solver options: hess, hessp, bounds, constraints, tol
  result = minimize(
[BFGS-END] batch=  60  last_total=3.484e-03  last_PDE=4.227e-04 [colloc=3.845e-04, cfd=3.818e-05]  last_WALL=3.271e-15  last_DATA=1.724e-04
/oscar/home/jchen790/cylinder flow lab/src/cfp40.py:1430: OptimizeWarning: Unknown solver options: hess, hessp, bounds, constraints, tol
  result = minimize(
Invoked: SSBroyden1 approach!
[BFGS] batch=  61  call=  1997  total=3.499e-03  PDE=4.215e-04 [colloc=3.834e-04, cfd=3.804e-05]  WALL=3.271e-15  DATA=1.714e-04
Invoked: SSBroyden1 approach!
[BFGS] batch=  61  call=  2004  total=3.496e-03  PDE=4.201e-04 [colloc=3.819e-04, cfd=3.813e-05]  WALL=3.271e-15  DATA=1.697e-04
[BFGS-END] batch=  61  last_total=3.510e-03  last_PDE=4.200e-04 [colloc=3.819e-04, cfd=3.813e-05]  last_WALL=3.271e-15  last_DATA=1.696e-04
/oscar/home/jchen790/cylinder flow lab/src/cfp40.py:1430: OptimizeWarning: Unknown solver options: hess, hessp, bounds, constraints, tol
  result = minimize(
Invoked: SSBroyden1 approach!
[BFGS] batch=  62  call=  2025  total=3.495e-03  PDE=4.195e-04 [colloc=3.814e-04, cfd=3.812e-05]  WALL=3.273e-15  DATA=1.693e-04
Invoked: SSBroyden1 approach!
[BFGS] batch=  62  call=  2027  total=3.483e-03  PDE=4.192e-04 [colloc=3.812e-04, cfd=3.801e-05]  WALL=3.274e-15  DATA=1.688e-04
[BFGS-END] batch=  62  last_total=3.501e-03  last_PDE=4.192e-04 [colloc=3.812e-04, cfd=3.801e-05]  last_WALL=3.274e-15  last_DATA=1.688e-04
/oscar/home/jchen790/cylinder flow lab/src/cfp40.py:1430: OptimizeWarning: Unknown solver options: hess, hessp, bounds, constraints, tol
  result = minimize(
Invoked: SSBroyden1 approach!
[BFGS] batch=  63  call=  2049  total=3.501e-03  PDE=4.189e-04 [colloc=3.812e-04, cfd=3.764e-05]  WALL=3.276e-15  DATA=1.686e-04
Invoked: SSBroyden1 approach!
[BFGS] batch=  63  call=  2051  total=3.490e-03  PDE=4.183e-04 [colloc=3.808e-04, cfd=3.751e-05]  WALL=3.276e-15  DATA=1.686e-04
Invoked: SSBroyden1 approach!
[BFGS] batch=  63  call=  2053  total=3.476e-03  PDE=4.180e-04 [colloc=3.806e-04, cfd=3.744e-05]  WALL=3.277e-15  DATA=1.686e-04
[BFGS-END] batch=  63  last_total=3.509e-03  last_PDE=4.180e-04 [colloc=3.806e-04, cfd=3.743e-05]  last_WALL=3.277e-15  last_DATA=1.686e-04
/oscar/home/jchen790/cylinder flow lab/src/cfp40.py:1430: OptimizeWarning: Unknown solver options: hess, hessp, bounds, constraints, tol
  result = minimize(
Invoked: SSBroyden1 approach!
[BFGS] batch=  64  call=  2078  total=3.467e-03  PDE=4.180e-04 [colloc=3.806e-04, cfd=3.744e-05]  WALL=3.277e-15  DATA=1.686e-04
Invoked: SSBroyden1 approach!
[BFGS] batch=  64  call=  2085  total=3.466e-03  PDE=4.182e-04 [colloc=3.808e-04, cfd=3.741e-05]  WALL=3.288e-15  DATA=1.686e-04
[BFGS-END] batch=  64  last_total=3.459e-03  last_PDE=4.182e-04 [colloc=3.808e-04, cfd=3.741e-05]  last_WALL=3.288e-15  last_DATA=1.686e-04
/oscar/home/jchen790/cylinder flow lab/src/cfp40.py:1430: OptimizeWarning: Unknown solver options: hess, hessp, bounds, constraints, tol
  result = minimize(
Invoked: SSBroyden1 approach!
[BFGS] batch=  65  call=  2105  total=3.472e-03  PDE=4.168e-04 [colloc=3.799e-04, cfd=3.681e-05]  WALL=3.289e-15  DATA=1.700e-04
[BFGS-END] batch=  65  last_total=3.481e-03  last_PDE=4.167e-04 [colloc=3.799e-04, cfd=3.681e-05]  last_WALL=3.289e-15  last_DATA=1.700e-04
/oscar/home/jchen790/cylinder flow lab/src/cfp40.py:1430: OptimizeWarning: Unknown solver options: hess, hessp, bounds, constraints, tol
  result = minimize(
Invoked: SSBroyden1 approach!
[BFGS] batch=  66  call=  2129  total=3.447e-03  PDE=4.160e-04 [colloc=3.795e-04, cfd=3.657e-05]  WALL=3.289e-15  DATA=1.704e-04
Invoked: SSBroyden1 approach!
[BFGS] batch=  66  call=  2137  total=3.442e-03  PDE=4.144e-04 [colloc=3.780e-04, cfd=3.635e-05]  WALL=3.287e-15  DATA=1.703e-04
[BFGS-END] batch=  66  last_total=3.483e-03  last_PDE=4.144e-04 [colloc=3.780e-04, cfd=3.635e-05]  last_WALL=3.287e-15  last_DATA=1.703e-04
/oscar/home/jchen790/cylinder flow lab/src/cfp40.py:1430: OptimizeWarning: Unknown solver options: hess, hessp, bounds, constraints, tol
  result = minimize(
[BFGS-END] batch=  67  last_total=3.459e-03  last_PDE=4.144e-04 [colloc=3.780e-04, cfd=3.635e-05]  last_WALL=3.287e-15  last_DATA=1.703e-04
/oscar/home/jchen790/cylinder flow lab/src/cfp40.py:1430: OptimizeWarning: Unknown solver options: hess, hessp, bounds, constraints, tol
  result = minimize(
Invoked: SSBroyden1 approach!
[BFGS] batch=  68  call=  2177  total=3.469e-03  PDE=4.124e-04 [colloc=3.757e-04, cfd=3.670e-05]  WALL=3.283e-15  DATA=1.720e-04
Invoked: SSBroyden1 approach!
[BFGS] batch=  68  call=  2187  total=3.456e-03  PDE=4.103e-04 [colloc=3.748e-04, cfd=3.553e-05]  WALL=3.282e-15  DATA=1.713e-04
[BFGS-END] batch=  68  last_total=3.467e-03  last_PDE=4.103e-04 [colloc=3.748e-04, cfd=3.553e-05]  last_WALL=3.282e-15  last_DATA=1.713e-04
/oscar/home/jchen790/cylinder flow lab/src/cfp40.py:1430: OptimizeWarning: Unknown solver options: hess, hessp, bounds, constraints, tol
  result = minimize(
Invoked: SSBroyden1 approach!
[BFGS] batch=  69  call=  2208  total=3.462e-03  PDE=4.085e-04 [colloc=3.730e-04, cfd=3.543e-05]  WALL=3.281e-15  DATA=1.719e-04
Invoked: SSBroyden1 approach!
[BFGS] batch=  69  call=  2217  total=3.457e-03  PDE=4.080e-04 [colloc=3.726e-04, cfd=3.533e-05]  WALL=3.277e-15  DATA=1.710e-04
Invoked: SSBroyden1 approach!
[BFGS] batch=  69  call=  2218  total=3.456e-03  PDE=4.065e-04 [colloc=3.718e-04, cfd=3.471e-05]  WALL=3.280e-15  DATA=1.708e-04
[BFGS-END] batch=  69  last_total=3.465e-03  last_PDE=4.065e-04 [colloc=3.718e-04, cfd=3.469e-05]  last_WALL=3.280e-15  last_DATA=1.708e-04
/oscar/home/jchen790/cylinder flow lab/src/cfp40.py:1430: OptimizeWarning: Unknown solver options: hess, hessp, bounds, constraints, tol
  result = minimize(
Invoked: SSBroyden1 approach!
[BFGS] batch=  70  call=  2238  total=3.454e-03  PDE=4.061e-04 [colloc=3.713e-04, cfd=3.480e-05]  WALL=3.277e-15  DATA=1.708e-04
Invoked: SSBroyden1 approach!
[BFGS] batch=  70  call=  2246  total=3.442e-03  PDE=4.049e-04 [colloc=3.704e-04, cfd=3.453e-05]  WALL=3.278e-15  DATA=1.716e-04
Invoked: SSBroyden1 approach!
[BFGS] batch=  70  call=  2248  total=3.429e-03  PDE=4.037e-04 [colloc=3.693e-04, cfd=3.441e-05]  WALL=3.279e-15  DATA=1.707e-04
Invoked: SSBroyden1 approach!
[BFGS] batch=  70  call=  2249  total=3.417e-03  PDE=4.017e-04 [colloc=3.675e-04, cfd=3.414e-05]  WALL=3.274e-15  DATA=1.688e-04
[BFGS-END] batch=  70  last_total=3.435e-03  last_PDE=4.016e-04 [colloc=3.675e-04, cfd=3.413e-05]  last_WALL=3.274e-15  last_DATA=1.688e-04
/oscar/home/jchen790/cylinder flow lab/src/cfp40.py:1430: OptimizeWarning: Unknown solver options: hess, hessp, bounds, constraints, tol
  result = minimize(
Invoked: SSBroyden1 approach!
[BFGS] batch=  71  call=  2271  total=3.434e-03  PDE=4.015e-04 [colloc=3.674e-04, cfd=3.413e-05]  WALL=3.274e-15  DATA=1.689e-04
Invoked: SSBroyden1 approach!
[BFGS] batch=  71  call=  2272  total=3.421e-03  PDE=3.994e-04 [colloc=3.654e-04, cfd=3.402e-05]  WALL=3.277e-15  DATA=1.698e-04
[BFGS-END] batch=  71  last_total=3.418e-03  last_PDE=3.994e-04 [colloc=3.654e-04, cfd=3.402e-05]  last_WALL=3.277e-15  last_DATA=1.698e-04
/oscar/home/jchen790/cylinder flow lab/src/cfp40.py:1430: OptimizeWarning: Unknown solver options: hess, hessp, bounds, constraints, tol
  result = minimize(
Invoked: SSBroyden1 approach!
[BFGS] batch=  72  call=  2293  total=3.431e-03  PDE=3.982e-04 [colloc=3.647e-04, cfd=3.349e-05]  WALL=3.280e-15  DATA=1.710e-04
Invoked: SSBroyden1 approach!
[BFGS] batch=  72  call=  2295  total=3.424e-03  PDE=3.977e-04 [colloc=3.642e-04, cfd=3.343e-05]  WALL=3.280e-15  DATA=1.713e-04
Invoked: SSBroyden1 approach!
[BFGS] batch=  72  call=  2303  total=3.403e-03  PDE=3.956e-04 [colloc=3.622e-04, cfd=3.335e-05]  WALL=3.282e-15  DATA=1.719e-04
[BFGS-END] batch=  72  last_total=3.428e-03  last_PDE=3.956e-04 [colloc=3.622e-04, cfd=3.335e-05]  last_WALL=3.282e-15  last_DATA=1.719e-04
/oscar/home/jchen790/cylinder flow lab/src/cfp40.py:1430: OptimizeWarning: Unknown solver options: hess, hessp, bounds, constraints, tol
  result = minimize(
Invoked: SSBroyden1 approach!
[BFGS] batch=  73  call=  2326  total=3.403e-03  PDE=3.951e-04 [colloc=3.620e-04, cfd=3.309e-05]  WALL=3.288e-15  DATA=1.723e-04
[BFGS-END] batch=  73  last_total=3.417e-03  last_PDE=3.950e-04 [colloc=3.619e-04, cfd=3.308e-05]  last_WALL=3.288e-15  last_DATA=1.723e-04
/oscar/home/jchen790/cylinder flow lab/src/cfp40.py:1430: OptimizeWarning: Unknown solver options: hess, hessp, bounds, constraints, tol
  result = minimize(
Invoked: SSBroyden1 approach!
[BFGS] batch=  74  call=  2348  total=3.404e-03  PDE=3.940e-04 [colloc=3.611e-04, cfd=3.291e-05]  WALL=3.289e-15  DATA=1.735e-04
[BFGS-END] batch=  74  last_total=3.406e-03  last_PDE=3.940e-04 [colloc=3.611e-04, cfd=3.291e-05]  last_WALL=3.289e-15  last_DATA=1.735e-04
/oscar/home/jchen790/cylinder flow lab/src/cfp40.py:1430: OptimizeWarning: Unknown solver options: hess, hessp, bounds, constraints, tol
  result = minimize(
Invoked: SSBroyden1 approach!
[BFGS] batch=  75  call=  2371  total=3.419e-03  PDE=3.928e-04 [colloc=3.599e-04, cfd=3.289e-05]  WALL=3.289e-15  DATA=1.744e-04
Invoked: SSBroyden1 approach!
[BFGS] batch=  75  call=  2380  total=3.417e-03  PDE=3.913e-04 [colloc=3.589e-04, cfd=3.239e-05]  WALL=3.288e-15  DATA=1.757e-04
Invoked: SSBroyden1 approach!
[BFGS] batch=  75  call=  2385  total=3.415e-03  PDE=3.903e-04 [colloc=3.580e-04, cfd=3.228e-05]  WALL=3.287e-15  DATA=1.760e-04
Invoked: SSBroyden1 approach!
[BFGS] batch=  75  call=  2386  total=3.395e-03  PDE=3.888e-04 [colloc=3.569e-04, cfd=3.200e-05]  WALL=3.286e-15  DATA=1.764e-04
Invoked: SSBroyden1 approach!
[BFGS] batch=  75  call=  2387  total=3.388e-03  PDE=3.831e-04 [colloc=3.512e-04, cfd=3.194e-05]  WALL=3.278e-15  DATA=1.814e-04
Invoked: SSBroyden1 approach!
[BFGS] batch=  75  call=  2388  total=3.378e-03  PDE=3.800e-04 [colloc=3.487e-04, cfd=3.136e-05]  WALL=3.279e-15  DATA=1.806e-04
Invoked: SSBroyden1 approach!
[BFGS] batch=  75  call=  2397  total=3.364e-03  PDE=3.784e-04 [colloc=3.472e-04, cfd=3.126e-05]  WALL=3.282e-15  DATA=1.806e-04
Invoked: SSBroyden1 approach!
[BFGS] batch=  75  call=  2405  total=3.359e-03  PDE=3.736e-04 [colloc=3.432e-04, cfd=3.040e-05]  WALL=3.292e-15  DATA=1.806e-04
Invoked: SSBroyden1 approach!
[BFGS] batch=  75  call=  2406  total=3.354e-03  PDE=3.716e-04 [colloc=3.416e-04, cfd=2.999e-05]  WALL=3.294e-15  DATA=1.802e-04
Invoked: SSBroyden1 approach!
[BFGS] batch=  75  call=  2407  total=3.354e-03  PDE=3.697e-04 [colloc=3.401e-04, cfd=2.958e-05]  WALL=3.294e-15  DATA=1.804e-04
[BFGS] batch 75: H0 not PD — resetting to identity.
[BFGS-END] batch=  75  last_total=3.337e-03  last_PDE=3.697e-04 [colloc=3.401e-04, cfd=2.957e-05]  last_WALL=3.294e-15  last_DATA=1.804e-04
/oscar/home/jchen790/cylinder flow lab/src/cfp40.py:1430: OptimizeWarning: Unknown solver options: hess, hessp, bounds, constraints, tol
  result = minimize(
Invoked: SSBroyden1 approach!
[BFGS] batch=  76  call=  2445  total=3.333e-03  PDE=3.696e-04 [colloc=3.401e-04, cfd=2.957e-05]  WALL=3.293e-15  DATA=1.802e-04
[BFGS-END] batch=  76  last_total=3.341e-03  last_PDE=3.696e-04 [colloc=3.401e-04, cfd=2.957e-05]  last_WALL=3.293e-15  last_DATA=1.802e-04
/oscar/home/jchen790/cylinder flow lab/src/cfp40.py:1430: OptimizeWarning: Unknown solver options: hess, hessp, bounds, constraints, tol
  result = minimize(
[BFGS-END] batch=  77  last_total=3.355e-03  last_PDE=3.695e-04 [colloc=3.400e-04, cfd=2.955e-05]  last_WALL=3.293e-15  last_DATA=1.800e-04
/oscar/home/jchen790/cylinder flow lab/src/cfp40.py:1430: OptimizeWarning: Unknown solver options: hess, hessp, bounds, constraints, tol
  result = minimize(
[BFGS-END] batch=  78  last_total=3.350e-03  last_PDE=3.696e-04 [colloc=3.400e-04, cfd=2.957e-05]  last_WALL=3.293e-15  last_DATA=1.801e-04
/oscar/home/jchen790/cylinder flow lab/src/cfp40.py:1430: OptimizeWarning: Unknown solver options: hess, hessp, bounds, constraints, tol
  result = minimize(
Invoked: SSBroyden1 approach!
[BFGS] batch=  79  call=  2506  total=3.335e-03  PDE=3.689e-04 [colloc=3.395e-04, cfd=2.939e-05]  WALL=3.293e-15  DATA=1.789e-04
[BFGS-END] batch=  79  last_total=3.328e-03  last_PDE=3.689e-04 [colloc=3.395e-04, cfd=2.939e-05]  last_WALL=3.293e-15  last_DATA=1.789e-04
/oscar/home/jchen790/cylinder flow lab/src/cfp40.py:1430: OptimizeWarning: Unknown solver options: hess, hessp, bounds, constraints, tol
  result = minimize(
Invoked: SSBroyden1 approach!
[BFGS] batch=  80  call=  2529  total=3.323e-03  PDE=3.690e-04 [colloc=3.397e-04, cfd=2.929e-05]  WALL=3.300e-15  DATA=1.786e-04
[BFGS-END] batch=  80  last_total=3.325e-03  last_PDE=3.690e-04 [colloc=3.397e-04, cfd=2.929e-05]  last_WALL=3.300e-15  last_DATA=1.786e-04
/oscar/home/jchen790/cylinder flow lab/src/cfp40.py:1430: OptimizeWarning: Unknown solver options: hess, hessp, bounds, constraints, tol
  result = minimize(
Invoked: SSBroyden1 approach!
[BFGS] batch=  81  call=  2563  total=3.325e-03  PDE=3.688e-04 [colloc=3.396e-04, cfd=2.926e-05]  WALL=3.300e-15  DATA=1.782e-04
[BFGS-END] batch=  81  last_total=3.337e-03  last_PDE=3.688e-04 [colloc=3.396e-04, cfd=2.926e-05]  last_WALL=3.300e-15  last_DATA=1.782e-04
/oscar/home/jchen790/cylinder flow lab/src/cfp40.py:1430: OptimizeWarning: Unknown solver options: hess, hessp, bounds, constraints, tol
  result = minimize(
Invoked: SSBroyden1 approach!
[BFGS] batch=  82  call=  2585  total=3.321e-03  PDE=3.683e-04 [colloc=3.391e-04, cfd=2.917e-05]  WALL=3.293e-15  DATA=1.776e-04
Invoked: SSBroyden1 approach!
[BFGS] batch=  82  call=  2587  total=3.320e-03  PDE=3.675e-04 [colloc=3.385e-04, cfd=2.903e-05]  WALL=3.294e-15  DATA=1.774e-04
Invoked: SSBroyden1 approach!
[BFGS] batch=  82  call=  2595  total=3.305e-03  PDE=3.672e-04 [colloc=3.382e-04, cfd=2.897e-05]  WALL=3.294e-15  DATA=1.773e-04
[BFGS-END] batch=  82  last_total=3.322e-03  last_PDE=3.672e-04 [colloc=3.382e-04, cfd=2.897e-05]  last_WALL=3.294e-15  last_DATA=1.773e-04
/oscar/home/jchen790/cylinder flow lab/src/cfp40.py:1430: OptimizeWarning: Unknown solver options: hess, hessp, bounds, constraints, tol
  result = minimize(
Invoked: SSBroyden1 approach!
[BFGS] batch=  83  call=  2616  total=3.337e-03  PDE=3.681e-04 [colloc=3.396e-04, cfd=2.853e-05]  WALL=3.289e-15  DATA=1.756e-04
Invoked: SSBroyden1 approach!
[BFGS] batch=  83  call=  2618  total=3.333e-03  PDE=3.658e-04 [colloc=3.376e-04, cfd=2.819e-05]  WALL=3.291e-15  DATA=1.740e-04
Invoked: SSBroyden1 approach!
[BFGS] batch=  83  call=  2620  total=3.322e-03  PDE=3.656e-04 [colloc=3.375e-04, cfd=2.816e-05]  WALL=3.291e-15  DATA=1.739e-04
Invoked: SSBroyden1 approach!
[BFGS] batch=  83  call=  2622  total=3.304e-03  PDE=3.651e-04 [colloc=3.371e-04, cfd=2.796e-05]  WALL=3.291e-15  DATA=1.739e-04
Invoked: SSBroyden1 approach!
[BFGS] batch=  83  call=  2624  total=3.304e-03  PDE=3.647e-04 [colloc=3.368e-04, cfd=2.784e-05]  WALL=3.294e-15  DATA=1.732e-04
[BFGS-END] batch=  83  last_total=3.320e-03  last_PDE=3.647e-04 [colloc=3.368e-04, cfd=2.784e-05]  last_WALL=3.294e-15  last_DATA=1.731e-04
/oscar/home/jchen790/cylinder flow lab/src/cfp40.py:1430: OptimizeWarning: Unknown solver options: hess, hessp, bounds, constraints, tol
  result = minimize(
Invoked: SSBroyden1 approach!
[BFGS] batch=  84  call=  2644  total=3.306e-03  PDE=3.645e-04 [colloc=3.366e-04, cfd=2.785e-05]  WALL=3.293e-15  DATA=1.732e-04
Invoked: SSBroyden1 approach!
[BFGS] batch=  84  call=  2653  total=3.305e-03  PDE=3.653e-04 [colloc=3.372e-04, cfd=2.817e-05]  WALL=3.295e-15  DATA=1.719e-04
Invoked: SSBroyden1 approach!
[BFGS] batch=  84  call=  2654  total=3.304e-03  PDE=3.650e-04 [colloc=3.369e-04, cfd=2.814e-05]  WALL=3.296e-15  DATA=1.716e-04
Invoked: SSBroyden1 approach!
[BFGS] batch=  84  call=  2663  total=3.292e-03  PDE=3.646e-04 [colloc=3.364e-04, cfd=2.813e-05]  WALL=3.294e-15  DATA=1.711e-04
Invoked: SSBroyden1 approach!
[BFGS] batch=  84  call=  2665  total=3.287e-03  PDE=3.641e-04 [colloc=3.359e-04, cfd=2.818e-05]  WALL=3.296e-15  DATA=1.702e-04
[BFGS-END] batch=  84  last_total=3.303e-03  last_PDE=3.641e-04 [colloc=3.359e-04, cfd=2.818e-05]  last_WALL=3.296e-15  last_DATA=1.702e-04
/oscar/home/jchen790/cylinder flow lab/src/cfp40.py:1430: OptimizeWarning: Unknown solver options: hess, hessp, bounds, constraints, tol
  result = minimize(
Invoked: SSBroyden1 approach!
[BFGS] batch=  85  call=  2687  total=3.291e-03  PDE=3.640e-04 [colloc=3.359e-04, cfd=2.816e-05]  WALL=3.296e-15  DATA=1.700e-04
Invoked: SSBroyden1 approach!
[BFGS] batch=  85  call=  2689  total=3.291e-03  PDE=3.636e-04 [colloc=3.354e-04, cfd=2.816e-05]  WALL=3.297e-15  DATA=1.695e-04
Invoked: SSBroyden1 approach!
[BFGS] batch=  85  call=  2700  total=3.289e-03  PDE=3.636e-04 [colloc=3.354e-04, cfd=2.816e-05]  WALL=3.297e-15  DATA=1.695e-04
Invoked: SSBroyden1 approach!
[BFGS] batch=  85  call=  2701  total=3.288e-03  PDE=3.634e-04 [colloc=3.353e-04, cfd=2.818e-05]  WALL=3.295e-15  DATA=1.689e-04
[BFGS-END] batch=  85  last_total=3.311e-03  last_PDE=3.634e-04 [colloc=3.353e-04, cfd=2.818e-05]  last_WALL=3.295e-15  last_DATA=1.689e-04
/oscar/home/jchen790/cylinder flow lab/src/cfp40.py:1430: OptimizeWarning: Unknown solver options: hess, hessp, bounds, constraints, tol
  result = minimize(
[BFGS-END] batch=  86  last_total=3.325e-03  last_PDE=3.634e-04 [colloc=3.353e-04, cfd=2.818e-05]  last_WALL=3.295e-15  last_DATA=1.689e-04
/oscar/home/jchen790/cylinder flow lab/src/cfp40.py:1430: OptimizeWarning: Unknown solver options: hess, hessp, bounds, constraints, tol
  result = minimize(
Invoked: SSBroyden1 approach!
[BFGS] batch=  87  call=  2751  total=3.295e-03  PDE=3.633e-04 [colloc=3.352e-04, cfd=2.819e-05]  WALL=3.295e-15  DATA=1.688e-04
[BFGS-END] batch=  87  last_total=3.316e-03  last_PDE=3.633e-04 [colloc=3.351e-04, cfd=2.819e-05]  last_WALL=3.295e-15  last_DATA=1.687e-04
/oscar/home/jchen790/cylinder flow lab/src/cfp40.py:1430: OptimizeWarning: Unknown solver options: hess, hessp, bounds, constraints, tol
  result = minimize(
Invoked: SSBroyden1 approach!
[BFGS] batch=  88  call=  2781  total=3.294e-03  PDE=3.635e-04 [colloc=3.354e-04, cfd=2.813e-05]  WALL=3.297e-15  DATA=1.683e-04
Invoked: SSBroyden1 approach!
[BFGS] batch=  88  call=  2783  total=3.281e-03  PDE=3.633e-04 [colloc=3.352e-04, cfd=2.817e-05]  WALL=3.297e-15  DATA=1.681e-04
[BFGS-END] batch=  88  last_total=3.298e-03  last_PDE=3.633e-04 [colloc=3.352e-04, cfd=2.817e-05]  last_WALL=3.297e-15  last_DATA=1.681e-04
/oscar/home/jchen790/cylinder flow lab/src/cfp40.py:1430: OptimizeWarning: Unknown solver options: hess, hessp, bounds, constraints, tol
  result = minimize(
Invoked: SSBroyden1 approach!
[BFGS] batch=  89  call=  2805  total=3.287e-03  PDE=3.631e-04 [colloc=3.349e-04, cfd=2.824e-05]  WALL=3.298e-15  DATA=1.678e-04
Invoked: SSBroyden1 approach!
[BFGS] batch=  89  call=  2813  total=3.284e-03  PDE=3.631e-04 [colloc=3.349e-04, cfd=2.821e-05]  WALL=3.298e-15  DATA=1.670e-04
Invoked: SSBroyden1 approach!
[BFGS] batch=  89  call=  2821  total=3.271e-03  PDE=3.636e-04 [colloc=3.353e-04, cfd=2.828e-05]  WALL=3.301e-15  DATA=1.663e-04
[BFGS-END] batch=  89  last_total=3.287e-03  last_PDE=3.636e-04 [colloc=3.353e-04, cfd=2.828e-05]  last_WALL=3.301e-15  last_DATA=1.663e-04
/oscar/home/jchen790/cylinder flow lab/src/cfp40.py:1430: OptimizeWarning: Unknown solver options: hess, hessp, bounds, constraints, tol
  result = minimize(
Invoked: SSBroyden1 approach!
[BFGS] batch=  90  call=  2849  total=3.278e-03  PDE=3.631e-04 [colloc=3.350e-04, cfd=2.810e-05]  WALL=3.304e-15  DATA=1.669e-04
[BFGS-END] batch=  90  last_total=3.311e-03  last_PDE=3.631e-04 [colloc=3.350e-04, cfd=2.810e-05]  last_WALL=3.304e-15  last_DATA=1.668e-04
/oscar/home/jchen790/cylinder flow lab/src/cfp40.py:1430: OptimizeWarning: Unknown solver options: hess, hessp, bounds, constraints, tol
  result = minimize(
Invoked: SSBroyden1 approach!
[BFGS] batch=  91  call=  2868  total=3.290e-03  PDE=3.630e-04 [colloc=3.350e-04, cfd=2.809e-05]  WALL=3.302e-15  DATA=1.663e-04
Invoked: SSBroyden1 approach!
[BFGS] batch=  91  call=  2876  total=3.278e-03  PDE=3.619e-04 [colloc=3.339e-04, cfd=2.801e-05]  WALL=3.298e-15  DATA=1.662e-04
Invoked: SSBroyden1 approach!
[BFGS] batch=  91  call=  2885  total=3.274e-03  PDE=3.618e-04 [colloc=3.338e-04, cfd=2.798e-05]  WALL=3.298e-15  DATA=1.661e-04
[BFGS-END] batch=  91  last_total=3.299e-03  last_PDE=3.618e-04 [colloc=3.338e-04, cfd=2.798e-05]  last_WALL=3.298e-15  last_DATA=1.661e-04
/oscar/home/jchen790/cylinder flow lab/src/cfp40.py:1430: OptimizeWarning: Unknown solver options: hess, hessp, bounds, constraints, tol
  result = minimize(
Invoked: SSBroyden1 approach!
[BFGS] batch=  92  call=  2906  total=3.271e-03  PDE=3.629e-04 [colloc=3.348e-04, cfd=2.808e-05]  WALL=3.300e-15  DATA=1.661e-04
[BFGS-END] batch=  92  last_total=3.313e-03  last_PDE=3.629e-04 [colloc=3.348e-04, cfd=2.808e-05]  last_WALL=3.300e-15  last_DATA=1.661e-04
/oscar/home/jchen790/cylinder flow lab/src/cfp40.py:1430: OptimizeWarning: Unknown solver options: hess, hessp, bounds, constraints, tol
  result = minimize(
Invoked: SSBroyden1 approach!
[BFGS] batch=  93  call=  2929  total=3.283e-03  PDE=3.626e-04 [colloc=3.346e-04, cfd=2.803e-05]  WALL=3.300e-15  DATA=1.659e-04
Invoked: SSBroyden1 approach!
[BFGS] batch=  93  call=  2931  total=3.271e-03  PDE=3.627e-04 [colloc=3.348e-04, cfd=2.790e-05]  WALL=3.301e-15  DATA=1.656e-04
Invoked: SSBroyden1 approach!
[BFGS] batch=  93  call=  2933  total=3.269e-03  PDE=3.620e-04 [colloc=3.342e-04, cfd=2.786e-05]  WALL=3.301e-15  DATA=1.656e-04
Invoked: SSBroyden1 approach!
[BFGS] batch=  93  call=  2941  total=3.267e-03  PDE=3.618e-04 [colloc=3.340e-04, cfd=2.782e-05]  WALL=3.301e-15  DATA=1.656e-04
[BFGS-END] batch=  93  last_total=3.274e-03  last_PDE=3.618e-04 [colloc=3.340e-04, cfd=2.782e-05]  last_WALL=3.301e-15  last_DATA=1.656e-04
/oscar/home/jchen790/cylinder flow lab/src/cfp40.py:1430: OptimizeWarning: Unknown solver options: hess, hessp, bounds, constraints, tol
  result = minimize(
Invoked: SSBroyden1 approach!
[BFGS] batch=  94  call=  2962  total=3.273e-03  PDE=3.614e-04 [colloc=3.335e-04, cfd=2.795e-05]  WALL=3.302e-15  DATA=1.660e-04
[BFGS-END] batch=  94  last_total=3.277e-03  last_PDE=3.613e-04 [colloc=3.334e-04, cfd=2.793e-05]  last_WALL=3.302e-15  last_DATA=1.660e-04
/oscar/home/jchen790/cylinder flow lab/src/cfp40.py:1430: OptimizeWarning: Unknown solver options: hess, hessp, bounds, constraints, tol
  result = minimize(
Invoked: SSBroyden1 approach!
[BFGS] batch=  95  call=  2993  total=3.267e-03  PDE=3.611e-04 [colloc=3.332e-04, cfd=2.786e-05]  WALL=3.301e-15  DATA=1.666e-04
[BFGS-END] batch=  95  last_total=3.287e-03  last_PDE=3.611e-04 [colloc=3.332e-04, cfd=2.786e-05]  last_WALL=3.301e-15  last_DATA=1.666e-04
/oscar/home/jchen790/cylinder flow lab/src/cfp40.py:1430: OptimizeWarning: Unknown solver options: hess, hessp, bounds, constraints, tol
  result = minimize(
Invoked: SSBroyden1 approach!
[BFGS] batch=  96  call=  3018  total=3.274e-03  PDE=3.611e-04 [colloc=3.332e-04, cfd=2.786e-05]  WALL=3.301e-15  DATA=1.666e-04
Invoked: SSBroyden1 approach!
[BFGS] batch=  96  call=  3026  total=3.261e-03  PDE=3.606e-04 [colloc=3.329e-04, cfd=2.775e-05]  WALL=3.300e-15  DATA=1.666e-04
[BFGS-END] batch=  96  last_total=3.294e-03  last_PDE=3.606e-04 [colloc=3.329e-04, cfd=2.775e-05]  last_WALL=3.300e-15  last_DATA=1.666e-04
/oscar/home/jchen790/cylinder flow lab/src/cfp40.py:1430: OptimizeWarning: Unknown solver options: hess, hessp, bounds, constraints, tol
  result = minimize(
Invoked: SSBroyden1 approach!
[BFGS] batch=  97  call=  3048  total=3.263e-03  PDE=3.606e-04 [colloc=3.329e-04, cfd=2.775e-05]  WALL=3.300e-15  DATA=1.666e-04
Invoked: SSBroyden1 approach!
[BFGS] batch=  97  call=  3050  total=3.257e-03  PDE=3.602e-04 [colloc=3.325e-04, cfd=2.772e-05]  WALL=3.299e-15  DATA=1.666e-04
[BFGS-END] batch=  97  last_total=3.280e-03  last_PDE=3.602e-04 [colloc=3.325e-04, cfd=2.772e-05]  last_WALL=3.299e-15  last_DATA=1.666e-04
/oscar/home/jchen790/cylinder flow lab/src/cfp40.py:1430: OptimizeWarning: Unknown solver options: hess, hessp, bounds, constraints, tol
  result = minimize(
Invoked: SSBroyden1 approach!
[BFGS] batch=  98  call=  3071  total=3.287e-03  PDE=3.598e-04 [colloc=3.319e-04, cfd=2.789e-05]  WALL=3.298e-15  DATA=1.668e-04
Invoked: SSBroyden1 approach!
[BFGS] batch=  98  call=  3072  total=3.278e-03  PDE=3.587e-04 [colloc=3.311e-04, cfd=2.762e-05]  WALL=3.295e-15  DATA=1.666e-04
Invoked: SSBroyden1 approach!
[BFGS] batch=  98  call=  3074  total=3.261e-03  PDE=3.582e-04 [colloc=3.305e-04, cfd=2.765e-05]  WALL=3.294e-15  DATA=1.658e-04
Invoked: SSBroyden1 approach!
[BFGS] batch=  98  call=  3076  total=3.259e-03  PDE=3.577e-04 [colloc=3.301e-04, cfd=2.759e-05]  WALL=3.293e-15  DATA=1.652e-04
Invoked: SSBroyden1 approach!
[BFGS] batch=  98  call=  3077  total=3.258e-03  PDE=3.575e-04 [colloc=3.297e-04, cfd=2.783e-05]  WALL=3.291e-15  DATA=1.653e-04
Invoked: SSBroyden1 approach!
[BFGS] batch=  98  call=  3084  total=3.253e-03  PDE=3.573e-04 [colloc=3.295e-04, cfd=2.781e-05]  WALL=3.291e-15  DATA=1.654e-04
Invoked: SSBroyden1 approach!
[BFGS] batch=  98  call=  3085  total=3.251e-03  PDE=3.560e-04 [colloc=3.281e-04, cfd=2.789e-05]  WALL=3.293e-15  DATA=1.662e-04
[BFGS-END] batch=  98  last_total=3.279e-03  last_PDE=3.560e-04 [colloc=3.281e-04, cfd=2.789e-05]  last_WALL=3.294e-15  last_DATA=1.662e-04
/oscar/home/jchen790/cylinder flow lab/src/cfp40.py:1430: OptimizeWarning: Unknown solver options: hess, hessp, bounds, constraints, tol
  result = minimize(
Invoked: SSBroyden1 approach!
[BFGS] batch=  99  call=  3108  total=3.248e-03  PDE=3.559e-04 [colloc=3.280e-04, cfd=2.786e-05]  WALL=3.295e-15  DATA=1.677e-04
[BFGS-END] batch=  99  last_total=3.263e-03  last_PDE=3.559e-04 [colloc=3.280e-04, cfd=2.786e-05]  last_WALL=3.295e-15  last_DATA=1.677e-04
/oscar/home/jchen790/cylinder flow lab/src/cfp40.py:1430: OptimizeWarning: Unknown solver options: hess, hessp, bounds, constraints, tol
  result = minimize(
Invoked: SSBroyden1 approach!
[BFGS] batch= 100  call=  3136  total=3.252e-03  PDE=3.559e-04 [colloc=3.280e-04, cfd=2.786e-05]  WALL=3.295e-15  DATA=1.677e-04
Invoked: SSBroyden1 approach!
[BFGS] batch= 100  call=  3138  total=3.246e-03  PDE=3.553e-04 [colloc=3.275e-04, cfd=2.786e-05]  WALL=3.294e-15  DATA=1.676e-04
Invoked: SSBroyden1 approach!
[BFGS] batch= 100  call=  3146  total=3.235e-03  PDE=3.548e-04 [colloc=3.269e-04, cfd=2.791e-05]  WALL=3.291e-15  DATA=1.669e-04
[BFGS-END] batch= 100  last_total=3.279e-03  last_PDE=3.548e-04 [colloc=3.269e-04, cfd=2.791e-05]  last_WALL=3.291e-15  last_DATA=1.669e-04
/oscar/home/jchen790/cylinder flow lab/src/cfp40.py:1430: OptimizeWarning: Unknown solver options: hess, hessp, bounds, constraints, tol
  result = minimize(
Invoked: SSBroyden1 approach!
[BFGS] batch= 101  call=  3166  total=3.242e-03  PDE=3.538e-04 [colloc=3.261e-04, cfd=2.773e-05]  WALL=3.291e-15  DATA=1.667e-04
Invoked: SSBroyden1 approach!
[BFGS] batch= 101  call=  3174  total=3.228e-03  PDE=3.532e-04 [colloc=3.257e-04, cfd=2.759e-05]  WALL=3.291e-15  DATA=1.664e-04
[BFGS-END] batch= 101  last_total=3.258e-03  last_PDE=3.532e-04 [colloc=3.257e-04, cfd=2.759e-05]  last_WALL=3.291e-15  last_DATA=1.664e-04
/oscar/home/jchen790/cylinder flow lab/src/cfp40.py:1430: OptimizeWarning: Unknown solver options: hess, hessp, bounds, constraints, tol
  result = minimize(
Invoked: SSBroyden1 approach!
[BFGS] batch= 102  call=  3194  total=3.259e-03  PDE=3.531e-04 [colloc=3.254e-04, cfd=2.772e-05]  WALL=3.291e-15  DATA=1.662e-04
Invoked: SSBroyden1 approach!
[BFGS] batch= 102  call=  3195  total=3.229e-03  PDE=3.525e-04 [colloc=3.248e-04, cfd=2.775e-05]  WALL=3.294e-15  DATA=1.664e-04
[BFGS-END] batch= 102  last_total=3.254e-03  last_PDE=3.525e-04 [colloc=3.248e-04, cfd=2.775e-05]  last_WALL=3.294e-15  last_DATA=1.664e-04
/oscar/home/jchen790/cylinder flow lab/src/cfp40.py:1430: OptimizeWarning: Unknown solver options: hess, hessp, bounds, constraints, tol
  result = minimize(
Invoked: SSBroyden1 approach!
[BFGS] batch= 103  call=  3224  total=3.223e-03  PDE=3.524e-04 [colloc=3.247e-04, cfd=2.774e-05]  WALL=3.294e-15  DATA=1.664e-04
[BFGS-END] batch= 103  last_total=3.264e-03  last_PDE=3.524e-04 [colloc=3.247e-04, cfd=2.774e-05]  last_WALL=3.294e-15  last_DATA=1.664e-04
/oscar/home/jchen790/cylinder flow lab/src/cfp40.py:1430: OptimizeWarning: Unknown solver options: hess, hessp, bounds, constraints, tol
  result = minimize(
Invoked: SSBroyden1 approach!
[BFGS] batch= 104  call=  3244  total=3.269e-03  PDE=3.528e-04 [colloc=3.250e-04, cfd=2.783e-05]  WALL=3.299e-15  DATA=1.650e-04
Invoked: SSBroyden1 approach!
[BFGS] batch= 104  call=  3246  total=3.252e-03  PDE=3.519e-04 [colloc=3.240e-04, cfd=2.789e-05]  WALL=3.299e-15  DATA=1.649e-04
[BFGS-END] batch= 104  last_total=3.252e-03  last_PDE=3.532e-04 [colloc=3.251e-04, cfd=2.807e-05]  last_WALL=3.299e-15  last_DATA=1.636e-04
/oscar/home/jchen790/cylinder flow lab/src/cfp40.py:1430: OptimizeWarning: Unknown solver options: hess, hessp, bounds, constraints, tol
  result = minimize(
Invoked: SSBroyden1 approach!
[BFGS] batch= 105  call=  3263  total=3.239e-03  PDE=3.515e-04 [colloc=3.237e-04, cfd=2.782e-05]  WALL=3.298e-15  DATA=1.647e-04
Invoked: SSBroyden1 approach!
[BFGS] batch= 105  call=  3271  total=3.224e-03  PDE=3.510e-04 [colloc=3.230e-04, cfd=2.797e-05]  WALL=3.299e-15  DATA=1.640e-04
[BFGS-END] batch= 105  last_total=3.253e-03  last_PDE=3.510e-04 [colloc=3.230e-04, cfd=2.796e-05]  last_WALL=3.299e-15  last_DATA=1.640e-04
/oscar/home/jchen790/cylinder flow lab/src/cfp40.py:1430: OptimizeWarning: Unknown solver options: hess, hessp, bounds, constraints, tol
  result = minimize(
Invoked: SSBroyden1 approach!
[BFGS] batch= 106  call=  3292  total=3.231e-03  PDE=3.501e-04 [colloc=3.223e-04, cfd=2.783e-05]  WALL=3.296e-15  DATA=1.638e-04
Invoked: SSBroyden1 approach!
[BFGS] batch= 106  call=  3300  total=3.218e-03  PDE=3.498e-04 [colloc=3.221e-04, cfd=2.777e-05]  WALL=3.296e-15  DATA=1.637e-04
Invoked: SSBroyden1 approach!
[BFGS] batch= 106  call=  3302  total=3.208e-03  PDE=3.485e-04 [colloc=3.210e-04, cfd=2.751e-05]  WALL=3.290e-15  DATA=1.627e-04
Invoked: SSBroyden1 approach!
[BFGS] batch= 106  call=  3310  total=3.207e-03  PDE=3.469e-04 [colloc=3.194e-04, cfd=2.749e-05]  WALL=3.286e-15  DATA=1.627e-04
[BFGS-END] batch= 106  last_total=3.235e-03  last_PDE=3.469e-04 [colloc=3.194e-04, cfd=2.748e-05]  last_WALL=3.286e-15  last_DATA=1.626e-04
/oscar/home/jchen790/cylinder flow lab/src/cfp40.py:1430: OptimizeWarning: Unknown solver options: hess, hessp, bounds, constraints, tol
  result = minimize(
[BFGS-END] batch= 107  last_total=3.244e-03  last_PDE=3.469e-04 [colloc=3.194e-04, cfd=2.749e-05]  last_WALL=3.286e-15  last_DATA=1.627e-04
/oscar/home/jchen790/cylinder flow lab/src/cfp40.py:1430: OptimizeWarning: Unknown solver options: hess, hessp, bounds, constraints, tol
  result = minimize(
Invoked: SSBroyden1 approach!
[BFGS] batch= 108  call=  3349  total=3.215e-03  PDE=3.470e-04 [colloc=3.191e-04, cfd=2.789e-05]  WALL=3.288e-15  DATA=1.610e-04
Invoked: SSBroyden1 approach!
[BFGS] batch= 108  call=  3359  total=3.196e-03  PDE=3.466e-04 [colloc=3.187e-04, cfd=2.791e-05]  WALL=3.288e-15  DATA=1.609e-04
[BFGS-END] batch= 108  last_total=3.216e-03  last_PDE=3.466e-04 [colloc=3.187e-04, cfd=2.791e-05]  last_WALL=3.288e-15  last_DATA=1.609e-04
/oscar/home/jchen790/cylinder flow lab/src/cfp40.py:1430: OptimizeWarning: Unknown solver options: hess, hessp, bounds, constraints, tol
  result = minimize(
Invoked: SSBroyden1 approach!
[BFGS] batch= 109  call=  3380  total=3.209e-03  PDE=3.444e-04 [colloc=3.164e-04, cfd=2.793e-05]  WALL=3.282e-15  DATA=1.616e-04
Invoked: SSBroyden1 approach!
[BFGS] batch= 109  call=  3381  total=3.197e-03  PDE=3.417e-04 [colloc=3.135e-04, cfd=2.824e-05]  WALL=3.276e-15  DATA=1.611e-04
[BFGS-END] batch= 109  last_total=3.192e-03  last_PDE=3.416e-04 [colloc=3.133e-04, cfd=2.821e-05]  last_WALL=3.276e-15  last_DATA=1.611e-04
/oscar/home/jchen790/cylinder flow lab/src/cfp40.py:1430: OptimizeWarning: Unknown solver options: hess, hessp, bounds, constraints, tol
  result = minimize(
Invoked: SSBroyden1 approach!
[BFGS] batch= 110  call=  3402  total=3.195e-03  PDE=3.401e-04 [colloc=3.121e-04, cfd=2.800e-05]  WALL=3.275e-15  DATA=1.617e-04
Invoked: SSBroyden1 approach!
[BFGS] batch= 110  call=  3411  total=3.187e-03  PDE=3.389e-04 [colloc=3.111e-04, cfd=2.786e-05]  WALL=3.275e-15  DATA=1.611e-04
[BFGS-END] batch= 110  last_total=3.225e-03  last_PDE=3.388e-04 [colloc=3.110e-04, cfd=2.784e-05]  last_WALL=3.275e-15  last_DATA=1.611e-04
/oscar/home/jchen790/cylinder flow lab/src/cfp40.py:1430: OptimizeWarning: Unknown solver options: hess, hessp, bounds, constraints, tol
  result = minimize(
Invoked: SSBroyden1 approach!
[BFGS] batch= 111  call=  3432  total=3.200e-03  PDE=3.379e-04 [colloc=3.101e-04, cfd=2.780e-05]  WALL=3.275e-15  DATA=1.605e-04
Invoked: SSBroyden1 approach!
[BFGS] batch= 111  call=  3433  total=3.178e-03  PDE=3.369e-04 [colloc=3.095e-04, cfd=2.744e-05]  WALL=3.278e-15  DATA=1.599e-04
Invoked: SSBroyden1 approach!
[BFGS] batch= 111  call=  3435  total=3.178e-03  PDE=3.358e-04 [colloc=3.084e-04, cfd=2.735e-05]  WALL=3.280e-15  DATA=1.599e-04
[BFGS-END] batch= 111  last_total=3.181e-03  last_PDE=3.357e-04 [colloc=3.084e-04, cfd=2.734e-05]  last_WALL=3.280e-15  last_DATA=1.599e-04
/oscar/home/jchen790/cylinder flow lab/src/cfp40.py:1430: OptimizeWarning: Unknown solver options: hess, hessp, bounds, constraints, tol
  result = minimize(
Invoked: SSBroyden1 approach!
[BFGS] batch= 112  call=  3456  total=3.178e-03  PDE=3.349e-04 [colloc=3.077e-04, cfd=2.723e-05]  WALL=3.283e-15  DATA=1.603e-04
Invoked: SSBroyden1 approach!
[BFGS] batch= 112  call=  3457  total=3.167e-03  PDE=3.320e-04 [colloc=3.045e-04, cfd=2.747e-05]  WALL=3.286e-15  DATA=1.627e-04
Invoked: SSBroyden1 approach!
[BFGS] batch= 112  call=  3465  total=3.165e-03  PDE=3.304e-04 [colloc=3.030e-04, cfd=2.740e-05]  WALL=3.288e-15  DATA=1.632e-04
[BFGS-END] batch= 112  last_total=3.187e-03  last_PDE=3.304e-04 [colloc=3.030e-04, cfd=2.740e-05]  last_WALL=3.288e-15  last_DATA=1.632e-04
/oscar/home/jchen790/cylinder flow lab/src/cfp40.py:1430: OptimizeWarning: Unknown solver options: hess, hessp, bounds, constraints, tol
  result = minimize(
Invoked: SSBroyden1 approach!
[BFGS] batch= 113  call=  3488  total=3.165e-03  PDE=3.287e-04 [colloc=3.014e-04, cfd=2.727e-05]  WALL=3.296e-15  DATA=1.634e-04
Invoked: SSBroyden1 approach!
[BFGS] batch= 113  call=  3498  total=3.160e-03  PDE=3.285e-04 [colloc=3.012e-04, cfd=2.727e-05]  WALL=3.296e-15  DATA=1.634e-04
Invoked: SSBroyden1 approach!
[BFGS] batch= 113  call=  3499  total=3.157e-03  PDE=3.269e-04 [colloc=2.996e-04, cfd=2.734e-05]  WALL=3.299e-15  DATA=1.628e-04
[BFGS-END] batch= 113  last_total=3.159e-03  last_PDE=3.269e-04 [colloc=2.995e-04, cfd=2.734e-05]  last_WALL=3.299e-15  last_DATA=1.628e-04
/oscar/home/jchen790/cylinder flow lab/src/cfp40.py:1430: OptimizeWarning: Unknown solver options: hess, hessp, bounds, constraints, tol
  result = minimize(
Invoked: SSBroyden1 approach!
[BFGS] batch= 114  call=  3522  total=3.174e-03  PDE=3.256e-04 [colloc=2.982e-04, cfd=2.738e-05]  WALL=3.301e-15  DATA=1.631e-04
Invoked: SSBroyden1 approach!
[BFGS] batch= 114  call=  3524  total=3.144e-03  PDE=3.237e-04 [colloc=2.957e-04, cfd=2.801e-05]  WALL=3.302e-15  DATA=1.633e-04
Invoked: SSBroyden1 approach!
[BFGS] batch= 114  call=  3526  total=3.135e-03  PDE=3.210e-04 [colloc=2.929e-04, cfd=2.813e-05]  WALL=3.301e-15  DATA=1.640e-04
[BFGS-END] batch= 114  last_total=3.155e-03  last_PDE=3.210e-04 [colloc=2.929e-04, cfd=2.813e-05]  last_WALL=3.301e-15  last_DATA=1.640e-04
/oscar/home/jchen790/cylinder flow lab/src/cfp40.py:1430: OptimizeWarning: Unknown solver options: hess, hessp, bounds, constraints, tol
  result = minimize(
Invoked: SSBroyden1 approach!
[BFGS] batch= 115  call=  3549  total=3.135e-03  PDE=3.193e-04 [colloc=2.917e-04, cfd=2.755e-05]  WALL=3.302e-15  DATA=1.651e-04
Invoked: SSBroyden1 approach!
[BFGS] batch= 115  call=  3551  total=3.118e-03  PDE=3.167e-04 [colloc=2.894e-04, cfd=2.731e-05]  WALL=3.300e-15  DATA=1.652e-04
[BFGS-END] batch= 115  last_total=3.142e-03  last_PDE=3.164e-04 [colloc=2.891e-04, cfd=2.728e-05]  last_WALL=3.300e-15  last_DATA=1.652e-04
/oscar/home/jchen790/cylinder flow lab/src/cfp40.py:1430: OptimizeWarning: Unknown solver options: hess, hessp, bounds, constraints, tol
  result = minimize(
Invoked: SSBroyden1 approach!
[BFGS] batch= 116  call=  3573  total=3.131e-03  PDE=3.151e-04 [colloc=2.880e-04, cfd=2.709e-05]  WALL=3.302e-15  DATA=1.639e-04
Invoked: SSBroyden1 approach!
[BFGS] batch= 116  call=  3575  total=3.125e-03  PDE=3.123e-04 [colloc=2.851e-04, cfd=2.721e-05]  WALL=3.302e-15  DATA=1.640e-04
[BFGS-END] batch= 116  last_total=3.138e-03  last_PDE=3.119e-04 [colloc=2.847e-04, cfd=2.718e-05]  last_WALL=3.302e-15  last_DATA=1.641e-04
/oscar/home/jchen790/cylinder flow lab/src/cfp40.py:1430: OptimizeWarning: Unknown solver options: hess, hessp, bounds, constraints, tol
  result = minimize(
Invoked: SSBroyden1 approach!
[BFGS] batch= 117  call=  3598  total=3.116e-03  PDE=3.119e-04 [colloc=2.848e-04, cfd=2.719e-05]  WALL=3.303e-15  DATA=1.642e-04
[BFGS-END] batch= 117  last_total=3.140e-03  last_PDE=3.119e-04 [colloc=2.848e-04, cfd=2.719e-05]  last_WALL=3.303e-15  last_DATA=1.642e-04
/oscar/home/jchen790/cylinder flow lab/src/cfp40.py:1430: OptimizeWarning: Unknown solver options: hess, hessp, bounds, constraints, tol
  result = minimize(
Invoked: SSBroyden1 approach!
[BFGS] batch= 118  call=  3623  total=3.127e-03  PDE=3.115e-04 [colloc=2.843e-04, cfd=2.714e-05]  WALL=3.302e-15  DATA=1.642e-04
Invoked: SSBroyden1 approach!
[BFGS] batch= 118  call=  3624  total=3.109e-03  PDE=3.096e-04 [colloc=2.820e-04, cfd=2.756e-05]  WALL=3.304e-15  DATA=1.661e-04
Invoked: SSBroyden1 approach!
[BFGS] batch= 118  call=  3631  total=3.104e-03  PDE=3.093e-04 [colloc=2.818e-04, cfd=2.752e-05]  WALL=3.304e-15  DATA=1.662e-04
Invoked: SSBroyden1 approach!
[BFGS] batch= 118  call=  3638  total=3.103e-03  PDE=3.065e-04 [colloc=2.793e-04, cfd=2.721e-05]  WALL=3.306e-15  DATA=1.675e-04
[BFGS-END] batch= 118  last_total=3.100e-03  last_PDE=3.062e-04 [colloc=2.790e-04, cfd=2.718e-05]  last_WALL=3.306e-15  last_DATA=1.676e-04
/oscar/home/jchen790/cylinder flow lab/src/cfp40.py:1430: OptimizeWarning: Unknown solver options: hess, hessp, bounds, constraints, tol
  result = minimize(
Invoked: SSBroyden1 approach!
[BFGS] batch= 119  call=  3666  total=3.106e-03  PDE=3.035e-04 [colloc=2.764e-04, cfd=2.709e-05]  WALL=3.309e-15  DATA=1.698e-04
Invoked: SSBroyden1 approach!
[BFGS] batch= 119  call=  3668  total=3.105e-03  PDE=3.020e-04 [colloc=2.751e-04, cfd=2.695e-05]  WALL=3.309e-15  DATA=1.707e-04
Invoked: SSBroyden1 approach!
[BFGS] batch= 119  call=  3679  total=3.089e-03  PDE=3.016e-04 [colloc=2.747e-04, cfd=2.689e-05]  WALL=3.309e-15  DATA=1.709e-04
Invoked: SSBroyden1 approach!
[BFGS] batch= 119  call=  3681  total=3.088e-03  PDE=2.987e-04 [colloc=2.721e-04, cfd=2.657e-05]  WALL=3.308e-15  DATA=1.721e-04
[BFGS] batch 119: H0 not PD — resetting to identity.
[BFGS-END] batch= 119  last_total=3.108e-03  last_PDE=2.985e-04 [colloc=2.720e-04, cfd=2.657e-05]  last_WALL=3.308e-15  last_DATA=1.722e-04
/oscar/home/jchen790/cylinder flow lab/src/cfp40.py:1430: OptimizeWarning: Unknown solver options: hess, hessp, bounds, constraints, tol
  result = minimize(
[BFGS-END] batch= 120  last_total=3.087e-03  last_PDE=2.986e-04 [colloc=2.720e-04, cfd=2.657e-05]  last_WALL=3.309e-15  last_DATA=1.721e-04
/oscar/home/jchen790/cylinder flow lab/src/cfp40.py:1430: OptimizeWarning: Unknown solver options: hess, hessp, bounds, constraints, tol
  result = minimize(
[BFGS-END] batch= 121  last_total=3.102e-03  last_PDE=2.987e-04 [colloc=2.721e-04, cfd=2.657e-05]  last_WALL=3.308e-15  last_DATA=1.721e-04
/oscar/home/jchen790/cylinder flow lab/src/cfp40.py:1430: OptimizeWarning: Unknown solver options: hess, hessp, bounds, constraints, tol
  result = minimize(
Invoked: SSBroyden1 approach!
[BFGS] batch= 122  call=  3739  total=3.094e-03  PDE=2.985e-04 [colloc=2.720e-04, cfd=2.656e-05]  WALL=3.312e-15  DATA=1.722e-04
Invoked: SSBroyden1 approach!
[BFGS] batch= 122  call=  3741  total=3.082e-03  PDE=2.990e-04 [colloc=2.724e-04, cfd=2.663e-05]  WALL=3.318e-15  DATA=1.699e-04
Invoked: SSBroyden1 approach!
[BFGS] batch= 122  call=  3750  total=3.071e-03  PDE=2.988e-04 [colloc=2.722e-04, cfd=2.663e-05]  WALL=3.319e-15  DATA=1.697e-04
[BFGS-END] batch= 122  last_total=3.082e-03  last_PDE=2.988e-04 [colloc=2.722e-04, cfd=2.663e-05]  last_WALL=3.319e-15  last_DATA=1.696e-04
/oscar/home/jchen790/cylinder flow lab/src/cfp40.py:1430: OptimizeWarning: Unknown solver options: hess, hessp, bounds, constraints, tol
  result = minimize(
Invoked: SSBroyden1 approach!
[BFGS] batch= 123  call=  3775  total=3.080e-03  PDE=2.988e-04 [colloc=2.722e-04, cfd=2.661e-05]  WALL=3.320e-15  DATA=1.696e-04
[BFGS-END] batch= 123  last_total=3.084e-03  last_PDE=2.986e-04 [colloc=2.720e-04, cfd=2.659e-05]  last_WALL=3.319e-15  last_DATA=1.695e-04
/oscar/home/jchen790/cylinder flow lab/src/cfp40.py:1430: OptimizeWarning: Unknown solver options: hess, hessp, bounds, constraints, tol
  result = minimize(
Invoked: SSBroyden1 approach!
[BFGS] batch= 124  call=  3808  total=3.076e-03  PDE=2.983e-04 [colloc=2.718e-04, cfd=2.645e-05]  WALL=3.310e-15  DATA=1.686e-04
Invoked: SSBroyden1 approach!
[BFGS] batch= 124  call=  3810  total=3.068e-03  PDE=2.977e-04 [colloc=2.713e-04, cfd=2.638e-05]  WALL=3.313e-15  DATA=1.683e-04
[BFGS-END] batch= 124  last_total=3.078e-03  last_PDE=2.977e-04 [colloc=2.713e-04, cfd=2.638e-05]  last_WALL=3.313e-15  last_DATA=1.683e-04
/oscar/home/jchen790/cylinder flow lab/src/cfp40.py:1430: OptimizeWarning: Unknown solver options: hess, hessp, bounds, constraints, tol
  result = minimize(
Invoked: SSBroyden1 approach!
[BFGS] batch= 125  call=  3842  total=3.067e-03  PDE=2.969e-04 [colloc=2.706e-04, cfd=2.628e-05]  WALL=3.313e-15  DATA=1.674e-04
Invoked: SSBroyden1 approach!
[BFGS] batch= 125  call=  3851  total=3.056e-03  PDE=2.968e-04 [colloc=2.706e-04, cfd=2.624e-05]  WALL=3.313e-15  DATA=1.673e-04
[BFGS-END] batch= 125  last_total=3.067e-03  last_PDE=2.968e-04 [colloc=2.706e-04, cfd=2.624e-05]  last_WALL=3.313e-15  last_DATA=1.673e-04
/oscar/home/jchen790/cylinder flow lab/src/cfp40.py:1430: OptimizeWarning: Unknown solver options: hess, hessp, bounds, constraints, tol
  result = minimize(
Invoked: SSBroyden1 approach!
[BFGS] batch= 126  call=  3872  total=3.079e-03  PDE=2.965e-04 [colloc=2.703e-04, cfd=2.621e-05]  WALL=3.316e-15  DATA=1.659e-04
Invoked: SSBroyden1 approach!
[BFGS] batch= 126  call=  3873  total=3.065e-03  PDE=2.956e-04 [colloc=2.694e-04, cfd=2.619e-05]  WALL=3.315e-15  DATA=1.658e-04
Invoked: SSBroyden1 approach!
[BFGS] batch= 126  call=  3875  total=3.055e-03  PDE=2.957e-04 [colloc=2.696e-04, cfd=2.616e-05]  WALL=3.314e-15  DATA=1.651e-04
Invoked: SSBroyden1 approach!
[BFGS] batch= 126  call=  3886  total=3.054e-03  PDE=2.957e-04 [colloc=2.695e-04, cfd=2.613e-05]  WALL=3.314e-15  DATA=1.649e-04
Invoked: SSBroyden1 approach!
[BFGS] batch= 126  call=  3887  total=3.038e-03  PDE=2.956e-04 [colloc=2.695e-04, cfd=2.605e-05]  WALL=3.315e-15  DATA=1.646e-04
Invoked: SSBroyden1 approach!
[BFGS] batch= 126  call=  3889  total=3.029e-03  PDE=2.951e-04 [colloc=2.693e-04, cfd=2.584e-05]  WALL=3.316e-15  DATA=1.639e-04
[BFGS-END] batch= 126  last_total=3.065e-03  last_PDE=2.951e-04 [colloc=2.693e-04, cfd=2.584e-05]  last_WALL=3.316e-15  last_DATA=1.639e-04
/oscar/home/jchen790/cylinder flow lab/src/cfp40.py:1430: OptimizeWarning: Unknown solver options: hess, hessp, bounds, constraints, tol
  result = minimize(
Invoked: SSBroyden1 approach!
[BFGS] batch= 127  call=  3910  total=3.042e-03  PDE=2.951e-04 [colloc=2.694e-04, cfd=2.570e-05]  WALL=3.319e-15  DATA=1.619e-04
[BFGS-END] batch= 127  last_total=3.075e-03  last_PDE=2.951e-04 [colloc=2.694e-04, cfd=2.570e-05]  last_WALL=3.319e-15  last_DATA=1.619e-04
/oscar/home/jchen790/cylinder flow lab/src/cfp40.py:1430: OptimizeWarning: Unknown solver options: hess, hessp, bounds, constraints, tol
  result = minimize(
Invoked: SSBroyden1 approach!
[BFGS] batch= 128  call=  3936  total=3.051e-03  PDE=2.951e-04 [colloc=2.694e-04, cfd=2.570e-05]  WALL=3.319e-15  DATA=1.619e-04
Invoked: SSBroyden1 approach!
[BFGS] batch= 128  call=  3945  total=3.046e-03  PDE=2.949e-04 [colloc=2.692e-04, cfd=2.567e-05]  WALL=3.318e-15  DATA=1.617e-04
Invoked: SSBroyden1 approach!
[BFGS] batch= 128  call=  3947  total=3.033e-03  PDE=2.946e-04 [colloc=2.690e-04, cfd=2.563e-05]  WALL=3.315e-15  DATA=1.608e-04
[BFGS-END] batch= 128  last_total=3.043e-03  last_PDE=2.946e-04 [colloc=2.690e-04, cfd=2.563e-05]  last_WALL=3.315e-15  last_DATA=1.608e-04
/oscar/home/jchen790/cylinder flow lab/src/cfp40.py:1430: OptimizeWarning: Unknown solver options: hess, hessp, bounds, constraints, tol
  result = minimize(
Invoked: SSBroyden1 approach!
[BFGS] batch= 129  call=  3972  total=3.045e-03  PDE=2.946e-04 [colloc=2.690e-04, cfd=2.563e-05]  WALL=3.315e-15  DATA=1.608e-04
[BFGS-END] batch= 129  last_total=3.056e-03  last_PDE=2.946e-04 [colloc=2.690e-04, cfd=2.562e-05]  last_WALL=3.315e-15  last_DATA=1.608e-04
/oscar/home/jchen790/cylinder flow lab/src/cfp40.py:1430: OptimizeWarning: Unknown solver options: hess, hessp, bounds, constraints, tol
  result = minimize(
Invoked: SSBroyden1 approach!
[BFGS] batch= 130  call=  3998  total=3.046e-03  PDE=2.946e-04 [colloc=2.690e-04, cfd=2.563e-05]  WALL=3.315e-15  DATA=1.608e-04
Invoked: SSBroyden1 approach!
[BFGS] batch= 130  call=  4000  total=3.037e-03  PDE=2.949e-04 [colloc=2.694e-04, cfd=2.552e-05]  WALL=3.316e-15  DATA=1.604e-04
Invoked: SSBroyden1 approach!
[BFGS] batch= 130  call=  4012  total=3.032e-03  PDE=2.949e-04 [colloc=2.694e-04, cfd=2.551e-05]  WALL=3.316e-15  DATA=1.603e-04
Invoked: SSBroyden1 approach!
[BFGS] batch= 130  call=  4014  total=3.030e-03  PDE=2.948e-04 [colloc=2.693e-04, cfd=2.550e-05]  WALL=3.316e-15  DATA=1.598e-04
[BFGS-END] batch= 130  last_total=3.057e-03  last_PDE=2.948e-04 [colloc=2.693e-04, cfd=2.550e-05]  last_WALL=3.316e-15  last_DATA=1.598e-04
/oscar/home/jchen790/cylinder flow lab/src/cfp40.py:1430: OptimizeWarning: Unknown solver options: hess, hessp, bounds, constraints, tol
  result = minimize(
Invoked: SSBroyden1 approach!
[BFGS] batch= 131  call=  4041  total=3.030e-03  PDE=2.949e-04 [colloc=2.694e-04, cfd=2.549e-05]  WALL=3.317e-15  DATA=1.591e-04
[BFGS-END] batch= 131  last_total=3.037e-03  last_PDE=2.948e-04 [colloc=2.694e-04, cfd=2.547e-05]  last_WALL=3.317e-15  last_DATA=1.591e-04
/oscar/home/jchen790/cylinder flow lab/src/cfp40.py:1430: OptimizeWarning: Unknown solver options: hess, hessp, bounds, constraints, tol
  result = minimize(
Invoked: SSBroyden1 approach!
[BFGS] batch= 132  call=  4062  total=3.027e-03  PDE=2.949e-04 [colloc=2.694e-04, cfd=2.549e-05]  WALL=3.318e-15  DATA=1.589e-04
Invoked: SSBroyden1 approach!
[BFGS] batch= 132  call=  4071  total=3.017e-03  PDE=2.944e-04 [colloc=2.688e-04, cfd=2.562e-05]  WALL=3.320e-15  DATA=1.581e-04
[BFGS-END] batch= 132  last_total=3.032e-03  last_PDE=2.944e-04 [colloc=2.688e-04, cfd=2.562e-05]  last_WALL=3.320e-15  last_DATA=1.581e-04
/oscar/home/jchen790/cylinder flow lab/src/cfp40.py:1430: OptimizeWarning: Unknown solver options: hess, hessp, bounds, constraints, tol
  result = minimize(
Invoked: SSBroyden1 approach!
[BFGS] batch= 133  call=  4092  total=3.028e-03  PDE=2.948e-04 [colloc=2.692e-04, cfd=2.558e-05]  WALL=3.322e-15  DATA=1.581e-04
Invoked: SSBroyden1 approach!
[BFGS] batch= 133  call=  4094  total=3.027e-03  PDE=2.947e-04 [colloc=2.693e-04, cfd=2.544e-05]  WALL=3.319e-15  DATA=1.573e-04
Invoked: SSBroyden1 approach!
[BFGS] batch= 133  call=  4101  total=3.023e-03  PDE=2.947e-04 [colloc=2.692e-04, cfd=2.543e-05]  WALL=3.319e-15  DATA=1.572e-04
[BFGS-END] batch= 133  last_total=3.044e-03  last_PDE=2.947e-04 [colloc=2.692e-04, cfd=2.543e-05]  last_WALL=3.319e-15  last_DATA=1.572e-04
/oscar/home/jchen790/cylinder flow lab/src/cfp40.py:1430: OptimizeWarning: Unknown solver options: hess, hessp, bounds, constraints, tol
  result = minimize(
[BFGS-END] batch= 134  last_total=3.039e-03  last_PDE=2.947e-04 [colloc=2.692e-04, cfd=2.543e-05]  last_WALL=3.319e-15  last_DATA=1.572e-04
/oscar/home/jchen790/cylinder flow lab/src/cfp40.py:1430: OptimizeWarning: Unknown solver options: hess, hessp, bounds, constraints, tol
  result = minimize(
Invoked: SSBroyden1 approach!
[BFGS] batch= 135  call=  4149  total=3.021e-03  PDE=2.945e-04 [colloc=2.691e-04, cfd=2.545e-05]  WALL=3.318e-15  DATA=1.570e-04
[BFGS-END] batch= 135  last_total=3.057e-03  last_PDE=2.945e-04 [colloc=2.691e-04, cfd=2.544e-05]  last_WALL=3.318e-15  last_DATA=1.570e-04
/oscar/home/jchen790/cylinder flow lab/src/cfp40.py:1430: OptimizeWarning: Unknown solver options: hess, hessp, bounds, constraints, tol
  result = minimize(
Invoked: SSBroyden1 approach!
[BFGS] batch= 136  call=  4170  total=3.023e-03  PDE=2.944e-04 [colloc=2.690e-04, cfd=2.542e-05]  WALL=3.318e-15  DATA=1.566e-04
[BFGS-END] batch= 136  last_total=3.028e-03  last_PDE=2.944e-04 [colloc=2.690e-04, cfd=2.542e-05]  last_WALL=3.318e-15  last_DATA=1.566e-04
/oscar/home/jchen790/cylinder flow lab/src/cfp40.py:1430: OptimizeWarning: Unknown solver options: hess, hessp, bounds, constraints, tol
  result = minimize(
Invoked: SSBroyden1 approach!
[BFGS] batch= 137  call=  4199  total=3.019e-03  PDE=2.944e-04 [colloc=2.690e-04, cfd=2.541e-05]  WALL=3.318e-15  DATA=1.566e-04
Invoked: SSBroyden1 approach!
[BFGS] batch= 137  call=  4201  total=3.013e-03  PDE=2.942e-04 [colloc=2.688e-04, cfd=2.537e-05]  WALL=3.319e-15  DATA=1.564e-04
[BFGS-END] batch= 137  last_total=3.015e-03  last_PDE=2.942e-04 [colloc=2.688e-04, cfd=2.537e-05]  last_WALL=3.319e-15  last_DATA=1.564e-04
/oscar/home/jchen790/cylinder flow lab/src/cfp40.py:1430: OptimizeWarning: Unknown solver options: hess, hessp, bounds, constraints, tol
  result = minimize(
Invoked: SSBroyden1 approach!
[BFGS] batch= 138  call=  4222  total=3.011e-03  PDE=2.943e-04 [colloc=2.689e-04, cfd=2.533e-05]  WALL=3.320e-15  DATA=1.580e-04
[BFGS-END] batch= 138  last_total=3.037e-03  last_PDE=2.943e-04 [colloc=2.689e-04, cfd=2.533e-05]  last_WALL=3.320e-15  last_DATA=1.580e-04
/oscar/home/jchen790/cylinder flow lab/src/cfp40.py:1430: OptimizeWarning: Unknown solver options: hess, hessp, bounds, constraints, tol
  result = minimize(
Invoked: SSBroyden1 approach!
[BFGS] batch= 139  call=  4247  total=3.019e-03  PDE=2.943e-04 [colloc=2.689e-04, cfd=2.533e-05]  WALL=3.320e-15  DATA=1.580e-04
Invoked: SSBroyden1 approach!
[BFGS] batch= 139  call=  4259  total=3.019e-03  PDE=2.940e-04 [colloc=2.687e-04, cfd=2.529e-05]  WALL=3.320e-15  DATA=1.580e-04
[BFGS-END] batch= 139  last_total=3.036e-03  last_PDE=2.940e-04 [colloc=2.687e-04, cfd=2.529e-05]  last_WALL=3.320e-15  last_DATA=1.580e-04
/oscar/home/jchen790/cylinder flow lab/src/cfp40.py:1430: OptimizeWarning: Unknown solver options: hess, hessp, bounds, constraints, tol
  result = minimize(
Invoked: SSBroyden1 approach!
[BFGS] batch= 140  call=  4286  total=3.023e-03  PDE=2.938e-04 [colloc=2.686e-04, cfd=2.526e-05]  WALL=3.320e-15  DATA=1.579e-04
[BFGS-END] batch= 140  last_total=3.036e-03  last_PDE=2.938e-04 [colloc=2.685e-04, cfd=2.526e-05]  last_WALL=3.320e-15  last_DATA=1.579e-04
/oscar/home/jchen790/cylinder flow lab/src/cfp40.py:1430: OptimizeWarning: Unknown solver options: hess, hessp, bounds, constraints, tol
  result = minimize(
[BFGS-END] batch= 141  last_total=3.057e-03  last_PDE=2.938e-04 [colloc=2.686e-04, cfd=2.526e-05]  last_WALL=3.320e-15  last_DATA=1.579e-04
/oscar/home/jchen790/cylinder flow lab/src/cfp40.py:1430: OptimizeWarning: Unknown solver options: hess, hessp, bounds, constraints, tol
  result = minimize(
Invoked: SSBroyden1 approach!
[BFGS] batch= 142  call=  4326  total=3.059e-03  PDE=2.940e-04 [colloc=2.688e-04, cfd=2.525e-05]  WALL=3.319e-15  DATA=1.568e-04
Invoked: SSBroyden1 approach!
[BFGS] batch= 142  call=  4327  total=3.029e-03  PDE=2.936e-04 [colloc=2.683e-04, cfd=2.523e-05]  WALL=3.319e-15  DATA=1.565e-04
Invoked: SSBroyden1 approach!
[BFGS] batch= 142  call=  4329  total=3.008e-03  PDE=2.927e-04 [colloc=2.676e-04, cfd=2.512e-05]  WALL=3.318e-15  DATA=1.547e-04
[BFGS-END] batch= 142  last_total=3.069e-03  last_PDE=2.926e-04 [colloc=2.675e-04, cfd=2.510e-05]  last_WALL=3.318e-15  last_DATA=1.547e-04
/oscar/home/jchen790/cylinder flow lab/src/cfp40.py:1430: OptimizeWarning: Unknown solver options: hess, hessp, bounds, constraints, tol
  result = minimize(
Invoked: SSBroyden1 approach!
[BFGS] batch= 143  call=  4351  total=2.986e-03  PDE=2.931e-04 [colloc=2.680e-04, cfd=2.504e-05]  WALL=3.317e-15  DATA=1.552e-04
[BFGS-END] batch= 143  last_total=3.019e-03  last_PDE=2.930e-04 [colloc=2.680e-04, cfd=2.504e-05]  last_WALL=3.318e-15  last_DATA=1.552e-04
/oscar/home/jchen790/cylinder flow lab/src/cfp40.py:1430: OptimizeWarning: Unknown solver options: hess, hessp, bounds, constraints, tol
  result = minimize(
Invoked: SSBroyden1 approach!
[BFGS] batch= 144  call=  4372  total=3.029e-03  PDE=2.928e-04 [colloc=2.678e-04, cfd=2.501e-05]  WALL=3.319e-15  DATA=1.555e-04
Invoked: SSBroyden1 approach!
[BFGS] batch= 144  call=  4374  total=3.026e-03  PDE=2.928e-04 [colloc=2.678e-04, cfd=2.501e-05]  WALL=3.319e-15  DATA=1.555e-04
Invoked: SSBroyden1 approach!
[BFGS] batch= 144  call=  4375  total=2.976e-03  PDE=2.922e-04 [colloc=2.670e-04, cfd=2.526e-05]  WALL=3.320e-15  DATA=1.565e-04
[BFGS-END] batch= 144  last_total=3.029e-03  last_PDE=2.922e-04 [colloc=2.670e-04, cfd=2.526e-05]  last_WALL=3.320e-15  last_DATA=1.565e-04
/oscar/home/jchen790/cylinder flow lab/src/cfp40.py:1430: OptimizeWarning: Unknown solver options: hess, hessp, bounds, constraints, tol
  result = minimize(
Invoked: SSBroyden1 approach!
[BFGS] batch= 145  call=  4395  total=3.001e-03  PDE=2.920e-04 [colloc=2.667e-04, cfd=2.523e-05]  WALL=3.319e-15  DATA=1.567e-04
[BFGS-END] batch= 145  last_total=3.024e-03  last_PDE=2.920e-04 [colloc=2.667e-04, cfd=2.522e-05]  last_WALL=3.319e-15  last_DATA=1.567e-04
/oscar/home/jchen790/cylinder flow lab/src/cfp40.py:1430: OptimizeWarning: Unknown solver options: hess, hessp, bounds, constraints, tol
  result = minimize(
Invoked: SSBroyden1 approach!
[BFGS] batch= 146  call=  4415  total=2.995e-03  PDE=2.915e-04 [colloc=2.665e-04, cfd=2.504e-05]  WALL=3.319e-15  DATA=1.570e-04
[BFGS-END] batch= 146  last_total=3.023e-03  last_PDE=2.915e-04 [colloc=2.665e-04, cfd=2.504e-05]  last_WALL=3.319e-15  last_DATA=1.570e-04
/oscar/home/jchen790/cylinder flow lab/src/cfp40.py:1430: OptimizeWarning: Unknown solver options: hess, hessp, bounds, constraints, tol
  result = minimize(
Invoked: SSBroyden1 approach!
[BFGS] batch= 147  call=  4436  total=3.013e-03  PDE=2.908e-04 [colloc=2.659e-04, cfd=2.489e-05]  WALL=3.316e-15  DATA=1.573e-04
Invoked: SSBroyden1 approach!
[BFGS] batch= 147  call=  4446  total=2.988e-03  PDE=2.907e-04 [colloc=2.659e-04, cfd=2.486e-05]  WALL=3.320e-15  DATA=1.590e-04
[BFGS-END] batch= 147  last_total=2.987e-03  last_PDE=2.907e-04 [colloc=2.659e-04, cfd=2.486e-05]  last_WALL=3.320e-15  last_DATA=1.590e-04
/oscar/home/jchen790/cylinder flow lab/src/cfp40.py:1430: OptimizeWarning: Unknown solver options: hess, hessp, bounds, constraints, tol
  result = minimize(
[BFGS-END] batch= 148  last_total=3.012e-03  last_PDE=2.907e-04 [colloc=2.659e-04, cfd=2.486e-05]  last_WALL=3.320e-15  last_DATA=1.590e-04
/oscar/home/jchen790/cylinder flow lab/src/cfp40.py:1430: OptimizeWarning: Unknown solver options: hess, hessp, bounds, constraints, tol
  result = minimize(
[BFGS-END] batch= 149  last_total=3.023e-03  last_PDE=2.907e-04 [colloc=2.659e-04, cfd=2.486e-05]  last_WALL=3.320e-15  last_DATA=1.590e-04
/oscar/home/jchen790/cylinder flow lab/src/cfp40.py:1430: OptimizeWarning: Unknown solver options: hess, hessp, bounds, constraints, tol
  result = minimize(
Invoked: SSBroyden1 approach!
[BFGS] batch= 150  call=  4504  total=3.010e-03  PDE=2.901e-04 [colloc=2.652e-04, cfd=2.489e-05]  WALL=3.317e-15  DATA=1.597e-04
Invoked: SSBroyden1 approach!
[BFGS] batch= 150  call=  4515  total=2.998e-03  PDE=2.899e-04 [colloc=2.651e-04, cfd=2.481e-05]  WALL=3.317e-15  DATA=1.598e-04
Invoked: SSBroyden1 approach!
[BFGS] batch= 150  call=  4524  total=2.994e-03  PDE=2.898e-04 [colloc=2.650e-04, cfd=2.477e-05]  WALL=3.317e-15  DATA=1.598e-04
Invoked: SSBroyden1 approach!
[BFGS] batch= 150  call=  4531  total=2.989e-03  PDE=2.892e-04 [colloc=2.647e-04, cfd=2.456e-05]  WALL=3.317e-15  DATA=1.594e-04
[BFGS-END] batch= 150  last_total=3.021e-03  last_PDE=2.910e-04 [colloc=2.661e-04, cfd=2.485e-05]  last_WALL=3.317e-15  last_DATA=1.585e-04
/oscar/home/jchen790/cylinder flow lab/src/cfp40.py:1430: OptimizeWarning: Unknown solver options: hess, hessp, bounds, constraints, tol
  result = minimize(
Invoked: SSBroyden1 approach!
[BFGS] batch= 151  call=  4546  total=3.002e-03  PDE=2.889e-04 [colloc=2.643e-04, cfd=2.460e-05]  WALL=3.317e-15  DATA=1.595e-04
[BFGS-END] batch= 151  last_total=3.011e-03  last_PDE=2.912e-04 [colloc=2.664e-04, cfd=2.478e-05]  last_WALL=3.316e-15  last_DATA=1.579e-04
/oscar/home/jchen790/cylinder flow lab/src/cfp40.py:1430: OptimizeWarning: Unknown solver options: hess, hessp, bounds, constraints, tol
  result = minimize(
Invoked: SSBroyden1 approach!
[BFGS] batch= 152  call=  4561  total=3.007e-03  PDE=2.888e-04 [colloc=2.645e-04, cfd=2.434e-05]  WALL=3.317e-15  DATA=1.592e-04
Invoked: SSBroyden1 approach!
[BFGS] batch= 152  call=  4564  total=2.989e-03  PDE=2.887e-04 [colloc=2.644e-04, cfd=2.433e-05]  WALL=3.318e-15  DATA=1.592e-04
[BFGS-END] batch= 152  last_total=3.003e-03  last_PDE=2.887e-04 [colloc=2.644e-04, cfd=2.433e-05]  last_WALL=3.318e-15  last_DATA=1.592e-04
/oscar/home/jchen790/cylinder flow lab/src/cfp40.py:1430: OptimizeWarning: Unknown solver options: hess, hessp, bounds, constraints, tol
  result = minimize(
Invoked: SSBroyden1 approach!
[BFGS] batch= 153  call=  4585  total=3.006e-03  PDE=2.882e-04 [colloc=2.639e-04, cfd=2.432e-05]  WALL=3.318e-15  DATA=1.591e-04
[BFGS-END] batch= 153  last_total=2.983e-03  last_PDE=2.874e-04 [colloc=2.635e-04, cfd=2.389e-05]  last_WALL=3.322e-15  last_DATA=1.599e-04
/oscar/home/jchen790/cylinder flow lab/src/cfp40.py:1430: OptimizeWarning: Unknown solver options: hess, hessp, bounds, constraints, tol
  result = minimize(
[BFGS-END] batch= 154  last_total=3.012e-03  last_PDE=2.886e-04 [colloc=2.647e-04, cfd=2.390e-05]  last_WALL=3.325e-15  last_DATA=1.598e-04
/oscar/home/jchen790/cylinder flow lab/src/cfp40.py:1430: OptimizeWarning: Unknown solver options: hess, hessp, bounds, constraints, tol
  result = minimize(
Invoked: SSBroyden1 approach!
[BFGS] batch= 155  call=  4612  total=3.008e-03  PDE=2.872e-04 [colloc=2.632e-04, cfd=2.399e-05]  WALL=3.321e-15  DATA=1.597e-04
Invoked: SSBroyden1 approach!
[BFGS] batch= 155  call=  4613  total=3.008e-03  PDE=2.864e-04 [colloc=2.624e-04, cfd=2.400e-05]  WALL=3.322e-15  DATA=1.604e-04
Invoked: SSBroyden1 approach!
[BFGS] batch= 155  call=  4614  total=2.986e-03  PDE=2.861e-04 [colloc=2.621e-04, cfd=2.399e-05]  WALL=3.322e-15  DATA=1.605e-04
[BFGS-END] batch= 155  last_total=2.975e-03  last_PDE=2.861e-04 [colloc=2.621e-04, cfd=2.398e-05]  last_WALL=3.322e-15  last_DATA=1.605e-04
/oscar/home/jchen790/cylinder flow lab/src/cfp40.py:1430: OptimizeWarning: Unknown solver options: hess, hessp, bounds, constraints, tol
  result = minimize(
Invoked: SSBroyden1 approach!
[BFGS] batch= 156  call=  4642  total=2.996e-03  PDE=2.852e-04 [colloc=2.614e-04, cfd=2.379e-05]  WALL=3.322e-15  DATA=1.609e-04
Invoked: SSBroyden1 approach!
[BFGS] batch= 156  call=  4643  total=2.973e-03  PDE=2.833e-04 [colloc=2.590e-04, cfd=2.432e-05]  WALL=3.323e-15  DATA=1.631e-04
[BFGS-END] batch= 156  last_total=2.990e-03  last_PDE=2.833e-04 [colloc=2.590e-04, cfd=2.432e-05]  last_WALL=3.323e-15  last_DATA=1.631e-04
/oscar/home/jchen790/cylinder flow lab/src/cfp40.py:1430: OptimizeWarning: Unknown solver options: hess, hessp, bounds, constraints, tol
  result = minimize(
Invoked: SSBroyden1 approach!
[BFGS] batch= 157  call=  4664  total=2.973e-03  PDE=2.833e-04 [colloc=2.590e-04, cfd=2.421e-05]  WALL=3.324e-15  DATA=1.628e-04
[BFGS-END] batch= 157  last_total=2.972e-03  last_PDE=2.832e-04 [colloc=2.590e-04, cfd=2.418e-05]  last_WALL=3.324e-15  last_DATA=1.628e-04
/oscar/home/jchen790/cylinder flow lab/src/cfp40.py:1430: OptimizeWarning: Unknown solver options: hess, hessp, bounds, constraints, tol
  result = minimize(
Invoked: SSBroyden1 approach!
[BFGS] batch= 158  call=  4697  total=2.971e-03  PDE=2.833e-04 [colloc=2.590e-04, cfd=2.421e-05]  WALL=3.324e-15  DATA=1.628e-04
Invoked: SSBroyden1 approach!
[BFGS] batch= 158  call=  4707  total=2.967e-03  PDE=2.831e-04 [colloc=2.589e-04, cfd=2.417e-05]  WALL=3.324e-15  DATA=1.629e-04
[BFGS-END] batch= 158  last_total=3.013e-03  last_PDE=2.831e-04 [colloc=2.589e-04, cfd=2.417e-05]  last_WALL=3.324e-15  last_DATA=1.629e-04
/oscar/home/jchen790/cylinder flow lab/src/cfp40.py:1430: OptimizeWarning: Unknown solver options: hess, hessp, bounds, constraints, tol
  result = minimize(
Invoked: SSBroyden1 approach!
[BFGS] batch= 159  call=  4729  total=2.981e-03  PDE=2.832e-04 [colloc=2.591e-04, cfd=2.406e-05]  WALL=3.327e-15  DATA=1.622e-04
Invoked: SSBroyden1 approach!
[BFGS] batch= 159  call=  4731  total=2.968e-03  PDE=2.818e-04 [colloc=2.579e-04, cfd=2.382e-05]  WALL=3.327e-15  DATA=1.615e-04
[BFGS-END] batch= 159  last_total=3.005e-03  last_PDE=2.818e-04 [colloc=2.579e-04, cfd=2.382e-05]  last_WALL=3.327e-15  last_DATA=1.615e-04
/oscar/home/jchen790/cylinder flow lab/src/cfp40.py:1430: OptimizeWarning: Unknown solver options: hess, hessp, bounds, constraints, tol
  result = minimize(
Invoked: SSBroyden1 approach!
[BFGS] batch= 160  call=  4753  total=2.966e-03  PDE=2.808e-04 [colloc=2.569e-04, cfd=2.383e-05]  WALL=3.324e-15  DATA=1.608e-04
Invoked: SSBroyden1 approach!
[BFGS] batch= 160  call=  4761  total=2.955e-03  PDE=2.801e-04 [colloc=2.564e-04, cfd=2.366e-05]  WALL=3.326e-15  DATA=1.610e-04
Invoked: SSBroyden1 approach!
[BFGS] batch= 160  call=  4771  total=2.947e-03  PDE=2.796e-04 [colloc=2.561e-04, cfd=2.346e-05]  WALL=3.327e-15  DATA=1.610e-04
[BFGS-END] batch= 160  last_total=2.979e-03  last_PDE=2.796e-04 [colloc=2.561e-04, cfd=2.346e-05]  last_WALL=3.327e-15  last_DATA=1.610e-04
/oscar/home/jchen790/cylinder flow lab/src/cfp40.py:1430: OptimizeWarning: Unknown solver options: hess, hessp, bounds, constraints, tol
  result = minimize(
Invoked: SSBroyden1 approach!
[BFGS] batch= 161  call=  4792  total=2.956e-03  PDE=2.788e-04 [colloc=2.556e-04, cfd=2.326e-05]  WALL=3.326e-15  DATA=1.615e-04
[BFGS-END] batch= 161  last_total=2.980e-03  last_PDE=2.788e-04 [colloc=2.556e-04, cfd=2.326e-05]  last_WALL=3.326e-15  last_DATA=1.615e-04
/oscar/home/jchen790/cylinder flow lab/src/cfp40.py:1430: OptimizeWarning: Unknown solver options: hess, hessp, bounds, constraints, tol
  result = minimize(
Invoked: SSBroyden1 approach!
[BFGS] batch= 162  call=  4813  total=2.986e-03  PDE=2.787e-04 [colloc=2.553e-04, cfd=2.332e-05]  WALL=3.328e-15  DATA=1.639e-04
Invoked: SSBroyden1 approach!
[BFGS] batch= 162  call=  4814  total=2.975e-03  PDE=2.777e-04 [colloc=2.547e-04, cfd=2.308e-05]  WALL=3.329e-15  DATA=1.646e-04
Invoked: SSBroyden1 approach!
[BFGS] batch= 162  call=  4816  total=2.970e-03  PDE=2.762e-04 [colloc=2.533e-04, cfd=2.294e-05]  WALL=3.329e-15  DATA=1.647e-04
Invoked: SSBroyden1 approach!
[BFGS] batch= 162  call=  4817  total=2.955e-03  PDE=2.751e-04 [colloc=2.522e-04, cfd=2.299e-05]  WALL=3.328e-15  DATA=1.632e-04
Invoked: SSBroyden1 approach!
[BFGS] batch= 162  call=  4819  total=2.946e-03  PDE=2.746e-04 [colloc=2.517e-04, cfd=2.295e-05]  WALL=3.330e-15  DATA=1.631e-04
Invoked: SSBroyden1 approach!
[BFGS] batch= 162  call=  4820  total=2.944e-03  PDE=2.740e-04 [colloc=2.503e-04, cfd=2.369e-05]  WALL=3.339e-15  DATA=1.622e-04
[BFGS-END] batch= 162  last_total=2.941e-03  last_PDE=2.740e-04 [colloc=2.503e-04, cfd=2.369e-05]  last_WALL=3.339e-15  last_DATA=1.622e-04
/oscar/home/jchen790/cylinder flow lab/src/cfp40.py:1430: OptimizeWarning: Unknown solver options: hess, hessp, bounds, constraints, tol
  result = minimize(
Invoked: SSBroyden1 approach!
[BFGS] batch= 163  call=  4843  total=2.958e-03  PDE=2.736e-04 [colloc=2.502e-04, cfd=2.336e-05]  WALL=3.339e-15  DATA=1.622e-04
Invoked: SSBroyden1 approach!
[BFGS] batch= 163  call=  4851  total=2.945e-03  PDE=2.734e-04 [colloc=2.500e-04, cfd=2.332e-05]  WALL=3.339e-15  DATA=1.622e-04
Invoked: SSBroyden1 approach!
[BFGS] batch= 163  call=  4853  total=2.930e-03  PDE=2.708e-04 [colloc=2.477e-04, cfd=2.305e-05]  WALL=3.339e-15  DATA=1.629e-04
Invoked: SSBroyden1 approach!
[BFGS] batch= 163  call=  4864  total=2.926e-03  PDE=2.704e-04 [colloc=2.474e-04, cfd=2.299e-05]  WALL=3.340e-15  DATA=1.629e-04
[BFGS-END] batch= 163  last_total=2.943e-03  last_PDE=2.704e-04 [colloc=2.474e-04, cfd=2.299e-05]  last_WALL=3.340e-15  last_DATA=1.629e-04
/oscar/home/jchen790/cylinder flow lab/src/cfp40.py:1430: OptimizeWarning: Unknown solver options: hess, hessp, bounds, constraints, tol
  result = minimize(
Invoked: SSBroyden1 approach!
[BFGS] batch= 164  call=  4884  total=2.934e-03  PDE=2.698e-04 [colloc=2.469e-04, cfd=2.290e-05]  WALL=3.342e-15  DATA=1.623e-04
[BFGS-END] batch= 164  last_total=2.960e-03  last_PDE=2.697e-04 [colloc=2.468e-04, cfd=2.288e-05]  last_WALL=3.342e-15  last_DATA=1.622e-04
/oscar/home/jchen790/cylinder flow lab/src/cfp40.py:1430: OptimizeWarning: Unknown solver options: hess, hessp, bounds, constraints, tol
  result = minimize(
Invoked: SSBroyden1 approach!
[BFGS] batch= 165  call=  4905  total=2.928e-03  PDE=2.693e-04 [colloc=2.464e-04, cfd=2.291e-05]  WALL=3.342e-15  DATA=1.621e-04
Invoked: SSBroyden1 approach!
[BFGS] batch= 165  call=  4914  total=2.922e-03  PDE=2.691e-04 [colloc=2.462e-04, cfd=2.287e-05]  WALL=3.342e-15  DATA=1.621e-04
Invoked: SSBroyden1 approach!
[BFGS] batch= 165  call=  4927  total=2.921e-03  PDE=2.689e-04 [colloc=2.460e-04, cfd=2.286e-05]  WALL=3.341e-15  DATA=1.620e-04
[BFGS-END] batch= 165  last_total=2.949e-03  last_PDE=2.688e-04 [colloc=2.460e-04, cfd=2.286e-05]  last_WALL=3.341e-15  last_DATA=1.620e-04
/oscar/home/jchen790/cylinder flow lab/src/cfp40.py:1430: OptimizeWarning: Unknown solver options: hess, hessp, bounds, constraints, tol
  result = minimize(
Invoked: SSBroyden1 approach!
[BFGS] batch= 166  call=  4958  total=2.932e-03  PDE=2.673e-04 [colloc=2.446e-04, cfd=2.267e-05]  WALL=3.342e-15  DATA=1.625e-04
Invoked: SSBroyden1 approach!
[BFGS] batch= 166  call=  4968  total=2.913e-03  PDE=2.644e-04 [colloc=2.416e-04, cfd=2.283e-05]  WALL=3.342e-15  DATA=1.637e-04
[BFGS-END] batch= 166  last_total=2.927e-03  last_PDE=2.643e-04 [colloc=2.414e-04, cfd=2.283e-05]  last_WALL=3.342e-15  last_DATA=1.638e-04
/oscar/home/jchen790/cylinder flow lab/src/cfp40.py:1430: OptimizeWarning: Unknown solver options: hess, hessp, bounds, constraints, tol
  result = minimize(
Invoked: SSBroyden1 approach!
[BFGS] batch= 167  call=  4998  total=2.905e-03  PDE=2.642e-04 [colloc=2.414e-04, cfd=2.283e-05]  WALL=3.341e-15  DATA=1.638e-04
[BFGS-END] batch= 167  last_total=2.955e-03  last_PDE=2.642e-04 [colloc=2.414e-04, cfd=2.283e-05]  last_WALL=3.341e-15  last_DATA=1.638e-04
/oscar/home/jchen790/cylinder flow lab/src/cfp40.py:1430: OptimizeWarning: Unknown solver options: hess, hessp, bounds, constraints, tol
  result = minimize(
Invoked: SSBroyden1 approach!
[BFGS] batch= 168  call=  5019  total=2.911e-03  PDE=2.623e-04 [colloc=2.393e-04, cfd=2.301e-05]  WALL=3.340e-15  DATA=1.654e-04
Invoked: SSBroyden1 approach!
[BFGS] batch= 168  call=  5027  total=2.911e-03  PDE=2.596e-04 [colloc=2.365e-04, cfd=2.315e-05]  WALL=3.336e-15  DATA=1.655e-04
[BFGS-END] batch= 168  last_total=2.929e-03  last_PDE=2.596e-04 [colloc=2.364e-04, cfd=2.314e-05]  last_WALL=3.336e-15  last_DATA=1.655e-04
/oscar/home/jchen790/cylinder flow lab/src/cfp40.py:1430: OptimizeWarning: Unknown solver options: hess, hessp, bounds, constraints, tol
  result = minimize(
Invoked: SSBroyden1 approach!
[BFGS] batch= 169  call=  5048  total=2.907e-03  PDE=2.587e-04 [colloc=2.356e-04, cfd=2.312e-05]  WALL=3.340e-15  DATA=1.646e-04
