## SLURM PROLOG ###############################################################
##    Job ID : 3598561
##  Job Name : pinn_re40_pt
##  Nodelist : gpu3005
##      CPUs : 
##  Mem/Node : 65536 MB
## Directory : /oscar/home/jchen790/cylinder flow lab
##   Job Started : Wed Jul  1 05:19:42 AM EDT 2026
###############################################################################
[OK] _optimize._minimize_bfgs loaded — SSBroyden / SSBFGS variants available
Loaded Re40.vtk  cells=8234
Model: width=96, depth=5, params=38018
Loss weights: adaptive during Adam, frozen during BFGS
Cylinder no-slip: enforced hard through stream-function lifting
CFD-aware PDE residual: n_cfd_pde=8000, lambda_pde_cfd=1.0
[PT  ] pseudo-time stepping ENABLED  w_init=1.0  ema=0.9
[mem ] params=38018  H0 (NxN float64) = 10.77 GB  available ~ 64.0 GB
[mem ] WARNING: budget 64.0 GB < soft min 83.4 GB. SSBroyden update peaks 3-4x H0 due to NxN outer products; you may OOM mid-batch.
============================================================
Phase 1 — Adam (2000 epochs)
Goal: match CFD while improving PDE and enforcing wall no-slip exactly
============================================================
  [PT] w=1.7146  (raw=8.1461  ‖ΔR‖=6.276e+02  ‖Δu‖=7.704e+01)
  [PT] w=1.9530  (raw=4.0981  ‖ΔR‖=6.915e+01  ‖Δu‖=1.687e+01)
  [PT] w=2.3878  (raw=6.3011  ‖ΔR‖=2.309e+02  ‖Δu‖=3.665e+01)
  [PT] w=2.9503  (raw=8.0129  ‖ΔR‖=3.125e+02  ‖Δu‖=3.900e+01)
  [PT] w=4.5676  (raw=19.1240  ‖ΔR‖=1.036e+02  ‖Δu‖=5.417e+00)
  [PT] w=4.5275  (raw=4.1662  ‖ΔR‖=6.719e+01  ‖Δu‖=1.613e+01)
  [PT] w=4.5065  (raw=4.3173  ‖ΔR‖=1.131e+02  ‖Δu‖=2.620e+01)
  [PT] w=4.5429  (raw=4.8706  ‖ΔR‖=1.529e+02  ‖Δu‖=3.140e+01)
  [PT] w=4.7238  (raw=6.3520  ‖ΔR‖=1.978e+02  ‖Δu‖=3.113e+01)
  [PT] w=5.0791  (raw=8.2765  ‖ΔR‖=1.201e+02  ‖Δu‖=1.451e+01)
  [PT] w=5.1544  (raw=5.8326  ‖ΔR‖=7.724e+01  ‖Δu‖=1.324e+01)
  [PT] w=5.0447  (raw=4.0576  ‖ΔR‖=7.401e+01  ‖Δu‖=1.824e+01)
  [PT] w=4.9134  (raw=3.7317  ‖ΔR‖=8.372e+01  ‖Δu‖=2.244e+01)
  [PT] w=4.8212  (raw=3.9915  ‖ΔR‖=9.933e+01  ‖Δu‖=2.488e+01)
  [PT] w=4.8119  (raw=4.7281  ‖ΔR‖=1.157e+02  ‖Δu‖=2.447e+01)
  [PT] w=4.8014  (raw=4.7067  ‖ΔR‖=7.285e+01  ‖Δu‖=1.548e+01)
  [PT] w=4.6906  (raw=3.6929  ‖ΔR‖=4.992e+01  ‖Δu‖=1.352e+01)
  [PT] w=4.5544  (raw=3.3290  ‖ΔR‖=5.111e+01  ‖Δu‖=1.535e+01)
  [PT] w=4.4437  (raw=3.4478  ‖ΔR‖=5.896e+01  ‖Δu‖=1.710e+01)
  [PT] w=4.3905  (raw=3.9118  ‖ΔR‖=6.573e+01  ‖Δu‖=1.680e+01)
[Adam] ep=   20  total=4.304e+00  PDE=3.030e-01 [colloc=2.980e-01, cfd=4.944e-03] (w=2.444)  IN=8.299e-01 (w=1.276)  TB=9.189e-01 (w=1.296)  WALL=1.219e-14 (w=0.200)  OUT=2.848e-02 (w=0.507)  DATA=3.677e-01 (w=3.535)
  [PT] w=4.2911  (raw=3.3963  ‖ΔR‖=3.969e+01  ‖Δu‖=1.169e+01)
  [PT] w=4.1508  (raw=2.8876  ‖ΔR‖=2.948e+01  ‖Δu‖=1.021e+01)
  [PT] w=4.1104  (raw=3.7472  ‖ΔR‖=3.988e+01  ‖Δu‖=1.064e+01)
  [PT] w=3.9908  (raw=2.9148  ‖ΔR‖=2.565e+01  ‖Δu‖=8.799e+00)
  [PT] w=3.9334  (raw=3.4162  ‖ΔR‖=2.752e+01  ‖Δu‖=8.057e+00)
  [PT] w=4.0191  (raw=4.7905  ‖ΔR‖=2.340e+01  ‖Δu‖=4.886e+00)
  [PT] w=3.8899  (raw=2.7271  ‖ΔR‖=1.460e+01  ‖Δu‖=5.354e+00)
  [PT] w=3.8353  (raw=3.3442  ‖ΔR‖=3.053e+01  ‖Δu‖=9.130e+00)
  [PT] w=3.6829  (raw=2.3109  ‖ΔR‖=2.087e+01  ‖Δu‖=9.032e+00)
  [PT] w=3.5377  (raw=2.2314  ‖ΔR‖=1.907e+01  ‖Δu‖=8.546e+00)
  [PT] w=3.5232  (raw=3.3926  ‖ΔR‖=3.372e+01  ‖Δu‖=9.938e+00)
  [PT] w=3.4864  (raw=3.1553  ‖ΔR‖=2.114e+01  ‖Δu‖=6.698e+00)
  [PT] w=3.8677  (raw=7.2991  ‖ΔR‖=2.403e+01  ‖Δu‖=3.292e+00)
  [PT] w=3.7673  (raw=2.8633  ‖ΔR‖=1.498e+01  ‖Δu‖=5.233e+00)
  [PT] w=3.8855  (raw=4.9493  ‖ΔR‖=3.805e+01  ‖Δu‖=7.688e+00)
  [PT] w=3.7816  (raw=2.8470  ‖ΔR‖=2.120e+01  ‖Δu‖=7.445e+00)
  [PT] w=3.8849  (raw=4.8145  ‖ΔR‖=3.396e+01  ‖Δu‖=7.055e+00)
  [PT] w=3.7814  (raw=2.8499  ‖ΔR‖=1.885e+01  ‖Δu‖=6.615e+00)
  [PT] w=3.6539  (raw=2.5065  ‖ΔR‖=2.777e+01  ‖Δu‖=1.108e+01)
  [PT] w=3.5746  (raw=2.8608  ‖ΔR‖=4.761e+01  ‖Δu‖=1.664e+01)
[Adam] ep=   40  total=2.829e+00  PDE=3.294e-02 [colloc=3.034e-02, cfd=2.595e-03] (w=1.389)  IN=5.134e-01 (w=1.525)  TB=6.978e-01 (w=1.657)  WALL=1.151e-15 (w=0.200)  OUT=3.477e-03 (w=0.306)  DATA=2.131e-01 (w=3.954)
  [PT] w=3.4663  (raw=2.4921  ‖ΔR‖=2.937e+01  ‖Δu‖=1.178e+01)
  [PT] w=3.7711  (raw=6.5137  ‖ΔR‖=4.247e+01  ‖Δu‖=6.521e+00)
  [PT] w=3.7340  (raw=3.4002  ‖ΔR‖=1.822e+01  ‖Δu‖=5.358e+00)
  [PT] w=3.8414  (raw=4.8075  ‖ΔR‖=5.333e+01  ‖Δu‖=1.109e+01)
  [PT] w=3.7296  (raw=2.7237  ‖ΔR‖=3.143e+01  ‖Δu‖=1.154e+01)
  [PT] w=3.8339  (raw=4.7731  ‖ΔR‖=4.743e+01  ‖Δu‖=9.937e+00)
  [PT] w=3.6991  (raw=2.4857  ‖ΔR‖=9.908e+00  ‖Δu‖=3.986e+00)
  [PT] w=3.8391  (raw=5.0988  ‖ΔR‖=5.595e+01  ‖Δu‖=1.097e+01)
  [PT] w=3.6863  (raw=2.3111  ‖ΔR‖=2.330e+01  ‖Δu‖=1.008e+01)
  [PT] w=4.0018  (raw=6.8418  ‖ΔR‖=7.106e+01  ‖Δu‖=1.039e+01)
  [PT] w=3.8978  (raw=2.9617  ‖ΔR‖=1.591e+01  ‖Δu‖=5.373e+00)
  [PT] w=4.0971  (raw=5.8908  ‖ΔR‖=5.626e+01  ‖Δu‖=9.551e+00)
  [PT] w=4.1890  (raw=5.0159  ‖ΔR‖=6.292e+01  ‖Δu‖=1.255e+01)
  [PT] w=4.0498  (raw=2.7969  ‖ΔR‖=3.498e+01  ‖Δu‖=1.251e+01)
  [PT] w=4.1346  (raw=4.8983  ‖ΔR‖=7.368e+01  ‖Δu‖=1.504e+01)
  [PT] w=4.0422  (raw=3.2107  ‖ΔR‖=1.786e+01  ‖Δu‖=5.561e+00)
  [PT] w=4.1008  (raw=4.6278  ‖ΔR‖=5.281e+01  ‖Δu‖=1.141e+01)
  [PT] w=3.9392  (raw=2.4843  ‖ΔR‖=3.762e+01  ‖Δu‖=1.514e+01)
  [PT] w=3.8775  (raw=3.3225  ‖ΔR‖=3.505e+01  ‖Δu‖=1.055e+01)
  [PT] w=3.9362  (raw=4.4644  ‖ΔR‖=4.941e+01  ‖Δu‖=1.107e+01)
[Adam] ep=   60  total=1.422e+00  PDE=1.164e-01 [colloc=1.092e-01, cfd=7.170e-03] (w=1.342)  IN=1.656e-01 (w=1.413)  TB=3.526e-01 (w=1.783)  WALL=2.418e-15 (w=0.200)  OUT=2.607e-03 (w=0.241)  DATA=1.023e-01 (w=3.929)
  [PT] w=3.8521  (raw=3.0958  ‖ΔR‖=2.586e+01  ‖Δu‖=8.353e+00)
  [PT] w=3.8475  (raw=3.8058  ‖ΔR‖=6.521e+01  ‖Δu‖=1.713e+01)
  [PT] w=3.9705  (raw=5.0773  ‖ΔR‖=3.955e+01  ‖Δu‖=7.790e+00)
  [PT] w=4.1952  (raw=6.2181  ‖ΔR‖=5.729e+01  ‖Δu‖=9.214e+00)
  [PT] w=4.1131  (raw=3.3734  ‖ΔR‖=4.129e+01  ‖Δu‖=1.224e+01)
  [PT] w=4.8721  (raw=11.7035  ‖ΔR‖=1.277e+02  ‖Δu‖=1.091e+01)
  [PT] w=5.2215  (raw=8.3660  ‖ΔR‖=5.133e+01  ‖Δu‖=6.136e+00)
  [PT] w=5.0809  (raw=3.8151  ‖ΔR‖=5.970e+01  ‖Δu‖=1.565e+01)
  [PT] w=5.1120  (raw=5.3921  ‖ΔR‖=1.342e+02  ‖Δu‖=2.490e+01)
  [PT] w=5.3505  (raw=7.4977  ‖ΔR‖=1.072e+02  ‖Δu‖=1.430e+01)
  [PT] w=5.2600  (raw=4.4447  ‖ΔR‖=5.261e+01  ‖Δu‖=1.184e+01)
  [PT] w=5.1148  (raw=3.8084  ‖ΔR‖=7.310e+01  ‖Δu‖=1.919e+01)
  [PT] w=5.0612  (raw=4.5785  ‖ΔR‖=1.243e+02  ‖Δu‖=2.714e+01)
  [PT] w=4.9287  (raw=3.7361  ‖ΔR‖=5.170e+01  ‖Δu‖=1.384e+01)
  [PT] w=4.9606  (raw=5.2479  ‖ΔR‖=4.644e+01  ‖Δu‖=8.849e+00)
  [PT] w=4.9620  (raw=4.9747  ‖ΔR‖=9.556e+01  ‖Δu‖=1.921e+01)
  [PT] w=4.7497  (raw=2.8391  ‖ΔR‖=3.199e+01  ‖Δu‖=1.127e+01)
  [PT] w=5.4047  (raw=11.3000  ‖ΔR‖=1.033e+02  ‖Δu‖=9.138e+00)
  [PT] w=5.6537  (raw=7.8940  ‖ΔR‖=3.877e+01  ‖Δu‖=4.912e+00)
  [PT] w=5.4936  (raw=4.0532  ‖ΔR‖=6.439e+01  ‖Δu‖=1.589e+01)
[Adam] ep=   80  total=1.498e+00  PDE=3.707e-01 [colloc=3.600e-01, cfd=1.071e-02] (w=2.589)  IN=7.296e-02 (w=1.061)  TB=1.585e-01 (w=1.442)  WALL=4.759e-15 (w=0.200)  OUT=4.377e-03 (w=0.229)  DATA=6.606e-02 (w=3.494)
  [PT] w=5.4735  (raw=5.2928  ‖ΔR‖=1.258e+02  ‖Δu‖=2.378e+01)
  [PT] w=5.3250  (raw=3.9880  ‖ΔR‖=5.182e+01  ‖Δu‖=1.299e+01)
  [PT] w=5.1940  (raw=4.0152  ‖ΔR‖=4.919e+01  ‖Δu‖=1.225e+01)
  [PT] w=5.1910  (raw=5.1638  ‖ΔR‖=9.772e+01  ‖Δu‖=1.892e+01)
  [PT] w=5.0360  (raw=3.6415  ‖ΔR‖=7.361e+01  ‖Δu‖=2.022e+01)
  [PT] w=4.9457  (raw=4.1329  ‖ΔR‖=5.323e+01  ‖Δu‖=1.288e+01)
  [PT] w=5.0855  (raw=6.3431  ‖ΔR‖=8.767e+01  ‖Δu‖=1.382e+01)
  [PT] w=4.8804  (raw=3.0346  ‖ΔR‖=2.839e+01  ‖Δu‖=9.354e+00)
  [PT] w=5.2233  (raw=8.3096  ‖ΔR‖=9.914e+01  ‖Δu‖=1.193e+01)
  [PT] w=5.8050  (raw=11.0406  ‖ΔR‖=4.148e+01  ‖Δu‖=3.757e+00)
  [PT] w=5.6005  (raw=3.7594  ‖ΔR‖=5.015e+01  ‖Δu‖=1.334e+01)
  [PT] w=5.4925  (raw=4.5211  ‖ΔR‖=1.001e+02  ‖Δu‖=2.213e+01)
  [PT] w=5.2385  (raw=2.9524  ‖ΔR‖=3.249e+01  ‖Δu‖=1.100e+01)
  [PT] w=5.2599  (raw=5.4528  ‖ΔR‖=4.864e+01  ‖Δu‖=8.920e+00)
  [PT] w=5.1396  (raw=4.0569  ‖ΔR‖=5.614e+01  ‖Δu‖=1.384e+01)
  [PT] w=5.2584  (raw=6.3276  ‖ΔR‖=4.219e+01  ‖Δu‖=6.667e+00)
  [PT] w=5.3104  (raw=5.7780  ‖ΔR‖=9.528e+01  ‖Δu‖=1.649e+01)
  [PT] w=5.0612  (raw=2.8185  ‖ΔR‖=3.175e+01  ‖Δu‖=1.126e+01)
  [PT] w=5.1092  (raw=5.5409  ‖ΔR‖=7.681e+01  ‖Δu‖=1.386e+01)
  [PT] w=5.3597  (raw=7.6148  ‖ΔR‖=1.232e+02  ‖Δu‖=1.618e+01)
[Adam] ep=  100  total=1.434e+00  PDE=3.040e-01 [colloc=2.951e-01, cfd=8.861e-03] (w=2.654)  IN=7.995e-02 (w=1.064)  TB=1.442e-01 (w=1.362)  WALL=8.509e-15 (w=0.200)  OUT=1.638e-03 (w=0.200)  DATA=9.334e-02 (w=3.697)
  [PT] w=5.3935  (raw=5.6970  ‖ΔR‖=5.623e+01  ‖Δu‖=9.871e+00)
  [PT] w=5.2007  (raw=3.4656  ‖ΔR‖=4.290e+01  ‖Δu‖=1.238e+01)
  [PT] w=5.1662  (raw=4.8555  ‖ΔR‖=9.136e+01  ‖Δu‖=1.882e+01)
  [PT] w=5.2536  (raw=6.0409  ‖ΔR‖=1.490e+02  ‖Δu‖=2.466e+01)
  [PT] w=5.3479  (raw=6.1961  ‖ΔR‖=7.520e+01  ‖Δu‖=1.214e+01)
  [PT] w=5.1568  (raw=3.4371  ‖ΔR‖=8.189e+00  ‖Δu‖=2.382e+00)
  [PT] w=5.3107  (raw=6.6956  ‖ΔR‖=6.212e+01  ‖Δu‖=9.278e+00)
  [PT] w=5.4195  (raw=6.3985  ‖ΔR‖=1.123e+02  ‖Δu‖=1.756e+01)
  [PT] w=5.3232  (raw=4.4571  ‖ΔR‖=1.030e+02  ‖Δu‖=2.311e+01)
  [PT] w=5.0888  (raw=2.9792  ‖ΔR‖=4.367e+01  ‖Δu‖=1.466e+01)
  [PT] w=5.0725  (raw=4.9255  ‖ΔR‖=5.274e+01  ‖Δu‖=1.071e+01)
  [PT] w=5.3034  (raw=7.3813  ‖ΔR‖=9.250e+01  ‖Δu‖=1.253e+01)
  [PT] w=5.1704  (raw=3.9733  ‖ΔR‖=2.281e+01  ‖Δu‖=5.741e+00)
  [PT] w=5.1584  (raw=5.0507  ‖ΔR‖=5.820e+01  ‖Δu‖=1.152e+01)
  [PT] w=4.9558  (raw=3.1320  ‖ΔR‖=5.454e+01  ‖Δu‖=1.741e+01)
  [PT] w=4.7768  (raw=3.1659  ‖ΔR‖=5.221e+01  ‖Δu‖=1.649e+01)
  [PT] w=4.8445  (raw=5.4543  ‖ΔR‖=5.639e+01  ‖Δu‖=1.034e+01)
  [PT] w=4.6194  (raw=2.5929  ‖ΔR‖=1.343e+01  ‖Δu‖=5.179e+00)
  [PT] w=4.6932  (raw=5.3575  ‖ΔR‖=5.210e+01  ‖Δu‖=9.725e+00)
  [PT] w=4.5425  (raw=3.1865  ‖ΔR‖=6.161e+01  ‖Δu‖=1.933e+01)
[Adam] ep=  120  total=7.890e-01  PDE=4.922e-02 [colloc=4.638e-02, cfd=2.840e-03] (w=2.603)  IN=1.269e-01 (w=1.108)  TB=1.733e-01 (w=1.341)  WALL=1.854e-15 (w=0.200)  OUT=1.369e-03 (w=0.200)  DATA=7.405e-02 (w=3.885)
  [PT] w=4.4047  (raw=3.1641  ‖ΔR‖=3.935e+01  ‖Δu‖=1.243e+01)
  [PT] w=4.8587  (raw=8.9445  ‖ΔR‖=5.760e+01  ‖Δu‖=6.440e+00)
  [PT] w=4.6990  (raw=3.2621  ‖ΔR‖=1.879e+01  ‖Δu‖=5.759e+00)
  [PT] w=4.7733  (raw=5.4424  ‖ΔR‖=7.949e+01  ‖Δu‖=1.461e+01)
  [PT] w=4.5782  (raw=2.8216  ‖ΔR‖=3.368e+01  ‖Δu‖=1.194e+01)
  [PT] w=4.5092  (raw=3.8881  ‖ΔR‖=5.118e+01  ‖Δu‖=1.316e+01)
  [PT] w=4.6312  (raw=5.7299  ‖ΔR‖=9.429e+01  ‖Δu‖=1.646e+01)
  [PT] w=4.5949  (raw=4.2683  ‖ΔR‖=3.834e+01  ‖Δu‖=8.983e+00)
  [PT] w=4.5615  (raw=4.2602  ‖ΔR‖=2.703e+01  ‖Δu‖=6.346e+00)
  [PT] w=4.7572  (raw=6.5185  ‖ΔR‖=7.161e+01  ‖Δu‖=1.099e+01)
  [PT] w=4.7002  (raw=4.1875  ‖ΔR‖=7.105e+01  ‖Δu‖=1.697e+01)
  [PT] w=4.4871  (raw=2.5692  ‖ΔR‖=3.059e+01  ‖Δu‖=1.190e+01)
  [PT] w=4.6459  (raw=6.0749  ‖ΔR‖=6.093e+01  ‖Δu‖=1.003e+01)
  [PT] w=4.5769  (raw=3.9560  ‖ΔR‖=3.300e+01  ‖Δu‖=8.342e+00)
  [PT] w=4.5165  (raw=3.9732  ‖ΔR‖=4.667e+01  ‖Δu‖=1.175e+01)
  [PT] w=4.3621  (raw=2.9724  ‖ΔR‖=2.653e+01  ‖Δu‖=8.926e+00)
  [PT] w=4.3377  (raw=4.1174  ‖ΔR‖=5.501e+01  ‖Δu‖=1.336e+01)
  [PT] w=4.1743  (raw=2.7039  ‖ΔR‖=1.404e+01  ‖Δu‖=5.194e+00)
  [PT] w=4.5487  (raw=7.9184  ‖ΔR‖=4.500e+01  ‖Δu‖=5.683e+00)
  [PT] w=4.4070  (raw=3.1313  ‖ΔR‖=2.939e+01  ‖Δu‖=9.387e+00)
[Adam] ep=  140  total=7.915e-01  PDE=6.659e-02 [colloc=6.297e-02, cfd=3.618e-03] (w=2.081)  IN=1.163e-01 (w=1.270)  TB=1.618e-01 (w=1.558)  WALL=1.262e-15 (w=0.200)  OUT=2.691e-03 (w=0.200)  DATA=6.289e-02 (w=4.020)
  [PT] w=4.2191  (raw=2.5286  ‖ΔR‖=4.264e+01  ‖Δu‖=1.686e+01)
  [PT] w=4.1828  (raw=3.8563  ‖ΔR‖=3.981e+01  ‖Δu‖=1.032e+01)
  [PT] w=4.0721  (raw=3.0752  ‖ΔR‖=2.343e+01  ‖Δu‖=7.619e+00)
  [PT] w=4.1118  (raw=4.4696  ‖ΔR‖=4.526e+01  ‖Δu‖=1.013e+01)
  [PT] w=4.1800  (raw=4.7938  ‖ΔR‖=3.823e+01  ‖Δu‖=7.976e+00)
  [PT] w=4.0114  (raw=2.4941  ‖ΔR‖=4.749e+01  ‖Δu‖=1.904e+01)
  [PT] w=3.8689  (raw=2.5858  ‖ΔR‖=8.269e+00  ‖Δu‖=3.198e+00)
  [PT] w=3.7461  (raw=2.6411  ‖ΔR‖=3.554e+01  ‖Δu‖=1.346e+01)
  [PT] w=3.6597  (raw=2.8823  ‖ΔR‖=5.239e+01  ‖Δu‖=1.818e+01)
  [PT] w=3.7254  (raw=4.3165  ‖ΔR‖=5.865e+01  ‖Δu‖=1.359e+01)
  [PT] w=3.6152  (raw=2.6232  ‖ΔR‖=1.607e+01  ‖Δu‖=6.125e+00)
  [PT] w=3.7257  (raw=4.7201  ‖ΔR‖=4.200e+01  ‖Δu‖=8.898e+00)
  [PT] w=3.6351  (raw=2.8203  ‖ΔR‖=4.576e+01  ‖Δu‖=1.622e+01)
  [PT] w=3.7085  (raw=4.3687  ‖ΔR‖=7.101e+01  ‖Δu‖=1.625e+01)
  [PT] w=3.6556  (raw=3.1794  ‖ΔR‖=4.396e+01  ‖Δu‖=1.383e+01)
  [PT] w=4.1081  (raw=8.1807  ‖ΔR‖=8.077e+01  ‖Δu‖=9.874e+00)
  [PT] w=4.1273  (raw=4.3001  ‖ΔR‖=2.737e+01  ‖Δu‖=6.364e+00)
  [PT] w=4.1600  (raw=4.4540  ‖ΔR‖=5.385e+01  ‖Δu‖=1.209e+01)
  [PT] w=4.2911  (raw=5.4715  ‖ΔR‖=1.067e+02  ‖Δu‖=1.950e+01)
  [PT] w=4.2204  (raw=3.5840  ‖ΔR‖=4.009e+01  ‖Δu‖=1.119e+01)
[Adam] ep=  160  total=8.286e-01  PDE=2.017e-01 [colloc=1.984e-01, cfd=3.312e-03] (w=2.543)  IN=7.230e-02 (w=1.171)  TB=6.312e-02 (w=1.332)  WALL=3.761e-15 (w=0.200)  OUT=3.089e-03 (w=0.209)  DATA=3.778e-02 (w=3.875)
  [PT] w=4.2574  (raw=4.5902  ‖ΔR‖=4.269e+01  ‖Δu‖=9.301e+00)
  [PT] w=4.4654  (raw=6.3373  ‖ΔR‖=9.494e+01  ‖Δu‖=1.498e+01)
  [PT] w=4.3488  (raw=3.2994  ‖ΔR‖=1.342e+01  ‖Δu‖=4.069e+00)
  [PT] w=4.8449  (raw=9.3099  ‖ΔR‖=6.978e+01  ‖Δu‖=7.495e+00)
  [PT] w=4.6385  (raw=2.7809  ‖ΔR‖=2.448e+01  ‖Δu‖=8.803e+00)
  [PT] w=4.6492  (raw=4.7450  ‖ΔR‖=6.899e+01  ‖Δu‖=1.454e+01)
  [PT] w=4.4243  (raw=2.4006  ‖ΔR‖=1.586e+01  ‖Δu‖=6.606e+00)
  [PT] w=4.5346  (raw=5.5277  ‖ΔR‖=5.338e+01  ‖Δu‖=9.656e+00)
  [PT] w=4.6628  (raw=5.8167  ‖ΔR‖=2.888e+01  ‖Δu‖=4.964e+00)
  [PT] w=4.4476  (raw=2.5106  ‖ΔR‖=3.638e+01  ‖Δu‖=1.449e+01)
  [PT] w=4.2553  (raw=2.5240  ‖ΔR‖=2.334e+01  ‖Δu‖=9.248e+00)
  [PT] w=4.1530  (raw=3.2328  ‖ΔR‖=2.315e+01  ‖Δu‖=7.161e+00)
  [PT] w=4.1542  (raw=4.1651  ‖ΔR‖=5.158e+01  ‖Δu‖=1.238e+01)
  [PT] w=4.2058  (raw=4.6699  ‖ΔR‖=3.565e+01  ‖Δu‖=7.633e+00)
  [PT] w=4.2625  (raw=4.7730  ‖ΔR‖=4.704e+01  ‖Δu‖=9.855e+00)
  [PT] w=4.1959  (raw=3.5968  ‖ΔR‖=3.537e+01  ‖Δu‖=9.834e+00)
  [PT] w=4.4197  (raw=6.4340  ‖ΔR‖=9.549e+01  ‖Δu‖=1.484e+01)
  [PT] w=4.3633  (raw=3.8552  ‖ΔR‖=2.648e+01  ‖Δu‖=6.868e+00)
  [PT] w=4.4542  (raw=5.2722  ‖ΔR‖=4.845e+01  ‖Δu‖=9.190e+00)
  [PT] w=4.6583  (raw=6.4951  ‖ΔR‖=1.074e+02  ‖Δu‖=1.654e+01)
[Adam] ep=  180  total=7.358e-01  PDE=1.731e-01 [colloc=1.695e-01, cfd=3.649e-03] (w=2.710)  IN=5.006e-02 (w=1.185)  TB=5.350e-02 (w=1.185)  WALL=3.733e-15 (w=0.200)  OUT=2.212e-03 (w=0.244)  DATA=3.847e-02 (w=3.723)
  [PT] w=4.7413  (raw=5.4886  ‖ΔR‖=2.897e+01  ‖Δu‖=5.278e+00)
  [PT] w=4.8156  (raw=5.4846  ‖ΔR‖=4.408e+01  ‖Δu‖=8.037e+00)
  [PT] w=4.9293  (raw=5.9524  ‖ΔR‖=1.036e+02  ‖Δu‖=1.740e+01)
  [PT] w=4.8151  (raw=3.7867  ‖ΔR‖=2.944e+01  ‖Δu‖=7.775e+00)
  [PT] w=4.9054  (raw=5.7186  ‖ΔR‖=4.312e+01  ‖Δu‖=7.540e+00)
  [PT] w=5.0917  (raw=6.7686  ‖ΔR‖=1.006e+02  ‖Δu‖=1.487e+01)
  [PT] w=5.2551  (raw=6.7252  ‖ΔR‖=2.997e+01  ‖Δu‖=4.456e+00)
  [PT] w=5.3304  (raw=6.0085  ‖ΔR‖=3.470e+01  ‖Δu‖=5.776e+00)
  [PT] w=5.4414  (raw=6.4403  ‖ΔR‖=9.093e+01  ‖Δu‖=1.412e+01)
  [PT] w=5.3395  (raw=4.4225  ‖ΔR‖=2.193e+01  ‖Δu‖=4.958e+00)
  [PT] w=5.3204  (raw=5.1483  ‖ΔR‖=4.648e+01  ‖Δu‖=9.028e+00)
  [PT] w=5.3955  (raw=6.0719  ‖ΔR‖=1.020e+02  ‖Δu‖=1.680e+01)
  [PT] w=5.3953  (raw=5.3933  ‖ΔR‖=3.040e+01  ‖Δu‖=5.636e+00)
  [PT] w=5.4624  (raw=6.0666  ‖ΔR‖=3.562e+01  ‖Δu‖=5.871e+00)
  [PT] w=5.5387  (raw=6.2253  ‖ΔR‖=9.119e+01  ‖Δu‖=1.465e+01)
  [PT] w=5.4051  (raw=4.2027  ‖ΔR‖=3.332e+01  ‖Δu‖=7.929e+00)
  [PT] w=5.3976  (raw=5.3301  ‖ΔR‖=3.276e+01  ‖Δu‖=6.146e+00)
  [PT] w=5.4867  (raw=6.2884  ‖ΔR‖=8.508e+01  ‖Δu‖=1.353e+01)
  [PT] w=5.4671  (raw=5.2908  ‖ΔR‖=1.845e+01  ‖Δu‖=3.486e+00)
  [PT] w=5.5713  (raw=6.5091  ‖ΔR‖=4.126e+01  ‖Δu‖=6.339e+00)
[Adam] ep=  200  total=1.122e+00  PDE=2.891e-01 [colloc=2.867e-01, cfd=2.367e-03] (w=2.843)  IN=6.635e-02 (w=1.162)  TB=6.035e-02 (w=1.108)  WALL=4.284e-15 (w=0.200)  OUT=2.117e-03 (w=0.208)  DATA=4.399e-02 (w=3.548)
  [PT] w=5.6657  (raw=6.5148  ‖ΔR‖=9.154e+01  ‖Δu‖=1.405e+01)
  [PT] w=5.7553  (raw=6.5615  ‖ΔR‖=2.415e+01  ‖Δu‖=3.680e+00)
  [PT] w=5.7179  (raw=5.3819  ‖ΔR‖=3.626e+01  ‖Δu‖=6.738e+00)
  [PT] w=5.7524  (raw=6.0625  ‖ΔR‖=8.885e+01  ‖Δu‖=1.466e+01)
  [PT] w=5.7489  (raw=5.7178  ‖ΔR‖=2.540e+01  ‖Δu‖=4.443e+00)
  [PT] w=5.7437  (raw=5.6968  ‖ΔR‖=3.369e+01  ‖Δu‖=5.915e+00)
  [PT] w=5.7688  (raw=5.9944  ‖ΔR‖=8.524e+01  ‖Δu‖=1.422e+01)
  [PT] w=5.7324  (raw=5.4054  ‖ΔR‖=2.273e+01  ‖Δu‖=4.205e+00)
  [PT] w=5.8041  (raw=6.4490  ‖ΔR‖=3.385e+01  ‖Δu‖=5.249e+00)
  [PT] w=5.8422  (raw=6.1851  ‖ΔR‖=8.147e+01  ‖Δu‖=1.317e+01)
  [PT] w=5.7967  (raw=5.3874  ‖ΔR‖=1.907e+01  ‖Δu‖=3.540e+00)
  [PT] w=5.8205  (raw=6.0348  ‖ΔR‖=3.665e+01  ‖Δu‖=6.073e+00)
  [PT] w=5.8631  (raw=6.2463  ‖ΔR‖=8.454e+01  ‖Δu‖=1.353e+01)
  [PT] w=5.9393  (raw=6.6253  ‖ΔR‖=2.352e+01  ‖Δu‖=3.550e+00)
  [PT] w=5.9112  (raw=5.6578  ‖ΔR‖=3.170e+01  ‖Δu‖=5.603e+00)
  [PT] w=5.9148  (raw=5.9472  ‖ΔR‖=8.055e+01  ‖Δu‖=1.354e+01)
  [PT] w=5.8799  (raw=5.5661  ‖ΔR‖=2.201e+01  ‖Δu‖=3.954e+00)
  [PT] w=5.9063  (raw=6.1438  ‖ΔR‖=3.140e+01  ‖Δu‖=5.111e+00)
  [PT] w=5.9191  (raw=6.0347  ‖ΔR‖=7.812e+01  ‖Δu‖=1.295e+01)
  [PT] w=5.8844  (raw=5.5718  ‖ΔR‖=1.928e+01  ‖Δu‖=3.460e+00)
[Adam] ep=  220  total=5.471e-01  PDE=8.934e-02 [colloc=8.736e-02, cfd=1.984e-03] (w=2.473)  IN=7.539e-02 (w=1.318)  TB=7.128e-02 (w=1.263)  WALL=1.300e-15 (w=0.200)  OUT=2.023e-03 (w=0.220)  DATA=3.588e-02 (w=3.801)
  [PT] w=5.9424  (raw=6.4639  ‖ΔR‖=3.333e+01  ‖Δu‖=5.156e+00)
  [PT] w=5.9765  (raw=6.2842  ‖ΔR‖=7.846e+01  ‖Δu‖=1.249e+01)
  [PT] w=6.0457  (raw=6.6678  ‖ΔR‖=2.012e+01  ‖Δu‖=3.018e+00)
  [PT] w=6.0172  (raw=5.7610  ‖ΔR‖=3.180e+01  ‖Δu‖=5.520e+00)
  [PT] w=6.0212  (raw=6.0571  ‖ΔR‖=7.799e+01  ‖Δu‖=1.288e+01)
  [PT] w=6.0671  (raw=6.4802  ‖ΔR‖=2.145e+01  ‖Δu‖=3.310e+00)
  [PT] w=6.0280  (raw=5.6758  ‖ΔR‖=2.980e+01  ‖Δu‖=5.251e+00)
  [PT] w=6.0105  (raw=5.8536  ‖ΔR‖=7.477e+01  ‖Δu‖=1.277e+01)
  [PT] w=5.9487  (raw=5.3922  ‖ΔR‖=1.914e+01  ‖Δu‖=3.549e+00)
  [PT] w=6.0008  (raw=6.4693  ‖ΔR‖=3.082e+01  ‖Δu‖=4.764e+00)
  [PT] w=6.0064  (raw=6.0576  ‖ΔR‖=7.464e+01  ‖Δu‖=1.232e+01)
  [PT] w=5.9771  (raw=5.7131  ‖ΔR‖=1.911e+01  ‖Δu‖=3.344e+00)
  [PT] w=6.0172  (raw=6.3780  ‖ΔR‖=3.103e+01  ‖Δu‖=4.865e+00)
  [PT] w=6.0375  (raw=6.2203  ‖ΔR‖=7.503e+01  ‖Δu‖=1.206e+01)
  [PT] w=6.0972  (raw=6.6343  ‖ΔR‖=2.011e+01  ‖Δu‖=3.031e+00)
  [PT] w=6.0664  (raw=5.7892  ‖ΔR‖=2.908e+01  ‖Δu‖=5.024e+00)
  [PT] w=6.0614  (raw=6.0166  ‖ΔR‖=7.294e+01  ‖Δu‖=1.212e+01)
  [PT] w=6.0705  (raw=6.1521  ‖ΔR‖=1.935e+01  ‖Δu‖=3.145e+00)
  [PT] w=6.0553  (raw=5.9184  ‖ΔR‖=2.912e+01  ‖Δu‖=4.920e+00)
  [PT] w=6.0451  (raw=5.9536  ‖ΔR‖=7.178e+01  ‖Δu‖=1.206e+01)
[Adam] ep=  240  total=4.480e-01  PDE=5.208e-02 [colloc=5.020e-02, cfd=1.872e-03] (w=2.306)  IN=7.596e-02 (w=1.372)  TB=7.545e-02 (w=1.355)  WALL=8.339e-16 (w=0.200)  OUT=2.207e-03 (w=0.235)  DATA=3.254e-02 (w=3.717)
  [PT] w=6.0021  (raw=5.6152  ‖ΔR‖=1.833e+01  ‖Δu‖=3.265e+00)
  [PT] w=6.0415  (raw=6.3960  ‖ΔR‖=2.973e+01  ‖Δu‖=4.649e+00)
  [PT] w=6.0512  (raw=6.1382  ‖ΔR‖=7.228e+01  ‖Δu‖=1.178e+01)
  [PT] w=6.0616  (raw=6.1553  ‖ΔR‖=1.890e+01  ‖Δu‖=3.071e+00)
  [PT] w=6.0641  (raw=6.0870  ‖ΔR‖=2.915e+01  ‖Δu‖=4.789e+00)
  [PT] w=6.0723  (raw=6.1461  ‖ΔR‖=7.152e+01  ‖Δu‖=1.164e+01)
  [PT] w=6.1177  (raw=6.5262  ‖ΔR‖=1.915e+01  ‖Δu‖=2.934e+00)
  [PT] w=6.0857  (raw=5.7980  ‖ΔR‖=2.791e+01  ‖Δu‖=4.814e+00)
  [PT] w=6.0740  (raw=5.9686  ‖ΔR‖=7.006e+01  ‖Δu‖=1.174e+01)
  [PT] w=6.0600  (raw=5.9335  ‖ΔR‖=1.828e+01  ‖Δu‖=3.081e+00)
  [PT] w=6.0585  (raw=6.0453  ‖ΔR‖=2.866e+01  ‖Δu‖=4.741e+00)
  [PT] w=6.0509  (raw=5.9826  ‖ΔR‖=6.984e+01  ‖Δu‖=1.167e+01)
  [PT] w=6.0128  (raw=5.6693  ‖ΔR‖=1.787e+01  ‖Δu‖=3.152e+00)
  [PT] w=6.0500  (raw=6.3848  ‖ΔR‖=2.869e+01  ‖Δu‖=4.494e+00)
  [PT] w=6.0579  (raw=6.1295  ‖ΔR‖=7.009e+01  ‖Δu‖=1.143e+01)
  [PT] w=6.0639  (raw=6.1177  ‖ΔR‖=1.875e+01  ‖Δu‖=3.065e+00)
  [PT] w=6.0653  (raw=6.0781  ‖ΔR‖=2.782e+01  ‖Δu‖=4.577e+00)
  [PT] w=6.0702  (raw=6.1141  ‖ΔR‖=6.916e+01  ‖Δu‖=1.131e+01)
  [PT] w=6.0992  (raw=6.3605  ‖ΔR‖=1.844e+01  ‖Δu‖=2.899e+00)
  [PT] w=6.0792  (raw=5.8991  ‖ΔR‖=2.721e+01  ‖Δu‖=4.612e+00)
[Adam] ep=  260  total=5.988e-01  PDE=1.225e-01 [colloc=1.201e-01, cfd=2.426e-03] (w=2.283)  IN=7.497e-02 (w=1.392)  TB=6.975e-02 (w=1.368)  WALL=1.973e-15 (w=0.200)  OUT=2.228e-03 (w=0.241)  DATA=3.286e-02 (w=3.611)
  [PT] w=6.0707  (raw=5.9936  ‖ΔR‖=6.795e+01  ‖Δu‖=1.134e+01)
  [PT] w=6.0541  (raw=5.9048  ‖ΔR‖=1.757e+01  ‖Δu‖=2.975e+00)
  [PT] w=6.0600  (raw=6.1137  ‖ΔR‖=2.805e+01  ‖Δu‖=4.588e+00)
  [PT] w=6.0574  (raw=6.0339  ‖ΔR‖=6.815e+01  ‖Δu‖=1.129e+01)
  [PT] w=6.0378  (raw=5.8608  ‖ΔR‖=1.763e+01  ‖Δu‖=3.008e+00)
  [PT] w=6.0615  (raw=6.2751  ‖ΔR‖=2.777e+01  ‖Δu‖=4.426e+00)
  [PT] w=6.0681  (raw=6.1276  ‖ΔR‖=6.825e+01  ‖Δu‖=1.114e+01)
  [PT] w=6.0809  (raw=6.1961  ‖ΔR‖=1.822e+01  ‖Δu‖=2.941e+00)
  [PT] w=6.0734  (raw=6.0053  ‖ΔR‖=2.703e+01  ‖Δu‖=4.500e+00)
  [PT] w=6.0747  (raw=6.0868  ‖ΔR‖=6.720e+01  ‖Δu‖=1.104e+01)
  [PT] w=6.0949  (raw=6.2766  ‖ΔR‖=1.781e+01  ‖Δu‖=2.838e+00)
  [PT] w=6.0785  (raw=5.9312  ‖ΔR‖=2.666e+01  ‖Δu‖=4.495e+00)
  [PT] w=6.0710  (raw=6.0029  ‖ΔR‖=6.644e+01  ‖Δu‖=1.107e+01)
  [PT] w=6.0638  (raw=5.9993  ‖ΔR‖=1.724e+01  ‖Δu‖=2.874e+00)
  [PT] w=6.0614  (raw=6.0396  ‖ΔR‖=2.731e+01  ‖Δu‖=4.522e+00)
  [PT] w=6.0582  (raw=6.0301  ‖ΔR‖=6.651e+01  ‖Δu‖=1.103e+01)
  [PT] w=6.0484  (raw=5.9595  ‖ΔR‖=1.728e+01  ‖Δu‖=2.900e+00)
  [PT] w=6.0579  (raw=6.1441  ‖ΔR‖=2.692e+01  ‖Δu‖=4.382e+00)
  [PT] w=6.0585  (raw=6.0636  ‖ΔR‖=6.648e+01  ‖Δu‖=1.096e+01)
  [PT] w=6.0602  (raw=6.0753  ‖ΔR‖=1.767e+01  ‖Δu‖=2.909e+00)
[Adam] ep=  280  total=4.461e-01  PDE=6.875e-02 [colloc=6.657e-02, cfd=2.178e-03] (w=2.232)  IN=7.141e-02 (w=1.427)  TB=6.170e-02 (w=1.355)  WALL=1.006e-15 (w=0.200)  OUT=2.080e-03 (w=0.246)  DATA=2.886e-02 (w=3.693)
  [PT] w=6.0564  (raw=6.0218  ‖ΔR‖=2.652e+01  ‖Δu‖=4.405e+00)
  [PT] w=6.0563  (raw=6.0558  ‖ΔR‖=6.573e+01  ‖Δu‖=1.085e+01)
  [PT] w=6.0631  (raw=6.1242  ‖ΔR‖=1.734e+01  ‖Δu‖=2.831e+00)
  [PT] w=6.0611  (raw=6.0434  ‖ΔR‖=2.622e+01  ‖Δu‖=4.338e+00)
  [PT] w=6.0578  (raw=6.0279  ‖ΔR‖=6.517e+01  ‖Δu‖=1.081e+01)
  [PT] w=6.0516  (raw=5.9959  ‖ΔR‖=1.707e+01  ‖Δu‖=2.847e+00)
  [PT] w=6.0487  (raw=6.0228  ‖ΔR‖=2.654e+01  ‖Δu‖=4.407e+00)
  [PT] w=6.0473  (raw=6.0343  ‖ΔR‖=6.508e+01  ‖Δu‖=1.079e+01)
  [PT] w=6.0497  (raw=6.0713  ‖ΔR‖=1.700e+01  ‖Δu‖=2.801e+00)
  [PT] w=6.0504  (raw=6.0568  ‖ΔR‖=2.619e+01  ‖Δu‖=4.325e+00)
  [PT] w=6.0483  (raw=6.0294  ‖ΔR‖=6.476e+01  ‖Δu‖=1.074e+01)
  [PT] w=6.0418  (raw=5.9837  ‖ΔR‖=1.707e+01  ‖Δu‖=2.852e+00)
  [PT] w=6.0416  (raw=6.0391  ‖ΔR‖=2.609e+01  ‖Δu‖=4.320e+00)
  [PT] w=6.0408  (raw=6.0343  ‖ΔR‖=6.428e+01  ‖Δu‖=1.065e+01)
  [PT] w=6.0423  (raw=6.0555  ‖ΔR‖=1.691e+01  ‖Δu‖=2.793e+00)
  [PT] w=6.0427  (raw=6.0460  ‖ΔR‖=2.567e+01  ‖Δu‖=4.246e+00)
  [PT] w=6.0400  (raw=6.0162  ‖ΔR‖=6.377e+01  ‖Δu‖=1.060e+01)
  [PT] w=6.0377  (raw=6.0167  ‖ΔR‖=1.677e+01  ‖Δu‖=2.787e+00)
  [PT] w=6.0349  (raw=6.0101  ‖ΔR‖=2.589e+01  ‖Δu‖=4.309e+00)
  [PT] w=6.0319  (raw=6.0050  ‖ΔR‖=6.352e+01  ‖Δu‖=1.058e+01)
[Adam] ep=  300  total=3.723e-01  PDE=4.415e-02 [colloc=4.207e-02, cfd=2.080e-03] (w=2.250)  IN=6.622e-02 (w=1.439)  TB=5.526e-02 (w=1.320)  WALL=6.479e-16 (w=0.200)  OUT=2.043e-03 (w=0.249)  DATA=2.784e-02 (w=3.744)
  [PT] w=6.0314  (raw=6.0265  ‖ΔR‖=1.660e+01  ‖Δu‖=2.755e+00)
  [PT] w=6.0298  (raw=6.0158  ‖ΔR‖=2.549e+01  ‖Δu‖=4.237e+00)
  [PT] w=6.0255  (raw=5.9862  ‖ΔR‖=6.312e+01  ‖Δu‖=1.054e+01)
  [PT] w=6.0123  (raw=5.8939  ‖ΔR‖=1.657e+01  ‖Δu‖=2.811e+00)
  [PT] w=6.0163  (raw=6.0524  ‖ΔR‖=2.558e+01  ‖Δu‖=4.226e+00)
  [PT] w=6.0158  (raw=6.0106  ‖ΔR‖=6.284e+01  ‖Δu‖=1.045e+01)
  [PT] w=6.0146  (raw=6.0038  ‖ΔR‖=1.652e+01  ‖Δu‖=2.752e+00)
  [PT] w=6.0172  (raw=6.0411  ‖ΔR‖=2.505e+01  ‖Δu‖=4.147e+00)
  [PT] w=6.0166  (raw=6.0114  ‖ΔR‖=6.230e+01  ‖Δu‖=1.036e+01)
  [PT] w=6.0203  (raw=6.0537  ‖ΔR‖=1.646e+01  ‖Δu‖=2.720e+00)
  [PT] w=6.0125  (raw=5.9424  ‖ΔR‖=2.510e+01  ‖Δu‖=4.224e+00)
  [PT] w=6.0118  (raw=6.0054  ‖ΔR‖=6.194e+01  ‖Δu‖=1.031e+01)
  [PT] w=6.0139  (raw=6.0324  ‖ΔR‖=1.619e+01  ‖Δu‖=2.683e+00)
  [PT] w=6.0096  (raw=5.9715  ‖ΔR‖=2.482e+01  ‖Δu‖=4.156e+00)
  [PT] w=6.0049  (raw=5.9622  ‖ΔR‖=6.139e+01  ‖Δu‖=1.030e+01)
  [PT] w=5.9940  (raw=5.8958  ‖ΔR‖=1.598e+01  ‖Δu‖=2.710e+00)
  [PT] w=5.9952  (raw=6.0056  ‖ΔR‖=2.503e+01  ‖Δu‖=4.168e+00)
  [PT] w=5.9956  (raw=5.9995  ‖ΔR‖=6.129e+01  ‖Δu‖=1.022e+01)
  [PT] w=5.9940  (raw=5.9796  ‖ΔR‖=1.611e+01  ‖Δu‖=2.695e+00)
  [PT] w=5.9991  (raw=6.0456  ‖ΔR‖=2.451e+01  ‖Δu‖=4.054e+00)
[Adam] ep=  320  total=5.292e-01  PDE=1.109e-01 [colloc=1.085e-01, cfd=2.414e-03] (w=2.281)  IN=6.862e-02 (w=1.451)  TB=4.975e-02 (w=1.278)  WALL=1.773e-15 (w=0.200)  OUT=1.980e-03 (w=0.251)  DATA=2.989e-02 (w=3.766)
  [PT] w=5.9985  (raw=5.9928  ‖ΔR‖=6.081e+01  ‖Δu‖=1.015e+01)
  [PT] w=6.0011  (raw=6.0239  ‖ΔR‖=1.599e+01  ‖Δu‖=2.655e+00)
  [PT] w=5.9924  (raw=5.9146  ‖ΔR‖=2.449e+01  ‖Δu‖=4.141e+00)
  [PT] w=5.9898  (raw=5.9663  ‖ΔR‖=6.020e+01  ‖Δu‖=1.009e+01)
  [PT] w=5.9941  (raw=6.0329  ‖ΔR‖=1.576e+01  ‖Δu‖=2.613e+00)
  [PT] w=5.9906  (raw=5.9588  ‖ΔR‖=2.422e+01  ‖Δu‖=4.064e+00)
  [PT] w=5.9869  (raw=5.9541  ‖ΔR‖=5.987e+01  ‖Δu‖=1.006e+01)
  [PT] w=5.9844  (raw=5.9611  ‖ΔR‖=1.552e+01  ‖Δu‖=2.603e+00)
  [PT] w=5.9770  (raw=5.9112  ‖ΔR‖=2.448e+01  ‖Δu‖=4.141e+00)
  [PT] w=5.9773  (raw=5.9797  ‖ΔR‖=5.973e+01  ‖Δu‖=9.989e+00)
  [PT] w=5.9782  (raw=5.9861  ‖ΔR‖=1.570e+01  ‖Δu‖=2.623e+00)
  [PT] w=5.9757  (raw=5.9536  ‖ΔR‖=2.389e+01  ‖Δu‖=4.013e+00)
  [PT] w=5.9728  (raw=5.9469  ‖ΔR‖=5.926e+01  ‖Δu‖=9.965e+00)
  [PT] w=5.9778  (raw=6.0222  ‖ΔR‖=1.557e+01  ‖Δu‖=2.586e+00)
  [PT] w=5.9646  (raw=5.8460  ‖ΔR‖=2.393e+01  ‖Δu‖=4.094e+00)
  [PT] w=5.9634  (raw=5.9524  ‖ΔR‖=5.874e+01  ‖Δu‖=9.868e+00)
  [PT] w=5.9672  (raw=6.0012  ‖ΔR‖=1.551e+01  ‖Δu‖=2.584e+00)
  [PT] w=5.9582  (raw=5.8779  ‖ΔR‖=2.347e+01  ‖Δu‖=3.993e+00)
  [PT] w=5.9559  (raw=5.9344  ‖ΔR‖=5.840e+01  ‖Δu‖=9.841e+00)
  [PT] w=5.9652  (raw=6.0491  ‖ΔR‖=1.525e+01  ‖Δu‖=2.521e+00)
[Adam] ep=  340  total=3.710e-01  PDE=5.139e-02 [colloc=4.915e-02, cfd=2.239e-03] (w=2.230)  IN=6.529e-02 (w=1.488)  TB=4.556e-02 (w=1.263)  WALL=7.888e-16 (w=0.200)  OUT=1.857e-03 (w=0.254)  DATA=2.646e-02 (w=3.827)
  [PT] w=5.9464  (raw=5.7771  ‖ΔR‖=2.374e+01  ‖Δu‖=4.109e+00)
  [PT] w=5.9445  (raw=5.9272  ‖ΔR‖=5.797e+01  ‖Δu‖=9.781e+00)
  [PT] w=5.9471  (raw=5.9705  ‖ΔR‖=1.525e+01  ‖Δu‖=2.554e+00)
  [PT] w=5.9383  (raw=5.8598  ‖ΔR‖=2.330e+01  ‖Δu‖=3.977e+00)
  [PT] w=5.9350  (raw=5.9053  ‖ΔR‖=5.771e+01  ‖Δu‖=9.773e+00)
  [PT] w=5.9293  (raw=5.8781  ‖ΔR‖=1.493e+01  ‖Δu‖=2.539e+00)
  [PT] w=5.9185  (raw=5.8213  ‖ΔR‖=2.361e+01  ‖Δu‖=4.055e+00)
  [PT] w=5.9213  (raw=5.9458  ‖ΔR‖=5.742e+01  ‖Δu‖=9.658e+00)
  [PT] w=5.9115  (raw=5.8240  ‖ΔR‖=1.515e+01  ‖Δu‖=2.600e+00)
  [PT] w=5.9122  (raw=5.9186  ‖ΔR‖=2.310e+01  ‖Δu‖=3.904e+00)
  [PT] w=5.9165  (raw=5.9547  ‖ΔR‖=5.727e+01  ‖Δu‖=9.617e+00)
  [PT] w=5.9166  (raw=5.9172  ‖ΔR‖=1.495e+01  ‖Δu‖=2.527e+00)
  [PT] w=5.8952  (raw=5.7034  ‖ΔR‖=2.317e+01  ‖Δu‖=4.063e+00)
  [PT] w=5.9014  (raw=5.9565  ‖ΔR‖=5.658e+01  ‖Δu‖=9.499e+00)
  [PT] w=5.8969  (raw=5.8563  ‖ΔR‖=1.513e+01  ‖Δu‖=2.583e+00)
  [PT] w=5.8859  (raw=5.7870  ‖ΔR‖=2.278e+01  ‖Δu‖=3.936e+00)
  [PT] w=5.8903  (raw=5.9301  ‖ΔR‖=5.641e+01  ‖Δu‖=9.513e+00)
  [PT] w=5.8719  (raw=5.7063  ‖ΔR‖=1.471e+01  ‖Δu‖=2.578e+00)
  [PT] w=5.8470  (raw=5.6231  ‖ΔR‖=2.309e+01  ‖Δu‖=4.106e+00)
  [PT] w=5.8599  (raw=5.9759  ‖ΔR‖=5.598e+01  ‖Δu‖=9.368e+00)
[Adam] ep=  360  total=3.154e-01  PDE=3.297e-02 [colloc=3.096e-02, cfd=2.003e-03] (w=2.225)  IN=6.257e-02 (w=1.506)  TB=4.169e-02 (w=1.244)  WALL=4.063e-16 (w=0.200)  OUT=1.780e-03 (w=0.255)  DATA=2.491e-02 (w=3.835)
  [PT] w=5.8263  (raw=5.5236  ‖ΔR‖=1.513e+01  ‖Δu‖=2.740e+00)
  [PT] w=5.8163  (raw=5.7268  ‖ΔR‖=2.269e+01  ‖Δu‖=3.962e+00)
  [PT] w=5.8304  (raw=5.9573  ‖ΔR‖=5.601e+01  ‖Δu‖=9.402e+00)
  [PT] w=5.7760  (raw=5.2862  ‖ΔR‖=1.495e+01  ‖Δu‖=2.827e+00)
  [PT] w=5.7391  (raw=5.4072  ‖ΔR‖=2.287e+01  ‖Δu‖=4.230e+00)
  [PT] w=5.7637  (raw=5.9852  ‖ΔR‖=5.518e+01  ‖Δu‖=9.220e+00)
  [PT] w=5.6739  (raw=4.8652  ‖ΔR‖=1.532e+01  ‖Δu‖=3.148e+00)
  [PT] w=5.6730  (raw=5.6652  ‖ΔR‖=2.283e+01  ‖Δu‖=4.029e+00)
  [PT] w=5.7069  (raw=6.0122  ‖ΔR‖=5.573e+01  ‖Δu‖=9.270e+00)
  [PT] w=5.5779  (raw=4.4163  ‖ΔR‖=1.516e+01  ‖Δu‖=3.433e+00)
  [PT] w=5.5518  (raw=5.3174  ‖ΔR‖=2.335e+01  ‖Δu‖=4.391e+00)
  [PT] w=5.5998  (raw=6.0316  ‖ΔR‖=5.488e+01  ‖Δu‖=9.099e+00)
  [PT] w=5.4416  (raw=4.0174  ‖ΔR‖=1.622e+01  ‖Δu‖=4.038e+00)
  [PT] w=5.4443  (raw=5.4687  ‖ΔR‖=2.342e+01  ‖Δu‖=4.283e+00)
  [PT] w=5.5099  (raw=6.1008  ‖ΔR‖=5.606e+01  ‖Δu‖=9.189e+00)
  [PT] w=5.3098  (raw=3.5089  ‖ΔR‖=1.674e+01  ‖Δu‖=4.771e+00)
  [PT] w=5.2631  (raw=4.8428  ‖ΔR‖=2.391e+01  ‖Δu‖=4.938e+00)
  [PT] w=5.3383  (raw=6.0148  ‖ΔR‖=5.443e+01  ‖Δu‖=9.050e+00)
  [PT] w=5.1182  (raw=3.1370  ‖ΔR‖=1.848e+01  ‖Δu‖=5.891e+00)
  [PT] w=5.0993  (raw=4.9292  ‖ΔR‖=2.481e+01  ‖Δu‖=5.034e+00)
[Adam] ep=  380  total=4.420e-01  PDE=9.592e-02 [colloc=9.342e-02, cfd=2.491e-03] (w=2.287)  IN=5.565e-02 (w=1.496)  TB=3.871e-02 (w=1.204)  WALL=1.552e-15 (w=0.200)  OUT=1.687e-03 (w=0.251)  DATA=2.401e-02 (w=3.843)
  [PT] w=5.1774  (raw=5.8803  ‖ΔR‖=5.609e+01  ‖Δu‖=9.538e+00)
  [PT] w=4.9354  (raw=2.7580  ‖ΔR‖=1.923e+01  ‖Δu‖=6.971e+00)
  [PT] w=4.8939  (raw=4.5199  ‖ΔR‖=2.569e+01  ‖Δu‖=5.684e+00)
  [PT] w=4.9664  (raw=5.6196  ‖ΔR‖=5.420e+01  ‖Δu‖=9.645e+00)
  [PT] w=4.7250  (raw=2.5519  ‖ΔR‖=2.326e+01  ‖Δu‖=9.116e+00)
  [PT] w=4.6969  (raw=4.4446  ‖ΔR‖=2.784e+01  ‖Δu‖=6.264e+00)
  [PT] w=4.7009  (raw=4.7367  ‖ΔR‖=5.569e+01  ‖Δu‖=1.176e+01)
  [PT] w=4.4559  (raw=2.2508  ‖ΔR‖=2.410e+01  ‖Δu‖=1.071e+01)
  [PT] w=4.4733  (raw=4.6303  ‖ΔR‖=2.912e+01  ‖Δu‖=6.288e+00)
  [PT] w=4.4066  (raw=3.8060  ‖ΔR‖=5.410e+01  ‖Δu‖=1.421e+01)
  [PT] w=4.1932  (raw=2.2726  ‖ΔR‖=3.185e+01  ‖Δu‖=1.402e+01)
  [PT] w=4.3120  (raw=5.3806  ‖ΔR‖=3.268e+01  ‖Δu‖=6.073e+00)
  [PT] w=4.1561  (raw=2.7532  ‖ΔR‖=5.503e+01  ‖Δu‖=1.999e+01)
  [PT] w=3.9510  (raw=2.1052  ‖ΔR‖=3.520e+01  ‖Δu‖=1.672e+01)
  [PT] w=4.2786  (raw=7.2271  ‖ΔR‖=2.914e+01  ‖Δu‖=4.032e+00)
  [PT] w=4.0618  (raw=2.1104  ‖ΔR‖=4.880e+01  ‖Δu‖=2.312e+01)
  [PT] w=3.9940  (raw=3.3844  ‖ΔR‖=4.047e+01  ‖Δu‖=1.196e+01)
  [PT] w=3.8338  (raw=2.3920  ‖ΔR‖=2.148e+01  ‖Δu‖=8.979e+00)
  [PT] w=3.7117  (raw=2.6120  ‖ΔR‖=5.681e+01  ‖Δu‖=2.175e+01)
  [PT] w=3.5609  (raw=2.2045  ‖ΔR‖=9.688e+00  ‖Δu‖=4.395e+00)
[Adam] ep=  400  total=4.048e-01  PDE=4.611e-02 [colloc=4.383e-02, cfd=2.278e-03] (w=2.278)  IN=7.361e-02 (w=1.495)  TB=3.518e-02 (w=1.165)  WALL=5.138e-16 (w=0.200)  OUT=1.705e-03 (w=0.252)  DATA=3.638e-02 (w=4.076)
  [PT] w=3.4898  (raw=2.8494  ‖ΔR‖=4.052e+01  ‖Δu‖=1.422e+01)
  [PT] w=3.3677  (raw=2.2694  ‖ΔR‖=4.209e+01  ‖Δu‖=1.855e+01)
  [PT] w=3.3787  (raw=3.4772  ‖ΔR‖=2.277e+01  ‖Δu‖=6.548e+00)
  [PT] w=3.2983  (raw=2.5748  ‖ΔR‖=3.932e+01  ‖Δu‖=1.527e+01)
  [PT] w=3.1642  (raw=1.9576  ‖ΔR‖=1.105e+01  ‖Δu‖=5.645e+00)
  [PT] w=3.1812  (raw=3.3338  ‖ΔR‖=4.240e+01  ‖Δu‖=1.272e+01)
  [PT] w=3.0837  (raw=2.2064  ‖ΔR‖=9.093e+00  ‖Δu‖=4.121e+00)
  [PT] w=3.2320  (raw=4.5665  ‖ΔR‖=4.305e+01  ‖Δu‖=9.427e+00)
  [PT] w=3.1395  (raw=2.3068  ‖ΔR‖=2.710e+01  ‖Δu‖=1.175e+01)
  [PT] w=3.3182  (raw=4.9271  ‖ΔR‖=3.494e+01  ‖Δu‖=7.090e+00)
  [PT] w=3.2399  (raw=2.5348  ‖ΔR‖=2.402e+01  ‖Δu‖=9.476e+00)
  [PT] w=3.7201  (raw=8.0415  ‖ΔR‖=5.117e+01  ‖Δu‖=6.364e+00)
  [PT] w=3.5595  (raw=2.1149  ‖ΔR‖=1.257e+01  ‖Δu‖=5.943e+00)
  [PT] w=3.7615  (raw=5.5792  ‖ΔR‖=4.170e+01  ‖Δu‖=7.473e+00)
  [PT] w=3.7717  (raw=3.8636  ‖ΔR‖=6.635e+01  ‖Δu‖=1.717e+01)
  [PT] w=3.6637  (raw=2.6913  ‖ΔR‖=3.027e+01  ‖Δu‖=1.125e+01)
  [PT] w=3.8103  (raw=5.1302  ‖ΔR‖=3.727e+01  ‖Δu‖=7.265e+00)
  [PT] w=3.8628  (raw=4.3351  ‖ΔR‖=6.879e+01  ‖Δu‖=1.587e+01)
  [PT] w=3.7051  (raw=2.2862  ‖ΔR‖=4.706e+01  ‖Δu‖=2.058e+01)
  [PT] w=3.5647  (raw=2.3010  ‖ΔR‖=4.041e+01  ‖Δu‖=1.756e+01)
[Adam] ep=  420  total=5.273e-01  PDE=1.123e-01 [colloc=1.092e-01, cfd=3.111e-03] (w=2.767)  IN=5.819e-02 (w=1.336)  TB=1.871e-02 (w=0.956)  WALL=1.798e-15 (w=0.200)  OUT=1.569e-03 (w=0.252)  DATA=3.296e-02 (w=3.653)
  [PT] w=3.7327  (raw=5.2443  ‖ΔR‖=4.690e+01  ‖Δu‖=8.942e+00)
  [PT] w=3.5926  (raw=2.3321  ‖ΔR‖=3.517e+01  ‖Δu‖=1.508e+01)
  [PT] w=3.4816  (raw=2.4822  ‖ΔR‖=5.042e+01  ‖Δu‖=2.031e+01)
  [PT] w=3.5419  (raw=4.0849  ‖ΔR‖=3.727e+01  ‖Δu‖=9.123e+00)
  [PT] w=3.4343  (raw=2.4653  ‖ΔR‖=2.529e+01  ‖Δu‖=1.026e+01)
  [PT] w=3.3787  (raw=2.8786  ‖ΔR‖=5.168e+01  ‖Δu‖=1.795e+01)
  [PT] w=3.3229  (raw=2.8212  ‖ΔR‖=1.563e+01  ‖Δu‖=5.540e+00)
  [PT] w=3.4041  (raw=4.1346  ‖ΔR‖=4.610e+01  ‖Δu‖=1.115e+01)
  [PT] w=3.2636  (raw=1.9991  ‖ΔR‖=2.962e+01  ‖Δu‖=1.482e+01)
  [PT] w=3.4511  (raw=5.1387  ‖ΔR‖=4.793e+01  ‖Δu‖=9.327e+00)
  [PT] w=3.5775  (raw=4.7148  ‖ΔR‖=1.975e+01  ‖Δu‖=4.189e+00)
  [PT] w=3.5356  (raw=3.1588  ‖ΔR‖=2.995e+01  ‖Δu‖=9.481e+00)
  [PT] w=3.7153  (raw=5.3328  ‖ΔR‖=5.971e+01  ‖Δu‖=1.120e+01)
  [PT] w=3.7035  (raw=3.5969  ‖ΔR‖=1.965e+01  ‖Δu‖=5.464e+00)
  [PT] w=3.8242  (raw=4.9104  ‖ΔR‖=2.129e+01  ‖Δu‖=4.335e+00)
  [PT] w=3.9911  (raw=5.4930  ‖ΔR‖=4.908e+01  ‖Δu‖=8.935e+00)
  [PT] w=3.8000  (raw=2.0806  ‖ΔR‖=3.884e+01  ‖Δu‖=1.867e+01)
  [PT] w=3.7140  (raw=2.9402  ‖ΔR‖=3.406e+01  ‖Δu‖=1.159e+01)
  [PT] w=3.5796  (raw=2.3699  ‖ΔR‖=2.601e+01  ‖Δu‖=1.098e+01)
  [PT] w=3.4556  (raw=2.3396  ‖ΔR‖=5.120e+01  ‖Δu‖=2.188e+01)
[Adam] ep=  440  total=2.810e-01  PDE=3.966e-02 [colloc=3.687e-02, cfd=2.795e-03] (w=2.477)  IN=4.517e-02 (w=1.411)  TB=3.460e-02 (w=1.056)  WALL=1.015e-15 (w=0.200)  OUT=1.702e-03 (w=0.254)  DATA=1.953e-02 (w=4.203)
  [PT] w=3.3385  (raw=2.2840  ‖ΔR‖=1.483e+01  ‖Δu‖=6.492e+00)
  [PT] w=3.2930  (raw=2.8834  ‖ΔR‖=3.698e+01  ‖Δu‖=1.282e+01)
  [PT] w=3.1721  (raw=2.0842  ‖ΔR‖=3.725e+01  ‖Δu‖=1.787e+01)
  [PT] w=3.3719  (raw=5.1705  ‖ΔR‖=3.837e+01  ‖Δu‖=7.422e+00)
  [PT] w=3.2534  (raw=2.1866  ‖ΔR‖=1.715e+01  ‖Δu‖=7.842e+00)
  [PT] w=3.2161  (raw=2.8801  ‖ΔR‖=3.650e+01  ‖Δu‖=1.267e+01)
  [PT] w=3.1701  (raw=2.7564  ‖ΔR‖=2.045e+01  ‖Δu‖=7.420e+00)
  [PT] w=3.1760  (raw=3.2293  ‖ΔR‖=1.577e+01  ‖Δu‖=4.885e+00)
  [PT] w=3.5377  (raw=6.7926  ‖ΔR‖=3.741e+01  ‖Δu‖=5.508e+00)
  [PT] w=3.5229  (raw=3.3898  ‖ΔR‖=2.306e+01  ‖Δu‖=6.803e+00)
  [PT] w=4.3925  (raw=12.2194  ‖ΔR‖=6.316e+01  ‖Δu‖=5.169e+00)
  [PT] w=4.5889  (raw=6.3565  ‖ΔR‖=2.989e+01  ‖Δu‖=4.703e+00)
  [PT] w=4.4526  (raw=3.2255  ‖ΔR‖=2.682e+01  ‖Δu‖=8.314e+00)
  [PT] w=4.5196  (raw=5.1226  ‖ΔR‖=6.074e+01  ‖Δu‖=1.186e+01)
  [PT] w=4.7825  (raw=7.1487  ‖ΔR‖=8.494e+01  ‖Δu‖=1.188e+01)
  [PT] w=4.7200  (raw=4.1575  ‖ΔR‖=4.853e+01  ‖Δu‖=1.167e+01)
  [PT] w=4.4888  (raw=2.4082  ‖ΔR‖=3.134e+01  ‖Δu‖=1.301e+01)
  [PT] w=4.3759  (raw=3.3595  ‖ΔR‖=4.793e+01  ‖Δu‖=1.427e+01)
  [PT] w=4.4526  (raw=5.1426  ‖ΔR‖=7.329e+01  ‖Δu‖=1.425e+01)
  [PT] w=4.5202  (raw=5.1287  ‖ΔR‖=7.594e+01  ‖Δu‖=1.481e+01)
[Adam] ep=  460  total=1.339e+00  PDE=2.954e-01 [colloc=2.785e-01, cfd=1.697e-02] (w=3.142)  IN=9.028e-02 (w=1.114)  TB=2.807e-02 (w=0.744)  WALL=1.125e-14 (w=0.200)  OUT=2.285e-03 (w=0.200)  DATA=8.190e-02 (w=3.529)
  [PT] w=4.4416  (raw=3.7348  ‖ΔR‖=5.756e+01  ‖Δu‖=1.541e+01)
  [PT] w=4.2764  (raw=2.7888  ‖ΔR‖=4.279e+01  ‖Δu‖=1.534e+01)
  [PT] w=4.1586  (raw=3.0987  ‖ΔR‖=4.924e+01  ‖Δu‖=1.589e+01)
  [PT] w=4.1623  (raw=4.1953  ‖ΔR‖=7.038e+01  ‖Δu‖=1.678e+01)
  [PT] w=4.1959  (raw=4.4983  ‖ΔR‖=7.740e+01  ‖Δu‖=1.721e+01)
  [PT] w=4.0529  (raw=2.7661  ‖ΔR‖=5.231e+01  ‖Δu‖=1.891e+01)
  [PT] w=3.8751  (raw=2.2750  ‖ΔR‖=4.637e+01  ‖Δu‖=2.038e+01)
  [PT] w=3.7209  (raw=2.3334  ‖ΔR‖=4.316e+01  ‖Δu‖=1.850e+01)
  [PT] w=3.6647  (raw=3.1585  ‖ΔR‖=3.999e+01  ‖Δu‖=1.266e+01)
  [PT] w=3.5770  (raw=2.7873  ‖ΔR‖=3.380e+01  ‖Δu‖=1.213e+01)
  [PT] w=3.4325  (raw=2.1322  ‖ΔR‖=4.586e+01  ‖Δu‖=2.151e+01)
  [PT] w=3.3041  (raw=2.1487  ‖ΔR‖=5.164e+01  ‖Δu‖=2.403e+01)
  [PT] w=3.2441  (raw=2.7040  ‖ΔR‖=3.010e+01  ‖Δu‖=1.113e+01)
  [PT] w=3.2173  (raw=2.9759  ‖ΔR‖=3.500e+01  ‖Δu‖=1.176e+01)
  [PT] w=3.1285  (raw=2.3299  ‖ΔR‖=3.363e+01  ‖Δu‖=1.444e+01)
  [PT] w=3.1897  (raw=3.7404  ‖ΔR‖=3.543e+01  ‖Δu‖=9.471e+00)
  [PT] w=3.1319  (raw=2.6116  ‖ΔR‖=2.973e+01  ‖Δu‖=1.138e+01)
  [PT] w=2.9789  (raw=1.6016  ‖ΔR‖=2.322e+01  ‖Δu‖=1.450e+01)
  [PT] w=2.9204  (raw=2.3942  ‖ΔR‖=3.246e+01  ‖Δu‖=1.356e+01)
  [PT] w=3.1045  (raw=4.7608  ‖ΔR‖=3.620e+01  ‖Δu‖=7.604e+00)
[Adam] ep=  480  total=4.744e-01  PDE=6.070e-02 [colloc=5.827e-02, cfd=2.424e-03] (w=2.512)  IN=6.788e-02 (w=1.362)  TB=8.466e-02 (w=1.102)  WALL=1.547e-15 (w=0.200)  OUT=1.780e-03 (w=0.233)  DATA=3.277e-02 (w=4.143)
  [PT] w=2.9859  (raw=1.9187  ‖ΔR‖=1.420e+01  ‖Δu‖=7.402e+00)
  [PT] w=3.0329  (raw=3.4559  ‖ΔR‖=3.111e+01  ‖Δu‖=9.003e+00)
  [PT] w=3.1462  (raw=4.1662  ‖ΔR‖=3.864e+01  ‖Δu‖=9.274e+00)
  [PT] w=3.1902  (raw=3.5864  ‖ΔR‖=1.553e+01  ‖Δu‖=4.330e+00)
  [PT] w=3.3659  (raw=4.9468  ‖ΔR‖=2.445e+01  ‖Δu‖=4.942e+00)
  [PT] w=3.2228  (raw=1.9348  ‖ΔR‖=2.598e+01  ‖Δu‖=1.343e+01)
  [PT] w=3.3447  (raw=4.4424  ‖ΔR‖=3.991e+01  ‖Δu‖=8.985e+00)
  [PT] w=3.2845  (raw=2.7428  ‖ΔR‖=2.149e+01  ‖Δu‖=7.834e+00)
  [PT] w=3.4480  (raw=4.9188  ‖ΔR‖=4.330e+01  ‖Δu‖=8.803e+00)
  [PT] w=3.3488  (raw=2.4559  ‖ΔR‖=2.087e+01  ‖Δu‖=8.498e+00)
  [PT] w=3.2848  (raw=2.7094  ‖ΔR‖=2.721e+01  ‖Δu‖=1.004e+01)
  [PT] w=3.4486  (raw=4.9229  ‖ΔR‖=5.832e+01  ‖Δu‖=1.185e+01)
  [PT] w=3.6097  (raw=5.0594  ‖ΔR‖=2.885e+01  ‖Δu‖=5.702e+00)
  [PT] w=3.4109  (raw=1.6212  ‖ΔR‖=6.459e+00  ‖Δu‖=3.984e+00)
  [PT] w=3.4772  (raw=4.0741  ‖ΔR‖=3.065e+01  ‖Δu‖=7.524e+00)
  [PT] w=3.6025  (raw=4.7304  ‖ΔR‖=5.112e+01  ‖Δu‖=1.081e+01)
  [PT] w=3.5512  (raw=3.0898  ‖ΔR‖=2.047e+01  ‖Δu‖=6.625e+00)
  [PT] w=3.4821  (raw=2.8601  ‖ΔR‖=1.487e+01  ‖Δu‖=5.199e+00)
  [PT] w=3.5804  (raw=4.4652  ‖ΔR‖=3.439e+01  ‖Δu‖=7.701e+00)
  [PT] w=3.5538  (raw=3.3139  ‖ΔR‖=2.562e+01  ‖Δu‖=7.732e+00)
[Adam] ep=  500  total=3.317e-01  PDE=3.267e-02 [colloc=3.053e-02, cfd=2.138e-03] (w=2.252)  IN=6.628e-02 (w=1.485)  TB=2.187e-02 (w=1.132)  WALL=1.174e-15 (w=0.200)  OUT=3.684e-03 (w=0.398)  DATA=3.181e-02 (w=4.196)
  [PT] w=3.4982  (raw=2.9982  ‖ΔR‖=2.714e+01  ‖Δu‖=9.050e+00)
  [PT] w=3.3648  (raw=2.1637  ‖ΔR‖=9.050e+00  ‖Δu‖=4.183e+00)
  [PT] w=3.2634  (raw=2.3512  ‖ΔR‖=1.536e+01  ‖Δu‖=6.531e+00)
  [PT] w=3.1370  (raw=1.9991  ‖ΔR‖=3.183e+01  ‖Δu‖=1.592e+01)
  [PT] w=3.0060  (raw=1.8268  ‖ΔR‖=1.096e+01  ‖Δu‖=6.002e+00)
  [PT] w=2.9609  (raw=2.5558  ‖ΔR‖=1.920e+01  ‖Δu‖=7.513e+00)
  [PT] w=2.9620  (raw=2.9718  ‖ΔR‖=2.565e+01  ‖Δu‖=8.631e+00)
  [PT] w=2.8708  (raw=2.0494  ‖ΔR‖=1.180e+01  ‖Δu‖=5.756e+00)
  [PT] w=2.8440  (raw=2.6027  ‖ΔR‖=1.737e+01  ‖Δu‖=6.675e+00)
  [PT] w=2.7500  (raw=1.9038  ‖ΔR‖=3.091e+01  ‖Δu‖=1.624e+01)
  [PT] w=2.8340  (raw=3.5905  ‖ΔR‖=2.290e+01  ‖Δu‖=6.378e+00)
  [PT] w=2.8700  (raw=3.1936  ‖ΔR‖=2.077e+01  ‖Δu‖=6.505e+00)
  [PT] w=2.9358  (raw=3.5279  ‖ΔR‖=3.005e+01  ‖Δu‖=8.518e+00)
  [PT] w=2.8898  (raw=2.4759  ‖ΔR‖=3.008e+01  ‖Δu‖=1.215e+01)
  [PT] w=2.8035  (raw=2.0274  ‖ΔR‖=1.718e+01  ‖Δu‖=8.473e+00)
  [PT] w=2.9003  (raw=3.7708  ‖ΔR‖=2.395e+01  ‖Δu‖=6.352e+00)
  [PT] w=2.8009  (raw=1.9065  ‖ΔR‖=3.435e+01  ‖Δu‖=1.802e+01)
  [PT] w=2.7616  (raw=2.4082  ‖ΔR‖=2.351e+01  ‖Δu‖=9.762e+00)
  [PT] w=2.7663  (raw=2.8087  ‖ΔR‖=3.058e+01  ‖Δu‖=1.089e+01)
  [PT] w=2.7717  (raw=2.8202  ‖ΔR‖=2.724e+01  ‖Δu‖=9.660e+00)
[Adam] ep=  520  total=2.777e-01  PDE=4.189e-02 [colloc=3.939e-02, cfd=2.506e-03] (w=2.225)  IN=4.129e-02 (w=1.546)  TB=1.806e-02 (w=0.996)  WALL=7.268e-16 (w=0.200)  OUT=3.262e-03 (w=0.385)  DATA=2.250e-02 (w=4.507)
  [PT] w=2.6668  (raw=1.7228  ‖ΔR‖=2.160e+01  ‖Δu‖=1.253e+01)
  [PT] w=2.6304  (raw=2.3021  ‖ΔR‖=3.255e+01  ‖Δu‖=1.414e+01)
  [PT] w=2.5945  (raw=2.2716  ‖ΔR‖=1.636e+01  ‖Δu‖=7.203e+00)
  [PT] w=2.5389  (raw=2.0388  ‖ΔR‖=3.097e+01  ‖Δu‖=1.519e+01)
  [PT] w=2.6461  (raw=3.6105  ‖ΔR‖=3.430e+01  ‖Δu‖=9.499e+00)
  [PT] w=2.8038  (raw=4.2230  ‖ΔR‖=2.869e+01  ‖Δu‖=6.794e+00)
  [PT] w=2.7498  (raw=2.2638  ‖ΔR‖=1.716e+01  ‖Δu‖=7.579e+00)
  [PT] w=2.7303  (raw=2.5550  ‖ΔR‖=3.464e+01  ‖Δu‖=1.356e+01)
  [PT] w=2.7282  (raw=2.7092  ‖ΔR‖=3.356e+01  ‖Δu‖=1.239e+01)
  [PT] w=2.5762  (raw=1.2079  ‖ΔR‖=7.298e+00  ‖Δu‖=6.042e+00)
  [PT] w=2.5184  (raw=1.9988  ‖ΔR‖=2.910e+01  ‖Δu‖=1.456e+01)
  [PT] w=2.5964  (raw=3.2984  ‖ΔR‖=3.598e+01  ‖Δu‖=1.091e+01)
  [PT] w=2.8133  (raw=4.7649  ‖ΔR‖=1.415e+01  ‖Δu‖=2.970e+00)
  [PT] w=2.8402  (raw=3.0822  ‖ΔR‖=2.256e+01  ‖Δu‖=7.320e+00)
  [PT] w=2.8140  (raw=2.5787  ‖ΔR‖=3.638e+01  ‖Δu‖=1.411e+01)
  [PT] w=2.8173  (raw=2.8472  ‖ΔR‖=2.922e+01  ‖Δu‖=1.026e+01)
  [PT] w=2.8142  (raw=2.7859  ‖ΔR‖=1.664e+01  ‖Δu‖=5.974e+00)
  [PT] w=2.7534  (raw=2.2061  ‖ΔR‖=2.531e+01  ‖Δu‖=1.147e+01)
  [PT] w=2.7373  (raw=2.5925  ‖ΔR‖=3.907e+01  ‖Δu‖=1.507e+01)
  [PT] w=2.8615  (raw=3.9795  ‖ΔR‖=2.088e+01  ‖Δu‖=5.246e+00)
[Adam] ep=  540  total=2.941e-01  PDE=6.728e-02 [colloc=6.071e-02, cfd=6.569e-03] (w=2.382)  IN=3.482e-02 (w=1.399)  TB=1.794e-02 (w=0.946)  WALL=1.527e-15 (w=0.200)  OUT=5.886e-03 (w=0.811)  DATA=1.610e-02 (w=3.939)
  [PT] w=2.8456  (raw=2.7026  ‖ΔR‖=2.422e+01  ‖Δu‖=8.963e+00)
  [PT] w=2.7834  (raw=2.2230  ‖ΔR‖=3.333e+01  ‖Δu‖=1.499e+01)
  [PT] w=2.8092  (raw=3.0414  ‖ΔR‖=3.792e+01  ‖Δu‖=1.247e+01)
  [PT] w=3.3385  (raw=8.1027  ‖ΔR‖=1.986e+01  ‖Δu‖=2.451e+00)
  [PT] w=3.2604  (raw=2.5575  ‖ΔR‖=2.593e+01  ‖Δu‖=1.014e+01)
  [PT] w=3.1174  (raw=1.8301  ‖ΔR‖=2.861e+01  ‖Δu‖=1.563e+01)
  [PT] w=3.0406  (raw=2.3496  ‖ΔR‖=3.114e+01  ‖Δu‖=1.325e+01)
  [PT] w=3.0044  (raw=2.6785  ‖ΔR‖=3.184e+01  ‖Δu‖=1.189e+01)
  [PT] w=2.9822  (raw=2.7824  ‖ΔR‖=2.341e+01  ‖Δu‖=8.414e+00)
  [PT] w=2.9171  (raw=2.3311  ‖ΔR‖=2.657e+01  ‖Δu‖=1.140e+01)
  [PT] w=2.8238  (raw=1.9838  ‖ΔR‖=3.484e+01  ‖Δu‖=1.756e+01)
  [PT] w=2.7736  (raw=2.3221  ‖ΔR‖=3.334e+01  ‖Δu‖=1.436e+01)
  [PT] w=2.8226  (raw=3.2640  ‖ΔR‖=1.771e+01  ‖Δu‖=5.425e+00)
  [PT] w=2.8377  (raw=2.9733  ‖ΔR‖=1.963e+01  ‖Δu‖=6.603e+00)
  [PT] w=2.7457  (raw=1.9174  ‖ΔR‖=2.615e+01  ‖Δu‖=1.364e+01)
  [PT] w=2.6874  (raw=2.1632  ‖ΔR‖=3.127e+01  ‖Δu‖=1.446e+01)
  [PT] w=2.7769  (raw=3.5824  ‖ΔR‖=2.370e+01  ‖Δu‖=6.617e+00)
  [PT] w=2.8908  (raw=3.9160  ‖ΔR‖=1.718e+01  ‖Δu‖=4.387e+00)
  [PT] w=2.7924  (raw=1.9066  ‖ΔR‖=2.217e+01  ‖Δu‖=1.163e+01)
  [PT] w=2.6970  (raw=1.8387  ‖ΔR‖=3.044e+01  ‖Δu‖=1.655e+01)
[Adam] ep=  560  total=4.185e-01  PDE=6.602e-02 [colloc=4.262e-02, cfd=2.340e-02] (w=2.150)  IN=4.336e-02 (w=1.187)  TB=2.203e-02 (w=0.797)  WALL=5.077e-16 (w=0.200)  OUT=1.010e-01 (w=1.459)  DATA=1.712e-02 (w=3.515)
  [PT] w=2.6551  (raw=2.2775  ‖ΔR‖=2.384e+01  ‖Δu‖=1.047e+01)
  [PT] w=2.7164  (raw=3.2686  ‖ΔR‖=2.306e+01  ‖Δu‖=7.055e+00)
  [PT] w=2.6603  (raw=2.1546  ‖ΔR‖=1.936e+01  ‖Δu‖=8.988e+00)
  [PT] w=2.5599  (raw=1.6566  ‖ΔR‖=2.260e+01  ‖Δu‖=1.364e+01)
  [PT] w=2.4722  (raw=1.6831  ‖ΔR‖=2.371e+01  ‖Δu‖=1.409e+01)
  [PT] w=2.4408  (raw=2.1576  ‖ΔR‖=1.487e+01  ‖Δu‖=6.892e+00)
  [PT] w=2.3830  (raw=1.8636  ‖ΔR‖=1.500e+01  ‖Δu‖=8.048e+00)
  [PT] w=2.3048  (raw=1.6011  ‖ΔR‖=2.115e+01  ‖Δu‖=1.321e+01)
  [PT] w=2.2371  (raw=1.6273  ‖ΔR‖=2.745e+01  ‖Δu‖=1.687e+01)
  [PT] w=2.2007  (raw=1.8736  ‖ΔR‖=1.578e+01  ‖Δu‖=8.422e+00)
  [PT] w=2.1899  (raw=2.0926  ‖ΔR‖=2.166e+01  ‖Δu‖=1.035e+01)
  [PT] w=2.1109  (raw=1.3998  ‖ΔR‖=1.478e+01  ‖Δu‖=1.056e+01)
  [PT] w=2.0369  (raw=1.3713  ‖ΔR‖=2.390e+01  ‖Δu‖=1.743e+01)
  [PT] w=2.0139  (raw=1.8061  ‖ΔR‖=1.862e+01  ‖Δu‖=1.031e+01)
  [PT] w=2.0752  (raw=2.6270  ‖ΔR‖=1.333e+01  ‖Δu‖=5.076e+00)
  [PT] w=2.1163  (raw=2.4860  ‖ΔR‖=1.642e+01  ‖Δu‖=6.605e+00)
  [PT] w=2.0740  (raw=1.6937  ‖ΔR‖=2.482e+01  ‖Δu‖=1.465e+01)
  [PT] w=2.0933  (raw=2.2674  ‖ΔR‖=2.250e+01  ‖Δu‖=9.922e+00)
  [PT] w=2.2584  (raw=3.7441  ‖ΔR‖=2.344e+01  ‖Δu‖=6.261e+00)
  [PT] w=2.3392  (raw=3.0660  ‖ΔR‖=7.868e+00  ‖Δu‖=2.566e+00)
[Adam] ep=  580  total=2.536e-01  PDE=4.221e-02 [colloc=3.666e-02, cfd=5.543e-03] (w=2.122)  IN=3.757e-02 (w=1.397)  TB=2.092e-02 (w=1.033)  WALL=5.649e-16 (w=0.200)  OUT=1.201e-02 (w=1.028)  DATA=2.019e-02 (w=3.847)
  [PT] w=2.4306  (raw=3.2534  ‖ΔR‖=2.789e+01  ‖Δu‖=8.571e+00)
  [PT] w=2.3797  (raw=1.9217  ‖ΔR‖=1.625e+01  ‖Δu‖=8.454e+00)
  [PT] w=2.4596  (raw=3.1785  ‖ΔR‖=3.518e+01  ‖Δu‖=1.107e+01)
  [PT] w=2.4126  (raw=1.9902  ‖ΔR‖=1.526e+01  ‖Δu‖=7.667e+00)
  [PT] w=2.6250  (raw=4.5362  ‖ΔR‖=2.813e+01  ‖Δu‖=6.202e+00)
  [PT] w=2.7254  (raw=3.6289  ‖ΔR‖=1.751e+01  ‖Δu‖=4.826e+00)
  [PT] w=3.0832  (raw=6.3039  ‖ΔR‖=4.038e+01  ‖Δu‖=6.406e+00)
  [PT] w=3.0109  (raw=2.3602  ‖ΔR‖=1.164e+01  ‖Δu‖=4.932e+00)
  [PT] w=3.1317  (raw=4.2189  ‖ΔR‖=3.910e+01  ‖Δu‖=9.268e+00)
  [PT] w=3.0898  (raw=2.7122  ‖ΔR‖=1.918e+01  ‖Δu‖=7.072e+00)
  [PT] w=3.1342  (raw=3.5340  ‖ΔR‖=2.685e+01  ‖Δu‖=7.598e+00)
  [PT] w=3.0537  (raw=2.3289  ‖ΔR‖=2.808e+01  ‖Δu‖=1.206e+01)
  [PT] w=3.0216  (raw=2.7330  ‖ΔR‖=2.286e+01  ‖Δu‖=8.364e+00)
  [PT] w=3.1552  (raw=4.3575  ‖ΔR‖=3.757e+01  ‖Δu‖=8.621e+00)
  [PT] w=3.1032  (raw=2.6356  ‖ΔR‖=1.802e+01  ‖Δu‖=6.837e+00)
  [PT] w=3.2587  (raw=4.6575  ‖ΔR‖=3.260e+01  ‖Δu‖=7.000e+00)
  [PT] w=3.1755  (raw=2.4268  ‖ΔR‖=3.524e+01  ‖Δu‖=1.452e+01)
  [PT] w=3.0332  (raw=1.7533  ‖ΔR‖=2.051e+01  ‖Δu‖=1.170e+01)
  [PT] w=3.1510  (raw=4.2108  ‖ΔR‖=3.726e+01  ‖Δu‖=8.850e+00)
  [PT] w=3.0803  (raw=2.4444  ‖ΔR‖=3.141e+01  ‖Δu‖=1.285e+01)
[Adam] ep=  600  total=2.852e-01  PDE=6.489e-02 [colloc=6.037e-02, cfd=4.517e-03] (w=2.600)  IN=2.520e-02 (w=1.387)  TB=1.498e-02 (w=0.882)  WALL=1.864e-15 (w=0.200)  OUT=9.352e-04 (w=0.513)  DATA=1.671e-02 (w=4.062)
  [PT] w=2.9992  (raw=2.2688  ‖ΔR‖=2.587e+01  ‖Δu‖=1.140e+01)
  [PT] w=3.1858  (raw=4.8656  ‖ΔR‖=3.220e+01  ‖Δu‖=6.619e+00)
  [PT] w=3.0635  (raw=1.9622  ‖ΔR‖=1.621e+01  ‖Δu‖=8.261e+00)
  [PT] w=3.1479  (raw=3.9080  ‖ΔR‖=3.240e+01  ‖Δu‖=8.292e+00)
  [PT] w=3.0266  (raw=1.9351  ‖ΔR‖=1.466e+01  ‖Δu‖=7.576e+00)
  [PT] w=3.0051  (raw=2.8112  ‖ΔR‖=2.334e+01  ‖Δu‖=8.303e+00)
  [PT] w=2.9862  (raw=2.8162  ‖ΔR‖=1.097e+01  ‖Δu‖=3.895e+00)
  [PT] w=3.1357  (raw=4.4812  ‖ΔR‖=3.269e+01  ‖Δu‖=7.295e+00)
  [PT] w=3.0324  (raw=2.1026  ‖ΔR‖=5.517e+00  ‖Δu‖=2.624e+00)
  [PT] w=3.2304  (raw=5.0124  ‖ΔR‖=2.968e+01  ‖Δu‖=5.922e+00)
  [PT] w=3.0919  (raw=1.8454  ‖ΔR‖=1.666e+01  ‖Δu‖=9.027e+00)
  [PT] w=3.2720  (raw=4.8925  ‖ΔR‖=1.951e+01  ‖Δu‖=3.988e+00)
  [PT] w=3.1127  (raw=1.6796  ‖ΔR‖=1.668e+01  ‖Δu‖=9.934e+00)
  [PT] w=3.1846  (raw=3.8315  ‖ΔR‖=2.495e+01  ‖Δu‖=6.512e+00)
  [PT] w=3.3341  (raw=4.6791  ‖ΔR‖=1.144e+01  ‖Δu‖=2.445e+00)
  [PT] w=3.4332  (raw=4.3256  ‖ΔR‖=2.787e+01  ‖Δu‖=6.443e+00)
  [PT] w=3.3522  (raw=2.6235  ‖ΔR‖=1.061e+01  ‖Δu‖=4.045e+00)
  [PT] w=3.4812  (raw=4.6415  ‖ΔR‖=3.243e+01  ‖Δu‖=6.986e+00)
  [PT] w=3.3772  (raw=2.4415  ‖ΔR‖=3.682e+00  ‖Δu‖=1.508e+00)
  [PT] w=3.5606  (raw=5.2114  ‖ΔR‖=3.341e+01  ‖Δu‖=6.410e+00)
[Adam] ep=  620  total=2.070e-01  PDE=4.549e-02 [colloc=4.193e-02, cfd=3.553e-03] (w=2.416)  IN=2.924e-02 (w=1.552)  TB=1.096e-02 (w=0.942)  WALL=6.043e-16 (w=0.200)  OUT=9.302e-04 (w=0.315)  DATA=1.023e-02 (w=4.018)
  [PT] w=3.3703  (raw=1.6573  ‖ΔR‖=7.399e+00  ‖Δu‖=4.464e+00)
  [PT] w=3.6282  (raw=5.9497  ‖ΔR‖=3.087e+01  ‖Δu‖=5.189e+00)
  [PT] w=3.5725  (raw=3.0715  ‖ΔR‖=6.278e+00  ‖Δu‖=2.044e+00)
  [PT] w=3.7969  (raw=5.8157  ‖ΔR‖=3.151e+01  ‖Δu‖=5.419e+00)
  [PT] w=3.6114  (raw=1.9423  ‖ΔR‖=5.010e+00  ‖Δu‖=2.579e+00)
  [PT] w=3.6756  (raw=4.2533  ‖ΔR‖=2.644e+01  ‖Δu‖=6.217e+00)
  [PT] w=3.5297  (raw=2.2165  ‖ΔR‖=3.543e+00  ‖Δu‖=1.599e+00)
  [PT] w=3.5966  (raw=4.1986  ‖ΔR‖=2.842e+01  ‖Δu‖=6.768e+00)
  [PT] w=3.6071  (raw=3.7018  ‖ΔR‖=5.520e+00  ‖Δu‖=1.491e+00)
  [PT] w=3.7636  (raw=5.1720  ‖ΔR‖=2.890e+01  ‖Δu‖=5.587e+00)
  [PT] w=3.6750  (raw=2.8774  ‖ΔR‖=8.210e+00  ‖Δu‖=2.853e+00)
  [PT] w=3.9527  (raw=6.4525  ‖ΔR‖=2.971e+01  ‖Δu‖=4.604e+00)
  [PT] w=3.7232  (raw=1.6579  ‖ΔR‖=4.877e+00  ‖Δu‖=2.941e+00)
  [PT] w=3.8272  (raw=4.7625  ‖ΔR‖=3.058e+01  ‖Δu‖=6.422e+00)
  [PT] w=3.6619  (raw=2.1749  ‖ΔR‖=6.609e+00  ‖Δu‖=3.039e+00)
  [PT] w=3.7414  (raw=4.4564  ‖ΔR‖=2.798e+01  ‖Δu‖=6.278e+00)
  [PT] w=3.5691  (raw=2.0186  ‖ΔR‖=4.486e+00  ‖Δu‖=2.222e+00)
  [PT] w=3.6567  (raw=4.4450  ‖ΔR‖=3.202e+01  ‖Δu‖=7.203e+00)
  [PT] w=3.4661  (raw=1.7509  ‖ΔR‖=2.296e+00  ‖Δu‖=1.311e+00)
  [PT] w=3.5872  (raw=4.6772  ‖ΔR‖=2.892e+01  ‖Δu‖=6.184e+00)
[Adam] ep=  640  total=1.890e-01  PDE=3.823e-02 [colloc=3.613e-02, cfd=2.109e-03] (w=2.472)  IN=2.620e-02 (w=1.535)  TB=9.428e-03 (w=0.898)  WALL=7.019e-16 (w=0.200)  OUT=8.714e-04 (w=0.274)  DATA=1.113e-02 (w=4.094)
  [PT] w=3.4536  (raw=2.2512  ‖ΔR‖=7.210e+00  ‖Δu‖=3.203e+00)
  [PT] w=3.6204  (raw=5.1210  ‖ΔR‖=3.124e+01  ‖Δu‖=6.100e+00)
  [PT] w=3.5114  (raw=2.5304  ‖ΔR‖=4.645e+00  ‖Δu‖=1.836e+00)
  [PT] w=3.7660  (raw=6.0578  ‖ΔR‖=3.177e+01  ‖Δu‖=5.245e+00)
  [PT] w=3.6044  (raw=2.1504  ‖ΔR‖=1.035e+01  ‖Δu‖=4.814e+00)
  [PT] w=3.7355  (raw=4.9146  ‖ΔR‖=2.509e+01  ‖Δu‖=5.105e+00)
  [PT] w=3.5875  (raw=2.2562  ‖ΔR‖=9.649e+00  ‖Δu‖=4.276e+00)
  [PT] w=3.6619  (raw=4.3310  ‖ΔR‖=2.659e+01  ‖Δu‖=6.140e+00)
  [PT] w=3.5032  (raw=2.0754  ‖ΔR‖=4.688e+00  ‖Δu‖=2.259e+00)
  [PT] w=3.5624  (raw=4.0945  ‖ΔR‖=2.651e+01  ‖Δu‖=6.475e+00)
  [PT] w=3.7611  (raw=5.5495  ‖ΔR‖=5.261e+00  ‖Δu‖=9.480e-01)
  [PT] w=3.8056  (raw=4.2062  ‖ΔR‖=2.787e+01  ‖Δu‖=6.626e+00)
  [PT] w=3.6165  (raw=1.9149  ‖ΔR‖=6.580e+00  ‖Δu‖=3.436e+00)
  [PT] w=3.7820  (raw=5.2717  ‖ΔR‖=2.819e+01  ‖Δu‖=5.347e+00)
  [PT] w=3.6126  (raw=2.0871  ‖ΔR‖=1.126e+01  ‖Δu‖=5.393e+00)
  [PT] w=3.8466  (raw=5.9532  ‖ΔR‖=2.759e+01  ‖Δu‖=4.635e+00)
  [PT] w=3.6493  (raw=1.8734  ‖ΔR‖=8.091e+00  ‖Δu‖=4.319e+00)
  [PT] w=3.7724  (raw=4.8806  ‖ΔR‖=3.179e+01  ‖Δu‖=6.514e+00)
  [PT] w=3.5898  (raw=1.9466  ‖ΔR‖=4.437e+00  ‖Δu‖=2.280e+00)
  [PT] w=3.6035  (raw=3.7261  ‖ΔR‖=2.786e+01  ‖Δu‖=7.477e+00)
[Adam] ep=  660  total=1.827e-01  PDE=3.651e-02 [colloc=3.413e-02, cfd=2.385e-03] (w=2.490)  IN=2.501e-02 (w=1.523)  TB=8.943e-03 (w=0.898)  WALL=5.904e-16 (w=0.200)  OUT=8.130e-04 (w=0.269)  DATA=1.110e-02 (w=4.090)
  [PT] w=3.5346  (raw=2.9144  ‖ΔR‖=4.197e+00  ‖Δu‖=1.440e+00)
  [PT] w=3.5766  (raw=3.9554  ‖ΔR‖=3.023e+01  ‖Δu‖=7.643e+00)
  [PT] w=3.6703  (raw=4.5133  ‖ΔR‖=3.540e+00  ‖Δu‖=7.843e-01)
  [PT] w=3.7243  (raw=4.2106  ‖ΔR‖=2.945e+01  ‖Δu‖=6.995e+00)
  [PT] w=3.5444  (raw=1.9252  ‖ΔR‖=1.100e+01  ‖Δu‖=5.714e+00)
  [PT] w=3.5450  (raw=3.5498  ‖ΔR‖=2.738e+01  ‖Δu‖=7.713e+00)
  [PT] w=3.4211  (raw=2.3063  ‖ΔR‖=1.014e+01  ‖Δu‖=4.395e+00)
  [PT] w=3.5914  (raw=5.1237  ‖ΔR‖=3.402e+01  ‖Δu‖=6.640e+00)
  [PT] w=3.4439  (raw=2.1165  ‖ΔR‖=1.192e+01  ‖Δu‖=5.632e+00)
  [PT] w=3.6021  (raw=5.0259  ‖ΔR‖=2.484e+01  ‖Δu‖=4.943e+00)
  [PT] w=3.4967  (raw=2.5482  ‖ΔR‖=3.497e+01  ‖Δu‖=1.372e+01)
  [PT] w=3.3702  (raw=2.2319  ‖ΔR‖=1.605e+01  ‖Δu‖=7.192e+00)
  [PT] w=3.5227  (raw=4.8948  ‖ΔR‖=3.254e+01  ‖Δu‖=6.648e+00)
  [PT] w=3.3811  (raw=2.1066  ‖ΔR‖=3.061e+01  ‖Δu‖=1.453e+01)
  [PT] w=3.2821  (raw=2.3918  ‖ΔR‖=2.422e+01  ‖Δu‖=1.012e+01)
  [PT] w=3.3407  (raw=3.8679  ‖ΔR‖=2.999e+01  ‖Δu‖=7.754e+00)
  [PT] w=3.2071  (raw=2.0048  ‖ΔR‖=2.184e+01  ‖Δu‖=1.089e+01)
  [PT] w=3.2142  (raw=3.2778  ‖ΔR‖=2.759e+01  ‖Δu‖=8.416e+00)
  [PT] w=3.2226  (raw=3.2986  ‖ΔR‖=3.477e+01  ‖Δu‖=1.054e+01)
  [PT] w=3.0842  (raw=1.8388  ‖ΔR‖=1.715e+01  ‖Δu‖=9.326e+00)
[Adam] ep=  680  total=2.348e-01  PDE=4.864e-02 [colloc=4.561e-02, cfd=3.035e-03] (w=2.672)  IN=2.717e-02 (w=1.418)  TB=9.133e-03 (w=0.824)  WALL=8.844e-16 (w=0.200)  OUT=7.967e-04 (w=0.248)  DATA=1.410e-02 (w=4.152)
  [PT] w=3.2339  (raw=4.5813  ‖ΔR‖=2.470e+01  ‖Δu‖=5.391e+00)
  [PT] w=3.1956  (raw=2.8509  ‖ΔR‖=3.587e+01  ‖Δu‖=1.258e+01)
  [PT] w=3.0679  (raw=1.9180  ‖ΔR‖=1.900e+01  ‖Δu‖=9.907e+00)
  [PT] w=3.3644  (raw=6.0330  ‖ΔR‖=2.665e+01  ‖Δu‖=4.417e+00)
  [PT] w=3.2755  (raw=2.4753  ‖ΔR‖=3.472e+01  ‖Δu‖=1.403e+01)
  [PT] w=3.1378  (raw=1.8987  ‖ΔR‖=2.167e+01  ‖Δu‖=1.141e+01)
  [PT] w=3.5446  (raw=7.2054  ‖ΔR‖=2.486e+01  ‖Δu‖=3.450e+00)
  [PT] w=3.3903  (raw=2.0024  ‖ΔR‖=2.491e+01  ‖Δu‖=1.244e+01)
  [PT] w=3.2843  (raw=2.3300  ‖ΔR‖=2.782e+01  ‖Δu‖=1.194e+01)
  [PT] w=3.4685  (raw=5.1264  ‖ΔR‖=2.657e+01  ‖Δu‖=5.184e+00)
  [PT] w=3.3269  (raw=2.0525  ‖ΔR‖=1.857e+01  ‖Δu‖=9.046e+00)
  [PT] w=3.3894  (raw=3.9517  ‖ΔR‖=2.961e+01  ‖Δu‖=7.494e+00)
  [PT] w=3.3599  (raw=3.0943  ‖ΔR‖=1.815e+01  ‖Δu‖=5.867e+00)
  [PT] w=3.2607  (raw=2.3681  ‖ΔR‖=1.818e+01  ‖Δu‖=7.678e+00)
  [PT] w=3.6116  (raw=6.7691  ‖ΔR‖=3.743e+01  ‖Δu‖=5.530e+00)
  [PT] w=3.8245  (raw=5.7413  ‖ΔR‖=1.224e+01  ‖Δu‖=2.132e+00)
  [PT] w=3.7914  (raw=3.4933  ‖ΔR‖=1.663e+01  ‖Δu‖=4.759e+00)
  [PT] w=3.9282  (raw=5.1597  ‖ΔR‖=3.713e+01  ‖Δu‖=7.196e+00)
  [PT] w=4.3341  (raw=7.9873  ‖ΔR‖=1.483e+01  ‖Δu‖=1.856e+00)
  [PT] w=4.2720  (raw=3.7132  ‖ΔR‖=1.089e+01  ‖Δu‖=2.933e+00)
[Adam] ep=  700  total=2.494e-01  PDE=4.983e-02 [colloc=4.586e-02, cfd=3.970e-03] (w=2.604)  IN=3.018e-02 (w=1.449)  TB=1.165e-02 (w=0.867)  WALL=7.277e-16 (w=0.200)  OUT=7.435e-04 (w=0.230)  DATA=1.578e-02 (w=4.158)
  [PT] w=4.3241  (raw=4.7928  ‖ΔR‖=3.148e+01  ‖Δu‖=6.568e+00)
  [PT] w=4.2995  (raw=4.0782  ‖ΔR‖=1.165e+01  ‖Δu‖=2.857e+00)
  [PT] w=4.2473  (raw=3.7770  ‖ΔR‖=1.406e+01  ‖Δu‖=3.722e+00)
  [PT] w=4.2995  (raw=4.7692  ‖ΔR‖=3.360e+01  ‖Δu‖=7.045e+00)
  [PT] w=4.1261  (raw=2.5657  ‖ΔR‖=1.032e+01  ‖Δu‖=4.021e+00)
  [PT] w=4.0580  (raw=3.4450  ‖ΔR‖=1.433e+01  ‖Δu‖=4.160e+00)
  [PT] w=4.1258  (raw=4.7358  ‖ΔR‖=3.093e+01  ‖Δu‖=6.530e+00)
  [PT] w=3.9259  (raw=2.1274  ‖ΔR‖=1.669e+01  ‖Δu‖=7.844e+00)
  [PT] w=3.8476  (raw=3.1425  ‖ΔR‖=1.543e+01  ‖Δu‖=4.909e+00)
  [PT] w=3.7796  (raw=3.1679  ‖ΔR‖=2.737e+01  ‖Δu‖=8.639e+00)
  [PT] w=3.6001  (raw=1.9840  ‖ΔR‖=1.426e+01  ‖Δu‖=7.188e+00)
  [PT] w=3.7701  (raw=5.3002  ‖ΔR‖=1.696e+01  ‖Δu‖=3.201e+00)
  [PT] w=3.5768  (raw=1.8376  ‖ΔR‖=2.647e+01  ‖Δu‖=1.440e+01)
  [PT] w=3.7862  (raw=5.6701  ‖ΔR‖=7.475e+00  ‖Δu‖=1.318e+00)
  [PT] w=3.6059  (raw=1.9835  ‖ΔR‖=2.627e+01  ‖Δu‖=1.325e+01)
  [PT] w=3.5564  (raw=3.1110  ‖ΔR‖=8.289e+00  ‖Δu‖=2.664e+00)
  [PT] w=3.3882  (raw=1.8739  ‖ΔR‖=2.452e+01  ‖Δu‖=1.309e+01)
  [PT] w=3.4071  (raw=3.5780  ‖ΔR‖=1.294e+01  ‖Δu‖=3.618e+00)
  [PT] w=3.2486  (raw=1.8212  ‖ΔR‖=2.095e+01  ‖Δu‖=1.151e+01)
  [PT] w=3.3391  (raw=4.1537  ‖ΔR‖=1.753e+01  ‖Δu‖=4.221e+00)
[Adam] ep=  720  total=1.723e-01  PDE=2.131e-02 [colloc=1.981e-02, cfd=1.497e-03] (w=2.393)  IN=2.971e-02 (w=1.529)  TB=9.868e-03 (w=0.953)  WALL=1.351e-16 (w=0.200)  OUT=7.404e-04 (w=0.246)  DATA=1.547e-02 (w=4.285)
  [PT] w=3.2540  (raw=2.4881  ‖ΔR‖=1.176e+01  ‖Δu‖=4.725e+00)
  [PT] w=3.3734  (raw=4.4488  ‖ΔR‖=2.559e+01  ‖Δu‖=5.752e+00)
  [PT] w=3.2651  (raw=2.2898  ‖ΔR‖=5.387e+00  ‖Δu‖=2.352e+00)
  [PT] w=3.5599  (raw=6.2133  ‖ΔR‖=2.355e+01  ‖Δu‖=3.791e+00)
  [PT] w=3.4771  (raw=2.7320  ‖ΔR‖=1.246e+01  ‖Δu‖=4.560e+00)
  [PT] w=3.3495  (raw=2.2009  ‖ΔR‖=1.412e+01  ‖Δu‖=6.416e+00)
  [PT] w=3.2410  (raw=2.2645  ‖ΔR‖=1.372e+01  ‖Δu‖=6.061e+00)
  [PT] w=3.8301  (raw=9.1326  ‖ΔR‖=2.166e+01  ‖Δu‖=2.372e+00)
  [PT] w=3.7879  (raw=3.4079  ‖ΔR‖=9.934e+00  ‖Δu‖=2.915e+00)
  [PT] w=4.0862  (raw=6.7705  ‖ΔR‖=3.620e+01  ‖Δu‖=5.346e+00)
  [PT] w=4.0630  (raw=3.8541  ‖ΔR‖=1.228e+01  ‖Δu‖=3.186e+00)
  [PT] w=4.0486  (raw=3.9194  ‖ΔR‖=1.985e+01  ‖Δu‖=5.065e+00)
  [PT] w=4.2167  (raw=5.7296  ‖ΔR‖=4.090e+01  ‖Δu‖=7.138e+00)
  [PT] w=4.2248  (raw=4.2973  ‖ΔR‖=2.160e+01  ‖Δu‖=5.027e+00)
  [PT] w=4.0737  (raw=2.7138  ‖ΔR‖=1.364e+01  ‖Δu‖=5.026e+00)
  [PT] w=4.1180  (raw=4.5166  ‖ΔR‖=3.207e+01  ‖Δu‖=7.101e+00)
  [PT] w=4.1665  (raw=4.6036  ‖ΔR‖=4.652e+01  ‖Δu‖=1.011e+01)
  [PT] w=4.0101  (raw=2.6022  ‖ΔR‖=2.159e+01  ‖Δu‖=8.296e+00)
  [PT] w=3.8282  (raw=2.1916  ‖ΔR‖=1.687e+01  ‖Δu‖=7.698e+00)
  [PT] w=3.8703  (raw=4.2492  ‖ΔR‖=2.962e+01  ‖Δu‖=6.970e+00)
[Adam] ep=  740  total=5.375e-01  PDE=1.214e-01 [colloc=9.871e-02, cfd=2.271e-02] (w=2.955)  IN=4.040e-02 (w=1.257)  TB=1.068e-02 (w=0.725)  WALL=5.216e-16 (w=0.200)  OUT=7.893e-04 (w=0.213)  DATA=3.049e-02 (w=3.937)
  [PT] w=3.9616  (raw=4.7834  ‖ΔR‖=4.152e+01  ‖Δu‖=8.680e+00)
  [PT] w=3.8412  (raw=2.7576  ‖ΔR‖=3.193e+01  ‖Δu‖=1.158e+01)
  [PT] w=3.6710  (raw=2.1390  ‖ΔR‖=2.185e+01  ‖Δu‖=1.021e+01)
  [PT] w=3.6663  (raw=3.6235  ‖ΔR‖=2.746e+01  ‖Δu‖=7.577e+00)
  [PT] w=3.7924  (raw=4.9272  ‖ΔR‖=4.031e+01  ‖Δu‖=8.181e+00)
  [PT] w=3.6499  (raw=2.3674  ‖ΔR‖=3.147e+01  ‖Δu‖=1.329e+01)
  [PT] w=3.4814  (raw=1.9657  ‖ΔR‖=2.660e+01  ‖Δu‖=1.353e+01)
  [PT] w=3.4254  (raw=2.9210  ‖ΔR‖=2.512e+01  ‖Δu‖=8.601e+00)
  [PT] w=3.4148  (raw=3.3193  ‖ΔR‖=2.329e+01  ‖Δu‖=7.017e+00)
  [PT] w=3.2497  (raw=1.7637  ‖ΔR‖=2.959e+01  ‖Δu‖=1.678e+01)
  [PT] w=3.1056  (raw=1.8093  ‖ΔR‖=3.072e+01  ‖Δu‖=1.698e+01)
  [PT] w=3.1487  (raw=3.5362  ‖ΔR‖=2.080e+01  ‖Δu‖=5.881e+00)
  [PT] w=3.0750  (raw=2.4113  ‖ΔR‖=2.458e+01  ‖Δu‖=1.019e+01)
  [PT] w=2.9676  (raw=2.0009  ‖ΔR‖=3.396e+01  ‖Δu‖=1.697e+01)
  [PT] w=2.9815  (raw=3.1075  ‖ΔR‖=1.483e+01  ‖Δu‖=4.774e+00)
  [PT] w=2.8390  (raw=1.5561  ‖ΔR‖=1.672e+01  ‖Δu‖=1.074e+01)
  [PT] w=2.7333  (raw=1.7822  ‖ΔR‖=3.192e+01  ‖Δu‖=1.791e+01)
  [PT] w=2.8199  (raw=3.5987  ‖ΔR‖=8.684e+00  ‖Δu‖=2.413e+00)
  [PT] w=2.7197  (raw=1.8178  ‖ΔR‖=2.415e+01  ‖Δu‖=1.328e+01)
  [PT] w=2.6368  (raw=1.8907  ‖ΔR‖=2.718e+01  ‖Δu‖=1.438e+01)
[Adam] ep=  760  total=1.771e-01  PDE=2.363e-02 [colloc=2.129e-02, cfd=2.338e-03] (w=2.582)  IN=3.136e-02 (w=1.414)  TB=1.268e-02 (w=0.880)  WALL=3.116e-16 (w=0.200)  OUT=7.746e-04 (w=0.218)  DATA=1.370e-02 (w=4.413)
  [PT] w=2.7303  (raw=3.5722  ‖ΔR‖=9.992e+00  ‖Δu‖=2.797e+00)
  [PT] w=2.6788  (raw=2.2150  ‖ΔR‖=2.271e+01  ‖Δu‖=1.025e+01)
  [PT] w=2.6183  (raw=2.0745  ‖ΔR‖=2.550e+01  ‖Δu‖=1.229e+01)
  [PT] w=2.7881  (raw=4.3156  ‖ΔR‖=1.924e+01  ‖Δu‖=4.457e+00)
  [PT] w=2.6859  (raw=1.7661  ‖ΔR‖=1.846e+01  ‖Δu‖=1.045e+01)
  [PT] w=2.6192  (raw=2.0195  ‖ΔR‖=2.101e+01  ‖Δu‖=1.040e+01)
  [PT] w=2.6652  (raw=3.0792  ‖ΔR‖=1.876e+01  ‖Δu‖=6.092e+00)
  [PT] w=2.5585  (raw=1.5979  ‖ΔR‖=1.807e+01  ‖Δu‖=1.131e+01)
  [PT] w=2.5208  (raw=2.1815  ‖ΔR‖=1.527e+01  ‖Δu‖=6.999e+00)
  [PT] w=2.5192  (raw=2.5046  ‖ΔR‖=2.324e+01  ‖Δu‖=9.280e+00)
  [PT] w=2.4959  (raw=2.2861  ‖ΔR‖=1.628e+01  ‖Δu‖=7.123e+00)
  [PT] w=2.5148  (raw=2.6853  ‖ΔR‖=1.225e+01  ‖Δu‖=4.561e+00)
  [PT] w=2.4817  (raw=2.1839  ‖ΔR‖=3.127e+01  ‖Δu‖=1.432e+01)
  [PT] w=2.4314  (raw=1.9782  ‖ΔR‖=1.217e+01  ‖Δu‖=6.154e+00)
  [PT] w=2.4957  (raw=3.0744  ‖ΔR‖=1.740e+01  ‖Δu‖=5.660e+00)
  [PT] w=2.4192  (raw=1.7305  ‖ΔR‖=3.127e+01  ‖Δu‖=1.807e+01)
  [PT] w=2.3351  (raw=1.5788  ‖ΔR‖=1.237e+01  ‖Δu‖=7.834e+00)
  [PT] w=2.3061  (raw=2.0452  ‖ΔR‖=1.215e+01  ‖Δu‖=5.943e+00)
  [PT] w=2.2575  (raw=1.8194  ‖ΔR‖=3.511e+01  ‖Δu‖=1.930e+01)
  [PT] w=2.3046  (raw=2.7289  ‖ΔR‖=1.500e+01  ‖Δu‖=5.498e+00)
[Adam] ep=  780  total=2.186e-01  PDE=5.183e-02 [colloc=4.953e-02, cfd=2.293e-03] (w=2.553)  IN=1.681e-02 (w=1.435)  TB=8.003e-03 (w=0.842)  WALL=1.485e-15 (w=0.200)  OUT=9.591e-04 (w=0.251)  DATA=1.223e-02 (w=4.507)
  [PT] w=2.2751  (raw=2.0095  ‖ΔR‖=1.690e+01  ‖Δu‖=8.409e+00)
  [PT] w=2.2390  (raw=1.9138  ‖ΔR‖=2.812e+01  ‖Δu‖=1.469e+01)
  [PT] w=2.5016  (raw=4.8656  ‖ΔR‖=1.842e+01  ‖Δu‖=3.785e+00)
  [PT] w=2.4351  (raw=1.8363  ‖ΔR‖=7.863e+00  ‖Δu‖=4.282e+00)
  [PT] w=2.6065  (raw=4.1487  ‖ΔR‖=2.894e+01  ‖Δu‖=6.976e+00)
  [PT] w=2.5002  (raw=1.5443  ‖ΔR‖=6.830e+00  ‖Δu‖=4.423e+00)
  [PT] w=3.3074  (raw=10.5723  ‖ΔR‖=2.626e+01  ‖Δu‖=2.484e+00)
  [PT] w=3.1563  (raw=1.7961  ‖ΔR‖=1.288e+01  ‖Δu‖=7.174e+00)
  [PT] w=3.3313  (raw=4.9066  ‖ΔR‖=2.639e+01  ‖Δu‖=5.379e+00)
  [PT] w=3.1912  (raw=1.9300  ‖ΔR‖=4.271e+00  ‖Δu‖=2.213e+00)
  [PT] w=3.4197  (raw=5.4766  ‖ΔR‖=2.704e+01  ‖Δu‖=4.937e+00)
  [PT] w=3.2963  (raw=2.1851  ‖ΔR‖=6.572e+00  ‖Δu‖=3.007e+00)
  [PT] w=3.4850  (raw=5.1832  ‖ΔR‖=2.622e+01  ‖Δu‖=5.058e+00)
  [PT] w=3.3010  (raw=1.6455  ‖ΔR‖=6.436e+00  ‖Δu‖=3.911e+00)
  [PT] w=3.4484  (raw=4.7751  ‖ΔR‖=2.023e+01  ‖Δu‖=4.236e+00)
  [PT] w=3.2932  (raw=1.8957  ‖ΔR‖=2.080e+01  ‖Δu‖=1.097e+01)
  [PT] w=3.1766  (raw=2.1278  ‖ΔR‖=1.097e+01  ‖Δu‖=5.157e+00)
  [PT] w=3.1102  (raw=2.5120  ‖ΔR‖=2.594e+01  ‖Δu‖=1.033e+01)
  [PT] w=2.9994  (raw=2.0022  ‖ΔR‖=1.539e+01  ‖Δu‖=7.689e+00)
  [PT] w=3.1023  (raw=4.0284  ‖ΔR‖=1.967e+01  ‖Δu‖=4.883e+00)
[Adam] ep=  800  total=1.993e-01  PDE=2.708e-02 [colloc=2.486e-02, cfd=2.217e-03] (w=2.533)  IN=2.780e-02 (w=1.443)  TB=8.190e-03 (w=0.868)  WALL=2.303e-16 (w=0.200)  OUT=6.984e-04 (w=0.252)  DATA=1.864e-02 (w=4.473)
  [PT] w=2.9720  (raw=1.7994  ‖ΔR‖=1.629e+01  ‖Δu‖=9.051e+00)
  [PT] w=4.0409  (raw=13.6614  ‖ΔR‖=3.229e+01  ‖Δu‖=2.364e+00)
  [PT] w=3.9340  (raw=2.9714  ‖ΔR‖=8.925e+00  ‖Δu‖=3.004e+00)
  [PT] w=3.8983  (raw=3.5773  ‖ΔR‖=2.110e+01  ‖Δu‖=5.899e+00)
  [PT] w=4.2625  (raw=7.5401  ‖ΔR‖=4.625e+01  ‖Δu‖=6.134e+00)
  [PT] w=4.3284  (raw=4.9214  ‖ΔR‖=2.236e+01  ‖Δu‖=4.544e+00)
  [PT] w=4.0971  (raw=2.0158  ‖ΔR‖=1.351e+01  ‖Δu‖=6.703e+00)
  [PT] w=3.9987  (raw=3.1132  ‖ΔR‖=2.689e+01  ‖Δu‖=8.637e+00)
  [PT] w=4.0300  (raw=4.3112  ‖ΔR‖=3.962e+01  ‖Δu‖=9.189e+00)
  [PT] w=3.9584  (raw=3.3142  ‖ΔR‖=3.034e+01  ‖Δu‖=9.155e+00)
  [PT] w=3.7971  (raw=2.3458  ‖ΔR‖=1.941e+01  ‖Δu‖=8.273e+00)
  [PT] w=3.7354  (raw=3.1795  ‖ΔR‖=2.194e+01  ‖Δu‖=6.901e+00)
  [PT] w=3.9203  (raw=5.5848  ‖ΔR‖=3.654e+01  ‖Δu‖=6.542e+00)
  [PT] w=3.9027  (raw=3.7436  ‖ΔR‖=3.138e+01  ‖Δu‖=8.383e+00)
  [PT] w=3.7352  (raw=2.2279  ‖ΔR‖=2.180e+01  ‖Δu‖=9.783e+00)
  [PT] w=3.6113  (raw=2.4959  ‖ΔR‖=2.420e+01  ‖Δu‖=9.695e+00)
  [PT] w=3.6967  (raw=4.4655  ‖ΔR‖=2.941e+01  ‖Δu‖=6.586e+00)
  [PT] w=3.7478  (raw=4.2080  ‖ΔR‖=2.756e+01  ‖Δu‖=6.550e+00)
  [PT] w=3.6068  (raw=2.3381  ‖ΔR‖=2.330e+01  ‖Δu‖=9.967e+00)
  [PT] w=3.4420  (raw=1.9587  ‖ΔR‖=1.990e+01  ‖Δu‖=1.016e+01)
[Adam] ep=  820  total=3.718e-01  PDE=7.516e-02 [colloc=6.500e-02, cfd=1.016e-02] (w=2.776)  IN=3.381e-02 (w=1.283)  TB=1.320e-02 (w=0.758)  WALL=8.749e-16 (w=0.200)  OUT=6.148e-04 (w=0.200)  DATA=2.387e-02 (w=4.592)
  [PT] w=3.4489  (raw=3.5110  ‖ΔR‖=2.856e+01  ‖Δu‖=8.135e+00)
  [PT] w=3.7466  (raw=6.4259  ‖ΔR‖=3.916e+01  ‖Δu‖=6.094e+00)
  [PT] w=3.7252  (raw=3.5323  ‖ΔR‖=2.492e+01  ‖Δu‖=7.056e+00)
  [PT] w=3.5799  (raw=2.2725  ‖ΔR‖=1.787e+01  ‖Δu‖=7.863e+00)
  [PT] w=3.5136  (raw=2.9173  ‖ΔR‖=2.240e+01  ‖Δu‖=7.680e+00)
  [PT] w=3.6375  (raw=4.7523  ‖ΔR‖=3.281e+01  ‖Δu‖=6.903e+00)
  [PT] w=3.6146  (raw=3.4089  ‖ΔR‖=3.232e+01  ‖Δu‖=9.482e+00)
  [PT] w=3.4938  (raw=2.4064  ‖ΔR‖=1.929e+01  ‖Δu‖=8.018e+00)
  [PT] w=3.3684  (raw=2.2393  ‖ΔR‖=1.379e+01  ‖Δu‖=6.157e+00)
  [PT] w=3.4338  (raw=4.0229  ‖ΔR‖=2.785e+01  ‖Δu‖=6.923e+00)
  [PT] w=3.4043  (raw=3.1382  ‖ΔR‖=3.826e+01  ‖Δu‖=1.219e+01)
  [PT] w=3.2407  (raw=1.7682  ‖ΔR‖=1.817e+01  ‖Δu‖=1.027e+01)
  [PT] w=3.0867  (raw=1.7012  ‖ΔR‖=1.311e+01  ‖Δu‖=7.706e+00)
  [PT] w=3.1830  (raw=4.0496  ‖ΔR‖=1.999e+01  ‖Δu‖=4.937e+00)
  [PT] w=3.1301  (raw=2.6543  ‖ΔR‖=2.644e+01  ‖Δu‖=9.961e+00)
  [PT] w=2.9853  (raw=1.6821  ‖ΔR‖=2.667e+01  ‖Δu‖=1.586e+01)
  [PT] w=2.8781  (raw=1.9127  ‖ΔR‖=1.945e+01  ‖Δu‖=1.017e+01)
  [PT] w=3.0404  (raw=4.5019  ‖ΔR‖=1.474e+01  ‖Δu‖=3.273e+00)
  [PT] w=2.9367  (raw=2.0032  ‖ΔR‖=2.820e+01  ‖Δu‖=1.408e+01)
  [PT] w=2.8781  (raw=2.3509  ‖ΔR‖=2.798e+01  ‖Δu‖=1.190e+01)
[Adam] ep=  840  total=1.867e-01  PDE=1.752e-02 [colloc=1.567e-02, cfd=1.853e-03] (w=2.583)  IN=3.337e-02 (w=1.366)  TB=1.774e-02 (w=0.949)  WALL=1.885e-16 (w=0.200)  OUT=7.208e-04 (w=0.200)  DATA=1.776e-02 (w=4.439)
  [PT] w=2.6648  (raw=0.7450  ‖ΔR‖=3.380e+00  ‖Δu‖=4.537e+00)
  [PT] w=2.5697  (raw=1.7134  ‖ΔR‖=2.312e+01  ‖Δu‖=1.349e+01)
  [PT] w=2.4987  (raw=1.8600  ‖ΔR‖=3.178e+01  ‖Δu‖=1.708e+01)
  [PT] w=2.5311  (raw=2.8224  ‖ΔR‖=1.063e+01  ‖Δu‖=3.767e+00)
  [PT] w=2.4435  (raw=1.6555  ‖ΔR‖=1.886e+01  ‖Δu‖=1.140e+01)
  [PT] w=2.3621  (raw=1.6288  ‖ΔR‖=2.867e+01  ‖Δu‖=1.760e+01)
  [PT] w=2.3002  (raw=1.7440  ‖ΔR‖=9.993e+00  ‖Δu‖=5.730e+00)
  [PT] w=2.2566  (raw=1.8636  ‖ΔR‖=1.712e+01  ‖Δu‖=9.188e+00)
  [PT] w=2.1986  (raw=1.6769  ‖ΔR‖=2.819e+01  ‖Δu‖=1.681e+01)
  [PT] w=2.1283  (raw=1.4950  ‖ΔR‖=8.246e+00  ‖Δu‖=5.515e+00)
  [PT] w=2.1214  (raw=2.0600  ‖ΔR‖=1.991e+01  ‖Δu‖=9.664e+00)
  [PT] w=2.0740  (raw=1.6468  ‖ΔR‖=3.100e+01  ‖Δu‖=1.883e+01)
  [PT] w=1.9998  (raw=1.3323  ‖ΔR‖=8.762e+00  ‖Δu‖=6.576e+00)
  [PT] w=1.9481  (raw=1.4833  ‖ΔR‖=1.279e+01  ‖Δu‖=8.620e+00)
  [PT] w=1.9193  (raw=1.6598  ‖ΔR‖=3.110e+01  ‖Δu‖=1.874e+01)
  [PT] w=1.8693  (raw=1.4192  ‖ΔR‖=1.047e+01  ‖Δu‖=7.378e+00)
  [PT] w=1.8394  (raw=1.5703  ‖ΔR‖=1.445e+01  ‖Δu‖=9.200e+00)
  [PT] w=1.8185  (raw=1.6306  ‖ΔR‖=2.872e+01  ‖Δu‖=1.761e+01)
  [PT] w=1.8061  (raw=1.6946  ‖ΔR‖=8.241e+00  ‖Δu‖=4.863e+00)
  [PT] w=1.8122  (raw=1.8670  ‖ΔR‖=1.572e+01  ‖Δu‖=8.421e+00)
[Adam] ep=  860  total=2.603e-01  PDE=3.084e-02 [colloc=2.909e-02, cfd=1.751e-03] (w=2.484)  IN=3.254e-02 (w=1.431)  TB=6.652e-03 (w=0.829)  WALL=4.193e-16 (w=0.200)  OUT=7.695e-04 (w=0.240)  DATA=2.715e-02 (w=4.840)
  [PT] w=1.7972  (raw=1.6619  ‖ΔR‖=2.477e+01  ‖Δu‖=1.490e+01)
  [PT] w=1.8835  (raw=2.6601  ‖ΔR‖=1.674e+01  ‖Δu‖=6.291e+00)
  [PT] w=1.8976  (raw=2.0251  ‖ΔR‖=1.682e+01  ‖Δu‖=8.304e+00)
  [PT] w=1.8992  (raw=1.9131  ‖ΔR‖=1.887e+01  ‖Δu‖=9.861e+00)
  [PT] w=1.9938  (raw=2.8457  ‖ΔR‖=1.471e+01  ‖Δu‖=5.169e+00)
  [PT] w=1.9575  (raw=1.6309  ‖ΔR‖=1.968e+01  ‖Δu‖=1.207e+01)
  [PT] w=1.9576  (raw=1.9580  ‖ΔR‖=9.434e+00  ‖Δu‖=4.818e+00)
  [PT] w=1.9719  (raw=2.1008  ‖ΔR‖=1.565e+01  ‖Δu‖=7.451e+00)
  [PT] w=1.9145  (raw=1.3976  ‖ΔR‖=1.800e+01  ‖Δu‖=1.288e+01)
  [PT] w=2.0595  (raw=3.3649  ‖ΔR‖=8.504e+00  ‖Δu‖=2.527e+00)
  [PT] w=2.0220  (raw=1.6842  ‖ΔR‖=1.869e+01  ‖Δu‖=1.110e+01)
  [PT] w=1.9878  (raw=1.6798  ‖ΔR‖=1.247e+01  ‖Δu‖=7.425e+00)
  [PT] w=1.9763  (raw=1.8728  ‖ΔR‖=1.386e+01  ‖Δu‖=7.398e+00)
  [PT] w=1.9846  (raw=2.0599  ‖ΔR‖=1.304e+01  ‖Δu‖=6.329e+00)
  [PT] w=1.9697  (raw=1.8357  ‖ΔR‖=1.825e+01  ‖Δu‖=9.940e+00)
  [PT] w=1.9159  (raw=1.4312  ‖ΔR‖=8.556e+00  ‖Δu‖=5.978e+00)
  [PT] w=2.0184  (raw=2.9412  ‖ΔR‖=1.909e+01  ‖Δu‖=6.490e+00)
  [PT] w=1.9872  (raw=1.7062  ‖ΔR‖=1.389e+01  ‖Δu‖=8.141e+00)
  [PT] w=1.9197  (raw=1.3123  ‖ΔR‖=8.100e+00  ‖Δu‖=6.173e+00)
  [PT] w=1.9464  (raw=2.1864  ‖ΔR‖=2.269e+01  ‖Δu‖=1.038e+01)
[Adam] ep=  880  total=1.490e-01  PDE=2.167e-02 [colloc=2.014e-02, cfd=1.535e-03] (w=2.504)  IN=1.991e-02 (w=1.423)  TB=6.749e-03 (w=0.865)  WALL=2.464e-16 (w=0.200)  OUT=6.893e-04 (w=0.268)  DATA=1.290e-02 (w=4.683)
  [PT] w=1.9725  (raw=2.2072  ‖ΔR‖=7.173e+00  ‖Δu‖=3.250e+00)
  [PT] w=1.9488  (raw=1.7359  ‖ΔR‖=1.437e+01  ‖Δu‖=8.277e+00)
  [PT] w=2.0292  (raw=2.7528  ‖ΔR‖=2.293e+01  ‖Δu‖=8.328e+00)
  [PT] w=2.1441  (raw=3.1785  ‖ΔR‖=1.307e+01  ‖Δu‖=4.111e+00)
  [PT] w=2.3672  (raw=4.3750  ‖ΔR‖=1.827e+01  ‖Δu‖=4.175e+00)
  [PT] w=2.3768  (raw=2.4633  ‖ΔR‖=1.708e+01  ‖Δu‖=6.935e+00)
  [PT] w=2.3668  (raw=2.2762  ‖ΔR‖=1.801e+01  ‖Δu‖=7.910e+00)
  [PT] w=2.3674  (raw=2.3730  ‖ΔR‖=1.576e+01  ‖Δu‖=6.642e+00)
  [PT] w=2.4931  (raw=3.6245  ‖ΔR‖=1.356e+01  ‖Δu‖=3.742e+00)
  [PT] w=2.4143  (raw=1.7050  ‖ΔR‖=1.236e+01  ‖Δu‖=7.250e+00)
  [PT] w=2.4936  (raw=3.2069  ‖ΔR‖=2.247e+01  ‖Δu‖=7.007e+00)
  [PT] w=2.4898  (raw=2.4560  ‖ΔR‖=1.199e+01  ‖Δu‖=4.882e+00)
  [PT] w=2.5012  (raw=2.6041  ‖ΔR‖=2.426e+01  ‖Δu‖=9.316e+00)
  [PT] w=2.2977  (raw=0.4655  ‖ΔR‖=4.144e+00  ‖Δu‖=8.903e+00)
  [PT] w=2.4030  (raw=3.3512  ‖ΔR‖=2.496e+01  ‖Δu‖=7.449e+00)
  [PT] w=2.4258  (raw=2.6306  ‖ΔR‖=1.454e+01  ‖Δu‖=5.527e+00)
  [PT] w=2.4184  (raw=2.3523  ‖ΔR‖=1.549e+01  ‖Δu‖=6.585e+00)
  [PT] w=2.4233  (raw=2.4674  ‖ΔR‖=2.962e+01  ‖Δu‖=1.201e+01)
  [PT] w=2.3331  (raw=1.5212  ‖ΔR‖=1.254e+01  ‖Δu‖=8.244e+00)
  [PT] w=2.6749  (raw=5.7508  ‖ΔR‖=2.778e+01  ‖Δu‖=4.831e+00)
[Adam] ep=  900  total=2.623e-01  PDE=5.850e-02 [colloc=5.264e-02, cfd=5.868e-03] (w=2.709)  IN=1.521e-02 (w=1.299)  TB=8.678e-03 (w=0.816)  WALL=1.270e-15 (w=0.200)  OUT=6.700e-04 (w=0.267)  DATA=1.674e-02 (w=4.585)
  [PT] w=2.7256  (raw=3.1820  ‖ΔR‖=1.905e+01  ‖Δu‖=5.987e+00)
  [PT] w=2.7386  (raw=2.8558  ‖ΔR‖=1.798e+01  ‖Δu‖=6.297e+00)
  [PT] w=2.8975  (raw=4.3277  ‖ΔR‖=3.631e+01  ‖Δu‖=8.391e+00)
  [PT] w=2.7945  (raw=1.8670  ‖ΔR‖=1.496e+01  ‖Δu‖=8.014e+00)
  [PT] w=2.6507  (raw=1.3567  ‖ΔR‖=1.046e+01  ‖Δu‖=7.710e+00)
  [PT] w=2.7826  (raw=3.9694  ‖ΔR‖=3.036e+01  ‖Δu‖=7.648e+00)
  [PT] w=2.9369  (raw=4.3261  ‖ΔR‖=3.385e+01  ‖Δu‖=7.824e+00)
  [PT] w=2.8418  (raw=1.9853  ‖ΔR‖=1.354e+01  ‖Δu‖=6.822e+00)
  [PT] w=2.8676  (raw=3.0997  ‖ΔR‖=1.878e+01  ‖Δu‖=6.060e+00)
  [PT] w=3.0710  (raw=4.9024  ‖ΔR‖=3.715e+01  ‖Δu‖=7.577e+00)
  [PT] w=3.1006  (raw=3.3668  ‖ΔR‖=2.923e+01  ‖Δu‖=8.682e+00)
  [PT] w=3.1007  (raw=3.1014  ‖ΔR‖=1.928e+01  ‖Δu‖=6.215e+00)
  [PT] w=3.5060  (raw=7.1535  ‖ΔR‖=2.650e+01  ‖Δu‖=3.704e+00)
  [PT] w=3.7033  (raw=5.4789  ‖ΔR‖=3.106e+01  ‖Δu‖=5.668e+00)
  [PT] w=3.6862  (raw=3.5328  ‖ΔR‖=2.601e+01  ‖Δu‖=7.362e+00)
  [PT] w=3.6250  (raw=3.0737  ‖ΔR‖=2.316e+01  ‖Δu‖=7.536e+00)
  [PT] w=3.6829  (raw=4.2044  ‖ΔR‖=2.833e+01  ‖Δu‖=6.737e+00)
  [PT] w=3.7722  (raw=4.5754  ‖ΔR‖=3.214e+01  ‖Δu‖=7.025e+00)
  [PT] w=3.7464  (raw=3.5146  ‖ΔR‖=2.251e+01  ‖Δu‖=6.404e+00)
  [PT] w=3.6189  (raw=2.4709  ‖ΔR‖=1.452e+01  ‖Δu‖=5.876e+00)
[Adam] ep=  920  total=4.823e-01  PDE=1.235e-01 [colloc=9.348e-02, cfd=3.001e-02] (w=2.975)  IN=2.030e-02 (w=1.134)  TB=1.102e-02 (w=0.731)  WALL=2.134e-15 (w=0.200)  OUT=1.326e-03 (w=0.219)  DATA=1.910e-02 (w=4.381)
  [PT] w=3.5868  (raw=3.2981  ‖ΔR‖=2.251e+01  ‖Δu‖=6.825e+00)
  [PT] w=3.6498  (raw=4.2169  ‖ΔR‖=3.546e+01  ‖Δu‖=8.409e+00)
  [PT] w=3.6447  (raw=3.5989  ‖ΔR‖=2.759e+01  ‖Δu‖=7.667e+00)
  [PT] w=3.5251  (raw=2.4484  ‖ΔR‖=1.677e+01  ‖Δu‖=6.850e+00)
  [PT] w=3.4117  (raw=2.3912  ‖ΔR‖=1.483e+01  ‖Δu‖=6.202e+00)
  [PT] w=3.4257  (raw=3.5520  ‖ΔR‖=2.291e+01  ‖Δu‖=6.450e+00)
  [PT] w=3.4145  (raw=3.3132  ‖ΔR‖=3.485e+01  ‖Δu‖=1.052e+01)
  [PT] w=3.3322  (raw=2.5923  ‖ΔR‖=2.572e+01  ‖Δu‖=9.921e+00)
  [PT] w=3.2189  (raw=2.1990  ‖ΔR‖=1.352e+01  ‖Δu‖=6.151e+00)
  [PT] w=3.4456  (raw=5.4857  ‖ΔR‖=1.909e+01  ‖Δu‖=3.480e+00)
  [PT] w=3.5522  (raw=4.5114  ‖ΔR‖=3.122e+01  ‖Δu‖=6.921e+00)
  [PT] w=3.4852  (raw=2.8829  ‖ΔR‖=2.597e+01  ‖Δu‖=9.009e+00)
  [PT] w=3.3818  (raw=2.4510  ‖ΔR‖=1.759e+01  ‖Δu‖=7.175e+00)
  [PT] w=3.4197  (raw=3.7606  ‖ΔR‖=1.594e+01  ‖Δu‖=4.239e+00)
  [PT] w=3.4506  (raw=3.7285  ‖ΔR‖=2.281e+01  ‖Δu‖=6.119e+00)
  [PT] w=3.3106  (raw=2.0507  ‖ΔR‖=2.672e+01  ‖Δu‖=1.303e+01)
  [PT] w=3.1416  (raw=1.6211  ‖ΔR‖=1.772e+01  ‖Δu‖=1.093e+01)
  [PT] w=3.0954  (raw=2.6787  ‖ΔR‖=1.531e+01  ‖Δu‖=5.716e+00)
  [PT] w=3.1834  (raw=3.9756  ‖ΔR‖=2.740e+01  ‖Δu‖=6.893e+00)
  [PT] w=3.0535  (raw=1.8845  ‖ΔR‖=2.702e+01  ‖Δu‖=1.434e+01)
[Adam] ep=  940  total=2.096e-01  PDE=3.604e-02 [colloc=3.465e-02, cfd=1.398e-03] (w=2.740)  IN=1.968e-02 (w=1.245)  TB=1.398e-02 (w=0.914)  WALL=8.271e-16 (w=0.200)  OUT=8.627e-04 (w=0.216)  DATA=1.652e-02 (w=4.439)
  [PT] w=2.9002  (raw=1.5204  ‖ΔR‖=1.836e+01  ‖Δu‖=1.207e+01)
  [PT] w=2.8734  (raw=2.6327  ‖ΔR‖=1.606e+01  ‖Δu‖=6.101e+00)
  [PT] w=2.8515  (raw=2.6542  ‖ΔR‖=2.331e+01  ‖Δu‖=8.782e+00)
  [PT] w=2.7477  (raw=1.8137  ‖ΔR‖=2.385e+01  ‖Δu‖=1.315e+01)
  [PT] w=2.7049  (raw=2.3190  ‖ΔR‖=2.095e+01  ‖Δu‖=9.034e+00)
  [PT] w=2.8452  (raw=4.1079  ‖ΔR‖=1.949e+01  ‖Δu‖=4.745e+00)
  [PT] w=2.7306  (raw=1.6992  ‖ΔR‖=1.752e+01  ‖Δu‖=1.031e+01)
  [PT] w=2.6933  (raw=2.3583  ‖ΔR‖=2.163e+01  ‖Δu‖=9.170e+00)
  [PT] w=2.7379  (raw=3.1384  ‖ΔR‖=1.562e+01  ‖Δu‖=4.976e+00)
  [PT] w=2.5769  (raw=1.1281  ‖ΔR‖=9.758e+00  ‖Δu‖=8.650e+00)
  [PT] w=2.6595  (raw=3.4030  ‖ΔR‖=2.398e+01  ‖Δu‖=7.048e+00)
  [PT] w=2.6729  (raw=2.7938  ‖ΔR‖=7.165e+00  ‖Δu‖=2.565e+00)
  [PT] w=2.7070  (raw=3.0138  ‖ΔR‖=1.670e+01  ‖Δu‖=5.541e+00)
  [PT] w=3.0060  (raw=5.6974  ‖ΔR‖=2.826e+01  ‖Δu‖=4.961e+00)
  [PT] w=2.8891  (raw=1.8370  ‖ΔR‖=8.274e+00  ‖Δu‖=4.504e+00)
  [PT] w=2.9316  (raw=3.3135  ‖ΔR‖=1.791e+01  ‖Δu‖=5.404e+00)
  [PT] w=3.1800  (raw=5.4155  ‖ΔR‖=3.366e+01  ‖Δu‖=6.216e+00)
  [PT] w=3.2571  (raw=3.9507  ‖ΔR‖=1.765e+01  ‖Δu‖=4.468e+00)
  [PT] w=3.2154  (raw=2.8410  ‖ΔR‖=1.234e+01  ‖Δu‖=4.343e+00)
  [PT] w=3.3355  (raw=4.4163  ‖ΔR‖=2.459e+01  ‖Δu‖=5.567e+00)
[Adam] ep=  960  total=3.349e-01  PDE=7.314e-02 [colloc=5.095e-02, cfd=2.219e-02] (w=2.742)  IN=2.374e-02 (w=1.305)  TB=6.185e-03 (w=0.792)  WALL=5.290e-16 (w=0.200)  OUT=6.130e-04 (w=0.223)  DATA=2.173e-02 (w=4.526)
  [PT] w=3.4324  (raw=4.3039  ‖ΔR‖=3.016e+01  ‖Δu‖=7.007e+00)
  [PT] w=3.4479  (raw=3.5879  ‖ΔR‖=2.021e+01  ‖Δu‖=5.634e+00)
  [PT] w=3.4644  (raw=3.6130  ‖ΔR‖=1.667e+01  ‖Δu‖=4.613e+00)
  [PT] w=3.5742  (raw=4.5626  ‖ΔR‖=2.389e+01  ‖Δu‖=5.237e+00)
  [PT] w=3.6519  (raw=4.3503  ‖ΔR‖=2.770e+01  ‖Δu‖=6.366e+00)
  [PT] w=3.6398  (raw=3.5318  ‖ΔR‖=2.167e+01  ‖Δu‖=6.135e+00)
  [PT] w=3.5914  (raw=3.1549  ‖ΔR‖=1.728e+01  ‖Δu‖=5.476e+00)
  [PT] w=3.6547  (raw=4.2246  ‖ΔR‖=2.213e+01  ‖Δu‖=5.238e+00)
  [PT] w=3.7554  (raw=4.6623  ‖ΔR‖=3.028e+01  ‖Δu‖=6.495e+00)
  [PT] w=3.7697  (raw=3.8980  ‖ΔR‖=2.295e+01  ‖Δu‖=5.888e+00)
  [PT] w=3.7107  (raw=3.1802  ‖ΔR‖=1.421e+01  ‖Δu‖=4.468e+00)
  [PT] w=3.7195  (raw=3.7981  ‖ΔR‖=1.850e+01  ‖Δu‖=4.872e+00)
  [PT] w=3.7769  (raw=4.2933  ‖ΔR‖=2.987e+01  ‖Δu‖=6.957e+00)
  [PT] w=3.7456  (raw=3.4641  ‖ΔR‖=2.604e+01  ‖Δu‖=7.516e+00)
  [PT] w=3.5978  (raw=2.2679  ‖ΔR‖=1.519e+01  ‖Δu‖=6.697e+00)
  [PT] w=3.4446  (raw=2.0660  ‖ΔR‖=1.230e+01  ‖Δu‖=5.953e+00)
  [PT] w=3.4670  (raw=3.6680  ‖ΔR‖=2.125e+01  ‖Δu‖=5.793e+00)
  [PT] w=3.4654  (raw=3.4509  ‖ΔR‖=3.349e+01  ‖Δu‖=9.703e+00)
  [PT] w=3.3985  (raw=2.7970  ‖ΔR‖=2.138e+01  ‖Δu‖=7.645e+00)
  [PT] w=3.2546  (raw=1.9589  ‖ΔR‖=1.038e+01  ‖Δu‖=5.300e+00)
[Adam] ep=  980  total=4.089e-01  PDE=1.017e-01 [colloc=7.101e-02, cfd=3.066e-02] (w=2.838)  IN=2.114e-02 (w=1.231)  TB=1.409e-02 (w=0.818)  WALL=8.431e-16 (w=0.200)  OUT=9.713e-04 (w=0.209)  DATA=1.892e-02 (w=4.367)
  [PT] w=3.2291  (raw=2.9994  ‖ΔR‖=1.795e+01  ‖Δu‖=5.985e+00)
  [PT] w=3.2236  (raw=3.1749  ‖ΔR‖=2.938e+01  ‖Δu‖=9.253e+00)
  [PT] w=3.1800  (raw=2.7874  ‖ΔR‖=2.660e+01  ‖Δu‖=9.544e+00)
  [PT] w=3.1332  (raw=2.7118  ‖ΔR‖=1.703e+01  ‖Δu‖=6.281e+00)
  [PT] w=3.1622  (raw=3.4231  ‖ΔR‖=1.124e+01  ‖Δu‖=3.285e+00)
  [PT] w=3.1111  (raw=2.6509  ‖ΔR‖=1.903e+01  ‖Δu‖=7.179e+00)
  [PT] w=3.0143  (raw=2.1435  ‖ΔR‖=2.912e+01  ‖Δu‖=1.359e+01)
  [PT] w=2.9041  (raw=1.9126  ‖ΔR‖=2.080e+01  ‖Δu‖=1.088e+01)
  [PT] w=2.9073  (raw=2.9357  ‖ΔR‖=1.436e+01  ‖Δu‖=4.892e+00)
  [PT] w=2.9736  (raw=3.5705  ‖ΔR‖=2.368e+01  ‖Δu‖=6.632e+00)
  [PT] w=2.8972  (raw=2.2096  ‖ΔR‖=2.689e+01  ‖Δu‖=1.217e+01)
  [PT] w=2.7965  (raw=1.8901  ‖ΔR‖=1.878e+01  ‖Δu‖=9.936e+00)
  [PT] w=2.8293  (raw=3.1249  ‖ΔR‖=1.424e+01  ‖Δu‖=4.558e+00)
  [PT] w=2.8866  (raw=3.4024  ‖ΔR‖=2.217e+01  ‖Δu‖=6.515e+00)
  [PT] w=2.7985  (raw=2.0052  ‖ΔR‖=2.506e+01  ‖Δu‖=1.250e+01)
  [PT] w=2.7037  (raw=1.8502  ‖ΔR‖=1.662e+01  ‖Δu‖=8.985e+00)
  [PT] w=2.8322  (raw=3.9888  ‖ΔR‖=1.625e+01  ‖Δu‖=4.075e+00)
  [PT] w=2.7649  (raw=2.1595  ‖ΔR‖=2.441e+01  ‖Δu‖=1.130e+01)
  [PT] w=2.6444  (raw=1.5596  ‖ΔR‖=2.089e+01  ‖Δu‖=1.340e+01)
  [PT] w=2.5820  (raw=2.0206  ‖ΔR‖=1.378e+01  ‖Δu‖=6.821e+00)
[Adam] ep= 1000  total=2.325e-01  PDE=2.381e-02 [colloc=1.931e-02, cfd=4.500e-03] (w=2.631)  IN=3.461e-02 (w=1.305)  TB=1.075e-02 (w=0.913)  WALL=1.323e-16 (w=0.200)  OUT=8.790e-04 (w=0.232)  DATA=2.483e-02 (w=4.618)
  [PT] w=2.5206  (raw=1.9677  ‖ΔR‖=1.346e+01  ‖Δu‖=6.840e+00)
  [PT] w=2.4043  (raw=1.3576  ‖ΔR‖=2.272e+01  ‖Δu‖=1.674e+01)
  [PT] w=2.3379  (raw=1.7403  ‖ΔR‖=1.947e+01  ‖Δu‖=1.119e+01)
  [PT] w=2.4438  (raw=3.3968  ‖ΔR‖=1.098e+01  ‖Δu‖=3.234e+00)
  [PT] w=2.3868  (raw=1.8737  ‖ΔR‖=2.230e+01  ‖Δu‖=1.190e+01)
  [PT] w=2.4572  (raw=3.0908  ‖ΔR‖=2.292e+01  ‖Δu‖=7.414e+00)
  [PT] w=2.3326  (raw=1.2115  ‖ΔR‖=6.115e+00  ‖Δu‖=5.048e+00)
  [PT] w=2.5456  (raw=4.4630  ‖ΔR‖=2.047e+01  ‖Δu‖=4.586e+00)
  [PT] w=2.6187  (raw=3.2767  ‖ΔR‖=2.247e+01  ‖Δu‖=6.857e+00)
  [PT] w=2.5064  (raw=1.4958  ‖ΔR‖=1.084e+01  ‖Δu‖=7.246e+00)
  [PT] w=2.5494  (raw=2.9358  ‖ΔR‖=2.035e+01  ‖Δu‖=6.933e+00)
  [PT] w=2.6574  (raw=3.6296  ‖ΔR‖=2.383e+01  ‖Δu‖=6.566e+00)
  [PT] w=2.6245  (raw=2.3282  ‖ΔR‖=1.379e+01  ‖Δu‖=5.922e+00)
  [PT] w=2.6261  (raw=2.6411  ‖ΔR‖=1.382e+01  ‖Δu‖=5.232e+00)
  [PT] w=2.7072  (raw=3.4363  ‖ΔR‖=2.224e+01  ‖Δu‖=6.471e+00)
  [PT] w=2.6478  (raw=2.1135  ‖ΔR‖=1.926e+01  ‖Δu‖=9.113e+00)
  [PT] w=2.5459  (raw=1.6285  ‖ΔR‖=1.218e+01  ‖Δu‖=7.477e+00)
  [PT] w=2.6852  (raw=3.9392  ‖ΔR‖=1.776e+01  ‖Δu‖=4.508e+00)
  [PT] w=2.8170  (raw=4.0036  ‖ΔR‖=2.640e+01  ‖Δu‖=6.593e+00)
  [PT] w=2.7392  (raw=2.0383  ‖ΔR‖=1.526e+01  ‖Δu‖=7.488e+00)
[Adam] ep= 1020  total=1.938e-01  PDE=3.630e-02 [colloc=3.375e-02, cfd=2.555e-03] (w=2.659)  IN=1.623e-02 (w=1.280)  TB=9.101e-03 (w=0.873)  WALL=8.398e-16 (w=0.200)  OUT=7.806e-04 (w=0.251)  DATA=1.447e-02 (w=4.722)
  [PT] w=2.6509  (raw=1.8564  ‖ΔR‖=1.129e+01  ‖Δu‖=6.084e+00)
  [PT] w=2.8105  (raw=4.2468  ‖ΔR‖=1.864e+01  ‖Δu‖=4.389e+00)
  [PT] w=2.7968  (raw=2.6738  ‖ΔR‖=2.798e+01  ‖Δu‖=1.046e+01)
  [PT] w=2.7363  (raw=2.1919  ‖ΔR‖=1.501e+01  ‖Δu‖=6.848e+00)
  [PT] w=2.7841  (raw=3.2142  ‖ΔR‖=9.856e+00  ‖Δu‖=3.066e+00)
  [PT] w=2.7848  (raw=2.7910  ‖ΔR‖=2.097e+01  ‖Δu‖=7.513e+00)
  [PT] w=2.6791  (raw=1.7279  ‖ΔR‖=2.675e+01  ‖Δu‖=1.548e+01)
  [PT] w=2.5876  (raw=1.7638  ‖ΔR‖=1.165e+01  ‖Δu‖=6.603e+00)
  [PT] w=2.4938  (raw=1.6501  ‖ΔR‖=8.116e+00  ‖Δu‖=4.919e+00)
  [PT] w=2.3992  (raw=1.5477  ‖ΔR‖=1.996e+01  ‖Δu‖=1.290e+01)
  [PT] w=2.3464  (raw=1.8715  ‖ΔR‖=1.922e+01  ‖Δu‖=1.027e+01)
  [PT] w=2.3574  (raw=2.4564  ‖ΔR‖=1.195e+01  ‖Δu‖=4.866e+00)
  [PT] w=2.3102  (raw=1.8853  ‖ΔR‖=1.496e+01  ‖Δu‖=7.934e+00)
  [PT] w=2.3237  (raw=2.4453  ‖ΔR‖=1.346e+01  ‖Δu‖=5.504e+00)
  [PT] w=2.3277  (raw=2.3634  ‖ΔR‖=1.600e+01  ‖Δu‖=6.769e+00)
  [PT] w=2.2783  (raw=1.8334  ‖ΔR‖=1.616e+01  ‖Δu‖=8.815e+00)
  [PT] w=2.2314  (raw=1.8101  ‖ΔR‖=6.901e+00  ‖Δu‖=3.813e+00)
  [PT] w=2.1315  (raw=1.2316  ‖ΔR‖=1.506e+01  ‖Δu‖=1.223e+01)
  [PT] w=2.1446  (raw=2.2631  ‖ΔR‖=1.043e+01  ‖Δu‖=4.610e+00)
  [PT] w=2.1426  (raw=2.1242  ‖ΔR‖=1.297e+01  ‖Δu‖=6.105e+00)
[Adam] ep= 1040  total=1.443e-01  PDE=1.871e-02 [colloc=1.722e-02, cfd=1.492e-03] (w=2.482)  IN=1.893e-02 (w=1.391)  TB=6.869e-03 (w=0.899)  WALL=3.272e-16 (w=0.200)  OUT=6.303e-04 (w=0.248)  DATA=1.350e-02 (w=4.831)
  [PT] w=2.1267  (raw=1.9839  ‖ΔR‖=7.933e+00  ‖Δu‖=3.999e+00)
  [PT] w=2.2550  (raw=3.4097  ‖ΔR‖=2.371e+01  ‖Δu‖=6.953e+00)
  [PT] w=2.1820  (raw=1.5249  ‖ΔR‖=7.805e+00  ‖Δu‖=5.119e+00)
  [PT] w=2.3559  (raw=3.9209  ‖ΔR‖=1.531e+01  ‖Δu‖=3.906e+00)
  [PT] w=2.3819  (raw=2.6160  ‖ΔR‖=2.552e+01  ‖Δu‖=9.756e+00)
  [PT] w=2.3373  (raw=1.9363  ‖ΔR‖=1.455e+01  ‖Δu‖=7.515e+00)
  [PT] w=2.4464  (raw=3.4278  ‖ΔR‖=1.603e+01  ‖Δu‖=4.675e+00)
  [PT] w=2.3590  (raw=1.5724  ‖ΔR‖=2.093e+01  ‖Δu‖=1.331e+01)
  [PT] w=2.2725  (raw=1.4936  ‖ΔR‖=1.824e+01  ‖Δu‖=1.221e+01)
  [PT] w=2.3113  (raw=2.6608  ‖ΔR‖=9.737e+00  ‖Δu‖=3.660e+00)
  [PT] w=2.2273  (raw=1.4711  ‖ΔR‖=1.865e+01  ‖Δu‖=1.268e+01)
  [PT] w=2.2215  (raw=2.1692  ‖ΔR‖=1.819e+01  ‖Δu‖=8.384e+00)
  [PT] w=2.2277  (raw=2.2837  ‖ΔR‖=8.600e+00  ‖Δu‖=3.766e+00)
  [PT] w=2.3081  (raw=3.0321  ‖ΔR‖=2.830e+01  ‖Δu‖=9.333e+00)
  [PT] w=2.2471  (raw=1.6979  ‖ΔR‖=1.076e+01  ‖Δu‖=6.335e+00)
  [PT] w=2.3631  (raw=3.4073  ‖ΔR‖=1.301e+01  ‖Δu‖=3.818e+00)
  [PT] w=2.4090  (raw=2.8220  ‖ΔR‖=2.833e+01  ‖Δu‖=1.004e+01)
  [PT] w=2.3629  (raw=1.9480  ‖ΔR‖=1.648e+01  ‖Δu‖=8.460e+00)
  [PT] w=2.5744  (raw=4.4778  ‖ΔR‖=1.634e+01  ‖Δu‖=3.649e+00)
  [PT] w=2.5456  (raw=2.2863  ‖ΔR‖=2.454e+01  ‖Δu‖=1.073e+01)
[Adam] ep= 1060  total=1.969e-01  PDE=4.526e-02 [colloc=4.259e-02, cfd=2.671e-03] (w=2.766)  IN=1.135e-02 (w=1.263)  TB=6.136e-03 (w=0.779)  WALL=1.185e-15 (w=0.200)  OUT=5.816e-04 (w=0.272)  DATA=1.139e-02 (w=4.601)
  [PT] w=2.4329  (raw=1.4190  ‖ΔR‖=1.786e+01  ‖Δu‖=1.258e+01)
  [PT] w=2.4382  (raw=2.4860  ‖ΔR‖=1.544e+01  ‖Δu‖=6.212e+00)
  [PT] w=2.4632  (raw=2.6883  ‖ΔR‖=1.785e+01  ‖Δu‖=6.639e+00)
  [PT] w=2.3766  (raw=1.5973  ‖ΔR‖=1.701e+01  ‖Δu‖=1.065e+01)
  [PT] w=2.4893  (raw=3.5032  ‖ΔR‖=1.968e+01  ‖Δu‖=5.619e+00)
  [PT] w=2.4985  (raw=2.5816  ‖ΔR‖=1.263e+01  ‖Δu‖=4.893e+00)
  [PT] w=2.4677  (raw=2.1905  ‖ΔR‖=1.550e+01  ‖Δu‖=7.075e+00)
  [PT] w=2.7157  (raw=4.9478  ‖ΔR‖=2.433e+01  ‖Δu‖=4.918e+00)
  [PT] w=2.6448  (raw=2.0066  ‖ΔR‖=6.353e+00  ‖Δu‖=3.166e+00)
  [PT] w=2.7863  (raw=4.0597  ‖ΔR‖=1.256e+01  ‖Δu‖=3.095e+00)
  [PT] w=3.0632  (raw=5.5550  ‖ΔR‖=2.795e+01  ‖Δu‖=5.032e+00)
  [PT] w=3.0435  (raw=2.8669  ‖ΔR‖=9.621e+00  ‖Δu‖=3.356e+00)
  [PT] w=3.0256  (raw=2.8643  ‖ΔR‖=1.019e+01  ‖Δu‖=3.557e+00)
  [PT] w=3.2108  (raw=4.8770  ‖ΔR‖=2.487e+01  ‖Δu‖=5.099e+00)
  [PT] w=3.1006  (raw=2.1086  ‖ΔR‖=8.662e+00  ‖Δu‖=4.108e+00)
  [PT] w=3.0028  (raw=2.1234  ‖ΔR‖=9.338e+00  ‖Δu‖=4.398e+00)
  [PT] w=3.1275  (raw=4.2499  ‖ΔR‖=2.311e+01  ‖Δu‖=5.437e+00)
  [PT] w=3.0967  (raw=2.8188  ‖ΔR‖=8.417e+00  ‖Δu‖=2.986e+00)
  [PT] w=3.2401  (raw=4.5311  ‖ΔR‖=9.356e+00  ‖Δu‖=2.065e+00)
  [PT] w=3.3582  (raw=4.4210  ‖ΔR‖=2.242e+01  ‖Δu‖=5.072e+00)
[Adam] ep= 1080  total=1.592e-01  PDE=2.745e-02 [colloc=2.248e-02, cfd=4.962e-03] (w=2.680)  IN=1.451e-02 (w=1.299)  TB=6.603e-03 (w=0.814)  WALL=3.686e-16 (w=0.200)  OUT=6.742e-04 (w=0.259)  DATA=1.298e-02 (w=4.720)
  [PT] w=3.2925  (raw=2.7011  ‖ΔR‖=1.086e+01  ‖Δu‖=4.021e+00)
  [PT] w=3.2908  (raw=3.2755  ‖ΔR‖=9.938e+00  ‖Δu‖=3.034e+00)
  [PT] w=3.4196  (raw=4.5791  ‖ΔR‖=2.035e+01  ‖Δu‖=4.443e+00)
  [PT] w=3.3031  (raw=2.2545  ‖ΔR‖=1.125e+01  ‖Δu‖=4.990e+00)
  [PT] w=3.2185  (raw=2.4570  ‖ΔR‖=9.364e+00  ‖Δu‖=3.811e+00)
  [PT] w=3.3372  (raw=4.4053  ‖ΔR‖=2.118e+01  ‖Δu‖=4.809e+00)
  [PT] w=3.2138  (raw=2.1031  ‖ΔR‖=9.581e+00  ‖Δu‖=4.555e+00)
  [PT] w=3.1422  (raw=2.4983  ‖ΔR‖=9.181e+00  ‖Δu‖=3.675e+00)
  [PT] w=3.2113  (raw=3.8334  ‖ΔR‖=2.043e+01  ‖Δu‖=5.329e+00)
  [PT] w=3.0775  (raw=1.8732  ‖ΔR‖=9.855e+00  ‖Δu‖=5.261e+00)
  [PT] w=3.0732  (raw=3.0346  ‖ΔR‖=1.079e+01  ‖Δu‖=3.555e+00)
  [PT] w=3.0599  (raw=2.9405  ‖ΔR‖=2.183e+01  ‖Δu‖=7.423e+00)
  [PT] w=2.9322  (raw=1.7829  ‖ΔR‖=9.513e+00  ‖Δu‖=5.335e+00)
  [PT] w=3.0136  (raw=3.7457  ‖ΔR‖=1.072e+01  ‖Δu‖=2.863e+00)
  [PT] w=2.9412  (raw=2.2898  ‖ΔR‖=2.224e+01  ‖Δu‖=9.711e+00)
  [PT] w=2.8206  (raw=1.7351  ‖ΔR‖=1.170e+01  ‖Δu‖=6.744e+00)
  [PT] w=2.9389  (raw=4.0035  ‖ΔR‖=1.119e+01  ‖Δu‖=2.796e+00)
  [PT] w=2.8417  (raw=1.9674  ‖ΔR‖=2.271e+01  ‖Δu‖=1.155e+01)
  [PT] w=2.7029  (raw=1.4533  ‖ΔR‖=1.208e+01  ‖Δu‖=8.315e+00)
  [PT] w=2.7810  (raw=3.4836  ‖ΔR‖=9.800e+00  ‖Δu‖=2.813e+00)
[Adam] ep= 1100  total=1.917e-01  PDE=2.573e-02 [colloc=2.142e-02, cfd=4.302e-03] (w=2.603)  IN=2.045e-02 (w=1.307)  TB=6.618e-03 (w=0.858)  WALL=4.155e-17 (w=0.200)  OUT=4.671e-04 (w=0.255)  DATA=1.896e-02 (w=4.864)
  [PT] w=2.6874  (raw=1.8448  ‖ΔR‖=2.088e+01  ‖Δu‖=1.132e+01)
  [PT] w=2.5782  (raw=1.5957  ‖ΔR‖=1.425e+01  ‖Δu‖=8.928e+00)
  [PT] w=2.7284  (raw=4.0807  ‖ΔR‖=1.226e+01  ‖Δu‖=3.006e+00)
  [PT] w=2.6365  (raw=1.8086  ‖ΔR‖=1.962e+01  ‖Δu‖=1.085e+01)
  [PT] w=2.5671  (raw=1.9424  ‖ΔR‖=1.376e+01  ‖Δu‖=7.082e+00)
  [PT] w=2.5492  (raw=2.3883  ‖ΔR‖=1.236e+01  ‖Δu‖=5.176e+00)
  [PT] w=2.4458  (raw=1.5152  ‖ΔR‖=1.730e+01  ‖Δu‖=1.142e+01)
  [PT] w=2.4303  (raw=2.2911  ‖ΔR‖=1.179e+01  ‖Δu‖=5.147e+00)
  [PT] w=2.3828  (raw=1.9553  ‖ΔR‖=1.706e+01  ‖Δu‖=8.726e+00)
  [PT] w=2.2863  (raw=1.4176  ‖ΔR‖=1.265e+01  ‖Δu‖=8.922e+00)
  [PT] w=2.3893  (raw=3.3162  ‖ΔR‖=1.293e+01  ‖Δu‖=3.898e+00)
  [PT] w=2.3224  (raw=1.7200  ‖ΔR‖=1.649e+01  ‖Δu‖=9.589e+00)
  [PT] w=2.3073  (raw=2.1720  ‖ΔR‖=1.034e+01  ‖Δu‖=4.759e+00)
  [PT] w=2.2766  (raw=1.9997  ‖ΔR‖=1.731e+01  ‖Δu‖=8.659e+00)
  [PT] w=2.2308  (raw=1.8188  ‖ΔR‖=9.800e+00  ‖Δu‖=5.388e+00)
  [PT] w=2.2152  (raw=2.0746  ‖ΔR‖=1.365e+01  ‖Δu‖=6.582e+00)
  [PT] w=2.1442  (raw=1.5054  ‖ΔR‖=1.380e+01  ‖Δu‖=9.164e+00)
  [PT] w=2.1926  (raw=2.6284  ‖ΔR‖=9.709e+00  ‖Δu‖=3.694e+00)
  [PT] w=2.1364  (raw=1.6308  ‖ΔR‖=1.832e+01  ‖Δu‖=1.124e+01)
  [PT] w=2.0772  (raw=1.5436  ‖ΔR‖=7.535e+00  ‖Δu‖=4.882e+00)
[Adam] ep= 1120  total=1.395e-01  PDE=2.078e-02 [colloc=1.844e-02, cfd=2.337e-03] (w=2.563)  IN=1.447e-02 (w=1.314)  TB=5.624e-03 (w=0.851)  WALL=1.225e-16 (w=0.200)  OUT=4.388e-04 (w=0.251)  DATA=1.245e-02 (w=5.010)
  [PT] w=2.0940  (raw=2.2459  ‖ΔR‖=1.570e+01  ‖Δu‖=6.991e+00)
  [PT] w=2.0401  (raw=1.5552  ‖ΔR‖=1.370e+01  ‖Δu‖=8.812e+00)
  [PT] w=2.1518  (raw=3.1570  ‖ΔR‖=1.106e+01  ‖Δu‖=3.503e+00)
  [PT] w=2.0988  (raw=1.6216  ‖ΔR‖=1.640e+01  ‖Δu‖=1.011e+01)
  [PT] w=2.1615  (raw=2.7256  ‖ΔR‖=9.312e+00  ‖Δu‖=3.417e+00)
  [PT] w=2.1062  (raw=1.6085  ‖ΔR‖=1.792e+01  ‖Δu‖=1.114e+01)
  [PT] w=2.0613  (raw=1.6577  ‖ΔR‖=6.951e+00  ‖Δu‖=4.193e+00)
  [PT] w=2.0651  (raw=2.0989  ‖ΔR‖=1.719e+01  ‖Δu‖=8.188e+00)
  [PT] w=2.0097  (raw=1.5107  ‖ΔR‖=8.161e+00  ‖Δu‖=5.402e+00)
  [PT] w=2.0613  (raw=2.5264  ‖ΔR‖=1.322e+01  ‖Δu‖=5.234e+00)
  [PT] w=2.0307  (raw=1.7554  ‖ΔR‖=8.728e+00  ‖Δu‖=4.972e+00)
  [PT] w=2.0908  (raw=2.6311  ‖ΔR‖=1.319e+01  ‖Δu‖=5.012e+00)
  [PT] w=2.0458  (raw=1.6410  ‖ΔR‖=5.756e+00  ‖Δu‖=3.508e+00)
  [PT] w=2.0739  (raw=2.3267  ‖ΔR‖=1.446e+01  ‖Δu‖=6.216e+00)
  [PT] w=1.9723  (raw=1.0576  ‖ΔR‖=1.900e+00  ‖Δu‖=1.797e+00)
  [PT] w=2.0389  (raw=2.6390  ‖ΔR‖=1.522e+01  ‖Δu‖=5.768e+00)
  [PT] w=2.0631  (raw=2.2803  ‖ΔR‖=2.874e+00  ‖Δu‖=1.260e+00)
  [PT] w=2.1226  (raw=2.6589  ‖ΔR‖=1.638e+01  ‖Δu‖=6.161e+00)
  [PT] w=2.0391  (raw=1.2867  ‖ΔR‖=5.036e+00  ‖Δu‖=3.914e+00)
  [PT] w=2.0765  (raw=2.4135  ‖ΔR‖=1.470e+01  ‖Δu‖=6.092e+00)
[Adam] ep= 1140  total=1.203e-01  PDE=1.965e-02 [colloc=1.821e-02, cfd=1.445e-03] (w=2.601)  IN=1.053e-02 (w=1.294)  TB=4.148e-03 (w=0.823)  WALL=4.606e-16 (w=0.200)  OUT=4.325e-04 (w=0.261)  DATA=1.037e-02 (w=5.020)
  [PT] w=2.0132  (raw=1.4432  ‖ΔR‖=8.995e+00  ‖Δu‖=6.232e+00)
  [PT] w=2.0925  (raw=2.8065  ‖ΔR‖=1.168e+01  ‖Δu‖=4.162e+00)
  [PT] w=2.0498  (raw=1.6660  ‖ΔR‖=1.053e+01  ‖Δu‖=6.321e+00)
  [PT] w=2.1364  (raw=2.9158  ‖ΔR‖=1.060e+01  ‖Δu‖=3.634e+00)
  [PT] w=2.2132  (raw=2.9041  ‖ΔR‖=8.840e+00  ‖Δu‖=3.044e+00)
  [PT] w=2.1959  (raw=2.0398  ‖ΔR‖=1.625e+01  ‖Δu‖=7.966e+00)
  [PT] w=2.1761  (raw=1.9981  ‖ΔR‖=1.076e+01  ‖Δu‖=5.384e+00)
  [PT] w=2.1932  (raw=2.3475  ‖ΔR‖=1.145e+01  ‖Δu‖=4.877e+00)
  [PT] w=2.1604  (raw=1.8646  ‖ΔR‖=2.138e+01  ‖Δu‖=1.147e+01)
  [PT] w=2.2789  (raw=3.3453  ‖ΔR‖=6.763e+00  ‖Δu‖=2.022e+00)
  [PT] w=2.2638  (raw=2.1287  ‖ΔR‖=2.212e+01  ‖Δu‖=1.039e+01)
  [PT] w=2.2188  (raw=1.8136  ‖ΔR‖=1.427e+01  ‖Δu‖=7.866e+00)
  [PT] w=2.2585  (raw=2.6160  ‖ΔR‖=1.659e+01  ‖Δu‖=6.340e+00)
  [PT] w=2.2298  (raw=1.9707  ‖ΔR‖=1.324e+01  ‖Δu‖=6.717e+00)
  [PT] w=2.3389  (raw=3.3212  ‖ΔR‖=2.579e+01  ‖Δu‖=7.764e+00)
  [PT] w=2.2568  (raw=1.5176  ‖ΔR‖=5.495e+00  ‖Δu‖=3.621e+00)
  [PT] w=2.5470  (raw=5.1592  ‖ΔR‖=2.347e+01  ‖Δu‖=4.549e+00)
  [PT] w=2.5257  (raw=2.3339  ‖ΔR‖=1.950e+01  ‖Δu‖=8.356e+00)
  [PT] w=2.6707  (raw=3.9758  ‖ΔR‖=1.202e+01  ‖Δu‖=3.023e+00)
  [PT] w=2.7037  (raw=3.0005  ‖ΔR‖=2.870e+01  ‖Δu‖=9.566e+00)
[Adam] ep= 1160  total=1.384e-01  PDE=2.535e-02 [colloc=2.411e-02, cfd=1.238e-03] (w=2.773)  IN=8.883e-03 (w=1.213)  TB=3.367e-03 (w=0.717)  WALL=8.686e-16 (w=0.200)  OUT=3.792e-04 (w=0.239)  DATA=1.105e-02 (w=4.962)
  [PT] w=2.6596  (raw=2.2630  ‖ΔR‖=1.225e+01  ‖Δu‖=5.414e+00)
  [PT] w=2.8455  (raw=4.5182  ‖ΔR‖=1.807e+01  ‖Δu‖=3.999e+00)
  [PT] w=2.8453  (raw=2.8440  ‖ΔR‖=3.141e+01  ‖Δu‖=1.105e+01)
  [PT] w=2.8225  (raw=2.6173  ‖ΔR‖=1.500e+01  ‖Δu‖=5.733e+00)
  [PT] w=2.9267  (raw=3.8639  ‖ΔR‖=1.753e+01  ‖Δu‖=4.538e+00)
  [PT] w=2.9094  (raw=2.7545  ‖ΔR‖=3.133e+01  ‖Δu‖=1.137e+01)
  [PT] w=2.8447  (raw=2.2624  ‖ΔR‖=1.928e+01  ‖Δu‖=8.521e+00)
  [PT] w=2.9259  (raw=3.6566  ‖ΔR‖=1.282e+01  ‖Δu‖=3.507e+00)
  [PT] w=2.9565  (raw=3.2318  ‖ΔR‖=2.567e+01  ‖Δu‖=7.943e+00)
  [PT] w=2.8906  (raw=2.2970  ‖ΔR‖=2.373e+01  ‖Δu‖=1.033e+01)
  [PT] w=2.8561  (raw=2.5462  ‖ΔR‖=1.440e+01  ‖Δu‖=5.656e+00)
  [PT] w=2.9796  (raw=4.0907  ‖ΔR‖=2.156e+01  ‖Δu‖=5.271e+00)
  [PT] w=2.9283  (raw=2.4668  ‖ΔR‖=2.568e+01  ‖Δu‖=1.041e+01)
  [PT] w=2.8512  (raw=2.1570  ‖ΔR‖=1.529e+01  ‖Δu‖=7.090e+00)
  [PT] w=3.0019  (raw=4.3588  ‖ΔR‖=1.652e+01  ‖Δu‖=3.790e+00)
  [PT] w=2.9429  (raw=2.4112  ‖ΔR‖=2.631e+01  ‖Δu‖=1.091e+01)
  [PT] w=2.8341  (raw=1.8550  ‖ΔR‖=1.610e+01  ‖Δu‖=8.678e+00)
  [PT] w=2.9934  (raw=4.4271  ‖ΔR‖=1.621e+01  ‖Δu‖=3.662e+00)
  [PT] w=2.9696  (raw=2.7555  ‖ΔR‖=2.634e+01  ‖Δu‖=9.561e+00)
  [PT] w=2.8438  (raw=1.7115  ‖ΔR‖=1.605e+01  ‖Δu‖=9.380e+00)
[Adam] ep= 1180  total=1.518e-01  PDE=2.831e-02 [colloc=2.260e-02, cfd=5.709e-03] (w=2.885)  IN=1.077e-02 (w=1.146)  TB=3.919e-03 (w=0.672)  WALL=3.883e-16 (w=0.200)  OUT=4.366e-04 (w=0.223)  DATA=1.129e-02 (w=4.874)
  [PT] w=2.8342  (raw=2.7484  ‖ΔR‖=1.379e+01  ‖Δu‖=5.017e+00)
  [PT] w=2.8791  (raw=3.2826  ‖ΔR‖=2.434e+01  ‖Δu‖=7.416e+00)
  [PT] w=2.7708  (raw=1.7964  ‖ΔR‖=1.517e+01  ‖Δu‖=8.443e+00)
  [PT] w=2.7586  (raw=2.6483  ‖ΔR‖=1.368e+01  ‖Δu‖=5.165e+00)
  [PT] w=2.8564  (raw=3.7370  ‖ΔR‖=2.498e+01  ‖Δu‖=6.684e+00)
  [PT] w=2.7712  (raw=2.0041  ‖ΔR‖=1.329e+01  ‖Δu‖=6.632e+00)
  [PT] w=2.7818  (raw=2.8774  ‖ΔR‖=1.285e+01  ‖Δu‖=4.465e+00)
  [PT] w=2.8573  (raw=3.5367  ‖ΔR‖=2.556e+01  ‖Δu‖=7.227e+00)
  [PT] w=2.7638  (raw=1.9226  ‖ΔR‖=1.162e+01  ‖Δu‖=6.044e+00)
  [PT] w=2.8133  (raw=3.2589  ‖ΔR‖=1.216e+01  ‖Δu‖=3.732e+00)
  [PT] w=2.9105  (raw=3.7852  ‖ΔR‖=2.662e+01  ‖Δu‖=7.033e+00)
  [PT] w=2.8305  (raw=2.1100  ‖ΔR‖=1.042e+01  ‖Δu‖=4.938e+00)
  [PT] w=2.8951  (raw=3.4771  ‖ΔR‖=1.159e+01  ‖Δu‖=3.332e+00)
  [PT] w=2.9875  (raw=3.8185  ‖ΔR‖=2.662e+01  ‖Δu‖=6.970e+00)
  [PT] w=2.9468  (raw=2.5804  ‖ΔR‖=9.778e+00  ‖Δu‖=3.789e+00)
  [PT] w=3.0429  (raw=3.9085  ‖ΔR‖=1.125e+01  ‖Δu‖=2.877e+00)
  [PT] w=3.1041  (raw=3.6551  ‖ΔR‖=2.714e+01  ‖Δu‖=7.425e+00)
  [PT] w=3.0927  (raw=2.9901  ‖ΔR‖=8.568e+00  ‖Δu‖=2.865e+00)
  [PT] w=3.1600  (raw=3.7652  ‖ΔR‖=1.068e+01  ‖Δu‖=2.835e+00)
  [PT] w=3.1857  (raw=3.4168  ‖ΔR‖=2.718e+01  ‖Δu‖=7.956e+00)
[Adam] ep= 1200  total=1.389e-01  PDE=1.989e-02 [colloc=1.664e-02, cfd=3.245e-03] (w=2.775)  IN=1.231e-02 (w=1.179)  TB=5.368e-03 (w=0.770)  WALL=1.409e-16 (w=0.200)  OUT=3.468e-04 (w=0.217)  DATA=1.306e-02 (w=4.976)
  [PT] w=3.1400  (raw=2.7286  ‖ΔR‖=8.538e+00  ‖Δu‖=3.129e+00)
  [PT] w=3.1815  (raw=3.5556  ‖ΔR‖=1.032e+01  ‖Δu‖=2.902e+00)
  [PT] w=3.2056  (raw=3.4218  ‖ΔR‖=2.711e+01  ‖Δu‖=7.922e+00)
  [PT] w=3.1757  (raw=2.9073  ‖ΔR‖=7.867e+00  ‖Δu‖=2.706e+00)
  [PT] w=3.2577  (raw=3.9956  ‖ΔR‖=1.046e+01  ‖Δu‖=2.619e+00)
  [PT] w=3.2783  (raw=3.4641  ‖ΔR‖=2.729e+01  ‖Δu‖=7.878e+00)
  [PT] w=3.2773  (raw=3.2683  ‖ΔR‖=7.984e+00  ‖Δu‖=2.443e+00)
  [PT] w=3.2943  (raw=3.4470  ‖ΔR‖=1.079e+01  ‖Δu‖=3.131e+00)
  [PT] w=3.3071  (raw=3.4225  ‖ΔR‖=2.763e+01  ‖Δu‖=8.073e+00)
  [PT] w=3.3400  (raw=3.6356  ‖ΔR‖=7.884e+00  ‖Δu‖=2.169e+00)
  [PT] w=3.3247  (raw=3.1871  ‖ΔR‖=1.023e+01  ‖Δu‖=3.210e+00)
  [PT] w=3.3248  (raw=3.3254  ‖ΔR‖=2.715e+01  ‖Δu‖=8.165e+00)
  [PT] w=3.3335  (raw=3.4119  ‖ΔR‖=7.765e+00  ‖Δu‖=2.276e+00)
  [PT] w=3.3234  (raw=3.2325  ‖ΔR‖=1.115e+01  ‖Δu‖=3.448e+00)
  [PT] w=3.3374  (raw=3.4633  ‖ΔR‖=2.711e+01  ‖Δu‖=7.826e+00)
  [PT] w=3.3472  (raw=3.4355  ‖ΔR‖=7.285e+00  ‖Δu‖=2.120e+00)
  [PT] w=3.3459  (raw=3.3344  ‖ΔR‖=1.141e+01  ‖Δu‖=3.423e+00)
  [PT] w=3.3590  (raw=3.4765  ‖ΔR‖=2.777e+01  ‖Δu‖=7.988e+00)
  [PT] w=3.3335  (raw=3.1039  ‖ΔR‖=8.401e+00  ‖Δu‖=2.707e+00)
  [PT] w=3.2763  (raw=2.7623  ‖ΔR‖=1.154e+01  ‖Δu‖=4.177e+00)
[Adam] ep= 1220  total=1.861e-01  PDE=4.051e-02 [colloc=3.335e-02, cfd=7.162e-03] (w=2.829)  IN=8.318e-03 (w=1.110)  TB=5.743e-03 (w=0.827)  WALL=8.471e-16 (w=0.200)  OUT=4.528e-04 (w=0.214)  DATA=1.180e-02 (w=4.868)
  [PT] w=3.2911  (raw=3.4243  ‖ΔR‖=2.768e+01  ‖Δu‖=8.083e+00)
  [PT] w=3.2707  (raw=3.0871  ‖ΔR‖=8.510e+00  ‖Δu‖=2.757e+00)
  [PT] w=3.2438  (raw=3.0018  ‖ΔR‖=1.182e+01  ‖Δu‖=3.937e+00)
  [PT] w=3.2682  (raw=3.4876  ‖ΔR‖=2.868e+01  ‖Δu‖=8.223e+00)
  [PT] w=3.2582  (raw=3.1681  ‖ΔR‖=1.028e+01  ‖Δu‖=3.245e+00)
  [PT] w=3.2317  (raw=2.9935  ‖ΔR‖=1.205e+01  ‖Δu‖=4.026e+00)
  [PT] w=3.2735  (raw=3.6490  ‖ΔR‖=2.772e+01  ‖Δu‖=7.598e+00)
  [PT] w=3.2158  (raw=2.6973  ‖ΔR‖=1.272e+01  ‖Δu‖=4.717e+00)
  [PT] w=3.1524  (raw=2.5813  ‖ΔR‖=1.157e+01  ‖Δu‖=4.481e+00)
  [PT] w=3.2129  (raw=3.7580  ‖ΔR‖=2.475e+01  ‖Δu‖=6.586e+00)
  [PT] w=3.1403  (raw=2.4869  ‖ΔR‖=1.504e+01  ‖Δu‖=6.047e+00)
  [PT] w=3.0511  (raw=2.2483  ‖ΔR‖=1.271e+01  ‖Δu‖=5.652e+00)
  [PT] w=3.1046  (raw=3.5858  ‖ΔR‖=2.144e+01  ‖Δu‖=5.980e+00)
  [PT] w=3.0623  (raw=2.6812  ‖ΔR‖=1.634e+01  ‖Δu‖=6.094e+00)
  [PT] w=3.0018  (raw=2.4573  ‖ΔR‖=1.502e+01  ‖Δu‖=6.112e+00)
  [PT] w=3.0561  (raw=3.5450  ‖ΔR‖=1.717e+01  ‖Δu‖=4.843e+00)
  [PT] w=3.0296  (raw=2.7917  ‖ΔR‖=1.577e+01  ‖Δu‖=5.648e+00)
  [PT] w=2.9796  (raw=2.5293  ‖ΔR‖=1.800e+01  ‖Δu‖=7.117e+00)
  [PT] w=3.0279  (raw=3.4626  ‖ΔR‖=1.587e+01  ‖Δu‖=4.582e+00)
  [PT] w=3.0080  (raw=2.8283  ‖ΔR‖=1.117e+01  ‖Δu‖=3.949e+00)
[Adam] ep= 1240  total=1.595e-01  PDE=2.452e-02 [colloc=2.085e-02, cfd=3.673e-03] (w=2.748)  IN=1.436e-02 (w=1.164)  TB=4.890e-03 (w=0.808)  WALL=2.557e-16 (w=0.200)  OUT=3.856e-04 (w=0.220)  DATA=1.416e-02 (w=5.038)
  [PT] w=2.9444  (raw=2.3723  ‖ΔR‖=1.744e+01  ‖Δu‖=7.350e+00)
  [PT] w=2.9224  (raw=2.7247  ‖ΔR‖=2.059e+01  ‖Δu‖=7.558e+00)
  [PT] w=2.9541  (raw=3.2389  ‖ΔR‖=9.087e+00  ‖Δu‖=2.806e+00)
  [PT] w=2.9167  (raw=2.5800  ‖ΔR‖=1.643e+01  ‖Δu‖=6.367e+00)
  [PT] w=2.8618  (raw=2.3683  ‖ΔR‖=2.628e+01  ‖Δu‖=1.110e+01)
  [PT] w=2.7828  (raw=2.0715  ‖ΔR‖=1.089e+01  ‖Δu‖=5.259e+00)
  [PT] w=2.8460  (raw=3.4154  ‖ΔR‖=1.020e+01  ‖Δu‖=2.985e+00)
  [PT] w=2.8073  (raw=2.4591  ‖ΔR‖=2.567e+01  ‖Δu‖=1.044e+01)
  [PT] w=2.7238  (raw=1.9718  ‖ΔR‖=1.769e+01  ‖Δu‖=8.970e+00)
  [PT] w=2.8201  (raw=3.6868  ‖ΔR‖=9.453e+00  ‖Δu‖=2.564e+00)
  [PT] w=2.7879  (raw=2.4980  ‖ΔR‖=2.101e+01  ‖Δu‖=8.412e+00)
  [PT] w=2.7135  (raw=2.0439  ‖ΔR‖=2.044e+01  ‖Δu‖=1.000e+01)
  [PT] w=2.7496  (raw=3.0743  ‖ΔR‖=9.839e+00  ‖Δu‖=3.200e+00)
  [PT] w=2.6882  (raw=2.1357  ‖ΔR‖=1.697e+01  ‖Δu‖=7.944e+00)
  [PT] w=2.5993  (raw=1.7998  ‖ΔR‖=1.996e+01  ‖Δu‖=1.109e+01)
  [PT] w=2.7145  (raw=3.7511  ‖ΔR‖=1.358e+01  ‖Δu‖=3.619e+00)
  [PT] w=2.6367  (raw=1.9365  ‖ΔR‖=1.626e+01  ‖Δu‖=8.398e+00)
  [PT] w=2.5373  (raw=1.6423  ‖ΔR‖=1.678e+01  ‖Δu‖=1.022e+01)
  [PT] w=2.7137  (raw=4.3020  ‖ΔR‖=1.324e+01  ‖Δu‖=3.078e+00)
  [PT] w=2.6201  (raw=1.7774  ‖ΔR‖=1.486e+01  ‖Δu‖=8.358e+00)
[Adam] ep= 1260  total=1.435e-01  PDE=1.561e-02 [colloc=1.450e-02, cfd=1.113e-03] (w=2.674)  IN=1.564e-02 (w=1.226)  TB=4.360e-03 (w=0.761)  WALL=1.070e-16 (w=0.200)  OUT=3.157e-04 (w=0.226)  DATA=1.523e-02 (w=5.202)
  [PT] w=2.5404  (raw=1.8234  ‖ΔR‖=1.374e+01  ‖Δu‖=7.535e+00)
  [PT] w=2.6950  (raw=4.0857  ‖ΔR‖=1.549e+01  ‖Δu‖=3.790e+00)
  [PT] w=2.5970  (raw=1.7157  ‖ΔR‖=1.294e+01  ‖Δu‖=7.539e+00)
  [PT] w=2.6575  (raw=3.2016  ‖ΔR‖=1.324e+01  ‖Δu‖=4.136e+00)
  [PT] w=2.5652  (raw=1.7349  ‖ΔR‖=1.538e+01  ‖Δu‖=8.863e+00)
  [PT] w=2.4833  (raw=1.7456  ‖ΔR‖=1.094e+01  ‖Δu‖=6.268e+00)
  [PT] w=2.5253  (raw=2.9038  ‖ΔR‖=1.568e+01  ‖Δu‖=5.398e+00)
  [PT] w=2.4125  (raw=1.3970  ‖ΔR‖=1.155e+01  ‖Δu‖=8.268e+00)
  [PT] w=2.7165  (raw=5.4527  ‖ΔR‖=1.438e+01  ‖Δu‖=2.638e+00)
  [PT] w=2.6084  (raw=1.6351  ‖ΔR‖=1.012e+01  ‖Δu‖=6.192e+00)
  [PT] w=2.8233  (raw=4.7581  ‖ΔR‖=1.725e+01  ‖Δu‖=3.625e+00)
  [PT] w=2.7481  (raw=2.0706  ‖ΔR‖=6.818e+00  ‖Δu‖=3.293e+00)
  [PT] w=2.8159  (raw=3.4268  ‖ΔR‖=1.530e+01  ‖Δu‖=4.464e+00)
  [PT] w=2.8364  (raw=3.0206  ‖ΔR‖=1.398e+01  ‖Δu‖=4.627e+00)
  [PT] w=2.8382  (raw=2.8546  ‖ΔR‖=8.959e+00  ‖Δu‖=3.138e+00)
  [PT] w=2.9272  (raw=3.7278  ‖ΔR‖=1.957e+01  ‖Δu‖=5.249e+00)
  [PT] w=2.9525  (raw=3.1801  ‖ΔR‖=8.628e+00  ‖Δu‖=2.713e+00)
  [PT] w=3.0706  (raw=4.1340  ‖ΔR‖=1.654e+01  ‖Δu‖=4.000e+00)
  [PT] w=3.0785  (raw=3.1499  ‖ΔR‖=1.584e+01  ‖Δu‖=5.030e+00)
  [PT] w=3.0993  (raw=3.2860  ‖ΔR‖=1.049e+01  ‖Δu‖=3.192e+00)
[Adam] ep= 1280  total=1.295e-01  PDE=2.541e-02 [colloc=2.181e-02, cfd=3.599e-03] (w=2.701)  IN=6.887e-03 (w=1.160)  TB=4.669e-03 (w=0.842)  WALL=5.690e-16 (w=0.200)  OUT=4.330e-04 (w=0.236)  DATA=9.509e-03 (w=5.134)
  [PT] w=3.0971  (raw=3.0770  ‖ΔR‖=2.003e+01  ‖Δu‖=6.510e+00)
  [PT] w=3.0875  (raw=3.0016  ‖ΔR‖=1.013e+01  ‖Δu‖=3.374e+00)
  [PT] w=3.1070  (raw=3.2820  ‖ΔR‖=1.503e+01  ‖Δu‖=4.580e+00)
  [PT] w=3.0612  (raw=2.6495  ‖ΔR‖=2.009e+01  ‖Δu‖=7.583e+00)
  [PT] w=3.0689  (raw=3.1381  ‖ΔR‖=9.360e+00  ‖Δu‖=2.983e+00)
  [PT] w=3.0693  (raw=3.0732  ‖ΔR‖=2.005e+01  ‖Δu‖=6.525e+00)
  [PT] w=3.0281  (raw=2.6570  ‖ΔR‖=1.648e+01  ‖Δu‖=6.203e+00)
  [PT] w=3.0212  (raw=2.9593  ‖ΔR‖=1.107e+01  ‖Δu‖=3.739e+00)
  [PT] w=3.0117  (raw=2.9258  ‖ΔR‖=2.239e+01  ‖Δu‖=7.653e+00)
  [PT] w=2.9831  (raw=2.7254  ‖ΔR‖=1.337e+01  ‖Δu‖=4.905e+00)
  [PT] w=2.9608  (raw=2.7604  ‖ΔR‖=1.345e+01  ‖Δu‖=4.872e+00)
  [PT] w=2.9182  (raw=2.5346  ‖ΔR‖=2.300e+01  ‖Δu‖=9.074e+00)
  [PT] w=2.8713  (raw=2.4491  ‖ΔR‖=1.333e+01  ‖Δu‖=5.445e+00)
  [PT] w=2.9291  (raw=3.4496  ‖ΔR‖=1.144e+01  ‖Δu‖=3.316e+00)
  [PT] w=2.8841  (raw=2.4787  ‖ΔR‖=2.373e+01  ‖Δu‖=9.572e+00)
  [PT] w=2.8216  (raw=2.2598  ‖ΔR‖=1.432e+01  ‖Δu‖=6.339e+00)
  [PT] w=2.9648  (raw=4.2530  ‖ΔR‖=1.200e+01  ‖Δu‖=2.823e+00)
  [PT] w=2.9276  (raw=2.5934  ‖ΔR‖=2.304e+01  ‖Δu‖=8.883e+00)
  [PT] w=2.8637  (raw=2.2884  ‖ΔR‖=1.525e+01  ‖Δu‖=6.663e+00)
  [PT] w=3.0304  (raw=4.5310  ‖ΔR‖=1.038e+01  ‖Δu‖=2.292e+00)
[Adam] ep= 1300  total=1.638e-01  PDE=2.597e-02 [colloc=2.108e-02, cfd=4.893e-03] (w=2.802)  IN=1.246e-02 (w=1.104)  TB=3.798e-03 (w=0.778)  WALL=3.787e-17 (w=0.200)  OUT=4.000e-04 (w=0.239)  DATA=1.453e-02 (w=5.108)
  [PT] w=2.9525  (raw=2.2506  ‖ΔR‖=2.182e+01  ‖Δu‖=9.694e+00)
  [PT] w=2.8510  (raw=1.9375  ‖ΔR‖=1.464e+01  ‖Δu‖=7.555e+00)
  [PT] w=3.0090  (raw=4.4310  ‖ΔR‖=1.261e+01  ‖Δu‖=2.845e+00)
  [PT] w=2.9026  (raw=1.9448  ‖ΔR‖=2.130e+01  ‖Δu‖=1.095e+01)
  [PT] w=2.7670  (raw=1.5466  ‖ΔR‖=1.313e+01  ‖Δu‖=8.488e+00)
  [PT] w=2.8483  (raw=3.5804  ‖ΔR‖=1.174e+01  ‖Δu‖=3.279e+00)
  [PT] w=2.7540  (raw=1.9057  ‖ΔR‖=2.137e+01  ‖Δu‖=1.121e+01)
  [PT] w=2.6395  (raw=1.6089  ‖ΔR‖=1.284e+01  ‖Δu‖=7.980e+00)
  [PT] w=2.7943  (raw=4.1871  ‖ΔR‖=1.363e+01  ‖Δu‖=3.256e+00)
  [PT] w=2.7140  (raw=1.9913  ‖ΔR‖=2.108e+01  ‖Δu‖=1.058e+01)
  [PT] w=2.6439  (raw=2.0129  ‖ΔR‖=1.274e+01  ‖Δu‖=6.330e+00)
  [PT] w=2.6751  (raw=2.9566  ‖ΔR‖=1.381e+01  ‖Δu‖=4.671e+00)
  [PT] w=2.5748  (raw=1.6713  ‖ΔR‖=1.760e+01  ‖Δu‖=1.053e+01)
  [PT] w=2.6187  (raw=3.0138  ‖ΔR‖=1.456e+01  ‖Δu‖=4.833e+00)
  [PT] w=2.5504  (raw=1.9356  ‖ΔR‖=1.407e+01  ‖Δu‖=7.270e+00)
  [PT] w=2.4536  (raw=1.5828  ‖ΔR‖=1.467e+01  ‖Δu‖=9.269e+00)
  [PT] w=2.6948  (raw=4.8660  ‖ΔR‖=1.472e+01  ‖Δu‖=3.026e+00)
  [PT] w=2.5751  (raw=1.4969  ‖ΔR‖=1.004e+01  ‖Δu‖=6.706e+00)
  [PT] w=2.6269  (raw=3.0939  ‖ΔR‖=1.555e+01  ‖Δu‖=5.025e+00)
  [PT] w=2.5842  (raw=2.1993  ‖ΔR‖=1.152e+01  ‖Δu‖=5.236e+00)
[Adam] ep= 1320  total=1.166e-01  PDE=1.890e-02 [colloc=1.754e-02, cfd=1.361e-03] (w=2.678)  IN=6.064e-03 (w=1.151)  TB=4.423e-03 (w=0.800)  WALL=5.849e-16 (w=0.200)  OUT=3.111e-04 (w=0.229)  DATA=1.033e-02 (w=5.359)
  [PT] w=2.5632  (raw=2.3743  ‖ΔR‖=1.178e+01  ‖Δu‖=4.962e+00)
  [PT] w=2.5600  (raw=2.5310  ‖ΔR‖=1.800e+01  ‖Δu‖=7.110e+00)
  [PT] w=2.4696  (raw=1.6564  ‖ΔR‖=6.606e+00  ‖Δu‖=3.988e+00)
  [PT] w=2.6054  (raw=3.8273  ‖ΔR‖=1.718e+01  ‖Δu‖=4.489e+00)
  [PT] w=2.5210  (raw=1.7615  ‖ΔR‖=1.371e+01  ‖Δu‖=7.785e+00)
  [PT] w=2.6412  (raw=3.7233  ‖ΔR‖=1.085e+01  ‖Δu‖=2.913e+00)
  [PT] w=2.5864  (raw=2.0929  ‖ΔR‖=1.767e+01  ‖Δu‖=8.442e+00)
  [PT] w=2.6117  (raw=2.8398  ‖ΔR‖=1.012e+01  ‖Δu‖=3.564e+00)
  [PT] w=2.5999  (raw=2.4933  ‖ΔR‖=1.750e+01  ‖Δu‖=7.020e+00)
  [PT] w=2.5676  (raw=2.2768  ‖ΔR‖=1.100e+01  ‖Δu‖=4.833e+00)
  [PT] w=2.6026  (raw=2.9176  ‖ΔR‖=1.691e+01  ‖Δu‖=5.797e+00)
  [PT] w=2.5091  (raw=1.6677  ‖ΔR‖=1.014e+01  ‖Δu‖=6.078e+00)
  [PT] w=2.7794  (raw=5.2120  ‖ΔR‖=1.736e+01  ‖Δu‖=3.330e+00)
  [PT] w=2.6868  (raw=1.8530  ‖ΔR‖=1.097e+01  ‖Δu‖=5.922e+00)
  [PT] w=2.7531  (raw=3.3502  ‖ΔR‖=1.374e+01  ‖Δu‖=4.102e+00)
  [PT] w=2.7583  (raw=2.8051  ‖ΔR‖=1.723e+01  ‖Δu‖=6.142e+00)
  [PT] w=2.7218  (raw=2.3936  ‖ΔR‖=8.635e+00  ‖Δu‖=3.607e+00)
  [PT] w=2.8125  (raw=3.6285  ‖ΔR‖=1.991e+01  ‖Δu‖=5.486e+00)
  [PT] w=2.7844  (raw=2.5319  ‖ΔR‖=1.137e+01  ‖Δu‖=4.492e+00)
  [PT] w=2.8971  (raw=3.9110  ‖ΔR‖=1.329e+01  ‖Δu‖=3.399e+00)
[Adam] ep= 1340  total=1.314e-01  PDE=2.199e-02 [colloc=1.858e-02, cfd=3.409e-03] (w=2.748)  IN=7.526e-03 (w=1.079)  TB=3.672e-03 (w=0.830)  WALL=2.420e-16 (w=0.200)  OUT=3.046e-04 (w=0.243)  DATA=1.134e-02 (w=5.265)
  [PT] w=2.8764  (raw=2.6902  ‖ΔR‖=2.086e+01  ‖Δu‖=7.755e+00)
  [PT] w=2.8829  (raw=2.9410  ‖ΔR‖=8.951e+00  ‖Δu‖=3.043e+00)
  [PT] w=2.9410  (raw=3.4638  ‖ΔR‖=1.826e+01  ‖Δu‖=5.271e+00)
  [PT] w=2.9027  (raw=2.5583  ‖ΔR‖=1.750e+01  ‖Δu‖=6.840e+00)
  [PT] w=3.1320  (raw=5.1953  ‖ΔR‖=1.115e+01  ‖Δu‖=2.147e+00)
  [PT] w=3.1047  (raw=2.8592  ‖ΔR‖=1.925e+01  ‖Δu‖=6.732e+00)
  [PT] w=3.0689  (raw=2.7472  ‖ΔR‖=1.266e+01  ‖Δu‖=4.607e+00)
  [PT] w=3.1361  (raw=3.7407  ‖ΔR‖=1.656e+01  ‖Δu‖=4.426e+00)
  [PT] w=3.0640  (raw=2.4146  ‖ΔR‖=1.595e+01  ‖Δu‖=6.606e+00)
  [PT] w=3.0255  (raw=2.6793  ‖ΔR‖=1.101e+01  ‖Δu‖=4.111e+00)
  [PT] w=3.0449  (raw=3.2200  ‖ΔR‖=2.047e+01  ‖Δu‖=6.357e+00)
  [PT] w=2.9814  (raw=2.4093  ‖ΔR‖=1.277e+01  ‖Δu‖=5.299e+00)
  [PT] w=3.0017  (raw=3.1849  ‖ΔR‖=1.196e+01  ‖Δu‖=3.757e+00)
  [PT] w=3.0426  (raw=3.4104  ‖ΔR‖=2.296e+01  ‖Δu‖=6.732e+00)
  [PT] w=3.0243  (raw=2.8592  ‖ΔR‖=1.277e+01  ‖Δu‖=4.465e+00)
  [PT] w=3.1112  (raw=3.8940  ‖ΔR‖=1.099e+01  ‖Δu‖=2.822e+00)
  [PT] w=3.1390  (raw=3.3892  ‖ΔR‖=2.348e+01  ‖Δu‖=6.927e+00)
  [PT] w=3.1251  (raw=2.9998  ‖ΔR‖=1.411e+01  ‖Δu‖=4.704e+00)
  [PT] w=3.1884  (raw=3.7580  ‖ΔR‖=1.097e+01  ‖Δu‖=2.919e+00)
  [PT] w=3.1838  (raw=3.1429  ‖ΔR‖=2.204e+01  ‖Δu‖=7.012e+00)
[Adam] ep= 1360  total=1.361e-01  PDE=2.592e-02 [colloc=2.364e-02, cfd=2.281e-03] (w=2.875)  IN=6.149e-03 (w=1.030)  TB=3.807e-03 (w=0.755)  WALL=8.683e-16 (w=0.200)  OUT=3.141e-04 (w=0.220)  DATA=1.019e-02 (w=5.133)
  [PT] w=3.1449  (raw=2.7939  ‖ΔR‖=1.505e+01  ‖Δu‖=5.387e+00)
  [PT] w=3.1984  (raw=3.6802  ‖ΔR‖=9.823e+00  ‖Δu‖=2.669e+00)
  [PT] w=3.1804  (raw=3.0184  ‖ΔR‖=2.098e+01  ‖Δu‖=6.951e+00)
  [PT] w=3.1141  (raw=2.5173  ‖ΔR‖=1.494e+01  ‖Δu‖=5.936e+00)
  [PT] w=3.1678  (raw=3.6508  ‖ΔR‖=1.078e+01  ‖Δu‖=2.954e+00)
  [PT] w=3.1625  (raw=3.1155  ‖ΔR‖=2.136e+01  ‖Δu‖=6.857e+00)
  [PT] w=3.1034  (raw=2.5709  ‖ΔR‖=1.393e+01  ‖Δu‖=5.418e+00)
  [PT] w=3.1091  (raw=3.1608  ‖ΔR‖=1.022e+01  ‖Δu‖=3.234e+00)
  [PT] w=3.1052  (raw=3.0705  ‖ΔR‖=2.255e+01  ‖Δu‖=7.344e+00)
  [PT] w=3.0589  (raw=2.6419  ‖ΔR‖=1.340e+01  ‖Δu‖=5.072e+00)
  [PT] w=3.0335  (raw=2.8047  ‖ΔR‖=1.043e+01  ‖Δu‖=3.717e+00)
  [PT] w=3.0147  (raw=2.8459  ‖ΔR‖=2.179e+01  ‖Δu‖=7.655e+00)
  [PT] w=2.9702  (raw=2.5692  ‖ΔR‖=1.490e+01  ‖Δu‖=5.799e+00)
  [PT] w=2.9706  (raw=2.9745  ‖ΔR‖=8.673e+00  ‖Δu‖=2.916e+00)
  [PT] w=2.9551  (raw=2.8160  ‖ΔR‖=1.980e+01  ‖Δu‖=7.031e+00)
  [PT] w=2.8976  (raw=2.3799  ‖ΔR‖=1.634e+01  ‖Δu‖=6.865e+00)
  [PT] w=2.9445  (raw=3.3661  ‖ΔR‖=9.926e+00  ‖Δu‖=2.949e+00)
  [PT] w=2.9511  (raw=3.0104  ‖ΔR‖=1.920e+01  ‖Δu‖=6.376e+00)
  [PT] w=2.9160  (raw=2.6009  ‖ΔR‖=1.530e+01  ‖Δu‖=5.883e+00)
  [PT] w=2.9940  (raw=3.6958  ‖ΔR‖=1.030e+01  ‖Δu‖=2.786e+00)
[Adam] ep= 1380  total=1.393e-01  PDE=2.233e-02 [colloc=1.808e-02, cfd=4.256e-03] (w=2.807)  IN=9.202e-03 (w=1.081)  TB=3.434e-03 (w=0.767)  WALL=7.842e-17 (w=0.200)  OUT=2.982e-04 (w=0.211)  DATA=1.227e-02 (w=5.211)
  [PT] w=2.9697  (raw=2.7507  ‖ΔR‖=1.957e+01  ‖Δu‖=7.115e+00)
  [PT] w=2.9315  (raw=2.5882  ‖ΔR‖=1.271e+01  ‖Δu‖=4.912e+00)
  [PT] w=2.9679  (raw=3.2950  ‖ΔR‖=1.227e+01  ‖Δu‖=3.723e+00)
  [PT] w=2.9105  (raw=2.3944  ‖ΔR‖=2.008e+01  ‖Δu‖=8.386e+00)
  [PT] w=2.8411  (raw=2.2165  ‖ΔR‖=1.097e+01  ‖Δu‖=4.947e+00)
  [PT] w=2.8725  (raw=3.1549  ‖ΔR‖=1.148e+01  ‖Δu‖=3.638e+00)
  [PT] w=2.8053  (raw=2.2006  ‖ΔR‖=2.233e+01  ‖Δu‖=1.015e+01)
  [PT] w=2.7283  (raw=2.0355  ‖ΔR‖=1.060e+01  ‖Δu‖=5.207e+00)
  [PT] w=2.7997  (raw=3.4424  ‖ΔR‖=1.258e+01  ‖Δu‖=3.656e+00)
  [PT] w=2.7585  (raw=2.3877  ‖ΔR‖=2.358e+01  ‖Δu‖=9.877e+00)
  [PT] w=2.6951  (raw=2.1239  ‖ΔR‖=1.148e+01  ‖Δu‖=5.405e+00)
  [PT] w=2.8061  (raw=3.8053  ‖ΔR‖=1.083e+01  ‖Δu‖=2.847e+00)
  [PT] w=2.7533  (raw=2.2781  ‖ΔR‖=2.306e+01  ‖Δu‖=1.012e+01)
  [PT] w=2.6978  (raw=2.1986  ‖ΔR‖=1.298e+01  ‖Δu‖=5.902e+00)
  [PT] w=2.7581  (raw=3.3009  ‖ΔR‖=1.185e+01  ‖Δu‖=3.590e+00)
  [PT] w=2.6867  (raw=2.0439  ‖ΔR‖=2.112e+01  ‖Δu‖=1.033e+01)
  [PT] w=2.6088  (raw=1.9074  ‖ΔR‖=1.275e+01  ‖Δu‖=6.683e+00)
  [PT] w=2.6650  (raw=3.1711  ‖ΔR‖=1.068e+01  ‖Δu‖=3.367e+00)
  [PT] w=2.5854  (raw=1.8692  ‖ΔR‖=1.982e+01  ‖Δu‖=1.060e+01)
  [PT] w=2.5070  (raw=1.8005  ‖ΔR‖=1.247e+01  ‖Δu‖=6.926e+00)
[Adam] ep= 1400  total=1.197e-01  PDE=2.113e-02 [colloc=1.772e-02, cfd=3.412e-03] (w=2.734)  IN=6.215e-03 (w=1.115)  TB=3.767e-03 (w=0.761)  WALL=4.850e-16 (w=0.200)  OUT=3.761e-04 (w=0.226)  DATA=9.690e-03 (w=5.373)
  [PT] w=2.6081  (raw=3.5184  ‖ΔR‖=1.327e+01  ‖Δu‖=3.771e+00)
  [PT] w=2.5432  (raw=1.9594  ‖ΔR‖=1.901e+01  ‖Δu‖=9.703e+00)
  [PT] w=2.4957  (raw=2.0674  ‖ΔR‖=1.168e+01  ‖Δu‖=5.650e+00)
  [PT] w=2.5407  (raw=2.9464  ‖ΔR‖=1.332e+01  ‖Δu‖=4.519e+00)
  [PT] w=2.4633  (raw=1.7661  ‖ΔR‖=1.734e+01  ‖Δu‖=9.818e+00)
  [PT] w=2.5111  (raw=2.9419  ‖ΔR‖=1.167e+01  ‖Δu‖=3.967e+00)
  [PT] w=2.4539  (raw=1.9393  ‖ΔR‖=1.500e+01  ‖Δu‖=7.736e+00)
  [PT] w=2.3709  (raw=1.6238  ‖ΔR‖=1.439e+01  ‖Δu‖=8.861e+00)
  [PT] w=2.5741  (raw=4.4025  ‖ΔR‖=1.021e+01  ‖Δu‖=2.318e+00)
  [PT] w=2.4617  (raw=1.4500  ‖ΔR‖=1.583e+01  ‖Δu‖=1.092e+01)
  [PT] w=2.4002  (raw=1.8474  ‖ΔR‖=1.092e+01  ‖Δu‖=5.912e+00)
  [PT] w=2.3650  (raw=2.0474  ‖ΔR‖=1.415e+01  ‖Δu‖=6.913e+00)
  [PT] w=2.2753  (raw=1.4679  ‖ΔR‖=1.396e+01  ‖Δu‖=9.511e+00)
  [PT] w=2.4567  (raw=4.0898  ‖ΔR‖=9.553e+00  ‖Δu‖=2.336e+00)
  [PT] w=2.3606  (raw=1.4953  ‖ΔR‖=1.548e+01  ‖Δu‖=1.035e+01)
  [PT] w=2.5414  (raw=4.1687  ‖ΔR‖=9.874e+00  ‖Δu‖=2.369e+00)
  [PT] w=2.4348  (raw=1.4755  ‖ΔR‖=1.294e+01  ‖Δu‖=8.771e+00)
  [PT] w=2.4541  (raw=2.6277  ‖ΔR‖=1.104e+01  ‖Δu‖=4.202e+00)
  [PT] w=2.3488  (raw=1.4008  ‖ΔR‖=1.042e+01  ‖Δu‖=7.440e+00)
  [PT] w=2.3431  (raw=2.2921  ‖ΔR‖=1.170e+01  ‖Δu‖=5.106e+00)
[Adam] ep= 1420  total=9.671e-02  PDE=1.543e-02 [colloc=1.383e-02, cfd=1.602e-03] (w=2.653)  IN=5.278e-03 (w=1.107)  TB=3.750e-03 (w=0.829)  WALL=3.792e-16 (w=0.200)  OUT=3.081e-04 (w=0.236)  DATA=8.473e-03 (w=5.519)
  [PT] w=2.2650  (raw=1.5619  ‖ΔR‖=1.014e+01  ‖Δu‖=6.494e+00)
  [PT] w=2.3279  (raw=2.8940  ‖ΔR‖=1.110e+01  ‖Δu‖=3.836e+00)
  [PT] w=2.2603  (raw=1.6523  ‖ΔR‖=8.522e+00  ‖Δu‖=5.158e+00)
  [PT] w=2.3988  (raw=3.6452  ‖ΔR‖=1.315e+01  ‖Δu‖=3.609e+00)
  [PT] w=2.3102  (raw=1.5132  ‖ΔR‖=5.277e+00  ‖Δu‖=3.487e+00)
  [PT] w=2.3895  (raw=3.1027  ‖ΔR‖=1.502e+01  ‖Δu‖=4.842e+00)
  [PT] w=2.2939  (raw=1.4331  ‖ΔR‖=4.335e+00  ‖Δu‖=3.025e+00)
  [PT] w=2.3346  (raw=2.7008  ‖ΔR‖=1.486e+01  ‖Δu‖=5.501e+00)
  [PT] w=2.2436  (raw=1.4246  ‖ΔR‖=3.873e+00  ‖Δu‖=2.719e+00)
  [PT] w=2.2685  (raw=2.4929  ‖ΔR‖=1.473e+01  ‖Δu‖=5.908e+00)
  [PT] w=2.2084  (raw=1.6676  ‖ΔR‖=3.018e+00  ‖Δu‖=1.810e+00)
  [PT] w=2.2183  (raw=2.3078  ‖ΔR‖=1.428e+01  ‖Δu‖=6.187e+00)
  [PT] w=2.1874  (raw=1.9093  ‖ΔR‖=3.925e+00  ‖Δu‖=2.056e+00)
  [PT] w=2.2098  (raw=2.4112  ‖ΔR‖=1.449e+01  ‖Δu‖=6.008e+00)
  [PT] w=2.1476  (raw=1.5874  ‖ΔR‖=2.477e+00  ‖Δu‖=1.561e+00)
  [PT] w=2.1833  (raw=2.5046  ‖ΔR‖=1.553e+01  ‖Δu‖=6.202e+00)
  [PT] w=2.1274  (raw=1.6244  ‖ΔR‖=2.828e+00  ‖Δu‖=1.741e+00)
  [PT] w=2.1804  (raw=2.6574  ‖ΔR‖=1.576e+01  ‖Δu‖=5.932e+00)
  [PT] w=2.1436  (raw=1.8127  ‖ΔR‖=2.155e+00  ‖Δu‖=1.189e+00)
  [PT] w=2.1885  (raw=2.5924  ‖ΔR‖=1.688e+01  ‖Δu‖=6.513e+00)
[Adam] ep= 1440  total=1.002e-01  PDE=1.462e-02 [colloc=1.302e-02, cfd=1.599e-03] (w=2.719)  IN=5.334e-03 (w=1.047)  TB=2.590e-03 (w=0.800)  WALL=2.243e-16 (w=0.200)  OUT=2.243e-04 (w=0.242)  DATA=9.515e-03 (w=5.543)
  [PT] w=2.0852  (raw=1.1559  ‖ΔR‖=2.071e+00  ‖Δu‖=1.791e+00)
  [PT] w=2.1157  (raw=2.3896  ‖ΔR‖=1.512e+01  ‖Δu‖=6.329e+00)
  [PT] w=2.0009  (raw=0.9683  ‖ΔR‖=1.450e+00  ‖Δu‖=1.497e+00)
  [PT] w=2.0237  (raw=2.2282  ‖ΔR‖=1.455e+01  ‖Δu‖=6.531e+00)
  [PT] w=2.1741  (raw=3.5278  ‖ΔR‖=2.007e+00  ‖Δu‖=5.690e-01)
  [PT] w=2.1871  (raw=2.3044  ‖ΔR‖=1.444e+01  ‖Δu‖=6.266e+00)
  [PT] w=2.1572  (raw=1.8881  ‖ΔR‖=3.289e+00  ‖Δu‖=1.742e+00)
  [PT] w=2.2043  (raw=2.6278  ‖ΔR‖=1.498e+01  ‖Δu‖=5.700e+00)
  [PT] w=2.1839  (raw=2.0010  ‖ΔR‖=2.455e+00  ‖Δu‖=1.227e+00)
  [PT] w=2.2419  (raw=2.7636  ‖ΔR‖=1.626e+01  ‖Δu‖=5.884e+00)
  [PT] w=2.2576  (raw=2.3989  ‖ΔR‖=1.955e+00  ‖Δu‖=8.149e-01)
  [PT] w=2.3201  (raw=2.8828  ‖ΔR‖=1.669e+01  ‖Δu‖=5.791e+00)
  [PT] w=2.2180  (raw=1.2988  ‖ΔR‖=2.406e+00  ‖Δu‖=1.852e+00)
  [PT] w=2.2744  (raw=2.7822  ‖ΔR‖=1.555e+01  ‖Δu‖=5.588e+00)
  [PT] w=2.1642  (raw=1.1724  ‖ΔR‖=2.368e+00  ‖Δu‖=2.020e+00)
  [PT] w=2.1937  (raw=2.4594  ‖ΔR‖=1.427e+01  ‖Δu‖=5.801e+00)
  [PT] w=2.1615  (raw=1.8718  ‖ΔR‖=1.554e+00  ‖Δu‖=8.304e-01)
  [PT] w=2.1821  (raw=2.3670  ‖ΔR‖=1.451e+01  ‖Δu‖=6.131e+00)
  [PT] w=2.1413  (raw=1.7740  ‖ΔR‖=2.110e+00  ‖Δu‖=1.190e+00)
  [PT] w=2.1913  (raw=2.6414  ‖ΔR‖=1.514e+01  ‖Δu‖=5.731e+00)
[Adam] ep= 1460  total=9.440e-02  PDE=1.350e-02 [colloc=1.180e-02, cfd=1.702e-03] (w=2.766)  IN=5.348e-03 (w=1.030)  TB=2.421e-03 (w=0.740)  WALL=2.710e-16 (w=0.200)  OUT=2.329e-04 (w=0.236)  DATA=8.930e-03 (w=5.565)
  [PT] w=2.1197  (raw=1.4753  ‖ΔR‖=2.425e+00  ‖Δu‖=1.644e+00)
  [PT] w=2.1653  (raw=2.5761  ‖ΔR‖=1.624e+01  ‖Δu‖=6.304e+00)
  [PT] w=2.2069  (raw=2.5812  ‖ΔR‖=1.429e+00  ‖Δu‖=5.536e-01)
  [PT] w=2.2435  (raw=2.5728  ‖ΔR‖=1.704e+01  ‖Δu‖=6.624e+00)
  [PT] w=2.1573  (raw=1.3816  ‖ΔR‖=1.768e+00  ‖Δu‖=1.279e+00)
  [PT] w=2.2073  (raw=2.6575  ‖ΔR‖=1.618e+01  ‖Δu‖=6.090e+00)
  [PT] w=2.1177  (raw=1.3109  ‖ΔR‖=2.268e+00  ‖Δu‖=1.730e+00)
  [PT] w=2.1596  (raw=2.5365  ‖ΔR‖=1.526e+01  ‖Δu‖=6.018e+00)
  [PT] w=2.1398  (raw=1.9623  ‖ΔR‖=1.696e+00  ‖Δu‖=8.645e-01)
  [PT] w=2.1501  (raw=2.2428  ‖ΔR‖=1.468e+01  ‖Δu‖=6.545e+00)
  [PT] w=2.2302  (raw=2.9504  ‖ΔR‖=2.059e+00  ‖Δu‖=6.979e-01)
  [PT] w=2.2214  (raw=2.1424  ‖ΔR‖=1.515e+01  ‖Δu‖=7.073e+00)
  [PT] w=2.2277  (raw=2.2845  ‖ΔR‖=2.693e+00  ‖Δu‖=1.179e+00)
  [PT] w=2.2506  (raw=2.4564  ‖ΔR‖=1.581e+01  ‖Δu‖=6.436e+00)
  [PT] w=2.2025  (raw=1.7702  ‖ΔR‖=2.018e+00  ‖Δu‖=1.140e+00)
  [PT] w=2.2383  (raw=2.5603  ‖ΔR‖=1.705e+01  ‖Δu‖=6.659e+00)
  [PT] w=2.1685  (raw=1.5402  ‖ΔR‖=1.177e+00  ‖Δu‖=7.644e-01)
  [PT] w=2.1867  (raw=2.3506  ‖ΔR‖=1.662e+01  ‖Δu‖=7.071e+00)
  [PT] w=2.1314  (raw=1.6339  ‖ΔR‖=1.965e+00  ‖Δu‖=1.203e+00)
  [PT] w=2.1543  (raw=2.3601  ‖ΔR‖=1.614e+01  ‖Δu‖=6.839e+00)
[Adam] ep= 1480  total=9.112e-02  PDE=1.259e-02 [colloc=1.107e-02, cfd=1.524e-03] (w=2.787)  IN=5.195e-03 (w=1.007)  TB=2.226e-03 (w=0.721)  WALL=2.548e-16 (w=0.200)  OUT=2.085e-04 (w=0.236)  DATA=8.778e-03 (w=5.598)
  [PT] w=2.0767  (raw=1.3779  ‖ΔR‖=1.420e+00  ‖Δu‖=1.031e+00)
  [PT] w=2.1189  (raw=2.4987  ‖ΔR‖=1.546e+01  ‖Δu‖=6.189e+00)
  [PT] w=2.0577  (raw=1.5077  ‖ΔR‖=1.488e+00  ‖Δu‖=9.866e-01)
  [PT] w=2.1192  (raw=2.6720  ‖ΔR‖=1.503e+01  ‖Δu‖=5.626e+00)
  [PT] w=2.0518  (raw=1.4452  ‖ΔR‖=2.010e+00  ‖Δu‖=1.391e+00)
  [PT] w=2.0908  (raw=2.4424  ‖ΔR‖=1.518e+01  ‖Δu‖=6.216e+00)
  [PT] w=2.0558  (raw=1.7404  ‖ΔR‖=2.851e+00  ‖Δu‖=1.638e+00)
  [PT] w=2.0963  (raw=2.4607  ‖ΔR‖=1.555e+01  ‖Δu‖=6.320e+00)
  [PT] w=2.1408  (raw=2.5414  ‖ΔR‖=1.968e+00  ‖Δu‖=7.743e-01)
  [PT] w=2.2016  (raw=2.7485  ‖ΔR‖=1.635e+01  ‖Δu‖=5.949e+00)
  [PT] w=2.2280  (raw=2.4661  ‖ΔR‖=1.155e+00  ‖Δu‖=4.682e-01)
  [PT] w=2.3055  (raw=3.0032  ‖ΔR‖=1.584e+01  ‖Δu‖=5.273e+00)
  [PT] w=2.1904  (raw=1.1544  ‖ΔR‖=1.140e+00  ‖Δu‖=9.873e-01)
  [PT] w=2.2396  (raw=2.6820  ‖ΔR‖=1.526e+01  ‖Δu‖=5.691e+00)
  [PT] w=2.1049  (raw=0.8930  ‖ΔR‖=1.152e+00  ‖Δu‖=1.290e+00)
  [PT] w=2.1411  (raw=2.4666  ‖ΔR‖=1.516e+01  ‖Δu‖=6.148e+00)
  [PT] w=2.0980  (raw=1.7103  ‖ΔR‖=1.538e+00  ‖Δu‖=8.991e-01)
  [PT] w=2.1596  (raw=2.7135  ‖ΔR‖=1.524e+01  ‖Δu‖=5.615e+00)
  [PT] w=2.2526  (raw=3.0902  ‖ΔR‖=2.870e+00  ‖Δu‖=9.287e-01)
  [PT] w=2.2933  (raw=2.6593  ‖ΔR‖=1.471e+01  ‖Δu‖=5.530e+00)
[Adam] ep= 1500  total=8.891e-02  PDE=1.254e-02 [colloc=1.103e-02, cfd=1.513e-03] (w=2.805)  IN=4.291e-03 (w=0.974)  TB=2.094e-03 (w=0.721)  WALL=2.628e-16 (w=0.200)  OUT=2.145e-04 (w=0.242)  DATA=8.534e-03 (w=5.624)
  [PT] w=2.2808  (raw=2.1684  ‖ΔR‖=3.464e+00  ‖Δu‖=1.597e+00)
  [PT] w=2.3375  (raw=2.8481  ‖ΔR‖=1.503e+01  ‖Δu‖=5.276e+00)
  [PT] w=2.2737  (raw=1.6987  ‖ΔR‖=2.397e+00  ‖Δu‖=1.411e+00)
  [PT] w=2.3365  (raw=2.9024  ‖ΔR‖=1.568e+01  ‖Δu‖=5.401e+00)
  [PT] w=2.3600  (raw=2.5713  ‖ΔR‖=3.321e+00  ‖Δu‖=1.291e+00)
  [PT] w=2.3937  (raw=2.6972  ‖ΔR‖=1.411e+01  ‖Δu‖=5.231e+00)
  [PT] w=2.2942  (raw=1.3984  ‖ΔR‖=1.296e+00  ‖Δu‖=9.269e-01)
  [PT] w=2.3361  (raw=2.7136  ‖ΔR‖=1.498e+01  ‖Δu‖=5.520e+00)
  [PT] w=2.3599  (raw=2.5739  ‖ΔR‖=2.452e+00  ‖Δu‖=9.526e-01)
  [PT] w=2.4081  (raw=2.8420  ‖ΔR‖=1.462e+01  ‖Δu‖=5.144e+00)
  [PT] w=2.3411  (raw=1.7375  ‖ΔR‖=3.750e+00  ‖Δu‖=2.158e+00)
  [PT] w=2.4949  (raw=3.8794  ‖ΔR‖=1.673e+01  ‖Δu‖=4.312e+00)
  [PT] w=2.5690  (raw=3.2361  ‖ΔR‖=6.129e+00  ‖Δu‖=1.894e+00)
  [PT] w=2.6934  (raw=3.8133  ‖ΔR‖=1.488e+01  ‖Δu‖=3.902e+00)
  [PT] w=2.7035  (raw=2.7940  ‖ΔR‖=1.468e+01  ‖Δu‖=5.253e+00)
  [PT] w=2.7131  (raw=2.7997  ‖ΔR‖=8.624e+00  ‖Δu‖=3.080e+00)
  [PT] w=2.6733  (raw=2.3153  ‖ΔR‖=2.639e+01  ‖Δu‖=1.140e+01)
  [PT] w=2.7031  (raw=2.9710  ‖ΔR‖=8.782e+00  ‖Δu‖=2.956e+00)
  [PT] w=2.6791  (raw=2.4630  ‖ΔR‖=1.882e+01  ‖Δu‖=7.643e+00)
  [PT] w=2.6069  (raw=1.9568  ‖ΔR‖=2.107e+01  ‖Δu‖=1.077e+01)
[Adam] ep= 1520  total=1.304e-01  PDE=2.789e-02 [colloc=2.264e-02, cfd=5.248e-03] (w=3.048)  IN=2.525e-03 (w=0.830)  TB=2.078e-03 (w=0.659)  WALL=7.688e-16 (w=0.200)  OUT=2.577e-04 (w=0.231)  DATA=8.039e-03 (w=5.207)
  [PT] w=2.7182  (raw=3.7205  ‖ΔR‖=2.588e+01  ‖Δu‖=6.957e+00)
  [PT] w=2.6525  (raw=2.0615  ‖ΔR‖=6.652e+00  ‖Δu‖=3.227e+00)
  [PT] w=2.6249  (raw=2.3759  ‖ΔR‖=1.582e+01  ‖Δu‖=6.657e+00)
  [PT] w=2.6971  (raw=3.3467  ‖ΔR‖=2.393e+01  ‖Δu‖=7.149e+00)
  [PT] w=2.7859  (raw=3.5857  ‖ΔR‖=1.463e+01  ‖Δu‖=4.079e+00)
  [PT] w=2.7404  (raw=2.3303  ‖ΔR‖=9.030e+00  ‖Δu‖=3.875e+00)
  [PT] w=2.6972  (raw=2.3092  ‖ΔR‖=1.307e+01  ‖Δu‖=5.661e+00)
  [PT] w=2.7463  (raw=3.1881  ‖ΔR‖=2.711e+01  ‖Δu‖=8.502e+00)
  [PT] w=2.8186  (raw=3.4688  ‖ΔR‖=1.152e+01  ‖Δu‖=3.322e+00)
  [PT] w=2.8611  (raw=3.2443  ‖ΔR‖=1.375e+01  ‖Δu‖=4.239e+00)
  [PT] w=2.8465  (raw=2.7149  ‖ΔR‖=1.584e+01  ‖Δu‖=5.833e+00)
  [PT] w=2.8134  (raw=2.5157  ‖ΔR‖=1.897e+01  ‖Δu‖=7.539e+00)
  [PT] w=2.8310  (raw=2.9895  ‖ΔR‖=2.783e+01  ‖Δu‖=9.309e+00)
  [PT] w=2.9221  (raw=3.7420  ‖ΔR‖=1.056e+01  ‖Δu‖=2.823e+00)
  [PT] w=2.8543  (raw=2.2441  ‖ΔR‖=9.701e+00  ‖Δu‖=4.323e+00)
  [PT] w=2.8208  (raw=2.5191  ‖ΔR‖=2.153e+01  ‖Δu‖=8.545e+00)
  [PT] w=2.7906  (raw=2.5189  ‖ΔR‖=1.978e+01  ‖Δu‖=7.852e+00)
  [PT] w=2.7301  (raw=2.1855  ‖ΔR‖=1.532e+01  ‖Δu‖=7.010e+00)
  [PT] w=2.5463  (raw=0.8921  ‖ΔR‖=4.658e+00  ‖Δu‖=5.221e+00)
  [PT] w=2.4950  (raw=2.0337  ‖ΔR‖=1.340e+01  ‖Δu‖=6.587e+00)
[Adam] ep= 1540  total=1.518e-01  PDE=2.932e-02 [colloc=2.346e-02, cfd=5.859e-03] (w=3.030)  IN=5.244e-03 (w=0.914)  TB=3.324e-03 (w=0.653)  WALL=4.073e-16 (w=0.200)  OUT=3.374e-04 (w=0.217)  DATA=1.100e-02 (w=5.078)
  [PT] w=2.5074  (raw=2.6185  ‖ΔR‖=2.061e+01  ‖Δu‖=7.872e+00)
  [PT] w=2.5731  (raw=3.1645  ‖ΔR‖=1.372e+01  ‖Δu‖=4.336e+00)
  [PT] w=2.4741  (raw=1.5833  ‖ΔR‖=8.996e+00  ‖Δu‖=5.682e+00)
  [PT] w=2.3927  (raw=1.6595  ‖ΔR‖=1.116e+01  ‖Δu‖=6.724e+00)
  [PT] w=2.5363  (raw=3.8287  ‖ΔR‖=2.203e+01  ‖Δu‖=5.754e+00)
  [PT] w=2.5032  (raw=2.2061  ‖ΔR‖=1.001e+01  ‖Δu‖=4.537e+00)
  [PT] w=2.3786  (raw=1.2570  ‖ΔR‖=9.280e+00  ‖Δu‖=7.383e+00)
  [PT] w=2.2993  (raw=1.5853  ‖ΔR‖=1.464e+01  ‖Δu‖=9.235e+00)
  [PT] w=2.3327  (raw=2.6335  ‖ΔR‖=2.170e+01  ‖Δu‖=8.239e+00)
  [PT] w=2.2362  (raw=1.3680  ‖ΔR‖=1.025e+01  ‖Δu‖=7.491e+00)
  [PT] w=2.1914  (raw=1.7883  ‖ΔR‖=1.446e+01  ‖Δu‖=8.087e+00)
  [PT] w=2.3369  (raw=3.6462  ‖ΔR‖=1.642e+01  ‖Δu‖=4.503e+00)
  [PT] w=2.4731  (raw=3.6984  ‖ΔR‖=2.347e+01  ‖Δu‖=6.345e+00)
  [PT] w=2.3887  (raw=1.6290  ‖ΔR‖=1.099e+01  ‖Δu‖=6.745e+00)
  [PT] w=2.3364  (raw=1.8658  ‖ΔR‖=1.369e+01  ‖Δu‖=7.336e+00)
  [PT] w=2.3967  (raw=2.9395  ‖ΔR‖=2.100e+01  ‖Δu‖=7.144e+00)
  [PT] w=2.4229  (raw=2.6592  ‖ΔR‖=1.653e+01  ‖Δu‖=6.215e+00)
  [PT] w=2.4167  (raw=2.3610  ‖ΔR‖=1.668e+01  ‖Δu‖=7.065e+00)
  [PT] w=2.2922  (raw=1.1715  ‖ΔR‖=1.422e+01  ‖Δu‖=1.214e+01)
  [PT] w=2.1856  (raw=1.2261  ‖ΔR‖=1.491e+01  ‖Δu‖=1.216e+01)
[Adam] ep= 1560  total=1.731e-01  PDE=3.237e-02 [colloc=2.231e-02, cfd=1.006e-02] (w=2.951)  IN=7.088e-03 (w=0.910)  TB=2.508e-03 (w=0.618)  WALL=3.204e-16 (w=0.200)  OUT=6.940e-03 (w=0.574)  DATA=1.299e-02 (w=5.043)
  [PT] w=2.2127  (raw=2.4568  ‖ΔR‖=1.855e+01  ‖Δu‖=7.550e+00)
  [PT] w=2.1579  (raw=1.6643  ‖ΔR‖=1.886e+01  ‖Δu‖=1.133e+01)
  [PT] w=2.0457  (raw=1.0364  ‖ΔR‖=1.146e+01  ‖Δu‖=1.106e+01)
  [PT] w=2.0495  (raw=2.0833  ‖ΔR‖=1.737e+01  ‖Δu‖=8.337e+00)
  [PT] w=2.0735  (raw=2.2897  ‖ΔR‖=1.542e+01  ‖Δu‖=6.734e+00)
  [PT] w=2.0156  (raw=1.4946  ‖ΔR‖=1.368e+01  ‖Δu‖=9.155e+00)
  [PT] w=1.9646  (raw=1.5056  ‖ΔR‖=1.523e+01  ‖Δu‖=1.012e+01)
  [PT] w=1.8836  (raw=1.1546  ‖ΔR‖=1.088e+01  ‖Δu‖=9.422e+00)
  [PT] w=1.8219  (raw=1.2665  ‖ΔR‖=9.561e+00  ‖Δu‖=7.550e+00)
  [PT] w=1.7509  (raw=1.1120  ‖ΔR‖=1.539e+01  ‖Δu‖=1.384e+01)
  [PT] w=1.6611  (raw=0.8529  ‖ΔR‖=1.168e+01  ‖Δu‖=1.370e+01)
  [PT] w=1.7125  (raw=2.1747  ‖ΔR‖=1.548e+01  ‖Δu‖=7.119e+00)
  [PT] w=1.6483  (raw=1.0704  ‖ΔR‖=7.757e+00  ‖Δu‖=7.246e+00)
  [PT] w=1.6192  (raw=1.3579  ‖ΔR‖=1.296e+01  ‖Δu‖=9.545e+00)
  [PT] w=1.5973  (raw=1.3997  ‖ΔR‖=1.680e+01  ‖Δu‖=1.200e+01)
  [PT] w=1.6212  (raw=1.8363  ‖ΔR‖=9.815e+00  ‖Δu‖=5.345e+00)
  [PT] w=1.6964  (raw=2.3732  ‖ΔR‖=1.599e+01  ‖Δu‖=6.738e+00)
  [PT] w=1.6807  (raw=1.5391  ‖ΔR‖=1.071e+01  ‖Δu‖=6.959e+00)
  [PT] w=1.6727  (raw=1.6014  ‖ΔR‖=1.690e+01  ‖Δu‖=1.056e+01)
  [PT] w=1.6596  (raw=1.5411  ‖ΔR‖=1.123e+01  ‖Δu‖=7.285e+00)
[Adam] ep= 1580  total=1.135e-01  PDE=2.088e-02 [colloc=1.692e-02, cfd=3.961e-03] (w=2.500)  IN=3.873e-03 (w=0.978)  TB=1.783e-03 (w=0.631)  WALL=2.751e-16 (w=0.200)  OUT=4.814e-03 (w=1.124)  DATA=1.006e-02 (w=5.067)
  [PT] w=1.6157  (raw=1.2212  ‖ΔR‖=1.335e+01  ‖Δu‖=1.093e+01)
  [PT] w=1.5928  (raw=1.3863  ‖ΔR‖=1.300e+01  ‖Δu‖=9.374e+00)
  [PT] w=1.5997  (raw=1.6614  ‖ΔR‖=1.538e+01  ‖Δu‖=9.259e+00)
  [PT] w=1.5696  (raw=1.2995  ‖ΔR‖=1.157e+01  ‖Δu‖=8.904e+00)
  [PT] w=1.5693  (raw=1.5659  ‖ΔR‖=1.109e+01  ‖Δu‖=7.081e+00)
  [PT] w=1.6495  (raw=2.3716  ‖ΔR‖=2.338e+01  ‖Δu‖=9.859e+00)
  [PT] w=1.7293  (raw=2.4480  ‖ΔR‖=1.390e+01  ‖Δu‖=5.677e+00)
  [PT] w=1.7865  (raw=2.3009  ‖ΔR‖=1.471e+01  ‖Δu‖=6.392e+00)
  [PT] w=1.7818  (raw=1.7396  ‖ΔR‖=1.384e+01  ‖Δu‖=7.953e+00)
  [PT] w=1.7028  (raw=0.9915  ‖ΔR‖=8.581e+00  ‖Δu‖=8.654e+00)
  [PT] w=1.8762  (raw=3.4372  ‖ΔR‖=2.202e+01  ‖Δu‖=6.405e+00)
  [PT] w=1.8973  (raw=2.0871  ‖ΔR‖=1.063e+01  ‖Δu‖=5.094e+00)
  [PT] w=1.9333  (raw=2.2573  ‖ΔR‖=2.072e+01  ‖Δu‖=9.181e+00)
  [PT] w=1.8796  (raw=1.3963  ‖ΔR‖=9.995e+00  ‖Δu‖=7.158e+00)
  [PT] w=1.9386  (raw=2.4691  ‖ΔR‖=1.990e+01  ‖Δu‖=8.059e+00)
  [PT] w=1.9476  (raw=2.0294  ‖ΔR‖=1.400e+01  ‖Δu‖=6.901e+00)
  [PT] w=1.9924  (raw=2.3957  ‖ΔR‖=2.322e+01  ‖Δu‖=9.695e+00)
  [PT] w=1.9058  (raw=1.1259  ‖ΔR‖=6.376e+00  ‖Δu‖=5.663e+00)
  [PT] w=2.0401  (raw=3.2493  ‖ΔR‖=2.088e+01  ‖Δu‖=6.426e+00)
  [PT] w=2.0533  (raw=2.1720  ‖ΔR‖=1.476e+01  ‖Δu‖=6.794e+00)
[Adam] ep= 1600  total=1.329e-01  PDE=1.467e-02 [colloc=1.177e-02, cfd=2.901e-03] (w=2.599)  IN=8.351e-03 (w=0.995)  TB=6.822e-03 (w=0.687)  WALL=4.131e-16 (w=0.200)  OUT=6.101e-03 (w=0.957)  DATA=1.492e-02 (w=5.091)
  [PT] w=2.0367  (raw=1.8868  ‖ΔR‖=1.403e+01  ‖Δu‖=7.436e+00)
  [PT] w=1.9956  (raw=1.6256  ‖ΔR‖=1.764e+01  ‖Δu‖=1.085e+01)
  [PT] w=1.9694  (raw=1.7338  ‖ΔR‖=1.476e+01  ‖Δu‖=8.514e+00)
  [PT] w=1.9206  (raw=1.4818  ‖ΔR‖=1.284e+01  ‖Δu‖=8.665e+00)
  [PT] w=1.8541  (raw=1.2557  ‖ΔR‖=1.494e+01  ‖Δu‖=1.189e+01)
  [PT] w=1.8120  (raw=1.4324  ‖ΔR‖=9.524e+00  ‖Δu‖=6.649e+00)
  [PT] w=1.8094  (raw=1.7862  ‖ΔR‖=1.634e+01  ‖Δu‖=9.150e+00)
  [PT] w=1.7644  (raw=1.3595  ‖ΔR‖=7.660e+00  ‖Δu‖=5.634e+00)
  [PT] w=1.8456  (raw=2.5766  ‖ΔR‖=1.958e+01  ‖Δu‖=7.600e+00)
  [PT] w=1.7786  (raw=1.1753  ‖ΔR‖=6.811e+00  ‖Δu‖=5.795e+00)
  [PT] w=1.8517  (raw=2.5100  ‖ΔR‖=1.638e+01  ‖Δu‖=6.524e+00)
  [PT] w=1.8184  (raw=1.5186  ‖ΔR‖=1.238e+01  ‖Δu‖=8.151e+00)
  [PT] w=1.7496  (raw=1.1302  ‖ΔR‖=1.338e+01  ‖Δu‖=1.184e+01)
  [PT] w=1.8929  (raw=3.1831  ‖ΔR‖=1.079e+01  ‖Δu‖=3.389e+00)
  [PT] w=1.8618  (raw=1.5813  ‖ΔR‖=1.558e+01  ‖Δu‖=9.855e+00)
  [PT] w=1.8067  (raw=1.3115  ‖ΔR‖=7.584e+00  ‖Δu‖=5.783e+00)
  [PT] w=1.8984  (raw=2.7238  ‖ΔR‖=1.856e+01  ‖Δu‖=6.813e+00)
  [PT] w=1.9236  (raw=2.1503  ‖ΔR‖=7.758e+00  ‖Δu‖=3.608e+00)
  [PT] w=1.8897  (raw=1.5844  ‖ΔR‖=1.462e+01  ‖Δu‖=9.226e+00)
  [PT] w=1.8923  (raw=1.9154  ‖ΔR‖=1.777e+01  ‖Δu‖=9.277e+00)
[Adam] ep= 1620  total=1.198e-01  PDE=2.598e-02 [colloc=1.866e-02, cfd=7.316e-03] (w=2.695)  IN=4.719e-03 (w=1.071)  TB=1.860e-03 (w=0.721)  WALL=4.589e-16 (w=0.200)  OUT=4.507e-04 (w=0.622)  DATA=8.223e-03 (w=5.244)
  [PT] w=1.8761  (raw=1.7307  ‖ΔR‖=9.664e+00  ‖Δu‖=5.584e+00)
  [PT] w=1.8528  (raw=1.6425  ‖ΔR‖=1.891e+01  ‖Δu‖=1.151e+01)
  [PT] w=1.8170  (raw=1.4956  ‖ΔR‖=1.120e+01  ‖Δu‖=7.489e+00)
  [PT] w=1.7915  (raw=1.5618  ‖ΔR‖=1.341e+01  ‖Δu‖=8.584e+00)
  [PT] w=1.8095  (raw=1.9716  ‖ΔR‖=1.465e+01  ‖Δu‖=7.432e+00)
  [PT] w=1.7239  (raw=0.9536  ‖ΔR‖=4.522e+00  ‖Δu‖=4.742e+00)
  [PT] w=1.7343  (raw=1.8277  ‖ΔR‖=1.726e+01  ‖Δu‖=9.441e+00)
  [PT] w=1.7248  (raw=1.6396  ‖ΔR‖=9.659e+00  ‖Δu‖=5.891e+00)
  [PT] w=1.6963  (raw=1.4391  ‖ΔR‖=1.829e+01  ‖Δu‖=1.271e+01)
  [PT] w=1.6748  (raw=1.4813  ‖ΔR‖=8.926e+00  ‖Δu‖=6.026e+00)
  [PT] w=1.7482  (raw=2.4092  ‖ΔR‖=1.633e+01  ‖Δu‖=6.778e+00)
  [PT] w=1.8342  (raw=2.6083  ‖ΔR‖=2.087e+01  ‖Δu‖=8.000e+00)
  [PT] w=1.8555  (raw=2.0466  ‖ΔR‖=6.486e+00  ‖Δu‖=3.169e+00)
  [PT] w=1.9243  (raw=2.5434  ‖ΔR‖=2.168e+01  ‖Δu‖=8.526e+00)
  [PT] w=1.9897  (raw=2.5791  ‖ΔR‖=1.132e+01  ‖Δu‖=4.390e+00)
  [PT] w=1.9391  (raw=1.4838  ‖ΔR‖=1.332e+01  ‖Δu‖=8.975e+00)
  [PT] w=2.0128  (raw=2.6756  ‖ΔR‖=1.798e+01  ‖Δu‖=6.720e+00)
  [PT] w=1.9245  (raw=1.1297  ‖ΔR‖=4.822e+00  ‖Δu‖=4.269e+00)
  [PT] w=1.9463  (raw=2.1425  ‖ΔR‖=1.947e+01  ‖Δu‖=9.090e+00)
  [PT] w=1.9410  (raw=1.8936  ‖ΔR‖=9.191e+00  ‖Δu‖=4.854e+00)
[Adam] ep= 1640  total=1.049e-01  PDE=1.831e-02 [colloc=1.588e-02, cfd=2.422e-03] (w=2.659)  IN=4.449e-03 (w=1.007)  TB=2.451e-03 (w=0.723)  WALL=5.194e-16 (w=0.200)  OUT=2.019e-03 (w=0.760)  DATA=9.167e-03 (w=5.280)
  [PT] w=1.9748  (raw=2.2785  ‖ΔR‖=1.980e+01  ‖Δu‖=8.689e+00)
  [PT] w=1.9356  (raw=1.5833  ‖ΔR‖=1.091e+01  ‖Δu‖=6.888e+00)
  [PT] w=1.9887  (raw=2.4665  ‖ΔR‖=1.884e+01  ‖Δu‖=7.638e+00)
  [PT] w=1.9648  (raw=1.7502  ‖ΔR‖=1.318e+01  ‖Δu‖=7.532e+00)
  [PT] w=2.0913  (raw=3.2295  ‖ΔR‖=2.183e+01  ‖Δu‖=6.761e+00)
  [PT] w=2.1271  (raw=2.4496  ‖ΔR‖=8.437e+00  ‖Δu‖=3.444e+00)
  [PT] w=2.2648  (raw=3.5035  ‖ΔR‖=2.426e+01  ‖Δu‖=6.926e+00)
  [PT] w=2.1777  (raw=1.3938  ‖ΔR‖=6.129e+00  ‖Δu‖=4.397e+00)
  [PT] w=2.2399  (raw=2.7997  ‖ΔR‖=2.294e+01  ‖Δu‖=8.194e+00)
  [PT] w=2.1808  (raw=1.6493  ‖ΔR‖=6.253e+00  ‖Δu‖=3.791e+00)
  [PT] w=2.1616  (raw=1.9883  ‖ΔR‖=2.366e+01  ‖Δu‖=1.190e+01)
  [PT] w=2.0392  (raw=0.9382  ‖ΔR‖=6.749e+00  ‖Δu‖=7.194e+00)
  [PT] w=2.2369  (raw=4.0158  ‖ΔR‖=2.207e+01  ‖Δu‖=5.495e+00)
  [PT] w=2.1612  (raw=1.4804  ‖ΔR‖=7.916e+00  ‖Δu‖=5.347e+00)
  [PT] w=2.2230  (raw=2.7789  ‖ΔR‖=2.068e+01  ‖Δu‖=7.441e+00)
  [PT] w=2.1924  (raw=1.9168  ‖ΔR‖=6.982e+00  ‖Δu‖=3.643e+00)
  [PT] w=2.2651  (raw=2.9194  ‖ΔR‖=2.160e+01  ‖Δu‖=7.397e+00)
  [PT] w=2.1090  (raw=0.7047  ‖ΔR‖=3.399e+00  ‖Δu‖=4.824e+00)
  [PT] w=2.1713  (raw=2.7315  ‖ΔR‖=1.939e+01  ‖Δu‖=7.099e+00)
  [PT] w=2.1174  (raw=1.6322  ‖ΔR‖=5.355e+00  ‖Δu‖=3.281e+00)
[Adam] ep= 1660  total=9.313e-02  PDE=1.564e-02 [colloc=1.366e-02, cfd=1.986e-03] (w=2.736)  IN=4.020e-03 (w=1.049)  TB=2.120e-03 (w=0.716)  WALL=3.511e-16 (w=0.200)  OUT=2.322e-04 (w=0.480)  DATA=8.220e-03 (w=5.411)
  [PT] w=2.1551  (raw=2.4950  ‖ΔR‖=1.708e+01  ‖Δu‖=6.845e+00)
  [PT] w=2.0690  (raw=1.2938  ‖ΔR‖=6.820e+00  ‖Δu‖=5.271e+00)
  [PT] w=2.1820  (raw=3.1990  ‖ΔR‖=1.936e+01  ‖Δu‖=6.052e+00)
  [PT] w=2.1297  (raw=1.6587  ‖ΔR‖=7.619e+00  ‖Δu‖=4.593e+00)
  [PT] w=2.2298  (raw=3.1313  ‖ΔR‖=1.798e+01  ‖Δu‖=5.742e+00)
  [PT] w=2.1622  (raw=1.5539  ‖ΔR‖=8.531e+00  ‖Δu‖=5.490e+00)
  [PT] w=2.1773  (raw=2.3127  ‖ΔR‖=2.067e+01  ‖Δu‖=8.938e+00)
  [PT] w=2.1029  (raw=1.4337  ‖ΔR‖=7.367e+00  ‖Δu‖=5.139e+00)
  [PT] w=2.2616  (raw=3.6901  ‖ΔR‖=2.163e+01  ‖Δu‖=5.861e+00)
  [PT] w=2.2240  (raw=1.8854  ‖ΔR‖=1.094e+01  ‖Δu‖=5.805e+00)
  [PT] w=2.2550  (raw=2.5336  ‖ΔR‖=1.278e+01  ‖Δu‖=5.045e+00)
  [PT] w=2.3774  (raw=3.4790  ‖ΔR‖=2.220e+01  ‖Δu‖=6.381e+00)
  [PT] w=2.3829  (raw=2.4328  ‖ΔR‖=9.613e+00  ‖Δu‖=3.951e+00)
  [PT] w=2.3727  (raw=2.2802  ‖ΔR‖=1.345e+01  ‖Δu‖=5.898e+00)
  [PT] w=2.2894  (raw=1.5405  ‖ΔR‖=1.758e+01  ‖Δu‖=1.141e+01)
  [PT] w=2.2760  (raw=2.1549  ‖ΔR‖=1.215e+01  ‖Δu‖=5.639e+00)
  [PT] w=2.1731  (raw=1.2473  ‖ΔR‖=1.142e+01  ‖Δu‖=9.152e+00)
  [PT] w=2.0818  (raw=1.2596  ‖ΔR‖=1.850e+01  ‖Δu‖=1.469e+01)
  [PT] w=2.0218  (raw=1.4819  ‖ΔR‖=7.443e+00  ‖Δu‖=5.023e+00)
  [PT] w=2.0019  (raw=1.8228  ‖ΔR‖=2.132e+01  ‖Δu‖=1.170e+01)
[Adam] ep= 1680  total=1.143e-01  PDE=2.056e-02 [colloc=1.941e-02, cfd=1.146e-03] (w=2.785)  IN=2.714e-03 (w=0.997)  TB=1.619e-03 (w=0.647)  WALL=7.728e-16 (w=0.200)  OUT=1.890e-03 (w=0.511)  DATA=9.549e-03 (w=5.482)
  [PT] w=1.8771  (raw=0.7540  ‖ΔR‖=4.973e+00  ‖Δu‖=6.595e+00)
  [PT] w=1.9542  (raw=2.6480  ‖ΔR‖=1.819e+01  ‖Δu‖=6.869e+00)
  [PT] w=1.9857  (raw=2.2698  ‖ΔR‖=1.360e+01  ‖Δu‖=5.994e+00)
  [PT] w=1.9910  (raw=2.0379  ‖ΔR‖=8.485e+00  ‖Δu‖=4.163e+00)
  [PT] w=2.0261  (raw=2.3423  ‖ΔR‖=1.722e+01  ‖Δu‖=7.350e+00)
  [PT] w=1.9701  (raw=1.4666  ‖ΔR‖=7.621e+00  ‖Δu‖=5.196e+00)
  [PT] w=1.9890  (raw=2.1589  ‖ΔR‖=1.693e+01  ‖Δu‖=7.842e+00)
  [PT] w=1.9730  (raw=1.8284  ‖ΔR‖=8.145e+00  ‖Δu‖=4.455e+00)
  [PT] w=1.9590  (raw=1.8330  ‖ΔR‖=1.297e+01  ‖Δu‖=7.074e+00)
  [PT] w=1.9267  (raw=1.6362  ‖ΔR‖=1.901e+01  ‖Δu‖=1.162e+01)
  [PT] w=1.8798  (raw=1.4579  ‖ΔR‖=6.370e+00  ‖Δu‖=4.369e+00)
  [PT] w=1.8891  (raw=1.9728  ‖ΔR‖=1.238e+01  ‖Δu‖=6.274e+00)
  [PT] w=1.8389  (raw=1.3871  ‖ΔR‖=2.147e+01  ‖Δu‖=1.548e+01)
  [PT] w=1.8363  (raw=1.8130  ‖ΔR‖=7.682e+00  ‖Δu‖=4.237e+00)
  [PT] w=1.8162  (raw=1.6351  ‖ΔR‖=1.368e+01  ‖Δu‖=8.365e+00)
  [PT] w=1.7660  (raw=1.3144  ‖ΔR‖=1.605e+01  ‖Δu‖=1.221e+01)
  [PT] w=1.7990  (raw=2.0960  ‖ΔR‖=9.864e+00  ‖Δu‖=4.706e+00)
  [PT] w=1.7821  (raw=1.6296  ‖ΔR‖=1.458e+01  ‖Δu‖=8.945e+00)
  [PT] w=1.7325  (raw=1.2867  ‖ΔR‖=9.556e+00  ‖Δu‖=7.427e+00)
  [PT] w=1.7462  (raw=1.8692  ‖ΔR‖=1.082e+01  ‖Δu‖=5.790e+00)
[Adam] ep= 1700  total=9.818e-02  PDE=1.780e-02 [colloc=1.548e-02, cfd=2.319e-03] (w=2.769)  IN=2.440e-03 (w=1.023)  TB=1.522e-03 (w=0.662)  WALL=5.821e-16 (w=0.200)  OUT=3.186e-04 (w=0.326)  DATA=8.003e-03 (w=5.660)
  [PT] w=1.7549  (raw=1.8330  ‖ΔR‖=1.908e+01  ‖Δu‖=1.041e+01)
  [PT] w=1.6756  (raw=0.9620  ‖ΔR‖=5.203e+00  ‖Δu‖=5.409e+00)
  [PT] w=1.7822  (raw=2.7414  ‖ΔR‖=7.915e+00  ‖Δu‖=2.887e+00)
  [PT] w=1.8519  (raw=2.4795  ‖ΔR‖=2.041e+01  ‖Δu‖=8.230e+00)
  [PT] w=1.8757  (raw=2.0897  ‖ΔR‖=1.072e+01  ‖Δu‖=5.131e+00)
  [PT] w=2.0036  (raw=3.1550  ‖ΔR‖=8.970e+00  ‖Δu‖=2.843e+00)
  [PT] w=2.0947  (raw=2.9148  ‖ΔR‖=1.706e+01  ‖Δu‖=5.853e+00)
  [PT] w=2.2051  (raw=3.1988  ‖ΔR‖=9.875e+00  ‖Δu‖=3.087e+00)
  [PT] w=2.1842  (raw=1.9956  ‖ΔR‖=1.034e+01  ‖Δu‖=5.183e+00)
  [PT] w=2.2198  (raw=2.5404  ‖ΔR‖=1.326e+01  ‖Δu‖=5.220e+00)
  [PT] w=2.1203  (raw=1.2245  ‖ΔR‖=6.698e+00  ‖Δu‖=5.470e+00)
  [PT] w=2.0772  (raw=1.6894  ‖ΔR‖=1.321e+01  ‖Δu‖=7.821e+00)
  [PT] w=1.9663  (raw=0.9680  ‖ΔR‖=5.307e+00  ‖Δu‖=5.482e+00)
  [PT] w=1.8715  (raw=1.0181  ‖ΔR‖=1.275e+01  ‖Δu‖=1.252e+01)
  [PT] w=2.0693  (raw=3.8499  ‖ΔR‖=1.116e+01  ‖Δu‖=2.898e+00)
  [PT] w=1.9542  (raw=0.9183  ‖ΔR‖=6.425e+00  ‖Δu‖=6.996e+00)
  [PT] w=2.0135  (raw=2.5471  ‖ΔR‖=1.750e+01  ‖Δu‖=6.871e+00)
  [PT] w=2.0249  (raw=2.1279  ‖ΔR‖=9.686e+00  ‖Δu‖=4.552e+00)
  [PT] w=2.1461  (raw=3.2371  ‖ΔR‖=1.612e+01  ‖Δu‖=4.980e+00)
  [PT] w=2.0589  (raw=1.2733  ‖ΔR‖=7.817e+00  ‖Δu‖=6.139e+00)
[Adam] ep= 1720  total=1.015e-01  PDE=1.387e-02 [colloc=1.224e-02, cfd=1.628e-03] (w=2.732)  IN=5.086e-03 (w=1.014)  TB=2.369e-03 (w=0.721)  WALL=2.705e-16 (w=0.200)  OUT=8.387e-04 (w=0.347)  DATA=9.947e-03 (w=5.677)
  [PT] w=2.0984  (raw=2.4542  ‖ΔR‖=2.822e+01  ‖Δu‖=1.150e+01)
  [PT] w=2.1305  (raw=2.4193  ‖ΔR‖=8.630e+00  ‖Δu‖=3.567e+00)
  [PT] w=2.2335  (raw=3.1608  ‖ΔR‖=1.854e+01  ‖Δu‖=5.865e+00)
  [PT] w=2.2598  (raw=2.4967  ‖ΔR‖=2.604e+01  ‖Δu‖=1.043e+01)
  [PT] w=2.2014  (raw=1.6760  ‖ΔR‖=1.025e+01  ‖Δu‖=6.115e+00)
  [PT] w=2.3309  (raw=3.4958  ‖ΔR‖=1.987e+01  ‖Δu‖=5.684e+00)
  [PT] w=2.4961  (raw=3.9831  ‖ΔR‖=2.752e+01  ‖Δu‖=6.909e+00)
  [PT] w=2.5634  (raw=3.1695  ‖ΔR‖=7.608e+00  ‖Δu‖=2.400e+00)
  [PT] w=2.6294  (raw=3.2227  ‖ΔR‖=1.607e+01  ‖Δu‖=4.986e+00)
  [PT] w=2.7090  (raw=3.4253  ‖ΔR‖=2.750e+01  ‖Δu‖=8.029e+00)
  [PT] w=2.5740  (raw=1.3590  ‖ΔR‖=8.898e+00  ‖Δu‖=6.547e+00)
  [PT] w=2.5446  (raw=2.2799  ‖ΔR‖=1.843e+01  ‖Δu‖=8.084e+00)
  [PT] w=2.5065  (raw=2.1641  ‖ΔR‖=1.635e+01  ‖Δu‖=7.556e+00)
  [PT] w=2.3404  (raw=0.8457  ‖ΔR‖=8.338e+00  ‖Δu‖=9.860e+00)
  [PT] w=2.3113  (raw=2.0489  ‖ΔR‖=1.894e+01  ‖Δu‖=9.244e+00)
  [PT] w=2.5069  (raw=4.2672  ‖ΔR‖=1.033e+01  ‖Δu‖=2.421e+00)
  [PT] w=2.4739  (raw=2.1771  ‖ΔR‖=1.435e+01  ‖Δu‖=6.592e+00)
  [PT] w=2.3566  (raw=1.3004  ‖ΔR‖=8.592e+00  ‖Δu‖=6.608e+00)
  [PT] w=2.4323  (raw=3.1144  ‖ΔR‖=1.710e+01  ‖Δu‖=5.490e+00)
  [PT] w=2.6059  (raw=4.1676  ‖ΔR‖=1.396e+01  ‖Δu‖=3.350e+00)
[Adam] ep= 1740  total=8.386e-02  PDE=1.148e-02 [colloc=1.014e-02, cfd=1.339e-03] (w=2.822)  IN=4.670e-03 (w=1.017)  TB=1.965e-03 (w=0.676)  WALL=2.423e-16 (w=0.200)  OUT=6.061e-04 (w=0.292)  DATA=8.236e-03 (w=5.488)
  [PT] w=2.5019  (raw=1.5662  ‖ΔR‖=6.262e+00  ‖Δu‖=3.998e+00)
  [PT] w=2.5164  (raw=2.6467  ‖ΔR‖=1.546e+01  ‖Δu‖=5.842e+00)
  [PT] w=2.4604  (raw=1.9564  ‖ΔR‖=1.590e+01  ‖Δu‖=8.125e+00)
  [PT] w=2.3846  (raw=1.7023  ‖ΔR‖=9.949e+00  ‖Δu‖=5.845e+00)
  [PT] w=2.4169  (raw=2.7076  ‖ΔR‖=1.349e+01  ‖Δu‖=4.984e+00)
  [PT] w=2.2830  (raw=1.0782  ‖ΔR‖=1.215e+01  ‖Δu‖=1.126e+01)
  [PT] w=2.2462  (raw=1.9149  ‖ΔR‖=1.586e+01  ‖Δu‖=8.283e+00)
  [PT] w=2.2147  (raw=1.9309  ‖ΔR‖=1.237e+01  ‖Δu‖=6.404e+00)
  [PT] w=2.1340  (raw=1.4084  ‖ΔR‖=8.369e+00  ‖Δu‖=5.942e+00)
  [PT] w=2.1375  (raw=2.1688  ‖ΔR‖=1.507e+01  ‖Δu‖=6.949e+00)
  [PT] w=2.3074  (raw=3.8368  ‖ΔR‖=1.413e+01  ‖Δu‖=3.683e+00)
  [PT] w=2.2852  (raw=2.0854  ‖ΔR‖=9.258e+00  ‖Δu‖=4.439e+00)
  [PT] w=2.2544  (raw=1.9764  ‖ΔR‖=9.408e+00  ‖Δu‖=4.760e+00)
  [PT] w=2.2314  (raw=2.0246  ‖ΔR‖=1.955e+01  ‖Δu‖=9.659e+00)
  [PT] w=2.2980  (raw=2.8975  ‖ΔR‖=1.008e+01  ‖Δu‖=3.478e+00)
  [PT] w=2.2869  (raw=2.1873  ‖ΔR‖=1.275e+01  ‖Δu‖=5.827e+00)
  [PT] w=2.2141  (raw=1.5588  ‖ΔR‖=1.453e+01  ‖Δu‖=9.324e+00)
  [PT] w=2.2163  (raw=2.2365  ‖ΔR‖=1.558e+01  ‖Δu‖=6.966e+00)
  [PT] w=2.2645  (raw=2.6979  ‖ΔR‖=1.334e+01  ‖Δu‖=4.944e+00)
  [PT] w=2.2050  (raw=1.6691  ‖ΔR‖=1.386e+01  ‖Δu‖=8.306e+00)
[Adam] ep= 1760  total=9.834e-02  PDE=1.083e-02 [colloc=9.448e-03, cfd=1.386e-03] (w=2.813)  IN=7.901e-03 (w=1.020)  TB=2.923e-03 (w=0.677)  WALL=2.953e-16 (w=0.200)  OUT=3.184e-04 (w=0.297)  DATA=1.048e-02 (w=5.507)
  [PT] w=2.0811  (raw=0.9666  ‖ΔR‖=9.418e+00  ‖Δu‖=9.744e+00)
  [PT] w=2.1038  (raw=2.3075  ‖ΔR‖=1.873e+01  ‖Δu‖=8.117e+00)
  [PT] w=2.2101  (raw=3.1671  ‖ΔR‖=1.032e+01  ‖Δu‖=3.257e+00)
  [PT] w=2.1961  (raw=2.0705  ‖ΔR‖=1.314e+01  ‖Δu‖=6.347e+00)
  [PT] w=2.1902  (raw=2.1369  ‖ΔR‖=1.343e+01  ‖Δu‖=6.287e+00)
  [PT] w=2.2289  (raw=2.5765  ‖ΔR‖=1.478e+01  ‖Δu‖=5.737e+00)
  [PT] w=2.2058  (raw=1.9979  ‖ΔR‖=1.614e+01  ‖Δu‖=8.080e+00)
  [PT] w=2.1648  (raw=1.7964  ‖ΔR‖=9.344e+00  ‖Δu‖=5.201e+00)
  [PT] w=2.0561  (raw=1.0776  ‖ΔR‖=1.147e+01  ‖Δu‖=1.064e+01)
  [PT] w=2.0032  (raw=1.5267  ‖ΔR‖=2.305e+01  ‖Δu‖=1.510e+01)
  [PT] w=2.0536  (raw=2.5078  ‖ΔR‖=1.074e+01  ‖Δu‖=4.281e+00)
  [PT] w=2.0209  (raw=1.7260  ‖ΔR‖=1.577e+01  ‖Δu‖=9.135e+00)
  [PT] w=1.9410  (raw=1.2220  ‖ΔR‖=1.703e+01  ‖Δu‖=1.393e+01)
  [PT] w=1.9509  (raw=2.0403  ‖ΔR‖=1.648e+01  ‖Δu‖=8.077e+00)
  [PT] w=1.9992  (raw=2.4333  ‖ΔR‖=1.305e+01  ‖Δu‖=5.363e+00)
  [PT] w=1.9816  (raw=1.8240  ‖ΔR‖=1.665e+01  ‖Δu‖=9.128e+00)
  [PT] w=1.8552  (raw=0.7172  ‖ΔR‖=5.552e+00  ‖Δu‖=7.740e+00)
  [PT] w=1.8805  (raw=2.1081  ‖ΔR‖=1.838e+01  ‖Δu‖=8.717e+00)
  [PT] w=1.9937  (raw=3.0126  ‖ΔR‖=1.187e+01  ‖Δu‖=3.939e+00)
  [PT] w=2.0357  (raw=2.4141  ‖ΔR‖=1.125e+01  ‖Δu‖=4.662e+00)
[Adam] ep= 1780  total=1.082e-01  PDE=1.663e-02 [colloc=1.476e-02, cfd=1.871e-03] (w=2.786)  IN=3.914e-03 (w=0.972)  TB=2.722e-03 (w=0.675)  WALL=2.353e-16 (w=0.200)  OUT=6.989e-04 (w=0.395)  DATA=9.903e-03 (w=5.648)
  [PT] w=2.0135  (raw=1.8136  ‖ΔR‖=1.245e+01  ‖Δu‖=6.863e+00)
  [PT] w=2.0892  (raw=2.7706  ‖ΔR‖=1.610e+01  ‖Δu‖=5.813e+00)
  [PT] w=2.0587  (raw=1.7843  ‖ΔR‖=1.222e+01  ‖Δu‖=6.849e+00)
  [PT] w=2.0724  (raw=2.1954  ‖ΔR‖=1.414e+01  ‖Δu‖=6.441e+00)
  [PT] w=1.9802  (raw=1.1506  ‖ΔR‖=7.553e+00  ‖Δu‖=6.564e+00)
  [PT] w=1.9095  (raw=1.2726  ‖ΔR‖=1.875e+01  ‖Δu‖=1.473e+01)
  [PT] w=1.8494  (raw=1.3087  ‖ΔR‖=9.709e+00  ‖Δu‖=7.419e+00)
  [PT] w=1.9504  (raw=2.8594  ‖ΔR‖=1.451e+01  ‖Δu‖=5.073e+00)
  [PT] w=1.8769  (raw=1.2153  ‖ΔR‖=1.327e+01  ‖Δu‖=1.092e+01)
  [PT] w=1.8706  (raw=1.8143  ‖ΔR‖=1.677e+01  ‖Δu‖=9.245e+00)
  [PT] w=1.8918  (raw=2.0826  ‖ΔR‖=9.766e+00  ‖Δu‖=4.689e+00)
  [PT] w=1.9498  (raw=2.4721  ‖ΔR‖=1.698e+01  ‖Δu‖=6.868e+00)
  [PT] w=1.8353  (raw=0.8049  ‖ΔR‖=4.728e+00  ‖Δu‖=5.874e+00)
  [PT] w=1.8825  (raw=2.3070  ‖ΔR‖=1.946e+01  ‖Δu‖=8.435e+00)
  [PT] w=1.9335  (raw=2.3929  ‖ΔR‖=8.832e+00  ‖Δu‖=3.691e+00)
  [PT] w=2.1411  (raw=4.0087  ‖ΔR‖=1.646e+01  ‖Δu‖=4.106e+00)
  [PT] w=2.1060  (raw=1.7906  ‖ΔR‖=1.086e+01  ‖Δu‖=6.064e+00)
  [PT] w=2.1342  (raw=2.3882  ‖ΔR‖=1.546e+01  ‖Δu‖=6.472e+00)
  [PT] w=2.1109  (raw=1.9010  ‖ΔR‖=1.409e+01  ‖Δu‖=7.410e+00)
  [PT] w=2.0754  (raw=1.7557  ‖ΔR‖=1.332e+01  ‖Δu‖=7.586e+00)
[Adam] ep= 1800  total=9.188e-02  PDE=1.332e-02 [colloc=1.150e-02, cfd=1.820e-03] (w=2.765)  IN=5.785e-03 (w=0.960)  TB=3.566e-03 (w=0.770)  WALL=4.960e-16 (w=0.200)  OUT=6.048e-04 (w=0.397)  DATA=8.371e-03 (w=5.559)
  [PT] w=2.0590  (raw=1.9115  ‖ΔR‖=7.994e+00  ‖Δu‖=4.182e+00)
  [PT] w=1.9782  (raw=1.2514  ‖ΔR‖=1.489e+01  ‖Δu‖=1.190e+01)
  [PT] w=1.8978  (raw=1.1734  ‖ΔR‖=9.352e+00  ‖Δu‖=7.970e+00)
  [PT] w=1.8982  (raw=1.9019  ‖ΔR‖=1.066e+01  ‖Δu‖=5.605e+00)
  [PT] w=1.8150  (raw=1.0666  ‖ΔR‖=1.081e+01  ‖Δu‖=1.013e+01)
  [PT] w=1.8441  (raw=2.1063  ‖ΔR‖=1.061e+01  ‖Δu‖=5.039e+00)
  [PT] w=1.9174  (raw=2.5765  ‖ΔR‖=1.407e+01  ‖Δu‖=5.461e+00)
  [PT] w=1.8621  (raw=1.3649  ‖ΔR‖=5.590e+00  ‖Δu‖=4.095e+00)
  [PT] w=1.9516  (raw=2.7573  ‖ΔR‖=1.555e+01  ‖Δu‖=5.639e+00)
  [PT] w=2.1910  (raw=4.3456  ‖ΔR‖=1.100e+01  ‖Δu‖=2.530e+00)
  [PT] w=2.2591  (raw=2.8718  ‖ΔR‖=1.013e+01  ‖Δu‖=3.527e+00)
  [PT] w=2.2720  (raw=2.3875  ‖ΔR‖=1.170e+01  ‖Δu‖=4.900e+00)
  [PT] w=2.4099  (raw=3.6511  ‖ΔR‖=1.693e+01  ‖Δu‖=4.636e+00)
  [PT] w=2.3229  (raw=1.5403  ‖ΔR‖=8.538e+00  ‖Δu‖=5.543e+00)
  [PT] w=2.3806  (raw=2.9000  ‖ΔR‖=1.352e+01  ‖Δu‖=4.663e+00)
  [PT] w=2.2853  (raw=1.4273  ‖ΔR‖=1.208e+01  ‖Δu‖=8.467e+00)
  [PT] w=2.2059  (raw=1.4913  ‖ΔR‖=1.459e+01  ‖Δu‖=9.787e+00)
  [PT] w=2.3072  (raw=3.2187  ‖ΔR‖=1.024e+01  ‖Δu‖=3.181e+00)
  [PT] w=2.2104  (raw=1.3397  ‖ΔR‖=1.663e+01  ‖Δu‖=1.241e+01)
  [PT] w=2.1538  (raw=1.6444  ‖ΔR‖=9.733e+00  ‖Δu‖=5.919e+00)
[Adam] ep= 1820  total=8.506e-02  PDE=1.157e-02 [colloc=1.037e-02, cfd=1.199e-03] (w=2.775)  IN=4.016e-03 (w=0.951)  TB=1.502e-03 (w=0.710)  WALL=1.585e-16 (w=0.200)  OUT=7.642e-04 (w=0.430)  DATA=8.473e-03 (w=5.635)
  [PT] w=2.1664  (raw=2.2793  ‖ΔR‖=1.883e+01  ‖Δu‖=8.262e+00)
  [PT] w=2.1479  (raw=1.9818  ‖ΔR‖=1.064e+01  ‖Δu‖=5.367e+00)
  [PT] w=2.2075  (raw=2.7436  ‖ΔR‖=1.570e+01  ‖Δu‖=5.721e+00)
  [PT] w=2.1787  (raw=1.9195  ‖ΔR‖=1.132e+01  ‖Δu‖=5.899e+00)
  [PT] w=2.2914  (raw=3.3062  ‖ΔR‖=1.999e+01  ‖Δu‖=6.047e+00)
  [PT] w=2.4376  (raw=3.7531  ‖ΔR‖=6.948e+00  ‖Δu‖=1.851e+00)
  [PT] w=2.4669  (raw=2.7303  ‖ΔR‖=1.261e+01  ‖Δu‖=4.620e+00)
  [PT] w=2.4777  (raw=2.5752  ‖ΔR‖=1.693e+01  ‖Δu‖=6.573e+00)
  [PT] w=2.5216  (raw=2.9163  ‖ΔR‖=1.235e+01  ‖Δu‖=4.235e+00)
  [PT] w=2.6488  (raw=3.7942  ‖ΔR‖=1.597e+01  ‖Δu‖=4.210e+00)
  [PT] w=2.6937  (raw=3.0977  ‖ΔR‖=8.848e+00  ‖Δu‖=2.856e+00)
  [PT] w=2.6866  (raw=2.6229  ‖ΔR‖=1.453e+01  ‖Δu‖=5.541e+00)
  [PT] w=2.5472  (raw=1.2927  ‖ΔR‖=1.497e+01  ‖Δu‖=1.158e+01)
  [PT] w=2.4697  (raw=1.7722  ‖ΔR‖=9.265e+00  ‖Δu‖=5.228e+00)
  [PT] w=2.3636  (raw=1.4085  ‖ΔR‖=9.824e+00  ‖Δu‖=6.975e+00)
  [PT] w=2.2195  (raw=0.9223  ‖ΔR‖=1.295e+01  ‖Δu‖=1.405e+01)
  [PT] w=2.1972  (raw=1.9965  ‖ΔR‖=1.108e+01  ‖Δu‖=5.551e+00)
  [PT] w=2.1410  (raw=1.6355  ‖ΔR‖=1.285e+01  ‖Δu‖=7.860e+00)
  [PT] w=2.0361  (raw=1.0924  ‖ΔR‖=7.615e+00  ‖Δu‖=6.972e+00)
  [PT] w=2.0195  (raw=1.8701  ‖ΔR‖=1.186e+01  ‖Δu‖=6.340e+00)
[Adam] ep= 1840  total=8.428e-02  PDE=1.677e-02 [colloc=1.377e-02, cfd=3.002e-03] (w=2.745)  IN=2.271e-03 (w=0.968)  TB=1.818e-03 (w=0.742)  WALL=5.019e-16 (w=0.200)  OUT=7.425e-04 (w=0.414)  DATA=6.093e-03 (w=5.645)
  [PT] w=2.3409  (raw=5.2335  ‖ΔR‖=2.039e+01  ‖Δu‖=3.896e+00)
  [PT] w=2.3447  (raw=2.3781  ‖ΔR‖=8.339e+00  ‖Δu‖=3.506e+00)
  [PT] w=2.2330  (raw=1.2282  ‖ΔR‖=5.132e+00  ‖Δu‖=4.179e+00)
  [PT] w=2.3249  (raw=3.1517  ‖ΔR‖=1.398e+01  ‖Δu‖=4.434e+00)
  [PT] w=2.6683  (raw=5.7591  ‖ΔR‖=2.185e+01  ‖Δu‖=3.795e+00)
  [PT] w=3.0168  (raw=6.1530  ‖ΔR‖=1.194e+01  ‖Δu‖=1.941e+00)
  [PT] w=2.9617  (raw=2.4662  ‖ΔR‖=9.050e+00  ‖Δu‖=3.670e+00)
  [PT] w=2.9497  (raw=2.8412  ‖ΔR‖=1.265e+01  ‖Δu‖=4.453e+00)
  [PT] w=2.9438  (raw=2.8912  ‖ΔR‖=1.691e+01  ‖Δu‖=5.850e+00)
  [PT] w=2.8411  (raw=1.9171  ‖ΔR‖=2.005e+01  ‖Δu‖=1.046e+01)
  [PT] w=2.7669  (raw=2.0985  ‖ΔR‖=1.254e+01  ‖Δu‖=5.974e+00)
  [PT] w=2.8240  (raw=3.3378  ‖ΔR‖=1.314e+01  ‖Δu‖=3.937e+00)
  [PT] w=2.7468  (raw=2.0523  ‖ΔR‖=1.518e+01  ‖Δu‖=7.395e+00)
  [PT] w=2.6411  (raw=1.6894  ‖ΔR‖=1.451e+01  ‖Δu‖=8.592e+00)
  [PT] w=2.6114  (raw=2.3442  ‖ΔR‖=1.963e+01  ‖Δu‖=8.373e+00)
  [PT] w=2.5944  (raw=2.4417  ‖ΔR‖=1.351e+01  ‖Δu‖=5.534e+00)
  [PT] w=2.6117  (raw=2.7673  ‖ΔR‖=1.530e+01  ‖Δu‖=5.529e+00)
  [PT] w=2.4244  (raw=0.7388  ‖ΔR‖=6.357e+00  ‖Δu‖=8.605e+00)
  [PT] w=2.3401  (raw=1.5816  ‖ΔR‖=2.081e+01  ‖Δu‖=1.316e+01)
  [PT] w=2.2873  (raw=1.8121  ‖ΔR‖=1.233e+01  ‖Δu‖=6.802e+00)
[Adam] ep= 1860  total=9.892e-02  PDE=1.754e-02 [colloc=1.578e-02, cfd=1.760e-03] (w=2.864)  IN=2.724e-03 (w=0.904)  TB=2.604e-03 (w=0.643)  WALL=6.473e-16 (w=0.200)  OUT=5.253e-04 (w=0.662)  DATA=8.508e-03 (w=5.193)
  [PT] w=2.4274  (raw=3.6886  ‖ΔR‖=2.138e+01  ‖Δu‖=5.796e+00)
  [PT] w=2.3510  (raw=1.6635  ‖ΔR‖=1.184e+01  ‖Δu‖=7.115e+00)
  [PT] w=2.2281  (raw=1.1219  ‖ΔR‖=8.092e+00  ‖Δu‖=7.213e+00)
  [PT] w=2.2621  (raw=2.5674  ‖ΔR‖=2.047e+01  ‖Δu‖=7.973e+00)
  [PT] w=2.3611  (raw=3.2524  ‖ΔR‖=1.650e+01  ‖Δu‖=5.072e+00)
  [PT] w=2.4465  (raw=3.2153  ‖ΔR‖=1.322e+01  ‖Δu‖=4.110e+00)
  [PT] w=2.3516  (raw=1.4972  ‖ΔR‖=6.450e+00  ‖Δu‖=4.308e+00)
  [PT] w=2.2522  (raw=1.3573  ‖ΔR‖=1.062e+01  ‖Δu‖=7.823e+00)
  [PT] w=2.2290  (raw=2.0204  ‖ΔR‖=2.337e+01  ‖Δu‖=1.157e+01)
  [PT] w=2.2856  (raw=2.7948  ‖ΔR‖=1.292e+01  ‖Δu‖=4.621e+00)
  [PT] w=2.3879  (raw=3.3094  ‖ΔR‖=1.354e+01  ‖Δu‖=4.091e+00)
  [PT] w=2.3644  (raw=2.1523  ‖ΔR‖=1.676e+01  ‖Δu‖=7.788e+00)
  [PT] w=2.3050  (raw=1.7711  ‖ΔR‖=1.383e+01  ‖Δu‖=7.808e+00)
  [PT] w=2.3374  (raw=2.6288  ‖ΔR‖=2.003e+01  ‖Δu‖=7.619e+00)
  [PT] w=2.3389  (raw=2.3524  ‖ΔR‖=1.290e+01  ‖Δu‖=5.483e+00)
  [PT] w=2.3874  (raw=2.8237  ‖ΔR‖=1.379e+01  ‖Δu‖=4.884e+00)
  [PT] w=2.2500  (raw=1.0134  ‖ΔR‖=6.847e+00  ‖Δu‖=6.757e+00)
  [PT] w=2.1529  (raw=1.2791  ‖ΔR‖=1.543e+01  ‖Δu‖=1.206e+01)
  [PT] w=2.1384  (raw=2.0081  ‖ΔR‖=1.099e+01  ‖Δu‖=5.474e+00)
  [PT] w=2.1871  (raw=2.6254  ‖ΔR‖=1.413e+01  ‖Δu‖=5.381e+00)
[Adam] ep= 1880  total=1.023e-01  PDE=1.508e-02 [colloc=1.296e-02, cfd=2.116e-03] (w=2.774)  IN=3.038e-03 (w=0.917)  TB=2.876e-03 (w=0.685)  WALL=3.600e-16 (w=0.200)  OUT=3.011e-03 (w=0.715)  DATA=1.010e-02 (w=5.308)
  [PT] w=2.0359  (raw=0.6745  ‖ΔR‖=4.459e+00  ‖Δu‖=6.611e+00)
  [PT] w=2.0430  (raw=2.1068  ‖ΔR‖=1.503e+01  ‖Δu‖=7.133e+00)
  [PT] w=2.3478  (raw=5.0914  ‖ΔR‖=1.552e+01  ‖Δu‖=3.047e+00)
  [PT] w=2.3635  (raw=2.5043  ‖ΔR‖=7.615e+00  ‖Δu‖=3.041e+00)
  [PT] w=2.2511  (raw=1.2400  ‖ΔR‖=6.389e+00  ‖Δu‖=5.152e+00)
  [PT] w=2.2180  (raw=1.9204  ‖ΔR‖=1.475e+01  ‖Δu‖=7.678e+00)
  [PT] w=2.3441  (raw=3.4791  ‖ΔR‖=1.177e+01  ‖Δu‖=3.384e+00)
  [PT] w=2.3630  (raw=2.5331  ‖ΔR‖=1.060e+01  ‖Δu‖=4.184e+00)
  [PT] w=2.2502  (raw=1.2342  ‖ΔR‖=9.496e+00  ‖Δu‖=7.694e+00)
  [PT] w=2.1849  (raw=1.5980  ‖ΔR‖=1.289e+01  ‖Δu‖=8.066e+00)
  [PT] w=2.2204  (raw=2.5394  ‖ΔR‖=1.218e+01  ‖Δu‖=4.797e+00)
  [PT] w=2.1016  (raw=1.0325  ‖ΔR‖=5.812e+00  ‖Δu‖=5.630e+00)
  [PT] w=1.9789  (raw=0.8744  ‖ΔR‖=9.555e+00  ‖Δu‖=1.093e+01)
  [PT] w=1.9891  (raw=2.0810  ‖ΔR‖=1.417e+01  ‖Δu‖=6.810e+00)
  [PT] w=2.1105  (raw=3.2035  ‖ΔR‖=9.736e+00  ‖Δu‖=3.039e+00)
  [PT] w=2.0016  (raw=1.0217  ‖ΔR‖=6.400e+00  ‖Δu‖=6.264e+00)
  [PT] w=1.9839  (raw=1.8240  ‖ΔR‖=1.478e+01  ‖Δu‖=8.102e+00)
  [PT] w=1.9610  (raw=1.7556  ‖ΔR‖=1.254e+01  ‖Δu‖=7.145e+00)
  [PT] w=2.0836  (raw=3.1865  ‖ΔR‖=7.234e+00  ‖Δu‖=2.270e+00)
  [PT] w=1.9913  (raw=1.1605  ‖ΔR‖=7.689e+00  ‖Δu‖=6.625e+00)
[Adam] ep= 1900  total=1.008e-01  PDE=1.268e-02 [colloc=9.706e-03, cfd=2.970e-03] (w=2.579)  IN=7.378e-03 (w=0.931)  TB=2.744e-03 (w=0.676)  WALL=2.321e-16 (w=0.200)  OUT=6.625e-03 (w=0.991)  DATA=1.001e-02 (w=5.272)
  [PT] w=1.9007  (raw=1.0853  ‖ΔR‖=1.073e+01  ‖Δu‖=9.887e+00)
  [PT] w=2.1111  (raw=4.0052  ‖ΔR‖=1.597e+01  ‖Δu‖=3.988e+00)
  [PT] w=2.1296  (raw=2.2956  ‖ΔR‖=7.697e+00  ‖Δu‖=3.353e+00)
  [PT] w=2.0944  (raw=1.7780  ‖ΔR‖=1.125e+01  ‖Δu‖=6.329e+00)
  [PT] w=2.0103  (raw=1.2535  ‖ΔR‖=1.047e+01  ‖Δu‖=8.355e+00)
  [PT] w=2.1534  (raw=3.4407  ‖ΔR‖=1.097e+01  ‖Δu‖=3.187e+00)
  [PT] w=2.0439  (raw=1.0588  ‖ΔR‖=6.336e+00  ‖Δu‖=5.984e+00)
  [PT] w=1.9335  (raw=0.9395  ‖ΔR‖=8.589e+00  ‖Δu‖=9.142e+00)
  [PT] w=2.0497  (raw=3.0960  ‖ΔR‖=1.352e+01  ‖Δu‖=4.368e+00)
  [PT] w=2.1021  (raw=2.5738  ‖ΔR‖=9.398e+00  ‖Δu‖=3.651e+00)
  [PT] w=2.0277  (raw=1.3579  ‖ΔR‖=9.351e+00  ‖Δu‖=6.887e+00)
  [PT] w=2.0068  (raw=1.8189  ‖ΔR‖=1.310e+01  ‖Δu‖=7.203e+00)
  [PT] w=2.0308  (raw=2.2460  ‖ΔR‖=1.147e+01  ‖Δu‖=5.106e+00)
  [PT] w=2.0199  (raw=1.9221  ‖ΔR‖=8.704e+00  ‖Δu‖=4.529e+00)
  [PT] w=1.8902  (raw=0.7233  ‖ΔR‖=7.902e+00  ‖Δu‖=1.093e+01)
  [PT] w=1.8462  (raw=1.4497  ‖ΔR‖=1.119e+01  ‖Δu‖=7.718e+00)
  [PT] w=1.8798  (raw=2.1822  ‖ΔR‖=1.150e+01  ‖Δu‖=5.271e+00)
  [PT] w=1.8274  (raw=1.3557  ‖ΔR‖=1.053e+01  ‖Δu‖=7.766e+00)
  [PT] w=1.7762  (raw=1.3155  ‖ΔR‖=1.085e+01  ‖Δu‖=8.249e+00)
  [PT] w=1.7648  (raw=1.6624  ‖ΔR‖=8.494e+00  ‖Δu‖=5.110e+00)
[Adam] ep= 1920  total=8.726e-02  PDE=1.143e-02 [colloc=8.497e-03, cfd=2.935e-03] (w=2.364)  IN=5.478e-03 (w=0.805)  TB=2.823e-03 (w=0.634)  WALL=3.361e-16 (w=0.200)  OUT=1.341e-02 (w=1.445)  DATA=7.381e-03 (w=4.694)
  [PT] w=1.8203  (raw=2.3193  ‖ΔR‖=9.644e+00  ‖Δu‖=4.158e+00)
  [PT] w=1.7291  (raw=0.9092  ‖ΔR‖=9.616e+00  ‖Δu‖=1.058e+01)
  [PT] w=1.6771  (raw=1.2091  ‖ΔR‖=1.192e+01  ‖Δu‖=9.860e+00)
  [PT] w=1.8200  (raw=3.1057  ‖ΔR‖=1.019e+01  ‖Δu‖=3.281e+00)
  [PT] w=1.7673  (raw=1.2928  ‖ΔR‖=8.723e+00  ‖Δu‖=6.747e+00)
  [PT] w=1.7632  (raw=1.7265  ‖ΔR‖=1.504e+01  ‖Δu‖=8.712e+00)
  [PT] w=1.7297  (raw=1.4281  ‖ΔR‖=1.250e+01  ‖Δu‖=8.752e+00)
  [PT] w=1.6825  (raw=1.2577  ‖ΔR‖=5.245e+00  ‖Δu‖=4.170e+00)
  [PT] w=1.6530  (raw=1.3875  ‖ΔR‖=9.182e+00  ‖Δu‖=6.618e+00)
  [PT] w=1.6011  (raw=1.1341  ‖ΔR‖=1.385e+01  ‖Δu‖=1.221e+01)
  [PT] w=1.5877  (raw=1.4670  ‖ΔR‖=1.271e+01  ‖Δu‖=8.663e+00)
  [PT] w=1.6229  (raw=1.9397  ‖ΔR‖=1.066e+01  ‖Δu‖=5.494e+00)
  [PT] w=1.5707  (raw=1.1005  ‖ΔR‖=6.422e+00  ‖Δu‖=5.836e+00)
  [PT] w=1.6518  (raw=2.3826  ‖ΔR‖=1.316e+01  ‖Δu‖=5.523e+00)
  [PT] w=1.7253  (raw=2.3859  ‖ΔR‖=1.726e+01  ‖Δu‖=7.235e+00)
  [PT] w=1.7411  (raw=1.8840  ‖ΔR‖=1.051e+01  ‖Δu‖=5.577e+00)
  [PT] w=1.8818  (raw=3.1478  ‖ΔR‖=1.651e+01  ‖Δu‖=5.246e+00)
  [PT] w=1.8700  (raw=1.7639  ‖ΔR‖=7.704e+00  ‖Δu‖=4.368e+00)
  [PT] w=1.9339  (raw=2.5087  ‖ΔR‖=2.234e+01  ‖Δu‖=8.903e+00)
  [PT] w=1.8750  (raw=1.3453  ‖ΔR‖=7.340e+00  ‖Δu‖=5.456e+00)
[Adam] ep= 1940  total=8.422e-02  PDE=1.701e-02 [colloc=1.560e-02, cfd=1.408e-03] (w=2.578)  IN=2.478e-03 (w=0.940)  TB=2.240e-03 (w=0.706)  WALL=7.305e-16 (w=0.200)  OUT=2.728e-03 (w=0.982)  DATA=6.477e-03 (w=5.214)
  [PT] w=2.0472  (raw=3.5967  ‖ΔR‖=2.131e+01  ‖Δu‖=5.925e+00)
  [PT] w=2.1281  (raw=2.8560  ‖ΔR‖=5.864e+00  ‖Δu‖=2.053e+00)
  [PT] w=2.2767  (raw=3.6142  ‖ΔR‖=2.148e+01  ‖Δu‖=5.944e+00)
  [PT] w=2.2030  (raw=1.5398  ‖ΔR‖=5.701e+00  ‖Δu‖=3.703e+00)
  [PT] w=2.2408  (raw=2.5807  ‖ΔR‖=1.631e+01  ‖Δu‖=6.321e+00)
  [PT] w=2.2874  (raw=2.7071  ‖ΔR‖=1.616e+01  ‖Δu‖=5.971e+00)
  [PT] w=2.3391  (raw=2.8047  ‖ΔR‖=1.199e+01  ‖Δu‖=4.277e+00)
  [PT] w=2.5005  (raw=3.9527  ‖ΔR‖=1.362e+01  ‖Δu‖=3.445e+00)
  [PT] w=2.5597  (raw=3.0929  ‖ΔR‖=1.150e+01  ‖Δu‖=3.717e+00)
  [PT] w=2.5274  (raw=2.2360  ‖ΔR‖=2.586e+01  ‖Δu‖=1.157e+01)
  [PT] w=2.3584  (raw=0.8376  ‖ΔR‖=7.169e+00  ‖Δu‖=8.559e+00)
  [PT] w=2.3610  (raw=2.3842  ‖ΔR‖=1.821e+01  ‖Δu‖=7.639e+00)
  [PT] w=2.4771  (raw=3.5225  ‖ΔR‖=2.616e+01  ‖Δu‖=7.427e+00)
  [PT] w=2.4194  (raw=1.9001  ‖ΔR‖=9.866e+00  ‖Δu‖=5.193e+00)
  [PT] w=2.4159  (raw=2.3847  ‖ΔR‖=1.234e+01  ‖Δu‖=5.176e+00)
  [PT] w=2.5408  (raw=3.6649  ‖ΔR‖=2.310e+01  ‖Δu‖=6.304e+00)
  [PT] w=2.6468  (raw=3.6008  ‖ΔR‖=1.510e+01  ‖Δu‖=4.193e+00)
  [PT] w=2.6803  (raw=2.9810  ‖ΔR‖=1.536e+01  ‖Δu‖=5.153e+00)
  [PT] w=2.5616  (raw=1.4934  ‖ΔR‖=1.068e+01  ‖Δu‖=7.153e+00)
  [PT] w=2.5982  (raw=2.9279  ‖ΔR‖=1.869e+01  ‖Δu‖=6.385e+00)
[Adam] ep= 1960  total=8.185e-02  PDE=9.739e-03 [colloc=8.406e-03, cfd=1.333e-03] (w=2.889)  IN=6.660e-03 (w=0.893)  TB=3.319e-03 (w=0.718)  WALL=4.177e-16 (w=0.200)  OUT=1.764e-04 (w=0.493)  DATA=8.598e-03 (w=5.268)
  [PT] w=2.4812  (raw=1.4280  ‖ΔR‖=5.129e+00  ‖Δu‖=3.592e+00)
  [PT] w=2.4376  (raw=2.0454  ‖ΔR‖=1.469e+01  ‖Δu‖=7.183e+00)
  [PT] w=2.4689  (raw=2.7504  ‖ΔR‖=1.159e+01  ‖Δu‖=4.213e+00)
  [PT] w=2.5506  (raw=3.2858  ‖ΔR‖=1.504e+01  ‖Δu‖=4.577e+00)
  [PT] w=2.6176  (raw=3.2211  ‖ΔR‖=5.613e+00  ‖Δu‖=1.743e+00)
  [PT] w=2.6488  (raw=2.9294  ‖ΔR‖=2.078e+01  ‖Δu‖=7.093e+00)
  [PT] w=2.6212  (raw=2.3731  ‖ΔR‖=4.275e+00  ‖Δu‖=1.801e+00)
  [PT] w=2.6178  (raw=2.5874  ‖ΔR‖=1.700e+01  ‖Δu‖=6.572e+00)
  [PT] w=2.5773  (raw=2.2124  ‖ΔR‖=1.083e+01  ‖Δu‖=4.893e+00)
  [PT] w=2.6570  (raw=3.3738  ‖ΔR‖=1.167e+01  ‖Δu‖=3.460e+00)
  [PT] w=2.6545  (raw=2.6326  ‖ΔR‖=7.674e+00  ‖Δu‖=2.915e+00)
  [PT] w=2.7094  (raw=3.2033  ‖ΔR‖=1.904e+01  ‖Δu‖=5.944e+00)
  [PT] w=2.6174  (raw=1.7898  ‖ΔR‖=4.546e+00  ‖Δu‖=2.540e+00)
  [PT] w=2.6668  (raw=3.1107  ‖ΔR‖=1.456e+01  ‖Δu‖=4.681e+00)
  [PT] w=2.7468  (raw=3.4671  ‖ΔR‖=2.008e+01  ‖Δu‖=5.792e+00)
  [PT] w=2.7578  (raw=2.8572  ‖ΔR‖=1.043e+01  ‖Δu‖=3.651e+00)
  [PT] w=2.6761  (raw=1.9405  ‖ΔR‖=1.050e+01  ‖Δu‖=5.412e+00)
  [PT] w=2.6637  (raw=2.5519  ‖ΔR‖=1.541e+01  ‖Δu‖=6.037e+00)
  [PT] w=2.7858  (raw=3.8843  ‖ΔR‖=2.335e+01  ‖Δu‖=6.011e+00)
  [PT] w=2.7857  (raw=2.7848  ‖ΔR‖=6.963e+00  ‖Δu‖=2.500e+00)
[Adam] ep= 1980  total=1.185e-01  PDE=2.124e-02 [colloc=1.779e-02, cfd=3.448e-03] (w=2.910)  IN=4.871e-03 (w=0.906)  TB=2.029e-03 (w=0.720)  WALL=4.452e-16 (w=0.200)  OUT=1.557e-04 (w=0.287)  DATA=9.422e-03 (w=5.388)
  [PT] w=2.7786  (raw=2.7148  ‖ΔR‖=1.006e+01  ‖Δu‖=3.705e+00)
  [PT] w=2.8420  (raw=3.4131  ‖ΔR‖=2.016e+01  ‖Δu‖=5.906e+00)
  [PT] w=2.8774  (raw=3.1955  ‖ΔR‖=1.736e+01  ‖Δu‖=5.432e+00)
  [PT] w=2.9359  (raw=3.4624  ‖ΔR‖=8.417e+00  ‖Δu‖=2.431e+00)
  [PT] w=2.8425  (raw=2.0024  ‖ΔR‖=6.191e+00  ‖Δu‖=3.092e+00)
  [PT] w=2.8230  (raw=2.6475  ‖ΔR‖=1.581e+01  ‖Δu‖=5.970e+00)
  [PT] w=2.8808  (raw=3.4009  ‖ΔR‖=1.188e+01  ‖Δu‖=3.494e+00)
  [PT] w=2.7345  (raw=1.4179  ‖ΔR‖=2.158e+00  ‖Δu‖=1.522e+00)
  [PT] w=2.8318  (raw=3.7069  ‖ΔR‖=1.398e+01  ‖Δu‖=3.771e+00)
  [PT] w=2.7547  (raw=2.0615  ‖ΔR‖=9.715e+00  ‖Δu‖=4.713e+00)
  [PT] w=2.7329  (raw=2.5369  ‖ΔR‖=3.900e+00  ‖Δu‖=1.537e+00)
  [PT] w=2.7090  (raw=2.4935  ‖ΔR‖=1.465e+01  ‖Δu‖=5.877e+00)
  [PT] w=2.7192  (raw=2.8110  ‖ΔR‖=7.557e+00  ‖Δu‖=2.688e+00)
  [PT] w=2.7533  (raw=3.0598  ‖ΔR‖=1.095e+01  ‖Δu‖=3.578e+00)
  [PT] w=2.8187  (raw=3.4079  ‖ΔR‖=1.386e+01  ‖Δu‖=4.066e+00)
  [PT] w=2.7240  (raw=1.8712  ‖ΔR‖=4.621e+00  ‖Δu‖=2.470e+00)
  [PT] w=2.8418  (raw=3.9028  ‖ΔR‖=1.625e+01  ‖Δu‖=4.164e+00)
  [PT] w=2.9611  (raw=4.0341  ‖ΔR‖=6.245e+00  ‖Δu‖=1.548e+00)
  [PT] w=3.0218  (raw=3.5679  ‖ΔR‖=1.389e+01  ‖Δu‖=3.892e+00)
  [PT] w=3.0813  (raw=3.6176  ‖ΔR‖=1.216e+01  ‖Δu‖=3.362e+00)
[Adam] ep= 2000  total=6.724e-02  PDE=1.022e-02 [colloc=9.208e-03, cfd=1.014e-03] (w=2.834)  IN=2.333e-03 (w=0.903)  TB=1.959e-03 (w=0.781)  WALL=3.436e-16 (w=0.200)  OUT=1.744e-04 (w=0.261)  DATA=6.213e-03 (w=5.567)
============================================================
Phase 2 — BFGS (6000 total calls, 150 iters/batch)
Adaptive weights are frozen for BFGS stability | method=SSBroyden1
============================================================
[BFGS] full data fitting: 4869 CFD points pinned per call
[BFGS] using CUSTOM _optimize._minimize_bfgs (method_bfgs='SSBroyden1')
Invoked: SSBroyden1 approach!
[BFGS] batch=   1  call=     5  total=1.604e-01  PDE=1.070e-02 [colloc=9.934e-03, cfd=7.679e-04]  WALL=4.710e-16  DATA=2.271e-02
Invoked: SSBroyden1 approach!
[BFGS] batch=   1  call=     7  total=1.592e-01  PDE=9.975e-03 [colloc=9.228e-03, cfd=7.476e-04]  WALL=4.334e-16  DATA=2.287e-02
Invoked: SSBroyden1 approach!
[BFGS] batch=   1  call=     8  total=1.581e-01  PDE=9.622e-03 [colloc=8.863e-03, cfd=7.597e-04]  WALL=4.188e-16  DATA=2.285e-02
Invoked: SSBroyden1 approach!
[BFGS] batch=   1  call=     9  total=1.566e-01  PDE=1.028e-02 [colloc=9.430e-03, cfd=8.525e-04]  WALL=4.286e-16  DATA=2.223e-02
Invoked: SSBroyden1 approach!
[BFGS] batch=   1  call=    10  total=1.547e-01  PDE=1.073e-02 [colloc=9.725e-03, cfd=1.002e-03]  WALL=4.179e-16  DATA=2.168e-02
Invoked: SSBroyden1 approach!
[BFGS] batch=   1  call=    11  total=1.524e-01  PDE=1.151e-02 [colloc=1.050e-02, cfd=1.015e-03]  WALL=4.074e-16  DATA=2.088e-02
Invoked: SSBroyden1 approach!
[BFGS] batch=   1  call=    12  total=1.503e-01  PDE=1.257e-02 [colloc=1.115e-02, cfd=1.415e-03]  WALL=4.228e-16  DATA=1.998e-02
Invoked: SSBroyden1 approach!
[BFGS] batch=   1  call=    13  total=1.475e-01  PDE=1.315e-02 [colloc=1.130e-02, cfd=1.856e-03]  WALL=4.494e-16  DATA=1.923e-02
Invoked: SSBroyden1 approach!
[BFGS] batch=   1  call=    15  total=1.462e-01  PDE=1.381e-02 [colloc=1.169e-02, cfd=2.120e-03]  WALL=5.062e-16  DATA=1.863e-02
Invoked: SSBroyden1 approach!
[BFGS] batch=   1  call=    16  total=1.444e-01  PDE=1.409e-02 [colloc=1.176e-02, cfd=2.335e-03]  WALL=5.085e-16  DATA=1.815e-02
Invoked: SSBroyden1 approach!
[BFGS] batch=   1  call=    17  total=1.420e-01  PDE=1.545e-02 [colloc=1.307e-02, cfd=2.380e-03]  WALL=5.554e-16  DATA=1.703e-02
Invoked: SSBroyden1 approach!
[BFGS] batch=   1  call=    18  total=1.404e-01  PDE=1.648e-02 [colloc=1.340e-02, cfd=3.082e-03]  WALL=5.841e-16  DATA=1.626e-02
Invoked: SSBroyden1 approach!
[BFGS] batch=   1  call=    19  total=1.386e-01  PDE=1.708e-02 [colloc=1.368e-02, cfd=3.403e-03]  WALL=5.991e-16  DATA=1.560e-02
Invoked: SSBroyden1 approach!
[BFGS] batch=   1  call=    21  total=1.377e-01  PDE=1.768e-02 [colloc=1.413e-02, cfd=3.554e-03]  WALL=6.055e-16  DATA=1.510e-02
Invoked: SSBroyden1 approach!
[BFGS] batch=   1  call=    22  total=1.367e-01  PDE=1.855e-02 [colloc=1.503e-02, cfd=3.525e-03]  WALL=6.304e-16  DATA=1.449e-02
Invoked: SSBroyden1 approach!
[BFGS] batch=   1  call=    23  total=1.355e-01  PDE=1.882e-02 [colloc=1.517e-02, cfd=3.653e-03]  WALL=6.283e-16  DATA=1.415e-02
Invoked: SSBroyden1 approach!
[BFGS] batch=   1  call=    24  total=1.344e-01  PDE=1.961e-02 [colloc=1.597e-02, cfd=3.648e-03]  WALL=6.827e-16  DATA=1.357e-02
Invoked: SSBroyden1 approach!
[BFGS] batch=   1  call=    25  total=1.333e-01  PDE=1.996e-02 [colloc=1.640e-02, cfd=3.558e-03]  WALL=7.164e-16  DATA=1.323e-02
Invoked: SSBroyden1 approach!
[BFGS] batch=   1  call=    26  total=1.331e-01  PDE=2.053e-02 [colloc=1.693e-02, cfd=3.597e-03]  WALL=7.023e-16  DATA=1.292e-02
Invoked: SSBroyden1 approach!
[BFGS] batch=   1  call=    27  total=1.327e-01  PDE=2.042e-02 [colloc=1.682e-02, cfd=3.595e-03]  WALL=7.007e-16  DATA=1.290e-02
Invoked: SSBroyden1 approach!
[BFGS] batch=   1  call=    28  total=1.320e-01  PDE=2.031e-02 [colloc=1.682e-02, cfd=3.494e-03]  WALL=6.970e-16  DATA=1.284e-02
Invoked: SSBroyden1 approach!
[BFGS] batch=   1  call=    29  total=1.310e-01  PDE=1.997e-02 [colloc=1.649e-02, cfd=3.479e-03]  WALL=6.882e-16  DATA=1.284e-02
Invoked: SSBroyden1 approach!
[BFGS] batch=   1  call=    30  total=1.295e-01  PDE=1.931e-02 [colloc=1.601e-02, cfd=3.298e-03]  WALL=6.826e-16  DATA=1.292e-02
Invoked: SSBroyden1 approach!
[BFGS] batch=   1  call=    31  total=1.283e-01  PDE=1.964e-02 [colloc=1.632e-02, cfd=3.322e-03]  WALL=6.940e-16  DATA=1.253e-02
Invoked: SSBroyden1 approach!
[BFGS] batch=   1  call=    33  total=1.275e-01  PDE=1.914e-02 [colloc=1.587e-02, cfd=3.269e-03]  WALL=6.767e-16  DATA=1.265e-02
Invoked: SSBroyden1 approach!
[BFGS] batch=   1  call=    34  total=1.268e-01  PDE=1.876e-02 [colloc=1.550e-02, cfd=3.259e-03]  WALL=6.722e-16  DATA=1.268e-02
Invoked: SSBroyden1 approach!
[BFGS] batch=   1  call=    35  total=1.265e-01  PDE=1.837e-02 [colloc=1.510e-02, cfd=3.277e-03]  WALL=6.533e-16  DATA=1.279e-02
Invoked: SSBroyden1 approach!
[BFGS] batch=   1  call=    36  total=1.260e-01  PDE=1.835e-02 [colloc=1.509e-02, cfd=3.265e-03]  WALL=6.654e-16  DATA=1.272e-02
Invoked: SSBroyden1 approach!
[BFGS] batch=   1  call=    37  total=1.253e-01  PDE=1.831e-02 [colloc=1.507e-02, cfd=3.243e-03]  WALL=6.727e-16  DATA=1.261e-02
Invoked: SSBroyden1 approach!
[BFGS] batch=   1  call=    38  total=1.243e-01  PDE=1.850e-02 [colloc=1.516e-02, cfd=3.336e-03]  WALL=6.785e-16  DATA=1.237e-02
Invoked: SSBroyden1 approach!
[BFGS] batch=   1  call=    40  total=1.238e-01  PDE=1.887e-02 [colloc=1.554e-02, cfd=3.332e-03]  WALL=7.043e-16  DATA=1.212e-02
Invoked: SSBroyden1 approach!
[BFGS] batch=   1  call=    41  total=1.234e-01  PDE=1.880e-02 [colloc=1.552e-02, cfd=3.281e-03]  WALL=6.957e-16  DATA=1.205e-02
Invoked: SSBroyden1 approach!
[BFGS] batch=   1  call=    42  total=1.227e-01  PDE=1.900e-02 [colloc=1.573e-02, cfd=3.268e-03]  WALL=7.111e-16  DATA=1.183e-02
Invoked: SSBroyden1 approach!
[BFGS] batch=   1  call=    43  total=1.222e-01  PDE=1.922e-02 [colloc=1.594e-02, cfd=3.279e-03]  WALL=6.873e-16  DATA=1.163e-02
Invoked: SSBroyden1 approach!
[BFGS] batch=   1  call=    44  total=1.216e-01  PDE=1.931e-02 [colloc=1.606e-02, cfd=3.247e-03]  WALL=7.049e-16  DATA=1.146e-02
Invoked: SSBroyden1 approach!
[BFGS] batch=   1  call=    45  total=1.206e-01  PDE=1.918e-02 [colloc=1.600e-02, cfd=3.178e-03]  WALL=7.135e-16  DATA=1.133e-02
Invoked: SSBroyden1 approach!
[BFGS] batch=   1  call=    47  total=1.203e-01  PDE=1.915e-02 [colloc=1.593e-02, cfd=3.216e-03]  WALL=7.152e-16  DATA=1.128e-02
Invoked: SSBroyden1 approach!
[BFGS] batch=   1  call=    48  total=1.199e-01  PDE=1.934e-02 [colloc=1.608e-02, cfd=3.261e-03]  WALL=7.356e-16  DATA=1.110e-02
Invoked: SSBroyden1 approach!
[BFGS] batch=   1  call=    49  total=1.192e-01  PDE=1.932e-02 [colloc=1.606e-02, cfd=3.262e-03]  WALL=7.348e-16  DATA=1.100e-02
Invoked: SSBroyden1 approach!
[BFGS] batch=   1  call=    50  total=1.187e-01  PDE=1.923e-02 [colloc=1.592e-02, cfd=3.312e-03]  WALL=7.138e-16  DATA=1.093e-02
Invoked: SSBroyden1 approach!
[BFGS] batch=   1  call=    51  total=1.181e-01  PDE=1.927e-02 [colloc=1.595e-02, cfd=3.318e-03]  WALL=7.132e-16  DATA=1.080e-02
Invoked: SSBroyden1 approach!
[BFGS] batch=   1  call=    53  total=1.178e-01  PDE=1.953e-02 [colloc=1.622e-02, cfd=3.304e-03]  WALL=7.302e-16  DATA=1.062e-02
Invoked: SSBroyden1 approach!
[BFGS] batch=   1  call=    54  total=1.173e-01  PDE=1.950e-02 [colloc=1.621e-02, cfd=3.293e-03]  WALL=7.260e-16  DATA=1.057e-02
Invoked: SSBroyden1 approach!
[BFGS] batch=   1  call=    55  total=1.169e-01  PDE=1.940e-02 [colloc=1.609e-02, cfd=3.309e-03]  WALL=7.111e-16  DATA=1.056e-02
Invoked: SSBroyden1 approach!
[BFGS] batch=   1  call=    56  total=1.163e-01  PDE=1.945e-02 [colloc=1.612e-02, cfd=3.330e-03]  WALL=7.160e-16  DATA=1.043e-02
Invoked: SSBroyden1 approach!
[BFGS] batch=   1  call=    57  total=1.156e-01  PDE=1.941e-02 [colloc=1.613e-02, cfd=3.280e-03]  WALL=7.134e-16  DATA=1.031e-02
Invoked: SSBroyden1 approach!
[BFGS] batch=   1  call=    58  total=1.150e-01  PDE=1.953e-02 [colloc=1.621e-02, cfd=3.319e-03]  WALL=7.262e-16  DATA=1.019e-02
Invoked: SSBroyden1 approach!
[BFGS] batch=   1  call=    59  total=1.142e-01  PDE=1.941e-02 [colloc=1.604e-02, cfd=3.367e-03]  WALL=7.043e-16  DATA=1.011e-02
Invoked: SSBroyden1 approach!
[BFGS] batch=   1  call=    60  total=1.132e-01  PDE=1.942e-02 [colloc=1.600e-02, cfd=3.422e-03]  WALL=6.909e-16  DATA=9.931e-03
Invoked: SSBroyden1 approach!
[BFGS] batch=   1  call=    62  total=1.129e-01  PDE=1.919e-02 [colloc=1.579e-02, cfd=3.398e-03]  WALL=6.776e-16  DATA=9.997e-03
Invoked: SSBroyden1 approach!
[BFGS] batch=   1  call=    63  total=1.126e-01  PDE=1.912e-02 [colloc=1.576e-02, cfd=3.357e-03]  WALL=6.790e-16  DATA=9.973e-03
Invoked: SSBroyden1 approach!
[BFGS] batch=   1  call=    64  total=1.121e-01  PDE=1.917e-02 [colloc=1.578e-02, cfd=3.384e-03]  WALL=6.801e-16  DATA=9.875e-03
Invoked: SSBroyden1 approach!
[BFGS] batch=   1  call=    65  total=1.116e-01  PDE=1.944e-02 [colloc=1.605e-02, cfd=3.393e-03]  WALL=7.002e-16  DATA=9.651e-03
Invoked: SSBroyden1 approach!
[BFGS] batch=   1  call=    67  total=1.113e-01  PDE=1.925e-02 [colloc=1.584e-02, cfd=3.411e-03]  WALL=6.895e-16  DATA=9.690e-03
Invoked: SSBroyden1 approach!
[BFGS] batch=   1  call=    68  total=1.107e-01  PDE=1.944e-02 [colloc=1.602e-02, cfd=3.422e-03]  WALL=7.128e-16  DATA=9.509e-03
Invoked: SSBroyden1 approach!
[BFGS] batch=   1  call=    69  total=1.099e-01  PDE=1.928e-02 [colloc=1.584e-02, cfd=3.447e-03]  WALL=7.203e-16  DATA=9.443e-03
Invoked: SSBroyden1 approach!
[BFGS] batch=   1  call=    70  total=1.095e-01  PDE=1.948e-02 [colloc=1.597e-02, cfd=3.507e-03]  WALL=7.211e-16  DATA=9.240e-03
Invoked: SSBroyden1 approach!
[BFGS] batch=   1  call=    71  total=1.091e-01  PDE=1.990e-02 [colloc=1.634e-02, cfd=3.553e-03]  WALL=7.701e-16  DATA=8.970e-03
Invoked: SSBroyden1 approach!
[BFGS] batch=   1  call=    72  total=1.086e-01  PDE=1.977e-02 [colloc=1.620e-02, cfd=3.573e-03]  WALL=7.689e-16  DATA=8.931e-03
Invoked: SSBroyden1 approach!
[BFGS] batch=   1  call=    73  total=1.080e-01  PDE=1.969e-02 [colloc=1.605e-02, cfd=3.639e-03]  WALL=7.830e-16  DATA=8.830e-03
Invoked: SSBroyden1 approach!
[BFGS] batch=   1  call=    74  total=1.070e-01  PDE=1.939e-02 [colloc=1.569e-02, cfd=3.703e-03]  WALL=7.778e-16  DATA=8.792e-03
Invoked: SSBroyden1 approach!
[BFGS] batch=   1  call=    76  total=1.066e-01  PDE=1.927e-02 [colloc=1.558e-02, cfd=3.694e-03]  WALL=7.716e-16  DATA=8.773e-03
Invoked: SSBroyden1 approach!
[BFGS] batch=   1  call=    77  total=1.062e-01  PDE=1.933e-02 [colloc=1.556e-02, cfd=3.766e-03]  WALL=7.669e-16  DATA=8.648e-03
Invoked: SSBroyden1 approach!
[BFGS] batch=   1  call=    78  total=1.056e-01  PDE=1.962e-02 [colloc=1.577e-02, cfd=3.855e-03]  WALL=7.963e-16  DATA=8.402e-03
Invoked: SSBroyden1 approach!
[BFGS] batch=   1  call=    79  total=1.046e-01  PDE=1.959e-02 [colloc=1.569e-02, cfd=3.906e-03]  WALL=8.183e-16  DATA=8.236e-03
Invoked: SSBroyden1 approach!
[BFGS] batch=   1  call=    80  total=1.035e-01  PDE=2.010e-02 [colloc=1.610e-02, cfd=4.006e-03]  WALL=8.789e-16  DATA=7.739e-03
Invoked: SSBroyden1 approach!
[BFGS] batch=   1  call=    82  total=1.031e-01  PDE=1.983e-02 [colloc=1.579e-02, cfd=4.040e-03]  WALL=8.619e-16  DATA=7.804e-03
Invoked: SSBroyden1 approach!
[BFGS] batch=   1  call=    83  total=1.027e-01  PDE=1.986e-02 [colloc=1.582e-02, cfd=4.038e-03]  WALL=8.828e-16  DATA=7.689e-03
Invoked: SSBroyden1 approach!
[BFGS] batch=   1  call=    84  total=1.019e-01  PDE=2.011e-02 [colloc=1.604e-02, cfd=4.070e-03]  WALL=8.963e-16  DATA=7.423e-03
Invoked: SSBroyden1 approach!
[BFGS] batch=   1  call=    85  total=1.015e-01  PDE=2.066e-02 [colloc=1.648e-02, cfd=4.183e-03]  WALL=9.160e-16  DATA=7.018e-03
Invoked: SSBroyden1 approach!
[BFGS] batch=   1  call=    86  total=1.009e-01  PDE=2.064e-02 [colloc=1.636e-02, cfd=4.277e-03]  WALL=9.182e-16  DATA=6.909e-03
Invoked: SSBroyden1 approach!
[BFGS] batch=   1  call=    87  total=9.998e-02  PDE=2.083e-02 [colloc=1.640e-02, cfd=4.432e-03]  WALL=9.397e-16  DATA=6.648e-03
Invoked: SSBroyden1 approach!
[BFGS] batch=   1  call=    88  total=9.909e-02  PDE=2.116e-02 [colloc=1.649e-02, cfd=4.669e-03]  WALL=9.407e-16  DATA=6.324e-03
Invoked: SSBroyden1 approach!
[BFGS] batch=   1  call=    89  total=9.880e-02  PDE=2.184e-02 [colloc=1.708e-02, cfd=4.757e-03]  WALL=9.789e-16  DATA=5.901e-03
Invoked: SSBroyden1 approach!
[BFGS] batch=   1  call=    90  total=9.835e-02  PDE=2.173e-02 [colloc=1.693e-02, cfd=4.804e-03]  WALL=9.642e-16  DATA=5.864e-03
Invoked: SSBroyden1 approach!
[BFGS] batch=   1  call=    91  total=9.745e-02  PDE=2.163e-02 [colloc=1.676e-02, cfd=4.875e-03]  WALL=9.585e-16  DATA=5.772e-03
Invoked: SSBroyden1 approach!
[BFGS] batch=   1  call=    92  total=9.615e-02  PDE=2.160e-02 [colloc=1.650e-02, cfd=5.107e-03]  WALL=9.686e-16  DATA=5.578e-03
Invoked: SSBroyden1 approach!
[BFGS] batch=   1  call=    94  total=9.546e-02  PDE=2.128e-02 [colloc=1.611e-02, cfd=5.175e-03]  WALL=9.222e-16  DATA=5.607e-03
Invoked: SSBroyden1 approach!
[BFGS] batch=   1  call=    95  total=9.502e-02  PDE=2.118e-02 [colloc=1.596e-02, cfd=5.217e-03]  WALL=9.464e-16  DATA=5.603e-03
Invoked: SSBroyden1 approach!
[BFGS] batch=   1  call=    96  total=9.446e-02  PDE=2.128e-02 [colloc=1.602e-02, cfd=5.269e-03]  WALL=9.580e-16  DATA=5.479e-03
Invoked: SSBroyden1 approach!
[BFGS] batch=   1  call=    97  total=9.380e-02  PDE=2.138e-02 [colloc=1.600e-02, cfd=5.382e-03]  WALL=9.569e-16  DATA=5.335e-03
Invoked: SSBroyden1 approach!
[BFGS] batch=   1  call=    98  total=9.265e-02  PDE=2.115e-02 [colloc=1.566e-02, cfd=5.488e-03]  WALL=9.749e-16  DATA=5.274e-03
Invoked: SSBroyden1 approach!
[BFGS] batch=   1  call=    99  total=9.158e-02  PDE=2.160e-02 [colloc=1.597e-02, cfd=5.627e-03]  WALL=1.058e-15  DATA=4.871e-03
Invoked: SSBroyden1 approach!
[BFGS] batch=   1  call=   100  total=9.051e-02  PDE=2.124e-02 [colloc=1.548e-02, cfd=5.761e-03]  WALL=1.063e-15  DATA=4.873e-03
Invoked: SSBroyden1 approach!
[BFGS] batch=   1  call=   101  total=8.954e-02  PDE=2.095e-02 [colloc=1.496e-02, cfd=5.990e-03]  WALL=1.048e-15  DATA=4.843e-03
Invoked: SSBroyden1 approach!
[BFGS] batch=   1  call=   102  total=8.923e-02  PDE=2.117e-02 [colloc=1.512e-02, cfd=6.053e-03]  WALL=1.164e-15  DATA=4.694e-03
Invoked: SSBroyden1 approach!
[BFGS] batch=   1  call=   103  total=8.873e-02  PDE=2.100e-02 [colloc=1.499e-02, cfd=6.007e-03]  WALL=1.158e-15  DATA=4.678e-03
Invoked: SSBroyden1 approach!
[BFGS] batch=   1  call=   104  total=8.800e-02  PDE=2.076e-02 [colloc=1.478e-02, cfd=5.974e-03]  WALL=1.156e-15  DATA=4.666e-03
Invoked: SSBroyden1 approach!
[BFGS] batch=   1  call=   105  total=8.663e-02  PDE=2.038e-02 [colloc=1.443e-02, cfd=5.947e-03]  WALL=1.151e-15  DATA=4.630e-03
Invoked: SSBroyden1 approach!
[BFGS] batch=   1  call=   106  total=8.484e-02  PDE=1.986e-02 [colloc=1.406e-02, cfd=5.799e-03]  WALL=1.141e-15  DATA=4.558e-03
Invoked: SSBroyden1 approach!
[BFGS] batch=   1  call=   107  total=8.334e-02  PDE=1.944e-02 [colloc=1.376e-02, cfd=5.681e-03]  WALL=1.159e-15  DATA=4.458e-03
Invoked: SSBroyden1 approach!
[BFGS] batch=   1  call=   109  total=8.256e-02  PDE=1.918e-02 [colloc=1.350e-02, cfd=5.683e-03]  WALL=1.187e-15  DATA=4.434e-03
Invoked: SSBroyden1 approach!
[BFGS] batch=   1  call=   110  total=8.176e-02  PDE=1.871e-02 [colloc=1.313e-02, cfd=5.579e-03]  WALL=1.196e-15  DATA=4.510e-03
Invoked: SSBroyden1 approach!
[BFGS] batch=   1  call=   111  total=8.084e-02  PDE=1.852e-02 [colloc=1.303e-02, cfd=5.482e-03]  WALL=1.227e-15  DATA=4.430e-03
Invoked: SSBroyden1 approach!
[BFGS] batch=   1  call=   112  total=7.984e-02  PDE=1.840e-02 [colloc=1.309e-02, cfd=5.301e-03]  WALL=1.261e-15  DATA=4.290e-03
Invoked: SSBroyden1 approach!
[BFGS] batch=   1  call=   113  total=7.876e-02  PDE=1.846e-02 [colloc=1.326e-02, cfd=5.206e-03]  WALL=1.332e-15  DATA=4.049e-03
Invoked: SSBroyden1 approach!
[BFGS] batch=   1  call=   114  total=7.746e-02  PDE=1.775e-02 [colloc=1.271e-02, cfd=5.045e-03]  WALL=1.309e-15  DATA=4.151e-03
Invoked: SSBroyden1 approach!
[BFGS] batch=   1  call=   115  total=7.606e-02  PDE=1.738e-02 [colloc=1.268e-02, cfd=4.697e-03]  WALL=1.406e-15  DATA=4.077e-03
Invoked: SSBroyden1 approach!
[BFGS] batch=   1  call=   116  total=7.460e-02  PDE=1.697e-02 [colloc=1.256e-02, cfd=4.412e-03]  WALL=1.449e-15  DATA=4.042e-03
Invoked: SSBroyden1 approach!
[BFGS] batch=   1  call=   117  total=7.356e-02  PDE=1.635e-02 [colloc=1.214e-02, cfd=4.213e-03]  WALL=1.449e-15  DATA=4.181e-03
Invoked: SSBroyden1 approach!
[BFGS] batch=   1  call=   118  total=7.234e-02  PDE=1.603e-02 [colloc=1.189e-02, cfd=4.139e-03]  WALL=1.498e-15  DATA=4.159e-03
Invoked: SSBroyden1 approach!
[BFGS] batch=   1  call=   119  total=7.161e-02  PDE=1.579e-02 [colloc=1.157e-02, cfd=4.228e-03]  WALL=1.534e-15  DATA=4.161e-03
Invoked: SSBroyden1 approach!
[BFGS] batch=   1  call=   120  total=7.058e-02  PDE=1.553e-02 [colloc=1.127e-02, cfd=4.261e-03]  WALL=1.535e-15  DATA=4.126e-03
Invoked: SSBroyden1 approach!
[BFGS] batch=   1  call=   121  total=6.934e-02  PDE=1.513e-02 [colloc=1.090e-02, cfd=4.229e-03]  WALL=1.574e-15  DATA=4.093e-03
Invoked: SSBroyden1 approach!
[BFGS] batch=   1  call=   122  total=6.786e-02  PDE=1.490e-02 [colloc=1.081e-02, cfd=4.092e-03]  WALL=1.585e-15  DATA=3.966e-03
Invoked: SSBroyden1 approach!
[BFGS] batch=   1  call=   124  total=6.710e-02  PDE=1.469e-02 [colloc=1.067e-02, cfd=4.026e-03]  WALL=1.568e-15  DATA=3.933e-03
Invoked: SSBroyden1 approach!
[BFGS] batch=   1  call=   125  total=6.613e-02  PDE=1.449e-02 [colloc=1.053e-02, cfd=3.956e-03]  WALL=1.612e-15  DATA=3.889e-03
Invoked: SSBroyden1 approach!
[BFGS] batch=   1  call=   126  total=6.503e-02  PDE=1.435e-02 [colloc=1.041e-02, cfd=3.950e-03]  WALL=1.592e-15  DATA=3.787e-03
Invoked: SSBroyden1 approach!
[BFGS] batch=   1  call=   127  total=6.377e-02  PDE=1.391e-02 [colloc=9.907e-03, cfd=4.001e-03]  WALL=1.569e-15  DATA=3.835e-03
Invoked: SSBroyden1 approach!
[BFGS] batch=   1  call=   128  total=6.306e-02  PDE=1.453e-02 [colloc=1.033e-02, cfd=4.207e-03]  WALL=1.641e-15  DATA=3.410e-03
Invoked: SSBroyden1 approach!
[BFGS] batch=   1  call=   129  total=6.233e-02  PDE=1.415e-02 [colloc=9.888e-03, cfd=4.258e-03]  WALL=1.570e-15  DATA=3.473e-03
Invoked: SSBroyden1 approach!
[BFGS] batch=   1  call=   130  total=6.121e-02  PDE=1.369e-02 [colloc=9.460e-03, cfd=4.226e-03]  WALL=1.584e-15  DATA=3.502e-03
Invoked: SSBroyden1 approach!
[BFGS] batch=   1  call=   131  total=5.969e-02  PDE=1.350e-02 [colloc=9.283e-03, cfd=4.219e-03]  WALL=1.594e-15  DATA=3.330e-03
Invoked: SSBroyden1 approach!
[BFGS] batch=   1  call=   132  total=5.889e-02  PDE=1.327e-02 [colloc=8.931e-03, cfd=4.336e-03]  WALL=1.681e-15  DATA=3.312e-03
Invoked: SSBroyden1 approach!
[BFGS] batch=   1  call=   133  total=5.812e-02  PDE=1.295e-02 [colloc=8.571e-03, cfd=4.382e-03]  WALL=1.673e-15  DATA=3.330e-03
Invoked: SSBroyden1 approach!
[BFGS] batch=   1  call=   134  total=5.720e-02  PDE=1.284e-02 [colloc=8.438e-03, cfd=4.402e-03]  WALL=1.671e-15  DATA=3.238e-03
Invoked: SSBroyden1 approach!
[BFGS] batch=   1  call=   135  total=5.659e-02  PDE=1.285e-02 [colloc=8.435e-03, cfd=4.414e-03]  WALL=1.751e-15  DATA=3.121e-03
Invoked: SSBroyden1 approach!
[BFGS] batch=   1  call=   136  total=5.573e-02  PDE=1.258e-02 [colloc=8.298e-03, cfd=4.284e-03]  WALL=1.748e-15  DATA=3.105e-03
Invoked: SSBroyden1 approach!
[BFGS] batch=   1  call=   137  total=5.490e-02  PDE=1.256e-02 [colloc=8.318e-03, cfd=4.247e-03]  WALL=1.737e-15  DATA=2.991e-03
Invoked: SSBroyden1 approach!
[BFGS] batch=   1  call=   138  total=5.402e-02  PDE=1.242e-02 [colloc=8.177e-03, cfd=4.245e-03]  WALL=1.797e-15  DATA=2.895e-03
Invoked: SSBroyden1 approach!
[BFGS] batch=   1  call=   139  total=5.299e-02  PDE=1.222e-02 [colloc=8.066e-03, cfd=4.151e-03]  WALL=1.800e-15  DATA=2.819e-03
Invoked: SSBroyden1 approach!
[BFGS] batch=   1  call=   140  total=5.166e-02  PDE=1.186e-02 [colloc=7.709e-03, cfd=4.153e-03]  WALL=1.821e-15  DATA=2.774e-03
Invoked: SSBroyden1 approach!
[BFGS] batch=   1  call=   141  total=5.052e-02  PDE=1.152e-02 [colloc=7.156e-03, cfd=4.363e-03]  WALL=1.828e-15  DATA=2.710e-03
Invoked: SSBroyden1 approach!
[BFGS] batch=   1  call=   142  total=4.998e-02  PDE=1.147e-02 [colloc=6.999e-03, cfd=4.475e-03]  WALL=1.803e-15  DATA=2.640e-03
Invoked: SSBroyden1 approach!
[BFGS] batch=   1  call=   143  total=4.928e-02  PDE=1.136e-02 [colloc=6.839e-03, cfd=4.518e-03]  WALL=1.842e-15  DATA=2.584e-03
Invoked: SSBroyden1 approach!
[BFGS] batch=   1  call=   144  total=4.849e-02  PDE=1.113e-02 [colloc=6.448e-03, cfd=4.686e-03]  WALL=1.845e-15  DATA=2.582e-03
Invoked: SSBroyden1 approach!
[BFGS] batch=   1  call=   145  total=4.771e-02  PDE=1.104e-02 [colloc=6.181e-03, cfd=4.861e-03]  WALL=1.912e-15  DATA=2.504e-03
Invoked: SSBroyden1 approach!
[BFGS] batch=   1  call=   146  total=4.685e-02  PDE=1.097e-02 [colloc=6.053e-03, cfd=4.916e-03]  WALL=1.949e-15  DATA=2.380e-03
Invoked: SSBroyden1 approach!
[BFGS] batch=   1  call=   147  total=4.574e-02  PDE=1.074e-02 [colloc=5.833e-03, cfd=4.908e-03]  WALL=2.002e-15  DATA=2.315e-03
Invoked: SSBroyden1 approach!
[BFGS] batch=   1  call=   148  total=4.459e-02  PDE=1.030e-02 [colloc=5.451e-03, cfd=4.850e-03]  WALL=1.941e-15  DATA=2.334e-03
Invoked: SSBroyden1 approach!
[BFGS] batch=   1  call=   149  total=4.391e-02  PDE=1.034e-02 [colloc=5.524e-03, cfd=4.816e-03]  WALL=2.058e-15  DATA=2.193e-03
Invoked: SSBroyden1 approach!
[BFGS] batch=   1  call=   150  total=4.340e-02  PDE=1.011e-02 [colloc=5.278e-03, cfd=4.830e-03]  WALL=2.027e-15  DATA=2.214e-03
Invoked: SSBroyden1 approach!
[BFGS] batch=   1  call=   151  total=4.288e-02  PDE=1.003e-02 [colloc=5.268e-03, cfd=4.765e-03]  WALL=2.025e-15  DATA=2.162e-03
Invoked: SSBroyden1 approach!
[BFGS] batch=   1  call=   152  total=4.212e-02  PDE=9.893e-03 [colloc=5.129e-03, cfd=4.764e-03]  WALL=2.046e-15  DATA=2.111e-03
Invoked: SSBroyden1 approach!
[BFGS] batch=   1  call=   153  total=4.176e-02  PDE=1.009e-02 [colloc=5.291e-03, cfd=4.803e-03]  WALL=2.089e-15  DATA=1.933e-03
Invoked: SSBroyden1 approach!
[BFGS] batch=   1  call=   154  total=4.119e-02  PDE=1.002e-02 [colloc=5.193e-03, cfd=4.826e-03]  WALL=2.133e-15  DATA=1.878e-03
Invoked: SSBroyden1 approach!
[BFGS] batch=   1  call=   155  total=4.058e-02  PDE=9.963e-03 [colloc=5.139e-03, cfd=4.824e-03]  WALL=2.150e-15  DATA=1.790e-03
Invoked: SSBroyden1 approach!
[BFGS] batch=   1  call=   156  total=3.985e-02  PDE=9.789e-03 [colloc=5.025e-03, cfd=4.763e-03]  WALL=2.195e-15  DATA=1.743e-03
Invoked: SSBroyden1 approach!
[BFGS] batch=   1  call=   157  total=3.908e-02  PDE=9.632e-03 [colloc=4.908e-03, cfd=4.723e-03]  WALL=2.243e-15  DATA=1.703e-03
Invoked: SSBroyden1 approach!
[BFGS] batch=   1  call=   158  total=3.832e-02  PDE=9.476e-03 [colloc=4.700e-03, cfd=4.775e-03]  WALL=2.332e-15  DATA=1.659e-03
Invoked: SSBroyden1 approach!
[BFGS] batch=   1  call=   160  total=3.783e-02  PDE=9.376e-03 [colloc=4.578e-03, cfd=4.797e-03]  WALL=2.336e-15  DATA=1.631e-03
Invoked: SSBroyden1 approach!
[BFGS] batch=   1  call=   161  total=3.747e-02  PDE=9.368e-03 [colloc=4.559e-03, cfd=4.809e-03]  WALL=2.411e-15  DATA=1.564e-03
Invoked: SSBroyden1 approach!
[BFGS] batch=   1  call=   162  total=3.700e-02  PDE=9.246e-03 [colloc=4.395e-03, cfd=4.851e-03]  WALL=2.428e-15  DATA=1.540e-03
Invoked: SSBroyden1 approach!
[BFGS] batch=   1  call=   163  total=3.642e-02  PDE=9.068e-03 [colloc=4.321e-03, cfd=4.747e-03]  WALL=2.441e-15  DATA=1.539e-03
Invoked: SSBroyden1 approach!
[BFGS] batch=   1  call=   164  total=3.603e-02  PDE=8.781e-03 [colloc=4.078e-03, cfd=4.703e-03]  WALL=2.435e-15  DATA=1.605e-03
Invoked: SSBroyden1 approach!
[BFGS] batch=   1  call=   165  total=3.550e-02  PDE=8.708e-03 [colloc=3.956e-03, cfd=4.752e-03]  WALL=2.477e-15  DATA=1.556e-03
Invoked: SSBroyden1 approach!
[BFGS] batch=   1  call=   166  total=3.499e-02  PDE=8.458e-03 [colloc=3.743e-03, cfd=4.715e-03]  WALL=2.485e-15  DATA=1.595e-03
Invoked: SSBroyden1 approach!
[BFGS] batch=   1  call=   167  total=3.446e-02  PDE=8.377e-03 [colloc=3.747e-03, cfd=4.631e-03]  WALL=2.521e-15  DATA=1.567e-03
Invoked: SSBroyden1 approach!
[BFGS] batch=   1  call=   168  total=3.429e-02  PDE=8.115e-03 [colloc=3.693e-03, cfd=4.421e-03]  WALL=2.527e-15  DATA=1.658e-03
Invoked: SSBroyden1 approach!
[BFGS] batch=   1  call=   169  total=3.405e-02  PDE=8.125e-03 [colloc=3.755e-03, cfd=4.370e-03]  WALL=2.567e-15  DATA=1.609e-03
  [PT] w=3.0859  (raw=3.1268  ‖ΔR‖=6.362e+01  ‖Δu‖=2.035e+01)
[BFGS] batch 1: H0 not PD — resetting to identity.
[BFGS-END] batch=   1  last_total=3.405e-02  last_PDE=8.125e-03 [colloc=3.755e-03, cfd=4.370e-03]  last_WALL=2.567e-15  last_DATA=1.609e-03
Invoked: SSBroyden1 approach!
[BFGS] batch=   2  call=   173  total=2.735e-01  PDE=9.215e-02 [colloc=8.779e-02, cfd=4.357e-03]  WALL=4.022e-15  DATA=1.943e-03
Invoked: SSBroyden1 approach!
