## SLURM PROLOG ###############################################################
##    Job ID : 4234240
##  Job Name : pinn_re40_sweep
##  Nodelist : gpu3005
##      CPUs : 
##  Mem/Node : 102400 MB
## Directory : /oscar/home/jchen790/cylinder flow lab
##   Job Started : Thu Jul 23 04:04:24 PM EDT 2026
###############################################################################
############################################################
# sweep cell 'data2000_PT'   N=2000  PT=1
#   flags: --n-data-fixed 2000 --use-pt --pt-w-init 1.0 --pt-ema 0.9 --pt-w-min 1e-4 --pt-w-max 1e4
############################################################
[OK] _optimize._minimize_bfgs loaded — SSBroyden / SSBFGS variants available
Loaded Re40.vtk  cells=8234  (pressure=pMean)
Model: width=96, depth=5, params=38018
Loss weights: adaptive during Adam, frozen during BFGS
Cylinder no-slip: enforced hard through stream-function lifting
CFD-aware PDE residual: n_cfd_pde=8000, lambda_pde_cfd=1.0
[PT  ] pseudo-time stepping ENABLED  w_init=1.0  ema=0.9  w_bounds=[0.0001, 10000.0]
[data] anchor uses 2000 random CFD points (fresh each Adam epoch; one frozen set during BFGS)
[mem ] params=38018  H0 (NxN float64) = 10.77 GB  available ~ 100.0 GB
============================================================
Phase 1 — Adam (2000 epochs)
Goal: match CFD while improving PDE and enforcing wall no-slip exactly
============================================================
  [PT] w_u=1.1092 w_v=1.1092 gamma=1.000 (tau_u=9.015e-01 tau_v=9.015e-01 |Du|=5.50e+01 |DRu|=4.43e+02)
  [PT] w_u=1.2224 w_v=1.2273 gamma=1.000 (tau_u=8.181e-01 tau_v=8.148e-01 |Du|=1.36e+01 |DRu|=5.27e+01)
  [PT] w_u=1.3538 w_v=1.3600 gamma=1.000 (tau_u=7.387e-01 tau_v=7.353e-01 |Du|=2.60e+01 |DRu|=1.69e+02)
  [PT] w_u=1.5006 w_v=1.5082 gamma=1.000 (tau_u=6.664e-01 tau_v=6.631e-01 |Du|=2.77e+01 |DRu|=2.20e+02)
  [PT] w_u=1.6655 w_v=1.6747 gamma=1.000 (tau_u=6.004e-01 tau_v=5.971e-01 |Du|=5.49e+00 |DRu|=6.72e+01)
  [PT] w_u=1.8351 w_v=1.8443 gamma=1.000 (tau_u=5.449e-01 tau_v=5.422e-01 |Du|=8.67e+00 |DRu|=4.06e+01)
  [PT] w_u=2.0264 w_v=2.0371 gamma=1.000 (tau_u=4.935e-01 tau_v=4.909e-01 |Du|=1.52e+01 |DRu|=8.73e+01)
  [PT] w_u=2.2395 w_v=2.2520 gamma=1.000 (tau_u=4.465e-01 tau_v=4.441e-01 |Du|=1.82e+01 |DRu|=1.17e+02)
  [PT] w_u=2.4818 w_v=2.4952 gamma=1.000 (tau_u=4.029e-01 tau_v=4.008e-01 |Du|=1.36e+01 |DRu|=1.32e+02)
  [PT] w_u=2.7523 w_v=2.7626 gamma=1.000 (tau_u=3.633e-01 tau_v=3.620e-01 |Du|=5.97e+00 |DRu|=7.13e+01)
  [PT] w_u=3.0073 w_v=3.0010 gamma=1.000 (tau_u=3.325e-01 tau_v=3.332e-01 |Du|=9.37e+00 |DRu|=3.99e+01)
  [PT] w_u=3.2447 w_v=3.2374 gamma=1.000 (tau_u=3.082e-01 tau_v=3.089e-01 |Du|=1.36e+01 |DRu|=4.56e+01)
  [PT] w_u=3.5326 w_v=3.5276 gamma=1.000 (tau_u=2.831e-01 tau_v=2.835e-01 |Du|=1.64e+01 |DRu|=6.89e+01)
  [PT] w_u=3.8757 w_v=3.8714 gamma=1.000 (tau_u=2.580e-01 tau_v=2.583e-01 |Du|=1.68e+01 |DRu|=9.34e+01)
  [PT] w_u=4.2833 w_v=4.2589 gamma=1.000 (tau_u=2.335e-01 tau_v=2.348e-01 |Du|=7.12e+00 |DRu|=6.37e+01)
  [PT] w_u=4.7196 w_v=4.6262 gamma=1.000 (tau_u=2.119e-01 tau_v=2.162e-01 |Du|=5.76e+00 |DRu|=4.33e+01)
  [PT] w_u=5.0883 w_v=4.9227 gamma=1.000 (tau_u=1.965e-01 tau_v=2.031e-01 |Du|=9.74e+00 |DRu|=4.03e+01)
  [PT] w_u=5.3892 w_v=5.1661 gamma=1.000 (tau_u=1.856e-01 tau_v=1.936e-01 |Du|=1.29e+01 |DRu|=4.37e+01)
  [PT] w_u=5.7220 w_v=5.4576 gamma=1.000 (tau_u=1.748e-01 tau_v=1.832e-01 |Du|=1.48e+01 |DRu|=5.30e+01)
  [PT] w_u=6.0963 w_v=5.8372 gamma=1.000 (tau_u=1.640e-01 tau_v=1.713e-01 |Du|=1.40e+01 |DRu|=5.38e+01)
[Adam] ep=   20  total=5.083e+00  PDE=2.158e-01 [colloc=2.109e-01, cfd=4.903e-03] (w=2.376)  IN=8.165e-01 (w=1.232)  TB=9.101e-01 (w=1.264)  WALL=4.148e-15 (w=0.200)  OUT=2.309e-02 (w=0.489)  DATA=5.637e-01 (w=4.262)  DATA_P=0.000e+00 (w=1.000)
  [PT] w_u=6.4227 w_v=6.1276 gamma=1.000 (tau_u=1.557e-01 tau_v=1.632e-01 |Du|=8.45e+00 |DRu|=2.97e+01)
  [PT] w_u=6.9374 w_v=6.2721 gamma=1.000 (tau_u=1.441e-01 tau_v=1.594e-01 |Du|=4.92e+00 |DRu|=2.46e+01)
  [PT] w_u=7.5409 w_v=6.4372 gamma=1.000 (tau_u=1.326e-01 tau_v=1.553e-01 |Du|=5.33e+00 |DRu|=3.14e+01)
  [PT] w_u=8.0420 w_v=6.7975 gamma=1.000 (tau_u=1.243e-01 tau_v=1.471e-01 |Du|=7.57e+00 |DRu|=3.39e+01)
  [PT] w_u=8.1695 w_v=7.2844 gamma=1.000 (tau_u=1.224e-01 tau_v=1.373e-01 |Du|=8.80e+00 |DRu|=2.72e+01)
  [PT] w_u=8.0539 w_v=7.4159 gamma=1.000 (tau_u=1.242e-01 tau_v=1.348e-01 |Du|=8.53e+00 |DRu|=2.28e+01)
  [PT] w_u=8.4797 w_v=7.3971 gamma=0.961 (tau_u=1.179e-01 tau_v=1.352e-01 |Du|=6.50e+00 |DRu|=2.56e+01)
  [PT] w_u=8.7667 w_v=7.3250 gamma=1.000 (tau_u=1.141e-01 tau_v=1.365e-01 |Du|=4.89e+00 |DRu|=1.74e+01)
  [PT] w_u=8.4495 w_v=7.5391 gamma=1.000 (tau_u=1.184e-01 tau_v=1.326e-01 |Du|=7.38e+00 |DRu|=1.86e+01)
  [PT] w_u=8.4976 w_v=7.8831 gamma=1.000 (tau_u=1.177e-01 tau_v=1.269e-01 |Du|=9.52e+00 |DRu|=2.85e+01)
  [PT] w_u=8.8307 w_v=8.2007 gamma=1.000 (tau_u=1.132e-01 tau_v=1.219e-01 |Du|=6.39e+00 |DRu|=2.36e+01)
  [PT] w_u=8.9840 w_v=8.3632 gamma=1.000 (tau_u=1.113e-01 tau_v=1.196e-01 |Du|=3.35e+00 |DRu|=1.09e+01)
  [PT] w_u=9.0680 w_v=8.5712 gamma=1.000 (tau_u=1.103e-01 tau_v=1.167e-01 |Du|=4.27e+00 |DRu|=1.34e+01)
  [PT] w_u=9.3383 w_v=8.8135 gamma=1.000 (tau_u=1.071e-01 tau_v=1.135e-01 |Du|=7.03e+00 |DRu|=2.51e+01)
  [PT] w_u=9.6380 w_v=9.0325 gamma=1.000 (tau_u=1.038e-01 tau_v=1.107e-01 |Du|=9.56e+00 |DRu|=3.52e+01)
  [PT] w_u=9.7029 w_v=9.1853 gamma=1.000 (tau_u=1.031e-01 tau_v=1.089e-01 |Du|=5.60e+00 |DRu|=1.80e+01)
  [PT] w_u=9.3536 w_v=8.9248 gamma=1.000 (tau_u=1.069e-01 tau_v=1.120e-01 |Du|=2.84e+00 |DRu|=7.55e+00)
  [PT] w_u=10.0038 w_v=9.1410 gamma=1.000 (tau_u=9.996e-02 tau_v=1.094e-01 |Du|=3.62e+00 |DRu|=1.87e+01)
  [PT] w_u=10.5433 w_v=9.5004 gamma=1.000 (tau_u=9.485e-02 tau_v=1.053e-01 |Du|=5.35e+00 |DRu|=2.42e+01)
  [PT] w_u=10.4278 w_v=9.9346 gamma=1.000 (tau_u=9.590e-02 tau_v=1.007e-01 |Du|=2.99e+00 |DRu|=9.20e+00)
[Adam] ep=   40  total=4.266e+00  PDE=8.668e-02 [colloc=8.240e-02, cfd=4.274e-03] (w=1.442)  IN=6.087e-01 (w=1.445)  TB=7.531e-01 (w=1.551)  WALL=2.578e-15 (w=0.200)  OUT=5.703e-03 (w=0.302)  DATA=4.282e-01 (w=4.886)  DATA_P=0.000e+00 (w=1.000)
  [PT] w_u=11.2971 w_v=10.4661 gamma=0.999 (tau_u=8.852e-02 tau_v=9.555e-02 |Du|=2.96e+00 |DRu|=1.99e+01)
  [PT] w_u=10.2264 w_v=11.1246 gamma=1.000 (tau_u=9.779e-02 tau_v=8.989e-02 |Du|=6.98e+00 |DRu|=1.64e+01)
  [PT] w_u=8.5533 w_v=10.9905 gamma=1.000 (tau_u=1.169e-01 tau_v=9.099e-02 |Du|=9.23e+00 |DRu|=1.72e+01)
  [PT] w_u=8.7995 w_v=11.4617 gamma=1.000 (tau_u=1.136e-01 tau_v=8.725e-02 |Du|=9.48e+00 |DRu|=3.27e+01)
  [PT] w_u=9.0189 w_v=11.8952 gamma=1.000 (tau_u=1.109e-01 tau_v=8.407e-02 |Du|=4.55e+00 |DRu|=1.55e+01)
  [PT] w_u=9.4630 w_v=11.1105 gamma=1.000 (tau_u=1.057e-01 tau_v=9.001e-02 |Du|=3.24e+00 |DRu|=1.33e+01)
  [PT] w_u=10.0315 w_v=11.3316 gamma=1.000 (tau_u=9.969e-02 tau_v=8.825e-02 |Du|=6.27e+00 |DRu|=2.93e+01)
  [PT] w_u=10.1698 w_v=11.6452 gamma=1.000 (tau_u=9.833e-02 tau_v=8.587e-02 |Du|=6.74e+00 |DRu|=2.30e+01)
  [PT] w_u=9.8222 w_v=10.5827 gamma=1.000 (tau_u=1.018e-01 tau_v=9.449e-02 |Du|=5.34e+00 |DRu|=1.46e+01)
  [PT] w_u=10.6014 w_v=10.9077 gamma=1.000 (tau_u=9.433e-02 tau_v=9.168e-02 |Du|=5.91e+00 |DRu|=3.60e+01)
  [PT] w_u=10.8613 w_v=10.5919 gamma=1.000 (tau_u=9.207e-02 tau_v=9.441e-02 |Du|=3.35e+00 |DRu|=1.25e+01)
  [PT] w_u=11.3181 w_v=10.9965 gamma=1.000 (tau_u=8.835e-02 tau_v=9.094e-02 |Du|=7.24e+00 |DRu|=3.09e+01)
  [PT] w_u=12.0479 w_v=11.0933 gamma=1.000 (tau_u=8.300e-02 tau_v=9.014e-02 |Du|=7.44e+00 |DRu|=3.99e+01)
  [PT] w_u=12.2883 w_v=10.2134 gamma=1.000 (tau_u=8.138e-02 tau_v=9.791e-02 |Du|=3.87e+00 |DRu|=1.50e+01)
  [PT] w_u=12.3801 w_v=10.6190 gamma=1.000 (tau_u=8.077e-02 tau_v=9.417e-02 |Du|=7.58e+00 |DRu|=2.76e+01)
  [PT] w_u=12.7186 w_v=11.1045 gamma=1.000 (tau_u=7.863e-02 tau_v=9.005e-02 |Du|=1.36e+01 |DRu|=5.59e+01)
  [PT] w_u=12.4840 w_v=11.1011 gamma=1.000 (tau_u=8.010e-02 tau_v=9.008e-02 |Du|=7.81e+00 |DRu|=2.55e+01)
  [PT] w_u=13.0242 w_v=11.9191 gamma=1.000 (tau_u=7.678e-02 tau_v=8.390e-02 |Du|=4.27e+00 |DRu|=1.97e+01)
  [PT] w_u=13.8191 w_v=12.7678 gamma=1.000 (tau_u=7.236e-02 tau_v=7.832e-02 |Du|=8.90e+00 |DRu|=4.93e+01)
  [PT] w_u=12.3081 w_v=13.0888 gamma=1.000 (tau_u=8.125e-02 tau_v=7.640e-02 |Du|=6.71e+00 |DRu|=1.67e+01)
[Adam] ep=   60  total=1.802e+00  PDE=1.254e-01 [colloc=1.138e-01, cfd=1.161e-02] (w=1.381)  IN=1.932e-01 (w=1.360)  TB=3.913e-01 (w=1.687)  WALL=1.071e-15 (w=0.200)  OUT=9.881e-03 (w=0.285)  DATA=1.500e-01 (w=4.691)  DATA_P=0.000e+00 (w=1.000)
  [PT] w_u=13.1201 w_v=14.0845 gamma=1.000 (tau_u=7.622e-02 tau_v=7.100e-02 |Du|=6.20e+00 |DRu|=3.52e+01)
  [PT] w_u=11.2374 w_v=14.1269 gamma=1.000 (tau_u=8.899e-02 tau_v=7.079e-02 |Du|=9.18e+00 |DRu|=2.03e+01)
  [PT] w_u=11.3639 w_v=14.1585 gamma=1.000 (tau_u=8.800e-02 tau_v=7.063e-02 |Du|=1.10e+01 |DRu|=3.91e+01)
  [PT] w_u=10.9607 w_v=14.0771 gamma=1.000 (tau_u=9.124e-02 tau_v=7.104e-02 |Du|=5.20e+00 |DRu|=1.50e+01)
  [PT] w_u=10.8954 w_v=13.7636 gamma=1.000 (tau_u=9.178e-02 tau_v=7.266e-02 |Du|=1.31e+01 |DRu|=4.23e+01)
  [PT] w_u=11.0361 w_v=13.7245 gamma=1.000 (tau_u=9.061e-02 tau_v=7.286e-02 |Du|=5.51e+00 |DRu|=1.95e+01)
  [PT] w_u=11.3325 w_v=14.5704 gamma=1.000 (tau_u=8.824e-02 tau_v=6.863e-02 |Du|=1.13e+01 |DRu|=4.35e+01)
  [PT] w_u=10.0980 w_v=13.8726 gamma=1.000 (tau_u=9.903e-02 tau_v=7.208e-02 |Du|=1.03e+01 |DRu|=2.32e+01)
  [PT] w_u=10.6459 w_v=14.5079 gamma=1.000 (tau_u=9.393e-02 tau_v=6.893e-02 |Du|=1.12e+01 |DRu|=5.11e+01)
  [PT] w_u=10.1321 w_v=13.8713 gamma=1.000 (tau_u=9.870e-02 tau_v=7.209e-02 |Du|=7.30e+00 |DRu|=1.94e+01)
  [PT] w_u=10.2934 w_v=14.3888 gamma=1.000 (tau_u=9.715e-02 tau_v=6.950e-02 |Du|=1.12e+01 |DRu|=3.88e+01)
  [PT] w_u=10.5569 w_v=12.4453 gamma=1.000 (tau_u=9.472e-02 tau_v=8.035e-02 |Du|=5.53e+00 |DRu|=2.05e+01)
  [PT] w_u=11.1156 w_v=12.3811 gamma=1.000 (tau_u=8.996e-02 tau_v=8.077e-02 |Du|=9.33e+00 |DRu|=4.30e+01)
  [PT] w_u=10.8796 w_v=12.6388 gamma=1.000 (tau_u=9.192e-02 tau_v=7.912e-02 |Du|=7.05e+00 |DRu|=2.13e+01)
  [PT] w_u=11.6111 w_v=12.9833 gamma=1.000 (tau_u=8.612e-02 tau_v=7.702e-02 |Du|=1.04e+01 |DRu|=5.64e+01)
  [PT] w_u=11.1207 w_v=11.5668 gamma=1.000 (tau_u=8.992e-02 tau_v=8.645e-02 |Du|=5.62e+00 |DRu|=1.60e+01)
  [PT] w_u=11.7338 w_v=12.2388 gamma=1.000 (tau_u=8.522e-02 tau_v=8.171e-02 |Du|=9.37e+00 |DRu|=4.52e+01)
  [PT] w_u=11.5204 w_v=11.6339 gamma=1.000 (tau_u=8.680e-02 tau_v=8.596e-02 |Du|=9.67e+00 |DRu|=3.04e+01)
  [PT] w_u=12.4882 w_v=12.6189 gamma=1.000 (tau_u=8.008e-02 tau_v=7.925e-02 |Du|=4.90e+00 |DRu|=3.51e+01)
  [PT] w_u=12.6177 w_v=12.7666 gamma=1.000 (tau_u=7.925e-02 tau_v=7.833e-02 |Du|=5.58e+00 |DRu|=2.08e+01)
[Adam] ep=   80  total=7.978e-01  PDE=9.387e-02 [colloc=8.582e-02, cfd=8.058e-03] (w=1.753)  IN=6.209e-02 (w=1.189)  TB=1.575e-01 (w=1.681)  WALL=1.690e-15 (w=0.200)  OUT=1.076e-02 (w=0.378)  DATA=6.497e-02 (w=4.473)  DATA_P=0.000e+00 (w=1.000)
  [PT] w_u=12.6748 w_v=12.9024 gamma=1.000 (tau_u=7.890e-02 tau_v=7.751e-02 |Du|=1.34e+01 |DRu|=4.89e+01)
  [PT] w_u=11.9595 w_v=11.4559 gamma=1.000 (tau_u=8.362e-02 tau_v=8.729e-02 |Du|=1.03e+01 |DRu|=2.90e+01)
  [PT] w_u=12.5315 w_v=11.9546 gamma=1.000 (tau_u=7.980e-02 tau_v=8.365e-02 |Du|=1.12e+01 |DRu|=5.24e+01)
  [PT] w_u=11.7939 w_v=11.3606 gamma=1.000 (tau_u=8.479e-02 tau_v=8.802e-02 |Du|=7.10e+00 |DRu|=1.97e+01)
  [PT] w_u=11.9752 w_v=11.4062 gamma=1.000 (tau_u=8.351e-02 tau_v=8.767e-02 |Du|=1.32e+01 |DRu|=4.90e+01)
  [PT] w_u=11.4585 w_v=10.7656 gamma=1.000 (tau_u=8.727e-02 tau_v=9.289e-02 |Du|=1.08e+01 |DRu|=3.09e+01)
  [PT] w_u=10.3250 w_v=10.6346 gamma=1.000 (tau_u=9.685e-02 tau_v=9.403e-02 |Du|=6.28e+00 |DRu|=1.47e+01)
  [PT] w_u=10.0980 w_v=10.8496 gamma=1.000 (tau_u=9.903e-02 tau_v=9.217e-02 |Du|=1.14e+01 |DRu|=3.31e+01)
  [PT] w_u=10.7762 w_v=10.5132 gamma=1.000 (tau_u=9.280e-02 tau_v=9.512e-02 |Du|=6.60e+00 |DRu|=3.45e+01)
  [PT] w_u=10.8735 w_v=10.8099 gamma=1.000 (tau_u=9.197e-02 tau_v=9.251e-02 |Du|=8.06e+00 |DRu|=2.77e+01)
  [PT] w_u=10.1291 w_v=10.9762 gamma=1.000 (tau_u=9.873e-02 tau_v=9.111e-02 |Du|=8.11e+00 |DRu|=2.03e+01)
  [PT] w_u=10.7510 w_v=9.9757 gamma=1.000 (tau_u=9.301e-02 tau_v=1.002e-01 |Du|=7.17e+00 |DRu|=3.52e+01)
  [PT] w_u=11.1315 w_v=10.1598 gamma=1.000 (tau_u=8.984e-02 tau_v=9.843e-02 |Du|=9.97e+00 |DRu|=4.03e+01)
  [PT] w_u=11.0087 w_v=10.4998 gamma=1.000 (tau_u=9.084e-02 tau_v=9.524e-02 |Du|=1.82e+00 |DRu|=5.75e+00)
  [PT] w_u=11.5972 w_v=10.6241 gamma=1.000 (tau_u=8.623e-02 tau_v=9.413e-02 |Du|=7.18e+00 |DRu|=3.40e+01)
  [PT] w_u=12.3402 w_v=10.1970 gamma=1.000 (tau_u=8.104e-02 tau_v=9.807e-02 |Du|=7.28e+00 |DRu|=3.93e+01)
  [PT] w_u=12.2926 w_v=10.2444 gamma=1.000 (tau_u=8.135e-02 tau_v=9.761e-02 |Du|=7.11e+00 |DRu|=2.45e+01)
  [PT] w_u=12.7082 w_v=9.5880 gamma=1.000 (tau_u=7.869e-02 tau_v=1.043e-01 |Du|=3.57e+00 |DRu|=1.52e+01)
  [PT] w_u=13.0995 w_v=8.9547 gamma=1.000 (tau_u=7.634e-02 tau_v=1.117e-01 |Du|=1.02e+01 |DRu|=4.35e+01)
  [PT] w_u=13.4273 w_v=8.9135 gamma=1.000 (tau_u=7.447e-02 tau_v=1.122e-01 |Du|=8.14e+00 |DRu|=3.39e+01)
[Adam] ep=  100  total=7.860e-01  PDE=1.198e-01 [colloc=1.135e-01, cfd=6.249e-03] (w=2.049)  IN=5.232e-02 (w=1.115)  TB=9.459e-02 (w=1.547)  WALL=2.181e-15 (w=0.200)  OUT=1.546e-03 (w=0.302)  DATA=7.069e-02 (w=4.745)  DATA_P=0.000e+00 (w=1.000)
  [PT] w_u=14.0240 w_v=9.4839 gamma=1.000 (tau_u=7.131e-02 tau_v=1.054e-01 |Du|=7.30e+00 |DRu|=3.53e+01)
  [PT] w_u=14.0700 w_v=9.3093 gamma=1.000 (tau_u=7.107e-02 tau_v=1.074e-01 |Du|=5.72e+00 |DRu|=2.18e+01)
  [PT] w_u=14.6493 w_v=9.7022 gamma=1.000 (tau_u=6.826e-02 tau_v=1.031e-01 |Du|=1.21e+01 |DRu|=5.86e+01)
  [PT] w_u=14.6907 w_v=8.7247 gamma=1.000 (tau_u=6.807e-02 tau_v=1.146e-01 |Du|=5.67e+00 |DRu|=2.20e+01)
  [PT] w_u=15.5505 w_v=9.1454 gamma=1.000 (tau_u=6.431e-02 tau_v=1.093e-01 |Du|=1.04e+01 |DRu|=5.94e+01)
  [PT] w_u=13.2611 w_v=9.7579 gamma=1.000 (tau_u=7.541e-02 tau_v=1.025e-01 |Du|=3.64e+00 |DRu|=8.69e+00)
  [PT] w_u=13.9969 w_v=10.0097 gamma=1.000 (tau_u=7.144e-02 tau_v=9.990e-02 |Du|=9.05e+00 |DRu|=4.79e+01)
  [PT] w_u=13.9825 w_v=9.0409 gamma=1.000 (tau_u=7.152e-02 tau_v=1.106e-01 |Du|=5.50e+00 |DRu|=2.05e+01)
  [PT] w_u=14.6794 w_v=9.5800 gamma=1.000 (tau_u=6.812e-02 tau_v=1.044e-01 |Du|=1.11e+01 |DRu|=5.74e+01)
  [PT] w_u=13.9993 w_v=8.8161 gamma=1.000 (tau_u=7.143e-02 tau_v=1.134e-01 |Du|=4.60e+00 |DRu|=1.44e+01)
  [PT] w_u=14.8204 w_v=9.3991 gamma=1.000 (tau_u=6.747e-02 tau_v=1.064e-01 |Du|=9.19e+00 |DRu|=5.15e+01)
  [PT] w_u=15.1760 w_v=9.4788 gamma=1.000 (tau_u=6.589e-02 tau_v=1.055e-01 |Du|=5.83e+00 |DRu|=2.56e+01)
  [PT] w_u=15.5946 w_v=9.1749 gamma=0.995 (tau_u=6.412e-02 tau_v=1.090e-01 |Du|=8.37e+00 |DRu|=3.80e+01)
  [PT] w_u=16.0855 w_v=8.9721 gamma=1.000 (tau_u=6.217e-02 tau_v=1.115e-01 |Du|=7.16e+00 |DRu|=3.39e+01)
  [PT] w_u=16.4828 w_v=8.8476 gamma=1.000 (tau_u=6.067e-02 tau_v=1.130e-01 |Du|=7.21e+00 |DRu|=3.32e+01)
  [PT] w_u=16.7088 w_v=9.3127 gamma=1.000 (tau_u=5.985e-02 tau_v=1.074e-01 |Du|=6.34e+00 |DRu|=2.77e+01)
  [PT] w_u=17.3464 w_v=8.8757 gamma=1.000 (tau_u=5.765e-02 tau_v=1.127e-01 |Du|=5.81e+00 |DRu|=2.99e+01)
  [PT] w_u=17.5094 w_v=8.4392 gamma=1.000 (tau_u=5.711e-02 tau_v=1.185e-01 |Du|=1.26e+01 |DRu|=5.49e+01)
  [PT] w_u=17.8040 w_v=8.1640 gamma=1.000 (tau_u=5.617e-02 tau_v=1.225e-01 |Du|=6.76e+00 |DRu|=3.10e+01)
  [PT] w_u=18.9353 w_v=8.8936 gamma=1.000 (tau_u=5.281e-02 tau_v=1.124e-01 |Du|=7.75e+00 |DRu|=5.16e+01)
[Adam] ep=  120  total=1.218e+00  PDE=2.392e-01 [colloc=2.326e-01, cfd=6.581e-03] (w=2.476)  IN=5.808e-02 (w=1.036)  TB=9.359e-02 (w=1.310)  WALL=6.415e-15 (w=0.200)  OUT=7.957e-03 (w=0.316)  DATA=9.349e-02 (w=4.708)  DATA_P=0.000e+00 (w=1.000)
  [PT] w_u=17.9755 w_v=9.4652 gamma=1.000 (tau_u=5.563e-02 tau_v=1.057e-01 |Du|=2.96e+00 |DRu|=1.04e+01)
  [PT] w_u=18.1125 w_v=9.9893 gamma=1.000 (tau_u=5.521e-02 tau_v=1.001e-01 |Du|=9.24e+00 |DRu|=4.07e+01)
  [PT] w_u=18.3081 w_v=10.1656 gamma=1.000 (tau_u=5.462e-02 tau_v=9.837e-02 |Du|=1.25e+01 |DRu|=5.62e+01)
  [PT] w_u=18.2789 w_v=9.2125 gamma=1.000 (tau_u=5.471e-02 tau_v=1.085e-01 |Du|=6.94e+00 |DRu|=2.95e+01)
  [PT] w_u=18.7414 w_v=9.0990 gamma=1.000 (tau_u=5.336e-02 tau_v=1.099e-01 |Du|=9.99e+00 |DRu|=4.92e+01)
  [PT] w_u=18.7075 w_v=9.5910 gamma=1.000 (tau_u=5.345e-02 tau_v=1.043e-01 |Du|=1.15e+01 |DRu|=4.92e+01)
  [PT] w_u=18.9471 w_v=9.7993 gamma=1.000 (tau_u=5.278e-02 tau_v=1.020e-01 |Du|=2.58e+00 |DRu|=1.19e+01)
  [PT] w_u=20.1062 w_v=10.3305 gamma=1.000 (tau_u=4.974e-02 tau_v=9.680e-02 |Du|=7.32e+00 |DRu|=4.89e+01)
  [PT] w_u=19.0468 w_v=9.1480 gamma=1.000 (tau_u=5.250e-02 tau_v=1.093e-01 |Du|=5.69e+00 |DRu|=2.04e+01)
  [PT] w_u=18.8206 w_v=9.4106 gamma=1.000 (tau_u=5.313e-02 tau_v=1.063e-01 |Du|=1.03e+01 |DRu|=4.23e+01)
  [PT] w_u=18.4331 w_v=8.5915 gamma=1.000 (tau_u=5.425e-02 tau_v=1.164e-01 |Du|=3.21e+00 |DRu|=1.26e+01)
  [PT] w_u=18.4400 w_v=9.0128 gamma=1.000 (tau_u=5.423e-02 tau_v=1.110e-01 |Du|=7.04e+00 |DRu|=3.03e+01)
  [PT] w_u=19.0342 w_v=9.4027 gamma=1.000 (tau_u=5.254e-02 tau_v=1.064e-01 |Du|=3.91e+00 |DRu|=2.03e+01)
  [PT] w_u=17.8694 w_v=8.5573 gamma=0.985 (tau_u=5.596e-02 tau_v=1.169e-01 |Du|=6.42e+00 |DRu|=2.16e+01)
  [PT] w_u=17.7748 w_v=8.9181 gamma=1.000 (tau_u=5.626e-02 tau_v=1.121e-01 |Du|=1.31e+01 |DRu|=5.39e+01)
  [PT] w_u=17.5256 w_v=8.5101 gamma=1.000 (tau_u=5.706e-02 tau_v=1.175e-01 |Du|=4.93e+00 |DRu|=1.95e+01)
  [PT] w_u=18.2180 w_v=8.8285 gamma=1.000 (tau_u=5.489e-02 tau_v=1.133e-01 |Du|=6.98e+00 |DRu|=3.71e+01)
  [PT] w_u=18.1119 w_v=9.4836 gamma=1.000 (tau_u=5.521e-02 tau_v=1.054e-01 |Du|=1.37e+01 |DRu|=5.67e+01)
  [PT] w_u=14.6258 w_v=9.3466 gamma=1.000 (tau_u=6.837e-02 tau_v=1.070e-01 |Du|=7.21e+00 |DRu|=1.67e+01)
  [PT] w_u=15.5652 w_v=9.6230 gamma=1.000 (tau_u=6.425e-02 tau_v=1.039e-01 |Du|=6.37e+00 |DRu|=3.87e+01)
[Adam] ep=  140  total=1.400e+00  PDE=2.140e-01 [colloc=2.090e-01, cfd=5.016e-03] (w=2.536)  IN=1.124e-01 (w=1.113)  TB=9.895e-02 (w=1.185)  WALL=4.334e-15 (w=0.200)  OUT=1.264e-03 (w=0.207)  DATA=1.273e-01 (w=4.827)  DATA_P=0.000e+00 (w=1.000)
  [PT] w_u=15.2116 w_v=9.3713 gamma=1.000 (tau_u=6.574e-02 tau_v=1.067e-01 |Du|=1.30e+01 |DRu|=4.63e+01)
  [PT] w_u=13.1590 w_v=8.7034 gamma=1.000 (tau_u=7.599e-02 tau_v=1.149e-01 |Du|=1.08e+01 |DRu|=2.62e+01)
  [PT] w_u=13.6777 w_v=9.2829 gamma=1.000 (tau_u=7.311e-02 tau_v=1.077e-01 |Du|=1.10e+01 |DRu|=5.08e+01)
  [PT] w_u=14.1787 w_v=9.8268 gamma=1.000 (tau_u=7.053e-02 tau_v=1.018e-01 |Du|=3.86e+00 |DRu|=1.78e+01)
  [PT] w_u=13.8435 w_v=10.5678 gamma=1.000 (tau_u=7.224e-02 tau_v=9.463e-02 |Du|=6.55e+00 |DRu|=2.21e+01)
  [PT] w_u=13.9275 w_v=11.2104 gamma=1.000 (tau_u=7.180e-02 tau_v=8.920e-02 |Du|=1.13e+01 |DRu|=4.34e+01)
  [PT] w_u=12.5874 w_v=9.7535 gamma=1.000 (tau_u=7.944e-02 tau_v=1.025e-01 |Du|=6.85e+00 |DRu|=1.78e+01)
  [PT] w_u=13.4126 w_v=9.7342 gamma=1.000 (tau_u=7.456e-02 tau_v=1.027e-01 |Du|=7.13e+00 |DRu|=4.08e+01)
  [PT] w_u=11.9600 w_v=8.6857 gamma=1.000 (tau_u=8.361e-02 tau_v=1.151e-01 |Du|=7.02e+00 |DRu|=1.73e+01)
  [PT] w_u=12.3495 w_v=9.3388 gamma=1.000 (tau_u=8.097e-02 tau_v=1.071e-01 |Du|=1.10e+01 |DRu|=4.61e+01)
  [PT] w_u=11.8655 w_v=10.0311 gamma=1.000 (tau_u=8.428e-02 tau_v=9.969e-02 |Du|=3.07e+00 |DRu|=9.10e+00)
  [PT] w_u=12.4662 w_v=10.6879 gamma=1.000 (tau_u=8.022e-02 tau_v=9.356e-02 |Du|=5.92e+00 |DRu|=2.83e+01)
  [PT] w_u=12.4656 w_v=11.0729 gamma=1.000 (tau_u=8.022e-02 tau_v=9.031e-02 |Du|=1.24e+01 |DRu|=4.39e+01)
  [PT] w_u=11.6738 w_v=9.5362 gamma=1.000 (tau_u=8.566e-02 tau_v=1.049e-01 |Du|=6.48e+00 |DRu|=1.77e+01)
  [PT] w_u=12.5006 w_v=9.7712 gamma=1.000 (tau_u=8.000e-02 tau_v=1.023e-01 |Du|=6.36e+00 |DRu|=3.73e+01)
  [PT] w_u=9.6126 w_v=9.5868 gamma=1.000 (tau_u=1.040e-01 tau_v=1.043e-01 |Du|=1.03e+01 |DRu|=1.81e+01)
  [PT] w_u=9.9663 w_v=10.3610 gamma=1.000 (tau_u=1.003e-01 tau_v=9.652e-02 |Du|=1.11e+01 |DRu|=4.27e+01)
  [PT] w_u=8.7820 w_v=9.8614 gamma=1.000 (tau_u=1.139e-01 tau_v=1.014e-01 |Du|=6.43e+00 |DRu|=1.33e+01)
  [PT] w_u=9.3967 w_v=10.5291 gamma=1.000 (tau_u=1.064e-01 tau_v=9.497e-02 |Du|=7.69e+00 |DRu|=3.87e+01)
  [PT] w_u=8.7353 w_v=10.9807 gamma=1.000 (tau_u=1.145e-01 tau_v=9.107e-02 |Du|=1.34e+01 |DRu|=3.10e+01)
[Adam] ep=  160  total=7.094e-01  PDE=9.639e-02 [colloc=9.416e-02, cfd=2.228e-03] (w=2.136)  IN=6.374e-02 (w=1.242)  TB=1.112e-01 (w=1.388)  WALL=3.591e-15 (w=0.200)  OUT=1.436e-03 (w=0.200)  DATA=5.547e-02 (w=4.863)  DATA_P=0.000e+00 (w=1.000)
  [PT] w_u=8.3668 w_v=11.1393 gamma=1.000 (tau_u=1.195e-01 tau_v=8.977e-02 |Du|=1.35e+01 |DRu|=3.34e+01)
  [PT] w_u=8.8318 w_v=11.7121 gamma=1.000 (tau_u=1.132e-01 tau_v=8.538e-02 |Du|=6.09e+00 |DRu|=2.56e+01)
  [PT] w_u=8.1678 w_v=12.3186 gamma=0.999 (tau_u=1.224e-01 tau_v=8.118e-02 |Du|=8.91e+00 |DRu|=1.97e+01)
  [PT] w_u=8.4910 w_v=12.9028 gamma=1.000 (tau_u=1.178e-01 tau_v=7.750e-02 |Du|=1.47e+01 |DRu|=5.35e+01)
  [PT] w_u=7.8784 w_v=12.3573 gamma=1.000 (tau_u=1.269e-01 tau_v=8.092e-02 |Du|=8.08e+00 |DRu|=1.77e+01)
  [PT] w_u=8.4698 w_v=13.1675 gamma=1.000 (tau_u=1.181e-01 tau_v=7.594e-02 |Du|=6.71e+00 |DRu|=3.43e+01)
  [PT] w_u=8.9072 w_v=13.9778 gamma=1.000 (tau_u=1.123e-01 tau_v=7.154e-02 |Du|=1.50e+01 |DRu|=6.13e+01)
  [PT] w_u=8.2895 w_v=14.5161 gamma=1.000 (tau_u=1.206e-01 tau_v=6.889e-02 |Du|=1.21e+01 |DRu|=2.72e+01)
  [PT] w_u=8.2645 w_v=15.1546 gamma=1.000 (tau_u=1.210e-01 tau_v=6.599e-02 |Du|=1.06e+01 |DRu|=3.00e+01)
  [PT] w_u=8.8323 w_v=15.8820 gamma=1.000 (tau_u=1.132e-01 tau_v=6.296e-02 |Du|=1.08e+01 |DRu|=5.21e+01)
  [PT] w_u=8.7525 w_v=15.8083 gamma=1.000 (tau_u=1.143e-01 tau_v=6.326e-02 |Du|=8.38e+00 |DRu|=2.38e+01)
  [PT] w_u=8.3046 w_v=15.6501 gamma=1.000 (tau_u=1.204e-01 tau_v=6.390e-02 |Du|=1.03e+01 |DRu|=2.45e+01)
  [PT] w_u=8.7153 w_v=16.1912 gamma=1.000 (tau_u=1.147e-01 tau_v=6.176e-02 |Du|=1.37e+01 |DRu|=5.41e+01)
  [PT] w_u=8.3272 w_v=16.0451 gamma=1.000 (tau_u=1.201e-01 tau_v=6.232e-02 |Du|=7.21e+00 |DRu|=1.76e+01)
  [PT] w_u=8.9880 w_v=17.0133 gamma=1.000 (tau_u=1.113e-01 tau_v=5.878e-02 |Du|=5.69e+00 |DRu|=3.19e+01)
  [PT] w_u=9.4455 w_v=17.7753 gamma=1.000 (tau_u=1.059e-01 tau_v=5.626e-02 |Du|=1.36e+01 |DRu|=5.66e+01)
  [PT] w_u=8.4199 w_v=17.7804 gamma=1.000 (tau_u=1.188e-01 tau_v=5.624e-02 |Du|=1.24e+01 |DRu|=2.56e+01)
  [PT] w_u=8.2363 w_v=17.8234 gamma=1.000 (tau_u=1.214e-01 tau_v=5.611e-02 |Du|=1.23e+01 |DRu|=3.22e+01)
  [PT] w_u=8.7603 w_v=18.3980 gamma=1.000 (tau_u=1.142e-01 tau_v=5.435e-02 |Du|=1.20e+01 |DRu|=5.45e+01)
  [PT] w_u=9.2284 w_v=19.1758 gamma=1.000 (tau_u=1.084e-01 tau_v=5.215e-02 |Du|=5.57e+00 |DRu|=2.35e+01)
[Adam] ep=  180  total=9.866e-01  PDE=1.123e-01 [colloc=1.098e-01, cfd=2.492e-03] (w=2.337)  IN=1.050e-01 (w=1.192)  TB=9.511e-02 (w=1.354)  WALL=2.967e-15 (w=0.200)  OUT=9.675e-04 (w=0.200)  DATA=1.031e-01 (w=4.559)  DATA_P=0.000e+00 (w=1.000)
  [PT] w_u=8.5181 w_v=18.7375 gamma=1.000 (tau_u=1.174e-01 tau_v=5.337e-02 |Du|=7.79e+00 |DRu|=1.75e+01)
  [PT] w_u=8.7868 w_v=18.9428 gamma=0.996 (tau_u=1.138e-01 tau_v=5.279e-02 |Du|=1.27e+01 |DRu|=4.44e+01)
  [PT] w_u=8.4507 w_v=15.9128 gamma=1.000 (tau_u=1.183e-01 tau_v=6.284e-02 |Du|=6.81e+00 |DRu|=1.71e+01)
  [PT] w_u=7.7897 w_v=15.1384 gamma=0.998 (tau_u=1.284e-01 tau_v=6.606e-02 |Du|=9.32e+00 |DRu|=1.99e+01)
  [PT] w_u=8.3775 w_v=16.0934 gamma=1.000 (tau_u=1.194e-01 tau_v=6.214e-02 |Du|=6.34e+00 |DRu|=3.24e+01)
  [PT] w_u=8.1449 w_v=14.7501 gamma=1.000 (tau_u=1.228e-01 tau_v=6.780e-02 |Du|=2.84e+00 |DRu|=7.26e+00)
  [PT] w_u=8.6882 w_v=15.3708 gamma=0.999 (tau_u=1.151e-01 tau_v=6.506e-02 |Du|=7.82e+00 |DRu|=3.65e+01)
  [PT] w_u=7.5560 w_v=15.1890 gamma=1.000 (tau_u=1.323e-01 tau_v=6.584e-02 |Du|=8.57e+00 |DRu|=1.60e+01)
  [PT] w_u=7.8909 w_v=15.7767 gamma=1.000 (tau_u=1.267e-01 tau_v=6.338e-02 |Du|=9.56e+00 |DRu|=3.46e+01)
  [PT] w_u=8.3940 w_v=16.9491 gamma=1.000 (tau_u=1.191e-01 tau_v=5.900e-02 |Du|=1.73e+00 |DRu|=7.66e+00)
  [PT] w_u=8.7449 w_v=17.5859 gamma=1.000 (tau_u=1.144e-01 tau_v=5.686e-02 |Du|=1.08e+01 |DRu|=4.05e+01)
  [PT] w_u=7.7768 w_v=17.1704 gamma=1.000 (tau_u=1.286e-01 tau_v=5.824e-02 |Du|=8.01e+00 |DRu|=1.58e+01)
  [PT] w_u=8.2741 w_v=17.7504 gamma=1.000 (tau_u=1.209e-01 tau_v=5.634e-02 |Du|=8.17e+00 |DRu|=3.60e+01)
  [PT] w_u=7.4734 w_v=17.5623 gamma=1.000 (tau_u=1.338e-01 tau_v=5.694e-02 |Du|=7.58e+00 |DRu|=1.52e+01)
  [PT] w_u=7.5352 w_v=18.0743 gamma=1.000 (tau_u=1.327e-01 tau_v=5.533e-02 |Du|=1.05e+01 |DRu|=3.00e+01)
  [PT] w_u=7.9001 w_v=18.7803 gamma=1.000 (tau_u=1.266e-01 tau_v=5.325e-02 |Du|=4.54e+00 |DRu|=1.70e+01)
  [PT] w_u=7.7389 w_v=18.3288 gamma=0.998 (tau_u=1.292e-01 tau_v=5.456e-02 |Du|=7.96e+00 |DRu|=2.03e+01)
  [PT] w_u=7.9247 w_v=18.8285 gamma=0.999 (tau_u=1.262e-01 tau_v=5.311e-02 |Du|=7.15e+00 |DRu|=2.27e+01)
  [PT] w_u=8.5622 w_v=19.5518 gamma=0.996 (tau_u=1.168e-01 tau_v=5.115e-02 |Du|=3.42e+00 |DRu|=1.90e+01)
  [PT] w_u=7.4239 w_v=18.0133 gamma=0.999 (tau_u=1.347e-01 tau_v=5.551e-02 |Du|=1.07e+01 |DRu|=1.97e+01)
[Adam] ep=  200  total=4.736e-01  PDE=2.537e-02 [colloc=2.288e-02, cfd=2.487e-03] (w=1.875)  IN=6.578e-02 (w=1.364)  TB=6.041e-02 (w=1.438)  WALL=3.514e-16 (w=0.200)  OUT=1.200e-03 (w=0.200)  DATA=5.129e-02 (w=4.859)  DATA_P=0.000e+00 (w=1.000)
  [PT] w_u=7.9920 w_v=18.6512 gamma=1.000 (tau_u=1.251e-01 tau_v=5.362e-02 |Du|=7.14e+00 |DRu|=3.62e+01)
  [PT] w_u=8.1149 w_v=18.1963 gamma=1.000 (tau_u=1.232e-01 tau_v=5.496e-02 |Du|=1.86e+00 |DRu|=5.72e+00)
  [PT] w_u=8.7259 w_v=18.8483 gamma=0.999 (tau_u=1.146e-01 tau_v=5.306e-02 |Du|=7.73e+00 |DRu|=4.02e+01)
  [PT] w_u=8.2710 w_v=16.1778 gamma=0.997 (tau_u=1.209e-01 tau_v=6.181e-02 |Du|=2.30e+00 |DRu|=5.45e+00)
  [PT] w_u=8.8921 w_v=16.8304 gamma=1.000 (tau_u=1.125e-01 tau_v=5.942e-02 |Du|=8.62e+00 |DRu|=4.52e+01)
  [PT] w_u=8.1861 w_v=13.9964 gamma=1.000 (tau_u=1.222e-01 tau_v=7.145e-02 |Du|=3.32e+00 |DRu|=7.26e+00)
  [PT] w_u=8.8020 w_v=14.7753 gamma=1.000 (tau_u=1.136e-01 tau_v=6.768e-02 |Du|=8.01e+00 |DRu|=4.18e+01)
  [PT] w_u=8.7655 w_v=15.2273 gamma=1.000 (tau_u=1.141e-01 tau_v=6.567e-02 |Du|=1.35e+01 |DRu|=3.94e+01)
  [PT] w_u=8.0706 w_v=14.8498 gamma=1.000 (tau_u=1.239e-01 tau_v=6.734e-02 |Du|=1.01e+01 |DRu|=2.20e+01)
  [PT] w_u=8.6345 w_v=15.5015 gamma=1.000 (tau_u=1.158e-01 tau_v=6.451e-02 |Du|=9.92e+00 |DRu|=4.78e+01)
  [PT] w_u=8.4657 w_v=15.7142 gamma=1.000 (tau_u=1.181e-01 tau_v=6.364e-02 |Du|=5.14e+00 |DRu|=1.38e+01)
  [PT] w_u=8.7834 w_v=16.3765 gamma=1.000 (tau_u=1.139e-01 tau_v=6.106e-02 |Du|=8.06e+00 |DRu|=2.94e+01)
  [PT] w_u=9.1561 w_v=16.7838 gamma=1.000 (tau_u=1.092e-01 tau_v=5.958e-02 |Du|=1.40e+01 |DRu|=5.39e+01)
  [PT] w_u=8.8279 w_v=15.4724 gamma=1.000 (tau_u=1.133e-01 tau_v=6.463e-02 |Du|=7.19e+00 |DRu|=1.86e+01)
  [PT] w_u=9.5727 w_v=15.8778 gamma=1.000 (tau_u=1.045e-01 tau_v=6.298e-02 |Du|=6.04e+00 |DRu|=3.81e+01)
  [PT] w_u=9.9956 w_v=16.6042 gamma=1.000 (tau_u=1.000e-01 tau_v=6.023e-02 |Du|=1.36e+01 |DRu|=5.56e+01)
  [PT] w_u=8.1711 w_v=16.7268 gamma=1.000 (tau_u=1.224e-01 tau_v=5.978e-02 |Du|=1.09e+01 |DRu|=1.91e+01)
  [PT] w_u=8.4966 w_v=17.3475 gamma=1.000 (tau_u=1.177e-01 tau_v=5.765e-02 |Du|=1.10e+01 |DRu|=4.00e+01)
  [PT] w_u=9.2082 w_v=17.7617 gamma=1.000 (tau_u=1.086e-01 tau_v=5.630e-02 |Du|=1.02e+01 |DRu|=6.23e+01)
  [PT] w_u=9.7731 w_v=16.5150 gamma=1.000 (tau_u=1.023e-01 tau_v=6.055e-02 |Du|=5.40e+00 |DRu|=2.52e+01)
[Adam] ep=  220  total=9.560e-01  PDE=2.127e-01 [colloc=2.098e-01, cfd=2.861e-03] (w=2.657)  IN=6.507e-02 (w=1.234)  TB=2.710e-02 (w=1.021)  WALL=3.856e-15 (w=0.200)  OUT=1.002e-03 (w=0.200)  DATA=6.286e-02 (w=4.497)  DATA_P=0.000e+00 (w=1.000)
  [PT] w_u=9.8432 w_v=16.0528 gamma=1.000 (tau_u=1.016e-01 tau_v=6.229e-02 |Du|=7.91e+00 |DRu|=2.57e+01)
  [PT] w_u=10.4236 w_v=16.7031 gamma=1.000 (tau_u=9.594e-02 tau_v=5.987e-02 |Du|=1.31e+01 |DRu|=6.16e+01)
  [PT] w_u=11.0845 w_v=17.1809 gamma=1.000 (tau_u=9.022e-02 tau_v=5.820e-02 |Du|=1.02e+01 |DRu|=5.19e+01)
  [PT] w_u=10.1419 w_v=15.8329 gamma=1.000 (tau_u=9.860e-02 tau_v=6.316e-02 |Du|=8.07e+00 |DRu|=1.93e+01)
  [PT] w_u=10.1503 w_v=15.7443 gamma=1.000 (tau_u=9.852e-02 tau_v=6.352e-02 |Du|=1.04e+01 |DRu|=3.32e+01)
  [PT] w_u=10.6640 w_v=16.2383 gamma=1.000 (tau_u=9.377e-02 tau_v=6.158e-02 |Du|=1.34e+01 |DRu|=5.91e+01)
  [PT] w_u=10.9915 w_v=16.8538 gamma=1.000 (tau_u=9.098e-02 tau_v=5.933e-02 |Du|=6.75e+00 |DRu|=2.63e+01)
  [PT] w_u=10.0233 w_v=16.9140 gamma=1.000 (tau_u=9.977e-02 tau_v=5.912e-02 |Du|=7.05e+00 |DRu|=1.67e+01)
  [PT] w_u=10.3622 w_v=17.3707 gamma=1.000 (tau_u=9.650e-02 tau_v=5.757e-02 |Du|=1.13e+01 |DRu|=4.34e+01)
  [PT] w_u=10.4515 w_v=13.8067 gamma=1.000 (tau_u=9.568e-02 tau_v=7.243e-02 |Du|=3.60e+00 |DRu|=1.21e+01)
  [PT] w_u=10.7381 w_v=14.0786 gamma=1.000 (tau_u=9.313e-02 tau_v=7.103e-02 |Du|=8.79e+00 |DRu|=3.32e+01)
  [PT] w_u=10.0852 w_v=13.9494 gamma=1.000 (tau_u=9.916e-02 tau_v=7.169e-02 |Du|=5.83e+00 |DRu|=1.49e+01)
  [PT] w_u=10.7960 w_v=14.6658 gamma=1.000 (tau_u=9.263e-02 tau_v=6.819e-02 |Du|=8.05e+00 |DRu|=4.38e+01)
  [PT] w_u=11.2516 w_v=14.1400 gamma=1.000 (tau_u=8.888e-02 tau_v=7.072e-02 |Du|=2.48e+00 |DRu|=1.06e+01)
  [PT] w_u=11.6881 w_v=14.6040 gamma=1.000 (tau_u=8.556e-02 tau_v=6.847e-02 |Du|=5.82e+00 |DRu|=2.47e+01)
  [PT] w_u=12.2483 w_v=15.2431 gamma=1.000 (tau_u=8.164e-02 tau_v=6.560e-02 |Du|=1.14e+01 |DRu|=5.30e+01)
  [PT] w_u=12.2436 w_v=15.5319 gamma=1.000 (tau_u=8.168e-02 tau_v=6.438e-02 |Du|=4.94e+00 |DRu|=1.72e+01)
  [PT] w_u=12.8479 w_v=15.8176 gamma=1.000 (tau_u=7.783e-02 tau_v=6.322e-02 |Du|=4.02e+00 |DRu|=1.93e+01)
  [PT] w_u=13.5911 w_v=16.4743 gamma=1.000 (tau_u=7.358e-02 tau_v=6.070e-02 |Du|=8.87e+00 |DRu|=4.72e+01)
  [PT] w_u=12.8419 w_v=16.7819 gamma=1.000 (tau_u=7.787e-02 tau_v=5.959e-02 |Du|=4.03e+00 |DRu|=1.18e+01)
[Adam] ep=  240  total=4.939e-01  PDE=5.727e-02 [colloc=5.491e-02, cfd=2.357e-03] (w=2.519)  IN=6.284e-02 (w=1.311)  TB=4.569e-02 (w=0.979)  WALL=1.767e-15 (w=0.200)  OUT=8.373e-04 (w=0.200)  DATA=4.574e-02 (w=4.862)  DATA_P=0.000e+00 (w=1.000)
  [PT] w_u=13.1195 w_v=16.6016 gamma=0.985 (tau_u=7.622e-02 tau_v=6.024e-02 |Du|=6.35e+00 |DRu|=2.54e+01)
  [PT] w_u=13.7421 w_v=16.5526 gamma=1.000 (tau_u=7.277e-02 tau_v=6.041e-02 |Du|=1.03e+01 |DRu|=5.06e+01)
  [PT] w_u=13.3183 w_v=14.6980 gamma=1.000 (tau_u=7.508e-02 tau_v=6.804e-02 |Du|=6.03e+00 |DRu|=1.95e+01)
  [PT] w_u=13.2221 w_v=14.8326 gamma=1.000 (tau_u=7.563e-02 tau_v=6.742e-02 |Du|=6.75e+00 |DRu|=2.38e+01)
  [PT] w_u=13.8950 w_v=15.5030 gamma=1.000 (tau_u=7.197e-02 tau_v=6.450e-02 |Du|=1.08e+01 |DRu|=5.46e+01)
  [PT] w_u=13.5118 w_v=15.6982 gamma=1.000 (tau_u=7.401e-02 tau_v=6.370e-02 |Du|=1.02e+01 |DRu|=3.36e+01)
  [PT] w_u=11.1228 w_v=15.0803 gamma=1.000 (tau_u=8.991e-02 tau_v=6.631e-02 |Du|=1.03e+01 |DRu|=2.14e+01)
  [PT] w_u=11.1117 w_v=15.2986 gamma=1.000 (tau_u=9.000e-02 tau_v=6.537e-02 |Du|=1.07e+01 |DRu|=3.57e+01)
  [PT] w_u=11.5122 w_v=15.8093 gamma=1.000 (tau_u=8.686e-02 tau_v=6.325e-02 |Du|=1.08e+01 |DRu|=4.44e+01)
  [PT] w_u=9.9085 w_v=15.6667 gamma=1.000 (tau_u=1.009e-01 tau_v=6.383e-02 |Du|=9.73e+00 |DRu|=2.04e+01)
  [PT] w_u=9.4313 w_v=15.6946 gamma=1.000 (tau_u=1.060e-01 tau_v=6.372e-02 |Du|=1.03e+01 |DRu|=2.64e+01)
  [PT] w_u=9.9498 w_v=16.3641 gamma=1.000 (tau_u=1.005e-01 tau_v=6.111e-02 |Du|=1.09e+01 |DRu|=4.83e+01)
  [PT] w_u=10.4495 w_v=16.7281 gamma=1.000 (tau_u=9.570e-02 tau_v=5.978e-02 |Du|=2.48e+00 |DRu|=1.08e+01)
  [PT] w_u=10.6985 w_v=16.5427 gamma=1.000 (tau_u=9.347e-02 tau_v=6.045e-02 |Du|=6.83e+00 |DRu|=2.52e+01)
  [PT] w_u=10.8621 w_v=16.6153 gamma=1.000 (tau_u=9.206e-02 tau_v=6.019e-02 |Du|=1.45e+01 |DRu|=5.15e+01)
  [PT] w_u=9.7083 w_v=15.3128 gamma=1.000 (tau_u=1.030e-01 tau_v=6.530e-02 |Du|=8.57e+00 |DRu|=1.91e+01)
  [PT] w_u=9.9380 w_v=15.6088 gamma=1.000 (tau_u=1.006e-01 tau_v=6.407e-02 |Du|=5.48e+00 |DRu|=1.95e+01)
  [PT] w_u=10.5284 w_v=16.2827 gamma=1.000 (tau_u=9.498e-02 tau_v=6.141e-02 |Du|=8.82e+00 |DRu|=4.19e+01)
  [PT] w_u=9.8722 w_v=16.5535 gamma=1.000 (tau_u=1.013e-01 tau_v=6.041e-02 |Du|=1.10e+01 |DRu|=2.76e+01)
  [PT] w_u=8.6405 w_v=16.3783 gamma=1.000 (tau_u=1.157e-01 tau_v=6.106e-02 |Du|=9.47e+00 |DRu|=1.91e+01)
[Adam] ep=  260  total=7.483e-01  PDE=1.010e-01 [colloc=9.841e-02, cfd=2.553e-03] (w=2.336)  IN=8.076e-02 (w=1.292)  TB=7.813e-02 (w=1.193)  WALL=2.447e-15 (w=0.200)  OUT=5.592e-04 (w=0.258)  DATA=6.614e-02 (w=4.758)  DATA_P=0.000e+00 (w=1.000)
  [PT] w_u=9.0809 w_v=16.9838 gamma=1.000 (tau_u=1.101e-01 tau_v=5.888e-02 |Du|=8.60e+00 |DRu|=3.52e+01)
  [PT] w_u=8.4607 w_v=14.6390 gamma=1.000 (tau_u=1.182e-01 tau_v=6.831e-02 |Du|=5.67e+00 |DRu|=1.30e+01)
  [PT] w_u=8.6170 w_v=14.6806 gamma=0.997 (tau_u=1.161e-01 tau_v=6.812e-02 |Du|=8.31e+00 |DRu|=2.67e+01)
  [PT] w_u=8.8795 w_v=15.1262 gamma=0.993 (tau_u=1.126e-01 tau_v=6.611e-02 |Du|=3.51e+00 |DRu|=1.22e+01)
  [PT] w_u=7.7719 w_v=12.8309 gamma=0.992 (tau_u=1.287e-01 tau_v=7.794e-02 |Du|=7.73e+00 |DRu|=1.47e+01)
  [PT] w_u=8.2086 w_v=13.5206 gamma=1.000 (tau_u=1.218e-01 tau_v=7.396e-02 |Du|=8.69e+00 |DRu|=3.54e+01)
  [PT] w_u=7.1260 w_v=11.2671 gamma=1.000 (tau_u=1.403e-01 tau_v=8.875e-02 |Du|=3.57e+00 |DRu|=6.45e+00)
  [PT] w_u=7.7150 w_v=11.8548 gamma=1.000 (tau_u=1.296e-01 tau_v=8.435e-02 |Du|=5.42e+00 |DRu|=2.98e+01)
  [PT] w_u=8.2343 w_v=12.6395 gamma=1.000 (tau_u=1.214e-01 tau_v=7.912e-02 |Du|=1.07e+01 |DRu|=4.87e+01)
  [PT] w_u=8.2076 w_v=12.4016 gamma=1.000 (tau_u=1.218e-01 tau_v=8.063e-02 |Du|=5.36e+00 |DRu|=1.51e+01)
  [PT] w_u=8.8125 w_v=12.4954 gamma=1.000 (tau_u=1.135e-01 tau_v=8.003e-02 |Du|=4.57e+00 |DRu|=2.34e+01)
  [PT] w_u=9.4537 w_v=13.1053 gamma=1.000 (tau_u=1.058e-01 tau_v=7.631e-02 |Du|=9.37e+00 |DRu|=4.90e+01)
  [PT] w_u=8.9342 w_v=13.2395 gamma=1.000 (tau_u=1.119e-01 tau_v=7.553e-02 |Du|=7.42e+00 |DRu|=1.81e+01)
  [PT] w_u=9.1098 w_v=14.1642 gamma=1.000 (tau_u=1.098e-01 tau_v=7.060e-02 |Du|=7.16e+00 |DRu|=2.38e+01)
  [PT] w_u=9.8507 w_v=14.9320 gamma=1.000 (tau_u=1.015e-01 tau_v=6.697e-02 |Du|=8.88e+00 |DRu|=5.38e+01)
  [PT] w_u=10.6780 w_v=15.1384 gamma=1.000 (tau_u=9.365e-02 tau_v=6.606e-02 |Du|=2.64e+00 |DRu|=1.75e+01)
  [PT] w_u=10.9979 w_v=15.5855 gamma=1.000 (tau_u=9.093e-02 tau_v=6.416e-02 |Du|=4.97e+00 |DRu|=1.93e+01)
  [PT] w_u=11.5894 w_v=16.3057 gamma=1.000 (tau_u=8.629e-02 tau_v=6.133e-02 |Du|=1.02e+01 |DRu|=4.83e+01)
  [PT] w_u=11.9885 w_v=17.6469 gamma=1.000 (tau_u=8.341e-02 tau_v=5.667e-02 |Du|=6.26e+00 |DRu|=2.61e+01)
  [PT] w_u=10.9705 w_v=16.5328 gamma=1.000 (tau_u=9.115e-02 tau_v=6.049e-02 |Du|=5.58e+00 |DRu|=1.39e+01)
[Adam] ep=  280  total=5.679e-01  PDE=9.841e-02 [colloc=9.595e-02, cfd=2.467e-03] (w=2.456)  IN=6.365e-02 (w=1.279)  TB=4.194e-02 (w=1.217)  WALL=2.213e-15 (w=0.200)  OUT=1.242e-03 (w=0.216)  DATA=4.504e-02 (w=4.295)  DATA_P=0.000e+00 (w=1.000)
  [PT] w_u=11.3793 w_v=16.7173 gamma=1.000 (tau_u=8.788e-02 tau_v=5.982e-02 |Du|=8.66e+00 |DRu|=3.58e+01)
  [PT] w_u=10.5347 w_v=17.1993 gamma=1.000 (tau_u=9.492e-02 tau_v=5.814e-02 |Du|=1.09e+01 |DRu|=2.73e+01)
  [PT] w_u=9.7935 w_v=16.5348 gamma=1.000 (tau_u=1.021e-01 tau_v=6.048e-02 |Du|=8.86e+00 |DRu|=2.17e+01)
  [PT] w_u=10.3189 w_v=16.6236 gamma=1.000 (tau_u=9.691e-02 tau_v=6.016e-02 |Du|=7.95e+00 |DRu|=3.55e+01)
  [PT] w_u=8.3149 w_v=16.5363 gamma=1.000 (tau_u=1.203e-01 tau_v=6.047e-02 |Du|=8.90e+00 |DRu|=1.55e+01)
  [PT] w_u=8.3391 w_v=17.0962 gamma=0.999 (tau_u=1.199e-01 tau_v=5.849e-02 |Du|=1.17e+01 |DRu|=3.42e+01)
  [PT] w_u=7.0952 w_v=14.6583 gamma=0.998 (tau_u=1.409e-01 tau_v=6.822e-02 |Du|=5.12e+00 |DRu|=8.91e+00)
  [PT] w_u=7.5366 w_v=15.4896 gamma=1.000 (tau_u=1.327e-01 tau_v=6.456e-02 |Du|=8.46e+00 |DRu|=3.50e+01)
  [PT] w_u=7.1124 w_v=14.5282 gamma=1.000 (tau_u=1.406e-01 tau_v=6.883e-02 |Du|=6.00e+00 |DRu|=1.30e+01)
  [PT] w_u=7.5759 w_v=14.9280 gamma=1.000 (tau_u=1.320e-01 tau_v=6.699e-02 |Du|=6.76e+00 |DRu|=2.89e+01)
  [PT] w_u=7.6151 w_v=14.8803 gamma=1.000 (tau_u=1.313e-01 tau_v=6.720e-02 |Du|=1.16e+01 |DRu|=3.27e+01)
  [PT] w_u=7.1379 w_v=12.5156 gamma=1.000 (tau_u=1.401e-01 tau_v=7.990e-02 |Du|=7.69e+00 |DRu|=1.64e+01)
  [PT] w_u=7.6930 w_v=12.8429 gamma=1.000 (tau_u=1.300e-01 tau_v=7.786e-02 |Du|=5.54e+00 |DRu|=2.81e+01)
  [PT] w_u=6.9760 w_v=12.3258 gamma=0.999 (tau_u=1.433e-01 tau_v=8.113e-02 |Du|=9.00e+00 |DRu|=1.75e+01)
  [PT] w_u=7.1886 w_v=12.4386 gamma=1.000 (tau_u=1.391e-01 tau_v=8.039e-02 |Du|=1.24e+01 |DRu|=3.89e+01)
  [PT] w_u=6.8617 w_v=11.4810 gamma=1.000 (tau_u=1.457e-01 tau_v=8.710e-02 |Du|=7.41e+00 |DRu|=1.63e+01)
  [PT] w_u=7.4165 w_v=12.3124 gamma=1.000 (tau_u=1.348e-01 tau_v=8.122e-02 |Du|=7.41e+00 |DRu|=3.86e+01)
  [PT] w_u=7.1833 w_v=13.1403 gamma=1.000 (tau_u=1.392e-01 tau_v=7.610e-02 |Du|=9.42e+00 |DRu|=2.23e+01)
  [PT] w_u=7.0178 w_v=13.5126 gamma=1.000 (tau_u=1.425e-01 tau_v=7.401e-02 |Du|=1.10e+01 |DRu|=2.65e+01)
  [PT] w_u=7.4253 w_v=14.0217 gamma=1.000 (tau_u=1.347e-01 tau_v=7.132e-02 |Du|=1.02e+01 |DRu|=4.01e+01)
[Adam] ep=  300  total=5.551e-01  PDE=5.415e-02 [colloc=5.197e-02, cfd=2.180e-03] (w=2.368)  IN=7.369e-02 (w=1.385)  TB=3.639e-02 (w=1.064)  WALL=1.005e-15 (w=0.200)  OUT=6.390e-04 (w=0.216)  DATA=6.015e-02 (w=4.755)  DATA_P=0.000e+00 (w=1.000)
  [PT] w_u=7.5088 w_v=13.0898 gamma=1.000 (tau_u=1.332e-01 tau_v=7.640e-02 |Du|=4.51e+00 |DRu|=1.30e+01)
  [PT] w_u=7.6052 w_v=12.9808 gamma=1.000 (tau_u=1.315e-01 tau_v=7.704e-02 |Du|=7.27e+00 |DRu|=2.13e+01)
  [PT] w_u=7.7484 w_v=13.4042 gamma=1.000 (tau_u=1.291e-01 tau_v=7.460e-02 |Du|=1.35e+01 |DRu|=4.13e+01)
  [PT] w_u=6.9739 w_v=13.6495 gamma=1.000 (tau_u=1.434e-01 tau_v=7.326e-02 |Du|=8.40e+00 |DRu|=1.61e+01)
  [PT] w_u=7.6320 w_v=14.7084 gamma=1.000 (tau_u=1.310e-01 tau_v=6.799e-02 |Du|=4.39e+00 |DRu|=3.12e+01)
  [PT] w_u=7.1902 w_v=14.6608 gamma=1.000 (tau_u=1.391e-01 tau_v=6.821e-02 |Du|=1.11e+01 |DRu|=2.42e+01)
  [PT] w_u=7.0374 w_v=15.2031 gamma=1.000 (tau_u=1.421e-01 tau_v=6.578e-02 |Du|=1.30e+01 |DRu|=3.16e+01)
  [PT] w_u=7.1966 w_v=12.9368 gamma=1.000 (tau_u=1.390e-01 tau_v=7.730e-02 |Du|=2.17e+00 |DRu|=6.53e+00)
  [PT] w_u=7.1830 w_v=13.1408 gamma=0.997 (tau_u=1.392e-01 tau_v=7.610e-02 |Du|=8.26e+00 |DRu|=2.19e+01)
  [PT] w_u=6.6413 w_v=13.2735 gamma=1.000 (tau_u=1.506e-01 tau_v=7.534e-02 |Du|=1.31e+01 |DRu|=2.60e+01)
  [PT] w_u=6.9477 w_v=12.2735 gamma=1.000 (tau_u=1.439e-01 tau_v=8.148e-02 |Du|=3.49e+00 |DRu|=1.20e+01)
  [PT] w_u=6.6628 w_v=11.8619 gamma=0.997 (tau_u=1.501e-01 tau_v=8.430e-02 |Du|=9.67e+00 |DRu|=2.13e+01)
  [PT] w_u=7.2440 w_v=11.0089 gamma=0.996 (tau_u=1.380e-01 tau_v=9.084e-02 |Du|=2.61e+00 |DRu|=1.51e+01)
  [PT] w_u=7.4727 w_v=11.3072 gamma=1.000 (tau_u=1.338e-01 tau_v=8.844e-02 |Du|=8.27e+00 |DRu|=2.67e+01)
  [PT] w_u=6.9924 w_v=9.7185 gamma=1.000 (tau_u=1.430e-01 tau_v=1.029e-01 |Du|=4.58e+00 |DRu|=9.65e+00)
  [PT] w_u=7.5059 w_v=10.2284 gamma=1.000 (tau_u=1.332e-01 tau_v=9.777e-02 |Du|=5.90e+00 |DRu|=2.78e+01)
  [PT] w_u=7.8723 w_v=10.0355 gamma=1.000 (tau_u=1.270e-01 tau_v=9.965e-02 |Du|=3.92e+00 |DRu|=1.47e+01)
  [PT] w_u=8.3991 w_v=9.3928 gamma=1.000 (tau_u=1.191e-01 tau_v=1.065e-01 |Du|=6.60e+00 |DRu|=3.03e+01)
  [PT] w_u=8.6430 w_v=8.9977 gamma=1.000 (tau_u=1.157e-01 tau_v=1.111e-01 |Du|=4.79e+00 |DRu|=1.64e+01)
  [PT] w_u=9.4353 w_v=9.8492 gamma=1.000 (tau_u=1.060e-01 tau_v=1.015e-01 |Du|=5.86e+00 |DRu|=4.30e+01)
[Adam] ep=  320  total=4.302e-01  PDE=5.763e-02 [colloc=5.266e-02, cfd=4.969e-03] (w=2.116)  IN=5.417e-02 (w=1.419)  TB=4.266e-02 (w=1.239)  WALL=1.226e-15 (w=0.200)  OUT=8.757e-04 (w=0.200)  DATA=3.732e-02 (w=4.778)  DATA_P=0.000e+00 (w=1.000)
  [PT] w_u=10.3217 w_v=10.7430 gamma=1.000 (tau_u=9.688e-02 tau_v=9.308e-02 |Du|=1.57e+00 |DRu|=1.28e+01)
  [PT] w_u=10.6936 w_v=11.2033 gamma=1.000 (tau_u=9.351e-02 tau_v=8.926e-02 |Du|=5.83e+00 |DRu|=2.32e+01)
  [PT] w_u=11.2948 w_v=11.9072 gamma=1.000 (tau_u=8.854e-02 tau_v=8.398e-02 |Du|=1.05e+01 |DRu|=5.03e+01)
  [PT] w_u=11.4340 w_v=11.9893 gamma=1.000 (tau_u=8.746e-02 tau_v=8.341e-02 |Du|=5.72e+00 |DRu|=2.05e+01)
  [PT] w_u=10.9771 w_v=10.8302 gamma=1.000 (tau_u=9.110e-02 tau_v=9.233e-02 |Du|=6.51e+00 |DRu|=1.85e+01)
  [PT] w_u=11.2804 w_v=11.0429 gamma=1.000 (tau_u=8.865e-02 tau_v=9.056e-02 |Du|=9.92e+00 |DRu|=3.84e+01)
  [PT] w_u=11.2178 w_v=11.2383 gamma=1.000 (tau_u=8.914e-02 tau_v=8.898e-02 |Du|=7.97e+00 |DRu|=2.61e+01)
  [PT] w_u=11.2226 w_v=10.9616 gamma=1.000 (tau_u=8.911e-02 tau_v=9.123e-02 |Du|=6.08e+00 |DRu|=2.04e+01)
  [PT] w_u=11.7592 w_v=10.5539 gamma=1.000 (tau_u=8.504e-02 tau_v=9.475e-02 |Du|=6.31e+00 |DRu|=2.87e+01)
  [PT] w_u=10.4383 w_v=9.8415 gamma=1.000 (tau_u=9.580e-02 tau_v=1.016e-01 |Du|=6.40e+00 |DRu|=1.46e+01)
  [PT] w_u=11.1706 w_v=10.7355 gamma=1.000 (tau_u=8.952e-02 tau_v=9.315e-02 |Du|=7.43e+00 |DRu|=4.09e+01)
  [PT] w_u=11.6277 w_v=11.2191 gamma=1.000 (tau_u=8.600e-02 tau_v=8.913e-02 |Du|=3.34e+00 |DRu|=1.43e+01)
  [PT] w_u=11.8715 w_v=11.5382 gamma=1.000 (tau_u=8.424e-02 tau_v=8.667e-02 |Du|=5.94e+00 |DRu|=2.27e+01)
  [PT] w_u=12.4005 w_v=12.1608 gamma=1.000 (tau_u=8.064e-02 tau_v=8.223e-02 |Du|=1.04e+01 |DRu|=4.71e+01)
  [PT] w_u=12.8842 w_v=12.6352 gamma=1.000 (tau_u=7.761e-02 tau_v=7.914e-02 |Du|=4.90e+00 |DRu|=2.18e+01)
  [PT] w_u=12.4392 w_v=10.9082 gamma=1.000 (tau_u=8.039e-02 tau_v=9.167e-02 |Du|=3.42e+00 |DRu|=1.05e+01)
  [PT] w_u=12.7428 w_v=11.0979 gamma=1.000 (tau_u=7.848e-02 tau_v=9.011e-02 |Du|=7.72e+00 |DRu|=3.12e+01)
  [PT] w_u=12.9571 w_v=11.4951 gamma=1.000 (tau_u=7.718e-02 tau_v=8.699e-02 |Du|=1.15e+01 |DRu|=4.47e+01)
  [PT] w_u=12.6766 w_v=11.4517 gamma=1.000 (tau_u=7.889e-02 tau_v=8.732e-02 |Du|=5.07e+00 |DRu|=1.65e+01)
  [PT] w_u=13.7779 w_v=11.6814 gamma=1.000 (tau_u=7.258e-02 tau_v=8.561e-02 |Du|=2.16e+00 |DRu|=1.72e+01)
[Adam] ep=  340  total=8.207e-01  PDE=1.326e-01 [colloc=1.306e-01, cfd=2.059e-03] (w=2.523)  IN=7.730e-02 (w=1.303)  TB=3.806e-02 (w=0.995)  WALL=4.570e-15 (w=0.200)  OUT=1.936e-03 (w=0.200)  DATA=7.213e-02 (w=4.811)  DATA_P=0.000e+00 (w=1.000)
  [PT] w_u=14.4537 w_v=12.0295 gamma=1.000 (tau_u=6.919e-02 tau_v=8.313e-02 |Du|=6.79e+00 |DRu|=3.45e+01)
  [PT] w_u=11.5703 w_v=10.1299 gamma=1.000 (tau_u=8.643e-02 tau_v=9.872e-02 |Du|=4.13e+00 |DRu|=8.41e+00)
  [PT] w_u=12.4273 w_v=11.1059 gamma=1.000 (tau_u=8.047e-02 tau_v=9.004e-02 |Du|=5.04e+00 |DRu|=3.07e+01)
  [PT] w_u=12.8888 w_v=11.4132 gamma=1.000 (tau_u=7.759e-02 tau_v=8.762e-02 |Du|=3.07e+00 |DRu|=1.35e+01)
  [PT] w_u=12.8944 w_v=11.5883 gamma=1.000 (tau_u=7.755e-02 tau_v=8.629e-02 |Du|=6.15e+00 |DRu|=2.21e+01)
  [PT] w_u=13.3317 w_v=12.1911 gamma=1.000 (tau_u=7.501e-02 tau_v=8.203e-02 |Du|=9.08e+00 |DRu|=3.98e+01)
  [PT] w_u=13.5070 w_v=12.2381 gamma=1.000 (tau_u=7.404e-02 tau_v=8.171e-02 |Du|=3.90e+00 |DRu|=1.53e+01)
  [PT] w_u=13.7035 w_v=11.0621 gamma=1.000 (tau_u=7.297e-02 tau_v=9.040e-02 |Du|=3.05e+00 |DRu|=1.21e+01)
  [PT] w_u=14.1570 w_v=11.2414 gamma=1.000 (tau_u=7.064e-02 tau_v=8.896e-02 |Du|=6.43e+00 |DRu|=2.89e+01)
  [PT] w_u=14.0820 w_v=11.6027 gamma=1.000 (tau_u=7.101e-02 tau_v=8.619e-02 |Du|=9.96e+00 |DRu|=3.65e+01)
  [PT] w_u=12.4631 w_v=11.7011 gamma=1.000 (tau_u=8.024e-02 tau_v=8.546e-02 |Du|=6.39e+00 |DRu|=1.58e+01)
  [PT] w_u=12.9759 w_v=12.1853 gamma=1.000 (tau_u=7.707e-02 tau_v=8.207e-02 |Du|=4.70e+00 |DRu|=2.13e+01)
  [PT] w_u=13.6307 w_v=12.2308 gamma=1.000 (tau_u=7.336e-02 tau_v=8.176e-02 |Du|=6.80e+00 |DRu|=3.40e+01)
  [PT] w_u=10.9102 w_v=10.3549 gamma=1.000 (tau_u=9.166e-02 tau_v=9.657e-02 |Du|=6.04e+00 |DRu|=1.19e+01)
  [PT] w_u=11.3166 w_v=11.0801 gamma=1.000 (tau_u=8.837e-02 tau_v=9.025e-02 |Du|=6.26e+00 |DRu|=2.58e+01)
  [PT] w_u=11.5816 w_v=11.9595 gamma=1.000 (tau_u=8.634e-02 tau_v=8.362e-02 |Du|=8.45e+00 |DRu|=3.24e+01)
  [PT] w_u=10.3855 w_v=11.8430 gamma=1.000 (tau_u=9.629e-02 tau_v=8.444e-02 |Du|=7.77e+00 |DRu|=1.80e+01)
  [PT] w_u=10.5000 w_v=12.2741 gamma=1.000 (tau_u=9.524e-02 tau_v=8.147e-02 |Du|=7.44e+00 |DRu|=2.54e+01)
  [PT] w_u=11.0930 w_v=13.1418 gamma=1.000 (tau_u=9.015e-02 tau_v=7.609e-02 |Du|=9.66e+00 |DRu|=4.59e+01)
  [PT] w_u=10.7741 w_v=14.0088 gamma=1.000 (tau_u=9.282e-02 tau_v=7.138e-02 |Du|=8.52e+00 |DRu|=2.49e+01)
[Adam] ep=  360  total=7.575e-01  PDE=1.547e-01 [colloc=1.498e-01, cfd=4.883e-03] (w=2.325)  IN=5.621e-02 (w=1.316)  TB=6.520e-02 (w=1.206)  WALL=5.475e-15 (w=0.200)  OUT=3.056e-03 (w=0.235)  DATA=5.245e-02 (w=4.661)  DATA_P=0.000e+00 (w=1.000)
  [PT] w_u=9.4017 w_v=13.4845 gamma=1.000 (tau_u=1.064e-01 tau_v=7.416e-02 |Du|=8.82e+00 |DRu|=1.84e+01)
  [PT] w_u=9.3109 w_v=13.4848 gamma=1.000 (tau_u=1.074e-01 tau_v=7.416e-02 |Du|=9.08e+00 |DRu|=2.66e+01)
  [PT] w_u=9.8128 w_v=13.9099 gamma=1.000 (tau_u=1.019e-01 tau_v=7.189e-02 |Du|=8.39e+00 |DRu|=3.66e+01)
  [PT] w_u=9.3868 w_v=14.5039 gamma=1.000 (tau_u=1.065e-01 tau_v=6.895e-02 |Du|=1.30e+01 |DRu|=3.36e+01)
  [PT] w_u=8.0642 w_v=14.8701 gamma=1.000 (tau_u=1.240e-01 tau_v=6.725e-02 |Du|=1.41e+01 |DRu|=2.66e+01)
  [PT] w_u=7.8392 w_v=14.7618 gamma=1.000 (tau_u=1.276e-01 tau_v=6.774e-02 |Du|=1.17e+01 |DRu|=2.92e+01)
  [PT] w_u=8.4252 w_v=14.6221 gamma=1.000 (tau_u=1.187e-01 tau_v=6.839e-02 |Du|=7.01e+00 |DRu|=3.56e+01)
  [PT] w_u=7.5034 w_v=13.9776 gamma=1.000 (tau_u=1.333e-01 tau_v=7.154e-02 |Du|=1.19e+01 |DRu|=2.30e+01)
  [PT] w_u=6.9558 w_v=14.4312 gamma=0.999 (tau_u=1.438e-01 tau_v=6.929e-02 |Du|=1.59e+01 |DRu|=3.26e+01)
  [PT] w_u=7.4908 w_v=14.2294 gamma=1.000 (tau_u=1.335e-01 tau_v=7.028e-02 |Du|=5.43e+00 |DRu|=2.68e+01)
  [PT] w_u=7.6086 w_v=11.6542 gamma=1.000 (tau_u=1.314e-01 tau_v=8.581e-02 |Du|=3.80e+00 |DRu|=1.13e+01)
  [PT] w_u=7.6974 w_v=12.0588 gamma=1.000 (tau_u=1.299e-01 tau_v=8.293e-02 |Du|=9.37e+00 |DRu|=2.75e+01)
  [PT] w_u=8.2854 w_v=13.2464 gamma=1.000 (tau_u=1.207e-01 tau_v=7.549e-02 |Du|=7.20e+00 |DRu|=3.71e+01)
  [PT] w_u=8.8678 w_v=13.3832 gamma=1.000 (tau_u=1.128e-01 tau_v=7.472e-02 |Du|=4.03e+00 |DRu|=1.98e+01)
  [PT] w_u=9.0487 w_v=13.2018 gamma=1.000 (tau_u=1.105e-01 tau_v=7.575e-02 |Du|=6.76e+00 |DRu|=2.25e+01)
  [PT] w_u=9.3821 w_v=13.6722 gamma=1.000 (tau_u=1.066e-01 tau_v=7.314e-02 |Du|=1.06e+01 |DRu|=3.99e+01)
  [PT] w_u=9.8136 w_v=14.3205 gamma=1.000 (tau_u=1.019e-01 tau_v=6.983e-02 |Du|=9.74e+00 |DRu|=3.98e+01)
  [PT] w_u=9.8240 w_v=12.8283 gamma=1.000 (tau_u=1.018e-01 tau_v=7.795e-02 |Du|=7.25e+00 |DRu|=2.28e+01)
  [PT] w_u=9.5139 w_v=11.1839 gamma=1.000 (tau_u=1.051e-01 tau_v=8.941e-02 |Du|=6.99e+00 |DRu|=1.90e+01)
  [PT] w_u=9.7654 w_v=11.1436 gamma=1.000 (tau_u=1.024e-01 tau_v=8.974e-02 |Du|=8.01e+00 |DRu|=2.87e+01)
[Adam] ep=  380  total=1.024e+00  PDE=1.893e-01 [colloc=1.820e-01, cfd=7.334e-03] (w=2.520)  IN=8.558e-02 (w=1.219)  TB=6.788e-02 (w=1.172)  WALL=4.053e-15 (w=0.200)  OUT=1.198e-03 (w=0.200)  DATA=8.029e-02 (w=4.523)  DATA_P=0.000e+00 (w=1.000)
  [PT] w_u=10.2691 w_v=11.5623 gamma=1.000 (tau_u=9.738e-02 tau_v=8.649e-02 |Du|=9.10e+00 |DRu|=3.98e+01)
  [PT] w_u=10.1511 w_v=11.9038 gamma=1.000 (tau_u=9.851e-02 tau_v=8.401e-02 |Du|=8.64e+00 |DRu|=2.62e+01)
  [PT] w_u=8.7222 w_v=11.1706 gamma=1.000 (tau_u=1.146e-01 tau_v=8.952e-02 |Du|=7.70e+00 |DRu|=1.51e+01)
  [PT] w_u=8.7710 w_v=10.8121 gamma=1.000 (tau_u=1.140e-01 tau_v=9.249e-02 |Du|=6.57e+00 |DRu|=2.00e+01)
  [PT] w_u=9.2314 w_v=10.7219 gamma=1.000 (tau_u=1.083e-01 tau_v=9.327e-02 |Du|=7.33e+00 |DRu|=3.07e+01)
  [PT] w_u=7.9429 w_v=10.5055 gamma=0.997 (tau_u=1.259e-01 tau_v=9.519e-02 |Du|=1.36e+01 |DRu|=2.56e+01)
  [PT] w_u=7.7425 w_v=11.3227 gamma=0.999 (tau_u=1.292e-01 tau_v=8.832e-02 |Du|=8.47e+00 |DRu|=2.13e+01)
  [PT] w_u=6.6716 w_v=10.9563 gamma=0.998 (tau_u=1.499e-01 tau_v=9.127e-02 |Du|=4.32e+00 |DRu|=7.44e+00)
  [PT] w_u=6.2400 w_v=11.5176 gamma=1.000 (tau_u=1.603e-01 tau_v=8.682e-02 |Du|=1.55e+01 |DRu|=3.09e+01)
  [PT] w_u=5.7365 w_v=10.6498 gamma=1.000 (tau_u=1.743e-01 tau_v=9.390e-02 |Du|=9.85e+00 |DRu|=1.80e+01)
  [PT] w_u=6.1515 w_v=10.6508 gamma=1.000 (tau_u=1.626e-01 tau_v=9.389e-02 |Du|=5.33e+00 |DRu|=2.24e+01)
  [PT] w_u=5.8792 w_v=11.1424 gamma=1.000 (tau_u=1.701e-01 tau_v=8.975e-02 |Du|=1.27e+01 |DRu|=2.61e+01)
  [PT] w_u=5.6006 w_v=11.3196 gamma=1.000 (tau_u=1.786e-01 tau_v=8.834e-02 |Du|=1.05e+01 |DRu|=2.08e+01)
  [PT] w_u=5.9839 w_v=11.5049 gamma=1.000 (tau_u=1.671e-01 tau_v=8.692e-02 |Du|=4.79e+00 |DRu|=1.89e+01)
  [PT] w_u=5.1194 w_v=10.5123 gamma=1.000 (tau_u=1.953e-01 tau_v=9.513e-02 |Du|=1.20e+01 |DRu|=1.79e+01)
  [PT] w_u=4.9713 w_v=10.6802 gamma=1.000 (tau_u=2.012e-01 tau_v=9.363e-02 |Du|=1.49e+01 |DRu|=2.95e+01)
  [PT] w_u=4.9897 w_v=10.5301 gamma=1.000 (tau_u=2.004e-01 tau_v=9.497e-02 |Du|=2.73e+00 |DRu|=6.20e+00)
  [PT] w_u=5.1523 w_v=11.2374 gamma=0.996 (tau_u=1.941e-01 tau_v=8.899e-02 |Du|=9.59e+00 |DRu|=2.59e+01)
  [PT] w_u=5.3839 w_v=11.5147 gamma=0.996 (tau_u=1.857e-01 tau_v=8.685e-02 |Du|=5.55e+00 |DRu|=1.66e+01)
  [PT] w_u=4.3792 w_v=11.3986 gamma=0.997 (tau_u=2.284e-01 tau_v=8.773e-02 |Du|=6.18e+00 |DRu|=7.89e+00)
[Adam] ep=  400  total=4.152e-01  PDE=2.434e-02 [colloc=2.232e-02, cfd=2.018e-03] (w=1.992)  IN=6.449e-02 (w=1.433)  TB=4.404e-02 (w=1.285)  WALL=3.092e-16 (w=0.200)  OUT=1.312e-03 (w=0.239)  DATA=4.474e-02 (w=4.859)  DATA_P=0.000e+00 (w=1.000)
  [PT] w_u=4.3747 w_v=11.9591 gamma=1.000 (tau_u=2.286e-01 tau_v=8.362e-02 |Du|=1.09e+01 |DRu|=2.26e+01)
  [PT] w_u=4.6985 w_v=12.8952 gamma=1.000 (tau_u=2.128e-01 tau_v=7.755e-02 |Du|=3.08e+00 |DRu|=1.15e+01)
  [PT] w_u=4.4591 w_v=13.2125 gamma=0.997 (tau_u=2.243e-01 tau_v=7.569e-02 |Du|=1.26e+01 |DRu|=2.20e+01)
  [PT] w_u=4.8116 w_v=14.1989 gamma=1.000 (tau_u=2.078e-01 tau_v=7.043e-02 |Du|=5.58e+00 |DRu|=2.28e+01)
  [PT] w_u=4.9363 w_v=13.8405 gamma=0.999 (tau_u=2.026e-01 tau_v=7.225e-02 |Du|=2.94e+00 |DRu|=7.46e+00)
  [PT] w_u=5.2837 w_v=14.7037 gamma=1.000 (tau_u=1.893e-01 tau_v=6.801e-02 |Du|=9.09e+00 |DRu|=3.45e+01)
  [PT] w_u=5.4040 w_v=14.7502 gamma=1.000 (tau_u=1.850e-01 tau_v=6.780e-02 |Du|=4.83e+00 |DRu|=1.26e+01)
  [PT] w_u=5.8147 w_v=14.9829 gamma=1.000 (tau_u=1.720e-01 tau_v=6.674e-02 |Du|=4.78e+00 |DRu|=2.05e+01)
  [PT] w_u=6.0539 w_v=15.6371 gamma=1.000 (tau_u=1.652e-01 tau_v=6.395e-02 |Du|=1.22e+01 |DRu|=3.77e+01)
  [PT] w_u=5.3354 w_v=14.9301 gamma=1.000 (tau_u=1.874e-01 tau_v=6.698e-02 |Du|=1.05e+01 |DRu|=1.68e+01)
  [PT] w_u=5.4268 w_v=14.8115 gamma=1.000 (tau_u=1.843e-01 tau_v=6.751e-02 |Du|=8.34e+00 |DRu|=2.11e+01)
  [PT] w_u=5.8704 w_v=15.1878 gamma=1.000 (tau_u=1.703e-01 tau_v=6.584e-02 |Du|=6.48e+00 |DRu|=3.06e+01)
  [PT] w_u=5.6057 w_v=14.7767 gamma=1.000 (tau_u=1.784e-01 tau_v=6.767e-02 |Du|=7.93e+00 |DRu|=1.58e+01)
  [PT] w_u=5.7620 w_v=15.3112 gamma=1.000 (tau_u=1.736e-01 tau_v=6.531e-02 |Du|=9.54e+00 |DRu|=2.65e+01)
  [PT] w_u=5.8653 w_v=15.0153 gamma=1.000 (tau_u=1.705e-01 tau_v=6.660e-02 |Du|=6.33e+00 |DRu|=1.67e+01)
  [PT] w_u=5.9097 w_v=15.9984 gamma=0.992 (tau_u=1.692e-01 tau_v=6.251e-02 |Du|=7.06e+00 |DRu|=1.77e+01)
  [PT] w_u=5.3025 w_v=15.8489 gamma=0.999 (tau_u=1.886e-01 tau_v=6.310e-02 |Du|=7.33e+00 |DRu|=1.22e+01)
  [PT] w_u=5.7298 w_v=16.9158 gamma=1.000 (tau_u=1.745e-01 tau_v=5.912e-02 |Du|=5.96e+00 |DRu|=2.72e+01)
  [PT] w_u=5.4595 w_v=13.7800 gamma=1.000 (tau_u=1.832e-01 tau_v=7.257e-02 |Du|=2.43e+00 |DRu|=4.76e+00)
  [PT] w_u=5.8868 w_v=14.2094 gamma=1.000 (tau_u=1.699e-01 tau_v=7.038e-02 |Du|=5.88e+00 |DRu|=2.62e+01)
[Adam] ep=  420  total=3.789e-01  PDE=7.482e-02 [colloc=7.164e-02, cfd=3.176e-03] (w=2.328)  IN=3.210e-02 (w=1.407)  TB=1.100e-02 (w=0.932)  WALL=1.647e-15 (w=0.200)  OUT=7.036e-04 (w=0.233)  DATA=2.868e-02 (w=5.198)  DATA_P=0.000e+00 (w=1.000)
  [PT] w_u=6.0638 w_v=14.3636 gamma=1.000 (tau_u=1.649e-01 tau_v=6.962e-02 |Du|=9.61e+00 |DRu|=2.77e+01)
  [PT] w_u=5.9998 w_v=12.1094 gamma=1.000 (tau_u=1.667e-01 tau_v=8.258e-02 |Du|=6.40e+00 |DRu|=1.50e+01)
  [PT] w_u=6.4740 w_v=12.4380 gamma=1.000 (tau_u=1.545e-01 tau_v=8.040e-02 |Du|=5.57e+00 |DRu|=2.64e+01)
  [PT] w_u=5.7342 w_v=13.0851 gamma=1.000 (tau_u=1.744e-01 tau_v=7.642e-02 |Du|=1.11e+01 |DRu|=1.87e+01)
  [PT] w_u=5.5249 w_v=12.9975 gamma=1.000 (tau_u=1.810e-01 tau_v=7.694e-02 |Du|=1.27e+01 |DRu|=2.59e+01)
  [PT] w_u=5.9181 w_v=11.9913 gamma=1.000 (tau_u=1.690e-01 tau_v=8.339e-02 |Du|=6.84e+00 |DRu|=2.77e+01)
  [PT] w_u=5.8161 w_v=10.9294 gamma=1.000 (tau_u=1.719e-01 tau_v=9.150e-02 |Du|=7.40e+00 |DRu|=1.66e+01)
  [PT] w_u=6.0867 w_v=11.6894 gamma=1.000 (tau_u=1.643e-01 tau_v=8.555e-02 |Du|=9.47e+00 |DRu|=3.06e+01)
  [PT] w_u=6.0621 w_v=10.9099 gamma=1.000 (tau_u=1.650e-01 tau_v=9.166e-02 |Du|=2.01e+00 |DRu|=4.87e+00)
  [PT] w_u=6.4665 w_v=11.5790 gamma=1.000 (tau_u=1.546e-01 tau_v=8.636e-02 |Du|=7.48e+00 |DRu|=3.01e+01)
  [PT] w_u=6.3136 w_v=10.6387 gamma=1.000 (tau_u=1.584e-01 tau_v=9.400e-02 |Du|=6.23e+00 |DRu|=1.42e+01)
  [PT] w_u=6.6957 w_v=10.6772 gamma=1.000 (tau_u=1.493e-01 tau_v=9.366e-02 |Du|=5.98e+00 |DRu|=2.29e+01)
  [PT] w_u=6.5883 w_v=10.9702 gamma=1.000 (tau_u=1.518e-01 tau_v=9.116e-02 |Du|=1.07e+01 |DRu|=2.57e+01)
  [PT] w_u=5.7821 w_v=9.3822 gamma=1.000 (tau_u=1.729e-01 tau_v=1.066e-01 |Du|=7.01e+00 |DRu|=1.16e+01)
  [PT] w_u=6.2490 w_v=9.5965 gamma=0.998 (tau_u=1.600e-01 tau_v=1.042e-01 |Du|=4.74e+00 |DRu|=2.27e+01)
  [PT] w_u=5.9576 w_v=9.8540 gamma=1.000 (tau_u=1.679e-01 tau_v=1.015e-01 |Du|=9.99e+00 |DRu|=2.05e+01)
  [PT] w_u=6.4760 w_v=10.0549 gamma=1.000 (tau_u=1.544e-01 tau_v=9.945e-02 |Du|=3.89e+00 |DRu|=2.13e+01)
  [PT] w_u=6.5742 w_v=10.1146 gamma=1.000 (tau_u=1.521e-01 tau_v=9.887e-02 |Du|=4.18e+00 |DRu|=1.15e+01)
  [PT] w_u=6.8553 w_v=11.0189 gamma=1.000 (tau_u=1.459e-01 tau_v=9.075e-02 |Du|=1.16e+01 |DRu|=3.86e+01)
  [PT] w_u=6.3335 w_v=11.3576 gamma=1.000 (tau_u=1.579e-01 tau_v=8.805e-02 |Du|=8.22e+00 |DRu|=1.59e+01)
[Adam] ep=  440  total=4.813e-01  PDE=7.231e-02 [colloc=6.884e-02, cfd=3.468e-03] (w=2.355)  IN=4.684e-02 (w=1.343)  TB=2.256e-02 (w=1.019)  WALL=8.034e-16 (w=0.200)  OUT=7.900e-04 (w=0.203)  DATA=4.374e-02 (w=5.143)  DATA_P=0.000e+00 (w=1.000)
  [PT] w_u=6.6192 w_v=11.8544 gamma=1.000 (tau_u=1.511e-01 tau_v=8.436e-02 |Du|=6.00e+00 |DRu|=2.00e+01)
  [PT] w_u=7.1245 w_v=12.6626 gamma=1.000 (tau_u=1.404e-01 tau_v=7.897e-02 |Du|=7.80e+00 |DRu|=3.72e+01)
  [PT] w_u=7.1235 w_v=13.6095 gamma=1.000 (tau_u=1.404e-01 tau_v=7.348e-02 |Du|=1.03e+01 |DRu|=2.74e+01)
  [PT] w_u=6.4620 w_v=13.4510 gamma=1.000 (tau_u=1.548e-01 tau_v=7.434e-02 |Du|=9.89e+00 |DRu|=1.86e+01)
  [PT] w_u=6.6855 w_v=13.5683 gamma=1.000 (tau_u=1.496e-01 tau_v=7.370e-02 |Du|=9.38e+00 |DRu|=2.92e+01)
  [PT] w_u=7.1723 w_v=14.0914 gamma=1.000 (tau_u=1.394e-01 tau_v=7.097e-02 |Du|=9.56e+00 |DRu|=4.36e+01)
  [PT] w_u=6.9136 w_v=14.6208 gamma=1.000 (tau_u=1.446e-01 tau_v=6.840e-02 |Du|=9.26e+00 |DRu|=2.12e+01)
  [PT] w_u=6.2326 w_v=15.0585 gamma=1.000 (tau_u=1.604e-01 tau_v=6.641e-02 |Du|=1.10e+01 |DRu|=1.99e+01)
  [PT] w_u=6.2198 w_v=15.2272 gamma=1.000 (tau_u=1.608e-01 tau_v=6.567e-02 |Du|=1.15e+01 |DRu|=2.83e+01)
  [PT] w_u=6.6135 w_v=15.3241 gamma=1.000 (tau_u=1.512e-01 tau_v=6.526e-02 |Du|=7.50e+00 |DRu|=2.94e+01)
  [PT] w_u=6.3724 w_v=14.9610 gamma=1.000 (tau_u=1.569e-01 tau_v=6.684e-02 |Du|=7.19e+00 |DRu|=1.57e+01)
  [PT] w_u=5.8358 w_v=15.0187 gamma=1.000 (tau_u=1.714e-01 tau_v=6.658e-02 |Du|=1.06e+01 |DRu|=1.93e+01)
  [PT] w_u=5.9893 w_v=15.6895 gamma=1.000 (tau_u=1.670e-01 tau_v=6.374e-02 |Du|=1.14e+01 |DRu|=3.19e+01)
  [PT] w_u=6.4746 w_v=15.1218 gamma=1.000 (tau_u=1.544e-01 tau_v=6.613e-02 |Du|=1.43e+00 |DRu|=6.97e+00)
  [PT] w_u=6.5090 w_v=15.5464 gamma=0.997 (tau_u=1.536e-01 tau_v=6.432e-02 |Du|=7.40e+00 |DRu|=1.93e+01)
  [PT] w_u=6.4940 w_v=15.9317 gamma=1.000 (tau_u=1.540e-01 tau_v=6.277e-02 |Du|=1.47e+01 |DRu|=3.72e+01)
  [PT] w_u=6.2760 w_v=15.7807 gamma=1.000 (tau_u=1.593e-01 tau_v=6.337e-02 |Du|=6.81e+00 |DRu|=1.50e+01)
  [PT] w_u=6.7108 w_v=16.2411 gamma=1.000 (tau_u=1.490e-01 tau_v=6.157e-02 |Du|=3.09e+00 |DRu|=1.31e+01)
  [PT] w_u=6.5237 w_v=16.5002 gamma=1.000 (tau_u=1.533e-01 tau_v=6.061e-02 |Du|=1.24e+01 |DRu|=2.84e+01)
  [PT] w_u=5.8923 w_v=16.5069 gamma=1.000 (tau_u=1.697e-01 tau_v=6.058e-02 |Du|=1.85e+01 |DRu|=3.28e+01)
[Adam] ep=  460  total=4.527e-01  PDE=4.386e-02 [colloc=4.169e-02, cfd=2.174e-03] (w=2.346)  IN=5.897e-02 (w=1.378)  TB=2.572e-02 (w=0.923)  WALL=6.773e-16 (w=0.200)  OUT=1.344e-03 (w=0.239)  DATA=4.627e-02 (w=5.283)  DATA_P=0.000e+00 (w=1.000)
  [PT] w_u=5.5583 w_v=16.5011 gamma=1.000 (tau_u=1.799e-01 tau_v=6.060e-02 |Du|=1.49e+01 |DRu|=2.85e+01)
  [PT] w_u=5.9669 w_v=17.0382 gamma=1.000 (tau_u=1.676e-01 tau_v=5.869e-02 |Du|=6.53e+00 |DRu|=2.74e+01)
  [PT] w_u=5.7814 w_v=17.2879 gamma=1.000 (tau_u=1.730e-01 tau_v=5.784e-02 |Du|=1.06e+01 |DRu|=2.25e+01)
  [PT] w_u=5.4033 w_v=17.0857 gamma=1.000 (tau_u=1.851e-01 tau_v=5.853e-02 |Du|=1.65e+01 |DRu|=3.05e+01)
  [PT] w_u=5.1771 w_v=16.9695 gamma=1.000 (tau_u=1.932e-01 tau_v=5.893e-02 |Du|=1.50e+01 |DRu|=2.90e+01)
  [PT] w_u=5.1854 w_v=16.0949 gamma=1.000 (tau_u=1.928e-01 tau_v=6.213e-02 |Du|=3.46e+00 |DRu|=7.93e+00)
  [PT] w_u=4.9523 w_v=15.9606 gamma=0.995 (tau_u=2.019e-01 tau_v=6.265e-02 |Du|=8.13e+00 |DRu|=1.52e+01)
  [PT] w_u=4.7208 w_v=16.0292 gamma=1.000 (tau_u=2.118e-01 tau_v=6.239e-02 |Du|=1.62e+01 |DRu|=2.95e+01)
  [PT] w_u=4.9683 w_v=16.7691 gamma=1.000 (tau_u=2.013e-01 tau_v=5.963e-02 |Du|=5.02e+00 |DRu|=1.54e+01)
  [PT] w_u=4.5953 w_v=16.3160 gamma=1.000 (tau_u=2.176e-01 tau_v=6.129e-02 |Du|=8.13e+00 |DRu|=1.35e+01)
  [PT] w_u=4.5110 w_v=16.5442 gamma=0.998 (tau_u=2.217e-01 tau_v=6.044e-02 |Du|=1.64e+01 |DRu|=3.22e+01)
  [PT] w_u=4.2594 w_v=15.9521 gamma=1.000 (tau_u=2.348e-01 tau_v=6.269e-02 |Du|=8.11e+00 |DRu|=1.37e+01)
  [PT] w_u=4.5378 w_v=16.0413 gamma=0.998 (tau_u=2.204e-01 tau_v=6.234e-02 |Du|=4.14e+00 |DRu|=1.37e+01)
  [PT] w_u=4.4564 w_v=16.0518 gamma=1.000 (tau_u=2.244e-01 tau_v=6.230e-02 |Du|=1.41e+01 |DRu|=2.76e+01)
  [PT] w_u=4.1336 w_v=15.7841 gamma=1.000 (tau_u=2.419e-01 tau_v=6.335e-02 |Du|=1.30e+01 |DRu|=2.06e+01)
  [PT] w_u=4.3061 w_v=15.8324 gamma=1.000 (tau_u=2.322e-01 tau_v=6.316e-02 |Du|=7.68e+00 |DRu|=2.02e+01)
  [PT] w_u=4.5219 w_v=16.1651 gamma=1.000 (tau_u=2.211e-01 tau_v=6.186e-02 |Du|=8.33e+00 |DRu|=2.39e+01)
  [PT] w_u=4.2658 w_v=15.8327 gamma=1.000 (tau_u=2.344e-01 tau_v=6.316e-02 |Du|=9.94e+00 |DRu|=1.67e+01)
  [PT] w_u=4.4071 w_v=16.0567 gamma=0.992 (tau_u=2.269e-01 tau_v=6.228e-02 |Du|=8.25e+00 |DRu|=2.06e+01)
  [PT] w_u=4.4997 w_v=15.4399 gamma=0.994 (tau_u=2.222e-01 tau_v=6.477e-02 |Du|=5.80e+00 |DRu|=1.36e+01)
[Adam] ep=  480  total=3.787e-01  PDE=2.136e-02 [colloc=1.910e-02, cfd=2.261e-03] (w=2.289)  IN=4.645e-02 (w=1.382)  TB=2.088e-02 (w=1.007)  WALL=1.636e-16 (w=0.200)  OUT=4.777e-04 (w=0.247)  DATA=4.708e-02 (w=5.191)  DATA_P=0.000e+00 (w=1.000)
  [PT] w_u=4.4418 w_v=15.5434 gamma=1.000 (tau_u=2.251e-01 tau_v=6.434e-02 |Du|=9.19e+00 |DRu|=1.83e+01)
  [PT] w_u=4.9147 w_v=16.9600 gamma=1.000 (tau_u=2.035e-01 tau_v=5.896e-02 |Du|=2.07e+00 |DRu|=2.24e+01)
  [PT] w_u=5.0911 w_v=15.8203 gamma=1.000 (tau_u=1.964e-01 tau_v=6.321e-02 |Du|=5.61e+00 |DRu|=1.54e+01)
  [PT] w_u=5.5722 w_v=16.9083 gamma=1.000 (tau_u=1.795e-01 tau_v=5.914e-02 |Du|=7.25e+00 |DRu|=4.43e+01)
  [PT] w_u=6.1078 w_v=18.2566 gamma=1.000 (tau_u=1.637e-01 tau_v=5.477e-02 |Du|=3.25e+00 |DRu|=2.19e+01)
  [PT] w_u=6.3480 w_v=16.2780 gamma=1.000 (tau_u=1.575e-01 tau_v=6.143e-02 |Du|=3.70e+00 |DRu|=1.16e+01)
  [PT] w_u=6.7537 w_v=16.3854 gamma=1.000 (tau_u=1.481e-01 tau_v=6.103e-02 |Du|=6.76e+00 |DRu|=2.70e+01)
  [PT] w_u=7.2766 w_v=16.9157 gamma=1.000 (tau_u=1.374e-01 tau_v=5.912e-02 |Du|=9.05e+00 |DRu|=4.43e+01)
  [PT] w_u=7.8878 w_v=17.8928 gamma=1.000 (tau_u=1.268e-01 tau_v=5.589e-02 |Du|=4.96e+00 |DRu|=2.82e+01)
  [PT] w_u=8.5102 w_v=17.3341 gamma=1.000 (tau_u=1.175e-01 tau_v=5.769e-02 |Du|=2.17e+00 |DRu|=1.18e+01)
  [PT] w_u=8.8120 w_v=16.3630 gamma=1.000 (tau_u=1.135e-01 tau_v=6.111e-02 |Du|=3.95e+00 |DRu|=1.42e+01)
  [PT] w_u=9.2655 w_v=16.2906 gamma=1.000 (tau_u=1.079e-01 tau_v=6.139e-02 |Du|=7.15e+00 |DRu|=2.97e+01)
  [PT] w_u=9.8565 w_v=16.7599 gamma=1.000 (tau_u=1.015e-01 tau_v=5.967e-02 |Du|=9.96e+00 |DRu|=4.79e+01)
  [PT] w_u=10.5083 w_v=17.5889 gamma=1.000 (tau_u=9.516e-02 tau_v=5.685e-02 |Du|=5.31e+00 |DRu|=2.70e+01)
  [PT] w_u=9.7420 w_v=18.5755 gamma=1.000 (tau_u=1.026e-01 tau_v=5.383e-02 |Du|=3.43e+00 |DRu|=8.31e+00)
  [PT] w_u=9.3343 w_v=17.6621 gamma=1.000 (tau_u=1.071e-01 tau_v=5.662e-02 |Du|=5.64e+00 |DRu|=1.47e+01)
  [PT] w_u=9.4492 w_v=17.2723 gamma=1.000 (tau_u=1.058e-01 tau_v=5.790e-02 |Du|=7.84e+00 |DRu|=2.55e+01)
  [PT] w_u=9.7299 w_v=17.0170 gamma=0.995 (tau_u=1.028e-01 tau_v=5.876e-02 |Du|=9.00e+00 |DRu|=3.27e+01)
  [PT] w_u=9.9714 w_v=17.2357 gamma=1.000 (tau_u=1.003e-01 tau_v=5.802e-02 |Du|=1.17e+01 |DRu|=4.21e+01)
  [PT] w_u=10.3094 w_v=17.8825 gamma=1.000 (tau_u=9.700e-02 tau_v=5.592e-02 |Du|=7.17e+00 |DRu|=2.76e+01)
[Adam] ep=  500  total=6.872e-01  PDE=1.044e-01 [colloc=9.973e-02, cfd=4.654e-03] (w=2.809)  IN=6.790e-02 (w=1.224)  TB=1.945e-02 (w=0.722)  WALL=3.748e-15 (w=0.200)  OUT=1.276e-03 (w=0.200)  DATA=6.166e-02 (w=4.810)  DATA_P=0.000e+00 (w=1.000)
  [PT] w_u=10.7058 w_v=17.6151 gamma=1.000 (tau_u=9.341e-02 tau_v=5.677e-02 |Du|=2.24e+00 |DRu|=9.07e+00)
  [PT] w_u=10.4008 w_v=17.0481 gamma=1.000 (tau_u=9.615e-02 tau_v=5.866e-02 |Du|=4.53e+00 |DRu|=1.30e+01)
  [PT] w_u=10.2460 w_v=17.1460 gamma=1.000 (tau_u=9.760e-02 tau_v=5.832e-02 |Du|=8.59e+00 |DRu|=2.58e+01)
  [PT] w_u=10.0561 w_v=17.1445 gamma=0.992 (tau_u=9.944e-02 tau_v=5.833e-02 |Du|=1.08e+01 |DRu|=3.15e+01)
  [PT] w_u=10.3610 w_v=16.9219 gamma=1.000 (tau_u=9.652e-02 tau_v=5.910e-02 |Du|=8.02e+00 |DRu|=3.03e+01)
  [PT] w_u=10.3580 w_v=16.1485 gamma=1.000 (tau_u=9.654e-02 tau_v=6.193e-02 |Du|=5.91e+00 |DRu|=1.90e+01)
  [PT] w_u=9.5473 w_v=14.4596 gamma=1.000 (tau_u=1.047e-01 tau_v=6.916e-02 |Du|=4.40e+00 |DRu|=1.04e+01)
  [PT] w_u=9.7338 w_v=13.9537 gamma=1.000 (tau_u=1.027e-01 tau_v=7.167e-02 |Du|=2.91e+00 |DRu|=1.00e+01)
  [PT] w_u=10.4264 w_v=14.4574 gamma=1.000 (tau_u=9.591e-02 tau_v=6.917e-02 |Du|=3.71e+00 |DRu|=2.00e+01)
  [PT] w_u=10.9811 w_v=15.1381 gamma=1.000 (tau_u=9.107e-02 tau_v=6.606e-02 |Du|=5.94e+00 |DRu|=2.73e+01)
  [PT] w_u=10.1347 w_v=12.4386 gamma=1.000 (tau_u=9.867e-02 tau_v=8.039e-02 |Du|=5.44e+00 |DRu|=1.33e+01)
  [PT] w_u=6.9463 w_v=10.1695 gamma=1.000 (tau_u=1.440e-01 tau_v=9.833e-02 |Du|=6.93e+00 |DRu|=9.33e+00)
  [PT] w_u=6.7345 w_v=10.1594 gamma=1.000 (tau_u=1.485e-01 tau_v=9.843e-02 |Du|=8.91e+00 |DRu|=2.05e+01)
  [PT] w_u=6.9810 w_v=10.9904 gamma=1.000 (tau_u=1.432e-01 tau_v=9.099e-02 |Du|=7.02e+00 |DRu|=2.26e+01)
  [PT] w_u=6.3090 w_v=9.0823 gamma=1.000 (tau_u=1.585e-01 tau_v=1.101e-01 |Du|=5.04e+00 |DRu|=9.27e+00)
  [PT] w_u=6.6516 w_v=8.7500 gamma=0.999 (tau_u=1.503e-01 tau_v=1.143e-01 |Du|=5.16e+00 |DRu|=1.86e+01)
  [PT] w_u=7.0079 w_v=9.2230 gamma=1.000 (tau_u=1.427e-01 tau_v=1.084e-01 |Du|=7.57e+00 |DRu|=2.79e+01)
  [PT] w_u=6.0889 w_v=9.5595 gamma=1.000 (tau_u=1.642e-01 tau_v=1.046e-01 |Du|=4.89e+00 |DRu|=8.17e+00)
  [PT] w_u=6.6937 w_v=10.2529 gamma=1.000 (tau_u=1.494e-01 tau_v=9.753e-02 |Du|=2.11e+00 |DRu|=1.67e+01)
  [PT] w_u=7.1710 w_v=10.4873 gamma=1.000 (tau_u=1.395e-01 tau_v=9.535e-02 |Du|=5.24e+00 |DRu|=2.34e+01)
[Adam] ep=  520  total=4.203e-01  PDE=4.299e-02 [colloc=3.941e-02, cfd=3.577e-03] (w=2.186)  IN=4.219e-02 (w=1.374)  TB=7.012e-02 (w=1.181)  WALL=6.549e-16 (w=0.200)  OUT=3.928e-03 (w=0.249)  DATA=3.728e-02 (w=4.952)  DATA_P=0.000e+00 (w=1.000)
  [PT] w_u=6.9697 w_v=8.8277 gamma=0.999 (tau_u=1.435e-01 tau_v=1.133e-01 |Du|=4.74e+00 |DRu|=1.12e+01)
  [PT] w_u=7.4693 w_v=9.2585 gamma=1.000 (tau_u=1.339e-01 tau_v=1.080e-01 |Du|=5.68e+00 |DRu|=2.60e+01)
  [PT] w_u=6.0959 w_v=7.9439 gamma=1.000 (tau_u=1.640e-01 tau_v=1.259e-01 |Du|=3.29e+00 |DRu|=4.98e+00)
  [PT] w_u=6.5980 w_v=8.7539 gamma=1.000 (tau_u=1.516e-01 tau_v=1.142e-01 |Du|=5.64e+00 |DRu|=2.85e+01)
  [PT] w_u=6.7394 w_v=9.0192 gamma=1.000 (tau_u=1.484e-01 tau_v=1.109e-01 |Du|=3.92e+00 |DRu|=1.13e+01)
  [PT] w_u=7.1476 w_v=9.4443 gamma=0.998 (tau_u=1.399e-01 tau_v=1.059e-01 |Du|=4.19e+00 |DRu|=1.66e+01)
  [PT] w_u=7.8545 w_v=10.2728 gamma=1.000 (tau_u=1.273e-01 tau_v=9.734e-02 |Du|=4.75e+00 |DRu|=4.02e+01)
  [PT] w_u=8.6486 w_v=11.3436 gamma=1.000 (tau_u=1.156e-01 tau_v=8.816e-02 |Du|=2.19e+00 |DRu|=2.14e+01)
  [PT] w_u=7.9341 w_v=11.0452 gamma=1.000 (tau_u=1.260e-01 tau_v=9.054e-02 |Du|=4.08e+00 |DRu|=8.71e+00)
  [PT] w_u=7.8240 w_v=11.1281 gamma=1.000 (tau_u=1.278e-01 tau_v=8.986e-02 |Du|=6.68e+00 |DRu|=1.76e+01)
  [PT] w_u=8.1781 w_v=11.5159 gamma=1.000 (tau_u=1.223e-01 tau_v=8.684e-02 |Du|=8.33e+00 |DRu|=3.09e+01)
  [PT] w_u=8.7946 w_v=12.3254 gamma=1.000 (tau_u=1.137e-01 tau_v=8.113e-02 |Du|=9.39e+00 |DRu|=4.91e+01)
  [PT] w_u=9.4675 w_v=13.4087 gamma=1.000 (tau_u=1.056e-01 tau_v=7.458e-02 |Du|=5.76e+00 |DRu|=3.18e+01)
  [PT] w_u=9.3146 w_v=12.8190 gamma=1.000 (tau_u=1.074e-01 tau_v=7.801e-02 |Du|=5.02e+00 |DRu|=1.43e+01)
  [PT] w_u=8.5682 w_v=12.1967 gamma=1.000 (tau_u=1.167e-01 tau_v=8.199e-02 |Du|=7.97e+00 |DRu|=1.78e+01)
  [PT] w_u=8.3658 w_v=12.2841 gamma=1.000 (tau_u=1.195e-01 tau_v=8.141e-02 |Du|=1.07e+01 |DRu|=2.81e+01)
  [PT] w_u=8.3533 w_v=12.5338 gamma=1.000 (tau_u=1.197e-01 tau_v=7.978e-02 |Du|=1.14e+01 |DRu|=3.27e+01)
  [PT] w_u=8.6556 w_v=12.7088 gamma=1.000 (tau_u=1.155e-01 tau_v=7.869e-02 |Du|=7.97e+00 |DRu|=2.86e+01)
  [PT] w_u=8.4923 w_v=12.2033 gamma=1.000 (tau_u=1.178e-01 tau_v=8.194e-02 |Du|=8.08e+00 |DRu|=2.18e+01)
  [PT] w_u=7.9298 w_v=11.7011 gamma=1.000 (tau_u=1.261e-01 tau_v=8.546e-02 |Du|=9.10e+00 |DRu|=2.03e+01)
[Adam] ep=  540  total=1.118e+00  PDE=1.062e-01 [colloc=1.000e-01, cfd=6.226e-03] (w=2.568)  IN=1.293e-01 (w=1.316)  TB=1.999e-02 (w=0.743)  WALL=4.435e-15 (w=0.200)  OUT=5.112e-03 (w=0.262)  DATA=1.257e-01 (w=5.241)  DATA_P=0.000e+00 (w=1.000)
  [PT] w_u=7.5686 w_v=11.1498 gamma=1.000 (tau_u=1.321e-01 tau_v=8.969e-02 |Du|=7.99e+00 |DRu|=1.85e+01)
  [PT] w_u=7.8027 w_v=10.7205 gamma=1.000 (tau_u=1.282e-01 tau_v=9.328e-02 |Du|=5.69e+00 |DRu|=1.87e+01)
  [PT] w_u=8.2190 w_v=10.7566 gamma=1.000 (tau_u=1.217e-01 tau_v=9.297e-02 |Du|=5.93e+00 |DRu|=2.36e+01)
  [PT] w_u=8.2622 w_v=11.0600 gamma=1.000 (tau_u=1.210e-01 tau_v=9.042e-02 |Du|=8.51e+00 |DRu|=2.51e+01)
  [PT] w_u=8.2166 w_v=10.1037 gamma=1.000 (tau_u=1.217e-01 tau_v=9.897e-02 |Du|=6.56e+00 |DRu|=1.84e+01)
  [PT] w_u=7.2121 w_v=9.1088 gamma=1.000 (tau_u=1.387e-01 tau_v=1.098e-01 |Du|=7.26e+00 |DRu|=1.35e+01)
  [PT] w_u=4.7729 w_v=8.7087 gamma=1.000 (tau_u=2.095e-01 tau_v=1.148e-01 |Du|=1.28e+01 |DRu|=1.39e+01)
  [PT] w_u=4.0391 w_v=8.7769 gamma=1.000 (tau_u=2.476e-01 tau_v=1.139e-01 |Du|=1.77e+01 |DRu|=2.31e+01)
  [PT] w_u=2.4199 w_v=7.2998 gamma=1.000 (tau_u=4.132e-01 tau_v=1.370e-01 |Du|=1.13e+01 |DRu|=8.17e+00)
  [PT] w_u=2.6342 w_v=7.0347 gamma=1.000 (tau_u=3.796e-01 tau_v=1.422e-01 |Du|=7.25e+00 |DRu|=2.61e+01)
  [PT] w_u=2.8252 w_v=6.9368 gamma=1.000 (tau_u=3.540e-01 tau_v=1.442e-01 |Du|=7.39e+00 |DRu|=2.11e+01)
  [PT] w_u=2.9860 w_v=6.5203 gamma=1.000 (tau_u=3.349e-01 tau_v=1.534e-01 |Du|=5.51e+00 |DRu|=1.36e+01)
  [PT] w_u=3.1571 w_v=6.8653 gamma=1.000 (tau_u=3.168e-01 tau_v=1.457e-01 |Du|=5.53e+00 |DRu|=1.41e+01)
  [PT] w_u=3.1866 w_v=6.5774 gamma=1.000 (tau_u=3.138e-01 tau_v=1.520e-01 |Du|=5.69e+00 |DRu|=1.06e+01)
  [PT] w_u=3.2246 w_v=5.9857 gamma=0.999 (tau_u=3.101e-01 tau_v=1.671e-01 |Du|=1.06e+01 |DRu|=2.02e+01)
  [PT] w_u=3.1652 w_v=5.0719 gamma=0.996 (tau_u=3.159e-01 tau_v=1.972e-01 |Du|=9.33e+00 |DRu|=1.53e+01)
  [PT] w_u=3.2920 w_v=5.2583 gamma=1.000 (tau_u=3.038e-01 tau_v=1.902e-01 |Du|=4.61e+00 |DRu|=1.05e+01)
  [PT] w_u=3.0384 w_v=4.5371 gamma=1.000 (tau_u=3.291e-01 tau_v=2.204e-01 |Du|=5.53e+00 |DRu|=7.41e+00)
  [PT] w_u=2.9718 w_v=4.1258 gamma=0.999 (tau_u=3.365e-01 tau_v=2.424e-01 |Du|=7.19e+00 |DRu|=1.13e+01)
  [PT] w_u=3.1126 w_v=4.2167 gamma=1.000 (tau_u=3.213e-01 tau_v=2.372e-01 |Du|=5.60e+00 |DRu|=1.30e+01)
[Adam] ep=  560  total=3.215e-01  PDE=2.990e-02 [colloc=2.668e-02, cfd=3.220e-03] (w=2.225)  IN=3.400e-02 (w=1.352)  TB=1.972e-02 (w=1.049)  WALL=8.423e-16 (w=0.200)  OUT=3.684e-03 (w=0.345)  DATA=3.534e-02 (w=5.295)  DATA_P=0.000e+00 (w=1.000)
  [PT] w_u=3.1680 w_v=4.5518 gamma=1.000 (tau_u=3.157e-01 tau_v=2.197e-01 |Du|=5.11e+00 |DRu|=9.92e+00)
  [PT] w_u=3.0737 w_v=4.3171 gamma=1.000 (tau_u=3.253e-01 tau_v=2.316e-01 |Du|=6.44e+00 |DRu|=1.00e+01)
  [PT] w_u=2.5210 w_v=4.3026 gamma=1.000 (tau_u=3.967e-01 tau_v=2.324e-01 |Du|=1.21e+01 |DRu|=1.18e+01)
  [PT] w_u=2.7417 w_v=4.6418 gamma=1.000 (tau_u=3.647e-01 tau_v=2.154e-01 |Du|=7.98e+00 |DRu|=2.87e+01)
  [PT] w_u=2.8558 w_v=4.9707 gamma=1.000 (tau_u=3.502e-01 tau_v=2.012e-01 |Du|=5.08e+00 |DRu|=1.08e+01)
  [PT] w_u=3.1667 w_v=5.4879 gamma=1.000 (tau_u=3.158e-01 tau_v=1.822e-01 |Du|=2.62e+00 |DRu|=3.29e+01)
  [PT] w_u=3.3669 w_v=5.9862 gamma=1.000 (tau_u=2.970e-01 tau_v=1.671e-01 |Du|=2.83e+00 |DRu|=7.90e+00)
  [PT] w_u=3.7195 w_v=6.5878 gamma=1.000 (tau_u=2.689e-01 tau_v=1.518e-01 |Du|=5.78e+00 |DRu|=4.65e+01)
  [PT] w_u=3.9792 w_v=7.0629 gamma=1.000 (tau_u=2.513e-01 tau_v=1.416e-01 |Du|=5.01e+00 |DRu|=1.64e+01)
  [PT] w_u=4.2072 w_v=7.4115 gamma=1.000 (tau_u=2.377e-01 tau_v=1.349e-01 |Du|=7.49e+00 |DRu|=2.21e+01)
  [PT] w_u=4.5616 w_v=8.0149 gamma=1.000 (tau_u=2.192e-01 tau_v=1.248e-01 |Du|=1.07e+01 |DRu|=4.64e+01)
  [PT] w_u=4.5936 w_v=8.6275 gamma=1.000 (tau_u=2.177e-01 tau_v=1.159e-01 |Du|=1.00e+01 |DRu|=2.22e+01)
  [PT] w_u=4.2520 w_v=8.8092 gamma=1.000 (tau_u=2.352e-01 tau_v=1.135e-01 |Du|=1.03e+01 |DRu|=1.65e+01)
  [PT] w_u=4.4893 w_v=9.2415 gamma=1.000 (tau_u=2.228e-01 tau_v=1.082e-01 |Du|=9.47e+00 |DRu|=2.84e+01)
  [PT] w_u=4.8967 w_v=9.8385 gamma=1.000 (tau_u=2.042e-01 tau_v=1.016e-01 |Du|=5.57e+00 |DRu|=2.88e+01)
  [PT] w_u=4.8670 w_v=10.3547 gamma=1.000 (tau_u=2.055e-01 tau_v=9.657e-02 |Du|=8.04e+00 |DRu|=1.73e+01)
  [PT] w_u=4.9237 w_v=10.6657 gamma=1.000 (tau_u=2.031e-01 tau_v=9.376e-02 |Du|=9.35e+00 |DRu|=2.19e+01)
  [PT] w_u=5.3591 w_v=11.2329 gamma=1.000 (tau_u=1.866e-01 tau_v=8.902e-02 |Du|=7.42e+00 |DRu|=3.80e+01)
  [PT] w_u=5.8275 w_v=11.8912 gamma=1.000 (tau_u=1.716e-01 tau_v=8.410e-02 |Du|=3.51e+00 |DRu|=1.83e+01)
  [PT] w_u=5.6495 w_v=12.1627 gamma=1.000 (tau_u=1.770e-01 tau_v=8.222e-02 |Du|=8.01e+00 |DRu|=1.69e+01)
[Adam] ep=  580  total=7.079e-01  PDE=1.648e-01 [colloc=1.604e-01, cfd=4.364e-03] (w=2.903)  IN=2.318e-02 (w=1.076)  TB=1.180e-02 (w=0.756)  WALL=4.939e-15 (w=0.200)  OUT=1.238e-03 (w=0.247)  DATA=4.036e-02 (w=4.841)  DATA_P=0.000e+00 (w=1.000)
  [PT] w_u=5.6318 w_v=12.2303 gamma=1.000 (tau_u=1.776e-01 tau_v=8.176e-02 |Du|=1.14e+01 |DRu|=2.67e+01)
  [PT] w_u=5.8320 w_v=12.2784 gamma=1.000 (tau_u=1.715e-01 tau_v=8.144e-02 |Du|=1.07e+01 |DRu|=3.13e+01)
  [PT] w_u=6.1648 w_v=12.5829 gamma=1.000 (tau_u=1.622e-01 tau_v=7.947e-02 |Du|=5.23e+00 |DRu|=1.86e+01)
  [PT] w_u=5.6961 w_v=13.1637 gamma=1.000 (tau_u=1.756e-01 tau_v=7.597e-02 |Du|=7.09e+00 |DRu|=1.30e+01)
  [PT] w_u=5.2348 w_v=13.0993 gamma=1.000 (tau_u=1.910e-01 tau_v=7.634e-02 |Du|=8.26e+00 |DRu|=1.44e+01)
  [PT] w_u=5.4199 w_v=13.1441 gamma=1.000 (tau_u=1.845e-01 tau_v=7.608e-02 |Du|=7.90e+00 |DRu|=2.23e+01)
  [PT] w_u=5.8523 w_v=13.3985 gamma=1.000 (tau_u=1.709e-01 tau_v=7.464e-02 |Du|=6.22e+00 |DRu|=2.83e+01)
  [PT] w_u=6.0295 w_v=13.4930 gamma=1.000 (tau_u=1.659e-01 tau_v=7.411e-02 |Du|=4.40e+00 |DRu|=1.27e+01)
  [PT] w_u=6.1284 w_v=13.7272 gamma=1.000 (tau_u=1.632e-01 tau_v=7.285e-02 |Du|=3.95e+00 |DRu|=1.06e+01)
  [PT] w_u=6.5868 w_v=13.8969 gamma=0.999 (tau_u=1.518e-01 tau_v=7.196e-02 |Du|=3.79e+00 |DRu|=1.70e+01)
  [PT] w_u=6.7234 w_v=13.9000 gamma=1.000 (tau_u=1.487e-01 tau_v=7.194e-02 |Du|=8.03e+00 |DRu|=2.31e+01)
  [PT] w_u=5.7254 w_v=12.9652 gamma=1.000 (tau_u=1.747e-01 tau_v=7.713e-02 |Du|=6.73e+00 |DRu|=1.05e+01)
  [PT] w_u=6.1275 w_v=13.9522 gamma=1.000 (tau_u=1.632e-01 tau_v=7.167e-02 |Du|=3.67e+00 |DRu|=1.50e+01)
  [PT] w_u=6.4608 w_v=13.8701 gamma=1.000 (tau_u=1.548e-01 tau_v=7.210e-02 |Du|=5.37e+00 |DRu|=1.91e+01)
  [PT] w_u=6.1403 w_v=9.8090 gamma=0.997 (tau_u=1.629e-01 tau_v=1.019e-01 |Du|=4.57e+00 |DRu|=9.40e+00)
  [PT] w_u=6.6448 w_v=9.8248 gamma=0.999 (tau_u=1.505e-01 tau_v=1.018e-01 |Du|=4.14e+00 |DRu|=2.09e+01)
  [PT] w_u=6.1794 w_v=9.3110 gamma=1.000 (tau_u=1.618e-01 tau_v=1.074e-01 |Du|=3.79e+00 |DRu|=7.38e+00)
  [PT] w_u=6.7008 w_v=10.1481 gamma=1.000 (tau_u=1.492e-01 tau_v=9.854e-02 |Du|=4.60e+00 |DRu|=2.43e+01)
  [PT] w_u=6.2746 w_v=8.7674 gamma=1.000 (tau_u=1.594e-01 tau_v=1.141e-01 |Du|=4.40e+00 |DRu|=8.78e+00)
  [PT] w_u=6.2942 w_v=8.6727 gamma=0.995 (tau_u=1.589e-01 tau_v=1.153e-01 |Du|=5.69e+00 |DRu|=1.45e+01)
[Adam] ep=  600  total=3.311e-01  PDE=4.412e-02 [colloc=4.044e-02, cfd=3.683e-03] (w=2.412)  IN=3.140e-02 (w=1.328)  TB=1.693e-02 (w=0.923)  WALL=5.422e-16 (w=0.200)  OUT=4.157e-04 (w=0.230)  DATA=3.165e-02 (w=5.284)  DATA_P=0.000e+00 (w=1.000)
  [PT] w_u=6.8634 w_v=9.2241 gamma=1.000 (tau_u=1.457e-01 tau_v=1.084e-01 |Du|=4.73e+00 |DRu|=2.87e+01)
  [PT] w_u=7.3539 w_v=9.7707 gamma=1.000 (tau_u=1.360e-01 tau_v=1.023e-01 |Du|=2.81e+00 |DRu|=1.28e+01)
  [PT] w_u=7.3915 w_v=9.9661 gamma=1.000 (tau_u=1.353e-01 tau_v=1.003e-01 |Du|=1.93e+00 |DRu|=5.36e+00)
  [PT] w_u=7.9418 w_v=10.4788 gamma=0.999 (tau_u=1.259e-01 tau_v=9.543e-02 |Du|=3.99e+00 |DRu|=1.96e+01)
  [PT] w_u=8.5069 w_v=10.8879 gamma=1.000 (tau_u=1.176e-01 tau_v=9.185e-02 |Du|=6.58e+00 |DRu|=3.20e+01)
  [PT] w_u=8.5972 w_v=10.8671 gamma=1.000 (tau_u=1.163e-01 tau_v=9.202e-02 |Du|=4.87e+00 |DRu|=1.50e+01)
  [PT] w_u=6.6478 w_v=10.3926 gamma=1.000 (tau_u=1.504e-01 tau_v=9.622e-02 |Du|=4.85e+00 |DRu|=7.17e+00)
  [PT] w_u=6.9022 w_v=10.9534 gamma=1.000 (tau_u=1.449e-01 tau_v=9.130e-02 |Du|=4.64e+00 |DRu|=1.50e+01)
  [PT] w_u=7.4018 w_v=11.5461 gamma=0.994 (tau_u=1.351e-01 tau_v=8.661e-02 |Du|=5.23e+00 |DRu|=2.41e+01)
  [PT] w_u=7.1167 w_v=12.0214 gamma=1.000 (tau_u=1.405e-01 tau_v=8.319e-02 |Du|=1.34e+01 |DRu|=3.08e+01)
  [PT] w_u=6.5324 w_v=12.4845 gamma=1.000 (tau_u=1.531e-01 tau_v=8.010e-02 |Du|=1.04e+01 |DRu|=2.01e+01)
  [PT] w_u=6.2615 w_v=12.7423 gamma=1.000 (tau_u=1.597e-01 tau_v=7.848e-02 |Du|=5.18e+00 |DRu|=1.11e+01)
  [PT] w_u=6.7205 w_v=13.4173 gamma=1.000 (tau_u=1.488e-01 tau_v=7.453e-02 |Du|=4.96e+00 |DRu|=2.20e+01)
  [PT] w_u=6.4333 w_v=13.8494 gamma=1.000 (tau_u=1.554e-01 tau_v=7.221e-02 |Du|=1.34e+01 |DRu|=2.88e+01)
  [PT] w_u=5.3355 w_v=13.7329 gamma=1.000 (tau_u=1.874e-01 tau_v=7.282e-02 |Du|=1.55e+01 |DRu|=2.25e+01)
  [PT] w_u=4.9124 w_v=13.4843 gamma=1.000 (tau_u=2.036e-01 tau_v=7.416e-02 |Du|=9.87e+00 |DRu|=1.67e+01)
  [PT] w_u=5.3907 w_v=13.8183 gamma=1.000 (tau_u=1.855e-01 tau_v=7.237e-02 |Du|=1.83e+00 |DRu|=1.21e+01)
  [PT] w_u=4.9633 w_v=13.9717 gamma=0.993 (tau_u=2.015e-01 tau_v=7.157e-02 |Du|=1.12e+01 |DRu|=1.90e+01)
  [PT] w_u=4.5367 w_v=13.9438 gamma=1.000 (tau_u=2.204e-01 tau_v=7.172e-02 |Du|=1.81e+01 |DRu|=2.90e+01)
  [PT] w_u=4.5172 w_v=13.0262 gamma=1.000 (tau_u=2.214e-01 tau_v=7.677e-02 |Du|=8.07e+00 |DRu|=1.68e+01)
[Adam] ep=  620  total=3.325e-01  PDE=6.109e-02 [colloc=5.818e-02, cfd=2.911e-03] (w=2.448)  IN=2.547e-02 (w=1.307)  TB=1.244e-02 (w=0.825)  WALL=1.943e-15 (w=0.200)  OUT=3.019e-03 (w=0.216)  DATA=2.514e-02 (w=5.516)  DATA_P=0.000e+00 (w=1.000)
  [PT] w_u=4.6451 w_v=11.0500 gamma=1.000 (tau_u=2.153e-01 tau_v=9.050e-02 |Du|=4.91e+00 |DRu|=1.23e+01)
  [PT] w_u=4.5194 w_v=11.2414 gamma=0.999 (tau_u=2.213e-01 tau_v=8.896e-02 |Du|=1.19e+01 |DRu|=2.26e+01)
  [PT] w_u=4.4541 w_v=11.1947 gamma=0.997 (tau_u=2.245e-01 tau_v=8.933e-02 |Du|=1.24e+01 |DRu|=2.46e+01)
  [PT] w_u=4.4843 w_v=9.6162 gamma=1.000 (tau_u=2.230e-01 tau_v=1.040e-01 |Du|=3.77e+00 |DRu|=8.23e+00)
  [PT] w_u=4.0847 w_v=9.5021 gamma=0.999 (tau_u=2.448e-01 tau_v=1.052e-01 |Du|=7.64e+00 |DRu|=1.15e+01)
  [PT] w_u=3.9119 w_v=9.8514 gamma=1.000 (tau_u=2.556e-01 tau_v=1.015e-01 |Du|=1.27e+01 |DRu|=2.14e+01)
  [PT] w_u=4.0393 w_v=10.0925 gamma=1.000 (tau_u=2.476e-01 tau_v=9.908e-02 |Du|=4.47e+00 |DRu|=1.07e+01)
  [PT] w_u=4.0368 w_v=10.1551 gamma=1.000 (tau_u=2.477e-01 tau_v=9.847e-02 |Du|=5.22e+00 |DRu|=1.05e+01)
  [PT] w_u=4.0045 w_v=10.4060 gamma=1.000 (tau_u=2.497e-01 tau_v=9.610e-02 |Du|=6.58e+00 |DRu|=1.27e+01)
  [PT] w_u=4.3357 w_v=10.6468 gamma=0.998 (tau_u=2.306e-01 tau_v=9.393e-02 |Du|=3.43e+00 |DRu|=1.41e+01)
  [PT] w_u=4.2820 w_v=10.8240 gamma=1.000 (tau_u=2.335e-01 tau_v=9.239e-02 |Du|=8.09e+00 |DRu|=1.59e+01)
  [PT] w_u=4.0978 w_v=10.6196 gamma=1.000 (tau_u=2.440e-01 tau_v=9.417e-02 |Du|=6.36e+00 |DRu|=1.09e+01)
  [PT] w_u=4.1716 w_v=10.3388 gamma=1.000 (tau_u=2.397e-01 tau_v=9.672e-02 |Du|=5.36e+00 |DRu|=1.20e+01)
  [PT] w_u=3.9931 w_v=10.0755 gamma=1.000 (tau_u=2.504e-01 tau_v=9.925e-02 |Du|=9.21e+00 |DRu|=1.56e+01)
  [PT] w_u=4.0609 w_v=9.0558 gamma=0.999 (tau_u=2.463e-01 tau_v=1.104e-01 |Du|=8.40e+00 |DRu|=1.84e+01)
  [PT] w_u=4.2521 w_v=7.7997 gamma=1.000 (tau_u=2.352e-01 tau_v=1.282e-01 |Du|=3.30e+00 |DRu|=8.96e+00)
  [PT] w_u=4.1310 w_v=7.9420 gamma=1.000 (tau_u=2.421e-01 tau_v=1.259e-01 |Du|=5.50e+00 |DRu|=9.98e+00)
  [PT] w_u=3.9724 w_v=7.7969 gamma=1.000 (tau_u=2.517e-01 tau_v=1.283e-01 |Du|=1.06e+01 |DRu|=1.83e+01)
  [PT] w_u=4.1401 w_v=7.0145 gamma=1.000 (tau_u=2.415e-01 tau_v=1.426e-01 |Du|=5.88e+00 |DRu|=1.52e+01)
  [PT] w_u=3.9387 w_v=6.6446 gamma=1.000 (tau_u=2.539e-01 tau_v=1.505e-01 |Du|=8.73e+00 |DRu|=1.44e+01)
[Adam] ep=  640  total=2.569e-01  PDE=5.262e-02 [colloc=5.029e-02, cfd=2.322e-03] (w=2.453)  IN=1.918e-02 (w=1.282)  TB=1.064e-02 (w=0.886)  WALL=1.460e-15 (w=0.200)  OUT=1.055e-03 (w=0.229)  DATA=1.722e-02 (w=5.433)  DATA_P=0.000e+00 (w=1.000)
  [PT] w_u=3.8084 w_v=6.9418 gamma=1.000 (tau_u=2.626e-01 tau_v=1.441e-01 |Du|=7.28e+00 |DRu|=1.25e+01)
  [PT] w_u=3.9762 w_v=6.5504 gamma=0.998 (tau_u=2.515e-01 tau_v=1.527e-01 |Du|=4.26e+00 |DRu|=1.09e+01)
  [PT] w_u=3.9360 w_v=6.4461 gamma=1.000 (tau_u=2.541e-01 tau_v=1.551e-01 |Du|=1.25e+01 |DRu|=2.37e+01)
  [PT] w_u=4.1946 w_v=6.5082 gamma=1.000 (tau_u=2.384e-01 tau_v=1.537e-01 |Du|=1.97e+00 |DRu|=6.31e+00)
  [PT] w_u=4.0821 w_v=6.6744 gamma=1.000 (tau_u=2.450e-01 tau_v=1.498e-01 |Du|=7.71e+00 |DRu|=1.40e+01)
  [PT] w_u=3.9409 w_v=6.4923 gamma=0.994 (tau_u=2.538e-01 tau_v=1.540e-01 |Du|=1.22e+01 |DRu|=2.10e+01)
  [PT] w_u=4.0287 w_v=5.7615 gamma=0.998 (tau_u=2.482e-01 tau_v=1.736e-01 |Du|=3.21e+00 |DRu|=7.19e+00)
  [PT] w_u=3.6795 w_v=6.1589 gamma=1.000 (tau_u=2.718e-01 tau_v=1.624e-01 |Du|=7.88e+00 |DRu|=1.13e+01)
  [PT] w_u=3.5832 w_v=6.0873 gamma=1.000 (tau_u=2.791e-01 tau_v=1.643e-01 |Du|=7.89e+00 |DRu|=1.34e+01)
  [PT] w_u=3.7711 w_v=5.9274 gamma=1.000 (tau_u=2.652e-01 tau_v=1.687e-01 |Du|=5.82e+00 |DRu|=1.56e+01)
  [PT] w_u=3.7861 w_v=6.2453 gamma=1.000 (tau_u=2.641e-01 tau_v=1.601e-01 |Du|=4.25e+00 |DRu|=8.43e+00)
  [PT] w_u=3.9145 w_v=6.3610 gamma=0.998 (tau_u=2.555e-01 tau_v=1.572e-01 |Du|=3.51e+00 |DRu|=8.33e+00)
  [PT] w_u=3.9396 w_v=6.2901 gamma=1.000 (tau_u=2.538e-01 tau_v=1.590e-01 |Du|=9.24e+00 |DRu|=1.89e+01)
  [PT] w_u=3.9144 w_v=6.2042 gamma=1.000 (tau_u=2.555e-01 tau_v=1.612e-01 |Du|=3.81e+00 |DRu|=7.32e+00)
  [PT] w_u=3.5914 w_v=6.4596 gamma=1.000 (tau_u=2.784e-01 tau_v=1.548e-01 |Du|=9.87e+00 |DRu|=1.42e+01)
  [PT] w_u=3.8071 w_v=6.0987 gamma=0.997 (tau_u=2.627e-01 tau_v=1.640e-01 |Du|=3.27e+00 |DRu|=9.39e+00)
  [PT] w_u=3.7578 w_v=6.1350 gamma=1.000 (tau_u=2.661e-01 tau_v=1.630e-01 |Du|=8.97e+00 |DRu|=1.64e+01)
  [PT] w_u=3.9183 w_v=6.3965 gamma=1.000 (tau_u=2.552e-01 tau_v=1.563e-01 |Du|=2.43e+00 |DRu|=6.13e+00)
  [PT] w_u=3.7881 w_v=6.1805 gamma=0.999 (tau_u=2.640e-01 tau_v=1.618e-01 |Du|=7.55e+00 |DRu|=1.29e+01)
  [PT] w_u=3.9804 w_v=5.8744 gamma=0.999 (tau_u=2.512e-01 tau_v=1.702e-01 |Du|=4.10e+00 |DRu|=1.11e+01)
[Adam] ep=  660  total=2.407e-01  PDE=3.000e-02 [colloc=2.769e-02, cfd=2.312e-03] (w=2.478)  IN=1.973e-02 (w=1.261)  TB=8.943e-03 (w=0.937)  WALL=6.383e-16 (w=0.200)  OUT=5.669e-04 (w=0.200)  DATA=2.502e-02 (w=5.314)  DATA_P=0.000e+00 (w=1.000)
  [PT] w_u=3.9588 w_v=6.2174 gamma=1.000 (tau_u=2.526e-01 tau_v=1.608e-01 |Du|=7.40e+00 |DRu|=1.44e+01)
  [PT] w_u=4.1616 w_v=6.0273 gamma=1.000 (tau_u=2.403e-01 tau_v=1.659e-01 |Du|=5.42e+00 |DRu|=1.51e+01)
  [PT] w_u=4.2125 w_v=5.5185 gamma=1.000 (tau_u=2.374e-01 tau_v=1.812e-01 |Du|=5.19e+00 |DRu|=1.13e+01)
  [PT] w_u=4.5558 w_v=5.8535 gamma=1.000 (tau_u=2.195e-01 tau_v=1.708e-01 |Du|=5.94e+00 |DRu|=2.46e+01)
  [PT] w_u=4.5125 w_v=5.7550 gamma=1.000 (tau_u=2.216e-01 tau_v=1.738e-01 |Du|=1.70e+00 |DRu|=3.46e+00)
  [PT] w_u=4.9664 w_v=6.2911 gamma=1.000 (tau_u=2.014e-01 tau_v=1.590e-01 |Du|=3.07e+00 |DRu|=2.22e+01)
  [PT] w_u=4.5396 w_v=5.6484 gamma=1.000 (tau_u=2.203e-01 tau_v=1.770e-01 |Du|=6.29e+00 |DRu|=1.01e+01)
  [PT] w_u=4.8194 w_v=5.5980 gamma=1.000 (tau_u=2.075e-01 tau_v=1.786e-01 |Du|=7.09e+00 |DRu|=2.33e+01)
  [PT] w_u=4.0543 w_v=4.9253 gamma=1.000 (tau_u=2.467e-01 tau_v=2.030e-01 |Du|=5.56e+00 |DRu|=7.19e+00)
  [PT] w_u=4.4393 w_v=5.3845 gamma=1.000 (tau_u=2.253e-01 tau_v=1.857e-01 |Du|=4.62e+00 |DRu|=2.55e+01)
  [PT] w_u=4.6608 w_v=5.2784 gamma=1.000 (tau_u=2.146e-01 tau_v=1.895e-01 |Du|=1.95e+00 |DRu|=5.67e+00)
  [PT] w_u=5.0947 w_v=5.5288 gamma=0.997 (tau_u=1.963e-01 tau_v=1.809e-01 |Du|=3.22e+00 |DRu|=1.80e+01)
  [PT] w_u=4.8365 w_v=5.3183 gamma=1.000 (tau_u=2.068e-01 tau_v=1.880e-01 |Du|=9.75e+00 |DRu|=1.78e+01)
  [PT] w_u=4.4976 w_v=5.0575 gamma=1.000 (tau_u=2.223e-01 tau_v=1.977e-01 |Du|=7.30e+00 |DRu|=1.21e+01)
  [PT] w_u=4.7066 w_v=5.4816 gamma=1.000 (tau_u=2.125e-01 tau_v=1.824e-01 |Du|=6.86e+00 |DRu|=1.95e+01)
  [PT] w_u=4.5451 w_v=5.8254 gamma=0.999 (tau_u=2.200e-01 tau_v=1.717e-01 |Du|=7.62e+00 |DRu|=1.42e+01)
  [PT] w_u=4.9744 w_v=6.1658 gamma=1.000 (tau_u=2.010e-01 tau_v=1.622e-01 |Du|=3.63e+00 |DRu|=2.09e+01)
  [PT] w_u=4.5737 w_v=5.8671 gamma=1.000 (tau_u=2.186e-01 tau_v=1.704e-01 |Du|=6.21e+00 |DRu|=1.01e+01)
  [PT] w_u=4.7080 w_v=6.2502 gamma=1.000 (tau_u=2.124e-01 tau_v=1.600e-01 |Du|=9.38e+00 |DRu|=2.37e+01)
  [PT] w_u=5.1664 w_v=6.8962 gamma=1.000 (tau_u=1.936e-01 tau_v=1.450e-01 |Du|=1.59e+00 |DRu|=1.02e+01)
[Adam] ep=  680  total=2.487e-01  PDE=4.772e-02 [colloc=4.552e-02, cfd=2.194e-03] (w=2.584)  IN=1.460e-02 (w=1.171)  TB=1.095e-02 (w=0.913)  WALL=1.448e-15 (w=0.200)  OUT=3.855e-04 (w=0.200)  DATA=1.837e-02 (w=5.346)  DATA_P=0.000e+00 (w=1.000)
  [PT] w_u=5.0737 w_v=7.1673 gamma=0.999 (tau_u=1.971e-01 tau_v=1.395e-01 |Du|=6.29e+00 |DRu|=1.31e+01)
  [PT] w_u=5.2957 w_v=7.4623 gamma=1.000 (tau_u=1.888e-01 tau_v=1.340e-01 |Du|=8.16e+00 |DRu|=2.41e+01)
  [PT] w_u=4.7453 w_v=6.9091 gamma=1.000 (tau_u=2.107e-01 tau_v=1.447e-01 |Du|=3.07e+00 |DRu|=4.80e+00)
  [PT] w_u=5.2299 w_v=7.5138 gamma=1.000 (tau_u=1.912e-01 tau_v=1.331e-01 |Du|=1.83e+00 |DRu|=1.47e+01)
  [PT] w_u=5.3165 w_v=7.8064 gamma=1.000 (tau_u=1.881e-01 tau_v=1.281e-01 |Du|=7.69e+00 |DRu|=1.92e+01)
  [PT] w_u=5.7684 w_v=7.8522 gamma=1.000 (tau_u=1.734e-01 tau_v=1.274e-01 |Du|=2.52e+00 |DRu|=1.25e+01)
  [PT] w_u=5.4007 w_v=8.1638 gamma=1.000 (tau_u=1.852e-01 tau_v=1.225e-01 |Du|=7.94e+00 |DRu|=1.47e+01)
  [PT] w_u=5.2440 w_v=8.6820 gamma=0.993 (tau_u=1.907e-01 tau_v=1.152e-01 |Du|=7.73e+00 |DRu|=1.57e+01)
  [PT] w_u=4.8900 w_v=7.9116 gamma=0.994 (tau_u=2.045e-01 tau_v=1.264e-01 |Du|=4.59e+00 |DRu|=7.98e+00)
  [PT] w_u=4.6002 w_v=8.0344 gamma=1.000 (tau_u=2.174e-01 tau_v=1.245e-01 |Du|=9.41e+00 |DRu|=1.63e+01)
  [PT] w_u=4.0744 w_v=8.0704 gamma=1.000 (tau_u=2.454e-01 tau_v=1.239e-01 |Du|=2.29e+00 |DRu|=3.25e+00)
  [PT] w_u=4.1988 w_v=8.2748 gamma=0.998 (tau_u=2.382e-01 tau_v=1.208e-01 |Du|=6.86e+00 |DRu|=1.65e+01)
  [PT] w_u=4.5713 w_v=8.0590 gamma=0.998 (tau_u=2.188e-01 tau_v=1.241e-01 |Du|=2.22e+00 |DRu|=1.06e+01)
  [PT] w_u=4.0498 w_v=8.3499 gamma=1.000 (tau_u=2.469e-01 tau_v=1.198e-01 |Du|=1.01e+01 |DRu|=1.43e+01)
  [PT] w_u=4.4440 w_v=8.8118 gamma=1.000 (tau_u=2.250e-01 tau_v=1.135e-01 |Du|=3.38e+00 |DRu|=2.02e+01)
  [PT] w_u=4.4076 w_v=7.8857 gamma=1.000 (tau_u=2.269e-01 tau_v=1.268e-01 |Du|=3.74e+00 |DRu|=7.57e+00)
  [PT] w_u=4.6973 w_v=8.3980 gamma=1.000 (tau_u=2.129e-01 tau_v=1.191e-01 |Du|=7.50e+00 |DRu|=2.54e+01)
  [PT] w_u=3.7779 w_v=8.4570 gamma=1.000 (tau_u=2.647e-01 tau_v=1.182e-01 |Du|=4.93e+00 |DRu|=5.77e+00)
  [PT] w_u=4.1300 w_v=8.7726 gamma=0.999 (tau_u=2.421e-01 tau_v=1.140e-01 |Du|=2.89e+00 |DRu|=1.46e+01)
  [PT] w_u=4.1303 w_v=8.9298 gamma=1.000 (tau_u=2.421e-01 tau_v=1.120e-01 |Du|=8.89e+00 |DRu|=1.81e+01)
[Adam] ep=  700  total=2.429e-01  PDE=2.885e-02 [colloc=2.661e-02, cfd=2.244e-03] (w=2.594)  IN=1.855e-02 (w=1.169)  TB=8.122e-03 (w=0.853)  WALL=2.652e-16 (w=0.200)  OUT=5.089e-04 (w=0.244)  DATA=2.557e-02 (w=5.451)  DATA_P=0.000e+00 (w=1.000)
  [PT] w_u=4.4851 w_v=9.3950 gamma=1.000 (tau_u=2.230e-01 tau_v=1.064e-01 |Du|=2.58e+00 |DRu|=1.15e+01)
  [PT] w_u=4.0850 w_v=9.8011 gamma=0.999 (tau_u=2.448e-01 tau_v=1.020e-01 |Du|=8.16e+00 |DRu|=1.23e+01)
  [PT] w_u=4.2896 w_v=10.2713 gamma=0.997 (tau_u=2.331e-01 tau_v=9.736e-02 |Du|=7.32e+00 |DRu|=2.04e+01)
  [PT] w_u=4.4472 w_v=9.8332 gamma=0.998 (tau_u=2.249e-01 tau_v=1.017e-01 |Du|=1.92e+00 |DRu|=4.94e+00)
  [PT] w_u=4.5476 w_v=10.4805 gamma=0.999 (tau_u=2.199e-01 tau_v=9.541e-02 |Du|=7.52e+00 |DRu|=1.80e+01)
  [PT] w_u=3.9972 w_v=10.8535 gamma=1.000 (tau_u=2.502e-01 tau_v=9.214e-02 |Du|=9.87e+00 |DRu|=1.37e+01)
  [PT] w_u=4.2509 w_v=11.0932 gamma=1.000 (tau_u=2.352e-01 tau_v=9.015e-02 |Du|=4.89e+00 |DRu|=1.54e+01)
  [PT] w_u=4.1279 w_v=11.4299 gamma=1.000 (tau_u=2.423e-01 tau_v=8.749e-02 |Du|=7.27e+00 |DRu|=1.31e+01)
  [PT] w_u=4.1672 w_v=11.8746 gamma=0.999 (tau_u=2.400e-01 tau_v=8.421e-02 |Du|=9.91e+00 |DRu|=2.11e+01)
  [PT] w_u=4.1524 w_v=11.6392 gamma=0.999 (tau_u=2.408e-01 tau_v=8.592e-02 |Du|=1.78e+00 |DRu|=3.57e+00)
  [PT] w_u=4.0730 w_v=12.0125 gamma=1.000 (tau_u=2.455e-01 tau_v=8.325e-02 |Du|=1.10e+01 |DRu|=2.05e+01)
  [PT] w_u=3.9792 w_v=12.1296 gamma=1.000 (tau_u=2.513e-01 tau_v=8.244e-02 |Du|=7.39e+00 |DRu|=1.34e+01)
  [PT] w_u=4.0254 w_v=12.0826 gamma=1.000 (tau_u=2.484e-01 tau_v=8.276e-02 |Du|=6.59e+00 |DRu|=1.40e+01)
  [PT] w_u=3.6819 w_v=11.9723 gamma=0.998 (tau_u=2.716e-01 tau_v=8.353e-02 |Du|=1.07e+01 |DRu|=1.54e+01)
  [PT] w_u=3.9548 w_v=12.4924 gamma=0.998 (tau_u=2.529e-01 tau_v=8.005e-02 |Du|=4.02e+00 |DRu|=1.38e+01)
  [PT] w_u=4.0045 w_v=12.7831 gamma=0.998 (tau_u=2.497e-01 tau_v=7.823e-02 |Du|=3.64e+00 |DRu|=7.73e+00)
  [PT] w_u=4.2621 w_v=13.3923 gamma=1.000 (tau_u=2.346e-01 tau_v=7.467e-02 |Du|=6.17e+00 |DRu|=1.96e+01)
  [PT] w_u=3.7875 w_v=13.8024 gamma=1.000 (tau_u=2.640e-01 tau_v=7.245e-02 |Du|=1.97e+00 |DRu|=2.71e+00)
  [PT] w_u=4.0210 w_v=14.2167 gamma=1.000 (tau_u=2.487e-01 tau_v=7.034e-02 |Du|=5.09e+00 |DRu|=1.53e+01)
  [PT] w_u=3.9006 w_v=14.3321 gamma=0.994 (tau_u=2.564e-01 tau_v=6.977e-02 |Du|=9.42e+00 |DRu|=1.65e+01)
[Adam] ep=  720  total=2.192e-01  PDE=3.218e-02 [colloc=3.028e-02, cfd=1.892e-03] (w=2.656)  IN=1.617e-02 (w=1.168)  TB=6.745e-03 (w=0.774)  WALL=7.982e-16 (w=0.200)  OUT=4.878e-04 (w=0.226)  DATA=2.012e-02 (w=5.441)  DATA_P=0.000e+00 (w=1.000)
  [PT] w_u=3.4932 w_v=13.0457 gamma=0.996 (tau_u=2.863e-01 tau_v=7.665e-02 |Du|=3.11e+00 |DRu|=4.17e+00)
  [PT] w_u=3.2946 w_v=13.2691 gamma=1.000 (tau_u=3.035e-01 tau_v=7.536e-02 |Du|=1.32e+01 |DRu|=1.95e+01)
  [PT] w_u=3.2587 w_v=13.4792 gamma=1.000 (tau_u=3.069e-01 tau_v=7.419e-02 |Du|=5.49e+00 |DRu|=9.46e+00)
  [PT] w_u=3.3205 w_v=13.7731 gamma=1.000 (tau_u=3.012e-01 tau_v=7.261e-02 |Du|=7.51e+00 |DRu|=1.50e+01)
  [PT] w_u=3.3909 w_v=14.3844 gamma=0.999 (tau_u=2.949e-01 tau_v=6.952e-02 |Du|=7.74e+00 |DRu|=1.58e+01)
  [PT] w_u=3.3995 w_v=15.0643 gamma=0.999 (tau_u=2.942e-01 tau_v=6.638e-02 |Du|=2.52e+00 |DRu|=4.70e+00)
  [PT] w_u=3.4740 w_v=14.9275 gamma=1.000 (tau_u=2.879e-01 tau_v=6.699e-02 |Du|=7.92e+00 |DRu|=1.65e+01)
  [PT] w_u=3.7917 w_v=13.4871 gamma=1.000 (tau_u=2.637e-01 tau_v=7.414e-02 |Du|=1.52e+00 |DRu|=7.03e+00)
  [PT] w_u=3.4632 w_v=13.0525 gamma=0.997 (tau_u=2.888e-01 tau_v=7.661e-02 |Du|=1.07e+01 |DRu|=1.49e+01)
  [PT] w_u=3.5626 w_v=10.4870 gamma=0.996 (tau_u=2.807e-01 tau_v=9.536e-02 |Du|=3.20e+00 |DRu|=7.00e+00)
  [PT] w_u=3.4821 w_v=10.9861 gamma=1.000 (tau_u=2.872e-01 tau_v=9.102e-02 |Du|=8.48e+00 |DRu|=1.44e+01)
  [PT] w_u=3.6297 w_v=10.3774 gamma=1.000 (tau_u=2.755e-01 tau_v=9.636e-02 |Du|=2.00e+00 |DRu|=4.86e+00)
  [PT] w_u=3.6577 w_v=10.6389 gamma=0.997 (tau_u=2.734e-01 tau_v=9.399e-02 |Du|=6.53e+00 |DRu|=1.29e+01)
  [PT] w_u=3.7100 w_v=10.5871 gamma=0.998 (tau_u=2.695e-01 tau_v=9.445e-02 |Du|=2.80e+00 |DRu|=5.76e+00)
  [PT] w_u=3.4401 w_v=10.7191 gamma=1.000 (tau_u=2.907e-01 tau_v=9.329e-02 |Du|=9.44e+00 |DRu|=1.36e+01)
  [PT] w_u=3.7187 w_v=10.9882 gamma=1.000 (tau_u=2.689e-01 tau_v=9.101e-02 |Du|=4.22e+00 |DRu|=1.56e+01)
  [PT] w_u=3.7339 w_v=11.3077 gamma=1.000 (tau_u=2.678e-01 tau_v=8.844e-02 |Du|=2.96e+00 |DRu|=5.83e+00)
  [PT] w_u=4.0576 w_v=11.8378 gamma=1.000 (tau_u=2.464e-01 tau_v=8.448e-02 |Du|=3.40e+00 |DRu|=1.46e+01)
  [PT] w_u=4.3736 w_v=12.1369 gamma=1.000 (tau_u=2.286e-01 tau_v=8.239e-02 |Du|=3.48e+00 |DRu|=1.33e+01)
  [PT] w_u=4.7148 w_v=13.0824 gamma=1.000 (tau_u=2.121e-01 tau_v=7.644e-02 |Du|=4.00e+00 |DRu|=1.59e+01)
[Adam] ep=  740  total=2.097e-01  PDE=3.694e-02 [colloc=3.399e-02, cfd=2.948e-03] (w=2.624)  IN=1.452e-02 (w=1.203)  TB=7.821e-03 (w=0.809)  WALL=7.050e-16 (w=0.200)  OUT=4.397e-04 (w=0.200)  DATA=1.656e-02 (w=5.369)  DATA_P=0.000e+00 (w=1.000)
  [PT] w_u=4.6673 w_v=13.1112 gamma=0.999 (tau_u=2.143e-01 tau_v=7.627e-02 |Du|=4.45e+00 |DRu|=9.20e+00)
  [PT] w_u=5.1559 w_v=13.4719 gamma=1.000 (tau_u=1.940e-01 tau_v=7.423e-02 |Du|=3.05e+00 |DRu|=2.88e+01)
  [PT] w_u=5.5184 w_v=12.9681 gamma=1.000 (tau_u=1.812e-01 tau_v=7.711e-02 |Du|=2.45e+00 |DRu|=9.49e+00)
  [PT] w_u=5.8647 w_v=13.2057 gamma=1.000 (tau_u=1.705e-01 tau_v=7.573e-02 |Du|=4.63e+00 |DRu|=1.70e+01)
  [PT] w_u=6.3628 w_v=13.2167 gamma=1.000 (tau_u=1.572e-01 tau_v=7.566e-02 |Du|=6.50e+00 |DRu|=3.38e+01)
  [PT] w_u=6.6113 w_v=12.1515 gamma=1.000 (tau_u=1.513e-01 tau_v=8.229e-02 |Du|=6.13e+00 |DRu|=1.96e+01)
  [PT] w_u=6.2443 w_v=11.7266 gamma=1.000 (tau_u=1.601e-01 tau_v=8.528e-02 |Du|=7.13e+00 |DRu|=1.45e+01)
  [PT] w_u=6.4867 w_v=11.9645 gamma=1.000 (tau_u=1.542e-01 tau_v=8.358e-02 |Du|=6.64e+00 |DRu|=2.09e+01)
  [PT] w_u=6.9307 w_v=12.1344 gamma=1.000 (tau_u=1.443e-01 tau_v=8.241e-02 |Du|=5.92e+00 |DRu|=2.52e+01)
  [PT] w_u=6.8714 w_v=11.7770 gamma=1.000 (tau_u=1.455e-01 tau_v=8.491e-02 |Du|=9.92e+00 |DRu|=2.50e+01)
  [PT] w_u=6.2314 w_v=11.4507 gamma=1.000 (tau_u=1.605e-01 tau_v=8.733e-02 |Du|=1.05e+01 |DRu|=1.93e+01)
  [PT] w_u=6.2949 w_v=11.7865 gamma=1.000 (tau_u=1.589e-01 tau_v=8.484e-02 |Du|=7.97e+00 |DRu|=2.10e+01)
  [PT] w_u=6.8285 w_v=12.6618 gamma=1.000 (tau_u=1.464e-01 tau_v=7.898e-02 |Du|=4.99e+00 |DRu|=2.68e+01)
  [PT] w_u=7.0009 w_v=12.8257 gamma=1.000 (tau_u=1.428e-01 tau_v=7.797e-02 |Du|=7.10e+00 |DRu|=2.14e+01)
  [PT] w_u=6.7351 w_v=12.7520 gamma=1.000 (tau_u=1.485e-01 tau_v=7.842e-02 |Du|=9.49e+00 |DRu|=2.13e+01)
  [PT] w_u=6.7143 w_v=12.5844 gamma=1.000 (tau_u=1.489e-01 tau_v=7.946e-02 |Du|=9.14e+00 |DRu|=2.34e+01)
  [PT] w_u=7.1407 w_v=12.7152 gamma=1.000 (tau_u=1.400e-01 tau_v=7.865e-02 |Du|=5.38e+00 |DRu|=2.20e+01)
  [PT] w_u=7.3468 w_v=13.3591 gamma=1.000 (tau_u=1.361e-01 tau_v=7.486e-02 |Du|=7.26e+00 |DRu|=2.29e+01)
  [PT] w_u=7.2519 w_v=13.3227 gamma=1.000 (tau_u=1.379e-01 tau_v=7.506e-02 |Du|=7.36e+00 |DRu|=1.88e+01)
  [PT] w_u=7.1532 w_v=12.9655 gamma=1.000 (tau_u=1.398e-01 tau_v=7.713e-02 |Du|=5.31e+00 |DRu|=1.34e+01)
[Adam] ep=  760  total=4.598e-01  PDE=9.063e-02 [colloc=7.852e-02, cfd=1.211e-02] (w=2.726)  IN=2.444e-02 (w=1.177)  TB=1.353e-02 (w=0.733)  WALL=1.287e-15 (w=0.200)  OUT=2.840e-03 (w=0.225)  DATA=3.302e-02 (w=5.253)  DATA_P=0.000e+00 (w=1.000)
  [PT] w_u=7.5514 w_v=13.1553 gamma=1.000 (tau_u=1.324e-01 tau_v=7.601e-02 |Du|=5.73e+00 |DRu|=2.23e+01)
  [PT] w_u=7.9371 w_v=13.6799 gamma=1.000 (tau_u=1.260e-01 tau_v=7.310e-02 |Du|=7.66e+00 |DRu|=2.93e+01)
  [PT] w_u=8.2386 w_v=14.1190 gamma=1.000 (tau_u=1.214e-01 tau_v=7.083e-02 |Du|=5.06e+00 |DRu|=1.79e+01)
  [PT] w_u=8.2840 w_v=14.0700 gamma=1.000 (tau_u=1.207e-01 tau_v=7.107e-02 |Du|=3.65e+00 |DRu|=1.08e+01)
  [PT] w_u=8.4424 w_v=13.8179 gamma=1.000 (tau_u=1.185e-01 tau_v=7.237e-02 |Du|=4.09e+00 |DRu|=1.31e+01)
  [PT] w_u=8.7412 w_v=13.5593 gamma=0.999 (tau_u=1.144e-01 tau_v=7.375e-02 |Du|=5.86e+00 |DRu|=2.10e+01)
  [PT] w_u=8.7470 w_v=14.0185 gamma=1.000 (tau_u=1.143e-01 tau_v=7.133e-02 |Du|=1.01e+01 |DRu|=2.99e+01)
  [PT] w_u=8.7063 w_v=14.8756 gamma=1.000 (tau_u=1.149e-01 tau_v=6.722e-02 |Du|=7.85e+00 |DRu|=2.27e+01)
  [PT] w_u=8.4268 w_v=14.9262 gamma=1.000 (tau_u=1.187e-01 tau_v=6.700e-02 |Du|=3.94e+00 |DRu|=1.01e+01)
  [PT] w_u=8.4226 w_v=14.4479 gamma=1.000 (tau_u=1.187e-01 tau_v=6.921e-02 |Du|=3.81e+00 |DRu|=1.10e+01)
  [PT] w_u=8.4492 w_v=14.5079 gamma=1.000 (tau_u=1.184e-01 tau_v=6.893e-02 |Du|=7.23e+00 |DRu|=2.13e+01)
  [PT] w_u=8.2679 w_v=14.5600 gamma=1.000 (tau_u=1.209e-01 tau_v=6.868e-02 |Du|=1.07e+01 |DRu|=2.81e+01)
  [PT] w_u=7.0574 w_v=14.3329 gamma=1.000 (tau_u=1.417e-01 tau_v=6.977e-02 |Du|=1.12e+01 |DRu|=1.96e+01)
  [PT] w_u=5.6791 w_v=14.2328 gamma=1.000 (tau_u=1.761e-01 tau_v=7.026e-02 |Du|=9.92e+00 |DRu|=1.42e+01)
  [PT] w_u=5.9889 w_v=13.7982 gamma=1.000 (tau_u=1.670e-01 tau_v=7.247e-02 |Du|=4.18e+00 |DRu|=1.43e+01)
  [PT] w_u=6.0910 w_v=12.8842 gamma=0.996 (tau_u=1.642e-01 tau_v=7.761e-02 |Du|=5.32e+00 |DRu|=1.43e+01)
  [PT] w_u=5.1884 w_v=13.0046 gamma=1.000 (tau_u=1.927e-01 tau_v=7.690e-02 |Du|=1.44e+01 |DRu|=2.14e+01)
  [PT] w_u=4.8802 w_v=13.4407 gamma=1.000 (tau_u=2.049e-01 tau_v=7.440e-02 |Du|=1.50e+01 |DRu|=2.67e+01)
  [PT] w_u=4.5911 w_v=12.4844 gamma=1.000 (tau_u=2.178e-01 tau_v=8.010e-02 |Du|=7.92e+00 |DRu|=1.37e+01)
  [PT] w_u=4.7401 w_v=12.4757 gamma=1.000 (tau_u=2.110e-01 tau_v=8.016e-02 |Du|=6.61e+00 |DRu|=1.71e+01)
[Adam] ep=  780  total=4.491e-01  PDE=1.067e-01 [colloc=1.021e-01, cfd=4.527e-03] (w=2.536)  IN=1.708e-02 (w=1.265)  TB=1.535e-02 (w=0.817)  WALL=2.584e-15 (w=0.200)  OUT=2.271e-03 (w=0.279)  DATA=2.683e-02 (w=5.362)  DATA_P=0.000e+00 (w=1.000)
  [PT] w_u=4.7701 w_v=12.6390 gamma=1.000 (tau_u=2.096e-01 tau_v=7.912e-02 |Du|=1.13e+01 |DRu|=2.54e+01)
  [PT] w_u=4.4122 w_v=12.8569 gamma=1.000 (tau_u=2.266e-01 tau_v=7.778e-02 |Du|=1.13e+01 |DRu|=1.83e+01)
  [PT] w_u=4.0024 w_v=13.3688 gamma=1.000 (tau_u=2.498e-01 tau_v=7.480e-02 |Du|=8.11e+00 |DRu|=1.20e+01)
  [PT] w_u=4.2749 w_v=13.8532 gamma=1.000 (tau_u=2.339e-01 tau_v=7.219e-02 |Du|=4.69e+00 |DRu|=1.56e+01)
  [PT] w_u=4.1447 w_v=13.8369 gamma=1.000 (tau_u=2.413e-01 tau_v=7.227e-02 |Du|=8.68e+00 |DRu|=1.57e+01)
  [PT] w_u=4.2500 w_v=14.3906 gamma=1.000 (tau_u=2.353e-01 tau_v=6.949e-02 |Du|=7.71e+00 |DRu|=1.81e+01)
  [PT] w_u=4.5065 w_v=14.6181 gamma=1.000 (tau_u=2.219e-01 tau_v=6.841e-02 |Du|=2.69e+00 |DRu|=8.45e+00)
  [PT] w_u=4.3809 w_v=14.1236 gamma=0.999 (tau_u=2.283e-01 tau_v=7.080e-02 |Du|=8.82e+00 |DRu|=1.65e+01)
  [PT] w_u=4.2858 w_v=13.6935 gamma=0.996 (tau_u=2.333e-01 tau_v=7.303e-02 |Du|=1.06e+01 |DRu|=2.00e+01)
  [PT] w_u=3.4160 w_v=13.5822 gamma=0.996 (tau_u=2.927e-01 tau_v=7.363e-02 |Du|=4.79e+00 |DRu|=5.25e+00)
  [PT] w_u=3.2773 w_v=12.0180 gamma=0.996 (tau_u=3.051e-01 tau_v=8.321e-02 |Du|=9.38e+00 |DRu|=1.45e+01)
  [PT] w_u=2.9385 w_v=10.3712 gamma=1.000 (tau_u=3.403e-01 tau_v=9.642e-02 |Du|=1.49e+01 |DRu|=1.84e+01)
  [PT] w_u=2.6119 w_v=7.8851 gamma=1.000 (tau_u=3.829e-01 tau_v=1.268e-01 |Du|=6.30e+00 |DRu|=7.19e+00)
  [PT] w_u=2.7527 w_v=8.3007 gamma=1.000 (tau_u=3.633e-01 tau_v=1.205e-01 |Du|=5.38e+00 |DRu|=1.24e+01)
  [PT] w_u=2.7695 w_v=8.2828 gamma=0.999 (tau_u=3.611e-01 tau_v=1.207e-01 |Du|=1.09e+01 |DRu|=1.87e+01)
  [PT] w_u=2.7490 w_v=7.1102 gamma=0.999 (tau_u=3.638e-01 tau_v=1.406e-01 |Du|=6.83e+00 |DRu|=1.10e+01)
  [PT] w_u=2.7724 w_v=6.6689 gamma=1.000 (tau_u=3.607e-01 tau_v=1.499e-01 |Du|=8.49e+00 |DRu|=1.47e+01)
  [PT] w_u=2.8349 w_v=7.0634 gamma=1.000 (tau_u=3.527e-01 tau_v=1.416e-01 |Du|=6.72e+00 |DRu|=1.27e+01)
  [PT] w_u=2.9333 w_v=7.0130 gamma=1.000 (tau_u=3.409e-01 tau_v=1.426e-01 |Du|=5.05e+00 |DRu|=1.04e+01)
  [PT] w_u=2.8079 w_v=7.3330 gamma=0.999 (tau_u=3.561e-01 tau_v=1.364e-01 |Du|=1.16e+01 |DRu|=1.65e+01)
[Adam] ep=  800  total=2.419e-01  PDE=4.269e-02 [colloc=4.030e-02, cfd=2.385e-03] (w=2.570)  IN=1.624e-02 (w=1.216)  TB=8.554e-03 (w=0.842)  WALL=1.127e-15 (w=0.200)  OUT=1.481e-03 (w=0.317)  DATA=1.965e-02 (w=5.335)  DATA_P=0.000e+00 (w=1.000)
  [PT] w_u=2.5182 w_v=7.9143 gamma=0.997 (tau_u=3.971e-01 tau_v=1.264e-01 |Du|=3.71e+00 |DRu|=4.23e+00)
  [PT] w_u=2.5500 w_v=8.1287 gamma=0.999 (tau_u=3.922e-01 tau_v=1.230e-01 |Du|=7.80e+00 |DRu|=1.32e+01)
  [PT] w_u=2.5823 w_v=8.4294 gamma=1.000 (tau_u=3.873e-01 tau_v=1.186e-01 |Du|=1.01e+01 |DRu|=1.73e+01)
  [PT] w_u=2.7079 w_v=8.7066 gamma=1.000 (tau_u=3.693e-01 tau_v=1.149e-01 |Du|=3.53e+00 |DRu|=7.74e+00)
  [PT] w_u=2.8825 w_v=9.1558 gamma=1.000 (tau_u=3.469e-01 tau_v=1.092e-01 |Du|=5.28e+00 |DRu|=1.38e+01)
  [PT] w_u=3.0542 w_v=9.5198 gamma=0.999 (tau_u=3.274e-01 tau_v=1.050e-01 |Du|=6.46e+00 |DRu|=1.65e+01)
  [PT] w_u=3.0603 w_v=9.7363 gamma=1.000 (tau_u=3.268e-01 tau_v=1.027e-01 |Du|=4.98e+00 |DRu|=8.79e+00)
  [PT] w_u=3.0491 w_v=10.1219 gamma=1.000 (tau_u=3.280e-01 tau_v=9.880e-02 |Du|=6.57e+00 |DRu|=1.13e+01)
  [PT] w_u=3.2790 w_v=10.6381 gamma=1.000 (tau_u=3.050e-01 tau_v=9.400e-02 |Du|=2.96e+00 |DRu|=9.44e+00)
  [PT] w_u=2.9033 w_v=10.5767 gamma=0.998 (tau_u=3.444e-01 tau_v=9.455e-02 |Du|=1.01e+01 |DRu|=1.21e+01)
  [PT] w_u=2.9015 w_v=9.7330 gamma=0.995 (tau_u=3.446e-01 tau_v=1.027e-01 |Du|=4.46e+00 |DRu|=7.55e+00)
  [PT] w_u=2.9770 w_v=10.2335 gamma=0.999 (tau_u=3.359e-01 tau_v=9.772e-02 |Du|=5.42e+00 |DRu|=1.07e+01)
  [PT] w_u=2.9522 w_v=9.1210 gamma=1.000 (tau_u=3.387e-01 tau_v=1.096e-01 |Du|=6.48e+00 |DRu|=1.07e+01)
  [PT] w_u=3.1689 w_v=8.7561 gamma=1.000 (tau_u=3.156e-01 tau_v=1.142e-01 |Du|=3.31e+00 |DRu|=1.01e+01)
  [PT] w_u=3.1829 w_v=9.0880 gamma=0.998 (tau_u=3.142e-01 tau_v=1.100e-01 |Du|=6.82e+00 |DRu|=1.24e+01)
  [PT] w_u=3.4466 w_v=8.7687 gamma=0.999 (tau_u=2.901e-01 tau_v=1.140e-01 |Du|=2.96e+00 |DRu|=1.09e+01)
  [PT] w_u=3.2804 w_v=8.7797 gamma=1.000 (tau_u=3.048e-01 tau_v=1.139e-01 |Du|=7.80e+00 |DRu|=1.18e+01)
  [PT] w_u=3.3780 w_v=8.7283 gamma=1.000 (tau_u=2.960e-01 tau_v=1.146e-01 |Du|=4.51e+00 |DRu|=9.70e+00)
  [PT] w_u=3.5170 w_v=8.2999 gamma=1.000 (tau_u=2.843e-01 tau_v=1.205e-01 |Du|=4.76e+00 |DRu|=1.12e+01)
  [PT] w_u=3.3872 w_v=8.5321 gamma=1.000 (tau_u=2.952e-01 tau_v=1.172e-01 |Du|=8.02e+00 |DRu|=1.28e+01)
[Adam] ep=  820  total=2.287e-01  PDE=4.000e-02 [colloc=3.710e-02, cfd=2.905e-03] (w=2.592)  IN=1.329e-02 (w=1.171)  TB=9.828e-03 (w=0.869)  WALL=8.071e-16 (w=0.200)  OUT=1.159e-03 (w=0.345)  DATA=1.890e-02 (w=5.319)  DATA_P=0.000e+00 (w=1.000)
  [PT] w_u=3.6083 w_v=8.4342 gamma=1.000 (tau_u=2.771e-01 tau_v=1.186e-01 |Du|=3.35e+00 |DRu|=9.92e+00)
  [PT] w_u=3.7908 w_v=8.0675 gamma=1.000 (tau_u=2.638e-01 tau_v=1.240e-01 |Du|=4.39e+00 |DRu|=1.16e+01)
  [PT] w_u=4.0489 w_v=8.2356 gamma=1.000 (tau_u=2.470e-01 tau_v=1.214e-01 |Du|=3.80e+00 |DRu|=1.23e+01)
  [PT] w_u=3.9274 w_v=8.2594 gamma=1.000 (tau_u=2.546e-01 tau_v=1.211e-01 |Du|=5.73e+00 |DRu|=1.01e+01)
  [PT] w_u=3.9530 w_v=7.6062 gamma=0.995 (tau_u=2.530e-01 tau_v=1.315e-01 |Du|=5.01e+00 |DRu|=1.02e+01)
  [PT] w_u=3.9672 w_v=7.6409 gamma=0.997 (tau_u=2.521e-01 tau_v=1.309e-01 |Du|=4.81e+00 |DRu|=9.72e+00)
  [PT] w_u=3.4381 w_v=8.0122 gamma=1.000 (tau_u=2.909e-01 tau_v=1.248e-01 |Du|=1.04e+01 |DRu|=1.30e+01)
  [PT] w_u=3.2564 w_v=7.4832 gamma=1.000 (tau_u=3.071e-01 tau_v=1.336e-01 |Du|=4.92e+00 |DRu|=7.31e+00)
  [PT] w_u=3.4042 w_v=7.7492 gamma=1.000 (tau_u=2.938e-01 tau_v=1.290e-01 |Du|=5.16e+00 |DRu|=1.24e+01)
  [PT] w_u=3.3564 w_v=8.0087 gamma=0.999 (tau_u=2.979e-01 tau_v=1.249e-01 |Du|=9.96e+00 |DRu|=1.72e+01)
  [PT] w_u=3.4207 w_v=7.5141 gamma=1.000 (tau_u=2.923e-01 tau_v=1.331e-01 |Du|=2.55e+00 |DRu|=5.18e+00)
  [PT] w_u=3.4248 w_v=7.7235 gamma=0.999 (tau_u=2.920e-01 tau_v=1.295e-01 |Du|=5.54e+00 |DRu|=1.03e+01)
  [PT] w_u=3.5034 w_v=8.0714 gamma=1.000 (tau_u=2.854e-01 tau_v=1.239e-01 |Du|=1.02e+01 |DRu|=2.15e+01)
  [PT] w_u=3.7171 w_v=7.7330 gamma=1.000 (tau_u=2.690e-01 tau_v=1.293e-01 |Du|=3.07e+00 |DRu|=8.81e+00)
  [PT] w_u=3.4753 w_v=7.4761 gamma=1.000 (tau_u=2.877e-01 tau_v=1.338e-01 |Du|=6.70e+00 |DRu|=9.91e+00)
  [PT] w_u=3.2275 w_v=7.8785 gamma=0.998 (tau_u=3.098e-01 tau_v=1.269e-01 |Du|=1.14e+01 |DRu|=1.59e+01)
  [PT] w_u=3.4124 w_v=7.6270 gamma=0.995 (tau_u=2.930e-01 tau_v=1.311e-01 |Du|=4.48e+00 |DRu|=1.19e+01)
  [PT] w_u=3.3358 w_v=7.0370 gamma=1.000 (tau_u=2.998e-01 tau_v=1.421e-01 |Du|=4.97e+00 |DRu|=8.28e+00)
  [PT] w_u=3.0126 w_v=7.0504 gamma=1.000 (tau_u=3.319e-01 tau_v=1.418e-01 |Du|=6.77e+00 |DRu|=8.58e+00)
  [PT] w_u=3.2017 w_v=7.4112 gamma=1.000 (tau_u=3.123e-01 tau_v=1.349e-01 |Du|=5.30e+00 |DRu|=1.44e+01)
[Adam] ep=  840  total=2.541e-01  PDE=3.926e-02 [colloc=3.643e-02, cfd=2.834e-03] (w=2.596)  IN=1.630e-02 (w=1.184)  TB=9.179e-03 (w=0.844)  WALL=9.559e-16 (w=0.200)  OUT=9.694e-04 (w=0.246)  DATA=2.306e-02 (w=5.415)  DATA_P=0.000e+00 (w=1.000)
  [PT] w_u=3.4007 w_v=7.0315 gamma=1.000 (tau_u=2.941e-01 tau_v=1.422e-01 |Du|=3.03e+00 |DRu|=8.41e+00)
  [PT] w_u=3.6516 w_v=6.6505 gamma=1.000 (tau_u=2.739e-01 tau_v=1.504e-01 |Du|=2.97e+00 |DRu|=9.78e+00)
  [PT] w_u=3.9616 w_v=7.0246 gamma=1.000 (tau_u=2.524e-01 tau_v=1.424e-01 |Du|=3.36e+00 |DRu|=1.38e+01)
  [PT] w_u=4.3424 w_v=7.1565 gamma=1.000 (tau_u=2.303e-01 tau_v=1.397e-01 |Du|=2.81e+00 |DRu|=1.60e+01)
  [PT] w_u=4.3900 w_v=6.4240 gamma=1.000 (tau_u=2.278e-01 tau_v=1.557e-01 |Du|=3.37e+00 |DRu|=7.44e+00)
  [PT] w_u=4.7351 w_v=6.4837 gamma=1.000 (tau_u=2.112e-01 tau_v=1.542e-01 |Du|=4.01e+00 |DRu|=1.61e+01)
  [PT] w_u=5.0289 w_v=6.8282 gamma=1.000 (tau_u=1.989e-01 tau_v=1.465e-01 |Du|=2.96e+00 |DRu|=9.99e+00)
  [PT] w_u=5.2781 w_v=6.3599 gamma=1.000 (tau_u=1.895e-01 tau_v=1.572e-01 |Du|=3.40e+00 |DRu|=1.05e+01)
  [PT] w_u=5.4310 w_v=5.3854 gamma=1.000 (tau_u=1.841e-01 tau_v=1.857e-01 |Du|=6.24e+00 |DRu|=1.69e+01)
  [PT] w_u=5.5110 w_v=5.4958 gamma=1.000 (tau_u=1.815e-01 tau_v=1.820e-01 |Du|=4.29e+00 |DRu|=1.08e+01)
  [PT] w_u=5.7683 w_v=5.3676 gamma=1.000 (tau_u=1.734e-01 tau_v=1.863e-01 |Du|=3.88e+00 |DRu|=1.22e+01)
  [PT] w_u=5.6188 w_v=4.9584 gamma=0.996 (tau_u=1.780e-01 tau_v=2.017e-01 |Du|=4.35e+00 |DRu|=9.26e+00)
  [PT] w_u=5.8196 w_v=4.8970 gamma=1.000 (tau_u=1.718e-01 tau_v=2.042e-01 |Du|=6.04e+00 |DRu|=1.77e+01)
  [PT] w_u=4.8683 w_v=4.7400 gamma=1.000 (tau_u=2.054e-01 tau_v=2.110e-01 |Du|=6.87e+00 |DRu|=9.64e+00)
  [PT] w_u=5.3025 w_v=4.8990 gamma=1.000 (tau_u=1.886e-01 tau_v=2.041e-01 |Du|=2.29e+00 |DRu|=1.19e+01)
  [PT] w_u=5.1287 w_v=4.5872 gamma=0.999 (tau_u=1.950e-01 tau_v=2.180e-01 |Du|=6.39e+00 |DRu|=1.27e+01)
  [PT] w_u=4.7372 w_v=4.2686 gamma=0.999 (tau_u=2.111e-01 tau_v=2.343e-01 |Du|=7.96e+00 |DRu|=1.33e+01)
  [PT] w_u=5.1708 w_v=4.5779 gamma=1.000 (tau_u=1.934e-01 tau_v=2.184e-01 |Du|=2.89e+00 |DRu|=1.56e+01)
  [PT] w_u=4.1289 w_v=4.3141 gamma=1.000 (tau_u=2.422e-01 tau_v=2.318e-01 |Du|=2.55e+00 |DRu|=3.09e+00)
  [PT] w_u=4.4865 w_v=4.4880 gamma=0.997 (tau_u=2.229e-01 tau_v=2.228e-01 |Du|=3.66e+00 |DRu|=1.65e+01)
[Adam] ep=  860  total=2.629e-01  PDE=3.705e-02 [colloc=3.444e-02, cfd=2.604e-03] (w=2.538)  IN=2.069e-02 (w=1.199)  TB=1.156e-02 (w=0.907)  WALL=7.924e-16 (w=0.200)  OUT=1.002e-03 (w=0.240)  DATA=2.471e-02 (w=5.395)  DATA_P=0.000e+00 (w=1.000)
  [PT] w_u=4.3893 w_v=4.1309 gamma=0.999 (tau_u=2.278e-01 tau_v=2.421e-01 |Du|=6.16e+00 |DRu|=1.18e+01)
  [PT] w_u=3.7783 w_v=4.3668 gamma=1.000 (tau_u=2.647e-01 tau_v=2.290e-01 |Du|=5.02e+00 |DRu|=6.50e+00)
  [PT] w_u=4.0031 w_v=4.3217 gamma=0.999 (tau_u=2.498e-01 tau_v=2.314e-01 |Du|=4.14e+00 |DRu|=1.21e+01)
  [PT] w_u=4.3881 w_v=4.5776 gamma=1.000 (tau_u=2.279e-01 tau_v=2.185e-01 |Du|=3.65e+00 |DRu|=2.09e+01)
  [PT] w_u=4.5734 w_v=4.7043 gamma=1.000 (tau_u=2.187e-01 tau_v=2.126e-01 |Du|=1.97e+00 |DRu|=5.36e+00)
  [PT] w_u=5.0539 w_v=5.1896 gamma=1.000 (tau_u=1.979e-01 tau_v=1.927e-01 |Du|=2.29e+00 |DRu|=2.21e+01)
  [PT] w_u=4.8642 w_v=5.2764 gamma=1.000 (tau_u=2.056e-01 tau_v=1.895e-01 |Du|=3.79e+00 |DRu|=7.24e+00)
  [PT] w_u=5.2847 w_v=5.6398 gamma=1.000 (tau_u=1.892e-01 tau_v=1.773e-01 |Du|=5.85e+00 |DRu|=2.85e+01)
  [PT] w_u=5.4582 w_v=4.9554 gamma=1.000 (tau_u=1.832e-01 tau_v=2.018e-01 |Du|=2.95e+00 |DRu|=8.21e+00)
  [PT] w_u=5.6594 w_v=5.2589 gamma=1.000 (tau_u=1.767e-01 tau_v=1.902e-01 |Du|=5.83e+00 |DRu|=1.70e+01)
  [PT] w_u=6.0293 w_v=5.7470 gamma=1.000 (tau_u=1.659e-01 tau_v=1.740e-01 |Du|=8.44e+00 |DRu|=3.23e+01)
  [PT] w_u=5.8309 w_v=5.6116 gamma=1.000 (tau_u=1.715e-01 tau_v=1.782e-01 |Du|=5.75e+00 |DRu|=1.22e+01)
  [PT] w_u=5.7350 w_v=5.7262 gamma=1.000 (tau_u=1.744e-01 tau_v=1.746e-01 |Du|=4.65e+00 |DRu|=1.04e+01)
  [PT] w_u=6.2350 w_v=6.0874 gamma=0.996 (tau_u=1.604e-01 tau_v=1.643e-01 |Du|=4.30e+00 |DRu|=2.31e+01)
  [PT] w_u=6.6088 w_v=6.6020 gamma=1.000 (tau_u=1.513e-01 tau_v=1.515e-01 |Du|=7.72e+00 |DRu|=2.93e+01)
  [PT] w_u=6.6921 w_v=7.1792 gamma=1.000 (tau_u=1.494e-01 tau_v=1.393e-01 |Du|=5.87e+00 |DRu|=1.61e+01)
  [PT] w_u=6.3481 w_v=7.4415 gamma=1.000 (tau_u=1.575e-01 tau_v=1.344e-01 |Du|=3.86e+00 |DRu|=8.03e+00)
  [PT] w_u=6.7982 w_v=7.8783 gamma=1.000 (tau_u=1.471e-01 tau_v=1.269e-01 |Du|=5.00e+00 |DRu|=2.17e+01)
  [PT] w_u=7.2806 w_v=8.4324 gamma=1.000 (tau_u=1.374e-01 tau_v=1.186e-01 |Du|=8.11e+00 |DRu|=3.64e+01)
  [PT] w_u=7.5296 w_v=8.9263 gamma=1.000 (tau_u=1.328e-01 tau_v=1.120e-01 |Du|=6.53e+00 |DRu|=2.15e+01)
[Adam] ep=  880  total=3.819e-01  PDE=6.550e-02 [colloc=5.930e-02, cfd=6.203e-03] (w=2.886)  IN=1.864e-02 (w=1.058)  TB=7.755e-03 (w=0.714)  WALL=1.859e-15 (w=0.200)  OUT=1.603e-03 (w=0.309)  DATA=3.331e-02 (w=5.017)  DATA_P=0.000e+00 (w=1.000)
  [PT] w_u=6.8936 w_v=9.2142 gamma=1.000 (tau_u=1.451e-01 tau_v=1.085e-01 |Du|=6.45e+00 |DRu|=1.28e+01)
  [PT] w_u=6.5880 w_v=9.3827 gamma=1.000 (tau_u=1.518e-01 tau_v=1.066e-01 |Du|=6.58e+00 |DRu|=1.43e+01)
  [PT] w_u=6.8013 w_v=9.3523 gamma=1.000 (tau_u=1.470e-01 tau_v=1.069e-01 |Du|=6.47e+00 |DRu|=2.00e+01)
  [PT] w_u=6.9699 w_v=9.6078 gamma=0.992 (tau_u=1.435e-01 tau_v=1.041e-01 |Du|=9.46e+00 |DRu|=2.82e+01)
  [PT] w_u=6.7884 w_v=10.0440 gamma=1.000 (tau_u=1.473e-01 tau_v=9.956e-02 |Du|=1.21e+01 |DRu|=2.85e+01)
  [PT] w_u=6.4271 w_v=10.2962 gamma=1.000 (tau_u=1.556e-01 tau_v=9.712e-02 |Du|=7.64e+00 |DRu|=1.59e+01)
  [PT] w_u=6.3899 w_v=9.9974 gamma=1.000 (tau_u=1.565e-01 tau_v=1.000e-01 |Du|=3.40e+00 |DRu|=8.37e+00)
  [PT] w_u=6.7348 w_v=10.3220 gamma=1.000 (tau_u=1.485e-01 tau_v=9.688e-02 |Du|=5.64e+00 |DRu|=2.04e+01)
  [PT] w_u=6.8913 w_v=10.5799 gamma=0.999 (tau_u=1.451e-01 tau_v=9.452e-02 |Du|=9.48e+00 |DRu|=2.80e+01)
  [PT] w_u=6.7574 w_v=10.5037 gamma=1.000 (tau_u=1.480e-01 tau_v=9.520e-02 |Du|=7.01e+00 |DRu|=1.68e+01)
  [PT] w_u=6.7461 w_v=10.0195 gamma=1.000 (tau_u=1.482e-01 tau_v=9.981e-02 |Du|=4.15e+00 |DRu|=1.07e+01)
  [PT] w_u=7.1066 w_v=9.4035 gamma=0.996 (tau_u=1.407e-01 tau_v=1.063e-01 |Du|=4.47e+00 |DRu|=1.65e+01)
  [PT] w_u=6.9481 w_v=9.9260 gamma=0.999 (tau_u=1.439e-01 tau_v=1.007e-01 |Du|=9.00e+00 |DRu|=2.16e+01)
  [PT] w_u=5.9628 w_v=9.9901 gamma=1.000 (tau_u=1.677e-01 tau_v=1.001e-01 |Du|=9.21e+00 |DRu|=1.49e+01)
  [PT] w_u=6.0957 w_v=9.9924 gamma=1.000 (tau_u=1.641e-01 tau_v=1.001e-01 |Du|=6.82e+00 |DRu|=1.88e+01)
  [PT] w_u=6.4932 w_v=9.8697 gamma=1.000 (tau_u=1.540e-01 tau_v=1.013e-01 |Du|=5.36e+00 |DRu|=2.12e+01)
  [PT] w_u=6.3532 w_v=9.9317 gamma=1.000 (tau_u=1.574e-01 tau_v=1.007e-01 |Du|=7.48e+00 |DRu|=1.73e+01)
  [PT] w_u=5.9472 w_v=10.1206 gamma=1.000 (tau_u=1.681e-01 tau_v=9.881e-02 |Du|=8.74e+00 |DRu|=1.70e+01)
  [PT] w_u=6.1445 w_v=10.2248 gamma=1.000 (tau_u=1.627e-01 tau_v=9.780e-02 |Du|=7.00e+00 |DRu|=2.07e+01)
  [PT] w_u=6.5468 w_v=10.8944 gamma=1.000 (tau_u=1.527e-01 tau_v=9.179e-02 |Du|=5.05e+00 |DRu|=2.02e+01)
[Adam] ep=  900  total=3.748e-01  PDE=4.169e-02 [colloc=3.979e-02, cfd=1.896e-03] (w=2.709)  IN=2.773e-02 (w=1.097)  TB=1.017e-02 (w=0.716)  WALL=1.483e-15 (w=0.200)  OUT=5.179e-03 (w=0.449)  DATA=4.111e-02 (w=5.397)  DATA_P=0.000e+00 (w=1.000)
  [PT] w_u=6.9866 w_v=11.3844 gamma=1.000 (tau_u=1.431e-01 tau_v=8.784e-02 |Du|=3.26e+00 |DRu|=1.37e+01)
  [PT] w_u=7.2705 w_v=11.3971 gamma=1.000 (tau_u=1.375e-01 tau_v=8.774e-02 |Du|=3.31e+00 |DRu|=1.12e+01)
  [PT] w_u=7.4606 w_v=11.2935 gamma=1.000 (tau_u=1.340e-01 tau_v=8.855e-02 |Du|=5.82e+00 |DRu|=1.82e+01)
  [PT] w_u=7.9348 w_v=10.8692 gamma=1.000 (tau_u=1.260e-01 tau_v=9.200e-02 |Du|=4.01e+00 |DRu|=1.73e+01)
  [PT] w_u=7.6558 w_v=11.1905 gamma=1.000 (tau_u=1.306e-01 tau_v=8.936e-02 |Du|=6.01e+00 |DRu|=1.45e+01)
  [PT] w_u=6.6660 w_v=11.4244 gamma=1.000 (tau_u=1.500e-01 tau_v=8.753e-02 |Du|=8.60e+00 |DRu|=1.51e+01)
  [PT] w_u=6.3751 w_v=11.5646 gamma=1.000 (tau_u=1.569e-01 tau_v=8.647e-02 |Du|=8.24e+00 |DRu|=1.76e+01)
  [PT] w_u=6.5834 w_v=11.3105 gamma=1.000 (tau_u=1.519e-01 tau_v=8.841e-02 |Du|=6.05e+00 |DRu|=1.85e+01)
  [PT] w_u=6.5824 w_v=11.0544 gamma=1.000 (tau_u=1.519e-01 tau_v=9.046e-02 |Du|=6.39e+00 |DRu|=1.64e+01)
  [PT] w_u=6.5622 w_v=10.9961 gamma=1.000 (tau_u=1.524e-01 tau_v=9.094e-02 |Du|=6.04e+00 |DRu|=1.53e+01)
  [PT] w_u=6.5957 w_v=11.1901 gamma=1.000 (tau_u=1.516e-01 tau_v=8.936e-02 |Du|=7.06e+00 |DRu|=1.86e+01)
  [PT] w_u=5.5948 w_v=10.4751 gamma=1.000 (tau_u=1.787e-01 tau_v=9.546e-02 |Du|=9.22e+00 |DRu|=1.42e+01)
  [PT] w_u=4.7285 w_v=7.7111 gamma=1.000 (tau_u=2.115e-01 tau_v=1.297e-01 |Du|=6.46e+00 |DRu|=9.08e+00)
  [PT] w_u=5.0530 w_v=6.9395 gamma=1.000 (tau_u=1.979e-01 tau_v=1.441e-01 |Du|=5.17e+00 |DRu|=1.88e+01)
  [PT] w_u=4.8223 w_v=6.4116 gamma=0.996 (tau_u=2.074e-01 tau_v=1.560e-01 |Du|=6.71e+00 |DRu|=1.24e+01)
  [PT] w_u=3.7644 w_v=5.9703 gamma=0.996 (tau_u=2.656e-01 tau_v=1.675e-01 |Du|=5.36e+00 |DRu|=6.02e+00)
  [PT] w_u=3.7958 w_v=5.4960 gamma=1.000 (tau_u=2.634e-01 tau_v=1.820e-01 |Du|=8.49e+00 |DRu|=1.72e+01)
  [PT] w_u=3.2358 w_v=4.6866 gamma=1.000 (tau_u=3.090e-01 tau_v=2.134e-01 |Du|=5.41e+00 |DRu|=6.38e+00)
  [PT] w_u=3.5280 w_v=4.9857 gamma=1.000 (tau_u=2.834e-01 tau_v=2.006e-01 |Du|=4.32e+00 |DRu|=1.88e+01)
  [PT] w_u=3.6247 w_v=5.2852 gamma=1.000 (tau_u=2.759e-01 tau_v=1.892e-01 |Du|=2.58e+00 |DRu|=5.66e+00)
[Adam] ep=  920  total=2.643e-01  PDE=3.623e-02 [colloc=3.313e-02, cfd=3.107e-03] (w=2.567)  IN=1.595e-02 (w=1.150)  TB=1.093e-02 (w=0.816)  WALL=6.673e-16 (w=0.200)  OUT=5.915e-04 (w=0.412)  DATA=2.598e-02 (w=5.534)  DATA_P=0.000e+00 (w=1.000)
  [PT] w_u=3.9338 w_v=5.5404 gamma=0.999 (tau_u=2.542e-01 tau_v=1.805e-01 |Du|=3.49e+00 |DRu|=1.44e+01)
  [PT] w_u=3.6151 w_v=5.3290 gamma=1.000 (tau_u=2.766e-01 tau_v=1.877e-01 |Du|=6.82e+00 |DRu|=9.86e+00)
  [PT] w_u=3.2639 w_v=4.5961 gamma=1.000 (tau_u=3.064e-01 tau_v=2.176e-01 |Du|=7.10e+00 |DRu|=9.37e+00)
  [PT] w_u=3.3756 w_v=4.8985 gamma=0.999 (tau_u=2.962e-01 tau_v=2.041e-01 |Du|=6.59e+00 |DRu|=1.46e+01)
  [PT] w_u=3.6780 w_v=5.2363 gamma=1.000 (tau_u=2.719e-01 tau_v=1.910e-01 |Du|=3.18e+00 |DRu|=1.38e+01)
  [PT] w_u=3.8649 w_v=5.4057 gamma=1.000 (tau_u=2.587e-01 tau_v=1.850e-01 |Du|=1.91e+00 |DRu|=5.11e+00)
  [PT] w_u=4.1279 w_v=5.8124 gamma=1.000 (tau_u=2.423e-01 tau_v=1.720e-01 |Du|=3.88e+00 |DRu|=1.27e+01)
  [PT] w_u=4.2940 w_v=6.1782 gamma=0.997 (tau_u=2.329e-01 tau_v=1.619e-01 |Du|=4.23e+00 |DRu|=1.10e+01)
  [PT] w_u=3.8270 w_v=6.0920 gamma=0.999 (tau_u=2.613e-01 tau_v=1.641e-01 |Du|=7.62e+00 |DRu|=1.06e+01)
  [PT] w_u=3.3568 w_v=5.6242 gamma=1.000 (tau_u=2.979e-01 tau_v=1.778e-01 |Du|=5.86e+00 |DRu|=7.39e+00)
  [PT] w_u=3.4654 w_v=5.8721 gamma=1.000 (tau_u=2.886e-01 tau_v=1.703e-01 |Du|=3.52e+00 |DRu|=7.77e+00)
  [PT] w_u=3.5817 w_v=5.9024 gamma=1.000 (tau_u=2.792e-01 tau_v=1.694e-01 |Du|=6.68e+00 |DRu|=1.51e+01)
  [PT] w_u=3.5798 w_v=5.6313 gamma=1.000 (tau_u=2.793e-01 tau_v=1.776e-01 |Du|=5.00e+00 |DRu|=9.43e+00)
  [PT] w_u=3.5735 w_v=6.0186 gamma=1.000 (tau_u=2.798e-01 tau_v=1.662e-01 |Du|=7.60e+00 |DRu|=1.42e+01)
  [PT] w_u=3.6509 w_v=6.4196 gamma=0.995 (tau_u=2.739e-01 tau_v=1.558e-01 |Du|=4.25e+00 |DRu|=9.02e+00)
  [PT] w_u=3.8937 w_v=6.8187 gamma=1.000 (tau_u=2.568e-01 tau_v=1.467e-01 |Du|=5.97e+00 |DRu|=1.86e+01)
  [PT] w_u=3.7872 w_v=6.8350 gamma=1.000 (tau_u=2.640e-01 tau_v=1.463e-01 |Du|=4.43e+00 |DRu|=7.73e+00)
  [PT] w_u=4.0665 w_v=7.3995 gamma=1.000 (tau_u=2.459e-01 tau_v=1.351e-01 |Du|=4.58e+00 |DRu|=1.59e+01)
  [PT] w_u=3.8974 w_v=7.8160 gamma=0.995 (tau_u=2.566e-01 tau_v=1.279e-01 |Du|=7.39e+00 |DRu|=1.24e+01)
  [PT] w_u=4.2615 w_v=8.5957 gamma=0.998 (tau_u=2.347e-01 tau_v=1.163e-01 |Du|=2.82e+00 |DRu|=1.46e+01)
[Adam] ep=  940  total=2.312e-01  PDE=2.425e-02 [colloc=2.176e-02, cfd=2.487e-03] (w=2.615)  IN=1.753e-02 (w=1.132)  TB=7.103e-03 (w=0.855)  WALL=4.624e-16 (w=0.200)  OUT=5.846e-04 (w=0.275)  DATA=2.589e-02 (w=5.473)  DATA_P=0.000e+00 (w=1.000)
  [PT] w_u=3.4182 w_v=8.7393 gamma=1.000 (tau_u=2.926e-01 tau_v=1.144e-01 |Du|=7.89e+00 |DRu|=8.75e+00)
  [PT] w_u=3.7625 w_v=9.5440 gamma=1.000 (tau_u=2.658e-01 tau_v=1.048e-01 |Du|=5.46e+00 |DRu|=3.47e+01)
  [PT] w_u=4.0931 w_v=9.9690 gamma=1.000 (tau_u=2.443e-01 tau_v=1.003e-01 |Du|=2.98e+00 |DRu|=1.32e+01)
  [PT] w_u=4.3150 w_v=10.3327 gamma=1.000 (tau_u=2.318e-01 tau_v=9.678e-02 |Du|=4.75e+00 |DRu|=1.38e+01)
  [PT] w_u=4.7019 w_v=11.0760 gamma=1.000 (tau_u=2.127e-01 tau_v=9.029e-02 |Du|=6.79e+00 |DRu|=3.35e+01)
  [PT] w_u=5.1704 w_v=11.9814 gamma=1.000 (tau_u=1.934e-01 tau_v=8.346e-02 |Du|=4.30e+00 |DRu|=3.04e+01)
  [PT] w_u=5.2164 w_v=12.1604 gamma=1.000 (tau_u=1.917e-01 tau_v=8.223e-02 |Du|=4.71e+00 |DRu|=1.12e+01)
  [PT] w_u=5.1429 w_v=12.2423 gamma=1.000 (tau_u=1.944e-01 tau_v=8.168e-02 |Du|=6.64e+00 |DRu|=1.42e+01)
  [PT] w_u=5.4846 w_v=12.6719 gamma=1.000 (tau_u=1.823e-01 tau_v=7.892e-02 |Du|=7.53e+00 |DRu|=2.78e+01)
  [PT] w_u=5.9412 w_v=13.1007 gamma=1.000 (tau_u=1.683e-01 tau_v=7.633e-02 |Du|=5.42e+00 |DRu|=2.64e+01)
  [PT] w_u=6.2921 w_v=13.2511 gamma=1.000 (tau_u=1.589e-01 tau_v=7.547e-02 |Du|=4.24e+00 |DRu|=1.55e+01)
  [PT] w_u=6.2306 w_v=12.8784 gamma=1.000 (tau_u=1.605e-01 tau_v=7.765e-02 |Du|=4.79e+00 |DRu|=1.15e+01)
  [PT] w_u=6.5281 w_v=12.1839 gamma=1.000 (tau_u=1.532e-01 tau_v=8.208e-02 |Du|=5.12e+00 |DRu|=1.73e+01)
  [PT] w_u=7.0378 w_v=11.5889 gamma=1.000 (tau_u=1.421e-01 tau_v=8.629e-02 |Du|=4.88e+00 |DRu|=2.38e+01)
  [PT] w_u=7.3776 w_v=11.4173 gamma=1.000 (tau_u=1.355e-01 tau_v=8.759e-02 |Du|=6.52e+00 |DRu|=2.36e+01)
  [PT] w_u=7.5483 w_v=11.4320 gamma=1.000 (tau_u=1.325e-01 tau_v=8.747e-02 |Du|=5.49e+00 |DRu|=1.70e+01)
  [PT] w_u=7.6125 w_v=11.3147 gamma=1.000 (tau_u=1.314e-01 tau_v=8.838e-02 |Du|=4.19e+00 |DRu|=1.20e+01)
  [PT] w_u=7.7738 w_v=11.1124 gamma=1.000 (tau_u=1.286e-01 tau_v=8.999e-02 |Du|=5.13e+00 |DRu|=1.59e+01)
  [PT] w_u=7.9195 w_v=10.6522 gamma=1.000 (tau_u=1.263e-01 tau_v=9.388e-02 |Du|=6.88e+00 |DRu|=2.12e+01)
  [PT] w_u=8.2396 w_v=10.1609 gamma=1.000 (tau_u=1.214e-01 tau_v=9.842e-02 |Du|=7.16e+00 |DRu|=2.58e+01)
[Adam] ep=  960  total=4.513e-01  PDE=6.234e-02 [colloc=5.802e-02, cfd=4.319e-03] (w=2.879)  IN=2.923e-02 (w=1.088)  TB=8.808e-03 (w=0.643)  WALL=2.766e-15 (w=0.200)  OUT=3.010e-04 (w=0.248)  DATA=4.551e-02 (w=5.148)  DATA_P=0.000e+00 (w=1.000)
  [PT] w_u=8.6610 w_v=9.8900 gamma=1.000 (tau_u=1.155e-01 tau_v=1.011e-01 |Du|=5.46e+00 |DRu|=2.19e+01)
  [PT] w_u=8.5058 w_v=9.4584 gamma=1.000 (tau_u=1.176e-01 tau_v=1.057e-01 |Du|=4.91e+00 |DRu|=1.33e+01)
  [PT] w_u=6.8993 w_v=8.1477 gamma=1.000 (tau_u=1.449e-01 tau_v=1.227e-01 |Du|=6.86e+00 |DRu|=1.10e+01)
  [PT] w_u=6.4907 w_v=8.5394 gamma=1.000 (tau_u=1.541e-01 tau_v=1.171e-01 |Du|=9.30e+00 |DRu|=1.91e+01)
  [PT] w_u=6.1706 w_v=9.0039 gamma=1.000 (tau_u=1.621e-01 tau_v=1.111e-01 |Du|=1.30e+01 |DRu|=2.69e+01)
  [PT] w_u=5.3524 w_v=9.2781 gamma=1.000 (tau_u=1.868e-01 tau_v=1.078e-01 |Du|=1.31e+01 |DRu|=2.05e+01)
  [PT] w_u=5.0900 w_v=8.7476 gamma=1.000 (tau_u=1.965e-01 tau_v=1.143e-01 |Du|=8.37e+00 |DRu|=1.57e+01)
  [PT] w_u=5.3039 w_v=7.8554 gamma=1.000 (tau_u=1.885e-01 tau_v=1.273e-01 |Du|=6.40e+00 |DRu|=1.87e+01)
  [PT] w_u=5.0937 w_v=7.9546 gamma=1.000 (tau_u=1.963e-01 tau_v=1.257e-01 |Du|=1.11e+01 |DRu|=2.15e+01)
  [PT] w_u=4.7359 w_v=8.2928 gamma=1.000 (tau_u=2.112e-01 tau_v=1.206e-01 |Du|=1.41e+01 |DRu|=2.40e+01)
  [PT] w_u=4.4357 w_v=8.7220 gamma=1.000 (tau_u=2.254e-01 tau_v=1.147e-01 |Du|=8.88e+00 |DRu|=1.49e+01)
  [PT] w_u=4.4045 w_v=9.1036 gamma=1.000 (tau_u=2.270e-01 tau_v=1.098e-01 |Du|=5.07e+00 |DRu|=1.03e+01)
  [PT] w_u=4.6920 w_v=9.3534 gamma=1.000 (tau_u=2.131e-01 tau_v=1.069e-01 |Du|=4.00e+00 |DRu|=1.35e+01)
  [PT] w_u=5.0073 w_v=9.5635 gamma=1.000 (tau_u=1.997e-01 tau_v=1.046e-01 |Du|=4.99e+00 |DRu|=1.78e+01)
  [PT] w_u=5.2552 w_v=9.7226 gamma=1.000 (tau_u=1.903e-01 tau_v=1.029e-01 |Du|=6.13e+00 |DRu|=1.89e+01)
  [PT] w_u=5.1190 w_v=9.1226 gamma=1.000 (tau_u=1.954e-01 tau_v=1.096e-01 |Du|=5.81e+00 |DRu|=1.18e+01)
  [PT] w_u=4.1119 w_v=8.3506 gamma=1.000 (tau_u=2.432e-01 tau_v=1.198e-01 |Du|=5.19e+00 |DRu|=6.32e+00)
  [PT] w_u=4.2977 w_v=8.6413 gamma=1.000 (tau_u=2.327e-01 tau_v=1.157e-01 |Du|=5.05e+00 |DRu|=1.36e+01)
  [PT] w_u=4.5482 w_v=8.9208 gamma=0.999 (tau_u=2.199e-01 tau_v=1.121e-01 |Du|=7.87e+00 |DRu|=2.43e+01)
  [PT] w_u=4.6171 w_v=9.1085 gamma=1.000 (tau_u=2.166e-01 tau_v=1.098e-01 |Du|=6.59e+00 |DRu|=1.52e+01)
[Adam] ep=  980  total=2.763e-01  PDE=2.971e-02 [colloc=2.734e-02, cfd=2.374e-03] (w=2.605)  IN=2.303e-02 (w=1.159)  TB=1.071e-02 (w=0.816)  WALL=5.123e-16 (w=0.200)  OUT=4.596e-04 (w=0.387)  DATA=3.021e-02 (w=5.404)  DATA_P=0.000e+00 (w=1.000)
  [PT] w_u=4.7219 w_v=9.6689 gamma=1.000 (tau_u=2.118e-01 tau_v=1.034e-01 |Du|=3.86e+00 |DRu|=9.41e+00)
  [PT] w_u=4.7909 w_v=10.1627 gamma=0.998 (tau_u=2.087e-01 tau_v=9.840e-02 |Du|=7.26e+00 |DRu|=1.70e+01)
  [PT] w_u=4.6194 w_v=10.3768 gamma=1.000 (tau_u=2.165e-01 tau_v=9.637e-02 |Du|=1.42e+01 |DRu|=2.66e+01)
  [PT] w_u=3.9479 w_v=9.4383 gamma=1.000 (tau_u=2.533e-01 tau_v=1.060e-01 |Du|=8.59e+00 |DRu|=1.12e+01)
  [PT] w_u=4.0158 w_v=8.1297 gamma=1.000 (tau_u=2.490e-01 tau_v=1.230e-01 |Du|=5.20e+00 |DRu|=1.13e+01)
  [PT] w_u=4.1315 w_v=8.5011 gamma=1.000 (tau_u=2.420e-01 tau_v=1.176e-01 |Du|=9.75e+00 |DRu|=2.30e+01)
  [PT] w_u=3.6327 w_v=8.9257 gamma=0.997 (tau_u=2.753e-01 tau_v=1.120e-01 |Du|=1.11e+01 |DRu|=1.46e+01)
  [PT] w_u=3.7820 w_v=9.5581 gamma=0.995 (tau_u=2.644e-01 tau_v=1.046e-01 |Du|=4.24e+00 |DRu|=1.04e+01)
  [PT] w_u=3.7594 w_v=9.7785 gamma=0.998 (tau_u=2.660e-01 tau_v=1.023e-01 |Du|=6.54e+00 |DRu|=1.24e+01)
  [PT] w_u=3.6729 w_v=10.2558 gamma=1.000 (tau_u=2.723e-01 tau_v=9.751e-02 |Du|=1.30e+01 |DRu|=2.27e+01)
  [PT] w_u=3.2691 w_v=9.6761 gamma=1.000 (tau_u=3.059e-01 tau_v=1.033e-01 |Du|=6.42e+00 |DRu|=8.23e+00)
  [PT] w_u=3.2855 w_v=8.5588 gamma=1.000 (tau_u=3.044e-01 tau_v=1.168e-01 |Du|=6.67e+00 |DRu|=1.24e+01)
  [PT] w_u=3.2842 w_v=8.2542 gamma=1.000 (tau_u=3.045e-01 tau_v=1.212e-01 |Du|=1.16e+01 |DRu|=2.10e+01)
  [PT] w_u=3.2226 w_v=7.9536 gamma=0.999 (tau_u=3.103e-01 tau_v=1.257e-01 |Du|=7.99e+00 |DRu|=1.33e+01)
  [PT] w_u=3.5101 w_v=8.2821 gamma=0.998 (tau_u=2.849e-01 tau_v=1.207e-01 |Du|=2.56e+00 |DRu|=1.08e+01)
  [PT] w_u=3.4229 w_v=8.6514 gamma=1.000 (tau_u=2.921e-01 tau_v=1.156e-01 |Du|=8.16e+00 |DRu|=1.36e+01)
  [PT] w_u=3.1415 w_v=8.2312 gamma=1.000 (tau_u=3.183e-01 tau_v=1.215e-01 |Du|=1.04e+01 |DRu|=1.39e+01)
  [PT] w_u=3.1773 w_v=7.6982 gamma=1.000 (tau_u=3.147e-01 tau_v=1.299e-01 |Du|=7.74e+00 |DRu|=1.46e+01)
  [PT] w_u=2.9252 w_v=7.1519 gamma=1.000 (tau_u=3.419e-01 tau_v=1.398e-01 |Du|=7.30e+00 |DRu|=9.54e+00)
  [PT] w_u=2.8991 w_v=7.5935 gamma=0.995 (tau_u=3.449e-01 tau_v=1.317e-01 |Du|=9.68e+00 |DRu|=1.58e+01)
[Adam] ep= 1000  total=2.364e-01  PDE=4.164e-02 [colloc=3.907e-02, cfd=2.575e-03] (w=2.618)  IN=1.281e-02 (w=1.153)  TB=7.930e-03 (w=0.802)  WALL=9.915e-16 (w=0.200)  OUT=8.549e-04 (w=0.408)  DATA=1.965e-02 (w=5.391)  DATA_P=0.000e+00 (w=1.000)
  [PT] w_u=3.1358 w_v=7.5979 gamma=0.995 (tau_u=3.189e-01 tau_v=1.316e-01 |Du|=1.90e+00 |DRu|=6.52e+00)
  [PT] w_u=2.9714 w_v=7.9372 gamma=1.000 (tau_u=3.365e-01 tau_v=1.260e-01 |Du|=8.90e+00 |DRu|=1.26e+01)
  [PT] w_u=3.0628 w_v=7.8319 gamma=1.000 (tau_u=3.265e-01 tau_v=1.277e-01 |Du|=4.06e+00 |DRu|=8.35e+00)
  [PT] w_u=3.0056 w_v=8.2427 gamma=0.999 (tau_u=3.327e-01 tau_v=1.213e-01 |Du|=8.25e+00 |DRu|=1.32e+01)
  [PT] w_u=2.4881 w_v=6.7101 gamma=0.999 (tau_u=4.019e-01 tau_v=1.490e-01 |Du|=6.21e+00 |DRu|=6.13e+00)
  [PT] w_u=2.5838 w_v=6.5101 gamma=1.000 (tau_u=3.870e-01 tau_v=1.536e-01 |Du|=6.43e+00 |DRu|=1.28e+01)
  [PT] w_u=2.7106 w_v=6.2554 gamma=1.000 (tau_u=3.689e-01 tau_v=1.599e-01 |Du|=3.63e+00 |DRu|=7.99e+00)
  [PT] w_u=2.6794 w_v=6.6628 gamma=1.000 (tau_u=3.732e-01 tau_v=1.501e-01 |Du|=5.15e+00 |DRu|=8.02e+00)
  [PT] w_u=2.5569 w_v=6.1145 gamma=0.995 (tau_u=3.911e-01 tau_v=1.635e-01 |Du|=9.14e+00 |DRu|=1.23e+01)
  [PT] w_u=2.3947 w_v=4.8261 gamma=0.998 (tau_u=4.176e-01 tau_v=2.072e-01 |Du|=6.56e+00 |DRu|=8.09e+00)
  [PT] w_u=2.3148 w_v=5.2327 gamma=1.000 (tau_u=4.320e-01 tau_v=1.911e-01 |Du|=1.03e+01 |DRu|=1.37e+01)
  [PT] w_u=2.4482 w_v=5.3070 gamma=1.000 (tau_u=4.085e-01 tau_v=1.884e-01 |Du|=2.21e+00 |DRu|=4.99e+00)
  [PT] w_u=2.5313 w_v=5.5883 gamma=0.999 (tau_u=3.951e-01 tau_v=1.789e-01 |Du|=7.23e+00 |DRu|=1.38e+01)
  [PT] w_u=2.4271 w_v=6.0183 gamma=0.998 (tau_u=4.120e-01 tau_v=1.662e-01 |Du|=4.54e+00 |DRu|=6.04e+00)
  [PT] w_u=2.2853 w_v=6.2844 gamma=1.000 (tau_u=4.376e-01 tau_v=1.591e-01 |Du|=7.55e+00 |DRu|=9.24e+00)
  [PT] w_u=2.4120 w_v=6.5697 gamma=1.000 (tau_u=4.146e-01 tau_v=1.522e-01 |Du|=4.95e+00 |DRu|=1.09e+01)
  [PT] w_u=2.1542 w_v=6.7367 gamma=1.000 (tau_u=4.642e-01 tau_v=1.484e-01 |Du|=5.70e+00 |DRu|=5.97e+00)
  [PT] w_u=2.1601 w_v=6.9351 gamma=0.996 (tau_u=4.629e-01 tau_v=1.442e-01 |Du|=4.50e+00 |DRu|=6.69e+00)
  [PT] w_u=2.2448 w_v=7.1314 gamma=1.000 (tau_u=4.455e-01 tau_v=1.402e-01 |Du|=7.37e+00 |DRu|=1.37e+01)
  [PT] w_u=2.4234 w_v=7.4393 gamma=1.000 (tau_u=4.127e-01 tau_v=1.344e-01 |Du|=3.34e+00 |DRu|=9.76e+00)
[Adam] ep= 1020  total=2.090e-01  PDE=3.652e-02 [colloc=3.437e-02, cfd=2.152e-03] (w=2.618)  IN=1.234e-02 (w=1.141)  TB=8.202e-03 (w=0.869)  WALL=1.085e-15 (w=0.200)  OUT=3.590e-04 (w=0.267)  DATA=1.704e-02 (w=5.405)  DATA_P=0.000e+00 (w=1.000)
  [PT] w_u=2.5249 w_v=7.1238 gamma=1.000 (tau_u=3.961e-01 tau_v=1.404e-01 |Du|=3.30e+00 |DRu|=6.65e+00)
  [PT] w_u=2.7565 w_v=7.4837 gamma=0.999 (tau_u=3.628e-01 tau_v=1.336e-01 |Du|=3.70e+00 |DRu|=1.47e+01)
  [PT] w_u=2.8389 w_v=7.7468 gamma=1.000 (tau_u=3.523e-01 tau_v=1.291e-01 |Du|=3.58e+00 |DRu|=7.05e+00)
  [PT] w_u=2.9111 w_v=7.2647 gamma=1.000 (tau_u=3.435e-01 tau_v=1.377e-01 |Du|=4.87e+00 |DRu|=9.45e+00)
  [PT] w_u=3.1344 w_v=7.0718 gamma=1.000 (tau_u=3.190e-01 tau_v=1.414e-01 |Du|=5.13e+00 |DRu|=1.63e+01)
  [PT] w_u=3.3588 w_v=7.5876 gamma=0.999 (tau_u=2.977e-01 tau_v=1.318e-01 |Du|=4.78e+00 |DRu|=1.47e+01)
  [PT] w_u=3.4957 w_v=8.0319 gamma=1.000 (tau_u=2.861e-01 tau_v=1.245e-01 |Du|=2.38e+00 |DRu|=5.59e+00)
  [PT] w_u=3.7416 w_v=8.0385 gamma=0.997 (tau_u=2.673e-01 tau_v=1.244e-01 |Du|=3.11e+00 |DRu|=9.91e+00)
  [PT] w_u=3.9929 w_v=8.4174 gamma=1.000 (tau_u=2.504e-01 tau_v=1.188e-01 |Du|=6.96e+00 |DRu|=2.21e+01)
  [PT] w_u=4.1233 w_v=8.7605 gamma=1.000 (tau_u=2.425e-01 tau_v=1.141e-01 |Du|=3.41e+00 |DRu|=8.23e+00)
  [PT] w_u=4.2814 w_v=9.1561 gamma=1.000 (tau_u=2.336e-01 tau_v=1.092e-01 |Du|=2.99e+00 |DRu|=7.64e+00)
  [PT] w_u=4.5134 w_v=9.4296 gamma=1.000 (tau_u=2.216e-01 tau_v=1.060e-01 |Du|=5.55e+00 |DRu|=1.65e+01)
  [PT] w_u=4.5493 w_v=9.3513 gamma=0.998 (tau_u=2.198e-01 tau_v=1.069e-01 |Du|=6.75e+00 |DRu|=1.49e+01)
  [PT] w_u=4.6533 w_v=9.4085 gamma=0.999 (tau_u=2.149e-01 tau_v=1.063e-01 |Du|=4.11e+00 |DRu|=9.95e+00)
  [PT] w_u=4.3905 w_v=9.3236 gamma=1.000 (tau_u=2.278e-01 tau_v=1.073e-01 |Du|=4.97e+00 |DRu|=8.48e+00)
  [PT] w_u=3.6540 w_v=8.6154 gamma=1.000 (tau_u=2.737e-01 tau_v=1.161e-01 |Du|=6.50e+00 |DRu|=7.84e+00)
  [PT] w_u=3.8407 w_v=8.5706 gamma=1.000 (tau_u=2.604e-01 tau_v=1.167e-01 |Du|=6.03e+00 |DRu|=1.61e+01)
  [PT] w_u=4.0663 w_v=8.7276 gamma=1.000 (tau_u=2.459e-01 tau_v=1.146e-01 |Du|=5.85e+00 |DRu|=1.72e+01)
  [PT] w_u=4.2457 w_v=8.3587 gamma=1.000 (tau_u=2.355e-01 tau_v=1.196e-01 |Du|=3.45e+00 |DRu|=9.16e+00)
  [PT] w_u=4.3433 w_v=7.6005 gamma=1.000 (tau_u=2.302e-01 tau_v=1.316e-01 |Du|=2.22e+00 |DRu|=5.20e+00)
[Adam] ep= 1040  total=3.341e-01  PDE=6.249e-02 [colloc=5.910e-02, cfd=3.395e-03] (w=2.732)  IN=1.434e-02 (w=1.057)  TB=6.550e-03 (w=0.746)  WALL=1.757e-15 (w=0.200)  OUT=5.764e-03 (w=0.506)  DATA=2.650e-02 (w=5.297)  DATA_P=0.000e+00 (w=1.000)
  [PT] w_u=4.6067 w_v=7.8224 gamma=1.000 (tau_u=2.171e-01 tau_v=1.278e-01 |Du|=3.41e+00 |DRu|=1.08e+01)
  [PT] w_u=4.8191 w_v=8.0440 gamma=1.000 (tau_u=2.075e-01 tau_v=1.243e-01 |Du|=5.72e+00 |DRu|=1.64e+01)
  [PT] w_u=5.1076 w_v=7.6948 gamma=1.000 (tau_u=1.958e-01 tau_v=1.300e-01 |Du|=3.62e+00 |DRu|=1.21e+01)
  [PT] w_u=5.0830 w_v=7.1210 gamma=1.000 (tau_u=1.967e-01 tau_v=1.404e-01 |Du|=4.52e+00 |DRu|=9.97e+00)
  [PT] w_u=4.8884 w_v=6.9265 gamma=1.000 (tau_u=2.046e-01 tau_v=1.444e-01 |Du|=4.57e+00 |DRu|=8.71e+00)
  [PT] w_u=5.2348 w_v=7.0447 gamma=0.999 (tau_u=1.910e-01 tau_v=1.420e-01 |Du|=2.69e+00 |DRu|=1.02e+01)
  [PT] w_u=5.2601 w_v=6.7223 gamma=0.999 (tau_u=1.901e-01 tau_v=1.488e-01 |Du|=5.79e+00 |DRu|=1.36e+01)
  [PT] w_u=5.3485 w_v=6.0566 gamma=1.000 (tau_u=1.870e-01 tau_v=1.651e-01 |Du|=6.77e+00 |DRu|=1.70e+01)
  [PT] w_u=5.4903 w_v=5.6217 gamma=1.000 (tau_u=1.821e-01 tau_v=1.779e-01 |Du|=3.25e+00 |DRu|=8.73e+00)
  [PT] w_u=5.6465 w_v=6.0933 gamma=1.000 (tau_u=1.771e-01 tau_v=1.641e-01 |Du|=4.12e+00 |DRu|=1.13e+01)
  [PT] w_u=5.4954 w_v=5.6272 gamma=0.999 (tau_u=1.820e-01 tau_v=1.777e-01 |Du|=6.54e+00 |DRu|=1.38e+01)
  [PT] w_u=4.9123 w_v=5.1060 gamma=0.996 (tau_u=2.036e-01 tau_v=1.958e-01 |Du|=7.17e+00 |DRu|=1.13e+01)
  [PT] w_u=4.7469 w_v=5.0515 gamma=1.000 (tau_u=2.107e-01 tau_v=1.980e-01 |Du|=1.02e+01 |DRu|=1.95e+01)
  [PT] w_u=4.3454 w_v=5.1115 gamma=1.000 (tau_u=2.301e-01 tau_v=1.956e-01 |Du|=5.14e+00 |DRu|=8.08e+00)
  [PT] w_u=4.6426 w_v=5.2473 gamma=1.000 (tau_u=2.154e-01 tau_v=1.906e-01 |Du|=3.17e+00 |DRu|=1.10e+01)
  [PT] w_u=3.9914 w_v=4.9907 gamma=0.998 (tau_u=2.505e-01 tau_v=2.004e-01 |Du|=1.09e+01 |DRu|=1.45e+01)
  [PT] w_u=3.7239 w_v=4.3548 gamma=0.995 (tau_u=2.685e-01 tau_v=2.296e-01 |Du|=9.78e+00 |DRu|=1.49e+01)
  [PT] w_u=3.7969 w_v=4.3253 gamma=0.997 (tau_u=2.634e-01 tau_v=2.312e-01 |Du|=4.82e+00 |DRu|=1.03e+01)
  [PT] w_u=3.9257 w_v=4.6124 gamma=1.000 (tau_u=2.547e-01 tau_v=2.168e-01 |Du|=4.81e+00 |DRu|=1.14e+01)
  [PT] w_u=4.1354 w_v=4.6425 gamma=1.000 (tau_u=2.418e-01 tau_v=2.154e-01 |Du|=4.45e+00 |DRu|=1.26e+01)
[Adam] ep= 1060  total=2.683e-01  PDE=3.579e-02 [colloc=3.324e-02, cfd=2.552e-03] (w=2.524)  IN=2.313e-02 (w=1.187)  TB=1.513e-02 (w=0.936)  WALL=1.118e-15 (w=0.200)  OUT=3.655e-04 (w=0.301)  DATA=2.545e-02 (w=5.354)  DATA_P=0.000e+00 (w=1.000)
  [PT] w_u=4.2571 w_v=4.4685 gamma=1.000 (tau_u=2.349e-01 tau_v=2.238e-01 |Du|=4.53e+00 |DRu|=1.09e+01)
  [PT] w_u=4.3107 w_v=4.4558 gamma=0.999 (tau_u=2.320e-01 tau_v=2.244e-01 |Du|=3.64e+00 |DRu|=8.02e+00)
  [PT] w_u=4.3337 w_v=4.8084 gamma=1.000 (tau_u=2.308e-01 tau_v=2.080e-01 |Du|=5.66e+00 |DRu|=1.21e+01)
  [PT] w_u=4.5870 w_v=4.9071 gamma=1.000 (tau_u=2.180e-01 tau_v=2.038e-01 |Du|=4.26e+00 |DRu|=1.33e+01)
  [PT] w_u=4.2073 w_v=4.9145 gamma=0.999 (tau_u=2.377e-01 tau_v=2.035e-01 |Du|=5.44e+00 |DRu|=8.44e+00)
  [PT] w_u=4.4063 w_v=5.2449 gamma=0.998 (tau_u=2.269e-01 tau_v=1.907e-01 |Du|=4.44e+00 |DRu|=1.23e+01)
  [PT] w_u=4.6683 w_v=5.6691 gamma=0.997 (tau_u=2.142e-01 tau_v=1.764e-01 |Du|=2.91e+00 |DRu|=9.22e+00)
  [PT] w_u=4.8241 w_v=6.0549 gamma=1.000 (tau_u=2.073e-01 tau_v=1.652e-01 |Du|=6.72e+00 |DRu|=1.76e+01)
  [PT] w_u=4.8754 w_v=6.4193 gamma=1.000 (tau_u=2.051e-01 tau_v=1.558e-01 |Du|=2.58e+00 |DRu|=5.98e+00)
  [PT] w_u=5.1514 w_v=7.0221 gamma=1.000 (tau_u=1.941e-01 tau_v=1.424e-01 |Du|=5.09e+00 |DRu|=1.65e+01)
  [PT] w_u=4.7792 w_v=7.4234 gamma=0.997 (tau_u=2.092e-01 tau_v=1.347e-01 |Du|=8.14e+00 |DRu|=1.38e+01)
  [PT] w_u=5.0398 w_v=7.7891 gamma=0.994 (tau_u=1.984e-01 tau_v=1.284e-01 |Du|=2.97e+00 |DRu|=9.32e+00)
  [PT] w_u=4.6933 w_v=8.2667 gamma=0.999 (tau_u=2.131e-01 tau_v=1.210e-01 |Du|=8.32e+00 |DRu|=1.42e+01)
  [PT] w_u=4.1524 w_v=8.6250 gamma=1.000 (tau_u=2.408e-01 tau_v=1.159e-01 |Du|=8.93e+00 |DRu|=1.27e+01)
  [PT] w_u=4.4557 w_v=8.8771 gamma=1.000 (tau_u=2.244e-01 tau_v=1.126e-01 |Du|=2.51e+00 |DRu|=9.04e+00)
  [PT] w_u=4.2109 w_v=9.2365 gamma=0.997 (tau_u=2.375e-01 tau_v=1.083e-01 |Du|=8.89e+00 |DRu|=1.49e+01)
  [PT] w_u=4.4361 w_v=8.9874 gamma=0.997 (tau_u=2.254e-01 tau_v=1.113e-01 |Du|=3.27e+00 |DRu|=9.54e+00)
  [PT] w_u=4.4678 w_v=9.1363 gamma=1.000 (tau_u=2.238e-01 tau_v=1.095e-01 |Du|=5.67e+00 |DRu|=1.24e+01)
  [PT] w_u=4.3891 w_v=9.2250 gamma=1.000 (tau_u=2.278e-01 tau_v=1.084e-01 |Du|=4.96e+00 |DRu|=9.65e+00)
  [PT] w_u=4.6378 w_v=9.1521 gamma=1.000 (tau_u=2.156e-01 tau_v=1.093e-01 |Du|=3.58e+00 |DRu|=1.10e+01)
[Adam] ep= 1080  total=2.259e-01  PDE=4.532e-02 [colloc=4.255e-02, cfd=2.766e-03] (w=2.670)  IN=8.391e-03 (w=1.111)  TB=5.798e-03 (w=0.793)  WALL=1.182e-15 (w=0.200)  OUT=7.194e-04 (w=0.352)  DATA=1.670e-02 (w=5.433)  DATA_P=0.000e+00 (w=1.000)
  [PT] w_u=4.3832 w_v=8.6005 gamma=1.000 (tau_u=2.281e-01 tau_v=1.163e-01 |Du|=7.84e+00 |DRu|=1.34e+01)
  [PT] w_u=4.2790 w_v=7.9255 gamma=1.000 (tau_u=2.337e-01 tau_v=1.262e-01 |Du|=4.71e+00 |DRu|=8.83e+00)
  [PT] w_u=4.4665 w_v=7.6256 gamma=1.000 (tau_u=2.239e-01 tau_v=1.311e-01 |Du|=2.91e+00 |DRu|=7.91e+00)
  [PT] w_u=4.3761 w_v=7.6316 gamma=1.000 (tau_u=2.285e-01 tau_v=1.310e-01 |Du|=6.21e+00 |DRu|=1.20e+01)
  [PT] w_u=4.5332 w_v=7.1832 gamma=1.000 (tau_u=2.206e-01 tau_v=1.392e-01 |Du|=4.58e+00 |DRu|=1.19e+01)
  [PT] w_u=4.7534 w_v=6.9702 gamma=1.000 (tau_u=2.104e-01 tau_v=1.435e-01 |Du|=5.48e+00 |DRu|=1.59e+01)
  [PT] w_u=4.9514 w_v=6.9839 gamma=1.000 (tau_u=2.020e-01 tau_v=1.432e-01 |Du|=2.97e+00 |DRu|=8.36e+00)
  [PT] w_u=4.8431 w_v=6.9299 gamma=1.000 (tau_u=2.065e-01 tau_v=1.443e-01 |Du|=3.52e+00 |DRu|=7.08e+00)
  [PT] w_u=4.7942 w_v=6.7342 gamma=1.000 (tau_u=2.086e-01 tau_v=1.485e-01 |Du|=6.71e+00 |DRu|=1.41e+01)
  [PT] w_u=5.0109 w_v=6.3959 gamma=1.000 (tau_u=1.996e-01 tau_v=1.564e-01 |Du|=4.22e+00 |DRu|=1.23e+01)
  [PT] w_u=4.5858 w_v=6.3150 gamma=1.000 (tau_u=2.181e-01 tau_v=1.584e-01 |Du|=8.40e+00 |DRu|=1.36e+01)
  [PT] w_u=4.2959 w_v=6.6839 gamma=1.000 (tau_u=2.328e-01 tau_v=1.496e-01 |Du|=6.86e+00 |DRu|=1.13e+01)
  [PT] w_u=4.2446 w_v=6.6130 gamma=1.000 (tau_u=2.356e-01 tau_v=1.512e-01 |Du|=3.28e+00 |DRu|=6.41e+00)
  [PT] w_u=4.3793 w_v=6.4425 gamma=1.000 (tau_u=2.283e-01 tau_v=1.552e-01 |Du|=4.67e+00 |DRu|=1.16e+01)
  [PT] w_u=4.2588 w_v=6.4496 gamma=1.000 (tau_u=2.348e-01 tau_v=1.550e-01 |Du|=6.06e+00 |DRu|=1.12e+01)
  [PT] w_u=4.1828 w_v=6.6398 gamma=1.000 (tau_u=2.391e-01 tau_v=1.506e-01 |Du|=6.34e+00 |DRu|=1.20e+01)
  [PT] w_u=4.3918 w_v=7.1212 gamma=1.000 (tau_u=2.277e-01 tau_v=1.404e-01 |Du|=4.87e+00 |DRu|=1.38e+01)
  [PT] w_u=4.2815 w_v=7.3567 gamma=1.000 (tau_u=2.336e-01 tau_v=1.359e-01 |Du|=3.94e+00 |DRu|=7.36e+00)
  [PT] w_u=4.2956 w_v=7.3976 gamma=1.000 (tau_u=2.328e-01 tau_v=1.352e-01 |Du|=4.78e+00 |DRu|=1.01e+01)
  [PT] w_u=4.0544 w_v=7.6263 gamma=1.000 (tau_u=2.466e-01 tau_v=1.311e-01 |Du|=5.90e+00 |DRu|=9.68e+00)
[Adam] ep= 1100  total=2.995e-01  PDE=5.656e-02 [colloc=5.150e-02, cfd=5.055e-03] (w=2.683)  IN=1.500e-02 (w=1.120)  TB=1.004e-02 (w=0.822)  WALL=1.174e-15 (w=0.200)  OUT=1.068e-03 (w=0.329)  DATA=2.305e-02 (w=5.309)  DATA_P=0.000e+00 (w=1.000)
  [PT] w_u=3.3457 w_v=7.7600 gamma=1.000 (tau_u=2.989e-01 tau_v=1.289e-01 |Du|=9.45e+00 |DRu|=1.08e+01)
  [PT] w_u=3.2691 w_v=7.9793 gamma=1.000 (tau_u=3.059e-01 tau_v=1.253e-01 |Du|=9.93e+00 |DRu|=1.63e+01)
  [PT] w_u=3.3111 w_v=8.0711 gamma=1.000 (tau_u=3.020e-01 tau_v=1.239e-01 |Du|=5.82e+00 |DRu|=1.13e+01)
  [PT] w_u=3.5279 w_v=8.1237 gamma=1.000 (tau_u=2.835e-01 tau_v=1.231e-01 |Du|=3.69e+00 |DRu|=1.08e+01)
  [PT] w_u=3.4238 w_v=8.1102 gamma=1.000 (tau_u=2.921e-01 tau_v=1.233e-01 |Du|=5.13e+00 |DRu|=8.43e+00)
  [PT] w_u=2.9719 w_v=8.0111 gamma=1.000 (tau_u=3.365e-01 tau_v=1.248e-01 |Du|=7.61e+00 |DRu|=8.87e+00)
  [PT] w_u=2.9877 w_v=8.2760 gamma=1.000 (tau_u=3.347e-01 tau_v=1.208e-01 |Du|=9.15e+00 |DRu|=1.62e+01)
  [PT] w_u=2.9127 w_v=8.5020 gamma=1.000 (tau_u=3.433e-01 tau_v=1.176e-01 |Du|=8.06e+00 |DRu|=1.24e+01)
  [PT] w_u=2.9696 w_v=8.7377 gamma=1.000 (tau_u=3.367e-01 tau_v=1.144e-01 |Du|=5.77e+00 |DRu|=1.10e+01)
  [PT] w_u=3.1396 w_v=8.7067 gamma=1.000 (tau_u=3.185e-01 tau_v=1.149e-01 |Du|=5.38e+00 |DRu|=1.37e+01)
  [PT] w_u=3.2815 w_v=8.3387 gamma=1.000 (tau_u=3.047e-01 tau_v=1.199e-01 |Du|=6.17e+00 |DRu|=1.45e+01)
  [PT] w_u=3.0301 w_v=8.0234 gamma=1.000 (tau_u=3.300e-01 tau_v=1.246e-01 |Du|=8.61e+00 |DRu|=1.15e+01)
  [PT] w_u=2.7457 w_v=8.0793 gamma=1.000 (tau_u=3.642e-01 tau_v=1.238e-01 |Du|=1.05e+01 |DRu|=1.28e+01)
  [PT] w_u=2.5832 w_v=8.2893 gamma=1.000 (tau_u=3.871e-01 tau_v=1.206e-01 |Du|=9.95e+00 |DRu|=1.29e+01)
  [PT] w_u=2.5719 w_v=8.4085 gamma=1.000 (tau_u=3.888e-01 tau_v=1.189e-01 |Du|=8.99e+00 |DRu|=1.41e+01)
  [PT] w_u=2.7897 w_v=8.9097 gamma=1.000 (tau_u=3.585e-01 tau_v=1.122e-01 |Du|=5.11e+00 |DRu|=1.75e+01)
  [PT] w_u=2.9582 w_v=8.6468 gamma=1.000 (tau_u=3.380e-01 tau_v=1.156e-01 |Du|=5.79e+00 |DRu|=1.47e+01)
  [PT] w_u=3.0835 w_v=8.4530 gamma=1.000 (tau_u=3.243e-01 tau_v=1.183e-01 |Du|=8.66e+00 |DRu|=1.93e+01)
  [PT] w_u=2.6735 w_v=8.1524 gamma=1.000 (tau_u=3.740e-01 tau_v=1.227e-01 |Du|=8.78e+00 |DRu|=9.69e+00)
  [PT] w_u=2.5772 w_v=8.3554 gamma=1.000 (tau_u=3.880e-01 tau_v=1.197e-01 |Du|=1.12e+01 |DRu|=1.56e+01)
[Adam] ep= 1120  total=6.091e-01  PDE=1.212e-01 [colloc=1.082e-01, cfd=1.300e-02] (w=2.794)  IN=2.711e-02 (w=1.046)  TB=9.975e-03 (w=0.699)  WALL=5.243e-15 (w=0.200)  OUT=2.883e-02 (w=0.583)  DATA=4.306e-02 (w=5.072)  DATA_P=0.000e+00 (w=1.000)
  [PT] w_u=2.6559 w_v=8.7893 gamma=1.000 (tau_u=3.765e-01 tau_v=1.138e-01 |Du|=1.17e+01 |DRu|=2.24e+01)
  [PT] w_u=2.3124 w_v=8.4445 gamma=1.000 (tau_u=4.325e-01 tau_v=1.184e-01 |Du|=1.19e+01 |DRu|=1.23e+01)
  [PT] w_u=2.4550 w_v=8.3962 gamma=1.000 (tau_u=4.073e-01 tau_v=1.191e-01 |Du|=9.94e+00 |DRu|=2.33e+01)
  [PT] w_u=2.6157 w_v=8.6913 gamma=1.000 (tau_u=3.823e-01 tau_v=1.151e-01 |Du|=4.73e+00 |DRu|=1.19e+01)
  [PT] w_u=2.8443 w_v=9.2018 gamma=1.000 (tau_u=3.516e-01 tau_v=1.087e-01 |Du|=6.14e+00 |DRu|=2.24e+01)
  [PT] w_u=2.7834 w_v=8.1001 gamma=1.000 (tau_u=3.593e-01 tau_v=1.235e-01 |Du|=1.08e+01 |DRu|=1.65e+01)
  [PT] w_u=2.7456 w_v=7.3992 gamma=1.000 (tau_u=3.642e-01 tau_v=1.351e-01 |Du|=1.49e+01 |DRu|=2.33e+01)
  [PT] w_u=1.8360 w_v=6.8446 gamma=1.000 (tau_u=5.446e-01 tau_v=1.461e-01 |Du|=1.38e+01 |DRu|=9.37e+00)
  [PT] w_u=1.9774 w_v=7.3331 gamma=1.000 (tau_u=5.057e-01 tau_v=1.364e-01 |Du|=1.15e+01 |DRu|=2.93e+01)
  [PT] w_u=2.0214 w_v=7.6018 gamma=1.000 (tau_u=4.947e-01 tau_v=1.315e-01 |Du|=6.48e+00 |DRu|=1.03e+01)
  [PT] w_u=2.2348 w_v=8.3979 gamma=1.000 (tau_u=4.475e-01 tau_v=1.191e-01 |Du|=3.62e+00 |DRu|=2.42e+01)
  [PT] w_u=2.4447 w_v=9.1654 gamma=1.000 (tau_u=4.090e-01 tau_v=1.091e-01 |Du|=3.33e+00 |DRu|=1.33e+01)
  [PT] w_u=2.5780 w_v=8.9462 gamma=1.000 (tau_u=3.879e-01 tau_v=1.118e-01 |Du|=6.07e+00 |DRu|=1.37e+01)
  [PT] w_u=2.7806 w_v=9.3467 gamma=1.000 (tau_u=3.596e-01 tau_v=1.070e-01 |Du|=8.82e+00 |DRu|=2.72e+01)
  [PT] w_u=2.7427 w_v=9.1556 gamma=1.000 (tau_u=3.646e-01 tau_v=1.092e-01 |Du|=6.02e+00 |DRu|=9.41e+00)
  [PT] w_u=2.9180 w_v=9.3974 gamma=1.000 (tau_u=3.427e-01 tau_v=1.064e-01 |Du|=5.79e+00 |DRu|=1.52e+01)
  [PT] w_u=3.0579 w_v=9.7835 gamma=1.000 (tau_u=3.270e-01 tau_v=1.022e-01 |Du|=8.25e+00 |DRu|=1.91e+01)
  [PT] w_u=3.1886 w_v=8.5228 gamma=1.000 (tau_u=3.136e-01 tau_v=1.173e-01 |Du|=7.75e+00 |DRu|=1.77e+01)
  [PT] w_u=2.6826 w_v=6.5061 gamma=1.000 (tau_u=3.728e-01 tau_v=1.537e-01 |Du|=1.02e+01 |DRu|=1.07e+01)
  [PT] w_u=2.9308 w_v=6.5599 gamma=1.000 (tau_u=3.412e-01 tau_v=1.524e-01 |Du|=6.56e+00 |DRu|=2.74e+01)
[Adam] ep= 1140  total=3.135e-01  PDE=5.150e-02 [colloc=4.211e-02, cfd=9.394e-03] (w=2.573)  IN=1.841e-02 (w=1.103)  TB=9.575e-03 (w=0.783)  WALL=5.577e-16 (w=0.200)  OUT=2.316e-03 (w=0.602)  DATA=2.778e-02 (w=5.464)  DATA_P=0.000e+00 (w=1.000)
  [PT] w_u=2.9325 w_v=6.5246 gamma=1.000 (tau_u=3.410e-01 tau_v=1.533e-01 |Du|=5.65e+00 |DRu|=9.70e+00)
  [PT] w_u=3.1653 w_v=7.1525 gamma=1.000 (tau_u=3.159e-01 tau_v=1.398e-01 |Du|=6.82e+00 |DRu|=2.27e+01)
  [PT] w_u=3.3000 w_v=7.0854 gamma=1.000 (tau_u=3.030e-01 tau_v=1.411e-01 |Du|=7.02e+00 |DRu|=1.62e+01)
  [PT] w_u=3.2527 w_v=6.5106 gamma=1.000 (tau_u=3.074e-01 tau_v=1.536e-01 |Du|=8.56e+00 |DRu|=1.45e+01)
  [PT] w_u=3.4831 w_v=6.6946 gamma=1.000 (tau_u=2.871e-01 tau_v=1.494e-01 |Du|=1.16e+01 |DRu|=3.61e+01)
  [PT] w_u=3.4428 w_v=6.4710 gamma=1.000 (tau_u=2.905e-01 tau_v=1.545e-01 |Du|=8.54e+00 |DRu|=1.51e+01)
  [PT] w_u=3.1757 w_v=6.4002 gamma=1.000 (tau_u=3.149e-01 tau_v=1.562e-01 |Du|=7.55e+00 |DRu|=1.03e+01)
  [PT] w_u=3.4157 w_v=6.9158 gamma=1.000 (tau_u=2.928e-01 tau_v=1.446e-01 |Du|=8.45e+00 |DRu|=2.76e+01)
  [PT] w_u=3.7039 w_v=7.2108 gamma=1.000 (tau_u=2.700e-01 tau_v=1.387e-01 |Du|=8.23e+00 |DRu|=3.23e+01)
  [PT] w_u=3.8775 w_v=6.9078 gamma=1.000 (tau_u=2.579e-01 tau_v=1.448e-01 |Du|=4.23e+00 |DRu|=1.09e+01)
  [PT] w_u=4.2338 w_v=7.1347 gamma=1.000 (tau_u=2.362e-01 tau_v=1.402e-01 |Du|=2.10e+00 |DRu|=1.04e+01)
  [PT] w_u=4.6378 w_v=7.7997 gamma=0.999 (tau_u=2.156e-01 tau_v=1.282e-01 |Du|=3.67e+00 |DRu|=2.10e+01)
  [PT] w_u=4.8419 w_v=8.3374 gamma=1.000 (tau_u=2.065e-01 tau_v=1.199e-01 |Du|=9.04e+00 |DRu|=2.56e+01)
  [PT] w_u=4.4271 w_v=8.7531 gamma=1.000 (tau_u=2.259e-01 tau_v=1.142e-01 |Du|=8.34e+00 |DRu|=1.32e+01)
  [PT] w_u=4.4971 w_v=9.3210 gamma=1.000 (tau_u=2.224e-01 tau_v=1.073e-01 |Du|=5.59e+00 |DRu|=1.28e+01)
  [PT] w_u=4.8979 w_v=9.7212 gamma=1.000 (tau_u=2.042e-01 tau_v=1.029e-01 |Du|=4.09e+00 |DRu|=2.03e+01)
  [PT] w_u=4.4006 w_v=9.1786 gamma=1.000 (tau_u=2.272e-01 tau_v=1.089e-01 |Du|=8.77e+00 |DRu|=1.33e+01)
  [PT] w_u=4.2652 w_v=9.0977 gamma=0.997 (tau_u=2.345e-01 tau_v=1.099e-01 |Du|=1.02e+01 |DRu|=1.86e+01)
  [PT] w_u=3.8217 w_v=8.3670 gamma=0.999 (tau_u=2.617e-01 tau_v=1.195e-01 |Du|=7.19e+00 |DRu|=1.01e+01)
  [PT] w_u=3.7654 w_v=8.8182 gamma=1.000 (tau_u=2.656e-01 tau_v=1.134e-01 |Du|=1.09e+01 |DRu|=1.99e+01)
[Adam] ep= 1160  total=2.811e-01  PDE=3.189e-02 [colloc=2.882e-02, cfd=3.067e-03] (w=2.670)  IN=2.484e-02 (w=1.105)  TB=1.436e-02 (w=0.826)  WALL=5.878e-16 (w=0.200)  OUT=5.705e-03 (w=0.432)  DATA=2.921e-02 (w=5.280)  DATA_P=0.000e+00 (w=1.000)
  [PT] w_u=3.7043 w_v=8.4905 gamma=1.000 (tau_u=2.700e-01 tau_v=1.178e-01 |Du|=4.73e+00 |DRu|=8.50e+00)
  [PT] w_u=3.8559 w_v=8.5004 gamma=1.000 (tau_u=2.593e-01 tau_v=1.176e-01 |Du|=6.51e+00 |DRu|=1.61e+01)
  [PT] w_u=3.4930 w_v=8.7664 gamma=1.000 (tau_u=2.863e-01 tau_v=1.141e-01 |Du|=1.33e+01 |DRu|=1.83e+01)
  [PT] w_u=3.4169 w_v=9.5053 gamma=1.000 (tau_u=2.927e-01 tau_v=1.052e-01 |Du|=5.17e+00 |DRu|=8.74e+00)
  [PT] w_u=3.5210 w_v=9.9517 gamma=0.999 (tau_u=2.840e-01 tau_v=1.005e-01 |Du|=5.69e+00 |DRu|=1.25e+01)
  [PT] w_u=3.4017 w_v=10.1554 gamma=1.000 (tau_u=2.940e-01 tau_v=9.847e-02 |Du|=1.05e+01 |DRu|=1.70e+01)
  [PT] w_u=3.6784 w_v=10.4845 gamma=1.000 (tau_u=2.719e-01 tau_v=9.538e-02 |Du|=4.23e+00 |DRu|=1.57e+01)
  [PT] w_u=3.3947 w_v=10.2963 gamma=1.000 (tau_u=2.946e-01 tau_v=9.712e-02 |Du|=5.49e+00 |DRu|=7.77e+00)
  [PT] w_u=3.3934 w_v=10.8082 gamma=0.997 (tau_u=2.947e-01 tau_v=9.252e-02 |Du|=9.01e+00 |DRu|=1.66e+01)
  [PT] w_u=3.0653 w_v=7.6864 gamma=1.000 (tau_u=3.262e-01 tau_v=1.301e-01 |Du|=7.72e+00 |DRu|=9.89e+00)
  [PT] w_u=2.9449 w_v=7.5563 gamma=1.000 (tau_u=3.396e-01 tau_v=1.323e-01 |Du|=9.37e+00 |DRu|=1.38e+01)
  [PT] w_u=3.0313 w_v=7.9616 gamma=1.000 (tau_u=3.299e-01 tau_v=1.256e-01 |Du|=3.43e+00 |DRu|=6.96e+00)
  [PT] w_u=3.1949 w_v=7.9798 gamma=0.999 (tau_u=3.130e-01 tau_v=1.253e-01 |Du|=5.18e+00 |DRu|=1.29e+01)
  [PT] w_u=2.9274 w_v=7.1837 gamma=0.997 (tau_u=3.416e-01 tau_v=1.392e-01 |Du|=6.53e+00 |DRu|=8.42e+00)
  [PT] w_u=2.8388 w_v=7.5990 gamma=0.997 (tau_u=3.523e-01 tau_v=1.316e-01 |Du|=6.39e+00 |DRu|=9.53e+00)
  [PT] w_u=2.6395 w_v=7.7498 gamma=1.000 (tau_u=3.789e-01 tau_v=1.290e-01 |Du|=1.08e+01 |DRu|=1.38e+01)
  [PT] w_u=2.4406 w_v=6.8688 gamma=1.000 (tau_u=4.097e-01 tau_v=1.456e-01 |Du|=7.08e+00 |DRu|=8.54e+00)
  [PT] w_u=2.3301 w_v=7.0858 gamma=0.998 (tau_u=4.292e-01 tau_v=1.411e-01 |Du|=1.09e+01 |DRu|=1.40e+01)
  [PT] w_u=2.3705 w_v=7.4365 gamma=0.998 (tau_u=4.218e-01 tau_v=1.345e-01 |Du|=2.52e+00 |DRu|=4.22e+00)
  [PT] w_u=2.3651 w_v=7.4199 gamma=1.000 (tau_u=4.228e-01 tau_v=1.348e-01 |Du|=8.25e+00 |DRu|=1.26e+01)
[Adam] ep= 1180  total=2.599e-01  PDE=2.775e-02 [colloc=2.489e-02, cfd=2.857e-03] (w=2.533)  IN=1.946e-02 (w=1.129)  TB=1.014e-02 (w=0.894)  WALL=5.061e-16 (w=0.200)  OUT=3.782e-03 (w=0.485)  DATA=2.888e-02 (w=5.426)  DATA_P=0.000e+00 (w=1.000)
  [PT] w_u=1.8897 w_v=5.6531 gamma=1.000 (tau_u=5.292e-01 tau_v=1.769e-01 |Du|=6.37e+00 |DRu|=5.22e+00)
  [PT] w_u=1.9667 w_v=6.0811 gamma=0.999 (tau_u=5.085e-01 tau_v=1.644e-01 |Du|=9.43e+00 |DRu|=1.66e+01)
  [PT] w_u=1.8494 w_v=5.8580 gamma=0.998 (tau_u=5.407e-01 tau_v=1.707e-01 |Du|=5.40e+00 |DRu|=5.91e+00)
  [PT] w_u=1.9376 w_v=6.0819 gamma=1.000 (tau_u=5.161e-01 tau_v=1.644e-01 |Du|=8.91e+00 |DRu|=1.64e+01)
  [PT] w_u=2.0187 w_v=6.4779 gamma=1.000 (tau_u=4.954e-01 tau_v=1.544e-01 |Du|=8.56e+00 |DRu|=1.54e+01)
  [PT] w_u=2.0649 w_v=6.8772 gamma=1.000 (tau_u=4.843e-01 tau_v=1.454e-01 |Du|=3.67e+00 |DRu|=5.93e+00)
  [PT] w_u=2.1548 w_v=7.3183 gamma=1.000 (tau_u=4.641e-01 tau_v=1.366e-01 |Du|=1.08e+01 |DRu|=2.04e+01)
  [PT] w_u=2.2018 w_v=7.0773 gamma=0.998 (tau_u=4.542e-01 tau_v=1.413e-01 |Du|=4.05e+00 |DRu|=6.71e+00)
  [PT] w_u=2.3025 w_v=7.3716 gamma=1.000 (tau_u=4.343e-01 tau_v=1.357e-01 |Du|=8.56e+00 |DRu|=1.69e+01)
  [PT] w_u=2.3156 w_v=7.8138 gamma=1.000 (tau_u=4.319e-01 tau_v=1.280e-01 |Du|=9.99e+00 |DRu|=1.56e+01)
  [PT] w_u=2.5209 w_v=8.4693 gamma=1.000 (tau_u=3.967e-01 tau_v=1.181e-01 |Du|=4.23e+00 |DRu|=1.50e+01)
  [PT] w_u=2.5158 w_v=8.6278 gamma=1.000 (tau_u=3.975e-01 tau_v=1.159e-01 |Du|=7.59e+00 |DRu|=1.19e+01)
  [PT] w_u=2.7345 w_v=8.8963 gamma=1.000 (tau_u=3.657e-01 tau_v=1.124e-01 |Du|=6.53e+00 |DRu|=2.31e+01)
  [PT] w_u=2.8252 w_v=7.2575 gamma=1.000 (tau_u=3.540e-01 tau_v=1.378e-01 |Du|=2.96e+00 |DRu|=5.94e+00)
  [PT] w_u=3.0397 w_v=7.7853 gamma=0.999 (tau_u=3.290e-01 tau_v=1.284e-01 |Du|=3.31e+00 |DRu|=1.03e+01)
  [PT] w_u=3.2919 w_v=8.3434 gamma=1.000 (tau_u=3.038e-01 tau_v=1.199e-01 |Du|=6.67e+00 |DRu|=2.40e+01)
  [PT] w_u=3.3516 w_v=8.8143 gamma=1.000 (tau_u=2.984e-01 tau_v=1.135e-01 |Du|=3.84e+00 |DRu|=7.69e+00)
  [PT] w_u=3.6604 w_v=9.5052 gamma=1.000 (tau_u=2.732e-01 tau_v=1.052e-01 |Du|=2.55e+00 |DRu|=1.18e+01)
  [PT] w_u=3.8633 w_v=10.1822 gamma=1.000 (tau_u=2.588e-01 tau_v=9.821e-02 |Du|=7.91e+00 |DRu|=2.20e+01)
  [PT] w_u=3.2435 w_v=9.9494 gamma=0.999 (tau_u=3.083e-01 tau_v=1.005e-01 |Du|=7.68e+00 |DRu|=8.85e+00)
[Adam] ep= 1200  total=2.425e-01  PDE=3.659e-02 [colloc=3.310e-02, cfd=3.490e-03] (w=2.727)  IN=1.523e-02 (w=1.086)  TB=5.485e-03 (w=0.747)  WALL=7.701e-16 (w=0.200)  OUT=1.280e-03 (w=0.424)  DATA=2.279e-02 (w=5.333)  DATA_P=0.000e+00 (w=1.000)
  [PT] w_u=3.4183 w_v=9.7356 gamma=0.992 (tau_u=2.925e-01 tau_v=1.027e-01 |Du|=4.99e+00 |DRu|=1.28e+01)
  [PT] w_u=3.4783 w_v=9.7930 gamma=0.998 (tau_u=2.875e-01 tau_v=1.021e-01 |Du|=8.29e+00 |DRu|=1.68e+01)
  [PT] w_u=3.2327 w_v=10.0603 gamma=1.000 (tau_u=3.093e-01 tau_v=9.940e-02 |Du|=9.95e+00 |DRu|=1.40e+01)
  [PT] w_u=3.5184 w_v=10.8209 gamma=1.000 (tau_u=2.842e-01 tau_v=9.241e-02 |Du|=3.38e+00 |DRu|=1.40e+01)
  [PT] w_u=3.3821 w_v=11.1974 gamma=1.000 (tau_u=2.957e-01 tau_v=8.931e-02 |Du|=7.63e+00 |DRu|=1.21e+01)
  [PT] w_u=3.4420 w_v=11.4002 gamma=0.996 (tau_u=2.905e-01 tau_v=8.772e-02 |Du|=9.06e+00 |DRu|=1.83e+01)
  [PT] w_u=3.6046 w_v=11.2448 gamma=0.998 (tau_u=2.774e-01 tau_v=8.893e-02 |Du|=2.08e+00 |DRu|=5.21e+00)
  [PT] w_u=3.4819 w_v=11.4134 gamma=0.998 (tau_u=2.872e-01 tau_v=8.762e-02 |Du|=6.69e+00 |DRu|=1.09e+01)
  [PT] w_u=3.5606 w_v=11.1336 gamma=1.000 (tau_u=2.809e-01 tau_v=8.982e-02 |Du|=9.89e+00 |DRu|=2.09e+01)
  [PT] w_u=3.0977 w_v=9.1935 gamma=1.000 (tau_u=3.228e-01 tau_v=1.088e-01 |Du|=5.10e+00 |DRu|=6.10e+00)
  [PT] w_u=3.2470 w_v=9.7456 gamma=1.000 (tau_u=3.080e-01 tau_v=1.026e-01 |Du|=5.20e+00 |DRu|=1.25e+01)
  [PT] w_u=3.2964 w_v=10.0867 gamma=1.000 (tau_u=3.034e-01 tau_v=9.914e-02 |Du|=1.02e+01 |DRu|=2.00e+01)
  [PT] w_u=3.2873 w_v=10.2794 gamma=0.997 (tau_u=3.042e-01 tau_v=9.728e-02 |Du|=6.71e+00 |DRu|=1.20e+01)
  [PT] w_u=3.5370 w_v=10.6410 gamma=0.998 (tau_u=2.827e-01 tau_v=9.398e-02 |Du|=3.59e+00 |DRu|=1.20e+01)
  [PT] w_u=3.4031 w_v=11.0219 gamma=1.000 (tau_u=2.939e-01 tau_v=9.073e-02 |Du|=1.11e+01 |DRu|=1.77e+01)
  [PT] w_u=3.6275 w_v=10.6521 gamma=1.000 (tau_u=2.757e-01 tau_v=9.388e-02 |Du|=3.52e+00 |DRu|=1.05e+01)
  [PT] w_u=3.5490 w_v=10.5274 gamma=1.000 (tau_u=2.818e-01 tau_v=9.499e-02 |Du|=7.79e+00 |DRu|=1.34e+01)
  [PT] w_u=3.5048 w_v=10.9775 gamma=0.997 (tau_u=2.853e-01 tau_v=9.110e-02 |Du|=9.61e+00 |DRu|=1.70e+01)
  [PT] w_u=3.4516 w_v=10.0764 gamma=0.998 (tau_u=2.897e-01 tau_v=9.924e-02 |Du|=4.57e+00 |DRu|=7.95e+00)
  [PT] w_u=3.3875 w_v=9.2448 gamma=0.997 (tau_u=2.952e-01 tau_v=1.082e-01 |Du|=6.72e+00 |DRu|=1.14e+01)
[Adam] ep= 1220  total=2.845e-01  PDE=2.738e-02 [colloc=2.521e-02, cfd=2.164e-03] (w=2.655)  IN=2.262e-02 (w=1.138)  TB=6.212e-03 (w=0.727)  WALL=1.444e-16 (w=0.200)  OUT=1.491e-03 (w=0.280)  DATA=3.231e-02 (w=5.608)  DATA_P=0.000e+00 (w=1.000)
  [PT] w_u=3.2579 w_v=9.2684 gamma=1.000 (tau_u=3.069e-01 tau_v=1.079e-01 |Du|=1.41e+01 |DRu|=2.19e+01)
  [PT] w_u=3.0840 w_v=9.5002 gamma=1.000 (tau_u=3.243e-01 tau_v=1.053e-01 |Du|=8.36e+00 |DRu|=1.21e+01)
  [PT] w_u=3.3445 w_v=9.8615 gamma=1.000 (tau_u=2.990e-01 tau_v=1.014e-01 |Du|=3.11e+00 |DRu|=1.16e+01)
  [PT] w_u=3.2564 w_v=9.8547 gamma=1.000 (tau_u=3.071e-01 tau_v=1.015e-01 |Du|=1.15e+01 |DRu|=1.87e+01)
  [PT] w_u=2.9627 w_v=9.6503 gamma=0.995 (tau_u=3.375e-01 tau_v=1.036e-01 |Du|=1.52e+01 |DRu|=1.94e+01)
  [PT] w_u=2.6466 w_v=8.3957 gamma=0.996 (tau_u=3.778e-01 tau_v=1.191e-01 |Du|=6.60e+00 |DRu|=7.66e+00)
  [PT] w_u=2.5150 w_v=8.4933 gamma=0.992 (tau_u=3.976e-01 tau_v=1.177e-01 |Du|=7.25e+00 |DRu|=9.52e+00)
  [PT] w_u=2.4469 w_v=8.8240 gamma=1.000 (tau_u=4.087e-01 tau_v=1.133e-01 |Du|=1.48e+01 |DRu|=2.07e+01)
  [PT] w_u=2.4897 w_v=8.7466 gamma=1.000 (tau_u=4.017e-01 tau_v=1.143e-01 |Du|=5.38e+00 |DRu|=9.24e+00)
  [PT] w_u=2.4925 w_v=8.8668 gamma=1.000 (tau_u=4.012e-01 tau_v=1.128e-01 |Du|=6.02e+00 |DRu|=9.56e+00)
  [PT] w_u=2.4332 w_v=9.2461 gamma=0.994 (tau_u=4.110e-01 tau_v=1.082e-01 |Du|=1.35e+01 |DRu|=1.91e+01)
  [PT] w_u=2.4551 w_v=8.7889 gamma=0.994 (tau_u=4.073e-01 tau_v=1.138e-01 |Du|=3.18e+00 |DRu|=5.17e+00)
  [PT] w_u=2.3005 w_v=8.7350 gamma=0.994 (tau_u=4.347e-01 tau_v=1.145e-01 |Du|=7.48e+00 |DRu|=9.03e+00)
  [PT] w_u=2.2674 w_v=9.1401 gamma=1.000 (tau_u=4.410e-01 tau_v=1.094e-01 |Du|=1.63e+01 |DRu|=2.31e+01)
  [PT] w_u=2.1990 w_v=9.4880 gamma=1.000 (tau_u=4.547e-01 tau_v=1.054e-01 |Du|=6.50e+00 |DRu|=8.55e+00)
  [PT] w_u=2.2542 w_v=10.0200 gamma=1.000 (tau_u=4.436e-01 tau_v=9.980e-02 |Du|=6.00e+00 |DRu|=1.02e+01)
  [PT] w_u=2.2310 w_v=10.4138 gamma=0.997 (tau_u=4.482e-01 tau_v=9.603e-02 |Du|=1.51e+01 |DRu|=2.16e+01)
  [PT] w_u=2.1823 w_v=10.4516 gamma=0.996 (tau_u=4.582e-01 tau_v=9.568e-02 |Du|=7.95e+00 |DRu|=1.07e+01)
  [PT] w_u=2.2863 w_v=10.0910 gamma=0.995 (tau_u=4.374e-01 tau_v=9.910e-02 |Du|=2.46e+00 |DRu|=4.91e+00)
  [PT] w_u=2.2926 w_v=10.2779 gamma=1.000 (tau_u=4.362e-01 tau_v=9.730e-02 |Du|=1.07e+01 |DRu|=1.65e+01)
[Adam] ep= 1240  total=2.471e-01  PDE=2.400e-02 [colloc=2.199e-02, cfd=2.016e-03] (w=2.717)  IN=1.770e-02 (w=1.088)  TB=7.226e-03 (w=0.731)  WALL=2.923e-16 (w=0.200)  OUT=4.949e-04 (w=0.263)  DATA=2.828e-02 (w=5.559)  DATA_P=0.000e+00 (w=1.000)
  [PT] w_u=2.4590 w_v=10.4820 gamma=1.000 (tau_u=4.067e-01 tau_v=9.540e-02 |Du|=2.80e+00 |DRu|=7.46e+00)
  [PT] w_u=2.4207 w_v=10.1356 gamma=0.998 (tau_u=4.131e-01 tau_v=9.866e-02 |Du|=7.50e+00 |DRu|=1.09e+01)
  [PT] w_u=2.3269 w_v=9.0090 gamma=0.993 (tau_u=4.298e-01 tau_v=1.110e-01 |Du|=6.92e+00 |DRu|=9.05e+00)
  [PT] w_u=2.2662 w_v=8.8454 gamma=0.996 (tau_u=4.413e-01 tau_v=1.131e-01 |Du|=5.73e+00 |DRu|=7.74e+00)
  [PT] w_u=2.2473 w_v=9.1885 gamma=1.000 (tau_u=4.450e-01 tau_v=1.088e-01 |Du|=1.01e+01 |DRu|=1.47e+01)
  [PT] w_u=2.2693 w_v=9.1967 gamma=1.000 (tau_u=4.407e-01 tau_v=1.087e-01 |Du|=4.06e+00 |DRu|=6.40e+00)
  [PT] w_u=2.3005 w_v=9.6225 gamma=1.000 (tau_u=4.347e-01 tau_v=1.039e-01 |Du|=8.17e+00 |DRu|=1.32e+01)
  [PT] w_u=2.2709 w_v=9.8673 gamma=0.994 (tau_u=4.404e-01 tau_v=1.013e-01 |Du|=1.03e+01 |DRu|=1.47e+01)
  [PT] w_u=2.3813 w_v=10.1222 gamma=0.994 (tau_u=4.199e-01 tau_v=9.879e-02 |Du|=1.51e+00 |DRu|=3.09e+00)
  [PT] w_u=2.3542 w_v=10.4199 gamma=1.000 (tau_u=4.248e-01 tau_v=9.597e-02 |Du|=1.08e+01 |DRu|=1.58e+01)
  [PT] w_u=2.5634 w_v=10.6800 gamma=1.000 (tau_u=3.901e-01 tau_v=9.363e-02 |Du|=3.88e+00 |DRu|=1.39e+01)
  [PT] w_u=2.6021 w_v=11.1974 gamma=1.000 (tau_u=3.843e-01 tau_v=8.931e-02 |Du|=2.29e+00 |DRu|=3.98e+00)
  [PT] w_u=2.7747 w_v=11.1526 gamma=0.998 (tau_u=3.604e-01 tau_v=8.966e-02 |Du|=6.46e+00 |DRu|=1.69e+01)
  [PT] w_u=2.4728 w_v=8.7683 gamma=0.996 (tau_u=4.044e-01 tau_v=1.140e-01 |Du|=4.42e+00 |DRu|=4.93e+00)
  [PT] w_u=2.6453 w_v=9.3754 gamma=0.998 (tau_u=3.780e-01 tau_v=1.067e-01 |Du|=4.60e+00 |DRu|=1.23e+01)
  [PT] w_u=2.7246 w_v=9.4676 gamma=1.000 (tau_u=3.670e-01 tau_v=1.056e-01 |Du|=5.41e+00 |DRu|=1.05e+01)
  [PT] w_u=2.5427 w_v=8.5214 gamma=0.998 (tau_u=3.933e-01 tau_v=1.174e-01 |Du|=5.61e+00 |DRu|=7.06e+00)
  [PT] w_u=2.6960 w_v=7.0761 gamma=0.997 (tau_u=3.709e-01 tau_v=1.413e-01 |Du|=2.42e+00 |DRu|=5.87e+00)
  [PT] w_u=2.8412 w_v=7.4796 gamma=1.000 (tau_u=3.520e-01 tau_v=1.337e-01 |Du|=6.43e+00 |DRu|=1.51e+01)
  [PT] w_u=3.0570 w_v=7.7226 gamma=1.000 (tau_u=3.271e-01 tau_v=1.295e-01 |Du|=2.63e+00 |DRu|=8.19e+00)
[Adam] ep= 1260  total=2.116e-01  PDE=4.256e-02 [colloc=3.931e-02, cfd=3.254e-03] (w=2.701)  IN=9.417e-03 (w=1.094)  TB=6.208e-03 (w=0.807)  WALL=9.979e-16 (w=0.200)  OUT=6.033e-04 (w=0.243)  DATA=1.492e-02 (w=5.441)  DATA_P=0.000e+00 (w=1.000)
  [PT] w_u=3.2553 w_v=7.9492 gamma=1.000 (tau_u=3.072e-01 tau_v=1.258e-01 |Du|=8.08e+00 |DRu|=2.26e+01)
  [PT] w_u=2.9563 w_v=7.8685 gamma=1.000 (tau_u=3.383e-01 tau_v=1.271e-01 |Du|=6.27e+00 |DRu|=7.98e+00)
  [PT] w_u=3.2309 w_v=8.4511 gamma=0.996 (tau_u=3.095e-01 tau_v=1.183e-01 |Du|=3.23e+00 |DRu|=1.43e+01)
  [PT] w_u=3.4539 w_v=8.9374 gamma=1.000 (tau_u=2.895e-01 tau_v=1.119e-01 |Du|=8.11e+00 |DRu|=2.45e+01)
  [PT] w_u=3.3980 w_v=9.3284 gamma=1.000 (tau_u=2.943e-01 tau_v=1.072e-01 |Du|=6.74e+00 |DRu|=1.16e+01)
  [PT] w_u=3.6410 w_v=9.9552 gamma=1.000 (tau_u=2.747e-01 tau_v=1.005e-01 |Du|=4.18e+00 |DRu|=1.33e+01)
  [PT] w_u=3.9401 w_v=10.6365 gamma=1.000 (tau_u=2.538e-01 tau_v=9.402e-02 |Du|=6.64e+00 |DRu|=2.58e+01)
  [PT] w_u=3.7568 w_v=10.9254 gamma=1.000 (tau_u=2.662e-01 tau_v=9.153e-02 |Du|=8.14e+00 |DRu|=1.32e+01)
  [PT] w_u=3.6533 w_v=11.1451 gamma=0.999 (tau_u=2.737e-01 tau_v=8.973e-02 |Du|=7.56e+00 |DRu|=1.29e+01)
  [PT] w_u=4.0085 w_v=11.5755 gamma=0.992 (tau_u=2.495e-01 tau_v=8.639e-02 |Du|=3.48e+00 |DRu|=1.97e+01)
  [PT] w_u=4.1119 w_v=12.0194 gamma=1.000 (tau_u=2.432e-01 tau_v=8.320e-02 |Du|=6.90e+00 |DRu|=1.60e+01)
  [PT] w_u=3.6728 w_v=12.1021 gamma=1.000 (tau_u=2.723e-01 tau_v=8.263e-02 |Du|=7.33e+00 |DRu|=1.00e+01)
  [PT] w_u=3.9448 w_v=12.5318 gamma=1.000 (tau_u=2.535e-01 tau_v=7.980e-02 |Du|=5.20e+00 |DRu|=1.79e+01)
  [PT] w_u=4.1869 w_v=13.0997 gamma=1.000 (tau_u=2.388e-01 tau_v=7.634e-02 |Du|=5.84e+00 |DRu|=1.79e+01)
  [PT] w_u=3.9152 w_v=12.5588 gamma=1.000 (tau_u=2.554e-01 tau_v=7.963e-02 |Du|=7.03e+00 |DRu|=1.10e+01)
  [PT] w_u=4.1008 w_v=12.2904 gamma=0.991 (tau_u=2.439e-01 tau_v=8.136e-02 |Du|=4.95e+00 |DRu|=1.32e+01)
  [PT] w_u=4.3570 w_v=12.5902 gamma=0.997 (tau_u=2.295e-01 tau_v=7.943e-02 |Du|=6.22e+00 |DRu|=1.96e+01)
  [PT] w_u=4.0825 w_v=12.3857 gamma=1.000 (tau_u=2.449e-01 tau_v=8.074e-02 |Du|=6.89e+00 |DRu|=1.11e+01)
  [PT] w_u=4.0551 w_v=10.5489 gamma=1.000 (tau_u=2.466e-01 tau_v=9.480e-02 |Du|=4.38e+00 |DRu|=8.56e+00)
  [PT] w_u=4.4142 w_v=10.4659 gamma=1.000 (tau_u=2.265e-01 tau_v=9.555e-02 |Du|=4.47e+00 |DRu|=2.08e+01)
[Adam] ep= 1280  total=2.290e-01  PDE=4.133e-02 [colloc=3.781e-02, cfd=3.521e-03] (w=2.740)  IN=8.994e-03 (w=1.068)  TB=6.323e-03 (w=0.743)  WALL=9.373e-16 (w=0.200)  OUT=6.471e-04 (w=0.240)  DATA=1.831e-02 (w=5.533)  DATA_P=0.000e+00 (w=1.000)
  [PT] w_u=4.2798 w_v=10.5426 gamma=1.000 (tau_u=2.337e-01 tau_v=9.485e-02 |Du|=4.76e+00 |DRu|=8.73e+00)
  [PT] w_u=4.3869 w_v=10.8492 gamma=0.995 (tau_u=2.279e-01 tau_v=9.217e-02 |Du|=4.00e+00 |DRu|=9.50e+00)
  [PT] w_u=4.7591 w_v=10.5690 gamma=0.998 (tau_u=2.101e-01 tau_v=9.462e-02 |Du|=3.97e+00 |DRu|=1.78e+01)
  [PT] w_u=4.2761 w_v=9.1857 gamma=1.000 (tau_u=2.339e-01 tau_v=1.089e-01 |Du|=4.81e+00 |DRu|=7.19e+00)
  [PT] w_u=4.4932 w_v=9.4696 gamma=1.000 (tau_u=2.226e-01 tau_v=1.056e-01 |Du|=4.21e+00 |DRu|=1.21e+01)
  [PT] w_u=4.7593 w_v=9.7637 gamma=1.000 (tau_u=2.101e-01 tau_v=1.024e-01 |Du|=6.31e+00 |DRu|=2.01e+01)
  [PT] w_u=4.2066 w_v=9.4867 gamma=1.000 (tau_u=2.377e-01 tau_v=1.054e-01 |Du|=4.40e+00 |DRu|=6.30e+00)
  [PT] w_u=4.5716 w_v=10.1348 gamma=0.995 (tau_u=2.187e-01 tau_v=9.867e-02 |Du|=2.76e+00 |DRu|=1.26e+01)
  [PT] w_u=4.7698 w_v=10.6796 gamma=1.000 (tau_u=2.097e-01 tau_v=9.364e-02 |Du|=7.83e+00 |DRu|=2.19e+01)
  [PT] w_u=4.5168 w_v=10.9436 gamma=1.000 (tau_u=2.214e-01 tau_v=9.138e-02 |Du|=6.14e+00 |DRu|=1.07e+01)
  [PT] w_u=4.8693 w_v=11.2081 gamma=1.000 (tau_u=2.054e-01 tau_v=8.922e-02 |Du|=2.82e+00 |DRu|=1.14e+01)
  [PT] w_u=5.1100 w_v=11.7812 gamma=1.000 (tau_u=1.957e-01 tau_v=8.488e-02 |Du|=7.03e+00 |DRu|=2.13e+01)
  [PT] w_u=4.6563 w_v=11.2922 gamma=1.000 (tau_u=2.148e-01 tau_v=8.856e-02 |Du|=8.05e+00 |DRu|=1.29e+01)
  [PT] w_u=4.4823 w_v=10.6980 gamma=0.997 (tau_u=2.231e-01 tau_v=9.348e-02 |Du|=5.82e+00 |DRu|=1.06e+01)
  [PT] w_u=4.8320 w_v=10.6246 gamma=0.993 (tau_u=2.070e-01 tau_v=9.412e-02 |Du|=3.95e+00 |DRu|=1.59e+01)
  [PT] w_u=4.5721 w_v=10.9704 gamma=1.000 (tau_u=2.187e-01 tau_v=9.115e-02 |Du|=9.79e+00 |DRu|=1.72e+01)
  [PT] w_u=3.8489 w_v=10.5686 gamma=1.000 (tau_u=2.598e-01 tau_v=9.462e-02 |Du|=7.60e+00 |DRu|=9.57e+00)
  [PT] w_u=4.1656 w_v=10.2452 gamma=1.000 (tau_u=2.401e-01 tau_v=9.761e-02 |Du|=3.86e+00 |DRu|=1.55e+01)
  [PT] w_u=4.2258 w_v=10.3698 gamma=1.000 (tau_u=2.366e-01 tau_v=9.643e-02 |Du|=8.41e+00 |DRu|=1.85e+01)
  [PT] w_u=3.8715 w_v=10.6882 gamma=0.998 (tau_u=2.583e-01 tau_v=9.356e-02 |Du|=8.33e+00 |DRu|=1.24e+01)
[Adam] ep= 1300  total=2.263e-01  PDE=3.651e-02 [colloc=3.295e-02, cfd=3.559e-03] (w=2.779)  IN=1.088e-02 (w=1.044)  TB=7.655e-03 (w=0.789)  WALL=7.234e-16 (w=0.200)  OUT=3.227e-04 (w=0.223)  DATA=1.997e-02 (w=5.374)  DATA_P=0.000e+00 (w=1.000)
  [PT] w_u=4.2051 w_v=10.7491 gamma=0.993 (tau_u=2.378e-01 tau_v=9.303e-02 |Du|=2.93e+00 |DRu|=1.26e+01)
  [PT] w_u=4.2319 w_v=10.4594 gamma=0.996 (tau_u=2.363e-01 tau_v=9.561e-02 |Du|=6.89e+00 |DRu|=1.46e+01)
  [PT] w_u=3.9108 w_v=10.3985 gamma=1.000 (tau_u=2.557e-01 tau_v=9.617e-02 |Du|=9.20e+00 |DRu|=1.40e+01)
  [PT] w_u=4.2298 w_v=10.8638 gamma=1.000 (tau_u=2.364e-01 tau_v=9.205e-02 |Du|=4.28e+00 |DRu|=1.71e+01)
  [PT] w_u=4.0502 w_v=11.0175 gamma=1.000 (tau_u=2.469e-01 tau_v=9.077e-02 |Du|=5.46e+00 |DRu|=9.34e+00)
  [PT] w_u=3.8468 w_v=11.5107 gamma=0.993 (tau_u=2.600e-01 tau_v=8.688e-02 |Du|=8.05e+00 |DRu|=1.31e+01)
  [PT] w_u=4.1718 w_v=11.6931 gamma=0.996 (tau_u=2.397e-01 tau_v=8.552e-02 |Du|=4.55e+00 |DRu|=1.89e+01)
  [PT] w_u=4.1820 w_v=7.9378 gamma=0.999 (tau_u=2.391e-01 tau_v=1.260e-01 |Du|=3.25e+00 |DRu|=6.72e+00)
  [PT] w_u=4.3840 w_v=7.6085 gamma=0.998 (tau_u=2.281e-01 tau_v=1.314e-01 |Du|=3.64e+00 |DRu|=1.01e+01)
  [PT] w_u=4.7562 w_v=8.1606 gamma=1.000 (tau_u=2.103e-01 tau_v=1.225e-01 |Du|=5.23e+00 |DRu|=2.35e+01)
  [PT] w_u=5.1504 w_v=8.4220 gamma=1.000 (tau_u=1.942e-01 tau_v=1.187e-01 |Du|=2.11e+00 |DRu|=9.49e+00)
  [PT] w_u=5.3682 w_v=8.0137 gamma=1.000 (tau_u=1.863e-01 tau_v=1.248e-01 |Du|=2.37e+00 |DRu|=6.97e+00)
  [PT] w_u=5.7287 w_v=8.2026 gamma=0.999 (tau_u=1.746e-01 tau_v=1.219e-01 |Du|=4.76e+00 |DRu|=1.81e+01)
  [PT] w_u=6.1792 w_v=8.7823 gamma=1.000 (tau_u=1.618e-01 tau_v=1.139e-01 |Du|=5.72e+00 |DRu|=2.63e+01)
  [PT] w_u=6.5445 w_v=8.6941 gamma=1.000 (tau_u=1.528e-01 tau_v=1.150e-01 |Du|=3.50e+00 |DRu|=1.31e+01)
  [PT] w_u=6.1311 w_v=8.4675 gamma=1.000 (tau_u=1.631e-01 tau_v=1.181e-01 |Du|=3.86e+00 |DRu|=7.63e+00)
  [PT] w_u=6.2307 w_v=8.6515 gamma=1.000 (tau_u=1.605e-01 tau_v=1.156e-01 |Du|=5.34e+00 |DRu|=1.44e+01)
  [PT] w_u=6.4820 w_v=9.1142 gamma=0.998 (tau_u=1.543e-01 tau_v=1.097e-01 |Du|=7.35e+00 |DRu|=2.34e+01)
  [PT] w_u=6.5959 w_v=9.6398 gamma=1.000 (tau_u=1.516e-01 tau_v=1.037e-01 |Du|=9.18e+00 |DRu|=2.57e+01)
  [PT] w_u=6.6593 w_v=9.2956 gamma=1.000 (tau_u=1.502e-01 tau_v=1.076e-01 |Du|=5.45e+00 |DRu|=1.47e+01)
[Adam] ep= 1320  total=3.348e-01  PDE=6.355e-02 [colloc=5.677e-02, cfd=6.780e-03] (w=2.838)  IN=1.344e-02 (w=1.019)  TB=8.040e-03 (w=0.754)  WALL=1.125e-15 (w=0.200)  OUT=1.188e-03 (w=0.217)  DATA=2.528e-02 (w=5.316)  DATA_P=0.000e+00 (w=1.000)
  [PT] w_u=6.5436 w_v=8.5570 gamma=1.000 (tau_u=1.528e-01 tau_v=1.169e-01 |Du|=4.21e+00 |DRu|=1.00e+01)
  [PT] w_u=6.4359 w_v=8.6277 gamma=1.000 (tau_u=1.554e-01 tau_v=1.159e-01 |Du|=6.85e+00 |DRu|=1.62e+01)
  [PT] w_u=6.2403 w_v=8.9670 gamma=1.000 (tau_u=1.602e-01 tau_v=1.115e-01 |Du|=8.91e+00 |DRu|=1.97e+01)
  [PT] w_u=6.0758 w_v=9.4309 gamma=0.998 (tau_u=1.646e-01 tau_v=1.060e-01 |Du|=8.01e+00 |DRu|=1.77e+01)
  [PT] w_u=5.9319 w_v=9.4985 gamma=0.999 (tau_u=1.686e-01 tau_v=1.053e-01 |Du|=6.00e+00 |DRu|=1.33e+01)
  [PT] w_u=5.3091 w_v=8.7815 gamma=0.998 (tau_u=1.884e-01 tau_v=1.139e-01 |Du|=4.78e+00 |DRu|=7.90e+00)
  [PT] w_u=4.7986 w_v=8.0435 gamma=0.994 (tau_u=2.084e-01 tau_v=1.243e-01 |Du|=6.85e+00 |DRu|=1.10e+01)
  [PT] w_u=4.2714 w_v=7.9354 gamma=1.000 (tau_u=2.341e-01 tau_v=1.260e-01 |Du|=1.18e+01 |DRu|=1.73e+01)
  [PT] w_u=3.2220 w_v=8.2394 gamma=1.000 (tau_u=3.104e-01 tau_v=1.214e-01 |Du|=1.01e+01 |DRu|=1.01e+01)
  [PT] w_u=3.3782 w_v=7.9973 gamma=1.000 (tau_u=2.960e-01 tau_v=1.250e-01 |Du|=4.42e+00 |DRu|=1.08e+01)
  [PT] w_u=3.2019 w_v=7.9369 gamma=0.998 (tau_u=3.123e-01 tau_v=1.260e-01 |Du|=9.70e+00 |DRu|=1.43e+01)
  [PT] w_u=3.1567 w_v=7.7527 gamma=0.994 (tau_u=3.168e-01 tau_v=1.290e-01 |Du|=9.62e+00 |DRu|=1.61e+01)
  [PT] w_u=3.3458 w_v=7.9540 gamma=0.999 (tau_u=2.989e-01 tau_v=1.257e-01 |Du|=3.36e+00 |DRu|=9.04e+00)
  [PT] w_u=3.5208 w_v=8.1621 gamma=1.000 (tau_u=2.840e-01 tau_v=1.225e-01 |Du|=4.19e+00 |DRu|=1.08e+01)
  [PT] w_u=3.6180 w_v=6.5275 gamma=1.000 (tau_u=2.764e-01 tau_v=1.532e-01 |Du|=3.95e+00 |DRu|=8.68e+00)
  [PT] w_u=3.7552 w_v=6.3420 gamma=1.000 (tau_u=2.663e-01 tau_v=1.577e-01 |Du|=4.26e+00 |DRu|=1.02e+01)
  [PT] w_u=3.9988 w_v=6.8704 gamma=0.999 (tau_u=2.501e-01 tau_v=1.456e-01 |Du|=3.99e+00 |DRu|=1.24e+01)
  [PT] w_u=3.6964 w_v=6.6291 gamma=0.999 (tau_u=2.705e-01 tau_v=1.509e-01 |Du|=4.98e+00 |DRu|=7.38e+00)
  [PT] w_u=3.8719 w_v=7.0501 gamma=1.000 (tau_u=2.583e-01 tau_v=1.418e-01 |Du|=9.58e+00 |DRu|=2.49e+01)
  [PT] w_u=4.0602 w_v=7.5938 gamma=1.000 (tau_u=2.463e-01 tau_v=1.317e-01 |Du|=3.77e+00 |DRu|=1.01e+01)
[Adam] ep= 1340  total=2.529e-01  PDE=5.652e-02 [colloc=5.246e-02, cfd=4.063e-03] (w=2.681)  IN=7.677e-03 (w=1.080)  TB=6.762e-03 (w=0.826)  WALL=1.242e-15 (w=0.200)  OUT=1.401e-03 (w=0.271)  DATA=1.588e-02 (w=5.486)  DATA_P=0.000e+00 (w=1.000)
  [PT] w_u=4.2908 w_v=8.0533 gamma=1.000 (tau_u=2.331e-01 tau_v=1.242e-01 |Du|=3.06e+00 |DRu|=9.08e+00)
  [PT] w_u=4.4936 w_v=8.4978 gamma=1.000 (tau_u=2.225e-01 tau_v=1.177e-01 |Du|=8.08e+00 |DRu|=2.26e+01)
  [PT] w_u=4.7320 w_v=8.8887 gamma=1.000 (tau_u=2.113e-01 tau_v=1.125e-01 |Du|=5.10e+00 |DRu|=1.53e+01)
  [PT] w_u=4.8922 w_v=9.1287 gamma=1.000 (tau_u=2.044e-01 tau_v=1.095e-01 |Du|=2.41e+00 |DRu|=6.40e+00)
  [PT] w_u=5.2919 w_v=9.4373 gamma=0.997 (tau_u=1.890e-01 tau_v=1.060e-01 |Du|=3.08e+00 |DRu|=1.37e+01)
  [PT] w_u=5.8240 w_v=9.5783 gamma=1.000 (tau_u=1.717e-01 tau_v=1.044e-01 |Du|=3.09e+00 |DRu|=2.42e+01)
  [PT] w_u=6.2363 w_v=9.0340 gamma=1.000 (tau_u=1.604e-01 tau_v=1.107e-01 |Du|=2.81e+00 |DRu|=1.16e+01)
  [PT] w_u=4.7925 w_v=8.0454 gamma=1.000 (tau_u=2.087e-01 tau_v=1.243e-01 |Du|=4.83e+00 |DRu|=6.02e+00)
  [PT] w_u=4.9447 w_v=8.3675 gamma=1.000 (tau_u=2.022e-01 tau_v=1.195e-01 |Du|=6.06e+00 |DRu|=1.60e+01)
  [PT] w_u=5.3491 w_v=8.9605 gamma=1.000 (tau_u=1.869e-01 tau_v=1.116e-01 |Du|=6.58e+00 |DRu|=2.96e+01)
  [PT] w_u=5.8604 w_v=9.4976 gamma=1.000 (tau_u=1.706e-01 tau_v=1.053e-01 |Du|=3.02e+00 |DRu|=1.95e+01)
  [PT] w_u=6.0159 w_v=9.7770 gamma=1.000 (tau_u=1.662e-01 tau_v=1.023e-01 |Du|=3.86e+00 |DRu|=1.08e+01)
  [PT] w_u=5.7979 w_v=10.1670 gamma=1.000 (tau_u=1.725e-01 tau_v=9.836e-02 |Du|=6.58e+00 |DRu|=1.37e+01)
  [PT] w_u=5.8665 w_v=10.5972 gamma=1.000 (tau_u=1.705e-01 tau_v=9.436e-02 |Du|=7.16e+00 |DRu|=1.83e+01)
  [PT] w_u=6.1936 w_v=10.9998 gamma=0.997 (tau_u=1.615e-01 tau_v=9.091e-02 |Du|=6.03e+00 |DRu|=2.12e+01)
  [PT] w_u=6.3623 w_v=11.3660 gamma=1.000 (tau_u=1.572e-01 tau_v=8.798e-02 |Du|=8.29e+00 |DRu|=2.41e+01)
  [PT] w_u=6.4096 w_v=11.7550 gamma=1.000 (tau_u=1.560e-01 tau_v=8.507e-02 |Du|=6.78e+00 |DRu|=1.78e+01)
  [PT] w_u=6.4143 w_v=11.8794 gamma=1.000 (tau_u=1.559e-01 tau_v=8.418e-02 |Du|=3.67e+00 |DRu|=9.33e+00)
  [PT] w_u=6.6875 w_v=11.7174 gamma=1.000 (tau_u=1.495e-01 tau_v=8.534e-02 |Du|=4.26e+00 |DRu|=1.40e+01)
  [PT] w_u=6.9976 w_v=11.2974 gamma=1.000 (tau_u=1.429e-01 tau_v=8.852e-02 |Du|=5.82e+00 |DRu|=2.02e+01)
[Adam] ep= 1360  total=4.598e-01  PDE=9.577e-02 [colloc=7.917e-02, cfd=1.659e-02] (w=2.832)  IN=1.749e-02 (w=1.001)  TB=8.741e-03 (w=0.704)  WALL=1.588e-15 (w=0.200)  OUT=1.502e-02 (w=0.570)  DATA=3.079e-02 (w=5.080)  DATA_P=0.000e+00 (w=1.000)
  [PT] w_u=7.4580 w_v=10.9854 gamma=1.000 (tau_u=1.341e-01 tau_v=9.103e-02 |Du|=4.82e+00 |DRu|=2.06e+01)
  [PT] w_u=7.9805 w_v=10.9197 gamma=1.000 (tau_u=1.253e-01 tau_v=9.158e-02 |Du|=3.86e+00 |DRu|=1.80e+01)
  [PT] w_u=8.5044 w_v=10.9639 gamma=1.000 (tau_u=1.176e-01 tau_v=9.121e-02 |Du|=3.00e+00 |DRu|=1.37e+01)
  [PT] w_u=8.7473 w_v=11.0810 gamma=1.000 (tau_u=1.143e-01 tau_v=9.024e-02 |Du|=3.90e+00 |DRu|=1.34e+01)
  [PT] w_u=8.6714 w_v=11.1112 gamma=1.000 (tau_u=1.153e-01 tau_v=9.000e-02 |Du|=5.58e+00 |DRu|=1.58e+01)
  [PT] w_u=8.5653 w_v=10.8556 gamma=1.000 (tau_u=1.168e-01 tau_v=9.212e-02 |Du|=5.88e+00 |DRu|=1.63e+01)
  [PT] w_u=8.7648 w_v=10.7499 gamma=1.000 (tau_u=1.141e-01 tau_v=9.302e-02 |Du|=5.11e+00 |DRu|=1.70e+01)
  [PT] w_u=9.2459 w_v=10.7006 gamma=1.000 (tau_u=1.082e-01 tau_v=9.345e-02 |Du|=3.82e+00 |DRu|=1.63e+01)
  [PT] w_u=9.4951 w_v=10.4490 gamma=1.000 (tau_u=1.053e-01 tau_v=9.570e-02 |Du|=3.39e+00 |DRu|=1.20e+01)
  [PT] w_u=7.6022 w_v=9.6861 gamma=1.000 (tau_u=1.315e-01 tau_v=1.032e-01 |Du|=5.86e+00 |DRu|=9.67e+00)
  [PT] w_u=6.0059 w_v=8.3637 gamma=1.000 (tau_u=1.665e-01 tau_v=1.196e-01 |Du|=7.40e+00 |DRu|=1.07e+01)
  [PT] w_u=5.5575 w_v=8.7080 gamma=0.995 (tau_u=1.799e-01 tau_v=1.148e-01 |Du|=8.48e+00 |DRu|=1.54e+01)
  [PT] w_u=5.2806 w_v=9.1403 gamma=1.000 (tau_u=1.894e-01 tau_v=1.094e-01 |Du|=1.02e+01 |DRu|=1.95e+01)
  [PT] w_u=4.9548 w_v=9.3176 gamma=1.000 (tau_u=2.018e-01 tau_v=1.073e-01 |Du|=7.81e+00 |DRu|=1.39e+01)
  [PT] w_u=5.1160 w_v=8.9177 gamma=1.000 (tau_u=1.955e-01 tau_v=1.121e-01 |Du|=3.59e+00 |DRu|=9.66e+00)
  [PT] w_u=5.1142 w_v=8.7132 gamma=1.000 (tau_u=1.955e-01 tau_v=1.148e-01 |Du|=7.06e+00 |DRu|=1.59e+01)
  [PT] w_u=4.7819 w_v=8.5571 gamma=0.999 (tau_u=2.091e-01 tau_v=1.169e-01 |Du|=1.04e+01 |DRu|=1.80e+01)
  [PT] w_u=4.4134 w_v=7.9878 gamma=0.999 (tau_u=2.266e-01 tau_v=1.252e-01 |Du|=7.81e+00 |DRu|=1.26e+01)
  [PT] w_u=4.5244 w_v=7.4223 gamma=0.999 (tau_u=2.210e-01 tau_v=1.347e-01 |Du|=4.66e+00 |DRu|=1.13e+01)
  [PT] w_u=4.4537 w_v=7.8133 gamma=1.000 (tau_u=2.245e-01 tau_v=1.280e-01 |Du|=9.56e+00 |DRu|=1.89e+01)
[Adam] ep= 1380  total=3.234e-01  PDE=3.315e-02 [colloc=2.925e-02, cfd=3.894e-03] (w=2.483)  IN=2.467e-02 (w=1.148)  TB=1.170e-02 (w=0.878)  WALL=6.053e-16 (w=0.200)  OUT=2.942e-04 (w=0.471)  DATA=3.623e-02 (w=5.586)  DATA_P=0.000e+00 (w=1.000)
  [PT] w_u=4.2016 w_v=8.2167 gamma=1.000 (tau_u=2.380e-01 tau_v=1.217e-01 |Du|=7.94e+00 |DRu|=1.32e+01)
  [PT] w_u=4.2303 w_v=7.7797 gamma=1.000 (tau_u=2.364e-01 tau_v=1.285e-01 |Du|=4.79e+00 |DRu|=1.02e+01)
  [PT] w_u=4.4990 w_v=7.6075 gamma=1.000 (tau_u=2.223e-01 tau_v=1.314e-01 |Du|=5.53e+00 |DRu|=1.79e+01)
  [PT] w_u=4.3492 w_v=7.6398 gamma=1.000 (tau_u=2.299e-01 tau_v=1.309e-01 |Du|=1.13e+01 |DRu|=2.06e+01)
  [PT] w_u=3.7772 w_v=7.8579 gamma=1.000 (tau_u=2.647e-01 tau_v=1.273e-01 |Du|=8.06e+00 |DRu|=1.06e+01)
  [PT] w_u=3.9637 w_v=8.2152 gamma=0.999 (tau_u=2.523e-01 tau_v=1.217e-01 |Du|=3.11e+00 |DRu|=8.31e+00)
  [PT] w_u=4.0688 w_v=8.1423 gamma=0.994 (tau_u=2.458e-01 tau_v=1.228e-01 |Du|=5.13e+00 |DRu|=1.18e+01)
  [PT] w_u=3.7660 w_v=7.9785 gamma=1.000 (tau_u=2.655e-01 tau_v=1.253e-01 |Du|=1.07e+01 |DRu|=1.61e+01)
  [PT] w_u=3.9054 w_v=7.5506 gamma=1.000 (tau_u=2.561e-01 tau_v=1.324e-01 |Du|=6.54e+00 |DRu|=1.58e+01)
  [PT] w_u=3.9661 w_v=7.1653 gamma=1.000 (tau_u=2.521e-01 tau_v=1.396e-01 |Du|=4.50e+00 |DRu|=9.66e+00)
  [PT] w_u=3.4656 w_v=7.5923 gamma=0.999 (tau_u=2.885e-01 tau_v=1.317e-01 |Du|=8.16e+00 |DRu|=1.04e+01)
  [PT] w_u=3.4638 w_v=7.4502 gamma=0.991 (tau_u=2.887e-01 tau_v=1.342e-01 |Du|=6.93e+00 |DRu|=1.28e+01)
  [PT] w_u=3.1904 w_v=6.8926 gamma=0.997 (tau_u=3.134e-01 tau_v=1.451e-01 |Du|=7.79e+00 |DRu|=1.06e+01)
  [PT] w_u=2.8254 w_v=6.8087 gamma=1.000 (tau_u=3.539e-01 tau_v=1.469e-01 |Du|=8.44e+00 |DRu|=9.96e+00)
  [PT] w_u=3.0285 w_v=7.2272 gamma=1.000 (tau_u=3.302e-01 tau_v=1.384e-01 |Du|=3.94e+00 |DRu|=1.15e+01)
  [PT] w_u=3.0346 w_v=7.5215 gamma=0.998 (tau_u=3.295e-01 tau_v=1.330e-01 |Du|=6.17e+00 |DRu|=1.08e+01)
  [PT] w_u=3.3126 w_v=7.6748 gamma=0.998 (tau_u=3.019e-01 tau_v=1.303e-01 |Du|=2.40e+00 |DRu|=1.04e+01)
  [PT] w_u=3.1917 w_v=7.8301 gamma=1.000 (tau_u=3.133e-01 tau_v=1.277e-01 |Du|=5.55e+00 |DRu|=8.61e+00)
  [PT] w_u=3.4345 w_v=7.5207 gamma=1.000 (tau_u=2.912e-01 tau_v=1.330e-01 |Du|=2.98e+00 |DRu|=9.83e+00)
  [PT] w_u=3.0244 w_v=8.0068 gamma=0.998 (tau_u=3.306e-01 tau_v=1.249e-01 |Du|=8.04e+00 |DRu|=9.70e+00)
[Adam] ep= 1400  total=2.035e-01  PDE=3.906e-02 [colloc=3.614e-02, cfd=2.921e-03] (w=2.528)  IN=9.167e-03 (w=1.102)  TB=1.163e-02 (w=0.940)  WALL=8.943e-16 (w=0.200)  OUT=2.506e-03 (w=0.561)  DATA=1.557e-02 (w=5.287)  DATA_P=0.000e+00 (w=1.000)
  [PT] w_u=2.0280 w_v=4.8063 gamma=0.994 (tau_u=4.931e-01 tau_v=2.081e-01 |Du|=8.21e+00 |DRu|=5.85e+00)
  [PT] w_u=1.8550 w_v=4.4629 gamma=0.998 (tau_u=5.391e-01 tau_v=2.241e-01 |Du|=7.23e+00 |DRu|=7.40e+00)
  [PT] w_u=1.9337 w_v=4.7963 gamma=1.000 (tau_u=5.171e-01 tau_v=2.085e-01 |Du|=6.32e+00 |DRu|=1.12e+01)
  [PT] w_u=2.0872 w_v=5.1300 gamma=1.000 (tau_u=4.791e-01 tau_v=1.949e-01 |Du|=1.91e+00 |DRu|=5.17e+00)
  [PT] w_u=2.2052 w_v=5.5297 gamma=0.998 (tau_u=4.535e-01 tau_v=1.808e-01 |Du|=5.21e+00 |DRu|=1.10e+01)
  [PT] w_u=2.3510 w_v=5.5152 gamma=0.997 (tau_u=4.254e-01 tau_v=1.813e-01 |Du|=4.30e+00 |DRu|=1.03e+01)
  [PT] w_u=2.3859 w_v=5.6297 gamma=1.000 (tau_u=4.191e-01 tau_v=1.776e-01 |Du|=7.01e+00 |DRu|=1.16e+01)
  [PT] w_u=2.2254 w_v=4.1869 gamma=1.000 (tau_u=4.493e-01 tau_v=2.388e-01 |Du|=4.59e+00 |DRu|=5.40e+00)
  [PT] w_u=2.3234 w_v=4.5280 gamma=0.999 (tau_u=4.304e-01 tau_v=2.208e-01 |Du|=7.36e+00 |DRu|=1.44e+01)
  [PT] w_u=2.3873 w_v=4.5656 gamma=0.997 (tau_u=4.189e-01 tau_v=2.190e-01 |Du|=3.66e+00 |DRu|=6.52e+00)
  [PT] w_u=2.4396 w_v=4.5646 gamma=1.000 (tau_u=4.099e-01 tau_v=2.191e-01 |Du|=7.70e+00 |DRu|=1.34e+01)
  [PT] w_u=2.4841 w_v=4.5173 gamma=1.000 (tau_u=4.026e-01 tau_v=2.214e-01 |Du|=8.07e+00 |DRu|=1.39e+01)
  [PT] w_u=2.6120 w_v=4.6009 gamma=1.000 (tau_u=3.829e-01 tau_v=2.173e-01 |Du|=5.31e+00 |DRu|=1.17e+01)
  [PT] w_u=2.7010 w_v=4.9710 gamma=0.997 (tau_u=3.702e-01 tau_v=2.012e-01 |Du|=6.72e+00 |DRu|=1.32e+01)
  [PT] w_u=2.9568 w_v=5.1624 gamma=0.998 (tau_u=3.382e-01 tau_v=1.937e-01 |Du|=2.54e+00 |DRu|=1.14e+01)
  [PT] w_u=2.8984 w_v=5.3413 gamma=0.999 (tau_u=3.450e-01 tau_v=1.872e-01 |Du|=6.26e+00 |DRu|=9.82e+00)
  [PT] w_u=3.1925 w_v=5.8145 gamma=1.000 (tau_u=3.132e-01 tau_v=1.720e-01 |Du|=3.45e+00 |DRu|=2.09e+01)
  [PT] w_u=3.4461 w_v=6.3914 gamma=1.000 (tau_u=2.902e-01 tau_v=1.565e-01 |Du|=2.01e+00 |DRu|=6.98e+00)
  [PT] w_u=3.4839 w_v=6.7107 gamma=1.000 (tau_u=2.870e-01 tau_v=1.490e-01 |Du|=4.60e+00 |DRu|=9.04e+00)
  [PT] w_u=3.7283 w_v=7.1309 gamma=0.997 (tau_u=2.682e-01 tau_v=1.402e-01 |Du|=6.13e+00 |DRu|=1.95e+01)
[Adam] ep= 1420  total=2.085e-01  PDE=3.995e-02 [colloc=3.472e-02, cfd=5.234e-03] (w=2.820)  IN=8.203e-03 (w=0.982)  TB=3.641e-03 (w=0.766)  WALL=7.457e-16 (w=0.200)  OUT=4.362e-03 (w=0.434)  DATA=1.581e-02 (w=5.255)  DATA_P=0.000e+00 (w=1.000)
  [PT] w_u=3.9408 w_v=7.2990 gamma=0.999 (tau_u=2.538e-01 tau_v=1.370e-01 |Du|=3.01e+00 |DRu|=8.56e+00)
  [PT] w_u=4.0523 w_v=7.0136 gamma=0.995 (tau_u=2.468e-01 tau_v=1.426e-01 |Du|=2.34e+00 |DRu|=5.44e+00)
  [PT] w_u=4.3463 w_v=7.3802 gamma=0.994 (tau_u=2.301e-01 tau_v=1.355e-01 |Du|=3.94e+00 |DRu|=1.39e+01)
  [PT] w_u=3.7873 w_v=7.0972 gamma=0.999 (tau_u=2.640e-01 tau_v=1.409e-01 |Du|=5.26e+00 |DRu|=6.97e+00)
  [PT] w_u=3.7994 w_v=6.8786 gamma=0.998 (tau_u=2.632e-01 tau_v=1.454e-01 |Du|=3.94e+00 |DRu|=7.80e+00)
  [PT] w_u=3.9510 w_v=7.3341 gamma=0.997 (tau_u=2.531e-01 tau_v=1.363e-01 |Du|=5.18e+00 |DRu|=1.29e+01)
  [PT] w_u=3.9523 w_v=7.7521 gamma=0.998 (tau_u=2.530e-01 tau_v=1.290e-01 |Du|=1.32e+00 |DRu|=2.62e+00)
  [PT] w_u=3.6352 w_v=7.8997 gamma=0.999 (tau_u=2.751e-01 tau_v=1.266e-01 |Du|=6.04e+00 |DRu|=8.77e+00)
  [PT] w_u=3.6535 w_v=8.1756 gamma=1.000 (tau_u=2.737e-01 tau_v=1.223e-01 |Du|=7.61e+00 |DRu|=1.49e+01)
  [PT] w_u=3.7722 w_v=8.2909 gamma=1.000 (tau_u=2.651e-01 tau_v=1.206e-01 |Du|=1.98e+00 |DRu|=4.56e+00)
  [PT] w_u=3.4457 w_v=8.6769 gamma=1.000 (tau_u=2.902e-01 tau_v=1.152e-01 |Du|=7.07e+00 |DRu|=9.84e+00)
  [PT] w_u=3.0716 w_v=8.4194 gamma=0.997 (tau_u=3.256e-01 tau_v=1.188e-01 |Du|=8.04e+00 |DRu|=1.00e+01)
  [PT] w_u=3.0172 w_v=7.8013 gamma=0.999 (tau_u=3.314e-01 tau_v=1.282e-01 |Du|=6.57e+00 |DRu|=1.06e+01)
  [PT] w_u=2.9732 w_v=7.1679 gamma=1.000 (tau_u=3.363e-01 tau_v=1.395e-01 |Du|=4.19e+00 |DRu|=6.79e+00)
  [PT] w_u=3.0562 w_v=7.5226 gamma=1.000 (tau_u=3.272e-01 tau_v=1.329e-01 |Du|=4.01e+00 |DRu|=8.09e+00)
  [PT] w_u=2.7121 w_v=6.4131 gamma=0.996 (tau_u=3.687e-01 tau_v=1.559e-01 |Du|=7.92e+00 |DRu|=9.18e+00)
  [PT] w_u=2.4071 w_v=4.9943 gamma=0.998 (tau_u=4.154e-01 tau_v=2.002e-01 |Du|=6.34e+00 |DRu|=6.93e+00)
  [PT] w_u=2.5415 w_v=5.3656 gamma=1.000 (tau_u=3.935e-01 tau_v=1.864e-01 |Du|=3.81e+00 |DRu|=8.62e+00)
  [PT] w_u=2.4488 w_v=5.6042 gamma=0.996 (tau_u=4.084e-01 tau_v=1.784e-01 |Du|=5.08e+00 |DRu|=6.88e+00)
  [PT] w_u=2.6117 w_v=5.8543 gamma=0.993 (tau_u=3.829e-01 tau_v=1.708e-01 |Du|=2.34e+00 |DRu|=5.94e+00)
[Adam] ep= 1440  total=1.947e-01  PDE=2.525e-02 [colloc=2.275e-02, cfd=2.501e-03] (w=2.736)  IN=1.157e-02 (w=1.019)  TB=4.257e-03 (w=0.727)  WALL=5.867e-16 (w=0.200)  OUT=2.453e-03 (w=0.481)  DATA=2.000e-02 (w=5.476)  DATA_P=0.000e+00 (w=1.000)
  [PT] w_u=2.5642 w_v=5.8791 gamma=1.000 (tau_u=3.900e-01 tau_v=1.701e-01 |Du|=9.57e+00 |DRu|=1.42e+01)
  [PT] w_u=2.0233 w_v=5.1007 gamma=1.000 (tau_u=4.942e-01 tau_v=1.961e-01 |Du|=3.57e+00 |DRu|=2.98e+00)
  [PT] w_u=2.0483 w_v=5.4453 gamma=0.998 (tau_u=4.882e-01 tau_v=1.836e-01 |Du|=7.29e+00 |DRu|=1.10e+01)
  [PT] w_u=2.1227 w_v=5.0294 gamma=0.994 (tau_u=4.711e-01 tau_v=1.988e-01 |Du|=4.63e+00 |DRu|=8.20e+00)
  [PT] w_u=2.0160 w_v=5.0326 gamma=1.000 (tau_u=4.960e-01 tau_v=1.987e-01 |Du|=6.83e+00 |DRu|=8.05e+00)
  [PT] w_u=2.1129 w_v=5.2935 gamma=0.999 (tau_u=4.733e-01 tau_v=1.889e-01 |Du|=3.43e+00 |DRu|=6.60e+00)
  [PT] w_u=2.2133 w_v=5.3214 gamma=0.997 (tau_u=4.518e-01 tau_v=1.879e-01 |Du|=6.78e+00 |DRu|=1.33e+01)
  [PT] w_u=2.3712 w_v=5.3964 gamma=0.999 (tau_u=4.217e-01 tau_v=1.853e-01 |Du|=2.63e+00 |DRu|=6.77e+00)
  [PT] w_u=2.4628 w_v=5.6394 gamma=1.000 (tau_u=4.060e-01 tau_v=1.773e-01 |Du|=5.95e+00 |DRu|=1.16e+01)
  [PT] w_u=2.6145 w_v=5.6173 gamma=1.000 (tau_u=3.825e-01 tau_v=1.780e-01 |Du|=3.76e+00 |DRu|=9.12e+00)
  [PT] w_u=2.5293 w_v=5.9283 gamma=0.995 (tau_u=3.954e-01 tau_v=1.687e-01 |Du|=8.01e+00 |DRu|=1.12e+01)
  [PT] w_u=2.4085 w_v=5.9350 gamma=0.992 (tau_u=4.152e-01 tau_v=1.685e-01 |Du|=4.10e+00 |DRu|=5.30e+00)
  [PT] w_u=2.3126 w_v=5.8888 gamma=0.999 (tau_u=4.324e-01 tau_v=1.698e-01 |Du|=8.97e+00 |DRu|=1.17e+01)
  [PT] w_u=2.4027 w_v=6.0156 gamma=1.000 (tau_u=4.162e-01 tau_v=1.662e-01 |Du|=2.22e+00 |DRu|=4.27e+00)
  [PT] w_u=2.4530 w_v=6.2455 gamma=0.996 (tau_u=4.077e-01 tau_v=1.601e-01 |Du|=5.92e+00 |DRu|=1.03e+01)
  [PT] w_u=2.4668 w_v=6.2539 gamma=0.999 (tau_u=4.054e-01 tau_v=1.599e-01 |Du|=5.13e+00 |DRu|=8.27e+00)
  [PT] w_u=2.4416 w_v=6.5375 gamma=0.999 (tau_u=4.096e-01 tau_v=1.530e-01 |Du|=2.71e+00 |DRu|=4.04e+00)
  [PT] w_u=2.4284 w_v=6.7783 gamma=0.994 (tau_u=4.118e-01 tau_v=1.475e-01 |Du|=7.13e+00 |DRu|=1.08e+01)
  [PT] w_u=2.6022 w_v=7.1344 gamma=0.997 (tau_u=3.843e-01 tau_v=1.402e-01 |Du|=2.89e+00 |DRu|=7.79e+00)
  [PT] w_u=2.7199 w_v=7.5384 gamma=1.000 (tau_u=3.677e-01 tau_v=1.327e-01 |Du|=4.25e+00 |DRu|=9.09e+00)
[Adam] ep= 1460  total=1.846e-01  PDE=2.645e-02 [colloc=2.448e-02, cfd=1.972e-03] (w=2.726)  IN=9.594e-03 (w=1.032)  TB=4.282e-03 (w=0.716)  WALL=5.734e-16 (w=0.200)  OUT=2.395e-04 (w=0.415)  DATA=1.781e-02 (w=5.580)  DATA_P=0.000e+00 (w=1.000)
  [PT] w_u=2.7681 w_v=7.9127 gamma=0.998 (tau_u=3.613e-01 tau_v=1.264e-01 |Du|=4.75e+00 |DRu|=8.62e+00)
  [PT] w_u=2.7810 w_v=7.9400 gamma=0.993 (tau_u=3.596e-01 tau_v=1.259e-01 |Du|=4.61e+00 |DRu|=7.83e+00)
  [PT] w_u=2.5171 w_v=7.7044 gamma=0.998 (tau_u=3.973e-01 tau_v=1.298e-01 |Du|=6.24e+00 |DRu|=7.26e+00)
  [PT] w_u=2.4407 w_v=7.9624 gamma=1.000 (tau_u=4.097e-01 tau_v=1.256e-01 |Du|=7.58e+00 |DRu|=1.05e+01)
  [PT] w_u=2.5887 w_v=8.1013 gamma=1.000 (tau_u=3.863e-01 tau_v=1.234e-01 |Du|=3.83e+00 |DRu|=9.13e+00)
  [PT] w_u=2.4940 w_v=8.0864 gamma=0.997 (tau_u=4.010e-01 tau_v=1.237e-01 |Du|=1.04e+01 |DRu|=1.42e+01)
  [PT] w_u=2.6454 w_v=8.1268 gamma=0.997 (tau_u=3.780e-01 tau_v=1.230e-01 |Du|=2.81e+00 |DRu|=6.77e+00)
  [PT] w_u=2.6709 w_v=8.4558 gamma=1.000 (tau_u=3.744e-01 tau_v=1.183e-01 |Du|=6.48e+00 |DRu|=1.11e+01)
  [PT] w_u=2.8302 w_v=8.0414 gamma=1.000 (tau_u=3.533e-01 tau_v=1.244e-01 |Du|=3.72e+00 |DRu|=9.20e+00)
  [PT] w_u=2.8329 w_v=8.0635 gamma=0.997 (tau_u=3.530e-01 tau_v=1.240e-01 |Du|=7.51e+00 |DRu|=1.27e+01)
  [PT] w_u=3.0337 w_v=8.3451 gamma=0.996 (tau_u=3.296e-01 tau_v=1.198e-01 |Du|=3.33e+00 |DRu|=9.62e+00)
  [PT] w_u=2.8570 w_v=8.2413 gamma=0.999 (tau_u=3.500e-01 tau_v=1.213e-01 |Du|=6.15e+00 |DRu|=8.42e+00)
  [PT] w_u=3.0237 w_v=8.5041 gamma=1.000 (tau_u=3.307e-01 tau_v=1.176e-01 |Du|=6.41e+00 |DRu|=1.62e+01)
  [PT] w_u=3.2453 w_v=8.7630 gamma=1.000 (tau_u=3.081e-01 tau_v=1.141e-01 |Du|=2.05e+00 |DRu|=6.32e+00)
  [PT] w_u=3.3984 w_v=9.1720 gamma=0.998 (tau_u=2.943e-01 tau_v=1.090e-01 |Du|=7.49e+00 |DRu|=1.82e+01)
  [PT] w_u=3.3646 w_v=7.8294 gamma=0.999 (tau_u=2.972e-01 tau_v=1.277e-01 |Du|=4.84e+00 |DRu|=8.50e+00)
  [PT] w_u=3.5685 w_v=7.2617 gamma=0.996 (tau_u=2.802e-01 tau_v=1.377e-01 |Du|=2.99e+00 |DRu|=8.37e+00)
  [PT] w_u=3.7182 w_v=7.7057 gamma=1.000 (tau_u=2.689e-01 tau_v=1.298e-01 |Du|=8.43e+00 |DRu|=2.06e+01)
  [PT] w_u=3.7915 w_v=7.8917 gamma=1.000 (tau_u=2.638e-01 tau_v=1.267e-01 |Du|=4.09e+00 |DRu|=8.78e+00)
  [PT] w_u=3.8668 w_v=7.0151 gamma=1.000 (tau_u=2.586e-01 tau_v=1.426e-01 |Du|=3.85e+00 |DRu|=8.35e+00)
[Adam] ep= 1480  total=2.452e-01  PDE=5.741e-02 [colloc=5.473e-02, cfd=2.682e-03] (w=2.841)  IN=5.723e-03 (w=0.962)  TB=4.215e-03 (w=0.670)  WALL=1.399e-15 (w=0.200)  OUT=6.052e-04 (w=0.445)  DATA=1.355e-02 (w=5.425)  DATA_P=0.000e+00 (w=1.000)
  [PT] w_u=3.8748 w_v=6.9189 gamma=0.996 (tau_u=2.581e-01 tau_v=1.445e-01 |Du|=8.31e+00 |DRu|=1.65e+01)
  [PT] w_u=3.9044 w_v=6.9856 gamma=0.991 (tau_u=2.561e-01 tau_v=1.432e-01 |Du|=3.71e+00 |DRu|=7.57e+00)
  [PT] w_u=3.4936 w_v=6.9167 gamma=0.997 (tau_u=2.862e-01 tau_v=1.446e-01 |Du|=6.01e+00 |DRu|=8.04e+00)
  [PT] w_u=3.4008 w_v=5.4494 gamma=0.998 (tau_u=2.940e-01 tau_v=1.835e-01 |Du|=5.43e+00 |DRu|=8.99e+00)
  [PT] w_u=3.3688 w_v=5.4900 gamma=0.997 (tau_u=2.968e-01 tau_v=1.821e-01 |Du|=5.71e+00 |DRu|=1.01e+01)
  [PT] w_u=3.6172 w_v=5.8327 gamma=0.999 (tau_u=2.765e-01 tau_v=1.714e-01 |Du|=2.50e+00 |DRu|=8.21e+00)
  [PT] w_u=3.7526 w_v=5.8796 gamma=1.000 (tau_u=2.665e-01 tau_v=1.701e-01 |Du|=3.25e+00 |DRu|=7.73e+00)
  [PT] w_u=3.9789 w_v=5.9907 gamma=1.000 (tau_u=2.513e-01 tau_v=1.669e-01 |Du|=3.64e+00 |DRu|=1.07e+01)
  [PT] w_u=3.9013 w_v=6.3424 gamma=0.995 (tau_u=2.563e-01 tau_v=1.577e-01 |Du|=5.35e+00 |DRu|=9.71e+00)
  [PT] w_u=4.0793 w_v=6.2224 gamma=0.992 (tau_u=2.451e-01 tau_v=1.607e-01 |Du|=2.38e+00 |DRu|=6.24e+00)
  [PT] w_u=3.7988 w_v=5.9843 gamma=0.996 (tau_u=2.632e-01 tau_v=1.671e-01 |Du|=5.73e+00 |DRu|=8.77e+00)
  [PT] w_u=3.8400 w_v=6.3766 gamma=1.000 (tau_u=2.604e-01 tau_v=1.568e-01 |Du|=6.37e+00 |DRu|=1.31e+01)
  [PT] w_u=3.9264 w_v=6.0300 gamma=1.000 (tau_u=2.547e-01 tau_v=1.658e-01 |Du|=2.14e+00 |DRu|=4.75e+00)
  [PT] w_u=3.9588 w_v=6.1037 gamma=1.000 (tau_u=2.526e-01 tau_v=1.638e-01 |Du|=4.66e+00 |DRu|=9.63e+00)
  [PT] w_u=4.1326 w_v=6.4706 gamma=0.996 (tau_u=2.420e-01 tau_v=1.545e-01 |Du|=3.97e+00 |DRu|=1.03e+01)
  [PT] w_u=4.0030 w_v=6.0715 gamma=0.994 (tau_u=2.498e-01 tau_v=1.647e-01 |Du|=4.90e+00 |DRu|=8.63e+00)
  [PT] w_u=3.8837 w_v=4.8869 gamma=0.993 (tau_u=2.575e-01 tau_v=2.046e-01 |Du|=3.84e+00 |DRu|=6.70e+00)
  [PT] w_u=3.8878 w_v=5.1809 gamma=1.000 (tau_u=2.572e-01 tau_v=1.930e-01 |Du|=6.71e+00 |DRu|=1.33e+01)
  [PT] w_u=3.6925 w_v=5.2373 gamma=1.000 (tau_u=2.708e-01 tau_v=1.909e-01 |Du|=6.77e+00 |DRu|=1.08e+01)
  [PT] w_u=3.5348 w_v=4.6188 gamma=1.000 (tau_u=2.829e-01 tau_v=2.165e-01 |Du|=4.43e+00 |DRu|=7.08e+00)
[Adam] ep= 1500  total=2.143e-01  PDE=4.780e-02 [colloc=4.551e-02, cfd=2.290e-03] (w=2.659)  IN=5.654e-03 (w=0.944)  TB=4.643e-03 (w=0.692)  WALL=1.459e-15 (w=0.200)  OUT=1.474e-02 (w=0.901)  DATA=1.263e-02 (w=5.177)  DATA_P=0.000e+00 (w=1.000)
  [PT] w_u=3.5175 w_v=4.7362 gamma=0.996 (tau_u=2.843e-01 tau_v=2.111e-01 |Du|=7.37e+00 |DRu|=1.35e+01)
  [PT] w_u=3.5479 w_v=5.0206 gamma=0.992 (tau_u=2.819e-01 tau_v=1.992e-01 |Du|=4.25e+00 |DRu|=8.31e+00)
  [PT] w_u=3.4000 w_v=4.7853 gamma=0.996 (tau_u=2.941e-01 tau_v=2.090e-01 |Du|=4.10e+00 |DRu|=6.44e+00)
  [PT] w_u=3.0561 w_v=4.4741 gamma=0.999 (tau_u=3.272e-01 tau_v=2.235e-01 |Du|=6.38e+00 |DRu|=8.06e+00)
  [PT] w_u=3.2008 w_v=4.6781 gamma=1.000 (tau_u=3.124e-01 tau_v=2.138e-01 |Du|=4.39e+00 |DRu|=1.04e+01)
  [PT] w_u=3.3724 w_v=4.7714 gamma=1.000 (tau_u=2.965e-01 tau_v=2.096e-01 |Du|=2.73e+00 |DRu|=6.96e+00)
  [PT] w_u=3.2143 w_v=4.2641 gamma=0.999 (tau_u=3.111e-01 tau_v=2.345e-01 |Du|=4.09e+00 |DRu|=6.15e+00)
  [PT] w_u=3.2725 w_v=4.2859 gamma=0.998 (tau_u=3.056e-01 tau_v=2.333e-01 |Du|=4.60e+00 |DRu|=9.08e+00)
  [PT] w_u=3.3076 w_v=4.5507 gamma=0.996 (tau_u=3.023e-01 tau_v=2.197e-01 |Du|=5.07e+00 |DRu|=9.68e+00)
  [PT] w_u=3.2382 w_v=4.3965 gamma=0.997 (tau_u=3.088e-01 tau_v=2.275e-01 |Du|=3.18e+00 |DRu|=5.24e+00)
  [PT] w_u=3.1217 w_v=4.1359 gamma=0.997 (tau_u=3.203e-01 tau_v=2.418e-01 |Du|=3.72e+00 |DRu|=5.71e+00)
  [PT] w_u=3.0832 w_v=4.3676 gamma=1.000 (tau_u=3.243e-01 tau_v=2.290e-01 |Du|=6.89e+00 |DRu|=1.15e+01)
  [PT] w_u=3.2851 w_v=4.4972 gamma=1.000 (tau_u=3.044e-01 tau_v=2.224e-01 |Du|=2.59e+00 |DRu|=7.33e+00)
  [PT] w_u=3.3026 w_v=4.3502 gamma=0.999 (tau_u=3.028e-01 tau_v=2.299e-01 |Du|=3.73e+00 |DRu|=6.94e+00)
  [PT] w_u=3.4144 w_v=4.3545 gamma=0.998 (tau_u=2.929e-01 tau_v=2.296e-01 |Du|=3.58e+00 |DRu|=7.92e+00)
  [PT] w_u=3.6933 w_v=4.6396 gamma=0.997 (tau_u=2.708e-01 tau_v=2.155e-01 |Du|=2.43e+00 |DRu|=9.06e+00)
  [PT] w_u=3.6376 w_v=4.3486 gamma=0.995 (tau_u=2.749e-01 tau_v=2.300e-01 |Du|=3.82e+00 |DRu|=6.82e+00)
  [PT] w_u=3.5902 w_v=3.9331 gamma=0.996 (tau_u=2.785e-01 tau_v=2.543e-01 |Du|=3.89e+00 |DRu|=6.96e+00)
  [PT] w_u=3.5679 w_v=4.2176 gamma=1.000 (tau_u=2.803e-01 tau_v=2.371e-01 |Du|=6.12e+00 |DRu|=1.13e+01)
  [PT] w_u=3.5254 w_v=4.2513 gamma=1.000 (tau_u=2.837e-01 tau_v=2.352e-01 |Du|=2.67e+00 |DRu|=4.76e+00)
[Adam] ep= 1520  total=1.921e-01  PDE=3.521e-02 [colloc=3.313e-02, cfd=2.075e-03] (w=2.716)  IN=6.923e-03 (w=1.013)  TB=4.294e-03 (w=0.694)  WALL=9.326e-16 (w=0.200)  OUT=9.221e-04 (w=0.562)  DATA=1.559e-02 (w=5.510)  DATA_P=0.000e+00 (w=1.000)
  [PT] w_u=3.5278 w_v=4.0900 gamma=0.998 (tau_u=2.835e-01 tau_v=2.445e-01 |Du|=4.74e+00 |DRu|=8.93e+00)
  [PT] w_u=3.5618 w_v=3.9748 gamma=0.997 (tau_u=2.808e-01 tau_v=2.516e-01 |Du|=4.74e+00 |DRu|=9.35e+00)
  [PT] w_u=3.7095 w_v=4.2376 gamma=0.997 (tau_u=2.696e-01 tau_v=2.360e-01 |Du|=2.93e+00 |DRu|=7.11e+00)
  [PT] w_u=3.4804 w_v=3.9801 gamma=0.994 (tau_u=2.873e-01 tau_v=2.513e-01 |Du|=3.91e+00 |DRu|=5.84e+00)
  [PT] w_u=3.3793 w_v=3.8635 gamma=0.996 (tau_u=2.959e-01 tau_v=2.588e-01 |Du|=4.68e+00 |DRu|=7.64e+00)
  [PT] w_u=3.6141 w_v=4.1444 gamma=0.999 (tau_u=2.767e-01 tau_v=2.413e-01 |Du|=3.47e+00 |DRu|=1.08e+01)
  [PT] w_u=3.7941 w_v=4.0114 gamma=1.000 (tau_u=2.636e-01 tau_v=2.493e-01 |Du|=3.53e+00 |DRu|=9.25e+00)
  [PT] w_u=3.7124 w_v=3.7110 gamma=0.999 (tau_u=2.694e-01 tau_v=2.695e-01 |Du|=3.75e+00 |DRu|=6.60e+00)
  [PT] w_u=3.9589 w_v=3.9264 gamma=0.998 (tau_u=2.526e-01 tau_v=2.547e-01 |Du|=3.57e+00 |DRu|=1.12e+01)
  [PT] w_u=4.1986 w_v=4.0822 gamma=0.997 (tau_u=2.382e-01 tau_v=2.450e-01 |Du|=1.97e+00 |DRu|=5.97e+00)
  [PT] w_u=4.1475 w_v=3.8904 gamma=0.995 (tau_u=2.411e-01 tau_v=2.570e-01 |Du|=3.81e+00 |DRu|=7.34e+00)
  [PT] w_u=4.2568 w_v=3.8527 gamma=0.999 (tau_u=2.349e-01 tau_v=2.596e-01 |Du|=4.64e+00 |DRu|=1.10e+01)
  [PT] w_u=4.5081 w_v=4.1832 gamma=1.000 (tau_u=2.218e-01 tau_v=2.391e-01 |Du|=3.26e+00 |DRu|=1.01e+01)
  [PT] w_u=4.0545 w_v=3.9157 gamma=1.000 (tau_u=2.466e-01 tau_v=2.554e-01 |Du|=3.52e+00 |DRu|=5.13e+00)
  [PT] w_u=4.1734 w_v=3.9831 gamma=0.996 (tau_u=2.396e-01 tau_v=2.511e-01 |Du|=4.56e+00 |DRu|=1.08e+01)
  [PT] w_u=4.1711 w_v=4.1718 gamma=0.997 (tau_u=2.397e-01 tau_v=2.397e-01 |Du|=4.15e+00 |DRu|=8.44e+00)
  [PT] w_u=4.2052 w_v=4.1453 gamma=0.995 (tau_u=2.378e-01 tau_v=2.412e-01 |Du|=2.93e+00 |DRu|=6.22e+00)
  [PT] w_u=4.0086 w_v=3.8811 gamma=0.995 (tau_u=2.495e-01 tau_v=2.577e-01 |Du|=3.97e+00 |DRu|=6.65e+00)
  [PT] w_u=4.2464 w_v=4.1712 gamma=1.000 (tau_u=2.355e-01 tau_v=2.397e-01 |Du|=4.02e+00 |DRu|=1.21e+01)
  [PT] w_u=4.2062 w_v=4.3857 gamma=1.000 (tau_u=2.377e-01 tau_v=2.280e-01 |Du|=2.24e+00 |DRu|=4.42e+00)
[Adam] ep= 1540  total=1.797e-01  PDE=3.335e-02 [colloc=3.110e-02, cfd=2.249e-03] (w=2.750)  IN=6.088e-03 (w=0.964)  TB=3.472e-03 (w=0.662)  WALL=9.400e-16 (w=0.200)  OUT=3.360e-03 (w=0.627)  DATA=1.418e-02 (w=5.484)  DATA_P=0.000e+00 (w=1.000)
  [PT] w_u=4.1893 w_v=4.4917 gamma=0.996 (tau_u=2.387e-01 tau_v=2.226e-01 |Du|=4.16e+00 |DRu|=8.35e+00)
  [PT] w_u=4.3103 w_v=4.5596 gamma=0.996 (tau_u=2.320e-01 tau_v=2.193e-01 |Du|=4.18e+00 |DRu|=1.01e+01)
  [PT] w_u=4.4797 w_v=4.9067 gamma=0.993 (tau_u=2.232e-01 tau_v=2.038e-01 |Du|=3.93e+00 |DRu|=1.03e+01)
  [PT] w_u=3.6912 w_v=4.7068 gamma=0.995 (tau_u=2.709e-01 tau_v=2.125e-01 |Du|=2.43e+00 |DRu|=2.90e+00)
  [PT] w_u=3.6703 w_v=4.9519 gamma=0.999 (tau_u=2.725e-01 tau_v=2.019e-01 |Du|=5.63e+00 |DRu|=1.05e+01)
  [PT] w_u=3.8163 w_v=5.2736 gamma=0.998 (tau_u=2.620e-01 tau_v=1.896e-01 |Du|=3.85e+00 |DRu|=9.38e+00)
  [PT] w_u=4.0676 w_v=5.2006 gamma=0.999 (tau_u=2.458e-01 tau_v=1.923e-01 |Du|=2.09e+00 |DRu|=6.61e+00)
  [PT] w_u=4.0615 w_v=5.1884 gamma=0.997 (tau_u=2.462e-01 tau_v=1.927e-01 |Du|=2.97e+00 |DRu|=5.94e+00)
  [PT] w_u=4.1661 w_v=5.5570 gamma=0.993 (tau_u=2.400e-01 tau_v=1.800e-01 |Du|=5.93e+00 |DRu|=1.38e+01)
  [PT] w_u=4.1527 w_v=5.7045 gamma=0.996 (tau_u=2.408e-01 tau_v=1.753e-01 |Du|=2.34e+00 |DRu|=4.70e+00)
  [PT] w_u=3.9400 w_v=6.0011 gamma=0.999 (tau_u=2.538e-01 tau_v=1.666e-01 |Du|=7.05e+00 |DRu|=1.16e+01)
  [PT] w_u=4.1336 w_v=6.3624 gamma=0.999 (tau_u=2.419e-01 tau_v=1.572e-01 |Du|=3.06e+00 |DRu|=8.32e+00)
  [PT] w_u=3.9568 w_v=6.5316 gamma=0.996 (tau_u=2.527e-01 tau_v=1.531e-01 |Du|=7.68e+00 |DRu|=1.30e+01)
  [PT] w_u=4.0315 w_v=5.8313 gamma=0.997 (tau_u=2.480e-01 tau_v=1.715e-01 |Du|=2.47e+00 |DRu|=5.44e+00)
  [PT] w_u=4.0018 w_v=6.1457 gamma=1.000 (tau_u=2.499e-01 tau_v=1.627e-01 |Du|=7.04e+00 |DRu|=1.36e+01)
  [PT] w_u=4.2460 w_v=6.4799 gamma=1.000 (tau_u=2.355e-01 tau_v=1.543e-01 |Du|=2.08e+00 |DRu|=6.38e+00)
  [PT] w_u=4.1559 w_v=6.6574 gamma=0.990 (tau_u=2.406e-01 tau_v=1.502e-01 |Du|=8.92e+00 |DRu|=1.66e+01)
  [PT] w_u=4.0744 w_v=5.8447 gamma=0.992 (tau_u=2.454e-01 tau_v=1.711e-01 |Du|=2.90e+00 |DRu|=5.38e+00)
  [PT] w_u=3.8632 w_v=6.0278 gamma=0.997 (tau_u=2.589e-01 tau_v=1.659e-01 |Du|=6.82e+00 |DRu|=1.11e+01)
  [PT] w_u=3.9595 w_v=6.1134 gamma=1.000 (tau_u=2.526e-01 tau_v=1.636e-01 |Du|=4.79e+00 |DRu|=1.08e+01)
[Adam] ep= 1560  total=1.793e-01  PDE=2.671e-02 [colloc=2.415e-02, cfd=2.560e-03] (w=2.726)  IN=6.675e-03 (w=0.957)  TB=3.108e-03 (w=0.611)  WALL=5.721e-16 (w=0.200)  OUT=2.631e-03 (w=0.639)  DATA=1.707e-02 (w=5.657)  DATA_P=0.000e+00 (w=1.000)
  [PT] w_u=3.5921 w_v=5.5643 gamma=0.997 (tau_u=2.784e-01 tau_v=1.797e-01 |Du|=6.20e+00 |DRu|=8.66e+00)
  [PT] w_u=3.7146 w_v=5.1610 gamma=0.995 (tau_u=2.692e-01 tau_v=1.938e-01 |Du|=2.80e+00 |DRu|=6.46e+00)
  [PT] w_u=3.7216 w_v=5.4123 gamma=0.998 (tau_u=2.687e-01 tau_v=1.848e-01 |Du|=4.76e+00 |DRu|=9.26e+00)
  [PT] w_u=3.7068 w_v=5.0132 gamma=0.996 (tau_u=2.698e-01 tau_v=1.995e-01 |Du|=4.03e+00 |DRu|=7.60e+00)
  [PT] w_u=3.6602 w_v=4.6939 gamma=0.995 (tau_u=2.732e-01 tau_v=2.130e-01 |Du|=4.59e+00 |DRu|=8.30e+00)
  [PT] w_u=3.9406 w_v=5.0196 gamma=0.998 (tau_u=2.538e-01 tau_v=1.992e-01 |Du|=3.18e+00 |DRu|=1.13e+01)
  [PT] w_u=3.9733 w_v=5.0189 gamma=1.000 (tau_u=2.517e-01 tau_v=1.992e-01 |Du|=5.08e+00 |DRu|=1.05e+01)
  [PT] w_u=3.6996 w_v=4.3129 gamma=1.000 (tau_u=2.703e-01 tau_v=2.319e-01 |Du|=4.71e+00 |DRu|=7.11e+00)
  [PT] w_u=3.8339 w_v=4.5016 gamma=0.994 (tau_u=2.608e-01 tau_v=2.221e-01 |Du|=5.04e+00 |DRu|=1.20e+01)
  [PT] w_u=3.7975 w_v=4.7250 gamma=0.994 (tau_u=2.633e-01 tau_v=2.116e-01 |Du|=3.22e+00 |DRu|=6.00e+00)
  [PT] w_u=3.5750 w_v=4.3007 gamma=0.995 (tau_u=2.797e-01 tau_v=2.325e-01 |Du|=4.05e+00 |DRu|=6.19e+00)
  [PT] w_u=3.6605 w_v=3.9440 gamma=0.994 (tau_u=2.732e-01 tau_v=2.536e-01 |Du|=5.35e+00 |DRu|=1.15e+01)
  [PT] w_u=3.9156 w_v=4.2023 gamma=0.999 (tau_u=2.554e-01 tau_v=2.380e-01 |Du|=3.13e+00 |DRu|=1.01e+01)
  [PT] w_u=3.9286 w_v=4.2481 gamma=1.000 (tau_u=2.545e-01 tau_v=2.354e-01 |Du|=3.88e+00 |DRu|=7.81e+00)
  [PT] w_u=4.0231 w_v=4.1763 gamma=0.998 (tau_u=2.486e-01 tau_v=2.394e-01 |Du|=3.33e+00 |DRu|=7.54e+00)
  [PT] w_u=4.1269 w_v=4.3842 gamma=0.992 (tau_u=2.423e-01 tau_v=2.281e-01 |Du|=5.89e+00 |DRu|=1.36e+01)
  [PT] w_u=4.3843 w_v=4.6561 gamma=0.994 (tau_u=2.281e-01 tau_v=2.148e-01 |Du|=2.47e+00 |DRu|=7.79e+00)
  [PT] w_u=4.4782 w_v=4.8109 gamma=0.997 (tau_u=2.233e-01 tau_v=2.079e-01 |Du|=3.13e+00 |DRu|=7.35e+00)
  [PT] w_u=4.3972 w_v=4.4059 gamma=0.995 (tau_u=2.274e-01 tau_v=2.270e-01 |Du|=4.37e+00 |DRu|=8.49e+00)
  [PT] w_u=4.4588 w_v=4.4922 gamma=0.996 (tau_u=2.243e-01 tau_v=2.226e-01 |Du|=4.81e+00 |DRu|=1.08e+01)
[Adam] ep= 1580  total=1.591e-01  PDE=2.411e-02 [colloc=2.209e-02, cfd=2.019e-03] (w=2.674)  IN=6.494e-03 (w=0.941)  TB=2.893e-03 (w=0.616)  WALL=6.592e-16 (w=0.200)  OUT=5.355e-04 (w=0.793)  DATA=1.554e-02 (w=5.556)  DATA_P=0.000e+00 (w=1.000)
  [PT] w_u=4.5931 w_v=4.7737 gamma=1.000 (tau_u=2.177e-01 tau_v=2.095e-01 |Du|=4.54e+00 |DRu|=1.14e+01)
  [PT] w_u=4.3896 w_v=4.8435 gamma=1.000 (tau_u=2.278e-01 tau_v=2.065e-01 |Du|=2.56e+00 |DRu|=4.54e+00)
  [PT] w_u=4.4382 w_v=4.9162 gamma=0.999 (tau_u=2.253e-01 tau_v=2.034e-01 |Du|=3.36e+00 |DRu|=7.45e+00)
  [PT] w_u=4.3559 w_v=5.0633 gamma=0.991 (tau_u=2.296e-01 tau_v=1.975e-01 |Du|=6.90e+00 |DRu|=1.33e+01)
  [PT] w_u=4.5320 w_v=5.2066 gamma=0.995 (tau_u=2.207e-01 tau_v=1.921e-01 |Du|=3.52e+00 |DRu|=9.36e+00)
  [PT] w_u=3.8475 w_v=5.5225 gamma=0.996 (tau_u=2.599e-01 tau_v=1.811e-01 |Du|=1.85e+00 |DRu|=2.36e+00)
  [PT] w_u=3.8973 w_v=5.5727 gamma=0.993 (tau_u=2.566e-01 tau_v=1.794e-01 |Du|=4.26e+00 |DRu|=8.91e+00)
  [PT] w_u=3.7878 w_v=5.5477 gamma=0.998 (tau_u=2.640e-01 tau_v=1.803e-01 |Du|=5.54e+00 |DRu|=9.61e+00)
  [PT] w_u=3.8298 w_v=5.6549 gamma=1.000 (tau_u=2.611e-01 tau_v=1.768e-01 |Du|=2.01e+00 |DRu|=4.15e+00)
  [PT] w_u=3.5391 w_v=5.6988 gamma=0.998 (tau_u=2.826e-01 tau_v=1.755e-01 |Du|=2.95e+00 |DRu|=4.28e+00)
  [PT] w_u=3.4962 w_v=5.6623 gamma=0.994 (tau_u=2.860e-01 tau_v=1.766e-01 |Du|=5.61e+00 |DRu|=9.92e+00)
  [PT] w_u=3.6860 w_v=5.9583 gamma=0.994 (tau_u=2.713e-01 tau_v=1.678e-01 |Du|=2.31e+00 |DRu|=6.18e+00)
  [PT] w_u=3.8996 w_v=6.1427 gamma=0.993 (tau_u=2.564e-01 tau_v=1.628e-01 |Du|=1.52e+00 |DRu|=4.34e+00)
  [PT] w_u=3.8608 w_v=6.1197 gamma=0.997 (tau_u=2.590e-01 tau_v=1.634e-01 |Du|=4.76e+00 |DRu|=8.94e+00)
  [PT] w_u=3.9926 w_v=6.2684 gamma=0.998 (tau_u=2.505e-01 tau_v=1.595e-01 |Du|=1.87e+00 |DRu|=4.49e+00)
  [PT] w_u=4.3001 w_v=6.4091 gamma=0.998 (tau_u=2.326e-01 tau_v=1.560e-01 |Du|=1.61e+00 |DRu|=6.02e+00)
  [PT] w_u=4.6001 w_v=6.8102 gamma=0.997 (tau_u=2.174e-01 tau_v=1.468e-01 |Du|=3.65e+00 |DRu|=1.28e+01)
  [PT] w_u=4.6302 w_v=7.1770 gamma=0.994 (tau_u=2.160e-01 tau_v=1.393e-01 |Du|=3.92e+00 |DRu|=8.67e+00)
  [PT] w_u=5.0238 w_v=7.7986 gamma=0.994 (tau_u=1.991e-01 tau_v=1.282e-01 |Du|=1.72e+00 |DRu|=7.91e+00)
  [PT] w_u=5.2036 w_v=8.0792 gamma=0.993 (tau_u=1.922e-01 tau_v=1.238e-01 |Du|=2.86e+00 |DRu|=7.90e+00)
[Adam] ep= 1600  total=1.742e-01  PDE=2.431e-02 [colloc=2.076e-02, cfd=3.545e-03] (w=2.735)  IN=7.506e-03 (w=0.914)  TB=2.673e-03 (w=0.590)  WALL=4.585e-16 (w=0.200)  OUT=5.670e-03 (w=0.749)  DATA=1.710e-02 (w=5.558)  DATA_P=0.000e+00 (w=1.000)
  [PT] w_u=5.5164 w_v=8.3857 gamma=1.000 (tau_u=1.813e-01 tau_v=1.193e-01 |Du|=5.36e+00 |DRu|=1.86e+01)
  [PT] w_u=5.3798 w_v=8.5567 gamma=1.000 (tau_u=1.859e-01 tau_v=1.169e-01 |Du|=2.71e+00 |DRu|=5.68e+00)
  [PT] w_u=5.4464 w_v=9.0089 gamma=1.000 (tau_u=1.836e-01 tau_v=1.110e-01 |Du|=4.21e+00 |DRu|=1.04e+01)
  [PT] w_u=5.6092 w_v=9.3878 gamma=1.000 (tau_u=1.783e-01 tau_v=1.065e-01 |Du|=7.46e+00 |DRu|=2.07e+01)
  [PT] w_u=5.3532 w_v=9.3567 gamma=1.000 (tau_u=1.868e-01 tau_v=1.069e-01 |Du|=6.68e+00 |DRu|=1.30e+01)
  [PT] w_u=5.1490 w_v=9.0110 gamma=1.000 (tau_u=1.942e-01 tau_v=1.110e-01 |Du|=4.79e+00 |DRu|=9.37e+00)
  [PT] w_u=5.1763 w_v=9.4059 gamma=0.999 (tau_u=1.932e-01 tau_v=1.063e-01 |Du|=9.29e+00 |DRu|=2.16e+01)
  [PT] w_u=4.4261 w_v=9.6236 gamma=0.999 (tau_u=2.259e-01 tau_v=1.039e-01 |Du|=1.14e+01 |DRu|=1.58e+01)
  [PT] w_u=3.6573 w_v=9.2612 gamma=0.997 (tau_u=2.734e-01 tau_v=1.080e-01 |Du|=7.36e+00 |DRu|=8.78e+00)
  [PT] w_u=3.8207 w_v=9.5798 gamma=0.982 (tau_u=2.617e-01 tau_v=1.044e-01 |Du|=5.25e+00 |DRu|=1.32e+01)
  [PT] w_u=3.7634 w_v=9.8617 gamma=0.997 (tau_u=2.657e-01 tau_v=1.014e-01 |Du|=1.01e+01 |DRu|=1.83e+01)
  [PT] w_u=3.7984 w_v=10.1088 gamma=1.000 (tau_u=2.633e-01 tau_v=9.892e-02 |Du|=6.53e+00 |DRu|=1.33e+01)
  [PT] w_u=3.9478 w_v=10.4176 gamma=1.000 (tau_u=2.533e-01 tau_v=9.599e-02 |Du|=4.58e+00 |DRu|=1.13e+01)
  [PT] w_u=3.9904 w_v=10.7757 gamma=0.994 (tau_u=2.506e-01 tau_v=9.280e-02 |Du|=6.24e+00 |DRu|=1.31e+01)
  [PT] w_u=4.3057 w_v=10.7459 gamma=0.993 (tau_u=2.322e-01 tau_v=9.306e-02 |Du|=3.09e+00 |DRu|=1.19e+01)
  [PT] w_u=3.8592 w_v=10.7624 gamma=0.999 (tau_u=2.591e-01 tau_v=9.292e-02 |Du|=9.02e+00 |DRu|=1.27e+01)
  [PT] w_u=4.1773 w_v=11.4650 gamma=1.000 (tau_u=2.394e-01 tau_v=8.722e-02 |Du|=3.43e+00 |DRu|=1.38e+01)
  [PT] w_u=3.5954 w_v=11.7137 gamma=0.997 (tau_u=2.781e-01 tau_v=8.537e-02 |Du|=8.93e+00 |DRu|=1.13e+01)
  [PT] w_u=3.3615 w_v=12.0896 gamma=0.988 (tau_u=2.975e-01 tau_v=8.272e-02 |Du|=1.05e+01 |DRu|=1.52e+01)
  [PT] w_u=3.4357 w_v=11.1958 gamma=0.986 (tau_u=2.911e-01 tau_v=8.932e-02 |Du|=3.47e+00 |DRu|=7.13e+00)
[Adam] ep= 1620  total=2.109e-01  PDE=1.991e-02 [colloc=1.722e-02, cfd=2.692e-03] (w=2.644)  IN=1.275e-02 (w=0.885)  TB=3.140e-03 (w=0.558)  WALL=1.373e-16 (w=0.200)  OUT=9.353e-03 (w=0.962)  DATA=2.488e-02 (w=5.473)  DATA_P=0.000e+00 (w=1.000)
  [PT] w_u=3.5305 w_v=11.0800 gamma=0.996 (tau_u=2.832e-01 tau_v=9.025e-02 |Du|=6.78e+00 |DRu|=1.47e+01)
  [PT] w_u=3.4437 w_v=11.4595 gamma=1.000 (tau_u=2.904e-01 tau_v=8.726e-02 |Du|=1.02e+01 |DRu|=1.71e+01)
  [PT] w_u=3.0344 w_v=12.0085 gamma=1.000 (tau_u=3.296e-01 tau_v=8.327e-02 |Du|=5.96e+00 |DRu|=7.21e+00)
  [PT] w_u=3.2821 w_v=12.0490 gamma=1.000 (tau_u=3.047e-01 tau_v=8.299e-02 |Du|=3.79e+00 |DRu|=1.33e+01)
  [PT] w_u=3.5804 w_v=11.1126 gamma=1.000 (tau_u=2.793e-01 tau_v=8.999e-02 |Du|=4.16e+00 |DRu|=1.85e+01)
  [PT] w_u=3.4746 w_v=9.8248 gamma=1.000 (tau_u=2.878e-01 tau_v=1.018e-01 |Du|=4.71e+00 |DRu|=7.81e+00)
  [PT] w_u=3.6875 w_v=10.0896 gamma=0.998 (tau_u=2.712e-01 tau_v=9.911e-02 |Du|=5.99e+00 |DRu|=1.71e+01)
  [PT] w_u=3.5790 w_v=10.2054 gamma=0.998 (tau_u=2.794e-01 tau_v=9.799e-02 |Du|=6.25e+00 |DRu|=1.05e+01)
  [PT] w_u=2.7779 w_v=7.3325 gamma=0.989 (tau_u=3.600e-01 tau_v=1.364e-01 |Du|=7.21e+00 |DRu|=6.88e+00)
  [PT] w_u=2.9437 w_v=6.9990 gamma=0.985 (tau_u=3.397e-01 tau_v=1.429e-01 |Du|=5.83e+00 |DRu|=1.46e+01)
  [PT] w_u=2.8838 w_v=6.5475 gamma=0.994 (tau_u=3.468e-01 tau_v=1.527e-01 |Du|=5.37e+00 |DRu|=8.36e+00)
  [PT] w_u=3.0490 w_v=7.0367 gamma=1.000 (tau_u=3.280e-01 tau_v=1.421e-01 |Du|=6.35e+00 |DRu|=1.59e+01)
  [PT] w_u=2.7289 w_v=6.9953 gamma=1.000 (tau_u=3.664e-01 tau_v=1.430e-01 |Du|=3.84e+00 |DRu|=4.55e+00)
  [PT] w_u=2.9853 w_v=7.0864 gamma=0.998 (tau_u=3.350e-01 tau_v=1.411e-01 |Du|=3.16e+00 |DRu|=1.39e+01)
  [PT] w_u=3.2450 w_v=7.0137 gamma=1.000 (tau_u=3.082e-01 tau_v=1.426e-01 |Du|=4.76e+00 |DRu|=1.84e+01)
  [PT] w_u=3.2803 w_v=6.5822 gamma=1.000 (tau_u=3.049e-01 tau_v=1.519e-01 |Du|=3.82e+00 |DRu|=7.28e+00)
  [PT] w_u=3.5516 w_v=7.1379 gamma=0.998 (tau_u=2.816e-01 tau_v=1.401e-01 |Du|=4.98e+00 |DRu|=1.85e+01)
  [PT] w_u=3.2300 w_v=6.8423 gamma=0.997 (tau_u=3.096e-01 tau_v=1.461e-01 |Du|=6.73e+00 |DRu|=8.97e+00)
  [PT] w_u=3.2161 w_v=6.0866 gamma=0.985 (tau_u=3.109e-01 tau_v=1.643e-01 |Du|=5.60e+00 |DRu|=9.78e+00)
  [PT] w_u=3.4232 w_v=6.3174 gamma=0.995 (tau_u=2.921e-01 tau_v=1.583e-01 |Du|=6.13e+00 |DRu|=1.75e+01)
[Adam] ep= 1640  total=1.981e-01  PDE=1.911e-02 [colloc=1.583e-02, cfd=3.282e-03] (w=2.674)  IN=1.335e-02 (w=0.945)  TB=3.562e-03 (w=0.591)  WALL=1.967e-16 (w=0.200)  OUT=9.705e-03 (w=0.865)  DATA=2.287e-02 (w=5.415)  DATA_P=0.000e+00 (w=1.000)
  [PT] w_u=3.3809 w_v=6.5612 gamma=1.000 (tau_u=2.958e-01 tau_v=1.524e-01 |Du|=7.31e+00 |DRu|=1.28e+01)
  [PT] w_u=3.6713 w_v=7.0956 gamma=1.000 (tau_u=2.724e-01 tau_v=1.409e-01 |Du|=4.23e+00 |DRu|=1.70e+01)
  [PT] w_u=3.8985 w_v=7.4457 gamma=1.000 (tau_u=2.565e-01 tau_v=1.343e-01 |Du|=3.60e+00 |DRu|=1.07e+01)
  [PT] w_u=4.0347 w_v=7.6657 gamma=0.999 (tau_u=2.478e-01 tau_v=1.305e-01 |Du|=4.50e+00 |DRu|=1.09e+01)
  [PT] w_u=4.3761 w_v=7.8584 gamma=0.994 (tau_u=2.285e-01 tau_v=1.273e-01 |Du|=4.07e+00 |DRu|=1.74e+01)
  [PT] w_u=4.2068 w_v=8.0754 gamma=1.000 (tau_u=2.377e-01 tau_v=1.238e-01 |Du|=7.94e+00 |DRu|=1.40e+01)
  [PT] w_u=4.2869 w_v=8.2229 gamma=1.000 (tau_u=2.333e-01 tau_v=1.216e-01 |Du|=3.45e+00 |DRu|=7.85e+00)
  [PT] w_u=4.2482 w_v=8.5964 gamma=0.995 (tau_u=2.354e-01 tau_v=1.163e-01 |Du|=7.61e+00 |DRu|=1.51e+01)
  [PT] w_u=3.4069 w_v=8.6984 gamma=0.986 (tau_u=2.935e-01 tau_v=1.150e-01 |Du|=1.15e+01 |DRu|=1.26e+01)
  [PT] w_u=3.5075 w_v=8.4766 gamma=0.974 (tau_u=2.851e-01 tau_v=1.180e-01 |Du|=3.79e+00 |DRu|=8.16e+00)
  [PT] w_u=3.5640 w_v=8.6410 gamma=0.992 (tau_u=2.806e-01 tau_v=1.157e-01 |Du|=7.89e+00 |DRu|=1.60e+01)
  [PT] w_u=3.4151 w_v=8.9786 gamma=1.000 (tau_u=2.928e-01 tau_v=1.114e-01 |Du|=1.29e+01 |DRu|=2.03e+01)
  [PT] w_u=3.0441 w_v=9.4472 gamma=1.000 (tau_u=3.285e-01 tau_v=1.059e-01 |Du|=6.27e+00 |DRu|=7.78e+00)
  [PT] w_u=3.2334 w_v=9.9366 gamma=1.000 (tau_u=3.093e-01 tau_v=1.006e-01 |Du|=4.12e+00 |DRu|=1.12e+01)
  [PT] w_u=3.4272 w_v=10.1769 gamma=0.998 (tau_u=2.918e-01 tau_v=9.826e-02 |Du|=8.07e+00 |DRu|=2.20e+01)
  [PT] w_u=3.3261 w_v=8.9596 gamma=0.998 (tau_u=3.007e-01 tau_v=1.116e-01 |Du|=5.91e+00 |DRu|=9.58e+00)
  [PT] w_u=3.3862 w_v=8.9290 gamma=0.995 (tau_u=2.953e-01 tau_v=1.120e-01 |Du|=5.25e+00 |DRu|=1.05e+01)
  [PT] w_u=3.6470 w_v=9.4920 gamma=0.999 (tau_u=2.742e-01 tau_v=1.054e-01 |Du|=4.62e+00 |DRu|=1.59e+01)
  [PT] w_u=3.3403 w_v=8.9274 gamma=0.999 (tau_u=2.994e-01 tau_v=1.120e-01 |Du|=3.57e+00 |DRu|=4.93e+00)
  [PT] w_u=3.4570 w_v=9.0268 gamma=0.984 (tau_u=2.893e-01 tau_v=1.108e-01 |Du|=5.97e+00 |DRu|=1.33e+01)
[Adam] ep= 1660  total=2.037e-01  PDE=3.277e-02 [colloc=2.773e-02, cfd=5.031e-03] (w=2.810)  IN=8.929e-03 (w=0.893)  TB=3.662e-03 (w=0.571)  WALL=8.375e-16 (w=0.200)  OUT=7.945e-03 (w=0.778)  DATA=1.796e-02 (w=5.312)  DATA_P=0.000e+00 (w=1.000)
  [PT] w_u=3.6427 w_v=8.2825 gamma=0.992 (tau_u=2.745e-01 tau_v=1.207e-01 |Du|=5.53e+00 |DRu|=1.46e+01)
  [PT] w_u=3.0439 w_v=7.9755 gamma=0.998 (tau_u=3.285e-01 tau_v=1.254e-01 |Du|=6.07e+00 |DRu|=6.72e+00)
  [PT] w_u=3.0996 w_v=8.4707 gamma=1.000 (tau_u=3.226e-01 tau_v=1.181e-01 |Du|=9.80e+00 |DRu|=1.89e+01)
  [PT] w_u=3.0532 w_v=7.8069 gamma=1.000 (tau_u=3.275e-01 tau_v=1.281e-01 |Du|=5.41e+00 |DRu|=8.88e+00)
  [PT] w_u=3.2087 w_v=7.3635 gamma=1.000 (tau_u=3.117e-01 tau_v=1.358e-01 |Du|=3.77e+00 |DRu|=9.17e+00)
  [PT] w_u=3.3129 w_v=7.5371 gamma=0.998 (tau_u=3.019e-01 tau_v=1.327e-01 |Du|=7.50e+00 |DRu|=1.62e+01)
  [PT] w_u=3.3313 w_v=7.7969 gamma=0.993 (tau_u=3.002e-01 tau_v=1.283e-01 |Du|=5.87e+00 |DRu|=1.10e+01)
  [PT] w_u=3.5261 w_v=7.7084 gamma=0.995 (tau_u=2.836e-01 tau_v=1.297e-01 |Du|=3.48e+00 |DRu|=9.48e+00)
  [PT] w_u=3.3394 w_v=7.4616 gamma=0.989 (tau_u=2.995e-01 tau_v=1.340e-01 |Du|=3.37e+00 |DRu|=5.05e+00)
  [PT] w_u=3.5989 w_v=7.9257 gamma=0.985 (tau_u=2.779e-01 tau_v=1.262e-01 |Du|=3.91e+00 |DRu|=1.34e+01)
  [PT] w_u=3.6654 w_v=8.1555 gamma=0.995 (tau_u=2.728e-01 tau_v=1.226e-01 |Du|=3.78e+00 |DRu|=7.91e+00)
  [PT] w_u=3.6641 w_v=8.5392 gamma=0.998 (tau_u=2.729e-01 tau_v=1.171e-01 |Du|=5.63e+00 |DRu|=1.08e+01)
  [PT] w_u=3.7643 w_v=9.0463 gamma=1.000 (tau_u=2.657e-01 tau_v=1.105e-01 |Du|=5.17e+00 |DRu|=1.16e+01)
  [PT] w_u=3.9373 w_v=9.4475 gamma=1.000 (tau_u=2.540e-01 tau_v=1.058e-01 |Du|=2.72e+00 |DRu|=7.04e+00)
  [PT] w_u=4.2250 w_v=9.8043 gamma=0.998 (tau_u=2.367e-01 tau_v=1.020e-01 |Du|=4.12e+00 |DRu|=1.44e+01)
  [PT] w_u=3.7772 w_v=9.7826 gamma=0.999 (tau_u=2.647e-01 tau_v=1.022e-01 |Du|=4.78e+00 |DRu|=6.64e+00)
  [PT] w_u=4.0189 w_v=10.1450 gamma=1.000 (tau_u=2.488e-01 tau_v=9.857e-02 |Du|=4.63e+00 |DRu|=1.42e+01)
  [PT] w_u=2.7595 w_v=9.9434 gamma=0.995 (tau_u=3.624e-01 tau_v=1.006e-01 |Du|=8.40e+00 |DRu|=7.13e+00)
  [PT] w_u=2.8628 w_v=10.5987 gamma=0.988 (tau_u=3.493e-01 tau_v=9.435e-02 |Du|=7.47e+00 |DRu|=1.54e+01)
  [PT] w_u=3.0353 w_v=10.7620 gamma=0.990 (tau_u=3.295e-01 tau_v=9.292e-02 |Du|=2.42e+00 |DRu|=6.21e+00)
[Adam] ep= 1680  total=1.996e-01  PDE=2.112e-02 [colloc=1.715e-02, cfd=3.972e-03] (w=2.667)  IN=1.384e-02 (w=0.930)  TB=3.912e-03 (w=0.593)  WALL=2.097e-16 (w=0.200)  OUT=7.200e-03 (w=0.900)  DATA=2.259e-02 (w=5.385)  DATA_P=0.000e+00 (w=1.000)
  [PT] w_u=3.1838 w_v=11.0051 gamma=0.997 (tau_u=3.141e-01 tau_v=9.087e-02 |Du|=5.57e+00 |DRu|=1.33e+01)
  [PT] w_u=2.5499 w_v=10.8282 gamma=0.999 (tau_u=3.922e-01 tau_v=9.235e-02 |Du|=7.16e+00 |DRu|=6.84e+00)
  [PT] w_u=2.5937 w_v=10.6446 gamma=0.998 (tau_u=3.855e-01 tau_v=9.394e-02 |Du|=5.67e+00 |DRu|=9.92e+00)
  [PT] w_u=2.7301 w_v=10.5510 gamma=0.999 (tau_u=3.663e-01 tau_v=9.478e-02 |Du|=4.18e+00 |DRu|=9.52e+00)
  [PT] w_u=2.9257 w_v=10.6321 gamma=0.999 (tau_u=3.418e-01 tau_v=9.406e-02 |Du|=3.05e+00 |DRu|=8.74e+00)
  [PT] w_u=2.5835 w_v=10.6033 gamma=0.994 (tau_u=3.871e-01 tau_v=9.431e-02 |Du|=5.37e+00 |DRu|=6.01e+00)
  [PT] w_u=2.6144 w_v=10.7541 gamma=0.989 (tau_u=3.825e-01 tau_v=9.299e-02 |Du|=6.20e+00 |DRu|=1.05e+01)
  [PT] w_u=2.7753 w_v=10.1996 gamma=0.992 (tau_u=3.603e-01 tau_v=9.804e-02 |Du|=3.70e+00 |DRu|=9.18e+00)
  [PT] w_u=2.9278 w_v=10.2821 gamma=0.993 (tau_u=3.416e-01 tau_v=9.726e-02 |Du|=3.15e+00 |DRu|=7.55e+00)
  [PT] w_u=2.5154 w_v=9.8832 gamma=1.000 (tau_u=3.976e-01 tau_v=1.012e-01 |Du|=8.69e+00 |DRu|=9.15e+00)
  [PT] w_u=2.4332 w_v=9.1426 gamma=1.000 (tau_u=4.110e-01 tau_v=1.094e-01 |Du|=7.03e+00 |DRu|=9.64e+00)
  [PT] w_u=2.5440 w_v=9.0730 gamma=0.998 (tau_u=3.931e-01 tau_v=1.102e-01 |Du|=5.15e+00 |DRu|=1.07e+01)
  [PT] w_u=2.2719 w_v=9.4011 gamma=0.994 (tau_u=4.402e-01 tau_v=1.064e-01 |Du|=7.65e+00 |DRu|=8.20e+00)
  [PT] w_u=2.2478 w_v=9.4994 gamma=0.988 (tau_u=4.449e-01 tau_v=1.053e-01 |Du|=5.74e+00 |DRu|=8.17e+00)
  [PT] w_u=2.3952 w_v=9.0972 gamma=0.991 (tau_u=4.175e-01 tau_v=1.099e-01 |Du|=3.61e+00 |DRu|=8.70e+00)
  [PT] w_u=2.5559 w_v=8.9005 gamma=0.993 (tau_u=3.913e-01 tau_v=1.124e-01 |Du|=3.74e+00 |DRu|=9.45e+00)
  [PT] w_u=2.3030 w_v=8.9936 gamma=0.997 (tau_u=4.342e-01 tau_v=1.112e-01 |Du|=5.36e+00 |DRu|=5.91e+00)
  [PT] w_u=2.0377 w_v=8.3751 gamma=1.000 (tau_u=4.907e-01 tau_v=1.194e-01 |Du|=7.81e+00 |DRu|=7.82e+00)
  [PT] w_u=2.2157 w_v=7.9890 gamma=0.999 (tau_u=4.513e-01 tau_v=1.252e-01 |Du|=3.92e+00 |DRu|=1.26e+01)
  [PT] w_u=2.3828 w_v=7.8131 gamma=0.998 (tau_u=4.197e-01 tau_v=1.280e-01 |Du|=3.44e+00 |DRu|=9.36e+00)
[Adam] ep= 1700  total=1.752e-01  PDE=3.163e-02 [colloc=2.899e-02, cfd=2.640e-03] (w=2.654)  IN=6.698e-03 (w=0.952)  TB=3.357e-03 (w=0.605)  WALL=5.869e-16 (w=0.200)  OUT=1.841e-03 (w=0.888)  DATA=1.510e-02 (w=5.378)  DATA_P=0.000e+00 (w=1.000)
  [PT] w_u=2.4457 w_v=7.9601 gamma=0.998 (tau_u=4.089e-01 tau_v=1.256e-01 |Du|=4.66e+00 |DRu|=8.35e+00)
  [PT] w_u=2.3819 w_v=7.2203 gamma=0.991 (tau_u=4.198e-01 tau_v=1.385e-01 |Du|=6.78e+00 |DRu|=9.38e+00)
  [PT] w_u=2.4434 w_v=7.3071 gamma=0.987 (tau_u=4.093e-01 tau_v=1.369e-01 |Du|=5.04e+00 |DRu|=8.93e+00)
  [PT] w_u=2.5835 w_v=7.5601 gamma=0.998 (tau_u=3.871e-01 tau_v=1.323e-01 |Du|=4.22e+00 |DRu|=9.73e+00)
  [PT] w_u=2.4392 w_v=7.8417 gamma=1.000 (tau_u=4.100e-01 tau_v=1.275e-01 |Du|=4.49e+00 |DRu|=5.72e+00)
  [PT] w_u=2.5291 w_v=7.9578 gamma=0.999 (tau_u=3.954e-01 tau_v=1.257e-01 |Du|=5.43e+00 |DRu|=1.06e+01)
  [PT] w_u=2.6489 w_v=7.7568 gamma=0.999 (tau_u=3.775e-01 tau_v=1.289e-01 |Du|=5.28e+00 |DRu|=1.13e+01)
  [PT] w_u=2.9003 w_v=8.1538 gamma=0.999 (tau_u=3.448e-01 tau_v=1.226e-01 |Du|=2.97e+00 |DRu|=1.32e+01)
  [PT] w_u=2.6762 w_v=8.6926 gamma=0.996 (tau_u=3.737e-01 tau_v=1.150e-01 |Du|=6.29e+00 |DRu|=7.89e+00)
  [PT] w_u=2.7221 w_v=9.0916 gamma=0.995 (tau_u=3.674e-01 tau_v=1.100e-01 |Du|=7.99e+00 |DRu|=1.43e+01)
  [PT] w_u=2.2710 w_v=8.9990 gamma=0.988 (tau_u=4.403e-01 tau_v=1.111e-01 |Du|=5.75e+00 |DRu|=5.46e+00)
  [PT] w_u=2.5001 w_v=9.4579 gamma=0.992 (tau_u=4.000e-01 tau_v=1.057e-01 |Du|=3.20e+00 |DRu|=1.66e+01)
  [PT] w_u=2.4173 w_v=9.1415 gamma=1.000 (tau_u=4.137e-01 tau_v=1.094e-01 |Du|=6.96e+00 |DRu|=9.50e+00)
  [PT] w_u=2.5680 w_v=9.3612 gamma=1.000 (tau_u=3.894e-01 tau_v=1.068e-01 |Du|=6.12e+00 |DRu|=1.48e+01)
  [PT] w_u=2.6481 w_v=9.7170 gamma=1.000 (tau_u=3.776e-01 tau_v=1.029e-01 |Du|=5.11e+00 |DRu|=9.81e+00)
  [PT] w_u=2.8670 w_v=9.8087 gamma=0.999 (tau_u=3.488e-01 tau_v=1.020e-01 |Du|=5.11e+00 |DRu|=1.71e+01)
  [PT] w_u=2.9568 w_v=9.2814 gamma=1.000 (tau_u=3.382e-01 tau_v=1.077e-01 |Du|=6.63e+00 |DRu|=1.35e+01)
  [PT] w_u=2.9321 w_v=8.4643 gamma=1.000 (tau_u=3.411e-01 tau_v=1.181e-01 |Du|=4.62e+00 |DRu|=7.63e+00)
  [PT] w_u=3.0954 w_v=9.0055 gamma=0.998 (tau_u=3.231e-01 tau_v=1.110e-01 |Du|=7.62e+00 |DRu|=1.90e+01)
  [PT] w_u=2.5676 w_v=9.2128 gamma=0.995 (tau_u=3.895e-01 tau_v=1.085e-01 |Du|=1.14e+01 |DRu|=1.15e+01)
[Adam] ep= 1720  total=1.759e-01  PDE=3.056e-02 [colloc=2.630e-02, cfd=4.261e-03] (w=2.767)  IN=5.170e-03 (w=0.840)  TB=3.738e-03 (w=0.598)  WALL=5.085e-16 (w=0.200)  OUT=5.709e-03 (w=0.919)  DATA=1.528e-02 (w=5.201)  DATA_P=0.000e+00 (w=1.000)
  [PT] w_u=2.4501 w_v=8.7707 gamma=0.987 (tau_u=4.082e-01 tau_v=1.140e-01 |Du|=7.90e+00 |DRu|=1.03e+01)
  [PT] w_u=2.6200 w_v=9.0255 gamma=0.979 (tau_u=3.817e-01 tau_v=1.108e-01 |Du|=4.07e+00 |DRu|=1.06e+01)
  [PT] w_u=2.7381 w_v=9.2758 gamma=0.998 (tau_u=3.652e-01 tau_v=1.078e-01 |Du|=7.39e+00 |DRu|=1.58e+01)
  [PT] w_u=2.8592 w_v=9.2356 gamma=1.000 (tau_u=3.497e-01 tau_v=1.083e-01 |Du|=4.28e+00 |DRu|=9.33e+00)
  [PT] w_u=2.9644 w_v=9.6229 gamma=0.998 (tau_u=3.373e-01 tau_v=1.039e-01 |Du|=3.93e+00 |DRu|=8.27e+00)
  [PT] w_u=3.1956 w_v=10.0217 gamma=0.992 (tau_u=3.129e-01 tau_v=9.978e-02 |Du|=4.81e+00 |DRu|=1.57e+01)
  [PT] w_u=2.7898 w_v=9.4611 gamma=1.000 (tau_u=3.584e-01 tau_v=1.057e-01 |Du|=8.73e+00 |DRu|=9.96e+00)
  [PT] w_u=2.8696 w_v=9.1680 gamma=1.000 (tau_u=3.485e-01 tau_v=1.091e-01 |Du|=6.31e+00 |DRu|=1.24e+01)
  [PT] w_u=2.8853 w_v=9.3931 gamma=0.998 (tau_u=3.466e-01 tau_v=1.065e-01 |Du|=7.09e+00 |DRu|=1.23e+01)
  [PT] w_u=2.8715 w_v=9.9445 gamma=0.991 (tau_u=3.482e-01 tau_v=1.006e-01 |Du|=8.50e+00 |DRu|=1.40e+01)
  [PT] w_u=2.6847 w_v=10.3446 gamma=0.990 (tau_u=3.725e-01 tau_v=9.667e-02 |Du|=5.37e+00 |DRu|=6.96e+00)
  [PT] w_u=2.9135 w_v=10.5405 gamma=0.993 (tau_u=3.432e-01 tau_v=9.487e-02 |Du|=3.35e+00 |DRu|=1.18e+01)
  [PT] w_u=3.0978 w_v=10.6936 gamma=0.992 (tau_u=3.228e-01 tau_v=9.351e-02 |Du|=3.89e+00 |DRu|=1.04e+01)
  [PT] w_u=3.1544 w_v=10.0165 gamma=0.992 (tau_u=3.170e-01 tau_v=9.984e-02 |Du|=3.49e+00 |DRu|=6.75e+00)
  [PT] w_u=3.0734 w_v=9.7693 gamma=0.994 (tau_u=3.254e-01 tau_v=1.024e-01 |Du|=5.71e+00 |DRu|=9.00e+00)
  [PT] w_u=2.7477 w_v=10.0380 gamma=1.000 (tau_u=3.639e-01 tau_v=9.962e-02 |Du|=1.23e+01 |DRu|=1.45e+01)
  [PT] w_u=2.4747 w_v=9.2313 gamma=1.000 (tau_u=4.041e-01 tau_v=1.083e-01 |Du|=5.61e+00 |DRu|=6.41e+00)
  [PT] w_u=2.6682 w_v=9.3776 gamma=0.999 (tau_u=3.748e-01 tau_v=1.066e-01 |Du|=6.12e+00 |DRu|=1.84e+01)
  [PT] w_u=2.1430 w_v=7.6029 gamma=0.998 (tau_u=4.666e-01 tau_v=1.315e-01 |Du|=4.61e+00 |DRu|=4.05e+00)
  [PT] w_u=2.3137 w_v=8.0901 gamma=0.997 (tau_u=4.322e-01 tau_v=1.236e-01 |Du|=5.10e+00 |DRu|=1.46e+01)
[Adam] ep= 1740  total=1.966e-01  PDE=2.776e-02 [colloc=2.564e-02, cfd=2.111e-03] (w=2.729)  IN=7.484e-03 (w=0.940)  TB=3.235e-03 (w=0.604)  WALL=2.425e-16 (w=0.200)  OUT=1.017e-03 (w=0.735)  DATA=2.015e-02 (w=5.513)  DATA_P=0.000e+00 (w=1.000)
  [PT] w_u=2.2662 w_v=8.2379 gamma=0.997 (tau_u=4.413e-01 tau_v=1.214e-01 |Du|=5.37e+00 |DRu|=7.42e+00)
  [PT] w_u=2.1974 w_v=8.2898 gamma=0.982 (tau_u=4.551e-01 tau_v=1.206e-01 |Du|=8.07e+00 |DRu|=1.05e+01)
  [PT] w_u=2.3394 w_v=7.1263 gamma=0.990 (tau_u=4.275e-01 tau_v=1.403e-01 |Du|=3.85e+00 |DRu|=9.06e+00)
  [PT] w_u=2.0588 w_v=6.0257 gamma=0.997 (tau_u=4.857e-01 tau_v=1.660e-01 |Du|=5.59e+00 |DRu|=5.55e+00)
  [PT] w_u=2.1631 w_v=6.3058 gamma=0.999 (tau_u=4.623e-01 tau_v=1.586e-01 |Du|=4.77e+00 |DRu|=9.51e+00)
  [PT] w_u=2.3615 w_v=6.0958 gamma=0.998 (tau_u=4.235e-01 tau_v=1.640e-01 |Du|=3.26e+00 |DRu|=1.20e+01)
  [PT] w_u=2.5322 w_v=5.7015 gamma=0.999 (tau_u=3.949e-01 tau_v=1.754e-01 |Du|=3.58e+00 |DRu|=9.64e+00)
  [PT] w_u=2.5772 w_v=5.7127 gamma=0.999 (tau_u=3.880e-01 tau_v=1.750e-01 |Du|=4.10e+00 |DRu|=7.18e+00)
  [PT] w_u=2.4406 w_v=5.7459 gamma=0.993 (tau_u=4.097e-01 tau_v=1.740e-01 |Du|=5.84e+00 |DRu|=7.48e+00)
  [PT] w_u=2.5499 w_v=5.6843 gamma=0.993 (tau_u=3.922e-01 tau_v=1.759e-01 |Du|=4.41e+00 |DRu|=9.07e+00)
  [PT] w_u=2.7908 w_v=5.8323 gamma=0.997 (tau_u=3.583e-01 tau_v=1.715e-01 |Du|=2.33e+00 |DRu|=1.00e+01)
  [PT] w_u=2.7855 w_v=6.2527 gamma=0.991 (tau_u=3.590e-01 tau_v=1.599e-01 |Du|=2.97e+00 |DRu|=4.89e+00)
  [PT] w_u=3.0131 w_v=6.4786 gamma=0.994 (tau_u=3.319e-01 tau_v=1.544e-01 |Du|=3.71e+00 |DRu|=1.25e+01)
  [PT] w_u=2.6303 w_v=6.6342 gamma=0.998 (tau_u=3.802e-01 tau_v=1.507e-01 |Du|=7.04e+00 |DRu|=7.79e+00)
  [PT] w_u=2.8449 w_v=7.3011 gamma=1.000 (tau_u=3.515e-01 tau_v=1.370e-01 |Du|=5.55e+00 |DRu|=1.82e+01)
  [PT] w_u=2.9999 w_v=7.7776 gamma=1.000 (tau_u=3.333e-01 tau_v=1.286e-01 |Du|=2.12e+00 |DRu|=5.14e+00)
  [PT] w_u=3.2784 w_v=8.4257 gamma=0.998 (tau_u=3.050e-01 tau_v=1.187e-01 |Du|=4.21e+00 |DRu|=1.88e+01)
  [PT] w_u=3.1784 w_v=8.6680 gamma=0.998 (tau_u=3.146e-01 tau_v=1.154e-01 |Du|=4.86e+00 |DRu|=7.67e+00)
  [PT] w_u=3.0467 w_v=9.0576 gamma=0.991 (tau_u=3.282e-01 tau_v=1.104e-01 |Du|=6.38e+00 |DRu|=9.47e+00)
  [PT] w_u=3.1127 w_v=8.9905 gamma=0.992 (tau_u=3.213e-01 tau_v=1.112e-01 |Du|=6.93e+00 |DRu|=1.36e+01)
[Adam] ep= 1760  total=1.491e-01  PDE=2.067e-02 [colloc=1.873e-02, cfd=1.941e-03] (w=2.904)  IN=5.557e-03 (w=0.857)  TB=2.607e-03 (w=0.626)  WALL=4.748e-16 (w=0.200)  OUT=4.345e-04 (w=0.446)  DATA=1.485e-02 (w=5.553)  DATA_P=0.000e+00 (w=1.000)
  [PT] w_u=1.9757 w_v=8.2239 gamma=0.991 (tau_u=5.061e-01 tau_v=1.216e-01 |Du|=4.15e+00 |DRu|=2.80e+00)
  [PT] w_u=2.1744 w_v=8.5530 gamma=0.984 (tau_u=4.599e-01 tau_v=1.169e-01 |Du|=2.03e+00 |DRu|=9.65e+00)
  [PT] w_u=2.0279 w_v=8.3852 gamma=1.000 (tau_u=4.931e-01 tau_v=1.193e-01 |Du|=1.05e+01 |DRu|=1.18e+01)
  [PT] w_u=1.4351 w_v=7.4936 gamma=1.000 (tau_u=6.968e-01 tau_v=1.334e-01 |Du|=9.44e+00 |DRu|=5.93e+00)
  [PT] w_u=1.5395 w_v=7.9093 gamma=0.999 (tau_u=6.496e-01 tau_v=1.264e-01 |Du|=6.07e+00 |DRu|=1.28e+01)
  [PT] w_u=1.6044 w_v=7.8036 gamma=0.999 (tau_u=6.233e-01 tau_v=1.281e-01 |Du|=7.53e+00 |DRu|=1.21e+01)
  [PT] w_u=1.3854 w_v=6.3328 gamma=0.996 (tau_u=7.218e-01 tau_v=1.579e-01 |Du|=6.38e+00 |DRu|=5.02e+00)
  [PT] w_u=1.5001 w_v=6.7294 gamma=0.995 (tau_u=6.666e-01 tau_v=1.486e-01 |Du|=6.47e+00 |DRu|=1.57e+01)
  [PT] w_u=1.5102 w_v=6.9721 gamma=0.997 (tau_u=6.622e-01 tau_v=1.434e-01 |Du|=3.83e+00 |DRu|=4.85e+00)
  [PT] w_u=1.6382 w_v=7.3290 gamma=0.990 (tau_u=6.104e-01 tau_v=1.364e-01 |Du|=3.39e+00 |DRu|=8.86e+00)
  [PT] w_u=1.7199 w_v=6.9335 gamma=0.998 (tau_u=5.814e-01 tau_v=1.442e-01 |Du|=8.25e+00 |DRu|=1.46e+01)
  [PT] w_u=1.4265 w_v=5.8374 gamma=0.999 (tau_u=7.010e-01 tau_v=1.713e-01 |Du|=6.63e+00 |DRu|=4.97e+00)
  [PT] w_u=1.5732 w_v=6.2036 gamma=0.999 (tau_u=6.356e-01 tau_v=1.612e-01 |Du|=3.22e+00 |DRu|=1.48e+01)
  [PT] w_u=1.6822 w_v=6.5774 gamma=0.996 (tau_u=5.945e-01 tau_v=1.520e-01 |Du|=3.51e+00 |DRu|=7.40e+00)
  [PT] w_u=1.8115 w_v=6.6124 gamma=0.994 (tau_u=5.520e-01 tau_v=1.512e-01 |Du|=5.73e+00 |DRu|=1.39e+01)
  [PT] w_u=1.7478 w_v=6.0216 gamma=0.994 (tau_u=5.721e-01 tau_v=1.661e-01 |Du|=5.37e+00 |DRu|=6.17e+00)
  [PT] w_u=1.9105 w_v=6.3734 gamma=0.992 (tau_u=5.234e-01 tau_v=1.569e-01 |Du|=2.62e+00 |DRu|=8.98e+00)
  [PT] w_u=2.1038 w_v=6.5237 gamma=0.995 (tau_u=4.753e-01 tau_v=1.533e-01 |Du|=2.64e+00 |DRu|=1.28e+01)
  [PT] w_u=2.1681 w_v=6.5140 gamma=0.995 (tau_u=4.612e-01 tau_v=1.535e-01 |Du|=3.37e+00 |DRu|=5.81e+00)
  [PT] w_u=2.3715 w_v=6.8166 gamma=1.000 (tau_u=4.217e-01 tau_v=1.467e-01 |Du|=4.00e+00 |DRu|=1.56e+01)
[Adam] ep= 1780  total=1.553e-01  PDE=2.445e-02 [colloc=2.220e-02, cfd=2.255e-03] (w=2.834)  IN=4.930e-03 (w=0.912)  TB=2.170e-03 (w=0.623)  WALL=5.320e-16 (w=0.200)  OUT=3.147e-04 (w=0.424)  DATA=1.403e-02 (w=5.702)  DATA_P=0.000e+00 (w=1.000)
  [PT] w_u=2.5241 w_v=6.8640 gamma=1.000 (tau_u=3.962e-01 tau_v=1.457e-01 |Du|=1.76e+00 |DRu|=4.31e+00)
  [PT] w_u=2.7881 w_v=7.4118 gamma=0.997 (tau_u=3.587e-01 tau_v=1.349e-01 |Du|=2.27e+00 |DRu|=1.56e+01)
  [PT] w_u=2.9898 w_v=7.7718 gamma=0.997 (tau_u=3.345e-01 tau_v=1.287e-01 |Du|=3.67e+00 |DRu|=1.07e+01)
  [PT] w_u=3.2563 w_v=7.9142 gamma=0.999 (tau_u=3.071e-01 tau_v=1.264e-01 |Du|=1.74e+00 |DRu|=7.05e+00)
  [PT] w_u=3.3867 w_v=8.1904 gamma=0.998 (tau_u=2.953e-01 tau_v=1.221e-01 |Du|=3.95e+00 |DRu|=9.09e+00)
  [PT] w_u=3.7132 w_v=8.7202 gamma=1.000 (tau_u=2.693e-01 tau_v=1.147e-01 |Du|=3.90e+00 |DRu|=2.07e+01)
  [PT] w_u=3.6089 w_v=8.9931 gamma=1.000 (tau_u=2.771e-01 tau_v=1.112e-01 |Du|=4.84e+00 |DRu|=8.22e+00)
  [PT] w_u=3.6311 w_v=8.8577 gamma=0.999 (tau_u=2.754e-01 tau_v=1.129e-01 |Du|=4.70e+00 |DRu|=9.21e+00)
  [PT] w_u=3.9451 w_v=8.6932 gamma=0.995 (tau_u=2.535e-01 tau_v=1.150e-01 |Du|=4.19e+00 |DRu|=1.76e+01)
  [PT] w_u=4.2258 w_v=8.8075 gamma=1.000 (tau_u=2.366e-01 tau_v=1.135e-01 |Du|=5.29e+00 |DRu|=1.81e+01)
  [PT] w_u=3.9334 w_v=8.8643 gamma=1.000 (tau_u=2.542e-01 tau_v=1.128e-01 |Du|=5.61e+00 |DRu|=8.73e+00)
  [PT] w_u=3.7662 w_v=8.9314 gamma=1.000 (tau_u=2.655e-01 tau_v=1.120e-01 |Du|=6.35e+00 |DRu|=1.05e+01)
  [PT] w_u=3.9879 w_v=9.0334 gamma=0.997 (tau_u=2.508e-01 tau_v=1.107e-01 |Du|=5.49e+00 |DRu|=1.60e+01)
  [PT] w_u=4.2996 w_v=9.2005 gamma=0.998 (tau_u=2.326e-01 tau_v=1.087e-01 |Du|=3.98e+00 |DRu|=1.51e+01)
  [PT] w_u=3.9699 w_v=8.9385 gamma=0.998 (tau_u=2.519e-01 tau_v=1.119e-01 |Du|=5.46e+00 |DRu|=8.37e+00)
  [PT] w_u=3.5499 w_v=7.7572 gamma=0.993 (tau_u=2.817e-01 tau_v=1.289e-01 |Du|=7.54e+00 |DRu|=1.01e+01)
  [PT] w_u=3.5746 w_v=6.5846 gamma=0.989 (tau_u=2.798e-01 tau_v=1.519e-01 |Du|=7.72e+00 |DRu|=1.50e+01)
  [PT] w_u=3.6753 w_v=6.3179 gamma=0.996 (tau_u=2.721e-01 tau_v=1.583e-01 |Du|=4.12e+00 |DRu|=9.13e+00)
  [PT] w_u=3.8307 w_v=6.5177 gamma=0.997 (tau_u=2.611e-01 tau_v=1.534e-01 |Du|=2.56e+00 |DRu|=6.37e+00)
  [PT] w_u=3.8784 w_v=6.4901 gamma=0.996 (tau_u=2.578e-01 tau_v=1.541e-01 |Du|=5.26e+00 |DRu|=1.10e+01)
[Adam] ep= 1800  total=1.834e-01  PDE=2.735e-02 [colloc=2.425e-02, cfd=3.108e-03] (w=2.749)  IN=7.036e-03 (w=0.920)  TB=4.523e-03 (w=0.620)  WALL=5.785e-16 (w=0.200)  OUT=4.049e-03 (w=0.563)  DATA=1.670e-02 (w=5.788)  DATA_P=0.000e+00 (w=1.000)
  [PT] w_u=3.4172 w_v=5.8231 gamma=0.994 (tau_u=2.926e-01 tau_v=1.717e-01 |Du|=7.74e+00 |DRu|=9.91e+00)
  [PT] w_u=2.0438 w_v=4.8492 gamma=0.998 (tau_u=4.893e-01 tau_v=2.062e-01 |Du|=6.80e+00 |DRu|=4.52e+00)
  [PT] w_u=2.1341 w_v=5.1260 gamma=1.000 (tau_u=4.686e-01 tau_v=1.951e-01 |Du|=4.94e+00 |DRu|=9.29e+00)
  [PT] w_u=2.2461 w_v=5.3141 gamma=0.999 (tau_u=4.452e-01 tau_v=1.882e-01 |Du|=4.96e+00 |DRu|=1.02e+01)
  [PT] w_u=2.2365 w_v=5.3651 gamma=0.998 (tau_u=4.471e-01 tau_v=1.864e-01 |Du|=4.91e+00 |DRu|=7.20e+00)
  [PT] w_u=2.3600 w_v=5.7003 gamma=0.996 (tau_u=4.237e-01 tau_v=1.754e-01 |Du|=4.08e+00 |DRu|=8.81e+00)
  [PT] w_u=2.5629 w_v=6.0258 gamma=1.000 (tau_u=3.902e-01 tau_v=1.660e-01 |Du|=3.54e+00 |DRu|=1.19e+01)
  [PT] w_u=2.5930 w_v=6.0840 gamma=1.000 (tau_u=3.857e-01 tau_v=1.644e-01 |Du|=2.89e+00 |DRu|=4.92e+00)
  [PT] w_u=2.5679 w_v=6.3889 gamma=0.997 (tau_u=3.894e-01 tau_v=1.565e-01 |Du|=3.92e+00 |DRu|=6.01e+00)
  [PT] w_u=2.7582 w_v=6.7210 gamma=0.990 (tau_u=3.626e-01 tau_v=1.488e-01 |Du|=3.87e+00 |DRu|=1.11e+01)
  [PT] w_u=2.8695 w_v=6.6737 gamma=0.999 (tau_u=3.485e-01 tau_v=1.498e-01 |Du|=3.72e+00 |DRu|=7.90e+00)
  [PT] w_u=2.4780 w_v=6.2897 gamma=0.999 (tau_u=4.036e-01 tau_v=1.590e-01 |Du|=3.37e+00 |DRu|=3.55e+00)
  [PT] w_u=2.6803 w_v=6.5595 gamma=0.993 (tau_u=3.731e-01 tau_v=1.525e-01 |Du|=3.05e+00 |DRu|=9.67e+00)
  [PT] w_u=2.8766 w_v=6.4587 gamma=0.998 (tau_u=3.476e-01 tau_v=1.548e-01 |Du|=4.06e+00 |DRu|=1.18e+01)
  [PT] w_u=2.5638 w_v=5.5739 gamma=0.998 (tau_u=3.900e-01 tau_v=1.794e-01 |Du|=2.89e+00 |DRu|=3.28e+00)
  [PT] w_u=2.7265 w_v=5.9426 gamma=0.993 (tau_u=3.668e-01 tau_v=1.683e-01 |Du|=3.32e+00 |DRu|=8.35e+00)
  [PT] w_u=2.9248 w_v=5.8896 gamma=0.994 (tau_u=3.419e-01 tau_v=1.698e-01 |Du|=3.08e+00 |DRu|=8.93e+00)
  [PT] w_u=2.8243 w_v=5.2942 gamma=0.998 (tau_u=3.541e-01 tau_v=1.889e-01 |Du|=3.63e+00 |DRu|=5.32e+00)
  [PT] w_u=2.8476 w_v=5.5657 gamma=0.996 (tau_u=3.512e-01 tau_v=1.797e-01 |Du|=3.49e+00 |DRu|=6.11e+00)
  [PT] w_u=3.0363 w_v=5.5767 gamma=0.994 (tau_u=3.294e-01 tau_v=1.793e-01 |Du|=3.65e+00 |DRu|=9.98e+00)
[Adam] ep= 1820  total=1.588e-01  PDE=2.483e-02 [colloc=2.301e-02, cfd=1.819e-03] (w=2.859)  IN=6.087e-03 (w=0.946)  TB=1.966e-03 (w=0.577)  WALL=6.362e-16 (w=0.200)  OUT=4.996e-04 (w=0.377)  DATA=1.428e-02 (w=5.652)  DATA_P=0.000e+00 (w=1.000)
  [PT] w_u=3.2212 w_v=5.3305 gamma=0.998 (tau_u=3.104e-01 tau_v=1.876e-01 |Du|=2.52e+00 |DRu|=6.72e+00)
  [PT] w_u=3.4574 w_v=5.6371 gamma=0.998 (tau_u=2.892e-01 tau_v=1.774e-01 |Du|=1.85e+00 |DRu|=5.89e+00)
  [PT] w_u=3.7032 w_v=5.6476 gamma=0.997 (tau_u=2.700e-01 tau_v=1.771e-01 |Du|=3.01e+00 |DRu|=9.64e+00)
  [PT] w_u=3.8355 w_v=5.3938 gamma=0.998 (tau_u=2.607e-01 tau_v=1.854e-01 |Du|=3.16e+00 |DRu|=7.50e+00)
  [PT] w_u=4.0157 w_v=5.3904 gamma=0.998 (tau_u=2.490e-01 tau_v=1.855e-01 |Du|=2.24e+00 |DRu|=5.90e+00)
  [PT] w_u=4.2986 w_v=5.5954 gamma=0.995 (tau_u=2.326e-01 tau_v=1.787e-01 |Du|=2.26e+00 |DRu|=7.73e+00)
  [PT] w_u=4.0818 w_v=5.1839 gamma=0.996 (tau_u=2.450e-01 tau_v=1.929e-01 |Du|=5.02e+00 |DRu|=8.39e+00)
  [PT] w_u=3.8185 w_v=4.5488 gamma=0.997 (tau_u=2.619e-01 tau_v=2.198e-01 |Du|=4.93e+00 |DRu|=7.66e+00)
  [PT] w_u=3.9430 w_v=4.8080 gamma=0.995 (tau_u=2.536e-01 tau_v=2.080e-01 |Du|=2.52e+00 |DRu|=5.93e+00)
  [PT] w_u=3.8782 w_v=4.7346 gamma=0.994 (tau_u=2.578e-01 tau_v=2.112e-01 |Du|=3.79e+00 |DRu|=6.95e+00)
  [PT] w_u=3.1835 w_v=4.1527 gamma=0.998 (tau_u=3.141e-01 tau_v=2.408e-01 |Du|=7.48e+00 |DRu|=8.25e+00)
  [PT] w_u=2.8839 w_v=3.8726 gamma=0.998 (tau_u=3.468e-01 tau_v=2.582e-01 |Du|=5.87e+00 |DRu|=7.32e+00)
  [PT] w_u=2.9396 w_v=4.1966 gamma=0.995 (tau_u=3.402e-01 tau_v=2.383e-01 |Du|=3.54e+00 |DRu|=6.66e+00)
  [PT] w_u=2.9920 w_v=4.0235 gamma=0.995 (tau_u=3.342e-01 tau_v=2.485e-01 |Du|=4.14e+00 |DRu|=7.80e+00)
  [PT] w_u=2.6515 w_v=3.4022 gamma=0.994 (tau_u=3.771e-01 tau_v=2.939e-01 |Du|=6.71e+00 |DRu|=7.66e+00)
  [PT] w_u=2.6657 w_v=3.5504 gamma=0.992 (tau_u=3.751e-01 tau_v=2.817e-01 |Du|=4.66e+00 |DRu|=7.77e+00)
  [PT] w_u=2.6296 w_v=3.7910 gamma=0.997 (tau_u=3.803e-01 tau_v=2.638e-01 |Du|=4.91e+00 |DRu|=7.51e+00)
  [PT] w_u=2.3710 w_v=3.5450 gamma=0.998 (tau_u=4.218e-01 tau_v=2.821e-01 |Du|=4.85e+00 |DRu|=5.44e+00)
  [PT] w_u=2.3978 w_v=3.5531 gamma=0.995 (tau_u=4.170e-01 tau_v=2.814e-01 |Du|=6.86e+00 |DRu|=1.12e+01)
  [PT] w_u=2.5278 w_v=3.7582 gamma=0.995 (tau_u=3.956e-01 tau_v=2.661e-01 |Du|=3.29e+00 |DRu|=7.29e+00)
[Adam] ep= 1840  total=1.676e-01  PDE=2.525e-02 [colloc=2.136e-02, cfd=3.884e-03] (w=2.823)  IN=4.952e-03 (w=0.945)  TB=2.012e-03 (w=0.628)  WALL=3.809e-16 (w=0.200)  OUT=1.657e-03 (w=0.369)  DATA=1.574e-02 (w=5.706)  DATA_P=0.000e+00 (w=1.000)
  [PT] w_u=2.6995 w_v=3.8838 gamma=0.996 (tau_u=3.704e-01 tau_v=2.575e-01 |Du|=2.65e+00 |DRu|=6.96e+00)
  [PT] w_u=2.6201 w_v=3.8968 gamma=0.989 (tau_u=3.817e-01 tau_v=2.566e-01 |Du|=6.17e+00 |DRu|=8.83e+00)
  [PT] w_u=2.7016 w_v=4.1175 gamma=0.994 (tau_u=3.702e-01 tau_v=2.429e-01 |Du|=4.47e+00 |DRu|=8.63e+00)
  [PT] w_u=2.4081 w_v=4.1691 gamma=0.997 (tau_u=4.153e-01 tau_v=2.399e-01 |Du|=4.38e+00 |DRu|=4.83e+00)
  [PT] w_u=2.5933 w_v=4.2999 gamma=0.994 (tau_u=3.856e-01 tau_v=2.326e-01 |Du|=4.20e+00 |DRu|=1.22e+01)
  [PT] w_u=2.7519 w_v=4.4520 gamma=0.998 (tau_u=3.634e-01 tau_v=2.246e-01 |Du|=3.21e+00 |DRu|=7.93e+00)
  [PT] w_u=2.8738 w_v=4.3572 gamma=0.996 (tau_u=3.480e-01 tau_v=2.295e-01 |Du|=2.41e+00 |DRu|=5.27e+00)
  [PT] w_u=2.6517 w_v=4.3377 gamma=0.988 (tau_u=3.771e-01 tau_v=2.305e-01 |Du|=8.96e+00 |DRu|=1.11e+01)
  [PT] w_u=2.8418 w_v=4.4220 gamma=0.992 (tau_u=3.519e-01 tau_v=2.261e-01 |Du|=2.85e+00 |DRu|=8.03e+00)
  [PT] w_u=2.9228 w_v=4.6376 gamma=0.999 (tau_u=3.421e-01 tau_v=2.156e-01 |Du|=5.07e+00 |DRu|=1.00e+01)
  [PT] w_u=2.8988 w_v=4.3129 gamma=0.994 (tau_u=3.450e-01 tau_v=2.319e-01 |Du|=4.53e+00 |DRu|=7.42e+00)
  [PT] w_u=3.1267 w_v=4.6102 gamma=0.997 (tau_u=3.198e-01 tau_v=2.169e-01 |Du|=6.29e+00 |DRu|=2.05e+01)
  [PT] w_u=2.9239 w_v=4.5765 gamma=1.000 (tau_u=3.420e-01 tau_v=2.185e-01 |Du|=3.84e+00 |DRu|=5.22e+00)
  [PT] w_u=3.0384 w_v=4.9065 gamma=1.000 (tau_u=3.291e-01 tau_v=2.038e-01 |Du|=6.79e+00 |DRu|=1.47e+01)
  [PT] w_u=3.2325 w_v=5.1669 gamma=1.000 (tau_u=3.094e-01 tau_v=1.935e-01 |Du|=6.88e+00 |DRu|=1.90e+01)
  [PT] w_u=2.9301 w_v=4.6971 gamma=1.000 (tau_u=3.413e-01 tau_v=2.129e-01 |Du|=5.70e+00 |DRu|=7.18e+00)
  [PT] w_u=2.9088 w_v=4.8404 gamma=0.995 (tau_u=3.438e-01 tau_v=2.066e-01 |Du|=1.01e+01 |DRu|=1.66e+01)
  [PT] w_u=2.8972 w_v=5.1803 gamma=0.990 (tau_u=3.452e-01 tau_v=1.930e-01 |Du|=7.39e+00 |DRu|=1.23e+01)
  [PT] w_u=3.1030 w_v=5.2122 gamma=0.980 (tau_u=3.223e-01 tau_v=1.919e-01 |Du|=1.74e+00 |DRu|=5.05e+00)
  [PT] w_u=3.2169 w_v=5.3854 gamma=0.995 (tau_u=3.109e-01 tau_v=1.857e-01 |Du|=7.39e+00 |DRu|=1.62e+01)
[Adam] ep= 1860  total=1.746e-01  PDE=1.610e-02 [colloc=1.396e-02, cfd=2.143e-03] (w=2.877)  IN=1.037e-02 (w=0.865)  TB=2.648e-03 (w=0.592)  WALL=2.309e-16 (w=0.200)  OUT=1.558e-03 (w=0.495)  DATA=2.080e-02 (w=5.625)  DATA_P=0.000e+00 (w=1.000)
  [PT] w_u=2.4231 w_v=4.7659 gamma=0.998 (tau_u=4.127e-01 tau_v=2.098e-01 |Du|=4.87e+00 |DRu|=4.22e+00)
  [PT] w_u=2.6265 w_v=5.1646 gamma=0.992 (tau_u=3.807e-01 tau_v=1.936e-01 |Du|=4.39e+00 |DRu|=1.43e+01)
  [PT] w_u=2.7978 w_v=5.5481 gamma=0.988 (tau_u=3.574e-01 tau_v=1.802e-01 |Du|=2.19e+00 |DRu|=5.68e+00)
  [PT] w_u=2.9743 w_v=5.9278 gamma=0.997 (tau_u=3.362e-01 tau_v=1.687e-01 |Du|=5.87e+00 |DRu|=1.54e+01)
  [PT] w_u=3.1122 w_v=5.9576 gamma=0.999 (tau_u=3.213e-01 tau_v=1.679e-01 |Du|=2.58e+00 |DRu|=5.96e+00)
  [PT] w_u=3.1769 w_v=6.3611 gamma=0.995 (tau_u=3.148e-01 tau_v=1.572e-01 |Du|=6.95e+00 |DRu|=1.37e+01)
  [PT] w_u=2.6625 w_v=6.6667 gamma=0.991 (tau_u=3.756e-01 tau_v=1.500e-01 |Du|=3.02e+00 |DRu|=3.13e+00)
  [PT] w_u=2.8479 w_v=6.9754 gamma=0.993 (tau_u=3.511e-01 tau_v=1.434e-01 |Du|=4.22e+00 |DRu|=1.16e+01)
  [PT] w_u=3.1080 w_v=7.3680 gamma=0.996 (tau_u=3.218e-01 tau_v=1.357e-01 |Du|=2.35e+00 |DRu|=9.80e+00)
  [PT] w_u=3.0639 w_v=7.8017 gamma=0.993 (tau_u=3.264e-01 tau_v=1.282e-01 |Du|=2.69e+00 |DRu|=4.42e+00)
  [PT] w_u=3.1098 w_v=7.0193 gamma=0.992 (tau_u=3.216e-01 tau_v=1.425e-01 |Du|=3.70e+00 |DRu|=6.98e+00)
  [PT] w_u=3.3743 w_v=6.8084 gamma=0.994 (tau_u=2.964e-01 tau_v=1.469e-01 |Du|=2.89e+00 |DRu|=1.09e+01)
  [PT] w_u=3.5929 w_v=6.9782 gamma=0.995 (tau_u=2.783e-01 tau_v=1.433e-01 |Du|=1.88e+00 |DRu|=5.52e+00)
  [PT] w_u=3.9294 w_v=6.6365 gamma=0.995 (tau_u=2.545e-01 tau_v=1.507e-01 |Du|=2.47e+00 |DRu|=1.23e+01)
  [PT] w_u=2.8293 w_v=4.7087 gamma=0.991 (tau_u=3.534e-01 tau_v=2.124e-01 |Du|=5.03e+00 |DRu|=4.49e+00)
  [PT] w_u=3.0328 w_v=4.8112 gamma=0.993 (tau_u=3.297e-01 tau_v=2.078e-01 |Du|=5.81e+00 |DRu|=1.70e+01)
  [PT] w_u=2.9992 w_v=4.9508 gamma=0.999 (tau_u=3.334e-01 tau_v=2.020e-01 |Du|=3.54e+00 |DRu|=5.85e+00)
  [PT] w_u=3.2781 w_v=5.4444 gamma=0.998 (tau_u=3.051e-01 tau_v=1.837e-01 |Du|=2.72e+00 |DRu|=1.22e+01)
  [PT] w_u=3.0936 w_v=5.1637 gamma=0.991 (tau_u=3.232e-01 tau_v=1.937e-01 |Du|=5.67e+00 |DRu|=8.09e+00)
  [PT] w_u=3.2560 w_v=4.8292 gamma=0.986 (tau_u=3.071e-01 tau_v=2.071e-01 |Du|=4.30e+00 |DRu|=1.06e+01)
[Adam] ep= 1880  total=1.570e-01  PDE=2.132e-02 [colloc=1.858e-02, cfd=2.746e-03] (w=2.847)  IN=7.805e-03 (w=0.879)  TB=2.820e-03 (w=0.641)  WALL=4.180e-16 (w=0.200)  OUT=1.380e-03 (w=0.428)  DATA=1.527e-02 (w=5.699)  DATA_P=0.000e+00 (w=1.000)
  [PT] w_u=2.9341 w_v=5.0179 gamma=1.000 (tau_u=3.408e-01 tau_v=1.993e-01 |Du|=1.04e+01 |DRu|=1.30e+01)
  [PT] w_u=3.1062 w_v=5.3625 gamma=1.000 (tau_u=3.219e-01 tau_v=1.865e-01 |Du|=2.96e+00 |DRu|=7.60e+00)
  [PT] w_u=3.1473 w_v=5.6549 gamma=0.993 (tau_u=3.177e-01 tau_v=1.768e-01 |Du|=7.54e+00 |DRu|=1.42e+01)
  [PT] w_u=3.1251 w_v=5.3904 gamma=0.989 (tau_u=3.200e-01 tau_v=1.855e-01 |Du|=4.74e+00 |DRu|=8.08e+00)
  [PT] w_u=3.2031 w_v=5.6392 gamma=0.999 (tau_u=3.122e-01 tau_v=1.773e-01 |Du|=7.55e+00 |DRu|=1.53e+01)
  [PT] w_u=3.1811 w_v=5.7814 gamma=1.000 (tau_u=3.144e-01 tau_v=1.730e-01 |Du|=3.74e+00 |DRu|=6.46e+00)
  [PT] w_u=2.7128 w_v=6.1382 gamma=0.986 (tau_u=3.686e-01 tau_v=1.629e-01 |Du|=9.45e+00 |DRu|=1.01e+01)
  [PT] w_u=2.6753 w_v=6.2905 gamma=0.976 (tau_u=3.738e-01 tau_v=1.590e-01 |Du|=6.10e+00 |DRu|=9.29e+00)
  [PT] w_u=2.4227 w_v=6.4138 gamma=0.994 (tau_u=4.128e-01 tau_v=1.559e-01 |Du|=7.62e+00 |DRu|=8.69e+00)
  [PT] w_u=2.3613 w_v=6.8686 gamma=1.000 (tau_u=4.235e-01 tau_v=1.456e-01 |Du|=9.51e+00 |DRu|=1.32e+01)
  [PT] w_u=2.4628 w_v=7.3906 gamma=1.000 (tau_u=4.060e-01 tau_v=1.353e-01 |Du|=3.02e+00 |DRu|=6.04e+00)
  [PT] w_u=2.6215 w_v=7.8878 gamma=0.995 (tau_u=3.815e-01 tau_v=1.268e-01 |Du|=6.86e+00 |DRu|=1.71e+01)
  [PT] w_u=2.5742 w_v=8.0605 gamma=0.996 (tau_u=3.885e-01 tau_v=1.241e-01 |Du|=3.48e+00 |DRu|=5.18e+00)
  [PT] w_u=2.7525 w_v=8.5695 gamma=0.999 (tau_u=3.633e-01 tau_v=1.167e-01 |Du|=4.28e+00 |DRu|=1.16e+01)
  [PT] w_u=2.2531 w_v=8.0597 gamma=0.991 (tau_u=4.438e-01 tau_v=1.241e-01 |Du|=6.00e+00 |DRu|=5.53e+00)
  [PT] w_u=2.3844 w_v=8.3924 gamma=0.988 (tau_u=4.194e-01 tau_v=1.192e-01 |Du|=5.47e+00 |DRu|=1.22e+01)
  [PT] w_u=2.3475 w_v=8.9295 gamma=0.992 (tau_u=4.260e-01 tau_v=1.120e-01 |Du|=4.17e+00 |DRu|=5.95e+00)
  [PT] w_u=2.4725 w_v=9.0904 gamma=1.000 (tau_u=4.045e-01 tau_v=1.100e-01 |Du|=7.14e+00 |DRu|=1.55e+01)
  [PT] w_u=2.0646 w_v=8.0991 gamma=0.999 (tau_u=4.844e-01 tau_v=1.235e-01 |Du|=4.35e+00 |DRu|=3.97e+00)
  [PT] w_u=2.1819 w_v=8.5033 gamma=0.988 (tau_u=4.583e-01 tau_v=1.176e-01 |Du|=7.31e+00 |DRu|=1.53e+01)
[Adam] ep= 1900  total=1.658e-01  PDE=3.211e-02 [colloc=2.843e-02, cfd=3.680e-03] (w=2.909)  IN=4.325e-03 (w=0.882)  TB=2.474e-03 (w=0.605)  WALL=7.870e-16 (w=0.200)  OUT=2.593e-04 (w=0.415)  DATA=1.206e-02 (w=5.549)  DATA_P=0.000e+00 (w=1.000)
  [PT] w_u=2.0640 w_v=8.6373 gamma=0.987 (tau_u=4.845e-01 tau_v=1.158e-01 |Du|=2.90e+00 |DRu|=3.39e+00)
  [PT] w_u=2.2087 w_v=8.9521 gamma=0.993 (tau_u=4.528e-01 tau_v=1.117e-01 |Du|=4.30e+00 |DRu|=1.05e+01)
  [PT] w_u=2.2017 w_v=7.5502 gamma=0.983 (tau_u=4.542e-01 tau_v=1.324e-01 |Du|=4.96e+00 |DRu|=7.20e+00)
  [PT] w_u=1.9858 w_v=7.8235 gamma=0.998 (tau_u=5.036e-01 tau_v=1.278e-01 |Du|=7.41e+00 |DRu|=7.60e+00)
  [PT] w_u=2.1447 w_v=8.0926 gamma=0.994 (tau_u=4.663e-01 tau_v=1.236e-01 |Du|=2.63e+00 |DRu|=7.27e+00)
  [PT] w_u=2.1567 w_v=8.3046 gamma=0.993 (tau_u=4.637e-01 tau_v=1.204e-01 |Du|=4.74e+00 |DRu|=7.13e+00)
  [PT] w_u=2.3040 w_v=8.7177 gamma=0.996 (tau_u=4.340e-01 tau_v=1.147e-01 |Du|=2.09e+00 |DRu|=5.10e+00)
  [PT] w_u=2.3921 w_v=9.0551 gamma=0.992 (tau_u=4.180e-01 tau_v=1.104e-01 |Du|=3.44e+00 |DRu|=6.55e+00)
  [PT] w_u=2.3357 w_v=8.9176 gamma=0.988 (tau_u=4.281e-01 tau_v=1.121e-01 |Du|=4.98e+00 |DRu|=6.87e+00)
  [PT] w_u=2.1784 w_v=9.1254 gamma=0.998 (tau_u=4.590e-01 tau_v=1.096e-01 |Du|=6.73e+00 |DRu|=7.83e+00)
  [PT] w_u=1.9748 w_v=7.8543 gamma=0.994 (tau_u=5.064e-01 tau_v=1.273e-01 |Du|=4.35e+00 |DRu|=4.50e+00)
  [PT] w_u=1.7437 w_v=8.1789 gamma=0.988 (tau_u=5.735e-01 tau_v=1.223e-01 |Du|=1.06e+01 |DRu|=9.71e+00)
  [PT] w_u=1.8046 w_v=8.2350 gamma=0.995 (tau_u=5.541e-01 tau_v=1.214e-01 |Du|=3.70e+00 |DRu|=5.98e+00)
  [PT] w_u=1.7980 w_v=7.9374 gamma=0.998 (tau_u=5.562e-01 tau_v=1.260e-01 |Du|=5.19e+00 |DRu|=6.84e+00)
  [PT] w_u=1.8111 w_v=8.2462 gamma=0.993 (tau_u=5.522e-01 tau_v=1.213e-01 |Du|=7.70e+00 |DRu|=1.07e+01)
  [PT] w_u=1.6744 w_v=8.2543 gamma=0.998 (tau_u=5.972e-01 tau_v=1.211e-01 |Du|=6.39e+00 |DRu|=6.37e+00)
  [PT] w_u=1.7204 w_v=7.3182 gamma=0.999 (tau_u=5.812e-01 tau_v=1.366e-01 |Du|=4.81e+00 |DRu|=7.27e+00)
  [PT] w_u=1.5356 w_v=7.4788 gamma=0.995 (tau_u=6.512e-01 tau_v=1.337e-01 |Du|=7.64e+00 |DRu|=6.74e+00)
  [PT] w_u=1.4813 w_v=7.6484 gamma=0.992 (tau_u=6.751e-01 tau_v=1.307e-01 |Du|=7.85e+00 |DRu|=8.28e+00)
  [PT] w_u=1.5914 w_v=6.9678 gamma=0.996 (tau_u=6.284e-01 tau_v=1.435e-01 |Du|=3.66e+00 |DRu|=8.01e+00)
[Adam] ep= 1920  total=1.588e-01  PDE=2.238e-02 [colloc=1.928e-02, cfd=3.105e-03] (w=2.795)  IN=6.495e-03 (w=0.919)  TB=2.750e-03 (w=0.628)  WALL=4.449e-16 (w=0.200)  OUT=5.899e-03 (w=0.577)  DATA=1.521e-02 (w=5.595)  DATA_P=0.000e+00 (w=1.000)
  [PT] w_u=1.6697 w_v=7.1034 gamma=0.994 (tau_u=5.989e-01 tau_v=1.408e-01 |Du|=4.38e+00 |DRu|=7.55e+00)
  [PT] w_u=1.6922 w_v=7.5012 gamma=0.993 (tau_u=5.909e-01 tau_v=1.333e-01 |Du|=6.26e+00 |DRu|=8.66e+00)
  [PT] w_u=1.6079 w_v=7.2544 gamma=0.997 (tau_u=6.219e-01 tau_v=1.378e-01 |Du|=6.05e+00 |DRu|=6.36e+00)
  [PT] w_u=1.6678 w_v=6.8033 gamma=0.999 (tau_u=5.996e-01 tau_v=1.470e-01 |Du|=6.06e+00 |DRu|=9.60e+00)
  [PT] w_u=1.5553 w_v=7.0340 gamma=0.998 (tau_u=6.430e-01 tau_v=1.422e-01 |Du|=6.90e+00 |DRu|=6.78e+00)
  [PT] w_u=1.4932 w_v=7.3772 gamma=0.995 (tau_u=6.697e-01 tau_v=1.356e-01 |Du|=8.18e+00 |DRu|=8.55e+00)
  [PT] w_u=1.5714 w_v=6.6896 gamma=0.995 (tau_u=6.364e-01 tau_v=1.495e-01 |Du|=4.25e+00 |DRu|=7.31e+00)
  [PT] w_u=1.6837 w_v=6.4277 gamma=0.997 (tau_u=5.939e-01 tau_v=1.556e-01 |Du|=4.72e+00 |DRu|=1.02e+01)
  [PT] w_u=1.7740 w_v=6.7820 gamma=0.996 (tau_u=5.637e-01 tau_v=1.474e-01 |Du|=6.17e+00 |DRu|=1.14e+01)
  [PT] w_u=1.8148 w_v=7.2464 gamma=0.998 (tau_u=5.510e-01 tau_v=1.380e-01 |Du|=5.24e+00 |DRu|=7.92e+00)
  [PT] w_u=1.7741 w_v=6.6827 gamma=0.998 (tau_u=5.637e-01 tau_v=1.496e-01 |Du|=4.38e+00 |DRu|=5.32e+00)
  [PT] w_u=1.8203 w_v=6.2225 gamma=0.998 (tau_u=5.494e-01 tau_v=1.607e-01 |Du|=6.26e+00 |DRu|=9.64e+00)
  [PT] w_u=1.8124 w_v=6.3878 gamma=0.999 (tau_u=5.518e-01 tau_v=1.565e-01 |Du|=7.81e+00 |DRu|=1.03e+01)
  [PT] w_u=1.6924 w_v=6.8237 gamma=1.000 (tau_u=5.909e-01 tau_v=1.465e-01 |Du|=8.22e+00 |DRu|=8.46e+00)
  [PT] w_u=1.6937 w_v=6.9068 gamma=1.000 (tau_u=5.904e-01 tau_v=1.448e-01 |Du|=6.65e+00 |DRu|=8.69e+00)
  [PT] w_u=1.7157 w_v=5.9788 gamma=0.999 (tau_u=5.828e-01 tau_v=1.673e-01 |Du|=3.94e+00 |DRu|=5.49e+00)
  [PT] w_u=1.8111 w_v=6.1358 gamma=0.991 (tau_u=5.522e-01 tau_v=1.630e-01 |Du|=5.11e+00 |DRu|=9.68e+00)
  [PT] w_u=1.8992 w_v=6.5484 gamma=0.999 (tau_u=5.265e-01 tau_v=1.527e-01 |Du|=9.24e+00 |DRu|=1.70e+01)
  [PT] w_u=1.8460 w_v=7.0132 gamma=1.000 (tau_u=5.417e-01 tau_v=1.426e-01 |Du|=6.60e+00 |DRu|=8.01e+00)
  [PT] w_u=1.9265 w_v=7.3547 gamma=1.000 (tau_u=5.191e-01 tau_v=1.360e-01 |Du|=3.91e+00 |DRu|=6.96e+00)
[Adam] ep= 1940  total=2.445e-01  PDE=5.033e-02 [colloc=4.011e-02, cfd=1.022e-02] (w=2.680)  IN=5.938e-03 (w=0.835)  TB=3.426e-03 (w=0.584)  WALL=1.130e-15 (w=0.200)  OUT=2.234e-02 (w=1.072)  DATA=1.546e-02 (w=5.092)  DATA_P=0.000e+00 (w=1.000)
  [PT] w_u=2.0750 w_v=7.0670 gamma=1.000 (tau_u=4.819e-01 tau_v=1.415e-01 |Du|=3.77e+00 |DRu|=9.80e+00)
  [PT] w_u=2.1295 w_v=7.0988 gamma=0.998 (tau_u=4.696e-01 tau_v=1.409e-01 |Du|=6.30e+00 |DRu|=1.05e+01)
  [PT] w_u=2.1907 w_v=7.5682 gamma=1.000 (tau_u=4.565e-01 tau_v=1.321e-01 |Du|=8.69e+00 |DRu|=1.49e+01)
  [PT] w_u=1.9037 w_v=8.0659 gamma=1.000 (tau_u=5.253e-01 tau_v=1.240e-01 |Du|=8.03e+00 |DRu|=7.50e+00)
  [PT] w_u=1.9010 w_v=7.8910 gamma=1.000 (tau_u=5.260e-01 tau_v=1.267e-01 |Du|=7.58e+00 |DRu|=1.04e+01)
  [PT] w_u=1.9489 w_v=7.1069 gamma=1.000 (tau_u=5.131e-01 tau_v=1.407e-01 |Du|=6.75e+00 |DRu|=1.07e+01)
  [PT] w_u=1.9684 w_v=7.1314 gamma=1.000 (tau_u=5.080e-01 tau_v=1.402e-01 |Du|=6.04e+00 |DRu|=8.89e+00)
  [PT] w_u=2.0429 w_v=7.5108 gamma=0.994 (tau_u=4.895e-01 tau_v=1.331e-01 |Du|=6.97e+00 |DRu|=1.22e+01)
  [PT] w_u=2.1240 w_v=7.9388 gamma=0.999 (tau_u=4.708e-01 tau_v=1.260e-01 |Du|=8.87e+00 |DRu|=1.61e+01)
  [PT] w_u=2.0925 w_v=8.2909 gamma=1.000 (tau_u=4.779e-01 tau_v=1.206e-01 |Du|=9.49e+00 |DRu|=1.29e+01)
  [PT] w_u=1.7556 w_v=8.0193 gamma=1.000 (tau_u=5.696e-01 tau_v=1.247e-01 |Du|=8.24e+00 |DRu|=6.98e+00)
  [PT] w_u=1.8245 w_v=7.2890 gamma=1.000 (tau_u=5.481e-01 tau_v=1.372e-01 |Du|=6.39e+00 |DRu|=1.07e+01)
  [PT] w_u=1.9718 w_v=7.2685 gamma=1.000 (tau_u=5.072e-01 tau_v=1.376e-01 |Du|=6.55e+00 |DRu|=1.76e+01)
  [PT] w_u=1.9239 w_v=7.5149 gamma=0.999 (tau_u=5.198e-01 tau_v=1.331e-01 |Du|=9.50e+00 |DRu|=1.19e+01)
  [PT] w_u=1.8851 w_v=7.9601 gamma=1.000 (tau_u=5.305e-01 tau_v=1.256e-01 |Du|=8.36e+00 |DRu|=1.06e+01)
  [PT] w_u=1.7749 w_v=8.2328 gamma=1.000 (tau_u=5.634e-01 tau_v=1.215e-01 |Du|=6.43e+00 |DRu|=6.93e+00)
  [PT] w_u=1.7760 w_v=7.5564 gamma=1.000 (tau_u=5.630e-01 tau_v=1.323e-01 |Du|=5.35e+00 |DRu|=7.15e+00)
  [PT] w_u=1.8691 w_v=7.1582 gamma=1.000 (tau_u=5.350e-01 tau_v=1.397e-01 |Du|=4.98e+00 |DRu|=9.37e+00)
  [PT] w_u=1.9755 w_v=7.3869 gamma=0.999 (tau_u=5.062e-01 tau_v=1.354e-01 |Du|=5.64e+00 |DRu|=1.13e+01)
  [PT] w_u=2.0664 w_v=7.7735 gamma=0.997 (tau_u=4.839e-01 tau_v=1.286e-01 |Du|=7.16e+00 |DRu|=1.34e+01)
[Adam] ep= 1960  total=2.405e-01  PDE=3.320e-02 [colloc=2.659e-02, cfd=6.609e-03] (w=2.547)  IN=1.873e-02 (w=0.841)  TB=6.281e-03 (w=0.544)  WALL=7.716e-16 (w=0.200)  OUT=1.711e-02 (w=1.321)  DATA=2.439e-02 (w=4.679)  DATA_P=0.000e+00 (w=1.000)
  [PT] w_u=2.1093 w_v=8.1436 gamma=1.000 (tau_u=4.741e-01 tau_v=1.228e-01 |Du|=7.61e+00 |DRu|=1.23e+01)
  [PT] w_u=1.9827 w_v=8.3494 gamma=1.000 (tau_u=5.044e-01 tau_v=1.198e-01 |Du|=7.59e+00 |DRu|=8.62e+00)
  [PT] w_u=1.8557 w_v=7.8627 gamma=1.000 (tau_u=5.389e-01 tau_v=1.272e-01 |Du|=6.99e+00 |DRu|=7.58e+00)
  [PT] w_u=1.9592 w_v=7.4177 gamma=1.000 (tau_u=5.104e-01 tau_v=1.348e-01 |Du|=5.69e+00 |DRu|=1.13e+01)
  [PT] w_u=2.0431 w_v=7.5608 gamma=1.000 (tau_u=4.894e-01 tau_v=1.323e-01 |Du|=6.82e+00 |DRu|=1.24e+01)
  [PT] w_u=1.9821 w_v=7.9886 gamma=0.999 (tau_u=5.045e-01 tau_v=1.252e-01 |Du|=8.67e+00 |DRu|=1.08e+01)
  [PT] w_u=1.9802 w_v=8.1950 gamma=1.000 (tau_u=5.050e-01 tau_v=1.220e-01 |Du|=7.48e+00 |DRu|=1.05e+01)
  [PT] w_u=2.0806 w_v=7.6725 gamma=1.000 (tau_u=4.806e-01 tau_v=1.303e-01 |Du|=5.99e+00 |DRu|=1.17e+01)
  [PT] w_u=2.1752 w_v=6.5909 gamma=1.000 (tau_u=4.597e-01 tau_v=1.517e-01 |Du|=5.28e+00 |DRu|=1.01e+01)
  [PT] w_u=2.0582 w_v=6.4172 gamma=1.000 (tau_u=4.859e-01 tau_v=1.558e-01 |Du|=6.12e+00 |DRu|=7.21e+00)
  [PT] w_u=2.1392 w_v=6.7770 gamma=0.998 (tau_u=4.675e-01 tau_v=1.476e-01 |Du|=6.52e+00 |DRu|=1.19e+01)
  [PT] w_u=2.2662 w_v=6.9408 gamma=0.987 (tau_u=4.413e-01 tau_v=1.441e-01 |Du|=5.66e+00 |DRu|=1.24e+01)
  [PT] w_u=2.2221 w_v=6.8902 gamma=0.999 (tau_u=4.500e-01 tau_v=1.451e-01 |Du|=8.28e+00 |DRu|=1.14e+01)
  [PT] w_u=2.2167 w_v=6.4254 gamma=1.000 (tau_u=4.511e-01 tau_v=1.556e-01 |Du|=9.09e+00 |DRu|=1.34e+01)
  [PT] w_u=2.2411 w_v=6.1307 gamma=1.000 (tau_u=4.462e-01 tau_v=1.631e-01 |Du|=6.26e+00 |DRu|=9.87e+00)
  [PT] w_u=2.3784 w_v=6.5560 gamma=1.000 (tau_u=4.205e-01 tau_v=1.525e-01 |Du|=5.18e+00 |DRu|=1.19e+01)
  [PT] w_u=2.5209 w_v=6.8230 gamma=0.999 (tau_u=3.967e-01 tau_v=1.466e-01 |Du|=4.51e+00 |DRu|=1.05e+01)
  [PT] w_u=2.6530 w_v=6.5505 gamma=0.996 (tau_u=3.769e-01 tau_v=1.527e-01 |Du|=4.09e+00 |DRu|=9.14e+00)
  [PT] w_u=2.7335 w_v=6.1560 gamma=0.999 (tau_u=3.658e-01 tau_v=1.624e-01 |Du|=7.63e+00 |DRu|=1.48e+01)
  [PT] w_u=2.7875 w_v=5.8880 gamma=1.000 (tau_u=3.587e-01 tau_v=1.698e-01 |Du|=6.22e+00 |DRu|=1.15e+01)
[Adam] ep= 1980  total=2.327e-01  PDE=3.559e-02 [colloc=2.928e-02, cfd=6.316e-03] (w=2.592)  IN=9.347e-03 (w=0.887)  TB=4.603e-03 (w=0.532)  WALL=6.513e-16 (w=0.200)  OUT=1.422e-02 (w=1.149)  DATA=2.224e-02 (w=5.099)  DATA_P=0.000e+00 (w=1.000)
  [PT] w_u=2.4051 w_v=6.2573 gamma=0.999 (tau_u=4.158e-01 tau_v=1.598e-01 |Du|=1.12e+01 |DRu|=1.16e+01)
  [PT] w_u=2.0122 w_v=6.5471 gamma=0.994 (tau_u=4.970e-01 tau_v=1.527e-01 |Du|=1.04e+01 |DRu|=9.37e+00)
  [PT] w_u=2.0065 w_v=6.1781 gamma=0.989 (tau_u=4.984e-01 tau_v=1.619e-01 |Du|=4.35e+00 |DRu|=6.05e+00)
  [PT] w_u=2.0925 w_v=5.9592 gamma=0.992 (tau_u=4.779e-01 tau_v=1.678e-01 |Du|=6.33e+00 |DRu|=1.16e+01)
  [PT] w_u=2.0353 w_v=5.9048 gamma=1.000 (tau_u=4.913e-01 tau_v=1.694e-01 |Du|=9.98e+00 |DRu|=1.28e+01)
  [PT] w_u=1.9742 w_v=6.2485 gamma=0.999 (tau_u=5.065e-01 tau_v=1.600e-01 |Du|=8.17e+00 |DRu|=1.02e+01)
  [PT] w_u=2.0571 w_v=6.6977 gamma=0.998 (tau_u=4.861e-01 tau_v=1.493e-01 |Du|=7.66e+00 |DRu|=1.39e+01)
  [PT] w_u=1.7181 w_v=6.1062 gamma=0.999 (tau_u=5.820e-01 tau_v=1.638e-01 |Du|=6.42e+00 |DRu|=5.34e+00)
  [PT] w_u=1.7419 w_v=5.7649 gamma=1.000 (tau_u=5.741e-01 tau_v=1.735e-01 |Du|=8.36e+00 |DRu|=1.18e+01)
  [PT] w_u=1.7865 w_v=5.6594 gamma=1.000 (tau_u=5.597e-01 tau_v=1.767e-01 |Du|=8.23e+00 |DRu|=1.25e+01)
  [PT] w_u=1.4397 w_v=5.9469 gamma=0.999 (tau_u=6.946e-01 tau_v=1.682e-01 |Du|=1.43e+01 |DRu|=1.03e+01)
  [PT] w_u=1.1838 w_v=6.2102 gamma=0.993 (tau_u=8.447e-01 tau_v=1.610e-01 |Du|=1.27e+01 |DRu|=8.57e+00)
  [PT] w_u=1.1805 w_v=5.5175 gamma=0.990 (tau_u=8.471e-01 tau_v=1.812e-01 |Du|=5.68e+00 |DRu|=6.06e+00)
  [PT] w_u=1.2383 w_v=5.1597 gamma=0.998 (tau_u=8.075e-01 tau_v=1.938e-01 |Du|=7.39e+00 |DRu|=1.10e+01)
  [PT] w_u=1.1609 w_v=4.9248 gamma=1.000 (tau_u=8.614e-01 tau_v=2.031e-01 |Du|=1.23e+01 |DRu|=1.06e+01)
  [PT] w_u=1.1813 w_v=5.2620 gamma=1.000 (tau_u=8.466e-01 tau_v=1.900e-01 |Du|=9.50e+00 |DRu|=1.13e+01)
  [PT] w_u=1.2676 w_v=5.5613 gamma=0.999 (tau_u=7.889e-01 tau_v=1.798e-01 |Du|=7.14e+00 |DRu|=1.37e+01)
  [PT] w_u=1.3427 w_v=5.4122 gamma=1.000 (tau_u=7.448e-01 tau_v=1.848e-01 |Du|=5.33e+00 |DRu|=9.03e+00)
  [PT] w_u=1.4410 w_v=5.1363 gamma=1.000 (tau_u=6.940e-01 tau_v=1.947e-01 |Du|=6.27e+00 |DRu|=1.29e+01)
  [PT] w_u=1.4969 w_v=5.0217 gamma=1.000 (tau_u=6.680e-01 tau_v=1.991e-01 |Du|=7.17e+00 |DRu|=1.09e+01)
[Adam] ep= 2000  total=2.439e-01  PDE=4.700e-02 [colloc=3.982e-02, cfd=7.172e-03] (w=2.601)  IN=8.782e-03 (w=0.959)  TB=3.451e-03 (w=0.678)  WALL=7.845e-16 (w=0.200)  OUT=1.031e-02 (w=0.890)  DATA=1.884e-02 (w=5.398)  DATA_P=0.000e+00 (w=1.000)
============================================================
Phase 2 — BFGS (6000 total calls, 150 iters/batch)
Adaptive weights are frozen for BFGS stability | method=SSBroyden1
============================================================
[BFGS] full data fitting: 2000 CFD points pinned per call
[BFGS] using CUSTOM _optimize._minimize_bfgs (method_bfgs='SSBroyden1')
/oscar/home/jchen790/cylinder flow lab/src/cfp40.py:1430: OptimizeWarning: Unknown solver options: hess, hessp, bounds, constraints, tol
  result = minimize(
Invoked: SSBroyden1 approach!
[BFGS] batch=   1  call=     4  total=2.106e-01  PDE=3.739e-02 [colloc=3.319e-02, cfd=4.208e-03]  WALL=4.574e-16  DATA=1.913e-02
Invoked: SSBroyden1 approach!
[BFGS] batch=   1  call=     5  total=1.963e-01  PDE=3.657e-02 [colloc=3.261e-02, cfd=3.966e-03]  WALL=5.216e-16  DATA=1.725e-02
Invoked: SSBroyden1 approach!
[BFGS] batch=   1  call=     6  total=1.877e-01  PDE=3.739e-02 [colloc=3.286e-02, cfd=4.538e-03]  WALL=6.113e-16  DATA=1.542e-02
Invoked: SSBroyden1 approach!
[BFGS] batch=   1  call=     7  total=1.797e-01  PDE=3.225e-02 [colloc=2.824e-02, cfd=4.009e-03]  WALL=5.780e-16  DATA=1.622e-02
Invoked: SSBroyden1 approach!
[BFGS] batch=   1  call=     8  total=1.754e-01  PDE=3.278e-02 [colloc=2.877e-02, cfd=4.014e-03]  WALL=5.712e-16  DATA=1.508e-02
Invoked: SSBroyden1 approach!
[BFGS] batch=   1  call=    10  total=1.745e-01  PDE=3.201e-02 [colloc=2.754e-02, cfd=4.474e-03]  WALL=5.270e-16  DATA=1.526e-02
Invoked: SSBroyden1 approach!
[BFGS] batch=   1  call=    11  total=1.732e-01  PDE=3.199e-02 [colloc=2.762e-02, cfd=4.377e-03]  WALL=5.163e-16  DATA=1.507e-02
Invoked: SSBroyden1 approach!
[BFGS] batch=   1  call=    12  total=1.711e-01  PDE=3.166e-02 [colloc=2.745e-02, cfd=4.212e-03]  WALL=5.357e-16  DATA=1.497e-02
Invoked: SSBroyden1 approach!
[BFGS] batch=   1  call=    13  total=1.681e-01  PDE=3.128e-02 [colloc=2.692e-02, cfd=4.351e-03]  WALL=5.543e-16  DATA=1.479e-02
Invoked: SSBroyden1 approach!
[BFGS] batch=   1  call=    14  total=1.656e-01  PDE=3.087e-02 [colloc=2.678e-02, cfd=4.097e-03]  WALL=5.709e-16  DATA=1.464e-02
Invoked: SSBroyden1 approach!
[BFGS] batch=   1  call=    15  total=1.616e-01  PDE=3.034e-02 [colloc=2.609e-02, cfd=4.254e-03]  WALL=5.754e-16  DATA=1.424e-02
Invoked: SSBroyden1 approach!
[BFGS] batch=   1  call=    16  total=1.564e-01  PDE=2.866e-02 [colloc=2.434e-02, cfd=4.320e-03]  WALL=5.734e-16  DATA=1.420e-02
Invoked: SSBroyden1 approach!
[BFGS] batch=   1  call=    18  total=1.534e-01  PDE=2.764e-02 [colloc=2.302e-02, cfd=4.623e-03]  WALL=5.926e-16  DATA=1.418e-02
Invoked: SSBroyden1 approach!
[BFGS] batch=   1  call=    19  total=1.521e-01  PDE=2.837e-02 [colloc=2.420e-02, cfd=4.168e-03]  WALL=6.128e-16  DATA=1.348e-02
Invoked: SSBroyden1 approach!
[BFGS] batch=   1  call=    20  total=1.503e-01  PDE=2.826e-02 [colloc=2.418e-02, cfd=4.085e-03]  WALL=6.162e-16  DATA=1.321e-02
Invoked: SSBroyden1 approach!
[BFGS] batch=   1  call=    21  total=1.483e-01  PDE=2.806e-02 [colloc=2.397e-02, cfd=4.095e-03]  WALL=6.228e-16  DATA=1.308e-02
Invoked: SSBroyden1 approach!
[BFGS] batch=   1  call=    22  total=1.461e-01  PDE=2.713e-02 [colloc=2.325e-02, cfd=3.883e-03]  WALL=5.940e-16  DATA=1.315e-02
Invoked: SSBroyden1 approach!
[BFGS] batch=   1  call=    24  total=1.451e-01  PDE=2.702e-02 [colloc=2.335e-02, cfd=3.675e-03]  WALL=5.786e-16  DATA=1.298e-02
Invoked: SSBroyden1 approach!
[BFGS] batch=   1  call=    25  total=1.443e-01  PDE=2.692e-02 [colloc=2.327e-02, cfd=3.645e-03]  WALL=6.051e-16  DATA=1.294e-02
Invoked: SSBroyden1 approach!
[BFGS] batch=   1  call=    26  total=1.435e-01  PDE=2.682e-02 [colloc=2.315e-02, cfd=3.670e-03]  WALL=6.162e-16  DATA=1.285e-02
Invoked: SSBroyden1 approach!
[BFGS] batch=   1  call=    27  total=1.426e-01  PDE=2.650e-02 [colloc=2.283e-02, cfd=3.676e-03]  WALL=5.801e-16  DATA=1.286e-02
Invoked: SSBroyden1 approach!
[BFGS] batch=   1  call=    28  total=1.418e-01  PDE=2.582e-02 [colloc=2.237e-02, cfd=3.444e-03]  WALL=5.709e-16  DATA=1.304e-02
Invoked: SSBroyden1 approach!
[BFGS] batch=   1  call=    29  total=1.409e-01  PDE=2.599e-02 [colloc=2.246e-02, cfd=3.535e-03]  WALL=5.541e-16  DATA=1.280e-02
Invoked: SSBroyden1 approach!
[BFGS] batch=   1  call=    30  total=1.399e-01  PDE=2.625e-02 [colloc=2.255e-02, cfd=3.698e-03]  WALL=5.579e-16  DATA=1.249e-02
Invoked: SSBroyden1 approach!
[BFGS] batch=   1  call=    31  total=1.392e-01  PDE=2.610e-02 [colloc=2.251e-02, cfd=3.587e-03]  WALL=5.475e-16  DATA=1.243e-02
Invoked: SSBroyden1 approach!
[BFGS] batch=   1  call=    32  total=1.384e-01  PDE=2.532e-02 [colloc=2.170e-02, cfd=3.618e-03]  WALL=5.246e-16  DATA=1.263e-02
Invoked: SSBroyden1 approach!
[BFGS] batch=   1  call=    33  total=1.376e-01  PDE=2.568e-02 [colloc=2.208e-02, cfd=3.592e-03]  WALL=5.453e-16  DATA=1.233e-02
Invoked: SSBroyden1 approach!
[BFGS] batch=   1  call=    34  total=1.371e-01  PDE=2.651e-02 [colloc=2.277e-02, cfd=3.740e-03]  WALL=5.664e-16  DATA=1.185e-02
Invoked: SSBroyden1 approach!
[BFGS] batch=   1  call=    35  total=1.365e-01  PDE=2.575e-02 [colloc=2.191e-02, cfd=3.845e-03]  WALL=5.599e-16  DATA=1.208e-02
Invoked: SSBroyden1 approach!
[BFGS] batch=   1  call=    36  total=1.360e-01  PDE=2.511e-02 [colloc=2.127e-02, cfd=3.838e-03]  WALL=5.230e-16  DATA=1.227e-02
Invoked: SSBroyden1 approach!
[BFGS] batch=   1  call=    37  total=1.355e-01  PDE=2.496e-02 [colloc=2.114e-02, cfd=3.822e-03]  WALL=5.409e-16  DATA=1.223e-02
Invoked: SSBroyden1 approach!
[BFGS] batch=   1  call=    38  total=1.345e-01  PDE=2.434e-02 [colloc=2.066e-02, cfd=3.683e-03]  WALL=5.325e-16  DATA=1.239e-02
Invoked: SSBroyden1 approach!
[BFGS] batch=   1  call=    39  total=1.340e-01  PDE=2.418e-02 [colloc=2.048e-02, cfd=3.706e-03]  WALL=5.083e-16  DATA=1.234e-02
Invoked: SSBroyden1 approach!
[BFGS] batch=   1  call=    40  total=1.333e-01  PDE=2.402e-02 [colloc=2.038e-02, cfd=3.638e-03]  WALL=5.167e-16  DATA=1.232e-02
Invoked: SSBroyden1 approach!
[BFGS] batch=   1  call=    41  total=1.327e-01  PDE=2.402e-02 [colloc=2.048e-02, cfd=3.546e-03]  WALL=5.503e-16  DATA=1.219e-02
Invoked: SSBroyden1 approach!
[BFGS] batch=   1  call=    42  total=1.319e-01  PDE=2.364e-02 [colloc=2.019e-02, cfd=3.447e-03]  WALL=5.387e-16  DATA=1.226e-02
Invoked: SSBroyden1 approach!
[BFGS] batch=   1  call=    43  total=1.313e-01  PDE=2.373e-02 [colloc=2.012e-02, cfd=3.609e-03]  WALL=5.448e-16  DATA=1.212e-02
Invoked: SSBroyden1 approach!
[BFGS] batch=   1  call=    44  total=1.309e-01  PDE=2.398e-02 [colloc=2.034e-02, cfd=3.643e-03]  WALL=5.400e-16  DATA=1.193e-02
Invoked: SSBroyden1 approach!
[BFGS] batch=   1  call=    45  total=1.303e-01  PDE=2.401e-02 [colloc=2.034e-02, cfd=3.675e-03]  WALL=5.453e-16  DATA=1.183e-02
Invoked: SSBroyden1 approach!
[BFGS] batch=   1  call=    46  total=1.296e-01  PDE=2.407e-02 [colloc=2.043e-02, cfd=3.633e-03]  WALL=5.680e-16  DATA=1.167e-02
Invoked: SSBroyden1 approach!
[BFGS] batch=   1  call=    47  total=1.287e-01  PDE=2.413e-02 [colloc=2.047e-02, cfd=3.656e-03]  WALL=5.574e-16  DATA=1.149e-02
Invoked: SSBroyden1 approach!
[BFGS] batch=   1  call=    49  total=1.282e-01  PDE=2.472e-02 [colloc=2.099e-02, cfd=3.729e-03]  WALL=5.772e-16  DATA=1.112e-02
Invoked: SSBroyden1 approach!
[BFGS] batch=   1  call=    50  total=1.277e-01  PDE=2.438e-02 [colloc=2.066e-02, cfd=3.718e-03]  WALL=5.496e-16  DATA=1.117e-02
Invoked: SSBroyden1 approach!
[BFGS] batch=   1  call=    51  total=1.270e-01  PDE=2.432e-02 [colloc=2.062e-02, cfd=3.699e-03]  WALL=5.412e-16  DATA=1.108e-02
Invoked: SSBroyden1 approach!
[BFGS] batch=   1  call=    52  total=1.265e-01  PDE=2.500e-02 [colloc=2.134e-02, cfd=3.660e-03]  WALL=5.722e-16  DATA=1.066e-02
Invoked: SSBroyden1 approach!
[BFGS] batch=   1  call=    53  total=1.261e-01  PDE=2.495e-02 [colloc=2.120e-02, cfd=3.745e-03]  WALL=5.845e-16  DATA=1.062e-02
Invoked: SSBroyden1 approach!
[BFGS] batch=   1  call=    54  total=1.256e-01  PDE=2.452e-02 [colloc=2.079e-02, cfd=3.736e-03]  WALL=5.660e-16  DATA=1.074e-02
Invoked: SSBroyden1 approach!
[BFGS] batch=   1  call=    55  total=1.251e-01  PDE=2.410e-02 [colloc=2.049e-02, cfd=3.608e-03]  WALL=5.701e-16  DATA=1.083e-02
Invoked: SSBroyden1 approach!
[BFGS] batch=   1  call=    56  total=1.247e-01  PDE=2.368e-02 [colloc=2.003e-02, cfd=3.655e-03]  WALL=5.498e-16  DATA=1.095e-02
Invoked: SSBroyden1 approach!
[BFGS] batch=   1  call=    57  total=1.241e-01  PDE=2.348e-02 [colloc=1.978e-02, cfd=3.703e-03]  WALL=5.338e-16  DATA=1.093e-02
Invoked: SSBroyden1 approach!
[BFGS] batch=   1  call=    58  total=1.236e-01  PDE=2.351e-02 [colloc=1.990e-02, cfd=3.605e-03]  WALL=5.350e-16  DATA=1.083e-02
Invoked: SSBroyden1 approach!
[BFGS] batch=   1  call=    59  total=1.228e-01  PDE=2.354e-02 [colloc=2.008e-02, cfd=3.461e-03]  WALL=5.393e-16  DATA=1.068e-02
Invoked: SSBroyden1 approach!
[BFGS] batch=   1  call=    60  total=1.219e-01  PDE=2.304e-02 [colloc=1.970e-02, cfd=3.336e-03]  WALL=5.116e-16  DATA=1.075e-02
Invoked: SSBroyden1 approach!
[BFGS] batch=   1  call=    61  total=1.211e-01  PDE=2.298e-02 [colloc=1.960e-02, cfd=3.380e-03]  WALL=5.470e-16  DATA=1.059e-02
Invoked: SSBroyden1 approach!
[BFGS] batch=   1  call=    62  total=1.207e-01  PDE=2.263e-02 [colloc=1.926e-02, cfd=3.366e-03]  WALL=5.543e-16  DATA=1.067e-02
Invoked: SSBroyden1 approach!
[BFGS] batch=   1  call=    63  total=1.204e-01  PDE=2.237e-02 [colloc=1.900e-02, cfd=3.372e-03]  WALL=5.262e-16  DATA=1.072e-02
Invoked: SSBroyden1 approach!
[BFGS] batch=   1  call=    64  total=1.201e-01  PDE=2.262e-02 [colloc=1.922e-02, cfd=3.406e-03]  WALL=5.443e-16  DATA=1.055e-02
Invoked: SSBroyden1 approach!
[BFGS] batch=   1  call=    65  total=1.195e-01  PDE=2.257e-02 [colloc=1.920e-02, cfd=3.368e-03]  WALL=5.403e-16  DATA=1.049e-02
Invoked: SSBroyden1 approach!
[BFGS] batch=   1  call=    66  total=1.187e-01  PDE=2.221e-02 [colloc=1.882e-02, cfd=3.392e-03]  WALL=5.420e-16  DATA=1.050e-02
Invoked: SSBroyden1 approach!
[BFGS] batch=   1  call=    67  total=1.175e-01  PDE=2.229e-02 [colloc=1.878e-02, cfd=3.512e-03]  WALL=5.634e-16  DATA=1.025e-02
Invoked: SSBroyden1 approach!
[BFGS] batch=   1  call=    69  total=1.168e-01  PDE=2.224e-02 [colloc=1.871e-02, cfd=3.533e-03]  WALL=5.813e-16  DATA=1.016e-02
Invoked: SSBroyden1 approach!
[BFGS] batch=   1  call=    70  total=1.162e-01  PDE=2.240e-02 [colloc=1.880e-02, cfd=3.601e-03]  WALL=5.848e-16  DATA=9.996e-03
Invoked: SSBroyden1 approach!
[BFGS] batch=   1  call=    71  total=1.154e-01  PDE=2.258e-02 [colloc=1.901e-02, cfd=3.569e-03]  WALL=6.018e-16  DATA=9.763e-03
Invoked: SSBroyden1 approach!
[BFGS] batch=   1  call=    73  total=1.151e-01  PDE=2.276e-02 [colloc=1.920e-02, cfd=3.562e-03]  WALL=6.362e-16  DATA=9.602e-03
Invoked: SSBroyden1 approach!
[BFGS] batch=   1  call=    74  total=1.145e-01  PDE=2.279e-02 [colloc=1.919e-02, cfd=3.600e-03]  WALL=6.563e-16  DATA=9.485e-03
Invoked: SSBroyden1 approach!
[BFGS] batch=   1  call=    75  total=1.136e-01  PDE=2.268e-02 [colloc=1.894e-02, cfd=3.735e-03]  WALL=6.660e-16  DATA=9.366e-03
Invoked: SSBroyden1 approach!
[BFGS] batch=   1  call=    76  total=1.131e-01  PDE=2.351e-02 [colloc=1.957e-02, cfd=3.947e-03]  WALL=7.089e-16  DATA=8.869e-03
Invoked: SSBroyden1 approach!
[BFGS] batch=   1  call=    77  total=1.123e-01  PDE=2.371e-02 [colloc=1.976e-02, cfd=3.954e-03]  WALL=7.414e-16  DATA=8.647e-03
Invoked: SSBroyden1 approach!
[BFGS] batch=   1  call=    78  total=1.117e-01  PDE=2.377e-02 [colloc=1.961e-02, cfd=4.164e-03]  WALL=7.690e-16  DATA=8.504e-03
Invoked: SSBroyden1 approach!
[BFGS] batch=   1  call=    79  total=1.112e-01  PDE=2.379e-02 [colloc=1.953e-02, cfd=4.265e-03]  WALL=8.021e-16  DATA=8.374e-03
Invoked: SSBroyden1 approach!
[BFGS] batch=   1  call=    80  total=1.105e-01  PDE=2.379e-02 [colloc=1.941e-02, cfd=4.388e-03]  WALL=8.180e-16  DATA=8.242e-03
Invoked: SSBroyden1 approach!
[BFGS] batch=   1  call=    81  total=1.097e-01  PDE=2.368e-02 [colloc=1.922e-02, cfd=4.461e-03]  WALL=7.891e-16  DATA=8.148e-03
Invoked: SSBroyden1 approach!
[BFGS] batch=   1  call=    82  total=1.092e-01  PDE=2.493e-02 [colloc=2.015e-02, cfd=4.782e-03]  WALL=8.692e-16  DATA=7.439e-03
Invoked: SSBroyden1 approach!
[BFGS] batch=   1  call=    83  total=1.084e-01  PDE=2.470e-02 [colloc=1.986e-02, cfd=4.836e-03]  WALL=8.720e-16  DATA=7.397e-03
Invoked: SSBroyden1 approach!
[BFGS] batch=   1  call=    84  total=1.077e-01  PDE=2.462e-02 [colloc=1.982e-02, cfd=4.797e-03]  WALL=8.631e-16  DATA=7.299e-03
Invoked: SSBroyden1 approach!
[BFGS] batch=   1  call=    85  total=1.069e-01  PDE=2.444e-02 [colloc=1.957e-02, cfd=4.874e-03]  WALL=8.697e-16  DATA=7.225e-03
Invoked: SSBroyden1 approach!
[BFGS] batch=   1  call=    86  total=1.063e-01  PDE=2.436e-02 [colloc=1.944e-02, cfd=4.923e-03]  WALL=8.462e-16  DATA=7.187e-03
Invoked: SSBroyden1 approach!
[BFGS] batch=   1  call=    87  total=1.056e-01  PDE=2.413e-02 [colloc=1.918e-02, cfd=4.946e-03]  WALL=8.573e-16  DATA=7.140e-03
Invoked: SSBroyden1 approach!
[BFGS] batch=   1  call=    88  total=1.045e-01  PDE=2.413e-02 [colloc=1.918e-02, cfd=4.948e-03]  WALL=9.028e-16  DATA=6.943e-03
Invoked: SSBroyden1 approach!
[BFGS] batch=   1  call=    89  total=1.036e-01  PDE=2.482e-02 [colloc=1.989e-02, cfd=4.921e-03]  WALL=9.669e-16  DATA=6.434e-03
Invoked: SSBroyden1 approach!
[BFGS] batch=   1  call=    90  total=1.028e-01  PDE=2.488e-02 [colloc=1.986e-02, cfd=5.026e-03]  WALL=1.050e-15  DATA=6.227e-03
Invoked: SSBroyden1 approach!
[BFGS] batch=   1  call=    91  total=1.020e-01  PDE=2.529e-02 [colloc=2.013e-02, cfd=5.162e-03]  WALL=1.087e-15  DATA=5.854e-03
Invoked: SSBroyden1 approach!
[BFGS] batch=   1  call=    92  total=1.013e-01  PDE=2.563e-02 [colloc=2.032e-02, cfd=5.311e-03]  WALL=1.107e-15  DATA=5.561e-03
Invoked: SSBroyden1 approach!
[BFGS] batch=   1  call=    93  total=1.005e-01  PDE=2.553e-02 [colloc=2.011e-02, cfd=5.418e-03]  WALL=1.125e-15  DATA=5.448e-03
Invoked: SSBroyden1 approach!
[BFGS] batch=   1  call=    94  total=9.970e-02  PDE=2.554e-02 [colloc=1.999e-02, cfd=5.551e-03]  WALL=1.168e-15  DATA=5.296e-03
Invoked: SSBroyden1 approach!
[BFGS] batch=   1  call=    95  total=9.837e-02  PDE=2.536e-02 [colloc=1.981e-02, cfd=5.549e-03]  WALL=1.186e-15  DATA=5.182e-03
Invoked: SSBroyden1 approach!
[BFGS] batch=   1  call=    96  total=9.696e-02  PDE=2.557e-02 [colloc=2.004e-02, cfd=5.525e-03]  WALL=1.267e-15  DATA=4.811e-03
Invoked: SSBroyden1 approach!
[BFGS] batch=   1  call=    97  total=9.610e-02  PDE=2.537e-02 [colloc=1.980e-02, cfd=5.572e-03]  WALL=1.251e-15  DATA=4.714e-03
Invoked: SSBroyden1 approach!
[BFGS] batch=   1  call=    98  total=9.482e-02  PDE=2.511e-02 [colloc=1.952e-02, cfd=5.587e-03]  WALL=1.249e-15  DATA=4.618e-03
Invoked: SSBroyden1 approach!
[BFGS] batch=   1  call=    99  total=9.349e-02  PDE=2.521e-02 [colloc=1.963e-02, cfd=5.579e-03]  WALL=1.351e-15  DATA=4.337e-03
Invoked: SSBroyden1 approach!
[BFGS] batch=   1  call=   100  total=9.229e-02  PDE=2.500e-02 [colloc=1.940e-02, cfd=5.600e-03]  WALL=1.345e-15  DATA=4.173e-03
Invoked: SSBroyden1 approach!
[BFGS] batch=   1  call=   101  total=9.174e-02  PDE=2.563e-02 [colloc=1.984e-02, cfd=5.794e-03]  WALL=1.474e-15  DATA=3.766e-03
Invoked: SSBroyden1 approach!
[BFGS] batch=   1  call=   102  total=9.092e-02  PDE=2.536e-02 [colloc=1.967e-02, cfd=5.686e-03]  WALL=1.469e-15  DATA=3.754e-03
Invoked: SSBroyden1 approach!
[BFGS] batch=   1  call=   103  total=8.979e-02  PDE=2.480e-02 [colloc=1.923e-02, cfd=5.565e-03]  WALL=1.512e-15  DATA=3.802e-03
Invoked: SSBroyden1 approach!
[BFGS] batch=   1  call=   104  total=8.820e-02  PDE=2.408e-02 [colloc=1.869e-02, cfd=5.388e-03]  WALL=1.512e-15  DATA=3.802e-03
Invoked: SSBroyden1 approach!
[BFGS] batch=   1  call=   105  total=8.685e-02  PDE=2.302e-02 [colloc=1.776e-02, cfd=5.256e-03]  WALL=1.503e-15  DATA=4.020e-03
Invoked: SSBroyden1 approach!
[BFGS] batch=   1  call=   106  total=8.570e-02  PDE=2.294e-02 [colloc=1.778e-02, cfd=5.164e-03]  WALL=1.539e-15  DATA=3.806e-03
Invoked: SSBroyden1 approach!
[BFGS] batch=   1  call=   107  total=8.414e-02  PDE=2.241e-02 [colloc=1.724e-02, cfd=5.164e-03]  WALL=1.557e-15  DATA=3.785e-03
Invoked: SSBroyden1 approach!
[BFGS] batch=   1  call=   108  total=8.237e-02  PDE=2.157e-02 [colloc=1.653e-02, cfd=5.040e-03]  WALL=1.539e-15  DATA=3.783e-03
Invoked: SSBroyden1 approach!
[BFGS] batch=   1  call=   109  total=8.118e-02  PDE=2.113e-02 [colloc=1.604e-02, cfd=5.087e-03]  WALL=1.479e-15  DATA=3.810e-03
Invoked: SSBroyden1 approach!
[BFGS] batch=   1  call=   110  total=8.001e-02  PDE=2.070e-02 [colloc=1.561e-02, cfd=5.092e-03]  WALL=1.471e-15  DATA=3.837e-03
Invoked: SSBroyden1 approach!
[BFGS] batch=   1  call=   111  total=7.949e-02  PDE=2.069e-02 [colloc=1.564e-02, cfd=5.056e-03]  WALL=1.513e-15  DATA=3.774e-03
Invoked: SSBroyden1 approach!
[BFGS] batch=   1  call=   112  total=7.879e-02  PDE=2.059e-02 [colloc=1.555e-02, cfd=5.042e-03]  WALL=1.558e-15  DATA=3.679e-03
Invoked: SSBroyden1 approach!
[BFGS] batch=   1  call=   113  total=7.756e-02  PDE=2.032e-02 [colloc=1.525e-02, cfd=5.072e-03]  WALL=1.547e-15  DATA=3.620e-03
Invoked: SSBroyden1 approach!
[BFGS] batch=   1  call=   114  total=7.587e-02  PDE=1.981e-02 [colloc=1.476e-02, cfd=5.044e-03]  WALL=1.599e-15  DATA=3.574e-03
Invoked: SSBroyden1 approach!
[BFGS] batch=   1  call=   115  total=7.402e-02  PDE=1.929e-02 [colloc=1.441e-02, cfd=4.884e-03]  WALL=1.622e-15  DATA=3.492e-03
Invoked: SSBroyden1 approach!
[BFGS] batch=   1  call=   116  total=7.276e-02  PDE=1.882e-02 [colloc=1.379e-02, cfd=5.027e-03]  WALL=1.695e-15  DATA=3.489e-03
Invoked: SSBroyden1 approach!
[BFGS] batch=   1  call=   117  total=7.182e-02  PDE=1.861e-02 [colloc=1.344e-02, cfd=5.165e-03]  WALL=1.671e-15  DATA=3.409e-03
Invoked: SSBroyden1 approach!
[BFGS] batch=   1  call=   118  total=7.060e-02  PDE=1.818e-02 [colloc=1.306e-02, cfd=5.126e-03]  WALL=1.665e-15  DATA=3.447e-03
Invoked: SSBroyden1 approach!
[BFGS] batch=   1  call=   119  total=6.933e-02  PDE=1.804e-02 [colloc=1.294e-02, cfd=5.096e-03]  WALL=1.710e-15  DATA=3.323e-03
Invoked: SSBroyden1 approach!
[BFGS] batch=   1  call=   120  total=6.771e-02  PDE=1.702e-02 [colloc=1.200e-02, cfd=5.021e-03]  WALL=1.646e-15  DATA=3.518e-03
Invoked: SSBroyden1 approach!
[BFGS] batch=   1  call=   121  total=6.618e-02  PDE=1.682e-02 [colloc=1.191e-02, cfd=4.911e-03]  WALL=1.595e-15  DATA=3.346e-03
Invoked: SSBroyden1 approach!
[BFGS] batch=   1  call=   122  total=6.453e-02  PDE=1.614e-02 [colloc=1.141e-02, cfd=4.735e-03]  WALL=1.554e-15  DATA=3.371e-03
Invoked: SSBroyden1 approach!
[BFGS] batch=   1  call=   123  total=6.298e-02  PDE=1.592e-02 [colloc=1.118e-02, cfd=4.737e-03]  WALL=1.628e-15  DATA=3.224e-03
Invoked: SSBroyden1 approach!
[BFGS] batch=   1  call=   124  total=6.137e-02  PDE=1.541e-02 [colloc=1.064e-02, cfd=4.774e-03]  WALL=1.658e-15  DATA=3.205e-03
Invoked: SSBroyden1 approach!
[BFGS] batch=   1  call=   125  total=5.981e-02  PDE=1.498e-02 [colloc=1.033e-02, cfd=4.652e-03]  WALL=1.662e-15  DATA=3.167e-03
Invoked: SSBroyden1 approach!
[BFGS] batch=   1  call=   126  total=5.903e-02  PDE=1.470e-02 [colloc=1.023e-02, cfd=4.468e-03]  WALL=1.723e-15  DATA=3.146e-03
Invoked: SSBroyden1 approach!
[BFGS] batch=   1  call=   127  total=5.822e-02  PDE=1.441e-02 [colloc=9.967e-03, cfd=4.445e-03]  WALL=1.793e-15  DATA=3.129e-03
Invoked: SSBroyden1 approach!
[BFGS] batch=   1  call=   128  total=5.698e-02  PDE=1.411e-02 [colloc=9.700e-03, cfd=4.405e-03]  WALL=1.790e-15  DATA=3.055e-03
Invoked: SSBroyden1 approach!
[BFGS] batch=   1  call=   129  total=5.540e-02  PDE=1.364e-02 [colloc=9.451e-03, cfd=4.185e-03]  WALL=1.790e-15  DATA=2.992e-03
Invoked: SSBroyden1 approach!
[BFGS] batch=   1  call=   130  total=5.385e-02  PDE=1.295e-02 [colloc=8.908e-03, cfd=4.041e-03]  WALL=1.860e-15  DATA=3.034e-03
Invoked: SSBroyden1 approach!
[BFGS] batch=   1  call=   131  total=5.266e-02  PDE=1.309e-02 [colloc=8.994e-03, cfd=4.093e-03]  WALL=1.929e-15  DATA=2.782e-03
Invoked: SSBroyden1 approach!
[BFGS] batch=   1  call=   132  total=5.182e-02  PDE=1.264e-02 [colloc=8.568e-03, cfd=4.073e-03]  WALL=1.843e-15  DATA=2.838e-03
Invoked: SSBroyden1 approach!
[BFGS] batch=   1  call=   133  total=5.057e-02  PDE=1.245e-02 [colloc=8.381e-03, cfd=4.071e-03]  WALL=1.866e-15  DATA=2.710e-03
Invoked: SSBroyden1 approach!
[BFGS] batch=   1  call=   134  total=4.953e-02  PDE=1.249e-02 [colloc=8.546e-03, cfd=3.940e-03]  WALL=2.017e-15  DATA=2.524e-03
Invoked: SSBroyden1 approach!
[BFGS] batch=   1  call=   135  total=4.822e-02  PDE=1.241e-02 [colloc=8.580e-03, cfd=3.832e-03]  WALL=2.025e-15  DATA=2.349e-03
Invoked: SSBroyden1 approach!
[BFGS] batch=   1  call=   136  total=4.700e-02  PDE=1.183e-02 [colloc=8.075e-03, cfd=3.759e-03]  WALL=1.989e-15  DATA=2.393e-03
Invoked: SSBroyden1 approach!
[BFGS] batch=   1  call=   137  total=4.616e-02  PDE=1.183e-02 [colloc=8.091e-03, cfd=3.735e-03]  WALL=2.052e-15  DATA=2.240e-03
Invoked: SSBroyden1 approach!
[BFGS] batch=   1  call=   138  total=4.517e-02  PDE=1.145e-02 [colloc=7.715e-03, cfd=3.732e-03]  WALL=2.047e-15  DATA=2.256e-03
Invoked: SSBroyden1 approach!
[BFGS] batch=   1  call=   139  total=4.422e-02  PDE=1.107e-02 [colloc=7.521e-03, cfd=3.551e-03]  WALL=2.099e-15  DATA=2.267e-03
Invoked: SSBroyden1 approach!
[BFGS] batch=   1  call=   140  total=4.335e-02  PDE=1.068e-02 [colloc=7.130e-03, cfd=3.549e-03]  WALL=2.111e-15  DATA=2.334e-03
Invoked: SSBroyden1 approach!
[BFGS] batch=   1  call=   141  total=4.283e-02  PDE=1.050e-02 [colloc=6.921e-03, cfd=3.575e-03]  WALL=2.095e-15  DATA=2.333e-03
Invoked: SSBroyden1 approach!
[BFGS] batch=   1  call=   142  total=4.236e-02  PDE=1.019e-02 [colloc=6.600e-03, cfd=3.594e-03]  WALL=2.072e-15  DATA=2.405e-03
Invoked: SSBroyden1 approach!
[BFGS] batch=   1  call=   143  total=4.162e-02  PDE=1.002e-02 [colloc=6.440e-03, cfd=3.575e-03]  WALL=2.091e-15  DATA=2.368e-03
Invoked: SSBroyden1 approach!
[BFGS] batch=   1  call=   144  total=4.059e-02  PDE=9.901e-03 [colloc=6.336e-03, cfd=3.565e-03]  WALL=2.134e-15  DATA=2.269e-03
Invoked: SSBroyden1 approach!
[BFGS] batch=   1  call=   145  total=3.991e-02  PDE=9.901e-03 [colloc=6.303e-03, cfd=3.598e-03]  WALL=2.194e-15  DATA=2.133e-03
Invoked: SSBroyden1 approach!
[BFGS] batch=   1  call=   146  total=3.911e-02  PDE=9.682e-03 [colloc=6.105e-03, cfd=3.577e-03]  WALL=2.201e-15  DATA=2.089e-03
Invoked: SSBroyden1 approach!
[BFGS] batch=   1  call=   147  total=3.836e-02  PDE=9.614e-03 [colloc=6.071e-03, cfd=3.543e-03]  WALL=2.307e-15  DATA=2.001e-03
Invoked: SSBroyden1 approach!
[BFGS] batch=   1  call=   148  total=3.774e-02  PDE=9.460e-03 [colloc=6.037e-03, cfd=3.422e-03]  WALL=2.341e-15  DATA=1.962e-03
Invoked: SSBroyden1 approach!
[BFGS] batch=   1  call=   149  total=3.724e-02  PDE=9.319e-03 [colloc=5.966e-03, cfd=3.354e-03]  WALL=2.485e-15  DATA=1.925e-03
Invoked: SSBroyden1 approach!
[BFGS] batch=   1  call=   150  total=3.665e-02  PDE=9.184e-03 [colloc=5.810e-03, cfd=3.374e-03]  WALL=2.474e-15  DATA=1.853e-03
Invoked: SSBroyden1 approach!
[BFGS] batch=   1  call=   151  total=3.596e-02  PDE=9.058e-03 [colloc=5.659e-03, cfd=3.400e-03]  WALL=2.542e-15  DATA=1.778e-03
Invoked: SSBroyden1 approach!
[BFGS] batch=   1  call=   152  total=3.508e-02  PDE=8.882e-03 [colloc=5.491e-03, cfd=3.391e-03]  WALL=2.528e-15  DATA=1.720e-03
Invoked: SSBroyden1 approach!
[BFGS] batch=   1  call=   153  total=3.488e-02  PDE=8.957e-03 [colloc=5.524e-03, cfd=3.433e-03]  WALL=2.570e-15  DATA=1.639e-03
Invoked: SSBroyden1 approach!
[BFGS] batch=   1  call=   154  total=3.445e-02  PDE=8.817e-03 [colloc=5.398e-03, cfd=3.419e-03]  WALL=2.581e-15  DATA=1.641e-03
Invoked: SSBroyden1 approach!
[BFGS] batch=   1  call=   155  total=3.396e-02  PDE=8.772e-03 [colloc=5.383e-03, cfd=3.389e-03]  WALL=2.581e-15  DATA=1.577e-03
Invoked: SSBroyden1 approach!
[BFGS] batch=   1  call=   156  total=3.350e-02  PDE=8.668e-03 [colloc=5.265e-03, cfd=3.403e-03]  WALL=2.556e-15  DATA=1.547e-03
Invoked: SSBroyden1 approach!
[BFGS] batch=   1  call=   157  total=3.312e-02  PDE=8.677e-03 [colloc=5.209e-03, cfd=3.469e-03]  WALL=2.572e-15  DATA=1.485e-03
Invoked: SSBroyden1 approach!
[BFGS] batch=   1  call=   158  total=3.256e-02  PDE=8.582e-03 [colloc=5.060e-03, cfd=3.522e-03]  WALL=2.633e-15  DATA=1.441e-03
Invoked: SSBroyden1 approach!
[BFGS] batch=   1  call=   159  total=3.196e-02  PDE=8.383e-03 [colloc=4.916e-03, cfd=3.467e-03]  WALL=2.635e-15  DATA=1.421e-03
  [PT] w_u=1.6166 w_v=5.4763 gamma=1.000 (tau_u=6.186e-01 tau_v=1.826e-01 |Du|=1.39e+01 |DRu|=3.33e+01)
[BFGS] batch 1: H0 not PD — resetting to identity.
[BFGS-END] batch=   1  last_total=3.196e-02  last_PDE=8.383e-03 [colloc=4.916e-03, cfd=3.467e-03]  last_WALL=2.635e-15  last_DATA=1.421e-03
Invoked: SSBroyden1 approach!
[BFGS] batch=   2  call=   162  total=2.434e-01  PDE=8.982e-02 [colloc=8.635e-02, cfd=3.470e-03]  WALL=2.688e-15  DATA=1.353e-03
Invoked: SSBroyden1 approach!
[BFGS] batch=   2  call=   163  total=2.165e-01  PDE=7.956e-02 [colloc=7.612e-02, cfd=3.444e-03]  WALL=2.946e-15  DATA=1.339e-03
Invoked: SSBroyden1 approach!
[BFGS] batch=   2  call=   164  total=1.814e-01  PDE=6.632e-02 [colloc=6.279e-02, cfd=3.532e-03]  WALL=2.513e-15  DATA=1.205e-03
Invoked: SSBroyden1 approach!
[BFGS] batch=   2  call=   166  total=1.723e-01  PDE=6.255e-02 [colloc=5.896e-02, cfd=3.595e-03]  WALL=2.217e-15  DATA=1.302e-03
Invoked: SSBroyden1 approach!
[BFGS] batch=   2  call=   167  total=1.632e-01  PDE=5.881e-02 [colloc=5.532e-02, cfd=3.493e-03]  WALL=2.028e-15  DATA=1.381e-03
Invoked: SSBroyden1 approach!
[BFGS] batch=   2  call=   168  total=1.524e-01  PDE=5.431e-02 [colloc=5.109e-02, cfd=3.219e-03]  WALL=1.989e-15  DATA=1.489e-03
Invoked: SSBroyden1 approach!
[BFGS] batch=   2  call=   169  total=1.405e-01  PDE=4.917e-02 [colloc=4.618e-02, cfd=2.984e-03]  WALL=2.037e-15  DATA=1.586e-03
Invoked: SSBroyden1 approach!
[BFGS] batch=   2  call=   170  total=1.318e-01  PDE=4.577e-02 [colloc=4.295e-02, cfd=2.821e-03]  WALL=2.078e-15  DATA=1.626e-03
Invoked: SSBroyden1 approach!
[BFGS] batch=   2  call=   171  total=1.198e-01  PDE=4.114e-02 [colloc=3.823e-02, cfd=2.908e-03]  WALL=1.867e-15  DATA=1.677e-03
Invoked: SSBroyden1 approach!
[BFGS] batch=   2  call=   172  total=1.006e-01  PDE=3.321e-02 [colloc=3.016e-02, cfd=3.046e-03]  WALL=1.965e-15  DATA=1.891e-03
Invoked: SSBroyden1 approach!
[BFGS] batch=   2  call=   173  total=8.756e-02  PDE=2.834e-02 [colloc=2.516e-02, cfd=3.174e-03]  WALL=2.204e-15  DATA=1.958e-03
Invoked: SSBroyden1 approach!
[BFGS] batch=   2  call=   174  total=8.189e-02  PDE=2.566e-02 [colloc=2.193e-02, cfd=3.728e-03]  WALL=2.379e-15  DATA=2.071e-03
Invoked: SSBroyden1 approach!
[BFGS] batch=   2  call=   175  total=7.418e-02  PDE=2.321e-02 [colloc=1.954e-02, cfd=3.662e-03]  WALL=2.303e-15  DATA=1.844e-03
Invoked: SSBroyden1 approach!
[BFGS] batch=   2  call=   176  total=6.634e-02  PDE=2.061e-02 [colloc=1.704e-02, cfd=3.577e-03]  WALL=2.477e-15  DATA=1.652e-03
Invoked: SSBroyden1 approach!
[BFGS] batch=   2  call=   178  total=6.295e-02  PDE=1.939e-02 [colloc=1.575e-02, cfd=3.644e-03]  WALL=2.484e-15  DATA=1.612e-03
Invoked: SSBroyden1 approach!
[BFGS] batch=   2  call=   179  total=5.753e-02  PDE=1.765e-02 [colloc=1.435e-02, cfd=3.299e-03]  WALL=2.550e-15  DATA=1.500e-03
Invoked: SSBroyden1 approach!
[BFGS] batch=   2  call=   180  total=5.079e-02  PDE=1.511e-02 [colloc=1.249e-02, cfd=2.619e-03]  WALL=2.526e-15  DATA=1.358e-03
Invoked: SSBroyden1 approach!
[BFGS] batch=   2  call=   181  total=4.574e-02  PDE=1.347e-02 [colloc=1.028e-02, cfd=3.187e-03]  WALL=2.442e-15  DATA=1.245e-03
Invoked: SSBroyden1 approach!
[BFGS] batch=   2  call=   182  total=4.145e-02  PDE=1.165e-02 [colloc=9.320e-03, cfd=2.334e-03]  WALL=2.439e-15  DATA=1.269e-03
Invoked: SSBroyden1 approach!
[BFGS] batch=   2  call=   183  total=3.851e-02  PDE=1.085e-02 [colloc=9.158e-03, cfd=1.695e-03]  WALL=2.483e-15  DATA=1.126e-03
Invoked: SSBroyden1 approach!
[BFGS] batch=   2  call=   184  total=3.470e-02  PDE=9.487e-03 [colloc=7.899e-03, cfd=1.589e-03]  WALL=2.578e-15  DATA=1.071e-03
Invoked: SSBroyden1 approach!
[BFGS] batch=   2  call=   185  total=3.109e-02  PDE=8.250e-03 [colloc=6.813e-03, cfd=1.437e-03]  WALL=2.681e-15  DATA=1.008e-03
Invoked: SSBroyden1 approach!
[BFGS] batch=   2  call=   186  total=2.948e-02  PDE=7.576e-03 [colloc=6.168e-03, cfd=1.409e-03]  WALL=2.799e-15  DATA=9.585e-04
Invoked: SSBroyden1 approach!
[BFGS] batch=   2  call=   187  total=2.753e-02  PDE=7.105e-03 [colloc=5.811e-03, cfd=1.294e-03]  WALL=2.832e-15  DATA=9.046e-04
Invoked: SSBroyden1 approach!
[BFGS] batch=   2  call=   188  total=2.586e-02  PDE=6.526e-03 [colloc=5.251e-03, cfd=1.275e-03]  WALL=2.842e-15  DATA=9.399e-04
Invoked: SSBroyden1 approach!
[BFGS] batch=   2  call=   189  total=2.448e-02  PDE=6.071e-03 [colloc=4.855e-03, cfd=1.216e-03]  WALL=2.910e-15  DATA=9.064e-04
Invoked: SSBroyden1 approach!
[BFGS] batch=   2  call=   190  total=2.305e-02  PDE=5.757e-03 [colloc=4.573e-03, cfd=1.184e-03]  WALL=2.969e-15  DATA=8.842e-04
Invoked: SSBroyden1 approach!
[BFGS] batch=   2  call=   191  total=2.193e-02  PDE=5.664e-03 [colloc=4.480e-03, cfd=1.184e-03]  WALL=3.109e-15  DATA=7.934e-04
Invoked: SSBroyden1 approach!
[BFGS] batch=   2  call=   192  total=2.089e-02  PDE=5.278e-03 [colloc=4.153e-03, cfd=1.125e-03]  WALL=3.009e-15  DATA=8.126e-04
Invoked: SSBroyden1 approach!
[BFGS] batch=   2  call=   193  total=2.038e-02  PDE=5.194e-03 [colloc=4.152e-03, cfd=1.042e-03]  WALL=2.998e-15  DATA=8.030e-04
Invoked: SSBroyden1 approach!
[BFGS] batch=   2  call=   194  total=1.978e-02  PDE=4.961e-03 [colloc=3.972e-03, cfd=9.884e-04]  WALL=2.948e-15  DATA=8.029e-04
Invoked: SSBroyden1 approach!
[BFGS] batch=   2  call=   195  total=1.928e-02  PDE=4.745e-03 [colloc=3.828e-03, cfd=9.178e-04]  WALL=2.935e-15  DATA=8.349e-04
Invoked: SSBroyden1 approach!
[BFGS] batch=   2  call=   196  total=1.881e-02  PDE=4.646e-03 [colloc=3.715e-03, cfd=9.314e-04]  WALL=2.919e-15  DATA=8.163e-04
Invoked: SSBroyden1 approach!
[BFGS] batch=   2  call=   197  total=1.848e-02  PDE=4.533e-03 [colloc=3.652e-03, cfd=8.813e-04]  WALL=2.932e-15  DATA=8.214e-04
Invoked: SSBroyden1 approach!
[BFGS] batch=   2  call=   198  total=1.810e-02  PDE=4.384e-03 [colloc=3.552e-03, cfd=8.318e-04]  WALL=2.914e-15  DATA=8.154e-04
Invoked: SSBroyden1 approach!
[BFGS] batch=   2  call=   199  total=1.774e-02  PDE=4.305e-03 [colloc=3.517e-03, cfd=7.875e-04]  WALL=2.863e-15  DATA=7.821e-04
Invoked: SSBroyden1 approach!
[BFGS] batch=   2  call=   200  total=1.743e-02  PDE=4.134e-03 [colloc=3.392e-03, cfd=7.417e-04]  WALL=2.868e-15  DATA=8.003e-04
Invoked: SSBroyden1 approach!
[BFGS] batch=   2  call=   201  total=1.706e-02  PDE=4.014e-03 [colloc=3.292e-03, cfd=7.228e-04]  WALL=2.845e-15  DATA=7.838e-04
Invoked: SSBroyden1 approach!
[BFGS] batch=   2  call=   202  total=1.660e-02  PDE=3.887e-03 [colloc=3.197e-03, cfd=6.905e-04]  WALL=2.864e-15  DATA=7.706e-04
Invoked: SSBroyden1 approach!
[BFGS] batch=   2  call=   203  total=1.650e-02  PDE=3.903e-03 [colloc=3.217e-03, cfd=6.860e-04]  WALL=2.893e-15  DATA=7.301e-04
Invoked: SSBroyden1 approach!
[BFGS] batch=   2  call=   204  total=1.632e-02  PDE=3.845e-03 [colloc=3.171e-03, cfd=6.739e-04]  WALL=2.901e-15  DATA=7.262e-04
Invoked: SSBroyden1 approach!
[BFGS] batch=   2  call=   205  total=1.599e-02  PDE=3.733e-03 [colloc=3.078e-03, cfd=6.549e-04]  WALL=2.886e-15  DATA=7.281e-04
Invoked: SSBroyden1 approach!
[BFGS] batch=   2  call=   206  total=1.560e-02  PDE=3.582e-03 [colloc=2.958e-03, cfd=6.237e-04]  WALL=2.884e-15  DATA=7.201e-04
Invoked: SSBroyden1 approach!
[BFGS] batch=   2  call=   207  total=1.533e-02  PDE=3.447e-03 [colloc=2.890e-03, cfd=5.563e-04]  WALL=2.887e-15  DATA=7.376e-04
Invoked: SSBroyden1 approach!
[BFGS] batch=   2  call=   208  total=1.512e-02  PDE=3.371e-03 [colloc=2.840e-03, cfd=5.308e-04]  WALL=2.894e-15  DATA=7.508e-04
Invoked: SSBroyden1 approach!
[BFGS] batch=   2  call=   209  total=1.504e-02  PDE=3.363e-03 [colloc=2.834e-03, cfd=5.291e-04]  WALL=2.897e-15  DATA=7.485e-04
Invoked: SSBroyden1 approach!
[BFGS] batch=   2  call=   210  total=1.487e-02  PDE=3.340e-03 [colloc=2.808e-03, cfd=5.320e-04]  WALL=2.912e-15  DATA=7.410e-04
Invoked: SSBroyden1 approach!
[BFGS] batch=   2  call=   211  total=1.470e-02  PDE=3.289e-03 [colloc=2.745e-03, cfd=5.436e-04]  WALL=2.897e-15  DATA=7.307e-04
Invoked: SSBroyden1 approach!
[BFGS] batch=   2  call=   212  total=1.454e-02  PDE=3.237e-03 [colloc=2.687e-03, cfd=5.507e-04]  WALL=2.941e-15  DATA=7.234e-04
Invoked: SSBroyden1 approach!
[BFGS] batch=   2  call=   213  total=1.432e-02  PDE=3.173e-03 [colloc=2.640e-03, cfd=5.336e-04]  WALL=2.965e-15  DATA=7.211e-04
Invoked: SSBroyden1 approach!
[BFGS] batch=   2  call=   214  total=1.423e-02  PDE=3.223e-03 [colloc=2.668e-03, cfd=5.549e-04]  WALL=2.987e-15  DATA=6.781e-04
Invoked: SSBroyden1 approach!
[BFGS] batch=   2  call=   215  total=1.410e-02  PDE=3.177e-03 [colloc=2.631e-03, cfd=5.459e-04]  WALL=2.977e-15  DATA=6.776e-04
Invoked: SSBroyden1 approach!
[BFGS] batch=   2  call=   216  total=1.391e-02  PDE=3.106e-03 [colloc=2.580e-03, cfd=5.263e-04]  WALL=2.988e-15  DATA=6.820e-04
Invoked: SSBroyden1 approach!
[BFGS] batch=   2  call=   217  total=1.369e-02  PDE=2.988e-03 [colloc=2.490e-03, cfd=4.982e-04]  WALL=2.963e-15  DATA=6.982e-04
Invoked: SSBroyden1 approach!
[BFGS] batch=   2  call=   218  total=1.355e-02  PDE=2.897e-03 [colloc=2.413e-03, cfd=4.834e-04]  WALL=2.963e-15  DATA=7.127e-04
Invoked: SSBroyden1 approach!
[BFGS] batch=   2  call=   219  total=1.334e-02  PDE=2.797e-03 [colloc=2.350e-03, cfd=4.470e-04]  WALL=2.951e-15  DATA=7.371e-04
Invoked: SSBroyden1 approach!
[BFGS] batch=   2  call=   221  total=1.328e-02  PDE=2.763e-03 [colloc=2.327e-03, cfd=4.364e-04]  WALL=2.941e-15  DATA=7.383e-04
Invoked: SSBroyden1 approach!
[BFGS] batch=   2  call=   222  total=1.318e-02  PDE=2.729e-03 [colloc=2.298e-03, cfd=4.311e-04]  WALL=2.962e-15  DATA=7.406e-04
Invoked: SSBroyden1 approach!
[BFGS] batch=   2  call=   223  total=1.304e-02  PDE=2.681e-03 [colloc=2.254e-03, cfd=4.268e-04]  WALL=2.985e-15  DATA=7.412e-04
Invoked: SSBroyden1 approach!
[BFGS] batch=   2  call=   224  total=1.288e-02  PDE=2.646e-03 [colloc=2.242e-03, cfd=4.039e-04]  WALL=2.969e-15  DATA=7.347e-04
Invoked: SSBroyden1 approach!
[BFGS] batch=   2  call=   225  total=1.279e-02  PDE=2.610e-03 [colloc=2.211e-03, cfd=3.993e-04]  WALL=3.020e-15  DATA=7.408e-04
Invoked: SSBroyden1 approach!
[BFGS] batch=   2  call=   226  total=1.275e-02  PDE=2.587e-03 [colloc=2.174e-03, cfd=4.122e-04]  WALL=3.039e-15  DATA=7.337e-04
Invoked: SSBroyden1 approach!
[BFGS] batch=   2  call=   227  total=1.262e-02  PDE=2.567e-03 [colloc=2.155e-03, cfd=4.119e-04]  WALL=3.038e-15  DATA=7.318e-04
Invoked: SSBroyden1 approach!
[BFGS] batch=   2  call=   228  total=1.258e-02  PDE=2.528e-03 [colloc=2.120e-03, cfd=4.085e-04]  WALL=3.052e-15  DATA=7.310e-04
Invoked: SSBroyden1 approach!
[BFGS] batch=   2  call=   229  total=1.248e-02  PDE=2.509e-03 [colloc=2.102e-03, cfd=4.070e-04]  WALL=3.048e-15  DATA=7.307e-04
Invoked: SSBroyden1 approach!
[BFGS] batch=   2  call=   230  total=1.238e-02  PDE=2.477e-03 [colloc=2.083e-03, cfd=3.936e-04]  WALL=3.028e-15  DATA=7.298e-04
Invoked: SSBroyden1 approach!
[BFGS] batch=   2  call=   231  total=1.232e-02  PDE=2.461e-03 [colloc=2.073e-03, cfd=3.876e-04]  WALL=3.034e-15  DATA=7.223e-04
Invoked: SSBroyden1 approach!
[BFGS] batch=   2  call=   232  total=1.226e-02  PDE=2.444e-03 [colloc=2.055e-03, cfd=3.882e-04]  WALL=3.048e-15  DATA=7.150e-04
Invoked: SSBroyden1 approach!
[BFGS] batch=   2  call=   233  total=1.214e-02  PDE=2.428e-03 [colloc=2.042e-03, cfd=3.856e-04]  WALL=3.053e-15  DATA=7.070e-04
Invoked: SSBroyden1 approach!
[BFGS] batch=   2  call=   234  total=1.199e-02  PDE=2.371e-03 [colloc=1.986e-03, cfd=3.854e-04]  WALL=3.033e-15  DATA=7.048e-04
Invoked: SSBroyden1 approach!
[BFGS] batch=   2  call=   235  total=1.191e-02  PDE=2.315e-03 [colloc=1.934e-03, cfd=3.810e-04]  WALL=3.046e-15  DATA=7.189e-04
Invoked: SSBroyden1 approach!
[BFGS] batch=   2  call=   236  total=1.182e-02  PDE=2.293e-03 [colloc=1.921e-03, cfd=3.724e-04]  WALL=3.054e-15  DATA=7.159e-04
Invoked: SSBroyden1 approach!
[BFGS] batch=   2  call=   237  total=1.175e-02  PDE=2.283e-03 [colloc=1.922e-03, cfd=3.607e-04]  WALL=3.060e-15  DATA=7.001e-04
Invoked: SSBroyden1 approach!
[BFGS] batch=   2  call=   238  total=1.169e-02  PDE=2.274e-03 [colloc=1.919e-03, cfd=3.547e-04]  WALL=3.058e-15  DATA=6.866e-04
Invoked: SSBroyden1 approach!
[BFGS] batch=   2  call=   239  total=1.160e-02  PDE=2.263e-03 [colloc=1.909e-03, cfd=3.536e-04]  WALL=3.065e-15  DATA=6.781e-04
Invoked: SSBroyden1 approach!
[BFGS] batch=   2  call=   240  total=1.152e-02  PDE=2.254e-03 [colloc=1.896e-03, cfd=3.577e-04]  WALL=3.086e-15  DATA=6.749e-04
Invoked: SSBroyden1 approach!
[BFGS] batch=   2  call=   241  total=1.147e-02  PDE=2.216e-03 [colloc=1.856e-03, cfd=3.604e-04]  WALL=3.068e-15  DATA=6.766e-04
Invoked: SSBroyden1 approach!
[BFGS] batch=   2  call=   242  total=1.139e-02  PDE=2.191e-03 [colloc=1.836e-03, cfd=3.545e-04]  WALL=3.081e-15  DATA=6.764e-04
Invoked: SSBroyden1 approach!
[BFGS] batch=   2  call=   243  total=1.127e-02  PDE=2.173e-03 [colloc=1.819e-03, cfd=3.535e-04]  WALL=3.077e-15  DATA=6.715e-04
Invoked: SSBroyden1 approach!
[BFGS] batch=   2  call=   244  total=1.118e-02  PDE=2.155e-03 [colloc=1.786e-03, cfd=3.689e-04]  WALL=3.121e-15  DATA=6.614e-04
Invoked: SSBroyden1 approach!
[BFGS] batch=   2  call=   245  total=1.110e-02  PDE=2.122e-03 [colloc=1.764e-03, cfd=3.578e-04]  WALL=3.138e-15  DATA=6.642e-04
Invoked: SSBroyden1 approach!
[BFGS] batch=   2  call=   246  total=1.099e-02  PDE=2.107e-03 [colloc=1.754e-03, cfd=3.529e-04]  WALL=3.119e-15  DATA=6.573e-04
Invoked: SSBroyden1 approach!
[BFGS] batch=   2  call=   247  total=1.098e-02  PDE=2.064e-03 [colloc=1.715e-03, cfd=3.487e-04]  WALL=3.134e-15  DATA=6.632e-04
Invoked: SSBroyden1 approach!
[BFGS] batch=   2  call=   248  total=1.090e-02  PDE=2.056e-03 [colloc=1.709e-03, cfd=3.468e-04]  WALL=3.134e-15  DATA=6.643e-04
Invoked: SSBroyden1 approach!
[BFGS] batch=   2  call=   249  total=1.080e-02  PDE=2.011e-03 [colloc=1.677e-03, cfd=3.347e-04]  WALL=3.131e-15  DATA=6.690e-04
Invoked: SSBroyden1 approach!
[BFGS] batch=   2  call=   250  total=1.078e-02  PDE=1.962e-03 [colloc=1.639e-03, cfd=3.224e-04]  WALL=3.136e-15  DATA=6.870e-04
Invoked: SSBroyden1 approach!
[BFGS] batch=   2  call=   251  total=1.078e-02  PDE=1.953e-03 [colloc=1.633e-03, cfd=3.204e-04]  WALL=3.134e-15  DATA=6.867e-04
Invoked: SSBroyden1 approach!
[BFGS] batch=   2  call=   253  total=1.072e-02  PDE=1.950e-03 [colloc=1.630e-03, cfd=3.197e-04]  WALL=3.134e-15  DATA=6.866e-04
Invoked: SSBroyden1 approach!
[BFGS] batch=   2  call=   254  total=1.064e-02  PDE=1.930e-03 [colloc=1.618e-03, cfd=3.125e-04]  WALL=3.137e-15  DATA=6.819e-04
Invoked: SSBroyden1 approach!
[BFGS] batch=   2  call=   255  total=1.052e-02  PDE=1.904e-03 [colloc=1.585e-03, cfd=3.183e-04]  WALL=3.125e-15  DATA=6.830e-04
Invoked: SSBroyden1 approach!
[BFGS] batch=   2  call=   257  total=1.050e-02  PDE=1.887e-03 [colloc=1.570e-03, cfd=3.179e-04]  WALL=3.137e-15  DATA=6.808e-04
Invoked: SSBroyden1 approach!
[BFGS] batch=   2  call=   258  total=1.045e-02  PDE=1.878e-03 [colloc=1.560e-03, cfd=3.177e-04]  WALL=3.135e-15  DATA=6.781e-04
Invoked: SSBroyden1 approach!
[BFGS] batch=   2  call=   259  total=1.039e-02  PDE=1.857e-03 [colloc=1.541e-03, cfd=3.156e-04]  WALL=3.134e-15  DATA=6.803e-04
Invoked: SSBroyden1 approach!
[BFGS] batch=   2  call=   260  total=1.034e-02  PDE=1.836e-03 [colloc=1.528e-03, cfd=3.085e-04]  WALL=3.151e-15  DATA=6.879e-04
Invoked: SSBroyden1 approach!
[BFGS] batch=   2  call=   261  total=1.032e-02  PDE=1.812e-03 [colloc=1.504e-03, cfd=3.085e-04]  WALL=3.157e-15  DATA=6.906e-04
Invoked: SSBroyden1 approach!
[BFGS] batch=   2  call=   265  total=1.024e-02  PDE=1.807e-03 [colloc=1.498e-03, cfd=3.089e-04]  WALL=3.156e-15  DATA=6.894e-04
Invoked: SSBroyden1 approach!
[BFGS] batch=   2  call=   266  total=1.021e-02  PDE=1.793e-03 [colloc=1.484e-03, cfd=3.096e-04]  WALL=3.159e-15  DATA=6.745e-04
Invoked: SSBroyden1 approach!
[BFGS] batch=   2  call=   267  total=1.016e-02  PDE=1.777e-03 [colloc=1.470e-03, cfd=3.071e-04]  WALL=3.154e-15  DATA=6.741e-04
Invoked: SSBroyden1 approach!
[BFGS] batch=   2  call=   268  total=1.016e-02  PDE=1.768e-03 [colloc=1.465e-03, cfd=3.025e-04]  WALL=3.152e-15  DATA=6.720e-04
Invoked: SSBroyden1 approach!
[BFGS] batch=   2  call=   269  total=1.007e-02  PDE=1.766e-03 [colloc=1.464e-03, cfd=3.020e-04]  WALL=3.152e-15  DATA=6.706e-04
Invoked: SSBroyden1 approach!
[BFGS] batch=   2  call=   271  total=1.006e-02  PDE=1.750e-03 [colloc=1.446e-03, cfd=3.035e-04]  WALL=3.156e-15  DATA=6.675e-04
Invoked: SSBroyden1 approach!
[BFGS] batch=   2  call=   273  total=1.000e-02  PDE=1.741e-03 [colloc=1.436e-03, cfd=3.053e-04]  WALL=3.153e-15  DATA=6.678e-04
Invoked: SSBroyden1 approach!
[BFGS] batch=   2  call=   274  total=9.955e-03  PDE=1.716e-03 [colloc=1.402e-03, cfd=3.142e-04]  WALL=3.142e-15  DATA=6.653e-04
Invoked: SSBroyden1 approach!
[BFGS] batch=   2  call=   275  total=9.920e-03  PDE=1.693e-03 [colloc=1.373e-03, cfd=3.192e-04]  WALL=3.149e-15  DATA=6.698e-04
Invoked: SSBroyden1 approach!
[BFGS] batch=   2  call=   276  total=9.857e-03  PDE=1.670e-03 [colloc=1.346e-03, cfd=3.239e-04]  WALL=3.137e-15  DATA=6.713e-04
Invoked: SSBroyden1 approach!
[BFGS] batch=   2  call=   277  total=9.816e-03  PDE=1.664e-03 [colloc=1.328e-03, cfd=3.354e-04]  WALL=3.130e-15  DATA=6.671e-04
Invoked: SSBroyden1 approach!
[BFGS] batch=   2  call=   278  total=9.723e-03  PDE=1.652e-03 [colloc=1.312e-03, cfd=3.394e-04]  WALL=3.122e-15  DATA=6.643e-04
Invoked: SSBroyden1 approach!
[BFGS] batch=   2  call=   279  total=9.690e-03  PDE=1.628e-03 [colloc=1.280e-03, cfd=3.487e-04]  WALL=3.128e-15  DATA=6.655e-04
Invoked: SSBroyden1 approach!
[BFGS] batch=   2  call=   280  total=9.680e-03  PDE=1.616e-03 [colloc=1.267e-03, cfd=3.497e-04]  WALL=3.118e-15  DATA=6.630e-04
Invoked: SSBroyden1 approach!
[BFGS] batch=   2  call=   281  total=9.650e-03  PDE=1.613e-03 [colloc=1.263e-03, cfd=3.498e-04]  WALL=3.124e-15  DATA=6.615e-04
Invoked: SSBroyden1 approach!
[BFGS] batch=   2  call=   282  total=9.609e-03  PDE=1.605e-03 [colloc=1.257e-03, cfd=3.485e-04]  WALL=3.126e-15  DATA=6.552e-04
Invoked: SSBroyden1 approach!
[BFGS] batch=   2  call=   283  total=9.536e-03  PDE=1.584e-03 [colloc=1.236e-03, cfd=3.475e-04]  WALL=3.138e-15  DATA=6.560e-04
Invoked: SSBroyden1 approach!
[BFGS] batch=   2  call=   284  total=9.526e-03  PDE=1.602e-03 [colloc=1.261e-03, cfd=3.415e-04]  WALL=3.146e-15  DATA=6.444e-04
Invoked: SSBroyden1 approach!
[BFGS] batch=   2  call=   285  total=9.469e-03  PDE=1.595e-03 [colloc=1.255e-03, cfd=3.395e-04]  WALL=3.145e-15  DATA=6.448e-04
Invoked: SSBroyden1 approach!
[BFGS] batch=   2  call=   286  total=9.361e-03  PDE=1.574e-03 [colloc=1.235e-03, cfd=3.386e-04]  WALL=3.145e-15  DATA=6.416e-04
Invoked: SSBroyden1 approach!
[BFGS] batch=   2  call=   287  total=9.359e-03  PDE=1.547e-03 [colloc=1.212e-03, cfd=3.343e-04]  WALL=3.173e-15  DATA=6.502e-04
  [PT] w_u=1.7893 w_v=6.0798 gamma=0.879 (tau_u=5.589e-01 tau_v=1.645e-01 |Du|=2.67e+00 |DRu|=1.70e+01)
[BFGS-END] batch=   2  last_total=9.346e-03  last_PDE=1.545e-03 [colloc=1.211e-03, cfd=3.342e-04]  last_WALL=3.172e-15  last_DATA=6.498e-04
/oscar/home/jchen790/cylinder flow lab/src/cfp40.py:1430: OptimizeWarning: Unknown solver options: hess, hessp, bounds, constraints, tol
  result = minimize(
Invoked: SSBroyden1 approach!
[BFGS] batch=   3  call=   312  total=1.215e-02  PDE=2.675e-03 [colloc=2.315e-03, cfd=3.597e-04]  WALL=3.307e-15  DATA=5.964e-04
Invoked: SSBroyden1 approach!
[BFGS] batch=   3  call=   314  total=1.039e-02  PDE=2.119e-03 [colloc=1.765e-03, cfd=3.537e-04]  WALL=3.276e-15  DATA=5.402e-04
Invoked: SSBroyden1 approach!
[BFGS] batch=   3  call=   316  total=9.628e-03  PDE=1.872e-03 [colloc=1.515e-03, cfd=3.565e-04]  WALL=3.291e-15  DATA=5.288e-04
Invoked: SSBroyden1 approach!
[BFGS] batch=   3  call=   317  total=9.343e-03  PDE=1.771e-03 [colloc=1.463e-03, cfd=3.073e-04]  WALL=3.227e-15  DATA=5.094e-04
Invoked: SSBroyden1 approach!
[BFGS] batch=   3  call=   318  total=8.951e-03  PDE=1.670e-03 [colloc=1.381e-03, cfd=2.890e-04]  WALL=3.227e-15  DATA=4.921e-04
Invoked: SSBroyden1 approach!
[BFGS] batch=   3  call=   319  total=8.809e-03  PDE=1.637e-03 [colloc=1.390e-03, cfd=2.470e-04]  WALL=3.253e-15  DATA=4.995e-04
Invoked: SSBroyden1 approach!
[BFGS] batch=   3  call=   320  total=8.648e-03  PDE=1.574e-03 [colloc=1.335e-03, cfd=2.390e-04]  WALL=3.222e-15  DATA=4.953e-04
Invoked: SSBroyden1 approach!
[BFGS] batch=   3  call=   321  total=8.444e-03  PDE=1.516e-03 [colloc=1.284e-03, cfd=2.320e-04]  WALL=3.182e-15  DATA=4.852e-04
Invoked: SSBroyden1 approach!
[BFGS] batch=   3  call=   322  total=8.201e-03  PDE=1.442e-03 [colloc=1.223e-03, cfd=2.184e-04]  WALL=3.179e-15  DATA=4.875e-04
Invoked: SSBroyden1 approach!
[BFGS] batch=   3  call=   323  total=8.134e-03  PDE=1.362e-03 [colloc=1.171e-03, cfd=1.914e-04]  WALL=3.136e-15  DATA=5.024e-04
Invoked: SSBroyden1 approach!
[BFGS] batch=   3  call=   324  total=7.973e-03  PDE=1.323e-03 [colloc=1.139e-03, cfd=1.845e-04]  WALL=3.141e-15  DATA=5.003e-04
Invoked: SSBroyden1 approach!
[BFGS] batch=   3  call=   325  total=7.892e-03  PDE=1.285e-03 [colloc=1.106e-03, cfd=1.793e-04]  WALL=3.112e-15  DATA=4.984e-04
Invoked: SSBroyden1 approach!
[BFGS] batch=   3  call=   326  total=7.769e-03  PDE=1.253e-03 [colloc=1.078e-03, cfd=1.744e-04]  WALL=3.119e-15  DATA=4.984e-04
Invoked: SSBroyden1 approach!
[BFGS] batch=   3  call=   327  total=7.707e-03  PDE=1.217e-03 [colloc=1.051e-03, cfd=1.664e-04]  WALL=3.149e-15  DATA=5.056e-04
Invoked: SSBroyden1 approach!
[BFGS] batch=   3  call=   328  total=7.566e-03  PDE=1.189e-03 [colloc=1.027e-03, cfd=1.623e-04]  WALL=3.145e-15  DATA=5.056e-04
Invoked: SSBroyden1 approach!
[BFGS] batch=   3  call=   330  total=7.555e-03  PDE=1.170e-03 [colloc=1.007e-03, cfd=1.632e-04]  WALL=3.147e-15  DATA=5.053e-04
Invoked: SSBroyden1 approach!
[BFGS] batch=   3  call=   331  total=7.519e-03  PDE=1.164e-03 [colloc=1.001e-03, cfd=1.622e-04]  WALL=3.144e-15  DATA=5.044e-04
Invoked: SSBroyden1 approach!
[BFGS] batch=   3  call=   332  total=7.504e-03  PDE=1.147e-03 [colloc=9.895e-04, cfd=1.576e-04]  WALL=3.146e-15  DATA=5.014e-04
Invoked: SSBroyden1 approach!
[BFGS] batch=   3  call=   333  total=7.439e-03  PDE=1.141e-03 [colloc=9.839e-04, cfd=1.574e-04]  WALL=3.142e-15  DATA=5.001e-04
Invoked: SSBroyden1 approach!
[BFGS] batch=   3  call=   334  total=7.353e-03  PDE=1.121e-03 [colloc=9.631e-04, cfd=1.576e-04]  WALL=3.138e-15  DATA=4.981e-04
Invoked: SSBroyden1 approach!
[BFGS] batch=   3  call=   335  total=7.294e-03  PDE=1.096e-03 [colloc=9.358e-04, cfd=1.597e-04]  WALL=3.142e-15  DATA=4.994e-04
Invoked: SSBroyden1 approach!
[BFGS] batch=   3  call=   336  total=7.261e-03  PDE=1.078e-03 [colloc=9.212e-04, cfd=1.572e-04]  WALL=3.120e-15  DATA=4.991e-04
Invoked: SSBroyden1 approach!
[BFGS] batch=   3  call=   337  total=7.200e-03  PDE=1.064e-03 [colloc=9.068e-04, cfd=1.571e-04]  WALL=3.121e-15  DATA=4.973e-04
Invoked: SSBroyden1 approach!
[BFGS] batch=   3  call=   338  total=7.184e-03  PDE=1.059e-03 [colloc=8.965e-04, cfd=1.622e-04]  WALL=3.121e-15  DATA=4.933e-04
Invoked: SSBroyden1 approach!
[BFGS] batch=   3  call=   345  total=7.155e-03  PDE=1.054e-03 [colloc=8.934e-04, cfd=1.611e-04]  WALL=3.123e-15  DATA=4.909e-04
Invoked: SSBroyden1 approach!
[BFGS] batch=   3  call=   346  total=7.103e-03  PDE=1.045e-03 [colloc=8.840e-04, cfd=1.607e-04]  WALL=3.124e-15  DATA=4.892e-04
Invoked: SSBroyden1 approach!
[BFGS] batch=   3  call=   347  total=7.071e-03  PDE=1.032e-03 [colloc=8.735e-04, cfd=1.589e-04]  WALL=3.123e-15  DATA=4.877e-04
Invoked: SSBroyden1 approach!
[BFGS] batch=   3  call=   348  total=6.971e-03  PDE=1.023e-03 [colloc=8.636e-04, cfd=1.590e-04]  WALL=3.119e-15  DATA=4.864e-04
  [PT] w_u=1.9400 w_v=6.7207 gamma=0.738 (tau_u=5.155e-01 tau_v=1.488e-01 |Du|=1.12e+00 |DRu|=2.73e+00)
[BFGS] batch 3: H0 not PD — resetting to identity.
[BFGS-END] batch=   3  last_total=7.037e-03  last_PDE=1.023e-03 [colloc=8.636e-04, cfd=1.590e-04]  last_WALL=3.119e-15  last_DATA=4.864e-04
/oscar/home/jchen790/cylinder flow lab/src/cfp40.py:1430: OptimizeWarning: Unknown solver options: hess, hessp, bounds, constraints, tol
  result = minimize(
Invoked: SSBroyden1 approach!
[BFGS] batch=   4  call=   370  total=7.681e-03  PDE=1.285e-03 [colloc=1.125e-03, cfd=1.597e-04]  WALL=3.119e-15  DATA=4.829e-04
Invoked: SSBroyden1 approach!
[BFGS] batch=   4  call=   371  total=7.386e-03  PDE=1.205e-03 [colloc=1.048e-03, cfd=1.573e-04]  WALL=3.109e-15  DATA=4.703e-04
Invoked: SSBroyden1 approach!
[BFGS] batch=   4  call=   373  total=7.382e-03  PDE=1.197e-03 [colloc=1.040e-03, cfd=1.568e-04]  WALL=3.081e-15  DATA=4.663e-04
Invoked: SSBroyden1 approach!
[BFGS] batch=   4  call=   375  total=7.328e-03  PDE=1.186e-03 [colloc=1.030e-03, cfd=1.562e-04]  WALL=3.081e-15  DATA=4.646e-04
Invoked: SSBroyden1 approach!
[BFGS] batch=   4  call=   376  total=7.297e-03  PDE=1.171e-03 [colloc=1.016e-03, cfd=1.547e-04]  WALL=3.099e-15  DATA=4.617e-04
Invoked: SSBroyden1 approach!
[BFGS] batch=   4  call=   377  total=7.236e-03  PDE=1.158e-03 [colloc=1.004e-03, cfd=1.536e-04]  WALL=3.105e-15  DATA=4.596e-04
Invoked: SSBroyden1 approach!
[BFGS] batch=   4  call=   378  total=7.136e-03  PDE=1.139e-03 [colloc=9.871e-04, cfd=1.522e-04]  WALL=3.106e-15  DATA=4.569e-04
Invoked: SSBroyden1 approach!
[BFGS] batch=   4  call=   380  total=7.103e-03  PDE=1.117e-03 [colloc=9.659e-04, cfd=1.515e-04]  WALL=3.107e-15  DATA=4.593e-04
Invoked: SSBroyden1 approach!
[BFGS] batch=   4  call=   381  total=7.089e-03  PDE=1.099e-03 [colloc=9.512e-04, cfd=1.480e-04]  WALL=3.112e-15  DATA=4.579e-04
Invoked: SSBroyden1 approach!
[BFGS] batch=   4  call=   382  total=7.043e-03  PDE=1.091e-03 [colloc=9.449e-04, cfd=1.458e-04]  WALL=3.111e-15  DATA=4.579e-04
Invoked: SSBroyden1 approach!
[BFGS] batch=   4  call=   383  total=7.014e-03  PDE=1.081e-03 [colloc=9.379e-04, cfd=1.432e-04]  WALL=3.115e-15  DATA=4.547e-04
Invoked: SSBroyden1 approach!
[BFGS] batch=   4  call=   384  total=6.926e-03  PDE=1.068e-03 [colloc=9.278e-04, cfd=1.405e-04]  WALL=3.111e-15  DATA=4.552e-04
Invoked: SSBroyden1 approach!
[BFGS] batch=   4  call=   393  total=6.905e-03  PDE=1.058e-03 [colloc=9.206e-04, cfd=1.375e-04]  WALL=3.131e-15  DATA=4.513e-04
Invoked: SSBroyden1 approach!
[BFGS] batch=   4  call=   400  total=6.868e-03  PDE=1.049e-03 [colloc=9.120e-04, cfd=1.374e-04]  WALL=3.126e-15  DATA=4.500e-04
Invoked: SSBroyden1 approach!
[BFGS] batch=   4  call=   402  total=6.856e-03  PDE=1.042e-03 [colloc=9.053e-04, cfd=1.369e-04]  WALL=3.128e-15  DATA=4.506e-04
Invoked: SSBroyden1 approach!
[BFGS] batch=   4  call=   403  total=6.843e-03  PDE=1.037e-03 [colloc=8.999e-04, cfd=1.366e-04]  WALL=3.127e-15  DATA=4.489e-04
Invoked: SSBroyden1 approach!
[BFGS] batch=   4  call=   410  total=6.833e-03  PDE=1.029e-03 [colloc=8.927e-04, cfd=1.359e-04]  WALL=3.126e-15  DATA=4.474e-04
Invoked: SSBroyden1 approach!
[BFGS] batch=   4  call=   411  total=6.813e-03  PDE=1.023e-03 [colloc=8.895e-04, cfd=1.340e-04]  WALL=3.125e-15  DATA=4.464e-04
Invoked: SSBroyden1 approach!
[BFGS] batch=   4  call=   412  total=6.763e-03  PDE=1.016e-03 [colloc=8.839e-04, cfd=1.321e-04]  WALL=3.128e-15  DATA=4.458e-04
Invoked: SSBroyden1 approach!
[BFGS] batch=   4  call=   413  total=6.763e-03  PDE=1.008e-03 [colloc=8.703e-04, cfd=1.376e-04]  WALL=3.132e-15  DATA=4.404e-04
Invoked: SSBroyden1 approach!
[BFGS] batch=   4  call=   416  total=6.695e-03  PDE=1.002e-03 [colloc=8.654e-04, cfd=1.363e-04]  WALL=3.133e-15  DATA=4.397e-04
Invoked: SSBroyden1 approach!
[BFGS] batch=   4  call=   417  total=6.682e-03  PDE=9.977e-04 [colloc=8.595e-04, cfd=1.382e-04]  WALL=3.143e-15  DATA=4.352e-04
Invoked: SSBroyden1 approach!
[BFGS] batch=   4  call=   418  total=6.640e-03  PDE=9.924e-04 [colloc=8.555e-04, cfd=1.369e-04]  WALL=3.147e-15  DATA=4.338e-04
Invoked: SSBroyden1 approach!
[BFGS] batch=   4  call=   419  total=6.629e-03  PDE=9.787e-04 [colloc=8.467e-04, cfd=1.320e-04]  WALL=3.145e-15  DATA=4.315e-04
Invoked: SSBroyden1 approach!
[BFGS] batch=   4  call=   420  total=6.603e-03  PDE=9.725e-04 [colloc=8.415e-04, cfd=1.310e-04]  WALL=3.143e-15  DATA=4.306e-04
Invoked: SSBroyden1 approach!
[BFGS] batch=   4  call=   421  total=6.524e-03  PDE=9.682e-04 [colloc=8.381e-04, cfd=1.301e-04]  WALL=3.148e-15  DATA=4.304e-04
Invoked: SSBroyden1 approach!
[BFGS] batch=   4  call=   431  total=6.523e-03  PDE=9.648e-04 [colloc=8.352e-04, cfd=1.296e-04]  WALL=3.147e-15  DATA=4.296e-04
  [PT] w_u=2.0470 w_v=7.3479 gamma=0.708 (tau_u=4.885e-01 tau_v=1.361e-01 |Du|=5.37e-01 |DRu|=9.11e-01)
[BFGS-END] batch=   4  last_total=6.565e-03  last_PDE=9.647e-04 [colloc=8.351e-04, cfd=1.296e-04]  last_WALL=3.147e-15  last_DATA=4.296e-04
/oscar/home/jchen790/cylinder flow lab/src/cfp40.py:1430: OptimizeWarning: Unknown solver options: hess, hessp, bounds, constraints, tol
  result = minimize(
Invoked: SSBroyden1 approach!
[BFGS] batch=   5  call=   451  total=6.860e-03  PDE=1.089e-03 [colloc=9.554e-04, cfd=1.334e-04]  WALL=3.141e-15  DATA=4.231e-04
Invoked: SSBroyden1 approach!
[BFGS] batch=   5  call=   452  total=6.832e-03  PDE=1.074e-03 [colloc=9.421e-04, cfd=1.315e-04]  WALL=3.144e-15  DATA=4.216e-04
Invoked: SSBroyden1 approach!
[BFGS] batch=   5  call=   453  total=6.721e-03  PDE=1.059e-03 [colloc=9.245e-04, cfd=1.341e-04]  WALL=3.141e-15  DATA=4.199e-04
Invoked: SSBroyden1 approach!
[BFGS] batch=   5  call=   454  total=6.626e-03  PDE=1.013e-03 [colloc=8.826e-04, cfd=1.302e-04]  WALL=3.133e-15  DATA=4.155e-04
Invoked: SSBroyden1 approach!
[BFGS] batch=   5  call=   455  total=6.504e-03  PDE=9.981e-04 [colloc=8.671e-04, cfd=1.310e-04]  WALL=3.144e-15  DATA=4.102e-04
Invoked: SSBroyden1 approach!
[BFGS] batch=   5  call=   456  total=6.469e-03  PDE=9.789e-04 [colloc=8.618e-04, cfd=1.171e-04]  WALL=3.128e-15  DATA=4.028e-04
Invoked: SSBroyden1 approach!
[BFGS] batch=   5  call=   457  total=6.418e-03  PDE=9.632e-04 [colloc=8.497e-04, cfd=1.135e-04]  WALL=3.131e-15  DATA=4.017e-04
Invoked: SSBroyden1 approach!
[BFGS] batch=   5  call=   458  total=6.401e-03  PDE=9.517e-04 [colloc=8.409e-04, cfd=1.107e-04]  WALL=3.138e-15  DATA=4.026e-04
Invoked: SSBroyden1 approach!
[BFGS] batch=   5  call=   459  total=6.352e-03  PDE=9.459e-04 [colloc=8.358e-04, cfd=1.102e-04]  WALL=3.140e-15  DATA=4.018e-04
Invoked: SSBroyden1 approach!
[BFGS] batch=   5  call=   460  total=6.320e-03  PDE=9.344e-04 [colloc=8.217e-04, cfd=1.128e-04]  WALL=3.137e-15  DATA=4.000e-04
Invoked: SSBroyden1 approach!
[BFGS] batch=   5  call=   461  total=6.319e-03  PDE=9.259e-04 [colloc=8.183e-04, cfd=1.076e-04]  WALL=3.138e-15  DATA=3.976e-04
Invoked: SSBroyden1 approach!
[BFGS] batch=   5  call=   462  total=6.260e-03  PDE=9.248e-04 [colloc=8.174e-04, cfd=1.075e-04]  WALL=3.137e-15  DATA=3.975e-04
Invoked: SSBroyden1 approach!
[BFGS] batch=   5  call=   471  total=6.254e-03  PDE=9.200e-04 [colloc=8.140e-04, cfd=1.060e-04]  WALL=3.134e-15  DATA=3.952e-04
Invoked: SSBroyden1 approach!
[BFGS] batch=   5  call=   472  total=6.194e-03  PDE=9.164e-04 [colloc=8.109e-04, cfd=1.055e-04]  WALL=3.132e-15  DATA=3.953e-04
  [PT] w_u=2.1590 w_v=8.0129 gamma=0.690 (tau_u=4.632e-01 tau_v=1.248e-01 |Du|=4.28e-01 |DRu|=7.33e-01)
[BFGS-END] batch=   5  last_total=6.279e-03  last_PDE=9.164e-04 [colloc=8.109e-04, cfd=1.055e-04]  last_WALL=3.132e-15  last_DATA=3.953e-04
/oscar/home/jchen790/cylinder flow lab/src/cfp40.py:1430: OptimizeWarning: Unknown solver options: hess, hessp, bounds, constraints, tol
  result = minimize(
Invoked: SSBroyden1 approach!
[BFGS] batch=   6  call=   493  total=6.350e-03  PDE=9.559e-04 [colloc=8.490e-04, cfd=1.070e-04]  WALL=3.131e-15  DATA=3.920e-04
Invoked: SSBroyden1 approach!
[BFGS] batch=   6  call=   494  total=6.311e-03  PDE=9.494e-04 [colloc=8.423e-04, cfd=1.071e-04]  WALL=3.130e-15  DATA=3.908e-04
Invoked: SSBroyden1 approach!
[BFGS] batch=   6  call=   495  total=6.248e-03  PDE=9.319e-04 [colloc=8.253e-04, cfd=1.066e-04]  WALL=3.133e-15  DATA=3.883e-04
Invoked: SSBroyden1 approach!
[BFGS] batch=   6  call=   496  total=6.175e-03  PDE=9.129e-04 [colloc=8.100e-04, cfd=1.029e-04]  WALL=3.132e-15  DATA=3.877e-04
Invoked: SSBroyden1 approach!
[BFGS] batch=   6  call=   497  total=6.119e-03  PDE=9.007e-04 [colloc=7.978e-04, cfd=1.029e-04]  WALL=3.123e-15  DATA=3.837e-04
Invoked: SSBroyden1 approach!
[BFGS] batch=   6  call=   499  total=6.099e-03  PDE=8.930e-04 [colloc=7.924e-04, cfd=1.006e-04]  WALL=3.122e-15  DATA=3.820e-04
Invoked: SSBroyden1 approach!
[BFGS] batch=   6  call=   500  total=6.082e-03  PDE=8.876e-04 [colloc=7.867e-04, cfd=1.008e-04]  WALL=3.122e-15  DATA=3.813e-04
Invoked: SSBroyden1 approach!
[BFGS] batch=   6  call=   501  total=6.028e-03  PDE=8.830e-04 [colloc=7.837e-04, cfd=9.932e-05]  WALL=3.125e-15  DATA=3.792e-04
Invoked: SSBroyden1 approach!
[BFGS] batch=   6  call=   503  total=6.016e-03  PDE=8.791e-04 [colloc=7.823e-04, cfd=9.679e-05]  WALL=3.125e-15  DATA=3.804e-04
Invoked: SSBroyden1 approach!
[BFGS] batch=   6  call=   504  total=5.991e-03  PDE=8.744e-04 [colloc=7.793e-04, cfd=9.513e-05]  WALL=3.119e-15  DATA=3.794e-04
  [PT] w_u=2.1925 w_v=8.5758 gamma=0.683 (tau_u=4.561e-01 tau_v=1.166e-01 |Du|=3.36e-01 |DRu|=4.43e-01)
[BFGS-END] batch=   6  last_total=6.016e-03  last_PDE=8.744e-04 [colloc=7.793e-04, cfd=9.513e-05]  last_WALL=3.119e-15  last_DATA=3.794e-04
/oscar/home/jchen790/cylinder flow lab/src/cfp40.py:1430: OptimizeWarning: Unknown solver options: hess, hessp, bounds, constraints, tol
  result = minimize(
Invoked: SSBroyden1 approach!
[BFGS] batch=   7  call=   525  total=6.070e-03  PDE=8.962e-04 [colloc=8.000e-04, cfd=9.624e-05]  WALL=3.113e-15  DATA=3.753e-04
Invoked: SSBroyden1 approach!
[BFGS] batch=   7  call=   526  total=5.960e-03  PDE=8.782e-04 [colloc=7.827e-04, cfd=9.547e-05]  WALL=3.111e-15  DATA=3.748e-04
Invoked: SSBroyden1 approach!
[BFGS] batch=   7  call=   528  total=5.939e-03  PDE=8.614e-04 [colloc=7.695e-04, cfd=9.197e-05]  WALL=3.106e-15  DATA=3.733e-04
Invoked: SSBroyden1 approach!
[BFGS] batch=   7  call=   529  total=5.893e-03  PDE=8.537e-04 [colloc=7.628e-04, cfd=9.088e-05]  WALL=3.107e-15  DATA=3.704e-04
Invoked: SSBroyden1 approach!
[BFGS] batch=   7  call=   531  total=5.875e-03  PDE=8.505e-04 [colloc=7.606e-04, cfd=8.988e-05]  WALL=3.109e-15  DATA=3.686e-04
  [PT] w_u=2.1546 w_v=8.9612 gamma=0.679 (tau_u=4.641e-01 tau_v=1.116e-01 |Du|=2.44e-01 |DRu|=2.74e-01)
[BFGS-END] batch=   7  last_total=5.912e-03  last_PDE=8.504e-04 [colloc=7.606e-04, cfd=8.987e-05]  last_WALL=3.109e-15  last_DATA=3.686e-04
/oscar/home/jchen790/cylinder flow lab/src/cfp40.py:1430: OptimizeWarning: Unknown solver options: hess, hessp, bounds, constraints, tol
  result = minimize(
Invoked: SSBroyden1 approach!
[BFGS] batch=   8  call=   552  total=5.894e-03  PDE=8.634e-04 [colloc=7.745e-04, cfd=8.893e-05]  WALL=3.117e-15  DATA=3.697e-04
Invoked: SSBroyden1 approach!
[BFGS] batch=   8  call=   553  total=5.866e-03  PDE=8.438e-04 [colloc=7.559e-04, cfd=8.791e-05]  WALL=3.108e-15  DATA=3.681e-04
Invoked: SSBroyden1 approach!
[BFGS] batch=   8  call=   554  total=5.798e-03  PDE=8.332e-04 [colloc=7.454e-04, cfd=8.786e-05]  WALL=3.117e-15  DATA=3.672e-04
Invoked: SSBroyden1 approach!
[BFGS] batch=   8  call=   556  total=5.783e-03  PDE=8.248e-04 [colloc=7.389e-04, cfd=8.584e-05]  WALL=3.115e-15  DATA=3.673e-04
Invoked: SSBroyden1 approach!
[BFGS] batch=   8  call=   564  total=5.765e-03  PDE=8.233e-04 [colloc=7.383e-04, cfd=8.501e-05]  WALL=3.114e-15  DATA=3.664e-04
Invoked: SSBroyden1 approach!
[BFGS] batch=   8  call=   571  total=5.758e-03  PDE=8.251e-04 [colloc=7.404e-04, cfd=8.463e-05]  WALL=3.115e-15  DATA=3.642e-04
Invoked: SSBroyden1 approach!
[BFGS] batch=   8  call=   581  total=5.758e-03  PDE=8.215e-04 [colloc=7.380e-04, cfd=8.351e-05]  WALL=3.114e-15  DATA=3.644e-04
  [PT] w_u=1.9828 w_v=9.3272 gamma=0.675 (tau_u=5.043e-01 tau_v=1.072e-01 |Du|=3.06e-01 |DRu|=2.70e-01)
[BFGS-END] batch=   8  last_total=5.773e-03  last_PDE=8.215e-04 [colloc=7.380e-04, cfd=8.349e-05]  last_WALL=3.114e-15  last_DATA=3.643e-04
/oscar/home/jchen790/cylinder flow lab/src/cfp40.py:1430: OptimizeWarning: Unknown solver options: hess, hessp, bounds, constraints, tol
  result = minimize(
Invoked: SSBroyden1 approach!
[BFGS] batch=   9  call=   610  total=5.781e-03  PDE=8.337e-04 [colloc=7.521e-04, cfd=8.152e-05]  WALL=3.110e-15  DATA=3.615e-04
Invoked: SSBroyden1 approach!
[BFGS] batch=   9  call=   611  total=5.728e-03  PDE=8.281e-04 [colloc=7.469e-04, cfd=8.117e-05]  WALL=3.110e-15  DATA=3.613e-04
Invoked: SSBroyden1 approach!
[BFGS] batch=   9  call=   612  total=5.651e-03  PDE=8.091e-04 [colloc=7.282e-04, cfd=8.086e-05]  WALL=3.113e-15  DATA=3.588e-04
  [PT] w_u=2.0250 w_v=9.6816 gamma=0.673 (tau_u=4.938e-01 tau_v=1.033e-01 |Du|=1.99e-01 |DRu|=2.58e-01)
[BFGS-END] batch=   9  last_total=5.684e-03  last_PDE=8.091e-04 [colloc=7.282e-04, cfd=8.086e-05]  last_WALL=3.113e-15  last_DATA=3.588e-04
/oscar/home/jchen790/cylinder flow lab/src/cfp40.py:1430: OptimizeWarning: Unknown solver options: hess, hessp, bounds, constraints, tol
  result = minimize(
Invoked: SSBroyden1 approach!
[BFGS] batch=  10  call=   634  total=5.716e-03  PDE=8.158e-04 [colloc=7.367e-04, cfd=7.908e-05]  WALL=3.126e-15  DATA=3.582e-04
Invoked: SSBroyden1 approach!
[BFGS] batch=  10  call=   635  total=5.640e-03  PDE=7.977e-04 [colloc=7.207e-04, cfd=7.704e-05]  WALL=3.121e-15  DATA=3.593e-04
Invoked: SSBroyden1 approach!
[BFGS] batch=  10  call=   637  total=5.617e-03  PDE=7.882e-04 [colloc=7.126e-04, cfd=7.563e-05]  WALL=3.120e-15  DATA=3.596e-04
Invoked: SSBroyden1 approach!
[BFGS] batch=  10  call=   638  total=5.582e-03  PDE=7.842e-04 [colloc=7.100e-04, cfd=7.415e-05]  WALL=3.128e-15  DATA=3.610e-04
Invoked: SSBroyden1 approach!
[BFGS] batch=  10  call=   640  total=5.577e-03  PDE=7.805e-04 [colloc=7.067e-04, cfd=7.386e-05]  WALL=3.124e-15  DATA=3.614e-04
Invoked: SSBroyden1 approach!
[BFGS] batch=  10  call=   642  total=5.552e-03  PDE=7.797e-04 [colloc=7.059e-04, cfd=7.382e-05]  WALL=3.124e-15  DATA=3.612e-04
Invoked: SSBroyden1 approach!
[BFGS] batch=  10  call=   644  total=5.546e-03  PDE=7.775e-04 [colloc=7.039e-04, cfd=7.359e-05]  WALL=3.123e-15  DATA=3.612e-04
Invoked: SSBroyden1 approach!
[BFGS] batch=  10  call=   651  total=5.541e-03  PDE=7.749e-04 [colloc=7.014e-04, cfd=7.352e-05]  WALL=3.124e-15  DATA=3.601e-04
  [PT] w_u=1.9932 w_v=10.1863 gamma=0.667 (tau_u=5.017e-01 tau_v=9.817e-02 |Du|=3.01e-01 |DRu|=3.25e-01)
[PT] batch=  10  w=6.0898e+00
[BFGS-END] batch=  10  last_total=5.560e-03  last_PDE=7.749e-04 [colloc=7.014e-04, cfd=7.352e-05]  last_WALL=3.124e-15  last_DATA=3.601e-04
/oscar/home/jchen790/cylinder flow lab/src/cfp40.py:1430: OptimizeWarning: Unknown solver options: hess, hessp, bounds, constraints, tol
  result = minimize(
Invoked: SSBroyden1 approach!
[BFGS] batch=  11  call=   671  total=5.574e-03  PDE=7.853e-04 [colloc=7.102e-04, cfd=7.505e-05]  WALL=3.135e-15  DATA=3.617e-04
Invoked: SSBroyden1 approach!
[BFGS] batch=  11  call=   672  total=5.569e-03  PDE=7.667e-04 [colloc=6.943e-04, cfd=7.243e-05]  WALL=3.133e-15  DATA=3.645e-04
Invoked: SSBroyden1 approach!
[BFGS] batch=  11  call=   673  total=5.535e-03  PDE=7.641e-04 [colloc=6.920e-04, cfd=7.215e-05]  WALL=3.132e-15  DATA=3.641e-04
Invoked: SSBroyden1 approach!
[BFGS] batch=  11  call=   675  total=5.500e-03  PDE=7.595e-04 [colloc=6.882e-04, cfd=7.126e-05]  WALL=3.134e-15  DATA=3.628e-04
Invoked: SSBroyden1 approach!
[BFGS] batch=  11  call=   677  total=5.476e-03  PDE=7.548e-04 [colloc=6.838e-04, cfd=7.103e-05]  WALL=3.134e-15  DATA=3.626e-04
Invoked: SSBroyden1 approach!
[BFGS] batch=  11  call=   678  total=5.465e-03  PDE=7.543e-04 [colloc=6.830e-04, cfd=7.125e-05]  WALL=3.131e-15  DATA=3.593e-04
Invoked: SSBroyden1 approach!
[BFGS] batch=  11  call=   680  total=5.450e-03  PDE=7.532e-04 [colloc=6.822e-04, cfd=7.104e-05]  WALL=3.131e-15  DATA=3.593e-04
  [PT] w_u=1.9157 w_v=10.6291 gamma=0.663 (tau_u=5.220e-01 tau_v=9.408e-02 |Du|=2.87e-01 |DRu|=2.79e-01)
[BFGS-END] batch=  11  last_total=5.476e-03  last_PDE=7.532e-04 [colloc=6.822e-04, cfd=7.104e-05]  last_WALL=3.131e-15  last_DATA=3.593e-04
/oscar/home/jchen790/cylinder flow lab/src/cfp40.py:1430: OptimizeWarning: Unknown solver options: hess, hessp, bounds, constraints, tol
  result = minimize(
Invoked: SSBroyden1 approach!
[BFGS] batch=  12  call=   701  total=5.494e-03  PDE=7.655e-04 [colloc=6.963e-04, cfd=6.918e-05]  WALL=3.128e-15  DATA=3.573e-04
Invoked: SSBroyden1 approach!
[BFGS] batch=  12  call=   702  total=5.435e-03  PDE=7.471e-04 [colloc=6.792e-04, cfd=6.796e-05]  WALL=3.142e-15  DATA=3.608e-04
Invoked: SSBroyden1 approach!
[BFGS] batch=  12  call=   713  total=5.421e-03  PDE=7.387e-04 [colloc=6.708e-04, cfd=6.785e-05]  WALL=3.139e-15  DATA=3.604e-04
Invoked: SSBroyden1 approach!
[BFGS] batch=  12  call=   720  total=5.383e-03  PDE=7.352e-04 [colloc=6.676e-04, cfd=6.755e-05]  WALL=3.137e-15  DATA=3.600e-04
  [PT] w_u=1.9494 w_v=10.9783 gamma=0.659 (tau_u=5.130e-01 tau_v=9.109e-02 |Du|=2.19e-01 |DRu|=2.71e-01)
[BFGS-END] batch=  12  last_total=5.399e-03  last_PDE=7.350e-04 [colloc=6.674e-04, cfd=6.754e-05]  last_WALL=3.137e-15  last_DATA=3.601e-04
/oscar/home/jchen790/cylinder flow lab/src/cfp40.py:1430: OptimizeWarning: Unknown solver options: hess, hessp, bounds, constraints, tol
  result = minimize(
Invoked: SSBroyden1 approach!
[BFGS] batch=  13  call=   742  total=5.442e-03  PDE=7.418e-04 [colloc=6.738e-04, cfd=6.801e-05]  WALL=3.150e-15  DATA=3.623e-04
Invoked: SSBroyden1 approach!
[BFGS] batch=  13  call=   744  total=5.416e-03  PDE=7.256e-04 [colloc=6.579e-04, cfd=6.770e-05]  WALL=3.140e-15  DATA=3.639e-04
Invoked: SSBroyden1 approach!
[BFGS] batch=  13  call=   745  total=5.348e-03  PDE=7.171e-04 [colloc=6.510e-04, cfd=6.606e-05]  WALL=3.149e-15  DATA=3.639e-04
Invoked: SSBroyden1 approach!
[BFGS] batch=  13  call=   747  total=5.344e-03  PDE=7.146e-04 [colloc=6.487e-04, cfd=6.588e-05]  WALL=3.148e-15  DATA=3.621e-04
  [PT] w_u=1.9341 w_v=11.3749 gamma=0.655 (tau_u=5.170e-01 tau_v=8.791e-02 |Du|=2.33e-01 |DRu|=2.54e-01)
[BFGS-END] batch=  13  last_total=5.368e-03  last_PDE=7.143e-04 [colloc=6.485e-04, cfd=6.586e-05]  last_WALL=3.148e-15  last_DATA=3.621e-04
/oscar/home/jchen790/cylinder flow lab/src/cfp40.py:1430: OptimizeWarning: Unknown solver options: hess, hessp, bounds, constraints, tol
  result = minimize(
Invoked: SSBroyden1 approach!
[BFGS] batch=  14  call=   767  total=5.388e-03  PDE=7.297e-04 [colloc=6.632e-04, cfd=6.648e-05]  WALL=3.159e-15  DATA=3.621e-04
Invoked: SSBroyden1 approach!
[BFGS] batch=  14  call=   768  total=5.361e-03  PDE=7.139e-04 [colloc=6.487e-04, cfd=6.526e-05]  WALL=3.149e-15  DATA=3.658e-04
Invoked: SSBroyden1 approach!
[BFGS] batch=  14  call=   769  total=5.310e-03  PDE=7.021e-04 [colloc=6.383e-04, cfd=6.384e-05]  WALL=3.145e-15  DATA=3.674e-04
Invoked: SSBroyden1 approach!
[BFGS] batch=  14  call=   772  total=5.295e-03  PDE=7.006e-04 [colloc=6.369e-04, cfd=6.364e-05]  WALL=3.146e-15  DATA=3.674e-04
Invoked: SSBroyden1 approach!
[BFGS] batch=  14  call=   774  total=5.292e-03  PDE=6.992e-04 [colloc=6.358e-04, cfd=6.345e-05]  WALL=3.146e-15  DATA=3.672e-04
Invoked: SSBroyden1 approach!
[BFGS] batch=  14  call=   775  total=5.278e-03  PDE=6.976e-04 [colloc=6.343e-04, cfd=6.332e-05]  WALL=3.147e-15  DATA=3.670e-04
Invoked: SSBroyden1 approach!
[BFGS] batch=  14  call=   776  total=5.277e-03  PDE=6.922e-04 [colloc=6.289e-04, cfd=6.330e-05]  WALL=3.151e-15  DATA=3.648e-04
  [PT] w_u=1.9266 w_v=11.8712 gamma=0.650 (tau_u=5.191e-01 tau_v=8.424e-02 |Du|=2.17e-01 |DRu|=2.39e-01)
[BFGS] batch 14: H0 not PD — resetting to identity.
[BFGS-END] batch=  14  last_total=5.290e-03  last_PDE=6.922e-04 [colloc=6.289e-04, cfd=6.330e-05]  last_WALL=3.151e-15  last_DATA=3.648e-04
/oscar/home/jchen790/cylinder flow lab/src/cfp40.py:1430: OptimizeWarning: Unknown solver options: hess, hessp, bounds, constraints, tol
  result = minimize(
Invoked: SSBroyden1 approach!
[BFGS] batch=  15  call=   797  total=5.370e-03  PDE=7.138e-04 [colloc=6.505e-04, cfd=6.331e-05]  WALL=3.155e-15  DATA=3.650e-04
Invoked: SSBroyden1 approach!
[BFGS] batch=  15  call=   799  total=5.347e-03  PDE=7.127e-04 [colloc=6.495e-04, cfd=6.326e-05]  WALL=3.161e-15  DATA=3.657e-04
Invoked: SSBroyden1 approach!
[BFGS] batch=  15  call=   809  total=5.338e-03  PDE=7.123e-04 [colloc=6.491e-04, cfd=6.324e-05]  WALL=3.160e-15  DATA=3.653e-04
  [PT] w_u=2.1065 w_v=12.5621 gamma=0.650 (tau_u=4.747e-01 tau_v=7.960e-02 |Du|=3.07e-02 |DRu|=8.98e-02)
[BFGS-END] batch=  15  last_total=5.388e-03  last_PDE=7.122e-04 [colloc=6.490e-04, cfd=6.324e-05]  last_WALL=3.160e-15  last_DATA=3.653e-04
/oscar/home/jchen790/cylinder flow lab/src/cfp40.py:1430: OptimizeWarning: Unknown solver options: hess, hessp, bounds, constraints, tol
  result = minimize(
Invoked: SSBroyden1 approach!
[BFGS] batch=  16  call=   834  total=5.339e-03  PDE=7.154e-04 [colloc=6.521e-04, cfd=6.323e-05]  WALL=3.159e-15  DATA=3.652e-04
  [PT] w_u=2.3154 w_v=13.4387 gamma=0.650 (tau_u=4.319e-01 tau_v=7.441e-02 |Du|=6.80e-03 |DRu|=2.54e-02)
[BFGS-END] batch=  16  last_total=5.354e-03  last_PDE=7.151e-04 [colloc=6.519e-04, cfd=6.323e-05]  last_WALL=3.160e-15  last_DATA=3.653e-04
/oscar/home/jchen790/cylinder flow lab/src/cfp40.py:1430: OptimizeWarning: Unknown solver options: hess, hessp, bounds, constraints, tol
  result = minimize(
Invoked: SSBroyden1 approach!
[BFGS] batch=  17  call=   855  total=5.344e-03  PDE=7.133e-04 [colloc=6.500e-04, cfd=6.323e-05]  WALL=3.159e-15  DATA=3.655e-04
Invoked: SSBroyden1 approach!
[BFGS] batch=  17  call=   857  total=5.327e-03  PDE=7.113e-04 [colloc=6.480e-04, cfd=6.326e-05]  WALL=3.163e-15  DATA=3.658e-04
Invoked: SSBroyden1 approach!
[BFGS] batch=  17  call=   866  total=5.314e-03  PDE=7.100e-04 [colloc=6.467e-04, cfd=6.328e-05]  WALL=3.162e-15  DATA=3.659e-04
Invoked: SSBroyden1 approach!
[BFGS] batch=  17  call=   875  total=5.311e-03  PDE=7.095e-04 [colloc=6.461e-04, cfd=6.332e-05]  WALL=3.161e-15  DATA=3.660e-04
  [PT] w_u=2.4928 w_v=14.3110 gamma=0.650 (tau_u=4.011e-01 tau_v=6.988e-02 |Du|=3.64e-02 |DRu|=8.32e-02)
[BFGS-END] batch=  17  last_total=5.341e-03  last_PDE=7.095e-04 [colloc=6.461e-04, cfd=6.332e-05]  last_WALL=3.161e-15  last_DATA=3.660e-04
/oscar/home/jchen790/cylinder flow lab/src/cfp40.py:1430: OptimizeWarning: Unknown solver options: hess, hessp, bounds, constraints, tol
  result = minimize(
Invoked: SSBroyden1 approach!
[BFGS] batch=  18  call=   895  total=5.357e-03  PDE=7.141e-04 [colloc=6.508e-04, cfd=6.332e-05]  WALL=3.161e-15  DATA=3.662e-04
Invoked: SSBroyden1 approach!
[BFGS] batch=  18  call=   897  total=5.357e-03  PDE=7.124e-04 [colloc=6.492e-04, cfd=6.323e-05]  WALL=3.159e-15  DATA=3.668e-04
Invoked: SSBroyden1 approach!
[BFGS] batch=  18  call=   899  total=5.336e-03  PDE=7.120e-04 [colloc=6.487e-04, cfd=6.323e-05]  WALL=3.159e-15  DATA=3.668e-04
Invoked: SSBroyden1 approach!
[BFGS] batch=  18  call=   908  total=5.335e-03  PDE=7.102e-04 [colloc=6.470e-04, cfd=6.321e-05]  WALL=3.160e-15  DATA=3.669e-04
Invoked: SSBroyden1 approach!
[BFGS] batch=  18  call=   909  total=5.314e-03  PDE=7.097e-04 [colloc=6.465e-04, cfd=6.318e-05]  WALL=3.160e-15  DATA=3.670e-04
  [PT] w_u=2.6772 w_v=15.5070 gamma=0.650 (tau_u=3.735e-01 tau_v=6.449e-02 |Du|=4.62e-02 |DRu|=1.05e-01)
[BFGS-END] batch=  18  last_total=5.350e-03  last_PDE=7.097e-04 [colloc=6.465e-04, cfd=6.318e-05]  last_WALL=3.160e-15  last_DATA=3.670e-04
/oscar/home/jchen790/cylinder flow lab/src/cfp40.py:1430: OptimizeWarning: Unknown solver options: hess, hessp, bounds, constraints, tol
  result = minimize(
Invoked: SSBroyden1 approach!
[BFGS] batch=  19  call=   930  total=5.365e-03  PDE=7.165e-04 [colloc=6.531e-04, cfd=6.336e-05]  WALL=3.158e-15  DATA=3.671e-04
Invoked: SSBroyden1 approach!
[BFGS] batch=  19  call=   942  total=5.353e-03  PDE=7.155e-04 [colloc=6.517e-04, cfd=6.376e-05]  WALL=3.159e-15  DATA=3.672e-04
Invoked: SSBroyden1 approach!
[BFGS] batch=  19  call=   955  total=5.347e-03  PDE=7.152e-04 [colloc=6.514e-04, cfd=6.379e-05]  WALL=3.159e-15  DATA=3.672e-04
Invoked: SSBroyden1 approach!
[BFGS] batch=  19  call=   957  total=5.326e-03  PDE=7.150e-04 [colloc=6.511e-04, cfd=6.381e-05]  WALL=3.159e-15  DATA=3.672e-04
Invoked: SSBroyden1 approach!
[BFGS] batch=  19  call=   959  total=5.321e-03  PDE=7.138e-04 [colloc=6.500e-04, cfd=6.385e-05]  WALL=3.159e-15  DATA=3.672e-04
  [PT] w_u=2.9232 w_v=17.0668 gamma=0.651 (tau_u=3.421e-01 tau_v=5.859e-02 |Du|=2.31e-02 |DRu|=7.67e-02)
[BFGS-END] batch=  19  last_total=5.344e-03  last_PDE=7.138e-04 [colloc=6.500e-04, cfd=6.385e-05]  last_WALL=3.159e-15  last_DATA=3.672e-04
/oscar/home/jchen790/cylinder flow lab/src/cfp40.py:1430: OptimizeWarning: Unknown solver options: hess, hessp, bounds, constraints, tol
  result = minimize(
Invoked: SSBroyden1 approach!
[BFGS] batch=  20  call=   979  total=5.354e-03  PDE=7.192e-04 [colloc=6.555e-04, cfd=6.371e-05]  WALL=3.159e-15  DATA=3.673e-04
Invoked: SSBroyden1 approach!
[BFGS] batch=  20  call=   988  total=5.332e-03  PDE=7.189e-04 [colloc=6.553e-04, cfd=6.368e-05]  WALL=3.159e-15  DATA=3.673e-04
  [PT] w_u=3.0999 w_v=18.3233 gamma=0.651 (tau_u=3.226e-01 tau_v=5.458e-02 |Du|=1.37e-02 |DRu|=2.88e-02)
[PT] batch=  20  w=1.0712e+01
[BFGS-END] batch=  20  last_total=5.373e-03  last_PDE=7.189e-04 [colloc=6.553e-04, cfd=6.368e-05]  last_WALL=3.159e-15  last_DATA=3.673e-04
/oscar/home/jchen790/cylinder flow lab/src/cfp40.py:1430: OptimizeWarning: Unknown solver options: hess, hessp, bounds, constraints, tol
  result = minimize(
Invoked: SSBroyden1 approach!
[BFGS] batch=  21  call=  1022  total=5.348e-03  PDE=7.195e-04 [colloc=6.558e-04, cfd=6.371e-05]  WALL=3.159e-15  DATA=3.674e-04
Invoked: SSBroyden1 approach!
[BFGS] batch=  21  call=  1030  total=5.313e-03  PDE=7.155e-04 [colloc=6.518e-04, cfd=6.362e-05]  WALL=3.156e-15  DATA=3.669e-04
  [PT] w_u=3.4025 w_v=20.1043 gamma=0.653 (tau_u=2.939e-01 tau_v=4.974e-02 |Du|=3.65e-02 |DRu|=1.56e-01)
[BFGS-END] batch=  21  last_total=5.346e-03  last_PDE=7.155e-04 [colloc=6.518e-04, cfd=6.362e-05]  last_WALL=3.156e-15  last_DATA=3.669e-04
/oscar/home/jchen790/cylinder flow lab/src/cfp40.py:1430: OptimizeWarning: Unknown solver options: hess, hessp, bounds, constraints, tol
  result = minimize(
Invoked: SSBroyden1 approach!
[BFGS] batch=  22  call=  1051  total=5.394e-03  PDE=7.273e-04 [colloc=6.634e-04, cfd=6.390e-05]  WALL=3.155e-15  DATA=3.667e-04
Invoked: SSBroyden1 approach!
[BFGS] batch=  22  call=  1053  total=5.367e-03  PDE=7.266e-04 [colloc=6.622e-04, cfd=6.436e-05]  WALL=3.159e-15  DATA=3.664e-04
Invoked: SSBroyden1 approach!
[BFGS] batch=  22  call=  1062  total=5.355e-03  PDE=7.261e-04 [colloc=6.617e-04, cfd=6.437e-05]  WALL=3.159e-15  DATA=3.664e-04
  [PT] w_u=3.7313 w_v=22.0603 gamma=0.654 (tau_u=2.680e-01 tau_v=4.533e-02 |Du|=3.13e-02 |DRu|=1.35e-01)
[BFGS-END] batch=  22  last_total=5.400e-03  last_PDE=7.260e-04 [colloc=6.616e-04, cfd=6.437e-05]  last_WALL=3.160e-15  last_DATA=3.664e-04
/oscar/home/jchen790/cylinder flow lab/src/cfp40.py:1430: OptimizeWarning: Unknown solver options: hess, hessp, bounds, constraints, tol
  result = minimize(
Invoked: SSBroyden1 approach!
[BFGS] batch=  23  call=  1084  total=5.403e-03  PDE=7.351e-04 [colloc=6.707e-04, cfd=6.437e-05]  WALL=3.160e-15  DATA=3.664e-04
Invoked: SSBroyden1 approach!
[BFGS] batch=  23  call=  1085  total=5.394e-03  PDE=7.319e-04 [colloc=6.670e-04, cfd=6.493e-05]  WALL=3.167e-15  DATA=3.658e-04
Invoked: SSBroyden1 approach!
[BFGS] batch=  23  call=  1099  total=5.366e-03  PDE=7.273e-04 [colloc=6.620e-04, cfd=6.532e-05]  WALL=3.171e-15  DATA=3.667e-04
  [PT] w_u=4.0030 w_v=24.1974 gamma=0.659 (tau_u=2.498e-01 tau_v=4.133e-02 |Du|=5.45e-02 |DRu|=1.51e-01)
[BFGS-END] batch=  23  last_total=5.369e-03  last_PDE=7.272e-04 [colloc=6.619e-04, cfd=6.533e-05]  last_WALL=3.171e-15  last_DATA=3.667e-04
/oscar/home/jchen790/cylinder flow lab/src/cfp40.py:1430: OptimizeWarning: Unknown solver options: hess, hessp, bounds, constraints, tol
  result = minimize(
Invoked: SSBroyden1 approach!
[BFGS] batch=  24  call=  1121  total=5.450e-03  PDE=7.543e-04 [colloc=6.882e-04, cfd=6.613e-05]  WALL=3.171e-15  DATA=3.667e-04
  [PT] w_u=4.3061 w_v=26.4807 gamma=0.668 (tau_u=2.322e-01 tau_v=3.776e-02 |Du|=7.27e-02 |DRu|=2.18e-01)
[BFGS-END] batch=  24  last_total=5.452e-03  last_PDE=7.533e-04 [colloc=6.872e-04, cfd=6.610e-05]  last_WALL=3.184e-15  last_DATA=3.691e-04
/oscar/home/jchen790/cylinder flow lab/src/cfp40.py:1430: OptimizeWarning: Unknown solver options: hess, hessp, bounds, constraints, tol
  result = minimize(
Invoked: SSBroyden1 approach!
[BFGS] batch=  25  call=  1138  total=5.630e-03  PDE=8.220e-04 [colloc=7.554e-04, cfd=6.666e-05]  WALL=3.174e-15  DATA=3.682e-04
Invoked: SSBroyden1 approach!
[BFGS] batch=  25  call=  1140  total=5.620e-03  PDE=8.074e-04 [colloc=7.412e-04, cfd=6.616e-05]  WALL=3.183e-15  DATA=3.697e-04
Invoked: SSBroyden1 approach!
[BFGS] batch=  25  call=  1141  total=5.558e-03  PDE=8.004e-04 [colloc=7.341e-04, cfd=6.636e-05]  WALL=3.186e-15  DATA=3.701e-04
Invoked: SSBroyden1 approach!
[BFGS] batch=  25  call=  1153  total=5.549e-03  PDE=7.974e-04 [colloc=7.310e-04, cfd=6.645e-05]  WALL=3.187e-15  DATA=3.700e-04
  [PT] w_u=4.6477 w_v=28.9042 gamma=0.670 (tau_u=2.152e-01 tau_v=3.460e-02 |Du|=3.31e-02 |DRu|=1.09e-01)
[BFGS-END] batch=  25  last_total=5.573e-03  last_PDE=7.974e-04 [colloc=7.310e-04, cfd=6.645e-05]  last_WALL=3.187e-15  last_DATA=3.700e-04
/oscar/home/jchen790/cylinder flow lab/src/cfp40.py:1430: OptimizeWarning: Unknown solver options: hess, hessp, bounds, constraints, tol
  result = minimize(
Invoked: SSBroyden1 approach!
[BFGS] batch=  26  call=  1186  total=5.583e-03  PDE=8.073e-04 [colloc=7.406e-04, cfd=6.673e-05]  WALL=3.188e-15  DATA=3.701e-04
  [PT] w_u=5.0344 w_v=31.4242 gamma=0.671 (tau_u=1.986e-01 tau_v=3.182e-02 |Du|=1.45e-02 |DRu|=5.31e-02)
[BFGS-END] batch=  26  last_total=5.605e-03  last_PDE=8.067e-04 [colloc=7.400e-04, cfd=6.675e-05]  last_WALL=3.188e-15  last_DATA=3.701e-04
/oscar/home/jchen790/cylinder flow lab/src/cfp40.py:1430: OptimizeWarning: Unknown solver options: hess, hessp, bounds, constraints, tol
  result = minimize(
Invoked: SSBroyden1 approach!
[BFGS] batch=  27  call=  1206  total=5.596e-03  PDE=8.094e-04 [colloc=7.422e-04, cfd=6.716e-05]  WALL=3.187e-15  DATA=3.705e-04
Invoked: SSBroyden1 approach!
[BFGS] batch=  27  call=  1207  total=5.594e-03  PDE=7.959e-04 [colloc=7.283e-04, cfd=6.761e-05]  WALL=3.191e-15  DATA=3.718e-04
Invoked: SSBroyden1 approach!
[BFGS] batch=  27  call=  1209  total=5.588e-03  PDE=7.886e-04 [colloc=7.211e-04, cfd=6.754e-05]  WALL=3.190e-15  DATA=3.717e-04
Invoked: SSBroyden1 approach!
[BFGS] batch=  27  call=  1210  total=5.517e-03  PDE=7.846e-04 [colloc=7.171e-04, cfd=6.757e-05]  WALL=3.190e-15  DATA=3.718e-04
Invoked: SSBroyden1 approach!
[BFGS] batch=  27  call=  1212  total=5.489e-03  PDE=7.715e-04 [colloc=7.031e-04, cfd=6.841e-05]  WALL=3.192e-15  DATA=3.723e-04
Invoked: SSBroyden1 approach!
[BFGS] batch=  27  call=  1213  total=5.473e-03  PDE=7.591e-04 [colloc=6.898e-04, cfd=6.936e-05]  WALL=3.195e-15  DATA=3.727e-04
Invoked: SSBroyden1 approach!
[BFGS] batch=  27  call=  1214  total=5.464e-03  PDE=7.502e-04 [colloc=6.802e-04, cfd=6.996e-05]  WALL=3.199e-15  DATA=3.730e-04
Invoked: SSBroyden1 approach!
[BFGS] batch=  27  call=  1218  total=5.438e-03  PDE=7.469e-04 [colloc=6.769e-04, cfd=7.001e-05]  WALL=3.199e-15  DATA=3.730e-04
Invoked: SSBroyden1 approach!
[BFGS] batch=  27  call=  1225  total=5.431e-03  PDE=7.374e-04 [colloc=6.673e-04, cfd=7.009e-05]  WALL=3.196e-15  DATA=3.736e-04
Invoked: SSBroyden1 approach!
[BFGS] batch=  27  call=  1226  total=5.418e-03  PDE=7.330e-04 [colloc=6.630e-04, cfd=6.995e-05]  WALL=3.197e-15  DATA=3.739e-04
Invoked: SSBroyden1 approach!
[BFGS] batch=  27  call=  1227  total=5.395e-03  PDE=7.274e-04 [colloc=6.576e-04, cfd=6.974e-05]  WALL=3.200e-15  DATA=3.742e-04
Invoked: SSBroyden1 approach!
[BFGS] batch=  27  call=  1234  total=5.384e-03  PDE=7.228e-04 [colloc=6.532e-04, cfd=6.961e-05]  WALL=3.208e-15  DATA=3.755e-04
Invoked: SSBroyden1 approach!
[BFGS] batch=  27  call=  1235  total=5.376e-03  PDE=7.158e-04 [colloc=6.464e-04, cfd=6.934e-05]  WALL=3.207e-15  DATA=3.762e-04
Invoked: SSBroyden1 approach!
[BFGS] batch=  27  call=  1236  total=5.376e-03  PDE=7.109e-04 [colloc=6.416e-04, cfd=6.926e-05]  WALL=3.205e-15  DATA=3.764e-04
  [PT] w_u=5.4356 w_v=34.3220 gamma=0.692 (tau_u=1.840e-01 tau_v=2.914e-02 |Du|=1.01e-01 |DRu|=3.69e-01)
[BFGS-END] batch=  27  last_total=5.373e-03  last_PDE=7.108e-04 [colloc=6.415e-04, cfd=6.926e-05]  last_WALL=3.205e-15  last_DATA=3.764e-04
/oscar/home/jchen790/cylinder flow lab/src/cfp40.py:1430: OptimizeWarning: Unknown solver options: hess, hessp, bounds, constraints, tol
  result = minimize(
Invoked: SSBroyden1 approach!
[BFGS] batch=  28  call=  1256  total=5.917e-03  PDE=9.199e-04 [colloc=8.509e-04, cfd=6.899e-05]  WALL=3.213e-15  DATA=3.769e-04
Invoked: SSBroyden1 approach!
[BFGS] batch=  28  call=  1257  total=5.853e-03  PDE=8.938e-04 [colloc=8.244e-04, cfd=6.949e-05]  WALL=3.220e-15  DATA=3.769e-04
Invoked: SSBroyden1 approach!
[BFGS] batch=  28  call=  1258  total=5.737e-03  PDE=8.582e-04 [colloc=7.875e-04, cfd=7.063e-05]  WALL=3.226e-15  DATA=3.765e-04
Invoked: SSBroyden1 approach!
[BFGS] batch=  28  call=  1259  total=5.698e-03  PDE=8.121e-04 [colloc=7.378e-04, cfd=7.425e-05]  WALL=3.238e-15  DATA=3.800e-04
Invoked: SSBroyden1 approach!
[BFGS] batch=  28  call=  1260  total=5.629e-03  PDE=7.904e-04 [colloc=7.152e-04, cfd=7.520e-05]  WALL=3.241e-15  DATA=3.811e-04
Invoked: SSBroyden1 approach!
[BFGS] batch=  28  call=  1261  total=5.595e-03  PDE=7.799e-04 [colloc=7.051e-04, cfd=7.479e-05]  WALL=3.242e-15  DATA=3.823e-04
Invoked: SSBroyden1 approach!
[BFGS] batch=  28  call=  1262  total=5.549e-03  PDE=7.651e-04 [colloc=6.896e-04, cfd=7.551e-05]  WALL=3.235e-15  DATA=3.824e-04
Invoked: SSBroyden1 approach!
[BFGS] batch=  28  call=  1264  total=5.547e-03  PDE=7.561e-04 [colloc=6.805e-04, cfd=7.562e-05]  WALL=3.235e-15  DATA=3.822e-04
Invoked: SSBroyden1 approach!
[BFGS] batch=  28  call=  1266  total=5.503e-03  PDE=7.481e-04 [colloc=6.721e-04, cfd=7.596e-05]  WALL=3.233e-15  DATA=3.824e-04
Invoked: SSBroyden1 approach!
[BFGS] batch=  28  call=  1276  total=5.493e-03  PDE=7.383e-04 [colloc=6.625e-04, cfd=7.583e-05]  WALL=3.236e-15  DATA=3.846e-04
Invoked: SSBroyden1 approach!
[BFGS] batch=  28  call=  1277  total=5.484e-03  PDE=7.323e-04 [colloc=6.574e-04, cfd=7.496e-05]  WALL=3.238e-15  DATA=3.850e-04
Invoked: SSBroyden1 approach!
[BFGS] batch=  28  call=  1278  total=5.458e-03  PDE=7.274e-04 [colloc=6.533e-04, cfd=7.407e-05]  WALL=3.237e-15  DATA=3.848e-04
Invoked: SSBroyden1 approach!
[BFGS] batch=  28  call=  1280  total=5.457e-03  PDE=7.237e-04 [colloc=6.504e-04, cfd=7.330e-05]  WALL=3.237e-15  DATA=3.849e-04
  [PT] w_u=5.7778 w_v=36.9128 gamma=0.715 (tau_u=1.731e-01 tau_v=2.709e-02 |Du|=1.25e-01 |DRu|=3.86e-01)
[BFGS-END] batch=  28  last_total=5.474e-03  last_PDE=7.231e-04 [colloc=6.499e-04, cfd=7.324e-05]  last_WALL=3.237e-15  last_DATA=3.849e-04
/oscar/home/jchen790/cylinder flow lab/src/cfp40.py:1430: OptimizeWarning: Unknown solver options: hess, hessp, bounds, constraints, tol
  result = minimize(
Invoked: SSBroyden1 approach!
[BFGS] batch=  29  call=  1303  total=6.223e-03  PDE=1.011e-03 [colloc=9.280e-04, cfd=8.289e-05]  WALL=3.230e-15  DATA=3.833e-04
Invoked: SSBroyden1 approach!
[BFGS] batch=  29  call=  1304  total=5.975e-03  PDE=9.239e-04 [colloc=8.387e-04, cfd=8.522e-05]  WALL=3.239e-15  DATA=3.866e-04
Invoked: SSBroyden1 approach!
[BFGS] batch=  29  call=  1305  total=5.836e-03  PDE=8.587e-04 [colloc=7.703e-04, cfd=8.844e-05]  WALL=3.249e-15  DATA=3.904e-04
Invoked: SSBroyden1 approach!
[BFGS] batch=  29  call=  1307  total=5.792e-03  PDE=8.318e-04 [colloc=7.459e-04, cfd=8.593e-05]  WALL=3.254e-15  DATA=3.919e-04
Invoked: SSBroyden1 approach!
[BFGS] batch=  29  call=  1308  total=5.761e-03  PDE=8.116e-04 [colloc=7.288e-04, cfd=8.284e-05]  WALL=3.250e-15  DATA=3.922e-04
Invoked: SSBroyden1 approach!
[BFGS] batch=  29  call=  1309  total=5.678e-03  PDE=7.968e-04 [colloc=7.146e-04, cfd=8.226e-05]  WALL=3.242e-15  DATA=3.917e-04
Invoked: SSBroyden1 approach!
[BFGS] batch=  29  call=  1311  total=5.653e-03  PDE=7.810e-04 [colloc=6.994e-04, cfd=8.153e-05]  WALL=3.248e-15  DATA=3.940e-04
Invoked: SSBroyden1 approach!
[BFGS] batch=  29  call=  1312  total=5.622e-03  PDE=7.670e-04 [colloc=6.860e-04, cfd=8.100e-05]  WALL=3.248e-15  DATA=3.938e-04
Invoked: SSBroyden1 approach!
[BFGS] batch=  29  call=  1313  total=5.529e-03  PDE=7.493e-04 [colloc=6.695e-04, cfd=7.976e-05]  WALL=3.250e-15  DATA=3.946e-04
Invoked: SSBroyden1 approach!
[BFGS] batch=  29  call=  1322  total=5.513e-03  PDE=7.301e-04 [colloc=6.533e-04, cfd=7.686e-05]  WALL=3.248e-15  DATA=3.957e-04
Invoked: SSBroyden1 approach!
[BFGS] batch=  29  call=  1330  total=5.511e-03  PDE=7.279e-04 [colloc=6.513e-04, cfd=7.668e-05]  WALL=3.247e-15  DATA=3.958e-04
Invoked: SSBroyden1 approach!
[BFGS] batch=  29  call=  1332  total=5.480e-03  PDE=7.203e-04 [colloc=6.447e-04, cfd=7.562e-05]  WALL=3.246e-15  DATA=3.963e-04
Invoked: SSBroyden1 approach!
[BFGS] batch=  29  call=  1334  total=5.474e-03  PDE=7.153e-04 [colloc=6.403e-04, cfd=7.493e-05]  WALL=3.245e-15  DATA=3.965e-04
Invoked: SSBroyden1 approach!
[BFGS] batch=  29  call=  1343  total=5.469e-03  PDE=7.123e-04 [colloc=6.381e-04, cfd=7.414e-05]  WALL=3.246e-15  DATA=3.961e-04
Invoked: SSBroyden1 approach!
[BFGS] batch=  29  call=  1349  total=5.457e-03  PDE=7.092e-04 [colloc=6.356e-04, cfd=7.367e-05]  WALL=3.246e-15  DATA=3.960e-04
Invoked: SSBroyden1 approach!
[BFGS] batch=  29  call=  1350  total=5.452e-03  PDE=7.031e-04 [colloc=6.304e-04, cfd=7.267e-05]  WALL=3.244e-15  DATA=3.967e-04
Invoked: SSBroyden1 approach!
[BFGS] batch=  29  call=  1351  total=5.412e-03  PDE=7.004e-04 [colloc=6.283e-04, cfd=7.208e-05]  WALL=3.244e-15  DATA=3.966e-04
Invoked: SSBroyden1 approach!
[BFGS] batch=  29  call=  1361  total=5.393e-03  PDE=6.955e-04 [colloc=6.249e-04, cfd=7.054e-05]  WALL=3.243e-15  DATA=3.964e-04
Invoked: SSBroyden1 approach!
[BFGS] batch=  29  call=  1372  total=5.382e-03  PDE=6.927e-04 [colloc=6.226e-04, cfd=7.011e-05]  WALL=3.240e-15  DATA=3.964e-04
  [PT] w_u=6.2360 w_v=39.6161 gamma=0.713 (tau_u=1.604e-01 tau_v=2.524e-02 |Du|=1.04e-01 |DRu|=4.08e-01)
[BFGS-END] batch=  29  last_total=5.416e-03  last_PDE=6.927e-04 [colloc=6.226e-04, cfd=7.011e-05]  last_WALL=3.240e-15  last_DATA=3.964e-04
/oscar/home/jchen790/cylinder flow lab/src/cfp40.py:1430: OptimizeWarning: Unknown solver options: hess, hessp, bounds, constraints, tol
  result = minimize(
Invoked: SSBroyden1 approach!
[BFGS] batch=  30  call=  1393  total=6.160e-03  PDE=9.715e-04 [colloc=8.981e-04, cfd=7.337e-05]  WALL=3.234e-15  DATA=3.993e-04
Invoked: SSBroyden1 approach!
[BFGS] batch=  30  call=  1394  total=5.940e-03  PDE=8.779e-04 [colloc=7.998e-04, cfd=7.808e-05]  WALL=3.247e-15  DATA=4.027e-04
Invoked: SSBroyden1 approach!
[BFGS] batch=  30  call=  1395  total=5.841e-03  PDE=8.376e-04 [colloc=7.571e-04, cfd=8.048e-05]  WALL=3.248e-15  DATA=4.049e-04
Invoked: SSBroyden1 approach!
[BFGS] batch=  30  call=  1396  total=5.768e-03  PDE=8.096e-04 [colloc=7.304e-04, cfd=7.923e-05]  WALL=3.241e-15  DATA=4.048e-04
Invoked: SSBroyden1 approach!
[BFGS] batch=  30  call=  1397  total=5.747e-03  PDE=7.806e-04 [colloc=7.035e-04, cfd=7.715e-05]  WALL=3.242e-15  DATA=4.064e-04
Invoked: SSBroyden1 approach!
[BFGS] batch=  30  call=  1398  total=5.659e-03  PDE=7.669e-04 [colloc=6.906e-04, cfd=7.622e-05]  WALL=3.242e-15  DATA=4.064e-04
Invoked: SSBroyden1 approach!
[BFGS] batch=  30  call=  1400  total=5.627e-03  PDE=7.496e-04 [colloc=6.756e-04, cfd=7.397e-05]  WALL=3.241e-15  DATA=4.071e-04
Invoked: SSBroyden1 approach!
[BFGS] batch=  30  call=  1401  total=5.586e-03  PDE=7.360e-04 [colloc=6.639e-04, cfd=7.213e-05]  WALL=3.247e-15  DATA=4.073e-04
Invoked: SSBroyden1 approach!
[BFGS] batch=  30  call=  1403  total=5.568e-03  PDE=7.287e-04 [colloc=6.574e-04, cfd=7.130e-05]  WALL=3.246e-15  DATA=4.072e-04
Invoked: SSBroyden1 approach!
[BFGS] batch=  30  call=  1404  total=5.527e-03  PDE=7.190e-04 [colloc=6.489e-04, cfd=7.002e-05]  WALL=3.244e-15  DATA=4.077e-04
  [PT] w_u=6.6810 w_v=42.0659 gamma=0.713 (tau_u=1.497e-01 tau_v=2.377e-02 |Du|=1.00e-01 |DRu|=3.65e-01)
[PT] batch=  30  w=2.4373e+01
[BFGS-END] batch=  30  last_total=5.515e-03  last_PDE=7.190e-04 [colloc=6.489e-04, cfd=7.002e-05]  last_WALL=3.244e-15  last_DATA=4.077e-04
/oscar/home/jchen790/cylinder flow lab/src/cfp40.py:1430: OptimizeWarning: Unknown solver options: hess, hessp, bounds, constraints, tol
  result = minimize(
Invoked: SSBroyden1 approach!
[BFGS] batch=  31  call=  1426  total=6.060e-03  PDE=9.018e-04 [colloc=8.285e-04, cfd=7.329e-05]  WALL=3.248e-15  DATA=4.159e-04
Invoked: SSBroyden1 approach!
[BFGS] batch=  31  call=  1428  total=5.900e-03  PDE=8.347e-04 [colloc=7.588e-04, cfd=7.589e-05]  WALL=3.247e-15  DATA=4.160e-04
Invoked: SSBroyden1 approach!
[BFGS] batch=  31  call=  1429  total=5.878e-03  PDE=8.192e-04 [colloc=7.433e-04, cfd=7.590e-05]  WALL=3.246e-15  DATA=4.190e-04
Invoked: SSBroyden1 approach!
[BFGS] batch=  31  call=  1430  total=5.817e-03  PDE=8.045e-04 [colloc=7.291e-04, cfd=7.536e-05]  WALL=3.246e-15  DATA=4.190e-04
Invoked: SSBroyden1 approach!
[BFGS] batch=  31  call=  1431  total=5.721e-03  PDE=7.772e-04 [colloc=7.059e-04, cfd=7.129e-05]  WALL=3.241e-15  DATA=4.192e-04
Invoked: SSBroyden1 approach!
[BFGS] batch=  31  call=  1434  total=5.706e-03  PDE=7.713e-04 [colloc=7.003e-04, cfd=7.100e-05]  WALL=3.240e-15  DATA=4.194e-04
  [PT] w_u=7.2358 w_v=45.1980 gamma=0.715 (tau_u=1.382e-01 tau_v=2.212e-02 |Du|=9.51e-02 |DRu|=4.30e-01)
[BFGS-END] batch=  31  last_total=5.742e-03  last_PDE=7.713e-04 [colloc=7.003e-04, cfd=7.100e-05]  last_WALL=3.240e-15  last_DATA=4.194e-04
/oscar/home/jchen790/cylinder flow lab/src/cfp40.py:1430: OptimizeWarning: Unknown solver options: hess, hessp, bounds, constraints, tol
  result = minimize(
Invoked: SSBroyden1 approach!
[BFGS] batch=  32  call=  1455  total=6.192e-03  PDE=9.437e-04 [colloc=8.701e-04, cfd=7.363e-05]  WALL=3.238e-15  DATA=4.237e-04
Invoked: SSBroyden1 approach!
[BFGS] batch=  32  call=  1457  total=6.016e-03  PDE=8.574e-04 [colloc=7.843e-04, cfd=7.316e-05]  WALL=3.246e-15  DATA=4.257e-04
Invoked: SSBroyden1 approach!
[BFGS] batch=  32  call=  1459  total=5.961e-03  PDE=8.235e-04 [colloc=7.517e-04, cfd=7.174e-05]  WALL=3.255e-15  DATA=4.277e-04
Invoked: SSBroyden1 approach!
[BFGS] batch=  32  call=  1460  total=5.865e-03  PDE=7.965e-04 [colloc=7.254e-04, cfd=7.105e-05]  WALL=3.246e-15  DATA=4.284e-04
Invoked: SSBroyden1 approach!
[BFGS] batch=  32  call=  1461  total=5.819e-03  PDE=7.840e-04 [colloc=7.135e-04, cfd=7.055e-05]  WALL=3.233e-15  DATA=4.296e-04
Invoked: SSBroyden1 approach!
[BFGS] batch=  32  call=  1462  total=5.769e-03  PDE=7.582e-04 [colloc=6.883e-04, cfd=6.991e-05]  WALL=3.230e-15  DATA=4.312e-04
Invoked: SSBroyden1 approach!
[BFGS] batch=  32  call=  1463  total=5.750e-03  PDE=7.508e-04 [colloc=6.817e-04, cfd=6.909e-05]  WALL=3.228e-15  DATA=4.326e-04
Invoked: SSBroyden1 approach!
[BFGS] batch=  32  call=  1464  total=5.681e-03  PDE=7.416e-04 [colloc=6.735e-04, cfd=6.817e-05]  WALL=3.229e-15  DATA=4.325e-04
  [PT] w_u=7.8422 w_v=47.3425 gamma=0.713 (tau_u=1.275e-01 tau_v=2.112e-02 |Du|=8.91e-02 |DRu|=4.25e-01)
[BFGS-END] batch=  32  last_total=5.724e-03  last_PDE=7.416e-04 [colloc=6.735e-04, cfd=6.817e-05]  last_WALL=3.229e-15  last_DATA=4.325e-04
/oscar/home/jchen790/cylinder flow lab/src/cfp40.py:1430: OptimizeWarning: Unknown solver options: hess, hessp, bounds, constraints, tol
  result = minimize(
Invoked: SSBroyden1 approach!
[BFGS] batch=  33  call=  1486  total=6.315e-03  PDE=9.524e-04 [colloc=8.837e-04, cfd=6.876e-05]  WALL=3.245e-15  DATA=4.349e-04
Invoked: SSBroyden1 approach!
[BFGS] batch=  33  call=  1487  total=6.120e-03  PDE=8.775e-04 [colloc=8.009e-04, cfd=7.660e-05]  WALL=3.255e-15  DATA=4.422e-04
Invoked: SSBroyden1 approach!
[BFGS] batch=  33  call=  1489  total=6.050e-03  PDE=8.404e-04 [colloc=7.648e-04, cfd=7.555e-05]  WALL=3.257e-15  DATA=4.434e-04
Invoked: SSBroyden1 approach!
[BFGS] batch=  33  call=  1490  total=6.017e-03  PDE=8.118e-04 [colloc=7.388e-04, cfd=7.297e-05]  WALL=3.247e-15  DATA=4.427e-04
Invoked: SSBroyden1 approach!
[BFGS] batch=  33  call=  1491  total=5.915e-03  PDE=7.908e-04 [colloc=7.185e-04, cfd=7.239e-05]  WALL=3.244e-15  DATA=4.429e-04
Invoked: SSBroyden1 approach!
[BFGS] batch=  33  call=  1493  total=5.811e-03  PDE=7.686e-04 [colloc=6.974e-04, cfd=7.116e-05]  WALL=3.240e-15  DATA=4.434e-04
Invoked: SSBroyden1 approach!
[BFGS] batch=  33  call=  1502  total=5.807e-03  PDE=7.501e-04 [colloc=6.807e-04, cfd=6.942e-05]  WALL=3.234e-15  DATA=4.437e-04
Invoked: SSBroyden1 approach!
[BFGS] batch=  33  call=  1503  total=5.797e-03  PDE=7.469e-04 [colloc=6.776e-04, cfd=6.928e-05]  WALL=3.233e-15  DATA=4.438e-04
Invoked: SSBroyden1 approach!
[BFGS] batch=  33  call=  1510  total=5.782e-03  PDE=7.404e-04 [colloc=6.715e-04, cfd=6.897e-05]  WALL=3.233e-15  DATA=4.440e-04
Invoked: SSBroyden1 approach!
[BFGS] batch=  33  call=  1511  total=5.734e-03  PDE=7.326e-04 [colloc=6.641e-04, cfd=6.849e-05]  WALL=3.232e-15  DATA=4.437e-04
  [PT] w_u=8.3624 w_v=49.4504 gamma=0.709 (tau_u=1.196e-01 tau_v=2.022e-02 |Du|=7.64e-02 |DRu|=2.93e-01)
[BFGS-END] batch=  33  last_total=5.779e-03  last_PDE=7.326e-04 [colloc=6.641e-04, cfd=6.849e-05]  last_WALL=3.232e-15  last_DATA=4.437e-04
/oscar/home/jchen790/cylinder flow lab/src/cfp40.py:1430: OptimizeWarning: Unknown solver options: hess, hessp, bounds, constraints, tol
  result = minimize(
Invoked: SSBroyden1 approach!
[BFGS] batch=  34  call=  1533  total=6.274e-03  PDE=9.190e-04 [colloc=8.511e-04, cfd=6.787e-05]  WALL=3.241e-15  DATA=4.473e-04
Invoked: SSBroyden1 approach!
[BFGS] batch=  34  call=  1535  total=6.082e-03  PDE=8.455e-04 [colloc=7.764e-04, cfd=6.907e-05]  WALL=3.247e-15  DATA=4.505e-04
Invoked: SSBroyden1 approach!
[BFGS] batch=  34  call=  1537  total=6.020e-03  PDE=8.003e-04 [colloc=7.302e-04, cfd=7.010e-05]  WALL=3.246e-15  DATA=4.514e-04
Invoked: SSBroyden1 approach!
[BFGS] batch=  34  call=  1538  total=5.952e-03  PDE=7.725e-04 [colloc=7.028e-04, cfd=6.975e-05]  WALL=3.238e-15  DATA=4.537e-04
Invoked: SSBroyden1 approach!
[BFGS] batch=  34  call=  1539  total=5.879e-03  PDE=7.531e-04 [colloc=6.826e-04, cfd=7.055e-05]  WALL=3.237e-15  DATA=4.548e-04
Invoked: SSBroyden1 approach!
[BFGS] batch=  34  call=  1542  total=5.867e-03  PDE=7.483e-04 [colloc=6.780e-04, cfd=7.030e-05]  WALL=3.237e-15  DATA=4.550e-04
Invoked: SSBroyden1 approach!
[BFGS] batch=  34  call=  1550  total=5.861e-03  PDE=7.419e-04 [colloc=6.719e-04, cfd=6.996e-05]  WALL=3.234e-15  DATA=4.550e-04
Invoked: SSBroyden1 approach!
[BFGS] batch=  34  call=  1551  total=5.829e-03  PDE=7.376e-04 [colloc=6.680e-04, cfd=6.963e-05]  WALL=3.233e-15  DATA=4.550e-04
Invoked: SSBroyden1 approach!
[BFGS] batch=  34  call=  1553  total=5.799e-03  PDE=7.321e-04 [colloc=6.629e-04, cfd=6.916e-05]  WALL=3.231e-15  DATA=4.550e-04
  [PT] w_u=8.8397 w_v=53.0310 gamma=0.706 (tau_u=1.131e-01 tau_v=1.886e-02 |Du|=7.37e-02 |DRu|=2.64e-01)
[BFGS-END] batch=  34  last_total=5.820e-03  last_PDE=7.321e-04 [colloc=6.629e-04, cfd=6.916e-05]  last_WALL=3.231e-15  last_DATA=4.550e-04
/oscar/home/jchen790/cylinder flow lab/src/cfp40.py:1430: OptimizeWarning: Unknown solver options: hess, hessp, bounds, constraints, tol
  result = minimize(
Invoked: SSBroyden1 approach!
[BFGS] batch=  35  call=  1575  total=6.324e-03  PDE=9.179e-04 [colloc=8.485e-04, cfd=6.943e-05]  WALL=3.240e-15  DATA=4.586e-04
Invoked: SSBroyden1 approach!
[BFGS] batch=  35  call=  1576  total=6.190e-03  PDE=8.476e-04 [colloc=7.761e-04, cfd=7.141e-05]  WALL=3.250e-15  DATA=4.614e-04
Invoked: SSBroyden1 approach!
[BFGS] batch=  35  call=  1577  total=6.136e-03  PDE=8.333e-04 [colloc=7.612e-04, cfd=7.205e-05]  WALL=3.247e-15  DATA=4.621e-04
Invoked: SSBroyden1 approach!
[BFGS] batch=  35  call=  1578  total=6.072e-03  PDE=8.020e-04 [colloc=7.308e-04, cfd=7.122e-05]  WALL=3.243e-15  DATA=4.630e-04
Invoked: SSBroyden1 approach!
[BFGS] batch=  35  call=  1579  total=5.996e-03  PDE=7.690e-04 [colloc=6.990e-04, cfd=7.003e-05]  WALL=3.236e-15  DATA=4.644e-04
Invoked: SSBroyden1 approach!
[BFGS] batch=  35  call=  1580  total=5.913e-03  PDE=7.410e-04 [colloc=6.717e-04, cfd=6.923e-05]  WALL=3.227e-15  DATA=4.673e-04
Invoked: SSBroyden1 approach!
[BFGS] batch=  35  call=  1582  total=5.909e-03  PDE=7.301e-04 [colloc=6.617e-04, cfd=6.840e-05]  WALL=3.229e-15  DATA=4.670e-04
Invoked: SSBroyden1 approach!
[BFGS] batch=  35  call=  1583  total=5.883e-03  PDE=7.274e-04 [colloc=6.592e-04, cfd=6.824e-05]  WALL=3.228e-15  DATA=4.668e-04
Invoked: SSBroyden1 approach!
[BFGS] batch=  35  call=  1585  total=5.854e-03  PDE=7.235e-04 [colloc=6.553e-04, cfd=6.813e-05]  WALL=3.226e-15  DATA=4.665e-04
  [PT] w_u=9.3340 w_v=56.8064 gamma=0.706 (tau_u=1.071e-01 tau_v=1.760e-02 |Du|=6.93e-02 |DRu|=2.53e-01)
[BFGS-END] batch=  35  last_total=5.868e-03  last_PDE=7.233e-04 [colloc=6.552e-04, cfd=6.813e-05]  last_WALL=3.226e-15  last_DATA=4.665e-04
/oscar/home/jchen790/cylinder flow lab/src/cfp40.py:1430: OptimizeWarning: Unknown solver options: hess, hessp, bounds, constraints, tol
  result = minimize(
Invoked: SSBroyden1 approach!
[BFGS] batch=  36  call=  1606  total=6.401e-03  PDE=9.329e-04 [colloc=8.645e-04, cfd=6.833e-05]  WALL=3.231e-15  DATA=4.671e-04
Invoked: SSBroyden1 approach!
[BFGS] batch=  36  call=  1607  total=6.267e-03  PDE=8.429e-04 [colloc=7.725e-04, cfd=7.040e-05]  WALL=3.242e-15  DATA=4.756e-04
Invoked: SSBroyden1 approach!
[BFGS] batch=  36  call=  1608  total=6.185e-03  PDE=8.189e-04 [colloc=7.470e-04, cfd=7.190e-05]  WALL=3.238e-15  DATA=4.756e-04
Invoked: SSBroyden1 approach!
[BFGS] batch=  36  call=  1609  total=6.061e-03  PDE=7.804e-04 [colloc=7.094e-04, cfd=7.101e-05]  WALL=3.235e-15  DATA=4.768e-04
Invoked: SSBroyden1 approach!
[BFGS] batch=  36  call=  1610  total=6.013e-03  PDE=7.612e-04 [colloc=6.899e-04, cfd=7.135e-05]  WALL=3.226e-15  DATA=4.754e-04
Invoked: SSBroyden1 approach!
[BFGS] batch=  36  call=  1612  total=5.990e-03  PDE=7.523e-04 [colloc=6.815e-04, cfd=7.087e-05]  WALL=3.225e-15  DATA=4.757e-04
Invoked: SSBroyden1 approach!
[BFGS] batch=  36  call=  1613  total=5.981e-03  PDE=7.395e-04 [colloc=6.697e-04, cfd=6.985e-05]  WALL=3.222e-15  DATA=4.760e-04
Invoked: SSBroyden1 approach!
[BFGS] batch=  36  call=  1614  total=5.948e-03  PDE=7.338e-04 [colloc=6.644e-04, cfd=6.937e-05]  WALL=3.222e-15  DATA=4.763e-04
Invoked: SSBroyden1 approach!
[BFGS] batch=  36  call=  1615  total=5.946e-03  PDE=7.283e-04 [colloc=6.597e-04, cfd=6.861e-05]  WALL=3.219e-15  DATA=4.761e-04
Invoked: SSBroyden1 approach!
[BFGS] batch=  36  call=  1617  total=5.941e-03  PDE=7.227e-04 [colloc=6.545e-04, cfd=6.824e-05]  WALL=3.220e-15  DATA=4.762e-04
Invoked: SSBroyden1 approach!
[BFGS] batch=  36  call=  1618  total=5.929e-03  PDE=7.191e-04 [colloc=6.511e-04, cfd=6.798e-05]  WALL=3.220e-15  DATA=4.764e-04
Invoked: SSBroyden1 approach!
[BFGS] batch=  36  call=  1619  total=5.907e-03  PDE=7.129e-04 [colloc=6.450e-04, cfd=6.792e-05]  WALL=3.220e-15  DATA=4.764e-04
Invoked: SSBroyden1 approach!
[BFGS] batch=  36  call=  1620  total=5.878e-03  PDE=7.102e-04 [colloc=6.434e-04, cfd=6.678e-05]  WALL=3.222e-15  DATA=4.769e-04
Invoked: SSBroyden1 approach!
[BFGS] batch=  36  call=  1622  total=5.871e-03  PDE=7.079e-04 [colloc=6.414e-04, cfd=6.652e-05]  WALL=3.222e-15  DATA=4.768e-04
  [PT] w_u=9.9316 w_v=60.5381 gamma=0.706 (tau_u=1.007e-01 tau_v=1.652e-02 |Du|=6.82e-02 |DRu|=2.77e-01)
[BFGS-END] batch=  36  last_total=5.941e-03  last_PDE=7.078e-04 [colloc=6.413e-04, cfd=6.651e-05]  last_WALL=3.222e-15  last_DATA=4.768e-04
/oscar/home/jchen790/cylinder flow lab/src/cfp40.py:1430: OptimizeWarning: Unknown solver options: hess, hessp, bounds, constraints, tol
  result = minimize(
Invoked: SSBroyden1 approach!
[BFGS] batch=  37  call=  1643  total=6.441e-03  PDE=9.170e-04 [colloc=8.507e-04, cfd=6.621e-05]  WALL=3.225e-15  DATA=4.810e-04
Invoked: SSBroyden1 approach!
[BFGS] batch=  37  call=  1644  total=6.381e-03  PDE=8.823e-04 [colloc=8.119e-04, cfd=7.041e-05]  WALL=3.217e-15  DATA=4.822e-04
Invoked: SSBroyden1 approach!
[BFGS] batch=  37  call=  1645  total=6.237e-03  PDE=8.440e-04 [colloc=7.732e-04, cfd=7.082e-05]  WALL=3.218e-15  DATA=4.826e-04
Invoked: SSBroyden1 approach!
[BFGS] batch=  37  call=  1646  total=6.135e-03  PDE=7.875e-04 [colloc=7.197e-04, cfd=6.785e-05]  WALL=3.219e-15  DATA=4.842e-04
Invoked: SSBroyden1 approach!
[BFGS] batch=  37  call=  1647  total=6.031e-03  PDE=7.480e-04 [colloc=6.807e-04, cfd=6.735e-05]  WALL=3.221e-15  DATA=4.864e-04
Invoked: SSBroyden1 approach!
[BFGS] batch=  37  call=  1649  total=6.024e-03  PDE=7.345e-04 [colloc=6.675e-04, cfd=6.697e-05]  WALL=3.222e-15  DATA=4.871e-04
Invoked: SSBroyden1 approach!
[BFGS] batch=  37  call=  1650  total=6.010e-03  PDE=7.297e-04 [colloc=6.627e-04, cfd=6.697e-05]  WALL=3.222e-15  DATA=4.874e-04
Invoked: SSBroyden1 approach!
[BFGS] batch=  37  call=  1651  total=5.987e-03  PDE=7.221e-04 [colloc=6.555e-04, cfd=6.655e-05]  WALL=3.218e-15  DATA=4.879e-04
Invoked: SSBroyden1 approach!
[BFGS] batch=  37  call=  1652  total=5.977e-03  PDE=7.186e-04 [colloc=6.526e-04, cfd=6.603e-05]  WALL=3.213e-15  DATA=4.874e-04
Invoked: SSBroyden1 approach!
[BFGS] batch=  37  call=  1653  total=5.971e-03  PDE=7.134e-04 [colloc=6.473e-04, cfd=6.603e-05]  WALL=3.213e-15  DATA=4.872e-04
Invoked: SSBroyden1 approach!
[BFGS] batch=  37  call=  1654  total=5.955e-03  PDE=7.100e-04 [colloc=6.440e-04, cfd=6.603e-05]  WALL=3.213e-15  DATA=4.870e-04
Invoked: SSBroyden1 approach!
[BFGS] batch=  37  call=  1655  total=5.931e-03  PDE=7.060e-04 [colloc=6.403e-04, cfd=6.567e-05]  WALL=3.215e-15  DATA=4.865e-04
Invoked: SSBroyden1 approach!
[BFGS] batch=  37  call=  1664  total=5.916e-03  PDE=7.022e-04 [colloc=6.366e-04, cfd=6.551e-05]  WALL=3.213e-15  DATA=4.866e-04
Invoked: SSBroyden1 approach!
[BFGS] batch=  37  call=  1665  total=5.910e-03  PDE=6.990e-04 [colloc=6.337e-04, cfd=6.537e-05]  WALL=3.214e-15  DATA=4.865e-04
  [PT] w_u=10.3803 w_v=63.2869 gamma=0.710 (tau_u=9.634e-02 tau_v=1.580e-02 |Du|=6.78e-02 |DRu|=2.39e-01)
[BFGS-END] batch=  37  last_total=5.935e-03  last_PDE=6.989e-04 [colloc=6.336e-04, cfd=6.537e-05]  last_WALL=3.214e-15  last_DATA=4.865e-04
/oscar/home/jchen790/cylinder flow lab/src/cfp40.py:1430: OptimizeWarning: Unknown solver options: hess, hessp, bounds, constraints, tol
  result = minimize(
Invoked: SSBroyden1 approach!
[BFGS] batch=  38  call=  1687  total=6.477e-03  PDE=9.054e-04 [colloc=8.393e-04, cfd=6.607e-05]  WALL=3.221e-15  DATA=4.901e-04
Invoked: SSBroyden1 approach!
[BFGS] batch=  38  call=  1689  total=6.267e-03  PDE=8.289e-04 [colloc=7.632e-04, cfd=6.575e-05]  WALL=3.221e-15  DATA=4.920e-04
Invoked: SSBroyden1 approach!
[BFGS] batch=  38  call=  1690  total=6.210e-03  PDE=7.868e-04 [colloc=7.199e-04, cfd=6.688e-05]  WALL=3.214e-15  DATA=4.970e-04
Invoked: SSBroyden1 approach!
[BFGS] batch=  38  call=  1691  total=6.142e-03  PDE=7.580e-04 [colloc=6.917e-04, cfd=6.634e-05]  WALL=3.209e-15  DATA=4.963e-04
Invoked: SSBroyden1 approach!
[BFGS] batch=  38  call=  1692  total=6.095e-03  PDE=7.400e-04 [colloc=6.749e-04, cfd=6.516e-05]  WALL=3.210e-15  DATA=4.967e-04
Invoked: SSBroyden1 approach!
[BFGS] batch=  38  call=  1693  total=6.028e-03  PDE=7.254e-04 [colloc=6.601e-04, cfd=6.522e-05]  WALL=3.206e-15  DATA=4.964e-04
Invoked: SSBroyden1 approach!
[BFGS] batch=  38  call=  1702  total=6.017e-03  PDE=7.145e-04 [colloc=6.493e-04, cfd=6.518e-05]  WALL=3.206e-15  DATA=4.971e-04
Invoked: SSBroyden1 approach!
[BFGS] batch=  38  call=  1713  total=5.992e-03  PDE=7.132e-04 [colloc=6.481e-04, cfd=6.516e-05]  WALL=3.206e-15  DATA=4.972e-04
Invoked: SSBroyden1 approach!
[BFGS] batch=  38  call=  1714  total=5.992e-03  PDE=7.053e-04 [colloc=6.405e-04, cfd=6.481e-05]  WALL=3.204e-15  DATA=4.973e-04
Invoked: SSBroyden1 approach!
[BFGS] batch=  38  call=  1716  total=5.973e-03  PDE=7.030e-04 [colloc=6.382e-04, cfd=6.484e-05]  WALL=3.204e-15  DATA=4.972e-04
Invoked: SSBroyden1 approach!
[BFGS] batch=  38  call=  1718  total=5.947e-03  PDE=7.009e-04 [colloc=6.361e-04, cfd=6.483e-05]  WALL=3.204e-15  DATA=4.971e-04
  [PT] w_u=10.1927 w_v=62.8084 gamma=0.712 (tau_u=9.811e-02 tau_v=1.592e-02 |Du|=6.45e-02 |DRu|=1.61e-01)
[BFGS-END] batch=  38  last_total=6.002e-03  last_PDE=7.009e-04 [colloc=6.361e-04, cfd=6.483e-05]  last_WALL=3.204e-15  last_DATA=4.971e-04
/oscar/home/jchen790/cylinder flow lab/src/cfp40.py:1430: OptimizeWarning: Unknown solver options: hess, hessp, bounds, constraints, tol
  result = minimize(
Invoked: SSBroyden1 approach!
[BFGS] batch=  39  call=  1739  total=6.696e-03  PDE=9.667e-04 [colloc=8.995e-04, cfd=6.720e-05]  WALL=3.202e-15  DATA=5.002e-04
Invoked: SSBroyden1 approach!
[BFGS] batch=  39  call=  1740  total=6.491e-03  PDE=8.791e-04 [colloc=8.131e-04, cfd=6.595e-05]  WALL=3.204e-15  DATA=5.012e-04
Invoked: SSBroyden1 approach!
[BFGS] batch=  39  call=  1741  total=6.333e-03  PDE=8.108e-04 [colloc=7.433e-04, cfd=6.741e-05]  WALL=3.208e-15  DATA=5.041e-04
Invoked: SSBroyden1 approach!
[BFGS] batch=  39  call=  1742  total=6.230e-03  PDE=7.810e-04 [colloc=7.134e-04, cfd=6.766e-05]  WALL=3.198e-15  DATA=5.069e-04
Invoked: SSBroyden1 approach!
[BFGS] batch=  39  call=  1743  total=6.202e-03  PDE=7.594e-04 [colloc=6.925e-04, cfd=6.690e-05]  WALL=3.191e-15  DATA=5.074e-04
Invoked: SSBroyden1 approach!
[BFGS] batch=  39  call=  1744  total=6.157e-03  PDE=7.422e-04 [colloc=6.755e-04, cfd=6.669e-05]  WALL=3.193e-15  DATA=5.081e-04
Invoked: SSBroyden1 approach!
[BFGS] batch=  39  call=  1745  total=6.078e-03  PDE=7.244e-04 [colloc=6.581e-04, cfd=6.630e-05]  WALL=3.195e-15  DATA=5.082e-04
Invoked: SSBroyden1 approach!
[BFGS] batch=  39  call=  1747  total=6.051e-03  PDE=7.147e-04 [colloc=6.485e-04, cfd=6.619e-05]  WALL=3.193e-15  DATA=5.079e-04
  [PT] w_u=10.6636 w_v=59.1399 gamma=0.712 (tau_u=9.378e-02 tau_v=1.691e-02 |Du|=6.55e-02 |DRu|=2.36e-01)
[BFGS-END] batch=  39  last_total=6.108e-03  last_PDE=7.147e-04 [colloc=6.486e-04, cfd=6.619e-05]  last_WALL=3.193e-15  last_DATA=5.079e-04
/oscar/home/jchen790/cylinder flow lab/src/cfp40.py:1430: OptimizeWarning: Unknown solver options: hess, hessp, bounds, constraints, tol
  result = minimize(
Invoked: SSBroyden1 approach!
[BFGS] batch=  40  call=  1768  total=6.817e-03  PDE=9.766e-04 [colloc=9.094e-04, cfd=6.723e-05]  WALL=3.194e-15  DATA=5.164e-04
Invoked: SSBroyden1 approach!
[BFGS] batch=  40  call=  1769  total=6.631e-03  PDE=8.996e-04 [colloc=8.322e-04, cfd=6.740e-05]  WALL=3.196e-15  DATA=5.183e-04
Invoked: SSBroyden1 approach!
[BFGS] batch=  40  call=  1770  total=6.449e-03  PDE=8.223e-04 [colloc=7.556e-04, cfd=6.663e-05]  WALL=3.190e-15  DATA=5.184e-04
Invoked: SSBroyden1 approach!
[BFGS] batch=  40  call=  1772  total=6.351e-03  PDE=7.829e-04 [colloc=7.166e-04, cfd=6.634e-05]  WALL=3.187e-15  DATA=5.178e-04
Invoked: SSBroyden1 approach!
[BFGS] batch=  40  call=  1773  total=6.243e-03  PDE=7.574e-04 [colloc=6.911e-04, cfd=6.631e-05]  WALL=3.182e-15  DATA=5.175e-04
Invoked: SSBroyden1 approach!
[BFGS] batch=  40  call=  1774  total=6.212e-03  PDE=7.308e-04 [colloc=6.638e-04, cfd=6.705e-05]  WALL=3.183e-15  DATA=5.189e-04
Invoked: SSBroyden1 approach!
[BFGS] batch=  40  call=  1775  total=6.169e-03  PDE=7.193e-04 [colloc=6.522e-04, cfd=6.706e-05]  WALL=3.184e-15  DATA=5.190e-04
Invoked: SSBroyden1 approach!
[BFGS] batch=  40  call=  1776  total=6.143e-03  PDE=7.184e-04 [colloc=6.520e-04, cfd=6.639e-05]  WALL=3.182e-15  DATA=5.186e-04
Invoked: SSBroyden1 approach!
[BFGS] batch=  40  call=  1777  total=6.136e-03  PDE=7.104e-04 [colloc=6.439e-04, cfd=6.649e-05]  WALL=3.183e-15  DATA=5.196e-04
Invoked: SSBroyden1 approach!
[BFGS] batch=  40  call=  1778  total=6.123e-03  PDE=7.054e-04 [colloc=6.390e-04, cfd=6.644e-05]  WALL=3.182e-15  DATA=5.195e-04
Invoked: SSBroyden1 approach!
[BFGS] batch=  40  call=  1779  total=6.112e-03  PDE=6.988e-04 [colloc=6.327e-04, cfd=6.608e-05]  WALL=3.182e-15  DATA=5.191e-04
Invoked: SSBroyden1 approach!
[BFGS] batch=  40  call=  1780  total=6.084e-03  PDE=6.942e-04 [colloc=6.284e-04, cfd=6.577e-05]  WALL=3.181e-15  DATA=5.187e-04
Invoked: SSBroyden1 approach!
[BFGS] batch=  40  call=  1782  total=6.072e-03  PDE=6.916e-04 [colloc=6.260e-04, cfd=6.564e-05]  WALL=3.181e-15  DATA=5.185e-04
Invoked: SSBroyden1 approach!
[BFGS] batch=  40  call=  1783  total=6.039e-03  PDE=6.874e-04 [colloc=6.220e-04, cfd=6.539e-05]  WALL=3.178e-15  DATA=5.177e-04
  [PT] w_u=11.4895 w_v=58.5022 gamma=0.712 (tau_u=8.704e-02 tau_v=1.709e-02 |Du|=6.09e-02 |DRu|=3.16e-01)
[PT] batch=  40  w=3.4996e+01
[BFGS-END] batch=  40  last_total=6.099e-03  last_PDE=6.873e-04 [colloc=6.220e-04, cfd=6.539e-05]  last_WALL=3.178e-15  last_DATA=5.177e-04
/oscar/home/jchen790/cylinder flow lab/src/cfp40.py:1430: OptimizeWarning: Unknown solver options: hess, hessp, bounds, constraints, tol
  result = minimize(
Invoked: SSBroyden1 approach!
[BFGS] batch=  41  call=  1804  total=6.569e-03  PDE=8.688e-04 [colloc=8.027e-04, cfd=6.615e-05]  WALL=3.181e-15  DATA=5.207e-04
Invoked: SSBroyden1 approach!
[BFGS] batch=  41  call=  1806  total=6.372e-03  PDE=7.960e-04 [colloc=7.302e-04, cfd=6.578e-05]  WALL=3.179e-15  DATA=5.231e-04
Invoked: SSBroyden1 approach!
[BFGS] batch=  41  call=  1808  total=6.286e-03  PDE=7.558e-04 [colloc=6.902e-04, cfd=6.563e-05]  WALL=3.179e-15  DATA=5.241e-04
Invoked: SSBroyden1 approach!
[BFGS] batch=  41  call=  1809  total=6.222e-03  PDE=7.348e-04 [colloc=6.689e-04, cfd=6.590e-05]  WALL=3.168e-15  DATA=5.239e-04
Invoked: SSBroyden1 approach!
[BFGS] batch=  41  call=  1810  total=6.217e-03  PDE=7.230e-04 [colloc=6.569e-04, cfd=6.618e-05]  WALL=3.168e-15  DATA=5.278e-04
  [PT] w_u=11.9255 w_v=59.1041 gamma=0.714 (tau_u=8.385e-02 tau_v=1.692e-02 |Du|=6.42e-02 |DRu|=2.31e-01)
[BFGS-END] batch=  41  last_total=6.188e-03  last_PDE=7.230e-04 [colloc=6.568e-04, cfd=6.618e-05]  last_WALL=3.168e-15  last_DATA=5.278e-04
/oscar/home/jchen790/cylinder flow lab/src/cfp40.py:1430: OptimizeWarning: Unknown solver options: hess, hessp, bounds, constraints, tol
  result = minimize(
Invoked: SSBroyden1 approach!
[BFGS] batch=  42  call=  1831  total=6.927e-03  PDE=9.829e-04 [colloc=9.142e-04, cfd=6.871e-05]  WALL=3.183e-15  DATA=5.357e-04
Invoked: SSBroyden1 approach!
[BFGS] batch=  42  call=  1832  total=6.757e-03  PDE=9.193e-04 [colloc=8.506e-04, cfd=6.872e-05]  WALL=3.180e-15  DATA=5.371e-04
Invoked: SSBroyden1 approach!
[BFGS] batch=  42  call=  1833  total=6.602e-03  PDE=8.454e-04 [colloc=7.764e-04, cfd=6.895e-05]  WALL=3.175e-15  DATA=5.379e-04
Invoked: SSBroyden1 approach!
[BFGS] batch=  42  call=  1834  total=6.417e-03  PDE=7.693e-04 [colloc=7.005e-04, cfd=6.878e-05]  WALL=3.168e-15  DATA=5.383e-04
Invoked: SSBroyden1 approach!
[BFGS] batch=  42  call=  1836  total=6.335e-03  PDE=7.389e-04 [colloc=6.710e-04, cfd=6.786e-05]  WALL=3.164e-15  DATA=5.368e-04
Invoked: SSBroyden1 approach!
[BFGS] batch=  42  call=  1838  total=6.325e-03  PDE=7.213e-04 [colloc=6.542e-04, cfd=6.706e-05]  WALL=3.163e-15  DATA=5.370e-04
Invoked: SSBroyden1 approach!
[BFGS] batch=  42  call=  1839  total=6.275e-03  PDE=7.149e-04 [colloc=6.481e-04, cfd=6.683e-05]  WALL=3.162e-15  DATA=5.372e-04
Invoked: SSBroyden1 approach!
[BFGS] batch=  42  call=  1840  total=6.267e-03  PDE=7.032e-04 [colloc=6.368e-04, cfd=6.643e-05]  WALL=3.159e-15  DATA=5.393e-04
Invoked: SSBroyden1 approach!
[BFGS] batch=  42  call=  1841  total=6.213e-03  PDE=6.982e-04 [colloc=6.318e-04, cfd=6.648e-05]  WALL=3.159e-15  DATA=5.392e-04
Invoked: SSBroyden1 approach!
[BFGS] batch=  42  call=  1843  total=6.194e-03  PDE=6.863e-04 [colloc=6.195e-04, cfd=6.679e-05]  WALL=3.157e-15  DATA=5.392e-04
Invoked: SSBroyden1 approach!
[BFGS] batch=  42  call=  1847  total=6.187e-03  PDE=6.829e-04 [colloc=6.161e-04, cfd=6.671e-05]  WALL=3.157e-15  DATA=5.391e-04
Invoked: SSBroyden1 approach!
[BFGS] batch=  42  call=  1851  total=6.175e-03  PDE=6.805e-04 [colloc=6.139e-04, cfd=6.658e-05]  WALL=3.157e-15  DATA=5.388e-04
Invoked: SSBroyden1 approach!
[BFGS] batch=  42  call=  1852  total=6.158e-03  PDE=6.753e-04 [colloc=6.091e-04, cfd=6.619e-05]  WALL=3.156e-15  DATA=5.383e-04
Invoked: SSBroyden1 approach!
[BFGS] batch=  42  call=  1860  total=6.131e-03  PDE=6.707e-04 [colloc=6.052e-04, cfd=6.553e-05]  WALL=3.156e-15  DATA=5.381e-04
Invoked: SSBroyden1 approach!
[BFGS] batch=  42  call=  1869  total=6.127e-03  PDE=6.676e-04 [colloc=6.024e-04, cfd=6.527e-05]  WALL=3.155e-15  DATA=5.376e-04
Invoked: SSBroyden1 approach!
[BFGS] batch=  42  call=  1870  total=6.126e-03  PDE=6.654e-04 [colloc=6.004e-04, cfd=6.505e-05]  WALL=3.154e-15  DATA=5.373e-04
  [PT] w_u=12.8536 w_v=62.3433 gamma=0.721 (tau_u=7.780e-02 tau_v=1.604e-02 |Du|=6.57e-02 |DRu|=3.65e-01)
[BFGS] batch 42: H0 not PD — resetting to identity.
[BFGS-END] batch=  42  last_total=6.127e-03  last_PDE=6.654e-04 [colloc=6.004e-04, cfd=6.505e-05]  last_WALL=3.154e-15  last_DATA=5.373e-04
/oscar/home/jchen790/cylinder flow lab/src/cfp40.py:1430: OptimizeWarning: Unknown solver options: hess, hessp, bounds, constraints, tol
  result = minimize(
Invoked: SSBroyden1 approach!
[BFGS] batch=  43  call=  1890  total=6.947e-03  PDE=9.665e-04 [colloc=9.015e-04, cfd=6.507e-05]  WALL=3.156e-15  DATA=5.384e-04
Invoked: SSBroyden1 approach!
[BFGS] batch=  43  call=  1892  total=6.837e-03  PDE=9.204e-04 [colloc=8.554e-04, cfd=6.506e-05]  WALL=3.159e-15  DATA=5.397e-04
Invoked: SSBroyden1 approach!
[BFGS] batch=  43  call=  1893  total=6.771e-03  PDE=8.817e-04 [colloc=8.168e-04, cfd=6.490e-05]  WALL=3.167e-15  DATA=5.434e-04
Invoked: SSBroyden1 approach!
[BFGS] batch=  43  call=  1894  total=6.659e-03  PDE=8.613e-04 [colloc=7.964e-04, cfd=6.482e-05]  WALL=3.161e-15  DATA=5.421e-04
Invoked: SSBroyden1 approach!
[BFGS] batch=  43  call=  1895  total=6.607e-03  PDE=8.357e-04 [colloc=7.711e-04, cfd=6.460e-05]  WALL=3.157e-15  DATA=5.440e-04
Invoked: SSBroyden1 approach!
[BFGS] batch=  43  call=  1896  total=6.600e-03  PDE=8.239e-04 [colloc=7.594e-04, cfd=6.451e-05]  WALL=3.154e-15  DATA=5.443e-04
Invoked: SSBroyden1 approach!
[BFGS] batch=  43  call=  1897  total=6.581e-03  PDE=8.196e-04 [colloc=7.551e-04, cfd=6.450e-05]  WALL=3.154e-15  DATA=5.444e-04
Invoked: SSBroyden1 approach!
[BFGS] batch=  43  call=  1898  total=6.547e-03  PDE=8.076e-04 [colloc=7.431e-04, cfd=6.446e-05]  WALL=3.154e-15  DATA=5.448e-04
Invoked: SSBroyden1 approach!
[BFGS] batch=  43  call=  1899  total=6.509e-03  PDE=8.052e-04 [colloc=7.407e-04, cfd=6.447e-05]  WALL=3.148e-15  DATA=5.444e-04
Invoked: SSBroyden1 approach!
[BFGS] batch=  43  call=  1910  total=6.501e-03  PDE=8.034e-04 [colloc=7.390e-04, cfd=6.447e-05]  WALL=3.148e-15  DATA=5.443e-04
  [PT] w_u=13.8070 w_v=60.0792 gamma=0.719 (tau_u=7.243e-02 tau_v=1.664e-02 |Du|=4.13e-02 |DRu|=2.25e-01)
[BFGS-END] batch=  43  last_total=6.544e-03  last_PDE=8.034e-04 [colloc=7.390e-04, cfd=6.447e-05]  last_WALL=3.148e-15  last_DATA=5.443e-04
/oscar/home/jchen790/cylinder flow lab/src/cfp40.py:1430: OptimizeWarning: Unknown solver options: hess, hessp, bounds, constraints, tol
  result = minimize(
Invoked: SSBroyden1 approach!
[BFGS] batch=  44  call=  1930  total=7.312e-03  PDE=1.105e-03 [colloc=1.040e-03, cfd=6.443e-05]  WALL=3.149e-15  DATA=5.442e-04
Invoked: SSBroyden1 approach!
[BFGS] batch=  44  call=  1931  total=7.274e-03  PDE=1.101e-03 [colloc=1.037e-03, cfd=6.437e-05]  WALL=3.148e-15  DATA=5.451e-04
  [PT] w_u=12.5551 w_v=55.4603 gamma=0.718 (tau_u=7.965e-02 tau_v=1.803e-02 |Du|=2.03e-02 |DRu|=4.52e-02)
[BFGS-END] batch=  44  last_total=7.312e-03  last_PDE=1.101e-03 [colloc=1.037e-03, cfd=6.437e-05]  last_WALL=3.148e-15  last_DATA=5.451e-04
/oscar/home/jchen790/cylinder flow lab/src/cfp40.py:1430: OptimizeWarning: Unknown solver options: hess, hessp, bounds, constraints, tol
  result = minimize(
Invoked: SSBroyden1 approach!
[BFGS] batch=  45  call=  1967  total=7.294e-03  PDE=1.097e-03 [colloc=1.033e-03, cfd=6.434e-05]  WALL=3.144e-15  DATA=5.452e-04
Invoked: SSBroyden1 approach!
[BFGS] batch=  45  call=  1969  total=7.263e-03  PDE=1.095e-03 [colloc=1.031e-03, cfd=6.436e-05]  WALL=3.144e-15  DATA=5.452e-04
  [PT] w_u=13.8774 w_v=60.9802 gamma=0.715 (tau_u=7.206e-02 tau_v=1.640e-02 |Du|=1.31e-02 |DRu|=1.81e-01)
[BFGS-END] batch=  45  last_total=7.255e-03  last_PDE=1.095e-03 [colloc=1.031e-03, cfd=6.436e-05]  last_WALL=3.144e-15  last_DATA=5.452e-04
/oscar/home/jchen790/cylinder flow lab/src/cfp40.py:1430: OptimizeWarning: Unknown solver options: hess, hessp, bounds, constraints, tol
  result = minimize(
Invoked: SSBroyden1 approach!
[BFGS] batch=  46  call=  2006  total=7.227e-03  PDE=1.080e-03 [colloc=1.016e-03, cfd=6.433e-05]  WALL=3.144e-15  DATA=5.452e-04
Invoked: SSBroyden1 approach!
[BFGS] batch=  46  call=  2014  total=7.221e-03  PDE=1.078e-03 [colloc=1.014e-03, cfd=6.432e-05]  WALL=3.144e-15  DATA=5.453e-04
  [PT] w_u=15.3750 w_v=67.1390 gamma=0.716 (tau_u=6.504e-02 tau_v=1.489e-02 |Du|=2.85e-03 |DRu|=5.58e-02)
[BFGS-END] batch=  46  last_total=7.228e-03  last_PDE=1.078e-03 [colloc=1.014e-03, cfd=6.432e-05]  last_WALL=3.144e-15  last_DATA=5.453e-04
/oscar/home/jchen790/cylinder flow lab/src/cfp40.py:1430: OptimizeWarning: Unknown solver options: hess, hessp, bounds, constraints, tol
  result = minimize(
Invoked: SSBroyden1 approach!
[BFGS] batch=  47  call=  2034  total=7.270e-03  PDE=1.082e-03 [colloc=1.017e-03, cfd=6.449e-05]  WALL=3.144e-15  DATA=5.457e-04
Invoked: SSBroyden1 approach!
[BFGS] batch=  47  call=  2036  total=7.241e-03  PDE=1.077e-03 [colloc=1.012e-03, cfd=6.487e-05]  WALL=3.145e-15  DATA=5.457e-04
Invoked: SSBroyden1 approach!
[BFGS] batch=  47  call=  2038  total=7.230e-03  PDE=1.073e-03 [colloc=1.007e-03, cfd=6.525e-05]  WALL=3.145e-15  DATA=5.459e-04
Invoked: SSBroyden1 approach!
[BFGS] batch=  47  call=  2045  total=7.227e-03  PDE=1.070e-03 [colloc=1.005e-03, cfd=6.567e-05]  WALL=3.146e-15  DATA=5.459e-04
Invoked: SSBroyden1 approach!
[BFGS] batch=  47  call=  2051  total=7.210e-03  PDE=1.068e-03 [colloc=1.002e-03, cfd=6.574e-05]  WALL=3.146e-15  DATA=5.459e-04
Invoked: SSBroyden1 approach!
[BFGS] batch=  47  call=  2053  total=7.207e-03  PDE=1.067e-03 [colloc=1.001e-03, cfd=6.574e-05]  WALL=3.146e-15  DATA=5.459e-04
Invoked: SSBroyden1 approach!
[BFGS] batch=  47  call=  2059  total=7.206e-03  PDE=1.065e-03 [colloc=9.990e-04, cfd=6.576e-05]  WALL=3.146e-15  DATA=5.458e-04
  [PT] w_u=16.9945 w_v=74.3646 gamma=0.728 (tau_u=5.884e-02 tau_v=1.345e-02 |Du|=3.56e-02 |DRu|=5.49e-01)
[BFGS-END] batch=  47  last_total=7.209e-03  last_PDE=1.065e-03 [colloc=9.990e-04, cfd=6.576e-05]  last_WALL=3.146e-15  last_DATA=5.458e-04
/oscar/home/jchen790/cylinder flow lab/src/cfp40.py:1430: OptimizeWarning: Unknown solver options: hess, hessp, bounds, constraints, tol
  result = minimize(
Invoked: SSBroyden1 approach!
[BFGS] batch=  48  call=  2096  total=7.479e-03  PDE=1.172e-03 [colloc=1.107e-03, cfd=6.566e-05]  WALL=3.146e-15  DATA=5.459e-04
  [PT] w_u=18.2388 w_v=81.9537 gamma=0.730 (tau_u=5.483e-02 tau_v=1.220e-02 |Du|=9.40e-03 |DRu|=5.87e-02)
[BFGS-END] batch=  48  last_total=7.513e-03  last_PDE=1.169e-03 [colloc=1.103e-03, cfd=6.565e-05]  last_WALL=3.146e-15  last_DATA=5.460e-04
/oscar/home/jchen790/cylinder flow lab/src/cfp40.py:1430: OptimizeWarning: Unknown solver options: hess, hessp, bounds, constraints, tol
  result = minimize(
Invoked: SSBroyden1 approach!
[BFGS] batch=  49  call=  2117  total=7.536e-03  PDE=1.188e-03 [colloc=1.122e-03, cfd=6.661e-05]  WALL=3.149e-15  DATA=5.465e-04
Invoked: SSBroyden1 approach!
[BFGS] batch=  49  call=  2118  total=7.525e-03  PDE=1.177e-03 [colloc=1.110e-03, cfd=6.734e-05]  WALL=3.150e-15  DATA=5.468e-04
Invoked: SSBroyden1 approach!
[BFGS] batch=  49  call=  2119  total=7.483e-03  PDE=1.170e-03 [colloc=1.102e-03, cfd=6.739e-05]  WALL=3.151e-15  DATA=5.470e-04
Invoked: SSBroyden1 approach!
[BFGS] batch=  49  call=  2120  total=7.448e-03  PDE=1.146e-03 [colloc=1.078e-03, cfd=6.781e-05]  WALL=3.149e-15  DATA=5.475e-04
Invoked: SSBroyden1 approach!
[BFGS] batch=  49  call=  2121  total=7.391e-03  PDE=1.134e-03 [colloc=1.065e-03, cfd=6.912e-05]  WALL=3.149e-15  DATA=5.476e-04
Invoked: SSBroyden1 approach!
[BFGS] batch=  49  call=  2122  total=7.367e-03  PDE=1.113e-03 [colloc=1.039e-03, cfd=7.394e-05]  WALL=3.150e-15  DATA=5.485e-04
Invoked: SSBroyden1 approach!
[BFGS] batch=  49  call=  2123  total=7.289e-03  PDE=1.099e-03 [colloc=1.023e-03, cfd=7.660e-05]  WALL=3.150e-15  DATA=5.485e-04
Invoked: SSBroyden1 approach!
[BFGS] batch=  49  call=  2124  total=7.255e-03  PDE=1.072e-03 [colloc=9.847e-04, cfd=8.756e-05]  WALL=3.150e-15  DATA=5.503e-04
Invoked: SSBroyden1 approach!
[BFGS] batch=  49  call=  2125  total=7.214e-03  PDE=1.053e-03 [colloc=9.618e-04, cfd=9.130e-05]  WALL=3.153e-15  DATA=5.512e-04
Invoked: SSBroyden1 approach!
[BFGS] batch=  49  call=  2126  total=7.154e-03  PDE=1.028e-03 [colloc=9.341e-04, cfd=9.428e-05]  WALL=3.154e-15  DATA=5.519e-04
Invoked: SSBroyden1 approach!
[BFGS] batch=  49  call=  2127  total=7.049e-03  PDE=9.896e-04 [colloc=8.936e-04, cfd=9.601e-05]  WALL=3.155e-15  DATA=5.525e-04
Invoked: SSBroyden1 approach!
[BFGS] batch=  49  call=  2128  total=6.942e-03  PDE=9.414e-04 [colloc=8.445e-04, cfd=9.694e-05]  WALL=3.161e-15  DATA=5.544e-04
Invoked: SSBroyden1 approach!
[BFGS] batch=  49  call=  2130  total=6.889e-03  PDE=9.240e-04 [colloc=8.285e-04, cfd=9.550e-05]  WALL=3.161e-15  DATA=5.544e-04
Invoked: SSBroyden1 approach!
[BFGS] batch=  49  call=  2131  total=6.874e-03  PDE=9.092e-04 [colloc=8.161e-04, cfd=9.312e-05]  WALL=3.165e-15  DATA=5.563e-04
Invoked: SSBroyden1 approach!
[BFGS] batch=  49  call=  2132  total=6.845e-03  PDE=9.017e-04 [colloc=8.092e-04, cfd=9.251e-05]  WALL=3.165e-15  DATA=5.567e-04
Invoked: SSBroyden1 approach!
[BFGS] batch=  49  call=  2134  total=6.824e-03  PDE=8.961e-04 [colloc=8.045e-04, cfd=9.152e-05]  WALL=3.165e-15  DATA=5.567e-04
Invoked: SSBroyden1 approach!
[BFGS] batch=  49  call=  2136  total=6.812e-03  PDE=8.927e-04 [colloc=8.020e-04, cfd=9.075e-05]  WALL=3.165e-15  DATA=5.567e-04
Invoked: SSBroyden1 approach!
[BFGS] batch=  49  call=  2137  total=6.777e-03  PDE=8.858e-04 [colloc=7.965e-04, cfd=8.921e-05]  WALL=3.166e-15  DATA=5.567e-04
Invoked: SSBroyden1 approach!
[BFGS] batch=  49  call=  2138  total=6.746e-03  PDE=8.709e-04 [colloc=7.845e-04, cfd=8.636e-05]  WALL=3.166e-15  DATA=5.568e-04
Invoked: SSBroyden1 approach!
[BFGS] batch=  49  call=  2140  total=6.713e-03  PDE=8.673e-04 [colloc=7.813e-04, cfd=8.594e-05]  WALL=3.166e-15  DATA=5.569e-04
Invoked: SSBroyden1 approach!
[BFGS] batch=  49  call=  2141  total=6.701e-03  PDE=8.462e-04 [colloc=7.623e-04, cfd=8.390e-05]  WALL=3.167e-15  DATA=5.576e-04
Invoked: SSBroyden1 approach!
[BFGS] batch=  49  call=  2142  total=6.688e-03  PDE=8.374e-04 [colloc=7.541e-04, cfd=8.329e-05]  WALL=3.168e-15  DATA=5.577e-04
Invoked: SSBroyden1 approach!
[BFGS] batch=  49  call=  2143  total=6.668e-03  PDE=8.291e-04 [colloc=7.463e-04, cfd=8.282e-05]  WALL=3.169e-15  DATA=5.580e-04
Invoked: SSBroyden1 approach!
[BFGS] batch=  49  call=  2144  total=6.666e-03  PDE=8.174e-04 [colloc=7.349e-04, cfd=8.252e-05]  WALL=3.170e-15  DATA=5.584e-04
Invoked: SSBroyden1 approach!
[BFGS] batch=  49  call=  2146  total=6.634e-03  PDE=8.135e-04 [colloc=7.310e-04, cfd=8.250e-05]  WALL=3.171e-15  DATA=5.584e-04
Invoked: SSBroyden1 approach!
[BFGS] batch=  49  call=  2147  total=6.597e-03  PDE=8.070e-04 [colloc=7.255e-04, cfd=8.146e-05]  WALL=3.170e-15  DATA=5.586e-04
Invoked: SSBroyden1 approach!
[BFGS] batch=  49  call=  2156  total=6.597e-03  PDE=7.998e-04 [colloc=7.185e-04, cfd=8.133e-05]  WALL=3.168e-15  DATA=5.589e-04
  [PT] w_u=20.1320 w_v=90.7345 gamma=0.837 (tau_u=4.967e-02 tau_v=1.102e-02 |Du|=7.65e-02 |DRu|=1.22e+00)
[BFGS-END] batch=  49  last_total=6.586e-03  last_PDE=7.994e-04 [colloc=7.181e-04, cfd=8.131e-05]  last_WALL=3.168e-15  last_DATA=5.589e-04
/oscar/home/jchen790/cylinder flow lab/src/cfp40.py:1430: OptimizeWarning: Unknown solver options: hess, hessp, bounds, constraints, tol
  result = minimize(
Invoked: SSBroyden1 approach!
[BFGS] batch=  50  call=  2178  total=1.070e-02  PDE=2.370e-03 [colloc=2.276e-03, cfd=9.402e-05]  WALL=3.163e-15  DATA=5.603e-04
Invoked: SSBroyden1 approach!
[BFGS] batch=  50  call=  2179  total=1.004e-02  PDE=2.107e-03 [colloc=1.962e-03, cfd=1.450e-04]  WALL=3.165e-15  DATA=5.602e-04
Invoked: SSBroyden1 approach!
[BFGS] batch=  50  call=  2180  total=9.189e-03  PDE=1.779e-03 [colloc=1.557e-03, cfd=2.215e-04]  WALL=3.169e-15  DATA=5.631e-04
Invoked: SSBroyden1 approach!
[BFGS] batch=  50  call=  2182  total=8.884e-03  PDE=1.650e-03 [colloc=1.418e-03, cfd=2.323e-04]  WALL=3.174e-15  DATA=5.651e-04
Invoked: SSBroyden1 approach!
[BFGS] batch=  50  call=  2183  total=8.659e-03  PDE=1.569e-03 [colloc=1.331e-03, cfd=2.379e-04]  WALL=3.175e-15  DATA=5.680e-04
Invoked: SSBroyden1 approach!
[BFGS] batch=  50  call=  2184  total=8.557e-03  PDE=1.523e-03 [colloc=1.289e-03, cfd=2.338e-04]  WALL=3.181e-15  DATA=5.705e-04
Invoked: SSBroyden1 approach!
[BFGS] batch=  50  call=  2185  total=8.420e-03  PDE=1.452e-03 [colloc=1.224e-03, cfd=2.280e-04]  WALL=3.184e-15  DATA=5.708e-04
Invoked: SSBroyden1 approach!
[BFGS] batch=  50  call=  2186  total=8.188e-03  PDE=1.371e-03 [colloc=1.155e-03, cfd=2.153e-04]  WALL=3.182e-15  DATA=5.704e-04
Invoked: SSBroyden1 approach!
[BFGS] batch=  50  call=  2187  total=7.913e-03  PDE=1.284e-03 [colloc=1.095e-03, cfd=1.896e-04]  WALL=3.190e-15  DATA=5.703e-04
Invoked: SSBroyden1 approach!
[BFGS] batch=  50  call=  2188  total=7.774e-03  PDE=1.202e-03 [colloc=1.042e-03, cfd=1.602e-04]  WALL=3.190e-15  DATA=5.706e-04
Invoked: SSBroyden1 approach!
[BFGS] batch=  50  call=  2189  total=7.542e-03  PDE=1.135e-03 [colloc=9.861e-04, cfd=1.484e-04]  WALL=3.183e-15  DATA=5.707e-04
Invoked: SSBroyden1 approach!
[BFGS] batch=  50  call=  2190  total=7.468e-03  PDE=1.107e-03 [colloc=9.883e-04, cfd=1.186e-04]  WALL=3.184e-15  DATA=5.719e-04
Invoked: SSBroyden1 approach!
[BFGS] batch=  50  call=  2191  total=7.355e-03  PDE=1.063e-03 [colloc=9.503e-04, cfd=1.124e-04]  WALL=3.184e-15  DATA=5.718e-04
Invoked: SSBroyden1 approach!
[BFGS] batch=  50  call=  2192  total=7.257e-03  PDE=1.012e-03 [colloc=9.052e-04, cfd=1.073e-04]  WALL=3.180e-15  DATA=5.717e-04
Invoked: SSBroyden1 approach!
[BFGS] batch=  50  call=  2193  total=7.152e-03  PDE=9.771e-04 [colloc=8.757e-04, cfd=1.014e-04]  WALL=3.182e-15  DATA=5.721e-04
Invoked: SSBroyden1 approach!
[BFGS] batch=  50  call=  2194  total=7.115e-03  PDE=9.589e-04 [colloc=8.636e-04, cfd=9.522e-05]  WALL=3.183e-15  DATA=5.718e-04
Invoked: SSBroyden1 approach!
[BFGS] batch=  50  call=  2195  total=7.038e-03  PDE=9.391e-04 [colloc=8.460e-04, cfd=9.310e-05]  WALL=3.184e-15  DATA=5.716e-04
Invoked: SSBroyden1 approach!
[BFGS] batch=  50  call=  2196  total=6.967e-03  PDE=9.120e-04 [colloc=8.233e-04, cfd=8.879e-05]  WALL=3.181e-15  DATA=5.715e-04
Invoked: SSBroyden1 approach!
[BFGS] batch=  50  call=  2197  total=6.895e-03  PDE=8.817e-04 [colloc=7.965e-04, cfd=8.529e-05]  WALL=3.180e-15  DATA=5.712e-04
Invoked: SSBroyden1 approach!
[BFGS] batch=  50  call=  2198  total=6.826e-03  PDE=8.489e-04 [colloc=7.653e-04, cfd=8.359e-05]  WALL=3.179e-15  DATA=5.716e-04
Invoked: SSBroyden1 approach!
[BFGS] batch=  50  call=  2199  total=6.736e-03  PDE=8.283e-04 [colloc=7.457e-04, cfd=8.264e-05]  WALL=3.176e-15  DATA=5.719e-04
Invoked: SSBroyden1 approach!
[BFGS] batch=  50  call=  2200  total=6.703e-03  PDE=8.164e-04 [colloc=7.360e-04, cfd=8.040e-05]  WALL=3.176e-15  DATA=5.734e-04
Invoked: SSBroyden1 approach!
[BFGS] batch=  50  call=  2201  total=6.697e-03  PDE=8.058e-04 [colloc=7.262e-04, cfd=7.955e-05]  WALL=3.172e-15  DATA=5.726e-04
Invoked: SSBroyden1 approach!
[BFGS] batch=  50  call=  2202  total=6.669e-03  PDE=8.017e-04 [colloc=7.226e-04, cfd=7.915e-05]  WALL=3.171e-15  DATA=5.725e-04
Invoked: SSBroyden1 approach!
[BFGS] batch=  50  call=  2203  total=6.640e-03  PDE=7.884e-04 [colloc=7.113e-04, cfd=7.716e-05]  WALL=3.171e-15  DATA=5.729e-04
Invoked: SSBroyden1 approach!
[BFGS] batch=  50  call=  2204  total=6.595e-03  PDE=7.726e-04 [colloc=6.962e-04, cfd=7.645e-05]  WALL=3.173e-15  DATA=5.735e-04
Invoked: SSBroyden1 approach!
[BFGS] batch=  50  call=  2213  total=6.587e-03  PDE=7.654e-04 [colloc=6.895e-04, cfd=7.591e-05]  WALL=3.173e-15  DATA=5.737e-04
Invoked: SSBroyden1 approach!
[BFGS] batch=  50  call=  2217  total=6.587e-03  PDE=7.623e-04 [colloc=6.867e-04, cfd=7.555e-05]  WALL=3.173e-15  DATA=5.737e-04
Invoked: SSBroyden1 approach!
[BFGS] batch=  50  call=  2219  total=6.558e-03  PDE=7.606e-04 [colloc=6.853e-04, cfd=7.533e-05]  WALL=3.173e-15  DATA=5.737e-04
Invoked: SSBroyden1 approach!
[BFGS] batch=  50  call=  2220  total=6.541e-03  PDE=7.500e-04 [colloc=6.762e-04, cfd=7.376e-05]  WALL=3.172e-15  DATA=5.737e-04
Invoked: SSBroyden1 approach!
[BFGS] batch=  50  call=  2221  total=6.535e-03  PDE=7.403e-04 [colloc=6.668e-04, cfd=7.351e-05]  WALL=3.172e-15  DATA=5.736e-04
Invoked: SSBroyden1 approach!
[BFGS] batch=  50  call=  2222  total=6.502e-03  PDE=7.367e-04 [colloc=6.633e-04, cfd=7.341e-05]  WALL=3.172e-15  DATA=5.735e-04
Invoked: SSBroyden1 approach!
[BFGS] batch=  50  call=  2231  total=6.480e-03  PDE=7.277e-04 [colloc=6.550e-04, cfd=7.266e-05]  WALL=3.170e-15  DATA=5.734e-04
Invoked: SSBroyden1 approach!
[BFGS] batch=  50  call=  2232  total=6.472e-03  PDE=7.208e-04 [colloc=6.493e-04, cfd=7.147e-05]  WALL=3.171e-15  DATA=5.725e-04
Invoked: SSBroyden1 approach!
[BFGS] batch=  50  call=  2233  total=6.457e-03  PDE=7.161e-04 [colloc=6.448e-04, cfd=7.125e-05]  WALL=3.170e-15  DATA=5.723e-04
Invoked: SSBroyden1 approach!
[BFGS] batch=  50  call=  2234  total=6.420e-03  PDE=7.104e-04 [colloc=6.399e-04, cfd=7.049e-05]  WALL=3.169e-15  DATA=5.719e-04
  [PT] w_u=22.2593 w_v=97.2052 gamma=0.827 (tau_u=4.492e-02 tau_v=1.029e-02 |Du|=5.63e-02 |DRu|=1.09e+00)
[PT] batch=  50  w=5.9732e+01
[BFGS] batch 50: H0 not PD — resetting to identity.
[BFGS-END] batch=  50  last_total=6.423e-03  last_PDE=7.104e-04 [colloc=6.399e-04, cfd=7.048e-05]  last_WALL=3.169e-15  last_DATA=5.719e-04
/oscar/home/jchen790/cylinder flow lab/src/cfp40.py:1430: OptimizeWarning: Unknown solver options: hess, hessp, bounds, constraints, tol
  result = minimize(
Invoked: SSBroyden1 approach!
[BFGS] batch=  51  call=  2256  total=8.267e-03  PDE=1.410e-03 [colloc=1.340e-03, cfd=7.045e-05]  WALL=3.172e-15  DATA=5.748e-04
Invoked: SSBroyden1 approach!
[BFGS] batch=  51  call=  2258  total=7.643e-03  PDE=1.158e-03 [colloc=1.088e-03, cfd=7.044e-05]  WALL=3.176e-15  DATA=5.770e-04
Invoked: SSBroyden1 approach!
[BFGS] batch=  51  call=  2259  total=7.419e-03  PDE=1.070e-03 [colloc=1.000e-03, cfd=7.012e-05]  WALL=3.187e-15  DATA=5.822e-04
Invoked: SSBroyden1 approach!
[BFGS] batch=  51  call=  2261  total=7.305e-03  PDE=1.040e-03 [colloc=9.698e-04, cfd=7.010e-05]  WALL=3.182e-15  DATA=5.807e-04
Invoked: SSBroyden1 approach!
[BFGS] batch=  51  call=  2262  total=7.267e-03  PDE=9.976e-04 [colloc=9.275e-04, cfd=7.007e-05]  WALL=3.181e-15  DATA=5.816e-04
Invoked: SSBroyden1 approach!
[BFGS] batch=  51  call=  2263  total=7.149e-03  PDE=9.729e-04 [colloc=9.028e-04, cfd=7.004e-05]  WALL=3.180e-15  DATA=5.819e-04
Invoked: SSBroyden1 approach!
[BFGS] batch=  51  call=  2265  total=7.140e-03  PDE=9.556e-04 [colloc=8.856e-04, cfd=6.997e-05]  WALL=3.179e-15  DATA=5.822e-04
Invoked: SSBroyden1 approach!
[BFGS] batch=  51  call=  2266  total=7.069e-03  PDE=9.490e-04 [colloc=8.791e-04, cfd=6.997e-05]  WALL=3.179e-15  DATA=5.824e-04
  [PT] w_u=21.6500 w_v=72.9337 gamma=0.823 (tau_u=4.619e-02 tau_v=1.371e-02 |Du|=5.47e-02 |DRu|=2.07e-01)
[BFGS-END] batch=  51  last_total=7.162e-03  last_PDE=9.490e-04 [colloc=8.790e-04, cfd=6.997e-05]  last_WALL=3.179e-15  last_DATA=5.824e-04
/oscar/home/jchen790/cylinder flow lab/src/cfp40.py:1430: OptimizeWarning: Unknown solver options: hess, hessp, bounds, constraints, tol
  result = minimize(
Invoked: SSBroyden1 approach!
[BFGS] batch=  52  call=  2288  total=1.064e-02  PDE=2.319e-03 [colloc=2.249e-03, cfd=6.987e-05]  WALL=3.174e-15  DATA=5.822e-04
Invoked: SSBroyden1 approach!
[BFGS] batch=  52  call=  2290  total=1.063e-02  PDE=2.308e-03 [colloc=2.238e-03, cfd=6.988e-05]  WALL=3.176e-15  DATA=5.821e-04
Invoked: SSBroyden1 approach!
[BFGS] batch=  52  call=  2291  total=1.061e-02  PDE=2.297e-03 [colloc=2.227e-03, cfd=7.003e-05]  WALL=3.175e-15  DATA=5.818e-04
Invoked: SSBroyden1 approach!
[BFGS] batch=  52  call=  2292  total=1.060e-02  PDE=2.285e-03 [colloc=2.215e-03, cfd=7.032e-05]  WALL=3.174e-15  DATA=5.817e-04
Invoked: SSBroyden1 approach!
[BFGS] batch=  52  call=  2293  total=1.056e-02  PDE=2.277e-03 [colloc=2.207e-03, cfd=7.060e-05]  WALL=3.174e-15  DATA=5.817e-04
Invoked: SSBroyden1 approach!
[BFGS] batch=  52  call=  2294  total=1.054e-02  PDE=2.260e-03 [colloc=2.188e-03, cfd=7.177e-05]  WALL=3.170e-15  DATA=5.822e-04
Invoked: SSBroyden1 approach!
[BFGS] batch=  52  call=  2295  total=1.048e-02  PDE=2.244e-03 [colloc=2.171e-03, cfd=7.321e-05]  WALL=3.169e-15  DATA=5.819e-04
Invoked: SSBroyden1 approach!
[BFGS] batch=  52  call=  2296  total=1.047e-02  PDE=2.237e-03 [colloc=2.160e-03, cfd=7.738e-05]  WALL=3.165e-15  DATA=5.819e-04
Invoked: SSBroyden1 approach!
[BFGS] batch=  52  call=  2297  total=1.046e-02  PDE=2.235e-03 [colloc=2.157e-03, cfd=7.759e-05]  WALL=3.165e-15  DATA=5.819e-04
Invoked: SSBroyden1 approach!
[BFGS] batch=  52  call=  2298  total=1.042e-02  PDE=2.225e-03 [colloc=2.147e-03, cfd=7.841e-05]  WALL=3.164e-15  DATA=5.818e-04
Invoked: SSBroyden1 approach!
[BFGS] batch=  52  call=  2299  total=1.037e-02  PDE=2.209e-03 [colloc=2.129e-03, cfd=7.940e-05]  WALL=3.166e-15  DATA=5.818e-04
  [PT] w_u=23.9929 w_v=80.9240 gamma=0.794 (tau_u=4.168e-02 tau_v=1.236e-02 |Du|=7.07e-02 |DRu|=1.91e+00)
[BFGS-END] batch=  52  last_total=1.040e-02  last_PDE=2.208e-03 [colloc=2.129e-03, cfd=7.941e-05]  last_WALL=3.166e-15  last_DATA=5.818e-04
/oscar/home/jchen790/cylinder flow lab/src/cfp40.py:1430: OptimizeWarning: Unknown solver options: hess, hessp, bounds, constraints, tol
  result = minimize(
Invoked: SSBroyden1 approach!
[BFGS] batch=  53  call=  2321  total=9.497e-03  PDE=1.868e-03 [colloc=1.790e-03, cfd=7.789e-05]  WALL=3.166e-15  DATA=5.820e-04
Invoked: SSBroyden1 approach!
[BFGS] batch=  53  call=  2322  total=9.474e-03  PDE=1.848e-03 [colloc=1.772e-03, cfd=7.585e-05]  WALL=3.166e-15  DATA=5.825e-04
Invoked: SSBroyden1 approach!
[BFGS] batch=  53  call=  2323  total=9.466e-03  PDE=1.835e-03 [colloc=1.760e-03, cfd=7.487e-05]  WALL=3.166e-15  DATA=5.827e-04
Invoked: SSBroyden1 approach!
[BFGS] batch=  53  call=  2324  total=9.406e-03  PDE=1.830e-03 [colloc=1.755e-03, cfd=7.443e-05]  WALL=3.166e-15  DATA=5.828e-04
Invoked: SSBroyden1 approach!
[BFGS] batch=  53  call=  2325  total=9.391e-03  PDE=1.820e-03 [colloc=1.748e-03, cfd=7.256e-05]  WALL=3.166e-15  DATA=5.838e-04
Invoked: SSBroyden1 approach!
[BFGS] batch=  53  call=  2326  total=9.346e-03  PDE=1.812e-03 [colloc=1.739e-03, cfd=7.226e-05]  WALL=3.166e-15  DATA=5.840e-04
Invoked: SSBroyden1 approach!
[BFGS] batch=  53  call=  2328  total=9.339e-03  PDE=1.806e-03 [colloc=1.733e-03, cfd=7.226e-05]  WALL=3.166e-15  DATA=5.839e-04
Invoked: SSBroyden1 approach!
[BFGS] batch=  53  call=  2335  total=9.328e-03  PDE=1.800e-03 [colloc=1.728e-03, cfd=7.234e-05]  WALL=3.166e-15  DATA=5.839e-04
Invoked: SSBroyden1 approach!
[BFGS] batch=  53  call=  2336  total=9.319e-03  PDE=1.793e-03 [colloc=1.721e-03, cfd=7.253e-05]  WALL=3.166e-15  DATA=5.838e-04
Invoked: SSBroyden1 approach!
[BFGS] batch=  53  call=  2337  total=9.295e-03  PDE=1.788e-03 [colloc=1.715e-03, cfd=7.267e-05]  WALL=3.166e-15  DATA=5.837e-04
Invoked: SSBroyden1 approach!
[BFGS] batch=  53  call=  2338  total=9.250e-03  PDE=1.771e-03 [colloc=1.698e-03, cfd=7.314e-05]  WALL=3.168e-15  DATA=5.839e-04
Invoked: SSBroyden1 approach!
[BFGS] batch=  53  call=  2339  total=9.205e-03  PDE=1.741e-03 [colloc=1.667e-03, cfd=7.384e-05]  WALL=3.168e-15  DATA=5.842e-04
Invoked: SSBroyden1 approach!
[BFGS] batch=  53  call=  2341  total=8.817e-03  PDE=1.592e-03 [colloc=1.511e-03, cfd=8.095e-05]  WALL=3.172e-15  DATA=5.853e-04
Invoked: SSBroyden1 approach!
[BFGS] batch=  53  call=  2342  total=8.517e-03  PDE=1.460e-03 [colloc=1.353e-03, cfd=1.073e-04]  WALL=3.176e-15  DATA=5.874e-04
Invoked: SSBroyden1 approach!
[BFGS] batch=  53  call=  2344  total=8.501e-03  PDE=1.445e-03 [colloc=1.335e-03, cfd=1.099e-04]  WALL=3.178e-15  DATA=5.876e-04
Invoked: SSBroyden1 approach!
[BFGS] batch=  53  call=  2345  total=8.481e-03  PDE=1.436e-03 [colloc=1.326e-03, cfd=1.106e-04]  WALL=3.178e-15  DATA=5.877e-04
Invoked: SSBroyden1 approach!
[BFGS] batch=  53  call=  2346  total=8.436e-03  PDE=1.432e-03 [colloc=1.322e-03, cfd=1.106e-04]  WALL=3.179e-15  DATA=5.880e-04
Invoked: SSBroyden1 approach!
[BFGS] batch=  53  call=  2348  total=8.419e-03  PDE=1.422e-03 [colloc=1.312e-03, cfd=1.100e-04]  WALL=3.181e-15  DATA=5.885e-04
Invoked: SSBroyden1 approach!
[BFGS] batch=  53  call=  2349  total=8.387e-03  PDE=1.411e-03 [colloc=1.302e-03, cfd=1.093e-04]  WALL=3.181e-15  DATA=5.884e-04
Invoked: SSBroyden1 approach!
[BFGS] batch=  53  call=  2350  total=8.359e-03  PDE=1.390e-03 [colloc=1.282e-03, cfd=1.084e-04]  WALL=3.183e-15  DATA=5.884e-04
Invoked: SSBroyden1 approach!
[BFGS] batch=  53  call=  2351  total=8.297e-03  PDE=1.373e-03 [colloc=1.265e-03, cfd=1.076e-04]  WALL=3.182e-15  DATA=5.880e-04
Invoked: SSBroyden1 approach!
[BFGS] batch=  53  call=  2352  total=8.182e-03  PDE=1.341e-03 [colloc=1.235e-03, cfd=1.059e-04]  WALL=3.184e-15  DATA=5.882e-04
Invoked: SSBroyden1 approach!
[BFGS] batch=  53  call=  2353  total=8.064e-03  PDE=1.297e-03 [colloc=1.192e-03, cfd=1.049e-04]  WALL=3.184e-15  DATA=5.889e-04
Invoked: SSBroyden1 approach!
[BFGS] batch=  53  call=  2354  total=7.991e-03  PDE=1.260e-03 [colloc=1.155e-03, cfd=1.055e-04]  WALL=3.185e-15  DATA=5.895e-04
Invoked: SSBroyden1 approach!
[BFGS] batch=  53  call=  2355  total=7.891e-03  PDE=1.232e-03 [colloc=1.126e-03, cfd=1.053e-04]  WALL=3.185e-15  DATA=5.896e-04
Invoked: SSBroyden1 approach!
[BFGS] batch=  53  call=  2356  total=7.851e-03  PDE=1.203e-03 [colloc=1.098e-03, cfd=1.046e-04]  WALL=3.180e-15  DATA=5.903e-04
Invoked: SSBroyden1 approach!
[BFGS] batch=  53  call=  2357  total=7.741e-03  PDE=1.178e-03 [colloc=1.073e-03, cfd=1.042e-04]  WALL=3.178e-15  DATA=5.899e-04
Invoked: SSBroyden1 approach!
[BFGS] batch=  53  call=  2358  total=7.636e-03  PDE=1.126e-03 [colloc=1.022e-03, cfd=1.037e-04]  WALL=3.178e-15  DATA=5.899e-04
Invoked: SSBroyden1 approach!
[BFGS] batch=  53  call=  2359  total=7.563e-03  PDE=1.088e-03 [colloc=9.833e-04, cfd=1.046e-04]  WALL=3.178e-15  DATA=5.898e-04
Invoked: SSBroyden1 approach!
[BFGS] batch=  53  call=  2360  total=7.463e-03  PDE=1.051e-03 [colloc=9.456e-04, cfd=1.054e-04]  WALL=3.176e-15  DATA=5.895e-04
Invoked: SSBroyden1 approach!
[BFGS] batch=  53  call=  2361  total=7.353e-03  PDE=1.019e-03 [colloc=9.139e-04, cfd=1.055e-04]  WALL=3.171e-15  DATA=5.893e-04
Invoked: SSBroyden1 approach!
[BFGS] batch=  53  call=  2362  total=7.323e-03  PDE=9.882e-04 [colloc=8.874e-04, cfd=1.009e-04]  WALL=3.168e-15  DATA=5.892e-04
Invoked: SSBroyden1 approach!
[BFGS] batch=  53  call=  2363  total=7.274e-03  PDE=9.702e-04 [colloc=8.707e-04, cfd=9.955e-05]  WALL=3.168e-15  DATA=5.892e-04
Invoked: SSBroyden1 approach!
[BFGS] batch=  53  call=  2364  total=7.217e-03  PDE=9.567e-04 [colloc=8.596e-04, cfd=9.713e-05]  WALL=3.166e-15  DATA=5.890e-04
Invoked: SSBroyden1 approach!
[BFGS] batch=  53  call=  2365  total=7.172e-03  PDE=9.498e-04 [colloc=8.549e-04, cfd=9.489e-05]  WALL=3.164e-15  DATA=5.893e-04
Invoked: SSBroyden1 approach!
[BFGS] batch=  53  call=  2366  total=7.142e-03  PDE=9.325e-04 [colloc=8.383e-04, cfd=9.423e-05]  WALL=3.165e-15  DATA=5.888e-04
Invoked: SSBroyden1 approach!
[BFGS] batch=  53  call=  2367  total=7.088e-03  PDE=9.243e-04 [colloc=8.305e-04, cfd=9.382e-05]  WALL=3.166e-15  DATA=5.886e-04
Invoked: SSBroyden1 approach!
[BFGS] batch=  53  call=  2369  total=7.070e-03  PDE=9.147e-04 [colloc=8.221e-04, cfd=9.256e-05]  WALL=3.165e-15  DATA=5.886e-04
Invoked: SSBroyden1 approach!
[BFGS] batch=  53  call=  2370  total=7.042e-03  PDE=9.037e-04 [colloc=8.127e-04, cfd=9.093e-05]  WALL=3.165e-15  DATA=5.885e-04
Invoked: SSBroyden1 approach!
[BFGS] batch=  53  call=  2371  total=7.019e-03  PDE=8.944e-04 [colloc=8.057e-04, cfd=8.874e-05]  WALL=3.165e-15  DATA=5.879e-04
Invoked: SSBroyden1 approach!
[BFGS] batch=  53  call=  2372  total=7.014e-03  PDE=8.818e-04 [colloc=7.943e-04, cfd=8.743e-05]  WALL=3.164e-15  DATA=5.878e-04
Invoked: SSBroyden1 approach!
[BFGS] batch=  53  call=  2373  total=6.979e-03  PDE=8.778e-04 [colloc=7.907e-04, cfd=8.705e-05]  WALL=3.164e-15  DATA=5.878e-04
Invoked: SSBroyden1 approach!
[BFGS] batch=  53  call=  2374  total=6.922e-03  PDE=8.622e-04 [colloc=7.760e-04, cfd=8.624e-05]  WALL=3.166e-15  DATA=5.872e-04
Invoked: SSBroyden1 approach!
[BFGS] batch=  53  call=  2383  total=6.907e-03  PDE=8.523e-04 [colloc=7.669e-04, cfd=8.539e-05]  WALL=3.166e-15  DATA=5.871e-04
Invoked: SSBroyden1 approach!
[BFGS] batch=  53  call=  2384  total=6.853e-03  PDE=8.446e-04 [colloc=7.602e-04, cfd=8.441e-05]  WALL=3.166e-15  DATA=5.873e-04
Invoked: SSBroyden1 approach!
[BFGS] batch=  53  call=  2386  total=6.831e-03  PDE=8.369e-04 [colloc=7.534e-04, cfd=8.344e-05]  WALL=3.167e-15  DATA=5.874e-04
  [PT] w_u=26.6308 w_v=89.8860 gamma=0.776 (tau_u=3.755e-02 tau_v=1.113e-02 |Du|=5.86e-02 |DRu|=2.60e+00)
[BFGS-END] batch=  53  last_total=6.887e-03  last_PDE=8.369e-04 [colloc=7.534e-04, cfd=8.344e-05]  last_WALL=3.167e-15  last_DATA=5.874e-04
/oscar/home/jchen790/cylinder flow lab/src/cfp40.py:1430: OptimizeWarning: Unknown solver options: hess, hessp, bounds, constraints, tol
  result = minimize(
Invoked: SSBroyden1 approach!
[BFGS] batch=  54  call=  2408  total=8.118e-03  PDE=1.324e-03 [colloc=1.237e-03, cfd=8.655e-05]  WALL=3.171e-15  DATA=5.870e-04
Invoked: SSBroyden1 approach!
[BFGS] batch=  54  call=  2410  total=7.935e-03  PDE=1.250e-03 [colloc=1.161e-03, cfd=8.887e-05]  WALL=3.171e-15  DATA=5.859e-04
Invoked: SSBroyden1 approach!
[BFGS] batch=  54  call=  2411  total=7.776e-03  PDE=1.174e-03 [colloc=1.081e-03, cfd=9.312e-05]  WALL=3.173e-15  DATA=5.881e-04
Invoked: SSBroyden1 approach!
[BFGS] batch=  54  call=  2412  total=7.576e-03  PDE=1.107e-03 [colloc=1.018e-03, cfd=8.906e-05]  WALL=3.173e-15  DATA=5.899e-04
Invoked: SSBroyden1 approach!
[BFGS] batch=  54  call=  2413  total=7.472e-03  PDE=1.055e-03 [colloc=9.708e-04, cfd=8.384e-05]  WALL=3.178e-15  DATA=5.918e-04
Invoked: SSBroyden1 approach!
[BFGS] batch=  54  call=  2414  total=7.351e-03  PDE=1.029e-03 [colloc=9.471e-04, cfd=8.158e-05]  WALL=3.183e-15  DATA=5.919e-04
Invoked: SSBroyden1 approach!
[BFGS] batch=  54  call=  2415  total=7.329e-03  PDE=9.898e-04 [colloc=9.103e-04, cfd=7.952e-05]  WALL=3.185e-15  DATA=5.927e-04
Invoked: SSBroyden1 approach!
[BFGS] batch=  54  call=  2416  total=7.265e-03  PDE=9.739e-04 [colloc=8.947e-04, cfd=7.920e-05]  WALL=3.185e-15  DATA=5.929e-04
Invoked: SSBroyden1 approach!
[BFGS] batch=  54  call=  2417  total=7.207e-03  PDE=9.368e-04 [colloc=8.585e-04, cfd=7.826e-05]  WALL=3.183e-15  DATA=5.934e-04
Invoked: SSBroyden1 approach!
[BFGS] batch=  54  call=  2418  total=7.112e-03  PDE=9.095e-04 [colloc=8.323e-04, cfd=7.715e-05]  WALL=3.184e-15  DATA=5.933e-04
Invoked: SSBroyden1 approach!
[BFGS] batch=  54  call=  2419  total=7.037e-03  PDE=8.883e-04 [colloc=8.116e-04, cfd=7.669e-05]  WALL=3.186e-15  DATA=5.933e-04
Invoked: SSBroyden1 approach!
[BFGS] batch=  54  call=  2420  total=6.973e-03  PDE=8.526e-04 [colloc=7.774e-04, cfd=7.519e-05]  WALL=3.183e-15  DATA=5.939e-04
Invoked: SSBroyden1 approach!
[BFGS] batch=  54  call=  2421  total=6.935e-03  PDE=8.397e-04 [colloc=7.645e-04, cfd=7.521e-05]  WALL=3.178e-15  DATA=5.938e-04
Invoked: SSBroyden1 approach!
[BFGS] batch=  54  call=  2422  total=6.872e-03  PDE=8.255e-04 [colloc=7.494e-04, cfd=7.614e-05]  WALL=3.177e-15  DATA=5.935e-04
Invoked: SSBroyden1 approach!
[BFGS] batch=  54  call=  2424  total=6.852e-03  PDE=8.140e-04 [colloc=7.380e-04, cfd=7.599e-05]  WALL=3.175e-15  DATA=5.934e-04
Invoked: SSBroyden1 approach!
[BFGS] batch=  54  call=  2425  total=6.835e-03  PDE=8.033e-04 [colloc=7.284e-04, cfd=7.492e-05]  WALL=3.175e-15  DATA=5.934e-04
Invoked: SSBroyden1 approach!
[BFGS] batch=  54  call=  2426  total=6.787e-03  PDE=7.934e-04 [colloc=7.194e-04, cfd=7.397e-05]  WALL=3.175e-15  DATA=5.934e-04
Invoked: SSBroyden1 approach!
[BFGS] batch=  54  call=  2427  total=6.766e-03  PDE=7.842e-04 [colloc=7.133e-04, cfd=7.093e-05]  WALL=3.173e-15  DATA=5.940e-04
Invoked: SSBroyden1 approach!
[BFGS] batch=  54  call=  2428  total=6.736e-03  PDE=7.763e-04 [colloc=7.047e-04, cfd=7.159e-05]  WALL=3.172e-15  DATA=5.941e-04
Invoked: SSBroyden1 approach!
[BFGS] batch=  54  call=  2430  total=6.703e-03  PDE=7.703e-04 [colloc=6.990e-04, cfd=7.138e-05]  WALL=3.171e-15  DATA=5.944e-04
  [PT] w_u=29.4492 w_v=99.6825 gamma=0.733 (tau_u=3.396e-02 tau_v=1.003e-02 |Du|=4.89e-02 |DRu|=1.04e+00)
[BFGS] batch 54: H0 not PD — resetting to identity.
[BFGS-END] batch=  54  last_total=6.723e-03  last_PDE=7.703e-04 [colloc=6.990e-04, cfd=7.138e-05]  last_WALL=3.171e-15  last_DATA=5.944e-04
/oscar/home/jchen790/cylinder flow lab/src/cfp40.py:1430: OptimizeWarning: Unknown solver options: hess, hessp, bounds, constraints, tol
  result = minimize(
Invoked: SSBroyden1 approach!
[BFGS] batch=  55  call=  2451  total=7.470e-03  PDE=1.056e-03 [colloc=9.843e-04, cfd=7.139e-05]  WALL=3.173e-15  DATA=5.948e-04
Invoked: SSBroyden1 approach!
[BFGS] batch=  55  call=  2453  total=7.309e-03  PDE=9.792e-04 [colloc=9.079e-04, cfd=7.136e-05]  WALL=3.179e-15  DATA=5.972e-04
Invoked: SSBroyden1 approach!
[BFGS] batch=  55  call=  2454  total=7.163e-03  PDE=9.290e-04 [colloc=8.577e-04, cfd=7.132e-05]  WALL=3.177e-15  DATA=5.974e-04
Invoked: SSBroyden1 approach!
[BFGS] batch=  55  call=  2456  total=7.107e-03  PDE=9.205e-04 [colloc=8.492e-04, cfd=7.131e-05]  WALL=3.174e-15  DATA=5.966e-04
Invoked: SSBroyden1 approach!
[BFGS] batch=  55  call=  2457  total=7.033e-03  PDE=8.917e-04 [colloc=8.205e-04, cfd=7.129e-05]  WALL=3.172e-15  DATA=5.970e-04
Invoked: SSBroyden1 approach!
[BFGS] batch=  55  call=  2459  total=7.004e-03  PDE=8.777e-04 [colloc=8.065e-04, cfd=7.125e-05]  WALL=3.173e-15  DATA=5.975e-04
Invoked: SSBroyden1 approach!
[BFGS] batch=  55  call=  2460  total=6.986e-03  PDE=8.685e-04 [colloc=7.973e-04, cfd=7.120e-05]  WALL=3.172e-15  DATA=5.977e-04
Invoked: SSBroyden1 approach!
[BFGS] batch=  55  call=  2461  total=6.986e-03  PDE=8.576e-04 [colloc=7.864e-04, cfd=7.119e-05]  WALL=3.171e-15  DATA=5.977e-04
  [PT] w_u=28.5247 w_v=78.8232 gamma=0.731 (tau_u=3.506e-02 tau_v=1.269e-02 |Du|=3.10e-02 |DRu|=1.25e-01)
[BFGS-END] batch=  55  last_total=6.926e-03  last_PDE=8.575e-04 [colloc=7.863e-04, cfd=7.119e-05]  last_WALL=3.171e-15  last_DATA=5.977e-04
/oscar/home/jchen790/cylinder flow lab/src/cfp40.py:1430: OptimizeWarning: Unknown solver options: hess, hessp, bounds, constraints, tol
  result = minimize(
Invoked: SSBroyden1 approach!
[BFGS] batch=  56  call=  2485  total=7.823e-03  PDE=1.197e-03 [colloc=1.126e-03, cfd=7.105e-05]  WALL=3.171e-15  DATA=5.980e-04
  [PT] w_u=25.0745 w_v=66.3418 gamma=0.730 (tau_u=3.988e-02 tau_v=1.507e-02 |Du|=8.76e-03 |DRu|=2.59e-02)
[BFGS-END] batch=  56  last_total=7.862e-03  last_PDE=1.197e-03 [colloc=1.126e-03, cfd=7.105e-05]  last_WALL=3.171e-15  last_DATA=5.980e-04
/oscar/home/jchen790/cylinder flow lab/src/cfp40.py:1430: OptimizeWarning: Unknown solver options: hess, hessp, bounds, constraints, tol
  result = minimize(
Invoked: SSBroyden1 approach!
[BFGS] batch=  57  call=  2507  total=7.849e-03  PDE=1.198e-03 [colloc=1.127e-03, cfd=7.093e-05]  WALL=3.170e-15  DATA=5.978e-04
Invoked: SSBroyden1 approach!
[BFGS] batch=  57  call=  2509  total=7.842e-03  PDE=1.194e-03 [colloc=1.123e-03, cfd=7.080e-05]  WALL=3.170e-15  DATA=5.979e-04
Invoked: SSBroyden1 approach!
[BFGS] batch=  57  call=  2510  total=7.841e-03  PDE=1.189e-03 [colloc=1.118e-03, cfd=7.067e-05]  WALL=3.170e-15  DATA=5.979e-04
Invoked: SSBroyden1 approach!
[BFGS] batch=  57  call=  2512  total=7.817e-03  PDE=1.185e-03 [colloc=1.114e-03, cfd=7.055e-05]  WALL=3.170e-15  DATA=5.980e-04
Invoked: SSBroyden1 approach!
[BFGS] batch=  57  call=  2525  total=7.796e-03  PDE=1.183e-03 [colloc=1.113e-03, cfd=7.051e-05]  WALL=3.169e-15  DATA=5.981e-04
Invoked: SSBroyden1 approach!
[BFGS] batch=  57  call=  2526  total=7.767e-03  PDE=1.172e-03 [colloc=1.102e-03, cfd=7.028e-05]  WALL=3.170e-15  DATA=5.984e-04
  [PT] w_u=27.7333 w_v=73.3384 gamma=0.726 (tau_u=3.606e-02 tau_v=1.364e-02 |Du|=1.58e-02 |DRu|=3.32e-01)
[BFGS-END] batch=  57  last_total=7.806e-03  last_PDE=1.172e-03 [colloc=1.102e-03, cfd=7.028e-05]  last_WALL=3.170e-15  last_DATA=5.984e-04
/oscar/home/jchen790/cylinder flow lab/src/cfp40.py:1430: OptimizeWarning: Unknown solver options: hess, hessp, bounds, constraints, tol
  result = minimize(
Invoked: SSBroyden1 approach!
[BFGS] batch=  58  call=  2548  total=7.771e-03  PDE=1.166e-03 [colloc=1.096e-03, cfd=7.021e-05]  WALL=3.170e-15  DATA=5.985e-04
Invoked: SSBroyden1 approach!
[BFGS] batch=  58  call=  2552  total=7.763e-03  PDE=1.165e-03 [colloc=1.095e-03, cfd=7.018e-05]  WALL=3.170e-15  DATA=5.985e-04
Invoked: SSBroyden1 approach!
[BFGS] batch=  58  call=  2553  total=7.745e-03  PDE=1.161e-03 [colloc=1.091e-03, cfd=6.996e-05]  WALL=3.170e-15  DATA=5.985e-04
Invoked: SSBroyden1 approach!
[BFGS] batch=  58  call=  2560  total=7.745e-03  PDE=1.159e-03 [colloc=1.089e-03, cfd=6.966e-05]  WALL=3.169e-15  DATA=5.989e-04
  [PT] w_u=30.4768 w_v=80.9341 gamma=0.723 (tau_u=3.281e-02 tau_v=1.236e-02 |Du|=1.77e-02 |DRu|=2.50e-01)
[BFGS-END] batch=  58  last_total=7.771e-03  last_PDE=1.159e-03 [colloc=1.089e-03, cfd=6.966e-05]  last_WALL=3.169e-15  last_DATA=5.989e-04
/oscar/home/jchen790/cylinder flow lab/src/cfp40.py:1430: OptimizeWarning: Unknown solver options: hess, hessp, bounds, constraints, tol
  result = minimize(
Invoked: SSBroyden1 approach!
[BFGS] batch=  59  call=  2579  total=7.715e-03  PDE=1.143e-03 [colloc=1.074e-03, cfd=6.966e-05]  WALL=3.169e-15  DATA=5.989e-04
Invoked: SSBroyden1 approach!
[BFGS] batch=  59  call=  2580  total=7.707e-03  PDE=1.140e-03 [colloc=1.070e-03, cfd=6.960e-05]  WALL=3.168e-15  DATA=5.991e-04
Invoked: SSBroyden1 approach!
[BFGS] batch=  59  call=  2581  total=7.696e-03  PDE=1.137e-03 [colloc=1.067e-03, cfd=6.951e-05]  WALL=3.169e-15  DATA=5.991e-04
Invoked: SSBroyden1 approach!
[BFGS] batch=  59  call=  2582  total=7.688e-03  PDE=1.132e-03 [colloc=1.062e-03, cfd=6.942e-05]  WALL=3.169e-15  DATA=5.993e-04
Invoked: SSBroyden1 approach!
[BFGS] batch=  59  call=  2588  total=7.657e-03  PDE=1.127e-03 [colloc=1.058e-03, cfd=6.934e-05]  WALL=3.170e-15  DATA=5.995e-04
  [PT] w_u=32.0160 w_v=88.5044 gamma=0.721 (tau_u=3.123e-02 tau_v=1.130e-02 |Du|=1.34e-02 |DRu|=8.73e-02)
[BFGS-END] batch=  59  last_total=7.670e-03  last_PDE=1.127e-03 [colloc=1.058e-03, cfd=6.934e-05]  last_WALL=3.170e-15  last_DATA=5.995e-04
/oscar/home/jchen790/cylinder flow lab/src/cfp40.py:1430: OptimizeWarning: Unknown solver options: hess, hessp, bounds, constraints, tol
  result = minimize(
  [PT] w_u=34.5369 w_v=94.0994 gamma=0.721 (tau_u=2.895e-02 tau_v=1.063e-02 |Du|=3.46e-04 |DRu|=3.20e-03)
[PT] batch=  60  w=6.4318e+01
[BFGS-END] batch=  60  last_total=7.707e-03  last_PDE=1.127e-03 [colloc=1.057e-03, cfd=6.934e-05]  last_WALL=3.170e-15  last_DATA=5.995e-04
/oscar/home/jchen790/cylinder flow lab/src/cfp40.py:1430: OptimizeWarning: Unknown solver options: hess, hessp, bounds, constraints, tol
  result = minimize(
Invoked: SSBroyden1 approach!
[BFGS] batch=  61  call=  2630  total=7.678e-03  PDE=1.126e-03 [colloc=1.057e-03, cfd=6.933e-05]  WALL=3.170e-15  DATA=5.995e-04
Invoked: SSBroyden1 approach!
[BFGS] batch=  61  call=  2632  total=7.658e-03  PDE=1.125e-03 [colloc=1.056e-03, cfd=6.934e-05]  WALL=3.170e-15  DATA=5.996e-04
Invoked: SSBroyden1 approach!
[BFGS] batch=  61  call=  2639  total=7.648e-03  PDE=1.119e-03 [colloc=1.049e-03, cfd=6.986e-05]  WALL=3.170e-15  DATA=5.999e-04
  [PT] w_u=38.1832 w_v=103.9495 gamma=0.723 (tau_u=2.619e-02 tau_v=9.620e-03 |Du|=1.12e-02 |DRu|=2.64e-01)
[BFGS-END] batch=  61  last_total=7.661e-03  last_PDE=1.119e-03 [colloc=1.049e-03, cfd=6.986e-05]  last_WALL=3.170e-15  last_DATA=5.999e-04
/oscar/home/jchen790/cylinder flow lab/src/cfp40.py:1430: OptimizeWarning: Unknown solver options: hess, hessp, bounds, constraints, tol
  result = minimize(
Invoked: SSBroyden1 approach!
[BFGS] batch=  62  call=  2676  total=7.721e-03  PDE=1.143e-03 [colloc=1.073e-03, cfd=7.008e-05]  WALL=3.169e-15  DATA=6.000e-04
  [PT] w_u=41.6761 w_v=114.0265 gamma=0.724 (tau_u=2.399e-02 tau_v=8.770e-03 |Du|=4.01e-03 |DRu|=5.24e-02)
[BFGS-END] batch=  62  last_total=7.710e-03  last_PDE=1.143e-03 [colloc=1.073e-03, cfd=7.008e-05]  last_WALL=3.169e-15  last_DATA=6.000e-04
/oscar/home/jchen790/cylinder flow lab/src/cfp40.py:1430: OptimizeWarning: Unknown solver options: hess, hessp, bounds, constraints, tol
  result = minimize(
Invoked: SSBroyden1 approach!
[BFGS] batch=  63  call=  2696  total=7.750e-03  PDE=1.145e-03 [colloc=1.073e-03, cfd=7.148e-05]  WALL=3.168e-15  DATA=6.001e-04
Invoked: SSBroyden1 approach!
[BFGS] batch=  63  call=  2697  total=7.719e-03  PDE=1.141e-03 [colloc=1.069e-03, cfd=7.242e-05]  WALL=3.167e-15  DATA=6.000e-04
  [PT] w_u=46.1302 w_v=126.3521 gamma=0.730 (tau_u=2.168e-02 tau_v=7.914e-03 |Du|=1.25e-02 |DRu|=3.70e-01)
[BFGS-END] batch=  63  last_total=7.707e-03  last_PDE=1.141e-03 [colloc=1.069e-03, cfd=7.242e-05]  last_WALL=3.167e-15  last_DATA=6.000e-04
/oscar/home/jchen790/cylinder flow lab/src/cfp40.py:1430: OptimizeWarning: Unknown solver options: hess, hessp, bounds, constraints, tol
  result = minimize(
  [PT] w_u=50.9099 w_v=139.4773 gamma=0.730 (tau_u=1.964e-02 tau_v=7.170e-03 |Du|=3.46e-04 |DRu|=8.12e-03)
[BFGS-END] batch=  64  last_total=7.863e-03  last_PDE=1.198e-03 [colloc=1.125e-03, cfd=7.247e-05]  last_WALL=3.167e-15  last_DATA=6.000e-04
/oscar/home/jchen790/cylinder flow lab/src/cfp40.py:1430: OptimizeWarning: Unknown solver options: hess, hessp, bounds, constraints, tol
  result = minimize(
  [PT] w_u=56.1363 w_v=153.7951 gamma=0.730 (tau_u=1.781e-02 tau_v=6.502e-03 |Du|=8.00e-04 |DRu|=1.86e-02)
[BFGS-END] batch=  65  last_total=7.875e-03  last_PDE=1.198e-03 [colloc=1.126e-03, cfd=7.260e-05]  last_WALL=3.167e-15  last_DATA=5.999e-04
/oscar/home/jchen790/cylinder flow lab/src/cfp40.py:1430: OptimizeWarning: Unknown solver options: hess, hessp, bounds, constraints, tol
  result = minimize(
Invoked: SSBroyden1 approach!
[BFGS] batch=  66  call=  2763  total=7.874e-03  PDE=1.200e-03 [colloc=1.127e-03, cfd=7.306e-05]  WALL=3.167e-15  DATA=5.998e-04
Invoked: SSBroyden1 approach!
[BFGS] batch=  66  call=  2772  total=7.860e-03  PDE=1.198e-03 [colloc=1.125e-03, cfd=7.319e-05]  WALL=3.167e-15  DATA=5.998e-04
Invoked: SSBroyden1 approach!
[BFGS] batch=  66  call=  2779  total=7.858e-03  PDE=1.191e-03 [colloc=1.118e-03, cfd=7.349e-05]  WALL=3.167e-15  DATA=5.998e-04
  [PT] w_u=61.9506 w_v=170.1120 gamma=0.733 (tau_u=1.614e-02 tau_v=5.878e-03 |Du|=6.03e-03 |DRu|=1.56e-01)
[BFGS-END] batch=  66  last_total=7.848e-03  last_PDE=1.191e-03 [colloc=1.117e-03, cfd=7.349e-05]  last_WALL=3.167e-15  last_DATA=5.998e-04
/oscar/home/jchen790/cylinder flow lab/src/cfp40.py:1430: OptimizeWarning: Unknown solver options: hess, hessp, bounds, constraints, tol
  result = minimize(
Invoked: SSBroyden1 approach!
[BFGS] batch=  67  call=  2801  total=7.898e-03  PDE=1.215e-03 [colloc=1.141e-03, cfd=7.418e-05]  WALL=3.166e-15  DATA=5.996e-04
Invoked: SSBroyden1 approach!
[BFGS] batch=  67  call=  2803  total=7.898e-03  PDE=1.201e-03 [colloc=1.127e-03, cfd=7.427e-05]  WALL=3.167e-15  DATA=5.997e-04
  [PT] w_u=68.4011 w_v=188.3080 gamma=0.742 (tau_u=1.462e-02 tau_v=5.310e-03 |Du|=9.94e-03 |DRu|=2.82e-01)
[BFGS-END] batch=  67  last_total=7.873e-03  last_PDE=1.201e-03 [colloc=1.127e-03, cfd=7.427e-05]  last_WALL=3.167e-15  last_DATA=5.997e-04
/oscar/home/jchen790/cylinder flow lab/src/cfp40.py:1430: OptimizeWarning: Unknown solver options: hess, hessp, bounds, constraints, tol
  result = minimize(
Invoked: SSBroyden1 approach!
[BFGS] batch=  68  call=  2824  total=8.080e-03  PDE=1.274e-03 [colloc=1.200e-03, cfd=7.430e-05]  WALL=3.168e-15  DATA=5.998e-04
Invoked: SSBroyden1 approach!
[BFGS] batch=  68  call=  2825  total=8.025e-03  PDE=1.252e-03 [colloc=1.178e-03, cfd=7.455e-05]  WALL=3.168e-15  DATA=5.999e-04
Invoked: SSBroyden1 approach!
[BFGS] batch=  68  call=  2826  total=7.899e-03  PDE=1.220e-03 [colloc=1.145e-03, cfd=7.523e-05]  WALL=3.168e-15  DATA=5.998e-04
Invoked: SSBroyden1 approach!
[BFGS] batch=  68  call=  2827  total=7.853e-03  PDE=1.187e-03 [colloc=1.108e-03, cfd=7.838e-05]  WALL=3.168e-15  DATA=6.004e-04
Invoked: SSBroyden1 approach!
[BFGS] batch=  68  call=  2828  total=7.803e-03  PDE=1.166e-03 [colloc=1.086e-03, cfd=7.988e-05]  WALL=3.168e-15  DATA=6.008e-04
Invoked: SSBroyden1 approach!
[BFGS] batch=  68  call=  2829  total=7.770e-03  PDE=1.152e-03 [colloc=1.071e-03, cfd=8.083e-05]  WALL=3.169e-15  DATA=6.012e-04
Invoked: SSBroyden1 approach!
[BFGS] batch=  68  call=  2830  total=7.681e-03  PDE=1.134e-03 [colloc=1.053e-03, cfd=8.108e-05]  WALL=3.170e-15  DATA=6.013e-04
Invoked: SSBroyden1 approach!
[BFGS] batch=  68  call=  2831  total=7.629e-03  PDE=1.108e-03 [colloc=1.026e-03, cfd=8.180e-05]  WALL=3.171e-15  DATA=6.016e-04
Invoked: SSBroyden1 approach!
[BFGS] batch=  68  call=  2832  total=7.563e-03  PDE=1.078e-03 [colloc=9.952e-04, cfd=8.243e-05]  WALL=3.171e-15  DATA=6.018e-04
Invoked: SSBroyden1 approach!
[BFGS] batch=  68  call=  2833  total=7.532e-03  PDE=1.047e-03 [colloc=9.638e-04, cfd=8.362e-05]  WALL=3.173e-15  DATA=6.021e-04
Invoked: SSBroyden1 approach!
[BFGS] batch=  68  call=  2834  total=7.439e-03  PDE=1.028e-03 [colloc=9.439e-04, cfd=8.417e-05]  WALL=3.174e-15  DATA=6.022e-04
Invoked: SSBroyden1 approach!
[BFGS] batch=  68  call=  2836  total=7.416e-03  PDE=1.009e-03 [colloc=9.238e-04, cfd=8.492e-05]  WALL=3.174e-15  DATA=6.023e-04
Invoked: SSBroyden1 approach!
[BFGS] batch=  68  call=  2837  total=7.405e-03  PDE=9.962e-04 [colloc=9.107e-04, cfd=8.545e-05]  WALL=3.174e-15  DATA=6.025e-04
Invoked: SSBroyden1 approach!
[BFGS] batch=  68  call=  2838  total=7.346e-03  PDE=9.890e-04 [colloc=9.034e-04, cfd=8.559e-05]  WALL=3.174e-15  DATA=6.026e-04
Invoked: SSBroyden1 approach!
[BFGS] batch=  68  call=  2840  total=7.331e-03  PDE=9.833e-04 [colloc=8.975e-04, cfd=8.573e-05]  WALL=3.174e-15  DATA=6.028e-04
Invoked: SSBroyden1 approach!
[BFGS] batch=  68  call=  2848  total=7.319e-03  PDE=9.781e-04 [colloc=8.924e-04, cfd=8.566e-05]  WALL=3.173e-15  DATA=6.030e-04
Invoked: SSBroyden1 approach!
[BFGS] batch=  68  call=  2849  total=7.297e-03  PDE=9.749e-04 [colloc=8.893e-04, cfd=8.560e-05]  WALL=3.172e-15  DATA=6.031e-04
Invoked: SSBroyden1 approach!
[BFGS] batch=  68  call=  2850  total=7.277e-03  PDE=9.688e-04 [colloc=8.836e-04, cfd=8.512e-05]  WALL=3.172e-15  DATA=6.029e-04
Invoked: SSBroyden1 approach!
[BFGS] batch=  68  call=  2851  total=7.269e-03  PDE=9.606e-04 [colloc=8.762e-04, cfd=8.443e-05]  WALL=3.172e-15  DATA=6.030e-04
Invoked: SSBroyden1 approach!
[BFGS] batch=  68  call=  2852  total=7.251e-03  PDE=9.556e-04 [colloc=8.715e-04, cfd=8.412e-05]  WALL=3.172e-15  DATA=6.030e-04
  [PT] w_u=75.6885 w_v=208.5537 gamma=0.796 (tau_u=1.321e-02 tau_v=4.795e-03 |Du|=2.95e-02 |DRu|=1.13e+00)
[BFGS-END] batch=  68  last_total=7.304e-03  last_PDE=9.546e-04 [colloc=8.705e-04, cfd=8.406e-05]  last_WALL=3.172e-15  last_DATA=6.030e-04
/oscar/home/jchen790/cylinder flow lab/src/cfp40.py:1430: OptimizeWarning: Unknown solver options: hess, hessp, bounds, constraints, tol
  result = minimize(
Invoked: SSBroyden1 approach!
[BFGS] batch=  69  call=  2876  total=9.519e-03  PDE=1.826e-03 [colloc=1.743e-03, cfd=8.255e-05]  WALL=3.173e-15  DATA=6.028e-04
Invoked: SSBroyden1 approach!
[BFGS] batch=  69  call=  2877  total=9.142e-03  PDE=1.692e-03 [colloc=1.609e-03, cfd=8.219e-05]  WALL=3.173e-15  DATA=6.031e-04
Invoked: SSBroyden1 approach!
[BFGS] batch=  69  call=  2878  total=8.761e-03  PDE=1.520e-03 [colloc=1.436e-03, cfd=8.404e-05]  WALL=3.174e-15  DATA=6.031e-04
Invoked: SSBroyden1 approach!
[BFGS] batch=  69  call=  2880  total=8.569e-03  PDE=1.456e-03 [colloc=1.370e-03, cfd=8.588e-05]  WALL=3.175e-15  DATA=6.035e-04
Invoked: SSBroyden1 approach!
[BFGS] batch=  69  call=  2881  total=8.477e-03  PDE=1.410e-03 [colloc=1.319e-03, cfd=9.113e-05]  WALL=3.177e-15  DATA=6.039e-04
Invoked: SSBroyden1 approach!
[BFGS] batch=  69  call=  2882  total=8.409e-03  PDE=1.359e-03 [colloc=1.263e-03, cfd=9.588e-05]  WALL=3.177e-15  DATA=6.040e-04
Invoked: SSBroyden1 approach!
[BFGS] batch=  69  call=  2883  total=8.245e-03  PDE=1.330e-03 [colloc=1.231e-03, cfd=9.958e-05]  WALL=3.177e-15  DATA=6.045e-04
Invoked: SSBroyden1 approach!
[BFGS] batch=  69  call=  2885  total=8.202e-03  PDE=1.306e-03 [colloc=1.207e-03, cfd=9.963e-05]  WALL=3.178e-15  DATA=6.048e-04
Invoked: SSBroyden1 approach!
[BFGS] batch=  69  call=  2886  total=8.143e-03  PDE=1.282e-03 [colloc=1.184e-03, cfd=9.752e-05]  WALL=3.179e-15  DATA=6.051e-04
Invoked: SSBroyden1 approach!
[BFGS] batch=  69  call=  2887  total=8.097e-03  PDE=1.257e-03 [colloc=1.163e-03, cfd=9.417e-05]  WALL=3.181e-15  DATA=6.054e-04
Invoked: SSBroyden1 approach!
[BFGS] batch=  69  call=  2888  total=7.996e-03  PDE=1.234e-03 [colloc=1.142e-03, cfd=9.212e-05]  WALL=3.181e-15  DATA=6.057e-04
Invoked: SSBroyden1 approach!
[BFGS] batch=  69  call=  2889  total=7.958e-03  PDE=1.218e-03 [colloc=1.126e-03, cfd=9.221e-05]  WALL=3.182e-15  DATA=6.058e-04
Invoked: SSBroyden1 approach!
[BFGS] batch=  69  call=  2890  total=7.920e-03  PDE=1.194e-03 [colloc=1.101e-03, cfd=9.274e-05]  WALL=3.182e-15  DATA=6.058e-04
Invoked: SSBroyden1 approach!
[BFGS] batch=  69  call=  2891  total=7.817e-03  PDE=1.170e-03 [colloc=1.076e-03, cfd=9.336e-05]  WALL=3.181e-15  DATA=6.059e-04
Invoked: SSBroyden1 approach!
[BFGS] batch=  69  call=  2892  total=7.733e-03  PDE=1.134e-03 [colloc=1.039e-03, cfd=9.518e-05]  WALL=3.180e-15  DATA=6.057e-04
Invoked: SSBroyden1 approach!
[BFGS] batch=  69  call=  2893  total=7.646e-03  PDE=1.102e-03 [colloc=1.005e-03, cfd=9.731e-05]  WALL=3.178e-15  DATA=6.062e-04
Invoked: SSBroyden1 approach!
[BFGS] batch=  69  call=  2895  total=7.612e-03  PDE=1.085e-03 [colloc=9.879e-04, cfd=9.732e-05]  WALL=3.179e-15  DATA=6.063e-04
Invoked: SSBroyden1 approach!
[BFGS] batch=  69  call=  2896  total=7.589e-03  PDE=1.069e-03 [colloc=9.727e-04, cfd=9.662e-05]  WALL=3.179e-15  DATA=6.065e-04
Invoked: SSBroyden1 approach!
[BFGS] batch=  69  call=  2897  total=7.537e-03  PDE=1.056e-03 [colloc=9.603e-04, cfd=9.557e-05]  WALL=3.179e-15  DATA=6.067e-04
Invoked: SSBroyden1 approach!
[BFGS] batch=  69  call=  2898  total=7.505e-03  PDE=1.040e-03 [colloc=9.457e-04, cfd=9.398e-05]  WALL=3.179e-15  DATA=6.071e-04
Invoked: SSBroyden1 approach!
[BFGS] batch=  69  call=  2899  total=7.437e-03  PDE=1.021e-03 [colloc=9.274e-04, cfd=9.340e-05]  WALL=3.179e-15  DATA=6.073e-04
Invoked: SSBroyden1 approach!
[BFGS] batch=  69  call=  2900  total=7.429e-03  PDE=1.003e-03 [colloc=9.094e-04, cfd=9.327e-05]  WALL=3.179e-15  DATA=6.073e-04
Invoked: SSBroyden1 approach!
[BFGS] batch=  69  call=  2901  total=7.385e-03  PDE=9.972e-04 [colloc=9.040e-04, cfd=9.318e-05]  WALL=3.179e-15  DATA=6.073e-04
Invoked: SSBroyden1 approach!
[BFGS] batch=  69  call=  2902  total=7.347e-03  PDE=9.824e-04 [colloc=8.907e-04, cfd=9.173e-05]  WALL=3.179e-15  DATA=6.074e-04
Invoked: SSBroyden1 approach!
[BFGS] batch=  69  call=  2903  total=7.322e-03  PDE=9.662e-04 [colloc=8.752e-04, cfd=9.102e-05]  WALL=3.180e-15  DATA=6.076e-04
Invoked: SSBroyden1 approach!
[BFGS] batch=  69  call=  2904  total=7.276e-03  PDE=9.518e-04 [colloc=8.614e-04, cfd=9.044e-05]  WALL=3.181e-15  DATA=6.076e-04
Invoked: SSBroyden1 approach!
[BFGS] batch=  69  call=  2905  total=7.243e-03  PDE=9.407e-04 [colloc=8.514e-04, cfd=8.923e-05]  WALL=3.181e-15  DATA=6.077e-04
Invoked: SSBroyden1 approach!
[BFGS] batch=  69  call=  2906  total=7.216e-03  PDE=9.272e-04 [colloc=8.389e-04, cfd=8.839e-05]  WALL=3.180e-15  DATA=6.077e-04
Invoked: SSBroyden1 approach!
[BFGS] batch=  69  call=  2907  total=7.208e-03  PDE=9.177e-04 [colloc=8.301e-04, cfd=8.754e-05]  WALL=3.180e-15  DATA=6.076e-04
Invoked: SSBroyden1 approach!
[BFGS] batch=  69  call=  2908  total=7.203e-03  PDE=9.130e-04 [colloc=8.256e-04, cfd=8.736e-05]  WALL=3.180e-15  DATA=6.077e-04
Invoked: SSBroyden1 approach!
[BFGS] batch=  69  call=  2909  total=7.202e-03  PDE=9.096e-04 [colloc=8.224e-04, cfd=8.721e-05]  WALL=3.180e-15  DATA=6.077e-04
Invoked: SSBroyden1 approach!
[BFGS] batch=  69  call=  2912  total=7.181e-03  PDE=9.050e-04 [colloc=8.181e-04, cfd=8.685e-05]  WALL=3.180e-15  DATA=6.077e-04
Invoked: SSBroyden1 approach!
[BFGS] batch=  69  call=  2913  total=7.138e-03  PDE=8.948e-04 [colloc=8.086e-04, cfd=8.612e-05]  WALL=3.179e-15  DATA=6.078e-04
Invoked: SSBroyden1 approach!
[BFGS] batch=  69  call=  2914  total=7.138e-03  PDE=8.845e-04 [colloc=7.994e-04, cfd=8.502e-05]  WALL=3.180e-15  DATA=6.078e-04
  [PT] w_u=83.4776 w_v=231.1346 gamma=0.813 (tau_u=1.198e-02 tau_v=4.326e-03 |Du|=3.73e-02 |DRu|=1.13e+00)
[BFGS] batch 69: H0 not PD — resetting to identity.
[BFGS-END] batch=  69  last_total=7.117e-03  last_PDE=8.843e-04 [colloc=7.993e-04, cfd=8.501e-05]  last_WALL=3.180e-15  last_DATA=6.078e-04
/oscar/home/jchen790/cylinder flow lab/src/cfp40.py:1430: OptimizeWarning: Unknown solver options: hess, hessp, bounds, constraints, tol
  result = minimize(
Invoked: SSBroyden1 approach!
[BFGS] batch=  70  call=  2937  total=8.648e-03  PDE=1.470e-03 [colloc=1.385e-03, cfd=8.501e-05]  WALL=3.186e-15  DATA=6.101e-04
Invoked: SSBroyden1 approach!
[BFGS] batch=  70  call=  2939  total=8.416e-03  PDE=1.367e-03 [colloc=1.282e-03, cfd=8.500e-05]  WALL=3.187e-15  DATA=6.105e-04
Invoked: SSBroyden1 approach!
[BFGS] batch=  70  call=  2940  total=7.991e-03  PDE=1.216e-03 [colloc=1.131e-03, cfd=8.502e-05]  WALL=3.186e-15  DATA=6.105e-04
Invoked: SSBroyden1 approach!
[BFGS] batch=  70  call=  2942  total=7.968e-03  PDE=1.199e-03 [colloc=1.113e-03, cfd=8.504e-05]  WALL=3.185e-15  DATA=6.101e-04
Invoked: SSBroyden1 approach!
[BFGS] batch=  70  call=  2943  total=7.907e-03  PDE=1.182e-03 [colloc=1.097e-03, cfd=8.504e-05]  WALL=3.185e-15  DATA=6.101e-04
Invoked: SSBroyden1 approach!
[BFGS] batch=  70  call=  2944  total=7.833e-03  PDE=1.148e-03 [colloc=1.063e-03, cfd=8.500e-05]  WALL=3.184e-15  DATA=6.104e-04
Invoked: SSBroyden1 approach!
[BFGS] batch=  70  call=  2945  total=7.770e-03  PDE=1.128e-03 [colloc=1.043e-03, cfd=8.499e-05]  WALL=3.184e-15  DATA=6.106e-04
Invoked: SSBroyden1 approach!
[BFGS] batch=  70  call=  2946  total=7.743e-03  PDE=1.107e-03 [colloc=1.022e-03, cfd=8.498e-05]  WALL=3.183e-15  DATA=6.104e-04
Invoked: SSBroyden1 approach!
[BFGS] batch=  70  call=  2947  total=7.680e-03  PDE=1.091e-03 [colloc=1.006e-03, cfd=8.495e-05]  WALL=3.183e-15  DATA=6.105e-04
Invoked: SSBroyden1 approach!
[BFGS] batch=  70  call=  2949  total=7.653e-03  PDE=1.080e-03 [colloc=9.953e-04, cfd=8.499e-05]  WALL=3.182e-15  DATA=6.105e-04
Invoked: SSBroyden1 approach!
[BFGS] batch=  70  call=  2951  total=7.638e-03  PDE=1.076e-03 [colloc=9.909e-04, cfd=8.498e-05]  WALL=3.182e-15  DATA=6.105e-04
Invoked: SSBroyden1 approach!
[BFGS] batch=  70  call=  2952  total=7.623e-03  PDE=1.071e-03 [colloc=9.857e-04, cfd=8.494e-05]  WALL=3.183e-15  DATA=6.105e-04
Invoked: SSBroyden1 approach!
[BFGS] batch=  70  call=  2960  total=7.593e-03  PDE=1.067e-03 [colloc=9.825e-04, cfd=8.494e-05]  WALL=3.182e-15  DATA=6.105e-04
Invoked: SSBroyden1 approach!
[BFGS] batch=  70  call=  2962  total=7.586e-03  PDE=1.066e-03 [colloc=9.806e-04, cfd=8.493e-05]  WALL=3.182e-15  DATA=6.105e-04
Invoked: SSBroyden1 approach!
[BFGS] batch=  70  call=  2971  total=7.570e-03  PDE=1.062e-03 [colloc=9.766e-04, cfd=8.494e-05]  WALL=3.182e-15  DATA=6.106e-04
Invoked: SSBroyden1 approach!
[BFGS] batch=  70  call=  2979  total=7.570e-03  PDE=1.059e-03 [colloc=9.739e-04, cfd=8.494e-05]  WALL=3.182e-15  DATA=6.106e-04
  [PT] w_u=66.8422 w_v=150.5441 gamma=0.811 (tau_u=1.496e-02 tau_v=6.643e-03 |Du|=2.40e-02 |DRu|=1.06e-01)
[PT] batch=  70  w=1.0869e+02
[BFGS-END] batch=  70  last_total=7.605e-03  last_PDE=1.058e-03 [colloc=9.735e-04, cfd=8.494e-05]  last_WALL=3.182e-15  last_DATA=6.106e-04
/oscar/home/jchen790/cylinder flow lab/src/cfp40.py:1430: OptimizeWarning: Unknown solver options: hess, hessp, bounds, constraints, tol
  result = minimize(
  [PT] w_u=71.9782 w_v=159.6398 gamma=0.806 (tau_u=1.389e-02 tau_v=6.264e-03 |Du|=2.82e-02 |DRu|=3.87e-01)
[BFGS-END] batch=  71  last_total=1.117e-02  last_PDE=2.442e-03 [colloc=2.356e-03, cfd=8.534e-05]  last_WALL=3.182e-15  last_DATA=6.095e-04
/oscar/home/jchen790/cylinder flow lab/src/cfp40.py:1430: OptimizeWarning: Unknown solver options: hess, hessp, bounds, constraints, tol
  result = minimize(
Invoked: SSBroyden1 approach!
[BFGS] batch=  72  call=  3019  total=1.064e-02  PDE=2.225e-03 [colloc=2.141e-03, cfd=8.481e-05]  WALL=3.183e-15  DATA=6.089e-04
Invoked: SSBroyden1 approach!
[BFGS] batch=  72  call=  3021  total=1.052e-02  PDE=2.184e-03 [colloc=2.099e-03, cfd=8.479e-05]  WALL=3.182e-15  DATA=6.090e-04
Invoked: SSBroyden1 approach!
[BFGS] batch=  72  call=  3023  total=1.050e-02  PDE=2.171e-03 [colloc=2.087e-03, cfd=8.478e-05]  WALL=3.182e-15  DATA=6.088e-04
Invoked: SSBroyden1 approach!
[BFGS] batch=  72  call=  3024  total=1.046e-02  PDE=2.161e-03 [colloc=2.077e-03, cfd=8.480e-05]  WALL=3.183e-15  DATA=6.088e-04
Invoked: SSBroyden1 approach!
[BFGS] batch=  72  call=  3025  total=1.045e-02  PDE=2.154e-03 [colloc=2.069e-03, cfd=8.471e-05]  WALL=3.182e-15  DATA=6.089e-04
Invoked: SSBroyden1 approach!
[BFGS] batch=  72  call=  3026  total=1.039e-02  PDE=2.146e-03 [colloc=2.061e-03, cfd=8.471e-05]  WALL=3.181e-15  DATA=6.089e-04
Invoked: SSBroyden1 approach!
[BFGS] batch=  72  call=  3029  total=1.038e-02  PDE=2.144e-03 [colloc=2.059e-03, cfd=8.472e-05]  WALL=3.182e-15  DATA=6.089e-04
  [PT] w_u=77.8062 w_v=172.5373 gamma=0.808 (tau_u=1.285e-02 tau_v=5.796e-03 |Du|=1.27e-02 |DRu|=1.94e-01)
[BFGS-END] batch=  72  last_total=1.043e-02  last_PDE=2.143e-03 [colloc=2.059e-03, cfd=8.472e-05]  last_WALL=3.182e-15  last_DATA=6.089e-04
/oscar/home/jchen790/cylinder flow lab/src/cfp40.py:1430: OptimizeWarning: Unknown solver options: hess, hessp, bounds, constraints, tol
  result = minimize(
Invoked: SSBroyden1 approach!
[BFGS] batch=  73  call=  3050  total=1.028e-02  PDE=2.104e-03 [colloc=2.019e-03, cfd=8.473e-05]  WALL=3.181e-15  DATA=6.089e-04
Invoked: SSBroyden1 approach!
[BFGS] batch=  73  call=  3051  total=1.026e-02  PDE=2.088e-03 [colloc=2.003e-03, cfd=8.477e-05]  WALL=3.183e-15  DATA=6.091e-04
Invoked: SSBroyden1 approach!
[BFGS] batch=  73  call=  3052  total=1.022e-02  PDE=2.079e-03 [colloc=1.994e-03, cfd=8.487e-05]  WALL=3.183e-15  DATA=6.092e-04
Invoked: SSBroyden1 approach!
[BFGS] batch=  73  call=  3060  total=1.020e-02  PDE=2.074e-03 [colloc=1.989e-03, cfd=8.553e-05]  WALL=3.184e-15  DATA=6.093e-04
Invoked: SSBroyden1 approach!
[BFGS] batch=  73  call=  3061  total=1.018e-02  PDE=2.063e-03 [colloc=1.977e-03, cfd=8.593e-05]  WALL=3.184e-15  DATA=6.095e-04
Invoked: SSBroyden1 approach!
[BFGS] batch=  73  call=  3062  total=1.016e-02  PDE=2.053e-03 [colloc=1.967e-03, cfd=8.622e-05]  WALL=3.184e-15  DATA=6.095e-04
Invoked: SSBroyden1 approach!
[BFGS] batch=  73  call=  3063  total=1.013e-02  PDE=2.037e-03 [colloc=1.950e-03, cfd=8.674e-05]  WALL=3.185e-15  DATA=6.097e-04
Invoked: SSBroyden1 approach!
[BFGS] batch=  73  call=  3064  total=1.007e-02  PDE=2.020e-03 [colloc=1.933e-03, cfd=8.750e-05]  WALL=3.186e-15  DATA=6.098e-04
Invoked: SSBroyden1 approach!
[BFGS] batch=  73  call=  3065  total=1.004e-02  PDE=1.998e-03 [colloc=1.909e-03, cfd=8.905e-05]  WALL=3.187e-15  DATA=6.099e-04
Invoked: SSBroyden1 approach!
[BFGS] batch=  73  call=  3066  total=1.000e-02  PDE=1.984e-03 [colloc=1.894e-03, cfd=9.005e-05]  WALL=3.188e-15  DATA=6.098e-04
Invoked: SSBroyden1 approach!
[BFGS] batch=  73  call=  3067  total=9.930e-03  PDE=1.960e-03 [colloc=1.869e-03, cfd=9.121e-05]  WALL=3.189e-15  DATA=6.099e-04
Invoked: SSBroyden1 approach!
[BFGS] batch=  73  call=  3068  total=9.830e-03  PDE=1.926e-03 [colloc=1.832e-03, cfd=9.377e-05]  WALL=3.191e-15  DATA=6.098e-04
Invoked: SSBroyden1 approach!
[BFGS] batch=  73  call=  3069  total=9.767e-03  PDE=1.896e-03 [colloc=1.796e-03, cfd=9.959e-05]  WALL=3.193e-15  DATA=6.097e-04
Invoked: SSBroyden1 approach!
[BFGS] batch=  73  call=  3070  total=9.672e-03  PDE=1.865e-03 [colloc=1.760e-03, cfd=1.046e-04]  WALL=3.195e-15  DATA=6.099e-04
Invoked: SSBroyden1 approach!
[BFGS] batch=  73  call=  3071  total=9.561e-03  PDE=1.814e-03 [colloc=1.700e-03, cfd=1.142e-04]  WALL=3.196e-15  DATA=6.097e-04
Invoked: SSBroyden1 approach!
[BFGS] batch=  73  call=  3072  total=9.396e-03  PDE=1.753e-03 [colloc=1.624e-03, cfd=1.291e-04]  WALL=3.198e-15  DATA=6.097e-04
Invoked: SSBroyden1 approach!
[BFGS] batch=  73  call=  3073  total=9.220e-03  PDE=1.689e-03 [colloc=1.529e-03, cfd=1.596e-04]  WALL=3.200e-15  DATA=6.099e-04
Invoked: SSBroyden1 approach!
[BFGS] batch=  73  call=  3074  total=9.072e-03  PDE=1.632e-03 [colloc=1.433e-03, cfd=1.996e-04]  WALL=3.201e-15  DATA=6.106e-04
Invoked: SSBroyden1 approach!
[BFGS] batch=  73  call=  3076  total=9.004e-03  PDE=1.607e-03 [colloc=1.391e-03, cfd=2.153e-04]  WALL=3.200e-15  DATA=6.107e-04
Invoked: SSBroyden1 approach!
[BFGS] batch=  73  call=  3077  total=8.945e-03  PDE=1.589e-03 [colloc=1.360e-03, cfd=2.291e-04]  WALL=3.199e-15  DATA=6.104e-04
Invoked: SSBroyden1 approach!
[BFGS] batch=  73  call=  3079  total=8.918e-03  PDE=1.577e-03 [colloc=1.345e-03, cfd=2.322e-04]  WALL=3.200e-15  DATA=6.106e-04
Invoked: SSBroyden1 approach!
[BFGS] batch=  73  call=  3080  total=8.915e-03  PDE=1.564e-03 [colloc=1.330e-03, cfd=2.337e-04]  WALL=3.200e-15  DATA=6.106e-04
Invoked: SSBroyden1 approach!
[BFGS] batch=  73  call=  3082  total=8.898e-03  PDE=1.554e-03 [colloc=1.320e-03, cfd=2.335e-04]  WALL=3.200e-15  DATA=6.106e-04
Invoked: SSBroyden1 approach!
[BFGS] batch=  73  call=  3083  total=8.846e-03  PDE=1.542e-03 [colloc=1.309e-03, cfd=2.328e-04]  WALL=3.200e-15  DATA=6.106e-04
Invoked: SSBroyden1 approach!
[BFGS] batch=  73  call=  3084  total=8.748e-03  PDE=1.512e-03 [colloc=1.282e-03, cfd=2.296e-04]  WALL=3.201e-15  DATA=6.107e-04
Invoked: SSBroyden1 approach!
[BFGS] batch=  73  call=  3085  total=8.698e-03  PDE=1.484e-03 [colloc=1.259e-03, cfd=2.250e-04]  WALL=3.202e-15  DATA=6.105e-04
Invoked: SSBroyden1 approach!
[BFGS] batch=  73  call=  3086  total=8.652e-03  PDE=1.458e-03 [colloc=1.236e-03, cfd=2.221e-04]  WALL=3.201e-15  DATA=6.106e-04
Invoked: SSBroyden1 approach!
[BFGS] batch=  73  call=  3087  total=8.572e-03  PDE=1.432e-03 [colloc=1.213e-03, cfd=2.190e-04]  WALL=3.201e-15  DATA=6.111e-04
Invoked: SSBroyden1 approach!
[BFGS] batch=  73  call=  3088  total=8.516e-03  PDE=1.405e-03 [colloc=1.192e-03, cfd=2.129e-04]  WALL=3.200e-15  DATA=6.111e-04
Invoked: SSBroyden1 approach!
[BFGS] batch=  73  call=  3090  total=8.447e-03  PDE=1.394e-03 [colloc=1.183e-03, cfd=2.106e-04]  WALL=3.200e-15  DATA=6.113e-04
Invoked: SSBroyden1 approach!
[BFGS] batch=  73  call=  3092  total=8.445e-03  PDE=1.382e-03 [colloc=1.175e-03, cfd=2.070e-04]  WALL=3.200e-15  DATA=6.113e-04
  [PT] w_u=86.4025 w_v=191.6656 gamma=0.828 (tau_u=1.157e-02 tau_v=5.217e-03 |Du|=5.61e-02 |DRu|=6.32e+00)
[BFGS-END] batch=  73  last_total=8.400e-03  last_PDE=1.379e-03 [colloc=1.173e-03, cfd=2.062e-04]  last_WALL=3.200e-15  last_DATA=6.113e-04
/oscar/home/jchen790/cylinder flow lab/src/cfp40.py:1430: OptimizeWarning: Unknown solver options: hess, hessp, bounds, constraints, tol
  result = minimize(
Invoked: SSBroyden1 approach!
[BFGS] batch=  74  call=  3115  total=1.140e-02  PDE=2.522e-03 [colloc=2.312e-03, cfd=2.102e-04]  WALL=3.200e-15  DATA=6.115e-04
Invoked: SSBroyden1 approach!
[BFGS] batch=  74  call=  3116  total=1.112e-02  PDE=2.398e-03 [colloc=2.178e-03, cfd=2.204e-04]  WALL=3.198e-15  DATA=6.115e-04
Invoked: SSBroyden1 approach!
[BFGS] batch=  74  call=  3117  total=1.072e-02  PDE=2.259e-03 [colloc=2.022e-03, cfd=2.371e-04]  WALL=3.199e-15  DATA=6.113e-04
Invoked: SSBroyden1 approach!
[BFGS] batch=  74  call=  3118  total=1.027e-02  PDE=2.091e-03 [colloc=1.838e-03, cfd=2.527e-04]  WALL=3.196e-15  DATA=6.121e-04
Invoked: SSBroyden1 approach!
[BFGS] batch=  74  call=  3119  total=9.788e-03  PDE=1.883e-03 [colloc=1.621e-03, cfd=2.618e-04]  WALL=3.197e-15  DATA=6.115e-04
Invoked: SSBroyden1 approach!
[BFGS] batch=  74  call=  3120  total=9.446e-03  PDE=1.765e-03 [colloc=1.496e-03, cfd=2.688e-04]  WALL=3.202e-15  DATA=6.123e-04
Invoked: SSBroyden1 approach!
[BFGS] batch=  74  call=  3121  total=9.082e-03  PDE=1.620e-03 [colloc=1.362e-03, cfd=2.579e-04]  WALL=3.204e-15  DATA=6.131e-04
Invoked: SSBroyden1 approach!
[BFGS] batch=  74  call=  3122  total=8.990e-03  PDE=1.573e-03 [colloc=1.332e-03, cfd=2.410e-04]  WALL=3.203e-15  DATA=6.140e-04
Invoked: SSBroyden1 approach!
[BFGS] batch=  74  call=  3123  total=8.846e-03  PDE=1.524e-03 [colloc=1.285e-03, cfd=2.384e-04]  WALL=3.203e-15  DATA=6.140e-04
Invoked: SSBroyden1 approach!
[BFGS] batch=  74  call=  3124  total=8.738e-03  PDE=1.475e-03 [colloc=1.238e-03, cfd=2.369e-04]  WALL=3.201e-15  DATA=6.145e-04
Invoked: SSBroyden1 approach!
[BFGS] batch=  74  call=  3125  total=8.652e-03  PDE=1.448e-03 [colloc=1.211e-03, cfd=2.376e-04]  WALL=3.201e-15  DATA=6.144e-04
Invoked: SSBroyden1 approach!
[BFGS] batch=  74  call=  3126  total=8.567e-03  PDE=1.411e-03 [colloc=1.175e-03, cfd=2.353e-04]  WALL=3.201e-15  DATA=6.142e-04
Invoked: SSBroyden1 approach!
[BFGS] batch=  74  call=  3127  total=8.461e-03  PDE=1.372e-03 [colloc=1.145e-03, cfd=2.268e-04]  WALL=3.202e-15  DATA=6.141e-04
Invoked: SSBroyden1 approach!
[BFGS] batch=  74  call=  3128  total=8.352e-03  PDE=1.336e-03 [colloc=1.130e-03, cfd=2.055e-04]  WALL=3.202e-15  DATA=6.139e-04
Invoked: SSBroyden1 approach!
[BFGS] batch=  74  call=  3129  total=8.221e-03  PDE=1.303e-03 [colloc=1.126e-03, cfd=1.764e-04]  WALL=3.201e-15  DATA=6.136e-04
Invoked: SSBroyden1 approach!
[BFGS] batch=  74  call=  3130  total=8.137e-03  PDE=1.263e-03 [colloc=1.123e-03, cfd=1.405e-04]  WALL=3.200e-15  DATA=6.132e-04
Invoked: SSBroyden1 approach!
[BFGS] batch=  74  call=  3131  total=8.049e-03  PDE=1.227e-03 [colloc=1.104e-03, cfd=1.233e-04]  WALL=3.199e-15  DATA=6.131e-04
Invoked: SSBroyden1 approach!
[BFGS] batch=  74  call=  3132  total=7.961e-03  PDE=1.192e-03 [colloc=1.081e-03, cfd=1.114e-04]  WALL=3.199e-15  DATA=6.130e-04
Invoked: SSBroyden1 approach!
[BFGS] batch=  74  call=  3133  total=7.859e-03  PDE=1.153e-03 [colloc=1.049e-03, cfd=1.041e-04]  WALL=3.198e-15  DATA=6.130e-04
Invoked: SSBroyden1 approach!
[BFGS] batch=  74  call=  3134  total=7.797e-03  PDE=1.123e-03 [colloc=1.024e-03, cfd=9.908e-05]  WALL=3.199e-15  DATA=6.134e-04
Invoked: SSBroyden1 approach!
[BFGS] batch=  74  call=  3135  total=7.745e-03  PDE=1.098e-03 [colloc=1.001e-03, cfd=9.728e-05]  WALL=3.199e-15  DATA=6.138e-04
Invoked: SSBroyden1 approach!
[BFGS] batch=  74  call=  3136  total=7.651e-03  PDE=1.075e-03 [colloc=9.786e-04, cfd=9.641e-05]  WALL=3.199e-15  DATA=6.138e-04
Invoked: SSBroyden1 approach!
[BFGS] batch=  74  call=  3137  total=7.604e-03  PDE=1.046e-03 [colloc=9.487e-04, cfd=9.728e-05]  WALL=3.199e-15  DATA=6.139e-04
Invoked: SSBroyden1 approach!
[BFGS] batch=  74  call=  3138  total=7.508e-03  PDE=1.025e-03 [colloc=9.283e-04, cfd=9.671e-05]  WALL=3.197e-15  DATA=6.143e-04
Invoked: SSBroyden1 approach!
[BFGS] batch=  74  call=  3147  total=7.501e-03  PDE=1.011e-03 [colloc=9.156e-04, cfd=9.545e-05]  WALL=3.198e-15  DATA=6.142e-04
Invoked: SSBroyden1 approach!
[BFGS] batch=  74  call=  3153  total=7.483e-03  PDE=1.007e-03 [colloc=9.118e-04, cfd=9.503e-05]  WALL=3.198e-15  DATA=6.142e-04
Invoked: SSBroyden1 approach!
[BFGS] batch=  74  call=  3154  total=7.465e-03  PDE=9.980e-04 [colloc=9.044e-04, cfd=9.355e-05]  WALL=3.197e-15  DATA=6.141e-04
Invoked: SSBroyden1 approach!
[BFGS] batch=  74  call=  3155  total=7.424e-03  PDE=9.890e-04 [colloc=8.966e-04, cfd=9.232e-05]  WALL=3.196e-15  DATA=6.140e-04
Invoked: SSBroyden1 approach!
[BFGS] batch=  74  call=  3156  total=7.419e-03  PDE=9.809e-04 [colloc=8.914e-04, cfd=8.949e-05]  WALL=3.195e-15  DATA=6.138e-04
Invoked: SSBroyden1 approach!
[BFGS] batch=  74  call=  3157  total=7.384e-03  PDE=9.769e-04 [colloc=8.877e-04, cfd=8.917e-05]  WALL=3.195e-15  DATA=6.138e-04
Invoked: SSBroyden1 approach!
[BFGS] batch=  74  call=  3158  total=7.328e-03  PDE=9.564e-04 [colloc=8.695e-04, cfd=8.690e-05]  WALL=3.195e-15  DATA=6.140e-04
Invoked: SSBroyden1 approach!
[BFGS] batch=  74  call=  3159  total=7.288e-03  PDE=9.369e-04 [colloc=8.532e-04, cfd=8.371e-05]  WALL=3.194e-15  DATA=6.141e-04
Invoked: SSBroyden1 approach!
[BFGS] batch=  74  call=  3160  total=7.273e-03  PDE=9.211e-04 [colloc=8.382e-04, cfd=8.290e-05]  WALL=3.194e-15  DATA=6.140e-04
Invoked: SSBroyden1 approach!
[BFGS] batch=  74  call=  3161  total=7.223e-03  PDE=9.116e-04 [colloc=8.288e-04, cfd=8.276e-05]  WALL=3.193e-15  DATA=6.141e-04
Invoked: SSBroyden1 approach!
[BFGS] batch=  74  call=  3162  total=7.204e-03  PDE=9.061e-04 [colloc=8.235e-04, cfd=8.251e-05]  WALL=3.194e-15  DATA=6.140e-04
Invoked: SSBroyden1 approach!
[BFGS] batch=  74  call=  3169  total=7.194e-03  PDE=8.967e-04 [colloc=8.144e-04, cfd=8.236e-05]  WALL=3.194e-15  DATA=6.140e-04
Invoked: SSBroyden1 approach!
[BFGS] batch=  74  call=  3170  total=7.181e-03  PDE=8.905e-04 [colloc=8.085e-04, cfd=8.200e-05]  WALL=3.194e-15  DATA=6.141e-04
Invoked: SSBroyden1 approach!
[BFGS] batch=  74  call=  3173  total=7.157e-03  PDE=8.872e-04 [colloc=8.056e-04, cfd=8.161e-05]  WALL=3.194e-15  DATA=6.141e-04
Invoked: SSBroyden1 approach!
[BFGS] batch=  74  call=  3174  total=7.100e-03  PDE=8.756e-04 [colloc=7.959e-04, cfd=7.965e-05]  WALL=3.193e-15  DATA=6.143e-04
  [PT] w_u=95.9081 w_v=212.2283 gamma=0.791 (tau_u=1.043e-02 tau_v=4.712e-03 |Du|=3.19e-02 |DRu|=2.79e+00)
[BFGS] batch 74: H0 not PD — resetting to identity.
[BFGS-END] batch=  74  last_total=7.154e-03  last_PDE=8.756e-04 [colloc=7.959e-04, cfd=7.965e-05]  last_WALL=3.193e-15  last_DATA=6.143e-04
/oscar/home/jchen790/cylinder flow lab/src/cfp40.py:1430: OptimizeWarning: Unknown solver options: hess, hessp, bounds, constraints, tol
  result = minimize(
Invoked: SSBroyden1 approach!
[BFGS] batch=  75  call=  3196  total=8.388e-03  PDE=1.358e-03 [colloc=1.278e-03, cfd=7.969e-05]  WALL=3.193e-15  DATA=6.148e-04
Invoked: SSBroyden1 approach!
[BFGS] batch=  75  call=  3198  total=8.160e-03  PDE=1.265e-03 [colloc=1.185e-03, cfd=7.969e-05]  WALL=3.193e-15  DATA=6.146e-04
Invoked: SSBroyden1 approach!
[BFGS] batch=  75  call=  3199  total=7.766e-03  PDE=1.125e-03 [colloc=1.045e-03, cfd=7.968e-05]  WALL=3.193e-15  DATA=6.146e-04
Invoked: SSBroyden1 approach!
[BFGS] batch=  75  call=  3209  total=7.730e-03  PDE=1.112e-03 [colloc=1.032e-03, cfd=7.967e-05]  WALL=3.194e-15  DATA=6.151e-04
Invoked: SSBroyden1 approach!
[BFGS] batch=  75  call=  3210  total=7.664e-03  PDE=1.088e-03 [colloc=1.008e-03, cfd=7.967e-05]  WALL=3.193e-15  DATA=6.152e-04
Invoked: SSBroyden1 approach!
[BFGS] batch=  75  call=  3211  total=7.626e-03  PDE=1.059e-03 [colloc=9.789e-04, cfd=7.970e-05]  WALL=3.192e-15  DATA=6.154e-04
Invoked: SSBroyden1 approach!
[BFGS] batch=  75  call=  3212  total=7.587e-03  PDE=1.039e-03 [colloc=9.591e-04, cfd=7.967e-05]  WALL=3.192e-15  DATA=6.155e-04
Invoked: SSBroyden1 approach!
[BFGS] batch=  75  call=  3213  total=7.530e-03  PDE=1.026e-03 [colloc=9.460e-04, cfd=7.973e-05]  WALL=3.191e-15  DATA=6.157e-04
Invoked: SSBroyden1 approach!
[BFGS] batch=  75  call=  3214  total=7.480e-03  PDE=1.014e-03 [colloc=9.343e-04, cfd=7.967e-05]  WALL=3.190e-15  DATA=6.156e-04
Invoked: SSBroyden1 approach!
[BFGS] batch=  75  call=  3224  total=7.454e-03  PDE=1.010e-03 [colloc=9.298e-04, cfd=7.966e-05]  WALL=3.190e-15  DATA=6.156e-04
  [PT] w_u=80.5772 w_v=134.3339 gamma=0.788 (tau_u=1.241e-02 tau_v=7.444e-03 |Du|=2.15e-02 |DRu|=1.10e-01)
[BFGS-END] batch=  75  last_total=7.519e-03  last_PDE=1.010e-03 [colloc=9.298e-04, cfd=7.966e-05]  last_WALL=3.190e-15  last_DATA=6.156e-04
/oscar/home/jchen790/cylinder flow lab/src/cfp40.py:1430: OptimizeWarning: Unknown solver options: hess, hessp, bounds, constraints, tol
  result = minimize(
Invoked: SSBroyden1 approach!
[BFGS] batch=  76  call=  3245  total=9.555e-03  PDE=1.810e-03 [colloc=1.731e-03, cfd=7.964e-05]  WALL=3.189e-15  DATA=6.156e-04
Invoked: SSBroyden1 approach!
[BFGS] batch=  76  call=  3253  total=9.540e-03  PDE=1.804e-03 [colloc=1.725e-03, cfd=7.959e-05]  WALL=3.190e-15  DATA=6.155e-04
  [PT] w_u=83.3832 w_v=134.1925 gamma=0.788 (tau_u=1.199e-02 tau_v=7.452e-03 |Du|=4.50e-03 |DRu|=4.40e-02)
[BFGS-END] batch=  76  last_total=9.544e-03  last_PDE=1.804e-03 [colloc=1.725e-03, cfd=7.959e-05]  last_WALL=3.190e-15  last_DATA=6.155e-04
/oscar/home/jchen790/cylinder flow lab/src/cfp40.py:1430: OptimizeWarning: Unknown solver options: hess, hessp, bounds, constraints, tol
  result = minimize(
Invoked: SSBroyden1 approach!
[BFGS] batch=  77  call=  3274  total=9.543e-03  PDE=1.796e-03 [colloc=1.717e-03, cfd=7.953e-05]  WALL=3.189e-15  DATA=6.155e-04
Invoked: SSBroyden1 approach!
[BFGS] batch=  77  call=  3275  total=9.515e-03  PDE=1.781e-03 [colloc=1.702e-03, cfd=7.948e-05]  WALL=3.189e-15  DATA=6.156e-04
Invoked: SSBroyden1 approach!
[BFGS] batch=  77  call=  3276  total=9.486e-03  PDE=1.770e-03 [colloc=1.690e-03, cfd=7.947e-05]  WALL=3.188e-15  DATA=6.158e-04
Invoked: SSBroyden1 approach!
[BFGS] batch=  77  call=  3277  total=9.434e-03  PDE=1.754e-03 [colloc=1.675e-03, cfd=7.949e-05]  WALL=3.187e-15  DATA=6.159e-04
Invoked: SSBroyden1 approach!
[BFGS] batch=  77  call=  3278  total=9.395e-03  PDE=1.741e-03 [colloc=1.661e-03, cfd=8.003e-05]  WALL=3.186e-15  DATA=6.161e-04
Invoked: SSBroyden1 approach!
[BFGS] batch=  77  call=  3283  total=9.375e-03  PDE=1.737e-03 [colloc=1.657e-03, cfd=8.014e-05]  WALL=3.186e-15  DATA=6.161e-04
Invoked: SSBroyden1 approach!
[BFGS] batch=  77  call=  3284  total=9.372e-03  PDE=1.723e-03 [colloc=1.643e-03, cfd=8.068e-05]  WALL=3.186e-15  DATA=6.161e-04
Invoked: SSBroyden1 approach!
[BFGS] batch=  77  call=  3286  total=9.329e-03  PDE=1.714e-03 [colloc=1.633e-03, cfd=8.107e-05]  WALL=3.186e-15  DATA=6.161e-04
Invoked: SSBroyden1 approach!
[BFGS] batch=  77  call=  3287  total=9.310e-03  PDE=1.693e-03 [colloc=1.610e-03, cfd=8.294e-05]  WALL=3.185e-15  DATA=6.161e-04
Invoked: SSBroyden1 approach!
[BFGS] batch=  77  call=  3288  total=9.217e-03  PDE=1.681e-03 [colloc=1.597e-03, cfd=8.397e-05]  WALL=3.185e-15  DATA=6.160e-04
Invoked: SSBroyden1 approach!
[BFGS] batch=  77  call=  3290  total=9.198e-03  PDE=1.667e-03 [colloc=1.582e-03, cfd=8.541e-05]  WALL=3.185e-15  DATA=6.159e-04
Invoked: SSBroyden1 approach!
[BFGS] batch=  77  call=  3291  total=9.160e-03  PDE=1.655e-03 [colloc=1.568e-03, cfd=8.661e-05]  WALL=3.185e-15  DATA=6.158e-04
Invoked: SSBroyden1 approach!
[BFGS] batch=  77  call=  3292  total=9.131e-03  PDE=1.642e-03 [colloc=1.553e-03, cfd=8.888e-05]  WALL=3.184e-15  DATA=6.157e-04
Invoked: SSBroyden1 approach!
[BFGS] batch=  77  call=  3293  total=9.112e-03  PDE=1.627e-03 [colloc=1.536e-03, cfd=9.057e-05]  WALL=3.184e-15  DATA=6.157e-04
Invoked: SSBroyden1 approach!
[BFGS] batch=  77  call=  3294  total=9.060e-03  PDE=1.616e-03 [colloc=1.525e-03, cfd=9.107e-05]  WALL=3.184e-15  DATA=6.157e-04
Invoked: SSBroyden1 approach!
[BFGS] batch=  77  call=  3295  total=9.036e-03  PDE=1.600e-03 [colloc=1.509e-03, cfd=9.085e-05]  WALL=3.185e-15  DATA=6.158e-04
Invoked: SSBroyden1 approach!
[BFGS] batch=  77  call=  3296  total=8.984e-03  PDE=1.585e-03 [colloc=1.494e-03, cfd=9.042e-05]  WALL=3.184e-15  DATA=6.157e-04
Invoked: SSBroyden1 approach!
[BFGS] batch=  77  call=  3297  total=8.924e-03  PDE=1.557e-03 [colloc=1.468e-03, cfd=8.896e-05]  WALL=3.184e-15  DATA=6.157e-04
Invoked: SSBroyden1 approach!
[BFGS] batch=  77  call=  3298  total=8.852e-03  PDE=1.529e-03 [colloc=1.442e-03, cfd=8.696e-05]  WALL=3.183e-15  DATA=6.154e-04
Invoked: SSBroyden1 approach!
[BFGS] batch=  77  call=  3299  total=8.746e-03  PDE=1.488e-03 [colloc=1.402e-03, cfd=8.524e-05]  WALL=3.184e-15  DATA=6.154e-04
Invoked: SSBroyden1 approach!
[BFGS] batch=  77  call=  3300  total=8.619e-03  PDE=1.453e-03 [colloc=1.367e-03, cfd=8.638e-05]  WALL=3.186e-15  DATA=6.151e-04
Invoked: SSBroyden1 approach!
[BFGS] batch=  77  call=  3301  total=8.485e-03  PDE=1.402e-03 [colloc=1.307e-03, cfd=9.499e-05]  WALL=3.188e-15  DATA=6.149e-04
Invoked: SSBroyden1 approach!
[BFGS] batch=  77  call=  3302  total=8.369e-03  PDE=1.351e-03 [colloc=1.237e-03, cfd=1.144e-04]  WALL=3.190e-15  DATA=6.151e-04
Invoked: SSBroyden1 approach!
[BFGS] batch=  77  call=  3304  total=8.330e-03  PDE=1.328e-03 [colloc=1.203e-03, cfd=1.249e-04]  WALL=3.190e-15  DATA=6.151e-04
Invoked: SSBroyden1 approach!
[BFGS] batch=  77  call=  3305  total=8.281e-03  PDE=1.307e-03 [colloc=1.173e-03, cfd=1.339e-04]  WALL=3.188e-15  DATA=6.152e-04
Invoked: SSBroyden1 approach!
[BFGS] batch=  77  call=  3306  total=8.226e-03  PDE=1.283e-03 [colloc=1.137e-03, cfd=1.457e-04]  WALL=3.188e-15  DATA=6.156e-04
Invoked: SSBroyden1 approach!
[BFGS] batch=  77  call=  3307  total=8.184e-03  PDE=1.265e-03 [colloc=1.107e-03, cfd=1.580e-04]  WALL=3.187e-15  DATA=6.159e-04
Invoked: SSBroyden1 approach!
[BFGS] batch=  77  call=  3308  total=8.123e-03  PDE=1.249e-03 [colloc=1.086e-03, cfd=1.632e-04]  WALL=3.187e-15  DATA=6.162e-04
Invoked: SSBroyden1 approach!
[BFGS] batch=  77  call=  3309  total=8.064e-03  PDE=1.229e-03 [colloc=1.063e-03, cfd=1.664e-04]  WALL=3.186e-15  DATA=6.161e-04
Invoked: SSBroyden1 approach!
[BFGS] batch=  77  call=  3310  total=8.022e-03  PDE=1.219e-03 [colloc=1.056e-03, cfd=1.639e-04]  WALL=3.185e-15  DATA=6.159e-04
Invoked: SSBroyden1 approach!
[BFGS] batch=  77  call=  3311  total=8.003e-03  PDE=1.208e-03 [colloc=1.049e-03, cfd=1.586e-04]  WALL=3.184e-15  DATA=6.160e-04
Invoked: SSBroyden1 approach!
[BFGS] batch=  77  call=  3312  total=7.999e-03  PDE=1.199e-03 [colloc=1.044e-03, cfd=1.543e-04]  WALL=3.185e-15  DATA=6.160e-04
Invoked: SSBroyden1 approach!
[BFGS] batch=  77  call=  3313  total=7.937e-03  PDE=1.196e-03 [colloc=1.043e-03, cfd=1.534e-04]  WALL=3.185e-15  DATA=6.160e-04
  [PT] w_u=92.6069 w_v=149.0756 gamma=0.794 (tau_u=1.080e-02 tau_v=6.708e-03 |Du|=4.60e-02 |DRu|=5.93e+00)
[BFGS-END] batch=  77  last_total=7.996e-03  last_PDE=1.196e-03 [colloc=1.043e-03, cfd=1.534e-04]  last_WALL=3.185e-15  last_DATA=6.160e-04
/oscar/home/jchen790/cylinder flow lab/src/cfp40.py:1430: OptimizeWarning: Unknown solver options: hess, hessp, bounds, constraints, tol
  result = minimize(
Invoked: SSBroyden1 approach!
[BFGS] batch=  78  call=  3335  total=9.901e-03  PDE=1.931e-03 [colloc=1.776e-03, cfd=1.554e-04]  WALL=3.183e-15  DATA=6.161e-04
Invoked: SSBroyden1 approach!
[BFGS] batch=  78  call=  3336  total=9.820e-03  PDE=1.895e-03 [colloc=1.737e-03, cfd=1.579e-04]  WALL=3.184e-15  DATA=6.165e-04
Invoked: SSBroyden1 approach!
[BFGS] batch=  78  call=  3337  total=9.678e-03  PDE=1.852e-03 [colloc=1.690e-03, cfd=1.622e-04]  WALL=3.184e-15  DATA=6.165e-04
Invoked: SSBroyden1 approach!
[BFGS] batch=  78  call=  3339  total=9.662e-03  PDE=1.833e-03 [colloc=1.669e-03, cfd=1.637e-04]  WALL=3.184e-15  DATA=6.167e-04
Invoked: SSBroyden1 approach!
[BFGS] batch=  78  call=  3340  total=9.617e-03  PDE=1.821e-03 [colloc=1.657e-03, cfd=1.638e-04]  WALL=3.184e-15  DATA=6.168e-04
Invoked: SSBroyden1 approach!
[BFGS] batch=  78  call=  3341  total=9.578e-03  PDE=1.797e-03 [colloc=1.635e-03, cfd=1.620e-04]  WALL=3.184e-15  DATA=6.167e-04
Invoked: SSBroyden1 approach!
[BFGS] batch=  78  call=  3342  total=9.513e-03  PDE=1.774e-03 [colloc=1.615e-03, cfd=1.595e-04]  WALL=3.184e-15  DATA=6.165e-04
Invoked: SSBroyden1 approach!
[BFGS] batch=  78  call=  3343  total=9.390e-03  PDE=1.733e-03 [colloc=1.579e-03, cfd=1.538e-04]  WALL=3.185e-15  DATA=6.165e-04
Invoked: SSBroyden1 approach!
[BFGS] batch=  78  call=  3344  total=9.281e-03  PDE=1.675e-03 [colloc=1.531e-03, cfd=1.441e-04]  WALL=3.188e-15  DATA=6.164e-04
Invoked: SSBroyden1 approach!
[BFGS] batch=  78  call=  3345  total=9.094e-03  PDE=1.621e-03 [colloc=1.484e-03, cfd=1.362e-04]  WALL=3.189e-15  DATA=6.163e-04
Invoked: SSBroyden1 approach!
[BFGS] batch=  78  call=  3346  total=9.042e-03  PDE=1.575e-03 [colloc=1.445e-03, cfd=1.291e-04]  WALL=3.192e-15  DATA=6.174e-04
Invoked: SSBroyden1 approach!
[BFGS] batch=  78  call=  3347  total=8.911e-03  PDE=1.539e-03 [colloc=1.410e-03, cfd=1.286e-04]  WALL=3.191e-15  DATA=6.174e-04
Invoked: SSBroyden1 approach!
[BFGS] batch=  78  call=  3348  total=8.717e-03  PDE=1.476e-03 [colloc=1.345e-03, cfd=1.304e-04]  WALL=3.193e-15  DATA=6.171e-04
Invoked: SSBroyden1 approach!
[BFGS] batch=  78  call=  3349  total=8.567e-03  PDE=1.415e-03 [colloc=1.274e-03, cfd=1.411e-04]  WALL=3.192e-15  DATA=6.170e-04
Invoked: SSBroyden1 approach!
[BFGS] batch=  78  call=  3350  total=8.562e-03  PDE=1.404e-03 [colloc=1.253e-03, cfd=1.515e-04]  WALL=3.193e-15  DATA=6.166e-04
Invoked: SSBroyden1 approach!
[BFGS] batch=  78  call=  3351  total=8.542e-03  PDE=1.400e-03 [colloc=1.249e-03, cfd=1.516e-04]  WALL=3.193e-15  DATA=6.166e-04
Invoked: SSBroyden1 approach!
[BFGS] batch=  78  call=  3352  total=8.496e-03  PDE=1.387e-03 [colloc=1.236e-03, cfd=1.517e-04]  WALL=3.193e-15  DATA=6.167e-04
Invoked: SSBroyden1 approach!
[BFGS] batch=  78  call=  3353  total=8.418e-03  PDE=1.363e-03 [colloc=1.212e-03, cfd=1.512e-04]  WALL=3.193e-15  DATA=6.169e-04
Invoked: SSBroyden1 approach!
[BFGS] batch=  78  call=  3354  total=8.355e-03  PDE=1.328e-03 [colloc=1.179e-03, cfd=1.497e-04]  WALL=3.194e-15  DATA=6.170e-04
Invoked: SSBroyden1 approach!
[BFGS] batch=  78  call=  3355  total=8.325e-03  PDE=1.299e-03 [colloc=1.152e-03, cfd=1.470e-04]  WALL=3.194e-15  DATA=6.171e-04
Invoked: SSBroyden1 approach!
[BFGS] batch=  78  call=  3356  total=8.199e-03  PDE=1.279e-03 [colloc=1.134e-03, cfd=1.449e-04]  WALL=3.194e-15  DATA=6.173e-04
Invoked: SSBroyden1 approach!
[BFGS] batch=  78  call=  3357  total=8.120e-03  PDE=1.227e-03 [colloc=1.096e-03, cfd=1.307e-04]  WALL=3.191e-15  DATA=6.176e-04
Invoked: SSBroyden1 approach!
[BFGS] batch=  78  call=  3358  total=7.973e-03  PDE=1.186e-03 [colloc=1.063e-03, cfd=1.229e-04]  WALL=3.191e-15  DATA=6.179e-04
Invoked: SSBroyden1 approach!
[BFGS] batch=  78  call=  3359  total=7.915e-03  PDE=1.172e-03 [colloc=1.061e-03, cfd=1.112e-04]  WALL=3.190e-15  DATA=6.181e-04
Invoked: SSBroyden1 approach!
[BFGS] batch=  78  call=  3360  total=7.868e-03  PDE=1.148e-03 [colloc=1.039e-03, cfd=1.087e-04]  WALL=3.189e-15  DATA=6.187e-04
Invoked: SSBroyden1 approach!
[BFGS] batch=  78  call=  3361  total=7.833e-03  PDE=1.125e-03 [colloc=1.018e-03, cfd=1.068e-04]  WALL=3.188e-15  DATA=6.190e-04
Invoked: SSBroyden1 approach!
[BFGS] batch=  78  call=  3362  total=7.802e-03  PDE=1.108e-03 [colloc=1.002e-03, cfd=1.057e-04]  WALL=3.187e-15  DATA=6.191e-04
Invoked: SSBroyden1 approach!
[BFGS] batch=  78  call=  3363  total=7.751e-03  PDE=1.091e-03 [colloc=9.858e-04, cfd=1.048e-04]  WALL=3.187e-15  DATA=6.191e-04
Invoked: SSBroyden1 approach!
[BFGS] batch=  78  call=  3364  total=7.701e-03  PDE=1.073e-03 [colloc=9.692e-04, cfd=1.036e-04]  WALL=3.186e-15  DATA=6.194e-04
Invoked: SSBroyden1 approach!
[BFGS] batch=  78  call=  3365  total=7.639e-03  PDE=1.059e-03 [colloc=9.565e-04, cfd=1.020e-04]  WALL=3.187e-15  DATA=6.196e-04
Invoked: SSBroyden1 approach!
[BFGS] batch=  78  call=  3366  total=7.626e-03  PDE=1.037e-03 [colloc=9.364e-04, cfd=1.001e-04]  WALL=3.187e-15  DATA=6.197e-04
Invoked: SSBroyden1 approach!
[BFGS] batch=  78  call=  3367  total=7.566e-03  PDE=1.028e-03 [colloc=9.288e-04, cfd=9.951e-05]  WALL=3.187e-15  DATA=6.198e-04
Invoked: SSBroyden1 approach!
[BFGS] batch=  78  call=  3368  total=7.536e-03  PDE=1.012e-03 [colloc=9.163e-04, cfd=9.570e-05]  WALL=3.186e-15  DATA=6.196e-04
Invoked: SSBroyden1 approach!
[BFGS] batch=  78  call=  3369  total=7.532e-03  PDE=9.956e-04 [colloc=9.017e-04, cfd=9.389e-05]  WALL=3.186e-15  DATA=6.196e-04
Invoked: SSBroyden1 approach!
[BFGS] batch=  78  call=  3371  total=7.466e-03  PDE=9.845e-04 [colloc=8.919e-04, cfd=9.254e-05]  WALL=3.186e-15  DATA=6.196e-04
Invoked: SSBroyden1 approach!
[BFGS] batch=  78  call=  3372  total=7.418e-03  PDE=9.686e-04 [colloc=8.809e-04, cfd=8.768e-05]  WALL=3.187e-15  DATA=6.197e-04
Invoked: SSBroyden1 approach!
[BFGS] batch=  78  call=  3373  total=7.378e-03  PDE=9.463e-04 [colloc=8.618e-04, cfd=8.449e-05]  WALL=3.186e-15  DATA=6.197e-04
Invoked: SSBroyden1 approach!
[BFGS] batch=  78  call=  3374  total=7.317e-03  PDE=9.308e-04 [colloc=8.482e-04, cfd=8.265e-05]  WALL=3.187e-15  DATA=6.195e-04
Invoked: SSBroyden1 approach!
[BFGS] batch=  78  call=  3375  total=7.268e-03  PDE=9.102e-04 [colloc=8.289e-04, cfd=8.130e-05]  WALL=3.188e-15  DATA=6.193e-04
Invoked: SSBroyden1 approach!
[BFGS] batch=  78  call=  3376  total=7.214e-03  PDE=8.944e-04 [colloc=8.135e-04, cfd=8.084e-05]  WALL=3.188e-15  DATA=6.194e-04
Invoked: SSBroyden1 approach!
[BFGS] batch=  78  call=  3377  total=7.159e-03  PDE=8.753e-04 [colloc=7.949e-04, cfd=8.043e-05]  WALL=3.188e-15  DATA=6.197e-04
Invoked: SSBroyden1 approach!
[BFGS] batch=  78  call=  3379  total=7.126e-03  PDE=8.647e-04 [colloc=7.852e-04, cfd=7.943e-05]  WALL=3.188e-15  DATA=6.197e-04
Invoked: SSBroyden1 approach!
[BFGS] batch=  78  call=  3380  total=7.111e-03  PDE=8.511e-04 [colloc=7.735e-04, cfd=7.761e-05]  WALL=3.188e-15  DATA=6.199e-04
Invoked: SSBroyden1 approach!
[BFGS] batch=  78  call=  3381  total=7.062e-03  PDE=8.423e-04 [colloc=7.653e-04, cfd=7.695e-05]  WALL=3.188e-15  DATA=6.198e-04
Invoked: SSBroyden1 approach!
[BFGS] batch=  78  call=  3390  total=7.057e-03  PDE=8.342e-04 [colloc=7.578e-04, cfd=7.642e-05]  WALL=3.187e-15  DATA=6.199e-04
Invoked: SSBroyden1 approach!
[BFGS] batch=  78  call=  3391  total=7.051e-03  PDE=8.305e-04 [colloc=7.542e-04, cfd=7.626e-05]  WALL=3.187e-15  DATA=6.200e-04
Invoked: SSBroyden1 approach!
[BFGS] batch=  78  call=  3392  total=7.019e-03  PDE=8.265e-04 [colloc=7.505e-04, cfd=7.603e-05]  WALL=3.187e-15  DATA=6.200e-04
  [PT] w_u=102.8365 w_v=165.3599 gamma=0.781 (tau_u=9.724e-03 tau_v=6.047e-03 |Du|=2.98e-02 |DRu|=3.50e+00)
[BFGS] batch 78: H0 not PD — resetting to identity.
[BFGS-END] batch=  78  last_total=7.034e-03  last_PDE=8.265e-04 [colloc=7.505e-04, cfd=7.603e-05]  last_WALL=3.187e-15  last_DATA=6.200e-04
/oscar/home/jchen790/cylinder flow lab/src/cfp40.py:1430: OptimizeWarning: Unknown solver options: hess, hessp, bounds, constraints, tol
  result = minimize(
Invoked: SSBroyden1 approach!
[BFGS] batch=  79  call=  3414  total=8.136e-03  PDE=1.249e-03 [colloc=1.173e-03, cfd=7.603e-05]  WALL=3.191e-15  DATA=6.214e-04
Invoked: SSBroyden1 approach!
[BFGS] batch=  79  call=  3416  total=7.943e-03  PDE=1.156e-03 [colloc=1.080e-03, cfd=7.602e-05]  WALL=3.190e-15  DATA=6.213e-04
Invoked: SSBroyden1 approach!
[BFGS] batch=  79  call=  3417  total=7.622e-03  PDE=1.049e-03 [colloc=9.727e-04, cfd=7.600e-05]  WALL=3.189e-15  DATA=6.209e-04
Invoked: SSBroyden1 approach!
[BFGS] batch=  79  call=  3419  total=7.548e-03  PDE=1.010e-03 [colloc=9.335e-04, cfd=7.598e-05]  WALL=3.190e-15  DATA=6.217e-04
Invoked: SSBroyden1 approach!
[BFGS] batch=  79  call=  3421  total=7.463e-03  PDE=9.948e-04 [colloc=9.188e-04, cfd=7.598e-05]  WALL=3.190e-15  DATA=6.218e-04
Invoked: SSBroyden1 approach!
[BFGS] batch=  79  call=  3422  total=7.441e-03  PDE=9.792e-04 [colloc=9.033e-04, cfd=7.592e-05]  WALL=3.188e-15  DATA=6.222e-04
  [PT] w_u=74.9248 w_v=108.7158 gamma=0.779 (tau_u=1.335e-02 tau_v=9.198e-03 |Du|=1.86e-02 |DRu|=7.68e-02)
[BFGS-END] batch=  79  last_total=7.447e-03  last_PDE=9.792e-04 [colloc=9.033e-04, cfd=7.592e-05]  last_WALL=3.188e-15  last_DATA=6.222e-04
/oscar/home/jchen790/cylinder flow lab/src/cfp40.py:1430: OptimizeWarning: Unknown solver options: hess, hessp, bounds, constraints, tol
  result = minimize(
Invoked: SSBroyden1 approach!
[BFGS] batch=  80  call=  3444  total=9.265e-03  PDE=1.677e-03 [colloc=1.601e-03, cfd=7.592e-05]  WALL=3.187e-15  DATA=6.227e-04
Invoked: SSBroyden1 approach!
[BFGS] batch=  80  call=  3445  total=9.232e-03  PDE=1.660e-03 [colloc=1.584e-03, cfd=7.589e-05]  WALL=3.187e-15  DATA=6.229e-04
Invoked: SSBroyden1 approach!
[BFGS] batch=  80  call=  3446  total=9.225e-03  PDE=1.642e-03 [colloc=1.566e-03, cfd=7.595e-05]  WALL=3.186e-15  DATA=6.229e-04
Invoked: SSBroyden1 approach!
[BFGS] batch=  80  call=  3447  total=9.165e-03  PDE=1.637e-03 [colloc=1.561e-03, cfd=7.596e-05]  WALL=3.186e-15  DATA=6.230e-04
Invoked: SSBroyden1 approach!
[BFGS] batch=  80  call=  3457  total=9.136e-03  PDE=1.632e-03 [colloc=1.556e-03, cfd=7.603e-05]  WALL=3.185e-15  DATA=6.229e-04
Invoked: SSBroyden1 approach!
[BFGS] batch=  80  call=  3464  total=9.121e-03  PDE=1.625e-03 [colloc=1.549e-03, cfd=7.627e-05]  WALL=3.187e-15  DATA=6.230e-04
Invoked: SSBroyden1 approach!
[BFGS] batch=  80  call=  3465  total=9.114e-03  PDE=1.617e-03 [colloc=1.540e-03, cfd=7.645e-05]  WALL=3.186e-15  DATA=6.231e-04
  [PT] w_u=82.0774 w_v=117.5857 gamma=0.775 (tau_u=1.218e-02 tau_v=8.504e-03 |Du|=1.21e-02 |DRu|=2.58e-01)
[PT] batch=  80  w=9.9832e+01
[BFGS-END] batch=  80  last_total=9.134e-03  last_PDE=1.617e-03 [colloc=1.540e-03, cfd=7.645e-05]  last_WALL=3.186e-15  last_DATA=6.231e-04
/oscar/home/jchen790/cylinder flow lab/src/cfp40.py:1430: OptimizeWarning: Unknown solver options: hess, hessp, bounds, constraints, tol
  result = minimize(
Invoked: SSBroyden1 approach!
[BFGS] batch=  81  call=  3488  total=9.177e-03  PDE=1.640e-03 [colloc=1.564e-03, cfd=7.645e-05]  WALL=3.186e-15  DATA=6.231e-04
Invoked: SSBroyden1 approach!
[BFGS] batch=  81  call=  3489  total=9.169e-03  PDE=1.634e-03 [colloc=1.557e-03, cfd=7.661e-05]  WALL=3.186e-15  DATA=6.232e-04
Invoked: SSBroyden1 approach!
[BFGS] batch=  81  call=  3490  total=9.163e-03  PDE=1.629e-03 [colloc=1.552e-03, cfd=7.679e-05]  WALL=3.185e-15  DATA=6.233e-04
Invoked: SSBroyden1 approach!
[BFGS] batch=  81  call=  3491  total=9.136e-03  PDE=1.625e-03 [colloc=1.548e-03, cfd=7.692e-05]  WALL=3.186e-15  DATA=6.234e-04
Invoked: SSBroyden1 approach!
[BFGS] batch=  81  call=  3499  total=9.132e-03  PDE=1.621e-03 [colloc=1.544e-03, cfd=7.715e-05]  WALL=3.186e-15  DATA=6.235e-04
  [PT] w_u=90.8018 w_v=130.1063 gamma=0.771 (tau_u=1.101e-02 tau_v=7.686e-03 |Du|=5.18e-03 |DRu|=2.08e-01)
[BFGS-END] batch=  81  last_total=9.125e-03  last_PDE=1.621e-03 [colloc=1.544e-03, cfd=7.715e-05]  last_WALL=3.186e-15  last_DATA=6.235e-04
/oscar/home/jchen790/cylinder flow lab/src/cfp40.py:1430: OptimizeWarning: Unknown solver options: hess, hessp, bounds, constraints, tol
  result = minimize(
Invoked: SSBroyden1 approach!
[BFGS] batch=  82  call=  3521  total=9.094e-03  PDE=1.597e-03 [colloc=1.520e-03, cfd=7.718e-05]  WALL=3.186e-15  DATA=6.236e-04
Invoked: SSBroyden1 approach!
[BFGS] batch=  82  call=  3523  total=9.073e-03  PDE=1.595e-03 [colloc=1.517e-03, cfd=7.726e-05]  WALL=3.185e-15  DATA=6.236e-04
Invoked: SSBroyden1 approach!
[BFGS] batch=  82  call=  3524  total=9.028e-03  PDE=1.589e-03 [colloc=1.512e-03, cfd=7.745e-05]  WALL=3.186e-15  DATA=6.241e-04
Invoked: SSBroyden1 approach!
[BFGS] batch=  82  call=  3526  total=9.021e-03  PDE=1.584e-03 [colloc=1.506e-03, cfd=7.754e-05]  WALL=3.186e-15  DATA=6.242e-04
Invoked: SSBroyden1 approach!
[BFGS] batch=  82  call=  3532  total=8.994e-03  PDE=1.579e-03 [colloc=1.501e-03, cfd=7.760e-05]  WALL=3.186e-15  DATA=6.242e-04
  [PT] w_u=100.2267 w_v=144.1188 gamma=0.765 (tau_u=9.977e-03 tau_v=6.939e-03 |Du|=7.38e-03 |DRu|=2.52e-01)
[BFGS-END] batch=  82  last_total=9.003e-03  last_PDE=1.579e-03 [colloc=1.501e-03, cfd=7.760e-05]  last_WALL=3.186e-15  last_DATA=6.242e-04
/oscar/home/jchen790/cylinder flow lab/src/cfp40.py:1430: OptimizeWarning: Unknown solver options: hess, hessp, bounds, constraints, tol
  result = minimize(
Invoked: SSBroyden1 approach!
[BFGS] batch=  83  call=  3554  total=8.879e-03  PDE=1.531e-03 [colloc=1.453e-03, cfd=7.744e-05]  WALL=3.186e-15  DATA=6.242e-04
Invoked: SSBroyden1 approach!
[BFGS] batch=  83  call=  3562  total=8.849e-03  PDE=1.529e-03 [colloc=1.451e-03, cfd=7.729e-05]  WALL=3.186e-15  DATA=6.242e-04
  [PT] w_u=109.7757 w_v=154.4047 gamma=0.765 (tau_u=9.109e-03 tau_v=6.476e-03 |Du|=1.95e-03 |DRu|=4.74e-02)
[BFGS-END] batch=  83  last_total=8.935e-03  last_PDE=1.529e-03 [colloc=1.451e-03, cfd=7.729e-05]  last_WALL=3.186e-15  last_DATA=6.242e-04
/oscar/home/jchen790/cylinder flow lab/src/cfp40.py:1430: OptimizeWarning: Unknown solver options: hess, hessp, bounds, constraints, tol
  result = minimize(
Invoked: SSBroyden1 approach!
[BFGS] batch=  84  call=  3583  total=8.907e-03  PDE=1.526e-03 [colloc=1.449e-03, cfd=7.682e-05]  WALL=3.186e-15  DATA=6.242e-04
Invoked: SSBroyden1 approach!
[BFGS] batch=  84  call=  3584  total=8.883e-03  PDE=1.525e-03 [colloc=1.448e-03, cfd=7.617e-05]  WALL=3.186e-15  DATA=6.242e-04
Invoked: SSBroyden1 approach!
[BFGS] batch=  84  call=  3586  total=8.858e-03  PDE=1.521e-03 [colloc=1.445e-03, cfd=7.604e-05]  WALL=3.186e-15  DATA=6.242e-04
  [PT] w_u=121.6662 w_v=170.8610 gamma=0.767 (tau_u=8.219e-03 tau_v=5.853e-03 |Du|=5.87e-03 |DRu|=3.57e-01)
[BFGS-END] batch=  84  last_total=8.881e-03  last_PDE=1.521e-03 [colloc=1.445e-03, cfd=7.604e-05]  last_WALL=3.186e-15  last_DATA=6.242e-04
/oscar/home/jchen790/cylinder flow lab/src/cfp40.py:1430: OptimizeWarning: Unknown solver options: hess, hessp, bounds, constraints, tol
  result = minimize(
  [PT] w_u=133.6944 w_v=186.5749 gamma=0.769 (tau_u=7.480e-03 tau_v=5.360e-03 |Du|=6.20e-03 |DRu|=1.89e-01)
[BFGS-END] batch=  85  last_total=9.020e-03  last_PDE=1.573e-03 [colloc=1.497e-03, cfd=7.601e-05]  last_WALL=3.187e-15  last_DATA=6.244e-04
/oscar/home/jchen790/cylinder flow lab/src/cfp40.py:1430: OptimizeWarning: Unknown solver options: hess, hessp, bounds, constraints, tol
  result = minimize(
Invoked: SSBroyden1 approach!
[BFGS] batch=  86  call=  3628  total=9.042e-03  PDE=1.590e-03 [colloc=1.514e-03, cfd=7.606e-05]  WALL=3.187e-15  DATA=6.243e-04
  [PT] w_u=148.2290 w_v=206.8169 gamma=0.767 (tau_u=6.746e-03 tau_v=4.835e-03 |Du|=2.42e-03 |DRu|=1.76e-01)
[BFGS-END] batch=  86  last_total=9.071e-03  last_PDE=1.590e-03 [colloc=1.514e-03, cfd=7.606e-05]  last_WALL=3.187e-15  last_DATA=6.243e-04
/oscar/home/jchen790/cylinder flow lab/src/cfp40.py:1430: OptimizeWarning: Unknown solver options: hess, hessp, bounds, constraints, tol
  result = minimize(
Invoked: SSBroyden1 approach!
[BFGS] batch=  87  call=  3651  total=8.888e-03  PDE=1.534e-03 [colloc=1.458e-03, cfd=7.636e-05]  WALL=3.187e-15  DATA=6.244e-04
Invoked: SSBroyden1 approach!
[BFGS] batch=  87  call=  3653  total=8.867e-03  PDE=1.518e-03 [colloc=1.441e-03, cfd=7.768e-05]  WALL=3.186e-15  DATA=6.245e-04
Invoked: SSBroyden1 approach!
[BFGS] batch=  87  call=  3654  total=8.832e-03  PDE=1.508e-03 [colloc=1.429e-03, cfd=7.899e-05]  WALL=3.186e-15  DATA=6.244e-04
Invoked: SSBroyden1 approach!
[BFGS] batch=  87  call=  3656  total=8.825e-03  PDE=1.502e-03 [colloc=1.422e-03, cfd=7.952e-05]  WALL=3.186e-15  DATA=6.244e-04
  [PT] w_u=164.4762 w_v=229.5887 gamma=0.785 (tau_u=6.080e-03 tau_v=4.356e-03 |Du|=1.13e-02 |DRu|=1.10e+00)
[BFGS-END] batch=  87  last_total=8.818e-03  last_PDE=1.502e-03 [colloc=1.422e-03, cfd=7.952e-05]  last_WALL=3.186e-15  last_DATA=6.244e-04
/oscar/home/jchen790/cylinder flow lab/src/cfp40.py:1430: OptimizeWarning: Unknown solver options: hess, hessp, bounds, constraints, tol
  result = minimize(
Invoked: SSBroyden1 approach!
[BFGS] batch=  88  call=  3677  total=9.519e-03  PDE=1.760e-03 [colloc=1.680e-03, cfd=8.059e-05]  WALL=3.186e-15  DATA=6.243e-04
Invoked: SSBroyden1 approach!
[BFGS] batch=  88  call=  3678  total=9.506e-03  PDE=1.754e-03 [colloc=1.672e-03, cfd=8.185e-05]  WALL=3.185e-15  DATA=6.241e-04
Invoked: SSBroyden1 approach!
[BFGS] batch=  88  call=  3679  total=9.456e-03  PDE=1.745e-03 [colloc=1.663e-03, cfd=8.215e-05]  WALL=3.185e-15  DATA=6.241e-04
Invoked: SSBroyden1 approach!
[BFGS] batch=  88  call=  3680  total=9.455e-03  PDE=1.733e-03 [colloc=1.651e-03, cfd=8.250e-05]  WALL=3.185e-15  DATA=6.239e-04
Invoked: SSBroyden1 approach!
[BFGS] batch=  88  call=  3690  total=9.425e-03  PDE=1.730e-03 [colloc=1.647e-03, cfd=8.245e-05]  WALL=3.185e-15  DATA=6.239e-04
Invoked: SSBroyden1 approach!
[BFGS] batch=  88  call=  3691  total=9.386e-03  PDE=1.712e-03 [colloc=1.630e-03, cfd=8.172e-05]  WALL=3.185e-15  DATA=6.239e-04
Invoked: SSBroyden1 approach!
[BFGS] batch=  88  call=  3692  total=9.324e-03  PDE=1.689e-03 [colloc=1.608e-03, cfd=8.056e-05]  WALL=3.185e-15  DATA=6.239e-04
Invoked: SSBroyden1 approach!
[BFGS] batch=  88  call=  3693  total=9.233e-03  PDE=1.654e-03 [colloc=1.576e-03, cfd=7.882e-05]  WALL=3.185e-15  DATA=6.240e-04
Invoked: SSBroyden1 approach!
[BFGS] batch=  88  call=  3694  total=9.104e-03  PDE=1.602e-03 [colloc=1.525e-03, cfd=7.746e-05]  WALL=3.184e-15  DATA=6.240e-04
Invoked: SSBroyden1 approach!
[BFGS] batch=  88  call=  3695  total=8.949e-03  PDE=1.546e-03 [colloc=1.468e-03, cfd=7.826e-05]  WALL=3.184e-15  DATA=6.237e-04
Invoked: SSBroyden1 approach!
[BFGS] batch=  88  call=  3696  total=8.823e-03  PDE=1.499e-03 [colloc=1.415e-03, cfd=8.416e-05]  WALL=3.186e-15  DATA=6.240e-04
Invoked: SSBroyden1 approach!
[BFGS] batch=  88  call=  3697  total=8.763e-03  PDE=1.466e-03 [colloc=1.373e-03, cfd=9.342e-05]  WALL=3.186e-15  DATA=6.239e-04
Invoked: SSBroyden1 approach!
[BFGS] batch=  88  call=  3698  total=8.666e-03  PDE=1.435e-03 [colloc=1.337e-03, cfd=9.887e-05]  WALL=3.187e-15  DATA=6.240e-04
Invoked: SSBroyden1 approach!
[BFGS] batch=  88  call=  3699  total=8.568e-03  PDE=1.414e-03 [colloc=1.305e-03, cfd=1.093e-04]  WALL=3.187e-15  DATA=6.239e-04
  [PT] w_u=182.5185 w_v=254.7999 gamma=0.885 (tau_u=5.479e-03 tau_v=3.925e-03 |Du|=2.94e-02 |DRu|=3.31e+00)
[BFGS-END] batch=  88  last_total=8.605e-03  last_PDE=1.414e-03 [colloc=1.305e-03, cfd=1.093e-04]  last_WALL=3.187e-15  last_DATA=6.239e-04
/oscar/home/jchen790/cylinder flow lab/src/cfp40.py:1430: OptimizeWarning: Unknown solver options: hess, hessp, bounds, constraints, tol
  result = minimize(
Invoked: SSBroyden1 approach!
[BFGS] batch=  89  call=  3734  total=1.462e-02  PDE=3.718e-03 [colloc=3.601e-03, cfd=1.172e-04]  WALL=3.184e-15  DATA=6.244e-04
Invoked: SSBroyden1 approach!
[BFGS] batch=  89  call=  3735  total=1.318e-02  PDE=3.174e-03 [colloc=3.046e-03, cfd=1.276e-04]  WALL=3.183e-15  DATA=6.245e-04
Invoked: SSBroyden1 approach!
[BFGS] batch=  89  call=  3736  total=1.128e-02  PDE=2.444e-03 [colloc=2.296e-03, cfd=1.480e-04]  WALL=3.184e-15  DATA=6.242e-04
Invoked: SSBroyden1 approach!
[BFGS] batch=  89  call=  3738  total=1.084e-02  PDE=2.260e-03 [colloc=2.106e-03, cfd=1.536e-04]  WALL=3.185e-15  DATA=6.245e-04
Invoked: SSBroyden1 approach!
[BFGS] batch=  89  call=  3740  total=1.060e-02  PDE=2.188e-03 [colloc=2.033e-03, cfd=1.545e-04]  WALL=3.186e-15  DATA=6.247e-04
Invoked: SSBroyden1 approach!
[BFGS] batch=  89  call=  3741  total=1.054e-02  PDE=2.163e-03 [colloc=2.007e-03, cfd=1.554e-04]  WALL=3.184e-15  DATA=6.243e-04
Invoked: SSBroyden1 approach!
[BFGS] batch=  89  call=  3742  total=1.048e-02  PDE=2.125e-03 [colloc=1.969e-03, cfd=1.557e-04]  WALL=3.185e-15  DATA=6.244e-04
Invoked: SSBroyden1 approach!
[BFGS] batch=  89  call=  3743  total=1.038e-02  PDE=2.087e-03 [colloc=1.931e-03, cfd=1.563e-04]  WALL=3.184e-15  DATA=6.243e-04
Invoked: SSBroyden1 approach!
[BFGS] batch=  89  call=  3744  total=1.022e-02  PDE=2.030e-03 [colloc=1.872e-03, cfd=1.571e-04]  WALL=3.184e-15  DATA=6.244e-04
Invoked: SSBroyden1 approach!
[BFGS] batch=  89  call=  3745  total=1.005e-02  PDE=1.952e-03 [colloc=1.790e-03, cfd=1.618e-04]  WALL=3.184e-15  DATA=6.245e-04
Invoked: SSBroyden1 approach!
[BFGS] batch=  89  call=  3746  total=9.892e-03  PDE=1.896e-03 [colloc=1.727e-03, cfd=1.689e-04]  WALL=3.183e-15  DATA=6.249e-04
Invoked: SSBroyden1 approach!
[BFGS] batch=  89  call=  3747  total=9.760e-03  PDE=1.858e-03 [colloc=1.681e-03, cfd=1.769e-04]  WALL=3.183e-15  DATA=6.249e-04
Invoked: SSBroyden1 approach!
[BFGS] batch=  89  call=  3748  total=9.661e-03  PDE=1.805e-03 [colloc=1.621e-03, cfd=1.838e-04]  WALL=3.184e-15  DATA=6.251e-04
Invoked: SSBroyden1 approach!
[BFGS] batch=  89  call=  3749  total=9.518e-03  PDE=1.749e-03 [colloc=1.562e-03, cfd=1.877e-04]  WALL=3.184e-15  DATA=6.253e-04
Invoked: SSBroyden1 approach!
[BFGS] batch=  89  call=  3750  total=9.433e-03  PDE=1.733e-03 [colloc=1.547e-03, cfd=1.856e-04]  WALL=3.183e-15  DATA=6.254e-04
Invoked: SSBroyden1 approach!
[BFGS] batch=  89  call=  3751  total=9.353e-03  PDE=1.692e-03 [colloc=1.511e-03, cfd=1.811e-04]  WALL=3.183e-15  DATA=6.255e-04
Invoked: SSBroyden1 approach!
[BFGS] batch=  89  call=  3752  total=9.267e-03  PDE=1.658e-03 [colloc=1.485e-03, cfd=1.730e-04]  WALL=3.182e-15  DATA=6.255e-04
Invoked: SSBroyden1 approach!
[BFGS] batch=  89  call=  3753  total=9.181e-03  PDE=1.623e-03 [colloc=1.460e-03, cfd=1.631e-04]  WALL=3.182e-15  DATA=6.257e-04
Invoked: SSBroyden1 approach!
[BFGS] batch=  89  call=  3754  total=9.118e-03  PDE=1.596e-03 [colloc=1.444e-03, cfd=1.521e-04]  WALL=3.183e-15  DATA=6.255e-04
Invoked: SSBroyden1 approach!
[BFGS] batch=  89  call=  3755  total=9.021e-03  PDE=1.569e-03 [colloc=1.425e-03, cfd=1.445e-04]  WALL=3.183e-15  DATA=6.255e-04
Invoked: SSBroyden1 approach!
[BFGS] batch=  89  call=  3756  total=8.963e-03  PDE=1.537e-03 [colloc=1.402e-03, cfd=1.351e-04]  WALL=3.186e-15  DATA=6.255e-04
Invoked: SSBroyden1 approach!
[BFGS] batch=  89  call=  3757  total=8.879e-03  PDE=1.504e-03 [colloc=1.373e-03, cfd=1.302e-04]  WALL=3.186e-15  DATA=6.257e-04
Invoked: SSBroyden1 approach!
[BFGS] batch=  89  call=  3758  total=8.752e-03  PDE=1.468e-03 [colloc=1.343e-03, cfd=1.248e-04]  WALL=3.186e-15  DATA=6.259e-04
Invoked: SSBroyden1 approach!
[BFGS] batch=  89  call=  3759  total=8.689e-03  PDE=1.435e-03 [colloc=1.315e-03, cfd=1.194e-04]  WALL=3.187e-15  DATA=6.262e-04
Invoked: SSBroyden1 approach!
[BFGS] batch=  89  call=  3760  total=8.605e-03  PDE=1.406e-03 [colloc=1.288e-03, cfd=1.180e-04]  WALL=3.187e-15  DATA=6.262e-04
Invoked: SSBroyden1 approach!
[BFGS] batch=  89  call=  3761  total=8.552e-03  PDE=1.402e-03 [colloc=1.286e-03, cfd=1.154e-04]  WALL=3.187e-15  DATA=6.262e-04
  [PT] w_u=202.0140 w_v=281.9843 gamma=0.948 (tau_u=4.950e-03 tau_v=3.546e-03 |Du|=4.88e-02 |DRu|=3.43e+00)
[BFGS] batch 89: H0 not PD — resetting to identity.
[BFGS-END] batch=  89  last_total=8.591e-03  last_PDE=1.402e-03 [colloc=1.287e-03, cfd=1.154e-04]  last_WALL=3.187e-15  last_DATA=6.262e-04
/oscar/home/jchen790/cylinder flow lab/src/cfp40.py:1430: OptimizeWarning: Unknown solver options: hess, hessp, bounds, constraints, tol
  result = minimize(
Invoked: SSBroyden1 approach!
[BFGS] batch=  90  call=  3783  total=1.097e-02  PDE=2.309e-03 [colloc=2.194e-03, cfd=1.156e-04]  WALL=3.188e-15  DATA=6.270e-04
Invoked: SSBroyden1 approach!
[BFGS] batch=  90  call=  3785  total=1.001e-02  PDE=1.948e-03 [colloc=1.832e-03, cfd=1.157e-04]  WALL=3.187e-15  DATA=6.267e-04
Invoked: SSBroyden1 approach!
[BFGS] batch=  90  call=  3786  total=8.620e-03  PDE=1.409e-03 [colloc=1.294e-03, cfd=1.156e-04]  WALL=3.187e-15  DATA=6.270e-04
Invoked: SSBroyden1 approach!
[BFGS] batch=  90  call=  3788  total=8.520e-03  PDE=1.366e-03 [colloc=1.250e-03, cfd=1.156e-04]  WALL=3.188e-15  DATA=6.274e-04
Invoked: SSBroyden1 approach!
[BFGS] batch=  90  call=  3789  total=8.424e-03  PDE=1.337e-03 [colloc=1.222e-03, cfd=1.157e-04]  WALL=3.187e-15  DATA=6.271e-04
Invoked: SSBroyden1 approach!
[BFGS] batch=  90  call=  3790  total=8.330e-03  PDE=1.293e-03 [colloc=1.177e-03, cfd=1.157e-04]  WALL=3.186e-15  DATA=6.271e-04
Invoked: SSBroyden1 approach!
[BFGS] batch=  90  call=  3791  total=8.223e-03  PDE=1.261e-03 [colloc=1.145e-03, cfd=1.157e-04]  WALL=3.185e-15  DATA=6.273e-04
Invoked: SSBroyden1 approach!
[BFGS] batch=  90  call=  3792  total=8.118e-03  PDE=1.218e-03 [colloc=1.102e-03, cfd=1.157e-04]  WALL=3.185e-15  DATA=6.275e-04
Invoked: SSBroyden1 approach!
[BFGS] batch=  90  call=  3793  total=8.009e-03  PDE=1.180e-03 [colloc=1.065e-03, cfd=1.156e-04]  WALL=3.184e-15  DATA=6.276e-04
Invoked: SSBroyden1 approach!
[BFGS] batch=  90  call=  3795  total=7.984e-03  PDE=1.170e-03 [colloc=1.054e-03, cfd=1.156e-04]  WALL=3.184e-15  DATA=6.277e-04
Invoked: SSBroyden1 approach!
[BFGS] batch=  90  call=  3796  total=7.968e-03  PDE=1.158e-03 [colloc=1.043e-03, cfd=1.155e-04]  WALL=3.184e-15  DATA=6.277e-04
Invoked: SSBroyden1 approach!
[BFGS] batch=  90  call=  3798  total=7.951e-03  PDE=1.157e-03 [colloc=1.041e-03, cfd=1.155e-04]  WALL=3.184e-15  DATA=6.277e-04
  [PT] w_u=133.2333 w_v=153.4947 gamma=0.946 (tau_u=7.506e-03 tau_v=6.515e-03 |Du|=3.67e-02 |DRu|=2.05e-01)
[PT] batch=  90  w=1.4336e+02
[BFGS-END] batch=  90  last_total=7.978e-03  last_PDE=1.156e-03 [colloc=1.041e-03, cfd=1.155e-04]  last_WALL=3.184e-15  last_DATA=6.277e-04
/oscar/home/jchen790/cylinder flow lab/src/cfp40.py:1430: OptimizeWarning: Unknown solver options: hess, hessp, bounds, constraints, tol
  result = minimize(
Invoked: SSBroyden1 approach!
[BFGS] batch=  91  call=  3819  total=2.579e-02  PDE=8.006e-03 [colloc=7.890e-03, cfd=1.160e-04]  WALL=3.184e-15  DATA=6.280e-04
Invoked: SSBroyden1 approach!
[BFGS] batch=  91  call=  3820  total=2.569e-02  PDE=7.972e-03 [colloc=7.855e-03, cfd=1.168e-04]  WALL=3.184e-15  DATA=6.278e-04
Invoked: SSBroyden1 approach!
[BFGS] batch=  91  call=  3821  total=2.552e-02  PDE=7.902e-03 [colloc=7.784e-03, cfd=1.186e-04]  WALL=3.184e-15  DATA=6.279e-04
Invoked: SSBroyden1 approach!
[BFGS] batch=  91  call=  3822  total=2.520e-02  PDE=7.782e-03 [colloc=7.660e-03, cfd=1.225e-04]  WALL=3.183e-15  DATA=6.279e-04
Invoked: SSBroyden1 approach!
[BFGS] batch=  91  call=  3823  total=2.462e-02  PDE=7.558e-03 [colloc=7.425e-03, cfd=1.324e-04]  WALL=3.184e-15  DATA=6.282e-04
Invoked: SSBroyden1 approach!
[BFGS] batch=  91  call=  3824  total=2.361e-02  PDE=7.179e-03 [colloc=7.021e-03, cfd=1.578e-04]  WALL=3.185e-15  DATA=6.285e-04
Invoked: SSBroyden1 approach!
[BFGS] batch=  91  call=  3825  total=2.259e-02  PDE=6.771e-03 [colloc=6.546e-03, cfd=2.248e-04]  WALL=3.187e-15  DATA=6.291e-04
Invoked: SSBroyden1 approach!
[BFGS] batch=  91  call=  3826  total=2.162e-02  PDE=6.399e-03 [colloc=6.080e-03, cfd=3.185e-04]  WALL=3.193e-15  DATA=6.297e-04
Invoked: SSBroyden1 approach!
[BFGS] batch=  91  call=  3828  total=2.125e-02  PDE=6.258e-03 [colloc=5.901e-03, cfd=3.563e-04]  WALL=3.195e-15  DATA=6.296e-04
Invoked: SSBroyden1 approach!
[BFGS] batch=  91  call=  3829  total=2.103e-02  PDE=6.184e-03 [colloc=5.788e-03, cfd=3.966e-04]  WALL=3.197e-15  DATA=6.298e-04
Invoked: SSBroyden1 approach!
[BFGS] batch=  91  call=  3830  total=2.077e-02  PDE=6.069e-03 [colloc=5.652e-03, cfd=4.168e-04]  WALL=3.198e-15  DATA=6.295e-04
Invoked: SSBroyden1 approach!
[BFGS] batch=  91  call=  3831  total=2.067e-02  PDE=6.036e-03 [colloc=5.599e-03, cfd=4.372e-04]  WALL=3.201e-15  DATA=6.287e-04
Invoked: SSBroyden1 approach!
[BFGS] batch=  91  call=  3832  total=2.050e-02  PDE=5.970e-03 [colloc=5.530e-03, cfd=4.395e-04]  WALL=3.200e-15  DATA=6.284e-04
Invoked: SSBroyden1 approach!
[BFGS] batch=  91  call=  3833  total=2.023e-02  PDE=5.870e-03 [colloc=5.430e-03, cfd=4.396e-04]  WALL=3.201e-15  DATA=6.284e-04
Invoked: SSBroyden1 approach!
[BFGS] batch=  91  call=  3834  total=1.986e-02  PDE=5.720e-03 [colloc=5.287e-03, cfd=4.337e-04]  WALL=3.202e-15  DATA=6.282e-04
Invoked: SSBroyden1 approach!
[BFGS] batch=  91  call=  3835  total=1.919e-02  PDE=5.465e-03 [colloc=5.046e-03, cfd=4.191e-04]  WALL=3.203e-15  DATA=6.282e-04
Invoked: SSBroyden1 approach!
[BFGS] batch=  91  call=  3836  total=1.812e-02  PDE=5.058e-03 [colloc=4.666e-03, cfd=3.924e-04]  WALL=3.204e-15  DATA=6.282e-04
Invoked: SSBroyden1 approach!
[BFGS] batch=  91  call=  3837  total=1.623e-02  PDE=4.338e-03 [colloc=3.983e-03, cfd=3.558e-04]  WALL=3.206e-15  DATA=6.284e-04
Invoked: SSBroyden1 approach!
[BFGS] batch=  91  call=  3838  total=1.477e-02  PDE=3.762e-03 [colloc=3.450e-03, cfd=3.125e-04]  WALL=3.210e-15  DATA=6.286e-04
Invoked: SSBroyden1 approach!
[BFGS] batch=  91  call=  3839  total=1.405e-02  PDE=3.491e-03 [colloc=3.190e-03, cfd=3.015e-04]  WALL=3.216e-15  DATA=6.294e-04
Invoked: SSBroyden1 approach!
[BFGS] batch=  91  call=  3841  total=1.380e-02  PDE=3.371e-03 [colloc=3.071e-03, cfd=3.002e-04]  WALL=3.215e-15  DATA=6.293e-04
Invoked: SSBroyden1 approach!
[BFGS] batch=  91  call=  3842  total=1.362e-02  PDE=3.324e-03 [colloc=3.027e-03, cfd=2.975e-04]  WALL=3.214e-15  DATA=6.290e-04
Invoked: SSBroyden1 approach!
[BFGS] batch=  91  call=  3843  total=1.354e-02  PDE=3.268e-03 [colloc=2.973e-03, cfd=2.945e-04]  WALL=3.214e-15  DATA=6.293e-04
Invoked: SSBroyden1 approach!
[BFGS] batch=  91  call=  3844  total=1.336e-02  PDE=3.225e-03 [colloc=2.933e-03, cfd=2.918e-04]  WALL=3.214e-15  DATA=6.295e-04
Invoked: SSBroyden1 approach!
[BFGS] batch=  91  call=  3845  total=1.324e-02  PDE=3.159e-03 [colloc=2.873e-03, cfd=2.861e-04]  WALL=3.215e-15  DATA=6.296e-04
Invoked: SSBroyden1 approach!
[BFGS] batch=  91  call=  3846  total=1.304e-02  PDE=3.092e-03 [colloc=2.809e-03, cfd=2.832e-04]  WALL=3.214e-15  DATA=6.297e-04
Invoked: SSBroyden1 approach!
[BFGS] batch=  91  call=  3847  total=1.282e-02  PDE=2.997e-03 [colloc=2.716e-03, cfd=2.807e-04]  WALL=3.214e-15  DATA=6.300e-04
Invoked: SSBroyden1 approach!
[BFGS] batch=  91  call=  3848  total=1.252e-02  PDE=2.883e-03 [colloc=2.600e-03, cfd=2.835e-04]  WALL=3.214e-15  DATA=6.307e-04
Invoked: SSBroyden1 approach!
[BFGS] batch=  91  call=  3849  total=1.225e-02  PDE=2.769e-03 [colloc=2.474e-03, cfd=2.951e-04]  WALL=3.211e-15  DATA=6.305e-04
Invoked: SSBroyden1 approach!
[BFGS] batch=  91  call=  3850  total=1.192e-02  PDE=2.657e-03 [colloc=2.344e-03, cfd=3.131e-04]  WALL=3.211e-15  DATA=6.304e-04
Invoked: SSBroyden1 approach!
[BFGS] batch=  91  call=  3852  total=1.177e-02  PDE=2.597e-03 [colloc=2.271e-03, cfd=3.261e-04]  WALL=3.212e-15  DATA=6.300e-04
Invoked: SSBroyden1 approach!
[BFGS] batch=  91  call=  3853  total=1.168e-02  PDE=2.562e-03 [colloc=2.224e-03, cfd=3.385e-04]  WALL=3.213e-15  DATA=6.299e-04
Invoked: SSBroyden1 approach!
[BFGS] batch=  91  call=  3854  total=1.158e-02  PDE=2.533e-03 [colloc=2.189e-03, cfd=3.442e-04]  WALL=3.214e-15  DATA=6.299e-04
Invoked: SSBroyden1 approach!
[BFGS] batch=  91  call=  3855  total=1.157e-02  PDE=2.522e-03 [colloc=2.176e-03, cfd=3.463e-04]  WALL=3.215e-15  DATA=6.299e-04
Invoked: SSBroyden1 approach!
[BFGS] batch=  91  call=  3857  total=1.150e-02  PDE=2.508e-03 [colloc=2.162e-03, cfd=3.461e-04]  WALL=3.215e-15  DATA=6.299e-04
Invoked: SSBroyden1 approach!
[BFGS] batch=  91  call=  3858  total=1.145e-02  PDE=2.485e-03 [colloc=2.145e-03, cfd=3.409e-04]  WALL=3.216e-15  DATA=6.300e-04
Invoked: SSBroyden1 approach!
[BFGS] batch=  91  call=  3859  total=1.139e-02  PDE=2.457e-03 [colloc=2.123e-03, cfd=3.343e-04]  WALL=3.215e-15  DATA=6.301e-04
Invoked: SSBroyden1 approach!
[BFGS] batch=  91  call=  3860  total=1.132e-02  PDE=2.423e-03 [colloc=2.096e-03, cfd=3.266e-04]  WALL=3.214e-15  DATA=6.303e-04
Invoked: SSBroyden1 approach!
[BFGS] batch=  91  call=  3861  total=1.118e-02  PDE=2.375e-03 [colloc=2.061e-03, cfd=3.141e-04]  WALL=3.213e-15  DATA=6.303e-04
Invoked: SSBroyden1 approach!
[BFGS] batch=  91  call=  3862  total=1.098e-02  PDE=2.299e-03 [colloc=2.008e-03, cfd=2.915e-04]  WALL=3.213e-15  DATA=6.305e-04
Invoked: SSBroyden1 approach!
[BFGS] batch=  91  call=  3863  total=1.075e-02  PDE=2.215e-03 [colloc=1.954e-03, cfd=2.606e-04]  WALL=3.211e-15  DATA=6.304e-04
Invoked: SSBroyden1 approach!
[BFGS] batch=  91  call=  3864  total=1.050e-02  PDE=2.102e-03 [colloc=1.871e-03, cfd=2.308e-04]  WALL=3.210e-15  DATA=6.306e-04
Invoked: SSBroyden1 approach!
[BFGS] batch=  91  call=  3865  total=1.028e-02  PDE=2.044e-03 [colloc=1.837e-03, cfd=2.067e-04]  WALL=3.213e-15  DATA=6.312e-04
Invoked: SSBroyden1 approach!
[BFGS] batch=  91  call=  3866  total=1.019e-02  PDE=2.007e-03 [colloc=1.814e-03, cfd=1.923e-04]  WALL=3.212e-15  DATA=6.309e-04
Invoked: SSBroyden1 approach!
[BFGS] batch=  91  call=  3867  total=1.018e-02  PDE=1.984e-03 [colloc=1.797e-03, cfd=1.873e-04]  WALL=3.212e-15  DATA=6.313e-04
Invoked: SSBroyden1 approach!
[BFGS] batch=  91  call=  3868  total=1.014e-02  PDE=1.972e-03 [colloc=1.786e-03, cfd=1.863e-04]  WALL=3.212e-15  DATA=6.313e-04
Invoked: SSBroyden1 approach!
[BFGS] batch=  91  call=  3869  total=1.004e-02  PDE=1.946e-03 [colloc=1.762e-03, cfd=1.836e-04]  WALL=3.212e-15  DATA=6.313e-04
Invoked: SSBroyden1 approach!
[BFGS] batch=  91  call=  3870  total=9.927e-03  PDE=1.896e-03 [colloc=1.718e-03, cfd=1.788e-04]  WALL=3.211e-15  DATA=6.311e-04
Invoked: SSBroyden1 approach!
[BFGS] batch=  91  call=  3871  total=9.847e-03  PDE=1.846e-03 [colloc=1.671e-03, cfd=1.751e-04]  WALL=3.209e-15  DATA=6.306e-04
Invoked: SSBroyden1 approach!
[BFGS] batch=  91  call=  3872  total=9.723e-03  PDE=1.806e-03 [colloc=1.633e-03, cfd=1.733e-04]  WALL=3.208e-15  DATA=6.305e-04
Invoked: SSBroyden1 approach!
[BFGS] batch=  91  call=  3873  total=9.551e-03  PDE=1.759e-03 [colloc=1.585e-03, cfd=1.738e-04]  WALL=3.208e-15  DATA=6.298e-04
Invoked: SSBroyden1 approach!
[BFGS] batch=  91  call=  3874  total=9.479e-03  PDE=1.728e-03 [colloc=1.549e-03, cfd=1.792e-04]  WALL=3.207e-15  DATA=6.299e-04
Invoked: SSBroyden1 approach!
[BFGS] batch=  91  call=  3875  total=9.391e-03  PDE=1.698e-03 [colloc=1.516e-03, cfd=1.821e-04]  WALL=3.208e-15  DATA=6.296e-04
Invoked: SSBroyden1 approach!
[BFGS] batch=  91  call=  3876  total=9.266e-03  PDE=1.650e-03 [colloc=1.465e-03, cfd=1.856e-04]  WALL=3.206e-15  DATA=6.298e-04
Invoked: SSBroyden1 approach!
[BFGS] batch=  91  call=  3877  total=9.131e-03  PDE=1.599e-03 [colloc=1.409e-03, cfd=1.899e-04]  WALL=3.206e-15  DATA=6.296e-04
Invoked: SSBroyden1 approach!
[BFGS] batch=  91  call=  3878  total=9.054e-03  PDE=1.552e-03 [colloc=1.358e-03, cfd=1.938e-04]  WALL=3.205e-15  DATA=6.294e-04
Invoked: SSBroyden1 approach!
[BFGS] batch=  91  call=  3879  total=8.875e-03  PDE=1.509e-03 [colloc=1.315e-03, cfd=1.938e-04]  WALL=3.204e-15  DATA=6.294e-04
Invoked: SSBroyden1 approach!
[BFGS] batch=  91  call=  3880  total=8.843e-03  PDE=1.489e-03 [colloc=1.303e-03, cfd=1.861e-04]  WALL=3.203e-15  DATA=6.293e-04
Invoked: SSBroyden1 approach!
[BFGS] batch=  91  call=  3881  total=8.782e-03  PDE=1.468e-03 [colloc=1.284e-03, cfd=1.840e-04]  WALL=3.203e-15  DATA=6.292e-04
Invoked: SSBroyden1 approach!
[BFGS] batch=  91  call=  3882  total=8.728e-03  PDE=1.433e-03 [colloc=1.254e-03, cfd=1.788e-04]  WALL=3.202e-15  DATA=6.292e-04
Invoked: SSBroyden1 approach!
[BFGS] batch=  91  call=  3883  total=8.638e-03  PDE=1.402e-03 [colloc=1.228e-03, cfd=1.740e-04]  WALL=3.201e-15  DATA=6.293e-04
Invoked: SSBroyden1 approach!
[BFGS] batch=  91  call=  3884  total=8.535e-03  PDE=1.358e-03 [colloc=1.191e-03, cfd=1.677e-04]  WALL=3.201e-15  DATA=6.295e-04
Invoked: SSBroyden1 approach!
[BFGS] batch=  91  call=  3885  total=8.400e-03  PDE=1.319e-03 [colloc=1.156e-03, cfd=1.624e-04]  WALL=3.201e-15  DATA=6.298e-04
Invoked: SSBroyden1 approach!
[BFGS] batch=  91  call=  3886  total=8.290e-03  PDE=1.283e-03 [colloc=1.123e-03, cfd=1.598e-04]  WALL=3.199e-15  DATA=6.302e-04
Invoked: SSBroyden1 approach!
[BFGS] batch=  91  call=  3887  total=8.202e-03  PDE=1.246e-03 [colloc=1.086e-03, cfd=1.596e-04]  WALL=3.198e-15  DATA=6.300e-04
Invoked: SSBroyden1 approach!
[BFGS] batch=  91  call=  3888  total=8.159e-03  PDE=1.219e-03 [colloc=1.061e-03, cfd=1.580e-04]  WALL=3.197e-15  DATA=6.303e-04
Invoked: SSBroyden1 approach!
[BFGS] batch=  91  call=  3889  total=8.062e-03  PDE=1.195e-03 [colloc=1.039e-03, cfd=1.561e-04]  WALL=3.197e-15  DATA=6.302e-04
Invoked: SSBroyden1 approach!
[BFGS] batch=  91  call=  3890  total=7.997e-03  PDE=1.171e-03 [colloc=1.021e-03, cfd=1.501e-04]  WALL=3.195e-15  DATA=6.304e-04
Invoked: SSBroyden1 approach!
[BFGS] batch=  91  call=  3891  total=7.963e-03  PDE=1.142e-03 [colloc=9.961e-04, cfd=1.456e-04]  WALL=3.195e-15  DATA=6.304e-04
Invoked: SSBroyden1 approach!
[BFGS] batch=  91  call=  3892  total=7.865e-03  PDE=1.120e-03 [colloc=9.778e-04, cfd=1.423e-04]  WALL=3.194e-15  DATA=6.304e-04
Invoked: SSBroyden1 approach!
[BFGS] batch=  91  call=  3893  total=7.805e-03  PDE=1.088e-03 [colloc=9.570e-04, cfd=1.310e-04]  WALL=3.193e-15  DATA=6.305e-04
Invoked: SSBroyden1 approach!
[BFGS] batch=  91  call=  3894  total=7.744e-03  PDE=1.060e-03 [colloc=9.369e-04, cfd=1.236e-04]  WALL=3.192e-15  DATA=6.306e-04
Invoked: SSBroyden1 approach!
[BFGS] batch=  91  call=  3895  total=7.681e-03  PDE=1.037e-03 [colloc=9.199e-04, cfd=1.167e-04]  WALL=3.190e-15  DATA=6.307e-04
Invoked: SSBroyden1 approach!
[BFGS] batch=  91  call=  3896  total=7.609e-03  PDE=1.021e-03 [colloc=9.109e-04, cfd=1.100e-04]  WALL=3.189e-15  DATA=6.310e-04
Invoked: SSBroyden1 approach!
[BFGS] batch=  91  call=  3897  total=7.571e-03  PDE=1.006e-03 [colloc=9.016e-04, cfd=1.046e-04]  WALL=3.188e-15  DATA=6.309e-04
Invoked: SSBroyden1 approach!
[BFGS] batch=  91  call=  3898  total=7.554e-03  PDE=9.868e-04 [colloc=8.839e-04, cfd=1.029e-04]  WALL=3.188e-15  DATA=6.308e-04
Invoked: SSBroyden1 approach!
[BFGS] batch=  91  call=  3899  total=7.522e-03  PDE=9.761e-04 [colloc=8.741e-04, cfd=1.019e-04]  WALL=3.187e-15  DATA=6.308e-04
Invoked: SSBroyden1 approach!
[BFGS] batch=  91  call=  3900  total=7.484e-03  PDE=9.616e-04 [colloc=8.613e-04, cfd=1.002e-04]  WALL=3.187e-15  DATA=6.307e-04
Invoked: SSBroyden1 approach!
[BFGS] batch=  91  call=  3901  total=7.463e-03  PDE=9.490e-04 [colloc=8.512e-04, cfd=9.777e-05]  WALL=3.186e-15  DATA=6.308e-04
Invoked: SSBroyden1 approach!
[BFGS] batch=  91  call=  3902  total=7.439e-03  PDE=9.370e-04 [colloc=8.405e-04, cfd=9.650e-05]  WALL=3.185e-15  DATA=6.308e-04
Invoked: SSBroyden1 approach!
[BFGS] batch=  91  call=  3903  total=7.361e-03  PDE=9.248e-04 [colloc=8.298e-04, cfd=9.500e-05]  WALL=3.185e-15  DATA=6.309e-04
  [PT] w_u=148.0003 w_v=170.5186 gamma=0.955 (tau_u=6.757e-03 tau_v=5.864e-03 |Du|=7.96e-02 |DRu|=1.90e+01)
[BFGS] batch 91: H0 not PD — resetting to identity.
[BFGS-END] batch=  91  last_total=7.356e-03  last_PDE=9.239e-04 [colloc=8.290e-04, cfd=9.493e-05]  last_WALL=3.184e-15  last_DATA=6.309e-04
/oscar/home/jchen790/cylinder flow lab/src/cfp40.py:1430: OptimizeWarning: Unknown solver options: hess, hessp, bounds, constraints, tol
  result = minimize(
Invoked: SSBroyden1 approach!
[BFGS] batch=  92  call=  3928  total=1.242e-02  PDE=2.856e-03 [colloc=2.761e-03, cfd=9.505e-05]  WALL=3.188e-15  DATA=6.328e-04
Invoked: SSBroyden1 approach!
[BFGS] batch=  92  call=  3930  total=1.146e-02  PDE=2.493e-03 [colloc=2.398e-03, cfd=9.511e-05]  WALL=3.186e-15  DATA=6.322e-04
Invoked: SSBroyden1 approach!
[BFGS] batch=  92  call=  3931  total=1.032e-02  PDE=2.050e-03 [colloc=1.955e-03, cfd=9.501e-05]  WALL=3.184e-15  DATA=6.313e-04
Invoked: SSBroyden1 approach!
[BFGS] batch=  92  call=  3933  total=1.017e-02  PDE=1.985e-03 [colloc=1.890e-03, cfd=9.502e-05]  WALL=3.185e-15  DATA=6.322e-04
Invoked: SSBroyden1 approach!
[BFGS] batch=  92  call=  3934  total=1.002e-02  PDE=1.940e-03 [colloc=1.845e-03, cfd=9.507e-05]  WALL=3.185e-15  DATA=6.320e-04
Invoked: SSBroyden1 approach!
[BFGS] batch=  92  call=  3935  total=9.915e-03  PDE=1.889e-03 [colloc=1.794e-03, cfd=9.509e-05]  WALL=3.185e-15  DATA=6.324e-04
Invoked: SSBroyden1 approach!
[BFGS] batch=  92  call=  3936  total=9.801e-03  PDE=1.856e-03 [colloc=1.761e-03, cfd=9.507e-05]  WALL=3.184e-15  DATA=6.325e-04
Invoked: SSBroyden1 approach!
[BFGS] batch=  92  call=  3937  total=9.754e-03  PDE=1.828e-03 [colloc=1.732e-03, cfd=9.512e-05]  WALL=3.182e-15  DATA=6.327e-04
Invoked: SSBroyden1 approach!
[BFGS] batch=  92  call=  3938  total=9.674e-03  PDE=1.809e-03 [colloc=1.714e-03, cfd=9.516e-05]  WALL=3.183e-15  DATA=6.326e-04
Invoked: SSBroyden1 approach!
[BFGS] batch=  92  call=  3940  total=9.645e-03  PDE=1.795e-03 [colloc=1.700e-03, cfd=9.516e-05]  WALL=3.183e-15  DATA=6.326e-04
Invoked: SSBroyden1 approach!
[BFGS] batch=  92  call=  3941  total=9.603e-03  PDE=1.784e-03 [colloc=1.689e-03, cfd=9.511e-05]  WALL=3.183e-15  DATA=6.327e-04
Invoked: SSBroyden1 approach!
[BFGS] batch=  92  call=  3951  total=9.579e-03  PDE=1.782e-03 [colloc=1.687e-03, cfd=9.511e-05]  WALL=3.183e-15  DATA=6.327e-04
  [PT] w_u=114.5218 w_v=117.0649 gamma=0.953 (tau_u=8.732e-03 tau_v=8.542e-03 |Du|=4.76e-02 |DRu|=2.85e-01)
[BFGS-END] batch=  92  last_total=9.639e-03  last_PDE=1.782e-03 [colloc=1.687e-03, cfd=9.511e-05]  last_WALL=3.183e-15  last_DATA=6.327e-04
/oscar/home/jchen790/cylinder flow lab/src/cfp40.py:1430: OptimizeWarning: Unknown solver options: hess, hessp, bounds, constraints, tol
  result = minimize(
Invoked: SSBroyden1 approach!
[BFGS] batch=  93  call=  3973  total=2.793e-02  PDE=8.825e-03 [colloc=8.730e-03, cfd=9.512e-05]  WALL=3.183e-15  DATA=6.324e-04
Invoked: SSBroyden1 approach!
[BFGS] batch=  93  call=  3974  total=2.784e-02  PDE=8.789e-03 [colloc=8.694e-03, cfd=9.511e-05]  WALL=3.183e-15  DATA=6.324e-04
Invoked: SSBroyden1 approach!
[BFGS] batch=  93  call=  3975  total=2.767e-02  PDE=8.728e-03 [colloc=8.633e-03, cfd=9.530e-05]  WALL=3.183e-15  DATA=6.323e-04
Invoked: SSBroyden1 approach!
[BFGS] batch=  93  call=  3976  total=2.733e-02  PDE=8.599e-03 [colloc=8.503e-03, cfd=9.669e-05]  WALL=3.183e-15  DATA=6.323e-04
Invoked: SSBroyden1 approach!
[BFGS] batch=  93  call=  3977  total=2.675e-02  PDE=8.364e-03 [colloc=8.261e-03, cfd=1.031e-04]  WALL=3.181e-15  DATA=6.322e-04
Invoked: SSBroyden1 approach!
[BFGS] batch=  93  call=  3978  total=2.582e-02  PDE=7.998e-03 [colloc=7.871e-03, cfd=1.272e-04]  WALL=3.181e-15  DATA=6.318e-04
Invoked: SSBroyden1 approach!
[BFGS] batch=  93  call=  3979  total=2.494e-02  PDE=7.674e-03 [colloc=7.475e-03, cfd=1.982e-04]  WALL=3.180e-15  DATA=6.302e-04
Invoked: SSBroyden1 approach!
[BFGS] batch=  93  call=  3980  total=2.434e-02  PDE=7.446e-03 [colloc=7.142e-03, cfd=3.041e-04]  WALL=3.175e-15  DATA=6.285e-04
Invoked: SSBroyden1 approach!
[BFGS] batch=  93  call=  3981  total=2.369e-02  PDE=7.199e-03 [colloc=6.807e-03, cfd=3.917e-04]  WALL=3.174e-15  DATA=6.280e-04
Invoked: SSBroyden1 approach!
[BFGS] batch=  93  call=  3983  total=2.333e-02  PDE=7.076e-03 [colloc=6.637e-03, cfd=4.392e-04]  WALL=3.172e-15  DATA=6.280e-04
Invoked: SSBroyden1 approach!
[BFGS] batch=  93  call=  3984  total=2.302e-02  PDE=6.948e-03 [colloc=6.461e-03, cfd=4.876e-04]  WALL=3.171e-15  DATA=6.270e-04
Invoked: SSBroyden1 approach!
[BFGS] batch=  93  call=  3985  total=2.273e-02  PDE=6.824e-03 [colloc=6.300e-03, cfd=5.245e-04]  WALL=3.170e-15  DATA=6.271e-04
Invoked: SSBroyden1 approach!
[BFGS] batch=  93  call=  3986  total=2.229e-02  PDE=6.665e-03 [colloc=6.113e-03, cfd=5.516e-04]  WALL=3.171e-15  DATA=6.269e-04
Invoked: SSBroyden1 approach!
[BFGS] batch=  93  call=  3987  total=2.174e-02  PDE=6.456e-03 [colloc=5.873e-03, cfd=5.836e-04]  WALL=3.171e-15  DATA=6.266e-04
Invoked: SSBroyden1 approach!
[BFGS] batch=  93  call=  3988  total=2.090e-02  PDE=6.127e-03 [colloc=5.509e-03, cfd=6.177e-04]  WALL=3.171e-15  DATA=6.265e-04
Invoked: SSBroyden1 approach!
[BFGS] batch=  93  call=  3989  total=1.965e-02  PDE=5.652e-03 [colloc=4.988e-03, cfd=6.641e-04]  WALL=3.169e-15  DATA=6.261e-04
Invoked: SSBroyden1 approach!
[BFGS] batch=  93  call=  3990  total=1.773e-02  PDE=4.917e-03 [colloc=4.185e-03, cfd=7.319e-04]  WALL=3.166e-15  DATA=6.264e-04
Invoked: SSBroyden1 approach!
[BFGS] batch=  93  call=  3991  total=1.558e-02  PDE=4.087e-03 [colloc=3.253e-03, cfd=8.331e-04]  WALL=3.166e-15  DATA=6.245e-04
Invoked: SSBroyden1 approach!
[BFGS] batch=  93  call=  3993  total=1.504e-02  PDE=3.865e-03 [colloc=3.010e-03, cfd=8.548e-04]  WALL=3.168e-15  DATA=6.244e-04
Invoked: SSBroyden1 approach!
[BFGS] batch=  93  call=  3994  total=1.468e-02  PDE=3.732e-03 [colloc=2.869e-03, cfd=8.630e-04]  WALL=3.172e-15  DATA=6.254e-04
Invoked: SSBroyden1 approach!
[BFGS] batch=  93  call=  3996  total=1.445e-02  PDE=3.658e-03 [colloc=2.797e-03, cfd=8.606e-04]  WALL=3.171e-15  DATA=6.254e-04
Invoked: SSBroyden1 approach!
[BFGS] batch=  93  call=  3998  total=1.433e-02  PDE=3.608e-03 [colloc=2.757e-03, cfd=8.512e-04]  WALL=3.170e-15  DATA=6.255e-04
Invoked: SSBroyden1 approach!
[BFGS] batch=  93  call=  3999  total=1.425e-02  PDE=3.566e-03 [colloc=2.734e-03, cfd=8.320e-04]  WALL=3.169e-15  DATA=6.252e-04
Invoked: SSBroyden1 approach!
[BFGS] batch=  93  call=  4000  total=1.412e-02  PDE=3.520e-03 [colloc=2.704e-03, cfd=8.165e-04]  WALL=3.169e-15  DATA=6.254e-04
Invoked: SSBroyden1 approach!
[BFGS] batch=  93  call=  4001  total=1.393e-02  PDE=3.435e-03 [colloc=2.646e-03, cfd=7.888e-04]  WALL=3.168e-15  DATA=6.255e-04
Invoked: SSBroyden1 approach!
[BFGS] batch=  93  call=  4002  total=1.366e-02  PDE=3.333e-03 [colloc=2.583e-03, cfd=7.499e-04]  WALL=3.164e-15  DATA=6.254e-04
Invoked: SSBroyden1 approach!
[BFGS] batch=  93  call=  4003  total=1.329e-02  PDE=3.185e-03 [colloc=2.486e-03, cfd=6.982e-04]  WALL=3.163e-15  DATA=6.259e-04
Invoked: SSBroyden1 approach!
[BFGS] batch=  93  call=  4004  total=1.297e-02  PDE=3.057e-03 [colloc=2.421e-03, cfd=6.366e-04]  WALL=3.161e-15  DATA=6.257e-04
Invoked: SSBroyden1 approach!
[BFGS] batch=  93  call=  4005  total=1.262e-02  PDE=2.923e-03 [colloc=2.332e-03, cfd=5.908e-04]  WALL=3.162e-15  DATA=6.248e-04
Invoked: SSBroyden1 approach!
[BFGS] batch=  93  call=  4006  total=1.245e-02  PDE=2.850e-03 [colloc=2.299e-03, cfd=5.510e-04]  WALL=3.163e-15  DATA=6.243e-04
Invoked: SSBroyden1 approach!
[BFGS] batch=  93  call=  4007  total=1.230e-02  PDE=2.791e-03 [colloc=2.254e-03, cfd=5.370e-04]  WALL=3.163e-15  DATA=6.233e-04
Invoked: SSBroyden1 approach!
[BFGS] batch=  93  call=  4008  total=1.210e-02  PDE=2.720e-03 [colloc=2.196e-03, cfd=5.238e-04]  WALL=3.164e-15  DATA=6.235e-04
Invoked: SSBroyden1 approach!
[BFGS] batch=  93  call=  4010  total=1.205e-02  PDE=2.693e-03 [colloc=2.175e-03, cfd=5.181e-04]  WALL=3.164e-15  DATA=6.235e-04
Invoked: SSBroyden1 approach!
[BFGS] batch=  93  call=  4011  total=1.197e-02  PDE=2.665e-03 [colloc=2.152e-03, cfd=5.132e-04]  WALL=3.163e-15  DATA=6.235e-04
Invoked: SSBroyden1 approach!
[BFGS] batch=  93  call=  4012  total=1.183e-02  PDE=2.631e-03 [colloc=2.125e-03, cfd=5.061e-04]  WALL=3.163e-15  DATA=6.234e-04
Invoked: SSBroyden1 approach!
[BFGS] batch=  93  call=  4013  total=1.177e-02  PDE=2.614e-03 [colloc=2.120e-03, cfd=4.936e-04]  WALL=3.162e-15  DATA=6.228e-04
Invoked: SSBroyden1 approach!
[BFGS] batch=  93  call=  4014  total=1.169e-02  PDE=2.580e-03 [colloc=2.092e-03, cfd=4.878e-04]  WALL=3.162e-15  DATA=6.228e-04
Invoked: SSBroyden1 approach!
[BFGS] batch=  93  call=  4015  total=1.158e-02  PDE=2.533e-03 [colloc=2.053e-03, cfd=4.796e-04]  WALL=3.161e-15  DATA=6.230e-04
Invoked: SSBroyden1 approach!
[BFGS] batch=  93  call=  4016  total=1.149e-02  PDE=2.478e-03 [colloc=2.010e-03, cfd=4.689e-04]  WALL=3.160e-15  DATA=6.234e-04
Invoked: SSBroyden1 approach!
[BFGS] batch=  93  call=  4017  total=1.130e-02  PDE=2.433e-03 [colloc=1.973e-03, cfd=4.599e-04]  WALL=3.160e-15  DATA=6.234e-04
Invoked: SSBroyden1 approach!
[BFGS] batch=  93  call=  4018  total=1.115e-02  PDE=2.366e-03 [colloc=1.928e-03, cfd=4.375e-04]  WALL=3.160e-15  DATA=6.235e-04
Invoked: SSBroyden1 approach!
[BFGS] batch=  93  call=  4019  total=1.097e-02  PDE=2.297e-03 [colloc=1.877e-03, cfd=4.200e-04]  WALL=3.159e-15  DATA=6.235e-04
Invoked: SSBroyden1 approach!
[BFGS] batch=  93  call=  4020  total=1.067e-02  PDE=2.200e-03 [colloc=1.799e-03, cfd=4.004e-04]  WALL=3.159e-15  DATA=6.240e-04
Invoked: SSBroyden1 approach!
[BFGS] batch=  93  call=  4021  total=1.053e-02  PDE=2.148e-03 [colloc=1.771e-03, cfd=3.766e-04]  WALL=3.164e-15  DATA=6.241e-04
Invoked: SSBroyden1 approach!
[BFGS] batch=  93  call=  4022  total=1.043e-02  PDE=2.093e-03 [colloc=1.726e-03, cfd=3.669e-04]  WALL=3.163e-15  DATA=6.238e-04
Invoked: SSBroyden1 approach!
[BFGS] batch=  93  call=  4023  total=1.029e-02  PDE=2.042e-03 [colloc=1.680e-03, cfd=3.618e-04]  WALL=3.163e-15  DATA=6.242e-04
Invoked: SSBroyden1 approach!
[BFGS] batch=  93  call=  4024  total=1.012e-02  PDE=1.986e-03 [colloc=1.631e-03, cfd=3.542e-04]  WALL=3.163e-15  DATA=6.244e-04
Invoked: SSBroyden1 approach!
[BFGS] batch=  93  call=  4025  total=9.999e-03  PDE=1.934e-03 [colloc=1.586e-03, cfd=3.474e-04]  WALL=3.164e-15  DATA=6.244e-04
Invoked: SSBroyden1 approach!
[BFGS] batch=  93  call=  4026  total=9.866e-03  PDE=1.887e-03 [colloc=1.546e-03, cfd=3.417e-04]  WALL=3.164e-15  DATA=6.249e-04
Invoked: SSBroyden1 approach!
[BFGS] batch=  93  call=  4027  total=9.774e-03  PDE=1.849e-03 [colloc=1.516e-03, cfd=3.334e-04]  WALL=3.165e-15  DATA=6.248e-04
Invoked: SSBroyden1 approach!
[BFGS] batch=  93  call=  4028  total=9.642e-03  PDE=1.800e-03 [colloc=1.471e-03, cfd=3.282e-04]  WALL=3.166e-15  DATA=6.251e-04
Invoked: SSBroyden1 approach!
[BFGS] batch=  93  call=  4029  total=9.496e-03  PDE=1.747e-03 [colloc=1.423e-03, cfd=3.231e-04]  WALL=3.168e-15  DATA=6.257e-04
Invoked: SSBroyden1 approach!
[BFGS] batch=  93  call=  4030  total=9.297e-03  PDE=1.679e-03 [colloc=1.363e-03, cfd=3.151e-04]  WALL=3.170e-15  DATA=6.259e-04
Invoked: SSBroyden1 approach!
[BFGS] batch=  93  call=  4031  total=9.262e-03  PDE=1.654e-03 [colloc=1.351e-03, cfd=3.033e-04]  WALL=3.173e-15  DATA=6.256e-04
Invoked: SSBroyden1 approach!
[BFGS] batch=  93  call=  4032  total=9.182e-03  PDE=1.629e-03 [colloc=1.327e-03, cfd=3.013e-04]  WALL=3.173e-15  DATA=6.257e-04
Invoked: SSBroyden1 approach!
[BFGS] batch=  93  call=  4033  total=9.048e-03  PDE=1.578e-03 [colloc=1.286e-03, cfd=2.923e-04]  WALL=3.173e-15  DATA=6.259e-04
Invoked: SSBroyden1 approach!
[BFGS] batch=  93  call=  4034  total=8.921e-03  PDE=1.521e-03 [colloc=1.248e-03, cfd=2.733e-04]  WALL=3.172e-15  DATA=6.264e-04
Invoked: SSBroyden1 approach!
[BFGS] batch=  93  call=  4035  total=8.757e-03  PDE=1.463e-03 [colloc=1.209e-03, cfd=2.541e-04]  WALL=3.174e-15  DATA=6.261e-04
Invoked: SSBroyden1 approach!
[BFGS] batch=  93  call=  4036  total=8.570e-03  PDE=1.398e-03 [colloc=1.166e-03, cfd=2.314e-04]  WALL=3.171e-15  DATA=6.269e-04
Invoked: SSBroyden1 approach!
[BFGS] batch=  93  call=  4038  total=8.487e-03  PDE=1.363e-03 [colloc=1.140e-03, cfd=2.229e-04]  WALL=3.171e-15  DATA=6.270e-04
Invoked: SSBroyden1 approach!
[BFGS] batch=  93  call=  4039  total=8.408e-03  PDE=1.327e-03 [colloc=1.113e-03, cfd=2.144e-04]  WALL=3.172e-15  DATA=6.273e-04
Invoked: SSBroyden1 approach!
[BFGS] batch=  93  call=  4040  total=8.340e-03  PDE=1.291e-03 [colloc=1.083e-03, cfd=2.082e-04]  WALL=3.171e-15  DATA=6.276e-04
Invoked: SSBroyden1 approach!
[BFGS] batch=  93  call=  4041  total=8.202e-03  PDE=1.257e-03 [colloc=1.054e-03, cfd=2.034e-04]  WALL=3.171e-15  DATA=6.276e-04
Invoked: SSBroyden1 approach!
[BFGS] batch=  93  call=  4042  total=8.113e-03  PDE=1.218e-03 [colloc=1.022e-03, cfd=1.957e-04]  WALL=3.172e-15  DATA=6.273e-04
Invoked: SSBroyden1 approach!
[BFGS] batch=  93  call=  4043  total=8.028e-03  PDE=1.184e-03 [colloc=9.931e-04, cfd=1.909e-04]  WALL=3.170e-15  DATA=6.278e-04
Invoked: SSBroyden1 approach!
[BFGS] batch=  93  call=  4044  total=7.988e-03  PDE=1.152e-03 [colloc=9.661e-04, cfd=1.861e-04]  WALL=3.170e-15  DATA=6.276e-04
Invoked: SSBroyden1 approach!
[BFGS] batch=  93  call=  4045  total=7.896e-03  PDE=1.131e-03 [colloc=9.470e-04, cfd=1.840e-04]  WALL=3.170e-15  DATA=6.279e-04
Invoked: SSBroyden1 approach!
[BFGS] batch=  93  call=  4046  total=7.884e-03  PDE=1.107e-03 [colloc=9.288e-04, cfd=1.781e-04]  WALL=3.171e-15  DATA=6.280e-04
Invoked: SSBroyden1 approach!
[BFGS] batch=  93  call=  4047  total=7.825e-03  PDE=1.099e-03 [colloc=9.218e-04, cfd=1.770e-04]  WALL=3.171e-15  DATA=6.280e-04
Invoked: SSBroyden1 approach!
[BFGS] batch=  93  call=  4048  total=7.782e-03  PDE=1.079e-03 [colloc=9.081e-04, cfd=1.713e-04]  WALL=3.169e-15  DATA=6.279e-04
Invoked: SSBroyden1 approach!
[BFGS] batch=  93  call=  4049  total=7.710e-03  PDE=1.057e-03 [colloc=8.900e-04, cfd=1.674e-04]  WALL=3.169e-15  DATA=6.282e-04
Invoked: SSBroyden1 approach!
[BFGS] batch=  93  call=  4051  total=7.668e-03  PDE=1.044e-03 [colloc=8.788e-04, cfd=1.649e-04]  WALL=3.169e-15  DATA=6.283e-04
Invoked: SSBroyden1 approach!
[BFGS] batch=  93  call=  4052  total=7.656e-03  PDE=1.024e-03 [colloc=8.622e-04, cfd=1.619e-04]  WALL=3.168e-15  DATA=6.285e-04
Invoked: SSBroyden1 approach!
[BFGS] batch=  93  call=  4053  total=7.628e-03  PDE=1.016e-03 [colloc=8.546e-04, cfd=1.612e-04]  WALL=3.168e-15  DATA=6.285e-04
Invoked: SSBroyden1 approach!
[BFGS] batch=  93  call=  4054  total=7.611e-03  PDE=1.001e-03 [colloc=8.426e-04, cfd=1.582e-04]  WALL=3.168e-15  DATA=6.284e-04
Invoked: SSBroyden1 approach!
[BFGS] batch=  93  call=  4055  total=7.561e-03  PDE=9.904e-04 [colloc=8.349e-04, cfd=1.555e-04]  WALL=3.168e-15  DATA=6.285e-04
Invoked: SSBroyden1 approach!
[BFGS] batch=  93  call=  4056  total=7.492e-03  PDE=9.712e-04 [colloc=8.243e-04, cfd=1.469e-04]  WALL=3.168e-15  DATA=6.287e-04
Invoked: SSBroyden1 approach!
[BFGS] batch=  93  call=  4057  total=7.460e-03  PDE=9.562e-04 [colloc=8.190e-04, cfd=1.372e-04]  WALL=3.167e-15  DATA=6.285e-04
Invoked: SSBroyden1 approach!
[BFGS] batch=  93  call=  4058  total=7.414e-03  PDE=9.425e-04 [colloc=8.093e-04, cfd=1.332e-04]  WALL=3.167e-15  DATA=6.288e-04
Invoked: SSBroyden1 approach!
[BFGS] batch=  93  call=  4059  total=7.398e-03  PDE=9.298e-04 [colloc=8.002e-04, cfd=1.296e-04]  WALL=3.168e-15  DATA=6.291e-04
Invoked: SSBroyden1 approach!
[BFGS] batch=  93  call=  4060  total=7.367e-03  PDE=9.203e-04 [colloc=7.918e-04, cfd=1.285e-04]  WALL=3.167e-15  DATA=6.291e-04
Invoked: SSBroyden1 approach!
[BFGS] batch=  93  call=  4061  total=7.355e-03  PDE=9.085e-04 [colloc=7.833e-04, cfd=1.253e-04]  WALL=3.165e-15  DATA=6.291e-04
Invoked: SSBroyden1 approach!
[BFGS] batch=  93  call=  4062  total=7.306e-03  PDE=9.006e-04 [colloc=7.769e-04, cfd=1.237e-04]  WALL=3.166e-15  DATA=6.292e-04
Invoked: SSBroyden1 approach!
[BFGS] batch=  93  call=  4064  total=7.291e-03  PDE=8.918e-04 [colloc=7.699e-04, cfd=1.219e-04]  WALL=3.166e-15  DATA=6.295e-04
Invoked: SSBroyden1 approach!
[BFGS] batch=  93  call=  4065  total=7.269e-03  PDE=8.826e-04 [colloc=7.631e-04, cfd=1.194e-04]  WALL=3.166e-15  DATA=6.296e-04
Invoked: SSBroyden1 approach!
[BFGS] batch=  93  call=  4066  total=7.241e-03  PDE=8.728e-04 [colloc=7.574e-04, cfd=1.154e-04]  WALL=3.167e-15  DATA=6.296e-04
Invoked: SSBroyden1 approach!
[BFGS] batch=  93  call=  4067  total=7.214e-03  PDE=8.589e-04 [colloc=7.477e-04, cfd=1.112e-04]  WALL=3.167e-15  DATA=6.298e-04
Invoked: SSBroyden1 approach!
[BFGS] batch=  93  call=  4068  total=7.211e-03  PDE=8.559e-04 [colloc=7.484e-04, cfd=1.075e-04]  WALL=3.166e-15  DATA=6.299e-04
Invoked: SSBroyden1 approach!
[BFGS] batch=  93  call=  4069  total=7.188e-03  PDE=8.534e-04 [colloc=7.464e-04, cfd=1.070e-04]  WALL=3.165e-15  DATA=6.299e-04
Invoked: SSBroyden1 approach!
[BFGS] batch=  93  call=  4070  total=7.138e-03  PDE=8.432e-04 [colloc=7.390e-04, cfd=1.042e-04]  WALL=3.165e-15  DATA=6.302e-04
Invoked: SSBroyden1 approach!
[BFGS] batch=  93  call=  4072  total=7.137e-03  PDE=8.385e-04 [colloc=7.363e-04, cfd=1.022e-04]  WALL=3.164e-15  DATA=6.301e-04
  [PT] w_u=127.1957 w_v=130.0209 gamma=0.998 (tau_u=7.862e-03 tau_v=7.691e-03 |Du|=1.61e-01 |DRu|=2.87e+01)
[BFGS] batch 93: H0 not PD — resetting to identity.
[BFGS-END] batch=  93  last_total=7.168e-03  last_PDE=8.385e-04 [colloc=7.363e-04, cfd=1.022e-04]  last_WALL=3.164e-15  last_DATA=6.301e-04
/oscar/home/jchen790/cylinder flow lab/src/cfp40.py:1430: OptimizeWarning: Unknown solver options: hess, hessp, bounds, constraints, tol
  result = minimize(
Invoked: SSBroyden1 approach!
[BFGS] batch=  94  call=  4092  total=1.339e-02  PDE=3.237e-03 [colloc=3.136e-03, cfd=1.016e-04]  WALL=3.154e-15  DATA=6.320e-04
Invoked: SSBroyden1 approach!
[BFGS] batch=  94  call=  4094  total=1.107e-02  PDE=2.341e-03 [colloc=2.239e-03, cfd=1.018e-04]  WALL=3.158e-15  DATA=6.337e-04
Invoked: SSBroyden1 approach!
[BFGS] batch=  94  call=  4096  total=9.843e-03  PDE=1.876e-03 [colloc=1.774e-03, cfd=1.019e-04]  WALL=3.157e-15  DATA=6.333e-04
Invoked: SSBroyden1 approach!
[BFGS] batch=  94  call=  4098  total=9.583e-03  PDE=1.767e-03 [colloc=1.665e-03, cfd=1.018e-04]  WALL=3.160e-15  DATA=6.345e-04
Invoked: SSBroyden1 approach!
[BFGS] batch=  94  call=  4099  total=9.220e-03  PDE=1.631e-03 [colloc=1.529e-03, cfd=1.018e-04]  WALL=3.158e-15  DATA=6.340e-04
Invoked: SSBroyden1 approach!
[BFGS] batch=  94  call=  4101  total=9.104e-03  PDE=1.588e-03 [colloc=1.487e-03, cfd=1.017e-04]  WALL=3.157e-15  DATA=6.337e-04
Invoked: SSBroyden1 approach!
[BFGS] batch=  94  call=  4102  total=9.101e-03  PDE=1.579e-03 [colloc=1.477e-03, cfd=1.018e-04]  WALL=3.156e-15  DATA=6.336e-04
Invoked: SSBroyden1 approach!
[BFGS] batch=  94  call=  4104  total=9.064e-03  PDE=1.570e-03 [colloc=1.468e-03, cfd=1.018e-04]  WALL=3.157e-15  DATA=6.336e-04
Invoked: SSBroyden1 approach!
[BFGS] batch=  94  call=  4105  total=9.056e-03  PDE=1.555e-03 [colloc=1.453e-03, cfd=1.018e-04]  WALL=3.156e-15  DATA=6.336e-04
Invoked: SSBroyden1 approach!
[BFGS] batch=  94  call=  4106  total=9.024e-03  PDE=1.549e-03 [colloc=1.447e-03, cfd=1.018e-04]  WALL=3.156e-15  DATA=6.336e-04
Invoked: SSBroyden1 approach!
[BFGS] batch=  94  call=  4107  total=8.972e-03  PDE=1.536e-03 [colloc=1.434e-03, cfd=1.018e-04]  WALL=3.155e-15  DATA=6.337e-04
Invoked: SSBroyden1 approach!
[BFGS] batch=  94  call=  4109  total=8.968e-03  PDE=1.530e-03 [colloc=1.428e-03, cfd=1.018e-04]  WALL=3.156e-15  DATA=6.337e-04
Invoked: SSBroyden1 approach!
[BFGS] batch=  94  call=  4110  total=8.963e-03  PDE=1.527e-03 [colloc=1.425e-03, cfd=1.018e-04]  WALL=3.155e-15  DATA=6.337e-04
Invoked: SSBroyden1 approach!
[BFGS] batch=  94  call=  4120  total=8.942e-03  PDE=1.526e-03 [colloc=1.424e-03, cfd=1.018e-04]  WALL=3.155e-15  DATA=6.337e-04
  [PT] w_u=92.8657 w_v=93.6032 gamma=0.997 (tau_u=1.077e-02 tau_v=1.068e-02 |Du|=1.66e-01 |DRu|=8.63e-01)
[BFGS-END] batch=  94  last_total=8.961e-03  last_PDE=1.525e-03 [colloc=1.424e-03, cfd=1.018e-04]  last_WALL=3.155e-15  last_DATA=6.337e-04
/oscar/home/jchen790/cylinder flow lab/src/cfp40.py:1430: OptimizeWarning: Unknown solver options: hess, hessp, bounds, constraints, tol
  result = minimize(
Invoked: SSBroyden1 approach!
[BFGS] batch=  95  call=  4142  total=6.495e-02  PDE=2.305e-02 [colloc=2.291e-02, cfd=1.382e-04]  WALL=3.159e-15  DATA=6.338e-04
Invoked: SSBroyden1 approach!
[BFGS] batch=  95  call=  4143  total=5.945e-02  PDE=2.093e-02 [colloc=2.061e-02, cfd=3.172e-04]  WALL=3.165e-15  DATA=6.322e-04
Invoked: SSBroyden1 approach!
[BFGS] batch=  95  call=  4144  total=5.314e-02  PDE=1.850e-02 [colloc=1.753e-02, cfd=9.712e-04]  WALL=3.171e-15  DATA=6.359e-04
Invoked: SSBroyden1 approach!
[BFGS] batch=  95  call=  4146  total=5.004e-02  PDE=1.731e-02 [colloc=1.579e-02, cfd=1.520e-03]  WALL=3.175e-15  DATA=6.369e-04
Invoked: SSBroyden1 approach!
[BFGS] batch=  95  call=  4147  total=4.740e-02  PDE=1.629e-02 [colloc=1.410e-02, cfd=2.192e-03]  WALL=3.181e-15  DATA=6.379e-04
Invoked: SSBroyden1 approach!
[BFGS] batch=  95  call=  4149  total=4.626e-02  PDE=1.587e-02 [colloc=1.345e-02, cfd=2.421e-03]  WALL=3.185e-15  DATA=6.379e-04
Invoked: SSBroyden1 approach!
[BFGS] batch=  95  call=  4150  total=4.484e-02  PDE=1.529e-02 [colloc=1.264e-02, cfd=2.647e-03]  WALL=3.189e-15  DATA=6.387e-04
Invoked: SSBroyden1 approach!
[BFGS] batch=  95  call=  4151  total=4.426e-02  PDE=1.509e-02 [colloc=1.220e-02, cfd=2.883e-03]  WALL=3.202e-15  DATA=6.379e-04
Invoked: SSBroyden1 approach!
[BFGS] batch=  95  call=  4152  total=4.332e-02  PDE=1.472e-02 [colloc=1.177e-02, cfd=2.956e-03]  WALL=3.202e-15  DATA=6.383e-04
Invoked: SSBroyden1 approach!
[BFGS] batch=  95  call=  4153  total=4.162e-02  PDE=1.407e-02 [colloc=1.103e-02, cfd=3.044e-03]  WALL=3.204e-15  DATA=6.377e-04
Invoked: SSBroyden1 approach!
[BFGS] batch=  95  call=  4154  total=3.869e-02  PDE=1.293e-02 [colloc=9.756e-03, cfd=3.177e-03]  WALL=3.207e-15  DATA=6.383e-04
Invoked: SSBroyden1 approach!
[BFGS] batch=  95  call=  4155  total=3.365e-02  PDE=1.100e-02 [colloc=7.608e-03, cfd=3.393e-03]  WALL=3.208e-15  DATA=6.377e-04
Invoked: SSBroyden1 approach!
[BFGS] batch=  95  call=  4156  total=2.792e-02  PDE=8.784e-03 [colloc=5.059e-03, cfd=3.725e-03]  WALL=3.216e-15  DATA=6.387e-04
Invoked: SSBroyden1 approach!
[BFGS] batch=  95  call=  4158  total=2.592e-02  PDE=8.008e-03 [colloc=4.170e-03, cfd=3.838e-03]  WALL=3.222e-15  DATA=6.409e-04
Invoked: SSBroyden1 approach!
[BFGS] batch=  95  call=  4160  total=2.528e-02  PDE=7.765e-03 [colloc=3.901e-03, cfd=3.864e-03]  WALL=3.225e-15  DATA=6.419e-04
Invoked: SSBroyden1 approach!
[BFGS] batch=  95  call=  4161  total=2.496e-02  PDE=7.637e-03 [colloc=3.820e-03, cfd=3.818e-03]  WALL=3.222e-15  DATA=6.417e-04
Invoked: SSBroyden1 approach!
[BFGS] batch=  95  call=  4162  total=2.470e-02  PDE=7.525e-03 [colloc=3.772e-03, cfd=3.753e-03]  WALL=3.221e-15  DATA=6.418e-04
Invoked: SSBroyden1 approach!
[BFGS] batch=  95  call=  4163  total=2.424e-02  PDE=7.375e-03 [colloc=3.708e-03, cfd=3.667e-03]  WALL=3.222e-15  DATA=6.418e-04
Invoked: SSBroyden1 approach!
[BFGS] batch=  95  call=  4164  total=2.367e-02  PDE=7.136e-03 [colloc=3.639e-03, cfd=3.497e-03]  WALL=3.226e-15  DATA=6.424e-04
Invoked: SSBroyden1 approach!
[BFGS] batch=  95  call=  4165  total=2.277e-02  PDE=6.766e-03 [colloc=3.505e-03, cfd=3.261e-03]  WALL=3.224e-15  DATA=6.431e-04
Invoked: SSBroyden1 approach!
[BFGS] batch=  95  call=  4166  total=2.176e-02  PDE=6.377e-03 [colloc=3.464e-03, cfd=2.913e-03]  WALL=3.221e-15  DATA=6.433e-04
Invoked: SSBroyden1 approach!
[BFGS] batch=  95  call=  4167  total=2.096e-02  PDE=6.046e-03 [colloc=3.504e-03, cfd=2.542e-03]  WALL=3.219e-15  DATA=6.458e-04
Invoked: SSBroyden1 approach!
[BFGS] batch=  95  call=  4168  total=1.993e-02  PDE=5.653e-03 [colloc=3.379e-03, cfd=2.274e-03]  WALL=3.218e-15  DATA=6.463e-04
Invoked: SSBroyden1 approach!
[BFGS] batch=  95  call=  4170  total=1.941e-02  PDE=5.438e-03 [colloc=3.339e-03, cfd=2.099e-03]  WALL=3.219e-15  DATA=6.465e-04
Invoked: SSBroyden1 approach!
[BFGS] batch=  95  call=  4171  total=1.886e-02  PDE=5.224e-03 [colloc=3.293e-03, cfd=1.931e-03]  WALL=3.221e-15  DATA=6.489e-04
Invoked: SSBroyden1 approach!
[BFGS] batch=  95  call=  4172  total=1.823e-02  PDE=4.989e-03 [colloc=3.218e-03, cfd=1.770e-03]  WALL=3.224e-15  DATA=6.485e-04
Invoked: SSBroyden1 approach!
[BFGS] batch=  95  call=  4173  total=1.819e-02  PDE=4.958e-03 [colloc=3.348e-03, cfd=1.610e-03]  WALL=3.227e-15  DATA=6.469e-04
Invoked: SSBroyden1 approach!
[BFGS] batch=  95  call=  4174  total=1.810e-02  PDE=4.934e-03 [colloc=3.331e-03, cfd=1.602e-03]  WALL=3.227e-15  DATA=6.468e-04
Invoked: SSBroyden1 approach!
[BFGS] batch=  95  call=  4175  total=1.803e-02  PDE=4.876e-03 [colloc=3.296e-03, cfd=1.580e-03]  WALL=3.229e-15  DATA=6.467e-04
Invoked: SSBroyden1 approach!
[BFGS] batch=  95  call=  4176  total=1.786e-02  PDE=4.831e-03 [colloc=3.268e-03, cfd=1.563e-03]  WALL=3.228e-15  DATA=6.467e-04
Invoked: SSBroyden1 approach!
[BFGS] batch=  95  call=  4177  total=1.761e-02  PDE=4.738e-03 [colloc=3.217e-03, cfd=1.521e-03]  WALL=3.228e-15  DATA=6.469e-04
Invoked: SSBroyden1 approach!
[BFGS] batch=  95  call=  4178  total=1.726e-02  PDE=4.612e-03 [colloc=3.153e-03, cfd=1.459e-03]  WALL=3.223e-15  DATA=6.463e-04
Invoked: SSBroyden1 approach!
[BFGS] batch=  95  call=  4179  total=1.684e-02  PDE=4.449e-03 [colloc=3.073e-03, cfd=1.376e-03]  WALL=3.217e-15  DATA=6.460e-04
Invoked: SSBroyden1 approach!
[BFGS] batch=  95  call=  4180  total=1.633e-02  PDE=4.265e-03 [colloc=2.984e-03, cfd=1.281e-03]  WALL=3.217e-15  DATA=6.464e-04
Invoked: SSBroyden1 approach!
[BFGS] batch=  95  call=  4181  total=1.573e-02  PDE=4.026e-03 [colloc=2.854e-03, cfd=1.172e-03]  WALL=3.212e-15  DATA=6.466e-04
Invoked: SSBroyden1 approach!
[BFGS] batch=  95  call=  4182  total=1.507e-02  PDE=3.776e-03 [colloc=2.715e-03, cfd=1.062e-03]  WALL=3.211e-15  DATA=6.469e-04
Invoked: SSBroyden1 approach!
[BFGS] batch=  95  call=  4183  total=1.468e-02  PDE=3.632e-03 [colloc=2.670e-03, cfd=9.614e-04]  WALL=3.212e-15  DATA=6.470e-04
Invoked: SSBroyden1 approach!
[BFGS] batch=  95  call=  4184  total=1.425e-02  PDE=3.475e-03 [colloc=2.565e-03, cfd=9.097e-04]  WALL=3.213e-15  DATA=6.468e-04
Invoked: SSBroyden1 approach!
[BFGS] batch=  95  call=  4185  total=1.401e-02  PDE=3.392e-03 [colloc=2.533e-03, cfd=8.589e-04]  WALL=3.214e-15  DATA=6.475e-04
Invoked: SSBroyden1 approach!
[BFGS] batch=  95  call=  4186  total=1.365e-02  PDE=3.246e-03 [colloc=2.413e-03, cfd=8.328e-04]  WALL=3.213e-15  DATA=6.480e-04
Invoked: SSBroyden1 approach!
[BFGS] batch=  95  call=  4187  total=1.309e-02  PDE=3.047e-03 [colloc=2.248e-03, cfd=7.992e-04]  WALL=3.215e-15  DATA=6.481e-04
Invoked: SSBroyden1 approach!
[BFGS] batch=  95  call=  4188  total=1.261e-02  PDE=2.878e-03 [colloc=2.116e-03, cfd=7.614e-04]  WALL=3.211e-15  DATA=6.465e-04
Invoked: SSBroyden1 approach!
[BFGS] batch=  95  call=  4189  total=1.230e-02  PDE=2.753e-03 [colloc=2.025e-03, cfd=7.280e-04]  WALL=3.206e-15  DATA=6.471e-04
Invoked: SSBroyden1 approach!
[BFGS] batch=  95  call=  4190  total=1.202e-02  PDE=2.654e-03 [colloc=1.951e-03, cfd=7.027e-04]  WALL=3.206e-15  DATA=6.460e-04
Invoked: SSBroyden1 approach!
[BFGS] batch=  95  call=  4191  total=1.171e-02  PDE=2.536e-03 [colloc=1.857e-03, cfd=6.790e-04]  WALL=3.206e-15  DATA=6.458e-04
Invoked: SSBroyden1 approach!
[BFGS] batch=  95  call=  4192  total=1.146e-02  PDE=2.449e-03 [colloc=1.796e-03, cfd=6.524e-04]  WALL=3.208e-15  DATA=6.459e-04
Invoked: SSBroyden1 approach!
[BFGS] batch=  95  call=  4193  total=1.129e-02  PDE=2.369e-03 [colloc=1.737e-03, cfd=6.320e-04]  WALL=3.211e-15  DATA=6.458e-04
Invoked: SSBroyden1 approach!
[BFGS] batch=  95  call=  4194  total=1.103e-02  PDE=2.289e-03 [colloc=1.673e-03, cfd=6.161e-04]  WALL=3.210e-15  DATA=6.456e-04
Invoked: SSBroyden1 approach!
[BFGS] batch=  95  call=  4195  total=1.073e-02  PDE=2.168e-03 [colloc=1.575e-03, cfd=5.937e-04]  WALL=3.209e-15  DATA=6.459e-04
Invoked: SSBroyden1 approach!
[BFGS] batch=  95  call=  4196  total=1.055e-02  PDE=2.092e-03 [colloc=1.527e-03, cfd=5.652e-04]  WALL=3.210e-15  DATA=6.453e-04
Invoked: SSBroyden1 approach!
[BFGS] batch=  95  call=  4197  total=1.029e-02  PDE=2.006e-03 [colloc=1.462e-03, cfd=5.441e-04]  WALL=3.211e-15  DATA=6.452e-04
Invoked: SSBroyden1 approach!
[BFGS] batch=  95  call=  4198  total=1.017e-02  PDE=1.944e-03 [colloc=1.432e-03, cfd=5.113e-04]  WALL=3.210e-15  DATA=6.473e-04
Invoked: SSBroyden1 approach!
[BFGS] batch=  95  call=  4199  total=9.978e-03  PDE=1.878e-03 [colloc=1.382e-03, cfd=4.959e-04]  WALL=3.211e-15  DATA=6.476e-04
Invoked: SSBroyden1 approach!
[BFGS] batch=  95  call=  4200  total=9.814e-03  PDE=1.802e-03 [colloc=1.336e-03, cfd=4.660e-04]  WALL=3.209e-15  DATA=6.481e-04
Invoked: SSBroyden1 approach!
[BFGS] batch=  95  call=  4201  total=9.617e-03  PDE=1.743e-03 [colloc=1.301e-03, cfd=4.422e-04]  WALL=3.205e-15  DATA=6.480e-04
Invoked: SSBroyden1 approach!
[BFGS] batch=  95  call=  4202  total=9.472e-03  PDE=1.693e-03 [colloc=1.279e-03, cfd=4.141e-04]  WALL=3.204e-15  DATA=6.468e-04
Invoked: SSBroyden1 approach!
[BFGS] batch=  95  call=  4203  total=9.280e-03  PDE=1.616e-03 [colloc=1.219e-03, cfd=3.962e-04]  WALL=3.202e-15  DATA=6.468e-04
Invoked: SSBroyden1 approach!
[BFGS] batch=  95  call=  4204  total=9.098e-03  PDE=1.546e-03 [colloc=1.169e-03, cfd=3.773e-04]  WALL=3.200e-15  DATA=6.463e-04
Invoked: SSBroyden1 approach!
[BFGS] batch=  95  call=  4205  total=9.038e-03  PDE=1.529e-03 [colloc=1.165e-03, cfd=3.633e-04]  WALL=3.200e-15  DATA=6.460e-04
Invoked: SSBroyden1 approach!
[BFGS] batch=  95  call=  4206  total=8.984e-03  PDE=1.494e-03 [colloc=1.135e-03, cfd=3.592e-04]  WALL=3.199e-15  DATA=6.460e-04
Invoked: SSBroyden1 approach!
[BFGS] batch=  95  call=  4207  total=8.880e-03  PDE=1.462e-03 [colloc=1.108e-03, cfd=3.543e-04]  WALL=3.199e-15  DATA=6.460e-04
Invoked: SSBroyden1 approach!
[BFGS] batch=  95  call=  4208  total=8.735e-03  PDE=1.407e-03 [colloc=1.063e-03, cfd=3.433e-04]  WALL=3.200e-15  DATA=6.460e-04
Invoked: SSBroyden1 approach!
[BFGS] batch=  95  call=  4209  total=8.623e-03  PDE=1.355e-03 [colloc=1.030e-03, cfd=3.256e-04]  WALL=3.198e-15  DATA=6.452e-04
Invoked: SSBroyden1 approach!
[BFGS] batch=  95  call=  4210  total=8.490e-03  PDE=1.314e-03 [colloc=1.004e-03, cfd=3.102e-04]  WALL=3.198e-15  DATA=6.457e-04
Invoked: SSBroyden1 approach!
[BFGS] batch=  95  call=  4211  total=8.375e-03  PDE=1.268e-03 [colloc=9.750e-04, cfd=2.934e-04]  WALL=3.195e-15  DATA=6.452e-04
Invoked: SSBroyden1 approach!
[BFGS] batch=  95  call=  4212  total=8.311e-03  PDE=1.233e-03 [colloc=9.516e-04, cfd=2.810e-04]  WALL=3.195e-15  DATA=6.448e-04
Invoked: SSBroyden1 approach!
[BFGS] batch=  95  call=  4213  total=8.219e-03  PDE=1.205e-03 [colloc=9.319e-04, cfd=2.727e-04]  WALL=3.192e-15  DATA=6.449e-04
Invoked: SSBroyden1 approach!
[BFGS] batch=  95  call=  4214  total=8.110e-03  PDE=1.171e-03 [colloc=9.109e-04, cfd=2.603e-04]  WALL=3.189e-15  DATA=6.444e-04
Invoked: SSBroyden1 approach!
[BFGS] batch=  95  call=  4215  total=8.018e-03  PDE=1.141e-03 [colloc=8.941e-04, cfd=2.465e-04]  WALL=3.187e-15  DATA=6.434e-04
Invoked: SSBroyden1 approach!
[BFGS] batch=  95  call=  4216  total=7.965e-03  PDE=1.113e-03 [colloc=8.786e-04, cfd=2.346e-04]  WALL=3.186e-15  DATA=6.435e-04
Invoked: SSBroyden1 approach!
[BFGS] batch=  95  call=  4217  total=7.883e-03  PDE=1.090e-03 [colloc=8.631e-04, cfd=2.270e-04]  WALL=3.186e-15  DATA=6.432e-04
Invoked: SSBroyden1 approach!
[BFGS] batch=  95  call=  4218  total=7.830e-03  PDE=1.065e-03 [colloc=8.507e-04, cfd=2.145e-04]  WALL=3.187e-15  DATA=6.436e-04
Invoked: SSBroyden1 approach!
[BFGS] batch=  95  call=  4219  total=7.779e-03  PDE=1.046e-03 [colloc=8.394e-04, cfd=2.066e-04]  WALL=3.186e-15  DATA=6.427e-04
Invoked: SSBroyden1 approach!
[BFGS] batch=  95  call=  4220  total=7.718e-03  PDE=1.019e-03 [colloc=8.203e-04, cfd=1.990e-04]  WALL=3.183e-15  DATA=6.423e-04
Invoked: SSBroyden1 approach!
[BFGS] batch=  95  call=  4221  total=7.641e-03  PDE=9.979e-04 [colloc=8.074e-04, cfd=1.905e-04]  WALL=3.179e-15  DATA=6.423e-04
Invoked: SSBroyden1 approach!
[BFGS] batch=  95  call=  4222  total=7.606e-03  PDE=9.903e-04 [colloc=8.091e-04, cfd=1.812e-04]  WALL=3.176e-15  DATA=6.419e-04
Invoked: SSBroyden1 approach!
[BFGS] batch=  95  call=  4229  total=7.562e-03  PDE=9.725e-04 [colloc=7.956e-04, cfd=1.769e-04]  WALL=3.176e-15  DATA=6.419e-04
Invoked: SSBroyden1 approach!
[BFGS] batch=  95  call=  4230  total=7.516e-03  PDE=9.539e-04 [colloc=7.837e-04, cfd=1.701e-04]  WALL=3.176e-15  DATA=6.416e-04
Invoked: SSBroyden1 approach!
[BFGS] batch=  95  call=  4231  total=7.473e-03  PDE=9.381e-04 [colloc=7.751e-04, cfd=1.629e-04]  WALL=3.174e-15  DATA=6.412e-04
Invoked: SSBroyden1 approach!
[BFGS] batch=  95  call=  4232  total=7.429e-03  PDE=9.197e-04 [colloc=7.632e-04, cfd=1.565e-04]  WALL=3.172e-15  DATA=6.405e-04
Invoked: SSBroyden1 approach!
[BFGS] batch=  95  call=  4233  total=7.399e-03  PDE=9.114e-04 [colloc=7.613e-04, cfd=1.501e-04]  WALL=3.170e-15  DATA=6.396e-04
Invoked: SSBroyden1 approach!
[BFGS] batch=  95  call=  4235  total=7.385e-03  PDE=9.051e-04 [colloc=7.565e-04, cfd=1.486e-04]  WALL=3.169e-15  DATA=6.396e-04
Invoked: SSBroyden1 approach!
[BFGS] batch=  95  call=  4236  total=7.384e-03  PDE=8.975e-04 [colloc=7.514e-04, cfd=1.461e-04]  WALL=3.168e-15  DATA=6.395e-04
  [PT] w_u=103.1324 w_v=103.9529 gamma=1.000 (tau_u=9.696e-03 tau_v=9.620e-03 |Du|=3.50e-01 |DRu|=5.03e+01)
[BFGS] batch 95: H0 not PD — resetting to identity.
[BFGS-END] batch=  95  last_total=7.346e-03  last_PDE=8.967e-04 [colloc=7.508e-04, cfd=1.459e-04]  last_WALL=3.168e-15  last_DATA=6.395e-04
/oscar/home/jchen790/cylinder flow lab/src/cfp40.py:1430: OptimizeWarning: Unknown solver options: hess, hessp, bounds, constraints, tol
  result = minimize(
Invoked: SSBroyden1 approach!
[BFGS] batch=  96  call=  4258  total=4.812e-02  PDE=1.653e-02 [colloc=1.638e-02, cfd=1.449e-04]  WALL=3.190e-15  DATA=6.567e-04
Invoked: SSBroyden1 approach!
[BFGS] batch=  96  call=  4260  total=3.990e-02  PDE=1.338e-02 [colloc=1.323e-02, cfd=1.455e-04]  WALL=3.178e-15  DATA=6.534e-04
Invoked: SSBroyden1 approach!
[BFGS] batch=  96  call=  4262  total=3.620e-02  PDE=1.194e-02 [colloc=1.180e-02, cfd=1.456e-04]  WALL=3.180e-15  DATA=6.563e-04
Invoked: SSBroyden1 approach!
[BFGS] batch=  96  call=  4264  total=3.521e-02  PDE=1.157e-02 [colloc=1.142e-02, cfd=1.453e-04]  WALL=3.174e-15  DATA=6.539e-04
Invoked: SSBroyden1 approach!
[BFGS] batch=  96  call=  4265  total=3.389e-02  PDE=1.105e-02 [colloc=1.091e-02, cfd=1.452e-04]  WALL=3.176e-15  DATA=6.550e-04
Invoked: SSBroyden1 approach!
[BFGS] batch=  96  call=  4267  total=3.338e-02  PDE=1.087e-02 [colloc=1.072e-02, cfd=1.452e-04]  WALL=3.178e-15  DATA=6.561e-04
Invoked: SSBroyden1 approach!
[BFGS] batch=  96  call=  4268  total=3.328e-02  PDE=1.082e-02 [colloc=1.068e-02, cfd=1.454e-04]  WALL=3.175e-15  DATA=6.563e-04
Invoked: SSBroyden1 approach!
[BFGS] batch=  96  call=  4269  total=3.311e-02  PDE=1.075e-02 [colloc=1.061e-02, cfd=1.455e-04]  WALL=3.173e-15  DATA=6.563e-04
Invoked: SSBroyden1 approach!
[BFGS] batch=  96  call=  4270  total=3.299e-02  PDE=1.071e-02 [colloc=1.057e-02, cfd=1.455e-04]  WALL=3.176e-15  DATA=6.564e-04
Invoked: SSBroyden1 approach!
[BFGS] batch=  96  call=  4271  total=3.287e-02  PDE=1.067e-02 [colloc=1.053e-02, cfd=1.455e-04]  WALL=3.174e-15  DATA=6.564e-04
Invoked: SSBroyden1 approach!
[BFGS] batch=  96  call=  4272  total=3.283e-02  PDE=1.063e-02 [colloc=1.049e-02, cfd=1.455e-04]  WALL=3.175e-15  DATA=6.566e-04
Invoked: SSBroyden1 approach!
[BFGS] batch=  96  call=  4273  total=3.273e-02  PDE=1.061e-02 [colloc=1.047e-02, cfd=1.455e-04]  WALL=3.175e-15  DATA=6.569e-04
Invoked: SSBroyden1 approach!
[BFGS] batch=  96  call=  4275  total=3.270e-02  PDE=1.060e-02 [colloc=1.045e-02, cfd=1.454e-04]  WALL=3.176e-15  DATA=6.568e-04
Invoked: SSBroyden1 approach!
[BFGS] batch=  96  call=  4276  total=3.269e-02  PDE=1.059e-02 [colloc=1.044e-02, cfd=1.454e-04]  WALL=3.176e-15  DATA=6.569e-04
Invoked: SSBroyden1 approach!
[BFGS] batch=  96  call=  4277  total=3.263e-02  PDE=1.058e-02 [colloc=1.044e-02, cfd=1.453e-04]  WALL=3.176e-15  DATA=6.569e-04
  [PT] w_u=83.3887 w_v=76.9075 gamma=1.000 (tau_u=1.199e-02 tau_v=1.300e-02 |Du|=1.91e-01 |DRu|=1.06e+00)
[BFGS-END] batch=  96  last_total=3.267e-02  last_PDE=1.058e-02 [colloc=1.044e-02, cfd=1.453e-04]  last_WALL=3.176e-15  last_DATA=6.569e-04
/oscar/home/jchen790/cylinder flow lab/src/cfp40.py:1430: OptimizeWarning: Unknown solver options: hess, hessp, bounds, constraints, tol
  result = minimize(
Invoked: SSBroyden1 approach!
[BFGS] batch=  97  call=  4299  total=1.852e-01  PDE=6.924e-02 [colloc=6.874e-02, cfd=4.937e-04]  WALL=3.138e-15  DATA=6.490e-04
Invoked: SSBroyden1 approach!
[BFGS] batch=  97  call=  4300  total=1.674e-01  PDE=6.238e-02 [colloc=6.078e-02, cfd=1.603e-03]  WALL=3.133e-15  DATA=6.416e-04
Invoked: SSBroyden1 approach!
[BFGS] batch=  97  call=  4301  total=1.590e-01  PDE=5.919e-02 [colloc=5.391e-02, cfd=5.278e-03]  WALL=3.096e-15  DATA=6.359e-04
Invoked: SSBroyden1 approach!
[BFGS] batch=  97  call=  4302  total=1.504e-01  PDE=5.587e-02 [colloc=4.818e-02, cfd=7.694e-03]  WALL=3.085e-15  DATA=6.354e-04
Invoked: SSBroyden1 approach!
[BFGS] batch=  97  call=  4304  total=1.463e-01  PDE=5.433e-02 [colloc=4.537e-02, cfd=8.960e-03]  WALL=3.080e-15  DATA=6.316e-04
Invoked: SSBroyden1 approach!
[BFGS] batch=  97  call=  4305  total=1.399e-01  PDE=5.188e-02 [colloc=4.178e-02, cfd=1.010e-02]  WALL=3.068e-15  DATA=6.279e-04
Invoked: SSBroyden1 approach!
[BFGS] batch=  97  call=  4306  total=1.298e-01  PDE=4.800e-02 [colloc=3.608e-02, cfd=1.192e-02]  WALL=3.054e-15  DATA=6.272e-04
Invoked: SSBroyden1 approach!
[BFGS] batch=  97  call=  4307  total=1.172e-01  PDE=4.316e-02 [colloc=2.831e-02, cfd=1.485e-02]  WALL=3.051e-15  DATA=6.225e-04
Invoked: SSBroyden1 approach!
[BFGS] batch=  97  call=  4308  total=9.929e-02  PDE=3.626e-02 [colloc=1.755e-02, cfd=1.871e-02]  WALL=3.038e-15  DATA=6.208e-04
Invoked: SSBroyden1 approach!
[BFGS] batch=  97  call=  4310  total=9.609e-02  PDE=3.503e-02 [colloc=1.543e-02, cfd=1.959e-02]  WALL=3.043e-15  DATA=6.230e-04
Invoked: SSBroyden1 approach!
[BFGS] batch=  97  call=  4311  total=9.506e-02  PDE=3.463e-02 [colloc=1.453e-02, cfd=2.010e-02]  WALL=3.047e-15  DATA=6.252e-04
Invoked: SSBroyden1 approach!
[BFGS] batch=  97  call=  4312  total=9.373e-02  PDE=3.411e-02 [colloc=1.402e-02, cfd=2.009e-02]  WALL=3.045e-15  DATA=6.257e-04
Invoked: SSBroyden1 approach!
[BFGS] batch=  97  call=  4313  total=9.229e-02  PDE=3.355e-02 [colloc=1.370e-02, cfd=1.985e-02]  WALL=3.045e-15  DATA=6.247e-04
Invoked: SSBroyden1 approach!
[BFGS] batch=  97  call=  4314  total=9.013e-02  PDE=3.273e-02 [colloc=1.326e-02, cfd=1.947e-02]  WALL=3.040e-15  DATA=6.252e-04
Invoked: SSBroyden1 approach!
[BFGS] batch=  97  call=  4315  total=8.749e-02  PDE=3.172e-02 [colloc=1.298e-02, cfd=1.874e-02]  WALL=3.032e-15  DATA=6.262e-04
Invoked: SSBroyden1 approach!
[BFGS] batch=  97  call=  4316  total=8.346e-02  PDE=3.014e-02 [colloc=1.252e-02, cfd=1.763e-02]  WALL=3.027e-15  DATA=6.267e-04
Invoked: SSBroyden1 approach!
[BFGS] batch=  97  call=  4317  total=7.898e-02  PDE=2.841e-02 [colloc=1.246e-02, cfd=1.595e-02]  WALL=3.014e-15  DATA=6.223e-04
Invoked: SSBroyden1 approach!
[BFGS] batch=  97  call=  4318  total=7.528e-02  PDE=2.694e-02 [colloc=1.272e-02, cfd=1.422e-02]  WALL=3.006e-15  DATA=6.239e-04
Invoked: SSBroyden1 approach!
[BFGS] batch=  97  call=  4319  total=7.116e-02  PDE=2.533e-02 [colloc=1.242e-02, cfd=1.291e-02]  WALL=3.008e-15  DATA=6.269e-04
Invoked: SSBroyden1 approach!
[BFGS] batch=  97  call=  4320  total=6.926e-02  PDE=2.456e-02 [colloc=1.303e-02, cfd=1.152e-02]  WALL=3.015e-15  DATA=6.248e-04
Invoked: SSBroyden1 approach!
[BFGS] batch=  97  call=  4321  total=6.656e-02  PDE=2.350e-02 [colloc=1.257e-02, cfd=1.093e-02]  WALL=3.013e-15  DATA=6.253e-04
Invoked: SSBroyden1 approach!
[BFGS] batch=  97  call=  4322  total=6.263e-02  PDE=2.194e-02 [colloc=1.186e-02, cfd=1.008e-02]  WALL=3.014e-15  DATA=6.295e-04
Invoked: SSBroyden1 approach!
[BFGS] batch=  97  call=  4323  total=5.832e-02  PDE=2.020e-02 [colloc=1.119e-02, cfd=9.007e-03]  WALL=2.993e-15  DATA=6.320e-04
Invoked: SSBroyden1 approach!
[BFGS] batch=  97  call=  4324  total=5.556e-02  PDE=1.907e-02 [colloc=1.107e-02, cfd=7.992e-03]  WALL=3.014e-15  DATA=6.313e-04
Invoked: SSBroyden1 approach!
[BFGS] batch=  97  call=  4325  total=5.293e-02  PDE=1.801e-02 [colloc=1.051e-02, cfd=7.499e-03]  WALL=3.031e-15  DATA=6.340e-04
Invoked: SSBroyden1 approach!
[BFGS] batch=  97  call=  4326  total=5.098e-02  PDE=1.720e-02 [colloc=1.011e-02, cfd=7.087e-03]  WALL=3.030e-15  DATA=6.342e-04
Invoked: SSBroyden1 approach!
[BFGS] batch=  97  call=  4327  total=4.846e-02  PDE=1.620e-02 [colloc=9.392e-03, cfd=6.810e-03]  WALL=3.031e-15  DATA=6.376e-04
Invoked: SSBroyden1 approach!
[BFGS] batch=  97  call=  4328  total=4.720e-02  PDE=1.571e-02 [colloc=9.247e-03, cfd=6.464e-03]  WALL=3.023e-15  DATA=6.398e-04
Invoked: SSBroyden1 approach!
[BFGS] batch=  97  call=  4329  total=4.604e-02  PDE=1.527e-02 [colloc=8.964e-03, cfd=6.301e-03]  WALL=3.018e-15  DATA=6.417e-04
Invoked: SSBroyden1 approach!
[BFGS] batch=  97  call=  4330  total=4.470e-02  PDE=1.476e-02 [colloc=8.609e-03, cfd=6.148e-03]  WALL=3.018e-15  DATA=6.428e-04
Invoked: SSBroyden1 approach!
[BFGS] batch=  97  call=  4331  total=4.338e-02  PDE=1.429e-02 [colloc=8.325e-03, cfd=5.965e-03]  WALL=3.016e-15  DATA=6.446e-04
Invoked: SSBroyden1 approach!
[BFGS] batch=  97  call=  4332  total=4.195e-02  PDE=1.377e-02 [colloc=7.974e-03, cfd=5.796e-03]  WALL=3.020e-15  DATA=6.460e-04
Invoked: SSBroyden1 approach!
[BFGS] batch=  97  call=  4333  total=4.082e-02  PDE=1.340e-02 [colloc=7.765e-03, cfd=5.634e-03]  WALL=3.024e-15  DATA=6.489e-04
Invoked: SSBroyden1 approach!
[BFGS] batch=  97  call=  4334  total=3.908e-02  PDE=1.276e-02 [colloc=7.263e-03, cfd=5.499e-03]  WALL=3.030e-15  DATA=6.514e-04
Invoked: SSBroyden1 approach!
[BFGS] batch=  97  call=  4335  total=3.669e-02  PDE=1.191e-02 [colloc=6.619e-03, cfd=5.295e-03]  WALL=3.035e-15  DATA=6.559e-04
Invoked: SSBroyden1 approach!
[BFGS] batch=  97  call=  4336  total=3.438e-02  PDE=1.108e-02 [colloc=6.060e-03, cfd=5.019e-03]  WALL=3.041e-15  DATA=6.572e-04
Invoked: SSBroyden1 approach!
[BFGS] batch=  97  call=  4337  total=3.313e-02  PDE=1.064e-02 [colloc=5.911e-03, cfd=4.734e-03]  WALL=3.044e-15  DATA=6.566e-04
Invoked: SSBroyden1 approach!
[BFGS] batch=  97  call=  4338  total=3.184e-02  PDE=1.017e-02 [colloc=5.600e-03, cfd=4.575e-03]  WALL=3.049e-15  DATA=6.567e-04
Invoked: SSBroyden1 approach!
[BFGS] batch=  97  call=  4339  total=3.049e-02  PDE=9.647e-03 [colloc=5.230e-03, cfd=4.418e-03]  WALL=3.050e-15  DATA=6.584e-04
Invoked: SSBroyden1 approach!
[BFGS] batch=  97  call=  4340  total=2.864e-02  PDE=8.959e-03 [colloc=4.719e-03, cfd=4.240e-03]  WALL=3.052e-15  DATA=6.605e-04
Invoked: SSBroyden1 approach!
[BFGS] batch=  97  call=  4341  total=2.769e-02  PDE=8.618e-03 [colloc=4.631e-03, cfd=3.986e-03]  WALL=3.049e-15  DATA=6.616e-04
Invoked: SSBroyden1 approach!
[BFGS] batch=  97  call=  4342  total=2.654e-02  PDE=8.187e-03 [colloc=4.329e-03, cfd=3.858e-03]  WALL=3.046e-15  DATA=6.612e-04
Invoked: SSBroyden1 approach!
[BFGS] batch=  97  call=  4343  total=2.593e-02  PDE=7.955e-03 [colloc=4.248e-03, cfd=3.707e-03]  WALL=3.045e-15  DATA=6.647e-04
Invoked: SSBroyden1 approach!
[BFGS] batch=  97  call=  4344  total=2.515e-02  PDE=7.659e-03 [colloc=4.041e-03, cfd=3.618e-03]  WALL=3.047e-15  DATA=6.649e-04
Invoked: SSBroyden1 approach!
[BFGS] batch=  97  call=  4345  total=2.413e-02  PDE=7.269e-03 [colloc=3.787e-03, cfd=3.482e-03]  WALL=3.055e-15  DATA=6.649e-04
Invoked: SSBroyden1 approach!
[BFGS] batch=  97  call=  4346  total=2.308e-02  PDE=6.871e-03 [colloc=3.576e-03, cfd=3.295e-03]  WALL=3.053e-15  DATA=6.638e-04
Invoked: SSBroyden1 approach!
[BFGS] batch=  97  call=  4347  total=2.223e-02  PDE=6.520e-03 [colloc=3.436e-03, cfd=3.085e-03]  WALL=3.054e-15  DATA=6.648e-04
Invoked: SSBroyden1 approach!
[BFGS] batch=  97  call=  4348  total=2.138e-02  PDE=6.218e-03 [colloc=3.318e-03, cfd=2.900e-03]  WALL=3.053e-15  DATA=6.628e-04
Invoked: SSBroyden1 approach!
[BFGS] batch=  97  call=  4349  total=2.055e-02  PDE=5.890e-03 [colloc=3.178e-03, cfd=2.713e-03]  WALL=3.055e-15  DATA=6.668e-04
Invoked: SSBroyden1 approach!
[BFGS] batch=  97  call=  4350  total=2.009e-02  PDE=5.699e-03 [colloc=3.185e-03, cfd=2.514e-03]  WALL=3.054e-15  DATA=6.652e-04
Invoked: SSBroyden1 approach!
[BFGS] batch=  97  call=  4351  total=1.941e-02  PDE=5.444e-03 [colloc=3.036e-03, cfd=2.408e-03]  WALL=3.057e-15  DATA=6.669e-04
Invoked: SSBroyden1 approach!
[BFGS] batch=  97  call=  4352  total=1.877e-02  PDE=5.188e-03 [colloc=2.932e-03, cfd=2.255e-03]  WALL=3.057e-15  DATA=6.661e-04
Invoked: SSBroyden1 approach!
[BFGS] batch=  97  call=  4353  total=1.813e-02  PDE=4.925e-03 [colloc=2.797e-03, cfd=2.128e-03]  WALL=3.066e-15  DATA=6.669e-04
Invoked: SSBroyden1 approach!
[BFGS] batch=  97  call=  4354  total=1.752e-02  PDE=4.705e-03 [colloc=2.693e-03, cfd=2.013e-03]  WALL=3.069e-15  DATA=6.659e-04
Invoked: SSBroyden1 approach!
[BFGS] batch=  97  call=  4355  total=1.678e-02  PDE=4.422e-03 [colloc=2.505e-03, cfd=1.917e-03]  WALL=3.067e-15  DATA=6.677e-04
Invoked: SSBroyden1 approach!
[BFGS] batch=  97  call=  4356  total=1.613e-02  PDE=4.157e-03 [colloc=2.347e-03, cfd=1.810e-03]  WALL=3.074e-15  DATA=6.661e-04
Invoked: SSBroyden1 approach!
[BFGS] batch=  97  call=  4357  total=1.589e-02  PDE=4.066e-03 [colloc=2.339e-03, cfd=1.727e-03]  WALL=3.079e-15  DATA=6.649e-04
Invoked: SSBroyden1 approach!
[BFGS] batch=  97  call=  4358  total=1.553e-02  PDE=3.933e-03 [colloc=2.239e-03, cfd=1.694e-03]  WALL=3.076e-15  DATA=6.647e-04
Invoked: SSBroyden1 approach!
[BFGS] batch=  97  call=  4359  total=1.501e-02  PDE=3.757e-03 [colloc=2.117e-03, cfd=1.640e-03]  WALL=3.081e-15  DATA=6.649e-04
Invoked: SSBroyden1 approach!
[BFGS] batch=  97  call=  4360  total=1.447e-02  PDE=3.553e-03 [colloc=2.005e-03, cfd=1.548e-03]  WALL=3.089e-15  DATA=6.638e-04
Invoked: SSBroyden1 approach!
[BFGS] batch=  97  call=  4361  total=1.397e-02  PDE=3.372e-03 [colloc=1.913e-03, cfd=1.459e-03]  WALL=3.095e-15  DATA=6.640e-04
Invoked: SSBroyden1 approach!
[BFGS] batch=  97  call=  4362  total=1.372e-02  PDE=3.271e-03 [colloc=1.887e-03, cfd=1.384e-03]  WALL=3.095e-15  DATA=6.641e-04
Invoked: SSBroyden1 approach!
[BFGS] batch=  97  call=  4363  total=1.338e-02  PDE=3.134e-03 [colloc=1.791e-03, cfd=1.342e-03]  WALL=3.094e-15  DATA=6.631e-04
Invoked: SSBroyden1 approach!
[BFGS] batch=  97  call=  4364  total=1.305e-02  PDE=3.011e-03 [colloc=1.728e-03, cfd=1.283e-03]  WALL=3.091e-15  DATA=6.627e-04
Invoked: SSBroyden1 approach!
[BFGS] batch=  97  call=  4365  total=1.267e-02  PDE=2.878e-03 [colloc=1.657e-03, cfd=1.221e-03]  WALL=3.092e-15  DATA=6.623e-04
Invoked: SSBroyden1 approach!
[BFGS] batch=  97  call=  4366  total=1.218e-02  PDE=2.697e-03 [colloc=1.548e-03, cfd=1.149e-03]  WALL=3.095e-15  DATA=6.612e-04
Invoked: SSBroyden1 approach!
[BFGS] batch=  97  call=  4367  total=1.199e-02  PDE=2.621e-03 [colloc=1.567e-03, cfd=1.054e-03]  WALL=3.101e-15  DATA=6.614e-04
Invoked: SSBroyden1 approach!
[BFGS] batch=  97  call=  4368  total=1.178e-02  PDE=2.513e-03 [colloc=1.495e-03, cfd=1.018e-03]  WALL=3.101e-15  DATA=6.613e-04
Invoked: SSBroyden1 approach!
[BFGS] batch=  97  call=  4369  total=1.151e-02  PDE=2.419e-03 [colloc=1.448e-03, cfd=9.705e-04]  WALL=3.102e-15  DATA=6.597e-04
Invoked: SSBroyden1 approach!
[BFGS] batch=  97  call=  4370  total=1.114e-02  PDE=2.299e-03 [colloc=1.387e-03, cfd=9.121e-04]  WALL=3.106e-15  DATA=6.572e-04
Invoked: SSBroyden1 approach!
[BFGS] batch=  97  call=  4371  total=1.103e-02  PDE=2.234e-03 [colloc=1.401e-03, cfd=8.326e-04]  WALL=3.112e-15  DATA=6.584e-04
Invoked: SSBroyden1 approach!
[BFGS] batch=  97  call=  4372  total=1.081e-02  PDE=2.166e-03 [colloc=1.357e-03, cfd=8.095e-04]  WALL=3.113e-15  DATA=6.577e-04
Invoked: SSBroyden1 approach!
[BFGS] batch=  97  call=  4373  total=1.061e-02  PDE=2.077e-03 [colloc=1.319e-03, cfd=7.579e-04]  WALL=3.113e-15  DATA=6.566e-04
Invoked: SSBroyden1 approach!
[BFGS] batch=  97  call=  4374  total=1.034e-02  PDE=1.989e-03 [colloc=1.278e-03, cfd=7.115e-04]  WALL=3.116e-15  DATA=6.550e-04
Invoked: SSBroyden1 approach!
[BFGS] batch=  97  call=  4375  total=1.004e-02  PDE=1.890e-03 [colloc=1.241e-03, cfd=6.490e-04]  WALL=3.117e-15  DATA=6.549e-04
Invoked: SSBroyden1 approach!
[BFGS] batch=  97  call=  4376  total=9.984e-03  PDE=1.847e-03 [colloc=1.265e-03, cfd=5.824e-04]  WALL=3.113e-15  DATA=6.538e-04
Invoked: SSBroyden1 approach!
[BFGS] batch=  97  call=  4377  total=9.904e-03  PDE=1.816e-03 [colloc=1.244e-03, cfd=5.712e-04]  WALL=3.114e-15  DATA=6.538e-04
Invoked: SSBroyden1 approach!
[BFGS] batch=  97  call=  4378  total=9.801e-03  PDE=1.773e-03 [colloc=1.219e-03, cfd=5.540e-04]  WALL=3.116e-15  DATA=6.534e-04
Invoked: SSBroyden1 approach!
[BFGS] batch=  97  call=  4379  total=9.619e-03  PDE=1.714e-03 [colloc=1.183e-03, cfd=5.310e-04]  WALL=3.119e-15  DATA=6.536e-04
Invoked: SSBroyden1 approach!
[BFGS] batch=  97  call=  4380  total=9.404e-03  PDE=1.627e-03 [colloc=1.133e-03, cfd=4.945e-04]  WALL=3.123e-15  DATA=6.538e-04
Invoked: SSBroyden1 approach!
[BFGS] batch=  97  call=  4381  total=9.231e-03  PDE=1.580e-03 [colloc=1.123e-03, cfd=4.570e-04]  WALL=3.126e-15  DATA=6.541e-04
Invoked: SSBroyden1 approach!
[BFGS] batch=  97  call=  4382  total=9.113e-03  PDE=1.518e-03 [colloc=1.089e-03, cfd=4.288e-04]  WALL=3.131e-15  DATA=6.541e-04
Invoked: SSBroyden1 approach!
[BFGS] batch=  97  call=  4383  total=8.994e-03  PDE=1.474e-03 [colloc=1.063e-03, cfd=4.109e-04]  WALL=3.135e-15  DATA=6.545e-04
Invoked: SSBroyden1 approach!
[BFGS] batch=  97  call=  4384  total=8.869e-03  PDE=1.427e-03 [colloc=1.031e-03, cfd=3.959e-04]  WALL=3.138e-15  DATA=6.531e-04
Invoked: SSBroyden1 approach!
[BFGS] batch=  97  call=  4385  total=8.735e-03  PDE=1.403e-03 [colloc=1.022e-03, cfd=3.806e-04]  WALL=3.138e-15  DATA=6.519e-04
Invoked: SSBroyden1 approach!
[BFGS] batch=  97  call=  4386  total=8.707e-03  PDE=1.376e-03 [colloc=1.013e-03, cfd=3.632e-04]  WALL=3.138e-15  DATA=6.517e-04
Invoked: SSBroyden1 approach!
[BFGS] batch=  97  call=  4387  total=8.695e-03  PDE=1.358e-03 [colloc=9.994e-04, cfd=3.584e-04]  WALL=3.139e-15  DATA=6.516e-04
Invoked: SSBroyden1 approach!
[BFGS] batch=  97  call=  4389  total=8.564e-03  PDE=1.324e-03 [colloc=9.767e-04, cfd=3.468e-04]  WALL=3.139e-15  DATA=6.519e-04
Invoked: SSBroyden1 approach!
[BFGS] batch=  97  call=  4390  total=8.505e-03  PDE=1.292e-03 [colloc=9.713e-04, cfd=3.207e-04]  WALL=3.142e-15  DATA=6.507e-04
Invoked: SSBroyden1 approach!
[BFGS] batch=  97  call=  4391  total=8.372e-03  PDE=1.262e-03 [colloc=9.512e-04, cfd=3.107e-04]  WALL=3.144e-15  DATA=6.505e-04
Invoked: SSBroyden1 approach!
[BFGS] batch=  97  call=  4392  total=8.312e-03  PDE=1.230e-03 [colloc=9.437e-04, cfd=2.863e-04]  WALL=3.152e-15  DATA=6.507e-04
Invoked: SSBroyden1 approach!
[BFGS] batch=  97  call=  4393  total=8.211e-03  PDE=1.202e-03 [colloc=9.248e-04, cfd=2.777e-04]  WALL=3.152e-15  DATA=6.508e-04
Invoked: SSBroyden1 approach!
[BFGS] batch=  97  call=  4394  total=8.162e-03  PDE=1.172e-03 [colloc=9.072e-04, cfd=2.647e-04]  WALL=3.155e-15  DATA=6.506e-04
Invoked: SSBroyden1 approach!
[BFGS] batch=  97  call=  4395  total=8.094e-03  PDE=1.148e-03 [colloc=8.903e-04, cfd=2.574e-04]  WALL=3.154e-15  DATA=6.506e-04
Invoked: SSBroyden1 approach!
[BFGS] batch=  97  call=  4396  total=8.040e-03  PDE=1.119e-03 [colloc=8.719e-04, cfd=2.472e-04]  WALL=3.152e-15  DATA=6.505e-04
Invoked: SSBroyden1 approach!
[BFGS] batch=  97  call=  4397  total=7.976e-03  PDE=1.095e-03 [colloc=8.573e-04, cfd=2.377e-04]  WALL=3.153e-15  DATA=6.512e-04
Invoked: SSBroyden1 approach!
[BFGS] batch=  97  call=  4398  total=7.911e-03  PDE=1.069e-03 [colloc=8.442e-04, cfd=2.248e-04]  WALL=3.154e-15  DATA=6.513e-04
Invoked: SSBroyden1 approach!
[BFGS] batch=  97  call=  4399  total=7.833e-03  PDE=1.053e-03 [colloc=8.427e-04, cfd=2.106e-04]  WALL=3.154e-15  DATA=6.510e-04
Invoked: SSBroyden1 approach!
[BFGS] batch=  97  call=  4401  total=7.818e-03  PDE=1.038e-03 [colloc=8.351e-04, cfd=2.026e-04]  WALL=3.155e-15  DATA=6.511e-04
Invoked: SSBroyden1 approach!
[BFGS] batch=  97  call=  4402  total=7.786e-03  PDE=1.029e-03 [colloc=8.297e-04, cfd=1.989e-04]  WALL=3.154e-15  DATA=6.511e-04
Invoked: SSBroyden1 approach!
[BFGS] batch=  97  call=  4403  total=7.768e-03  PDE=1.015e-03 [colloc=8.244e-04, cfd=1.909e-04]  WALL=3.154e-15  DATA=6.508e-04
Invoked: SSBroyden1 approach!
[BFGS] batch=  97  call=  4404  total=7.681e-03  PDE=1.005e-03 [colloc=8.185e-04, cfd=1.861e-04]  WALL=3.153e-15  DATA=6.507e-04
Invoked: SSBroyden1 approach!
[BFGS] batch=  97  call=  4414  total=7.676e-03  PDE=9.899e-04 [colloc=8.127e-04, cfd=1.772e-04]  WALL=3.153e-15  DATA=6.509e-04
Invoked: SSBroyden1 approach!
[BFGS] batch=  97  call=  4415  total=7.642e-03  PDE=9.866e-04 [colloc=8.107e-04, cfd=1.759e-04]  WALL=3.153e-15  DATA=6.508e-04
Invoked: SSBroyden1 approach!
[BFGS] batch=  97  call=  4416  total=7.609e-03  PDE=9.722e-04 [colloc=8.053e-04, cfd=1.668e-04]  WALL=3.154e-15  DATA=6.509e-04
Invoked: SSBroyden1 approach!
[BFGS] batch=  97  call=  4417  total=7.587e-03  PDE=9.591e-04 [colloc=8.008e-04, cfd=1.584e-04]  WALL=3.153e-15  DATA=6.508e-04
Invoked: SSBroyden1 approach!
[BFGS] batch=  97  call=  4419  total=7.583e-03  PDE=9.565e-04 [colloc=7.991e-04, cfd=1.574e-04]  WALL=3.153e-15  DATA=6.508e-04
Invoked: SSBroyden1 approach!
[BFGS] batch=  97  call=  4425  total=7.574e-03  PDE=9.536e-04 [colloc=7.973e-04, cfd=1.563e-04]  WALL=3.153e-15  DATA=6.508e-04
Invoked: SSBroyden1 approach!
[BFGS] batch=  97  call=  4432  total=7.554e-03  PDE=9.479e-04 [colloc=7.940e-04, cfd=1.538e-04]  WALL=3.153e-15  DATA=6.507e-04
Invoked: SSBroyden1 approach!
[BFGS] batch=  97  call=  4439  total=7.543e-03  PDE=9.380e-04 [colloc=7.896e-04, cfd=1.484e-04]  WALL=3.154e-15  DATA=6.504e-04
Invoked: SSBroyden1 approach!
[BFGS] batch=  97  call=  4440  total=7.514e-03  PDE=9.313e-04 [colloc=7.855e-04, cfd=1.458e-04]  WALL=3.154e-15  DATA=6.503e-04
Invoked: SSBroyden1 approach!
[BFGS] batch=  97  call=  4441  total=7.479e-03  PDE=9.200e-04 [colloc=7.811e-04, cfd=1.389e-04]  WALL=3.154e-15  DATA=6.498e-04
Invoked: SSBroyden1 approach!
[BFGS] batch=  97  call=  4445  total=7.469e-03  PDE=9.157e-04 [colloc=7.785e-04, cfd=1.372e-04]  WALL=3.154e-15  DATA=6.496e-04
Invoked: SSBroyden1 approach!
[BFGS] batch=  97  call=  4446  total=7.441e-03  PDE=9.099e-04 [colloc=7.752e-04, cfd=1.347e-04]  WALL=3.154e-15  DATA=6.495e-04
Invoked: SSBroyden1 approach!
[BFGS] batch=  97  call=  4447  total=7.427e-03  PDE=8.968e-04 [colloc=7.687e-04, cfd=1.282e-04]  WALL=3.153e-15  DATA=6.489e-04
Invoked: SSBroyden1 approach!
[BFGS] batch=  97  call=  4448  total=7.397e-03  PDE=8.890e-04 [colloc=7.636e-04, cfd=1.255e-04]  WALL=3.153e-15  DATA=6.486e-04
Invoked: SSBroyden1 approach!
[BFGS] batch=  97  call=  4449  total=7.347e-03  PDE=8.777e-04 [colloc=7.575e-04, cfd=1.202e-04]  WALL=3.153e-15  DATA=6.482e-04
Invoked: SSBroyden1 approach!
[BFGS] batch=  97  call=  4458  total=7.344e-03  PDE=8.695e-04 [colloc=7.529e-04, cfd=1.166e-04]  WALL=3.154e-15  DATA=6.479e-04
Invoked: SSBroyden1 approach!
[BFGS] batch=  97  call=  4468  total=7.338e-03  PDE=8.674e-04 [colloc=7.515e-04, cfd=1.160e-04]  WALL=3.154e-15  DATA=6.478e-04
Invoked: SSBroyden1 approach!
[BFGS] batch=  97  call=  4475  total=7.332e-03  PDE=8.646e-04 [colloc=7.496e-04, cfd=1.150e-04]  WALL=3.154e-15  DATA=6.477e-04
Invoked: SSBroyden1 approach!
[BFGS] batch=  97  call=  4479  total=7.322e-03  PDE=8.628e-04 [colloc=7.484e-04, cfd=1.143e-04]  WALL=3.154e-15  DATA=6.476e-04
Invoked: SSBroyden1 approach!
[BFGS] batch=  97  call=  4487  total=7.313e-03  PDE=8.571e-04 [colloc=7.447e-04, cfd=1.124e-04]  WALL=3.155e-15  DATA=6.472e-04
Invoked: SSBroyden1 approach!
[BFGS] batch=  97  call=  4488  total=7.254e-03  PDE=8.522e-04 [colloc=7.414e-04, cfd=1.108e-04]  WALL=3.155e-15  DATA=6.469e-04
  [PT] w_u=92.6041 w_v=85.4052 gamma=1.000 (tau_u=1.080e-02 tau_v=1.171e-02 |Du|=6.54e-01 |DRu|=8.57e+01)
[BFGS] batch 97: H0 not PD — resetting to identity.
[BFGS-END] batch=  97  last_total=7.332e-03  last_PDE=8.522e-04 [colloc=7.414e-04, cfd=1.108e-04]  last_WALL=3.155e-15  last_DATA=6.469e-04
/oscar/home/jchen790/cylinder flow lab/src/cfp40.py:1430: OptimizeWarning: Unknown solver options: hess, hessp, bounds, constraints, tol
  result = minimize(
Invoked: SSBroyden1 approach!
[BFGS] batch=  98  call=  4510  total=6.234e-02  PDE=2.182e-02 [colloc=2.171e-02, cfd=1.094e-04]  WALL=3.155e-15  DATA=7.421e-04
Invoked: SSBroyden1 approach!
[BFGS] batch=  98  call=  4512  total=3.801e-02  PDE=1.245e-02 [colloc=1.234e-02, cfd=1.094e-04]  WALL=3.172e-15  DATA=7.493e-04
Invoked: SSBroyden1 approach!
[BFGS] batch=  98  call=  4514  total=2.966e-02  PDE=9.231e-03 [colloc=9.122e-03, cfd=1.097e-04]  WALL=3.163e-15  DATA=7.472e-04
Invoked: SSBroyden1 approach!
[BFGS] batch=  98  call=  4516  total=2.604e-02  PDE=7.844e-03 [colloc=7.734e-03, cfd=1.099e-04]  WALL=3.178e-15  DATA=7.544e-04
Invoked: SSBroyden1 approach!
[BFGS] batch=  98  call=  4517  total=2.113e-02  PDE=5.950e-03 [colloc=5.840e-03, cfd=1.099e-04]  WALL=3.174e-15  DATA=7.541e-04
Invoked: SSBroyden1 approach!
[BFGS] batch=  98  call=  4518  total=2.007e-02  PDE=5.552e-03 [colloc=5.442e-03, cfd=1.104e-04]  WALL=3.164e-15  DATA=7.499e-04
Invoked: SSBroyden1 approach!
[BFGS] batch=  98  call=  4519  total=1.858e-02  PDE=4.982e-03 [colloc=4.871e-03, cfd=1.108e-04]  WALL=3.163e-15  DATA=7.494e-04
Invoked: SSBroyden1 approach!
[BFGS] batch=  98  call=  4520  total=1.809e-02  PDE=4.777e-03 [colloc=4.666e-03, cfd=1.108e-04]  WALL=3.173e-15  DATA=7.490e-04
Invoked: SSBroyden1 approach!
[BFGS] batch=  98  call=  4521  total=1.767e-02  PDE=4.629e-03 [colloc=4.518e-03, cfd=1.109e-04]  WALL=3.169e-15  DATA=7.483e-04
Invoked: SSBroyden1 approach!
[BFGS] batch=  98  call=  4522  total=1.733e-02  PDE=4.502e-03 [colloc=4.391e-03, cfd=1.111e-04]  WALL=3.177e-15  DATA=7.483e-04
Invoked: SSBroyden1 approach!
[BFGS] batch=  98  call=  4523  total=1.699e-02  PDE=4.373e-03 [colloc=4.262e-03, cfd=1.110e-04]  WALL=3.177e-15  DATA=7.482e-04
Invoked: SSBroyden1 approach!
[BFGS] batch=  98  call=  4525  total=1.682e-02  PDE=4.306e-03 [colloc=4.195e-03, cfd=1.111e-04]  WALL=3.178e-15  DATA=7.475e-04
Invoked: SSBroyden1 approach!
[BFGS] batch=  98  call=  4526  total=1.663e-02  PDE=4.228e-03 [colloc=4.117e-03, cfd=1.111e-04]  WALL=3.176e-15  DATA=7.475e-04
Invoked: SSBroyden1 approach!
[BFGS] batch=  98  call=  4527  total=1.650e-02  PDE=4.183e-03 [colloc=4.072e-03, cfd=1.113e-04]  WALL=3.177e-15  DATA=7.479e-04
Invoked: SSBroyden1 approach!
[BFGS] batch=  98  call=  4528  total=1.648e-02  PDE=4.168e-03 [colloc=4.056e-03, cfd=1.114e-04]  WALL=3.180e-15  DATA=7.475e-04
Invoked: SSBroyden1 approach!
[BFGS] batch=  98  call=  4529  total=1.641e-02  PDE=4.148e-03 [colloc=4.037e-03, cfd=1.115e-04]  WALL=3.180e-15  DATA=7.474e-04
Invoked: SSBroyden1 approach!
[BFGS] batch=  98  call=  4530  total=1.635e-02  PDE=4.114e-03 [colloc=4.002e-03, cfd=1.116e-04]  WALL=3.180e-15  DATA=7.472e-04
Invoked: SSBroyden1 approach!
[BFGS] batch=  98  call=  4531  total=1.626e-02  PDE=4.096e-03 [colloc=3.984e-03, cfd=1.115e-04]  WALL=3.181e-15  DATA=7.468e-04
Invoked: SSBroyden1 approach!
[BFGS] batch=  98  call=  4533  total=1.623e-02  PDE=4.080e-03 [colloc=3.968e-03, cfd=1.115e-04]  WALL=3.181e-15  DATA=7.466e-04
Invoked: SSBroyden1 approach!
[BFGS] batch=  98  call=  4534  total=1.619e-02  PDE=4.062e-03 [colloc=3.951e-03, cfd=1.114e-04]  WALL=3.181e-15  DATA=7.467e-04
Invoked: SSBroyden1 approach!
[BFGS] batch=  98  call=  4535  total=1.614e-02  PDE=4.047e-03 [colloc=3.936e-03, cfd=1.113e-04]  WALL=3.182e-15  DATA=7.467e-04
Invoked: SSBroyden1 approach!
[BFGS] batch=  98  call=  4538  total=1.610e-02  PDE=4.044e-03 [colloc=3.933e-03, cfd=1.112e-04]  WALL=3.182e-15  DATA=7.466e-04
  [PT] w_u=72.5285 w_v=67.5894 gamma=1.000 (tau_u=1.379e-02 tau_v=1.480e-02 |Du|=6.26e-01 |DRu|=3.11e+00)
[BFGS-END] batch=  98  last_total=1.616e-02  last_PDE=4.044e-03 [colloc=3.933e-03, cfd=1.112e-04]  last_WALL=3.182e-15  last_DATA=7.466e-04
/oscar/home/jchen790/cylinder flow lab/src/cfp40.py:1430: OptimizeWarning: Unknown solver options: hess, hessp, bounds, constraints, tol
  result = minimize(
Invoked: SSBroyden1 approach!
[BFGS] batch=  99  call=  4560  total=3.991e-01  PDE=1.515e-01 [colloc=1.249e-01, cfd=2.656e-02]  WALL=3.281e-15  DATA=6.640e-04
Invoked: SSBroyden1 approach!
[BFGS] batch=  99  call=  4562  total=3.599e-01  PDE=1.363e-01 [colloc=9.131e-02, cfd=4.502e-02]  WALL=3.321e-15  DATA=6.794e-04
Invoked: SSBroyden1 approach!
[BFGS] batch=  99  call=  4563  total=3.516e-01  PDE=1.331e-01 [colloc=6.647e-02, cfd=6.665e-02]  WALL=3.376e-15  DATA=6.943e-04
Invoked: SSBroyden1 approach!
[BFGS] batch=  99  call=  4564  total=3.379e-01  PDE=1.279e-01 [colloc=5.719e-02, cfd=7.067e-02]  WALL=3.388e-15  DATA=6.982e-04
Invoked: SSBroyden1 approach!
[BFGS] batch=  99  call=  4565  total=3.203e-01  PDE=1.211e-01 [colloc=4.398e-02, cfd=7.709e-02]  WALL=3.401e-15  DATA=7.012e-04
Invoked: SSBroyden1 approach!
[BFGS] batch=  99  call=  4566  total=3.054e-01  PDE=1.153e-01 [colloc=3.117e-02, cfd=8.412e-02]  WALL=3.442e-15  DATA=7.157e-04
Invoked: SSBroyden1 approach!
[BFGS] batch=  99  call=  4568  total=3.001e-01  PDE=1.132e-01 [colloc=2.812e-02, cfd=8.513e-02]  WALL=3.442e-15  DATA=7.155e-04
Invoked: SSBroyden1 approach!
[BFGS] batch=  99  call=  4569  total=2.921e-01  PDE=1.102e-01 [colloc=2.562e-02, cfd=8.455e-02]  WALL=3.444e-15  DATA=7.202e-04
Invoked: SSBroyden1 approach!
[BFGS] batch=  99  call=  4570  total=2.808e-01  PDE=1.058e-01 [colloc=2.295e-02, cfd=8.285e-02]  WALL=3.462e-15  DATA=7.338e-04
Invoked: SSBroyden1 approach!
[BFGS] batch=  99  call=  4571  total=2.692e-01  PDE=1.013e-01 [colloc=2.149e-02, cfd=7.979e-02]  WALL=3.487e-15  DATA=7.541e-04
Invoked: SSBroyden1 approach!
[BFGS] batch=  99  call=  4572  total=2.549e-01  PDE=9.570e-02 [colloc=2.034e-02, cfd=7.537e-02]  WALL=3.489e-15  DATA=7.604e-04
Invoked: SSBroyden1 approach!
[BFGS] batch=  99  call=  4573  total=2.464e-01  PDE=9.224e-02 [colloc=2.339e-02, cfd=6.885e-02]  WALL=3.497e-15  DATA=7.763e-04
Invoked: SSBroyden1 approach!
[BFGS] batch=  99  call=  4574  total=2.337e-01  PDE=8.727e-02 [colloc=2.241e-02, cfd=6.486e-02]  WALL=3.506e-15  DATA=7.788e-04
Invoked: SSBroyden1 approach!
[BFGS] batch=  99  call=  4575  total=2.203e-01  PDE=8.193e-02 [colloc=2.336e-02, cfd=5.857e-02]  WALL=3.483e-15  DATA=7.730e-04
Invoked: SSBroyden1 approach!
[BFGS] batch=  99  call=  4576  total=2.076e-01  PDE=7.679e-02 [colloc=2.446e-02, cfd=5.233e-02]  WALL=3.492e-15  DATA=7.946e-04
Invoked: SSBroyden1 approach!
[BFGS] batch=  99  call=  4577  total=1.888e-01  PDE=6.934e-02 [colloc=2.232e-02, cfd=4.701e-02]  WALL=3.517e-15  DATA=8.201e-04
Invoked: SSBroyden1 approach!
[BFGS] batch=  99  call=  4578  total=1.722e-01  PDE=6.244e-02 [colloc=2.205e-02, cfd=4.040e-02]  WALL=3.583e-15  DATA=8.761e-04
Invoked: SSBroyden1 approach!
[BFGS] batch=  99  call=  4579  total=1.660e-01  PDE=5.950e-02 [colloc=2.385e-02, cfd=3.565e-02]  WALL=3.658e-15  DATA=9.305e-04
Invoked: SSBroyden1 approach!
[BFGS] batch=  99  call=  4580  total=1.590e-01  PDE=5.669e-02 [colloc=2.272e-02, cfd=3.397e-02]  WALL=3.673e-15  DATA=9.499e-04
Invoked: SSBroyden1 approach!
[BFGS] batch=  99  call=  4581  total=1.528e-01  PDE=5.416e-02 [colloc=2.203e-02, cfd=3.212e-02]  WALL=3.686e-15  DATA=9.662e-04
Invoked: SSBroyden1 approach!
[BFGS] batch=  99  call=  4582  total=1.446e-01  PDE=5.092e-02 [colloc=2.029e-02, cfd=3.063e-02]  WALL=3.706e-15  DATA=9.771e-04
Invoked: SSBroyden1 approach!
[BFGS] batch=  99  call=  4583  total=1.379e-01  PDE=4.833e-02 [colloc=1.954e-02, cfd=2.879e-02]  WALL=3.688e-15  DATA=9.880e-04
Invoked: SSBroyden1 approach!
[BFGS] batch=  99  call=  4584  total=1.305e-01  PDE=4.558e-02 [colloc=1.794e-02, cfd=2.763e-02]  WALL=3.676e-15  DATA=9.859e-04
Invoked: SSBroyden1 approach!
[BFGS] batch=  99  call=  4585  total=1.228e-01  PDE=4.270e-02 [colloc=1.636e-02, cfd=2.634e-02]  WALL=3.678e-15  DATA=9.936e-04
Invoked: SSBroyden1 approach!
[BFGS] batch=  99  call=  4586  total=1.174e-01  PDE=4.084e-02 [colloc=1.581e-02, cfd=2.503e-02]  WALL=3.659e-15  DATA=9.939e-04
Invoked: SSBroyden1 approach!
[BFGS] batch=  99  call=  4587  total=1.121e-01  PDE=3.897e-02 [colloc=1.475e-02, cfd=2.423e-02]  WALL=3.677e-15  DATA=1.002e-03
Invoked: SSBroyden1 approach!
[BFGS] batch=  99  call=  4588  total=1.065e-01  PDE=3.703e-02 [colloc=1.358e-02, cfd=2.344e-02]  WALL=3.662e-15  DATA=1.017e-03
Invoked: SSBroyden1 approach!
[BFGS] batch=  99  call=  4589  total=1.019e-01  PDE=3.548e-02 [colloc=1.278e-02, cfd=2.270e-02]  WALL=3.671e-15  DATA=1.034e-03
Invoked: SSBroyden1 approach!
[BFGS] batch=  99  call=  4590  total=9.700e-02  PDE=3.383e-02 [colloc=1.177e-02, cfd=2.206e-02]  WALL=3.675e-15  DATA=1.032e-03
Invoked: SSBroyden1 approach!
[BFGS] batch=  99  call=  4591  total=9.264e-02  PDE=3.231e-02 [colloc=1.105e-02, cfd=2.127e-02]  WALL=3.682e-15  DATA=1.038e-03
Invoked: SSBroyden1 approach!
[BFGS] batch=  99  call=  4592  total=8.925e-02  PDE=3.106e-02 [colloc=1.081e-02, cfd=2.025e-02]  WALL=3.713e-15  DATA=1.055e-03
Invoked: SSBroyden1 approach!
[BFGS] batch=  99  call=  4593  total=8.551e-02  PDE=2.971e-02 [colloc=1.044e-02, cfd=1.927e-02]  WALL=3.707e-15  DATA=1.040e-03
Invoked: SSBroyden1 approach!
[BFGS] batch=  99  call=  4594  total=8.243e-02  PDE=2.855e-02 [colloc=1.039e-02, cfd=1.816e-02]  WALL=3.697e-15  DATA=1.044e-03
Invoked: SSBroyden1 approach!
[BFGS] batch=  99  call=  4595  total=7.840e-02  PDE=2.698e-02 [colloc=9.841e-03, cfd=1.714e-02]  WALL=3.711e-15  DATA=1.048e-03
Invoked: SSBroyden1 approach!
[BFGS] batch=  99  call=  4596  total=7.508e-02  PDE=2.577e-02 [colloc=9.894e-03, cfd=1.588e-02]  WALL=3.711e-15  DATA=1.037e-03
Invoked: SSBroyden1 approach!
[BFGS] batch=  99  call=  4597  total=7.096e-02  PDE=2.423e-02 [colloc=9.285e-03, cfd=1.494e-02]  WALL=3.694e-15  DATA=1.035e-03
Invoked: SSBroyden1 approach!
[BFGS] batch=  99  call=  4598  total=6.693e-02  PDE=2.281e-02 [colloc=8.858e-03, cfd=1.395e-02]  WALL=3.684e-15  DATA=1.023e-03
Invoked: SSBroyden1 approach!
[BFGS] batch=  99  call=  4599  total=6.455e-02  PDE=2.203e-02 [colloc=8.947e-03, cfd=1.309e-02]  WALL=3.669e-15  DATA=9.969e-04
Invoked: SSBroyden1 approach!
[BFGS] batch=  99  call=  4600  total=6.179e-02  PDE=2.101e-02 [colloc=8.415e-03, cfd=1.260e-02]  WALL=3.666e-15  DATA=9.936e-04
Invoked: SSBroyden1 approach!
[BFGS] batch=  99  call=  4601  total=6.073e-02  PDE=2.065e-02 [colloc=8.657e-03, cfd=1.199e-02]  WALL=3.659e-15  DATA=9.791e-04
Invoked: SSBroyden1 approach!
[BFGS] batch=  99  call=  4602  total=5.885e-02  PDE=1.995e-02 [colloc=8.214e-03, cfd=1.173e-02]  WALL=3.659e-15  DATA=9.771e-04
Invoked: SSBroyden1 approach!
[BFGS] batch=  99  call=  4603  total=5.651e-02  PDE=1.904e-02 [colloc=7.798e-03, cfd=1.124e-02]  WALL=3.651e-15  DATA=9.729e-04
Invoked: SSBroyden1 approach!
[BFGS] batch=  99  call=  4604  total=5.306e-02  PDE=1.770e-02 [colloc=7.169e-03, cfd=1.053e-02]  WALL=3.643e-15  DATA=9.740e-04
Invoked: SSBroyden1 approach!
[BFGS] batch=  99  call=  4605  total=4.972e-02  PDE=1.643e-02 [colloc=7.009e-03, cfd=9.422e-03]  WALL=3.624e-15  DATA=9.576e-04
Invoked: SSBroyden1 approach!
[BFGS] batch=  99  call=  4606  total=4.767e-02  PDE=1.567e-02 [colloc=7.335e-03, cfd=8.337e-03]  WALL=3.628e-15  DATA=9.474e-04
Invoked: SSBroyden1 approach!
[BFGS] batch=  99  call=  4607  total=4.587e-02  PDE=1.499e-02 [colloc=7.269e-03, cfd=7.721e-03]  WALL=3.605e-15  DATA=9.346e-04
Invoked: SSBroyden1 approach!
[BFGS] batch=  99  call=  4608  total=4.355e-02  PDE=1.411e-02 [colloc=6.950e-03, cfd=7.164e-03]  WALL=3.588e-15  DATA=9.306e-04
Invoked: SSBroyden1 approach!
[BFGS] batch=  99  call=  4609  total=4.180e-02  PDE=1.347e-02 [colloc=6.952e-03, cfd=6.514e-03]  WALL=3.566e-15  DATA=9.103e-04
Invoked: SSBroyden1 approach!
[BFGS] batch=  99  call=  4610  total=3.951e-02  PDE=1.262e-02 [colloc=6.534e-03, cfd=6.082e-03]  WALL=3.550e-15  DATA=8.981e-04
Invoked: SSBroyden1 approach!
[BFGS] batch=  99  call=  4611  total=3.651e-02  PDE=1.149e-02 [colloc=5.935e-03, cfd=5.554e-03]  WALL=3.534e-15  DATA=8.886e-04
Invoked: SSBroyden1 approach!
[BFGS] batch=  99  call=  4612  total=3.513e-02  PDE=1.104e-02 [colloc=6.091e-03, cfd=4.948e-03]  WALL=3.486e-15  DATA=8.571e-04
Invoked: SSBroyden1 approach!
[BFGS] batch=  99  call=  4613  total=3.344e-02  PDE=1.039e-02 [colloc=5.674e-03, cfd=4.712e-03]  WALL=3.485e-15  DATA=8.504e-04
Invoked: SSBroyden1 approach!
[BFGS] batch=  99  call=  4614  total=3.151e-02  PDE=9.684e-03 [colloc=5.228e-03, cfd=4.456e-03]  WALL=3.472e-15  DATA=8.349e-04
Invoked: SSBroyden1 approach!
[BFGS] batch=  99  call=  4615  total=3.008e-02  PDE=9.146e-03 [colloc=4.950e-03, cfd=4.196e-03]  WALL=3.458e-15  DATA=8.303e-04
Invoked: SSBroyden1 approach!
[BFGS] batch=  99  call=  4616  total=2.834e-02  PDE=8.507e-03 [colloc=4.503e-03, cfd=4.003e-03]  WALL=3.447e-15  DATA=8.210e-04
Invoked: SSBroyden1 approach!
[BFGS] batch=  99  call=  4617  total=2.662e-02  PDE=7.864e-03 [colloc=4.105e-03, cfd=3.759e-03]  WALL=3.439e-15  DATA=8.135e-04
Invoked: SSBroyden1 approach!
[BFGS] batch=  99  call=  4618  total=2.565e-02  PDE=7.509e-03 [colloc=3.973e-03, cfd=3.536e-03]  WALL=3.437e-15  DATA=8.035e-04
Invoked: SSBroyden1 approach!
[BFGS] batch=  99  call=  4619  total=2.492e-02  PDE=7.238e-03 [colloc=3.825e-03, cfd=3.414e-03]  WALL=3.428e-15  DATA=7.971e-04
Invoked: SSBroyden1 approach!
[BFGS] batch=  99  call=  4620  total=2.421e-02  PDE=6.987e-03 [colloc=3.678e-03, cfd=3.309e-03]  WALL=3.419e-15  DATA=7.887e-04
Invoked: SSBroyden1 approach!
[BFGS] batch=  99  call=  4621  total=2.347e-02  PDE=6.710e-03 [colloc=3.522e-03, cfd=3.188e-03]  WALL=3.421e-15  DATA=7.839e-04
Invoked: SSBroyden1 approach!
[BFGS] batch=  99  call=  4622  total=2.262e-02  PDE=6.391e-03 [colloc=3.334e-03, cfd=3.057e-03]  WALL=3.409e-15  DATA=7.796e-04
Invoked: SSBroyden1 approach!
[BFGS] batch=  99  call=  4623  total=2.178e-02  PDE=6.083e-03 [colloc=3.193e-03, cfd=2.891e-03]  WALL=3.392e-15  DATA=7.667e-04
Invoked: SSBroyden1 approach!
[BFGS] batch=  99  call=  4624  total=2.074e-02  PDE=5.709e-03 [colloc=2.987e-03, cfd=2.722e-03]  WALL=3.380e-15  DATA=7.611e-04
Invoked: SSBroyden1 approach!
[BFGS] batch=  99  call=  4625  total=1.968e-02  PDE=5.312e-03 [colloc=2.800e-03, cfd=2.512e-03]  WALL=3.360e-15  DATA=7.508e-04
Invoked: SSBroyden1 approach!
[BFGS] batch=  99  call=  4626  total=1.862e-02  PDE=4.907e-03 [colloc=2.621e-03, cfd=2.286e-03]  WALL=3.339e-15  DATA=7.450e-04
Invoked: SSBroyden1 approach!
[BFGS] batch=  99  call=  4627  total=1.819e-02  PDE=4.762e-03 [colloc=2.676e-03, cfd=2.086e-03]  WALL=3.323e-15  DATA=7.308e-04
Invoked: SSBroyden1 approach!
[BFGS] batch=  99  call=  4628  total=1.763e-02  PDE=4.519e-03 [colloc=2.511e-03, cfd=2.008e-03]  WALL=3.316e-15  DATA=7.282e-04
Invoked: SSBroyden1 approach!
[BFGS] batch=  99  call=  4629  total=1.688e-02  PDE=4.277e-03 [colloc=2.377e-03, cfd=1.899e-03]  WALL=3.306e-15  DATA=7.236e-04
Invoked: SSBroyden1 approach!
[BFGS] batch=  99  call=  4630  total=1.629e-02  PDE=4.073e-03 [colloc=2.308e-03, cfd=1.765e-03]  WALL=3.296e-15  DATA=7.176e-04
Invoked: SSBroyden1 approach!
[BFGS] batch=  99  call=  4631  total=1.560e-02  PDE=3.843e-03 [colloc=2.173e-03, cfd=1.670e-03]  WALL=3.293e-15  DATA=7.143e-04
Invoked: SSBroyden1 approach!
[BFGS] batch=  99  call=  4632  total=1.504e-02  PDE=3.649e-03 [colloc=2.088e-03, cfd=1.561e-03]  WALL=3.283e-15  DATA=7.093e-04
Invoked: SSBroyden1 approach!
[BFGS] batch=  99  call=  4633  total=1.441e-02  PDE=3.421e-03 [colloc=1.958e-03, cfd=1.463e-03]  WALL=3.281e-15  DATA=7.026e-04
Invoked: SSBroyden1 approach!
[BFGS] batch=  99  call=  4634  total=1.386e-02  PDE=3.235e-03 [colloc=1.881e-03, cfd=1.354e-03]  WALL=3.277e-15  DATA=6.962e-04
Invoked: SSBroyden1 approach!
[BFGS] batch=  99  call=  4635  total=1.365e-02  PDE=3.156e-03 [colloc=1.902e-03, cfd=1.254e-03]  WALL=3.274e-15  DATA=6.926e-04
Invoked: SSBroyden1 approach!
[BFGS] batch=  99  call=  4636  total=1.328e-02  PDE=3.037e-03 [colloc=1.814e-03, cfd=1.223e-03]  WALL=3.269e-15  DATA=6.906e-04
Invoked: SSBroyden1 approach!
[BFGS] batch=  99  call=  4637  total=1.291e-02  PDE=2.905e-03 [colloc=1.737e-03, cfd=1.168e-03]  WALL=3.264e-15  DATA=6.852e-04
Invoked: SSBroyden1 approach!
[BFGS] batch=  99  call=  4638  total=1.256e-02  PDE=2.778e-03 [colloc=1.661e-03, cfd=1.116e-03]  WALL=3.265e-15  DATA=6.830e-04
Invoked: SSBroyden1 approach!
[BFGS] batch=  99  call=  4639  total=1.226e-02  PDE=2.672e-03 [colloc=1.606e-03, cfd=1.067e-03]  WALL=3.257e-15  DATA=6.778e-04
Invoked: SSBroyden1 approach!
[BFGS] batch=  99  call=  4640  total=1.192e-02  PDE=2.547e-03 [colloc=1.524e-03, cfd=1.023e-03]  WALL=3.248e-15  DATA=6.742e-04
Invoked: SSBroyden1 approach!
[BFGS] batch=  99  call=  4641  total=1.171e-02  PDE=2.472e-03 [colloc=1.499e-03, cfd=9.730e-04]  WALL=3.245e-15  DATA=6.694e-04
Invoked: SSBroyden1 approach!
[BFGS] batch=  99  call=  4642  total=1.147e-02  PDE=2.382e-03 [colloc=1.435e-03, cfd=9.466e-04]  WALL=3.240e-15  DATA=6.665e-04
Invoked: SSBroyden1 approach!
[BFGS] batch=  99  call=  4643  total=1.118e-02  PDE=2.299e-03 [colloc=1.386e-03, cfd=9.124e-04]  WALL=3.238e-15  DATA=6.647e-04
Invoked: SSBroyden1 approach!
[BFGS] batch=  99  call=  4644  total=1.095e-02  PDE=2.225e-03 [colloc=1.360e-03, cfd=8.656e-04]  WALL=3.239e-15  DATA=6.597e-04
Invoked: SSBroyden1 approach!
[BFGS] batch=  99  call=  4645  total=1.070e-02  PDE=2.129e-03 [colloc=1.297e-03, cfd=8.317e-04]  WALL=3.236e-15  DATA=6.577e-04
Invoked: SSBroyden1 approach!
[BFGS] batch=  99  call=  4646  total=1.057e-02  PDE=2.064e-03 [colloc=1.266e-03, cfd=7.979e-04]  WALL=3.233e-15  DATA=6.562e-04
Invoked: SSBroyden1 approach!
[BFGS] batch=  99  call=  4647  total=1.038e-02  PDE=2.008e-03 [colloc=1.227e-03, cfd=7.807e-04]  WALL=3.228e-15  DATA=6.541e-04
Invoked: SSBroyden1 approach!
[BFGS] batch=  99  call=  4648  total=1.022e-02  PDE=1.946e-03 [colloc=1.191e-03, cfd=7.547e-04]  WALL=3.229e-15  DATA=6.528e-04
Invoked: SSBroyden1 approach!
[BFGS] batch=  99  call=  4649  total=1.003e-02  PDE=1.883e-03 [colloc=1.151e-03, cfd=7.311e-04]  WALL=3.223e-15  DATA=6.504e-04
Invoked: SSBroyden1 approach!
[BFGS] batch=  99  call=  4650  total=9.896e-03  PDE=1.824e-03 [colloc=1.123e-03, cfd=7.008e-04]  WALL=3.220e-15  DATA=6.478e-04
Invoked: SSBroyden1 approach!
[BFGS] batch=  99  call=  4651  total=9.689e-03  PDE=1.770e-03 [colloc=1.091e-03, cfd=6.793e-04]  WALL=3.218e-15  DATA=6.470e-04
Invoked: SSBroyden1 approach!
[BFGS] batch=  99  call=  4652  total=9.526e-03  PDE=1.713e-03 [colloc=1.069e-03, cfd=6.442e-04]  WALL=3.209e-15  DATA=6.443e-04
Invoked: SSBroyden1 approach!
[BFGS] batch=  99  call=  4653  total=9.383e-03  PDE=1.663e-03 [colloc=1.052e-03, cfd=6.111e-04]  WALL=3.203e-15  DATA=6.428e-04
Invoked: SSBroyden1 approach!
[BFGS] batch=  99  call=  4654  total=9.269e-03  PDE=1.611e-03 [colloc=1.029e-03, cfd=5.824e-04]  WALL=3.199e-15  DATA=6.416e-04
Invoked: SSBroyden1 approach!
[BFGS] batch=  99  call=  4655  total=9.148e-03  PDE=1.570e-03 [colloc=1.011e-03, cfd=5.585e-04]  WALL=3.197e-15  DATA=6.401e-04
Invoked: SSBroyden1 approach!
[BFGS] batch=  99  call=  4656  total=9.020e-03  PDE=1.527e-03 [colloc=9.958e-04, cfd=5.307e-04]  WALL=3.194e-15  DATA=6.391e-04
Invoked: SSBroyden1 approach!
[BFGS] batch=  99  call=  4657  total=8.982e-03  PDE=1.493e-03 [colloc=9.902e-04, cfd=5.032e-04]  WALL=3.188e-15  DATA=6.380e-04
Invoked: SSBroyden1 approach!
[BFGS] batch=  99  call=  4658  total=8.873e-03  PDE=1.470e-03 [colloc=9.745e-04, cfd=4.951e-04]  WALL=3.187e-15  DATA=6.378e-04
Invoked: SSBroyden1 approach!
[BFGS] batch=  99  call=  4659  total=8.765e-03  PDE=1.443e-03 [colloc=9.702e-04, cfd=4.730e-04]  WALL=3.187e-15  DATA=6.358e-04
Invoked: SSBroyden1 approach!
[BFGS] batch=  99  call=  4660  total=8.699e-03  PDE=1.410e-03 [colloc=9.587e-04, cfd=4.517e-04]  WALL=3.189e-15  DATA=6.356e-04
Invoked: SSBroyden1 approach!
[BFGS] batch=  99  call=  4661  total=8.611e-03  PDE=1.371e-03 [colloc=9.314e-04, cfd=4.401e-04]  WALL=3.190e-15  DATA=6.355e-04
Invoked: SSBroyden1 approach!
[BFGS] batch=  99  call=  4662  total=8.481e-03  PDE=1.336e-03 [colloc=9.111e-04, cfd=4.251e-04]  WALL=3.189e-15  DATA=6.334e-04
Invoked: SSBroyden1 approach!
[BFGS] batch=  99  call=  4663  total=8.440e-03  PDE=1.317e-03 [colloc=9.145e-04, cfd=4.028e-04]  WALL=3.186e-15  DATA=6.314e-04
Invoked: SSBroyden1 approach!
[BFGS] batch=  99  call=  4664  total=8.399e-03  PDE=1.295e-03 [colloc=9.000e-04, cfd=3.950e-04]  WALL=3.186e-15  DATA=6.313e-04
Invoked: SSBroyden1 approach!
[BFGS] batch=  99  call=  4665  total=8.345e-03  PDE=1.271e-03 [colloc=8.837e-04, cfd=3.872e-04]  WALL=3.184e-15  DATA=6.310e-04
Invoked: SSBroyden1 approach!
[BFGS] batch=  99  call=  4666  total=8.224e-03  PDE=1.243e-03 [colloc=8.658e-04, cfd=3.770e-04]  WALL=3.183e-15  DATA=6.305e-04
Invoked: SSBroyden1 approach!
[BFGS] batch=  99  call=  4667  total=8.187e-03  PDE=1.227e-03 [colloc=8.780e-04, cfd=3.488e-04]  WALL=3.182e-15  DATA=6.290e-04
Invoked: SSBroyden1 approach!
[BFGS] batch=  99  call=  4668  total=8.115e-03  PDE=1.205e-03 [colloc=8.630e-04, cfd=3.421e-04]  WALL=3.182e-15  DATA=6.285e-04
Invoked: SSBroyden1 approach!
[BFGS] batch=  99  call=  4669  total=8.071e-03  PDE=1.174e-03 [colloc=8.435e-04, cfd=3.307e-04]  WALL=3.179e-15  DATA=6.275e-04
Invoked: SSBroyden1 approach!
[BFGS] batch=  99  call=  4670  total=8.001e-03  PDE=1.150e-03 [colloc=8.261e-04, cfd=3.239e-04]  WALL=3.178e-15  DATA=6.273e-04
Invoked: SSBroyden1 approach!
[BFGS] batch=  99  call=  4671  total=7.916e-03  PDE=1.129e-03 [colloc=8.183e-04, cfd=3.102e-04]  WALL=3.176e-15  DATA=6.262e-04
Invoked: SSBroyden1 approach!
[BFGS] batch=  99  call=  4673  total=7.889e-03  PDE=1.114e-03 [colloc=8.108e-04, cfd=3.034e-04]  WALL=3.175e-15  DATA=6.259e-04
Invoked: SSBroyden1 approach!
[BFGS] batch=  99  call=  4674  total=7.801e-03  PDE=1.099e-03 [colloc=8.032e-04, cfd=2.957e-04]  WALL=3.174e-15  DATA=6.258e-04
Invoked: SSBroyden1 approach!
[BFGS] batch=  99  call=  4676  total=7.778e-03  PDE=1.082e-03 [colloc=7.967e-04, cfd=2.848e-04]  WALL=3.173e-15  DATA=6.252e-04
Invoked: SSBroyden1 approach!
[BFGS] batch=  99  call=  4677  total=7.753e-03  PDE=1.068e-03 [colloc=7.883e-04, cfd=2.795e-04]  WALL=3.174e-15  DATA=6.253e-04
Invoked: SSBroyden1 approach!
[BFGS] batch=  99  call=  4678  total=7.732e-03  PDE=1.055e-03 [colloc=7.813e-04, cfd=2.738e-04]  WALL=3.174e-15  DATA=6.249e-04
Invoked: SSBroyden1 approach!
[BFGS] batch=  99  call=  4679  total=7.696e-03  PDE=1.042e-03 [colloc=7.740e-04, cfd=2.681e-04]  WALL=3.174e-15  DATA=6.250e-04
Invoked: SSBroyden1 approach!
[BFGS] batch=  99  call=  4680  total=7.636e-03  PDE=1.026e-03 [colloc=7.682e-04, cfd=2.576e-04]  WALL=3.174e-15  DATA=6.249e-04
Invoked: SSBroyden1 approach!
[BFGS] batch=  99  call=  4682  total=7.597e-03  PDE=1.016e-03 [colloc=7.651e-04, cfd=2.505e-04]  WALL=3.174e-15  DATA=6.247e-04
Invoked: SSBroyden1 approach!
[BFGS] batch=  99  call=  4683  total=7.597e-03  PDE=1.005e-03 [colloc=7.648e-04, cfd=2.403e-04]  WALL=3.171e-15  DATA=6.243e-04
  [PT] w_u=80.5429 w_v=75.0577 gamma=1.000 (tau_u=1.242e-02 tau_v=1.332e-02 |Du|=1.06e+00 |DRu|=1.29e+02)
[BFGS] batch 99: H0 not PD — resetting to identity.
[BFGS-END] batch=  99  last_total=7.595e-03  last_PDE=1.005e-03 [colloc=7.647e-04, cfd=2.402e-04]  last_WALL=3.171e-15  last_DATA=6.243e-04
/oscar/home/jchen790/cylinder flow lab/src/cfp40.py:1430: OptimizeWarning: Unknown solver options: hess, hessp, bounds, constraints, tol
  result = minimize(
Invoked: SSBroyden1 approach!
[BFGS] batch= 100  call=  4706  total=1.775e-01  PDE=6.617e-02 [colloc=6.593e-02, cfd=2.412e-04]  WALL=3.214e-15  DATA=6.996e-04
Invoked: SSBroyden1 approach!
[BFGS] batch= 100  call=  4708  total=1.112e-01  PDE=4.066e-02 [colloc=4.042e-02, cfd=2.414e-04]  WALL=3.218e-15  DATA=7.103e-04
Invoked: SSBroyden1 approach!
[BFGS] batch= 100  call=  4710  total=8.891e-02  PDE=3.210e-02 [colloc=3.185e-02, cfd=2.416e-04]  WALL=3.206e-15  DATA=7.100e-04
Invoked: SSBroyden1 approach!
[BFGS] batch= 100  call=  4712  total=8.317e-02  PDE=2.987e-02 [colloc=2.963e-02, cfd=2.421e-04]  WALL=3.229e-15  DATA=7.197e-04
Invoked: SSBroyden1 approach!
[BFGS] batch= 100  call=  4713  total=7.814e-02  PDE=2.794e-02 [colloc=2.769e-02, cfd=2.427e-04]  WALL=3.218e-15  DATA=7.136e-04
Invoked: SSBroyden1 approach!
[BFGS] batch= 100  call=  4714  total=7.506e-02  PDE=2.675e-02 [colloc=2.651e-02, cfd=2.431e-04]  WALL=3.233e-15  DATA=7.176e-04
Invoked: SSBroyden1 approach!
[BFGS] batch= 100  call=  4715  total=7.263e-02  PDE=2.581e-02 [colloc=2.557e-02, cfd=2.426e-04]  WALL=3.231e-15  DATA=7.161e-04
Invoked: SSBroyden1 approach!
[BFGS] batch= 100  call=  4716  total=7.081e-02  PDE=2.512e-02 [colloc=2.488e-02, cfd=2.421e-04]  WALL=3.214e-15  DATA=7.140e-04
Invoked: SSBroyden1 approach!
[BFGS] batch= 100  call=  4718  total=6.986e-02  PDE=2.477e-02 [colloc=2.453e-02, cfd=2.421e-04]  WALL=3.218e-15  DATA=7.132e-04
Invoked: SSBroyden1 approach!
[BFGS] batch= 100  call=  4719  total=6.874e-02  PDE=2.432e-02 [colloc=2.408e-02, cfd=2.415e-04]  WALL=3.212e-15  DATA=7.141e-04
Invoked: SSBroyden1 approach!
[BFGS] batch= 100  call=  4720  total=6.794e-02  PDE=2.401e-02 [colloc=2.377e-02, cfd=2.414e-04]  WALL=3.218e-15  DATA=7.131e-04
Invoked: SSBroyden1 approach!
[BFGS] batch= 100  call=  4721  total=6.762e-02  PDE=2.390e-02 [colloc=2.366e-02, cfd=2.413e-04]  WALL=3.222e-15  DATA=7.155e-04
Invoked: SSBroyden1 approach!
[BFGS] batch= 100  call=  4722  total=6.723e-02  PDE=2.374e-02 [colloc=2.350e-02, cfd=2.416e-04]  WALL=3.226e-15  DATA=7.154e-04
Invoked: SSBroyden1 approach!
[BFGS] batch= 100  call=  4723  total=6.700e-02  PDE=2.366e-02 [colloc=2.342e-02, cfd=2.419e-04]  WALL=3.229e-15  DATA=7.140e-04
Invoked: SSBroyden1 approach!
[BFGS] batch= 100  call=  4724  total=6.673e-02  PDE=2.355e-02 [colloc=2.331e-02, cfd=2.423e-04]  WALL=3.227e-15  DATA=7.149e-04
Invoked: SSBroyden1 approach!
[BFGS] batch= 100  call=  4725  total=6.640e-02  PDE=2.343e-02 [colloc=2.319e-02, cfd=2.431e-04]  WALL=3.229e-15  DATA=7.155e-04
Invoked: SSBroyden1 approach!
[BFGS] batch= 100  call=  4726  total=6.619e-02  PDE=2.333e-02 [colloc=2.309e-02, cfd=2.438e-04]  WALL=3.234e-15  DATA=7.165e-04
Invoked: SSBroyden1 approach!
[BFGS] batch= 100  call=  4727  total=6.600e-02  PDE=2.326e-02 [colloc=2.302e-02, cfd=2.440e-04]  WALL=3.234e-15  DATA=7.170e-04
Invoked: SSBroyden1 approach!
[BFGS] batch= 100  call=  4728  total=6.571e-02  PDE=2.316e-02 [colloc=2.291e-02, cfd=2.440e-04]  WALL=3.237e-15  DATA=7.171e-04
Invoked: SSBroyden1 approach!
[BFGS] batch= 100  call=  4729  total=6.536e-02  PDE=2.302e-02 [colloc=2.278e-02, cfd=2.444e-04]  WALL=3.241e-15  DATA=7.167e-04
Invoked: SSBroyden1 approach!
[BFGS] batch= 100  call=  4730  total=6.492e-02  PDE=2.286e-02 [colloc=2.261e-02, cfd=2.449e-04]  WALL=3.242e-15  DATA=7.171e-04
Invoked: SSBroyden1 approach!
[BFGS] batch= 100  call=  4731  total=6.444e-02  PDE=2.267e-02 [colloc=2.243e-02, cfd=2.457e-04]  WALL=3.244e-15  DATA=7.188e-04
Invoked: SSBroyden1 approach!
[BFGS] batch= 100  call=  4732  total=6.379e-02  PDE=2.242e-02 [colloc=2.218e-02, cfd=2.482e-04]  WALL=3.247e-15  DATA=7.190e-04
Invoked: SSBroyden1 approach!
[BFGS] batch= 100  call=  4733  total=6.269e-02  PDE=2.198e-02 [colloc=2.173e-02, cfd=2.514e-04]  WALL=3.252e-15  DATA=7.206e-04
Invoked: SSBroyden1 approach!
[BFGS] batch= 100  call=  4735  total=5.594e-02  PDE=1.933e-02 [colloc=1.901e-02, cfd=3.122e-04]  WALL=3.311e-15  DATA=7.470e-04
Invoked: SSBroyden1 approach!
[BFGS] batch= 100  call=  4737  total=5.351e-02  PDE=1.835e-02 [colloc=1.801e-02, cfd=3.474e-04]  WALL=3.331e-15  DATA=7.598e-04
Invoked: SSBroyden1 approach!
[BFGS] batch= 100  call=  4739  total=5.327e-02  PDE=1.825e-02 [colloc=1.790e-02, cfd=3.512e-04]  WALL=3.334e-15  DATA=7.623e-04
Invoked: SSBroyden1 approach!
[BFGS] batch= 100  call=  4740  total=5.304e-02  PDE=1.817e-02 [colloc=1.782e-02, cfd=3.531e-04]  WALL=3.334e-15  DATA=7.638e-04
Invoked: SSBroyden1 approach!
[BFGS] batch= 100  call=  4741  total=5.275e-02  PDE=1.805e-02 [colloc=1.770e-02, cfd=3.535e-04]  WALL=3.332e-15  DATA=7.645e-04
Invoked: SSBroyden1 approach!
[BFGS] batch= 100  call=  4742  total=5.245e-02  PDE=1.791e-02 [colloc=1.756e-02, cfd=3.514e-04]  WALL=3.331e-15  DATA=7.649e-04
Invoked: SSBroyden1 approach!
[BFGS] batch= 100  call=  4743  total=5.195e-02  PDE=1.773e-02 [colloc=1.738e-02, cfd=3.499e-04]  WALL=3.331e-15  DATA=7.645e-04
Invoked: SSBroyden1 approach!
[BFGS] batch= 100  call=  4744  total=5.124e-02  PDE=1.746e-02 [colloc=1.711e-02, cfd=3.483e-04]  WALL=3.329e-15  DATA=7.652e-04
Invoked: SSBroyden1 approach!
[BFGS] batch= 100  call=  4745  total=5.053e-02  PDE=1.719e-02 [colloc=1.685e-02, cfd=3.492e-04]  WALL=3.322e-15  DATA=7.641e-04
Invoked: SSBroyden1 approach!
[BFGS] batch= 100  call=  4746  total=4.980e-02  PDE=1.691e-02 [colloc=1.656e-02, cfd=3.502e-04]  WALL=3.319e-15  DATA=7.628e-04
Invoked: SSBroyden1 approach!
[BFGS] batch= 100  call=  4747  total=4.882e-02  PDE=1.651e-02 [colloc=1.616e-02, cfd=3.558e-04]  WALL=3.320e-15  DATA=7.627e-04
Invoked: SSBroyden1 approach!
[BFGS] batch= 100  call=  4748  total=4.734e-02  PDE=1.593e-02 [colloc=1.557e-02, cfd=3.651e-04]  WALL=3.324e-15  DATA=7.639e-04
Invoked: SSBroyden1 approach!
[BFGS] batch= 100  call=  4749  total=4.452e-02  PDE=1.484e-02 [colloc=1.446e-02, cfd=3.810e-04]  WALL=3.320e-15  DATA=7.661e-04
Invoked: SSBroyden1 approach!
[BFGS] batch= 100  call=  4750  total=4.027e-02  PDE=1.319e-02 [colloc=1.277e-02, cfd=4.224e-04]  WALL=3.311e-15  DATA=7.742e-04
Invoked: SSBroyden1 approach!
[BFGS] batch= 100  call=  4752  total=3.918e-02  PDE=1.276e-02 [colloc=1.232e-02, cfd=4.409e-04]  WALL=3.320e-15  DATA=7.798e-04
Invoked: SSBroyden1 approach!
[BFGS] batch= 100  call=  4753  total=3.835e-02  PDE=1.244e-02 [colloc=1.198e-02, cfd=4.592e-04]  WALL=3.322e-15  DATA=7.833e-04
Invoked: SSBroyden1 approach!
[BFGS] batch= 100  call=  4754  total=3.776e-02  PDE=1.220e-02 [colloc=1.174e-02, cfd=4.610e-04]  WALL=3.323e-15  DATA=7.867e-04
Invoked: SSBroyden1 approach!
[BFGS] batch= 100  call=  4755  total=3.711e-02  PDE=1.196e-02 [colloc=1.150e-02, cfd=4.560e-04]  WALL=3.315e-15  DATA=7.866e-04
Invoked: SSBroyden1 approach!
[BFGS] batch= 100  call=  4756  total=3.623e-02  PDE=1.162e-02 [colloc=1.117e-02, cfd=4.517e-04]  WALL=3.310e-15  DATA=7.875e-04
Invoked: SSBroyden1 approach!
[BFGS] batch= 100  call=  4757  total=3.519e-02  PDE=1.122e-02 [colloc=1.077e-02, cfd=4.478e-04]  WALL=3.303e-15  DATA=7.870e-04
Invoked: SSBroyden1 approach!
[BFGS] batch= 100  call=  4758  total=3.406e-02  PDE=1.078e-02 [colloc=1.034e-02, cfd=4.395e-04]  WALL=3.300e-15  DATA=7.884e-04
Invoked: SSBroyden1 approach!
[BFGS] batch= 100  call=  4759  total=3.299e-02  PDE=1.039e-02 [colloc=9.960e-03, cfd=4.310e-04]  WALL=3.291e-15  DATA=7.860e-04
Invoked: SSBroyden1 approach!
[BFGS] batch= 100  call=  4760  total=3.164e-02  PDE=9.865e-03 [colloc=9.446e-03, cfd=4.190e-04]  WALL=3.290e-15  DATA=7.875e-04
Invoked: SSBroyden1 approach!
[BFGS] batch= 100  call=  4761  total=3.013e-02  PDE=9.288e-03 [colloc=8.885e-03, cfd=4.031e-04]  WALL=3.286e-15  DATA=7.892e-04
Invoked: SSBroyden1 approach!
[BFGS] batch= 100  call=  4762  total=2.941e-02  PDE=9.014e-03 [colloc=8.629e-03, cfd=3.856e-04]  WALL=3.278e-15  DATA=7.902e-04
Invoked: SSBroyden1 approach!
[BFGS] batch= 100  call=  4763  total=2.837e-02  PDE=8.604e-03 [colloc=8.224e-03, cfd=3.795e-04]  WALL=3.271e-15  DATA=7.917e-04
Invoked: SSBroyden1 approach!
[BFGS] batch= 100  call=  4764  total=2.678e-02  PDE=8.004e-03 [colloc=7.635e-03, cfd=3.694e-04]  WALL=3.262e-15  DATA=7.908e-04
Invoked: SSBroyden1 approach!
[BFGS] batch= 100  call=  4765  total=2.506e-02  PDE=7.343e-03 [colloc=6.980e-03, cfd=3.631e-04]  WALL=3.260e-15  DATA=7.881e-04
Invoked: SSBroyden1 approach!
[BFGS] batch= 100  call=  4766  total=2.367e-02  PDE=6.824e-03 [colloc=6.464e-03, cfd=3.599e-04]  WALL=3.260e-15  DATA=7.871e-04
Invoked: SSBroyden1 approach!
[BFGS] batch= 100  call=  4767  total=2.214e-02  PDE=6.233e-03 [colloc=5.867e-03, cfd=3.653e-04]  WALL=3.254e-15  DATA=7.843e-04
Invoked: SSBroyden1 approach!
[BFGS] batch= 100  call=  4768  total=2.057e-02  PDE=5.638e-03 [colloc=5.265e-03, cfd=3.726e-04]  WALL=3.251e-15  DATA=7.844e-04
Invoked: SSBroyden1 approach!
[BFGS] batch= 100  call=  4769  total=1.895e-02  PDE=5.005e-03 [colloc=4.626e-03, cfd=3.789e-04]  WALL=3.248e-15  DATA=7.840e-04
Invoked: SSBroyden1 approach!
[BFGS] batch= 100  call=  4770  total=1.799e-02  PDE=4.658e-03 [colloc=4.269e-03, cfd=3.889e-04]  WALL=3.233e-15  DATA=7.740e-04
Invoked: SSBroyden1 approach!
[BFGS] batch= 100  call=  4771  total=1.695e-02  PDE=4.284e-03 [colloc=3.896e-03, cfd=3.876e-04]  WALL=3.223e-15  DATA=7.691e-04
Invoked: SSBroyden1 approach!
[BFGS] batch= 100  call=  4772  total=1.619e-02  PDE=3.968e-03 [colloc=3.594e-03, cfd=3.735e-04]  WALL=3.214e-15  DATA=7.674e-04
Invoked: SSBroyden1 approach!
[BFGS] batch= 100  call=  4773  total=1.599e-02  PDE=3.922e-03 [colloc=3.561e-03, cfd=3.605e-04]  WALL=3.215e-15  DATA=7.604e-04
Invoked: SSBroyden1 approach!
[BFGS] batch= 100  call=  4774  total=1.570e-02  PDE=3.800e-03 [colloc=3.443e-03, cfd=3.565e-04]  WALL=3.213e-15  DATA=7.593e-04
Invoked: SSBroyden1 approach!
[BFGS] batch= 100  call=  4775  total=1.525e-02  PDE=3.630e-03 [colloc=3.280e-03, cfd=3.499e-04]  WALL=3.215e-15  DATA=7.603e-04
Invoked: SSBroyden1 approach!
[BFGS] batch= 100  call=  4776  total=1.473e-02  PDE=3.428e-03 [colloc=3.090e-03, cfd=3.377e-04]  WALL=3.213e-15  DATA=7.552e-04
Invoked: SSBroyden1 approach!
[BFGS] batch= 100  call=  4777  total=1.406e-02  PDE=3.189e-03 [colloc=2.864e-03, cfd=3.245e-04]  WALL=3.217e-15  DATA=7.541e-04
Invoked: SSBroyden1 approach!
[BFGS] batch= 100  call=  4778  total=1.342e-02  PDE=2.956e-03 [colloc=2.642e-03, cfd=3.139e-04]  WALL=3.212e-15  DATA=7.544e-04
Invoked: SSBroyden1 approach!
[BFGS] batch= 100  call=  4779  total=1.276e-02  PDE=2.693e-03 [colloc=2.391e-03, cfd=3.027e-04]  WALL=3.208e-15  DATA=7.538e-04
Invoked: SSBroyden1 approach!
[BFGS] batch= 100  call=  4780  total=1.239e-02  PDE=2.548e-03 [colloc=2.254e-03, cfd=2.933e-04]  WALL=3.212e-15  DATA=7.528e-04
Invoked: SSBroyden1 approach!
[BFGS] batch= 100  call=  4781  total=1.205e-02  PDE=2.437e-03 [colloc=2.149e-03, cfd=2.883e-04]  WALL=3.214e-15  DATA=7.536e-04
Invoked: SSBroyden1 approach!
[BFGS] batch= 100  call=  4782  total=1.165e-02  PDE=2.283e-03 [colloc=2.000e-03, cfd=2.831e-04]  WALL=3.214e-15  DATA=7.535e-04
Invoked: SSBroyden1 approach!
[BFGS] batch= 100  call=  4783  total=1.139e-02  PDE=2.174e-03 [colloc=1.892e-03, cfd=2.825e-04]  WALL=3.213e-15  DATA=7.523e-04
Invoked: SSBroyden1 approach!
[BFGS] batch= 100  call=  4784  total=1.111e-02  PDE=2.072e-03 [colloc=1.788e-03, cfd=2.841e-04]  WALL=3.212e-15  DATA=7.518e-04
Invoked: SSBroyden1 approach!
[BFGS] batch= 100  call=  4785  total=1.078e-02  PDE=1.942e-03 [colloc=1.659e-03, cfd=2.838e-04]  WALL=3.213e-15  DATA=7.497e-04
Invoked: SSBroyden1 approach!
[BFGS] batch= 100  call=  4786  total=1.046e-02  PDE=1.837e-03 [colloc=1.552e-03, cfd=2.845e-04]  WALL=3.207e-15  DATA=7.472e-04
Invoked: SSBroyden1 approach!
[BFGS] batch= 100  call=  4787  total=1.025e-02  PDE=1.766e-03 [colloc=1.484e-03, cfd=2.827e-04]  WALL=3.210e-15  DATA=7.469e-04
Invoked: SSBroyden1 approach!
[BFGS] batch= 100  call=  4788  total=1.006e-02  PDE=1.689e-03 [colloc=1.414e-03, cfd=2.751e-04]  WALL=3.212e-15  DATA=7.453e-04
Invoked: SSBroyden1 approach!
[BFGS] batch= 100  call=  4789  total=9.857e-03  PDE=1.622e-03 [colloc=1.354e-03, cfd=2.683e-04]  WALL=3.213e-15  DATA=7.466e-04
Invoked: SSBroyden1 approach!
[BFGS] batch= 100  call=  4790  total=9.677e-03  PDE=1.555e-03 [colloc=1.298e-03, cfd=2.567e-04]  WALL=3.216e-15  DATA=7.461e-04
Invoked: SSBroyden1 approach!
[BFGS] batch= 100  call=  4791  total=9.564e-03  PDE=1.503e-03 [colloc=1.250e-03, cfd=2.525e-04]  WALL=3.211e-15  DATA=7.447e-04
Invoked: SSBroyden1 approach!
[BFGS] batch= 100  call=  4792  total=9.397e-03  PDE=1.460e-03 [colloc=1.211e-03, cfd=2.491e-04]  WALL=3.208e-15  DATA=7.434e-04
Invoked: SSBroyden1 approach!
[BFGS] batch= 100  call=  4794  total=9.373e-03  PDE=1.431e-03 [colloc=1.184e-03, cfd=2.465e-04]  WALL=3.208e-15  DATA=7.426e-04
Invoked: SSBroyden1 approach!
[BFGS] batch= 100  call=  4795  total=9.296e-03  PDE=1.416e-03 [colloc=1.170e-03, cfd=2.461e-04]  WALL=3.208e-15  DATA=7.423e-04
Invoked: SSBroyden1 approach!
[BFGS] batch= 100  call=  4796  total=9.166e-03  PDE=1.375e-03 [colloc=1.129e-03, cfd=2.457e-04]  WALL=3.209e-15  DATA=7.415e-04
Invoked: SSBroyden1 approach!
[BFGS] batch= 100  call=  4797  total=9.045e-03  PDE=1.331e-03 [colloc=1.088e-03, cfd=2.432e-04]  WALL=3.208e-15  DATA=7.402e-04
Invoked: SSBroyden1 approach!
[BFGS] batch= 100  call=  4798  total=8.949e-03  PDE=1.288e-03 [colloc=1.047e-03, cfd=2.409e-04]  WALL=3.208e-15  DATA=7.391e-04
Invoked: SSBroyden1 approach!
[BFGS] batch= 100  call=  4799  total=8.870e-03  PDE=1.259e-03 [colloc=1.018e-03, cfd=2.411e-04]  WALL=3.205e-15  DATA=7.386e-04
Invoked: SSBroyden1 approach!
[BFGS] batch= 100  call=  4800  total=8.803e-03  PDE=1.225e-03 [colloc=9.828e-04, cfd=2.420e-04]  WALL=3.204e-15  DATA=7.365e-04
Invoked: SSBroyden1 approach!
[BFGS] batch= 100  call=  4801  total=8.708e-03  PDE=1.191e-03 [colloc=9.528e-04, cfd=2.384e-04]  WALL=3.204e-15  DATA=7.350e-04
Invoked: SSBroyden1 approach!
[BFGS] batch= 100  call=  4802  total=8.602e-03  PDE=1.156e-03 [colloc=9.266e-04, cfd=2.295e-04]  WALL=3.204e-15  DATA=7.341e-04
Invoked: SSBroyden1 approach!
[BFGS] batch= 100  call=  4803  total=8.526e-03  PDE=1.149e-03 [colloc=9.252e-04, cfd=2.237e-04]  WALL=3.201e-15  DATA=7.336e-04
Invoked: SSBroyden1 approach!
[BFGS] batch= 100  call=  4804  total=8.523e-03  PDE=1.134e-03 [colloc=9.117e-04, cfd=2.222e-04]  WALL=3.199e-15  DATA=7.327e-04
Invoked: SSBroyden1 approach!
[BFGS] batch= 100  call=  4806  total=8.472e-03  PDE=1.123e-03 [colloc=9.005e-04, cfd=2.223e-04]  WALL=3.199e-15  DATA=7.324e-04
Invoked: SSBroyden1 approach!
[BFGS] batch= 100  call=  4807  total=8.397e-03  PDE=1.099e-03 [colloc=8.772e-04, cfd=2.219e-04]  WALL=3.200e-15  DATA=7.307e-04
Invoked: SSBroyden1 approach!
[BFGS] batch= 100  call=  4808  total=8.312e-03  PDE=1.074e-03 [colloc=8.545e-04, cfd=2.199e-04]  WALL=3.200e-15  DATA=7.290e-04
Invoked: SSBroyden1 approach!
[BFGS] batch= 100  call=  4809  total=8.241e-03  PDE=1.050e-03 [colloc=8.338e-04, cfd=2.160e-04]  WALL=3.203e-15  DATA=7.279e-04
Invoked: SSBroyden1 approach!
[BFGS] batch= 100  call=  4810  total=8.221e-03  PDE=1.038e-03 [colloc=8.246e-04, cfd=2.131e-04]  WALL=3.205e-15  DATA=7.251e-04
Invoked: SSBroyden1 approach!
[BFGS] batch= 100  call=  4811  total=8.191e-03  PDE=1.028e-03 [colloc=8.151e-04, cfd=2.125e-04]  WALL=3.205e-15  DATA=7.247e-04
Invoked: SSBroyden1 approach!
[BFGS] batch= 100  call=  4812  total=8.142e-03  PDE=1.016e-03 [colloc=8.041e-04, cfd=2.119e-04]  WALL=3.203e-15  DATA=7.228e-04
Invoked: SSBroyden1 approach!
[BFGS] batch= 100  call=  4813  total=8.112e-03  PDE=1.007e-03 [colloc=7.967e-04, cfd=2.105e-04]  WALL=3.202e-15  DATA=7.201e-04
Invoked: SSBroyden1 approach!
[BFGS] batch= 100  call=  4814  total=8.100e-03  PDE=9.935e-04 [colloc=7.840e-04, cfd=2.094e-04]  WALL=3.201e-15  DATA=7.193e-04
Invoked: SSBroyden1 approach!
[BFGS] batch= 100  call=  4815  total=8.051e-03  PDE=9.867e-04 [colloc=7.780e-04, cfd=2.087e-04]  WALL=3.200e-15  DATA=7.188e-04
Invoked: SSBroyden1 approach!
[BFGS] batch= 100  call=  4816  total=8.009e-03  PDE=9.761e-04 [colloc=7.692e-04, cfd=2.069e-04]  WALL=3.199e-15  DATA=7.159e-04
Invoked: SSBroyden1 approach!
[BFGS] batch= 100  call=  4817  total=7.932e-03  PDE=9.665e-04 [colloc=7.630e-04, cfd=2.035e-04]  WALL=3.198e-15  DATA=7.139e-04
Invoked: SSBroyden1 approach!
[BFGS] batch= 100  call=  4819  total=7.924e-03  PDE=9.560e-04 [colloc=7.556e-04, cfd=2.004e-04]  WALL=3.198e-15  DATA=7.135e-04
Invoked: SSBroyden1 approach!
[BFGS] batch= 100  call=  4820  total=7.903e-03  PDE=9.517e-04 [colloc=7.523e-04, cfd=1.993e-04]  WALL=3.197e-15  DATA=7.129e-04
Invoked: SSBroyden1 approach!
[BFGS] batch= 100  call=  4821  total=7.878e-03  PDE=9.423e-04 [colloc=7.449e-04, cfd=1.973e-04]  WALL=3.197e-15  DATA=7.117e-04
Invoked: SSBroyden1 approach!
[BFGS] batch= 100  call=  4822  total=7.871e-03  PDE=9.338e-04 [colloc=7.393e-04, cfd=1.945e-04]  WALL=3.195e-15  DATA=7.096e-04
Invoked: SSBroyden1 approach!
[BFGS] batch= 100  call=  4823  total=7.822e-03  PDE=9.299e-04 [colloc=7.366e-04, cfd=1.934e-04]  WALL=3.194e-15  DATA=7.092e-04
Invoked: SSBroyden1 approach!
[BFGS] batch= 100  call=  4824  total=7.818e-03  PDE=9.218e-04 [colloc=7.361e-04, cfd=1.857e-04]  WALL=3.192e-15  DATA=7.055e-04
Invoked: SSBroyden1 approach!
[BFGS] batch= 100  call=  4825  total=7.761e-03  PDE=9.192e-04 [colloc=7.339e-04, cfd=1.852e-04]  WALL=3.192e-15  DATA=7.052e-04
Invoked: SSBroyden1 approach!
[BFGS] batch= 100  call=  4826  total=7.725e-03  PDE=9.119e-04 [colloc=7.336e-04, cfd=1.783e-04]  WALL=3.188e-15  DATA=7.003e-04
Invoked: SSBroyden1 approach!
[BFGS] batch= 100  call=  4827  total=7.685e-03  PDE=8.993e-04 [colloc=7.272e-04, cfd=1.721e-04]  WALL=3.187e-15  DATA=6.983e-04
Invoked: SSBroyden1 approach!
[BFGS] batch= 100  call=  4828  total=7.647e-03  PDE=8.843e-04 [colloc=7.185e-04, cfd=1.658e-04]  WALL=3.185e-15  DATA=6.960e-04
Invoked: SSBroyden1 approach!
[BFGS] batch= 100  call=  4829  total=7.644e-03  PDE=8.813e-04 [colloc=7.173e-04, cfd=1.640e-04]  WALL=3.183e-15  DATA=6.928e-04
Invoked: SSBroyden1 approach!
[BFGS] batch= 100  call=  4840  total=7.617e-03  PDE=8.795e-04 [colloc=7.160e-04, cfd=1.635e-04]  WALL=3.183e-15  DATA=6.925e-04
Invoked: SSBroyden1 approach!
[BFGS] batch= 100  call=  4842  total=7.612e-03  PDE=8.765e-04 [colloc=7.140e-04, cfd=1.625e-04]  WALL=3.183e-15  DATA=6.922e-04
Invoked: SSBroyden1 approach!
[BFGS] batch= 100  call=  4851  total=7.604e-03  PDE=8.737e-04 [colloc=7.120e-04, cfd=1.617e-04]  WALL=3.182e-15  DATA=6.916e-04
Invoked: SSBroyden1 approach!
[BFGS] batch= 100  call=  4852  total=7.587e-03  PDE=8.696e-04 [colloc=7.086e-04, cfd=1.610e-04]  WALL=3.182e-15  DATA=6.909e-04
Invoked: SSBroyden1 approach!
[BFGS] batch= 100  call=  4853  total=7.553e-03  PDE=8.608e-04 [colloc=7.035e-04, cfd=1.573e-04]  WALL=3.181e-15  DATA=6.896e-04
Invoked: SSBroyden1 approach!
[BFGS] batch= 100  call=  4854  total=7.544e-03  PDE=8.501e-04 [colloc=6.983e-04, cfd=1.519e-04]  WALL=3.179e-15  DATA=6.864e-04
Invoked: SSBroyden1 approach!
[BFGS] batch= 100  call=  4855  total=7.514e-03  PDE=8.461e-04 [colloc=6.950e-04, cfd=1.511e-04]  WALL=3.178e-15  DATA=6.854e-04
Invoked: SSBroyden1 approach!
[BFGS] batch= 100  call=  4856  total=7.452e-03  PDE=8.384e-04 [colloc=6.904e-04, cfd=1.480e-04]  WALL=3.176e-15  DATA=6.822e-04
Invoked: SSBroyden1 approach!
[BFGS] batch= 100  call=  4857  total=7.451e-03  PDE=8.488e-04 [colloc=7.066e-04, cfd=1.422e-04]  WALL=3.174e-15  DATA=6.753e-04
  [PT] w_u=89.2288 w_v=83.1949 gamma=1.000 (tau_u=1.121e-02 tau_v=1.202e-02 |Du|=5.70e-01 |DRu|=3.14e+01)
[PT] batch= 100  w=8.6212e+01
[BFGS] batch 100: H0 not PD — resetting to identity.
[BFGS-END] batch= 100  last_total=7.454e-03  last_PDE=8.482e-04 [colloc=7.061e-04, cfd=1.421e-04]  last_WALL=3.174e-15  last_DATA=6.752e-04
/oscar/home/jchen790/cylinder flow lab/src/cfp40.py:1430: OptimizeWarning: Unknown solver options: hess, hessp, bounds, constraints, tol
  result = minimize(
Invoked: SSBroyden1 approach!
[BFGS] batch= 101  call=  4878  total=6.117e-02  PDE=2.134e-02 [colloc=2.120e-02, cfd=1.432e-04]  WALL=3.202e-15  DATA=7.497e-04
Invoked: SSBroyden1 approach!
[BFGS] batch= 101  call=  4880  total=4.324e-02  PDE=1.443e-02 [colloc=1.429e-02, cfd=1.423e-04]  WALL=3.206e-15  DATA=7.572e-04
Invoked: SSBroyden1 approach!
[BFGS] batch= 101  call=  4882  total=3.510e-02  PDE=1.132e-02 [colloc=1.118e-02, cfd=1.428e-04]  WALL=3.194e-15  DATA=7.559e-04
Invoked: SSBroyden1 approach!
[BFGS] batch= 101  call=  4884  total=3.361e-02  PDE=1.072e-02 [colloc=1.058e-02, cfd=1.430e-04]  WALL=3.204e-15  DATA=7.609e-04
Invoked: SSBroyden1 approach!
[BFGS] batch= 101  call=  4885  total=3.154e-02  PDE=9.938e-03 [colloc=9.794e-03, cfd=1.434e-04]  WALL=3.202e-15  DATA=7.592e-04
Invoked: SSBroyden1 approach!
[BFGS] batch= 101  call=  4886  total=2.887e-02  PDE=8.901e-03 [colloc=8.758e-03, cfd=1.434e-04]  WALL=3.205e-15  DATA=7.599e-04
Invoked: SSBroyden1 approach!
[BFGS] batch= 101  call=  4887  total=2.760e-02  PDE=8.410e-03 [colloc=8.267e-03, cfd=1.425e-04]  WALL=3.202e-15  DATA=7.575e-04
Invoked: SSBroyden1 approach!
[BFGS] batch= 101  call=  4888  total=2.696e-02  PDE=8.176e-03 [colloc=8.034e-03, cfd=1.421e-04]  WALL=3.185e-15  DATA=7.560e-04
Invoked: SSBroyden1 approach!
[BFGS] batch= 101  call=  4889  total=2.651e-02  PDE=7.994e-03 [colloc=7.852e-03, cfd=1.421e-04]  WALL=3.187e-15  DATA=7.555e-04
Invoked: SSBroyden1 approach!
[BFGS] batch= 101  call=  4890  total=2.584e-02  PDE=7.755e-03 [colloc=7.613e-03, cfd=1.418e-04]  WALL=3.184e-15  DATA=7.560e-04
Invoked: SSBroyden1 approach!
[BFGS] batch= 101  call=  4891  total=2.545e-02  PDE=7.596e-03 [colloc=7.454e-03, cfd=1.419e-04]  WALL=3.188e-15  DATA=7.557e-04
Invoked: SSBroyden1 approach!
[BFGS] batch= 101  call=  4892  total=2.530e-02  PDE=7.539e-03 [colloc=7.397e-03, cfd=1.420e-04]  WALL=3.190e-15  DATA=7.572e-04
Invoked: SSBroyden1 approach!
[BFGS] batch= 101  call=  4893  total=2.511e-02  PDE=7.478e-03 [colloc=7.336e-03, cfd=1.421e-04]  WALL=3.192e-15  DATA=7.564e-04
Invoked: SSBroyden1 approach!
[BFGS] batch= 101  call=  4894  total=2.502e-02  PDE=7.445e-03 [colloc=7.303e-03, cfd=1.419e-04]  WALL=3.192e-15  DATA=7.559e-04
Invoked: SSBroyden1 approach!
[BFGS] batch= 101  call=  4895  total=2.490e-02  PDE=7.393e-03 [colloc=7.251e-03, cfd=1.419e-04]  WALL=3.191e-15  DATA=7.564e-04
Invoked: SSBroyden1 approach!
[BFGS] batch= 101  call=  4896  total=2.481e-02  PDE=7.344e-03 [colloc=7.202e-03, cfd=1.420e-04]  WALL=3.193e-15  DATA=7.565e-04
Invoked: SSBroyden1 approach!
[BFGS] batch= 101  call=  4897  total=2.464e-02  PDE=7.295e-03 [colloc=7.153e-03, cfd=1.421e-04]  WALL=3.194e-15  DATA=7.566e-04
Invoked: SSBroyden1 approach!
[BFGS] batch= 101  call=  4900  total=2.464e-02  PDE=7.283e-03 [colloc=7.141e-03, cfd=1.421e-04]  WALL=3.194e-15  DATA=7.566e-04
  [PT] w_u=65.1716 w_v=61.9395 gamma=1.000 (tau_u=1.534e-02 tau_v=1.614e-02 |Du|=4.04e-01 |DRu|=1.76e+00)
[BFGS-END] batch= 101  last_total=2.466e-02  last_PDE=7.283e-03 [colloc=7.141e-03, cfd=1.421e-04]  last_WALL=3.194e-15  last_DATA=7.566e-04
/oscar/home/jchen790/cylinder flow lab/src/cfp40.py:1430: OptimizeWarning: Unknown solver options: hess, hessp, bounds, constraints, tol
  result = minimize(
Invoked: SSBroyden1 approach!
[BFGS] batch= 102  call=  4924  total=2.890e-01  PDE=1.090e-01 [colloc=1.066e-01, cfd=2.402e-03]  WALL=3.149e-15  DATA=7.070e-04
Invoked: SSBroyden1 approach!
[BFGS] batch= 102  call=  4925  total=2.488e-01  PDE=9.367e-02 [colloc=8.098e-02, cfd=1.270e-02]  WALL=3.063e-15  DATA=6.503e-04
Invoked: SSBroyden1 approach!
[BFGS] batch= 102  call=  4927  total=2.358e-01  PDE=8.872e-02 [colloc=7.156e-02, cfd=1.716e-02]  WALL=3.064e-15  DATA=6.370e-04
Invoked: SSBroyden1 approach!
[BFGS] batch= 102  call=  4928  total=2.252e-01  PDE=8.463e-02 [colloc=6.292e-02, cfd=2.171e-02]  WALL=3.030e-15  DATA=6.309e-04
Invoked: SSBroyden1 approach!
[BFGS] batch= 102  call=  4929  total=2.126e-01  PDE=7.979e-02 [colloc=5.458e-02, cfd=2.521e-02]  WALL=3.021e-15  DATA=6.275e-04
Invoked: SSBroyden1 approach!
[BFGS] batch= 102  call=  4930  total=1.930e-01  PDE=7.225e-02 [colloc=4.290e-02, cfd=2.935e-02]  WALL=3.002e-15  DATA=6.283e-04
Invoked: SSBroyden1 approach!
[BFGS] batch= 102  call=  4931  total=1.706e-01  PDE=6.366e-02 [colloc=2.805e-02, cfd=3.561e-02]  WALL=2.986e-15  DATA=6.165e-04
Invoked: SSBroyden1 approach!
[BFGS] batch= 102  call=  4933  total=1.604e-01  PDE=5.971e-02 [colloc=2.122e-02, cfd=3.850e-02]  WALL=2.977e-15  DATA=6.189e-04
Invoked: SSBroyden1 approach!
[BFGS] batch= 102  call=  4935  total=1.579e-01  PDE=5.879e-02 [colloc=1.993e-02, cfd=3.886e-02]  WALL=2.974e-15  DATA=6.201e-04
Invoked: SSBroyden1 approach!
[BFGS] batch= 102  call=  4936  total=1.548e-01  PDE=5.759e-02 [colloc=1.883e-02, cfd=3.875e-02]  WALL=2.972e-15  DATA=6.220e-04
Invoked: SSBroyden1 approach!
[BFGS] batch= 102  call=  4937  total=1.506e-01  PDE=5.592e-02 [colloc=1.767e-02, cfd=3.825e-02]  WALL=2.966e-15  DATA=6.210e-04
Invoked: SSBroyden1 approach!
[BFGS] batch= 102  call=  4938  total=1.442e-01  PDE=5.347e-02 [colloc=1.624e-02, cfd=3.723e-02]  WALL=2.957e-15  DATA=6.175e-04
Invoked: SSBroyden1 approach!
[BFGS] batch= 102  call=  4939  total=1.368e-01  PDE=5.060e-02 [colloc=1.513e-02, cfd=3.548e-02]  WALL=2.956e-15  DATA=6.149e-04
Invoked: SSBroyden1 approach!
[BFGS] batch= 102  call=  4940  total=1.325e-01  PDE=4.888e-02 [colloc=1.570e-02, cfd=3.318e-02]  WALL=2.922e-15  DATA=6.175e-04
Invoked: SSBroyden1 approach!
[BFGS] batch= 102  call=  4941  total=1.268e-01  PDE=4.664e-02 [colloc=1.494e-02, cfd=3.170e-02]  WALL=2.907e-15  DATA=6.142e-04
Invoked: SSBroyden1 approach!
[BFGS] batch= 102  call=  4942  total=1.187e-01  PDE=4.353e-02 [colloc=1.394e-02, cfd=2.959e-02]  WALL=2.904e-15  DATA=6.046e-04
Invoked: SSBroyden1 approach!
[BFGS] batch= 102  call=  4943  total=1.092e-01  PDE=3.981e-02 [colloc=1.308e-02, cfd=2.673e-02]  WALL=2.903e-15  DATA=5.997e-04
Invoked: SSBroyden1 approach!
[BFGS] batch= 102  call=  4944  total=1.062e-01  PDE=3.854e-02 [colloc=1.513e-02, cfd=2.342e-02]  WALL=2.890e-15  DATA=5.956e-04
Invoked: SSBroyden1 approach!
[BFGS] batch= 102  call=  4945  total=1.011e-01  PDE=3.651e-02 [colloc=1.418e-02, cfd=2.233e-02]  WALL=2.878e-15  DATA=5.962e-04
Invoked: SSBroyden1 approach!
[BFGS] batch= 102  call=  4946  total=9.414e-02  PDE=3.375e-02 [colloc=1.336e-02, cfd=2.039e-02]  WALL=2.867e-15  DATA=5.941e-04
Invoked: SSBroyden1 approach!
[BFGS] batch= 102  call=  4947  total=8.584e-02  PDE=3.042e-02 [colloc=1.239e-02, cfd=1.804e-02]  WALL=2.870e-15  DATA=5.968e-04
Invoked: SSBroyden1 approach!
[BFGS] batch= 102  call=  4948  total=7.867e-02  PDE=2.752e-02 [colloc=1.195e-02, cfd=1.558e-02]  WALL=2.850e-15  DATA=5.939e-04
Invoked: SSBroyden1 approach!
[BFGS] batch= 102  call=  4950  total=7.491e-02  PDE=2.604e-02 [colloc=1.148e-02, cfd=1.456e-02]  WALL=2.871e-15  DATA=5.962e-04
Invoked: SSBroyden1 approach!
[BFGS] batch= 102  call=  4951  total=7.193e-02  PDE=2.493e-02 [colloc=1.135e-02, cfd=1.359e-02]  WALL=2.864e-15  DATA=5.989e-04
Invoked: SSBroyden1 approach!
[BFGS] batch= 102  call=  4952  total=6.870e-02  PDE=2.377e-02 [colloc=1.097e-02, cfd=1.280e-02]  WALL=2.851e-15  DATA=5.975e-04
Invoked: SSBroyden1 approach!
[BFGS] batch= 102  call=  4953  total=6.466e-02  PDE=2.235e-02 [colloc=1.032e-02, cfd=1.203e-02]  WALL=2.855e-15  DATA=5.994e-04
Invoked: SSBroyden1 approach!
[BFGS] batch= 102  call=  4954  total=6.018e-02  PDE=2.079e-02 [colloc=9.547e-03, cfd=1.124e-02]  WALL=2.872e-15  DATA=6.011e-04
Invoked: SSBroyden1 approach!
[BFGS] batch= 102  call=  4955  total=5.730e-02  PDE=1.979e-02 [colloc=9.148e-03, cfd=1.064e-02]  WALL=2.897e-15  DATA=6.069e-04
Invoked: SSBroyden1 approach!
[BFGS] batch= 102  call=  4956  total=5.569e-02  PDE=1.922e-02 [colloc=8.996e-03, cfd=1.023e-02]  WALL=2.907e-15  DATA=6.090e-04
Invoked: SSBroyden1 approach!
[BFGS] batch= 102  call=  4957  total=5.342e-02  PDE=1.836e-02 [colloc=8.378e-03, cfd=9.978e-03]  WALL=2.908e-15  DATA=6.111e-04
Invoked: SSBroyden1 approach!
[BFGS] batch= 102  call=  4958  total=5.082e-02  PDE=1.738e-02 [colloc=7.796e-03, cfd=9.589e-03]  WALL=2.907e-15  DATA=6.116e-04
Invoked: SSBroyden1 approach!
[BFGS] batch= 102  call=  4959  total=4.866e-02  PDE=1.654e-02 [colloc=7.531e-03, cfd=9.011e-03]  WALL=2.894e-15  DATA=6.133e-04
Invoked: SSBroyden1 approach!
[BFGS] batch= 102  call=  4960  total=4.567e-02  PDE=1.537e-02 [colloc=6.900e-03, cfd=8.466e-03]  WALL=2.896e-15  DATA=6.152e-04
Invoked: SSBroyden1 approach!
[BFGS] batch= 102  call=  4961  total=4.352e-02  PDE=1.454e-02 [colloc=6.804e-03, cfd=7.735e-03]  WALL=2.898e-15  DATA=6.093e-04
Invoked: SSBroyden1 approach!
[BFGS] batch= 102  call=  4962  total=4.104e-02  PDE=1.364e-02 [colloc=6.368e-03, cfd=7.271e-03]  WALL=2.902e-15  DATA=6.058e-04
Invoked: SSBroyden1 approach!
[BFGS] batch= 102  call=  4963  total=3.888e-02  PDE=1.289e-02 [colloc=6.113e-03, cfd=6.778e-03]  WALL=2.895e-15  DATA=6.050e-04
Invoked: SSBroyden1 approach!
[BFGS] batch= 102  call=  4964  total=3.708e-02  PDE=1.228e-02 [colloc=5.890e-03, cfd=6.386e-03]  WALL=2.896e-15  DATA=6.086e-04
Invoked: SSBroyden1 approach!
[BFGS] batch= 102  call=  4965  total=3.479e-02  PDE=1.146e-02 [colloc=5.376e-03, cfd=6.080e-03]  WALL=2.887e-15  DATA=6.032e-04
Invoked: SSBroyden1 approach!
[BFGS] batch= 102  call=  4966  total=3.351e-02  PDE=1.098e-02 [colloc=5.269e-03, cfd=5.711e-03]  WALL=2.911e-15  DATA=6.015e-04
Invoked: SSBroyden1 approach!
[BFGS] batch= 102  call=  4967  total=3.171e-02  PDE=1.029e-02 [colloc=4.777e-03, cfd=5.508e-03]  WALL=2.911e-15  DATA=6.010e-04
Invoked: SSBroyden1 approach!
[BFGS] batch= 102  call=  4968  total=3.124e-02  PDE=1.010e-02 [colloc=4.911e-03, cfd=5.187e-03]  WALL=2.910e-15  DATA=5.945e-04
Invoked: SSBroyden1 approach!
[BFGS] batch= 102  call=  4969  total=3.043e-02  PDE=9.786e-03 [colloc=4.677e-03, cfd=5.109e-03]  WALL=2.909e-15  DATA=5.950e-04
Invoked: SSBroyden1 approach!
[BFGS] batch= 102  call=  4970  total=2.941e-02  PDE=9.392e-03 [colloc=4.444e-03, cfd=4.947e-03]  WALL=2.914e-15  DATA=5.937e-04
Invoked: SSBroyden1 approach!
[BFGS] batch= 102  call=  4971  total=2.800e-02  PDE=8.855e-03 [colloc=4.125e-03, cfd=4.730e-03]  WALL=2.917e-15  DATA=5.924e-04
Invoked: SSBroyden1 approach!
[BFGS] batch= 102  call=  4972  total=2.620e-02  PDE=8.171e-03 [colloc=3.773e-03, cfd=4.398e-03]  WALL=2.920e-15  DATA=5.924e-04
Invoked: SSBroyden1 approach!
[BFGS] batch= 102  call=  4973  total=2.525e-02  PDE=7.815e-03 [colloc=3.807e-03, cfd=4.007e-03]  WALL=2.919e-15  DATA=5.929e-04
Invoked: SSBroyden1 approach!
[BFGS] batch= 102  call=  4974  total=2.454e-02  PDE=7.534e-03 [colloc=3.727e-03, cfd=3.808e-03]  WALL=2.925e-15  DATA=5.939e-04
Invoked: SSBroyden1 approach!
[BFGS] batch= 102  call=  4975  total=2.394e-02  PDE=7.292e-03 [colloc=3.636e-03, cfd=3.656e-03]  WALL=2.928e-15  DATA=5.925e-04
Invoked: SSBroyden1 approach!
[BFGS] batch= 102  call=  4976  total=2.299e-02  PDE=6.927e-03 [colloc=3.408e-03, cfd=3.519e-03]  WALL=2.933e-15  DATA=5.911e-04
Invoked: SSBroyden1 approach!
[BFGS] batch= 102  call=  4977  total=2.167e-02  PDE=6.421e-03 [colloc=3.120e-03, cfd=3.301e-03]  WALL=2.936e-15  DATA=5.900e-04
Invoked: SSBroyden1 approach!
[BFGS] batch= 102  call=  4978  total=2.001e-02  PDE=5.797e-03 [colloc=2.779e-03, cfd=3.017e-03]  WALL=2.951e-15  DATA=5.889e-04
Invoked: SSBroyden1 approach!
[BFGS] batch= 102  call=  4979  total=1.942e-02  PDE=5.580e-03 [colloc=2.891e-03, cfd=2.689e-03]  WALL=2.978e-15  DATA=5.859e-04
Invoked: SSBroyden1 approach!
[BFGS] batch= 102  call=  4980  total=1.864e-02  PDE=5.270e-03 [colloc=2.693e-03, cfd=2.577e-03]  WALL=2.983e-15  DATA=5.872e-04
Invoked: SSBroyden1 approach!
[BFGS] batch= 102  call=  4981  total=1.765e-02  PDE=4.920e-03 [colloc=2.505e-03, cfd=2.415e-03]  WALL=2.986e-15  DATA=5.853e-04
Invoked: SSBroyden1 approach!
[BFGS] batch= 102  call=  4982  total=1.700e-02  PDE=4.676e-03 [colloc=2.453e-03, cfd=2.223e-03]  WALL=2.997e-15  DATA=5.836e-04
Invoked: SSBroyden1 approach!
[BFGS] batch= 102  call=  4983  total=1.648e-02  PDE=4.464e-03 [colloc=2.365e-03, cfd=2.099e-03]  WALL=3.003e-15  DATA=5.828e-04
Invoked: SSBroyden1 approach!
[BFGS] batch= 102  call=  4984  total=1.578e-02  PDE=4.210e-03 [colloc=2.208e-03, cfd=2.002e-03]  WALL=3.009e-15  DATA=5.824e-04
Invoked: SSBroyden1 approach!
[BFGS] batch= 102  call=  4985  total=1.527e-02  PDE=4.005e-03 [colloc=2.134e-03, cfd=1.872e-03]  WALL=3.014e-15  DATA=5.825e-04
Invoked: SSBroyden1 approach!
[BFGS] batch= 102  call=  4986  total=1.490e-02  PDE=3.863e-03 [colloc=2.085e-03, cfd=1.778e-03]  WALL=3.007e-15  DATA=5.828e-04
Invoked: SSBroyden1 approach!
[BFGS] batch= 102  call=  4987  total=1.436e-02  PDE=3.670e-03 [colloc=1.960e-03, cfd=1.710e-03]  WALL=3.009e-15  DATA=5.819e-04
Invoked: SSBroyden1 approach!
[BFGS] batch= 102  call=  4988  total=1.387e-02  PDE=3.482e-03 [colloc=1.881e-03, cfd=1.601e-03]  WALL=3.015e-15  DATA=5.830e-04
Invoked: SSBroyden1 approach!
[BFGS] batch= 102  call=  4989  total=1.333e-02  PDE=3.291e-03 [colloc=1.782e-03, cfd=1.509e-03]  WALL=3.018e-15  DATA=5.836e-04
Invoked: SSBroyden1 approach!
[BFGS] batch= 102  call=  4990  total=1.286e-02  PDE=3.101e-03 [colloc=1.687e-03, cfd=1.414e-03]  WALL=3.028e-15  DATA=5.828e-04
Invoked: SSBroyden1 approach!
[BFGS] batch= 102  call=  4991  total=1.260e-02  PDE=2.988e-03 [colloc=1.657e-03, cfd=1.330e-03]  WALL=3.034e-15  DATA=5.828e-04
Invoked: SSBroyden1 approach!
[BFGS] batch= 102  call=  4992  total=1.223e-02  PDE=2.841e-03 [colloc=1.568e-03, cfd=1.273e-03]  WALL=3.037e-15  DATA=5.831e-04
Invoked: SSBroyden1 approach!
[BFGS] batch= 102  call=  4993  total=1.197e-02  PDE=2.757e-03 [colloc=1.562e-03, cfd=1.195e-03]  WALL=3.048e-15  DATA=5.845e-04
Invoked: SSBroyden1 approach!
[BFGS] batch= 102  call=  4994  total=1.167e-02  PDE=2.633e-03 [colloc=1.489e-03, cfd=1.144e-03]  WALL=3.048e-15  DATA=5.840e-04
Invoked: SSBroyden1 approach!
[BFGS] batch= 102  call=  4995  total=1.132e-02  PDE=2.494e-03 [colloc=1.408e-03, cfd=1.087e-03]  WALL=3.052e-15  DATA=5.856e-04
Invoked: SSBroyden1 approach!
[BFGS] batch= 102  call=  4996  total=1.104e-02  PDE=2.389e-03 [colloc=1.380e-03, cfd=1.010e-03]  WALL=3.060e-15  DATA=5.870e-04
Invoked: SSBroyden1 approach!
[BFGS] batch= 102  call=  4997  total=1.076e-02  PDE=2.281e-03 [colloc=1.339e-03, cfd=9.418e-04]  WALL=3.058e-15  DATA=5.872e-04
Invoked: SSBroyden1 approach!
[BFGS] batch= 102  call=  4998  total=1.042e-02  PDE=2.161e-03 [colloc=1.291e-03, cfd=8.705e-04]  WALL=3.064e-15  DATA=5.869e-04
Invoked: SSBroyden1 approach!
[BFGS] batch= 102  call=  4999  total=1.020e-02  PDE=2.058e-03 [colloc=1.279e-03, cfd=7.789e-04]  WALL=3.070e-15  DATA=5.864e-04
Invoked: SSBroyden1 approach!
[BFGS] batch= 102  call=  5000  total=9.948e-03  PDE=1.971e-03 [colloc=1.241e-03, cfd=7.299e-04]  WALL=3.074e-15  DATA=5.864e-04
Invoked: SSBroyden1 approach!
[BFGS] batch= 102  call=  5001  total=9.667e-03  PDE=1.864e-03 [colloc=1.185e-03, cfd=6.796e-04]  WALL=3.080e-15  DATA=5.865e-04
Invoked: SSBroyden1 approach!
[BFGS] batch= 102  call=  5002  total=9.497e-03  PDE=1.797e-03 [colloc=1.161e-03, cfd=6.355e-04]  WALL=3.080e-15  DATA=5.902e-04
Invoked: SSBroyden1 approach!
[BFGS] batch= 102  call=  5003  total=9.339e-03  PDE=1.735e-03 [colloc=1.121e-03, cfd=6.141e-04]  WALL=3.085e-15  DATA=5.915e-04
Invoked: SSBroyden1 approach!
[BFGS] batch= 102  call=  5004  total=9.147e-03  PDE=1.658e-03 [colloc=1.065e-03, cfd=5.932e-04]  WALL=3.085e-15  DATA=5.936e-04
Invoked: SSBroyden1 approach!
[BFGS] batch= 102  call=  5005  total=8.967e-03  PDE=1.592e-03 [colloc=1.029e-03, cfd=5.629e-04]  WALL=3.091e-15  DATA=5.935e-04
Invoked: SSBroyden1 approach!
[BFGS] batch= 102  call=  5006  total=8.926e-03  PDE=1.563e-03 [colloc=1.034e-03, cfd=5.293e-04]  WALL=3.096e-15  DATA=5.953e-04
Invoked: SSBroyden1 approach!
[BFGS] batch= 102  call=  5007  total=8.812e-03  PDE=1.535e-03 [colloc=1.012e-03, cfd=5.227e-04]  WALL=3.096e-15  DATA=5.957e-04
Invoked: SSBroyden1 approach!
[BFGS] batch= 102  call=  5008  total=8.702e-03  PDE=1.478e-03 [colloc=9.740e-04, cfd=5.035e-04]  WALL=3.099e-15  DATA=5.972e-04
Invoked: SSBroyden1 approach!
[BFGS] batch= 102  call=  5009  total=8.589e-03  PDE=1.434e-03 [colloc=9.469e-04, cfd=4.866e-04]  WALL=3.102e-15  DATA=5.969e-04
Invoked: SSBroyden1 approach!
[BFGS] batch= 102  call=  5010  total=8.459e-03  PDE=1.392e-03 [colloc=9.241e-04, cfd=4.681e-04]  WALL=3.106e-15  DATA=5.981e-04
Invoked: SSBroyden1 approach!
[BFGS] batch= 102  call=  5011  total=8.405e-03  PDE=1.364e-03 [colloc=9.166e-04, cfd=4.471e-04]  WALL=3.107e-15  DATA=5.995e-04
Invoked: SSBroyden1 approach!
[BFGS] batch= 102  call=  5012  total=8.321e-03  PDE=1.331e-03 [colloc=8.934e-04, cfd=4.373e-04]  WALL=3.108e-15  DATA=6.000e-04
Invoked: SSBroyden1 approach!
[BFGS] batch= 102  call=  5013  total=8.233e-03  PDE=1.297e-03 [colloc=8.780e-04, cfd=4.193e-04]  WALL=3.114e-15  DATA=6.007e-04
Invoked: SSBroyden1 approach!
[BFGS] batch= 102  call=  5014  total=8.173e-03  PDE=1.273e-03 [colloc=8.725e-04, cfd=4.007e-04]  WALL=3.115e-15  DATA=6.009e-04
Invoked: SSBroyden1 approach!
[BFGS] batch= 102  call=  5015  total=8.117e-03  PDE=1.243e-03 [colloc=8.544e-04, cfd=3.883e-04]  WALL=3.116e-15  DATA=6.016e-04
Invoked: SSBroyden1 approach!
[BFGS] batch= 102  call=  5016  total=8.047e-03  PDE=1.212e-03 [colloc=8.340e-04, cfd=3.777e-04]  WALL=3.116e-15  DATA=6.022e-04
Invoked: SSBroyden1 approach!
[BFGS] batch= 102  call=  5017  total=7.964e-03  PDE=1.176e-03 [colloc=8.206e-04, cfd=3.557e-04]  WALL=3.116e-15  DATA=6.027e-04
Invoked: SSBroyden1 approach!
[BFGS] batch= 102  call=  5018  total=7.879e-03  PDE=1.146e-03 [colloc=8.133e-04, cfd=3.328e-04]  WALL=3.119e-15  DATA=6.039e-04
Invoked: SSBroyden1 approach!
[BFGS] batch= 102  call=  5019  total=7.776e-03  PDE=1.123e-03 [colloc=8.086e-04, cfd=3.140e-04]  WALL=3.121e-15  DATA=6.055e-04
Invoked: SSBroyden1 approach!
[BFGS] batch= 102  call=  5021  total=7.734e-03  PDE=1.103e-03 [colloc=7.971e-04, cfd=3.055e-04]  WALL=3.121e-15  DATA=6.062e-04
Invoked: SSBroyden1 approach!
[BFGS] batch= 102  call=  5022  total=7.711e-03  PDE=1.083e-03 [colloc=7.864e-04, cfd=2.962e-04]  WALL=3.121e-15  DATA=6.067e-04
Invoked: SSBroyden1 approach!
[BFGS] batch= 102  call=  5023  total=7.657e-03  PDE=1.068e-03 [colloc=7.779e-04, cfd=2.905e-04]  WALL=3.120e-15  DATA=6.068e-04
Invoked: SSBroyden1 approach!
[BFGS] batch= 102  call=  5024  total=7.584e-03  PDE=1.046e-03 [colloc=7.675e-04, cfd=2.781e-04]  WALL=3.120e-15  DATA=6.076e-04
Invoked: SSBroyden1 approach!
[BFGS] batch= 102  call=  5025  total=7.577e-03  PDE=1.028e-03 [colloc=7.653e-04, cfd=2.625e-04]  WALL=3.124e-15  DATA=6.082e-04
Invoked: SSBroyden1 approach!
[BFGS] batch= 102  call=  5026  total=7.531e-03  PDE=1.023e-03 [colloc=7.620e-04, cfd=2.610e-04]  WALL=3.124e-15  DATA=6.082e-04
Invoked: SSBroyden1 approach!
[BFGS] batch= 102  call=  5028  total=7.512e-03  PDE=1.012e-03 [colloc=7.562e-04, cfd=2.556e-04]  WALL=3.125e-15  DATA=6.086e-04
Invoked: SSBroyden1 approach!
[BFGS] batch= 102  call=  5029  total=7.494e-03  PDE=9.996e-04 [colloc=7.488e-04, cfd=2.508e-04]  WALL=3.124e-15  DATA=6.087e-04
Invoked: SSBroyden1 approach!
[BFGS] batch= 102  call=  5030  total=7.477e-03  PDE=9.870e-04 [colloc=7.412e-04, cfd=2.458e-04]  WALL=3.124e-15  DATA=6.088e-04
Invoked: SSBroyden1 approach!
[BFGS] batch= 102  call=  5031  total=7.428e-03  PDE=9.748e-04 [colloc=7.346e-04, cfd=2.402e-04]  WALL=3.124e-15  DATA=6.090e-04
Invoked: SSBroyden1 approach!
[BFGS] batch= 102  call=  5032  total=7.400e-03  PDE=9.564e-04 [colloc=7.314e-04, cfd=2.250e-04]  WALL=3.125e-15  DATA=6.095e-04
Invoked: SSBroyden1 approach!
[BFGS] batch= 102  call=  5033  total=7.332e-03  PDE=9.415e-04 [colloc=7.240e-04, cfd=2.175e-04]  WALL=3.125e-15  DATA=6.096e-04
Invoked: SSBroyden1 approach!
[BFGS] batch= 102  call=  5035  total=7.298e-03  PDE=9.288e-04 [colloc=7.175e-04, cfd=2.113e-04]  WALL=3.125e-15  DATA=6.096e-04
Invoked: SSBroyden1 approach!
[BFGS] batch= 102  call=  5036  total=7.276e-03  PDE=9.161e-04 [colloc=7.144e-04, cfd=2.017e-04]  WALL=3.124e-15  DATA=6.096e-04
Invoked: SSBroyden1 approach!
[BFGS] batch= 102  call=  5037  total=7.249e-03  PDE=9.027e-04 [colloc=7.073e-04, cfd=1.954e-04]  WALL=3.124e-15  DATA=6.099e-04
Invoked: SSBroyden1 approach!
[BFGS] batch= 102  call=  5038  total=7.226e-03  PDE=8.884e-04 [colloc=7.003e-04, cfd=1.881e-04]  WALL=3.125e-15  DATA=6.107e-04
Invoked: SSBroyden1 approach!
[BFGS] batch= 102  call=  5039  total=7.207e-03  PDE=8.784e-04 [colloc=6.966e-04, cfd=1.818e-04]  WALL=3.124e-15  DATA=6.109e-04
Invoked: SSBroyden1 approach!
[BFGS] batch= 102  call=  5040  total=7.174e-03  PDE=8.679e-04 [colloc=6.913e-04, cfd=1.766e-04]  WALL=3.123e-15  DATA=6.112e-04
Invoked: SSBroyden1 approach!
[BFGS] batch= 102  call=  5041  total=7.153e-03  PDE=8.588e-04 [colloc=6.904e-04, cfd=1.684e-04]  WALL=3.122e-15  DATA=6.116e-04
Invoked: SSBroyden1 approach!
[BFGS] batch= 102  call=  5042  total=7.131e-03  PDE=8.500e-04 [colloc=6.872e-04, cfd=1.628e-04]  WALL=3.122e-15  DATA=6.118e-04
Invoked: SSBroyden1 approach!
[BFGS] batch= 102  call=  5043  total=7.106e-03  PDE=8.417e-04 [colloc=6.838e-04, cfd=1.579e-04]  WALL=3.122e-15  DATA=6.121e-04
Invoked: SSBroyden1 approach!
[BFGS] batch= 102  call=  5044  total=7.084e-03  PDE=8.334e-04 [colloc=6.803e-04, cfd=1.530e-04]  WALL=3.122e-15  DATA=6.123e-04
Invoked: SSBroyden1 approach!
[BFGS] batch= 102  call=  5045  total=7.069e-03  PDE=8.287e-04 [colloc=6.800e-04, cfd=1.487e-04]  WALL=3.124e-15  DATA=6.133e-04
Invoked: SSBroyden1 approach!
[BFGS] batch= 102  call=  5046  total=7.049e-03  PDE=8.221e-04 [colloc=6.760e-04, cfd=1.461e-04]  WALL=3.123e-15  DATA=6.132e-04
Invoked: SSBroyden1 approach!
[BFGS] batch= 102  call=  5047  total=7.004e-03  PDE=8.155e-04 [colloc=6.728e-04, cfd=1.427e-04]  WALL=3.121e-15  DATA=6.132e-04
  [PT] w_u=72.3785 w_v=68.7844 gamma=1.000 (tau_u=1.382e-02 tau_v=1.454e-02 |Du|=7.58e-01 |DRu|=9.36e+01)
[BFGS] batch 102: H0 not PD — resetting to identity.
[BFGS-END] batch= 102  last_total=7.038e-03  last_PDE=8.155e-04 [colloc=6.728e-04, cfd=1.427e-04]  last_WALL=3.121e-15  last_DATA=6.132e-04
/oscar/home/jchen790/cylinder flow lab/src/cfp40.py:1430: OptimizeWarning: Unknown solver options: hess, hessp, bounds, constraints, tol
  result = minimize(
Invoked: SSBroyden1 approach!
[BFGS] batch= 103  call=  5069  total=4.994e-02  PDE=1.728e-02 [colloc=1.714e-02, cfd=1.417e-04]  WALL=3.094e-15  DATA=6.277e-04
Invoked: SSBroyden1 approach!
[BFGS] batch= 103  call=  5071  total=3.097e-02  PDE=9.976e-03 [colloc=9.835e-03, cfd=1.419e-04]  WALL=3.107e-15  DATA=6.327e-04
Invoked: SSBroyden1 approach!
[BFGS] batch= 103  call=  5073  total=2.567e-02  PDE=7.945e-03 [colloc=7.803e-03, cfd=1.420e-04]  WALL=3.100e-15  DATA=6.295e-04
Invoked: SSBroyden1 approach!
[BFGS] batch= 103  call=  5075  total=2.412e-02  PDE=7.351e-03 [colloc=7.209e-03, cfd=1.420e-04]  WALL=3.112e-15  DATA=6.339e-04
Invoked: SSBroyden1 approach!
[BFGS] batch= 103  call=  5076  total=2.172e-02  PDE=6.416e-03 [colloc=6.274e-03, cfd=1.420e-04]  WALL=3.108e-15  DATA=6.325e-04
Invoked: SSBroyden1 approach!
[BFGS] batch= 103  call=  5077  total=2.119e-02  PDE=6.230e-03 [colloc=6.087e-03, cfd=1.427e-04]  WALL=3.107e-15  DATA=6.303e-04
Invoked: SSBroyden1 approach!
[BFGS] batch= 103  call=  5078  total=2.042e-02  PDE=5.919e-03 [colloc=5.776e-03, cfd=1.428e-04]  WALL=3.107e-15  DATA=6.301e-04
Invoked: SSBroyden1 approach!
[BFGS] batch= 103  call=  5080  total=1.998e-02  PDE=5.760e-03 [colloc=5.617e-03, cfd=1.428e-04]  WALL=3.112e-15  DATA=6.297e-04
Invoked: SSBroyden1 approach!
[BFGS] batch= 103  call=  5081  total=1.963e-02  PDE=5.634e-03 [colloc=5.491e-03, cfd=1.429e-04]  WALL=3.110e-15  DATA=6.289e-04
Invoked: SSBroyden1 approach!
[BFGS] batch= 103  call=  5082  total=1.945e-02  PDE=5.556e-03 [colloc=5.413e-03, cfd=1.432e-04]  WALL=3.119e-15  DATA=6.287e-04
Invoked: SSBroyden1 approach!
[BFGS] batch= 103  call=  5083  total=1.917e-02  PDE=5.454e-03 [colloc=5.311e-03, cfd=1.430e-04]  WALL=3.119e-15  DATA=6.283e-04
Invoked: SSBroyden1 approach!
[BFGS] batch= 103  call=  5084  total=1.913e-02  PDE=5.421e-03 [colloc=5.278e-03, cfd=1.429e-04]  WALL=3.121e-15  DATA=6.271e-04
Invoked: SSBroyden1 approach!
[BFGS] batch= 103  call=  5085  total=1.901e-02  PDE=5.393e-03 [colloc=5.250e-03, cfd=1.429e-04]  WALL=3.121e-15  DATA=6.271e-04
Invoked: SSBroyden1 approach!
[BFGS] batch= 103  call=  5086  total=1.887e-02  PDE=5.348e-03 [colloc=5.205e-03, cfd=1.429e-04]  WALL=3.121e-15  DATA=6.273e-04
Invoked: SSBroyden1 approach!
[BFGS] batch= 103  call=  5087  total=1.884e-02  PDE=5.339e-03 [colloc=5.196e-03, cfd=1.431e-04]  WALL=3.126e-15  DATA=6.264e-04
Invoked: SSBroyden1 approach!
[BFGS] batch= 103  call=  5090  total=1.883e-02  PDE=5.322e-03 [colloc=5.179e-03, cfd=1.431e-04]  WALL=3.126e-15  DATA=6.264e-04
Invoked: SSBroyden1 approach!
[BFGS] batch= 103  call=  5092  total=1.877e-02  PDE=5.294e-03 [colloc=5.150e-03, cfd=1.431e-04]  WALL=3.126e-15  DATA=6.263e-04
Invoked: SSBroyden1 approach!
[BFGS] batch= 103  call=  5093  total=1.869e-02  PDE=5.270e-03 [colloc=5.128e-03, cfd=1.430e-04]  WALL=3.126e-15  DATA=6.260e-04
Invoked: SSBroyden1 approach!
[BFGS] batch= 103  call=  5094  total=1.867e-02  PDE=5.258e-03 [colloc=5.115e-03, cfd=1.427e-04]  WALL=3.127e-15  DATA=6.263e-04
Invoked: SSBroyden1 approach!
[BFGS] batch= 103  call=  5095  total=1.866e-02  PDE=5.246e-03 [colloc=5.103e-03, cfd=1.426e-04]  WALL=3.127e-15  DATA=6.263e-04
Invoked: SSBroyden1 approach!
[BFGS] batch= 103  call=  5096  total=1.861e-02  PDE=5.237e-03 [colloc=5.094e-03, cfd=1.425e-04]  WALL=3.127e-15  DATA=6.263e-04
Invoked: SSBroyden1 approach!
[BFGS] batch= 103  call=  5097  total=1.855e-02  PDE=5.218e-03 [colloc=5.075e-03, cfd=1.423e-04]  WALL=3.128e-15  DATA=6.260e-04
Invoked: SSBroyden1 approach!
[BFGS] batch= 103  call=  5099  total=1.853e-02  PDE=5.206e-03 [colloc=5.064e-03, cfd=1.423e-04]  WALL=3.128e-15  DATA=6.261e-04
Invoked: SSBroyden1 approach!
[BFGS] batch= 103  call=  5100  total=1.850e-02  PDE=5.195e-03 [colloc=5.053e-03, cfd=1.423e-04]  WALL=3.129e-15  DATA=6.262e-04
Invoked: SSBroyden1 approach!
[BFGS] batch= 103  call=  5101  total=1.849e-02  PDE=5.177e-03 [colloc=5.035e-03, cfd=1.423e-04]  WALL=3.128e-15  DATA=6.263e-04
Invoked: SSBroyden1 approach!
[BFGS] batch= 103  call=  5102  total=1.844e-02  PDE=5.165e-03 [colloc=5.022e-03, cfd=1.423e-04]  WALL=3.128e-15  DATA=6.263e-04
Invoked: SSBroyden1 approach!
[BFGS] batch= 103  call=  5103  total=1.837e-02  PDE=5.138e-03 [colloc=4.995e-03, cfd=1.425e-04]  WALL=3.127e-15  DATA=6.262e-04
Invoked: SSBroyden1 approach!
[BFGS] batch= 103  call=  5104  total=1.824e-02  PDE=5.098e-03 [colloc=4.956e-03, cfd=1.427e-04]  WALL=3.128e-15  DATA=6.259e-04
Invoked: SSBroyden1 approach!
[BFGS] batch= 103  call=  5105  total=1.802e-02  PDE=5.009e-03 [colloc=4.866e-03, cfd=1.435e-04]  WALL=3.129e-15  DATA=6.256e-04
Invoked: SSBroyden1 approach!
[BFGS] batch= 103  call=  5106  total=1.763e-02  PDE=4.858e-03 [colloc=4.713e-03, cfd=1.452e-04]  WALL=3.130e-15  DATA=6.250e-04
Invoked: SSBroyden1 approach!
[BFGS] batch= 103  call=  5108  total=1.574e-02  PDE=4.130e-03 [colloc=3.917e-03, cfd=2.131e-04]  WALL=3.138e-15  DATA=6.183e-04
Invoked: SSBroyden1 approach!
[BFGS] batch= 103  call=  5110  total=1.560e-02  PDE=4.078e-03 [colloc=3.860e-03, cfd=2.184e-04]  WALL=3.138e-15  DATA=6.169e-04
Invoked: SSBroyden1 approach!
[BFGS] batch= 103  call=  5111  total=1.558e-02  PDE=4.070e-03 [colloc=3.846e-03, cfd=2.237e-04]  WALL=3.140e-15  DATA=6.169e-04
Invoked: SSBroyden1 approach!
[BFGS] batch= 103  call=  5118  total=1.553e-02  PDE=4.058e-03 [colloc=3.835e-03, cfd=2.236e-04]  WALL=3.140e-15  DATA=6.169e-04
Invoked: SSBroyden1 approach!
[BFGS] batch= 103  call=  5119  total=1.548e-02  PDE=4.030e-03 [colloc=3.807e-03, cfd=2.231e-04]  WALL=3.139e-15  DATA=6.172e-04
Invoked: SSBroyden1 approach!
[BFGS] batch= 103  call=  5120  total=1.543e-02  PDE=3.998e-03 [colloc=3.776e-03, cfd=2.218e-04]  WALL=3.139e-15  DATA=6.172e-04
Invoked: SSBroyden1 approach!
[BFGS] batch= 103  call=  5121  total=1.534e-02  PDE=3.962e-03 [colloc=3.742e-03, cfd=2.203e-04]  WALL=3.139e-15  DATA=6.172e-04
Invoked: SSBroyden1 approach!
[BFGS] batch= 103  call=  5122  total=1.514e-02  PDE=3.905e-03 [colloc=3.687e-03, cfd=2.182e-04]  WALL=3.141e-15  DATA=6.173e-04
Invoked: SSBroyden1 approach!
[BFGS] batch= 103  call=  5123  total=1.495e-02  PDE=3.818e-03 [colloc=3.605e-03, cfd=2.129e-04]  WALL=3.140e-15  DATA=6.165e-04
Invoked: SSBroyden1 approach!
[BFGS] batch= 103  call=  5124  total=1.467e-02  PDE=3.719e-03 [colloc=3.509e-03, cfd=2.092e-04]  WALL=3.143e-15  DATA=6.175e-04
Invoked: SSBroyden1 approach!
[BFGS] batch= 103  call=  5125  total=1.444e-02  PDE=3.626e-03 [colloc=3.421e-03, cfd=2.042e-04]  WALL=3.144e-15  DATA=6.173e-04
Invoked: SSBroyden1 approach!
[BFGS] batch= 103  call=  5126  total=1.407e-02  PDE=3.509e-03 [colloc=3.309e-03, cfd=1.996e-04]  WALL=3.141e-15  DATA=6.173e-04
Invoked: SSBroyden1 approach!
[BFGS] batch= 103  call=  5127  total=1.369e-02  PDE=3.348e-03 [colloc=3.154e-03, cfd=1.937e-04]  WALL=3.143e-15  DATA=6.177e-04
Invoked: SSBroyden1 approach!
[BFGS] batch= 103  call=  5128  total=1.322e-02  PDE=3.147e-03 [colloc=2.958e-03, cfd=1.892e-04]  WALL=3.145e-15  DATA=6.168e-04
Invoked: SSBroyden1 approach!
[BFGS] batch= 103  call=  5129  total=1.259e-02  PDE=2.925e-03 [colloc=2.737e-03, cfd=1.881e-04]  WALL=3.149e-15  DATA=6.169e-04
Invoked: SSBroyden1 approach!
[BFGS] batch= 103  call=  5130  total=1.216e-02  PDE=2.758e-03 [colloc=2.568e-03, cfd=1.904e-04]  WALL=3.144e-15  DATA=6.143e-04
Invoked: SSBroyden1 approach!
[BFGS] batch= 103  call=  5131  total=1.183e-02  PDE=2.636e-03 [colloc=2.447e-03, cfd=1.896e-04]  WALL=3.152e-15  DATA=6.145e-04
Invoked: SSBroyden1 approach!
[BFGS] batch= 103  call=  5132  total=1.159e-02  PDE=2.548e-03 [colloc=2.356e-03, cfd=1.917e-04]  WALL=3.153e-15  DATA=6.135e-04
Invoked: SSBroyden1 approach!
[BFGS] batch= 103  call=  5133  total=1.133e-02  PDE=2.454e-03 [colloc=2.260e-03, cfd=1.931e-04]  WALL=3.153e-15  DATA=6.126e-04
Invoked: SSBroyden1 approach!
[BFGS] batch= 103  call=  5134  total=1.111e-02  PDE=2.354e-03 [colloc=2.164e-03, cfd=1.906e-04]  WALL=3.153e-15  DATA=6.118e-04
Invoked: SSBroyden1 approach!
[BFGS] batch= 103  call=  5135  total=1.076e-02  PDE=2.228e-03 [colloc=2.042e-03, cfd=1.858e-04]  WALL=3.157e-15  DATA=6.119e-04
Invoked: SSBroyden1 approach!
[BFGS] batch= 103  call=  5136  total=1.038e-02  PDE=2.080e-03 [colloc=1.903e-03, cfd=1.769e-04]  WALL=3.159e-15  DATA=6.123e-04
Invoked: SSBroyden1 approach!
[BFGS] batch= 103  call=  5137  total=9.991e-03  PDE=1.921e-03 [colloc=1.749e-03, cfd=1.716e-04]  WALL=3.153e-15  DATA=6.121e-04
Invoked: SSBroyden1 approach!
[BFGS] batch= 103  call=  5138  total=9.647e-03  PDE=1.794e-03 [colloc=1.626e-03, cfd=1.678e-04]  WALL=3.149e-15  DATA=6.117e-04
Invoked: SSBroyden1 approach!
[BFGS] batch= 103  call=  5139  total=9.409e-03  PDE=1.709e-03 [colloc=1.541e-03, cfd=1.684e-04]  WALL=3.148e-15  DATA=6.107e-04
Invoked: SSBroyden1 approach!
[BFGS] batch= 103  call=  5140  total=9.390e-03  PDE=1.691e-03 [colloc=1.522e-03, cfd=1.693e-04]  WALL=3.148e-15  DATA=6.082e-04
Invoked: SSBroyden1 approach!
[BFGS] batch= 103  call=  5141  total=9.339e-03  PDE=1.678e-03 [colloc=1.509e-03, cfd=1.693e-04]  WALL=3.148e-15  DATA=6.082e-04
Invoked: SSBroyden1 approach!
[BFGS] batch= 103  call=  5142  total=9.241e-03  PDE=1.647e-03 [colloc=1.478e-03, cfd=1.692e-04]  WALL=3.147e-15  DATA=6.081e-04
Invoked: SSBroyden1 approach!
[BFGS] batch= 103  call=  5143  total=9.087e-03  PDE=1.595e-03 [colloc=1.427e-03, cfd=1.682e-04]  WALL=3.146e-15  DATA=6.082e-04
Invoked: SSBroyden1 approach!
[BFGS] batch= 103  call=  5144  total=8.873e-03  PDE=1.518e-03 [colloc=1.355e-03, cfd=1.635e-04]  WALL=3.143e-15  DATA=6.086e-04
Invoked: SSBroyden1 approach!
[BFGS] batch= 103  call=  5145  total=8.678e-03  PDE=1.428e-03 [colloc=1.272e-03, cfd=1.565e-04]  WALL=3.139e-15  DATA=6.083e-04
Invoked: SSBroyden1 approach!
[BFGS] batch= 103  call=  5146  total=8.488e-03  PDE=1.361e-03 [colloc=1.211e-03, cfd=1.500e-04]  WALL=3.136e-15  DATA=6.089e-04
Invoked: SSBroyden1 approach!
[BFGS] batch= 103  call=  5147  total=8.319e-03  PDE=1.304e-03 [colloc=1.160e-03, cfd=1.441e-04]  WALL=3.135e-15  DATA=6.096e-04
Invoked: SSBroyden1 approach!
[BFGS] batch= 103  call=  5148  total=8.125e-03  PDE=1.225e-03 [colloc=1.086e-03, cfd=1.396e-04]  WALL=3.134e-15  DATA=6.093e-04
Invoked: SSBroyden1 approach!
[BFGS] batch= 103  call=  5149  total=7.976e-03  PDE=1.168e-03 [colloc=1.030e-03, cfd=1.376e-04]  WALL=3.130e-15  DATA=6.083e-04
Invoked: SSBroyden1 approach!
[BFGS] batch= 103  call=  5150  total=7.812e-03  PDE=1.106e-03 [colloc=9.692e-04, cfd=1.372e-04]  WALL=3.130e-15  DATA=6.084e-04
Invoked: SSBroyden1 approach!
[BFGS] batch= 103  call=  5151  total=7.707e-03  PDE=1.084e-03 [colloc=9.475e-04, cfd=1.364e-04]  WALL=3.122e-15  DATA=6.098e-04
Invoked: SSBroyden1 approach!
[BFGS] batch= 103  call=  5152  total=7.655e-03  PDE=1.047e-03 [colloc=9.126e-04, cfd=1.345e-04]  WALL=3.120e-15  DATA=6.091e-04
Invoked: SSBroyden1 approach!
[BFGS] batch= 103  call=  5153  total=7.548e-03  PDE=1.018e-03 [colloc=8.849e-04, cfd=1.332e-04]  WALL=3.119e-15  DATA=6.095e-04
Invoked: SSBroyden1 approach!
[BFGS] batch= 103  call=  5154  total=7.506e-03  PDE=9.965e-04 [colloc=8.679e-04, cfd=1.285e-04]  WALL=3.119e-15  DATA=6.101e-04
Invoked: SSBroyden1 approach!
[BFGS] batch= 103  call=  5155  total=7.474e-03  PDE=9.746e-04 [colloc=8.482e-04, cfd=1.265e-04]  WALL=3.119e-15  DATA=6.099e-04
Invoked: SSBroyden1 approach!
[BFGS] batch= 103  call=  5156  total=7.385e-03  PDE=9.585e-04 [colloc=8.340e-04, cfd=1.246e-04]  WALL=3.117e-15  DATA=6.100e-04
Invoked: SSBroyden1 approach!
[BFGS] batch= 103  call=  5157  total=7.327e-03  PDE=9.388e-04 [colloc=8.171e-04, cfd=1.216e-04]  WALL=3.116e-15  DATA=6.107e-04
Invoked: SSBroyden1 approach!
[BFGS] batch= 103  call=  5159  total=7.311e-03  PDE=9.268e-04 [colloc=8.055e-04, cfd=1.213e-04]  WALL=3.116e-15  DATA=6.107e-04
Invoked: SSBroyden1 approach!
[BFGS] batch= 103  call=  5160  total=7.287e-03  PDE=9.168e-04 [colloc=7.960e-04, cfd=1.209e-04]  WALL=3.115e-15  DATA=6.106e-04
Invoked: SSBroyden1 approach!
[BFGS] batch= 103  call=  5161  total=7.215e-03  PDE=9.026e-04 [colloc=7.825e-04, cfd=1.201e-04]  WALL=3.116e-15  DATA=6.107e-04
Invoked: SSBroyden1 approach!
[BFGS] batch= 103  call=  5163  total=7.199e-03  PDE=8.857e-04 [colloc=7.667e-04, cfd=1.190e-04]  WALL=3.116e-15  DATA=6.110e-04
Invoked: SSBroyden1 approach!
[BFGS] batch= 103  call=  5164  total=7.190e-03  PDE=8.765e-04 [colloc=7.581e-04, cfd=1.184e-04]  WALL=3.117e-15  DATA=6.109e-04
Invoked: SSBroyden1 approach!
[BFGS] batch= 103  call=  5171  total=7.188e-03  PDE=8.703e-04 [colloc=7.524e-04, cfd=1.179e-04]  WALL=3.116e-15  DATA=6.108e-04
Invoked: SSBroyden1 approach!
[BFGS] batch= 103  call=  5182  total=7.130e-03  PDE=8.661e-04 [colloc=7.485e-04, cfd=1.176e-04]  WALL=3.116e-15  DATA=6.106e-04
  [PT] w_u=78.7211 w_v=74.7963 gamma=1.000 (tau_u=1.270e-02 tau_v=1.337e-02 |Du|=5.45e-01 |DRu|=1.05e+01)
[BFGS] batch 103: H0 not PD — resetting to identity.
[BFGS-END] batch= 103  last_total=7.146e-03  last_PDE=8.653e-04 [colloc=7.478e-04, cfd=1.176e-04]  last_WALL=3.116e-15  last_DATA=6.106e-04
/oscar/home/jchen790/cylinder flow lab/src/cfp40.py:1430: OptimizeWarning: Unknown solver options: hess, hessp, bounds, constraints, tol
  result = minimize(
Invoked: SSBroyden1 approach!
[BFGS] batch= 104  call=  5204  total=3.742e-02  PDE=1.236e-02 [colloc=1.224e-02, cfd=1.190e-04]  WALL=3.124e-15  DATA=6.808e-04
Invoked: SSBroyden1 approach!
[BFGS] batch= 104  call=  5206  total=2.253e-02  PDE=6.612e-03 [colloc=6.493e-03, cfd=1.185e-04]  WALL=3.129e-15  DATA=6.848e-04
Invoked: SSBroyden1 approach!
[BFGS] batch= 104  call=  5208  total=1.867e-02  PDE=5.124e-03 [colloc=5.006e-03, cfd=1.185e-04]  WALL=3.128e-15  DATA=6.853e-04
Invoked: SSBroyden1 approach!
[BFGS] batch= 104  call=  5210  total=1.733e-02  PDE=4.617e-03 [colloc=4.499e-03, cfd=1.185e-04]  WALL=3.137e-15  DATA=6.889e-04
Invoked: SSBroyden1 approach!
[BFGS] batch= 104  call=  5211  total=1.542e-02  PDE=3.886e-03 [colloc=3.768e-03, cfd=1.185e-04]  WALL=3.130e-15  DATA=6.869e-04
Invoked: SSBroyden1 approach!
[BFGS] batch= 104  call=  5212  total=1.413e-02  PDE=3.390e-03 [colloc=3.271e-03, cfd=1.188e-04]  WALL=3.129e-15  DATA=6.852e-04
Invoked: SSBroyden1 approach!
[BFGS] batch= 104  call=  5213  total=1.321e-02  PDE=3.035e-03 [colloc=2.916e-03, cfd=1.192e-04]  WALL=3.129e-15  DATA=6.844e-04
Invoked: SSBroyden1 approach!
[BFGS] batch= 104  call=  5215  total=1.284e-02  PDE=2.899e-03 [colloc=2.780e-03, cfd=1.191e-04]  WALL=3.133e-15  DATA=6.840e-04
Invoked: SSBroyden1 approach!
[BFGS] batch= 104  call=  5216  total=1.252e-02  PDE=2.781e-03 [colloc=2.662e-03, cfd=1.192e-04]  WALL=3.132e-15  DATA=6.830e-04
Invoked: SSBroyden1 approach!
[BFGS] batch= 104  call=  5217  total=1.232e-02  PDE=2.699e-03 [colloc=2.580e-03, cfd=1.193e-04]  WALL=3.140e-15  DATA=6.828e-04
Invoked: SSBroyden1 approach!
[BFGS] batch= 104  call=  5218  total=1.201e-02  PDE=2.592e-03 [colloc=2.473e-03, cfd=1.192e-04]  WALL=3.139e-15  DATA=6.823e-04
Invoked: SSBroyden1 approach!
[BFGS] batch= 104  call=  5220  total=1.190e-02  PDE=2.538e-03 [colloc=2.419e-03, cfd=1.192e-04]  WALL=3.140e-15  DATA=6.816e-04
Invoked: SSBroyden1 approach!
[BFGS] batch= 104  call=  5221  total=1.173e-02  PDE=2.482e-03 [colloc=2.362e-03, cfd=1.191e-04]  WALL=3.138e-15  DATA=6.816e-04
Invoked: SSBroyden1 approach!
[BFGS] batch= 104  call=  5222  total=1.169e-02  PDE=2.457e-03 [colloc=2.338e-03, cfd=1.191e-04]  WALL=3.138e-15  DATA=6.820e-04
Invoked: SSBroyden1 approach!
[BFGS] batch= 104  call=  5223  total=1.161e-02  PDE=2.433e-03 [colloc=2.314e-03, cfd=1.192e-04]  WALL=3.140e-15  DATA=6.818e-04
Invoked: SSBroyden1 approach!
[BFGS] batch= 104  call=  5224  total=1.151e-02  PDE=2.396e-03 [colloc=2.276e-03, cfd=1.193e-04]  WALL=3.139e-15  DATA=6.816e-04
Invoked: SSBroyden1 approach!
[BFGS] batch= 104  call=  5225  total=1.140e-02  PDE=2.354e-03 [colloc=2.235e-03, cfd=1.193e-04]  WALL=3.140e-15  DATA=6.816e-04
Invoked: SSBroyden1 approach!
[BFGS] batch= 104  call=  5227  total=1.137e-02  PDE=2.334e-03 [colloc=2.215e-03, cfd=1.193e-04]  WALL=3.140e-15  DATA=6.813e-04
Invoked: SSBroyden1 approach!
[BFGS] batch= 104  call=  5228  total=1.134e-02  PDE=2.319e-03 [colloc=2.200e-03, cfd=1.193e-04]  WALL=3.140e-15  DATA=6.813e-04
Invoked: SSBroyden1 approach!
[BFGS] batch= 104  call=  5229  total=1.128e-02  PDE=2.305e-03 [colloc=2.186e-03, cfd=1.192e-04]  WALL=3.141e-15  DATA=6.813e-04
Invoked: SSBroyden1 approach!
[BFGS] batch= 104  call=  5230  total=1.126e-02  PDE=2.299e-03 [colloc=2.180e-03, cfd=1.192e-04]  WALL=3.141e-15  DATA=6.815e-04
Invoked: SSBroyden1 approach!
[BFGS] batch= 104  call=  5231  total=1.125e-02  PDE=2.289e-03 [colloc=2.170e-03, cfd=1.193e-04]  WALL=3.142e-15  DATA=6.814e-04
Invoked: SSBroyden1 approach!
[BFGS] batch= 104  call=  5232  total=1.124e-02  PDE=2.283e-03 [colloc=2.164e-03, cfd=1.193e-04]  WALL=3.142e-15  DATA=6.815e-04
Invoked: SSBroyden1 approach!
[BFGS] batch= 104  call=  5233  total=1.124e-02  PDE=2.273e-03 [colloc=2.154e-03, cfd=1.193e-04]  WALL=3.142e-15  DATA=6.815e-04
Invoked: SSBroyden1 approach!
[BFGS] batch= 104  call=  5235  total=1.123e-02  PDE=2.269e-03 [colloc=2.150e-03, cfd=1.194e-04]  WALL=3.142e-15  DATA=6.815e-04
Invoked: SSBroyden1 approach!
[BFGS] batch= 104  call=  5236  total=1.118e-02  PDE=2.265e-03 [colloc=2.145e-03, cfd=1.194e-04]  WALL=3.142e-15  DATA=6.816e-04
Invoked: SSBroyden1 approach!
[BFGS] batch= 104  call=  5237  total=1.118e-02  PDE=2.264e-03 [colloc=2.144e-03, cfd=1.198e-04]  WALL=3.140e-15  DATA=6.812e-04
Invoked: SSBroyden1 approach!
[BFGS] batch= 104  call=  5243  total=1.117e-02  PDE=2.260e-03 [colloc=2.140e-03, cfd=1.199e-04]  WALL=3.140e-15  DATA=6.811e-04
Invoked: SSBroyden1 approach!
[BFGS] batch= 104  call=  5244  total=1.115e-02  PDE=2.255e-03 [colloc=2.135e-03, cfd=1.199e-04]  WALL=3.140e-15  DATA=6.811e-04
Invoked: SSBroyden1 approach!
[BFGS] batch= 104  call=  5245  total=1.114e-02  PDE=2.245e-03 [colloc=2.125e-03, cfd=1.199e-04]  WALL=3.140e-15  DATA=6.810e-04
Invoked: SSBroyden1 approach!
[BFGS] batch= 104  call=  5246  total=1.109e-02  PDE=2.231e-03 [colloc=2.111e-03, cfd=1.199e-04]  WALL=3.141e-15  DATA=6.810e-04
Invoked: SSBroyden1 approach!
[BFGS] batch= 104  call=  5247  total=1.102e-02  PDE=2.206e-03 [colloc=2.086e-03, cfd=1.200e-04]  WALL=3.141e-15  DATA=6.806e-04
Invoked: SSBroyden1 approach!
[BFGS] batch= 104  call=  5248  total=1.092e-02  PDE=2.166e-03 [colloc=2.046e-03, cfd=1.201e-04]  WALL=3.144e-15  DATA=6.804e-04
Invoked: SSBroyden1 approach!
[BFGS] batch= 104  call=  5249  total=1.078e-02  PDE=2.103e-03 [colloc=1.982e-03, cfd=1.203e-04]  WALL=3.145e-15  DATA=6.800e-04
Invoked: SSBroyden1 approach!
[BFGS] batch= 104  call=  5250  total=1.054e-02  PDE=2.013e-03 [colloc=1.892e-03, cfd=1.212e-04]  WALL=3.145e-15  DATA=6.797e-04
Invoked: SSBroyden1 approach!
[BFGS] batch= 104  call=  5251  total=1.021e-02  PDE=1.887e-03 [colloc=1.764e-03, cfd=1.232e-04]  WALL=3.145e-15  DATA=6.778e-04
Invoked: SSBroyden1 approach!
[BFGS] batch= 104  call=  5252  total=9.768e-03  PDE=1.726e-03 [colloc=1.600e-03, cfd=1.269e-04]  WALL=3.146e-15  DATA=6.750e-04
Invoked: SSBroyden1 approach!
[BFGS] batch= 104  call=  5254  total=9.619e-03  PDE=1.678e-03 [colloc=1.549e-03, cfd=1.290e-04]  WALL=3.148e-15  DATA=6.735e-04
Invoked: SSBroyden1 approach!
[BFGS] batch= 104  call=  5256  total=9.606e-03  PDE=1.667e-03 [colloc=1.538e-03, cfd=1.292e-04]  WALL=3.146e-15  DATA=6.727e-04
Invoked: SSBroyden1 approach!
[BFGS] batch= 104  call=  5257  total=9.595e-03  PDE=1.659e-03 [colloc=1.530e-03, cfd=1.294e-04]  WALL=3.147e-15  DATA=6.727e-04
Invoked: SSBroyden1 approach!
[BFGS] batch= 104  call=  5258  total=9.582e-03  PDE=1.654e-03 [colloc=1.525e-03, cfd=1.294e-04]  WALL=3.147e-15  DATA=6.725e-04
Invoked: SSBroyden1 approach!
[BFGS] batch= 104  call=  5259  total=9.551e-03  PDE=1.646e-03 [colloc=1.517e-03, cfd=1.296e-04]  WALL=3.147e-15  DATA=6.725e-04
Invoked: SSBroyden1 approach!
[BFGS] batch= 104  call=  5260  total=9.533e-03  PDE=1.636e-03 [colloc=1.506e-03, cfd=1.302e-04]  WALL=3.148e-15  DATA=6.724e-04
Invoked: SSBroyden1 approach!
[BFGS] batch= 104  call=  5261  total=9.494e-03  PDE=1.625e-03 [colloc=1.494e-03, cfd=1.305e-04]  WALL=3.149e-15  DATA=6.722e-04
Invoked: SSBroyden1 approach!
[BFGS] batch= 104  call=  5262  total=9.418e-03  PDE=1.601e-03 [colloc=1.470e-03, cfd=1.314e-04]  WALL=3.151e-15  DATA=6.720e-04
Invoked: SSBroyden1 approach!
[BFGS] batch= 104  call=  5263  total=9.332e-03  PDE=1.562e-03 [colloc=1.429e-03, cfd=1.332e-04]  WALL=3.152e-15  DATA=6.712e-04
Invoked: SSBroyden1 approach!
[BFGS] batch= 104  call=  5264  total=9.289e-03  PDE=1.543e-03 [colloc=1.409e-03, cfd=1.338e-04]  WALL=3.156e-15  DATA=6.714e-04
Invoked: SSBroyden1 approach!
[BFGS] batch= 104  call=  5265  total=9.199e-03  PDE=1.519e-03 [colloc=1.386e-03, cfd=1.336e-04]  WALL=3.156e-15  DATA=6.715e-04
Invoked: SSBroyden1 approach!
[BFGS] batch= 104  call=  5266  total=9.141e-03  PDE=1.491e-03 [colloc=1.359e-03, cfd=1.319e-04]  WALL=3.155e-15  DATA=6.715e-04
Invoked: SSBroyden1 approach!
[BFGS] batch= 104  call=  5267  total=9.064e-03  PDE=1.459e-03 [colloc=1.329e-03, cfd=1.307e-04]  WALL=3.155e-15  DATA=6.713e-04
Invoked: SSBroyden1 approach!
[BFGS] batch= 104  call=  5268  total=8.946e-03  PDE=1.418e-03 [colloc=1.290e-03, cfd=1.287e-04]  WALL=3.157e-15  DATA=6.710e-04
Invoked: SSBroyden1 approach!
[BFGS] batch= 104  call=  5269  total=8.777e-03  PDE=1.362e-03 [colloc=1.236e-03, cfd=1.264e-04]  WALL=3.159e-15  DATA=6.702e-04
Invoked: SSBroyden1 approach!
[BFGS] batch= 104  call=  5270  total=8.612e-03  PDE=1.282e-03 [colloc=1.157e-03, cfd=1.252e-04]  WALL=3.159e-15  DATA=6.685e-04
Invoked: SSBroyden1 approach!
[BFGS] batch= 104  call=  5271  total=8.400e-03  PDE=1.224e-03 [colloc=1.099e-03, cfd=1.247e-04]  WALL=3.156e-15  DATA=6.668e-04
Invoked: SSBroyden1 approach!
[BFGS] batch= 104  call=  5273  total=8.321e-03  PDE=1.185e-03 [colloc=1.060e-03, cfd=1.249e-04]  WALL=3.156e-15  DATA=6.648e-04
Invoked: SSBroyden1 approach!
[BFGS] batch= 104  call=  5274  total=8.237e-03  PDE=1.166e-03 [colloc=1.041e-03, cfd=1.249e-04]  WALL=3.158e-15  DATA=6.636e-04
Invoked: SSBroyden1 approach!
[BFGS] batch= 104  call=  5276  total=8.190e-03  PDE=1.152e-03 [colloc=1.027e-03, cfd=1.246e-04]  WALL=3.159e-15  DATA=6.632e-04
Invoked: SSBroyden1 approach!
[BFGS] batch= 104  call=  5277  total=8.156e-03  PDE=1.129e-03 [colloc=1.005e-03, cfd=1.240e-04]  WALL=3.158e-15  DATA=6.634e-04
Invoked: SSBroyden1 approach!
[BFGS] batch= 104  call=  5278  total=8.144e-03  PDE=1.110e-03 [colloc=9.867e-04, cfd=1.237e-04]  WALL=3.157e-15  DATA=6.633e-04
Invoked: SSBroyden1 approach!
[BFGS] batch= 104  call=  5279  total=8.092e-03  PDE=1.101e-03 [colloc=9.779e-04, cfd=1.236e-04]  WALL=3.157e-15  DATA=6.634e-04
Invoked: SSBroyden1 approach!
[BFGS] batch= 104  call=  5280  total=8.045e-03  PDE=1.075e-03 [colloc=9.521e-04, cfd=1.229e-04]  WALL=3.156e-15  DATA=6.632e-04
Invoked: SSBroyden1 approach!
[BFGS] batch= 104  call=  5281  total=7.916e-03  PDE=1.050e-03 [colloc=9.276e-04, cfd=1.221e-04]  WALL=3.156e-15  DATA=6.631e-04
Invoked: SSBroyden1 approach!
[BFGS] batch= 104  call=  5283  total=7.902e-03  PDE=1.027e-03 [colloc=9.057e-04, cfd=1.215e-04]  WALL=3.156e-15  DATA=6.626e-04
Invoked: SSBroyden1 approach!
[BFGS] batch= 104  call=  5284  total=7.878e-03  PDE=1.018e-03 [colloc=8.969e-04, cfd=1.214e-04]  WALL=3.156e-15  DATA=6.625e-04
Invoked: SSBroyden1 approach!
[BFGS] batch= 104  call=  5285  total=7.857e-03  PDE=1.004e-03 [colloc=8.827e-04, cfd=1.210e-04]  WALL=3.155e-15  DATA=6.625e-04
Invoked: SSBroyden1 approach!
[BFGS] batch= 104  call=  5286  total=7.808e-03  PDE=9.921e-04 [colloc=8.716e-04, cfd=1.204e-04]  WALL=3.155e-15  DATA=6.621e-04
Invoked: SSBroyden1 approach!
[BFGS] batch= 104  call=  5287  total=7.734e-03  PDE=9.725e-04 [colloc=8.544e-04, cfd=1.180e-04]  WALL=3.153e-15  DATA=6.623e-04
Invoked: SSBroyden1 approach!
[BFGS] batch= 104  call=  5288  total=7.704e-03  PDE=9.550e-04 [colloc=8.402e-04, cfd=1.148e-04]  WALL=3.151e-15  DATA=6.624e-04
Invoked: SSBroyden1 approach!
[BFGS] batch= 104  call=  5289  total=7.666e-03  PDE=9.391e-04 [colloc=8.253e-04, cfd=1.137e-04]  WALL=3.151e-15  DATA=6.624e-04
Invoked: SSBroyden1 approach!
[BFGS] batch= 104  call=  5290  total=7.627e-03  PDE=9.183e-04 [colloc=8.060e-04, cfd=1.124e-04]  WALL=3.150e-15  DATA=6.623e-04
Invoked: SSBroyden1 approach!
[BFGS] batch= 104  call=  5291  total=7.575e-03  PDE=9.092e-04 [colloc=7.983e-04, cfd=1.109e-04]  WALL=3.150e-15  DATA=6.619e-04
Invoked: SSBroyden1 approach!
[BFGS] batch= 104  call=  5292  total=7.516e-03  PDE=8.905e-04 [colloc=7.817e-04, cfd=1.089e-04]  WALL=3.149e-15  DATA=6.617e-04
Invoked: SSBroyden1 approach!
[BFGS] batch= 104  call=  5293  total=7.490e-03  PDE=8.718e-04 [colloc=7.646e-04, cfd=1.072e-04]  WALL=3.146e-15  DATA=6.613e-04
Invoked: SSBroyden1 approach!
[BFGS] batch= 104  call=  5294  total=7.401e-03  PDE=8.577e-04 [colloc=7.517e-04, cfd=1.060e-04]  WALL=3.146e-15  DATA=6.611e-04
Invoked: SSBroyden1 approach!
[BFGS] batch= 104  call=  5296  total=7.381e-03  PDE=8.449e-04 [colloc=7.404e-04, cfd=1.045e-04]  WALL=3.144e-15  DATA=6.612e-04
Invoked: SSBroyden1 approach!
[BFGS] batch= 104  call=  5297  total=7.366e-03  PDE=8.335e-04 [colloc=7.298e-04, cfd=1.037e-04]  WALL=3.144e-15  DATA=6.611e-04
Invoked: SSBroyden1 approach!
[BFGS] batch= 104  call=  5298  total=7.357e-03  PDE=8.244e-04 [colloc=7.213e-04, cfd=1.031e-04]  WALL=3.143e-15  DATA=6.608e-04
Invoked: SSBroyden1 approach!
[BFGS] batch= 104  call=  5299  total=7.328e-03  PDE=8.190e-04 [colloc=7.162e-04, cfd=1.027e-04]  WALL=3.144e-15  DATA=6.606e-04
Invoked: SSBroyden1 approach!
[BFGS] batch= 104  call=  5300  total=7.320e-03  PDE=8.088e-04 [colloc=7.076e-04, cfd=1.012e-04]  WALL=3.143e-15  DATA=6.606e-04
Invoked: SSBroyden1 approach!
[BFGS] batch= 104  call=  5301  total=7.263e-03  PDE=8.036e-04 [colloc=7.028e-04, cfd=1.008e-04]  WALL=3.142e-15  DATA=6.604e-04
Invoked: SSBroyden1 approach!
[BFGS] batch= 104  call=  5311  total=7.258e-03  PDE=7.978e-04 [colloc=6.975e-04, cfd=1.003e-04]  WALL=3.142e-15  DATA=6.601e-04
Invoked: SSBroyden1 approach!
[BFGS] batch= 104  call=  5312  total=7.255e-03  PDE=7.943e-04 [colloc=6.943e-04, cfd=9.999e-05]  WALL=3.142e-15  DATA=6.600e-04
Invoked: SSBroyden1 approach!
[BFGS] batch= 104  call=  5322  total=7.229e-03  PDE=7.913e-04 [colloc=6.916e-04, cfd=9.972e-05]  WALL=3.142e-15  DATA=6.598e-04
Invoked: SSBroyden1 approach!
[BFGS] batch= 104  call=  5323  total=7.220e-03  PDE=7.840e-04 [colloc=6.855e-04, cfd=9.844e-05]  WALL=3.140e-15  DATA=6.589e-04
Invoked: SSBroyden1 approach!
[BFGS] batch= 104  call=  5324  total=7.188e-03  PDE=7.792e-04 [colloc=6.810e-04, cfd=9.815e-05]  WALL=3.139e-15  DATA=6.587e-04
Invoked: SSBroyden1 approach!
[BFGS] batch= 104  call=  5325  total=7.126e-03  PDE=7.721e-04 [colloc=6.751e-04, cfd=9.694e-05]  WALL=3.139e-15  DATA=6.572e-04
  [PT] w_u=85.6065 w_v=81.5587 gamma=1.000 (tau_u=1.168e-02 tau_v=1.226e-02 |Du|=3.99e-01 |DRu|=8.01e+00)
[BFGS] batch 104: H0 not PD — resetting to identity.
[BFGS-END] batch= 104  last_total=7.191e-03  last_PDE=7.721e-04 [colloc=6.751e-04, cfd=9.694e-05]  last_WALL=3.139e-15  last_DATA=6.572e-04
/oscar/home/jchen790/cylinder flow lab/src/cfp40.py:1430: OptimizeWarning: Unknown solver options: hess, hessp, bounds, constraints, tol
  result = minimize(
Invoked: SSBroyden1 approach!
[BFGS] batch= 105  call=  5346  total=2.822e-02  PDE=8.693e-03 [colloc=8.594e-03, cfd=9.835e-05]  WALL=3.155e-15  DATA=7.369e-04
Invoked: SSBroyden1 approach!
[BFGS] batch= 105  call=  5348  total=1.834e-02  PDE=4.890e-03 [colloc=4.792e-03, cfd=9.777e-05]  WALL=3.157e-15  DATA=7.408e-04
Invoked: SSBroyden1 approach!
[BFGS] batch= 105  call=  5350  total=1.588e-02  PDE=3.948e-03 [colloc=3.850e-03, cfd=9.779e-05]  WALL=3.158e-15  DATA=7.421e-04
Invoked: SSBroyden1 approach!
[BFGS] batch= 105  call=  5351  total=1.535e-02  PDE=3.734e-03 [colloc=3.636e-03, cfd=9.790e-05]  WALL=3.169e-15  DATA=7.472e-04
Invoked: SSBroyden1 approach!
[BFGS] batch= 105  call=  5352  total=1.451e-02  PDE=3.408e-03 [colloc=3.310e-03, cfd=9.791e-05]  WALL=3.165e-15  DATA=7.461e-04
Invoked: SSBroyden1 approach!
[BFGS] batch= 105  call=  5353  total=1.338e-02  PDE=2.974e-03 [colloc=2.876e-03, cfd=9.790e-05]  WALL=3.164e-15  DATA=7.454e-04
Invoked: SSBroyden1 approach!
[BFGS] batch= 105  call=  5354  total=1.265e-02  PDE=2.707e-03 [colloc=2.609e-03, cfd=9.811e-05]  WALL=3.164e-15  DATA=7.442e-04
Invoked: SSBroyden1 approach!
[BFGS] batch= 105  call=  5356  total=1.238e-02  PDE=2.594e-03 [colloc=2.496e-03, cfd=9.806e-05]  WALL=3.168e-15  DATA=7.439e-04
Invoked: SSBroyden1 approach!
[BFGS] batch= 105  call=  5357  total=1.208e-02  PDE=2.483e-03 [colloc=2.385e-03, cfd=9.811e-05]  WALL=3.167e-15  DATA=7.431e-04
Invoked: SSBroyden1 approach!
[BFGS] batch= 105  call=  5358  total=1.186e-02  PDE=2.399e-03 [colloc=2.300e-03, cfd=9.818e-05]  WALL=3.175e-15  DATA=7.429e-04
Invoked: SSBroyden1 approach!
[BFGS] batch= 105  call=  5359  total=1.160e-02  PDE=2.301e-03 [colloc=2.203e-03, cfd=9.807e-05]  WALL=3.173e-15  DATA=7.423e-04
Invoked: SSBroyden1 approach!
[BFGS] batch= 105  call=  5361  total=1.148e-02  PDE=2.252e-03 [colloc=2.154e-03, cfd=9.809e-05]  WALL=3.173e-15  DATA=7.416e-04
Invoked: SSBroyden1 approach!
[BFGS] batch= 105  call=  5362  total=1.134e-02  PDE=2.204e-03 [colloc=2.106e-03, cfd=9.809e-05]  WALL=3.171e-15  DATA=7.418e-04
Invoked: SSBroyden1 approach!
[BFGS] batch= 105  call=  5363  total=1.129e-02  PDE=2.176e-03 [colloc=2.078e-03, cfd=9.811e-05]  WALL=3.171e-15  DATA=7.419e-04
Invoked: SSBroyden1 approach!
[BFGS] batch= 105  call=  5364  total=1.121e-02  PDE=2.151e-03 [colloc=2.053e-03, cfd=9.817e-05]  WALL=3.173e-15  DATA=7.418e-04
Invoked: SSBroyden1 approach!
[BFGS] batch= 105  call=  5365  total=1.109e-02  PDE=2.113e-03 [colloc=2.015e-03, cfd=9.823e-05]  WALL=3.173e-15  DATA=7.416e-04
Invoked: SSBroyden1 approach!
[BFGS] batch= 105  call=  5366  total=1.099e-02  PDE=2.069e-03 [colloc=1.971e-03, cfd=9.817e-05]  WALL=3.174e-15  DATA=7.416e-04
Invoked: SSBroyden1 approach!
[BFGS] batch= 105  call=  5368  total=1.098e-02  PDE=2.051e-03 [colloc=1.953e-03, cfd=9.819e-05]  WALL=3.174e-15  DATA=7.413e-04
Invoked: SSBroyden1 approach!
[BFGS] batch= 105  call=  5369  total=1.092e-02  PDE=2.043e-03 [colloc=1.945e-03, cfd=9.819e-05]  WALL=3.174e-15  DATA=7.413e-04
Invoked: SSBroyden1 approach!
[BFGS] batch= 105  call=  5370  total=1.089e-02  PDE=2.026e-03 [colloc=1.928e-03, cfd=9.819e-05]  WALL=3.174e-15  DATA=7.414e-04
Invoked: SSBroyden1 approach!
[BFGS] batch= 105  call=  5371  total=1.088e-02  PDE=2.017e-03 [colloc=1.919e-03, cfd=9.831e-05]  WALL=3.175e-15  DATA=7.414e-04
Invoked: SSBroyden1 approach!
[BFGS] batch= 105  call=  5372  total=1.082e-02  PDE=2.010e-03 [colloc=1.911e-03, cfd=9.837e-05]  WALL=3.175e-15  DATA=7.413e-04
  [PT] w_u=64.0197 w_v=62.3649 gamma=1.000 (tau_u=1.562e-02 tau_v=1.603e-02 |Du|=3.92e-01 |DRu|=1.73e+00)
[BFGS-END] batch= 105  last_total=1.083e-02  last_PDE=2.010e-03 [colloc=1.911e-03, cfd=9.837e-05]  last_WALL=3.175e-15  last_DATA=7.413e-04
/oscar/home/jchen790/cylinder flow lab/src/cfp40.py:1430: OptimizeWarning: Unknown solver options: hess, hessp, bounds, constraints, tol
  result = minimize(
Invoked: SSBroyden1 approach!
[BFGS] batch= 106  call=  5395  total=1.360e-01  PDE=5.025e-02 [colloc=4.479e-02, cfd=5.457e-03]  WALL=3.222e-15  DATA=6.869e-04
Invoked: SSBroyden1 approach!
[BFGS] batch= 106  call=  5397  total=1.264e-01  PDE=4.659e-02 [colloc=3.724e-02, cfd=9.344e-03]  WALL=3.229e-15  DATA=6.796e-04
Invoked: SSBroyden1 approach!
[BFGS] batch= 106  call=  5399  total=1.231e-01  PDE=4.530e-02 [colloc=3.451e-02, cfd=1.079e-02]  WALL=3.240e-15  DATA=6.798e-04
Invoked: SSBroyden1 approach!
[BFGS] batch= 106  call=  5400  total=1.194e-01  PDE=4.388e-02 [colloc=3.189e-02, cfd=1.198e-02]  WALL=3.246e-15  DATA=6.733e-04
Invoked: SSBroyden1 approach!
[BFGS] batch= 106  call=  5401  total=1.129e-01  PDE=4.137e-02 [colloc=2.828e-02, cfd=1.309e-02]  WALL=3.251e-15  DATA=6.714e-04
Invoked: SSBroyden1 approach!
[BFGS] batch= 106  call=  5404  total=8.629e-02  PDE=3.113e-02 [colloc=1.231e-02, cfd=1.882e-02]  WALL=3.298e-15  DATA=6.749e-04
Invoked: SSBroyden1 approach!
[BFGS] batch= 106  call=  5406  total=8.396e-02  PDE=3.023e-02 [colloc=1.082e-02, cfd=1.941e-02]  WALL=3.298e-15  DATA=6.745e-04
Invoked: SSBroyden1 approach!
[BFGS] batch= 106  call=  5407  total=8.279e-02  PDE=2.978e-02 [colloc=1.004e-02, cfd=1.974e-02]  WALL=3.299e-15  DATA=6.745e-04
Invoked: SSBroyden1 approach!
[BFGS] batch= 106  call=  5408  total=8.142e-02  PDE=2.924e-02 [colloc=9.653e-03, cfd=1.959e-02]  WALL=3.303e-15  DATA=6.769e-04
Invoked: SSBroyden1 approach!
[BFGS] batch= 106  call=  5409  total=7.992e-02  PDE=2.866e-02 [colloc=9.434e-03, cfd=1.923e-02]  WALL=3.302e-15  DATA=6.786e-04
Invoked: SSBroyden1 approach!
[BFGS] batch= 106  call=  5410  total=7.745e-02  PDE=2.770e-02 [colloc=9.054e-03, cfd=1.864e-02]  WALL=3.301e-15  DATA=6.787e-04
Invoked: SSBroyden1 approach!
[BFGS] batch= 106  call=  5411  total=7.408e-02  PDE=2.638e-02 [colloc=8.745e-03, cfd=1.764e-02]  WALL=3.308e-15  DATA=6.779e-04
Invoked: SSBroyden1 approach!
[BFGS] batch= 106  call=  5412  total=7.005e-02  PDE=2.477e-02 [colloc=8.581e-03, cfd=1.619e-02]  WALL=3.313e-15  DATA=6.767e-04
Invoked: SSBroyden1 approach!
[BFGS] batch= 106  call=  5413  total=6.545e-02  PDE=2.294e-02 [colloc=8.404e-03, cfd=1.454e-02]  WALL=3.316e-15  DATA=6.667e-04
Invoked: SSBroyden1 approach!
[BFGS] batch= 106  call=  5414  total=6.137e-02  PDE=2.129e-02 [colloc=8.562e-03, cfd=1.273e-02]  WALL=3.317e-15  DATA=6.616e-04
Invoked: SSBroyden1 approach!
[BFGS] batch= 106  call=  5415  total=5.678e-02  PDE=1.946e-02 [colloc=8.231e-03, cfd=1.122e-02]  WALL=3.325e-15  DATA=6.640e-04
Invoked: SSBroyden1 approach!
[BFGS] batch= 106  call=  5416  total=5.095e-02  PDE=1.716e-02 [colloc=7.358e-03, cfd=9.805e-03]  WALL=3.336e-15  DATA=6.637e-04
Invoked: SSBroyden1 approach!
[BFGS] batch= 106  call=  5417  total=5.020e-02  PDE=1.684e-02 [colloc=8.531e-03, cfd=8.313e-03]  WALL=3.320e-15  DATA=6.620e-04
Invoked: SSBroyden1 approach!
[BFGS] batch= 106  call=  5418  total=4.888e-02  PDE=1.633e-02 [colloc=8.163e-03, cfd=8.167e-03]  WALL=3.324e-15  DATA=6.625e-04
Invoked: SSBroyden1 approach!
[BFGS] batch= 106  call=  5419  total=4.679e-02  PDE=1.554e-02 [colloc=7.625e-03, cfd=7.916e-03]  WALL=3.331e-15  DATA=6.615e-04
Invoked: SSBroyden1 approach!
[BFGS] batch= 106  call=  5420  total=4.484e-02  PDE=1.483e-02 [colloc=7.284e-03, cfd=7.542e-03]  WALL=3.354e-15  DATA=6.620e-04
Invoked: SSBroyden1 approach!
[BFGS] batch= 106  call=  5421  total=4.327e-02  PDE=1.427e-02 [colloc=7.090e-03, cfd=7.179e-03]  WALL=3.356e-15  DATA=6.595e-04
Invoked: SSBroyden1 approach!
[BFGS] batch= 106  call=  5422  total=4.174e-02  PDE=1.373e-02 [colloc=6.824e-03, cfd=6.901e-03]  WALL=3.357e-15  DATA=6.628e-04
Invoked: SSBroyden1 approach!
[BFGS] batch= 106  call=  5423  total=4.004e-02  PDE=1.311e-02 [colloc=6.494e-03, cfd=6.612e-03]  WALL=3.360e-15  DATA=6.660e-04
Invoked: SSBroyden1 approach!
[BFGS] batch= 106  call=  5424  total=3.794e-02  PDE=1.235e-02 [colloc=6.066e-03, cfd=6.279e-03]  WALL=3.365e-15  DATA=6.647e-04
Invoked: SSBroyden1 approach!
[BFGS] batch= 106  call=  5425  total=3.743e-02  PDE=1.220e-02 [colloc=6.316e-03, cfd=5.880e-03]  WALL=3.336e-15  DATA=6.597e-04
Invoked: SSBroyden1 approach!
[BFGS] batch= 106  call=  5426  total=3.650e-02  PDE=1.185e-02 [colloc=6.070e-03, cfd=5.784e-03]  WALL=3.338e-15  DATA=6.602e-04
Invoked: SSBroyden1 approach!
[BFGS] batch= 106  call=  5427  total=3.504e-02  PDE=1.131e-02 [colloc=5.733e-03, cfd=5.577e-03]  WALL=3.343e-15  DATA=6.595e-04
Invoked: SSBroyden1 approach!
[BFGS] batch= 106  call=  5428  total=3.323e-02  PDE=1.061e-02 [colloc=5.398e-03, cfd=5.207e-03]  WALL=3.352e-15  DATA=6.594e-04
Invoked: SSBroyden1 approach!
[BFGS] batch= 106  call=  5429  total=3.138e-02  PDE=9.928e-03 [colloc=5.135e-03, cfd=4.792e-03]  WALL=3.345e-15  DATA=6.583e-04
Invoked: SSBroyden1 approach!
[BFGS] batch= 106  call=  5430  total=2.949e-02  PDE=9.228e-03 [colloc=4.826e-03, cfd=4.401e-03]  WALL=3.352e-15  DATA=6.573e-04
Invoked: SSBroyden1 approach!
[BFGS] batch= 106  call=  5432  total=2.864e-02  PDE=8.918e-03 [colloc=4.688e-03, cfd=4.230e-03]  WALL=3.353e-15  DATA=6.563e-04
Invoked: SSBroyden1 approach!
[BFGS] batch= 106  call=  5433  total=2.749e-02  PDE=8.485e-03 [colloc=4.421e-03, cfd=4.064e-03]  WALL=3.360e-15  DATA=6.566e-04
Invoked: SSBroyden1 approach!
[BFGS] batch= 106  call=  5434  total=2.629e-02  PDE=8.036e-03 [colloc=4.194e-03, cfd=3.842e-03]  WALL=3.358e-15  DATA=6.568e-04
Invoked: SSBroyden1 approach!
[BFGS] batch= 106  call=  5435  total=2.526e-02  PDE=7.657e-03 [colloc=4.040e-03, cfd=3.617e-03]  WALL=3.349e-15  DATA=6.568e-04
Invoked: SSBroyden1 approach!
[BFGS] batch= 106  call=  5436  total=2.420e-02  PDE=7.263e-03 [colloc=3.815e-03, cfd=3.448e-03]  WALL=3.343e-15  DATA=6.549e-04
Invoked: SSBroyden1 approach!
[BFGS] batch= 106  call=  5437  total=2.292e-02  PDE=6.797e-03 [colloc=3.544e-03, cfd=3.253e-03]  WALL=3.343e-15  DATA=6.572e-04
Invoked: SSBroyden1 approach!
[BFGS] batch= 106  call=  5438  total=2.236e-02  PDE=6.593e-03 [colloc=3.588e-03, cfd=3.006e-03]  WALL=3.333e-15  DATA=6.527e-04
Invoked: SSBroyden1 approach!
[BFGS] batch= 106  call=  5439  total=2.146e-02  PDE=6.250e-03 [colloc=3.351e-03, cfd=2.899e-03]  WALL=3.338e-15  DATA=6.527e-04
Invoked: SSBroyden1 approach!
[BFGS] batch= 106  call=  5440  total=2.024e-02  PDE=5.769e-03 [colloc=3.050e-03, cfd=2.719e-03]  WALL=3.342e-15  DATA=6.552e-04
Invoked: SSBroyden1 approach!
[BFGS] batch= 106  call=  5441  total=1.926e-02  PDE=5.381e-03 [colloc=2.887e-03, cfd=2.493e-03]  WALL=3.335e-15  DATA=6.528e-04
Invoked: SSBroyden1 approach!
[BFGS] batch= 106  call=  5442  total=1.855e-02  PDE=5.092e-03 [colloc=2.757e-03, cfd=2.336e-03]  WALL=3.351e-15  DATA=6.558e-04
Invoked: SSBroyden1 approach!
[BFGS] batch= 106  call=  5443  total=1.774e-02  PDE=4.778e-03 [colloc=2.542e-03, cfd=2.236e-03]  WALL=3.342e-15  DATA=6.543e-04
Invoked: SSBroyden1 approach!
[BFGS] batch= 106  call=  5444  total=1.742e-02  PDE=4.663e-03 [colloc=2.548e-03, cfd=2.115e-03]  WALL=3.334e-15  DATA=6.557e-04
Invoked: SSBroyden1 approach!
[BFGS] batch= 106  call=  5445  total=1.694e-02  PDE=4.469e-03 [colloc=2.401e-03, cfd=2.068e-03]  WALL=3.334e-15  DATA=6.552e-04
Invoked: SSBroyden1 approach!
[BFGS] batch= 106  call=  5446  total=1.633e-02  PDE=4.244e-03 [colloc=2.254e-03, cfd=1.990e-03]  WALL=3.337e-15  DATA=6.529e-04
Invoked: SSBroyden1 approach!
[BFGS] batch= 106  call=  5447  total=1.586e-02  PDE=4.070e-03 [colloc=2.203e-03, cfd=1.867e-03]  WALL=3.333e-15  DATA=6.520e-04
Invoked: SSBroyden1 approach!
[BFGS] batch= 106  call=  5448  total=1.528e-02  PDE=3.860e-03 [colloc=2.093e-03, cfd=1.767e-03]  WALL=3.330e-15  DATA=6.525e-04
Invoked: SSBroyden1 approach!
[BFGS] batch= 106  call=  5449  total=1.478e-02  PDE=3.679e-03 [colloc=2.027e-03, cfd=1.653e-03]  WALL=3.330e-15  DATA=6.484e-04
Invoked: SSBroyden1 approach!
[BFGS] batch= 106  call=  5450  total=1.419e-02  PDE=3.439e-03 [colloc=1.882e-03, cfd=1.556e-03]  WALL=3.331e-15  DATA=6.482e-04
Invoked: SSBroyden1 approach!
[BFGS] batch= 106  call=  5451  total=1.359e-02  PDE=3.230e-03 [colloc=1.775e-03, cfd=1.455e-03]  WALL=3.326e-15  DATA=6.459e-04
Invoked: SSBroyden1 approach!
[BFGS] batch= 106  call=  5452  total=1.324e-02  PDE=3.112e-03 [colloc=1.750e-03, cfd=1.362e-03]  WALL=3.324e-15  DATA=6.450e-04
Invoked: SSBroyden1 approach!
[BFGS] batch= 106  call=  5453  total=1.281e-02  PDE=2.939e-03 [colloc=1.634e-03, cfd=1.304e-03]  WALL=3.321e-15  DATA=6.449e-04
Invoked: SSBroyden1 approach!
[BFGS] batch= 106  call=  5454  total=1.233e-02  PDE=2.760e-03 [colloc=1.525e-03, cfd=1.235e-03]  WALL=3.316e-15  DATA=6.436e-04
Invoked: SSBroyden1 approach!
[BFGS] batch= 106  call=  5455  total=1.197e-02  PDE=2.629e-03 [colloc=1.478e-03, cfd=1.152e-03]  WALL=3.307e-15  DATA=6.430e-04
Invoked: SSBroyden1 approach!
[BFGS] batch= 106  call=  5456  total=1.164e-02  PDE=2.504e-03 [colloc=1.418e-03, cfd=1.087e-03]  WALL=3.303e-15  DATA=6.425e-04
Invoked: SSBroyden1 approach!
[BFGS] batch= 106  call=  5457  total=1.145e-02  PDE=2.418e-03 [colloc=1.392e-03, cfd=1.026e-03]  WALL=3.295e-15  DATA=6.404e-04
Invoked: SSBroyden1 approach!
[BFGS] batch= 106  call=  5458  total=1.119e-02  PDE=2.316e-03 [colloc=1.328e-03, cfd=9.880e-04]  WALL=3.291e-15  DATA=6.401e-04
Invoked: SSBroyden1 approach!
[BFGS] batch= 106  call=  5459  total=1.085e-02  PDE=2.188e-03 [colloc=1.251e-03, cfd=9.365e-04]  WALL=3.290e-15  DATA=6.403e-04
Invoked: SSBroyden1 approach!
[BFGS] batch= 106  call=  5460  total=1.049e-02  PDE=2.064e-03 [colloc=1.187e-03, cfd=8.774e-04]  WALL=3.283e-15  DATA=6.363e-04
Invoked: SSBroyden1 approach!
[BFGS] batch= 106  call=  5461  total=1.037e-02  PDE=2.007e-03 [colloc=1.193e-03, cfd=8.138e-04]  WALL=3.278e-15  DATA=6.373e-04
Invoked: SSBroyden1 approach!
[BFGS] batch= 106  call=  5462  total=1.015e-02  PDE=1.932e-03 [colloc=1.139e-03, cfd=7.933e-04]  WALL=3.274e-15  DATA=6.362e-04
Invoked: SSBroyden1 approach!
[BFGS] batch= 106  call=  5463  total=9.942e-03  PDE=1.845e-03 [colloc=1.096e-03, cfd=7.494e-04]  WALL=3.267e-15  DATA=6.344e-04
Invoked: SSBroyden1 approach!
[BFGS] batch= 106  call=  5464  total=9.664e-03  PDE=1.751e-03 [colloc=1.046e-03, cfd=7.055e-04]  WALL=3.259e-15  DATA=6.332e-04
Invoked: SSBroyden1 approach!
[BFGS] batch= 106  call=  5465  total=9.443e-03  PDE=1.679e-03 [colloc=1.031e-03, cfd=6.486e-04]  WALL=3.240e-15  DATA=6.293e-04
Invoked: SSBroyden1 approach!
[BFGS] batch= 106  call=  5466  total=9.299e-03  PDE=1.618e-03 [colloc=1.012e-03, cfd=6.060e-04]  WALL=3.236e-15  DATA=6.275e-04
Invoked: SSBroyden1 approach!
[BFGS] batch= 106  call=  5467  total=9.107e-03  PDE=1.556e-03 [colloc=9.758e-04, cfd=5.803e-04]  WALL=3.231e-15  DATA=6.269e-04
Invoked: SSBroyden1 approach!
[BFGS] batch= 106  call=  5468  total=8.998e-03  PDE=1.515e-03 [colloc=9.727e-04, cfd=5.421e-04]  WALL=3.229e-15  DATA=6.271e-04
Invoked: SSBroyden1 approach!
[BFGS] batch= 106  call=  5469  total=8.870e-03  PDE=1.456e-03 [colloc=9.370e-04, cfd=5.195e-04]  WALL=3.223e-15  DATA=6.273e-04
Invoked: SSBroyden1 approach!
[BFGS] batch= 106  call=  5470  total=8.675e-03  PDE=1.395e-03 [colloc=9.050e-04, cfd=4.900e-04]  WALL=3.219e-15  DATA=6.267e-04
Invoked: SSBroyden1 approach!
[BFGS] batch= 106  call=  5472  total=8.607e-03  PDE=1.358e-03 [colloc=8.879e-04, cfd=4.697e-04]  WALL=3.216e-15  DATA=6.265e-04
Invoked: SSBroyden1 approach!
[BFGS] batch= 106  call=  5473  total=8.501e-03  PDE=1.319e-03 [colloc=8.655e-04, cfd=4.532e-04]  WALL=3.216e-15  DATA=6.260e-04
Invoked: SSBroyden1 approach!
[BFGS] batch= 106  call=  5474  total=8.376e-03  PDE=1.264e-03 [colloc=8.389e-04, cfd=4.255e-04]  WALL=3.211e-15  DATA=6.258e-04
Invoked: SSBroyden1 approach!
[BFGS] batch= 106  call=  5475  total=8.183e-03  PDE=1.209e-03 [colloc=8.145e-04, cfd=3.946e-04]  WALL=3.207e-15  DATA=6.251e-04
Invoked: SSBroyden1 approach!
[BFGS] batch= 106  call=  5476  total=8.173e-03  PDE=1.194e-03 [colloc=8.469e-04, cfd=3.466e-04]  WALL=3.206e-15  DATA=6.255e-04
Invoked: SSBroyden1 approach!
[BFGS] batch= 106  call=  5478  total=8.090e-03  PDE=1.166e-03 [colloc=8.287e-04, cfd=3.377e-04]  WALL=3.205e-15  DATA=6.250e-04
Invoked: SSBroyden1 approach!
[BFGS] batch= 106  call=  5479  total=7.994e-03  PDE=1.124e-03 [colloc=8.033e-04, cfd=3.211e-04]  WALL=3.205e-15  DATA=6.245e-04
Invoked: SSBroyden1 approach!
[BFGS] batch= 106  call=  5480  total=7.827e-03  PDE=1.081e-03 [colloc=7.773e-04, cfd=3.037e-04]  WALL=3.202e-15  DATA=6.235e-04
Invoked: SSBroyden1 approach!
[BFGS] batch= 106  call=  5481  total=7.779e-03  PDE=1.061e-03 [colloc=7.852e-04, cfd=2.759e-04]  WALL=3.202e-15  DATA=6.231e-04
Invoked: SSBroyden1 approach!
[BFGS] batch= 106  call=  5482  total=7.715e-03  PDE=1.037e-03 [colloc=7.693e-04, cfd=2.680e-04]  WALL=3.200e-15  DATA=6.224e-04
Invoked: SSBroyden1 approach!
[BFGS] batch= 106  call=  5483  total=7.626e-03  PDE=1.007e-03 [colloc=7.498e-04, cfd=2.569e-04]  WALL=3.196e-15  DATA=6.220e-04
Invoked: SSBroyden1 approach!
[BFGS] batch= 106  call=  5484  total=7.557e-03  PDE=9.937e-04 [colloc=7.489e-04, cfd=2.447e-04]  WALL=3.189e-15  DATA=6.202e-04
Invoked: SSBroyden1 approach!
[BFGS] batch= 106  call=  5485  total=7.504e-03  PDE=9.685e-04 [colloc=7.321e-04, cfd=2.365e-04]  WALL=3.189e-15  DATA=6.203e-04
Invoked: SSBroyden1 approach!
[BFGS] batch= 106  call=  5486  total=7.484e-03  PDE=9.519e-04 [colloc=7.257e-04, cfd=2.261e-04]  WALL=3.188e-15  DATA=6.194e-04
Invoked: SSBroyden1 approach!
[BFGS] batch= 106  call=  5487  total=7.429e-03  PDE=9.389e-04 [colloc=7.170e-04, cfd=2.219e-04]  WALL=3.188e-15  DATA=6.194e-04
Invoked: SSBroyden1 approach!
[BFGS] batch= 106  call=  5488  total=7.429e-03  PDE=9.348e-04 [colloc=7.247e-04, cfd=2.101e-04]  WALL=3.183e-15  DATA=6.179e-04
Invoked: SSBroyden1 approach!
[BFGS] batch= 106  call=  5491  total=7.408e-03  PDE=9.259e-04 [colloc=7.183e-04, cfd=2.076e-04]  WALL=3.182e-15  DATA=6.177e-04
Invoked: SSBroyden1 approach!
[BFGS] batch= 106  call=  5492  total=7.369e-03  PDE=9.143e-04 [colloc=7.108e-04, cfd=2.035e-04]  WALL=3.181e-15  DATA=6.175e-04
Invoked: SSBroyden1 approach!
[BFGS] batch= 106  call=  5493  total=7.289e-03  PDE=8.948e-04 [colloc=6.997e-04, cfd=1.951e-04]  WALL=3.178e-15  DATA=6.173e-04
Invoked: SSBroyden1 approach!
[BFGS] batch= 106  call=  5495  total=7.264e-03  PDE=8.765e-04 [colloc=6.881e-04, cfd=1.884e-04]  WALL=3.177e-15  DATA=6.172e-04
Invoked: SSBroyden1 approach!
[BFGS] batch= 106  call=  5496  total=7.223e-03  PDE=8.626e-04 [colloc=6.784e-04, cfd=1.842e-04]  WALL=3.175e-15  DATA=6.173e-04
Invoked: SSBroyden1 approach!
[BFGS] batch= 106  call=  5497  total=7.174e-03  PDE=8.481e-04 [colloc=6.688e-04, cfd=1.793e-04]  WALL=3.173e-15  DATA=6.170e-04
Invoked: SSBroyden1 approach!
[BFGS] batch= 106  call=  5498  total=7.170e-03  PDE=8.372e-04 [colloc=6.698e-04, cfd=1.674e-04]  WALL=3.170e-15  DATA=6.168e-04
Invoked: SSBroyden1 approach!
[BFGS] batch= 106  call=  5499  total=7.114e-03  PDE=8.343e-04 [colloc=6.675e-04, cfd=1.668e-04]  WALL=3.170e-15  DATA=6.168e-04
  [PT] w_u=71.0901 w_v=69.2504 gamma=1.000 (tau_u=1.407e-02 tau_v=1.444e-02 |Du|=6.67e-01 |DRu|=7.24e+01)
[BFGS] batch 106: H0 not PD — resetting to identity.
[BFGS-END] batch= 106  last_total=7.147e-03  last_PDE=8.343e-04 [colloc=6.675e-04, cfd=1.668e-04]  last_WALL=3.170e-15  last_DATA=6.168e-04
/oscar/home/jchen790/cylinder flow lab/src/cfp40.py:1430: OptimizeWarning: Unknown solver options: hess, hessp, bounds, constraints, tol
  result = minimize(
Invoked: SSBroyden1 approach!
[BFGS] batch= 107  call=  5521  total=5.872e-02  PDE=2.069e-02 [colloc=2.053e-02, cfd=1.666e-04]  WALL=3.175e-15  DATA=6.028e-04
Invoked: SSBroyden1 approach!
[BFGS] batch= 107  call=  5523  total=3.873e-02  PDE=1.301e-02 [colloc=1.284e-02, cfd=1.668e-04]  WALL=3.177e-15  DATA=6.030e-04
Invoked: SSBroyden1 approach!
[BFGS] batch= 107  call=  5525  total=3.258e-02  PDE=1.063e-02 [colloc=1.047e-02, cfd=1.666e-04]  WALL=3.171e-15  DATA=6.020e-04
Invoked: SSBroyden1 approach!
[BFGS] batch= 107  call=  5527  total=3.065e-02  PDE=9.899e-03 [colloc=9.732e-03, cfd=1.667e-04]  WALL=3.186e-15  DATA=6.074e-04
Invoked: SSBroyden1 approach!
[BFGS] batch= 107  call=  5528  total=2.998e-02  PDE=9.632e-03 [colloc=9.465e-03, cfd=1.671e-04]  WALL=3.177e-15  DATA=6.025e-04
Invoked: SSBroyden1 approach!
[BFGS] batch= 107  call=  5529  total=2.912e-02  PDE=9.319e-03 [colloc=9.152e-03, cfd=1.671e-04]  WALL=3.182e-15  DATA=6.029e-04
Invoked: SSBroyden1 approach!
[BFGS] batch= 107  call=  5530  total=2.863e-02  PDE=9.130e-03 [colloc=8.963e-03, cfd=1.668e-04]  WALL=3.182e-15  DATA=6.014e-04
Invoked: SSBroyden1 approach!
[BFGS] batch= 107  call=  5531  total=2.827e-02  PDE=8.980e-03 [colloc=8.813e-03, cfd=1.666e-04]  WALL=3.176e-15  DATA=6.012e-04
Invoked: SSBroyden1 approach!
[BFGS] batch= 107  call=  5532  total=2.805e-02  PDE=8.893e-03 [colloc=8.726e-03, cfd=1.664e-04]  WALL=3.180e-15  DATA=6.016e-04
Invoked: SSBroyden1 approach!
[BFGS] batch= 107  call=  5533  total=2.776e-02  PDE=8.783e-03 [colloc=8.616e-03, cfd=1.662e-04]  WALL=3.177e-15  DATA=6.017e-04
Invoked: SSBroyden1 approach!
[BFGS] batch= 107  call=  5534  total=2.753e-02  PDE=8.703e-03 [colloc=8.536e-03, cfd=1.664e-04]  WALL=3.184e-15  DATA=6.011e-04
Invoked: SSBroyden1 approach!
[BFGS] batch= 107  call=  5535  total=2.747e-02  PDE=8.672e-03 [colloc=8.506e-03, cfd=1.662e-04]  WALL=3.187e-15  DATA=6.014e-04
Invoked: SSBroyden1 approach!
[BFGS] batch= 107  call=  5536  total=2.741e-02  PDE=8.640e-03 [colloc=8.474e-03, cfd=1.662e-04]  WALL=3.189e-15  DATA=6.015e-04
Invoked: SSBroyden1 approach!
[BFGS] batch= 107  call=  5537  total=2.729e-02  PDE=8.609e-03 [colloc=8.443e-03, cfd=1.663e-04]  WALL=3.190e-15  DATA=6.011e-04
Invoked: SSBroyden1 approach!
[BFGS] batch= 107  call=  5538  total=2.722e-02  PDE=8.574e-03 [colloc=8.408e-03, cfd=1.662e-04]  WALL=3.189e-15  DATA=6.017e-04
Invoked: SSBroyden1 approach!
[BFGS] batch= 107  call=  5539  total=2.715e-02  PDE=8.544e-03 [colloc=8.377e-03, cfd=1.664e-04]  WALL=3.191e-15  DATA=6.019e-04
Invoked: SSBroyden1 approach!
[BFGS] batch= 107  call=  5540  total=2.705e-02  PDE=8.510e-03 [colloc=8.343e-03, cfd=1.666e-04]  WALL=3.192e-15  DATA=6.018e-04
Invoked: SSBroyden1 approach!
[BFGS] batch= 107  call=  5541  total=2.697e-02  PDE=8.486e-03 [colloc=8.319e-03, cfd=1.665e-04]  WALL=3.196e-15  DATA=6.019e-04
Invoked: SSBroyden1 approach!
[BFGS] batch= 107  call=  5543  total=2.693e-02  PDE=8.468e-03 [colloc=8.301e-03, cfd=1.666e-04]  WALL=3.196e-15  DATA=6.018e-04
Invoked: SSBroyden1 approach!
[BFGS] batch= 107  call=  5544  total=2.686e-02  PDE=8.450e-03 [colloc=8.283e-03, cfd=1.668e-04]  WALL=3.197e-15  DATA=6.016e-04
Invoked: SSBroyden1 approach!
[BFGS] batch= 107  call=  5545  total=2.681e-02  PDE=8.430e-03 [colloc=8.263e-03, cfd=1.670e-04]  WALL=3.197e-15  DATA=6.019e-04
Invoked: SSBroyden1 approach!
[BFGS] batch= 107  call=  5546  total=2.680e-02  PDE=8.404e-03 [colloc=8.237e-03, cfd=1.671e-04]  WALL=3.197e-15  DATA=6.021e-04
Invoked: SSBroyden1 approach!
[BFGS] batch= 107  call=  5547  total=2.674e-02  PDE=8.391e-03 [colloc=8.223e-03, cfd=1.672e-04]  WALL=3.198e-15  DATA=6.021e-04
Invoked: SSBroyden1 approach!
[BFGS] batch= 107  call=  5548  total=2.662e-02  PDE=8.353e-03 [colloc=8.185e-03, cfd=1.675e-04]  WALL=3.198e-15  DATA=6.022e-04
Invoked: SSBroyden1 approach!
[BFGS] batch= 107  call=  5549  total=2.644e-02  PDE=8.278e-03 [colloc=8.110e-03, cfd=1.681e-04]  WALL=3.201e-15  DATA=6.029e-04
Invoked: SSBroyden1 approach!
[BFGS] batch= 107  call=  5550  total=2.610e-02  PDE=8.148e-03 [colloc=7.979e-03, cfd=1.692e-04]  WALL=3.205e-15  DATA=6.036e-04
Invoked: SSBroyden1 approach!
[BFGS] batch= 107  call=  5551  total=2.549e-02  PDE=7.901e-03 [colloc=7.729e-03, cfd=1.719e-04]  WALL=3.212e-15  DATA=6.050e-04
Invoked: SSBroyden1 approach!
[BFGS] batch= 107  call=  5554  total=2.276e-02  PDE=6.832e-03 [colloc=6.639e-03, cfd=1.930e-04]  WALL=3.243e-15  DATA=6.124e-04
Invoked: SSBroyden1 approach!
[BFGS] batch= 107  call=  5556  total=2.214e-02  PDE=6.574e-03 [colloc=6.372e-03, cfd=2.026e-04]  WALL=3.254e-15  DATA=6.159e-04
Invoked: SSBroyden1 approach!
[BFGS] batch= 107  call=  5558  total=2.199e-02  PDE=6.526e-03 [colloc=6.322e-03, cfd=2.044e-04]  WALL=3.257e-15  DATA=6.161e-04
Invoked: SSBroyden1 approach!
[BFGS] batch= 107  call=  5559  total=2.199e-02  PDE=6.505e-03 [colloc=6.300e-03, cfd=2.055e-04]  WALL=3.262e-15  DATA=6.169e-04
Invoked: SSBroyden1 approach!
[BFGS] batch= 107  call=  5561  total=2.190e-02  PDE=6.488e-03 [colloc=6.282e-03, cfd=2.055e-04]  WALL=3.262e-15  DATA=6.169e-04
Invoked: SSBroyden1 approach!
[BFGS] batch= 107  call=  5562  total=2.180e-02  PDE=6.444e-03 [colloc=6.238e-03, cfd=2.051e-04]  WALL=3.262e-15  DATA=6.173e-04
Invoked: SSBroyden1 approach!
[BFGS] batch= 107  call=  5563  total=2.165e-02  PDE=6.379e-03 [colloc=6.174e-03, cfd=2.048e-04]  WALL=3.262e-15  DATA=6.172e-04
Invoked: SSBroyden1 approach!
[BFGS] batch= 107  call=  5564  total=2.142e-02  PDE=6.292e-03 [colloc=6.087e-03, cfd=2.045e-04]  WALL=3.262e-15  DATA=6.168e-04
Invoked: SSBroyden1 approach!
[BFGS] batch= 107  call=  5565  total=2.112e-02  PDE=6.178e-03 [colloc=5.973e-03, cfd=2.054e-04]  WALL=3.260e-15  DATA=6.161e-04
Invoked: SSBroyden1 approach!
[BFGS] batch= 107  call=  5566  total=2.065e-02  PDE=6.004e-03 [colloc=5.797e-03, cfd=2.068e-04]  WALL=3.256e-15  DATA=6.163e-04
Invoked: SSBroyden1 approach!
[BFGS] batch= 107  call=  5567  total=2.022e-02  PDE=5.835e-03 [colloc=5.624e-03, cfd=2.112e-04]  WALL=3.247e-15  DATA=6.150e-04
Invoked: SSBroyden1 approach!
[BFGS] batch= 107  call=  5568  total=1.971e-02  PDE=5.637e-03 [colloc=5.422e-03, cfd=2.150e-04]  WALL=3.242e-15  DATA=6.147e-04
Invoked: SSBroyden1 approach!
[BFGS] batch= 107  call=  5569  total=1.912e-02  PDE=5.392e-03 [colloc=5.175e-03, cfd=2.170e-04]  WALL=3.234e-15  DATA=6.131e-04
Invoked: SSBroyden1 approach!
[BFGS] batch= 107  call=  5570  total=1.840e-02  PDE=5.140e-03 [colloc=4.920e-03, cfd=2.195e-04]  WALL=3.235e-15  DATA=6.132e-04
Invoked: SSBroyden1 approach!
[BFGS] batch= 107  call=  5571  total=1.769e-02  PDE=4.867e-03 [colloc=4.643e-03, cfd=2.246e-04]  WALL=3.229e-15  DATA=6.154e-04
Invoked: SSBroyden1 approach!
[BFGS] batch= 107  call=  5572  total=1.731e-02  PDE=4.708e-03 [colloc=4.482e-03, cfd=2.259e-04]  WALL=3.224e-15  DATA=6.155e-04
Invoked: SSBroyden1 approach!
[BFGS] batch= 107  call=  5573  total=1.676e-02  PDE=4.498e-03 [colloc=4.272e-03, cfd=2.259e-04]  WALL=3.227e-15  DATA=6.171e-04
Invoked: SSBroyden1 approach!
[BFGS] batch= 107  call=  5574  total=1.671e-02  PDE=4.473e-03 [colloc=4.248e-03, cfd=2.259e-04]  WALL=3.224e-15  DATA=6.166e-04
Invoked: SSBroyden1 approach!
[BFGS] batch= 107  call=  5575  total=1.661e-02  PDE=4.436e-03 [colloc=4.210e-03, cfd=2.260e-04]  WALL=3.224e-15  DATA=6.167e-04
Invoked: SSBroyden1 approach!
[BFGS] batch= 107  call=  5576  total=1.643e-02  PDE=4.371e-03 [colloc=4.145e-03, cfd=2.261e-04]  WALL=3.222e-15  DATA=6.161e-04
Invoked: SSBroyden1 approach!
[BFGS] batch= 107  call=  5577  total=1.613e-02  PDE=4.258e-03 [colloc=4.033e-03, cfd=2.259e-04]  WALL=3.221e-15  DATA=6.159e-04
Invoked: SSBroyden1 approach!
[BFGS] batch= 107  call=  5578  total=1.569e-02  PDE=4.090e-03 [colloc=3.864e-03, cfd=2.255e-04]  WALL=3.221e-15  DATA=6.152e-04
Invoked: SSBroyden1 approach!
[BFGS] batch= 107  call=  5579  total=1.505e-02  PDE=3.854e-03 [colloc=3.627e-03, cfd=2.277e-04]  WALL=3.219e-15  DATA=6.139e-04
Invoked: SSBroyden1 approach!
[BFGS] batch= 107  call=  5580  total=1.423e-02  PDE=3.544e-03 [colloc=3.317e-03, cfd=2.273e-04]  WALL=3.212e-15  DATA=6.133e-04
Invoked: SSBroyden1 approach!
[BFGS] batch= 107  call=  5581  total=1.375e-02  PDE=3.360e-03 [colloc=3.133e-03, cfd=2.271e-04]  WALL=3.202e-15  DATA=6.120e-04
Invoked: SSBroyden1 approach!
[BFGS] batch= 107  call=  5582  total=1.322e-02  PDE=3.154e-03 [colloc=2.928e-03, cfd=2.253e-04]  WALL=3.197e-15  DATA=6.114e-04
Invoked: SSBroyden1 approach!
[BFGS] batch= 107  call=  5583  total=1.261e-02  PDE=2.918e-03 [colloc=2.694e-03, cfd=2.246e-04]  WALL=3.192e-15  DATA=6.116e-04
Invoked: SSBroyden1 approach!
[BFGS] batch= 107  call=  5584  total=1.213e-02  PDE=2.736e-03 [colloc=2.513e-03, cfd=2.234e-04]  WALL=3.183e-15  DATA=6.114e-04
Invoked: SSBroyden1 approach!
[BFGS] batch= 107  call=  5585  total=1.167e-02  PDE=2.556e-03 [colloc=2.334e-03, cfd=2.220e-04]  WALL=3.174e-15  DATA=6.108e-04
Invoked: SSBroyden1 approach!
[BFGS] batch= 107  call=  5586  total=1.118e-02  PDE=2.376e-03 [colloc=2.153e-03, cfd=2.221e-04]  WALL=3.171e-15  DATA=6.106e-04
Invoked: SSBroyden1 approach!
[BFGS] batch= 107  call=  5587  total=1.071e-02  PDE=2.195e-03 [colloc=1.970e-03, cfd=2.249e-04]  WALL=3.169e-15  DATA=6.102e-04
Invoked: SSBroyden1 approach!
[BFGS] batch= 107  call=  5588  total=1.059e-02  PDE=2.138e-03 [colloc=1.912e-03, cfd=2.266e-04]  WALL=3.175e-15  DATA=6.142e-04
Invoked: SSBroyden1 approach!
[BFGS] batch= 107  call=  5589  total=1.036e-02  PDE=2.064e-03 [colloc=1.840e-03, cfd=2.245e-04]  WALL=3.174e-15  DATA=6.139e-04
Invoked: SSBroyden1 approach!
[BFGS] batch= 107  call=  5590  total=1.005e-02  PDE=1.960e-03 [colloc=1.743e-03, cfd=2.167e-04]  WALL=3.176e-15  DATA=6.129e-04
Invoked: SSBroyden1 approach!
[BFGS] batch= 107  call=  5591  total=1.002e-02  PDE=1.919e-03 [colloc=1.717e-03, cfd=2.026e-04]  WALL=3.181e-15  DATA=6.143e-04
Invoked: SSBroyden1 approach!
[BFGS] batch= 107  call=  5592  total=9.937e-03  PDE=1.894e-03 [colloc=1.693e-03, cfd=2.013e-04]  WALL=3.181e-15  DATA=6.142e-04
Invoked: SSBroyden1 approach!
[BFGS] batch= 107  call=  5593  total=9.809e-03  PDE=1.843e-03 [colloc=1.645e-03, cfd=1.989e-04]  WALL=3.181e-15  DATA=6.140e-04
Invoked: SSBroyden1 approach!
[BFGS] batch= 107  call=  5594  total=9.621e-03  PDE=1.765e-03 [colloc=1.568e-03, cfd=1.961e-04]  WALL=3.180e-15  DATA=6.138e-04
Invoked: SSBroyden1 approach!
[BFGS] batch= 107  call=  5595  total=9.286e-03  PDE=1.663e-03 [colloc=1.472e-03, cfd=1.914e-04]  WALL=3.181e-15  DATA=6.130e-04
Invoked: SSBroyden1 approach!
[BFGS] batch= 107  call=  5596  total=9.067e-03  PDE=1.574e-03 [colloc=1.389e-03, cfd=1.846e-04]  WALL=3.172e-15  DATA=6.134e-04
Invoked: SSBroyden1 approach!
[BFGS] batch= 107  call=  5597  total=8.798e-03  PDE=1.471e-03 [colloc=1.291e-03, cfd=1.799e-04]  WALL=3.172e-15  DATA=6.108e-04
Invoked: SSBroyden1 approach!
[BFGS] batch= 107  call=  5598  total=8.559e-03  PDE=1.389e-03 [colloc=1.213e-03, cfd=1.758e-04]  WALL=3.166e-15  DATA=6.106e-04
Invoked: SSBroyden1 approach!
[BFGS] batch= 107  call=  5599  total=8.455e-03  PDE=1.350e-03 [colloc=1.178e-03, cfd=1.718e-04]  WALL=3.163e-15  DATA=6.099e-04
Invoked: SSBroyden1 approach!
[BFGS] batch= 107  call=  5600  total=8.335e-03  PDE=1.299e-03 [colloc=1.129e-03, cfd=1.700e-04]  WALL=3.161e-15  DATA=6.090e-04
Invoked: SSBroyden1 approach!
[BFGS] batch= 107  call=  5601  total=8.229e-03  PDE=1.269e-03 [colloc=1.101e-03, cfd=1.686e-04]  WALL=3.159e-15  DATA=6.084e-04
Invoked: SSBroyden1 approach!
[BFGS] batch= 107  call=  5602  total=8.126e-03  PDE=1.225e-03 [colloc=1.057e-03, cfd=1.688e-04]  WALL=3.159e-15  DATA=6.092e-04
Invoked: SSBroyden1 approach!
[BFGS] batch= 107  call=  5603  total=8.008e-03  PDE=1.171e-03 [colloc=1.001e-03, cfd=1.698e-04]  WALL=3.161e-15  DATA=6.086e-04
Invoked: SSBroyden1 approach!
[BFGS] batch= 107  call=  5604  total=7.914e-03  PDE=1.138e-03 [colloc=9.710e-04, cfd=1.673e-04]  WALL=3.159e-15  DATA=6.091e-04
Invoked: SSBroyden1 approach!
[BFGS] batch= 107  call=  5605  total=7.795e-03  PDE=1.092e-03 [colloc=9.293e-04, cfd=1.632e-04]  WALL=3.158e-15  DATA=6.088e-04
Invoked: SSBroyden1 approach!
[BFGS] batch= 107  call=  5606  total=7.692e-03  PDE=1.062e-03 [colloc=9.029e-04, cfd=1.594e-04]  WALL=3.161e-15  DATA=6.084e-04
Invoked: SSBroyden1 approach!
[BFGS] batch= 107  call=  5607  total=7.621e-03  PDE=1.033e-03 [colloc=8.747e-04, cfd=1.582e-04]  WALL=3.161e-15  DATA=6.075e-04
Invoked: SSBroyden1 approach!
[BFGS] batch= 107  call=  5608  total=7.570e-03  PDE=1.013e-03 [colloc=8.577e-04, cfd=1.557e-04]  WALL=3.161e-15  DATA=6.073e-04
Invoked: SSBroyden1 approach!
[BFGS] batch= 107  call=  5609  total=7.520e-03  PDE=9.849e-04 [colloc=8.305e-04, cfd=1.544e-04]  WALL=3.162e-15  DATA=6.077e-04
Invoked: SSBroyden1 approach!
[BFGS] batch= 107  call=  5610  total=7.415e-03  PDE=9.593e-04 [colloc=8.066e-04, cfd=1.528e-04]  WALL=3.162e-15  DATA=6.073e-04
Invoked: SSBroyden1 approach!
[BFGS] batch= 107  call=  5611  total=7.393e-03  PDE=9.433e-04 [colloc=7.927e-04, cfd=1.506e-04]  WALL=3.163e-15  DATA=6.065e-04
Invoked: SSBroyden1 approach!
[BFGS] batch= 107  call=  5612  total=7.328e-03  PDE=9.294e-04 [colloc=7.791e-04, cfd=1.504e-04]  WALL=3.163e-15  DATA=6.062e-04
Invoked: SSBroyden1 approach!
[BFGS] batch= 107  call=  5613  total=7.257e-03  PDE=9.028e-04 [colloc=7.549e-04, cfd=1.478e-04]  WALL=3.166e-15  DATA=6.060e-04
Invoked: SSBroyden1 approach!
[BFGS] batch= 107  call=  5614  total=7.252e-03  PDE=8.856e-04 [colloc=7.422e-04, cfd=1.434e-04]  WALL=3.169e-15  DATA=6.051e-04
Invoked: SSBroyden1 approach!
[BFGS] batch= 107  call=  5615  total=7.200e-03  PDE=8.826e-04 [colloc=7.395e-04, cfd=1.432e-04]  WALL=3.169e-15  DATA=6.051e-04
Invoked: SSBroyden1 approach!
[BFGS] batch= 107  call=  5616  total=7.150e-03  PDE=8.675e-04 [colloc=7.277e-04, cfd=1.398e-04]  WALL=3.169e-15  DATA=6.048e-04
Invoked: SSBroyden1 approach!
[BFGS] batch= 107  call=  5617  total=7.116e-03  PDE=8.509e-04 [colloc=7.139e-04, cfd=1.370e-04]  WALL=3.168e-15  DATA=6.044e-04
Invoked: SSBroyden1 approach!
[BFGS] batch= 107  call=  5618  total=7.057e-03  PDE=8.390e-04 [colloc=7.033e-04, cfd=1.357e-04]  WALL=3.167e-15  DATA=6.041e-04
Invoked: SSBroyden1 approach!
[BFGS] batch= 107  call=  5619  total=7.045e-03  PDE=8.315e-04 [colloc=7.005e-04, cfd=1.310e-04]  WALL=3.169e-15  DATA=6.037e-04
Invoked: SSBroyden1 approach!
[BFGS] batch= 107  call=  5626  total=7.044e-03  PDE=8.239e-04 [colloc=6.940e-04, cfd=1.299e-04]  WALL=3.169e-15  DATA=6.037e-04
Invoked: SSBroyden1 approach!
[BFGS] batch= 107  call=  5628  total=7.033e-03  PDE=8.194e-04 [colloc=6.899e-04, cfd=1.295e-04]  WALL=3.169e-15  DATA=6.037e-04
Invoked: SSBroyden1 approach!
[BFGS] batch= 107  call=  5629  total=7.022e-03  PDE=8.124e-04 [colloc=6.837e-04, cfd=1.286e-04]  WALL=3.169e-15  DATA=6.036e-04
Invoked: SSBroyden1 approach!
[BFGS] batch= 107  call=  5637  total=6.974e-03  PDE=8.055e-04 [colloc=6.780e-04, cfd=1.274e-04]  WALL=3.168e-15  DATA=6.035e-04
Invoked: SSBroyden1 approach!
[BFGS] batch= 107  call=  5639  total=6.967e-03  PDE=7.954e-04 [colloc=6.698e-04, cfd=1.256e-04]  WALL=3.168e-15  DATA=6.035e-04
Invoked: SSBroyden1 approach!
[BFGS] batch= 107  call=  5640  total=6.941e-03  PDE=7.909e-04 [colloc=6.660e-04, cfd=1.249e-04]  WALL=3.168e-15  DATA=6.034e-04
Invoked: SSBroyden1 approach!
[BFGS] batch= 107  call=  5641  total=6.925e-03  PDE=7.815e-04 [colloc=6.588e-04, cfd=1.226e-04]  WALL=3.167e-15  DATA=6.029e-04
Invoked: SSBroyden1 approach!
[BFGS] batch= 107  call=  5648  total=6.884e-03  PDE=7.730e-04 [colloc=6.523e-04, cfd=1.207e-04]  WALL=3.167e-15  DATA=6.027e-04
  [PT] w_u=76.0215 w_v=74.2511 gamma=1.000 (tau_u=1.315e-02 tau_v=1.347e-02 |Du|=5.15e-01 |DRu|=7.33e+00)
[BFGS] batch 107: H0 not PD — resetting to identity.
[BFGS-END] batch= 107  last_total=6.909e-03  last_PDE=7.730e-04 [colloc=6.523e-04, cfd=1.207e-04]  last_WALL=3.167e-15  last_DATA=6.027e-04
/oscar/home/jchen790/cylinder flow lab/src/cfp40.py:1430: OptimizeWarning: Unknown solver options: hess, hessp, bounds, constraints, tol
  result = minimize(
Invoked: SSBroyden1 approach!
[BFGS] batch= 108  call=  5669  total=3.830e-02  PDE=1.277e-02 [colloc=1.265e-02, cfd=1.216e-04]  WALL=3.174e-15  DATA=6.319e-04
Invoked: SSBroyden1 approach!
[BFGS] batch= 108  call=  5671  total=2.458e-02  PDE=7.495e-03 [colloc=7.374e-03, cfd=1.211e-04]  WALL=3.181e-15  DATA=6.366e-04
Invoked: SSBroyden1 approach!
[BFGS] batch= 108  call=  5673  total=2.007e-02  PDE=5.763e-03 [colloc=5.642e-03, cfd=1.211e-04]  WALL=3.170e-15  DATA=6.353e-04
Invoked: SSBroyden1 approach!
[BFGS] batch= 108  call=  5675  total=1.911e-02  PDE=5.390e-03 [colloc=5.268e-03, cfd=1.211e-04]  WALL=3.179e-15  DATA=6.398e-04
Invoked: SSBroyden1 approach!
[BFGS] batch= 108  call=  5676  total=1.776e-02  PDE=4.862e-03 [colloc=4.740e-03, cfd=1.214e-04]  WALL=3.178e-15  DATA=6.392e-04
Invoked: SSBroyden1 approach!
[BFGS] batch= 108  call=  5677  total=1.631e-02  PDE=4.315e-03 [colloc=4.194e-03, cfd=1.211e-04]  WALL=3.182e-15  DATA=6.394e-04
Invoked: SSBroyden1 approach!
[BFGS] batch= 108  call=  5679  total=1.560e-02  PDE=4.044e-03 [colloc=3.923e-03, cfd=1.209e-04]  WALL=3.181e-15  DATA=6.381e-04
Invoked: SSBroyden1 approach!
[BFGS] batch= 108  call=  5681  total=1.526e-02  PDE=3.905e-03 [colloc=3.784e-03, cfd=1.207e-04]  WALL=3.174e-15  DATA=6.377e-04
Invoked: SSBroyden1 approach!
[BFGS] batch= 108  call=  5682  total=1.505e-02  PDE=3.832e-03 [colloc=3.711e-03, cfd=1.205e-04]  WALL=3.176e-15  DATA=6.383e-04
Invoked: SSBroyden1 approach!
[BFGS] batch= 108  call=  5683  total=1.485e-02  PDE=3.734e-03 [colloc=3.614e-03, cfd=1.203e-04]  WALL=3.173e-15  DATA=6.387e-04
Invoked: SSBroyden1 approach!
[BFGS] batch= 108  call=  5684  total=1.459e-02  PDE=3.659e-03 [colloc=3.538e-03, cfd=1.202e-04]  WALL=3.177e-15  DATA=6.384e-04
Invoked: SSBroyden1 approach!
[BFGS] batch= 108  call=  5686  total=1.449e-02  PDE=3.615e-03 [colloc=3.495e-03, cfd=1.200e-04]  WALL=3.178e-15  DATA=6.386e-04
Invoked: SSBroyden1 approach!
[BFGS] batch= 108  call=  5687  total=1.438e-02  PDE=3.582e-03 [colloc=3.462e-03, cfd=1.201e-04]  WALL=3.180e-15  DATA=6.385e-04
Invoked: SSBroyden1 approach!
[BFGS] batch= 108  call=  5688  total=1.438e-02  PDE=3.572e-03 [colloc=3.451e-03, cfd=1.202e-04]  WALL=3.182e-15  DATA=6.378e-04
  [PT] w_u=61.2487 w_v=58.8728 gamma=1.000 (tau_u=1.633e-02 tau_v=1.699e-02 |Du|=3.91e-01 |DRu|=1.85e+00)
[BFGS-END] batch= 108  last_total=1.438e-02  last_PDE=3.571e-03 [colloc=3.451e-03, cfd=1.202e-04]  last_WALL=3.182e-15  last_DATA=6.378e-04
/oscar/home/jchen790/cylinder flow lab/src/cfp40.py:1430: OptimizeWarning: Unknown solver options: hess, hessp, bounds, constraints, tol
  result = minimize(
Invoked: SSBroyden1 approach!
[BFGS] batch= 109  call=  5708  total=2.234e-01  PDE=8.394e-02 [colloc=8.340e-02, cfd=5.438e-04]  WALL=3.143e-15  DATA=6.322e-04
Invoked: SSBroyden1 approach!
[BFGS] batch= 109  call=  5709  total=2.111e-01  PDE=7.923e-02 [colloc=7.757e-02, cfd=1.660e-03]  WALL=3.132e-15  DATA=6.221e-04
Invoked: SSBroyden1 approach!
[BFGS] batch= 109  call=  5710  total=2.009e-01  PDE=7.534e-02 [colloc=7.043e-02, cfd=4.912e-03]  WALL=3.090e-15  DATA=6.109e-04
Invoked: SSBroyden1 approach!
[BFGS] batch= 109  call=  5711  total=1.957e-01  PDE=7.332e-02 [colloc=6.446e-02, cfd=8.851e-03]  WALL=3.095e-15  DATA=6.019e-04
Invoked: SSBroyden1 approach!
[BFGS] batch= 109  call=  5712  total=1.895e-01  PDE=7.096e-02 [colloc=5.966e-02, cfd=1.129e-02]  WALL=3.079e-15  DATA=6.003e-04
Invoked: SSBroyden1 approach!
[BFGS] batch= 109  call=  5713  total=1.842e-01  PDE=6.892e-02 [colloc=5.458e-02, cfd=1.434e-02]  WALL=3.056e-15  DATA=5.964e-04
Invoked: SSBroyden1 approach!
[BFGS] batch= 109  call=  5714  total=1.760e-01  PDE=6.576e-02 [colloc=4.870e-02, cfd=1.706e-02]  WALL=3.049e-15  DATA=5.967e-04
Invoked: SSBroyden1 approach!
[BFGS] batch= 109  call=  5715  total=1.636e-01  PDE=6.099e-02 [colloc=3.951e-02, cfd=2.147e-02]  WALL=3.018e-15  DATA=5.981e-04
Invoked: SSBroyden1 approach!
[BFGS] batch= 109  call=  5716  total=1.461e-01  PDE=5.429e-02 [colloc=2.564e-02, cfd=2.865e-02]  WALL=2.989e-15  DATA=5.951e-04
Invoked: SSBroyden1 approach!
[BFGS] batch= 109  call=  5718  total=1.405e-01  PDE=5.211e-02 [colloc=2.032e-02, cfd=3.178e-02]  WALL=2.979e-15  DATA=6.004e-04
Invoked: SSBroyden1 approach!
[BFGS] batch= 109  call=  5720  total=1.384e-01  PDE=5.128e-02 [colloc=1.855e-02, cfd=3.273e-02]  WALL=2.979e-15  DATA=6.004e-04
Invoked: SSBroyden1 approach!
[BFGS] batch= 109  call=  5721  total=1.370e-01  PDE=5.076e-02 [colloc=1.764e-02, cfd=3.313e-02]  WALL=2.980e-15  DATA=6.050e-04
Invoked: SSBroyden1 approach!
[BFGS] batch= 109  call=  5722  total=1.356e-01  PDE=5.020e-02 [colloc=1.702e-02, cfd=3.318e-02]  WALL=2.976e-15  DATA=6.048e-04
Invoked: SSBroyden1 approach!
[BFGS] batch= 109  call=  5723  total=1.334e-01  PDE=4.936e-02 [colloc=1.628e-02, cfd=3.307e-02]  WALL=2.968e-15  DATA=6.038e-04
Invoked: SSBroyden1 approach!
[BFGS] batch= 109  call=  5724  total=1.302e-01  PDE=4.813e-02 [colloc=1.536e-02, cfd=3.277e-02]  WALL=2.959e-15  DATA=6.040e-04
Invoked: SSBroyden1 approach!
[BFGS] batch= 109  call=  5725  total=1.263e-01  PDE=4.661e-02 [colloc=1.448e-02, cfd=3.213e-02]  WALL=2.955e-15  DATA=6.054e-04
Invoked: SSBroyden1 approach!
[BFGS] batch= 109  call=  5726  total=1.227e-01  PDE=4.519e-02 [colloc=1.407e-02, cfd=3.111e-02]  WALL=2.952e-15  DATA=6.094e-04
Invoked: SSBroyden1 approach!
[BFGS] batch= 109  call=  5727  total=1.186e-01  PDE=4.355e-02 [colloc=1.350e-02, cfd=3.005e-02]  WALL=2.945e-15  DATA=6.137e-04
Invoked: SSBroyden1 approach!
[BFGS] batch= 109  call=  5728  total=1.126e-01  PDE=4.118e-02 [colloc=1.245e-02, cfd=2.873e-02]  WALL=2.936e-15  DATA=6.128e-04
Invoked: SSBroyden1 approach!
[BFGS] batch= 109  call=  5729  total=1.040e-01  PDE=3.783e-02 [colloc=1.114e-02, cfd=2.668e-02]  WALL=2.936e-15  DATA=6.150e-04
Invoked: SSBroyden1 approach!
[BFGS] batch= 109  call=  5730  total=9.834e-02  PDE=3.554e-02 [colloc=1.198e-02, cfd=2.356e-02]  WALL=2.913e-15  DATA=6.209e-04
Invoked: SSBroyden1 approach!
[BFGS] batch= 109  call=  5731  total=9.135e-02  PDE=3.275e-02 [colloc=1.120e-02, cfd=2.156e-02]  WALL=2.906e-15  DATA=6.245e-04
Invoked: SSBroyden1 approach!
[BFGS] batch= 109  call=  5732  total=8.367e-02  PDE=2.962e-02 [colloc=1.039e-02, cfd=1.924e-02]  WALL=2.889e-15  DATA=6.368e-04
Invoked: SSBroyden1 approach!
[BFGS] batch= 109  call=  5733  total=7.776e-02  PDE=2.719e-02 [colloc=1.016e-02, cfd=1.703e-02]  WALL=2.862e-15  DATA=6.398e-04
Invoked: SSBroyden1 approach!
[BFGS] batch= 109  call=  5734  total=7.055e-02  PDE=2.434e-02 [colloc=8.813e-03, cfd=1.553e-02]  WALL=2.888e-15  DATA=6.490e-04
Invoked: SSBroyden1 approach!
[BFGS] batch= 109  call=  5735  total=6.619e-02  PDE=2.263e-02 [colloc=8.603e-03, cfd=1.403e-02]  WALL=2.863e-15  DATA=6.695e-04
Invoked: SSBroyden1 approach!
[BFGS] batch= 109  call=  5736  total=6.235e-02  PDE=2.116e-02 [colloc=7.946e-03, cfd=1.321e-02]  WALL=2.861e-15  DATA=6.828e-04
Invoked: SSBroyden1 approach!
[BFGS] batch= 109  call=  5737  total=6.047e-02  PDE=2.053e-02 [colloc=7.915e-03, cfd=1.261e-02]  WALL=2.847e-15  DATA=6.918e-04
Invoked: SSBroyden1 approach!
[BFGS] batch= 109  call=  5738  total=5.744e-02  PDE=1.942e-02 [colloc=7.068e-03, cfd=1.235e-02]  WALL=2.849e-15  DATA=6.926e-04
Invoked: SSBroyden1 approach!
[BFGS] batch= 109  call=  5739  total=5.509e-02  PDE=1.860e-02 [colloc=6.702e-03, cfd=1.190e-02]  WALL=2.861e-15  DATA=7.001e-04
Invoked: SSBroyden1 approach!
[BFGS] batch= 109  call=  5740  total=5.371e-02  PDE=1.809e-02 [colloc=6.594e-03, cfd=1.150e-02]  WALL=2.875e-15  DATA=7.052e-04
Invoked: SSBroyden1 approach!
[BFGS] batch= 109  call=  5741  total=5.181e-02  PDE=1.735e-02 [colloc=6.194e-03, cfd=1.115e-02]  WALL=2.876e-15  DATA=7.067e-04
Invoked: SSBroyden1 approach!
[BFGS] batch= 109  call=  5742  total=5.064e-02  PDE=1.686e-02 [colloc=6.239e-03, cfd=1.062e-02]  WALL=2.886e-15  DATA=7.123e-04
Invoked: SSBroyden1 approach!
[BFGS] batch= 109  call=  5743  total=4.888e-02  PDE=1.616e-02 [colloc=5.911e-03, cfd=1.025e-02]  WALL=2.889e-15  DATA=7.135e-04
Invoked: SSBroyden1 approach!
[BFGS] batch= 109  call=  5744  total=4.783e-02  PDE=1.570e-02 [colloc=6.008e-03, cfd=9.691e-03]  WALL=2.893e-15  DATA=7.171e-04
Invoked: SSBroyden1 approach!
[BFGS] batch= 109  call=  5745  total=4.625e-02  PDE=1.510e-02 [colloc=5.707e-03, cfd=9.390e-03]  WALL=2.894e-15  DATA=7.171e-04
Invoked: SSBroyden1 approach!
[BFGS] batch= 109  call=  5746  total=4.395e-02  PDE=1.425e-02 [colloc=5.312e-03, cfd=8.935e-03]  WALL=2.904e-15  DATA=7.182e-04
Invoked: SSBroyden1 approach!
[BFGS] batch= 109  call=  5747  total=4.227e-02  PDE=1.372e-02 [colloc=5.362e-03, cfd=8.357e-03]  WALL=2.905e-15  DATA=7.151e-04
Invoked: SSBroyden1 approach!
[BFGS] batch= 109  call=  5748  total=4.013e-02  PDE=1.304e-02 [colloc=5.091e-03, cfd=7.946e-03]  WALL=2.912e-15  DATA=7.139e-04
Invoked: SSBroyden1 approach!
[BFGS] batch= 109  call=  5749  total=3.777e-02  PDE=1.230e-02 [colloc=4.811e-03, cfd=7.488e-03]  WALL=2.912e-15  DATA=7.087e-04
Invoked: SSBroyden1 approach!
[BFGS] batch= 109  call=  5750  total=3.665e-02  PDE=1.194e-02 [colloc=4.997e-03, cfd=6.943e-03]  WALL=2.919e-15  DATA=7.055e-04
Invoked: SSBroyden1 approach!
[BFGS] batch= 109  call=  5751  total=3.537e-02  PDE=1.144e-02 [colloc=4.752e-03, cfd=6.692e-03]  WALL=2.917e-15  DATA=7.070e-04
Invoked: SSBroyden1 approach!
[BFGS] batch= 109  call=  5752  total=3.382e-02  PDE=1.087e-02 [colloc=4.487e-03, cfd=6.384e-03]  WALL=2.912e-15  DATA=7.028e-04
Invoked: SSBroyden1 approach!
[BFGS] batch= 109  call=  5753  total=3.308e-02  PDE=1.058e-02 [colloc=4.590e-03, cfd=5.988e-03]  WALL=2.919e-15  DATA=7.100e-04
Invoked: SSBroyden1 approach!
[BFGS] batch= 109  call=  5754  total=3.203e-02  PDE=1.016e-02 [colloc=4.388e-03, cfd=5.771e-03]  WALL=2.918e-15  DATA=7.062e-04
Invoked: SSBroyden1 approach!
[BFGS] batch= 109  call=  5755  total=3.076e-02  PDE=9.690e-03 [colloc=4.220e-03, cfd=5.470e-03]  WALL=2.937e-15  DATA=6.995e-04
Invoked: SSBroyden1 approach!
[BFGS] batch= 109  call=  5756  total=2.913e-02  PDE=9.069e-03 [colloc=3.943e-03, cfd=5.127e-03]  WALL=2.943e-15  DATA=6.961e-04
Invoked: SSBroyden1 approach!
[BFGS] batch= 109  call=  5757  total=2.717e-02  PDE=8.333e-03 [colloc=3.637e-03, cfd=4.696e-03]  WALL=2.950e-15  DATA=6.886e-04
Invoked: SSBroyden1 approach!
[BFGS] batch= 109  call=  5758  total=2.641e-02  PDE=8.028e-03 [colloc=3.822e-03, cfd=4.206e-03]  WALL=2.958e-15  DATA=6.860e-04
Invoked: SSBroyden1 approach!
[BFGS] batch= 109  call=  5759  total=2.546e-02  PDE=7.652e-03 [colloc=3.635e-03, cfd=4.017e-03]  WALL=2.961e-15  DATA=6.794e-04
Invoked: SSBroyden1 approach!
[BFGS] batch= 109  call=  5760  total=2.428e-02  PDE=7.176e-03 [colloc=3.392e-03, cfd=3.784e-03]  WALL=2.964e-15  DATA=6.766e-04
Invoked: SSBroyden1 approach!
[BFGS] batch= 109  call=  5761  total=2.286e-02  PDE=6.640e-03 [colloc=3.176e-03, cfd=3.464e-03]  WALL=2.973e-15  DATA=6.719e-04
Invoked: SSBroyden1 approach!
[BFGS] batch= 109  call=  5762  total=2.159e-02  PDE=6.178e-03 [colloc=3.071e-03, cfd=3.108e-03]  WALL=2.987e-15  DATA=6.672e-04
Invoked: SSBroyden1 approach!
[BFGS] batch= 109  call=  5763  total=2.047e-02  PDE=5.772e-03 [colloc=2.927e-03, cfd=2.845e-03]  WALL=2.994e-15  DATA=6.654e-04
Invoked: SSBroyden1 approach!
[BFGS] batch= 109  call=  5764  total=2.000e-02  PDE=5.614e-03 [colloc=2.983e-03, cfd=2.631e-03]  WALL=3.022e-15  DATA=6.584e-04
Invoked: SSBroyden1 approach!
[BFGS] batch= 109  call=  5765  total=1.935e-02  PDE=5.369e-03 [colloc=2.825e-03, cfd=2.544e-03]  WALL=3.028e-15  DATA=6.541e-04
Invoked: SSBroyden1 approach!
[BFGS] batch= 109  call=  5766  total=1.838e-02  PDE=5.021e-03 [colloc=2.615e-03, cfd=2.406e-03]  WALL=3.028e-15  DATA=6.509e-04
Invoked: SSBroyden1 approach!
[BFGS] batch= 109  call=  5767  total=1.727e-02  PDE=4.613e-03 [colloc=2.410e-03, cfd=2.202e-03]  WALL=3.023e-15  DATA=6.503e-04
Invoked: SSBroyden1 approach!
[BFGS] batch= 109  call=  5768  total=1.618e-02  PDE=4.214e-03 [colloc=2.217e-03, cfd=1.997e-03]  WALL=3.025e-15  DATA=6.444e-04
Invoked: SSBroyden1 approach!
[BFGS] batch= 109  call=  5769  total=1.592e-02  PDE=4.138e-03 [colloc=2.332e-03, cfd=1.807e-03]  WALL=3.024e-15  DATA=6.366e-04
Invoked: SSBroyden1 approach!
[BFGS] batch= 109  call=  5770  total=1.542e-02  PDE=3.968e-03 [colloc=2.207e-03, cfd=1.760e-03]  WALL=3.029e-15  DATA=6.361e-04
Invoked: SSBroyden1 approach!
[BFGS] batch= 109  call=  5771  total=1.480e-02  PDE=3.722e-03 [colloc=2.051e-03, cfd=1.672e-03]  WALL=3.033e-15  DATA=6.325e-04
Invoked: SSBroyden1 approach!
[BFGS] batch= 109  call=  5772  total=1.409e-02  PDE=3.450e-03 [colloc=1.894e-03, cfd=1.556e-03]  WALL=3.040e-15  DATA=6.319e-04
Invoked: SSBroyden1 approach!
[BFGS] batch= 109  call=  5773  total=1.378e-02  PDE=3.345e-03 [colloc=1.932e-03, cfd=1.413e-03]  WALL=3.047e-15  DATA=6.265e-04
Invoked: SSBroyden1 approach!
[BFGS] batch= 109  call=  5774  total=1.332e-02  PDE=3.152e-03 [colloc=1.808e-03, cfd=1.344e-03]  WALL=3.047e-15  DATA=6.262e-04
Invoked: SSBroyden1 approach!
[BFGS] batch= 109  call=  5775  total=1.280e-02  PDE=2.952e-03 [colloc=1.707e-03, cfd=1.245e-03]  WALL=3.050e-15  DATA=6.239e-04
Invoked: SSBroyden1 approach!
[BFGS] batch= 109  call=  5776  total=1.229e-02  PDE=2.758e-03 [colloc=1.615e-03, cfd=1.144e-03]  WALL=3.058e-15  DATA=6.248e-04
Invoked: SSBroyden1 approach!
[BFGS] batch= 109  call=  5777  total=1.171e-02  PDE=2.537e-03 [colloc=1.475e-03, cfd=1.062e-03]  WALL=3.064e-15  DATA=6.233e-04
Invoked: SSBroyden1 approach!
[BFGS] batch= 109  call=  5778  total=1.134e-02  PDE=2.417e-03 [colloc=1.449e-03, cfd=9.688e-04]  WALL=3.062e-15  DATA=6.199e-04
Invoked: SSBroyden1 approach!
[BFGS] batch= 109  call=  5779  total=1.102e-02  PDE=2.308e-03 [colloc=1.390e-03, cfd=9.181e-04]  WALL=3.069e-15  DATA=6.203e-04
Invoked: SSBroyden1 approach!
[BFGS] batch= 109  call=  5780  total=1.076e-02  PDE=2.199e-03 [colloc=1.327e-03, cfd=8.728e-04]  WALL=3.070e-15  DATA=6.186e-04
Invoked: SSBroyden1 approach!
[BFGS] batch= 109  call=  5781  total=1.048e-02  PDE=2.122e-03 [colloc=1.292e-03, cfd=8.293e-04]  WALL=3.078e-15  DATA=6.166e-04
Invoked: SSBroyden1 approach!
[BFGS] batch= 109  call=  5782  total=1.024e-02  PDE=2.029e-03 [colloc=1.250e-03, cfd=7.791e-04]  WALL=3.082e-15  DATA=6.144e-04
Invoked: SSBroyden1 approach!
[BFGS] batch= 109  call=  5783  total=9.965e-03  PDE=1.928e-03 [colloc=1.198e-03, cfd=7.305e-04]  WALL=3.083e-15  DATA=6.108e-04
Invoked: SSBroyden1 approach!
[BFGS] batch= 109  call=  5784  total=9.833e-03  PDE=1.862e-03 [colloc=1.188e-03, cfd=6.740e-04]  WALL=3.090e-15  DATA=6.108e-04
Invoked: SSBroyden1 approach!
[BFGS] batch= 109  call=  5785  total=9.601e-03  PDE=1.796e-03 [colloc=1.151e-03, cfd=6.457e-04]  WALL=3.088e-15  DATA=6.106e-04
Invoked: SSBroyden1 approach!
[BFGS] batch= 109  call=  5786  total=9.403e-03  PDE=1.695e-03 [colloc=1.100e-03, cfd=5.947e-04]  WALL=3.093e-15  DATA=6.093e-04
Invoked: SSBroyden1 approach!
[BFGS] batch= 109  call=  5787  total=9.170e-03  PDE=1.621e-03 [colloc=1.069e-03, cfd=5.516e-04]  WALL=3.094e-15  DATA=6.091e-04
Invoked: SSBroyden1 approach!
[BFGS] batch= 109  call=  5788  total=9.005e-03  PDE=1.562e-03 [colloc=1.060e-03, cfd=5.018e-04]  WALL=3.100e-15  DATA=6.081e-04
Invoked: SSBroyden1 approach!
[BFGS] batch= 109  call=  5789  total=8.855e-03  PDE=1.488e-03 [colloc=1.019e-03, cfd=4.691e-04]  WALL=3.099e-15  DATA=6.089e-04
Invoked: SSBroyden1 approach!
[BFGS] batch= 109  call=  5790  total=8.655e-03  PDE=1.411e-03 [colloc=9.718e-04, cfd=4.389e-04]  WALL=3.105e-15  DATA=6.080e-04
Invoked: SSBroyden1 approach!
[BFGS] batch= 109  call=  5791  total=8.564e-03  PDE=1.374e-03 [colloc=9.694e-04, cfd=4.045e-04]  WALL=3.108e-15  DATA=6.071e-04
Invoked: SSBroyden1 approach!
[BFGS] batch= 109  call=  5792  total=8.417e-03  PDE=1.324e-03 [colloc=9.320e-04, cfd=3.918e-04]  WALL=3.106e-15  DATA=6.061e-04
Invoked: SSBroyden1 approach!
[BFGS] batch= 109  call=  5793  total=8.274e-03  PDE=1.265e-03 [colloc=8.947e-04, cfd=3.699e-04]  WALL=3.105e-15  DATA=6.058e-04
Invoked: SSBroyden1 approach!
[BFGS] batch= 109  call=  5794  total=8.057e-03  PDE=1.210e-03 [colloc=8.596e-04, cfd=3.501e-04]  WALL=3.108e-15  DATA=6.055e-04
Invoked: SSBroyden1 approach!
[BFGS] batch= 109  call=  5796  total=8.018e-03  PDE=1.182e-03 [colloc=8.417e-04, cfd=3.406e-04]  WALL=3.110e-15  DATA=6.053e-04
Invoked: SSBroyden1 approach!
[BFGS] batch= 109  call=  5797  total=7.962e-03  PDE=1.159e-03 [colloc=8.246e-04, cfd=3.342e-04]  WALL=3.112e-15  DATA=6.051e-04
Invoked: SSBroyden1 approach!
[BFGS] batch= 109  call=  5798  total=7.874e-03  PDE=1.130e-03 [colloc=8.062e-04, cfd=3.240e-04]  WALL=3.112e-15  DATA=6.048e-04
Invoked: SSBroyden1 approach!
[BFGS] batch= 109  call=  5799  total=7.802e-03  PDE=1.095e-03 [colloc=7.894e-04, cfd=3.057e-04]  WALL=3.113e-15  DATA=6.030e-04
Invoked: SSBroyden1 approach!
[BFGS] batch= 109  call=  5800  total=7.668e-03  PDE=1.068e-03 [colloc=7.753e-04, cfd=2.930e-04]  WALL=3.115e-15  DATA=6.024e-04
Invoked: SSBroyden1 approach!
[BFGS] batch= 109  call=  5802  total=7.653e-03  PDE=1.050e-03 [colloc=7.657e-04, cfd=2.840e-04]  WALL=3.118e-15  DATA=6.021e-04
Invoked: SSBroyden1 approach!
[BFGS] batch= 109  call=  5803  total=7.634e-03  PDE=1.040e-03 [colloc=7.598e-04, cfd=2.804e-04]  WALL=3.118e-15  DATA=6.020e-04
Invoked: SSBroyden1 approach!
[BFGS] batch= 109  call=  5804  total=7.551e-03  PDE=1.028e-03 [colloc=7.525e-04, cfd=2.754e-04]  WALL=3.118e-15  DATA=6.019e-04
Invoked: SSBroyden1 approach!
[BFGS] batch= 109  call=  5805  total=7.520e-03  PDE=1.004e-03 [colloc=7.509e-04, cfd=2.532e-04]  WALL=3.119e-15  DATA=6.014e-04
Invoked: SSBroyden1 approach!
[BFGS] batch= 109  call=  5806  total=7.446e-03  PDE=9.863e-04 [colloc=7.406e-04, cfd=2.458e-04]  WALL=3.120e-15  DATA=6.012e-04
Invoked: SSBroyden1 approach!
[BFGS] batch= 109  call=  5807  total=7.411e-03  PDE=9.593e-04 [colloc=7.292e-04, cfd=2.301e-04]  WALL=3.121e-15  DATA=6.007e-04
Invoked: SSBroyden1 approach!
[BFGS] batch= 109  call=  5808  total=7.354e-03  PDE=9.403e-04 [colloc=7.168e-04, cfd=2.235e-04]  WALL=3.123e-15  DATA=6.009e-04
Invoked: SSBroyden1 approach!
[BFGS] batch= 109  call=  5809  total=7.293e-03  PDE=9.260e-04 [colloc=7.159e-04, cfd=2.101e-04]  WALL=3.125e-15  DATA=5.999e-04
Invoked: SSBroyden1 approach!
[BFGS] batch= 109  call=  5810  total=7.280e-03  PDE=9.127e-04 [colloc=7.164e-04, cfd=1.963e-04]  WALL=3.125e-15  DATA=5.992e-04
Invoked: SSBroyden1 approach!
[BFGS] batch= 109  call=  5818  total=7.232e-03  PDE=9.054e-04 [colloc=7.120e-04, cfd=1.934e-04]  WALL=3.125e-15  DATA=5.992e-04
Invoked: SSBroyden1 approach!
[BFGS] batch= 109  call=  5819  total=7.226e-03  PDE=8.913e-04 [colloc=7.096e-04, cfd=1.817e-04]  WALL=3.127e-15  DATA=5.988e-04
Invoked: SSBroyden1 approach!
[BFGS] batch= 109  call=  5820  total=7.188e-03  PDE=8.867e-04 [colloc=7.063e-04, cfd=1.804e-04]  WALL=3.127e-15  DATA=5.988e-04
Invoked: SSBroyden1 approach!
[BFGS] batch= 109  call=  5821  total=7.177e-03  PDE=8.714e-04 [colloc=6.998e-04, cfd=1.716e-04]  WALL=3.128e-15  DATA=5.984e-04
Invoked: SSBroyden1 approach!
[BFGS] batch= 109  call=  5822  total=7.128e-03  PDE=8.637e-04 [colloc=6.949e-04, cfd=1.688e-04]  WALL=3.128e-15  DATA=5.984e-04
Invoked: SSBroyden1 approach!
[BFGS] batch= 109  call=  5823  total=7.119e-03  PDE=8.503e-04 [colloc=6.920e-04, cfd=1.583e-04]  WALL=3.128e-15  DATA=5.985e-04
Invoked: SSBroyden1 approach!
[BFGS] batch= 109  call=  5824  total=7.077e-03  PDE=8.439e-04 [colloc=6.876e-04, cfd=1.563e-04]  WALL=3.128e-15  DATA=5.985e-04
Invoked: SSBroyden1 approach!
[BFGS] batch= 109  call=  5825  total=7.031e-03  PDE=8.268e-04 [colloc=6.780e-04, cfd=1.488e-04]  WALL=3.128e-15  DATA=5.985e-04
Invoked: SSBroyden1 approach!
[BFGS] batch= 109  call=  5827  total=7.001e-03  PDE=8.186e-04 [colloc=6.717e-04, cfd=1.468e-04]  WALL=3.128e-15  DATA=5.983e-04
Invoked: SSBroyden1 approach!
[BFGS] batch= 109  call=  5829  total=7.000e-03  PDE=8.136e-04 [colloc=6.683e-04, cfd=1.453e-04]  WALL=3.128e-15  DATA=5.983e-04
  [PT] w_u=68.0134 w_v=65.3727 gamma=1.000 (tau_u=1.470e-02 tau_v=1.530e-02 |Du|=7.68e-01 |DRu|=8.20e+01)
[BFGS] batch 109: H0 not PD — resetting to identity.
[BFGS-END] batch= 109  last_total=7.031e-03  last_PDE=8.135e-04 [colloc=6.682e-04, cfd=1.453e-04]  last_WALL=3.128e-15  last_DATA=5.983e-04
/oscar/home/jchen790/cylinder flow lab/src/cfp40.py:1430: OptimizeWarning: Unknown solver options: hess, hessp, bounds, constraints, tol
  result = minimize(
Invoked: SSBroyden1 approach!
[BFGS] batch= 110  call=  5852  total=4.637e-02  PDE=1.570e-02 [colloc=1.555e-02, cfd=1.453e-04]  WALL=3.134e-15  DATA=7.146e-04
Invoked: SSBroyden1 approach!
[BFGS] batch= 110  call=  5854  total=2.914e-02  PDE=9.049e-03 [colloc=8.904e-03, cfd=1.453e-04]  WALL=3.143e-15  DATA=7.222e-04
Invoked: SSBroyden1 approach!
[BFGS] batch= 110  call=  5856  total=2.477e-02  PDE=7.379e-03 [colloc=7.234e-03, cfd=1.454e-04]  WALL=3.133e-15  DATA=7.210e-04
Invoked: SSBroyden1 approach!
[BFGS] batch= 110  call=  5858  total=2.352e-02  PDE=6.893e-03 [colloc=6.748e-03, cfd=1.454e-04]  WALL=3.144e-15  DATA=7.253e-04
Invoked: SSBroyden1 approach!
[BFGS] batch= 110  call=  5859  total=2.157e-02  PDE=6.148e-03 [colloc=6.002e-03, cfd=1.454e-04]  WALL=3.137e-15  DATA=7.242e-04
Invoked: SSBroyden1 approach!
[BFGS] batch= 110  call=  5861  total=2.054e-02  PDE=5.764e-03 [colloc=5.619e-03, cfd=1.455e-04]  WALL=3.138e-15  DATA=7.233e-04
Invoked: SSBroyden1 approach!
[BFGS] batch= 110  call=  5862  total=1.986e-02  PDE=5.493e-03 [colloc=5.347e-03, cfd=1.456e-04]  WALL=3.137e-15  DATA=7.227e-04
Invoked: SSBroyden1 approach!
[BFGS] batch= 110  call=  5863  total=1.968e-02  PDE=5.423e-03 [colloc=5.278e-03, cfd=1.453e-04]  WALL=3.137e-15  DATA=7.206e-04
Invoked: SSBroyden1 approach!
[BFGS] batch= 110  call=  5864  total=1.939e-02  PDE=5.322e-03 [colloc=5.177e-03, cfd=1.455e-04]  WALL=3.137e-15  DATA=7.204e-04
Invoked: SSBroyden1 approach!
[BFGS] batch= 110  call=  5865  total=1.917e-02  PDE=5.240e-03 [colloc=5.094e-03, cfd=1.455e-04]  WALL=3.146e-15  DATA=7.206e-04
Invoked: SSBroyden1 approach!
[BFGS] batch= 110  call=  5866  total=1.895e-02  PDE=5.145e-03 [colloc=4.999e-03, cfd=1.454e-04]  WALL=3.142e-15  DATA=7.203e-04
Invoked: SSBroyden1 approach!
[BFGS] batch= 110  call=  5867  total=1.882e-02  PDE=5.099e-03 [colloc=4.953e-03, cfd=1.454e-04]  WALL=3.144e-15  DATA=7.195e-04
Invoked: SSBroyden1 approach!
[BFGS] batch= 110  call=  5868  total=1.867e-02  PDE=5.034e-03 [colloc=4.888e-03, cfd=1.453e-04]  WALL=3.141e-15  DATA=7.193e-04
Invoked: SSBroyden1 approach!
[BFGS] batch= 110  call=  5869  total=1.849e-02  PDE=4.988e-03 [colloc=4.842e-03, cfd=1.453e-04]  WALL=3.140e-15  DATA=7.195e-04
Invoked: SSBroyden1 approach!
[BFGS] batch= 110  call=  5871  total=1.847e-02  PDE=4.958e-03 [colloc=4.813e-03, cfd=1.452e-04]  WALL=3.142e-15  DATA=7.192e-04
Invoked: SSBroyden1 approach!
[BFGS] batch= 110  call=  5872  total=1.845e-02  PDE=4.942e-03 [colloc=4.797e-03, cfd=1.453e-04]  WALL=3.142e-15  DATA=7.192e-04
Invoked: SSBroyden1 approach!
[BFGS] batch= 110  call=  5873  total=1.834e-02  PDE=4.926e-03 [colloc=4.781e-03, cfd=1.452e-04]  WALL=3.142e-15  DATA=7.192e-04
Invoked: SSBroyden1 approach!
[BFGS] batch= 110  call=  5875  total=1.831e-02  PDE=4.909e-03 [colloc=4.764e-03, cfd=1.452e-04]  WALL=3.142e-15  DATA=7.193e-04
Invoked: SSBroyden1 approach!
[BFGS] batch= 110  call=  5876  total=1.830e-02  PDE=4.893e-03 [colloc=4.748e-03, cfd=1.451e-04]  WALL=3.143e-15  DATA=7.193e-04
Invoked: SSBroyden1 approach!
[BFGS] batch= 110  call=  5877  total=1.825e-02  PDE=4.886e-03 [colloc=4.740e-03, cfd=1.451e-04]  WALL=3.143e-15  DATA=7.194e-04
Invoked: SSBroyden1 approach!
[BFGS] batch= 110  call=  5878  total=1.818e-02  PDE=4.864e-03 [colloc=4.719e-03, cfd=1.450e-04]  WALL=3.143e-15  DATA=7.190e-04
Invoked: SSBroyden1 approach!
[BFGS] batch= 110  call=  5879  total=1.817e-02  PDE=4.842e-03 [colloc=4.697e-03, cfd=1.450e-04]  WALL=3.144e-15  DATA=7.185e-04
Invoked: SSBroyden1 approach!
[BFGS] batch= 110  call=  5880  total=1.812e-02  PDE=4.836e-03 [colloc=4.691e-03, cfd=1.450e-04]  WALL=3.144e-15  DATA=7.185e-04
Invoked: SSBroyden1 approach!
[BFGS] batch= 110  call=  5881  total=1.801e-02  PDE=4.805e-03 [colloc=4.660e-03, cfd=1.453e-04]  WALL=3.144e-15  DATA=7.183e-04
Invoked: SSBroyden1 approach!
[BFGS] batch= 110  call=  5882  total=1.793e-02  PDE=4.760e-03 [colloc=4.614e-03, cfd=1.460e-04]  WALL=3.144e-15  DATA=7.187e-04
Invoked: SSBroyden1 approach!
[BFGS] batch= 110  call=  5883  total=1.785e-02  PDE=4.721e-03 [colloc=4.574e-03, cfd=1.470e-04]  WALL=3.144e-15  DATA=7.180e-04
Invoked: SSBroyden1 approach!
[BFGS] batch= 110  call=  5884  total=1.777e-02  PDE=4.685e-03 [colloc=4.537e-03, cfd=1.484e-04]  WALL=3.143e-15  DATA=7.175e-04
Invoked: SSBroyden1 approach!
[BFGS] batch= 110  call=  5885  total=1.761e-02  PDE=4.635e-03 [colloc=4.485e-03, cfd=1.502e-04]  WALL=3.144e-15  DATA=7.167e-04
Invoked: SSBroyden1 approach!
[BFGS] batch= 110  call=  5886  total=1.737e-02  PDE=4.537e-03 [colloc=4.383e-03, cfd=1.538e-04]  WALL=3.146e-15  DATA=7.155e-04
Invoked: SSBroyden1 approach!
[BFGS] batch= 110  call=  5888  total=1.572e-02  PDE=3.931e-03 [colloc=3.731e-03, cfd=1.994e-04]  WALL=3.152e-15  DATA=7.030e-04
Invoked: SSBroyden1 approach!
[BFGS] batch= 110  call=  5890  total=1.507e-02  PDE=3.673e-03 [colloc=3.441e-03, cfd=2.325e-04]  WALL=3.151e-15  DATA=6.966e-04
Invoked: SSBroyden1 approach!
[BFGS] batch= 110  call=  5892  total=1.491e-02  PDE=3.623e-03 [colloc=3.383e-03, cfd=2.398e-04]  WALL=3.152e-15  DATA=6.935e-04
Invoked: SSBroyden1 approach!
[BFGS] batch= 110  call=  5893  total=1.487e-02  PDE=3.612e-03 [colloc=3.366e-03, cfd=2.467e-04]  WALL=3.155e-15  DATA=6.920e-04
Invoked: SSBroyden1 approach!
[BFGS] batch= 110  call=  5894  total=1.480e-02  PDE=3.591e-03 [colloc=3.344e-03, cfd=2.470e-04]  WALL=3.155e-15  DATA=6.920e-04
Invoked: SSBroyden1 approach!
[BFGS] batch= 110  call=  5895  total=1.477e-02  PDE=3.569e-03 [colloc=3.323e-03, cfd=2.465e-04]  WALL=3.153e-15  DATA=6.915e-04
Invoked: SSBroyden1 approach!
[BFGS] batch= 110  call=  5896  total=1.470e-02  PDE=3.552e-03 [colloc=3.306e-03, cfd=2.457e-04]  WALL=3.152e-15  DATA=6.913e-04
Invoked: SSBroyden1 approach!
[BFGS] batch= 110  call=  5897  total=1.459e-02  PDE=3.502e-03 [colloc=3.258e-03, cfd=2.442e-04]  WALL=3.153e-15  DATA=6.912e-04
Invoked: SSBroyden1 approach!
[BFGS] batch= 110  call=  5898  total=1.440e-02  PDE=3.434e-03 [colloc=3.192e-03, cfd=2.412e-04]  WALL=3.155e-15  DATA=6.908e-04
Invoked: SSBroyden1 approach!
[BFGS] batch= 110  call=  5899  total=1.418e-02  PDE=3.349e-03 [colloc=3.111e-03, cfd=2.387e-04]  WALL=3.157e-15  DATA=6.902e-04
Invoked: SSBroyden1 approach!
[BFGS] batch= 110  call=  5900  total=1.386e-02  PDE=3.242e-03 [colloc=3.005e-03, cfd=2.364e-04]  WALL=3.158e-15  DATA=6.904e-04
Invoked: SSBroyden1 approach!
[BFGS] batch= 110  call=  5901  total=1.381e-02  PDE=3.202e-03 [colloc=2.968e-03, cfd=2.344e-04]  WALL=3.161e-15  DATA=6.897e-04
Invoked: SSBroyden1 approach!
[BFGS] batch= 110  call=  5902  total=1.370e-02  PDE=3.170e-03 [colloc=2.936e-03, cfd=2.339e-04]  WALL=3.160e-15  DATA=6.895e-04
Invoked: SSBroyden1 approach!
[BFGS] batch= 110  call=  5903  total=1.349e-02  PDE=3.095e-03 [colloc=2.862e-03, cfd=2.327e-04]  WALL=3.162e-15  DATA=6.891e-04
Invoked: SSBroyden1 approach!
[BFGS] batch= 110  call=  5904  total=1.312e-02  PDE=2.946e-03 [colloc=2.717e-03, cfd=2.295e-04]  WALL=3.164e-15  DATA=6.875e-04
Invoked: SSBroyden1 approach!
[BFGS] batch= 110  call=  5905  total=1.243e-02  PDE=2.696e-03 [colloc=2.470e-03, cfd=2.256e-04]  WALL=3.167e-15  DATA=6.846e-04
Invoked: SSBroyden1 approach!
[BFGS] batch= 110  call=  5906  total=1.161e-02  PDE=2.396e-03 [colloc=2.175e-03, cfd=2.215e-04]  WALL=3.166e-15  DATA=6.775e-04
Invoked: SSBroyden1 approach!
[BFGS] batch= 110  call=  5908  total=1.136e-02  PDE=2.298e-03 [colloc=2.079e-03, cfd=2.189e-04]  WALL=3.168e-15  DATA=6.754e-04
Invoked: SSBroyden1 approach!
[BFGS] batch= 110  call=  5909  total=1.113e-02  PDE=2.222e-03 [colloc=2.007e-03, cfd=2.152e-04]  WALL=3.169e-15  DATA=6.726e-04
Invoked: SSBroyden1 approach!
[BFGS] batch= 110  call=  5910  total=1.101e-02  PDE=2.186e-03 [colloc=1.973e-03, cfd=2.130e-04]  WALL=3.166e-15  DATA=6.705e-04
Invoked: SSBroyden1 approach!
[BFGS] batch= 110  call=  5911  total=1.085e-02  PDE=2.131e-03 [colloc=1.920e-03, cfd=2.111e-04]  WALL=3.168e-15  DATA=6.704e-04
Invoked: SSBroyden1 approach!
[BFGS] batch= 110  call=  5912  total=1.067e-02  PDE=2.058e-03 [colloc=1.851e-03, cfd=2.075e-04]  WALL=3.167e-15  DATA=6.704e-04
Invoked: SSBroyden1 approach!
[BFGS] batch= 110  call=  5913  total=1.046e-02  PDE=1.962e-03 [colloc=1.761e-03, cfd=2.010e-04]  WALL=3.168e-15  DATA=6.710e-04
Invoked: SSBroyden1 approach!
[BFGS] batch= 110  call=  5914  total=1.014e-02  PDE=1.851e-03 [colloc=1.656e-03, cfd=1.958e-04]  WALL=3.165e-15  DATA=6.708e-04
Invoked: SSBroyden1 approach!
[BFGS] batch= 110  call=  5915  total=9.838e-03  PDE=1.734e-03 [colloc=1.543e-03, cfd=1.910e-04]  WALL=3.164e-15  DATA=6.715e-04
Invoked: SSBroyden1 approach!
[BFGS] batch= 110  call=  5916  total=9.688e-03  PDE=1.677e-03 [colloc=1.486e-03, cfd=1.920e-04]  WALL=3.168e-15  DATA=6.699e-04
Invoked: SSBroyden1 approach!
[BFGS] batch= 110  call=  5917  total=9.540e-03  PDE=1.612e-03 [colloc=1.419e-03, cfd=1.933e-04]  WALL=3.167e-15  DATA=6.698e-04
Invoked: SSBroyden1 approach!
[BFGS] batch= 110  call=  5918  total=9.399e-03  PDE=1.553e-03 [colloc=1.357e-03, cfd=1.958e-04]  WALL=3.164e-15  DATA=6.690e-04
Invoked: SSBroyden1 approach!
[BFGS] batch= 110  call=  5919  total=9.152e-03  PDE=1.487e-03 [colloc=1.288e-03, cfd=1.985e-04]  WALL=3.161e-15  DATA=6.685e-04
Invoked: SSBroyden1 approach!
[BFGS] batch= 110  call=  5920  total=9.076e-03  PDE=1.451e-03 [colloc=1.265e-03, cfd=1.864e-04]  WALL=3.162e-15  DATA=6.675e-04
Invoked: SSBroyden1 approach!
[BFGS] batch= 110  call=  5921  total=8.927e-03  PDE=1.404e-03 [colloc=1.223e-03, cfd=1.813e-04]  WALL=3.160e-15  DATA=6.679e-04
Invoked: SSBroyden1 approach!
[BFGS] batch= 110  call=  5922  total=8.721e-03  PDE=1.322e-03 [colloc=1.151e-03, cfd=1.710e-04]  WALL=3.156e-15  DATA=6.687e-04
Invoked: SSBroyden1 approach!
[BFGS] batch= 110  call=  5923  total=8.593e-03  PDE=1.269e-03 [colloc=1.108e-03, cfd=1.603e-04]  WALL=3.151e-15  DATA=6.693e-04
Invoked: SSBroyden1 approach!
[BFGS] batch= 110  call=  5924  total=8.445e-03  PDE=1.209e-03 [colloc=1.054e-03, cfd=1.548e-04]  WALL=3.149e-15  DATA=6.691e-04
Invoked: SSBroyden1 approach!
[BFGS] batch= 110  call=  5925  total=8.289e-03  PDE=1.158e-03 [colloc=1.008e-03, cfd=1.506e-04]  WALL=3.151e-15  DATA=6.678e-04
Invoked: SSBroyden1 approach!
[BFGS] batch= 110  call=  5926  total=8.173e-03  PDE=1.113e-03 [colloc=9.619e-04, cfd=1.506e-04]  WALL=3.150e-15  DATA=6.679e-04
Invoked: SSBroyden1 approach!
[BFGS] batch= 110  call=  5927  total=8.087e-03  PDE=1.079e-03 [colloc=9.275e-04, cfd=1.512e-04]  WALL=3.147e-15  DATA=6.680e-04
Invoked: SSBroyden1 approach!
[BFGS] batch= 110  call=  5928  total=8.017e-03  PDE=1.039e-03 [colloc=8.909e-04, cfd=1.479e-04]  WALL=3.146e-15  DATA=6.679e-04
Invoked: SSBroyden1 approach!
[BFGS] batch= 110  call=  5929  total=7.928e-03  PDE=1.008e-03 [colloc=8.644e-04, cfd=1.434e-04]  WALL=3.142e-15  DATA=6.688e-04
Invoked: SSBroyden1 approach!
[BFGS] batch= 110  call=  5930  total=7.840e-03  PDE=9.789e-04 [colloc=8.427e-04, cfd=1.362e-04]  WALL=3.141e-15  DATA=6.691e-04
Invoked: SSBroyden1 approach!
[BFGS] batch= 110  call=  5931  total=7.769e-03  PDE=9.577e-04 [colloc=8.245e-04, cfd=1.332e-04]  WALL=3.140e-15  DATA=6.685e-04
Invoked: SSBroyden1 approach!
[BFGS] batch= 110  call=  5932  total=7.720e-03  PDE=9.336e-04 [colloc=8.011e-04, cfd=1.324e-04]  WALL=3.140e-15  DATA=6.681e-04
Invoked: SSBroyden1 approach!
[BFGS] batch= 110  call=  5933  total=7.661e-03  PDE=9.172e-04 [colloc=7.844e-04, cfd=1.327e-04]  WALL=3.137e-15  DATA=6.680e-04
Invoked: SSBroyden1 approach!
[BFGS] batch= 110  call=  5934  total=7.605e-03  PDE=8.949e-04 [colloc=7.622e-04, cfd=1.327e-04]  WALL=3.136e-15  DATA=6.677e-04
Invoked: SSBroyden1 approach!
[BFGS] batch= 110  call=  5935  total=7.590e-03  PDE=8.892e-04 [colloc=7.587e-04, cfd=1.306e-04]  WALL=3.137e-15  DATA=6.675e-04
Invoked: SSBroyden1 approach!
[BFGS] batch= 110  call=  5936  total=7.589e-03  PDE=8.796e-04 [colloc=7.508e-04, cfd=1.288e-04]  WALL=3.137e-15  DATA=6.675e-04
Invoked: SSBroyden1 approach!
[BFGS] batch= 110  call=  5938  total=7.558e-03  PDE=8.757e-04 [colloc=7.477e-04, cfd=1.281e-04]  WALL=3.136e-15  DATA=6.676e-04
Invoked: SSBroyden1 approach!
[BFGS] batch= 110  call=  5939  total=7.544e-03  PDE=8.647e-04 [colloc=7.391e-04, cfd=1.257e-04]  WALL=3.137e-15  DATA=6.664e-04
Invoked: SSBroyden1 approach!
[BFGS] batch= 110  call=  5940  total=7.503e-03  PDE=8.562e-04 [colloc=7.311e-04, cfd=1.251e-04]  WALL=3.138e-15  DATA=6.661e-04
Invoked: SSBroyden1 approach!
[BFGS] batch= 110  call=  5941  total=7.438e-03  PDE=8.455e-04 [colloc=7.230e-04, cfd=1.225e-04]  WALL=3.139e-15  DATA=6.653e-04
  [PT] w_u=74.4970 w_v=71.6045 gamma=1.000 (tau_u=1.342e-02 tau_v=1.397e-02 |Du|=5.22e-01 |DRu|=1.20e+01)
[PT] batch= 110  w=7.3051e+01
[BFGS] batch 110: H0 not PD — resetting to identity.
[BFGS-END] batch= 110  last_total=7.479e-03  last_PDE=8.455e-04 [colloc=7.230e-04, cfd=1.225e-04]  last_WALL=3.139e-15  last_DATA=6.653e-04
/oscar/home/jchen790/cylinder flow lab/src/cfp40.py:1430: OptimizeWarning: Unknown solver options: hess, hessp, bounds, constraints, tol
  result = minimize(
Invoked: SSBroyden1 approach!
[BFGS] batch= 111  call=  5963  total=3.398e-02  PDE=1.076e-02 [colloc=1.064e-02, cfd=1.255e-04]  WALL=3.166e-15  DATA=7.947e-04
Invoked: SSBroyden1 approach!
[BFGS] batch= 111  call=  5965  total=2.132e-02  PDE=5.884e-03 [colloc=5.759e-03, cfd=1.248e-04]  WALL=3.169e-15  DATA=8.022e-04
Invoked: SSBroyden1 approach!
[BFGS] batch= 111  call=  5967  total=1.842e-02  PDE=4.773e-03 [colloc=4.648e-03, cfd=1.244e-04]  WALL=3.165e-15  DATA=8.031e-04
Invoked: SSBroyden1 approach!
[BFGS] batch= 111  call=  5969  total=1.752e-02  PDE=4.424e-03 [colloc=4.300e-03, cfd=1.245e-04]  WALL=3.172e-15  DATA=8.062e-04
Invoked: SSBroyden1 approach!
[BFGS] batch= 111  call=  5970  total=1.614e-02  PDE=3.883e-03 [colloc=3.758e-03, cfd=1.245e-04]  WALL=3.166e-15  DATA=8.052e-04
Invoked: SSBroyden1 approach!
[BFGS] batch= 111  call=  5971  total=1.517e-02  PDE=3.514e-03 [colloc=3.390e-03, cfd=1.244e-04]  WALL=3.166e-15  DATA=8.040e-04
Invoked: SSBroyden1 approach!
[BFGS] batch= 111  call=  5972  total=1.449e-02  PDE=3.259e-03 [colloc=3.135e-03, cfd=1.244e-04]  WALL=3.166e-15  DATA=8.030e-04
Invoked: SSBroyden1 approach!
[BFGS] batch= 111  call=  5973  total=1.439e-02  PDE=3.230e-03 [colloc=3.106e-03, cfd=1.242e-04]  WALL=3.169e-15  DATA=8.008e-04
Invoked: SSBroyden1 approach!
[BFGS] batch= 111  call=  5974  total=1.424e-02  PDE=3.169e-03 [colloc=3.044e-03, cfd=1.242e-04]  WALL=3.169e-15  DATA=8.007e-04
Invoked: SSBroyden1 approach!
[BFGS] batch= 111  call=  5975  total=1.402e-02  PDE=3.091e-03 [colloc=2.967e-03, cfd=1.242e-04]  WALL=3.173e-15  DATA=8.007e-04
Invoked: SSBroyden1 approach!
[BFGS] batch= 111  call=  5976  total=1.382e-02  PDE=3.009e-03 [colloc=2.885e-03, cfd=1.241e-04]  WALL=3.169e-15  DATA=8.002e-04
Invoked: SSBroyden1 approach!
[BFGS] batch= 111  call=  5977  total=1.371e-02  PDE=2.965e-03 [colloc=2.840e-03, cfd=1.242e-04]  WALL=3.169e-15  DATA=7.995e-04
Invoked: SSBroyden1 approach!
[BFGS] batch= 111  call=  5978  total=1.359e-02  PDE=2.911e-03 [colloc=2.787e-03, cfd=1.242e-04]  WALL=3.167e-15  DATA=7.994e-04
Invoked: SSBroyden1 approach!
[BFGS] batch= 111  call=  5979  total=1.344e-02  PDE=2.864e-03 [colloc=2.739e-03, cfd=1.241e-04]  WALL=3.166e-15  DATA=7.995e-04
Invoked: SSBroyden1 approach!
[BFGS] batch= 111  call=  5981  total=1.340e-02  PDE=2.837e-03 [colloc=2.713e-03, cfd=1.241e-04]  WALL=3.169e-15  DATA=7.992e-04
Invoked: SSBroyden1 approach!
[BFGS] batch= 111  call=  5982  total=1.333e-02  PDE=2.810e-03 [colloc=2.686e-03, cfd=1.241e-04]  WALL=3.169e-15  DATA=7.992e-04
Invoked: SSBroyden1 approach!
[BFGS] batch= 111  call=  5983  total=1.322e-02  PDE=2.779e-03 [colloc=2.655e-03, cfd=1.241e-04]  WALL=3.169e-15  DATA=7.992e-04
Invoked: SSBroyden1 approach!
[BFGS] batch= 111  call=  5985  total=1.321e-02  PDE=2.763e-03 [colloc=2.638e-03, cfd=1.241e-04]  WALL=3.170e-15  DATA=7.993e-04
Invoked: SSBroyden1 approach!
[BFGS] batch= 111  call=  5986  total=1.317e-02  PDE=2.755e-03 [colloc=2.631e-03, cfd=1.241e-04]  WALL=3.170e-15  DATA=7.993e-04
Invoked: SSBroyden1 approach!
[BFGS] batch= 111  call=  5987  total=1.311e-02  PDE=2.737e-03 [colloc=2.613e-03, cfd=1.240e-04]  WALL=3.171e-15  DATA=7.995e-04
Invoked: SSBroyden1 approach!
[BFGS] batch= 111  call=  5988  total=1.310e-02  PDE=2.723e-03 [colloc=2.599e-03, cfd=1.240e-04]  WALL=3.170e-15  DATA=7.995e-04
Invoked: SSBroyden1 approach!
[BFGS] batch= 111  call=  5989  total=1.310e-02  PDE=2.720e-03 [colloc=2.596e-03, cfd=1.240e-04]  WALL=3.170e-15  DATA=7.995e-04
Invoked: SSBroyden1 approach!
[BFGS] batch= 111  call=  5990  total=1.309e-02  PDE=2.717e-03 [colloc=2.593e-03, cfd=1.240e-04]  WALL=3.170e-15  DATA=7.995e-04
Invoked: SSBroyden1 approach!
[BFGS] batch= 111  call=  5991  total=1.308e-02  PDE=2.710e-03 [colloc=2.586e-03, cfd=1.240e-04]  WALL=3.171e-15  DATA=7.995e-04
Invoked: SSBroyden1 approach!
[BFGS] batch= 111  call=  5992  total=1.304e-02  PDE=2.702e-03 [colloc=2.578e-03, cfd=1.240e-04]  WALL=3.171e-15  DATA=7.996e-04
Invoked: SSBroyden1 approach!
[BFGS] batch= 111  call=  5993  total=1.298e-02  PDE=2.685e-03 [colloc=2.561e-03, cfd=1.240e-04]  WALL=3.170e-15  DATA=7.998e-04
Invoked: SSBroyden1 approach!
[BFGS] batch= 111  call=  5995  total=1.294e-02  PDE=2.674e-03 [colloc=2.550e-03, cfd=1.240e-04]  WALL=3.170e-15  DATA=7.996e-04
Invoked: SSBroyden1 approach!
[BFGS] batch= 111  call=  5996  total=1.294e-02  PDE=2.660e-03 [colloc=2.536e-03, cfd=1.241e-04]  WALL=3.170e-15  DATA=7.993e-04
Invoked: SSBroyden1 approach!
[BFGS] batch= 111  call=  5998  total=1.288e-02  PDE=2.644e-03 [colloc=2.520e-03, cfd=1.242e-04]  WALL=3.171e-15  DATA=7.992e-04
Invoked: SSBroyden1 approach!
[BFGS] batch= 111  call=  5999  total=1.278e-02  PDE=2.613e-03 [colloc=2.489e-03, cfd=1.239e-04]  WALL=3.172e-15  DATA=7.988e-04
Invoked: SSBroyden1 approach!
[BFGS] batch= 111  call=  6000  total=1.265e-02  PDE=2.568e-03 [colloc=2.445e-03, cfd=1.236e-04]  WALL=3.172e-15  DATA=7.984e-04
Invoked: SSBroyden1 approach!
[BFGS] batch= 111  call=  6001  total=1.248e-02  PDE=2.497e-03 [colloc=2.374e-03, cfd=1.233e-04]  WALL=3.173e-15  DATA=7.966e-04
Invoked: SSBroyden1 approach!
[BFGS] batch= 111  call=  6002  total=1.228e-02  PDE=2.411e-03 [colloc=2.288e-03, cfd=1.234e-04]  WALL=3.176e-15  DATA=7.958e-04
Invoked: SSBroyden1 approach!
[BFGS] batch= 111  call=  6003  total=1.193e-02  PDE=2.282e-03 [colloc=2.158e-03, cfd=1.236e-04]  WALL=3.179e-15  DATA=7.940e-04
Invoked: SSBroyden1 approach!
[BFGS] batch= 111  call=  6004  total=1.147e-02  PDE=2.120e-03 [colloc=1.994e-03, cfd=1.251e-04]  WALL=3.176e-15  DATA=7.887e-04
Invoked: SSBroyden1 approach!
[BFGS] batch= 111  call=  6006  total=1.132e-02  PDE=2.070e-03 [colloc=1.944e-03, cfd=1.259e-04]  WALL=3.174e-15  DATA=7.865e-04
Invoked: SSBroyden1 approach!
[BFGS] batch= 111  call=  6007  total=1.122e-02  PDE=2.023e-03 [colloc=1.896e-03, cfd=1.273e-04]  WALL=3.176e-15  DATA=7.836e-04
Invoked: SSBroyden1 approach!
[BFGS] batch= 111  call=  6009  total=1.115e-02  PDE=2.010e-03 [colloc=1.883e-03, cfd=1.274e-04]  WALL=3.178e-15  DATA=7.828e-04
  [PT] w_u=69.6830 w_v=69.0175 gamma=1.000 (tau_u=1.435e-02 tau_v=1.449e-02 |Du|=4.77e-01 |DRu|=3.16e+00)
[BFGS-END] batch= 111  last_total=1.118e-02  last_PDE=2.010e-03 [colloc=1.883e-03, cfd=1.274e-04]  last_WALL=3.178e-15  last_DATA=7.828e-04
[BFGS] done. total_calls=6029  best_loss=5.277256e-03
[train] Saved -> ../runs/sweep/data2000_PT/checkpoints/pinn_Re40_single.pt
[viz] loaded ../runs/sweep/data2000_PT/checkpoints/pinn_Re40_single.pt

============================================================
ABSOLUTE error on CFD point cloud (target: ~1e-4 ~ 1e-5)
============================================================
  points used           : 4869
  speed magnitude (mean): 7.0030e-01
  mae_u                 : 1.5136e-02
  mae_v                 : 1.2408e-02
  rmse_u                : 2.1446e-02
  rmse_v                : 1.8308e-02
  max |eu|              : 9.6573e-02
  max |ev|              : 6.7637e-02
  rel_l2_u              : 2.6490e-02
  rel_l2_v              : 1.4458e-01

[viz] saved ../runs/sweep/data2000_PT/viz/re40_single_vorticity.png
[viz] saved ../runs/sweep/data2000_PT/viz/re40_single_speed.png
[done] data2000_PT -> ../runs/sweep/data2000_PT/checkpoints/pinn_Re40_single.pt
