## SLURM PROLOG ###############################################################
##    Job ID : 3779401
##  Job Name : pinn_re40_abl
##  Nodelist : gpu3102
##      CPUs : 
##  Mem/Node : 65536 MB
## Directory : /oscar/home/jchen790/cylinder flow lab
##   Job Started : Thu Jul  9 06:58:39 AM EDT 2026
###############################################################################
############################################################
# array task 3  ->  cell 'pt_cfd_anchor'
#   flags: --use-pt --pt-w-init 1.0 --pt-ema 0.9 --pt-resample --use-all-cfd-data
############################################################
[OK] _optimize._minimize_bfgs loaded — SSBroyden / SSBFGS variants available
Loaded Re40.vtk  cells=8234
Model: width=96, depth=5, params=38018
Loss weights: adaptive during Adam, frozen during BFGS
Cylinder no-slip: enforced hard through stream-function lifting
CFD-aware PDE residual: n_cfd_pde=8000, lambda_pde_cfd=1.0
[PT  ] pseudo-time stepping ENABLED  w_init=1.0  ema=0.9
[mem ] params=38018  H0 (NxN float64) = 10.77 GB  available ~ 64.0 GB
[mem ] WARNING: budget 64.0 GB < soft min 83.4 GB. SSBroyden update peaks 3-4x H0 due to NxN outer products; you may OOM mid-batch.
============================================================
Phase 1 — Adam (2000 epochs)
Goal: match CFD while improving PDE and enforcing wall no-slip exactly
============================================================
  [PT] w_u=1.1092 w_v=1.1092 gamma=1.000 (tau_u=9.015e-01 tau_v=9.015e-01 |Du|=5.45e+01 |DRu|=4.42e+02)
  [PT] w_u=1.2225 w_v=1.2273 gamma=1.000 (tau_u=8.180e-01 tau_v=8.148e-01 |Du|=1.34e+01 |DRu|=5.19e+01)
  [PT] w_u=1.3539 w_v=1.3599 gamma=1.000 (tau_u=7.386e-01 tau_v=7.353e-01 |Du|=2.56e+01 |DRu|=1.65e+02)
  [PT] w_u=1.5006 w_v=1.5081 gamma=1.000 (tau_u=6.664e-01 tau_v=6.631e-01 |Du|=2.80e+01 |DRu|=2.18e+02)
  [PT] w_u=1.6655 w_v=1.6746 gamma=1.000 (tau_u=6.004e-01 tau_v=5.972e-01 |Du|=5.37e+00 |DRu|=6.74e+01)
  [PT] w_u=1.8349 w_v=1.8442 gamma=1.000 (tau_u=5.450e-01 tau_v=5.422e-01 |Du|=8.64e+00 |DRu|=4.02e+01)
  [PT] w_u=2.0263 w_v=2.0370 gamma=1.000 (tau_u=4.935e-01 tau_v=4.909e-01 |Du|=1.48e+01 |DRu|=8.54e+01)
  [PT] w_u=2.2396 w_v=2.2520 gamma=1.000 (tau_u=4.465e-01 tau_v=4.440e-01 |Du|=1.82e+01 |DRu|=1.19e+02)
  [PT] w_u=2.4825 w_v=2.4957 gamma=1.000 (tau_u=4.028e-01 tau_v=4.007e-01 |Du|=1.27e+01 |DRu|=1.31e+02)
  [PT] w_u=2.7532 w_v=2.7639 gamma=1.000 (tau_u=3.632e-01 tau_v=3.618e-01 |Du|=5.86e+00 |DRu|=7.11e+01)
  [PT] w_u=3.0061 w_v=3.0052 gamma=1.000 (tau_u=3.327e-01 tau_v=3.328e-01 |Du|=9.41e+00 |DRu|=3.92e+01)
  [PT] w_u=3.2455 w_v=3.2460 gamma=1.000 (tau_u=3.081e-01 tau_v=3.081e-01 |Du|=1.37e+01 |DRu|=4.64e+01)
  [PT] w_u=3.5348 w_v=3.5356 gamma=1.000 (tau_u=2.829e-01 tau_v=2.828e-01 |Du|=1.64e+01 |DRu|=6.94e+01)
  [PT] w_u=3.8785 w_v=3.8835 gamma=1.000 (tau_u=2.578e-01 tau_v=2.575e-01 |Du|=1.69e+01 |DRu|=9.39e+01)
  [PT] w_u=4.2889 w_v=4.2774 gamma=1.000 (tau_u=2.332e-01 tau_v=2.338e-01 |Du|=6.72e+00 |DRu|=6.37e+01)
  [PT] w_u=4.7223 w_v=4.6555 gamma=1.000 (tau_u=2.118e-01 tau_v=2.148e-01 |Du|=5.81e+00 |DRu|=4.20e+01)
  [PT] w_u=5.0960 w_v=4.9635 gamma=1.000 (tau_u=1.962e-01 tau_v=2.015e-01 |Du|=9.59e+00 |DRu|=4.04e+01)
  [PT] w_u=5.3871 w_v=5.2019 gamma=1.000 (tau_u=1.856e-01 tau_v=1.922e-01 |Du|=1.30e+01 |DRu|=4.34e+01)
  [PT] w_u=5.7126 w_v=5.4974 gamma=1.000 (tau_u=1.751e-01 tau_v=1.819e-01 |Du|=1.48e+01 |DRu|=5.23e+01)
  [PT] w_u=6.0972 w_v=5.8974 gamma=1.000 (tau_u=1.640e-01 tau_v=1.696e-01 |Du|=1.48e+01 |DRu|=5.81e+01)
[Adam] ep=   20  total=5.081e+00  PDE=2.107e-01 [colloc=2.050e-01, cfd=5.681e-03] (w=2.366)  IN=8.134e-01 (w=1.234)  TB=9.077e-01 (w=1.267)  WALL=3.693e-15 (w=0.200)  OUT=2.345e-02 (w=0.494)  DATA=5.658e-01 (w=4.273)
  [PT] w_u=6.4716 w_v=6.2514 gamma=1.000 (tau_u=1.545e-01 tau_v=1.600e-01 |Du|=8.76e+00 |DRu|=3.33e+01)
  [PT] w_u=6.9909 w_v=6.4294 gamma=1.000 (tau_u=1.430e-01 tau_v=1.555e-01 |Du|=4.56e+00 |DRu|=2.29e+01)
  [PT] w_u=7.5916 w_v=6.5552 gamma=1.000 (tau_u=1.317e-01 tau_v=1.526e-01 |Du|=4.81e+00 |DRu|=2.79e+01)
  [PT] w_u=8.1108 w_v=6.8806 gamma=1.000 (tau_u=1.233e-01 tau_v=1.453e-01 |Du|=7.30e+00 |DRu|=3.35e+01)
  [PT] w_u=8.3872 w_v=7.3699 gamma=1.000 (tau_u=1.192e-01 tau_v=1.357e-01 |Du|=9.15e+00 |DRu|=3.18e+01)
  [PT] w_u=8.2583 w_v=7.5633 gamma=1.000 (tau_u=1.211e-01 tau_v=1.322e-01 |Du|=8.92e+00 |DRu|=2.40e+01)
  [PT] w_u=8.6246 w_v=7.5291 gamma=0.884 (tau_u=1.159e-01 tau_v=1.328e-01 |Du|=6.77e+00 |DRu|=2.41e+01)
  [PT] w_u=8.8434 w_v=7.4622 gamma=1.000 (tau_u=1.131e-01 tau_v=1.340e-01 |Du|=5.17e+00 |DRu|=1.75e+01)
  [PT] w_u=8.4057 w_v=7.7255 gamma=1.000 (tau_u=1.190e-01 tau_v=1.294e-01 |Du|=7.95e+00 |DRu|=1.92e+01)
  [PT] w_u=8.4746 w_v=8.0450 gamma=1.000 (tau_u=1.180e-01 tau_v=1.243e-01 |Du|=9.14e+00 |DRu|=2.76e+01)
  [PT] w_u=8.6741 w_v=8.2940 gamma=1.000 (tau_u=1.153e-01 tau_v=1.206e-01 |Du|=5.06e+00 |DRu|=1.68e+01)
  [PT] w_u=8.5003 w_v=8.4448 gamma=1.000 (tau_u=1.176e-01 tau_v=1.184e-01 |Du|=2.96e+00 |DRu|=7.94e+00)
  [PT] w_u=8.7668 w_v=8.7145 gamma=1.000 (tau_u=1.141e-01 tau_v=1.148e-01 |Du|=5.19e+00 |DRu|=1.81e+01)
  [PT] w_u=9.0561 w_v=8.9489 gamma=1.000 (tau_u=1.104e-01 tau_v=1.117e-01 |Du|=8.02e+00 |DRu|=2.88e+01)
  [PT] w_u=8.9864 w_v=9.0363 gamma=1.000 (tau_u=1.113e-01 tau_v=1.107e-01 |Du|=6.04e+00 |DRu|=1.75e+01)
  [PT] w_u=8.7503 w_v=8.7775 gamma=1.000 (tau_u=1.143e-01 tau_v=1.139e-01 |Du|=3.54e+00 |DRu|=9.41e+00)
  [PT] w_u=9.4214 w_v=9.0581 gamma=1.000 (tau_u=1.061e-01 tau_v=1.104e-01 |Du|=3.37e+00 |DRu|=1.86e+01)
  [PT] w_u=9.4406 w_v=9.6069 gamma=1.000 (tau_u=1.059e-01 tau_v=1.041e-01 |Du|=3.33e+00 |DRu|=1.03e+01)
  [PT] w_u=10.2148 w_v=10.2687 gamma=1.000 (tau_u=9.790e-02 tau_v=9.738e-02 |Du|=3.65e+00 |DRu|=2.28e+01)
  [PT] w_u=9.4518 w_v=10.5180 gamma=1.000 (tau_u=1.058e-01 tau_v=9.507e-02 |Du|=5.38e+00 |DRu|=1.28e+01)
[Adam] ep=   40  total=4.018e+00  PDE=5.854e-02 [colloc=5.496e-02, cfd=3.584e-03] (w=1.407)  IN=5.679e-01 (w=1.447)  TB=7.234e-01 (w=1.562)  WALL=2.703e-15 (w=0.200)  OUT=1.956e-03 (w=0.299)  DATA=4.053e-01 (w=4.890)
  [PT] w_u=8.9108 w_v=10.5742 gamma=1.000 (tau_u=1.122e-01 tau_v=9.457e-02 |Du|=9.74e+00 |DRu|=2.36e+01)
  [PT] w_u=9.0843 w_v=11.0928 gamma=1.000 (tau_u=1.101e-01 tau_v=9.015e-02 |Du|=1.38e+01 |DRu|=4.59e+01)
  [PT] w_u=8.9821 w_v=11.7209 gamma=1.000 (tau_u=1.113e-01 tau_v=8.532e-02 |Du|=8.93e+00 |DRu|=2.55e+01)
  [PT] w_u=8.0995 w_v=10.9694 gamma=1.000 (tau_u=1.235e-01 tau_v=9.116e-02 |Du|=4.81e+00 |DRu|=9.96e+00)
  [PT] w_u=8.7225 w_v=11.2446 gamma=1.000 (tau_u=1.146e-01 tau_v=8.893e-02 |Du|=6.27e+00 |DRu|=3.34e+01)
  [PT] w_u=9.2206 w_v=11.7105 gamma=1.000 (tau_u=1.085e-01 tau_v=8.539e-02 |Du|=1.14e+01 |DRu|=4.99e+01)
  [PT] w_u=9.0076 w_v=11.9592 gamma=1.000 (tau_u=1.110e-01 tau_v=8.362e-02 |Du|=8.60e+00 |DRu|=2.35e+01)
  [PT] w_u=9.6362 w_v=11.4573 gamma=1.000 (tau_u=1.038e-01 tau_v=8.728e-02 |Du|=4.88e+00 |DRu|=2.48e+01)
  [PT] w_u=9.9056 w_v=10.9547 gamma=1.000 (tau_u=1.010e-01 tau_v=9.129e-02 |Du|=9.52e+00 |DRu|=3.46e+01)
  [PT] w_u=8.9201 w_v=10.7793 gamma=1.000 (tau_u=1.121e-01 tau_v=9.277e-02 |Du|=1.27e+01 |DRu|=2.75e+01)
  [PT] w_u=9.3209 w_v=11.4050 gamma=1.000 (tau_u=1.073e-01 tau_v=8.768e-02 |Du|=9.11e+00 |DRu|=3.60e+01)
  [PT] w_u=9.5542 w_v=11.1505 gamma=1.000 (tau_u=1.047e-01 tau_v=8.968e-02 |Du|=5.69e+00 |DRu|=2.00e+01)
  [PT] w_u=9.5076 w_v=11.5613 gamma=1.000 (tau_u=1.052e-01 tau_v=8.650e-02 |Du|=1.09e+01 |DRu|=3.29e+01)
  [PT] w_u=9.9320 w_v=11.9697 gamma=1.000 (tau_u=1.007e-01 tau_v=8.354e-02 |Du|=9.39e+00 |DRu|=3.83e+01)
  [PT] w_u=9.8597 w_v=11.4918 gamma=1.000 (tau_u=1.014e-01 tau_v=8.702e-02 |Du|=3.76e+00 |DRu|=1.14e+01)
  [PT] w_u=10.3411 w_v=12.4938 gamma=1.000 (tau_u=9.670e-02 tau_v=8.004e-02 |Du|=8.44e+00 |DRu|=3.63e+01)
  [PT] w_u=9.6655 w_v=11.8263 gamma=1.000 (tau_u=1.035e-01 tau_v=8.456e-02 |Du|=8.53e+00 |DRu|=2.10e+01)
  [PT] w_u=10.3142 w_v=12.2606 gamma=1.000 (tau_u=9.695e-02 tau_v=8.156e-02 |Du|=7.74e+00 |DRu|=3.95e+01)
  [PT] w_u=9.6650 w_v=12.7456 gamma=1.000 (tau_u=1.035e-01 tau_v=7.846e-02 |Du|=4.40e+00 |DRu|=1.09e+01)
  [PT] w_u=10.2782 w_v=13.0671 gamma=1.000 (tau_u=9.729e-02 tau_v=7.653e-02 |Du|=7.11e+00 |DRu|=3.48e+01)
[Adam] ep=   60  total=1.998e+00  PDE=1.318e-01 [colloc=1.236e-01, cfd=8.216e-03] (w=1.365)  IN=2.165e-01 (w=1.346)  TB=4.118e-01 (w=1.699)  WALL=2.721e-15 (w=0.200)  OUT=1.378e-02 (w=0.330)  DATA=1.758e-01 (w=4.676)
  [PT] w_u=9.6159 w_v=11.9097 gamma=1.000 (tau_u=1.040e-01 tau_v=8.396e-02 |Du|=8.46e+00 |DRu|=2.09e+01)
  [PT] w_u=10.4008 w_v=13.0126 gamma=1.000 (tau_u=9.615e-02 tau_v=7.685e-02 |Du|=5.59e+00 |DRu|=3.50e+01)
  [PT] w_u=10.4789 w_v=12.8795 gamma=1.000 (tau_u=9.543e-02 tau_v=7.764e-02 |Du|=3.33e+00 |DRu|=1.12e+01)
  [PT] w_u=11.0292 w_v=13.5195 gamma=1.000 (tau_u=9.067e-02 tau_v=7.397e-02 |Du|=1.03e+01 |DRu|=4.69e+01)
  [PT] w_u=10.7472 w_v=12.4667 gamma=1.000 (tau_u=9.305e-02 tau_v=8.021e-02 |Du|=5.25e+00 |DRu|=1.55e+01)
  [PT] w_u=11.3398 w_v=12.7443 gamma=1.000 (tau_u=8.818e-02 tau_v=7.847e-02 |Du|=7.24e+00 |DRu|=3.43e+01)
  [PT] w_u=10.7030 w_v=12.3014 gamma=1.000 (tau_u=9.343e-02 tau_v=8.129e-02 |Du|=9.83e+00 |DRu|=2.62e+01)
  [PT] w_u=11.3824 w_v=12.3153 gamma=1.000 (tau_u=8.786e-02 tau_v=8.120e-02 |Du|=7.53e+00 |DRu|=3.88e+01)
  [PT] w_u=11.5628 w_v=12.2489 gamma=1.000 (tau_u=8.648e-02 tau_v=8.164e-02 |Du|=5.52e+00 |DRu|=2.03e+01)
  [PT] w_u=11.8511 w_v=12.6584 gamma=1.000 (tau_u=8.438e-02 tau_v=7.900e-02 |Du|=1.31e+01 |DRu|=5.13e+01)
  [PT] w_u=10.4890 w_v=11.9379 gamma=1.000 (tau_u=9.534e-02 tau_v=8.377e-02 |Du|=8.18e+00 |DRu|=1.86e+01)
  [PT] w_u=11.1204 w_v=12.6235 gamma=1.000 (tau_u=8.993e-02 tau_v=7.922e-02 |Du|=9.05e+00 |DRu|=4.46e+01)
  [PT] w_u=10.4114 w_v=12.9859 gamma=1.000 (tau_u=9.605e-02 tau_v=7.701e-02 |Du|=1.40e+01 |DRu|=3.60e+01)
  [PT] w_u=10.1556 w_v=13.8670 gamma=1.000 (tau_u=9.847e-02 tau_v=7.211e-02 |Du|=1.34e+01 |DRu|=3.86e+01)
  [PT] w_u=10.7882 w_v=14.2287 gamma=1.000 (tau_u=9.269e-02 tau_v=7.028e-02 |Du|=6.86e+00 |DRu|=3.40e+01)
  [PT] w_u=10.7964 w_v=13.6345 gamma=1.000 (tau_u=9.262e-02 tau_v=7.334e-02 |Du|=9.23e+00 |DRu|=3.04e+01)
  [PT] w_u=11.4406 w_v=14.4126 gamma=1.000 (tau_u=8.741e-02 tau_v=6.938e-02 |Du|=1.13e+01 |DRu|=5.63e+01)
  [PT] w_u=11.8101 w_v=12.7932 gamma=1.000 (tau_u=8.467e-02 tau_v=7.817e-02 |Du|=3.39e+00 |DRu|=1.38e+01)
  [PT] w_u=12.5103 w_v=12.8818 gamma=1.000 (tau_u=7.993e-02 tau_v=7.763e-02 |Du|=8.72e+00 |DRu|=4.52e+01)
  [PT] w_u=12.9178 w_v=13.4428 gamma=1.000 (tau_u=7.741e-02 tau_v=7.439e-02 |Du|=1.69e+01 |DRu|=7.23e+01)
[Adam] ep=   80  total=8.734e-01  PDE=6.997e-02 [colloc=6.298e-02, cfd=6.992e-03] (w=1.830)  IN=7.858e-02 (w=1.184)  TB=1.619e-01 (w=1.650)  WALL=1.957e-15 (w=0.200)  OUT=6.965e-03 (w=0.300)  DATA=8.411e-02 (w=4.552)
  [PT] w_u=12.2032 w_v=13.8657 gamma=1.000 (tau_u=8.195e-02 tau_v=7.212e-02 |Du|=8.32e+00 |DRu|=2.37e+01)
  [PT] w_u=13.0289 w_v=14.5794 gamma=1.000 (tau_u=7.675e-02 tau_v=6.859e-02 |Du|=7.54e+00 |DRu|=4.35e+01)
  [PT] w_u=13.9099 w_v=15.2617 gamma=1.000 (tau_u=7.189e-02 tau_v=6.552e-02 |Du|=1.43e+01 |DRu|=8.53e+01)
  [PT] w_u=14.0044 w_v=15.4658 gamma=1.000 (tau_u=7.141e-02 tau_v=6.466e-02 |Du|=6.85e+00 |DRu|=2.65e+01)
  [PT] w_u=14.2301 w_v=16.1201 gamma=1.000 (tau_u=7.027e-02 tau_v=6.203e-02 |Du|=8.74e+00 |DRu|=3.56e+01)
  [PT] w_u=14.9240 w_v=16.7516 gamma=1.000 (tau_u=6.701e-02 tau_v=5.970e-02 |Du|=1.54e+01 |DRu|=7.95e+01)
  [PT] w_u=15.4080 w_v=16.8609 gamma=1.000 (tau_u=6.490e-02 tau_v=5.931e-02 |Du|=6.01e+00 |DRu|=2.80e+01)
  [PT] w_u=15.5636 w_v=16.9253 gamma=1.000 (tau_u=6.425e-02 tau_v=5.908e-02 |Du|=5.79e+00 |DRu|=2.40e+01)
  [PT] w_u=16.0517 w_v=17.4498 gamma=1.000 (tau_u=6.230e-02 tau_v=5.731e-02 |Du|=1.36e+01 |DRu|=6.44e+01)
  [PT] w_u=14.3599 w_v=17.1397 gamma=1.000 (tau_u=6.964e-02 tau_v=5.834e-02 |Du|=7.01e+00 |DRu|=1.90e+01)
  [PT] w_u=14.6568 w_v=18.0088 gamma=1.000 (tau_u=6.823e-02 tau_v=5.553e-02 |Du|=8.72e+00 |DRu|=3.70e+01)
  [PT] w_u=14.9055 w_v=16.5911 gamma=1.000 (tau_u=6.709e-02 tau_v=6.027e-02 |Du|=8.35e+00 |DRu|=3.50e+01)
  [PT] w_u=15.0066 w_v=14.6553 gamma=1.000 (tau_u=6.664e-02 tau_v=6.823e-02 |Du|=6.64e+00 |DRu|=2.65e+01)
  [PT] w_u=15.7216 w_v=15.4002 gamma=1.000 (tau_u=6.361e-02 tau_v=6.493e-02 |Du|=9.09e+00 |DRu|=4.77e+01)
  [PT] w_u=15.7378 w_v=12.8899 gamma=1.000 (tau_u=6.354e-02 tau_v=7.758e-02 |Du|=3.81e+00 |DRu|=1.52e+01)
  [PT] w_u=16.3858 w_v=12.7219 gamma=1.000 (tau_u=6.103e-02 tau_v=7.860e-02 |Du|=1.06e+01 |DRu|=5.41e+01)
  [PT] w_u=16.0533 w_v=11.1745 gamma=1.000 (tau_u=6.229e-02 tau_v=8.949e-02 |Du|=3.59e+00 |DRu|=1.32e+01)
  [PT] w_u=16.9466 w_v=11.9673 gamma=1.000 (tau_u=5.901e-02 tau_v=8.356e-02 |Du|=8.57e+00 |DRu|=5.00e+01)
  [PT] w_u=14.2614 w_v=11.1512 gamma=1.000 (tau_u=7.012e-02 tau_v=8.968e-02 |Du|=3.70e+00 |DRu|=8.96e+00)
  [PT] w_u=14.8422 w_v=11.8320 gamma=1.000 (tau_u=6.738e-02 tau_v=8.452e-02 |Du|=9.81e+00 |DRu|=4.75e+01)
[Adam] ep=  100  total=8.346e-01  PDE=1.138e-01 [colloc=1.076e-01, cfd=6.125e-03] (w=2.261)  IN=6.293e-02 (w=1.063)  TB=1.232e-01 (w=1.502)  WALL=2.244e-15 (w=0.200)  OUT=4.049e-03 (w=0.275)  DATA=7.205e-02 (w=4.502)
  [PT] w_u=14.1942 w_v=10.3227 gamma=1.000 (tau_u=7.045e-02 tau_v=9.687e-02 |Du|=3.48e+00 |DRu|=1.11e+01)
  [PT] w_u=14.8267 w_v=10.9761 gamma=1.000 (tau_u=6.745e-02 tau_v=9.111e-02 |Du|=9.18e+00 |DRu|=4.57e+01)
  [PT] w_u=14.1819 w_v=11.7262 gamma=1.000 (tau_u=7.051e-02 tau_v=8.528e-02 |Du|=3.45e+00 |DRu|=1.10e+01)
  [PT] w_u=15.0543 w_v=12.4025 gamma=1.000 (tau_u=6.643e-02 tau_v=8.063e-02 |Du|=9.53e+00 |DRu|=5.53e+01)
  [PT] w_u=14.3212 w_v=11.3717 gamma=1.000 (tau_u=6.983e-02 tau_v=8.794e-02 |Du|=2.79e+00 |DRu|=8.81e+00)
  [PT] w_u=14.8368 w_v=12.0867 gamma=0.999 (tau_u=6.740e-02 tau_v=8.274e-02 |Du|=9.44e+00 |DRu|=4.42e+01)
  [PT] w_u=12.4451 w_v=12.1948 gamma=0.997 (tau_u=8.035e-02 tau_v=8.200e-02 |Du|=3.45e+00 |DRu|=7.76e+00)
  [PT] w_u=11.6237 w_v=12.6755 gamma=1.000 (tau_u=8.603e-02 tau_v=7.889e-02 |Du|=1.31e+01 |DRu|=3.54e+01)
  [PT] w_u=11.7310 w_v=13.1284 gamma=1.000 (tau_u=8.524e-02 tau_v=7.617e-02 |Du|=7.28e+00 |DRu|=2.60e+01)
  [PT] w_u=11.5721 w_v=13.8611 gamma=1.000 (tau_u=8.642e-02 tau_v=7.214e-02 |Du|=1.22e+01 |DRu|=3.91e+01)
  [PT] w_u=10.9484 w_v=13.9645 gamma=0.999 (tau_u=9.134e-02 tau_v=7.161e-02 |Du|=1.11e+01 |DRu|=3.01e+01)
  [PT] w_u=11.7457 w_v=14.6463 gamma=1.000 (tau_u=8.514e-02 tau_v=6.828e-02 |Du|=1.01e+01 |DRu|=5.89e+01)
  [PT] w_u=11.6167 w_v=14.1190 gamma=1.000 (tau_u=8.608e-02 tau_v=7.083e-02 |Du|=2.76e+00 |DRu|=8.98e+00)
  [PT] w_u=12.2799 w_v=14.8285 gamma=1.000 (tau_u=8.143e-02 tau_v=6.744e-02 |Du|=8.78e+00 |DRu|=4.41e+01)
  [PT] w_u=13.0502 w_v=15.4914 gamma=1.000 (tau_u=7.663e-02 tau_v=6.455e-02 |Du|=1.63e+01 |DRu|=8.90e+01)
  [PT] w_u=13.9058 w_v=16.0426 gamma=1.000 (tau_u=7.191e-02 tau_v=6.233e-02 |Du|=6.50e+00 |DRu|=3.79e+01)
  [PT] w_u=14.3668 w_v=16.4645 gamma=1.000 (tau_u=6.960e-02 tau_v=6.074e-02 |Du|=4.12e+00 |DRu|=1.86e+01)
  [PT] w_u=15.1234 w_v=17.2461 gamma=1.000 (tau_u=6.612e-02 tau_v=5.798e-02 |Du|=1.23e+01 |DRu|=6.58e+01)
  [PT] w_u=15.8924 w_v=17.8674 gamma=1.000 (tau_u=6.292e-02 tau_v=5.597e-02 |Du|=1.95e+01 |DRu|=1.06e+02)
  [PT] w_u=16.5367 w_v=18.5227 gamma=1.000 (tau_u=6.047e-02 tau_v=5.399e-02 |Du|=9.45e+00 |DRu|=4.82e+01)
[Adam] ep=  120  total=1.642e+00  PDE=4.087e-01 [colloc=4.048e-01, cfd=3.913e-03] (w=2.837)  IN=5.052e-02 (w=0.893)  TB=9.901e-02 (w=1.245)  WALL=9.373e-15 (w=0.200)  OUT=1.974e-03 (w=0.200)  DATA=7.708e-02 (w=4.066)
  [PT] w_u=14.2157 w_v=19.2521 gamma=1.000 (tau_u=7.034e-02 tau_v=5.194e-02 |Du|=4.56e+00 |DRu|=1.14e+01)
  [PT] w_u=14.8487 w_v=19.8602 gamma=1.000 (tau_u=6.735e-02 tau_v=5.035e-02 |Du|=1.04e+01 |DRu|=5.16e+01)
  [PT] w_u=15.4604 w_v=20.2702 gamma=1.000 (tau_u=6.468e-02 tau_v=4.933e-02 |Du|=1.72e+01 |DRu|=8.54e+01)
  [PT] w_u=15.9430 w_v=20.8289 gamma=1.000 (tau_u=6.272e-02 tau_v=4.801e-02 |Du|=7.67e+00 |DRu|=3.61e+01)
  [PT] w_u=14.3106 w_v=20.1343 gamma=1.000 (tau_u=6.988e-02 tau_v=4.967e-02 |Du|=4.89e+00 |DRu|=1.34e+01)
  [PT] w_u=14.9312 w_v=20.3877 gamma=1.000 (tau_u=6.697e-02 tau_v=4.905e-02 |Du|=1.08e+01 |DRu|=5.35e+01)
  [PT] w_u=14.2359 w_v=18.0153 gamma=1.000 (tau_u=7.025e-02 tau_v=5.551e-02 |Du|=1.91e+00 |DRu|=6.06e+00)
  [PT] w_u=14.7166 w_v=18.2563 gamma=1.000 (tau_u=6.795e-02 tau_v=5.478e-02 |Du|=8.18e+00 |DRu|=3.76e+01)
  [PT] w_u=13.7396 w_v=18.6068 gamma=1.000 (tau_u=7.278e-02 tau_v=5.374e-02 |Du|=3.73e+00 |DRu|=1.09e+01)
  [PT] w_u=14.4824 w_v=19.0231 gamma=1.000 (tau_u=6.905e-02 tau_v=5.257e-02 |Du|=9.35e+00 |DRu|=4.97e+01)
  [PT] w_u=14.4402 w_v=15.4908 gamma=1.000 (tau_u=6.925e-02 tau_v=6.455e-02 |Du|=1.54e+00 |DRu|=5.78e+00)
  [PT] w_u=15.1851 w_v=16.2806 gamma=0.993 (tau_u=6.585e-02 tau_v=6.142e-02 |Du|=7.43e+00 |DRu|=3.94e+01)
  [PT] w_u=15.2539 w_v=12.9560 gamma=1.000 (tau_u=6.556e-02 tau_v=7.718e-02 |Du|=3.73e+00 |DRu|=1.49e+01)
  [PT] w_u=16.1001 w_v=13.6905 gamma=1.000 (tau_u=6.211e-02 tau_v=7.304e-02 |Du|=5.84e+00 |DRu|=3.31e+01)
  [PT] w_u=16.2590 w_v=13.5967 gamma=1.000 (tau_u=6.150e-02 tau_v=7.355e-02 |Du|=2.74e+00 |DRu|=1.16e+01)
  [PT] w_u=16.9295 w_v=14.3447 gamma=1.000 (tau_u=5.907e-02 tau_v=6.971e-02 |Du|=1.01e+01 |DRu|=5.25e+01)
  [PT] w_u=16.3976 w_v=12.7017 gamma=1.000 (tau_u=6.098e-02 tau_v=7.873e-02 |Du|=2.15e+00 |DRu|=7.68e+00)
  [PT] w_u=17.1284 w_v=13.2898 gamma=0.999 (tau_u=5.838e-02 tau_v=7.525e-02 |Du|=6.84e+00 |DRu|=3.66e+01)
  [PT] w_u=17.3729 w_v=13.7206 gamma=1.000 (tau_u=5.756e-02 tau_v=7.288e-02 |Du|=1.21e+01 |DRu|=5.42e+01)
  [PT] w_u=16.3075 w_v=12.2144 gamma=1.000 (tau_u=6.132e-02 tau_v=8.187e-02 |Du|=4.88e+00 |DRu|=1.58e+01)
[Adam] ep=  140  total=9.274e-01  PDE=1.723e-01 [colloc=1.697e-01, cfd=2.593e-03] (w=2.392)  IN=6.493e-02 (w=1.107)  TB=8.933e-02 (w=1.357)  WALL=3.825e-15 (w=0.200)  OUT=1.553e-03 (w=0.200)  DATA=6.907e-02 (w=4.660)
  [PT] w_u=17.1865 w_v=12.4563 gamma=1.000 (tau_u=5.819e-02 tau_v=8.028e-02 |Du|=6.62e+00 |DRu|=3.82e+01)
  [PT] w_u=17.7770 w_v=13.2632 gamma=1.000 (tau_u=5.625e-02 tau_v=7.540e-02 |Du|=1.25e+01 |DRu|=6.37e+01)
  [PT] w_u=16.4802 w_v=12.8150 gamma=1.000 (tau_u=6.068e-02 tau_v=7.803e-02 |Du|=5.54e+00 |DRu|=1.75e+01)
  [PT] w_u=17.1383 w_v=12.6530 gamma=1.000 (tau_u=5.835e-02 tau_v=7.903e-02 |Du|=6.81e+00 |DRu|=3.52e+01)
  [PT] w_u=17.8906 w_v=13.0615 gamma=1.000 (tau_u=5.590e-02 tau_v=7.656e-02 |Du|=1.27e+01 |DRu|=6.90e+01)
  [PT] w_u=18.5321 w_v=12.7205 gamma=1.000 (tau_u=5.396e-02 tau_v=7.861e-02 |Du|=4.53e+00 |DRu|=2.37e+01)
  [PT] w_u=18.6802 w_v=13.3443 gamma=1.000 (tau_u=5.353e-02 tau_v=7.494e-02 |Du|=5.23e+00 |DRu|=2.35e+01)
  [PT] w_u=19.2562 w_v=14.0547 gamma=1.000 (tau_u=5.193e-02 tau_v=7.115e-02 |Du|=1.17e+01 |DRu|=6.05e+01)
  [PT] w_u=19.8804 w_v=13.4006 gamma=1.000 (tau_u=5.030e-02 tau_v=7.462e-02 |Du|=4.06e+00 |DRu|=2.15e+01)
  [PT] w_u=19.7936 w_v=13.3728 gamma=1.000 (tau_u=5.052e-02 tau_v=7.478e-02 |Du|=5.10e+00 |DRu|=2.22e+01)
  [PT] w_u=20.1648 w_v=14.0521 gamma=1.000 (tau_u=4.959e-02 tau_v=7.116e-02 |Du|=1.15e+01 |DRu|=5.66e+01)
  [PT] w_u=19.5501 w_v=14.2528 gamma=1.000 (tau_u=5.115e-02 tau_v=7.016e-02 |Du|=3.85e+00 |DRu|=1.51e+01)
  [PT] w_u=19.7796 w_v=14.8298 gamma=1.000 (tau_u=5.056e-02 tau_v=6.743e-02 |Du|=5.32e+00 |DRu|=2.50e+01)
  [PT] w_u=20.2771 w_v=15.5526 gamma=1.000 (tau_u=4.932e-02 tau_v=6.430e-02 |Du|=1.09e+01 |DRu|=5.58e+01)
  [PT] w_u=19.5736 w_v=14.8765 gamma=1.000 (tau_u=5.109e-02 tau_v=6.722e-02 |Du|=4.14e+00 |DRu|=1.60e+01)
  [PT] w_u=19.4546 w_v=14.4195 gamma=1.000 (tau_u=5.140e-02 tau_v=6.935e-02 |Du|=6.41e+00 |DRu|=2.76e+01)
  [PT] w_u=19.9286 w_v=14.8852 gamma=1.000 (tau_u=5.018e-02 tau_v=6.718e-02 |Du|=1.18e+01 |DRu|=5.95e+01)
  [PT] w_u=20.5465 w_v=15.3106 gamma=1.000 (tau_u=4.867e-02 tau_v=6.531e-02 |Du|=3.21e+00 |DRu|=1.72e+01)
  [PT] w_u=21.0435 w_v=15.8819 gamma=1.000 (tau_u=4.752e-02 tau_v=6.296e-02 |Du|=4.55e+00 |DRu|=2.36e+01)
  [PT] w_u=21.4307 w_v=16.2854 gamma=1.000 (tau_u=4.666e-02 tau_v=6.140e-02 |Du|=1.14e+01 |DRu|=5.80e+01)
[Adam] ep=  160  total=8.204e-01  PDE=1.082e-01 [colloc=1.056e-01, cfd=2.645e-03] (w=2.359)  IN=7.534e-02 (w=1.171)  TB=9.789e-02 (w=1.303)  WALL=2.452e-15 (w=0.200)  OUT=2.037e-03 (w=0.200)  DATA=7.324e-02 (w=4.764)
  [PT] w_u=20.0574 w_v=15.2216 gamma=1.000 (tau_u=4.986e-02 tau_v=6.570e-02 |Du|=5.26e+00 |DRu|=1.87e+01)
  [PT] w_u=19.9100 w_v=15.6509 gamma=1.000 (tau_u=5.023e-02 tau_v=6.389e-02 |Du|=5.07e+00 |DRu|=2.19e+01)
  [PT] w_u=20.2611 w_v=16.3053 gamma=1.000 (tau_u=4.936e-02 tau_v=6.133e-02 |Du|=1.09e+01 |DRu|=5.37e+01)
  [PT] w_u=19.6235 w_v=16.8092 gamma=1.000 (tau_u=5.096e-02 tau_v=5.949e-02 |Du|=3.64e+00 |DRu|=1.42e+01)
  [PT] w_u=20.0229 w_v=17.4855 gamma=1.000 (tau_u=4.994e-02 tau_v=5.719e-02 |Du|=4.58e+00 |DRu|=2.27e+01)
  [PT] w_u=20.4400 w_v=18.0635 gamma=1.000 (tau_u=4.892e-02 tau_v=5.536e-02 |Du|=1.07e+01 |DRu|=5.34e+01)
  [PT] w_u=20.4732 w_v=18.1383 gamma=1.000 (tau_u=4.884e-02 tau_v=5.513e-02 |Du|=3.03e+00 |DRu|=1.38e+01)
  [PT] w_u=20.9073 w_v=17.8997 gamma=1.000 (tau_u=4.783e-02 tau_v=5.587e-02 |Du|=4.45e+00 |DRu|=2.26e+01)
  [PT] w_u=21.3087 w_v=18.3394 gamma=1.000 (tau_u=4.693e-02 tau_v=5.453e-02 |Du|=1.05e+01 |DRu|=5.34e+01)
  [PT] w_u=21.4159 w_v=18.8330 gamma=1.000 (tau_u=4.669e-02 tau_v=5.310e-02 |Du|=2.70e+00 |DRu|=1.28e+01)
  [PT] w_u=21.8165 w_v=18.7155 gamma=1.000 (tau_u=4.584e-02 tau_v=5.343e-02 |Du|=4.32e+00 |DRu|=2.21e+01)
  [PT] w_u=22.0829 w_v=18.9184 gamma=1.000 (tau_u=4.528e-02 tau_v=5.286e-02 |Du|=1.07e+01 |DRu|=5.33e+01)
  [PT] w_u=22.3845 w_v=18.7691 gamma=1.000 (tau_u=4.467e-02 tau_v=5.328e-02 |Du|=2.94e+00 |DRu|=1.48e+01)
  [PT] w_u=22.3385 w_v=19.1242 gamma=1.000 (tau_u=4.477e-02 tau_v=5.229e-02 |Du|=4.34e+00 |DRu|=2.03e+01)
  [PT] w_u=22.4523 w_v=19.3662 gamma=1.000 (tau_u=4.454e-02 tau_v=5.164e-02 |Du|=1.03e+01 |DRu|=5.02e+01)
  [PT] w_u=22.8571 w_v=19.3889 gamma=1.000 (tau_u=4.375e-02 tau_v=5.158e-02 |Du|=2.67e+00 |DRu|=1.40e+01)
  [PT] w_u=22.7066 w_v=19.6764 gamma=1.000 (tau_u=4.404e-02 tau_v=5.082e-02 |Du|=4.18e+00 |DRu|=1.94e+01)
  [PT] w_u=22.7590 w_v=19.9396 gamma=1.000 (tau_u=4.394e-02 tau_v=5.015e-02 |Du|=1.02e+01 |DRu|=4.92e+01)
  [PT] w_u=22.5993 w_v=20.1448 gamma=1.000 (tau_u=4.425e-02 tau_v=4.964e-02 |Du|=2.67e+00 |DRu|=1.23e+01)
  [PT] w_u=22.6788 w_v=20.2094 gamma=1.000 (tau_u=4.409e-02 tau_v=4.948e-02 |Du|=4.11e+00 |DRu|=1.99e+01)
[Adam] ep=  180  total=8.939e-01  PDE=1.071e-01 [colloc=1.051e-01, cfd=2.066e-03] (w=2.019)  IN=8.915e-02 (w=1.289)  TB=1.009e-01 (w=1.394)  WALL=3.088e-15 (w=0.200)  OUT=1.066e-03 (w=0.200)  DATA=8.449e-02 (w=4.992)
  [PT] w_u=22.6605 w_v=20.3191 gamma=1.000 (tau_u=4.413e-02 tau_v=4.921e-02 |Du|=1.03e+01 |DRu|=4.88e+01)
  [PT] w_u=22.6132 w_v=20.6620 gamma=1.000 (tau_u=4.422e-02 tau_v=4.840e-02 |Du|=2.65e+00 |DRu|=1.25e+01)
  [PT] w_u=22.7306 w_v=20.5003 gamma=1.000 (tau_u=4.399e-02 tau_v=4.878e-02 |Du|=4.08e+00 |DRu|=1.99e+01)
  [PT] w_u=22.8046 w_v=20.4839 gamma=1.000 (tau_u=4.385e-02 tau_v=4.882e-02 |Du|=9.93e+00 |DRu|=4.81e+01)
  [PT] w_u=22.8876 w_v=20.7534 gamma=1.000 (tau_u=4.369e-02 tau_v=4.818e-02 |Du|=2.62e+00 |DRu|=1.27e+01)
  [PT] w_u=22.6899 w_v=20.5921 gamma=1.000 (tau_u=4.407e-02 tau_v=4.856e-02 |Du|=4.21e+00 |DRu|=1.93e+01)
  [PT] w_u=22.7289 w_v=20.6036 gamma=1.000 (tau_u=4.400e-02 tau_v=4.854e-02 |Du|=1.02e+01 |DRu|=4.89e+01)
  [PT] w_u=22.8915 w_v=20.2530 gamma=1.000 (tau_u=4.368e-02 tau_v=4.938e-02 |Du|=2.64e+00 |DRu|=1.30e+01)
  [PT] w_u=23.0150 w_v=20.6103 gamma=1.000 (tau_u=4.345e-02 tau_v=4.852e-02 |Du|=3.93e+00 |DRu|=1.93e+01)
  [PT] w_u=23.0655 w_v=20.7170 gamma=1.000 (tau_u=4.335e-02 tau_v=4.827e-02 |Du|=9.86e+00 |DRu|=4.78e+01)
  [PT] w_u=22.9704 w_v=20.0495 gamma=1.000 (tau_u=4.353e-02 tau_v=4.988e-02 |Du|=2.75e+00 |DRu|=1.29e+01)
  [PT] w_u=22.9509 w_v=20.3662 gamma=1.000 (tau_u=4.357e-02 tau_v=4.910e-02 |Du|=3.98e+00 |DRu|=1.90e+01)
  [PT] w_u=22.9288 w_v=20.5375 gamma=1.000 (tau_u=4.361e-02 tau_v=4.869e-02 |Du|=9.82e+00 |DRu|=4.68e+01)
  [PT] w_u=22.9966 w_v=20.7769 gamma=1.000 (tau_u=4.348e-02 tau_v=4.813e-02 |Du|=2.59e+00 |DRu|=1.26e+01)
  [PT] w_u=22.9742 w_v=20.9906 gamma=1.000 (tau_u=4.353e-02 tau_v=4.764e-02 |Du|=3.85e+00 |DRu|=1.84e+01)
  [PT] w_u=22.8747 w_v=21.0897 gamma=1.000 (tau_u=4.372e-02 tau_v=4.742e-02 |Du|=9.71e+00 |DRu|=4.56e+01)
  [PT] w_u=22.6780 w_v=21.2873 gamma=1.000 (tau_u=4.410e-02 tau_v=4.698e-02 |Du|=2.52e+00 |DRu|=1.16e+01)
  [PT] w_u=22.7546 w_v=21.3450 gamma=1.000 (tau_u=4.395e-02 tau_v=4.685e-02 |Du|=3.93e+00 |DRu|=1.91e+01)
  [PT] w_u=22.6335 w_v=21.4272 gamma=1.000 (tau_u=4.418e-02 tau_v=4.667e-02 |Du|=9.83e+00 |DRu|=4.57e+01)
  [PT] w_u=22.2307 w_v=21.5653 gamma=1.000 (tau_u=4.498e-02 tau_v=4.637e-02 |Du|=2.77e+00 |DRu|=1.21e+01)
[Adam] ep=  200  total=7.330e-01  PDE=7.507e-02 [colloc=7.291e-02, cfd=2.165e-03] (w=1.880)  IN=7.894e-02 (w=1.324)  TB=9.972e-02 (w=1.448)  WALL=1.642e-15 (w=0.200)  OUT=1.134e-03 (w=0.200)  DATA=6.866e-02 (w=4.992)
  [PT] w_u=22.3979 w_v=21.5612 gamma=1.000 (tau_u=4.465e-02 tau_v=4.638e-02 |Du|=3.82e+00 |DRu|=1.87e+01)
  [PT] w_u=22.4145 w_v=21.4970 gamma=1.000 (tau_u=4.461e-02 tau_v=4.652e-02 |Du|=9.94e+00 |DRu|=4.72e+01)
  [PT] w_u=22.1886 w_v=21.5944 gamma=1.000 (tau_u=4.507e-02 tau_v=4.631e-02 |Du|=2.62e+00 |DRu|=1.18e+01)
  [PT] w_u=22.3540 w_v=21.6042 gamma=1.000 (tau_u=4.473e-02 tau_v=4.629e-02 |Du|=3.82e+00 |DRu|=1.87e+01)
  [PT] w_u=22.3062 w_v=21.5807 gamma=1.000 (tau_u=4.483e-02 tau_v=4.634e-02 |Du|=9.69e+00 |DRu|=4.53e+01)
  [PT] w_u=21.9517 w_v=21.4986 gamma=1.000 (tau_u=4.555e-02 tau_v=4.651e-02 |Du|=2.91e+00 |DRu|=1.27e+01)
  [PT] w_u=22.1469 w_v=21.4840 gamma=1.000 (tau_u=4.515e-02 tau_v=4.655e-02 |Du|=3.85e+00 |DRu|=1.89e+01)
  [PT] w_u=22.1610 w_v=21.4713 gamma=1.000 (tau_u=4.512e-02 tau_v=4.657e-02 |Du|=9.73e+00 |DRu|=4.59e+01)
  [PT] w_u=21.4964 w_v=21.2183 gamma=1.000 (tau_u=4.652e-02 tau_v=4.713e-02 |Du|=2.89e+00 |DRu|=1.19e+01)
  [PT] w_u=21.7090 w_v=21.4505 gamma=1.000 (tau_u=4.606e-02 tau_v=4.662e-02 |Du|=3.75e+00 |DRu|=1.83e+01)
  [PT] w_u=21.7751 w_v=21.4954 gamma=1.000 (tau_u=4.592e-02 tau_v=4.652e-02 |Du|=9.50e+00 |DRu|=4.50e+01)
  [PT] w_u=21.6973 w_v=21.4733 gamma=1.000 (tau_u=4.609e-02 tau_v=4.657e-02 |Du|=2.72e+00 |DRu|=1.25e+01)
  [PT] w_u=21.8136 w_v=21.4742 gamma=1.000 (tau_u=4.584e-02 tau_v=4.657e-02 |Du|=3.77e+00 |DRu|=1.80e+01)
  [PT] w_u=21.9910 w_v=21.5826 gamma=1.000 (tau_u=4.547e-02 tau_v=4.633e-02 |Du|=9.40e+00 |DRu|=4.58e+01)
  [PT] w_u=22.0940 w_v=21.8351 gamma=1.000 (tau_u=4.526e-02 tau_v=4.580e-02 |Du|=2.39e+00 |DRu|=1.15e+01)
  [PT] w_u=22.2451 w_v=21.9007 gamma=1.000 (tau_u=4.495e-02 tau_v=4.566e-02 |Du|=3.84e+00 |DRu|=1.87e+01)
  [PT] w_u=22.2988 w_v=21.8896 gamma=1.000 (tau_u=4.485e-02 tau_v=4.568e-02 |Du|=9.34e+00 |DRu|=4.46e+01)
  [PT] w_u=22.2597 w_v=21.9584 gamma=1.000 (tau_u=4.492e-02 tau_v=4.554e-02 |Du|=2.52e+00 |DRu|=1.18e+01)
  [PT] w_u=22.4085 w_v=22.0913 gamma=1.000 (tau_u=4.463e-02 tau_v=4.527e-02 |Du|=3.72e+00 |DRu|=1.82e+01)
  [PT] w_u=22.4283 w_v=22.1117 gamma=1.000 (tau_u=4.459e-02 tau_v=4.522e-02 |Du|=9.35e+00 |DRu|=4.45e+01)
[Adam] ep=  220  total=6.464e-01  PDE=5.574e-02 [colloc=5.342e-02, cfd=2.317e-03] (w=1.933)  IN=7.402e-02 (w=1.304)  TB=9.308e-02 (w=1.454)  WALL=1.179e-15 (w=0.200)  OUT=1.066e-03 (w=0.200)  DATA=6.257e-02 (w=4.899)
  [PT] w_u=22.3595 w_v=21.9880 gamma=1.000 (tau_u=4.472e-02 tau_v=4.548e-02 |Du|=2.42e+00 |DRu|=1.13e+01)
  [PT] w_u=22.3431 w_v=21.9575 gamma=1.000 (tau_u=4.476e-02 tau_v=4.554e-02 |Du|=3.80e+00 |DRu|=1.79e+01)
  [PT] w_u=22.3780 w_v=21.9644 gamma=1.000 (tau_u=4.469e-02 tau_v=4.553e-02 |Du|=9.46e+00 |DRu|=4.51e+01)
  [PT] w_u=22.5046 w_v=22.1474 gamma=1.000 (tau_u=4.444e-02 tau_v=4.515e-02 |Du|=2.50e+00 |DRu|=1.22e+01)
  [PT] w_u=22.1352 w_v=22.1190 gamma=1.000 (tau_u=4.518e-02 tau_v=4.521e-02 |Du|=4.12e+00 |DRu|=1.81e+01)
  [PT] w_u=22.0815 w_v=22.1177 gamma=1.000 (tau_u=4.529e-02 tau_v=4.521e-02 |Du|=9.32e+00 |DRu|=4.33e+01)
  [PT] w_u=22.0699 w_v=22.2177 gamma=1.000 (tau_u=4.531e-02 tau_v=4.501e-02 |Du|=2.39e+00 |DRu|=1.12e+01)
  [PT] w_u=21.5927 w_v=22.0836 gamma=0.999 (tau_u=4.631e-02 tau_v=4.528e-02 |Du|=4.24e+00 |DRu|=1.80e+01)
  [PT] w_u=21.7764 w_v=22.1258 gamma=1.000 (tau_u=4.592e-02 tau_v=4.520e-02 |Du|=9.35e+00 |DRu|=4.54e+01)
  [PT] w_u=21.8863 w_v=22.2367 gamma=1.000 (tau_u=4.569e-02 tau_v=4.497e-02 |Du|=2.46e+00 |DRu|=1.18e+01)
  [PT] w_u=21.8006 w_v=21.9844 gamma=1.000 (tau_u=4.587e-02 tau_v=4.549e-02 |Du|=4.13e+00 |DRu|=1.90e+01)
  [PT] w_u=21.8590 w_v=21.9099 gamma=1.000 (tau_u=4.575e-02 tau_v=4.564e-02 |Du|=9.25e+00 |DRu|=4.38e+01)
  [PT] w_u=21.9265 w_v=21.6557 gamma=1.000 (tau_u=4.561e-02 tau_v=4.618e-02 |Du|=2.43e+00 |DRu|=1.15e+01)
  [PT] w_u=21.6463 w_v=21.6713 gamma=0.999 (tau_u=4.620e-02 tau_v=4.614e-02 |Du|=4.07e+00 |DRu|=1.79e+01)
  [PT] w_u=21.6779 w_v=21.5880 gamma=1.000 (tau_u=4.613e-02 tau_v=4.632e-02 |Du|=9.45e+00 |DRu|=4.43e+01)
  [PT] w_u=22.0100 w_v=21.2216 gamma=1.000 (tau_u=4.543e-02 tau_v=4.712e-02 |Du|=2.46e+00 |DRu|=1.24e+01)
  [PT] w_u=22.0003 w_v=21.4254 gamma=1.000 (tau_u=4.545e-02 tau_v=4.667e-02 |Du|=3.88e+00 |DRu|=1.82e+01)
  [PT] w_u=21.9247 w_v=21.4287 gamma=1.000 (tau_u=4.561e-02 tau_v=4.667e-02 |Du|=9.86e+00 |DRu|=4.55e+01)
  [PT] w_u=21.8995 w_v=20.8095 gamma=1.000 (tau_u=4.566e-02 tau_v=4.806e-02 |Du|=2.59e+00 |DRu|=1.21e+01)
  [PT] w_u=21.5438 w_v=20.9515 gamma=0.998 (tau_u=4.642e-02 tau_v=4.773e-02 |Du|=4.01e+00 |DRu|=1.74e+01)
[Adam] ep=  240  total=6.955e-01  PDE=7.039e-02 [colloc=6.799e-02, cfd=2.390e-03] (w=1.946)  IN=7.567e-02 (w=1.312)  TB=8.328e-02 (w=1.433)  WALL=1.857e-15 (w=0.200)  OUT=1.052e-03 (w=0.200)  DATA=6.892e-02 (w=4.930)
  [PT] w_u=21.6196 w_v=21.1412 gamma=1.000 (tau_u=4.625e-02 tau_v=4.730e-02 |Du|=9.54e+00 |DRu|=4.51e+01)
  [PT] w_u=21.5711 w_v=21.3717 gamma=1.000 (tau_u=4.636e-02 tau_v=4.679e-02 |Du|=2.45e+00 |DRu|=1.13e+01)
  [PT] w_u=21.7817 w_v=21.5848 gamma=1.000 (tau_u=4.591e-02 tau_v=4.633e-02 |Du|=3.66e+00 |DRu|=1.79e+01)
  [PT] w_u=21.6814 w_v=21.6250 gamma=1.000 (tau_u=4.612e-02 tau_v=4.624e-02 |Du|=9.38e+00 |DRu|=4.28e+01)
  [PT] w_u=20.7982 w_v=21.6622 gamma=1.000 (tau_u=4.808e-02 tau_v=4.616e-02 |Du|=2.86e+00 |DRu|=1.12e+01)
  [PT] w_u=21.1887 w_v=21.4644 gamma=0.997 (tau_u=4.719e-02 tau_v=4.659e-02 |Du|=3.60e+00 |DRu|=1.82e+01)
  [PT] w_u=21.1445 w_v=21.6307 gamma=1.000 (tau_u=4.729e-02 tau_v=4.623e-02 |Du|=9.56e+00 |DRu|=4.35e+01)
  [PT] w_u=20.4020 w_v=21.8061 gamma=1.000 (tau_u=4.901e-02 tau_v=4.586e-02 |Du|=2.96e+00 |DRu|=1.16e+01)
  [PT] w_u=20.8205 w_v=21.6999 gamma=1.000 (tau_u=4.803e-02 tau_v=4.608e-02 |Du|=3.77e+00 |DRu|=1.91e+01)
  [PT] w_u=20.8252 w_v=21.6742 gamma=1.000 (tau_u=4.802e-02 tau_v=4.614e-02 |Du|=9.58e+00 |DRu|=4.38e+01)
  [PT] w_u=18.8075 w_v=21.5090 gamma=1.000 (tau_u=5.317e-02 tau_v=4.649e-02 |Du|=3.64e+00 |DRu|=1.15e+01)
  [PT] w_u=19.3942 w_v=21.5060 gamma=0.996 (tau_u=5.156e-02 tau_v=4.650e-02 |Du|=3.47e+00 |DRu|=1.80e+01)
  [PT] w_u=19.1854 w_v=21.5465 gamma=1.000 (tau_u=5.212e-02 tau_v=4.641e-02 |Du|=1.03e+01 |DRu|=4.32e+01)
  [PT] w_u=17.3403 w_v=21.4150 gamma=1.000 (tau_u=5.767e-02 tau_v=4.670e-02 |Du|=4.56e+00 |DRu|=1.39e+01)
  [PT] w_u=17.9757 w_v=21.8289 gamma=1.000 (tau_u=5.563e-02 tau_v=4.581e-02 |Du|=3.80e+00 |DRu|=1.97e+01)
  [PT] w_u=18.2328 w_v=21.9240 gamma=1.000 (tau_u=5.485e-02 tau_v=4.561e-02 |Du|=9.92e+00 |DRu|=4.54e+01)
  [PT] w_u=15.5864 w_v=21.3864 gamma=1.000 (tau_u=6.416e-02 tau_v=4.676e-02 |Du|=5.93e+00 |DRu|=1.54e+01)
  [PT] w_u=15.9437 w_v=21.9267 gamma=1.000 (tau_u=6.272e-02 tau_v=4.561e-02 |Du|=4.19e+00 |DRu|=1.88e+01)
  [PT] w_u=16.1820 w_v=22.1111 gamma=1.000 (tau_u=6.180e-02 tau_v=4.523e-02 |Du|=9.81e+00 |DRu|=4.24e+01)
  [PT] w_u=14.3705 w_v=21.7582 gamma=1.000 (tau_u=6.959e-02 tau_v=4.596e-02 |Du|=5.41e+00 |DRu|=1.45e+01)
[Adam] ep=  260  total=6.284e-01  PDE=7.366e-02 [colloc=7.133e-02, cfd=2.328e-03] (w=1.987)  IN=7.085e-02 (w=1.330)  TB=7.194e-02 (w=1.389)  WALL=1.256e-15 (w=0.200)  OUT=9.930e-04 (w=0.200)  DATA=5.829e-02 (w=4.935)
  [PT] w_u=14.7257 w_v=22.2532 gamma=1.000 (tau_u=6.791e-02 tau_v=4.494e-02 |Du|=4.53e+00 |DRu|=1.97e+01)
  [PT] w_u=15.2863 w_v=22.6717 gamma=1.000 (tau_u=6.542e-02 tau_v=4.411e-02 |Du|=9.48e+00 |DRu|=4.57e+01)
  [PT] w_u=13.6266 w_v=22.4243 gamma=1.000 (tau_u=7.339e-02 tau_v=4.459e-02 |Du|=5.88e+00 |DRu|=1.54e+01)
  [PT] w_u=13.6942 w_v=22.9517 gamma=1.000 (tau_u=7.302e-02 tau_v=4.357e-02 |Du|=5.58e+00 |DRu|=2.11e+01)
  [PT] w_u=14.3124 w_v=23.3286 gamma=1.000 (tau_u=6.987e-02 tau_v=4.287e-02 |Du|=8.75e+00 |DRu|=4.30e+01)
  [PT] w_u=13.0215 w_v=23.0453 gamma=1.000 (tau_u=7.680e-02 tau_v=4.339e-02 |Du|=4.85e+00 |DRu|=1.30e+01)
  [PT] w_u=13.2962 w_v=23.2748 gamma=1.000 (tau_u=7.521e-02 tau_v=4.297e-02 |Du|=5.13e+00 |DRu|=2.08e+01)
  [PT] w_u=13.9946 w_v=23.6663 gamma=1.000 (tau_u=7.146e-02 tau_v=4.225e-02 |Du|=8.94e+00 |DRu|=4.60e+01)
  [PT] w_u=13.7058 w_v=23.2105 gamma=1.000 (tau_u=7.296e-02 tau_v=4.308e-02 |Du|=3.55e+00 |DRu|=1.21e+01)
  [PT] w_u=13.9946 w_v=23.3020 gamma=1.000 (tau_u=7.146e-02 tau_v=4.291e-02 |Du|=5.07e+00 |DRu|=2.10e+01)
  [PT] w_u=14.6778 w_v=23.6172 gamma=1.000 (tau_u=6.813e-02 tau_v=4.234e-02 |Du|=8.48e+00 |DRu|=4.34e+01)
  [PT] w_u=14.6594 w_v=23.2967 gamma=1.000 (tau_u=6.822e-02 tau_v=4.292e-02 |Du|=2.99e+00 |DRu|=1.14e+01)
  [PT] w_u=15.1087 w_v=23.0459 gamma=1.000 (tau_u=6.619e-02 tau_v=4.339e-02 |Du|=4.15e+00 |DRu|=1.89e+01)
  [PT] w_u=15.7973 w_v=23.3822 gamma=1.000 (tau_u=6.330e-02 tau_v=4.277e-02 |Du|=8.61e+00 |DRu|=4.46e+01)
  [PT] w_u=16.5071 w_v=23.9525 gamma=1.000 (tau_u=6.058e-02 tau_v=4.175e-02 |Du|=2.23e+00 |DRu|=1.17e+01)
  [PT] w_u=17.0006 w_v=23.5442 gamma=1.000 (tau_u=5.882e-02 tau_v=4.247e-02 |Du|=3.65e+00 |DRu|=1.76e+01)
  [PT] w_u=17.5377 w_v=23.3934 gamma=1.000 (tau_u=5.702e-02 tau_v=4.275e-02 |Du|=8.80e+00 |DRu|=4.36e+01)
  [PT] w_u=17.6485 w_v=23.4758 gamma=1.000 (tau_u=5.666e-02 tau_v=4.260e-02 |Du|=2.60e+00 |DRu|=1.13e+01)
  [PT] w_u=18.2004 w_v=23.2422 gamma=0.998 (tau_u=5.494e-02 tau_v=4.303e-02 |Du|=3.36e+00 |DRu|=1.69e+01)
  [PT] w_u=18.5883 w_v=23.1932 gamma=1.000 (tau_u=5.380e-02 tau_v=4.312e-02 |Du|=8.76e+00 |DRu|=4.20e+01)
[Adam] ep=  280  total=5.019e-01  PDE=2.705e-02 [colloc=2.483e-02, cfd=2.216e-03] (w=2.015)  IN=7.185e-02 (w=1.363)  TB=6.238e-02 (w=1.339)  WALL=3.849e-16 (w=0.200)  OUT=8.954e-04 (w=0.200)  DATA=5.386e-02 (w=4.935)
  [PT] w_u=18.8225 w_v=23.2548 gamma=1.000 (tau_u=5.313e-02 tau_v=4.300e-02 |Du|=2.54e+00 |DRu|=1.17e+01)
  [PT] w_u=19.2101 w_v=23.1695 gamma=1.000 (tau_u=5.206e-02 tau_v=4.316e-02 |Du|=3.62e+00 |DRu|=1.76e+01)
  [PT] w_u=19.6074 w_v=23.1474 gamma=1.000 (tau_u=5.100e-02 tau_v=4.320e-02 |Du|=8.83e+00 |DRu|=4.33e+01)
  [PT] w_u=17.5332 w_v=22.9095 gamma=1.000 (tau_u=5.703e-02 tau_v=4.365e-02 |Du|=4.09e+00 |DRu|=1.22e+01)
  [PT] w_u=17.6364 w_v=22.9707 gamma=0.999 (tau_u=5.670e-02 tau_v=4.353e-02 |Du|=4.00e+00 |DRu|=1.73e+01)
  [PT] w_u=17.9958 w_v=23.0332 gamma=1.000 (tau_u=5.557e-02 tau_v=4.342e-02 |Du|=8.74e+00 |DRu|=4.11e+01)
  [PT] w_u=16.6047 w_v=23.0538 gamma=1.000 (tau_u=6.022e-02 tau_v=4.338e-02 |Du|=4.53e+00 |DRu|=1.42e+01)
  [PT] w_u=16.7626 w_v=22.9644 gamma=1.000 (tau_u=5.966e-02 tau_v=4.355e-02 |Du|=4.16e+00 |DRu|=1.78e+01)
  [PT] w_u=17.2789 w_v=23.0181 gamma=1.000 (tau_u=5.787e-02 tau_v=4.344e-02 |Du|=8.78e+00 |DRu|=4.29e+01)
  [PT] w_u=15.0156 w_v=22.2097 gamma=1.000 (tau_u=6.660e-02 tau_v=4.503e-02 |Du|=6.04e+00 |DRu|=1.59e+01)
  [PT] w_u=14.3112 w_v=22.2155 gamma=1.000 (tau_u=6.988e-02 tau_v=4.501e-02 |Du|=5.73e+00 |DRu|=1.82e+01)
  [PT] w_u=14.9694 w_v=22.3738 gamma=1.000 (tau_u=6.680e-02 tau_v=4.470e-02 |Du|=7.96e+00 |DRu|=4.02e+01)
  [PT] w_u=13.6471 w_v=21.5321 gamma=1.000 (tau_u=7.328e-02 tau_v=4.644e-02 |Du|=6.10e+00 |DRu|=1.68e+01)
  [PT] w_u=13.0392 w_v=21.6233 gamma=1.000 (tau_u=7.669e-02 tau_v=4.625e-02 |Du|=6.73e+00 |DRu|=2.05e+01)
  [PT] w_u=13.7782 w_v=22.0703 gamma=1.000 (tau_u=7.258e-02 tau_v=4.531e-02 |Du|=8.14e+00 |DRu|=4.32e+01)
  [PT] w_u=13.0538 w_v=22.0785 gamma=1.000 (tau_u=7.661e-02 tau_v=4.529e-02 |Du|=5.37e+00 |DRu|=1.60e+01)
  [PT] w_u=12.2920 w_v=21.9161 gamma=1.000 (tau_u=8.135e-02 tau_v=4.563e-02 |Du|=7.39e+00 |DRu|=2.10e+01)
  [PT] w_u=12.8367 w_v=22.1361 gamma=1.000 (tau_u=7.790e-02 tau_v=4.518e-02 |Du|=8.91e+00 |DRu|=4.12e+01)
  [PT] w_u=12.2126 w_v=21.5927 gamma=1.000 (tau_u=8.188e-02 tau_v=4.631e-02 |Du|=5.86e+00 |DRu|=1.71e+01)
  [PT] w_u=11.1722 w_v=21.3936 gamma=1.000 (tau_u=8.951e-02 tau_v=4.674e-02 |Du|=8.30e+00 |DRu|=2.09e+01)
[Adam] ep=  300  total=6.504e-01  PDE=7.818e-02 [colloc=7.588e-02, cfd=2.300e-03] (w=2.053)  IN=7.322e-02 (w=1.382)  TB=6.074e-02 (w=1.285)  WALL=1.792e-15 (w=0.200)  OUT=8.966e-04 (w=0.200)  DATA=6.257e-02 (w=4.962)
  [PT] w_u=11.8421 w_v=21.9338 gamma=1.000 (tau_u=8.444e-02 tau_v=4.559e-02 |Du|=8.54e+00 |DRu|=4.33e+01)
  [PT] w_u=12.1018 w_v=22.4263 gamma=1.000 (tau_u=8.263e-02 tau_v=4.459e-02 |Du|=3.04e+00 |DRu|=1.18e+01)
  [PT] w_u=11.8507 w_v=22.5236 gamma=1.000 (tau_u=8.438e-02 tau_v=4.440e-02 |Du|=6.39e+00 |DRu|=2.02e+01)
  [PT] w_u=12.3703 w_v=22.7626 gamma=1.000 (tau_u=8.084e-02 tau_v=4.393e-02 |Du|=9.42e+00 |DRu|=4.26e+01)
  [PT] w_u=13.0723 w_v=23.0689 gamma=1.000 (tau_u=7.650e-02 tau_v=4.335e-02 |Du|=2.53e+00 |DRu|=1.31e+01)
  [PT] w_u=12.6490 w_v=22.6453 gamma=1.000 (tau_u=7.906e-02 tau_v=4.416e-02 |Du|=4.98e+00 |DRu|=1.56e+01)
  [PT] w_u=13.0239 w_v=22.9088 gamma=1.000 (tau_u=7.678e-02 tau_v=4.365e-02 |Du|=9.31e+00 |DRu|=3.92e+01)
  [PT] w_u=13.7867 w_v=23.1805 gamma=1.000 (tau_u=7.253e-02 tau_v=4.314e-02 |Du|=2.01e+00 |DRu|=1.09e+01)
  [PT] w_u=13.8521 w_v=23.1625 gamma=1.000 (tau_u=7.219e-02 tau_v=4.317e-02 |Du|=4.53e+00 |DRu|=1.72e+01)
  [PT] w_u=14.1771 w_v=23.1874 gamma=1.000 (tau_u=7.054e-02 tau_v=4.313e-02 |Du|=9.55e+00 |DRu|=4.05e+01)
  [PT] w_u=14.3856 w_v=23.0170 gamma=1.000 (tau_u=6.951e-02 tau_v=4.345e-02 |Du|=2.60e+00 |DRu|=1.06e+01)
  [PT] w_u=14.8283 w_v=23.1929 gamma=1.000 (tau_u=6.744e-02 tau_v=4.312e-02 |Du|=3.39e+00 |DRu|=1.54e+01)
  [PT] w_u=15.0569 w_v=23.2615 gamma=1.000 (tau_u=6.641e-02 tau_v=4.299e-02 |Du|=9.30e+00 |DRu|=3.89e+01)
  [PT] w_u=14.1180 w_v=23.0779 gamma=1.000 (tau_u=7.083e-02 tau_v=4.333e-02 |Du|=3.69e+00 |DRu|=1.11e+01)
  [PT] w_u=14.7444 w_v=23.3442 gamma=1.000 (tau_u=6.782e-02 tau_v=4.284e-02 |Du|=3.51e+00 |DRu|=1.74e+01)
  [PT] w_u=14.6916 w_v=23.3353 gamma=1.000 (tau_u=6.807e-02 tau_v=4.285e-02 |Du|=1.04e+01 |DRu|=3.91e+01)
  [PT] w_u=13.2053 w_v=22.4347 gamma=1.000 (tau_u=7.573e-02 tau_v=4.457e-02 |Du|=4.30e+00 |DRu|=1.13e+01)
  [PT] w_u=13.8919 w_v=22.7779 gamma=1.000 (tau_u=7.198e-02 tau_v=4.390e-02 |Du|=3.08e+00 |DRu|=1.57e+01)
  [PT] w_u=14.1047 w_v=22.9203 gamma=1.000 (tau_u=7.090e-02 tau_v=4.363e-02 |Du|=9.70e+00 |DRu|=3.93e+01)
  [PT] w_u=11.7434 w_v=22.2604 gamma=1.000 (tau_u=8.515e-02 tau_v=4.492e-02 |Du|=7.22e+00 |DRu|=1.56e+01)
[Adam] ep=  320  total=4.775e-01  PDE=3.864e-02 [colloc=3.643e-02, cfd=2.216e-03] (w=2.013)  IN=6.754e-02 (w=1.402)  TB=5.489e-02 (w=1.288)  WALL=5.733e-16 (w=0.200)  OUT=7.195e-04 (w=0.200)  DATA=4.698e-02 (w=4.984)
  [PT] w_u=12.1026 w_v=22.7732 gamma=1.000 (tau_u=8.263e-02 tau_v=4.391e-02 |Du|=4.40e+00 |DRu|=1.80e+01)
  [PT] w_u=11.4205 w_v=22.4419 gamma=1.000 (tau_u=8.756e-02 tau_v=4.456e-02 |Du|=1.36e+01 |DRu|=3.74e+01)
  [PT] w_u=9.4602 w_v=20.2407 gamma=1.000 (tau_u=1.057e-01 tau_v=4.941e-02 |Du|=8.59e+00 |DRu|=1.66e+01)
  [PT] w_u=10.1978 w_v=21.1440 gamma=1.000 (tau_u=9.806e-02 tau_v=4.729e-02 |Du|=3.60e+00 |DRu|=2.11e+01)
  [PT] w_u=8.8704 w_v=19.9150 gamma=1.000 (tau_u=1.127e-01 tau_v=5.021e-02 |Du|=2.23e+01 |DRu|=4.51e+01)
  [PT] w_u=8.3664 w_v=20.3193 gamma=1.000 (tau_u=1.195e-01 tau_v=4.921e-02 |Du|=9.02e+00 |DRu|=2.12e+01)
  [PT] w_u=7.7336 w_v=19.5923 gamma=1.000 (tau_u=1.293e-01 tau_v=5.104e-02 |Du|=1.31e+01 |DRu|=2.81e+01)
  [PT] w_u=7.0028 w_v=18.6361 gamma=1.000 (tau_u=1.428e-01 tau_v=5.366e-02 |Du|=2.75e+01 |DRu|=5.35e+01)
  [PT] w_u=6.5441 w_v=18.2077 gamma=1.000 (tau_u=1.528e-01 tau_v=5.492e-02 |Du|=9.85e+00 |DRu|=2.00e+01)
  [PT] w_u=6.6911 w_v=18.0702 gamma=1.000 (tau_u=1.495e-01 tau_v=5.534e-02 |Du|=1.03e+01 |DRu|=2.99e+01)
  [PT] w_u=6.2541 w_v=16.6276 gamma=1.000 (tau_u=1.599e-01 tau_v=6.014e-02 |Du|=2.27e+01 |DRu|=4.50e+01)
  [PT] w_u=6.2898 w_v=17.2913 gamma=1.000 (tau_u=1.590e-01 tau_v=5.783e-02 |Du|=1.99e+01 |DRu|=5.11e+01)
  [PT] w_u=6.7515 w_v=17.4081 gamma=1.000 (tau_u=1.481e-01 tau_v=5.744e-02 |Du|=3.33e+00 |DRu|=1.49e+01)
  [PT] w_u=6.6474 w_v=17.5824 gamma=1.000 (tau_u=1.504e-01 tau_v=5.687e-02 |Du|=9.83e+00 |DRu|=2.37e+01)
  [PT] w_u=6.4268 w_v=17.8987 gamma=1.000 (tau_u=1.556e-01 tau_v=5.587e-02 |Du|=2.22e+01 |DRu|=4.93e+01)
  [PT] w_u=5.8324 w_v=17.2458 gamma=1.000 (tau_u=1.715e-01 tau_v=5.799e-02 |Du|=1.50e+01 |DRu|=2.68e+01)
  [PT] w_u=6.3505 w_v=18.0359 gamma=1.000 (tau_u=1.575e-01 tau_v=5.544e-02 |Du|=3.58e+00 |DRu|=2.02e+01)
  [PT] w_u=5.9108 w_v=16.8251 gamma=0.997 (tau_u=1.692e-01 tau_v=5.943e-02 |Du|=1.75e+01 |DRu|=3.33e+01)
  [PT] w_u=5.7942 w_v=17.3726 gamma=1.000 (tau_u=1.726e-01 tau_v=5.756e-02 |Du|=2.27e+01 |DRu|=5.03e+01)
  [PT] w_u=5.7862 w_v=17.1450 gamma=1.000 (tau_u=1.728e-01 tau_v=5.833e-02 |Du|=7.66e+00 |DRu|=1.83e+01)
[Adam] ep=  340  total=5.622e-01  PDE=1.309e-01 [colloc=1.279e-01, cfd=2.965e-03] (w=2.293)  IN=4.234e-02 (w=1.341)  TB=4.384e-02 (w=1.135)  WALL=3.725e-15 (w=0.200)  OUT=1.679e-03 (w=0.200)  DATA=3.115e-02 (w=4.981)
  [PT] w_u=5.9489 w_v=17.7543 gamma=1.000 (tau_u=1.681e-01 tau_v=5.632e-02 |Du|=1.21e+01 |DRu|=3.43e+01)
  [PT] w_u=5.5974 w_v=17.6778 gamma=0.993 (tau_u=1.787e-01 tau_v=5.657e-02 |Du|=1.97e+01 |DRu|=3.75e+01)
  [PT] w_u=5.8938 w_v=18.0103 gamma=1.000 (tau_u=1.697e-01 tau_v=5.552e-02 |Du|=1.11e+01 |DRu|=3.72e+01)
  [PT] w_u=5.8616 w_v=14.0974 gamma=1.000 (tau_u=1.706e-01 tau_v=7.094e-02 |Du|=3.06e+00 |DRu|=7.23e+00)
  [PT] w_u=6.3356 w_v=15.1309 gamma=1.000 (tau_u=1.578e-01 tau_v=6.609e-02 |Du|=5.70e+00 |DRu|=2.75e+01)
  [PT] w_u=6.2889 w_v=15.2468 gamma=1.000 (tau_u=1.590e-01 tau_v=6.559e-02 |Du|=1.98e+01 |DRu|=4.80e+01)
  [PT] w_u=6.0052 w_v=14.9330 gamma=1.000 (tau_u=1.665e-01 tau_v=6.697e-02 |Du|=1.60e+01 |DRu|=3.30e+01)
  [PT] w_u=6.4686 w_v=16.0221 gamma=1.000 (tau_u=1.546e-01 tau_v=6.241e-02 |Du|=7.65e+00 |DRu|=3.52e+01)
  [PT] w_u=6.5199 w_v=16.6071 gamma=1.000 (tau_u=1.534e-01 tau_v=6.022e-02 |Du|=1.22e+01 |DRu|=3.24e+01)
  [PT] w_u=6.2070 w_v=16.7321 gamma=0.997 (tau_u=1.611e-01 tau_v=5.977e-02 |Du|=1.85e+01 |DRu|=3.85e+01)
  [PT] w_u=6.4372 w_v=17.4340 gamma=1.000 (tau_u=1.553e-01 tau_v=5.736e-02 |Du|=1.52e+01 |DRu|=4.71e+01)
  [PT] w_u=6.2354 w_v=17.4572 gamma=1.000 (tau_u=1.604e-01 tau_v=5.728e-02 |Du|=6.75e+00 |DRu|=1.49e+01)
  [PT] w_u=6.8001 w_v=18.4462 gamma=1.000 (tau_u=1.471e-01 tau_v=5.421e-02 |Du|=3.09e+00 |DRu|=1.88e+01)
  [PT] w_u=7.1785 w_v=19.2570 gamma=1.000 (tau_u=1.393e-01 tau_v=5.193e-02 |Du|=1.15e+01 |DRu|=4.35e+01)
  [PT] w_u=6.6821 w_v=18.9665 gamma=1.000 (tau_u=1.497e-01 tau_v=5.272e-02 |Du|=1.44e+01 |DRu|=2.93e+01)
  [PT] w_u=6.5632 w_v=18.7800 gamma=1.000 (tau_u=1.524e-01 tau_v=5.325e-02 |Du|=1.28e+01 |DRu|=3.05e+01)
  [PT] w_u=7.1208 w_v=19.6913 gamma=1.000 (tau_u=1.404e-01 tau_v=5.078e-02 |Du|=8.02e+00 |DRu|=4.41e+01)
  [PT] w_u=7.2289 w_v=19.5398 gamma=1.000 (tau_u=1.383e-01 tau_v=5.118e-02 |Du|=4.88e+00 |DRu|=1.41e+01)
  [PT] w_u=7.3588 w_v=19.1675 gamma=1.000 (tau_u=1.359e-01 tau_v=5.217e-02 |Du|=8.30e+00 |DRu|=2.46e+01)
  [PT] w_u=7.7001 w_v=19.7513 gamma=1.000 (tau_u=1.299e-01 tau_v=5.063e-02 |Du|=1.26e+01 |DRu|=4.57e+01)
[Adam] ep=  360  total=4.859e-01  PDE=6.344e-02 [colloc=6.049e-02, cfd=2.956e-03] (w=2.485)  IN=5.812e-02 (w=1.278)  TB=4.704e-02 (w=1.090)  WALL=1.640e-15 (w=0.200)  OUT=7.850e-04 (w=0.200)  DATA=4.268e-02 (w=4.745)
  [PT] w_u=7.2586 w_v=19.6252 gamma=1.000 (tau_u=1.378e-01 tau_v=5.095e-02 |Du|=6.40e+00 |DRu|=1.40e+01)
  [PT] w_u=7.8031 w_v=19.7594 gamma=1.000 (tau_u=1.282e-01 tau_v=5.061e-02 |Du|=3.37e+00 |DRu|=1.65e+01)
  [PT] w_u=8.1446 w_v=20.0175 gamma=1.000 (tau_u=1.228e-01 tau_v=4.996e-02 |Du|=1.05e+01 |DRu|=3.83e+01)
  [PT] w_u=7.3463 w_v=19.1361 gamma=1.000 (tau_u=1.361e-01 tau_v=5.226e-02 |Du|=9.45e+00 |DRu|=1.87e+01)
  [PT] w_u=7.5239 w_v=19.8944 gamma=1.000 (tau_u=1.329e-01 tau_v=5.027e-02 |Du|=7.75e+00 |DRu|=2.40e+01)
  [PT] w_u=8.0372 w_v=20.3302 gamma=1.000 (tau_u=1.244e-01 tau_v=4.919e-02 |Du|=8.49e+00 |DRu|=3.87e+01)
  [PT] w_u=7.3094 w_v=19.3871 gamma=1.000 (tau_u=1.368e-01 tau_v=5.158e-02 |Du|=7.41e+00 |DRu|=1.49e+01)
  [PT] w_u=7.5965 w_v=20.2644 gamma=0.999 (tau_u=1.316e-01 tau_v=4.935e-02 |Du|=6.98e+00 |DRu|=2.39e+01)
  [PT] w_u=8.2197 w_v=20.9740 gamma=1.000 (tau_u=1.217e-01 tau_v=4.768e-02 |Du|=7.14e+00 |DRu|=4.00e+01)
  [PT] w_u=8.4195 w_v=20.9708 gamma=1.000 (tau_u=1.188e-01 tau_v=4.769e-02 |Du|=4.16e+00 |DRu|=1.37e+01)
  [PT] w_u=8.4893 w_v=21.3101 gamma=1.000 (tau_u=1.178e-01 tau_v=4.693e-02 |Du|=5.29e+00 |DRu|=1.60e+01)
  [PT] w_u=9.0302 w_v=21.9765 gamma=1.000 (tau_u=1.107e-01 tau_v=4.550e-02 |Du|=8.64e+00 |DRu|=3.98e+01)
  [PT] w_u=9.7975 w_v=22.7916 gamma=1.000 (tau_u=1.021e-01 tau_v=4.388e-02 |Du|=2.06e+00 |DRu|=1.33e+01)
  [PT] w_u=10.0512 w_v=22.3627 gamma=1.000 (tau_u=9.949e-02 tau_v=4.472e-02 |Du|=3.86e+00 |DRu|=1.40e+01)
  [PT] w_u=10.5332 w_v=22.5264 gamma=1.000 (tau_u=9.494e-02 tau_v=4.439e-02 |Du|=8.07e+00 |DRu|=3.47e+01)
  [PT] w_u=10.2522 w_v=21.7971 gamma=1.000 (tau_u=9.754e-02 tau_v=4.588e-02 |Du|=3.16e+00 |DRu|=9.09e+00)
  [PT] w_u=10.9653 w_v=22.3171 gamma=0.996 (tau_u=9.120e-02 tau_v=4.481e-02 |Du|=2.97e+00 |DRu|=1.60e+01)
  [PT] w_u=11.2172 w_v=22.6239 gamma=1.000 (tau_u=8.915e-02 tau_v=4.420e-02 |Du|=9.65e+00 |DRu|=3.63e+01)
  [PT] w_u=10.2091 w_v=22.5179 gamma=1.000 (tau_u=9.795e-02 tau_v=4.441e-02 |Du|=5.23e+00 |DRu|=1.24e+01)
  [PT] w_u=10.6555 w_v=22.8378 gamma=1.000 (tau_u=9.385e-02 tau_v=4.379e-02 |Du|=3.97e+00 |DRu|=1.66e+01)
[Adam] ep=  380  total=5.397e-01  PDE=1.014e-01 [colloc=9.937e-02, cfd=2.049e-03] (w=2.142)  IN=5.722e-02 (w=1.419)  TB=5.141e-02 (w=1.223)  WALL=2.370e-15 (w=0.200)  OUT=8.468e-04 (w=0.200)  DATA=3.732e-02 (w=4.774)
  [PT] w_u=11.2109 w_v=23.0843 gamma=1.000 (tau_u=8.920e-02 tau_v=4.332e-02 |Du|=8.14e+00 |DRu|=3.74e+01)
  [PT] w_u=9.6906 w_v=22.6368 gamma=1.000 (tau_u=1.032e-01 tau_v=4.418e-02 |Du|=6.99e+00 |DRu|=1.46e+01)
  [PT] w_u=9.6189 w_v=22.3009 gamma=1.000 (tau_u=1.040e-01 tau_v=4.484e-02 |Du|=6.44e+00 |DRu|=1.93e+01)
  [PT] w_u=10.2891 w_v=22.7344 gamma=1.000 (tau_u=9.719e-02 tau_v=4.399e-02 |Du|=6.64e+00 |DRu|=3.49e+01)
  [PT] w_u=9.8229 w_v=22.9318 gamma=1.000 (tau_u=1.018e-01 tau_v=4.361e-02 |Du|=5.33e+00 |DRu|=1.41e+01)
  [PT] w_u=9.5830 w_v=22.5010 gamma=1.000 (tau_u=1.044e-01 tau_v=4.444e-02 |Du|=6.18e+00 |DRu|=1.73e+01)
  [PT] w_u=10.2048 w_v=22.5905 gamma=1.000 (tau_u=9.799e-02 tau_v=4.427e-02 |Du|=7.85e+00 |DRu|=3.89e+01)
  [PT] w_u=10.5604 w_v=22.2132 gamma=1.000 (tau_u=9.469e-02 tau_v=4.502e-02 |Du|=3.51e+00 |DRu|=1.38e+01)
  [PT] w_u=10.1314 w_v=21.8729 gamma=1.000 (tau_u=9.870e-02 tau_v=4.572e-02 |Du|=5.71e+00 |DRu|=1.55e+01)
  [PT] w_u=10.5702 w_v=21.7585 gamma=0.999 (tau_u=9.461e-02 tau_v=4.596e-02 |Du|=8.13e+00 |DRu|=3.38e+01)
  [PT] w_u=10.7934 w_v=18.1894 gamma=1.000 (tau_u=9.265e-02 tau_v=5.498e-02 |Du|=3.21e+00 |DRu|=1.17e+01)
  [PT] w_u=10.6599 w_v=18.2406 gamma=0.999 (tau_u=9.381e-02 tau_v=5.482e-02 |Du|=5.08e+00 |DRu|=1.57e+01)
  [PT] w_u=11.3754 w_v=18.3200 gamma=1.000 (tau_u=8.791e-02 tau_v=5.459e-02 |Du|=6.96e+00 |DRu|=3.73e+01)
  [PT] w_u=12.0921 w_v=15.4940 gamma=1.000 (tau_u=8.270e-02 tau_v=6.454e-02 |Du|=2.00e+00 |DRu|=1.06e+01)
  [PT] w_u=12.5240 w_v=16.0572 gamma=1.000 (tau_u=7.985e-02 tau_v=6.228e-02 |Du|=4.23e+00 |DRu|=1.82e+01)
  [PT] w_u=13.1978 w_v=16.6419 gamma=1.000 (tau_u=7.577e-02 tau_v=6.009e-02 |Du|=7.73e+00 |DRu|=3.91e+01)
  [PT] w_u=13.7187 w_v=14.5722 gamma=1.000 (tau_u=7.289e-02 tau_v=6.862e-02 |Du|=3.34e+00 |DRu|=1.54e+01)
  [PT] w_u=13.7303 w_v=13.8961 gamma=1.000 (tau_u=7.283e-02 tau_v=7.196e-02 |Du|=3.64e+00 |DRu|=1.35e+01)
  [PT] w_u=14.3750 w_v=14.6475 gamma=1.000 (tau_u=6.957e-02 tau_v=6.827e-02 |Du|=6.99e+00 |DRu|=3.49e+01)
  [PT] w_u=15.0568 w_v=14.1895 gamma=1.000 (tau_u=6.642e-02 tau_v=7.047e-02 |Du|=2.58e+00 |DRu|=1.32e+01)
[Adam] ep=  400  total=4.610e-01  PDE=4.335e-02 [colloc=4.131e-02, cfd=2.039e-03] (w=2.092)  IN=6.816e-02 (w=1.465)  TB=4.271e-02 (w=1.213)  WALL=1.110e-15 (w=0.200)  OUT=5.558e-04 (w=0.200)  DATA=4.595e-02 (w=4.757)
  [PT] w_u=14.9666 w_v=13.7953 gamma=1.000 (tau_u=6.682e-02 tau_v=7.249e-02 |Du|=3.71e+00 |DRu|=1.40e+01)
  [PT] w_u=15.4261 w_v=14.4794 gamma=1.000 (tau_u=6.483e-02 tau_v=6.906e-02 |Du|=7.39e+00 |DRu|=3.41e+01)
  [PT] w_u=15.7773 w_v=15.2492 gamma=1.000 (tau_u=6.338e-02 tau_v=6.558e-02 |Du|=2.16e+00 |DRu|=9.61e+00)
  [PT] w_u=15.8669 w_v=15.5657 gamma=1.000 (tau_u=6.302e-02 tau_v=6.424e-02 |Du|=3.16e+00 |DRu|=1.29e+01)
  [PT] w_u=16.1282 w_v=15.9492 gamma=1.000 (tau_u=6.200e-02 tau_v=6.270e-02 |Du|=7.38e+00 |DRu|=3.21e+01)
  [PT] w_u=15.6616 w_v=15.1692 gamma=1.000 (tau_u=6.385e-02 tau_v=6.592e-02 |Du|=2.42e+00 |DRu|=8.53e+00)
  [PT] w_u=16.0427 w_v=15.7729 gamma=0.999 (tau_u=6.233e-02 tau_v=6.340e-02 |Du|=3.20e+00 |DRu|=1.45e+01)
  [PT] w_u=16.1058 w_v=15.7952 gamma=1.000 (tau_u=6.209e-02 tau_v=6.331e-02 |Du|=7.32e+00 |DRu|=2.99e+01)
  [PT] w_u=14.6951 w_v=13.5055 gamma=1.000 (tau_u=6.805e-02 tau_v=7.404e-02 |Du|=2.92e+00 |DRu|=8.38e+00)
  [PT] w_u=15.3749 w_v=13.9666 gamma=1.000 (tau_u=6.504e-02 tau_v=7.160e-02 |Du|=3.34e+00 |DRu|=1.71e+01)
  [PT] w_u=15.6717 w_v=14.3422 gamma=1.000 (tau_u=6.381e-02 tau_v=6.972e-02 |Du|=7.19e+00 |DRu|=3.13e+01)
  [PT] w_u=15.2563 w_v=12.9003 gamma=1.000 (tau_u=6.555e-02 tau_v=7.752e-02 |Du|=2.92e+00 |DRu|=1.03e+01)
  [PT] w_u=15.8656 w_v=12.8608 gamma=1.000 (tau_u=6.303e-02 tau_v=7.776e-02 |Du|=3.37e+00 |DRu|=1.68e+01)
  [PT] w_u=16.2204 w_v=13.4604 gamma=1.000 (tau_u=6.165e-02 tau_v=7.429e-02 |Du|=7.29e+00 |DRu|=3.28e+01)
  [PT] w_u=15.9935 w_v=12.1626 gamma=1.000 (tau_u=6.253e-02 tau_v=8.222e-02 |Du|=2.89e+00 |DRu|=1.09e+01)
  [PT] w_u=16.3180 w_v=11.7686 gamma=1.000 (tau_u=6.128e-02 tau_v=8.497e-02 |Du|=3.70e+00 |DRu|=1.65e+01)
  [PT] w_u=16.1038 w_v=12.3930 gamma=1.000 (tau_u=6.210e-02 tau_v=8.069e-02 |Du|=8.56e+00 |DRu|=3.25e+01)
  [PT] w_u=13.9094 w_v=11.3751 gamma=1.000 (tau_u=7.189e-02 tau_v=8.791e-02 |Du|=3.98e+00 |DRu|=9.94e+00)
  [PT] w_u=14.5152 w_v=11.1539 gamma=1.000 (tau_u=6.889e-02 tau_v=8.965e-02 |Du|=3.92e+00 |DRu|=1.91e+01)
  [PT] w_u=14.3186 w_v=11.7477 gamma=1.000 (tau_u=6.984e-02 tau_v=8.512e-02 |Du|=9.85e+00 |DRu|=3.52e+01)
[Adam] ep=  420  total=3.859e-01  PDE=3.696e-02 [colloc=3.497e-02, cfd=1.987e-03] (w=2.023)  IN=5.397e-02 (w=1.451)  TB=4.393e-02 (w=1.251)  WALL=1.114e-15 (w=0.200)  OUT=5.953e-04 (w=0.200)  DATA=3.641e-02 (w=4.883)
  [PT] w_u=11.6901 w_v=11.9225 gamma=1.000 (tau_u=8.554e-02 tau_v=8.388e-02 |Du|=4.83e+00 |DRu|=1.01e+01)
  [PT] w_u=12.5052 w_v=12.6310 gamma=0.999 (tau_u=7.997e-02 tau_v=7.917e-02 |Du|=2.99e+00 |DRu|=1.73e+01)
  [PT] w_u=12.2693 w_v=13.2479 gamma=1.000 (tau_u=8.150e-02 tau_v=7.548e-02 |Du|=1.18e+01 |DRu|=3.83e+01)
  [PT] w_u=10.3594 w_v=13.6718 gamma=1.000 (tau_u=9.653e-02 tau_v=7.314e-02 |Du|=7.84e+00 |DRu|=1.63e+01)
  [PT] w_u=10.9995 w_v=14.4711 gamma=1.000 (tau_u=9.091e-02 tau_v=6.910e-02 |Du|=3.88e+00 |DRu|=1.93e+01)
  [PT] w_u=10.7044 w_v=15.1137 gamma=1.000 (tau_u=9.342e-02 tau_v=6.617e-02 |Du|=1.26e+01 |DRu|=3.71e+01)
  [PT] w_u=8.5930 w_v=15.0156 gamma=1.000 (tau_u=1.164e-01 tau_v=6.660e-02 |Du|=1.13e+01 |DRu|=1.99e+01)
  [PT] w_u=8.9764 w_v=15.9221 gamma=1.000 (tau_u=1.114e-01 tau_v=6.281e-02 |Du|=4.92e+00 |DRu|=1.91e+01)
  [PT] w_u=8.2236 w_v=16.0830 gamma=1.000 (tau_u=1.216e-01 tau_v=6.218e-02 |Du|=1.36e+01 |DRu|=2.94e+01)
  [PT] w_u=7.3147 w_v=16.2111 gamma=1.000 (tau_u=1.367e-01 tau_v=6.169e-02 |Du|=1.37e+01 |DRu|=2.62e+01)
  [PT] w_u=7.8096 w_v=16.8693 gamma=1.000 (tau_u=1.280e-01 tau_v=5.928e-02 |Du|=4.54e+00 |DRu|=2.03e+01)
  [PT] w_u=7.1385 w_v=15.6141 gamma=1.000 (tau_u=1.401e-01 tau_v=6.404e-02 |Du|=1.29e+01 |DRu|=2.58e+01)
  [PT] w_u=6.9003 w_v=16.1877 gamma=1.000 (tau_u=1.449e-01 tau_v=6.178e-02 |Du|=1.22e+01 |DRu|=2.81e+01)
  [PT] w_u=7.4290 w_v=13.5540 gamma=1.000 (tau_u=1.346e-01 tau_v=7.378e-02 |Du|=1.89e+00 |DRu|=9.23e+00)
  [PT] w_u=7.1362 w_v=14.1702 gamma=1.000 (tau_u=1.401e-01 tau_v=7.057e-02 |Du|=1.40e+01 |DRu|=3.22e+01)
  [PT] w_u=6.6789 w_v=13.8535 gamma=1.000 (tau_u=1.497e-01 tau_v=7.218e-02 |Du|=1.06e+01 |DRu|=2.19e+01)
  [PT] w_u=7.2155 w_v=14.0039 gamma=1.000 (tau_u=1.386e-01 tau_v=7.141e-02 |Du|=6.48e+00 |DRu|=3.31e+01)
  [PT] w_u=6.6362 w_v=13.6320 gamma=1.000 (tau_u=1.507e-01 tau_v=7.336e-02 |Du|=7.69e+00 |DRu|=1.51e+01)
  [PT] w_u=7.1130 w_v=14.2508 gamma=0.999 (tau_u=1.406e-01 tau_v=7.017e-02 |Du|=7.29e+00 |DRu|=3.27e+01)
  [PT] w_u=7.4157 w_v=11.9357 gamma=1.000 (tau_u=1.348e-01 tau_v=8.378e-02 |Du|=4.15e+00 |DRu|=1.44e+01)
[Adam] ep=  440  total=3.977e-01  PDE=2.856e-02 [colloc=2.650e-02, cfd=2.060e-03] (w=2.122)  IN=6.077e-02 (w=1.458)  TB=2.767e-02 (w=1.151)  WALL=2.954e-16 (w=0.200)  OUT=6.433e-04 (w=0.200)  DATA=4.390e-02 (w=4.932)
  [PT] w_u=7.7069 w_v=12.4669 gamma=1.000 (tau_u=1.298e-01 tau_v=8.021e-02 |Du|=6.98e+00 |DRu|=2.41e+01)
  [PT] w_u=8.1450 w_v=11.2385 gamma=1.000 (tau_u=1.228e-01 tau_v=8.898e-02 |Du|=4.45e+00 |DRu|=1.82e+01)
  [PT] w_u=8.6350 w_v=11.3414 gamma=1.000 (tau_u=1.158e-01 tau_v=8.817e-02 |Du|=4.73e+00 |DRu|=2.05e+01)
  [PT] w_u=8.9802 w_v=10.5611 gamma=1.000 (tau_u=1.114e-01 tau_v=9.469e-02 |Du|=5.47e+00 |DRu|=2.05e+01)
  [PT] w_u=9.1989 w_v=10.4752 gamma=1.000 (tau_u=1.087e-01 tau_v=9.546e-02 |Du|=5.20e+00 |DRu|=1.78e+01)
  [PT] w_u=9.7148 w_v=10.7900 gamma=1.000 (tau_u=1.029e-01 tau_v=9.268e-02 |Du|=7.96e+00 |DRu|=3.52e+01)
  [PT] w_u=9.3345 w_v=9.9627 gamma=1.000 (tau_u=1.071e-01 tau_v=1.004e-01 |Du|=4.46e+00 |DRu|=1.17e+01)
  [PT] w_u=10.0453 w_v=10.7341 gamma=1.000 (tau_u=9.955e-02 tau_v=9.316e-02 |Du|=5.00e+00 |DRu|=2.83e+01)
  [PT] w_u=10.2393 w_v=10.7080 gamma=1.000 (tau_u=9.766e-02 tau_v=9.339e-02 |Du|=1.24e+01 |DRu|=4.35e+01)
  [PT] w_u=8.9925 w_v=9.7751 gamma=1.000 (tau_u=1.112e-01 tau_v=1.023e-01 |Du|=8.54e+00 |DRu|=1.77e+01)
  [PT] w_u=9.5105 w_v=10.3154 gamma=1.000 (tau_u=1.051e-01 tau_v=9.694e-02 |Du|=5.91e+00 |DRu|=2.63e+01)
  [PT] w_u=10.0803 w_v=11.0229 gamma=1.000 (tau_u=9.920e-02 tau_v=9.072e-02 |Du|=9.27e+00 |DRu|=4.34e+01)
  [PT] w_u=9.8125 w_v=10.8475 gamma=1.000 (tau_u=1.019e-01 tau_v=9.219e-02 |Du|=8.76e+00 |DRu|=2.46e+01)
  [PT] w_u=9.4241 w_v=10.6403 gamma=1.000 (tau_u=1.061e-01 tau_v=9.398e-02 |Du|=7.59e+00 |DRu|=2.00e+01)
  [PT] w_u=10.0595 w_v=11.3419 gamma=1.000 (tau_u=9.941e-02 tau_v=8.817e-02 |Du|=7.66e+00 |DRu|=3.88e+01)
  [PT] w_u=9.5986 w_v=11.9350 gamma=1.000 (tau_u=1.042e-01 tau_v=8.379e-02 |Du|=1.01e+01 |DRu|=2.64e+01)
  [PT] w_u=8.0255 w_v=12.1669 gamma=1.000 (tau_u=1.246e-01 tau_v=8.219e-02 |Du|=9.86e+00 |DRu|=1.77e+01)
  [PT] w_u=8.4736 w_v=12.8208 gamma=0.999 (tau_u=1.180e-01 tau_v=7.800e-02 |Du|=7.07e+00 |DRu|=2.92e+01)
  [PT] w_u=7.7576 w_v=12.8515 gamma=1.000 (tau_u=1.289e-01 tau_v=7.781e-02 |Du|=9.53e+00 |DRu|=2.00e+01)
  [PT] w_u=7.3642 w_v=13.5254 gamma=1.000 (tau_u=1.358e-01 tau_v=7.393e-02 |Du|=9.80e+00 |DRu|=2.20e+01)
[Adam] ep=  460  total=4.198e-01  PDE=4.204e-02 [colloc=3.989e-02, cfd=2.150e-03] (w=2.402)  IN=5.188e-02 (w=1.331)  TB=3.031e-02 (w=1.034)  WALL=9.022e-16 (w=0.200)  OUT=4.533e-04 (w=0.200)  DATA=4.356e-02 (w=5.014)
  [PT] w_u=7.3469 w_v=12.1640 gamma=1.000 (tau_u=1.361e-01 tau_v=8.221e-02 |Du|=7.01e+00 |DRu|=1.88e+01)
  [PT] w_u=7.2142 w_v=12.0713 gamma=0.999 (tau_u=1.386e-01 tau_v=8.284e-02 |Du|=6.55e+00 |DRu|=1.63e+01)
  [PT] w_u=7.2588 w_v=10.5766 gamma=0.995 (tau_u=1.378e-01 tau_v=9.455e-02 |Du|=5.63e+00 |DRu|=1.56e+01)
  [PT] w_u=5.7774 w_v=10.3242 gamma=1.000 (tau_u=1.731e-01 tau_v=9.686e-02 |Du|=1.12e+01 |DRu|=1.60e+01)
  [PT] w_u=5.8813 w_v=10.7813 gamma=0.998 (tau_u=1.700e-01 tau_v=9.275e-02 |Du|=6.15e+00 |DRu|=1.63e+01)
  [PT] w_u=6.1909 w_v=10.9678 gamma=1.000 (tau_u=1.615e-01 tau_v=9.118e-02 |Du|=6.07e+00 |DRu|=2.08e+01)
  [PT] w_u=6.4105 w_v=10.4261 gamma=1.000 (tau_u=1.560e-01 tau_v=9.591e-02 |Du|=4.09e+00 |DRu|=1.25e+01)
  [PT] w_u=5.8642 w_v=10.4757 gamma=1.000 (tau_u=1.705e-01 tau_v=9.546e-02 |Du|=1.37e+01 |DRu|=2.50e+01)
  [PT] w_u=6.2645 w_v=9.7098 gamma=1.000 (tau_u=1.596e-01 tau_v=1.030e-01 |Du|=3.82e+00 |DRu|=1.54e+01)
  [PT] w_u=6.2041 w_v=10.3093 gamma=1.000 (tau_u=1.612e-01 tau_v=9.700e-02 |Du|=1.16e+01 |DRu|=2.78e+01)
  [PT] w_u=6.3801 w_v=10.2320 gamma=1.000 (tau_u=1.567e-01 tau_v=9.773e-02 |Du|=5.43e+00 |DRu|=1.59e+01)
  [PT] w_u=6.4264 w_v=10.7861 gamma=1.000 (tau_u=1.556e-01 tau_v=9.271e-02 |Du|=1.23e+01 |DRu|=3.22e+01)
  [PT] w_u=6.3895 w_v=11.1938 gamma=1.000 (tau_u=1.565e-01 tau_v=8.934e-02 |Du|=7.13e+00 |DRu|=1.76e+01)
  [PT] w_u=6.7399 w_v=11.8294 gamma=1.000 (tau_u=1.484e-01 tau_v=8.454e-02 |Du|=8.67e+00 |DRu|=3.16e+01)
  [PT] w_u=5.9682 w_v=11.0179 gamma=1.000 (tau_u=1.676e-01 tau_v=9.076e-02 |Du|=1.09e+01 |DRu|=1.87e+01)
  [PT] w_u=6.1259 w_v=11.5385 gamma=1.000 (tau_u=1.632e-01 tau_v=8.667e-02 |Du|=8.92e+00 |DRu|=2.53e+01)
  [PT] w_u=6.4390 w_v=10.6422 gamma=0.997 (tau_u=1.553e-01 tau_v=9.397e-02 |Du|=5.26e+00 |DRu|=1.81e+01)
  [PT] w_u=6.0919 w_v=11.0518 gamma=1.000 (tau_u=1.642e-01 tau_v=9.048e-02 |Du|=1.83e+01 |DRu|=3.70e+01)
  [PT] w_u=6.2266 w_v=11.4865 gamma=1.000 (tau_u=1.606e-01 tau_v=8.706e-02 |Du|=6.10e+00 |DRu|=1.70e+01)
  [PT] w_u=6.0518 w_v=11.7125 gamma=1.000 (tau_u=1.652e-01 tau_v=8.538e-02 |Du|=1.21e+01 |DRu|=2.66e+01)
[Adam] ep=  480  total=5.319e-01  PDE=1.506e-01 [colloc=1.475e-01, cfd=3.030e-03] (w=2.611)  IN=2.036e-02 (w=1.291)  TB=1.287e-02 (w=0.943)  WALL=4.482e-15 (w=0.200)  OUT=6.646e-04 (w=0.200)  DATA=2.135e-02 (w=4.694)
  [PT] w_u=5.6333 w_v=11.5264 gamma=1.000 (tau_u=1.775e-01 tau_v=8.676e-02 |Du|=1.76e+01 |DRu|=3.29e+01)
  [PT] w_u=5.8401 w_v=11.8865 gamma=1.000 (tau_u=1.712e-01 tau_v=8.413e-02 |Du|=6.77e+00 |DRu|=2.00e+01)
  [PT] w_u=5.8618 w_v=11.3490 gamma=0.999 (tau_u=1.706e-01 tau_v=8.811e-02 |Du|=6.49e+00 |DRu|=1.60e+01)
  [PT] w_u=5.3662 w_v=11.8134 gamma=1.000 (tau_u=1.864e-01 tau_v=8.465e-02 |Du|=1.74e+01 |DRu|=3.05e+01)
  [PT] w_u=5.7969 w_v=12.4260 gamma=1.000 (tau_u=1.725e-01 tau_v=8.048e-02 |Du|=5.01e+00 |DRu|=2.29e+01)
  [PT] w_u=5.7333 w_v=12.5123 gamma=1.000 (tau_u=1.744e-01 tau_v=7.992e-02 |Du|=7.61e+00 |DRu|=1.74e+01)
  [PT] w_u=5.8751 w_v=13.0454 gamma=1.000 (tau_u=1.702e-01 tau_v=7.666e-02 |Du|=1.61e+01 |DRu|=4.43e+01)
  [PT] w_u=5.5843 w_v=12.4882 gamma=1.000 (tau_u=1.791e-01 tau_v=8.008e-02 |Du|=1.02e+01 |DRu|=2.00e+01)
  [PT] w_u=5.9665 w_v=13.0915 gamma=1.000 (tau_u=1.676e-01 tau_v=7.639e-02 |Du|=5.41e+00 |DRu|=2.13e+01)
  [PT] w_u=6.3114 w_v=13.7711 gamma=1.000 (tau_u=1.584e-01 tau_v=7.262e-02 |Du|=1.02e+01 |DRu|=3.71e+01)
  [PT] w_u=6.0530 w_v=13.6527 gamma=1.000 (tau_u=1.652e-01 tau_v=7.325e-02 |Du|=1.39e+01 |DRu|=2.92e+01)
  [PT] w_u=5.6927 w_v=13.7909 gamma=1.000 (tau_u=1.757e-01 tau_v=7.251e-02 |Du|=1.27e+01 |DRu|=2.45e+01)
  [PT] w_u=6.0921 w_v=14.6120 gamma=1.000 (tau_u=1.641e-01 tau_v=6.844e-02 |Du|=9.56e+00 |DRu|=3.89e+01)
  [PT] w_u=6.1474 w_v=14.9147 gamma=1.000 (tau_u=1.627e-01 tau_v=6.705e-02 |Du|=5.55e+00 |DRu|=1.44e+01)
  [PT] w_u=5.9634 w_v=15.7640 gamma=1.000 (tau_u=1.677e-01 tau_v=6.344e-02 |Du|=1.01e+01 |DRu|=2.20e+01)
  [PT] w_u=6.0583 w_v=16.2267 gamma=1.000 (tau_u=1.651e-01 tau_v=6.163e-02 |Du|=1.20e+01 |DRu|=3.20e+01)
  [PT] w_u=5.6869 w_v=13.7297 gamma=1.000 (tau_u=1.758e-01 tau_v=7.284e-02 |Du|=6.10e+00 |DRu|=1.17e+01)
  [PT] w_u=6.2437 w_v=14.4912 gamma=1.000 (tau_u=1.602e-01 tau_v=6.901e-02 |Du|=3.00e+00 |DRu|=2.17e+01)
  [PT] w_u=5.7772 w_v=14.1268 gamma=1.000 (tau_u=1.731e-01 tau_v=7.079e-02 |Du|=1.23e+01 |DRu|=2.28e+01)
  [PT] w_u=5.9329 w_v=13.7035 gamma=1.000 (tau_u=1.686e-01 tau_v=7.297e-02 |Du|=1.22e+01 |DRu|=3.41e+01)
[Adam] ep=  500  total=3.215e-01  PDE=3.177e-02 [colloc=2.964e-02, cfd=2.129e-03] (w=2.435)  IN=3.890e-02 (w=1.290)  TB=2.613e-02 (w=0.991)  WALL=6.195e-16 (w=0.200)  OUT=4.628e-04 (w=0.200)  DATA=3.237e-02 (w=5.190)
  [PT] w_u=6.1990 w_v=11.3386 gamma=1.000 (tau_u=1.613e-01 tau_v=8.819e-02 |Du|=1.83e+00 |DRu|=5.91e+00)
  [PT] w_u=6.3118 w_v=11.9525 gamma=1.000 (tau_u=1.584e-01 tau_v=8.366e-02 |Du|=9.33e+00 |DRu|=2.56e+01)
  [PT] w_u=5.8563 w_v=11.2120 gamma=0.994 (tau_u=1.708e-01 tau_v=8.919e-02 |Du|=1.21e+01 |DRu|=2.27e+01)
  [PT] w_u=6.3237 w_v=11.4227 gamma=1.000 (tau_u=1.581e-01 tau_v=8.755e-02 |Du|=4.00e+00 |DRu|=1.90e+01)
  [PT] w_u=5.5446 w_v=11.4098 gamma=1.000 (tau_u=1.804e-01 tau_v=8.764e-02 |Du|=4.90e+00 |DRu|=7.94e+00)
  [PT] w_u=5.7326 w_v=11.8326 gamma=1.000 (tau_u=1.744e-01 tau_v=8.451e-02 |Du|=8.65e+00 |DRu|=2.48e+01)
  [PT] w_u=5.8310 w_v=10.4255 gamma=1.000 (tau_u=1.715e-01 tau_v=9.592e-02 |Du|=5.38e+00 |DRu|=1.41e+01)
  [PT] w_u=6.2849 w_v=10.9263 gamma=1.000 (tau_u=1.591e-01 tau_v=9.152e-02 |Du|=4.99e+00 |DRu|=2.29e+01)
  [PT] w_u=6.3855 w_v=10.8257 gamma=0.997 (tau_u=1.566e-01 tau_v=9.237e-02 |Du|=5.67e+00 |DRu|=1.55e+01)
  [PT] w_u=6.9319 w_v=10.0191 gamma=1.000 (tau_u=1.443e-01 tau_v=9.981e-02 |Du|=5.55e+00 |DRu|=3.05e+01)
  [PT] w_u=7.2418 w_v=9.2612 gamma=1.000 (tau_u=1.381e-01 tau_v=1.080e-01 |Du|=3.47e+00 |DRu|=1.21e+01)
  [PT] w_u=7.9710 w_v=10.0743 gamma=1.000 (tau_u=1.255e-01 tau_v=9.926e-02 |Du|=3.82e+00 |DRu|=3.52e+01)
  [PT] w_u=8.5781 w_v=9.2135 gamma=1.000 (tau_u=1.166e-01 tau_v=1.085e-01 |Du|=2.86e+00 |DRu|=1.49e+01)
  [PT] w_u=8.9583 w_v=9.4256 gamma=1.000 (tau_u=1.116e-01 tau_v=1.061e-01 |Du|=5.81e+00 |DRu|=2.24e+01)
  [PT] w_u=9.6483 w_v=10.2395 gamma=1.000 (tau_u=1.036e-01 tau_v=9.766e-02 |Du|=9.11e+00 |DRu|=5.11e+01)
  [PT] w_u=10.3717 w_v=11.1110 gamma=1.000 (tau_u=9.642e-02 tau_v=9.000e-02 |Du|=4.57e+00 |DRu|=2.58e+01)
  [PT] w_u=10.3176 w_v=10.2438 gamma=1.000 (tau_u=9.692e-02 tau_v=9.762e-02 |Du|=3.06e+00 |DRu|=9.60e+00)
  [PT] w_u=10.7502 w_v=10.7798 gamma=1.000 (tau_u=9.302e-02 tau_v=9.277e-02 |Du|=6.68e+00 |DRu|=2.78e+01)
  [PT] w_u=11.3161 w_v=11.4596 gamma=1.000 (tau_u=8.837e-02 tau_v=8.726e-02 |Du|=1.00e+01 |DRu|=4.64e+01)
  [PT] w_u=11.5634 w_v=11.6630 gamma=1.000 (tau_u=8.648e-02 tau_v=8.574e-02 |Du|=9.32e+00 |DRu|=3.53e+01)
[Adam] ep=  520  total=4.529e-01  PDE=7.033e-02 [colloc=6.567e-02, cfd=4.661e-03] (w=2.838)  IN=4.353e-02 (w=1.150)  TB=2.927e-02 (w=0.923)  WALL=2.549e-15 (w=0.200)  OUT=4.249e-03 (w=0.260)  DATA=4.032e-02 (w=4.344)
  [PT] w_u=10.3408 w_v=10.1325 gamma=1.000 (tau_u=9.670e-02 tau_v=9.869e-02 |Du|=7.78e+00 |DRu|=1.79e+01)
  [PT] w_u=9.5572 w_v=9.5449 gamma=1.000 (tau_u=1.046e-01 tau_v=1.048e-01 |Du|=7.49e+00 |DRu|=1.79e+01)
  [PT] w_u=9.9096 w_v=9.9469 gamma=1.000 (tau_u=1.009e-01 tau_v=1.005e-01 |Du|=8.03e+00 |DRu|=3.09e+01)
  [PT] w_u=10.4351 w_v=10.5805 gamma=1.000 (tau_u=9.583e-02 tau_v=9.451e-02 |Du|=8.60e+00 |DRu|=3.84e+01)
  [PT] w_u=10.1905 w_v=10.7856 gamma=1.000 (tau_u=9.813e-02 tau_v=9.272e-02 |Du|=8.10e+00 |DRu|=2.35e+01)
  [PT] w_u=9.2686 w_v=9.8549 gamma=1.000 (tau_u=1.079e-01 tau_v=1.015e-01 |Du|=7.28e+00 |DRu|=1.64e+01)
  [PT] w_u=9.6221 w_v=9.7223 gamma=1.000 (tau_u=1.039e-01 tau_v=1.029e-01 |Du|=7.25e+00 |DRu|=2.78e+01)
  [PT] w_u=10.2050 w_v=10.1224 gamma=1.000 (tau_u=9.799e-02 tau_v=9.879e-02 |Du|=7.77e+00 |DRu|=3.68e+01)
  [PT] w_u=9.1247 w_v=10.7553 gamma=1.000 (tau_u=1.096e-01 tau_v=9.298e-02 |Du|=1.05e+01 |DRu|=2.27e+01)
  [PT] w_u=7.9909 w_v=10.4357 gamma=1.000 (tau_u=1.251e-01 tau_v=9.582e-02 |Du|=1.14e+01 |DRu|=2.22e+01)
  [PT] w_u=8.0560 w_v=9.8567 gamma=0.997 (tau_u=1.241e-01 tau_v=1.015e-01 |Du|=7.86e+00 |DRu|=2.32e+01)
  [PT] w_u=7.6162 w_v=9.1255 gamma=0.999 (tau_u=1.313e-01 tau_v=1.096e-01 |Du|=7.82e+00 |DRu|=1.77e+01)
  [PT] w_u=6.6088 w_v=9.4129 gamma=1.000 (tau_u=1.513e-01 tau_v=1.062e-01 |Du|=1.36e+01 |DRu|=2.36e+01)
  [PT] w_u=6.7695 w_v=9.2108 gamma=1.000 (tau_u=1.477e-01 tau_v=1.086e-01 |Du|=7.43e+00 |DRu|=2.19e+01)
  [PT] w_u=6.8754 w_v=8.7605 gamma=1.000 (tau_u=1.454e-01 tau_v=1.141e-01 |Du|=5.16e+00 |DRu|=1.46e+01)
  [PT] w_u=7.4028 w_v=9.4548 gamma=1.000 (tau_u=1.351e-01 tau_v=1.058e-01 |Du|=7.63e+00 |DRu|=3.73e+01)
  [PT] w_u=7.9806 w_v=10.1581 gamma=1.000 (tau_u=1.253e-01 tau_v=9.844e-02 |Du|=3.39e+00 |DRu|=1.75e+01)
  [PT] w_u=8.3344 w_v=10.7096 gamma=1.000 (tau_u=1.200e-01 tau_v=9.337e-02 |Du|=3.03e+00 |DRu|=1.13e+01)
  [PT] w_u=8.7418 w_v=11.3423 gamma=1.000 (tau_u=1.144e-01 tau_v=8.817e-02 |Du|=6.91e+00 |DRu|=2.73e+01)
  [PT] w_u=8.7656 w_v=11.7184 gamma=1.000 (tau_u=1.141e-01 tau_v=8.534e-02 |Du|=1.55e+01 |DRu|=4.64e+01)
[Adam] ep=  540  total=4.711e-01  PDE=4.185e-02 [colloc=3.384e-02, cfd=8.010e-03] (w=2.303)  IN=5.904e-02 (w=1.347)  TB=6.471e-02 (w=1.139)  WALL=4.033e-16 (w=0.200)  OUT=3.856e-03 (w=0.236)  DATA=4.541e-02 (w=4.859)
  [PT] w_u=8.7218 w_v=11.6208 gamma=1.000 (tau_u=1.147e-01 tau_v=8.605e-02 |Du|=1.05e+01 |DRu|=3.03e+01)
  [PT] w_u=8.4452 w_v=9.9443 gamma=1.000 (tau_u=1.184e-01 tau_v=1.006e-01 |Du|=5.80e+00 |DRu|=1.49e+01)
  [PT] w_u=8.9329 w_v=10.3547 gamma=1.000 (tau_u=1.119e-01 tau_v=9.657e-02 |Du|=6.19e+00 |DRu|=2.67e+01)
  [PT] w_u=9.3175 w_v=11.1210 gamma=1.000 (tau_u=1.073e-01 tau_v=8.992e-02 |Du|=1.16e+01 |DRu|=4.51e+01)
  [PT] w_u=8.6907 w_v=11.1586 gamma=1.000 (tau_u=1.151e-01 tau_v=8.962e-02 |Du|=1.81e+01 |DRu|=4.21e+01)
  [PT] w_u=7.1318 w_v=9.2849 gamma=1.000 (tau_u=1.402e-01 tau_v=1.077e-01 |Du|=1.62e+01 |DRu|=2.67e+01)
  [PT] w_u=6.3264 w_v=8.7808 gamma=1.000 (tau_u=1.581e-01 tau_v=1.139e-01 |Du|=1.19e+01 |DRu|=2.11e+01)
  [PT] w_u=6.7178 w_v=9.0081 gamma=1.000 (tau_u=1.489e-01 tau_v=1.110e-01 |Du|=6.13e+00 |DRu|=2.39e+01)
  [PT] w_u=6.5862 w_v=9.3261 gamma=1.000 (tau_u=1.518e-01 tau_v=1.072e-01 |Du|=1.09e+01 |DRu|=2.58e+01)
  [PT] w_u=6.0405 w_v=9.6373 gamma=1.000 (tau_u=1.655e-01 tau_v=1.038e-01 |Du|=1.66e+01 |DRu|=3.09e+01)
  [PT] w_u=6.0866 w_v=9.8986 gamma=1.000 (tau_u=1.643e-01 tau_v=1.010e-01 |Du|=1.25e+01 |DRu|=3.20e+01)
  [PT] w_u=6.2952 w_v=9.4242 gamma=1.000 (tau_u=1.589e-01 tau_v=1.061e-01 |Du|=3.53e+00 |DRu|=1.06e+01)
  [PT] w_u=5.6380 w_v=10.0417 gamma=1.000 (tau_u=1.774e-01 tau_v=9.958e-02 |Du|=1.38e+01 |DRu|=2.35e+01)
  [PT] w_u=5.0443 w_v=10.1951 gamma=0.970 (tau_u=1.982e-01 tau_v=9.809e-02 |Du|=1.85e+01 |DRu|=2.93e+01)
  [PT] w_u=5.3171 w_v=10.6480 gamma=0.996 (tau_u=1.881e-01 tau_v=9.391e-02 |Du|=4.73e+00 |DRu|=1.52e+01)
  [PT] w_u=3.8952 w_v=10.7226 gamma=0.995 (tau_u=2.567e-01 tau_v=9.326e-02 |Du|=7.76e+00 |DRu|=8.28e+00)
  [PT] w_u=3.6020 w_v=10.9337 gamma=0.990 (tau_u=2.776e-01 tau_v=9.146e-02 |Du|=1.48e+01 |DRu|=2.16e+01)
  [PT] w_u=3.5861 w_v=10.8586 gamma=1.000 (tau_u=2.789e-01 tau_v=9.209e-02 |Du|=2.24e+01 |DRu|=4.17e+01)
  [PT] w_u=3.3165 w_v=9.9581 gamma=1.000 (tau_u=3.015e-01 tau_v=1.004e-01 |Du|=1.56e+01 |DRu|=2.19e+01)
  [PT] w_u=3.5457 w_v=9.9519 gamma=1.000 (tau_u=2.820e-01 tau_v=1.005e-01 |Du|=7.19e+00 |DRu|=2.20e+01)
[Adam] ep=  560  total=8.364e-01  PDE=2.414e-01 [colloc=2.213e-01, cfd=2.010e-02] (w=2.387)  IN=3.453e-02 (w=1.286)  TB=3.731e-02 (w=1.127)  WALL=4.795e-15 (w=0.200)  OUT=8.967e-03 (w=0.299)  DATA=3.547e-02 (w=4.823)
  [PT] w_u=3.8756 w_v=10.8564 gamma=1.000 (tau_u=2.580e-01 tau_v=9.211e-02 |Du|=9.19e+00 |DRu|=4.49e+01)
  [PT] w_u=3.9702 w_v=11.1665 gamma=1.000 (tau_u=2.519e-01 tau_v=8.955e-02 |Du|=1.50e+01 |DRu|=3.39e+01)
  [PT] w_u=4.0705 w_v=11.1247 gamma=1.000 (tau_u=2.457e-01 tau_v=8.989e-02 |Du|=1.28e+01 |DRu|=2.93e+01)
  [PT] w_u=4.4698 w_v=11.4297 gamma=1.000 (tau_u=2.237e-01 tau_v=8.749e-02 |Du|=5.20e+00 |DRu|=3.21e+01)
  [PT] w_u=4.3597 w_v=10.8146 gamma=1.000 (tau_u=2.294e-01 tau_v=9.247e-02 |Du|=9.05e+00 |DRu|=1.71e+01)
  [PT] w_u=4.3649 w_v=11.3368 gamma=1.000 (tau_u=2.291e-01 tau_v=8.821e-02 |Du|=1.10e+01 |DRu|=2.30e+01)
  [PT] w_u=4.7137 w_v=12.2247 gamma=1.000 (tau_u=2.121e-01 tau_v=8.180e-02 |Du|=9.76e+00 |DRu|=4.00e+01)
  [PT] w_u=4.0931 w_v=11.6810 gamma=1.000 (tau_u=2.443e-01 tau_v=8.561e-02 |Du|=4.94e+00 |DRu|=6.77e+00)
  [PT] w_u=4.4274 w_v=12.6998 gamma=1.000 (tau_u=2.259e-01 tau_v=7.874e-02 |Du|=6.22e+00 |DRu|=2.54e+01)
  [PT] w_u=4.6071 w_v=13.7088 gamma=1.000 (tau_u=2.171e-01 tau_v=7.295e-02 |Du|=1.53e+01 |DRu|=4.11e+01)
  [PT] w_u=3.9503 w_v=13.0070 gamma=1.000 (tau_u=2.531e-01 tau_v=7.688e-02 |Du|=1.17e+01 |DRu|=1.54e+01)
  [PT] w_u=4.1599 w_v=13.0427 gamma=1.000 (tau_u=2.404e-01 tau_v=7.667e-02 |Du|=7.58e+00 |DRu|=2.14e+01)
  [PT] w_u=4.5628 w_v=13.9489 gamma=1.000 (tau_u=2.192e-01 tau_v=7.169e-02 |Du|=5.95e+00 |DRu|=3.55e+01)
  [PT] w_u=4.7352 w_v=14.7529 gamma=1.000 (tau_u=2.112e-01 tau_v=6.778e-02 |Du|=9.61e+00 |DRu|=2.57e+01)
  [PT] w_u=4.7527 w_v=14.0406 gamma=1.000 (tau_u=2.104e-01 tau_v=7.122e-02 |Du|=1.02e+01 |DRu|=2.27e+01)
  [PT] w_u=5.1223 w_v=14.0349 gamma=1.000 (tau_u=1.952e-01 tau_v=7.125e-02 |Du|=8.84e+00 |DRu|=3.65e+01)
  [PT] w_u=5.3834 w_v=14.6754 gamma=1.000 (tau_u=1.858e-01 tau_v=6.814e-02 |Du|=8.66e+00 |DRu|=2.73e+01)
  [PT] w_u=4.7733 w_v=14.8470 gamma=1.000 (tau_u=2.095e-01 tau_v=6.735e-02 |Du|=1.15e+01 |DRu|=1.77e+01)
  [PT] w_u=4.6764 w_v=14.2975 gamma=0.999 (tau_u=2.138e-01 tau_v=6.994e-02 |Du|=1.26e+01 |DRu|=2.51e+01)
  [PT] w_u=4.9825 w_v=13.9580 gamma=1.000 (tau_u=2.007e-01 tau_v=7.164e-02 |Du|=8.36e+00 |DRu|=2.91e+01)
[Adam] ep=  580  total=4.907e-01  PDE=3.084e-02 [colloc=2.821e-02, cfd=2.630e-03] (w=2.587)  IN=5.863e-02 (w=1.234)  TB=1.397e-02 (w=0.800)  WALL=2.916e-16 (w=0.200)  OUT=7.960e-03 (w=0.591)  DATA=6.554e-02 (w=4.923)
  [PT] w_u=5.3547 w_v=13.0279 gamma=1.000 (tau_u=1.868e-01 tau_v=7.676e-02 |Du|=3.67e+00 |DRu|=1.49e+01)
  [PT] w_u=4.8094 w_v=12.1827 gamma=1.000 (tau_u=2.079e-01 tau_v=8.208e-02 |Du|=6.35e+00 |DRu|=1.01e+01)
  [PT] w_u=4.9319 w_v=12.7046 gamma=0.996 (tau_u=2.028e-01 tau_v=7.871e-02 |Du|=9.33e+00 |DRu|=2.35e+01)
  [PT] w_u=5.3076 w_v=12.6942 gamma=1.000 (tau_u=1.884e-01 tau_v=7.878e-02 |Du|=9.93e+00 |DRu|=4.08e+01)
  [PT] w_u=5.5939 w_v=11.7603 gamma=1.000 (tau_u=1.788e-01 tau_v=8.503e-02 |Du|=6.15e+00 |DRu|=2.03e+01)
  [PT] w_u=5.3097 w_v=10.8590 gamma=1.000 (tau_u=1.883e-01 tau_v=9.209e-02 |Du|=4.30e+00 |DRu|=8.21e+00)
  [PT] w_u=5.7512 w_v=11.5911 gamma=1.000 (tau_u=1.739e-01 tau_v=8.627e-02 |Du|=5.78e+00 |DRu|=2.76e+01)
  [PT] w_u=6.2723 w_v=12.1067 gamma=1.000 (tau_u=1.594e-01 tau_v=8.260e-02 |Du|=7.64e+00 |DRu|=4.45e+01)
  [PT] w_u=6.6901 w_v=11.4842 gamma=1.000 (tau_u=1.495e-01 tau_v=8.708e-02 |Du|=6.03e+00 |DRu|=2.47e+01)
  [PT] w_u=6.4041 w_v=10.9418 gamma=1.000 (tau_u=1.561e-01 tau_v=9.139e-02 |Du|=6.87e+00 |DRu|=1.48e+01)
  [PT] w_u=6.6785 w_v=11.4509 gamma=1.000 (tau_u=1.497e-01 tau_v=8.733e-02 |Du|=8.00e+00 |DRu|=2.64e+01)
  [PT] w_u=7.2876 w_v=12.2514 gamma=1.000 (tau_u=1.372e-01 tau_v=8.162e-02 |Du|=5.65e+00 |DRu|=3.60e+01)
  [PT] w_u=7.7159 w_v=13.1811 gamma=1.000 (tau_u=1.296e-01 tau_v=7.587e-02 |Du|=6.03e+00 |DRu|=2.44e+01)
  [PT] w_u=7.1383 w_v=13.2957 gamma=1.000 (tau_u=1.401e-01 tau_v=7.521e-02 |Du|=7.99e+00 |DRu|=1.65e+01)
  [PT] w_u=6.7940 w_v=13.6021 gamma=1.000 (tau_u=1.472e-01 tau_v=7.352e-02 |Du|=9.08e+00 |DRu|=1.98e+01)
  [PT] w_u=7.2324 w_v=14.3300 gamma=1.000 (tau_u=1.383e-01 tau_v=6.978e-02 |Du|=8.96e+00 |DRu|=3.72e+01)
  [PT] w_u=7.7183 w_v=14.8639 gamma=1.000 (tau_u=1.296e-01 tau_v=6.728e-02 |Du|=6.59e+00 |DRu|=2.91e+01)
  [PT] w_u=7.0986 w_v=13.3174 gamma=1.000 (tau_u=1.409e-01 tau_v=7.509e-02 |Du|=9.35e+00 |DRu|=1.90e+01)
  [PT] w_u=6.3269 w_v=13.0264 gamma=1.000 (tau_u=1.581e-01 tau_v=7.677e-02 |Du|=1.08e+01 |DRu|=1.94e+01)
  [PT] w_u=6.3133 w_v=13.3415 gamma=1.000 (tau_u=1.584e-01 tau_v=7.495e-02 |Du|=1.04e+01 |DRu|=2.58e+01)
[Adam] ep=  600  total=6.080e-01  PDE=8.386e-02 [colloc=7.401e-02, cfd=9.850e-03] (w=2.610)  IN=6.374e-02 (w=1.191)  TB=4.502e-02 (w=1.017)  WALL=4.861e-16 (w=0.200)  OUT=9.686e-04 (w=0.328)  DATA=5.619e-02 (w=4.754)
  [PT] w_u=6.7694 w_v=13.6359 gamma=1.000 (tau_u=1.477e-01 tau_v=7.334e-02 |Du|=6.54e+00 |DRu|=2.88e+01)
  [PT] w_u=6.9770 w_v=13.8630 gamma=1.000 (tau_u=1.433e-01 tau_v=7.213e-02 |Du|=7.54e+00 |DRu|=2.34e+01)
  [PT] w_u=6.9413 w_v=13.7632 gamma=1.000 (tau_u=1.441e-01 tau_v=7.266e-02 |Du|=5.95e+00 |DRu|=1.53e+01)
  [PT] w_u=7.0824 w_v=13.1280 gamma=1.000 (tau_u=1.412e-01 tau_v=7.617e-02 |Du|=3.70e+00 |DRu|=1.09e+01)
  [PT] w_u=7.5434 w_v=13.2401 gamma=1.000 (tau_u=1.326e-01 tau_v=7.553e-02 |Du|=4.99e+00 |DRu|=2.13e+01)
  [PT] w_u=7.8186 w_v=13.4868 gamma=1.000 (tau_u=1.279e-01 tau_v=7.415e-02 |Du|=8.69e+00 |DRu|=2.96e+01)
  [PT] w_u=7.6561 w_v=12.8969 gamma=1.000 (tau_u=1.306e-01 tau_v=7.754e-02 |Du|=6.34e+00 |DRu|=1.61e+01)
  [PT] w_u=6.9692 w_v=11.5119 gamma=1.000 (tau_u=1.435e-01 tau_v=8.687e-02 |Du|=3.70e+00 |DRu|=7.27e+00)
  [PT] w_u=7.0160 w_v=11.4255 gamma=1.000 (tau_u=1.425e-01 tau_v=8.752e-02 |Du|=3.75e+00 |DRu|=1.03e+01)
  [PT] w_u=6.8020 w_v=11.4857 gamma=0.991 (tau_u=1.470e-01 tau_v=8.706e-02 |Du|=7.97e+00 |DRu|=1.83e+01)
  [PT] w_u=5.4597 w_v=10.4204 gamma=1.000 (tau_u=1.832e-01 tau_v=9.597e-02 |Du|=1.54e+01 |DRu|=2.16e+01)
  [PT] w_u=4.5756 w_v=9.3716 gamma=1.000 (tau_u=2.186e-01 tau_v=1.067e-01 |Du|=7.25e+00 |DRu|=9.89e+00)
  [PT] w_u=4.7617 w_v=9.6169 gamma=1.000 (tau_u=2.100e-01 tau_v=1.040e-01 |Du|=4.43e+00 |DRu|=1.21e+01)
  [PT] w_u=4.6462 w_v=9.7550 gamma=1.000 (tau_u=2.152e-01 tau_v=1.025e-01 |Du|=1.14e+01 |DRu|=2.22e+01)
  [PT] w_u=4.5106 w_v=8.8123 gamma=0.999 (tau_u=2.217e-01 tau_v=1.135e-01 |Du|=5.76e+00 |DRu|=1.09e+01)
  [PT] w_u=4.3013 w_v=9.1032 gamma=1.000 (tau_u=2.325e-01 tau_v=1.099e-01 |Du|=1.21e+01 |DRu|=2.11e+01)
  [PT] w_u=3.9793 w_v=9.2188 gamma=1.000 (tau_u=2.513e-01 tau_v=1.085e-01 |Du|=9.66e+00 |DRu|=1.49e+01)
  [PT] w_u=4.3170 w_v=9.5713 gamma=1.000 (tau_u=2.316e-01 tau_v=1.045e-01 |Du|=3.30e+00 |DRu|=1.41e+01)
  [PT] w_u=4.3760 w_v=9.9103 gamma=1.000 (tau_u=2.285e-01 tau_v=1.009e-01 |Du|=1.11e+01 |DRu|=2.48e+01)
  [PT] w_u=4.1770 w_v=9.2874 gamma=0.999 (tau_u=2.394e-01 tau_v=1.077e-01 |Du|=8.42e+00 |DRu|=1.45e+01)
[Adam] ep=  620  total=3.039e-01  PDE=3.683e-02 [colloc=3.077e-02, cfd=6.061e-03] (w=2.201)  IN=3.457e-02 (w=1.361)  TB=2.357e-02 (w=1.134)  WALL=3.293e-16 (w=0.200)  OUT=3.768e-03 (w=0.330)  DATA=2.921e-02 (w=5.062)
  [PT] w_u=4.0898 w_v=7.8205 gamma=1.000 (tau_u=2.445e-01 tau_v=1.279e-01 |Du|=6.59e+00 |DRu|=1.22e+01)
  [PT] w_u=4.3700 w_v=8.2621 gamma=1.000 (tau_u=2.288e-01 tau_v=1.210e-01 |Du|=5.40e+00 |DRu|=1.82e+01)
  [PT] w_u=4.5805 w_v=7.7955 gamma=1.000 (tau_u=2.183e-01 tau_v=1.283e-01 |Du|=3.26e+00 |DRu|=9.26e+00)
  [PT] w_u=4.3088 w_v=7.3573 gamma=0.999 (tau_u=2.321e-01 tau_v=1.359e-01 |Du|=1.16e+01 |DRu|=1.95e+01)
  [PT] w_u=4.4096 w_v=7.2053 gamma=0.998 (tau_u=2.268e-01 tau_v=1.388e-01 |Du|=6.04e+00 |DRu|=1.43e+01)
  [PT] w_u=4.0733 w_v=7.3443 gamma=0.999 (tau_u=2.455e-01 tau_v=1.362e-01 |Du|=8.26e+00 |DRu|=1.28e+01)
  [PT] w_u=4.3692 w_v=8.0036 gamma=1.000 (tau_u=2.289e-01 tau_v=1.249e-01 |Du|=1.07e+01 |DRu|=3.80e+01)
  [PT] w_u=4.5237 w_v=7.9190 gamma=1.000 (tau_u=2.211e-01 tau_v=1.263e-01 |Du|=6.22e+00 |DRu|=1.60e+01)
  [PT] w_u=4.9204 w_v=8.3921 gamma=1.000 (tau_u=2.032e-01 tau_v=1.192e-01 |Du|=5.89e+00 |DRu|=2.85e+01)
  [PT] w_u=5.2056 w_v=9.0672 gamma=1.000 (tau_u=1.921e-01 tau_v=1.103e-01 |Du|=1.12e+01 |DRu|=3.71e+01)
  [PT] w_u=5.0646 w_v=8.5253 gamma=1.000 (tau_u=1.974e-01 tau_v=1.173e-01 |Du|=1.12e+01 |DRu|=2.25e+01)
  [PT] w_u=5.1731 w_v=8.3882 gamma=1.000 (tau_u=1.933e-01 tau_v=1.192e-01 |Du|=9.23e+00 |DRu|=2.34e+01)
  [PT] w_u=5.6100 w_v=8.7056 gamma=1.000 (tau_u=1.783e-01 tau_v=1.149e-01 |Du|=6.04e+00 |DRu|=2.92e+01)
  [PT] w_u=5.4279 w_v=9.0136 gamma=1.000 (tau_u=1.842e-01 tau_v=1.109e-01 |Du|=7.84e+00 |DRu|=1.61e+01)
  [PT] w_u=5.0179 w_v=8.7800 gamma=1.000 (tau_u=1.993e-01 tau_v=1.139e-01 |Du|=8.44e+00 |DRu|=1.46e+01)
  [PT] w_u=5.3547 w_v=8.8179 gamma=1.000 (tau_u=1.868e-01 tau_v=1.134e-01 |Du|=8.20e+00 |DRu|=3.02e+01)
  [PT] w_u=5.5358 w_v=8.3395 gamma=1.000 (tau_u=1.806e-01 tau_v=1.199e-01 |Du|=3.70e+00 |DRu|=1.04e+01)
  [PT] w_u=5.7101 w_v=9.0518 gamma=0.998 (tau_u=1.751e-01 tau_v=1.105e-01 |Du|=7.34e+00 |DRu|=2.07e+01)
  [PT] w_u=5.8627 w_v=7.3785 gamma=0.990 (tau_u=1.706e-01 tau_v=1.355e-01 |Du|=3.98e+00 |DRu|=1.10e+01)
  [PT] w_u=5.1223 w_v=7.4615 gamma=1.000 (tau_u=1.952e-01 tau_v=1.340e-01 |Du|=9.32e+00 |DRu|=1.44e+01)
[Adam] ep=  640  total=2.809e-01  PDE=2.119e-02 [colloc=1.869e-02, cfd=2.498e-03] (w=2.569)  IN=3.067e-02 (w=1.235)  TB=1.106e-02 (w=0.815)  WALL=3.262e-16 (w=0.200)  OUT=1.731e-03 (w=0.346)  DATA=3.375e-02 (w=5.304)
  [PT] w_u=5.4356 w_v=7.5288 gamma=1.000 (tau_u=1.840e-01 tau_v=1.328e-01 |Du|=4.52e+00 |DRu|=1.57e+01)
  [PT] w_u=5.4252 w_v=7.0762 gamma=0.999 (tau_u=1.843e-01 tau_v=1.413e-01 |Du|=5.00e+00 |DRu|=1.15e+01)
  [PT] w_u=5.9465 w_v=7.7240 gamma=1.000 (tau_u=1.682e-01 tau_v=1.295e-01 |Du|=4.34e+00 |DRu|=2.87e+01)
  [PT] w_u=6.4066 w_v=8.3425 gamma=1.000 (tau_u=1.561e-01 tau_v=1.199e-01 |Du|=1.56e+00 |DRu|=7.17e+00)
  [PT] w_u=6.8699 w_v=8.7227 gamma=1.000 (tau_u=1.456e-01 tau_v=1.146e-01 |Du|=3.03e+00 |DRu|=1.34e+01)
  [PT] w_u=7.3889 w_v=9.2465 gamma=0.999 (tau_u=1.353e-01 tau_v=1.081e-01 |Du|=5.50e+00 |DRu|=2.64e+01)
  [PT] w_u=7.5725 w_v=9.0925 gamma=1.000 (tau_u=1.321e-01 tau_v=1.100e-01 |Du|=3.23e+00 |DRu|=1.01e+01)
  [PT] w_u=8.1549 w_v=9.0993 gamma=1.000 (tau_u=1.226e-01 tau_v=1.099e-01 |Du|=2.83e+00 |DRu|=1.46e+01)
  [PT] w_u=7.3727 w_v=8.4289 gamma=0.996 (tau_u=1.356e-01 tau_v=1.186e-01 |Du|=5.92e+00 |DRu|=1.18e+01)
  [PT] w_u=6.9633 w_v=7.9357 gamma=1.000 (tau_u=1.436e-01 tau_v=1.260e-01 |Du|=7.38e+00 |DRu|=1.59e+01)
  [PT] w_u=6.9485 w_v=8.2394 gamma=1.000 (tau_u=1.439e-01 tau_v=1.214e-01 |Du|=5.69e+00 |DRu|=1.48e+01)
  [PT] w_u=6.8122 w_v=8.5298 gamma=1.000 (tau_u=1.468e-01 tau_v=1.172e-01 |Du|=2.85e+00 |DRu|=6.86e+00)
  [PT] w_u=7.0817 w_v=9.1511 gamma=1.000 (tau_u=1.412e-01 tau_v=1.093e-01 |Du|=6.84e+00 |DRu|=2.27e+01)
  [PT] w_u=6.4361 w_v=8.3226 gamma=1.000 (tau_u=1.554e-01 tau_v=1.202e-01 |Du|=4.42e+00 |DRu|=8.31e+00)
  [PT] w_u=6.6544 w_v=8.4153 gamma=0.996 (tau_u=1.503e-01 tau_v=1.188e-01 |Du|=3.49e+00 |DRu|=1.08e+01)
  [PT] w_u=6.2729 w_v=9.0303 gamma=1.000 (tau_u=1.594e-01 tau_v=1.107e-01 |Du|=1.20e+01 |DRu|=2.43e+01)
  [PT] w_u=5.1909 w_v=9.3035 gamma=1.000 (tau_u=1.926e-01 tau_v=1.075e-01 |Du|=6.93e+00 |DRu|=9.88e+00)
  [PT] w_u=5.5958 w_v=9.4764 gamma=1.000 (tau_u=1.787e-01 tau_v=1.055e-01 |Du|=3.71e+00 |DRu|=1.61e+01)
  [PT] w_u=5.3485 w_v=9.8699 gamma=1.000 (tau_u=1.870e-01 tau_v=1.013e-01 |Du|=1.03e+01 |DRu|=2.01e+01)
  [PT] w_u=5.6469 w_v=9.5535 gamma=1.000 (tau_u=1.771e-01 tau_v=1.047e-01 |Du|=6.61e+00 |DRu|=2.23e+01)
[Adam] ep=  660  total=2.691e-01  PDE=3.426e-02 [colloc=3.080e-02, cfd=3.463e-03] (w=2.545)  IN=2.299e-02 (w=1.210)  TB=1.612e-02 (w=0.956)  WALL=6.824e-16 (w=0.200)  OUT=2.931e-04 (w=0.260)  DATA=2.677e-02 (w=5.179)
  [PT] w_u=5.8242 w_v=9.6585 gamma=1.000 (tau_u=1.717e-01 tau_v=1.035e-01 |Du|=4.99e+00 |DRu|=1.42e+01)
  [PT] w_u=6.2079 w_v=10.3946 gamma=1.000 (tau_u=1.611e-01 tau_v=9.620e-02 |Du|=4.37e+00 |DRu|=1.71e+01)
  [PT] w_u=6.3770 w_v=10.2396 gamma=1.000 (tau_u=1.568e-01 tau_v=9.766e-02 |Du|=3.98e+00 |DRu|=1.16e+01)
  [PT] w_u=6.6149 w_v=10.4548 gamma=1.000 (tau_u=1.512e-01 tau_v=9.565e-02 |Du|=7.09e+00 |DRu|=2.24e+01)
  [PT] w_u=6.5739 w_v=9.6124 gamma=1.000 (tau_u=1.521e-01 tau_v=1.040e-01 |Du|=5.88e+00 |DRu|=1.47e+01)
  [PT] w_u=6.2987 w_v=8.6083 gamma=1.000 (tau_u=1.588e-01 tau_v=1.162e-01 |Du|=4.76e+00 |DRu|=1.02e+01)
  [PT] w_u=6.6090 w_v=8.7704 gamma=1.000 (tau_u=1.513e-01 tau_v=1.140e-01 |Du|=4.64e+00 |DRu|=1.60e+01)
  [PT] w_u=6.5945 w_v=8.1042 gamma=1.000 (tau_u=1.516e-01 tau_v=1.234e-01 |Du|=5.97e+00 |DRu|=1.52e+01)
  [PT] w_u=6.6222 w_v=7.1555 gamma=1.000 (tau_u=1.510e-01 tau_v=1.398e-01 |Du|=5.21e+00 |DRu|=1.37e+01)
  [PT] w_u=6.7131 w_v=6.9577 gamma=1.000 (tau_u=1.490e-01 tau_v=1.437e-01 |Du|=5.28e+00 |DRu|=1.46e+01)
  [PT] w_u=6.5381 w_v=7.0815 gamma=0.999 (tau_u=1.529e-01 tau_v=1.412e-01 |Du|=4.04e+00 |DRu|=9.29e+00)
  [PT] w_u=5.9832 w_v=6.8625 gamma=1.000 (tau_u=1.671e-01 tau_v=1.457e-01 |Du|=8.68e+00 |DRu|=1.60e+01)
  [PT] w_u=5.0712 w_v=6.3806 gamma=1.000 (tau_u=1.972e-01 tau_v=1.567e-01 |Du|=9.00e+00 |DRu|=1.32e+01)
  [PT] w_u=5.3667 w_v=6.4552 gamma=1.000 (tau_u=1.863e-01 tau_v=1.549e-01 |Du|=4.38e+00 |DRu|=1.47e+01)
  [PT] w_u=5.4268 w_v=6.3849 gamma=1.000 (tau_u=1.843e-01 tau_v=1.566e-01 |Du|=5.00e+00 |DRu|=1.23e+01)
  [PT] w_u=5.2278 w_v=5.7537 gamma=0.999 (tau_u=1.913e-01 tau_v=1.738e-01 |Du|=7.28e+00 |DRu|=1.44e+01)
  [PT] w_u=5.5962 w_v=5.8491 gamma=1.000 (tau_u=1.787e-01 tau_v=1.710e-01 |Du|=6.05e+00 |DRu|=2.37e+01)
  [PT] w_u=5.9480 w_v=5.8323 gamma=1.000 (tau_u=1.681e-01 tau_v=1.715e-01 |Du|=1.78e+00 |DRu|=6.58e+00)
  [PT] w_u=6.3904 w_v=6.3880 gamma=1.000 (tau_u=1.565e-01 tau_v=1.565e-01 |Du|=5.40e+00 |DRu|=2.37e+01)
  [PT] w_u=5.4779 w_v=5.6402 gamma=1.000 (tau_u=1.826e-01 tau_v=1.773e-01 |Du|=6.54e+00 |DRu|=1.01e+01)
[Adam] ep=  680  total=3.460e-01  PDE=5.638e-02 [colloc=5.221e-02, cfd=4.169e-03] (w=2.427)  IN=2.497e-02 (w=1.240)  TB=2.138e-02 (w=1.028)  WALL=1.097e-15 (w=0.200)  OUT=3.919e-03 (w=0.329)  DATA=2.989e-02 (w=5.186)
  [PT] w_u=5.9710 w_v=5.7477 gamma=1.000 (tau_u=1.675e-01 tau_v=1.740e-01 |Du|=6.63e+00 |DRu|=3.72e+01)
  [PT] w_u=5.8097 w_v=5.3717 gamma=1.000 (tau_u=1.721e-01 tau_v=1.862e-01 |Du|=5.65e+00 |DRu|=1.22e+01)
  [PT] w_u=5.9704 w_v=5.5524 gamma=1.000 (tau_u=1.675e-01 tau_v=1.801e-01 |Du|=6.05e+00 |DRu|=1.71e+01)
  [PT] w_u=6.5014 w_v=6.0647 gamma=1.000 (tau_u=1.538e-01 tau_v=1.649e-01 |Du|=6.48e+00 |DRu|=3.70e+01)
  [PT] w_u=7.0344 w_v=6.3620 gamma=1.000 (tau_u=1.422e-01 tau_v=1.572e-01 |Du|=3.39e+00 |DRu|=1.76e+01)
  [PT] w_u=5.6439 w_v=5.5498 gamma=1.000 (tau_u=1.772e-01 tau_v=1.802e-01 |Du|=3.41e+00 |DRu|=4.86e+00)
  [PT] w_u=6.0487 w_v=5.9499 gamma=0.999 (tau_u=1.653e-01 tau_v=1.681e-01 |Du|=4.91e+00 |DRu|=2.03e+01)
  [PT] w_u=6.4880 w_v=6.4056 gamma=1.000 (tau_u=1.541e-01 tau_v=1.561e-01 |Du|=7.51e+00 |DRu|=3.25e+01)
  [PT] w_u=6.0555 w_v=5.8828 gamma=1.000 (tau_u=1.651e-01 tau_v=1.700e-01 |Du|=5.21e+00 |DRu|=1.01e+01)
  [PT] w_u=6.4466 w_v=5.7386 gamma=1.000 (tau_u=1.551e-01 tau_v=1.743e-01 |Du|=3.52e+00 |DRu|=1.38e+01)
  [PT] w_u=7.0640 w_v=6.2020 gamma=1.000 (tau_u=1.416e-01 tau_v=1.612e-01 |Du|=4.02e+00 |DRu|=2.87e+01)
  [PT] w_u=7.1145 w_v=6.1308 gamma=1.000 (tau_u=1.406e-01 tau_v=1.631e-01 |Du|=3.37e+00 |DRu|=9.30e+00)
  [PT] w_u=7.6221 w_v=6.1463 gamma=0.992 (tau_u=1.312e-01 tau_v=1.627e-01 |Du|=4.08e+00 |DRu|=1.87e+01)
  [PT] w_u=7.2907 w_v=6.1310 gamma=1.000 (tau_u=1.372e-01 tau_v=1.631e-01 |Du|=1.07e+01 |DRu|=2.45e+01)
  [PT] w_u=5.2474 w_v=5.8430 gamma=1.000 (tau_u=1.906e-01 tau_v=1.711e-01 |Du|=9.10e+00 |DRu|=1.11e+01)
  [PT] w_u=5.6462 w_v=6.3140 gamma=1.000 (tau_u=1.771e-01 tau_v=1.584e-01 |Du|=5.80e+00 |DRu|=2.45e+01)
  [PT] w_u=5.6218 w_v=6.7024 gamma=1.000 (tau_u=1.779e-01 tau_v=1.492e-01 |Du|=8.71e+00 |DRu|=2.03e+01)
  [PT] w_u=5.2247 w_v=7.0333 gamma=1.000 (tau_u=1.914e-01 tau_v=1.422e-01 |Du|=8.63e+00 |DRu|=1.54e+01)
  [PT] w_u=5.5802 w_v=7.0747 gamma=0.999 (tau_u=1.792e-01 tau_v=1.413e-01 |Du|=4.69e+00 |DRu|=1.78e+01)
  [PT] w_u=5.1761 w_v=6.9843 gamma=0.999 (tau_u=1.932e-01 tau_v=1.432e-01 |Du|=1.01e+01 |DRu|=1.79e+01)
[Adam] ep=  700  total=3.284e-01  PDE=2.979e-02 [colloc=2.755e-02, cfd=2.239e-03] (w=2.398)  IN=3.633e-02 (w=1.277)  TB=2.345e-02 (w=1.063)  WALL=2.180e-16 (w=0.200)  OUT=7.841e-04 (w=0.240)  DATA=3.637e-02 (w=5.101)
  [PT] w_u=5.5596 w_v=7.3820 gamma=1.000 (tau_u=1.799e-01 tau_v=1.355e-01 |Du|=6.80e+00 |DRu|=2.78e+01)
  [PT] w_u=4.8692 w_v=7.5843 gamma=1.000 (tau_u=2.054e-01 tau_v=1.319e-01 |Du|=3.17e+00 |DRu|=4.81e+00)
  [PT] w_u=5.0398 w_v=8.2471 gamma=1.000 (tau_u=1.984e-01 tau_v=1.213e-01 |Du|=1.01e+01 |DRu|=2.75e+01)
  [PT] w_u=4.7841 w_v=8.7032 gamma=1.000 (tau_u=2.090e-01 tau_v=1.149e-01 |Du|=8.56e+00 |DRu|=1.55e+01)
  [PT] w_u=4.8849 w_v=8.9967 gamma=0.997 (tau_u=2.047e-01 tau_v=1.112e-01 |Du|=4.28e+00 |DRu|=1.05e+01)
  [PT] w_u=5.1961 w_v=9.6380 gamma=0.999 (tau_u=1.925e-01 tau_v=1.038e-01 |Du|=6.69e+00 |DRu|=2.33e+01)
  [PT] w_u=4.8943 w_v=9.9632 gamma=1.000 (tau_u=2.043e-01 tau_v=1.004e-01 |Du|=9.25e+00 |DRu|=1.66e+01)
  [PT] w_u=4.8651 w_v=9.3763 gamma=1.000 (tau_u=2.055e-01 tau_v=1.067e-01 |Du|=6.88e+00 |DRu|=1.48e+01)
  [PT] w_u=5.2805 w_v=9.3923 gamma=1.000 (tau_u=1.894e-01 tau_v=1.065e-01 |Du|=4.90e+00 |DRu|=2.34e+01)
  [PT] w_u=4.9600 w_v=9.8203 gamma=1.000 (tau_u=2.016e-01 tau_v=1.018e-01 |Du|=8.17e+00 |DRu|=1.46e+01)
  [PT] w_u=5.2240 w_v=9.7368 gamma=0.996 (tau_u=1.914e-01 tau_v=1.027e-01 |Du|=6.70e+00 |DRu|=2.12e+01)
  [PT] w_u=4.9959 w_v=8.7603 gamma=0.999 (tau_u=2.002e-01 tau_v=1.142e-01 |Du|=6.21e+00 |DRu|=1.18e+01)
  [PT] w_u=4.8116 w_v=8.7506 gamma=1.000 (tau_u=2.078e-01 tau_v=1.143e-01 |Du|=1.13e+01 |DRu|=2.14e+01)
  [PT] w_u=5.2449 w_v=9.4341 gamma=1.000 (tau_u=1.907e-01 tau_v=1.060e-01 |Du|=1.33e+00 |DRu|=7.01e+00)
  [PT] w_u=5.3187 w_v=9.3003 gamma=0.998 (tau_u=1.880e-01 tau_v=1.075e-01 |Du|=5.97e+00 |DRu|=1.47e+01)
  [PT] w_u=5.4237 w_v=8.5318 gamma=0.999 (tau_u=1.844e-01 tau_v=1.172e-01 |Du|=4.14e+00 |DRu|=1.06e+01)
  [PT] w_u=5.5429 w_v=8.5065 gamma=1.000 (tau_u=1.804e-01 tau_v=1.176e-01 |Du|=4.04e+00 |DRu|=1.06e+01)
  [PT] w_u=5.9247 w_v=8.3523 gamma=1.000 (tau_u=1.688e-01 tau_v=1.197e-01 |Du|=2.21e+00 |DRu|=8.71e+00)
  [PT] w_u=5.7448 w_v=8.0814 gamma=0.998 (tau_u=1.741e-01 tau_v=1.237e-01 |Du|=4.05e+00 |DRu|=8.58e+00)
  [PT] w_u=6.2225 w_v=8.7475 gamma=1.000 (tau_u=1.607e-01 tau_v=1.143e-01 |Du|=5.69e+00 |DRu|=2.83e+01)
[Adam] ep=  720  total=2.386e-01  PDE=2.622e-02 [colloc=2.408e-02, cfd=2.145e-03] (w=2.407)  IN=2.223e-02 (w=1.299)  TB=1.171e-02 (w=0.948)  WALL=6.488e-16 (w=0.200)  OUT=4.827e-04 (w=0.242)  DATA=2.537e-02 (w=5.336)
  [PT] w_u=6.3306 w_v=8.9834 gamma=1.000 (tau_u=1.580e-01 tau_v=1.113e-01 |Du|=4.21e+00 |DRu|=1.15e+01)
  [PT] w_u=6.6144 w_v=9.0724 gamma=1.000 (tau_u=1.512e-01 tau_v=1.102e-01 |Du|=4.68e+00 |DRu|=1.56e+01)
  [PT] w_u=7.1326 w_v=9.5800 gamma=1.000 (tau_u=1.402e-01 tau_v=1.044e-01 |Du|=5.92e+00 |DRu|=2.91e+01)
  [PT] w_u=7.4969 w_v=9.8074 gamma=1.000 (tau_u=1.334e-01 tau_v=1.020e-01 |Du|=3.37e+00 |DRu|=1.26e+01)
  [PT] w_u=7.2653 w_v=9.4587 gamma=1.000 (tau_u=1.376e-01 tau_v=1.057e-01 |Du|=5.38e+00 |DRu|=1.28e+01)
  [PT] w_u=7.5178 w_v=9.3613 gamma=1.000 (tau_u=1.330e-01 tau_v=1.068e-01 |Du|=8.28e+00 |DRu|=2.74e+01)
  [PT] w_u=7.2238 w_v=9.1470 gamma=1.000 (tau_u=1.384e-01 tau_v=1.093e-01 |Du|=4.78e+00 |DRu|=1.10e+01)
  [PT] w_u=7.7895 w_v=10.0852 gamma=1.000 (tau_u=1.284e-01 tau_v=9.916e-02 |Du|=4.01e+00 |DRu|=2.06e+01)
  [PT] w_u=7.5874 w_v=10.0374 gamma=1.000 (tau_u=1.318e-01 tau_v=9.963e-02 |Du|=4.19e+00 |DRu|=1.04e+01)
  [PT] w_u=6.6873 w_v=9.1606 gamma=1.000 (tau_u=1.495e-01 tau_v=1.092e-01 |Du|=5.08e+00 |DRu|=9.13e+00)
  [PT] w_u=7.0607 w_v=9.1458 gamma=1.000 (tau_u=1.416e-01 tau_v=1.093e-01 |Du|=5.16e+00 |DRu|=1.94e+01)
  [PT] w_u=7.3313 w_v=8.9775 gamma=1.000 (tau_u=1.364e-01 tau_v=1.114e-01 |Du|=4.24e+00 |DRu|=1.42e+01)
  [PT] w_u=7.0386 w_v=8.7637 gamma=1.000 (tau_u=1.421e-01 tau_v=1.141e-01 |Du|=5.25e+00 |DRu|=1.19e+01)
  [PT] w_u=6.7035 w_v=8.8221 gamma=1.000 (tau_u=1.492e-01 tau_v=1.134e-01 |Du|=6.98e+00 |DRu|=1.51e+01)
  [PT] w_u=5.7764 w_v=8.4460 gamma=1.000 (tau_u=1.731e-01 tau_v=1.184e-01 |Du|=8.43e+00 |DRu|=1.35e+01)
  [PT] w_u=4.5244 w_v=7.6208 gamma=1.000 (tau_u=2.210e-01 tau_v=1.312e-01 |Du|=1.06e+01 |DRu|=1.31e+01)
  [PT] w_u=4.3136 w_v=7.2890 gamma=1.000 (tau_u=2.318e-01 tau_v=1.372e-01 |Du|=8.90e+00 |DRu|=1.55e+01)
  [PT] w_u=4.4295 w_v=7.5190 gamma=1.000 (tau_u=2.258e-01 tau_v=1.330e-01 |Du|=9.65e+00 |DRu|=2.33e+01)
  [PT] w_u=3.7776 w_v=7.7188 gamma=1.000 (tau_u=2.647e-01 tau_v=1.296e-01 |Du|=1.21e+01 |DRu|=1.54e+01)
  [PT] w_u=3.3522 w_v=7.3980 gamma=1.000 (tau_u=2.983e-01 tau_v=1.352e-01 |Du|=1.12e+01 |DRu|=1.44e+01)
[Adam] ep=  740  total=4.600e-01  PDE=7.180e-02 [colloc=6.847e-02, cfd=3.329e-03] (w=2.552)  IN=3.481e-02 (w=1.219)  TB=2.366e-02 (w=0.884)  WALL=1.538e-15 (w=0.200)  OUT=6.014e-03 (w=0.340)  DATA=4.028e-02 (w=5.248)
  [PT] w_u=3.3286 w_v=7.3136 gamma=1.000 (tau_u=3.004e-01 tau_v=1.367e-01 |Du|=1.05e+01 |DRu|=1.86e+01)
  [PT] w_u=3.5211 w_v=7.3205 gamma=1.000 (tau_u=2.840e-01 tau_v=1.366e-01 |Du|=5.72e+00 |DRu|=1.55e+01)
  [PT] w_u=3.2318 w_v=7.4768 gamma=1.000 (tau_u=3.094e-01 tau_v=1.337e-01 |Du|=8.93e+00 |DRu|=1.22e+01)
  [PT] w_u=2.8728 w_v=7.6978 gamma=1.000 (tau_u=3.481e-01 tau_v=1.299e-01 |Du|=1.60e+01 |DRu|=1.91e+01)
  [PT] w_u=2.5646 w_v=7.7432 gamma=0.998 (tau_u=3.899e-01 tau_v=1.291e-01 |Du|=1.30e+01 |DRu|=1.48e+01)
  [PT] w_u=2.5955 w_v=8.0242 gamma=1.000 (tau_u=3.853e-01 tau_v=1.246e-01 |Du|=1.40e+01 |DRu|=2.40e+01)
  [PT] w_u=2.6171 w_v=7.9597 gamma=1.000 (tau_u=3.821e-01 tau_v=1.256e-01 |Du|=1.09e+01 |DRu|=1.83e+01)
  [PT] w_u=2.7030 w_v=7.9586 gamma=1.000 (tau_u=3.700e-01 tau_v=1.256e-01 |Du|=6.59e+00 |DRu|=1.29e+01)
  [PT] w_u=2.7499 w_v=8.4906 gamma=1.000 (tau_u=3.636e-01 tau_v=1.178e-01 |Du|=8.88e+00 |DRu|=1.60e+01)
  [PT] w_u=2.2261 w_v=7.7472 gamma=1.000 (tau_u=4.492e-01 tau_v=1.291e-01 |Du|=9.60e+00 |DRu|=8.70e+00)
  [PT] w_u=2.2885 w_v=8.1105 gamma=1.000 (tau_u=4.370e-01 tau_v=1.233e-01 |Du|=1.48e+01 |DRu|=2.58e+01)
  [PT] w_u=2.1160 w_v=7.9260 gamma=1.000 (tau_u=4.726e-01 tau_v=1.262e-01 |Du|=1.28e+01 |DRu|=1.44e+01)
  [PT] w_u=2.2933 w_v=8.3228 gamma=1.000 (tau_u=4.360e-01 tau_v=1.202e-01 |Du|=1.02e+01 |DRu|=3.10e+01)
  [PT] w_u=2.3758 w_v=8.6131 gamma=1.000 (tau_u=4.209e-01 tau_v=1.161e-01 |Du|=6.55e+00 |DRu|=1.23e+01)
  [PT] w_u=2.6296 w_v=9.4139 gamma=1.000 (tau_u=3.803e-01 tau_v=1.062e-01 |Du|=3.68e+00 |DRu|=3.04e+01)
  [PT] w_u=2.5521 w_v=9.2837 gamma=1.000 (tau_u=3.918e-01 tau_v=1.077e-01 |Du|=3.44e+00 |DRu|=4.88e+00)
  [PT] w_u=2.7758 w_v=9.9920 gamma=1.000 (tau_u=3.603e-01 tau_v=1.001e-01 |Du|=7.48e+00 |DRu|=2.71e+01)
  [PT] w_u=2.1576 w_v=9.7065 gamma=1.000 (tau_u=4.635e-01 tau_v=1.030e-01 |Du|=6.77e+00 |DRu|=5.74e+00)
  [PT] w_u=2.3339 w_v=10.1788 gamma=1.000 (tau_u=4.285e-01 tau_v=9.824e-02 |Du|=8.34e+00 |DRu|=2.48e+01)
  [PT] w_u=2.3472 w_v=10.4572 gamma=1.000 (tau_u=4.260e-01 tau_v=9.563e-02 |Du|=9.08e+00 |DRu|=1.43e+01)
[Adam] ep=  760  total=4.289e-01  PDE=7.826e-02 [colloc=7.220e-02, cfd=6.060e-03] (w=2.583)  IN=2.977e-02 (w=1.193)  TB=1.549e-02 (w=0.887)  WALL=2.025e-15 (w=0.200)  OUT=3.127e-03 (w=0.438)  DATA=3.447e-02 (w=5.110)
  [PT] w_u=2.4374 w_v=10.5375 gamma=1.000 (tau_u=4.103e-01 tau_v=9.490e-02 |Du|=1.28e+01 |DRu|=2.48e+01)
  [PT] w_u=2.3668 w_v=9.3503 gamma=1.000 (tau_u=4.225e-01 tau_v=1.069e-01 |Du|=1.23e+01 |DRu|=1.68e+01)
  [PT] w_u=2.5824 w_v=9.8579 gamma=1.000 (tau_u=3.872e-01 tau_v=1.014e-01 |Du|=1.14e+01 |DRu|=4.31e+01)
  [PT] w_u=2.5714 w_v=9.0738 gamma=1.000 (tau_u=3.889e-01 tau_v=1.102e-01 |Du|=7.70e+00 |DRu|=1.21e+01)
  [PT] w_u=2.7578 w_v=9.6937 gamma=1.000 (tau_u=3.626e-01 tau_v=1.032e-01 |Du|=8.61e+00 |DRu|=2.42e+01)
  [PT] w_u=3.0190 w_v=10.5076 gamma=1.000 (tau_u=3.312e-01 tau_v=9.517e-02 |Du|=9.41e+00 |DRu|=4.26e+01)
  [PT] w_u=3.1764 w_v=11.0868 gamma=1.000 (tau_u=3.148e-01 tau_v=9.020e-02 |Du|=3.43e+00 |DRu|=8.38e+00)
  [PT] w_u=3.4764 w_v=11.8016 gamma=1.000 (tau_u=2.877e-01 tau_v=8.473e-02 |Du|=4.92e+00 |DRu|=2.37e+01)
  [PT] w_u=3.8039 w_v=12.6689 gamma=1.000 (tau_u=2.629e-01 tau_v=7.893e-02 |Du|=1.15e+01 |DRu|=5.77e+01)
  [PT] w_u=4.1565 w_v=13.6100 gamma=1.000 (tau_u=2.406e-01 tau_v=7.348e-02 |Du|=6.01e+00 |DRu|=3.01e+01)
  [PT] w_u=4.1518 w_v=13.2764 gamma=1.000 (tau_u=2.409e-01 tau_v=7.532e-02 |Du|=5.11e+00 |DRu|=1.04e+01)
  [PT] w_u=4.4369 w_v=13.7347 gamma=1.000 (tau_u=2.254e-01 tau_v=7.281e-02 |Du|=9.09e+00 |DRu|=3.10e+01)
  [PT] w_u=4.7565 w_v=14.1825 gamma=0.999 (tau_u=2.102e-01 tau_v=7.051e-02 |Du|=1.20e+01 |DRu|=4.39e+01)
  [PT] w_u=5.1661 w_v=15.0606 gamma=1.000 (tau_u=1.936e-01 tau_v=6.640e-02 |Du|=1.06e+01 |DRu|=5.10e+01)
  [PT] w_u=5.5369 w_v=15.8997 gamma=1.000 (tau_u=1.806e-01 tau_v=6.289e-02 |Du|=6.59e+00 |DRu|=2.60e+01)
  [PT] w_u=5.3842 w_v=13.5977 gamma=1.000 (tau_u=1.857e-01 tau_v=7.354e-02 |Du|=5.27e+00 |DRu|=1.09e+01)
  [PT] w_u=5.6156 w_v=13.7623 gamma=1.000 (tau_u=1.781e-01 tau_v=7.266e-02 |Du|=6.36e+00 |DRu|=1.92e+01)
  [PT] w_u=6.0271 w_v=14.3333 gamma=1.000 (tau_u=1.659e-01 tau_v=6.977e-02 |Du|=7.28e+00 |DRu|=3.06e+01)
  [PT] w_u=6.5926 w_v=15.0815 gamma=1.000 (tau_u=1.517e-01 tau_v=6.631e-02 |Du|=6.11e+00 |DRu|=3.97e+01)
  [PT] w_u=7.1858 w_v=15.7548 gamma=1.000 (tau_u=1.392e-01 tau_v=6.347e-02 |Du|=4.91e+00 |DRu|=3.02e+01)
[Adam] ep=  780  total=1.027e+00  PDE=1.020e-01 [colloc=8.486e-02, cfd=1.715e-02] (w=2.822)  IN=9.764e-02 (w=1.033)  TB=3.091e-02 (w=0.692)  WALL=1.458e-15 (w=0.200)  OUT=3.405e-02 (w=0.594)  DATA=1.194e-01 (w=4.998)
  [PT] w_u=7.5339 w_v=15.8251 gamma=1.000 (tau_u=1.327e-01 tau_v=6.319e-02 |Du|=5.51e+00 |DRu|=2.01e+01)
  [PT] w_u=7.2836 w_v=15.1824 gamma=1.000 (tau_u=1.373e-01 tau_v=6.587e-02 |Du|=6.13e+00 |DRu|=1.45e+01)
  [PT] w_u=7.3424 w_v=15.2852 gamma=1.000 (tau_u=1.362e-01 tau_v=6.542e-02 |Du|=7.24e+00 |DRu|=2.04e+01)
  [PT] w_u=7.7119 w_v=15.7634 gamma=1.000 (tau_u=1.297e-01 tau_v=6.344e-02 |Du|=8.28e+00 |DRu|=3.11e+01)
  [PT] w_u=8.3183 w_v=16.4541 gamma=1.000 (tau_u=1.202e-01 tau_v=6.078e-02 |Du|=7.95e+00 |DRu|=4.24e+01)
  [PT] w_u=8.7797 w_v=16.6794 gamma=1.000 (tau_u=1.139e-01 tau_v=5.995e-02 |Du|=6.71e+00 |DRu|=2.81e+01)
  [PT] w_u=8.0961 w_v=15.6350 gamma=1.000 (tau_u=1.235e-01 tau_v=6.396e-02 |Du|=8.55e+00 |DRu|=1.87e+01)
  [PT] w_u=7.2546 w_v=14.3422 gamma=1.000 (tau_u=1.378e-01 tau_v=6.972e-02 |Du|=1.09e+01 |DRu|=2.11e+01)
  [PT] w_u=6.8268 w_v=13.4899 gamma=1.000 (tau_u=1.465e-01 tau_v=7.413e-02 |Du|=1.16e+01 |DRu|=2.45e+01)
  [PT] w_u=6.7806 w_v=13.0755 gamma=1.000 (tau_u=1.475e-01 tau_v=7.648e-02 |Du|=1.07e+01 |DRu|=2.70e+01)
  [PT] w_u=7.1003 w_v=13.2133 gamma=1.000 (tau_u=1.408e-01 tau_v=7.568e-02 |Du|=7.95e+00 |DRu|=2.79e+01)
  [PT] w_u=7.1678 w_v=13.6910 gamma=1.000 (tau_u=1.395e-01 tau_v=7.304e-02 |Du|=1.04e+01 |DRu|=2.92e+01)
  [PT] w_u=6.7946 w_v=14.3546 gamma=1.000 (tau_u=1.472e-01 tau_v=6.966e-02 |Du|=1.39e+01 |DRu|=2.99e+01)
  [PT] w_u=6.2437 w_v=14.4742 gamma=1.000 (tau_u=1.602e-01 tau_v=6.909e-02 |Du|=1.48e+01 |DRu|=2.81e+01)
  [PT] w_u=5.7109 w_v=13.8028 gamma=1.000 (tau_u=1.751e-01 tau_v=7.245e-02 |Du|=1.33e+01 |DRu|=2.39e+01)
  [PT] w_u=5.6939 w_v=13.4335 gamma=1.000 (tau_u=1.756e-01 tau_v=7.444e-02 |Du|=1.05e+01 |DRu|=2.47e+01)
  [PT] w_u=6.0467 w_v=13.4819 gamma=1.000 (tau_u=1.654e-01 tau_v=7.417e-02 |Du|=8.46e+00 |DRu|=3.13e+01)
  [PT] w_u=6.2761 w_v=13.5760 gamma=1.000 (tau_u=1.593e-01 tau_v=7.366e-02 |Du|=1.07e+01 |DRu|=3.32e+01)
  [PT] w_u=5.9343 w_v=13.6899 gamma=1.000 (tau_u=1.685e-01 tau_v=7.305e-02 |Du|=1.27e+01 |DRu|=2.52e+01)
  [PT] w_u=5.5822 w_v=14.2102 gamma=1.000 (tau_u=1.791e-01 tau_v=7.037e-02 |Du|=1.18e+01 |DRu|=2.25e+01)
[Adam] ep=  800  total=8.366e-01  PDE=1.074e-01 [colloc=9.877e-02, cfd=8.631e-03] (w=2.598)  IN=8.180e-02 (w=1.203)  TB=5.940e-02 (w=0.805)  WALL=5.730e-15 (w=0.200)  OUT=1.273e-02 (w=0.613)  DATA=8.161e-02 (w=4.944)
  [PT] w_u=5.8229 w_v=14.6313 gamma=1.000 (tau_u=1.717e-01 tau_v=6.835e-02 |Du|=6.93e+00 |DRu|=2.14e+01)
  [PT] w_u=5.7523 w_v=14.6134 gamma=1.000 (tau_u=1.738e-01 tau_v=6.843e-02 |Du|=6.30e+00 |DRu|=1.43e+01)
  [PT] w_u=4.3131 w_v=14.0180 gamma=1.000 (tau_u=2.319e-01 tau_v=7.134e-02 |Du|=1.49e+01 |DRu|=1.71e+01)
  [PT] w_u=3.5821 w_v=14.0789 gamma=1.000 (tau_u=2.792e-01 tau_v=7.103e-02 |Du|=2.18e+01 |DRu|=2.60e+01)
  [PT] w_u=3.4559 w_v=14.8339 gamma=1.000 (tau_u=2.894e-01 tau_v=6.741e-02 |Du|=1.89e+01 |DRu|=3.07e+01)
  [PT] w_u=3.6233 w_v=15.8739 gamma=1.000 (tau_u=2.760e-01 tau_v=6.300e-02 |Du|=5.47e+00 |DRu|=1.39e+01)
  [PT] w_u=3.7465 w_v=16.5582 gamma=1.000 (tau_u=2.669e-01 tau_v=6.039e-02 |Du|=6.76e+00 |DRu|=1.57e+01)
  [PT] w_u=3.6666 w_v=16.8726 gamma=1.000 (tau_u=2.727e-01 tau_v=5.927e-02 |Du|=1.53e+01 |DRu|=2.69e+01)
  [PT] w_u=3.4051 w_v=16.2705 gamma=1.000 (tau_u=2.937e-01 tau_v=6.146e-02 |Du|=1.71e+01 |DRu|=2.46e+01)
  [PT] w_u=3.1512 w_v=14.5758 gamma=1.000 (tau_u=3.173e-01 tau_v=6.861e-02 |Du|=6.63e+00 |DRu|=9.11e+00)
  [PT] w_u=3.2023 w_v=13.4081 gamma=1.000 (tau_u=3.123e-01 tau_v=7.458e-02 |Du|=7.16e+00 |DRu|=1.39e+01)
  [PT] w_u=3.2505 w_v=12.4643 gamma=1.000 (tau_u=3.076e-01 tau_v=8.023e-02 |Du|=1.00e+01 |DRu|=1.94e+01)
  [PT] w_u=3.2918 w_v=11.6729 gamma=1.000 (tau_u=3.038e-01 tau_v=8.567e-02 |Du|=5.72e+00 |DRu|=1.10e+01)
  [PT] w_u=3.3363 w_v=12.0593 gamma=1.000 (tau_u=2.997e-01 tau_v=8.292e-02 |Du|=8.43e+00 |DRu|=1.64e+01)
  [PT] w_u=3.0624 w_v=12.0286 gamma=0.999 (tau_u=3.265e-01 tau_v=8.314e-02 |Du|=6.28e+00 |DRu|=8.34e+00)
  [PT] w_u=3.2807 w_v=12.8083 gamma=0.993 (tau_u=3.048e-01 tau_v=7.807e-02 |Du|=2.89e+00 |DRu|=8.71e+00)
  [PT] w_u=3.2501 w_v=12.9960 gamma=1.000 (tau_u=3.077e-01 tau_v=7.695e-02 |Du|=9.36e+00 |DRu|=1.62e+01)
  [PT] w_u=2.0338 w_v=9.9239 gamma=1.000 (tau_u=4.917e-01 tau_v=1.008e-01 |Du|=7.28e+00 |DRu|=4.97e+00)
  [PT] w_u=2.1292 w_v=8.7949 gamma=1.000 (tau_u=4.697e-01 tau_v=1.137e-01 |Du|=6.53e+00 |DRu|=1.25e+01)
  [PT] w_u=2.2622 w_v=8.7491 gamma=1.000 (tau_u=4.420e-01 tau_v=1.143e-01 |Du|=7.91e+00 |DRu|=1.80e+01)
[Adam] ep=  820  total=2.985e-01  PDE=3.620e-02 [colloc=3.211e-02, cfd=4.092e-03] (w=2.198)  IN=3.189e-02 (w=1.238)  TB=2.471e-02 (w=1.211)  WALL=6.616e-16 (w=0.200)  OUT=4.187e-03 (w=0.459)  DATA=2.880e-02 (w=5.127)
  [PT] w_u=2.4309 w_v=9.2651 gamma=1.000 (tau_u=4.114e-01 tau_v=1.079e-01 |Du|=6.64e+00 |DRu|=1.80e+01)
  [PT] w_u=2.4076 w_v=8.9433 gamma=1.000 (tau_u=4.154e-01 tau_v=1.118e-01 |Du|=4.34e+00 |DRu|=6.47e+00)
  [PT] w_u=2.6472 w_v=9.1092 gamma=0.999 (tau_u=3.778e-01 tau_v=1.098e-01 |Du|=3.28e+00 |DRu|=1.65e+01)
  [PT] w_u=2.5639 w_v=9.1500 gamma=1.000 (tau_u=3.900e-01 tau_v=1.093e-01 |Du|=1.10e+01 |DRu|=1.56e+01)
  [PT] w_u=2.7665 w_v=9.6373 gamma=1.000 (tau_u=3.615e-01 tau_v=1.038e-01 |Du|=5.10e+00 |DRu|=1.58e+01)
  [PT] w_u=2.8800 w_v=9.7393 gamma=1.000 (tau_u=3.472e-01 tau_v=1.027e-01 |Du|=6.77e+00 |DRu|=1.45e+01)
  [PT] w_u=2.8869 w_v=9.5163 gamma=0.999 (tau_u=3.464e-01 tau_v=1.051e-01 |Du|=1.00e+01 |DRu|=1.72e+01)
  [PT] w_u=3.1587 w_v=9.8825 gamma=1.000 (tau_u=3.166e-01 tau_v=1.012e-01 |Du|=3.69e+00 |DRu|=1.68e+01)
  [PT] w_u=3.2086 w_v=9.4039 gamma=1.000 (tau_u=3.117e-01 tau_v=1.063e-01 |Du|=3.72e+00 |DRu|=7.20e+00)
  [PT] w_u=3.4248 w_v=9.3985 gamma=1.000 (tau_u=2.920e-01 tau_v=1.064e-01 |Du|=9.06e+00 |DRu|=2.67e+01)
  [PT] w_u=3.5277 w_v=8.9260 gamma=1.000 (tau_u=2.835e-01 tau_v=1.120e-01 |Du|=3.79e+00 |DRu|=8.33e+00)
  [PT] w_u=3.8098 w_v=9.3814 gamma=1.000 (tau_u=2.625e-01 tau_v=1.066e-01 |Du|=3.72e+00 |DRu|=1.37e+01)
  [PT] w_u=3.9922 w_v=9.3081 gamma=1.000 (tau_u=2.505e-01 tau_v=1.074e-01 |Du|=9.64e+00 |DRu|=2.55e+01)
  [PT] w_u=3.8392 w_v=7.6106 gamma=1.000 (tau_u=2.605e-01 tau_v=1.314e-01 |Du|=5.05e+00 |DRu|=8.52e+00)
  [PT] w_u=4.2077 w_v=8.2582 gamma=1.000 (tau_u=2.377e-01 tau_v=1.211e-01 |Du|=2.52e+00 |DRu|=1.40e+01)
  [PT] w_u=4.1775 w_v=8.3924 gamma=0.998 (tau_u=2.394e-01 tau_v=1.192e-01 |Du|=7.15e+00 |DRu|=1.41e+01)
  [PT] w_u=4.4575 w_v=8.7646 gamma=1.000 (tau_u=2.243e-01 tau_v=1.141e-01 |Du|=7.48e+00 |DRu|=2.51e+01)
  [PT] w_u=4.6624 w_v=8.5416 gamma=1.000 (tau_u=2.145e-01 tau_v=1.171e-01 |Du|=3.74e+00 |DRu|=1.06e+01)
  [PT] w_u=5.0570 w_v=9.3973 gamma=1.000 (tau_u=1.977e-01 tau_v=1.064e-01 |Du|=6.12e+00 |DRu|=2.82e+01)
  [PT] w_u=5.1345 w_v=9.0849 gamma=1.000 (tau_u=1.948e-01 tau_v=1.101e-01 |Du|=5.42e+00 |DRu|=1.32e+01)
[Adam] ep=  840  total=3.247e-01  PDE=5.879e-02 [colloc=5.480e-02, cfd=3.990e-03] (w=2.502)  IN=2.267e-02 (w=1.232)  TB=1.130e-02 (w=0.881)  WALL=1.365e-15 (w=0.200)  OUT=9.832e-03 (w=0.510)  DATA=2.610e-02 (w=5.161)
  [PT] w_u=5.3721 w_v=9.1571 gamma=1.000 (tau_u=1.861e-01 tau_v=1.092e-01 |Du|=5.21e+00 |DRu|=1.58e+01)
  [PT] w_u=5.8301 w_v=9.7331 gamma=1.000 (tau_u=1.715e-01 tau_v=1.027e-01 |Du|=6.94e+00 |DRu|=3.47e+01)
  [PT] w_u=6.3856 w_v=10.5772 gamma=1.000 (tau_u=1.566e-01 tau_v=9.454e-02 |Du|=2.69e+00 |DRu|=1.80e+01)
  [PT] w_u=6.6286 w_v=10.7589 gamma=1.000 (tau_u=1.509e-01 tau_v=9.295e-02 |Du|=2.80e+00 |DRu|=8.88e+00)
  [PT] w_u=6.8143 w_v=11.0259 gamma=1.000 (tau_u=1.468e-01 tau_v=9.070e-02 |Du|=6.44e+00 |DRu|=1.94e+01)
  [PT] w_u=7.0989 w_v=11.3080 gamma=0.995 (tau_u=1.409e-01 tau_v=8.843e-02 |Du|=8.51e+00 |DRu|=2.86e+01)
  [PT] w_u=7.4857 w_v=11.8628 gamma=1.000 (tau_u=1.336e-01 tau_v=8.430e-02 |Du|=7.27e+00 |DRu|=2.79e+01)
  [PT] w_u=7.7375 w_v=12.6574 gamma=1.000 (tau_u=1.292e-01 tau_v=7.901e-02 |Du|=5.09e+00 |DRu|=1.70e+01)
  [PT] w_u=7.5673 w_v=11.9250 gamma=1.000 (tau_u=1.321e-01 tau_v=8.386e-02 |Du|=2.50e+00 |DRu|=6.28e+00)
  [PT] w_u=7.9514 w_v=11.9579 gamma=1.000 (tau_u=1.258e-01 tau_v=8.363e-02 |Du|=4.13e+00 |DRu|=1.58e+01)
  [PT] w_u=8.3708 w_v=12.2357 gamma=0.999 (tau_u=1.195e-01 tau_v=8.173e-02 |Du|=6.58e+00 |DRu|=2.63e+01)
  [PT] w_u=8.9807 w_v=13.1076 gamma=1.000 (tau_u=1.114e-01 tau_v=7.629e-02 |Du|=6.52e+00 |DRu|=3.33e+01)
  [PT] w_u=9.7665 w_v=14.2507 gamma=1.000 (tau_u=1.024e-01 tau_v=7.017e-02 |Du|=2.87e+00 |DRu|=1.95e+01)
  [PT] w_u=10.2683 w_v=14.0543 gamma=1.000 (tau_u=9.739e-02 tau_v=7.115e-02 |Du|=2.22e+00 |DRu|=9.68e+00)
  [PT] w_u=9.2034 w_v=13.7498 gamma=1.000 (tau_u=1.087e-01 tau_v=7.273e-02 |Du|=5.11e+00 |DRu|=1.12e+01)
  [PT] w_u=8.8498 w_v=13.4722 gamma=1.000 (tau_u=1.130e-01 tau_v=7.423e-02 |Du|=7.33e+00 |DRu|=1.88e+01)
  [PT] w_u=8.8560 w_v=13.2312 gamma=1.000 (tau_u=1.129e-01 tau_v=7.558e-02 |Du|=8.94e+00 |DRu|=2.67e+01)
  [PT] w_u=9.0150 w_v=13.7873 gamma=1.000 (tau_u=1.109e-01 tau_v=7.253e-02 |Du|=1.26e+01 |DRu|=4.15e+01)
  [PT] w_u=9.4675 w_v=14.7930 gamma=1.000 (tau_u=1.056e-01 tau_v=6.760e-02 |Du|=7.77e+00 |DRu|=3.23e+01)
  [PT] w_u=10.1326 w_v=15.8124 gamma=1.000 (tau_u=9.869e-02 tau_v=6.324e-02 |Du|=3.04e+00 |DRu|=1.59e+01)
[Adam] ep=  860  total=1.047e+00  PDE=2.467e-01 [colloc=2.215e-01, cfd=2.515e-02] (w=2.850)  IN=2.911e-02 (w=1.101)  TB=2.110e-02 (w=0.760)  WALL=5.291e-15 (w=0.200)  OUT=1.492e-03 (w=0.282)  DATA=5.982e-02 (w=4.934)
  [PT] w_u=9.1347 w_v=16.0701 gamma=1.000 (tau_u=1.095e-01 tau_v=6.223e-02 |Du|=6.28e+00 |DRu|=1.38e+01)
  [PT] w_u=8.4716 w_v=16.5433 gamma=1.000 (tau_u=1.180e-01 tau_v=6.045e-02 |Du|=1.07e+01 |DRu|=2.43e+01)
  [PT] w_u=7.9255 w_v=16.8881 gamma=1.000 (tau_u=1.262e-01 tau_v=5.921e-02 |Du|=1.28e+01 |DRu|=2.86e+01)
  [PT] w_u=7.6477 w_v=16.8082 gamma=1.000 (tau_u=1.308e-01 tau_v=5.949e-02 |Du|=1.10e+01 |DRu|=2.65e+01)
  [PT] w_u=7.7068 w_v=15.8430 gamma=0.999 (tau_u=1.298e-01 tau_v=6.312e-02 |Du|=7.75e+00 |DRu|=2.23e+01)
  [PT] w_u=7.5135 w_v=15.8161 gamma=1.000 (tau_u=1.331e-01 tau_v=6.323e-02 |Du|=1.04e+01 |DRu|=2.59e+01)
  [PT] w_u=7.3058 w_v=16.3565 gamma=1.000 (tau_u=1.369e-01 tau_v=6.114e-02 |Du|=9.81e+00 |DRu|=2.37e+01)
  [PT] w_u=7.1967 w_v=15.8300 gamma=1.000 (tau_u=1.390e-01 tau_v=6.317e-02 |Du|=5.46e+00 |DRu|=1.37e+01)
  [PT] w_u=7.5688 w_v=14.6297 gamma=1.000 (tau_u=1.321e-01 tau_v=6.835e-02 |Du|=2.81e+00 |DRu|=1.06e+01)
  [PT] w_u=7.8035 w_v=14.5748 gamma=1.000 (tau_u=1.281e-01 tau_v=6.861e-02 |Du|=6.42e+00 |DRu|=2.11e+01)
  [PT] w_u=7.9363 w_v=14.6594 gamma=1.000 (tau_u=1.260e-01 tau_v=6.822e-02 |Du|=8.39e+00 |DRu|=2.57e+01)
  [PT] w_u=8.3023 w_v=14.4099 gamma=1.000 (tau_u=1.204e-01 tau_v=6.940e-02 |Du|=5.34e+00 |DRu|=2.01e+01)
  [PT] w_u=8.1267 w_v=14.1626 gamma=1.000 (tau_u=1.231e-01 tau_v=7.061e-02 |Du|=6.39e+00 |DRu|=1.67e+01)
  [PT] w_u=6.9218 w_v=14.1477 gamma=1.000 (tau_u=1.445e-01 tau_v=7.068e-02 |Du|=9.91e+00 |DRu|=1.71e+01)
  [PT] w_u=5.2301 w_v=14.2628 gamma=1.000 (tau_u=1.912e-01 tau_v=7.011e-02 |Du|=1.09e+01 |DRu|=1.39e+01)
  [PT] w_u=4.8272 w_v=14.4216 gamma=1.000 (tau_u=2.072e-01 tau_v=6.934e-02 |Du|=8.52e+00 |DRu|=1.44e+01)
  [PT] w_u=5.2607 w_v=14.6981 gamma=1.000 (tau_u=1.901e-01 tau_v=6.804e-02 |Du|=5.04e+00 |DRu|=2.64e+01)
  [PT] w_u=5.7612 w_v=14.1674 gamma=1.000 (tau_u=1.736e-01 tau_v=7.058e-02 |Du|=4.07e+00 |DRu|=2.57e+01)
  [PT] w_u=6.0749 w_v=12.4618 gamma=1.000 (tau_u=1.646e-01 tau_v=8.025e-02 |Du|=4.27e+00 |DRu|=1.48e+01)
  [PT] w_u=5.6692 w_v=10.7784 gamma=1.000 (tau_u=1.764e-01 tau_v=9.278e-02 |Du|=4.47e+00 |DRu|=8.42e+00)
[Adam] ep=  880  total=5.750e-01  PDE=1.076e-01 [colloc=8.696e-02, cfd=2.065e-02] (w=2.536)  IN=4.386e-02 (w=1.262)  TB=2.645e-02 (w=0.847)  WALL=1.301e-15 (w=0.200)  OUT=3.739e-04 (w=0.205)  DATA=4.191e-02 (w=5.351)
  [PT] w_u=5.9804 w_v=10.2957 gamma=1.000 (tau_u=1.672e-01 tau_v=9.713e-02 |Du|=5.25e+00 |DRu|=1.80e+01)
  [PT] w_u=6.4697 w_v=10.8934 gamma=1.000 (tau_u=1.546e-01 tau_v=9.180e-02 |Du|=6.82e+00 |DRu|=3.38e+01)
  [PT] w_u=7.0875 w_v=11.1368 gamma=1.000 (tau_u=1.411e-01 tau_v=8.979e-02 |Du|=2.77e+00 |DRu|=1.97e+01)
  [PT] w_u=5.0207 w_v=8.8366 gamma=1.000 (tau_u=1.992e-01 tau_v=1.132e-01 |Du|=6.29e+00 |DRu|=7.41e+00)
  [PT] w_u=4.8074 w_v=8.5646 gamma=1.000 (tau_u=2.080e-01 tau_v=1.168e-01 |Du|=9.00e+00 |DRu|=1.68e+01)
  [PT] w_u=5.0577 w_v=8.0810 gamma=0.998 (tau_u=1.977e-01 tau_v=1.237e-01 |Du|=8.19e+00 |DRu|=2.53e+01)
  [PT] w_u=5.2076 w_v=7.7979 gamma=1.000 (tau_u=1.920e-01 tau_v=1.282e-01 |Du|=9.17e+00 |DRu|=2.44e+01)
  [PT] w_u=5.0057 w_v=7.7473 gamma=1.000 (tau_u=1.998e-01 tau_v=1.291e-01 |Du|=8.13e+00 |DRu|=1.57e+01)
  [PT] w_u=5.3428 w_v=7.9375 gamma=1.000 (tau_u=1.872e-01 tau_v=1.260e-01 |Du|=4.12e+00 |DRu|=1.52e+01)
  [PT] w_u=5.6242 w_v=8.6089 gamma=1.000 (tau_u=1.778e-01 tau_v=1.162e-01 |Du|=6.74e+00 |DRu|=2.20e+01)
  [PT] w_u=4.5917 w_v=8.7293 gamma=1.000 (tau_u=2.178e-01 tau_v=1.146e-01 |Du|=1.10e+01 |DRu|=1.45e+01)
  [PT] w_u=3.9369 w_v=7.9511 gamma=0.993 (tau_u=2.540e-01 tau_v=1.258e-01 |Du|=9.74e+00 |DRu|=1.27e+01)
  [PT] w_u=4.2611 w_v=7.6566 gamma=0.988 (tau_u=2.347e-01 tau_v=1.306e-01 |Du|=4.50e+00 |DRu|=1.81e+01)
  [PT] w_u=4.2245 w_v=7.3733 gamma=1.000 (tau_u=2.367e-01 tau_v=1.356e-01 |Du|=7.86e+00 |DRu|=1.56e+01)
  [PT] w_u=3.0329 w_v=6.6846 gamma=1.000 (tau_u=3.297e-01 tau_v=1.496e-01 |Du|=8.08e+00 |DRu|=7.48e+00)
  [PT] w_u=3.1295 w_v=7.0903 gamma=1.000 (tau_u=3.195e-01 tau_v=1.410e-01 |Du|=6.85e+00 |DRu|=1.44e+01)
  [PT] w_u=3.4248 w_v=7.4669 gamma=1.000 (tau_u=2.920e-01 tau_v=1.339e-01 |Du|=5.92e+00 |DRu|=2.82e+01)
  [PT] w_u=3.6062 w_v=7.4273 gamma=1.000 (tau_u=2.773e-01 tau_v=1.346e-01 |Du|=4.61e+00 |DRu|=1.21e+01)
  [PT] w_u=3.6830 w_v=7.6806 gamma=1.000 (tau_u=2.715e-01 tau_v=1.302e-01 |Du|=4.15e+00 |DRu|=8.86e+00)
  [PT] w_u=3.9815 w_v=8.2514 gamma=1.000 (tau_u=2.512e-01 tau_v=1.212e-01 |Du|=4.96e+00 |DRu|=1.90e+01)
[Adam] ep=  900  total=3.652e-01  PDE=5.697e-02 [colloc=4.953e-02, cfd=7.445e-03] (w=2.434)  IN=2.645e-02 (w=1.242)  TB=1.349e-02 (w=0.963)  WALL=1.026e-15 (w=0.200)  OUT=1.267e-03 (w=0.264)  DATA=3.335e-02 (w=5.409)
  [PT] w_u=4.0961 w_v=8.5609 gamma=1.000 (tau_u=2.441e-01 tau_v=1.168e-01 |Du|=7.80e+00 |DRu|=1.83e+01)
  [PT] w_u=4.3339 w_v=8.7874 gamma=1.000 (tau_u=2.307e-01 tau_v=1.138e-01 |Du|=4.50e+00 |DRu|=1.35e+01)
  [PT] w_u=4.6294 w_v=9.5220 gamma=1.000 (tau_u=2.160e-01 tau_v=1.050e-01 |Du|=4.92e+00 |DRu|=1.70e+01)
  [PT] w_u=3.9711 w_v=9.9799 gamma=0.997 (tau_u=2.518e-01 tau_v=1.002e-01 |Du|=8.42e+00 |DRu|=1.11e+01)
  [PT] w_u=4.2878 w_v=10.3922 gamma=0.998 (tau_u=2.332e-01 tau_v=9.623e-02 |Du|=3.79e+00 |DRu|=1.48e+01)
  [PT] w_u=4.3383 w_v=10.3340 gamma=1.000 (tau_u=2.305e-01 tau_v=9.677e-02 |Du|=5.02e+00 |DRu|=1.10e+01)
  [PT] w_u=4.7366 w_v=11.2014 gamma=1.000 (tau_u=2.111e-01 tau_v=8.927e-02 |Du|=4.64e+00 |DRu|=2.42e+01)
  [PT] w_u=5.0562 w_v=11.0188 gamma=1.000 (tau_u=1.978e-01 tau_v=9.075e-02 |Du|=3.38e+00 |DRu|=1.21e+01)
  [PT] w_u=5.0932 w_v=9.7205 gamma=1.000 (tau_u=1.963e-01 tau_v=1.029e-01 |Du|=4.64e+00 |DRu|=1.08e+01)
  [PT] w_u=5.4398 w_v=9.4616 gamma=1.000 (tau_u=1.838e-01 tau_v=1.057e-01 |Du|=5.58e+00 |DRu|=2.09e+01)
  [PT] w_u=5.9562 w_v=10.0677 gamma=1.000 (tau_u=1.679e-01 tau_v=9.933e-02 |Du|=4.50e+00 |DRu|=2.87e+01)
  [PT] w_u=6.5197 w_v=11.1218 gamma=1.000 (tau_u=1.534e-01 tau_v=8.991e-02 |Du|=2.63e+00 |DRu|=1.75e+01)
  [PT] w_u=6.9129 w_v=10.6995 gamma=1.000 (tau_u=1.447e-01 tau_v=9.346e-02 |Du|=2.92e+00 |DRu|=1.13e+01)
  [PT] w_u=7.1474 w_v=10.3455 gamma=1.000 (tau_u=1.399e-01 tau_v=9.666e-02 |Du|=4.59e+00 |DRu|=1.47e+01)
  [PT] w_u=7.5926 w_v=10.1249 gamma=1.000 (tau_u=1.317e-01 tau_v=9.877e-02 |Du|=5.61e+00 |DRu|=2.33e+01)
  [PT] w_u=8.0984 w_v=10.4419 gamma=1.000 (tau_u=1.235e-01 tau_v=9.577e-02 |Du|=7.42e+00 |DRu|=3.34e+01)
  [PT] w_u=8.7242 w_v=11.1962 gamma=1.000 (tau_u=1.146e-01 tau_v=8.932e-02 |Du|=4.80e+00 |DRu|=2.57e+01)
  [PT] w_u=9.6077 w_v=12.1035 gamma=1.000 (tau_u=1.041e-01 tau_v=8.262e-02 |Du|=1.31e+00 |DRu|=1.36e+01)
  [PT] w_u=8.9404 w_v=12.0642 gamma=1.000 (tau_u=1.119e-01 tau_v=8.289e-02 |Du|=4.57e+00 |DRu|=1.07e+01)
  [PT] w_u=8.2241 w_v=11.9644 gamma=1.000 (tau_u=1.216e-01 tau_v=8.358e-02 |Du|=7.87e+00 |DRu|=1.72e+01)
[Adam] ep=  920  total=8.379e-01  PDE=2.120e-01 [colloc=1.723e-01, cfd=3.969e-02] (w=3.018)  IN=2.215e-02 (w=0.965)  TB=1.202e-02 (w=0.726)  WALL=1.548e-15 (w=0.200)  OUT=6.883e-03 (w=0.329)  DATA=3.522e-02 (w=4.712)
  [PT] w_u=7.8425 w_v=11.7818 gamma=1.000 (tau_u=1.275e-01 tau_v=8.488e-02 |Du|=9.21e+00 |DRu|=2.17e+01)
  [PT] w_u=7.9114 w_v=11.5588 gamma=0.998 (tau_u=1.264e-01 tau_v=8.651e-02 |Du|=8.38e+00 |DRu|=2.45e+01)
  [PT] w_u=8.3744 w_v=11.9863 gamma=1.000 (tau_u=1.194e-01 tau_v=8.343e-02 |Du|=8.07e+00 |DRu|=3.40e+01)
  [PT] w_u=8.9866 w_v=12.5879 gamma=1.000 (tau_u=1.113e-01 tau_v=7.944e-02 |Du|=4.46e+00 |DRu|=2.29e+01)
  [PT] w_u=8.3172 w_v=12.8002 gamma=1.000 (tau_u=1.202e-01 tau_v=7.812e-02 |Du|=6.03e+00 |DRu|=1.35e+01)
  [PT] w_u=7.0065 w_v=13.2119 gamma=1.000 (tau_u=1.427e-01 tau_v=7.569e-02 |Du|=1.04e+01 |DRu|=1.78e+01)
  [PT] w_u=6.3548 w_v=13.6329 gamma=1.000 (tau_u=1.574e-01 tau_v=7.335e-02 |Du|=1.30e+01 |DRu|=2.42e+01)
  [PT] w_u=6.1557 w_v=13.6519 gamma=1.000 (tau_u=1.625e-01 tau_v=7.325e-02 |Du|=9.44e+00 |DRu|=2.07e+01)
  [PT] w_u=6.4610 w_v=13.4490 gamma=1.000 (tau_u=1.548e-01 tau_v=7.436e-02 |Du|=5.19e+00 |DRu|=1.77e+01)
  [PT] w_u=6.3225 w_v=13.3040 gamma=0.991 (tau_u=1.582e-01 tau_v=7.517e-02 |Du|=8.16e+00 |DRu|=1.87e+01)
  [PT] w_u=5.1311 w_v=13.3159 gamma=1.000 (tau_u=1.949e-01 tau_v=7.510e-02 |Du|=1.64e+01 |DRu|=2.26e+01)
  [PT] w_u=4.0740 w_v=13.5565 gamma=1.000 (tau_u=2.455e-01 tau_v=7.377e-02 |Du|=2.27e+01 |DRu|=2.71e+01)
  [PT] w_u=3.3734 w_v=13.0682 gamma=1.000 (tau_u=2.964e-01 tau_v=7.652e-02 |Du|=1.75e+01 |DRu|=2.01e+01)
  [PT] w_u=3.2817 w_v=11.9388 gamma=1.000 (tau_u=3.047e-01 tau_v=8.376e-02 |Du|=8.24e+00 |DRu|=1.34e+01)
  [PT] w_u=3.5292 w_v=12.2114 gamma=1.000 (tau_u=2.833e-01 tau_v=8.189e-02 |Du|=6.06e+00 |DRu|=2.01e+01)
  [PT] w_u=3.5845 w_v=12.6429 gamma=1.000 (tau_u=2.790e-01 tau_v=7.910e-02 |Du|=1.38e+01 |DRu|=2.83e+01)
  [PT] w_u=3.5264 w_v=12.3896 gamma=0.999 (tau_u=2.836e-01 tau_v=8.071e-02 |Du|=1.49e+01 |DRu|=2.61e+01)
  [PT] w_u=3.6631 w_v=9.7973 gamma=1.000 (tau_u=2.730e-01 tau_v=1.021e-01 |Du|=6.37e+00 |DRu|=1.51e+01)
  [PT] w_u=3.6271 w_v=8.2160 gamma=1.000 (tau_u=2.757e-01 tau_v=1.217e-01 |Du|=8.16e+00 |DRu|=1.49e+01)
  [PT] w_u=3.4165 w_v=7.8785 gamma=1.000 (tau_u=2.927e-01 tau_v=1.269e-01 |Du|=1.21e+01 |DRu|=1.81e+01)
[Adam] ep=  940  total=5.870e-01  PDE=6.132e-02 [colloc=5.187e-02, cfd=9.451e-03] (w=2.396)  IN=3.901e-02 (w=1.261)  TB=2.638e-02 (w=0.851)  WALL=1.985e-15 (w=0.200)  OUT=2.128e-03 (w=0.360)  DATA=6.495e-02 (w=5.660)
  [PT] w_u=3.3255 w_v=7.4939 gamma=1.000 (tau_u=3.007e-01 tau_v=1.334e-01 |Du|=9.00e+00 |DRu|=1.47e+01)
  [PT] w_u=3.6048 w_v=7.8600 gamma=1.000 (tau_u=2.774e-01 tau_v=1.272e-01 |Du|=4.16e+00 |DRu|=1.60e+01)
  [PT] w_u=3.7832 w_v=8.1001 gamma=1.000 (tau_u=2.643e-01 tau_v=1.235e-01 |Du|=8.05e+00 |DRu|=2.10e+01)
  [PT] w_u=3.8120 w_v=7.2770 gamma=1.000 (tau_u=2.623e-01 tau_v=1.374e-01 |Du|=7.41e+00 |DRu|=1.50e+01)
  [PT] w_u=3.9816 w_v=6.7925 gamma=1.000 (tau_u=2.512e-01 tau_v=1.472e-01 |Du|=5.55e+00 |DRu|=1.43e+01)
  [PT] w_u=3.3317 w_v=6.8999 gamma=1.000 (tau_u=3.001e-01 tau_v=1.449e-01 |Du|=4.27e+00 |DRu|=4.96e+00)
  [PT] w_u=3.6344 w_v=7.3416 gamma=0.996 (tau_u=2.751e-01 tau_v=1.362e-01 |Du|=3.29e+00 |DRu|=1.47e+01)
  [PT] w_u=3.9331 w_v=7.6082 gamma=0.999 (tau_u=2.543e-01 tau_v=1.314e-01 |Du|=3.49e+00 |DRu|=1.35e+01)
  [PT] w_u=3.7425 w_v=7.8545 gamma=1.000 (tau_u=2.672e-01 tau_v=1.273e-01 |Du|=2.96e+00 |DRu|=4.78e+00)
  [PT] w_u=3.7178 w_v=7.1600 gamma=1.000 (tau_u=2.690e-01 tau_v=1.397e-01 |Du|=4.56e+00 |DRu|=8.54e+00)
  [PT] w_u=3.9376 w_v=7.1436 gamma=1.000 (tau_u=2.540e-01 tau_v=1.400e-01 |Du|=5.80e+00 |DRu|=1.68e+01)
  [PT] w_u=3.9120 w_v=7.1526 gamma=1.000 (tau_u=2.556e-01 tau_v=1.398e-01 |Du|=3.66e+00 |DRu|=7.04e+00)
  [PT] w_u=3.9647 w_v=7.2465 gamma=0.999 (tau_u=2.522e-01 tau_v=1.380e-01 |Du|=5.33e+00 |DRu|=1.13e+01)
  [PT] w_u=3.2167 w_v=5.2312 gamma=0.999 (tau_u=3.109e-01 tau_v=1.912e-01 |Du|=7.99e+00 |DRu|=8.72e+00)
  [PT] w_u=3.0835 w_v=5.1624 gamma=1.000 (tau_u=3.243e-01 tau_v=1.937e-01 |Du|=1.41e+01 |DRu|=2.11e+01)
  [PT] w_u=3.1310 w_v=5.3695 gamma=1.000 (tau_u=3.194e-01 tau_v=1.862e-01 |Du|=5.35e+00 |DRu|=1.02e+01)
  [PT] w_u=3.2085 w_v=5.5140 gamma=1.000 (tau_u=3.117e-01 tau_v=1.814e-01 |Du|=5.97e+00 |DRu|=1.21e+01)
  [PT] w_u=3.1534 w_v=5.4898 gamma=1.000 (tau_u=3.171e-01 tau_v=1.822e-01 |Du|=1.16e+01 |DRu|=1.91e+01)
  [PT] w_u=3.0678 w_v=5.4060 gamma=1.000 (tau_u=3.260e-01 tau_v=1.850e-01 |Du|=6.71e+00 |DRu|=1.05e+01)
  [PT] w_u=2.5370 w_v=5.4994 gamma=1.000 (tau_u=3.942e-01 tau_v=1.818e-01 |Du|=6.37e+00 |DRu|=6.35e+00)
[Adam] ep=  960  total=2.890e-01  PDE=3.831e-02 [colloc=3.570e-02, cfd=2.611e-03] (w=2.502)  IN=2.108e-02 (w=1.156)  TB=1.223e-02 (w=0.926)  WALL=6.166e-16 (w=0.200)  OUT=7.944e-04 (w=0.416)  DATA=2.886e-02 (w=5.443)
  [PT] w_u=2.6845 w_v=5.7594 gamma=1.000 (tau_u=3.725e-01 tau_v=1.736e-01 |Du|=6.34e+00 |DRu|=1.50e+01)
  [PT] w_u=2.9200 w_v=5.7857 gamma=1.000 (tau_u=3.425e-01 tau_v=1.728e-01 |Du|=2.64e+00 |DRu|=9.84e+00)
  [PT] w_u=3.1004 w_v=6.2092 gamma=1.000 (tau_u=3.225e-01 tau_v=1.611e-01 |Du|=4.74e+00 |DRu|=1.25e+01)
  [PT] w_u=3.1640 w_v=5.4835 gamma=0.998 (tau_u=3.161e-01 tau_v=1.824e-01 |Du|=3.77e+00 |DRu|=7.41e+00)
  [PT] w_u=3.3903 w_v=5.7287 gamma=1.000 (tau_u=2.950e-01 tau_v=1.746e-01 |Du|=5.25e+00 |DRu|=1.62e+01)
  [PT] w_u=2.8267 w_v=6.0476 gamma=1.000 (tau_u=3.538e-01 tau_v=1.654e-01 |Du|=4.21e+00 |DRu|=4.48e+00)
  [PT] w_u=2.7673 w_v=5.2225 gamma=0.999 (tau_u=3.614e-01 tau_v=1.915e-01 |Du|=9.13e+00 |DRu|=1.39e+01)
  [PT] w_u=2.5850 w_v=5.0039 gamma=0.996 (tau_u=3.869e-01 tau_v=1.998e-01 |Du|=8.36e+00 |DRu|=1.06e+01)
  [PT] w_u=2.2306 w_v=4.7388 gamma=0.999 (tau_u=4.483e-01 tau_v=2.110e-01 |Du|=4.61e+00 |DRu|=4.61e+00)
  [PT] w_u=2.2557 w_v=4.9443 gamma=1.000 (tau_u=4.433e-01 tau_v=2.023e-01 |Du|=6.81e+00 |DRu|=1.08e+01)
  [PT] w_u=2.0375 w_v=4.6424 gamma=1.000 (tau_u=4.908e-01 tau_v=2.154e-01 |Du|=7.73e+00 |DRu|=8.06e+00)
  [PT] w_u=2.0418 w_v=4.8514 gamma=0.999 (tau_u=4.898e-01 tau_v=2.061e-01 |Du|=8.99e+00 |DRu|=1.30e+01)
  [PT] w_u=2.2187 w_v=5.2828 gamma=0.999 (tau_u=4.507e-01 tau_v=1.893e-01 |Du|=3.48e+00 |DRu|=1.11e+01)
  [PT] w_u=2.2996 w_v=5.6902 gamma=1.000 (tau_u=4.349e-01 tau_v=1.757e-01 |Du|=8.21e+00 |DRu|=1.52e+01)
  [PT] w_u=2.4958 w_v=5.8461 gamma=1.000 (tau_u=4.007e-01 tau_v=1.711e-01 |Du|=1.57e+00 |DRu|=5.14e+00)
  [PT] w_u=2.4839 w_v=6.2329 gamma=0.999 (tau_u=4.026e-01 tau_v=1.604e-01 |Du|=1.06e+01 |DRu|=1.64e+01)
  [PT] w_u=2.3859 w_v=6.6165 gamma=0.998 (tau_u=4.191e-01 tau_v=1.511e-01 |Du|=6.01e+00 |DRu|=7.96e+00)
  [PT] w_u=2.4825 w_v=6.6123 gamma=0.999 (tau_u=4.028e-01 tau_v=1.512e-01 |Du|=5.97e+00 |DRu|=1.18e+01)
  [PT] w_u=2.4075 w_v=6.4450 gamma=1.000 (tau_u=4.154e-01 tau_v=1.552e-01 |Du|=1.03e+01 |DRu|=1.42e+01)
  [PT] w_u=2.5303 w_v=6.7206 gamma=1.000 (tau_u=3.952e-01 tau_v=1.488e-01 |Du|=4.58e+00 |DRu|=9.91e+00)
[Adam] ep=  980  total=2.474e-01  PDE=5.029e-02 [colloc=4.732e-02, cfd=2.969e-03] (w=2.537)  IN=9.868e-03 (w=1.119)  TB=8.571e-03 (w=0.921)  WALL=1.254e-15 (w=0.200)  OUT=3.322e-04 (w=0.450)  DATA=1.859e-02 (w=5.419)
  [PT] w_u=2.5616 w_v=7.1210 gamma=1.000 (tau_u=3.904e-01 tau_v=1.404e-01 |Du|=7.30e+00 |DRu|=1.24e+01)
  [PT] w_u=2.4052 w_v=6.2678 gamma=0.998 (tau_u=4.158e-01 tau_v=1.595e-01 |Du|=7.52e+00 |DRu|=9.36e+00)
  [PT] w_u=2.1867 w_v=6.1546 gamma=1.000 (tau_u=4.573e-01 tau_v=1.625e-01 |Du|=7.76e+00 |DRu|=8.52e+00)
  [PT] w_u=2.2403 w_v=6.1776 gamma=1.000 (tau_u=4.464e-01 tau_v=1.619e-01 |Du|=6.80e+00 |DRu|=1.15e+01)
  [PT] w_u=2.4353 w_v=6.1514 gamma=1.000 (tau_u=4.106e-01 tau_v=1.626e-01 |Du|=2.62e+00 |DRu|=8.80e+00)
  [PT] w_u=2.4493 w_v=6.4317 gamma=1.000 (tau_u=4.083e-01 tau_v=1.555e-01 |Du|=8.42e+00 |DRu|=1.35e+01)
  [PT] w_u=2.5372 w_v=5.4880 gamma=0.996 (tau_u=3.941e-01 tau_v=1.822e-01 |Du|=3.27e+00 |DRu|=6.32e+00)
  [PT] w_u=2.5796 w_v=5.6631 gamma=1.000 (tau_u=3.877e-01 tau_v=1.766e-01 |Du|=7.84e+00 |DRu|=1.37e+01)
  [PT] w_u=2.5880 w_v=5.6213 gamma=1.000 (tau_u=3.864e-01 tau_v=1.779e-01 |Du|=6.31e+00 |DRu|=1.03e+01)
  [PT] w_u=2.3525 w_v=4.7809 gamma=1.000 (tau_u=4.251e-01 tau_v=2.092e-01 |Du|=9.13e+00 |DRu|=1.04e+01)
  [PT] w_u=2.2456 w_v=4.6262 gamma=0.998 (tau_u=4.453e-01 tau_v=2.162e-01 |Du|=6.68e+00 |DRu|=8.42e+00)
  [PT] w_u=2.2385 w_v=4.9321 gamma=1.000 (tau_u=4.467e-01 tau_v=2.028e-01 |Du|=6.75e+00 |DRu|=9.96e+00)
  [PT] w_u=2.3559 w_v=4.9153 gamma=1.000 (tau_u=4.245e-01 tau_v=2.034e-01 |Du|=3.68e+00 |DRu|=7.78e+00)
  [PT] w_u=2.2486 w_v=4.8005 gamma=0.998 (tau_u=4.447e-01 tau_v=2.083e-01 |Du|=1.05e+01 |DRu|=1.32e+01)
  [PT] w_u=1.9974 w_v=4.7513 gamma=0.999 (tau_u=5.007e-01 tau_v=2.105e-01 |Du|=6.26e+00 |DRu|=6.24e+00)
  [PT] w_u=2.0181 w_v=5.0432 gamma=1.000 (tau_u=4.955e-01 tau_v=1.983e-01 |Du|=7.88e+00 |DRu|=1.18e+01)
  [PT] w_u=2.0336 w_v=5.3406 gamma=1.000 (tau_u=4.917e-01 tau_v=1.872e-01 |Du|=5.78e+00 |DRu|=8.54e+00)
  [PT] w_u=2.0052 w_v=5.5107 gamma=0.998 (tau_u=4.987e-01 tau_v=1.815e-01 |Du|=4.88e+00 |DRu|=6.51e+00)
  [PT] w_u=2.0601 w_v=5.7677 gamma=1.000 (tau_u=4.854e-01 tau_v=1.734e-01 |Du|=7.04e+00 |DRu|=1.16e+01)
  [PT] w_u=1.6158 w_v=5.7847 gamma=1.000 (tau_u=6.189e-01 tau_v=1.729e-01 |Du|=5.32e+00 |DRu|=3.94e+00)
[Adam] ep= 1000  total=2.150e-01  PDE=3.931e-02 [colloc=3.677e-02, cfd=2.548e-03] (w=2.613)  IN=1.174e-02 (w=1.112)  TB=6.152e-03 (w=0.880)  WALL=9.895e-16 (w=0.200)  OUT=4.853e-04 (w=0.329)  DATA=1.723e-02 (w=5.436)
  [PT] w_u=1.6816 w_v=6.0571 gamma=0.999 (tau_u=5.947e-01 tau_v=1.651e-01 |Du|=6.75e+00 |DRu|=1.10e+01)
  [PT] w_u=1.6614 w_v=5.7024 gamma=0.999 (tau_u=6.019e-01 tau_v=1.754e-01 |Du|=3.47e+00 |DRu|=4.25e+00)
  [PT] w_u=1.6676 w_v=6.0918 gamma=1.000 (tau_u=5.996e-01 tau_v=1.642e-01 |Du|=9.52e+00 |DRu|=1.25e+01)
  [PT] w_u=1.7655 w_v=6.5031 gamma=1.000 (tau_u=5.664e-01 tau_v=1.538e-01 |Du|=5.47e+00 |DRu|=1.06e+01)
  [PT] w_u=1.8083 w_v=6.6359 gamma=0.999 (tau_u=5.530e-01 tau_v=1.507e-01 |Du|=7.12e+00 |DRu|=1.08e+01)
  [PT] w_u=1.9392 w_v=6.9911 gamma=1.000 (tau_u=5.157e-01 tau_v=1.430e-01 |Du|=4.58e+00 |DRu|=1.08e+01)
  [PT] w_u=2.1007 w_v=7.5669 gamma=1.000 (tau_u=4.760e-01 tau_v=1.322e-01 |Du|=2.84e+00 |DRu|=8.21e+00)
  [PT] w_u=2.2017 w_v=7.4274 gamma=1.000 (tau_u=4.542e-01 tau_v=1.346e-01 |Du|=4.43e+00 |DRu|=8.72e+00)
  [PT] w_u=2.3864 w_v=7.6384 gamma=1.000 (tau_u=4.190e-01 tau_v=1.309e-01 |Du|=4.67e+00 |DRu|=1.46e+01)
  [PT] w_u=2.3705 w_v=7.8077 gamma=1.000 (tau_u=4.218e-01 tau_v=1.281e-01 |Du|=2.86e+00 |DRu|=4.28e+00)
  [PT] w_u=2.4984 w_v=8.0190 gamma=1.000 (tau_u=4.003e-01 tau_v=1.247e-01 |Du|=4.60e+00 |DRu|=1.01e+01)
  [PT] w_u=2.2551 w_v=6.6666 gamma=1.000 (tau_u=4.434e-01 tau_v=1.500e-01 |Du|=8.98e+00 |DRu|=9.84e+00)
  [PT] w_u=2.4067 w_v=6.4522 gamma=1.000 (tau_u=4.155e-01 tau_v=1.550e-01 |Du|=4.51e+00 |DRu|=1.11e+01)
  [PT] w_u=2.6554 w_v=6.5995 gamma=1.000 (tau_u=3.766e-01 tau_v=1.515e-01 |Du|=1.99e+00 |DRu|=1.22e+01)
  [PT] w_u=2.3751 w_v=5.4553 gamma=1.000 (tau_u=4.210e-01 tau_v=1.833e-01 |Du|=5.86e+00 |DRu|=6.47e+00)
  [PT] w_u=2.5344 w_v=5.4532 gamma=1.000 (tau_u=3.946e-01 tau_v=1.834e-01 |Du|=7.94e+00 |DRu|=2.01e+01)
  [PT] w_u=1.7968 w_v=4.5247 gamma=1.000 (tau_u=5.565e-01 tau_v=2.210e-01 |Du|=5.11e+00 |DRu|=3.60e+00)
  [PT] w_u=1.9793 w_v=4.9333 gamma=1.000 (tau_u=5.052e-01 tau_v=2.027e-01 |Du|=3.15e+00 |DRu|=1.51e+01)
  [PT] w_u=2.0816 w_v=4.8453 gamma=0.999 (tau_u=4.804e-01 tau_v=2.064e-01 |Du|=4.41e+00 |DRu|=8.69e+00)
  [PT] w_u=2.1140 w_v=4.7178 gamma=1.000 (tau_u=4.730e-01 tau_v=2.120e-01 |Du|=8.50e+00 |DRu|=1.33e+01)
[Adam] ep= 1020  total=2.112e-01  PDE=3.003e-02 [colloc=2.766e-02, cfd=2.367e-03] (w=2.666)  IN=1.527e-02 (w=1.108)  TB=6.139e-03 (w=0.806)  WALL=6.130e-16 (w=0.200)  OUT=5.144e-04 (w=0.431)  DATA=2.045e-02 (w=5.335)
  [PT] w_u=2.2182 w_v=5.0891 gamma=1.000 (tau_u=4.508e-01 tau_v=1.965e-01 |Du|=4.38e+00 |DRu|=8.74e+00)
  [PT] w_u=2.1839 w_v=5.2045 gamma=0.998 (tau_u=4.579e-01 tau_v=1.921e-01 |Du|=7.98e+00 |DRu|=1.10e+01)
  [PT] w_u=2.3664 w_v=5.2991 gamma=1.000 (tau_u=4.226e-01 tau_v=1.887e-01 |Du|=3.91e+00 |DRu|=1.21e+01)
  [PT] w_u=2.3674 w_v=5.6034 gamma=1.000 (tau_u=4.224e-01 tau_v=1.785e-01 |Du|=5.73e+00 |DRu|=8.83e+00)
  [PT] w_u=2.3328 w_v=5.4273 gamma=1.000 (tau_u=4.287e-01 tau_v=1.843e-01 |Du|=4.49e+00 |DRu|=6.44e+00)
  [PT] w_u=2.4832 w_v=5.4552 gamma=0.999 (tau_u=4.027e-01 tau_v=1.833e-01 |Du|=6.41e+00 |DRu|=1.56e+01)
  [PT] w_u=2.7076 w_v=5.6957 gamma=1.000 (tau_u=3.693e-01 tau_v=1.756e-01 |Du|=3.81e+00 |DRu|=1.45e+01)
  [PT] w_u=2.6116 w_v=5.7399 gamma=1.000 (tau_u=3.829e-01 tau_v=1.742e-01 |Du|=5.45e+00 |DRu|=7.67e+00)
  [PT] w_u=2.5762 w_v=5.7489 gamma=1.000 (tau_u=3.882e-01 tau_v=1.739e-01 |Du|=6.30e+00 |DRu|=9.54e+00)
  [PT] w_u=2.6719 w_v=5.8893 gamma=1.000 (tau_u=3.743e-01 tau_v=1.698e-01 |Du|=8.87e+00 |DRu|=1.78e+01)
  [PT] w_u=2.4019 w_v=4.9230 gamma=1.000 (tau_u=4.163e-01 tau_v=2.031e-01 |Du|=5.77e+00 |DRu|=6.48e+00)
  [PT] w_u=2.6550 w_v=5.2910 gamma=0.999 (tau_u=3.766e-01 tau_v=1.890e-01 |Du|=2.37e+00 |DRu|=1.70e+01)
  [PT] w_u=2.8418 w_v=5.6695 gamma=1.000 (tau_u=3.519e-01 tau_v=1.764e-01 |Du|=4.10e+00 |DRu|=1.14e+01)
  [PT] w_u=2.6541 w_v=5.1607 gamma=0.999 (tau_u=3.768e-01 tau_v=1.938e-01 |Du|=8.15e+00 |DRu|=1.05e+01)
  [PT] w_u=2.8237 w_v=5.5176 gamma=0.999 (tau_u=3.542e-01 tau_v=1.812e-01 |Du|=6.64e+00 |DRu|=1.71e+01)
  [PT] w_u=2.3436 w_v=5.1731 gamma=1.000 (tau_u=4.267e-01 tau_v=1.933e-01 |Du|=6.09e+00 |DRu|=5.86e+00)
  [PT] w_u=2.5494 w_v=5.4599 gamma=1.000 (tau_u=3.922e-01 tau_v=1.832e-01 |Du|=5.38e+00 |DRu|=1.88e+01)
  [PT] w_u=2.3802 w_v=5.6719 gamma=1.000 (tau_u=4.201e-01 tau_v=1.763e-01 |Du|=2.31e+00 |DRu|=2.82e+00)
  [PT] w_u=2.6225 w_v=5.9733 gamma=1.000 (tau_u=3.813e-01 tau_v=1.674e-01 |Du|=2.90e+00 |DRu|=1.62e+01)
  [PT] w_u=2.8327 w_v=6.5147 gamma=1.000 (tau_u=3.530e-01 tau_v=1.535e-01 |Du|=2.22e+00 |DRu|=7.07e+00)
[Adam] ep= 1040  total=2.441e-01  PDE=3.979e-02 [colloc=3.725e-02, cfd=2.542e-03] (w=2.675)  IN=1.327e-02 (w=1.107)  TB=9.062e-03 (w=0.822)  WALL=6.970e-16 (w=0.200)  OUT=5.036e-04 (w=0.391)  DATA=2.168e-02 (w=5.317)
  [PT] w_u=2.8736 w_v=6.8751 gamma=1.000 (tau_u=3.480e-01 tau_v=1.455e-01 |Du|=7.37e+00 |DRu|=1.34e+01)
  [PT] w_u=2.8228 w_v=6.0614 gamma=1.000 (tau_u=3.543e-01 tau_v=1.650e-01 |Du|=6.78e+00 |DRu|=1.06e+01)
  [PT] w_u=2.6051 w_v=6.0812 gamma=0.999 (tau_u=3.839e-01 tau_v=1.644e-01 |Du|=1.37e+01 |DRu|=1.70e+01)
  [PT] w_u=2.4393 w_v=6.1446 gamma=0.997 (tau_u=4.100e-01 tau_v=1.627e-01 |Du|=6.36e+00 |DRu|=7.91e+00)
  [PT] w_u=2.5297 w_v=6.5302 gamma=1.000 (tau_u=3.953e-01 tau_v=1.531e-01 |Du|=8.38e+00 |DRu|=1.63e+01)
  [PT] w_u=2.5644 w_v=6.9520 gamma=1.000 (tau_u=3.900e-01 tau_v=1.438e-01 |Du|=9.97e+00 |DRu|=1.71e+01)
  [PT] w_u=2.7326 w_v=7.4167 gamma=1.000 (tau_u=3.659e-01 tau_v=1.348e-01 |Du|=3.72e+00 |DRu|=9.61e+00)
  [PT] w_u=2.6488 w_v=7.7173 gamma=0.998 (tau_u=3.775e-01 tau_v=1.296e-01 |Du|=9.69e+00 |DRu|=1.39e+01)
  [PT] w_u=2.8598 w_v=7.9254 gamma=0.998 (tau_u=3.497e-01 tau_v=1.262e-01 |Du|=4.88e+00 |DRu|=1.55e+01)
  [PT] w_u=2.6372 w_v=8.0785 gamma=0.999 (tau_u=3.792e-01 tau_v=1.238e-01 |Du|=5.17e+00 |DRu|=6.44e+00)
  [PT] w_u=2.6536 w_v=8.3509 gamma=1.000 (tau_u=3.768e-01 tau_v=1.197e-01 |Du|=1.02e+01 |DRu|=1.72e+01)
  [PT] w_u=2.4954 w_v=6.3030 gamma=1.000 (tau_u=4.007e-01 tau_v=1.587e-01 |Du|=7.63e+00 |DRu|=9.72e+00)
  [PT] w_u=2.5419 w_v=6.2713 gamma=1.000 (tau_u=3.934e-01 tau_v=1.595e-01 |Du|=8.52e+00 |DRu|=1.49e+01)
  [PT] w_u=2.7034 w_v=6.6631 gamma=0.999 (tau_u=3.699e-01 tau_v=1.501e-01 |Du|=5.46e+00 |DRu|=1.37e+01)
  [PT] w_u=2.7618 w_v=6.0631 gamma=1.000 (tau_u=3.621e-01 tau_v=1.649e-01 |Du|=4.70e+00 |DRu|=8.70e+00)
  [PT] w_u=2.6975 w_v=5.7084 gamma=1.000 (tau_u=3.707e-01 tau_v=1.752e-01 |Du|=7.58e+00 |DRu|=1.13e+01)
  [PT] w_u=2.7510 w_v=5.7576 gamma=1.000 (tau_u=3.635e-01 tau_v=1.737e-01 |Du|=9.05e+00 |DRu|=1.66e+01)
  [PT] w_u=1.9360 w_v=4.2935 gamma=1.000 (tau_u=5.165e-01 tau_v=2.329e-01 |Du|=7.98e+00 |DRu|=5.80e+00)
  [PT] w_u=2.1117 w_v=4.5464 gamma=0.998 (tau_u=4.736e-01 tau_v=2.200e-01 |Du|=4.55e+00 |DRu|=1.54e+01)
  [PT] w_u=2.2866 w_v=4.7037 gamma=0.999 (tau_u=4.373e-01 tau_v=2.126e-01 |Du|=2.58e+00 |DRu|=7.72e+00)
[Adam] ep= 1060  total=2.522e-01  PDE=3.007e-02 [colloc=2.631e-02, cfd=3.762e-03] (w=2.628)  IN=2.058e-02 (w=1.118)  TB=9.244e-03 (w=0.806)  WALL=5.320e-16 (w=0.200)  OUT=4.891e-03 (w=0.407)  DATA=2.576e-02 (w=5.463)
  [PT] w_u=2.2189 w_v=4.2315 gamma=1.000 (tau_u=4.507e-01 tau_v=2.363e-01 |Du|=9.17e+00 |DRu|=1.21e+01)
  [PT] w_u=2.3282 w_v=4.3882 gamma=1.000 (tau_u=4.295e-01 tau_v=2.279e-01 |Du|=7.66e+00 |DRu|=1.57e+01)
  [PT] w_u=2.4499 w_v=4.7299 gamma=1.000 (tau_u=4.082e-01 tau_v=2.114e-01 |Du|=4.94e+00 |DRu|=1.06e+01)
  [PT] w_u=2.6220 w_v=5.0482 gamma=1.000 (tau_u=3.814e-01 tau_v=1.981e-01 |Du|=3.71e+00 |DRu|=9.92e+00)
  [PT] w_u=2.8571 w_v=5.4704 gamma=1.000 (tau_u=3.500e-01 tau_v=1.828e-01 |Du|=5.75e+00 |DRu|=2.21e+01)
  [PT] w_u=2.9410 w_v=5.4797 gamma=1.000 (tau_u=3.400e-01 tau_v=1.825e-01 |Du|=3.45e+00 |DRu|=6.89e+00)
  [PT] w_u=3.2370 w_v=5.7074 gamma=1.000 (tau_u=3.089e-01 tau_v=1.752e-01 |Du|=2.76e+00 |DRu|=1.62e+01)
  [PT] w_u=3.2643 w_v=6.1150 gamma=1.000 (tau_u=3.063e-01 tau_v=1.635e-01 |Du|=8.86e+00 |DRu|=1.67e+01)
  [PT] w_u=3.2947 w_v=6.2760 gamma=0.998 (tau_u=3.035e-01 tau_v=1.593e-01 |Du|=4.74e+00 |DRu|=8.98e+00)
  [PT] w_u=3.4710 w_v=6.5610 gamma=0.999 (tau_u=2.881e-01 tau_v=1.524e-01 |Du|=6.12e+00 |DRu|=1.58e+01)
  [PT] w_u=3.3967 w_v=6.7596 gamma=1.000 (tau_u=2.944e-01 tau_v=1.479e-01 |Du|=6.87e+00 |DRu|=1.16e+01)
  [PT] w_u=3.3036 w_v=6.3891 gamma=1.000 (tau_u=3.027e-01 tau_v=1.565e-01 |Du|=7.21e+00 |DRu|=1.17e+01)
  [PT] w_u=3.1817 w_v=6.5760 gamma=0.997 (tau_u=3.143e-01 tau_v=1.521e-01 |Du|=6.94e+00 |DRu|=1.07e+01)
  [PT] w_u=3.3549 w_v=7.1057 gamma=1.000 (tau_u=2.981e-01 tau_v=1.407e-01 |Du|=6.35e+00 |DRu|=1.63e+01)
  [PT] w_u=3.1833 w_v=7.5332 gamma=1.000 (tau_u=3.141e-01 tau_v=1.327e-01 |Du|=4.17e+00 |DRu|=6.15e+00)
  [PT] w_u=3.4857 w_v=8.0346 gamma=1.000 (tau_u=2.869e-01 tau_v=1.245e-01 |Du|=3.32e+00 |DRu|=1.63e+01)
  [PT] w_u=3.2827 w_v=8.4113 gamma=0.996 (tau_u=3.046e-01 tau_v=1.189e-01 |Du|=8.54e+00 |DRu|=1.25e+01)
  [PT] w_u=3.4831 w_v=8.3741 gamma=0.994 (tau_u=2.871e-01 tau_v=1.194e-01 |Du|=3.91e+00 |DRu|=1.08e+01)
  [PT] w_u=3.2349 w_v=8.2971 gamma=1.000 (tau_u=3.091e-01 tau_v=1.205e-01 |Du|=1.00e+01 |DRu|=1.41e+01)
  [PT] w_u=3.1243 w_v=7.9008 gamma=1.000 (tau_u=3.201e-01 tau_v=1.266e-01 |Du|=7.05e+00 |DRu|=1.09e+01)
[Adam] ep= 1080  total=2.109e-01  PDE=3.574e-02 [colloc=3.306e-02, cfd=2.675e-03] (w=2.630)  IN=1.236e-02 (w=1.143)  TB=5.516e-03 (w=0.792)  WALL=8.432e-16 (w=0.200)  OUT=3.528e-04 (w=0.365)  DATA=1.802e-02 (w=5.454)
  [PT] w_u=2.9069 w_v=7.7924 gamma=0.999 (tau_u=3.440e-01 tau_v=1.283e-01 |Du|=7.91e+00 |DRu|=1.06e+01)
  [PT] w_u=3.1084 w_v=8.4916 gamma=0.999 (tau_u=3.217e-01 tau_v=1.178e-01 |Du|=4.95e+00 |DRu|=1.42e+01)
  [PT] w_u=3.2044 w_v=7.4095 gamma=0.998 (tau_u=3.121e-01 tau_v=1.350e-01 |Du|=3.79e+00 |DRu|=7.98e+00)
  [PT] w_u=3.2943 w_v=7.3415 gamma=1.000 (tau_u=3.036e-01 tau_v=1.362e-01 |Du|=1.19e+01 |DRu|=2.49e+01)
  [PT] w_u=2.8944 w_v=6.7785 gamma=1.000 (tau_u=3.455e-01 tau_v=1.475e-01 |Du|=7.43e+00 |DRu|=8.74e+00)
  [PT] w_u=3.1006 w_v=7.2938 gamma=1.000 (tau_u=3.225e-01 tau_v=1.371e-01 |Du|=5.91e+00 |DRu|=1.74e+01)
  [PT] w_u=3.1948 w_v=7.6877 gamma=1.000 (tau_u=3.130e-01 tau_v=1.301e-01 |Du|=1.31e+01 |DRu|=2.75e+01)
  [PT] w_u=2.9716 w_v=7.8303 gamma=1.000 (tau_u=3.365e-01 tau_v=1.277e-01 |Du|=1.10e+01 |DRu|=1.49e+01)
  [PT] w_u=3.0925 w_v=8.1364 gamma=1.000 (tau_u=3.234e-01 tau_v=1.229e-01 |Du|=5.11e+00 |DRu|=1.13e+01)
  [PT] w_u=3.3264 w_v=8.6739 gamma=0.997 (tau_u=3.006e-01 tau_v=1.153e-01 |Du|=6.06e+00 |DRu|=1.95e+01)
  [PT] w_u=3.2778 w_v=9.1353 gamma=1.000 (tau_u=3.051e-01 tau_v=1.095e-01 |Du|=1.41e+01 |DRu|=2.41e+01)
  [PT] w_u=3.1987 w_v=9.5202 gamma=1.000 (tau_u=3.126e-01 tau_v=1.050e-01 |Du|=1.10e+01 |DRu|=1.78e+01)
  [PT] w_u=3.4896 w_v=9.8604 gamma=1.000 (tau_u=2.866e-01 tau_v=1.014e-01 |Du|=3.60e+00 |DRu|=1.58e+01)
  [PT] w_u=3.4965 w_v=10.3394 gamma=1.000 (tau_u=2.860e-01 tau_v=9.672e-02 |Du|=9.20e+00 |DRu|=1.74e+01)
  [PT] w_u=3.3182 w_v=10.5189 gamma=0.994 (tau_u=3.014e-01 tau_v=9.507e-02 |Du|=1.45e+01 |DRu|=2.18e+01)
  [PT] w_u=3.4602 w_v=10.6127 gamma=0.996 (tau_u=2.890e-01 tau_v=9.423e-02 |Du|=6.71e+00 |DRu|=1.59e+01)
  [PT] w_u=3.4553 w_v=11.2842 gamma=0.998 (tau_u=2.894e-01 tau_v=8.862e-02 |Du|=4.27e+00 |DRu|=7.89e+00)
  [PT] w_u=3.0844 w_v=10.8076 gamma=0.998 (tau_u=3.242e-01 tau_v=9.253e-02 |Du|=1.05e+01 |DRu|=1.32e+01)
  [PT] w_u=3.2031 w_v=10.6742 gamma=1.000 (tau_u=3.122e-01 tau_v=9.368e-02 |Du|=1.19e+01 |DRu|=2.64e+01)
  [PT] w_u=3.3517 w_v=10.3134 gamma=1.000 (tau_u=2.984e-01 tau_v=9.696e-02 |Du|=4.67e+00 |DRu|=1.12e+01)
[Adam] ep= 1100  total=2.905e-01  PDE=6.372e-02 [colloc=5.964e-02, cfd=4.072e-03] (w=2.762)  IN=8.591e-03 (w=1.114)  TB=5.909e-03 (w=0.662)  WALL=1.673e-15 (w=0.200)  OUT=6.584e-04 (w=0.275)  DATA=1.851e-02 (w=5.444)
  [PT] w_u=3.5712 w_v=10.6054 gamma=1.000 (tau_u=2.800e-01 tau_v=9.429e-02 |Du|=2.82e+00 |DRu|=8.30e+00)
  [PT] w_u=3.7601 w_v=10.7356 gamma=1.000 (tau_u=2.660e-01 tau_v=9.315e-02 |Du|=8.17e+00 |DRu|=2.19e+01)
  [PT] w_u=3.7182 w_v=9.6262 gamma=1.000 (tau_u=2.689e-01 tau_v=1.039e-01 |Du|=1.38e+01 |DRu|=2.53e+01)
  [PT] w_u=3.0694 w_v=7.7979 gamma=1.000 (tau_u=3.258e-01 tau_v=1.282e-01 |Du|=8.98e+00 |DRu|=9.81e+00)
  [PT] w_u=3.1722 w_v=6.3149 gamma=1.000 (tau_u=3.152e-01 tau_v=1.584e-01 |Du|=4.43e+00 |DRu|=9.44e+00)
  [PT] w_u=3.3370 w_v=6.7197 gamma=0.998 (tau_u=2.997e-01 tau_v=1.488e-01 |Du|=7.49e+00 |DRu|=1.87e+01)
  [PT] w_u=3.2749 w_v=7.0609 gamma=1.000 (tau_u=3.054e-01 tau_v=1.416e-01 |Du|=1.44e+01 |DRu|=2.42e+01)
  [PT] w_u=3.1942 w_v=6.9607 gamma=1.000 (tau_u=3.131e-01 tau_v=1.437e-01 |Du|=9.90e+00 |DRu|=1.60e+01)
  [PT] w_u=3.4588 w_v=6.3689 gamma=1.000 (tau_u=2.891e-01 tau_v=1.570e-01 |Du|=4.04e+00 |DRu|=1.49e+01)
  [PT] w_u=3.3784 w_v=6.4145 gamma=1.000 (tau_u=2.960e-01 tau_v=1.559e-01 |Du|=1.15e+01 |DRu|=1.92e+01)
  [PT] w_u=3.2254 w_v=6.7960 gamma=0.998 (tau_u=3.100e-01 tau_v=1.471e-01 |Du|=1.29e+01 |DRu|=1.94e+01)
  [PT] w_u=3.4426 w_v=6.4645 gamma=0.997 (tau_u=2.905e-01 tau_v=1.547e-01 |Du|=2.65e+00 |DRu|=7.82e+00)
  [PT] w_u=3.2730 w_v=6.3283 gamma=0.991 (tau_u=3.055e-01 tau_v=1.580e-01 |Du|=7.33e+00 |DRu|=1.10e+01)
  [PT] w_u=3.1739 w_v=6.4710 gamma=1.000 (tau_u=3.151e-01 tau_v=1.545e-01 |Du|=1.55e+01 |DRu|=2.44e+01)
  [PT] w_u=2.9987 w_v=6.5859 gamma=1.000 (tau_u=3.335e-01 tau_v=1.518e-01 |Du|=6.90e+00 |DRu|=9.76e+00)
  [PT] w_u=3.1952 w_v=7.0243 gamma=1.000 (tau_u=3.130e-01 tau_v=1.424e-01 |Du|=3.84e+00 |DRu|=1.07e+01)
  [PT] w_u=3.1418 w_v=7.3507 gamma=1.000 (tau_u=3.183e-01 tau_v=1.360e-01 |Du|=1.30e+01 |DRu|=2.15e+01)
  [PT] w_u=3.0162 w_v=7.0165 gamma=0.999 (tau_u=3.315e-01 tau_v=1.425e-01 |Du|=9.64e+00 |DRu|=1.43e+01)
  [PT] w_u=3.1404 w_v=5.6464 gamma=0.997 (tau_u=3.184e-01 tau_v=1.771e-01 |Du|=3.43e+00 |DRu|=7.65e+00)
  [PT] w_u=3.1123 w_v=5.8209 gamma=1.000 (tau_u=3.213e-01 tau_v=1.718e-01 |Du|=9.18e+00 |DRu|=1.56e+01)
[Adam] ep= 1120  total=2.804e-01  PDE=2.617e-02 [colloc=2.361e-02, cfd=2.557e-03] (w=2.671)  IN=2.123e-02 (w=1.120)  TB=1.077e-02 (w=0.777)  WALL=1.829e-16 (w=0.200)  OUT=8.090e-04 (w=0.232)  DATA=3.217e-02 (w=5.539)
  [PT] w_u=3.1886 w_v=6.0533 gamma=1.000 (tau_u=3.136e-01 tau_v=1.652e-01 |Du|=8.82e+00 |DRu|=1.78e+01)
  [PT] w_u=3.1898 w_v=5.5689 gamma=1.000 (tau_u=3.135e-01 tau_v=1.796e-01 |Du|=5.87e+00 |DRu|=1.05e+01)
  [PT] w_u=3.0601 w_v=5.6374 gamma=1.000 (tau_u=3.268e-01 tau_v=1.774e-01 |Du|=9.45e+00 |DRu|=1.41e+01)
  [PT] w_u=2.9729 w_v=5.9915 gamma=0.991 (tau_u=3.364e-01 tau_v=1.669e-01 |Du|=9.26e+00 |DRu|=1.42e+01)
  [PT] w_u=3.2265 w_v=6.3013 gamma=0.990 (tau_u=3.099e-01 tau_v=1.587e-01 |Du|=2.76e+00 |DRu|=1.02e+01)
  [PT] w_u=2.9991 w_v=6.5415 gamma=0.999 (tau_u=3.334e-01 tau_v=1.529e-01 |Du|=8.75e+00 |DRu|=1.18e+01)
  [PT] w_u=2.7335 w_v=6.8980 gamma=1.000 (tau_u=3.658e-01 tau_v=1.450e-01 |Du|=1.09e+01 |DRu|=1.35e+01)
  [PT] w_u=2.8363 w_v=7.2469 gamma=1.000 (tau_u=3.526e-01 tau_v=1.380e-01 |Du|=4.64e+00 |DRu|=9.61e+00)
  [PT] w_u=2.8697 w_v=7.6565 gamma=1.000 (tau_u=3.485e-01 tau_v=1.306e-01 |Du|=6.97e+00 |DRu|=1.25e+01)
  [PT] w_u=2.9221 w_v=8.1048 gamma=0.998 (tau_u=3.422e-01 tau_v=1.234e-01 |Du|=9.46e+00 |DRu|=1.77e+01)
  [PT] w_u=3.0157 w_v=8.7931 gamma=0.997 (tau_u=3.316e-01 tau_v=1.137e-01 |Du|=1.52e+00 |DRu|=3.13e+00)
  [PT] w_u=2.9663 w_v=9.1221 gamma=1.000 (tau_u=3.371e-01 tau_v=1.096e-01 |Du|=9.47e+00 |DRu|=1.52e+01)
  [PT] w_u=3.2058 w_v=9.3923 gamma=1.000 (tau_u=3.119e-01 tau_v=1.065e-01 |Du|=4.71e+00 |DRu|=1.61e+01)
  [PT] w_u=2.4632 w_v=10.1266 gamma=1.000 (tau_u=4.060e-01 tau_v=9.875e-02 |Du|=3.68e+00 |DRu|=3.29e+00)
  [PT] w_u=2.5659 w_v=10.2496 gamma=0.997 (tau_u=3.897e-01 tau_v=9.756e-02 |Du|=8.23e+00 |DRu|=1.67e+01)
  [PT] w_u=2.5071 w_v=8.0713 gamma=0.997 (tau_u=3.989e-01 tau_v=1.239e-01 |Du|=3.96e+00 |DRu|=5.70e+00)
  [PT] w_u=2.7014 w_v=8.3440 gamma=0.999 (tau_u=3.702e-01 tau_v=1.198e-01 |Du|=3.99e+00 |DRu|=1.19e+01)
  [PT] w_u=2.4994 w_v=8.2580 gamma=1.000 (tau_u=4.001e-01 tau_v=1.211e-01 |Du|=7.51e+00 |DRu|=9.18e+00)
  [PT] w_u=2.5534 w_v=6.6581 gamma=1.000 (tau_u=3.916e-01 tau_v=1.502e-01 |Du|=3.96e+00 |DRu|=7.05e+00)
  [PT] w_u=2.5838 w_v=6.8747 gamma=0.997 (tau_u=3.870e-01 tau_v=1.455e-01 |Du|=8.72e+00 |DRu|=1.48e+01)
[Adam] ep= 1140  total=2.064e-01  PDE=3.946e-02 [colloc=3.707e-02, cfd=2.394e-03] (w=2.670)  IN=9.074e-03 (w=1.101)  TB=6.654e-03 (w=0.834)  WALL=1.074e-15 (w=0.200)  OUT=4.158e-04 (w=0.307)  DATA=1.578e-02 (w=5.409)
  [PT] w_u=2.7612 w_v=6.9313 gamma=0.998 (tau_u=3.622e-01 tau_v=1.443e-01 |Du|=2.40e+00 |DRu|=6.43e+00)
  [PT] w_u=2.6873 w_v=6.9935 gamma=1.000 (tau_u=3.721e-01 tau_v=1.430e-01 |Du|=6.80e+00 |DRu|=1.00e+01)
  [PT] w_u=2.8239 w_v=7.2528 gamma=1.000 (tau_u=3.541e-01 tau_v=1.379e-01 |Du|=3.96e+00 |DRu|=9.03e+00)
  [PT] w_u=2.7703 w_v=7.6343 gamma=0.998 (tau_u=3.610e-01 tau_v=1.310e-01 |Du|=6.33e+00 |DRu|=9.73e+00)
  [PT] w_u=2.9730 w_v=7.7590 gamma=0.999 (tau_u=3.364e-01 tau_v=1.289e-01 |Du|=2.31e+00 |DRu|=6.82e+00)
  [PT] w_u=3.1785 w_v=8.3232 gamma=1.000 (tau_u=3.146e-01 tau_v=1.201e-01 |Du|=5.40e+00 |DRu|=1.57e+01)
  [PT] w_u=3.3141 w_v=8.2697 gamma=1.000 (tau_u=3.017e-01 tau_v=1.209e-01 |Du|=1.47e+00 |DRu|=3.40e+00)
  [PT] w_u=3.5181 w_v=8.6136 gamma=1.000 (tau_u=2.842e-01 tau_v=1.161e-01 |Du|=4.88e+00 |DRu|=1.37e+01)
  [PT] w_u=3.5179 w_v=8.9100 gamma=0.997 (tau_u=2.843e-01 tau_v=1.122e-01 |Du|=5.79e+00 |DRu|=1.08e+01)
  [PT] w_u=2.5663 w_v=8.6211 gamma=0.999 (tau_u=3.897e-01 tau_v=1.160e-01 |Du|=4.36e+00 |DRu|=3.77e+00)
  [PT] w_u=2.5959 w_v=8.6334 gamma=1.000 (tau_u=3.852e-01 tau_v=1.158e-01 |Du|=9.43e+00 |DRu|=1.60e+01)
  [PT] w_u=2.7437 w_v=8.5875 gamma=1.000 (tau_u=3.645e-01 tau_v=1.164e-01 |Du|=3.61e+00 |DRu|=8.56e+00)
  [PT] w_u=2.8187 w_v=8.9273 gamma=1.000 (tau_u=3.548e-01 tau_v=1.120e-01 |Du|=9.03e+00 |DRu|=1.75e+01)
  [PT] w_u=2.5537 w_v=9.0073 gamma=0.999 (tau_u=3.916e-01 tau_v=1.110e-01 |Du|=6.92e+00 |DRu|=8.14e+00)
  [PT] w_u=2.7373 w_v=9.1808 gamma=0.997 (tau_u=3.653e-01 tau_v=1.089e-01 |Du|=3.75e+00 |DRu|=1.04e+01)
  [PT] w_u=2.6606 w_v=9.3330 gamma=1.000 (tau_u=3.759e-01 tau_v=1.071e-01 |Du|=1.06e+01 |DRu|=1.55e+01)
  [PT] w_u=2.8498 w_v=9.6929 gamma=1.000 (tau_u=3.509e-01 tau_v=1.032e-01 |Du|=5.16e+00 |DRu|=1.45e+01)
  [PT] w_u=2.8319 w_v=9.9019 gamma=1.000 (tau_u=3.531e-01 tau_v=1.010e-01 |Du|=4.27e+00 |DRu|=6.99e+00)
  [PT] w_u=2.8995 w_v=10.2811 gamma=0.999 (tau_u=3.449e-01 tau_v=9.727e-02 |Du|=1.13e+01 |DRu|=2.17e+01)
  [PT] w_u=2.7579 w_v=10.5372 gamma=0.998 (tau_u=3.626e-01 tau_v=9.490e-02 |Du|=4.83e+00 |DRu|=6.68e+00)
[Adam] ep= 1160  total=2.497e-01  PDE=2.993e-02 [colloc=2.563e-02, cfd=4.302e-03] (w=2.689)  IN=1.886e-02 (w=1.099)  TB=6.089e-03 (w=0.794)  WALL=2.693e-16 (w=0.200)  OUT=1.287e-03 (w=0.323)  DATA=2.636e-02 (w=5.432)
  [PT] w_u=2.9741 w_v=10.9726 gamma=0.995 (tau_u=3.362e-01 tau_v=9.114e-02 |Du|=4.72e+00 |DRu|=1.50e+01)
  [PT] w_u=2.9200 w_v=11.3685 gamma=1.000 (tau_u=3.425e-01 tau_v=8.796e-02 |Du|=1.19e+01 |DRu|=1.88e+01)
  [PT] w_u=2.9132 w_v=11.2656 gamma=1.000 (tau_u=3.433e-01 tau_v=8.877e-02 |Du|=7.57e+00 |DRu|=1.28e+01)
  [PT] w_u=3.1746 w_v=11.3315 gamma=1.000 (tau_u=3.150e-01 tau_v=8.825e-02 |Du|=4.43e+00 |DRu|=1.80e+01)
  [PT] w_u=3.0746 w_v=11.5976 gamma=1.000 (tau_u=3.252e-01 tau_v=8.622e-02 |Du|=9.87e+00 |DRu|=1.53e+01)
  [PT] w_u=3.0498 w_v=11.8322 gamma=0.996 (tau_u=3.279e-01 tau_v=8.451e-02 |Du|=1.02e+01 |DRu|=1.71e+01)
  [PT] w_u=3.3549 w_v=11.9497 gamma=0.996 (tau_u=2.981e-01 tau_v=8.368e-02 |Du|=2.47e+00 |DRu|=1.43e+01)
  [PT] w_u=3.2171 w_v=11.9812 gamma=0.999 (tau_u=3.108e-01 tau_v=8.346e-02 |Du|=7.26e+00 |DRu|=1.11e+01)
  [PT] w_u=3.2452 w_v=12.4344 gamma=1.000 (tau_u=3.081e-01 tau_v=8.042e-02 |Du|=9.04e+00 |DRu|=1.70e+01)
  [PT] w_u=3.5084 w_v=12.9208 gamma=1.000 (tau_u=2.850e-01 tau_v=7.739e-02 |Du|=3.81e+00 |DRu|=1.37e+01)
  [PT] w_u=3.3152 w_v=11.5507 gamma=1.000 (tau_u=3.016e-01 tau_v=8.657e-02 |Du|=5.65e+00 |DRu|=8.42e+00)
  [PT] w_u=3.5656 w_v=11.6145 gamma=0.995 (tau_u=2.805e-01 tau_v=8.610e-02 |Du|=5.98e+00 |DRu|=1.99e+01)
  [PT] w_u=3.7992 w_v=12.2984 gamma=0.998 (tau_u=2.632e-01 tau_v=8.131e-02 |Du|=1.41e+00 |DRu|=4.29e+00)
  [PT] w_u=3.8991 w_v=11.6899 gamma=0.998 (tau_u=2.565e-01 tau_v=8.554e-02 |Du|=5.24e+00 |DRu|=1.18e+01)
  [PT] w_u=3.9965 w_v=10.6458 gamma=1.000 (tau_u=2.502e-01 tau_v=9.393e-02 |Du|=1.09e+01 |DRu|=2.48e+01)
  [PT] w_u=3.4759 w_v=8.7613 gamma=1.000 (tau_u=2.877e-01 tau_v=1.141e-01 |Du|=6.63e+00 |DRu|=8.38e+00)
  [PT] w_u=3.6611 w_v=9.2108 gamma=1.000 (tau_u=2.731e-01 tau_v=1.086e-01 |Du|=5.31e+00 |DRu|=1.41e+01)
  [PT] w_u=3.8452 w_v=9.6271 gamma=1.000 (tau_u=2.601e-01 tau_v=1.039e-01 |Du|=1.03e+01 |DRu|=2.74e+01)
  [PT] w_u=3.6306 w_v=9.6573 gamma=1.000 (tau_u=2.754e-01 tau_v=1.035e-01 |Du|=1.10e+01 |DRu|=1.71e+01)
  [PT] w_u=3.3421 w_v=9.5048 gamma=1.000 (tau_u=2.992e-01 tau_v=1.052e-01 |Du|=7.74e+00 |DRu|=1.08e+01)
[Adam] ep= 1180  total=3.464e-01  PDE=5.127e-02 [colloc=4.254e-02, cfd=8.724e-03] (w=2.852)  IN=2.017e-02 (w=1.007)  TB=1.036e-02 (w=0.775)  WALL=3.568e-16 (w=0.200)  OUT=1.010e-03 (w=0.293)  DATA=3.304e-02 (w=5.194)
  [PT] w_u=3.5899 w_v=9.8541 gamma=0.999 (tau_u=2.786e-01 tau_v=1.015e-01 |Du|=4.32e+00 |DRu|=1.42e+01)
  [PT] w_u=3.6457 w_v=10.1584 gamma=0.999 (tau_u=2.743e-01 tau_v=9.844e-02 |Du|=9.86e+00 |DRu|=2.03e+01)
  [PT] w_u=3.4616 w_v=10.4938 gamma=1.000 (tau_u=2.889e-01 tau_v=9.529e-02 |Du|=1.26e+01 |DRu|=1.95e+01)
  [PT] w_u=3.6058 w_v=10.9608 gamma=1.000 (tau_u=2.773e-01 tau_v=9.123e-02 |Du|=6.42e+00 |DRu|=1.54e+01)
  [PT] w_u=3.7877 w_v=11.3865 gamma=1.000 (tau_u=2.640e-01 tau_v=8.782e-02 |Du|=4.83e+00 |DRu|=1.27e+01)
  [PT] w_u=3.5289 w_v=11.7199 gamma=0.997 (tau_u=2.834e-01 tau_v=8.532e-02 |Du|=1.14e+01 |DRu|=1.68e+01)
  [PT] w_u=3.5710 w_v=11.8175 gamma=0.991 (tau_u=2.800e-01 tau_v=8.462e-02 |Du|=9.25e+00 |DRu|=1.84e+01)
  [PT] w_u=3.7449 w_v=9.3515 gamma=0.994 (tau_u=2.670e-01 tau_v=1.069e-01 |Du|=1.98e+00 |DRu|=5.09e+00)
  [PT] w_u=3.3505 w_v=9.3231 gamma=0.996 (tau_u=2.985e-01 tau_v=1.073e-01 |Du|=8.73e+00 |DRu|=1.14e+01)
  [PT] w_u=3.1945 w_v=9.7098 gamma=1.000 (tau_u=3.130e-01 tau_v=1.030e-01 |Du|=1.42e+01 |DRu|=2.14e+01)
  [PT] w_u=2.7672 w_v=8.3112 gamma=1.000 (tau_u=3.614e-01 tau_v=1.203e-01 |Du|=5.87e+00 |DRu|=6.58e+00)
  [PT] w_u=2.9565 w_v=7.8777 gamma=1.000 (tau_u=3.382e-01 tau_v=1.269e-01 |Du|=5.20e+00 |DRu|=1.44e+01)
  [PT] w_u=2.8782 w_v=8.1580 gamma=0.998 (tau_u=3.474e-01 tau_v=1.226e-01 |Du|=1.37e+01 |DRu|=2.09e+01)
  [PT] w_u=2.9728 w_v=8.6081 gamma=0.997 (tau_u=3.364e-01 tau_v=1.162e-01 |Du|=7.25e+00 |DRu|=1.49e+01)
  [PT] w_u=3.2299 w_v=8.5659 gamma=0.998 (tau_u=3.096e-01 tau_v=1.167e-01 |Du|=2.06e+00 |DRu|=7.87e+00)
  [PT] w_u=3.1830 w_v=8.7473 gamma=0.998 (tau_u=3.142e-01 tau_v=1.143e-01 |Du|=8.21e+00 |DRu|=1.38e+01)
  [PT] w_u=3.3992 w_v=8.9603 gamma=1.000 (tau_u=2.942e-01 tau_v=1.116e-01 |Du|=9.45e+00 |DRu|=2.80e+01)
  [PT] w_u=3.4853 w_v=7.4159 gamma=1.000 (tau_u=2.869e-01 tau_v=1.348e-01 |Du|=5.32e+00 |DRu|=1.13e+01)
  [PT] w_u=3.6609 w_v=7.2627 gamma=1.000 (tau_u=2.732e-01 tau_v=1.377e-01 |Du|=4.73e+00 |DRu|=1.22e+01)
  [PT] w_u=3.8735 w_v=7.8598 gamma=1.000 (tau_u=2.582e-01 tau_v=1.272e-01 |Du|=8.21e+00 |DRu|=2.34e+01)
[Adam] ep= 1200  total=3.413e-01  PDE=7.836e-02 [colloc=6.856e-02, cfd=9.804e-03] (w=2.908)  IN=1.227e-02 (w=0.999)  TB=9.400e-03 (w=0.761)  WALL=1.911e-15 (w=0.200)  OUT=1.175e-03 (w=0.223)  DATA=1.844e-02 (w=5.082)
  [PT] w_u=3.8754 w_v=7.8932 gamma=0.999 (tau_u=2.580e-01 tau_v=1.267e-01 |Du|=1.04e+01 |DRu|=2.04e+01)
  [PT] w_u=3.8036 w_v=7.3981 gamma=0.999 (tau_u=2.629e-01 tau_v=1.352e-01 |Du|=7.32e+00 |DRu|=1.32e+01)
  [PT] w_u=4.0848 w_v=6.7819 gamma=0.998 (tau_u=2.448e-01 tau_v=1.475e-01 |Du|=3.44e+00 |DRu|=1.20e+01)
  [PT] w_u=3.9446 w_v=6.9250 gamma=1.000 (tau_u=2.535e-01 tau_v=1.444e-01 |Du|=9.82e+00 |DRu|=1.71e+01)
  [PT] w_u=3.5100 w_v=7.3373 gamma=1.000 (tau_u=2.849e-01 tau_v=1.363e-01 |Du|=1.23e+01 |DRu|=1.64e+01)
  [PT] w_u=3.5096 w_v=7.5586 gamma=1.000 (tau_u=2.849e-01 tau_v=1.323e-01 |Du|=7.79e+00 |DRu|=1.46e+01)
  [PT] w_u=3.7816 w_v=7.5323 gamma=1.000 (tau_u=2.644e-01 tau_v=1.328e-01 |Du|=4.36e+00 |DRu|=1.54e+01)
  [PT] w_u=3.5727 w_v=7.7085 gamma=1.000 (tau_u=2.799e-01 tau_v=1.297e-01 |Du|=9.86e+00 |DRu|=1.52e+01)
  [PT] w_u=3.5494 w_v=8.0765 gamma=0.996 (tau_u=2.817e-01 tau_v=1.238e-01 |Du|=8.85e+00 |DRu|=1.62e+01)
  [PT] w_u=3.7140 w_v=7.7630 gamma=0.995 (tau_u=2.693e-01 tau_v=1.288e-01 |Du|=2.33e+00 |DRu|=5.88e+00)
  [PT] w_u=3.5590 w_v=7.5340 gamma=0.996 (tau_u=2.810e-01 tau_v=1.327e-01 |Du|=8.31e+00 |DRu|=1.33e+01)
  [PT] w_u=3.5226 w_v=7.7859 gamma=1.000 (tau_u=2.839e-01 tau_v=1.284e-01 |Du|=1.18e+01 |DRu|=2.12e+01)
  [PT] w_u=3.4471 w_v=8.0337 gamma=1.000 (tau_u=2.901e-01 tau_v=1.245e-01 |Du|=4.12e+00 |DRu|=7.01e+00)
  [PT] w_u=3.4925 w_v=8.3128 gamma=1.000 (tau_u=2.863e-01 tau_v=1.203e-01 |Du|=6.72e+00 |DRu|=1.34e+01)
  [PT] w_u=3.3069 w_v=7.8810 gamma=1.000 (tau_u=3.024e-01 tau_v=1.269e-01 |Du|=1.29e+01 |DRu|=1.93e+01)
  [PT] w_u=3.1027 w_v=7.0322 gamma=0.998 (tau_u=3.223e-01 tau_v=1.422e-01 |Du|=8.57e+00 |DRu|=1.21e+01)
  [PT] w_u=3.3392 w_v=6.9595 gamma=1.000 (tau_u=2.995e-01 tau_v=1.437e-01 |Du|=3.69e+00 |DRu|=1.20e+01)
  [PT] w_u=3.0561 w_v=7.2415 gamma=1.000 (tau_u=3.272e-01 tau_v=1.381e-01 |Du|=7.21e+00 |DRu|=9.50e+00)
  [PT] w_u=2.9079 w_v=6.7470 gamma=1.000 (tau_u=3.439e-01 tau_v=1.482e-01 |Du|=8.20e+00 |DRu|=1.17e+01)
  [PT] w_u=3.0200 w_v=6.1100 gamma=1.000 (tau_u=3.311e-01 tau_v=1.637e-01 |Du|=8.34e+00 |DRu|=1.79e+01)
[Adam] ep= 1220  total=2.186e-01  PDE=3.787e-02 [colloc=3.503e-02, cfd=2.847e-03] (w=2.618)  IN=1.225e-02 (w=1.101)  TB=9.186e-03 (w=0.831)  WALL=8.518e-16 (w=0.200)  OUT=5.857e-03 (w=0.518)  DATA=1.786e-02 (w=5.337)
  [PT] w_u=2.7233 w_v=5.0414 gamma=1.000 (tau_u=3.672e-01 tau_v=1.984e-01 |Du|=6.85e+00 |DRu|=8.23e+00)
  [PT] w_u=2.9082 w_v=5.4196 gamma=1.000 (tau_u=3.438e-01 tau_v=1.845e-01 |Du|=5.13e+00 |DRu|=1.40e+01)
  [PT] w_u=3.0164 w_v=5.0760 gamma=0.999 (tau_u=3.315e-01 tau_v=1.970e-01 |Du|=3.37e+00 |DRu|=7.17e+00)
  [PT] w_u=3.1827 w_v=4.6001 gamma=0.999 (tau_u=3.142e-01 tau_v=2.174e-01 |Du|=6.20e+00 |DRu|=1.56e+01)
  [PT] w_u=3.3463 w_v=4.7024 gamma=1.000 (tau_u=2.988e-01 tau_v=2.127e-01 |Du|=5.92e+00 |DRu|=1.48e+01)
  [PT] w_u=3.0917 w_v=4.8147 gamma=1.000 (tau_u=3.234e-01 tau_v=2.077e-01 |Du|=3.08e+00 |DRu|=4.17e+00)
  [PT] w_u=3.1348 w_v=4.9653 gamma=0.997 (tau_u=3.190e-01 tau_v=2.014e-01 |Du|=7.37e+00 |DRu|=1.39e+01)
  [PT] w_u=3.0782 w_v=4.7723 gamma=0.992 (tau_u=3.249e-01 tau_v=2.095e-01 |Du|=5.80e+00 |DRu|=9.40e+00)
  [PT] w_u=3.0687 w_v=4.6245 gamma=0.999 (tau_u=3.259e-01 tau_v=2.162e-01 |Du|=6.17e+00 |DRu|=1.07e+01)
  [PT] w_u=2.9828 w_v=4.9902 gamma=1.000 (tau_u=3.353e-01 tau_v=2.004e-01 |Du|=7.47e+00 |DRu|=1.15e+01)
  [PT] w_u=3.1158 w_v=4.4997 gamma=1.000 (tau_u=3.209e-01 tau_v=2.222e-01 |Du|=4.27e+00 |DRu|=9.74e+00)
  [PT] w_u=3.2170 w_v=4.5440 gamma=0.998 (tau_u=3.108e-01 tau_v=2.201e-01 |Du|=6.29e+00 |DRu|=1.34e+01)
  [PT] w_u=3.4619 w_v=4.9715 gamma=0.998 (tau_u=2.889e-01 tau_v=2.011e-01 |Du|=1.56e+00 |DRu|=5.18e+00)
  [PT] w_u=3.7649 w_v=5.2017 gamma=1.000 (tau_u=2.656e-01 tau_v=1.922e-01 |Du|=2.56e+00 |DRu|=1.08e+01)
  [PT] w_u=4.0831 w_v=5.1915 gamma=1.000 (tau_u=2.449e-01 tau_v=1.926e-01 |Du|=1.75e+00 |DRu|=7.22e+00)
  [PT] w_u=2.8526 w_v=5.6001 gamma=0.997 (tau_u=3.506e-01 tau_v=1.786e-01 |Du|=5.94e+00 |DRu|=5.20e+00)
  [PT] w_u=3.0788 w_v=5.8528 gamma=1.000 (tau_u=3.248e-01 tau_v=1.709e-01 |Du|=3.64e+00 |DRu|=1.19e+01)
  [PT] w_u=3.0799 w_v=5.8666 gamma=1.000 (tau_u=3.247e-01 tau_v=1.705e-01 |Du|=3.53e+00 |DRu|=6.21e+00)
  [PT] w_u=3.2737 w_v=6.3169 gamma=0.999 (tau_u=3.055e-01 tau_v=1.583e-01 |Du|=5.24e+00 |DRu|=1.44e+01)
  [PT] w_u=3.4871 w_v=6.7198 gamma=0.995 (tau_u=2.868e-01 tau_v=1.488e-01 |Du|=2.52e+00 |DRu|=7.30e+00)
[Adam] ep= 1240  total=2.080e-01  PDE=3.089e-02 [colloc=2.654e-02, cfd=4.346e-03] (w=2.645)  IN=1.191e-02 (w=1.051)  TB=7.540e-03 (w=0.888)  WALL=6.234e-16 (w=0.200)  OUT=3.223e-03 (w=0.443)  DATA=1.969e-02 (w=5.370)
  [PT] w_u=3.6174 w_v=7.0298 gamma=0.999 (tau_u=2.764e-01 tau_v=1.423e-01 |Du|=5.77e+00 |DRu|=1.35e+01)
  [PT] w_u=3.4670 w_v=7.3148 gamma=1.000 (tau_u=2.884e-01 tau_v=1.367e-01 |Du|=5.25e+00 |DRu|=8.34e+00)
  [PT] w_u=3.8091 w_v=7.9348 gamma=1.000 (tau_u=2.625e-01 tau_v=1.260e-01 |Du|=2.96e+00 |DRu|=1.73e+01)
  [PT] w_u=3.8095 w_v=7.7503 gamma=1.000 (tau_u=2.625e-01 tau_v=1.290e-01 |Du|=2.63e+00 |DRu|=5.13e+00)
  [PT] w_u=4.1946 w_v=8.1649 gamma=0.999 (tau_u=2.384e-01 tau_v=1.225e-01 |Du|=2.62e+00 |DRu|=1.79e+01)
  [PT] w_u=4.1429 w_v=8.7601 gamma=1.000 (tau_u=2.414e-01 tau_v=1.142e-01 |Du|=2.86e+00 |DRu|=5.52e+00)
  [PT] w_u=4.4951 w_v=8.6440 gamma=1.000 (tau_u=2.225e-01 tau_v=1.157e-01 |Du|=2.98e+00 |DRu|=1.30e+01)
  [PT] w_u=4.0405 w_v=7.6921 gamma=0.999 (tau_u=2.475e-01 tau_v=1.300e-01 |Du|=5.45e+00 |DRu|=7.92e+00)
  [PT] w_u=4.1978 w_v=7.6794 gamma=0.997 (tau_u=2.382e-01 tau_v=1.302e-01 |Du|=4.34e+00 |DRu|=1.10e+01)
  [PT] w_u=4.1556 w_v=7.8125 gamma=0.999 (tau_u=2.406e-01 tau_v=1.280e-01 |Du|=3.80e+00 |DRu|=7.41e+00)
  [PT] w_u=4.2665 w_v=7.1588 gamma=1.000 (tau_u=2.344e-01 tau_v=1.397e-01 |Du|=5.22e+00 |DRu|=1.24e+01)
  [PT] w_u=3.8369 w_v=5.8272 gamma=1.000 (tau_u=2.606e-01 tau_v=1.716e-01 |Du|=3.91e+00 |DRu|=5.55e+00)
  [PT] w_u=4.1458 w_v=6.1874 gamma=0.999 (tau_u=2.412e-01 tau_v=1.616e-01 |Du|=3.42e+00 |DRu|=1.33e+01)
  [PT] w_u=4.3674 w_v=6.0503 gamma=0.998 (tau_u=2.290e-01 tau_v=1.653e-01 |Du|=1.54e+00 |DRu|=4.45e+00)
  [PT] w_u=4.5865 w_v=6.0110 gamma=1.000 (tau_u=2.180e-01 tau_v=1.664e-01 |Du|=4.38e+00 |DRu|=1.27e+01)
  [PT] w_u=4.7967 w_v=6.0951 gamma=1.000 (tau_u=2.085e-01 tau_v=1.641e-01 |Du|=2.81e+00 |DRu|=8.03e+00)
  [PT] w_u=4.4934 w_v=6.1480 gamma=0.997 (tau_u=2.226e-01 tau_v=1.627e-01 |Du|=6.04e+00 |DRu|=1.02e+01)
  [PT] w_u=4.6911 w_v=4.9711 gamma=0.997 (tau_u=2.132e-01 tau_v=2.012e-01 |Du|=3.83e+00 |DRu|=1.06e+01)
  [PT] w_u=4.5963 w_v=5.0933 gamma=1.000 (tau_u=2.176e-01 tau_v=1.963e-01 |Du|=4.44e+00 |DRu|=8.76e+00)
  [PT] w_u=4.5021 w_v=4.5220 gamma=1.000 (tau_u=2.221e-01 tau_v=2.211e-01 |Du|=4.33e+00 |DRu|=8.45e+00)
[Adam] ep= 1260  total=1.984e-01  PDE=3.269e-02 [colloc=3.042e-02, cfd=2.274e-03] (w=2.683)  IN=9.509e-03 (w=1.051)  TB=7.247e-03 (w=0.832)  WALL=8.182e-16 (w=0.200)  OUT=3.356e-04 (w=0.302)  DATA=1.710e-02 (w=5.530)
  [PT] w_u=4.2958 w_v=4.1950 gamma=0.997 (tau_u=2.328e-01 tau_v=2.384e-01 |Du|=5.13e+00 |DRu|=8.93e+00)
  [PT] w_u=4.7260 w_v=4.6356 gamma=1.000 (tau_u=2.116e-01 tau_v=2.157e-01 |Du|=2.80e+00 |DRu|=1.94e+01)
  [PT] w_u=4.8738 w_v=5.0965 gamma=1.000 (tau_u=2.052e-01 tau_v=1.962e-01 |Du|=1.58e+00 |DRu|=4.11e+00)
  [PT] w_u=5.2481 w_v=5.3795 gamma=1.000 (tau_u=1.905e-01 tau_v=1.859e-01 |Du|=3.40e+00 |DRu|=1.40e+01)
  [PT] w_u=5.6672 w_v=5.7477 gamma=1.000 (tau_u=1.765e-01 tau_v=1.740e-01 |Du|=6.57e+00 |DRu|=2.95e+01)
  [PT] w_u=6.0814 w_v=6.0683 gamma=1.000 (tau_u=1.644e-01 tau_v=1.648e-01 |Du|=3.45e+00 |DRu|=1.46e+01)
  [PT] w_u=4.7925 w_v=6.2606 gamma=1.000 (tau_u=2.087e-01 tau_v=1.597e-01 |Du|=4.38e+00 |DRu|=5.63e+00)
  [PT] w_u=4.9667 w_v=6.6764 gamma=1.000 (tau_u=2.013e-01 tau_v=1.498e-01 |Du|=6.82e+00 |DRu|=1.85e+01)
  [PT] w_u=5.3040 w_v=7.0240 gamma=1.000 (tau_u=1.885e-01 tau_v=1.424e-01 |Du|=7.95e+00 |DRu|=2.94e+01)
  [PT] w_u=5.4789 w_v=7.0256 gamma=1.000 (tau_u=1.825e-01 tau_v=1.423e-01 |Du|=6.74e+00 |DRu|=1.88e+01)
  [PT] w_u=4.5338 w_v=6.8615 gamma=1.000 (tau_u=2.206e-01 tau_v=1.457e-01 |Du|=7.51e+00 |DRu|=1.00e+01)
  [PT] w_u=4.2258 w_v=6.5672 gamma=1.000 (tau_u=2.366e-01 tau_v=1.523e-01 |Du|=8.04e+00 |DRu|=1.30e+01)
  [PT] w_u=4.3975 w_v=6.7013 gamma=0.997 (tau_u=2.274e-01 tau_v=1.492e-01 |Du|=7.36e+00 |DRu|=1.94e+01)
  [PT] w_u=4.5135 w_v=7.0780 gamma=0.998 (tau_u=2.216e-01 tau_v=1.413e-01 |Du|=8.88e+00 |DRu|=2.16e+01)
  [PT] w_u=4.2936 w_v=7.2427 gamma=1.000 (tau_u=2.329e-01 tau_v=1.381e-01 |Du|=9.23e+00 |DRu|=1.60e+01)
  [PT] w_u=4.0941 w_v=6.9562 gamma=1.000 (tau_u=2.443e-01 tau_v=1.438e-01 |Du|=7.39e+00 |DRu|=1.26e+01)
  [PT] w_u=4.3392 w_v=6.2814 gamma=1.000 (tau_u=2.305e-01 tau_v=1.592e-01 |Du|=5.98e+00 |DRu|=1.83e+01)
  [PT] w_u=4.4763 w_v=6.4299 gamma=1.000 (tau_u=2.234e-01 tau_v=1.555e-01 |Du|=7.65e+00 |DRu|=1.91e+01)
  [PT] w_u=4.4479 w_v=6.7726 gamma=1.000 (tau_u=2.248e-01 tau_v=1.477e-01 |Du|=7.27e+00 |DRu|=1.49e+01)
  [PT] w_u=4.6969 w_v=7.0093 gamma=0.999 (tau_u=2.129e-01 tau_v=1.427e-01 |Du|=4.73e+00 |DRu|=1.46e+01)
[Adam] ep= 1280  total=2.968e-01  PDE=4.101e-02 [colloc=3.011e-02, cfd=1.090e-02] (w=2.808)  IN=1.765e-02 (w=1.028)  TB=8.479e-03 (w=0.713)  WALL=3.569e-16 (w=0.200)  OUT=1.700e-03 (w=0.492)  DATA=3.012e-02 (w=5.200)
  [PT] w_u=4.9230 w_v=6.7891 gamma=1.000 (tau_u=2.031e-01 tau_v=1.473e-01 |Du|=5.59e+00 |DRu|=1.65e+01)
  [PT] w_u=4.8308 w_v=6.5036 gamma=1.000 (tau_u=2.070e-01 tau_v=1.538e-01 |Du|=6.88e+00 |DRu|=1.40e+01)
  [PT] w_u=4.6724 w_v=6.3490 gamma=1.000 (tau_u=2.140e-01 tau_v=1.575e-01 |Du|=5.29e+00 |DRu|=1.00e+01)
  [PT] w_u=5.0074 w_v=6.5697 gamma=1.000 (tau_u=1.997e-01 tau_v=1.522e-01 |Du|=4.49e+00 |DRu|=1.69e+01)
  [PT] w_u=5.2988 w_v=6.9486 gamma=1.000 (tau_u=1.887e-01 tau_v=1.439e-01 |Du|=6.04e+00 |DRu|=2.01e+01)
  [PT] w_u=5.2472 w_v=6.6485 gamma=1.000 (tau_u=1.906e-01 tau_v=1.504e-01 |Du|=4.73e+00 |DRu|=1.04e+01)
  [PT] w_u=5.2065 w_v=6.3979 gamma=1.000 (tau_u=1.921e-01 tau_v=1.563e-01 |Du|=3.57e+00 |DRu|=7.88e+00)
  [PT] w_u=5.6043 w_v=6.4347 gamma=0.995 (tau_u=1.784e-01 tau_v=1.554e-01 |Du|=3.17e+00 |DRu|=1.34e+01)
  [PT] w_u=5.7799 w_v=6.6613 gamma=1.000 (tau_u=1.730e-01 tau_v=1.501e-01 |Du|=6.85e+00 |DRu|=1.94e+01)
  [PT] w_u=5.6061 w_v=7.0224 gamma=1.000 (tau_u=1.784e-01 tau_v=1.424e-01 |Du|=5.74e+00 |DRu|=1.21e+01)
  [PT] w_u=5.5815 w_v=7.1830 gamma=1.000 (tau_u=1.792e-01 tau_v=1.392e-01 |Du|=3.28e+00 |DRu|=7.60e+00)
  [PT] w_u=5.6422 w_v=7.2250 gamma=1.000 (tau_u=1.772e-01 tau_v=1.384e-01 |Du|=4.77e+00 |DRu|=1.19e+01)
  [PT] w_u=5.1989 w_v=7.2782 gamma=0.998 (tau_u=1.923e-01 tau_v=1.374e-01 |Du|=7.93e+00 |DRu|=1.38e+01)
  [PT] w_u=5.0449 w_v=7.5090 gamma=0.992 (tau_u=1.982e-01 tau_v=1.332e-01 |Du|=5.64e+00 |DRu|=1.12e+01)
  [PT] w_u=4.6866 w_v=7.7943 gamma=0.997 (tau_u=2.134e-01 tau_v=1.283e-01 |Du|=6.60e+00 |DRu|=1.12e+01)
  [PT] w_u=3.5914 w_v=7.8898 gamma=1.000 (tau_u=2.784e-01 tau_v=1.267e-01 |Du|=9.43e+00 |DRu|=1.01e+01)
  [PT] w_u=3.4002 w_v=7.1212 gamma=1.000 (tau_u=2.941e-01 tau_v=1.404e-01 |Du|=6.50e+00 |DRu|=9.85e+00)
  [PT] w_u=3.5334 w_v=7.0220 gamma=1.000 (tau_u=2.830e-01 tau_v=1.424e-01 |Du|=4.93e+00 |DRu|=1.15e+01)
  [PT] w_u=3.4755 w_v=7.3355 gamma=0.999 (tau_u=2.877e-01 tau_v=1.363e-01 |Du|=9.16e+00 |DRu|=1.59e+01)
  [PT] w_u=3.1861 w_v=7.1638 gamma=0.999 (tau_u=3.139e-01 tau_v=1.396e-01 |Du|=4.49e+00 |DRu|=6.05e+00)
[Adam] ep= 1300  total=2.370e-01  PDE=3.000e-02 [colloc=2.709e-02, cfd=2.911e-03] (w=2.669)  IN=1.450e-02 (w=1.082)  TB=6.759e-03 (w=0.738)  WALL=3.978e-16 (w=0.200)  OUT=1.665e-03 (w=0.440)  DATA=2.443e-02 (w=5.547)
  [PT] w_u=3.3929 w_v=7.0740 gamma=0.999 (tau_u=2.947e-01 tau_v=1.414e-01 |Du|=4.19e+00 |DRu|=1.20e+01)
  [PT] w_u=3.4106 w_v=7.2549 gamma=1.000 (tau_u=2.932e-01 tau_v=1.378e-01 |Du|=9.04e+00 |DRu|=1.71e+01)
  [PT] w_u=3.5015 w_v=7.6588 gamma=1.000 (tau_u=2.856e-01 tau_v=1.306e-01 |Du|=3.88e+00 |DRu|=8.32e+00)
  [PT] w_u=3.6384 w_v=7.7672 gamma=1.000 (tau_u=2.748e-01 tau_v=1.287e-01 |Du|=5.92e+00 |DRu|=1.40e+01)
  [PT] w_u=3.5592 w_v=7.2738 gamma=0.996 (tau_u=2.810e-01 tau_v=1.375e-01 |Du|=8.38e+00 |DRu|=1.44e+01)
  [PT] w_u=3.6787 w_v=6.0649 gamma=0.998 (tau_u=2.718e-01 tau_v=1.649e-01 |Du|=4.89e+00 |DRu|=1.12e+01)
  [PT] w_u=3.2951 w_v=6.4762 gamma=1.000 (tau_u=3.035e-01 tau_v=1.544e-01 |Du|=6.83e+00 |DRu|=8.91e+00)
  [PT] w_u=3.4720 w_v=6.0344 gamma=1.000 (tau_u=2.880e-01 tau_v=1.657e-01 |Du|=5.62e+00 |DRu|=1.46e+01)
  [PT] w_u=3.2705 w_v=5.1945 gamma=1.000 (tau_u=3.058e-01 tau_v=1.925e-01 |Du|=6.21e+00 |DRu|=9.10e+00)
  [PT] w_u=3.2594 w_v=5.3677 gamma=0.998 (tau_u=3.068e-01 tau_v=1.863e-01 |Du|=9.74e+00 |DRu|=1.73e+01)
  [PT] w_u=3.0415 w_v=5.7033 gamma=0.998 (tau_u=3.288e-01 tau_v=1.753e-01 |Du|=4.87e+00 |DRu|=6.71e+00)
  [PT] w_u=3.2928 w_v=5.7260 gamma=0.996 (tau_u=3.037e-01 tau_v=1.746e-01 |Du|=2.99e+00 |DRu|=1.07e+01)
  [PT] w_u=3.1254 w_v=5.5763 gamma=1.000 (tau_u=3.200e-01 tau_v=1.793e-01 |Du|=9.77e+00 |DRu|=1.43e+01)
  [PT] w_u=2.9743 w_v=5.3476 gamma=1.000 (tau_u=3.362e-01 tau_v=1.870e-01 |Du|=8.32e+00 |DRu|=1.20e+01)
  [PT] w_u=3.1824 w_v=5.5587 gamma=1.000 (tau_u=3.142e-01 tau_v=1.799e-01 |Du|=3.80e+00 |DRu|=1.11e+01)
  [PT] w_u=3.0862 w_v=5.8768 gamma=0.999 (tau_u=3.240e-01 tau_v=1.702e-01 |Du|=7.37e+00 |DRu|=1.15e+01)
  [PT] w_u=3.0798 w_v=5.5915 gamma=0.993 (tau_u=3.247e-01 tau_v=1.788e-01 |Du|=7.23e+00 |DRu|=1.25e+01)
  [PT] w_u=2.5536 w_v=5.2333 gamma=0.995 (tau_u=3.916e-01 tau_v=1.911e-01 |Du|=6.28e+00 |DRu|=6.28e+00)
  [PT] w_u=2.5664 w_v=5.5254 gamma=1.000 (tau_u=3.896e-01 tau_v=1.810e-01 |Du|=1.03e+01 |DRu|=1.69e+01)
  [PT] w_u=2.8038 w_v=5.9052 gamma=1.000 (tau_u=3.567e-01 tau_v=1.693e-01 |Du|=2.09e+00 |DRu|=8.54e+00)
[Adam] ep= 1320  total=2.186e-01  PDE=4.552e-02 [colloc=4.214e-02, cfd=3.384e-03] (w=2.675)  IN=8.774e-03 (w=1.068)  TB=7.182e-03 (w=0.811)  WALL=1.153e-15 (w=0.200)  OUT=2.618e-03 (w=0.461)  DATA=1.495e-02 (w=5.383)
  [PT] w_u=2.8041 w_v=6.1655 gamma=1.000 (tau_u=3.566e-01 tau_v=1.622e-01 |Du|=8.09e+00 |DRu|=1.35e+01)
  [PT] w_u=2.7260 w_v=6.4237 gamma=0.993 (tau_u=3.668e-01 tau_v=1.557e-01 |Du|=9.13e+00 |DRu|=1.34e+01)
  [PT] w_u=2.9869 w_v=6.8249 gamma=0.996 (tau_u=3.348e-01 tau_v=1.465e-01 |Du|=2.79e+00 |DRu|=1.29e+01)
  [PT] w_u=2.9339 w_v=7.2335 gamma=1.000 (tau_u=3.408e-01 tau_v=1.382e-01 |Du|=6.41e+00 |DRu|=1.02e+01)
  [PT] w_u=3.1034 w_v=7.7182 gamma=1.000 (tau_u=3.222e-01 tau_v=1.296e-01 |Du|=5.59e+00 |DRu|=1.42e+01)
  [PT] w_u=3.2919 w_v=8.0053 gamma=1.000 (tau_u=3.038e-01 tau_v=1.249e-01 |Du|=3.31e+00 |DRu|=8.92e+00)
  [PT] w_u=3.4303 w_v=8.4058 gamma=0.997 (tau_u=2.915e-01 tau_v=1.190e-01 |Du|=5.72e+00 |DRu|=1.34e+01)
  [PT] w_u=3.2191 w_v=8.1026 gamma=0.997 (tau_u=3.106e-01 tau_v=1.234e-01 |Du|=2.37e+00 |DRu|=3.40e+00)
  [PT] w_u=3.4117 w_v=8.4719 gamma=0.999 (tau_u=2.931e-01 tau_v=1.180e-01 |Du|=4.58e+00 |DRu|=1.25e+01)
  [PT] w_u=3.7177 w_v=8.5940 gamma=1.000 (tau_u=2.690e-01 tau_v=1.164e-01 |Du|=1.97e+00 |DRu|=8.65e+00)
  [PT] w_u=3.4243 w_v=8.5377 gamma=0.997 (tau_u=2.920e-01 tau_v=1.171e-01 |Du|=4.77e+00 |DRu|=6.74e+00)
  [PT] w_u=3.5212 w_v=8.6839 gamma=0.997 (tau_u=2.840e-01 tau_v=1.152e-01 |Du|=3.61e+00 |DRu|=7.84e+00)
  [PT] w_u=3.3208 w_v=8.7986 gamma=1.000 (tau_u=3.011e-01 tau_v=1.137e-01 |Du|=8.14e+00 |DRu|=1.21e+01)
  [PT] w_u=3.1934 w_v=8.7215 gamma=1.000 (tau_u=3.131e-01 tau_v=1.147e-01 |Du|=3.03e+00 |DRu|=4.66e+00)
  [PT] w_u=2.9743 w_v=8.9531 gamma=0.997 (tau_u=3.362e-01 tau_v=1.117e-01 |Du|=8.21e+00 |DRu|=1.11e+01)
  [PT] w_u=3.0621 w_v=7.9444 gamma=0.995 (tau_u=3.266e-01 tau_v=1.259e-01 |Du|=3.46e+00 |DRu|=7.05e+00)
  [PT] w_u=3.0436 w_v=8.3630 gamma=1.000 (tau_u=3.286e-01 tau_v=1.196e-01 |Du|=7.20e+00 |DRu|=1.22e+01)
  [PT] w_u=3.1043 w_v=7.9508 gamma=1.000 (tau_u=3.221e-01 tau_v=1.258e-01 |Du|=4.10e+00 |DRu|=7.97e+00)
  [PT] w_u=3.1089 w_v=7.7851 gamma=0.999 (tau_u=3.217e-01 tau_v=1.285e-01 |Du|=7.00e+00 |DRu|=1.24e+01)
  [PT] w_u=3.2340 w_v=8.3231 gamma=0.996 (tau_u=3.092e-01 tau_v=1.201e-01 |Du|=4.53e+00 |DRu|=1.02e+01)
[Adam] ep= 1340  total=1.914e-01  PDE=2.976e-02 [colloc=2.770e-02, cfd=2.059e-03] (w=2.742)  IN=9.573e-03 (w=1.027)  TB=5.464e-03 (w=0.783)  WALL=5.838e-16 (w=0.200)  OUT=4.608e-04 (w=0.411)  DATA=1.767e-02 (w=5.401)
  [PT] w_u=3.2316 w_v=7.4402 gamma=0.997 (tau_u=3.094e-01 tau_v=1.344e-01 |Du|=3.84e+00 |DRu|=6.87e+00)
  [PT] w_u=3.3563 w_v=6.2668 gamma=1.000 (tau_u=2.979e-01 tau_v=1.596e-01 |Du|=6.44e+00 |DRu|=1.46e+01)
  [PT] w_u=3.4866 w_v=5.9855 gamma=1.000 (tau_u=2.868e-01 tau_v=1.671e-01 |Du|=2.54e+00 |DRu|=5.88e+00)
  [PT] w_u=3.7345 w_v=6.2696 gamma=1.000 (tau_u=2.678e-01 tau_v=1.595e-01 |Du|=4.56e+00 |DRu|=1.47e+01)
  [PT] w_u=3.4149 w_v=5.3059 gamma=0.998 (tau_u=2.928e-01 tau_v=1.885e-01 |Du|=4.95e+00 |DRu|=6.87e+00)
  [PT] w_u=3.6339 w_v=5.2628 gamma=1.000 (tau_u=2.752e-01 tau_v=1.900e-01 |Du|=6.22e+00 |DRu|=1.82e+01)
  [PT] w_u=3.2701 w_v=5.0162 gamma=1.000 (tau_u=3.058e-01 tau_v=1.994e-01 |Du|=3.55e+00 |DRu|=4.65e+00)
  [PT] w_u=3.5753 w_v=5.3521 gamma=1.000 (tau_u=2.797e-01 tau_v=1.868e-01 |Du|=2.68e+00 |DRu|=1.27e+01)
  [PT] w_u=3.5729 w_v=5.1033 gamma=0.998 (tau_u=2.799e-01 tau_v=1.960e-01 |Du|=7.34e+00 |DRu|=1.38e+01)
  [PT] w_u=3.0567 w_v=4.3124 gamma=0.997 (tau_u=3.271e-01 tau_v=2.319e-01 |Du|=6.91e+00 |DRu|=7.95e+00)
  [PT] w_u=3.2005 w_v=4.3553 gamma=0.999 (tau_u=3.124e-01 tau_v=2.296e-01 |Du|=6.89e+00 |DRu|=1.62e+01)
  [PT] w_u=3.0717 w_v=4.6849 gamma=1.000 (tau_u=3.256e-01 tau_v=2.135e-01 |Du|=4.87e+00 |DRu|=7.31e+00)
  [PT] w_u=3.3137 w_v=4.4054 gamma=1.000 (tau_u=3.018e-01 tau_v=2.270e-01 |Du|=4.14e+00 |DRu|=1.40e+01)
  [PT] w_u=3.1661 w_v=4.3509 gamma=0.994 (tau_u=3.158e-01 tau_v=2.298e-01 |Du|=8.68e+00 |DRu|=1.30e+01)
  [PT] w_u=3.4214 w_v=4.3088 gamma=0.998 (tau_u=2.923e-01 tau_v=2.321e-01 |Du|=2.34e+00 |DRu|=8.26e+00)
  [PT] w_u=3.5895 w_v=4.6633 gamma=0.999 (tau_u=2.786e-01 tau_v=2.144e-01 |Du|=3.95e+00 |DRu|=1.00e+01)
  [PT] w_u=3.4534 w_v=4.3250 gamma=0.998 (tau_u=2.896e-01 tau_v=2.312e-01 |Du|=4.19e+00 |DRu|=6.72e+00)
  [PT] w_u=2.8057 w_v=4.6679 gamma=1.000 (tau_u=3.564e-01 tau_v=2.142e-01 |Du|=5.24e+00 |DRu|=5.36e+00)
  [PT] w_u=2.7835 w_v=5.0170 gamma=0.996 (tau_u=3.593e-01 tau_v=1.993e-01 |Du|=6.21e+00 |DRu|=9.99e+00)
  [PT] w_u=2.7834 w_v=5.3380 gamma=0.998 (tau_u=3.593e-01 tau_v=1.873e-01 |Du|=3.12e+00 |DRu|=5.20e+00)
[Adam] ep= 1360  total=1.816e-01  PDE=2.433e-02 [colloc=2.194e-02, cfd=2.391e-03] (w=2.680)  IN=1.006e-02 (w=1.015)  TB=4.888e-03 (w=0.795)  WALL=3.473e-16 (w=0.200)  OUT=1.465e-03 (w=0.523)  DATA=1.856e-02 (w=5.472)
  [PT] w_u=2.9762 w_v=5.7285 gamma=1.000 (tau_u=3.360e-01 tau_v=1.746e-01 |Du|=4.76e+00 |DRu|=1.34e+01)
  [PT] w_u=3.0259 w_v=6.0921 gamma=1.000 (tau_u=3.305e-01 tau_v=1.641e-01 |Du|=3.00e+00 |DRu|=5.66e+00)
  [PT] w_u=3.0110 w_v=6.4589 gamma=0.997 (tau_u=3.321e-01 tau_v=1.548e-01 |Du|=8.29e+00 |DRu|=1.40e+01)
  [PT] w_u=3.2905 w_v=6.7030 gamma=0.994 (tau_u=3.039e-01 tau_v=1.492e-01 |Du|=1.85e+00 |DRu|=8.23e+00)
  [PT] w_u=2.7927 w_v=7.0513 gamma=1.000 (tau_u=3.581e-01 tau_v=1.418e-01 |Du|=1.00e+01 |DRu|=1.09e+01)
  [PT] w_u=2.9504 w_v=6.6622 gamma=0.999 (tau_u=3.389e-01 tau_v=1.501e-01 |Du|=2.80e+00 |DRu|=6.85e+00)
  [PT] w_u=3.0483 w_v=7.0032 gamma=0.997 (tau_u=3.280e-01 tau_v=1.428e-01 |Du|=7.35e+00 |DRu|=1.53e+01)
  [PT] w_u=3.3352 w_v=7.2314 gamma=0.996 (tau_u=2.998e-01 tau_v=1.383e-01 |Du|=7.56e-01 |DRu|=3.52e+00)
  [PT] w_u=3.4099 w_v=7.6323 gamma=1.000 (tau_u=2.933e-01 tau_v=1.310e-01 |Du|=8.22e+00 |DRu|=1.70e+01)
  [PT] w_u=3.4946 w_v=7.9130 gamma=1.000 (tau_u=2.862e-01 tau_v=1.264e-01 |Du|=4.47e+00 |DRu|=9.49e+00)
  [PT] w_u=3.5313 w_v=8.3326 gamma=1.000 (tau_u=2.832e-01 tau_v=1.200e-01 |Du|=6.22e+00 |DRu|=1.23e+01)
  [PT] w_u=3.3933 w_v=8.6840 gamma=0.990 (tau_u=2.947e-01 tau_v=1.152e-01 |Du|=8.88e+00 |DRu|=1.40e+01)
  [PT] w_u=3.7022 w_v=8.9843 gamma=0.996 (tau_u=2.701e-01 tau_v=1.113e-01 |Du|=2.28e+00 |DRu|=1.03e+01)
  [PT] w_u=3.4829 w_v=9.2720 gamma=0.998 (tau_u=2.871e-01 tau_v=1.079e-01 |Du|=6.13e+00 |DRu|=9.24e+00)
  [PT] w_u=3.8322 w_v=9.7487 gamma=1.000 (tau_u=2.609e-01 tau_v=1.026e-01 |Du|=3.42e+00 |DRu|=2.15e+01)
  [PT] w_u=4.1317 w_v=9.8353 gamma=1.000 (tau_u=2.420e-01 tau_v=1.017e-01 |Du|=1.51e+00 |DRu|=5.62e+00)
  [PT] w_u=4.3876 w_v=10.2135 gamma=1.000 (tau_u=2.279e-01 tau_v=9.791e-02 |Du|=3.73e+00 |DRu|=1.18e+01)
  [PT] w_u=4.7902 w_v=10.6272 gamma=1.000 (tau_u=2.088e-01 tau_v=9.410e-02 |Du|=4.85e+00 |DRu|=2.54e+01)
  [PT] w_u=5.2960 w_v=10.4714 gamma=1.000 (tau_u=1.888e-01 tau_v=9.550e-02 |Du|=1.07e+00 |DRu|=1.11e+01)
  [PT] w_u=4.3659 w_v=8.9535 gamma=1.000 (tau_u=2.290e-01 tau_v=1.117e-01 |Du|=3.19e+00 |DRu|=4.15e+00)
[Adam] ep= 1380  total=2.846e-01  PDE=5.750e-02 [colloc=4.473e-02, cfd=1.277e-02] (w=2.876)  IN=1.025e-02 (w=0.950)  TB=4.562e-03 (w=0.682)  WALL=6.527e-16 (w=0.200)  OUT=1.138e-03 (w=0.466)  DATA=2.007e-02 (w=5.276)
  [PT] w_u=4.6219 w_v=9.3639 gamma=0.995 (tau_u=2.164e-01 tau_v=1.068e-01 |Du|=5.62e+00 |DRu|=1.75e+01)
  [PT] w_u=5.0348 w_v=9.7839 gamma=1.000 (tau_u=1.986e-01 tau_v=1.022e-01 |Du|=6.08e+00 |DRu|=3.08e+01)
  [PT] w_u=5.4952 w_v=9.9764 gamma=1.000 (tau_u=1.820e-01 tau_v=1.002e-01 |Du|=2.66e+00 |DRu|=1.48e+01)
  [PT] w_u=4.3825 w_v=9.7985 gamma=1.000 (tau_u=2.282e-01 tau_v=1.021e-01 |Du|=4.46e+00 |DRu|=5.56e+00)
  [PT] w_u=4.4799 w_v=10.3018 gamma=1.000 (tau_u=2.232e-01 tau_v=9.707e-02 |Du|=6.62e+00 |DRu|=1.57e+01)
  [PT] w_u=4.7666 w_v=10.8522 gamma=0.984 (tau_u=2.098e-01 tau_v=9.215e-02 |Du|=7.42e+00 |DRu|=2.47e+01)
  [PT] w_u=5.0587 w_v=11.2474 gamma=1.000 (tau_u=1.977e-01 tau_v=8.891e-02 |Du|=8.51e+00 |DRu|=2.86e+01)
  [PT] w_u=5.2440 w_v=11.6875 gamma=1.000 (tau_u=1.907e-01 tau_v=8.556e-02 |Du|=6.05e+00 |DRu|=1.69e+01)
  [PT] w_u=5.0251 w_v=11.4932 gamma=1.000 (tau_u=1.990e-01 tau_v=8.701e-02 |Du|=3.28e+00 |DRu|=6.26e+00)
  [PT] w_u=5.2900 w_v=11.5102 gamma=1.000 (tau_u=1.890e-01 tau_v=8.688e-02 |Du|=4.32e+00 |DRu|=1.37e+01)
  [PT] w_u=5.5923 w_v=11.9067 gamma=1.000 (tau_u=1.788e-01 tau_v=8.399e-02 |Du|=7.00e+00 |DRu|=2.37e+01)
  [PT] w_u=5.8917 w_v=12.3232 gamma=1.000 (tau_u=1.697e-01 tau_v=8.115e-02 |Du|=7.46e+00 |DRu|=2.52e+01)
  [PT] w_u=6.1141 w_v=12.3216 gamma=1.000 (tau_u=1.636e-01 tau_v=8.116e-02 |Du|=5.67e+00 |DRu|=1.73e+01)
  [PT] w_u=6.1503 w_v=11.8785 gamma=1.000 (tau_u=1.626e-01 tau_v=8.419e-02 |Du|=4.91e+00 |DRu|=1.25e+01)
  [PT] w_u=6.2003 w_v=11.1873 gamma=1.000 (tau_u=1.613e-01 tau_v=8.939e-02 |Du|=4.98e+00 |DRu|=1.29e+01)
  [PT] w_u=6.4201 w_v=10.9217 gamma=1.000 (tau_u=1.558e-01 tau_v=9.156e-02 |Du|=5.55e+00 |DRu|=1.71e+01)
  [PT] w_u=6.4550 w_v=11.1448 gamma=1.000 (tau_u=1.549e-01 tau_v=8.973e-02 |Du|=8.96e+00 |DRu|=2.34e+01)
  [PT] w_u=6.2819 w_v=11.7080 gamma=1.000 (tau_u=1.592e-01 tau_v=8.541e-02 |Du|=9.50e+00 |DRu|=2.14e+01)
  [PT] w_u=6.2219 w_v=12.0346 gamma=1.000 (tau_u=1.607e-01 tau_v=8.309e-02 |Du|=5.06e+00 |DRu|=1.21e+01)
  [PT] w_u=6.4393 w_v=11.5687 gamma=1.000 (tau_u=1.553e-01 tau_v=8.644e-02 |Du|=3.33e+00 |DRu|=1.02e+01)
[Adam] ep= 1400  total=4.943e-01  PDE=1.116e-01 [colloc=9.153e-02, cfd=2.006e-02] (w=3.012)  IN=1.077e-02 (w=0.950)  TB=5.709e-03 (w=0.558)  WALL=1.630e-15 (w=0.200)  OUT=2.829e-03 (w=0.270)  DATA=2.776e-02 (w=5.188)
  [PT] w_u=6.4730 w_v=11.0125 gamma=1.000 (tau_u=1.545e-01 tau_v=9.081e-02 |Du|=6.49e+00 |DRu|=1.69e+01)
  [PT] w_u=6.4745 w_v=10.4331 gamma=0.997 (tau_u=1.545e-01 tau_v=9.585e-02 |Du|=8.71e+00 |DRu|=2.21e+01)
  [PT] w_u=6.8103 w_v=10.1827 gamma=1.000 (tau_u=1.468e-01 tau_v=9.821e-02 |Du|=5.51e+00 |DRu|=1.97e+01)
  [PT] w_u=7.2999 w_v=9.8428 gamma=1.000 (tau_u=1.370e-01 tau_v=1.016e-01 |Du|=2.49e+00 |DRu|=1.13e+01)
  [PT] w_u=6.7585 w_v=9.3962 gamma=1.000 (tau_u=1.480e-01 tau_v=1.064e-01 |Du|=2.95e+00 |DRu|=5.94e+00)
  [PT] w_u=6.5966 w_v=9.4482 gamma=0.999 (tau_u=1.516e-01 tau_v=1.058e-01 |Du|=4.77e+00 |DRu|=1.11e+01)
  [PT] w_u=6.8303 w_v=9.7051 gamma=0.982 (tau_u=1.464e-01 tau_v=1.030e-01 |Du|=5.64e+00 |DRu|=1.77e+01)
  [PT] w_u=6.6599 w_v=9.5711 gamma=1.000 (tau_u=1.502e-01 tau_v=1.045e-01 |Du|=7.85e+00 |DRu|=1.83e+01)
  [PT] w_u=5.5679 w_v=8.7439 gamma=1.000 (tau_u=1.796e-01 tau_v=1.144e-01 |Du|=7.89e+00 |DRu|=1.18e+01)
  [PT] w_u=4.6840 w_v=7.1010 gamma=1.000 (tau_u=2.135e-01 tau_v=1.408e-01 |Du|=7.18e+00 |DRu|=9.97e+00)
  [PT] w_u=4.7746 w_v=7.1162 gamma=1.000 (tau_u=2.094e-01 tau_v=1.405e-01 |Du|=7.48e+00 |DRu|=1.80e+01)
  [PT] w_u=4.7415 w_v=7.4982 gamma=1.000 (tau_u=2.109e-01 tau_v=1.334e-01 |Du|=9.75e+00 |DRu|=2.06e+01)
  [PT] w_u=4.4011 w_v=7.8068 gamma=1.000 (tau_u=2.272e-01 tau_v=1.281e-01 |Du|=9.30e+00 |DRu|=1.52e+01)
  [PT] w_u=4.2179 w_v=7.4462 gamma=1.000 (tau_u=2.371e-01 tau_v=1.343e-01 |Du|=6.52e+00 |DRu|=1.14e+01)
  [PT] w_u=4.2774 w_v=6.4456 gamma=0.999 (tau_u=2.338e-01 tau_v=1.551e-01 |Du|=5.75e+00 |DRu|=1.27e+01)
  [PT] w_u=4.1547 w_v=6.4964 gamma=0.999 (tau_u=2.407e-01 tau_v=1.539e-01 |Du|=8.18e+00 |DRu|=1.49e+01)
  [PT] w_u=3.9473 w_v=6.6649 gamma=1.000 (tau_u=2.533e-01 tau_v=1.500e-01 |Du|=9.12e+00 |DRu|=1.51e+01)
  [PT] w_u=4.1948 w_v=7.0728 gamma=1.000 (tau_u=2.384e-01 tau_v=1.414e-01 |Du|=5.59e+00 |DRu|=1.73e+01)
  [PT] w_u=4.6298 w_v=7.5210 gamma=1.000 (tau_u=2.160e-01 tau_v=1.330e-01 |Du|=1.46e+00 |DRu|=1.22e+01)
  [PT] w_u=4.8361 w_v=6.9669 gamma=1.000 (tau_u=2.068e-01 tau_v=1.435e-01 |Du|=3.26e+00 |DRu|=9.26e+00)
[Adam] ep= 1420  total=3.100e-01  PDE=7.080e-02 [colloc=6.790e-02, cfd=2.899e-03] (w=2.776)  IN=1.117e-02 (w=1.074)  TB=6.248e-03 (w=0.696)  WALL=2.013e-15 (w=0.200)  OUT=1.330e-03 (w=0.322)  DATA=1.785e-02 (w=5.418)
  [PT] w_u=4.9540 w_v=6.7820 gamma=1.000 (tau_u=2.019e-01 tau_v=1.474e-01 |Du|=4.52e+00 |DRu|=1.14e+01)
  [PT] w_u=5.3148 w_v=6.9923 gamma=1.000 (tau_u=1.882e-01 tau_v=1.430e-01 |Du|=4.36e+00 |DRu|=1.71e+01)
  [PT] w_u=5.7498 w_v=7.3700 gamma=1.000 (tau_u=1.739e-01 tau_v=1.357e-01 |Du|=2.40e+00 |DRu|=1.12e+01)
  [PT] w_u=5.5085 w_v=7.3672 gamma=1.000 (tau_u=1.815e-01 tau_v=1.357e-01 |Du|=3.60e+00 |DRu|=7.20e+00)
  [PT] w_u=5.3282 w_v=7.2395 gamma=0.998 (tau_u=1.877e-01 tau_v=1.381e-01 |Du|=5.23e+00 |DRu|=1.06e+01)
  [PT] w_u=5.4014 w_v=7.2373 gamma=0.999 (tau_u=1.851e-01 tau_v=1.382e-01 |Du|=6.95e+00 |DRu|=1.72e+01)
  [PT] w_u=5.4122 w_v=7.3949 gamma=1.000 (tau_u=1.848e-01 tau_v=1.352e-01 |Du|=4.08e+00 |DRu|=9.58e+00)
  [PT] w_u=4.1233 w_v=7.5418 gamma=1.000 (tau_u=2.425e-01 tau_v=1.326e-01 |Du|=4.54e+00 |DRu|=5.20e+00)
  [PT] w_u=4.0219 w_v=7.3702 gamma=0.992 (tau_u=2.486e-01 tau_v=1.357e-01 |Du|=6.46e+00 |DRu|=1.17e+01)
  [PT] w_u=4.0483 w_v=6.5192 gamma=0.991 (tau_u=2.470e-01 tau_v=1.534e-01 |Du|=4.08e+00 |DRu|=8.43e+00)
  [PT] w_u=3.7058 w_v=6.4216 gamma=0.999 (tau_u=2.698e-01 tau_v=1.557e-01 |Du|=7.40e+00 |DRu|=1.07e+01)
  [PT] w_u=2.9437 w_v=6.0003 gamma=1.000 (tau_u=3.397e-01 tau_v=1.667e-01 |Du|=6.14e+00 |DRu|=6.24e+00)
  [PT] w_u=2.8579 w_v=5.0612 gamma=0.998 (tau_u=3.499e-01 tau_v=1.976e-01 |Du|=6.77e+00 |DRu|=1.02e+01)
  [PT] w_u=2.9207 w_v=4.6577 gamma=1.000 (tau_u=3.424e-01 tau_v=2.147e-01 |Du|=7.16e+00 |DRu|=1.37e+01)
  [PT] w_u=3.0399 w_v=4.7122 gamma=1.000 (tau_u=3.290e-01 tau_v=2.122e-01 |Du|=3.84e+00 |DRu|=8.42e+00)
  [PT] w_u=3.1785 w_v=5.0172 gamma=1.000 (tau_u=3.146e-01 tau_v=1.993e-01 |Du|=4.33e+00 |DRu|=1.00e+01)
  [PT] w_u=2.7559 w_v=4.4285 gamma=0.999 (tau_u=3.629e-01 tau_v=2.258e-01 |Du|=6.81e+00 |DRu|=7.62e+00)
  [PT] w_u=2.8001 w_v=4.3301 gamma=0.998 (tau_u=3.571e-01 tau_v=2.309e-01 |Du|=7.96e+00 |DRu|=1.44e+01)
  [PT] w_u=2.6338 w_v=4.3206 gamma=1.000 (tau_u=3.797e-01 tau_v=2.314e-01 |Du|=4.22e+00 |DRu|=5.52e+00)
  [PT] w_u=2.8170 w_v=4.5112 gamma=1.000 (tau_u=3.550e-01 tau_v=2.217e-01 |Du|=2.58e+00 |DRu|=7.09e+00)
[Adam] ep= 1440  total=2.230e-01  PDE=3.497e-02 [colloc=3.222e-02, cfd=2.750e-03] (w=2.582)  IN=1.545e-02 (w=1.089)  TB=7.528e-03 (w=0.817)  WALL=9.310e-16 (w=0.200)  OUT=8.340e-03 (w=0.601)  DATA=1.940e-02 (w=5.399)
  [PT] w_u=2.7646 w_v=4.3840 gamma=0.999 (tau_u=3.617e-01 tau_v=2.281e-01 |Du|=5.96e+00 |DRu|=9.16e+00)
  [PT] w_u=2.8214 w_v=4.3814 gamma=1.000 (tau_u=3.544e-01 tau_v=2.282e-01 |Du|=6.51e+00 |DRu|=1.21e+01)
  [PT] w_u=2.8039 w_v=4.2773 gamma=1.000 (tau_u=3.566e-01 tau_v=2.338e-01 |Du|=3.04e+00 |DRu|=4.95e+00)
  [PT] w_u=3.0871 w_v=4.5046 gamma=0.999 (tau_u=3.239e-01 tau_v=2.220e-01 |Du|=2.24e+00 |DRu|=1.31e+01)
  [PT] w_u=3.3255 w_v=4.7253 gamma=0.999 (tau_u=3.007e-01 tau_v=2.116e-01 |Du|=2.48e+00 |DRu|=8.17e+00)
  [PT] w_u=3.6547 w_v=5.0822 gamma=1.000 (tau_u=2.736e-01 tau_v=1.968e-01 |Du|=2.62e+00 |DRu|=1.52e+01)
  [PT] w_u=3.6683 w_v=5.1991 gamma=1.000 (tau_u=2.726e-01 tau_v=1.923e-01 |Du|=2.29e+00 |DRu|=4.46e+00)
  [PT] w_u=3.9281 w_v=5.6284 gamma=1.000 (tau_u=2.546e-01 tau_v=1.777e-01 |Du|=4.44e+00 |DRu|=1.46e+01)
  [PT] w_u=3.7538 w_v=5.4428 gamma=0.998 (tau_u=2.664e-01 tau_v=1.837e-01 |Du|=7.31e+00 |DRu|=1.20e+01)
  [PT] w_u=3.5502 w_v=5.0854 gamma=0.994 (tau_u=2.817e-01 tau_v=1.966e-01 |Du|=5.23e+00 |DRu|=8.06e+00)
  [PT] w_u=3.7006 w_v=5.2314 gamma=0.997 (tau_u=2.702e-01 tau_v=1.912e-01 |Du|=6.10e+00 |DRu|=1.49e+01)
  [PT] w_u=3.4432 w_v=5.5692 gamma=1.000 (tau_u=2.904e-01 tau_v=1.796e-01 |Du|=5.74e+00 |DRu|=8.35e+00)
  [PT] w_u=3.7489 w_v=5.7535 gamma=1.000 (tau_u=2.667e-01 tau_v=1.738e-01 |Du|=2.50e+00 |DRu|=1.08e+01)
  [PT] w_u=3.4634 w_v=5.6646 gamma=0.995 (tau_u=2.887e-01 tau_v=1.765e-01 |Du|=9.72e+00 |DRu|=1.39e+01)
  [PT] w_u=2.8894 w_v=4.8996 gamma=0.994 (tau_u=3.461e-01 tau_v=2.041e-01 |Du|=6.36e+00 |DRu|=6.82e+00)
  [PT] w_u=2.9126 w_v=5.1565 gamma=0.998 (tau_u=3.433e-01 tau_v=1.939e-01 |Du|=7.75e+00 |DRu|=1.37e+01)
  [PT] w_u=2.8364 w_v=5.4660 gamma=1.000 (tau_u=3.526e-01 tau_v=1.829e-01 |Du|=7.50e+00 |DRu|=1.14e+01)
  [PT] w_u=3.0577 w_v=5.5209 gamma=1.000 (tau_u=3.270e-01 tau_v=1.811e-01 |Du|=3.35e+00 |DRu|=1.07e+01)
  [PT] w_u=2.8363 w_v=5.6766 gamma=0.996 (tau_u=3.526e-01 tau_v=1.762e-01 |Du|=1.09e+01 |DRu|=1.43e+01)
  [PT] w_u=2.9872 w_v=6.0273 gamma=0.994 (tau_u=3.348e-01 tau_v=1.659e-01 |Du|=3.74e+00 |DRu|=8.92e+00)
[Adam] ep= 1460  total=1.983e-01  PDE=2.444e-02 [colloc=2.172e-02, cfd=2.715e-03] (w=2.708)  IN=1.057e-02 (w=0.985)  TB=3.524e-03 (w=0.729)  WALL=3.945e-16 (w=0.200)  OUT=2.552e-03 (w=0.567)  DATA=2.125e-02 (w=5.541)
  [PT] w_u=2.9584 w_v=6.2133 gamma=0.999 (tau_u=3.380e-01 tau_v=1.609e-01 |Du|=5.96e+00 |DRu|=9.82e+00)
  [PT] w_u=2.9321 w_v=6.4572 gamma=1.000 (tau_u=3.411e-01 tau_v=1.549e-01 |Du|=7.89e+00 |DRu|=1.30e+01)
  [PT] w_u=3.1406 w_v=6.8093 gamma=1.000 (tau_u=3.184e-01 tau_v=1.469e-01 |Du|=3.17e+00 |DRu|=9.37e+00)
  [PT] w_u=3.1449 w_v=6.9112 gamma=0.996 (tau_u=3.180e-01 tau_v=1.447e-01 |Du|=6.72e+00 |DRu|=1.20e+01)
  [PT] w_u=3.3631 w_v=6.5474 gamma=0.996 (tau_u=2.973e-01 tau_v=1.527e-01 |Du|=2.94e+00 |DRu|=8.77e+00)
  [PT] w_u=3.1680 w_v=6.8607 gamma=1.000 (tau_u=3.157e-01 tau_v=1.458e-01 |Du|=8.24e+00 |DRu|=1.19e+01)
  [PT] w_u=3.3019 w_v=5.6900 gamma=1.000 (tau_u=3.029e-01 tau_v=1.757e-01 |Du|=2.91e+00 |DRu|=6.73e+00)
  [PT] w_u=3.1069 w_v=5.3612 gamma=0.994 (tau_u=3.219e-01 tau_v=1.865e-01 |Du|=9.07e+00 |DRu|=1.29e+01)
  [PT] w_u=3.0171 w_v=4.9645 gamma=0.998 (tau_u=3.314e-01 tau_v=2.014e-01 |Du|=4.98e+00 |DRu|=7.69e+00)
  [PT] w_u=3.1753 w_v=5.3214 gamma=1.000 (tau_u=3.149e-01 tau_v=1.879e-01 |Du|=4.53e+00 |DRu|=1.11e+01)
  [PT] w_u=3.0626 w_v=4.7311 gamma=0.999 (tau_u=3.265e-01 tau_v=2.114e-01 |Du|=4.49e+00 |DRu|=6.83e+00)
  [PT] w_u=3.1537 w_v=4.8071 gamma=0.997 (tau_u=3.171e-01 tau_v=2.080e-01 |Du|=7.90e+00 |DRu|=1.64e+01)
  [PT] w_u=2.1140 w_v=4.3735 gamma=0.998 (tau_u=4.730e-01 tau_v=2.287e-01 |Du|=3.76e+00 |DRu|=2.74e+00)
  [PT] w_u=2.2980 w_v=4.7404 gamma=0.995 (tau_u=4.352e-01 tau_v=2.110e-01 |Du|=3.55e+00 |DRu|=1.15e+01)
  [PT] w_u=2.3296 w_v=4.7155 gamma=1.000 (tau_u=4.293e-01 tau_v=2.121e-01 |Du|=7.82e+00 |DRu|=1.27e+01)
  [PT] w_u=2.4182 w_v=4.2774 gamma=1.000 (tau_u=4.135e-01 tau_v=2.338e-01 |Du|=5.28e+00 |DRu|=1.01e+01)
  [PT] w_u=2.5124 w_v=4.5533 gamma=0.999 (tau_u=3.980e-01 tau_v=2.196e-01 |Du|=7.09e+00 |DRu|=1.39e+01)
  [PT] w_u=2.6499 w_v=4.8155 gamma=0.996 (tau_u=3.774e-01 tau_v=2.077e-01 |Du|=2.63e+00 |DRu|=6.00e+00)
  [PT] w_u=2.8324 w_v=5.0291 gamma=0.999 (tau_u=3.531e-01 tau_v=1.988e-01 |Du|=5.45e+00 |DRu|=1.49e+01)
  [PT] w_u=2.9538 w_v=5.0367 gamma=1.000 (tau_u=3.385e-01 tau_v=1.985e-01 |Du|=3.72e+00 |DRu|=8.16e+00)
[Adam] ep= 1480  total=1.795e-01  PDE=2.990e-02 [colloc=2.724e-02, cfd=2.659e-03] (w=2.745)  IN=7.639e-03 (w=1.005)  TB=3.710e-03 (w=0.702)  WALL=6.796e-16 (w=0.200)  OUT=3.179e-04 (w=0.404)  DATA=1.544e-02 (w=5.638)
  [PT] w_u=3.1308 w_v=5.4420 gamma=0.999 (tau_u=3.194e-01 tau_v=1.838e-01 |Du|=5.60e+00 |DRu|=1.46e+01)
  [PT] w_u=3.0630 w_v=5.6434 gamma=0.996 (tau_u=3.265e-01 tau_v=1.772e-01 |Du|=3.80e+00 |DRu|=6.06e+00)
  [PT] w_u=3.3135 w_v=5.8006 gamma=0.994 (tau_u=3.018e-01 tau_v=1.724e-01 |Du|=3.16e+00 |DRu|=1.12e+01)
  [PT] w_u=3.2090 w_v=6.0690 gamma=1.000 (tau_u=3.116e-01 tau_v=1.648e-01 |Du|=9.47e+00 |DRu|=1.50e+01)
  [PT] w_u=3.4186 w_v=6.4869 gamma=1.000 (tau_u=2.925e-01 tau_v=1.542e-01 |Du|=1.96e+00 |DRu|=5.65e+00)
  [PT] w_u=3.4144 w_v=6.6319 gamma=0.999 (tau_u=2.929e-01 tau_v=1.508e-01 |Du|=6.01e+00 |DRu|=1.10e+01)
  [PT] w_u=3.3096 w_v=6.2878 gamma=0.992 (tau_u=3.022e-01 tau_v=1.590e-01 |Du|=8.11e+00 |DRu|=1.30e+01)
  [PT] w_u=3.3498 w_v=6.5077 gamma=0.997 (tau_u=2.985e-01 tau_v=1.537e-01 |Du|=3.80e+00 |DRu|=7.36e+00)
  [PT] w_u=3.0746 w_v=6.5639 gamma=1.000 (tau_u=3.252e-01 tau_v=1.523e-01 |Du|=6.58e+00 |DRu|=8.75e+00)
  [PT] w_u=2.9430 w_v=5.3763 gamma=1.000 (tau_u=3.398e-01 tau_v=1.860e-01 |Du|=5.28e+00 |DRu|=7.70e+00)
  [PT] w_u=2.8599 w_v=5.4512 gamma=0.998 (tau_u=3.497e-01 tau_v=1.834e-01 |Du|=9.62e+00 |DRu|=1.45e+01)
  [PT] w_u=2.4752 w_v=5.6580 gamma=0.997 (tau_u=4.040e-01 tau_v=1.767e-01 |Du|=4.83e+00 |DRu|=5.10e+00)
  [PT] w_u=2.6565 w_v=5.8147 gamma=0.997 (tau_u=3.764e-01 tau_v=1.720e-01 |Du|=2.46e+00 |DRu|=6.86e+00)
  [PT] w_u=2.5802 w_v=5.7288 gamma=0.999 (tau_u=3.876e-01 tau_v=1.746e-01 |Du|=8.16e+00 |DRu|=1.17e+01)
  [PT] w_u=2.5787 w_v=5.1578 gamma=1.000 (tau_u=3.878e-01 tau_v=1.939e-01 |Du|=8.15e+00 |DRu|=1.31e+01)
  [PT] w_u=2.5630 w_v=5.1181 gamma=1.000 (tau_u=3.902e-01 tau_v=1.954e-01 |Du|=5.93e+00 |DRu|=9.25e+00)
  [PT] w_u=2.7746 w_v=5.5363 gamma=0.997 (tau_u=3.604e-01 tau_v=1.806e-01 |Du|=3.29e+00 |DRu|=1.08e+01)
  [PT] w_u=2.7484 w_v=5.4821 gamma=0.996 (tau_u=3.639e-01 tau_v=1.824e-01 |Du|=4.48e+00 |DRu|=7.12e+00)
  [PT] w_u=2.6436 w_v=5.4362 gamma=0.998 (tau_u=3.783e-01 tau_v=1.840e-01 |Du|=8.39e+00 |DRu|=1.18e+01)
  [PT] w_u=2.6800 w_v=5.3520 gamma=1.000 (tau_u=3.731e-01 tau_v=1.868e-01 |Du|=4.41e+00 |DRu|=7.71e+00)
[Adam] ep= 1500  total=1.739e-01  PDE=2.796e-02 [colloc=2.575e-02, cfd=2.205e-03] (w=2.668)  IN=6.451e-03 (w=1.019)  TB=3.404e-03 (w=0.697)  WALL=6.099e-16 (w=0.200)  OUT=1.206e-03 (w=0.568)  DATA=1.589e-02 (w=5.642)
  [PT] w_u=2.4501 w_v=5.7072 gamma=0.998 (tau_u=4.082e-01 tau_v=1.752e-01 |Du|=4.19e+00 |DRu|=4.93e+00)
  [PT] w_u=2.6333 w_v=5.9271 gamma=0.996 (tau_u=3.798e-01 tau_v=1.687e-01 |Du|=3.38e+00 |DRu|=9.58e+00)
  [PT] w_u=2.6609 w_v=5.9878 gamma=1.000 (tau_u=3.758e-01 tau_v=1.670e-01 |Du|=5.96e+00 |DRu|=1.02e+01)
  [PT] w_u=2.6089 w_v=6.1622 gamma=1.000 (tau_u=3.833e-01 tau_v=1.623e-01 |Du|=3.69e+00 |DRu|=5.49e+00)
  [PT] w_u=2.8583 w_v=6.5549 gamma=0.998 (tau_u=3.499e-01 tau_v=1.526e-01 |Du|=2.96e+00 |DRu|=1.34e+01)
  [PT] w_u=3.0618 w_v=6.7166 gamma=0.999 (tau_u=3.266e-01 tau_v=1.489e-01 |Du|=2.41e+00 |DRu|=7.02e+00)
  [PT] w_u=2.9613 w_v=7.0229 gamma=0.999 (tau_u=3.377e-01 tau_v=1.424e-01 |Du|=3.13e+00 |DRu|=4.72e+00)
  [PT] w_u=3.0767 w_v=6.9602 gamma=0.998 (tau_u=3.250e-01 tau_v=1.437e-01 |Du|=5.32e+00 |DRu|=1.16e+01)
  [PT] w_u=3.1620 w_v=7.0680 gamma=0.997 (tau_u=3.163e-01 tau_v=1.415e-01 |Du|=1.67e+00 |DRu|=3.43e+00)
  [PT] w_u=3.3670 w_v=7.0773 gamma=0.998 (tau_u=2.970e-01 tau_v=1.413e-01 |Du|=3.78e+00 |DRu|=1.07e+01)
  [PT] w_u=2.9195 w_v=5.6604 gamma=0.998 (tau_u=3.425e-01 tau_v=1.767e-01 |Du|=5.87e+00 |DRu|=6.76e+00)
  [PT] w_u=3.1676 w_v=6.0012 gamma=0.999 (tau_u=3.157e-01 tau_v=1.666e-01 |Du|=4.57e+00 |DRu|=1.68e+01)
  [PT] w_u=3.2661 w_v=6.5609 gamma=1.000 (tau_u=3.062e-01 tau_v=1.524e-01 |Du|=1.49e+00 |DRu|=3.17e+00)
  [PT] w_u=3.5324 w_v=6.8648 gamma=1.000 (tau_u=2.831e-01 tau_v=1.457e-01 |Du|=3.86e+00 |DRu|=1.41e+01)
  [PT] w_u=3.4378 w_v=5.7494 gamma=1.000 (tau_u=2.909e-01 tau_v=1.739e-01 |Du|=6.88e+00 |DRu|=1.14e+01)
  [PT] w_u=3.2763 w_v=5.6472 gamma=0.998 (tau_u=3.052e-01 tau_v=1.771e-01 |Du|=6.77e+00 |DRu|=1.03e+01)
  [PT] w_u=3.5476 w_v=6.1694 gamma=1.000 (tau_u=2.819e-01 tau_v=1.621e-01 |Du|=4.24e+00 |DRu|=1.58e+01)
  [PT] w_u=3.7295 w_v=6.3079 gamma=1.000 (tau_u=2.681e-01 tau_v=1.585e-01 |Du|=1.94e+00 |DRu|=5.11e+00)
  [PT] w_u=3.9688 w_v=6.1389 gamma=0.997 (tau_u=2.520e-01 tau_v=1.629e-01 |Du|=2.74e+00 |DRu|=8.39e+00)
  [PT] w_u=4.2285 w_v=6.2186 gamma=0.998 (tau_u=2.365e-01 tau_v=1.608e-01 |Du|=5.37e+00 |DRu|=1.72e+01)
[Adam] ep= 1520  total=2.010e-01  PDE=2.759e-02 [colloc=2.383e-02, cfd=3.765e-03] (w=2.718)  IN=1.227e-02 (w=0.995)  TB=4.486e-03 (w=0.662)  WALL=5.838e-16 (w=0.200)  OUT=7.420e-03 (w=0.680)  DATA=1.957e-02 (w=5.406)
  [PT] w_u=3.8086 w_v=6.2084 gamma=1.000 (tau_u=2.626e-01 tau_v=1.611e-01 |Du|=5.27e+00 |DRu|=7.47e+00)
  [PT] w_u=3.7560 w_v=6.4443 gamma=1.000 (tau_u=2.662e-01 tau_v=1.552e-01 |Du|=4.53e+00 |DRu|=8.28e+00)
  [PT] w_u=4.0584 w_v=6.7045 gamma=1.000 (tau_u=2.464e-01 tau_v=1.492e-01 |Du|=2.90e+00 |DRu|=1.11e+01)
  [PT] w_u=3.8873 w_v=6.5185 gamma=0.999 (tau_u=2.572e-01 tau_v=1.534e-01 |Du|=4.75e+00 |DRu|=7.97e+00)
  [PT] w_u=3.8552 w_v=6.4402 gamma=0.999 (tau_u=2.594e-01 tau_v=1.553e-01 |Du|=7.20e+00 |DRu|=1.36e+01)
  [PT] w_u=3.5639 w_v=6.7779 gamma=0.999 (tau_u=2.806e-01 tau_v=1.475e-01 |Du|=7.13e+00 |DRu|=1.04e+01)
  [PT] w_u=2.9652 w_v=7.2005 gamma=0.996 (tau_u=3.372e-01 tau_v=1.389e-01 |Du|=4.59e+00 |DRu|=4.98e+00)
  [PT] w_u=3.1802 w_v=7.1404 gamma=0.994 (tau_u=3.144e-01 tau_v=1.400e-01 |Du|=3.77e+00 |DRu|=1.14e+01)
  [PT] w_u=3.2002 w_v=7.1617 gamma=1.000 (tau_u=3.125e-01 tau_v=1.396e-01 |Du|=6.19e+00 |DRu|=1.14e+01)
  [PT] w_u=3.3310 w_v=7.6427 gamma=1.000 (tau_u=3.002e-01 tau_v=1.308e-01 |Du|=2.22e+00 |DRu|=5.10e+00)
  [PT] w_u=3.4629 w_v=7.4722 gamma=0.999 (tau_u=2.888e-01 tau_v=1.338e-01 |Du|=2.81e+00 |DRu|=6.51e+00)
  [PT] w_u=3.5905 w_v=6.8503 gamma=0.998 (tau_u=2.785e-01 tau_v=1.460e-01 |Du|=4.64e+00 |DRu|=1.07e+01)
  [PT] w_u=3.2367 w_v=6.9277 gamma=1.000 (tau_u=3.090e-01 tau_v=1.443e-01 |Du|=7.69e+00 |DRu|=1.01e+01)
  [PT] w_u=3.3840 w_v=7.3960 gamma=1.000 (tau_u=2.955e-01 tau_v=1.352e-01 |Du|=3.71e+00 |DRu|=8.88e+00)
  [PT] w_u=3.1711 w_v=6.2665 gamma=1.000 (tau_u=3.153e-01 tau_v=1.596e-01 |Du|=4.88e+00 |DRu|=6.94e+00)
  [PT] w_u=2.9073 w_v=5.3709 gamma=0.995 (tau_u=3.440e-01 tau_v=1.862e-01 |Du|=8.11e+00 |DRu|=1.04e+01)
  [PT] w_u=2.8860 w_v=5.6643 gamma=1.000 (tau_u=3.465e-01 tau_v=1.765e-01 |Du|=7.31e+00 |DRu|=1.20e+01)
  [PT] w_u=2.9578 w_v=6.0973 gamma=1.000 (tau_u=3.381e-01 tau_v=1.640e-01 |Du|=3.07e+00 |DRu|=5.99e+00)
  [PT] w_u=2.8497 w_v=5.6286 gamma=1.000 (tau_u=3.509e-01 tau_v=1.777e-01 |Du|=4.07e+00 |DRu|=5.96e+00)
  [PT] w_u=2.7808 w_v=5.4977 gamma=0.995 (tau_u=3.596e-01 tau_v=1.819e-01 |Du|=5.62e+00 |DRu|=8.47e+00)
[Adam] ep= 1540  total=2.316e-01  PDE=3.947e-02 [colloc=3.219e-02, cfd=7.282e-03] (w=2.749)  IN=1.100e-02 (w=0.918)  TB=4.995e-03 (w=0.643)  WALL=9.756e-16 (w=0.200)  OUT=1.843e-02 (w=0.844)  DATA=1.822e-02 (w=5.172)
  [PT] w_u=2.5488 w_v=5.8284 gamma=0.998 (tau_u=3.923e-01 tau_v=1.716e-01 |Du|=9.43e+00 |DRu|=1.14e+01)
  [PT] w_u=2.0730 w_v=6.2215 gamma=1.000 (tau_u=4.824e-01 tau_v=1.607e-01 |Du|=7.28e+00 |DRu|=6.40e+00)
  [PT] w_u=2.0570 w_v=6.2514 gamma=1.000 (tau_u=4.861e-01 tau_v=1.600e-01 |Du|=3.95e+00 |DRu|=5.48e+00)
  [PT] w_u=2.1554 w_v=6.1416 gamma=1.000 (tau_u=4.639e-01 tau_v=1.628e-01 |Du|=4.33e+00 |DRu|=8.42e+00)
  [PT] w_u=2.1564 w_v=6.4051 gamma=1.000 (tau_u=4.637e-01 tau_v=1.561e-01 |Du|=7.64e+00 |DRu|=1.12e+01)
  [PT] w_u=2.1697 w_v=6.8101 gamma=1.000 (tau_u=4.609e-01 tau_v=1.468e-01 |Du|=6.68e+00 |DRu|=1.01e+01)
  [PT] w_u=2.2307 w_v=6.9066 gamma=1.000 (tau_u=4.483e-01 tau_v=1.448e-01 |Du|=4.58e+00 |DRu|=7.92e+00)
  [PT] w_u=2.3420 w_v=6.4439 gamma=1.000 (tau_u=4.270e-01 tau_v=1.552e-01 |Du|=4.21e+00 |DRu|=8.67e+00)
  [PT] w_u=2.4651 w_v=6.6419 gamma=1.000 (tau_u=4.057e-01 tau_v=1.506e-01 |Du|=5.31e+00 |DRu|=1.15e+01)
  [PT] w_u=2.5428 w_v=7.0246 gamma=1.000 (tau_u=3.933e-01 tau_v=1.424e-01 |Du|=6.73e+00 |DRu|=1.27e+01)
  [PT] w_u=2.6241 w_v=7.2459 gamma=1.000 (tau_u=3.811e-01 tau_v=1.380e-01 |Du|=4.96e+00 |DRu|=9.51e+00)
  [PT] w_u=2.7061 w_v=6.8572 gamma=1.000 (tau_u=3.695e-01 tau_v=1.458e-01 |Du|=3.92e+00 |DRu|=7.61e+00)
  [PT] w_u=2.7415 w_v=6.4033 gamma=1.000 (tau_u=3.648e-01 tau_v=1.562e-01 |Du|=5.13e+00 |DRu|=9.04e+00)
  [PT] w_u=2.7854 w_v=6.7168 gamma=1.000 (tau_u=3.590e-01 tau_v=1.489e-01 |Du|=6.72e+00 |DRu|=1.21e+01)
  [PT] w_u=2.8638 w_v=7.1237 gamma=1.000 (tau_u=3.492e-01 tau_v=1.404e-01 |Du|=5.72e+00 |DRu|=1.12e+01)
  [PT] w_u=3.0031 w_v=7.1514 gamma=1.000 (tau_u=3.330e-01 tau_v=1.398e-01 |Du|=4.31e+00 |DRu|=9.96e+00)
  [PT] w_u=3.1665 w_v=6.6345 gamma=1.000 (tau_u=3.158e-01 tau_v=1.507e-01 |Du|=4.09e+00 |DRu|=1.02e+01)
  [PT] w_u=3.2753 w_v=6.2196 gamma=1.000 (tau_u=3.053e-01 tau_v=1.608e-01 |Du|=4.98e+00 |DRu|=1.08e+01)
  [PT] w_u=3.3017 w_v=6.5328 gamma=1.000 (tau_u=3.029e-01 tau_v=1.531e-01 |Du|=6.09e+00 |DRu|=1.15e+01)
  [PT] w_u=3.3897 w_v=6.8849 gamma=1.000 (tau_u=2.950e-01 tau_v=1.452e-01 |Du|=5.58e+00 |DRu|=1.18e+01)
[Adam] ep= 1560  total=2.863e-01  PDE=5.413e-02 [colloc=5.043e-02, cfd=3.696e-03] (w=2.734)  IN=1.468e-02 (w=0.850)  TB=5.891e-03 (w=0.506)  WALL=1.670e-15 (w=0.200)  OUT=4.028e-03 (w=1.144)  DATA=2.507e-02 (w=4.718)
  [PT] w_u=3.5939 w_v=6.7807 gamma=1.000 (tau_u=2.782e-01 tau_v=1.475e-01 |Du|=4.23e+00 |DRu|=1.19e+01)
  [PT] w_u=3.6490 w_v=6.0263 gamma=1.000 (tau_u=2.740e-01 tau_v=1.659e-01 |Du|=5.17e+00 |DRu|=1.06e+01)
  [PT] w_u=3.5184 w_v=5.0931 gamma=1.000 (tau_u=2.842e-01 tau_v=1.963e-01 |Du|=7.28e+00 |DRu|=1.19e+01)
  [PT] w_u=3.4149 w_v=5.1739 gamma=1.000 (tau_u=2.928e-01 tau_v=1.933e-01 |Du|=6.66e+00 |DRu|=1.09e+01)
  [PT] w_u=3.5562 w_v=5.5925 gamma=1.000 (tau_u=2.812e-01 tau_v=1.788e-01 |Du|=3.72e+00 |DRu|=8.86e+00)
  [PT] w_u=3.6201 w_v=5.5192 gamma=1.000 (tau_u=2.762e-01 tau_v=1.812e-01 |Du|=4.10e+00 |DRu|=8.52e+00)
  [PT] w_u=3.2352 w_v=4.8347 gamma=1.000 (tau_u=3.091e-01 tau_v=2.068e-01 |Du|=7.40e+00 |DRu|=9.52e+00)
  [PT] w_u=2.7755 w_v=4.4614 gamma=1.000 (tau_u=3.603e-01 tau_v=2.241e-01 |Du|=9.71e+00 |DRu|=1.07e+01)
  [PT] w_u=2.6673 w_v=4.5834 gamma=1.000 (tau_u=3.749e-01 tau_v=2.182e-01 |Du|=7.56e+00 |DRu|=1.06e+01)
  [PT] w_u=2.7664 w_v=4.9792 gamma=1.000 (tau_u=3.615e-01 tau_v=2.008e-01 |Du|=4.40e+00 |DRu|=8.96e+00)
  [PT] w_u=2.5333 w_v=4.9373 gamma=1.000 (tau_u=3.947e-01 tau_v=2.025e-01 |Du|=6.68e+00 |DRu|=8.02e+00)
  [PT] w_u=1.9300 w_v=4.0973 gamma=0.999 (tau_u=5.181e-01 tau_v=2.441e-01 |Du|=8.26e+00 |DRu|=6.47e+00)
  [PT] w_u=1.7299 w_v=3.9555 gamma=0.997 (tau_u=5.781e-01 tau_v=2.528e-01 |Du|=9.10e+00 |DRu|=8.60e+00)
  [PT] w_u=1.7421 w_v=4.0720 gamma=1.000 (tau_u=5.740e-01 tau_v=2.456e-01 |Du|=8.43e+00 |DRu|=1.15e+01)
  [PT] w_u=1.8594 w_v=4.3405 gamma=1.000 (tau_u=5.378e-01 tau_v=2.304e-01 |Du|=3.97e+00 |DRu|=8.63e+00)
  [PT] w_u=1.8048 w_v=4.4172 gamma=1.000 (tau_u=5.541e-01 tau_v=2.264e-01 |Du|=7.09e+00 |DRu|=8.47e+00)
  [PT] w_u=1.6165 w_v=4.3089 gamma=0.998 (tau_u=6.186e-01 tau_v=2.321e-01 |Du|=1.00e+01 |DRu|=9.13e+00)
  [PT] w_u=1.5043 w_v=4.3793 gamma=0.995 (tau_u=6.647e-01 tau_v=2.283e-01 |Du|=9.16e+00 |DRu|=8.79e+00)
  [PT] w_u=1.5820 w_v=4.5936 gamma=1.000 (tau_u=6.321e-01 tau_v=2.177e-01 |Du|=8.55e+00 |DRu|=1.47e+01)
  [PT] w_u=1.6057 w_v=4.7999 gamma=1.000 (tau_u=6.228e-01 tau_v=2.083e-01 |Du|=5.48e+00 |DRu|=7.47e+00)
[Adam] ep= 1580  total=2.251e-01  PDE=4.216e-02 [colloc=3.545e-02, cfd=6.707e-03] (w=2.491)  IN=1.175e-02 (w=1.013)  TB=8.249e-03 (w=0.741)  WALL=1.157e-15 (w=0.200)  OUT=1.163e-02 (w=0.994)  DATA=1.746e-02 (w=5.184)
  [PT] w_u=1.6323 w_v=4.9892 gamma=1.000 (tau_u=6.126e-01 tau_v=2.004e-01 |Du|=6.92e+00 |DRu|=9.58e+00)
  [PT] w_u=1.6820 w_v=4.8762 gamma=0.996 (tau_u=5.945e-01 tau_v=2.051e-01 |Du|=7.03e+00 |DRu|=1.07e+01)
  [PT] w_u=1.5576 w_v=4.8204 gamma=1.000 (tau_u=6.420e-01 tau_v=2.075e-01 |Du|=1.10e+01 |DRu|=1.07e+01)
  [PT] w_u=1.4988 w_v=5.1022 gamma=1.000 (tau_u=6.672e-01 tau_v=1.960e-01 |Du|=9.10e+00 |DRu|=9.62e+00)
  [PT] w_u=1.5700 w_v=5.1252 gamma=1.000 (tau_u=6.369e-01 tau_v=1.951e-01 |Du|=5.30e+00 |DRu|=8.78e+00)
  [PT] w_u=1.5499 w_v=5.0477 gamma=0.999 (tau_u=6.452e-01 tau_v=1.981e-01 |Du|=1.05e+01 |DRu|=1.23e+01)
  [PT] w_u=1.4598 w_v=4.9752 gamma=0.997 (tau_u=6.850e-01 tau_v=2.010e-01 |Du|=7.00e+00 |DRu|=6.84e+00)
  [PT] w_u=1.5785 w_v=5.3099 gamma=0.996 (tau_u=6.335e-01 tau_v=1.883e-01 |Du|=5.13e+00 |DRu|=1.24e+01)
  [PT] w_u=1.6853 w_v=5.5612 gamma=1.000 (tau_u=5.934e-01 tau_v=1.798e-01 |Du|=5.36e+00 |DRu|=1.11e+01)
  [PT] w_u=1.5325 w_v=5.7504 gamma=1.000 (tau_u=6.525e-01 tau_v=1.739e-01 |Du|=5.57e+00 |DRu|=5.11e+00)
  [PT] w_u=1.6334 w_v=6.1033 gamma=0.994 (tau_u=6.122e-01 tau_v=1.638e-01 |Du|=5.81e+00 |DRu|=1.16e+01)
  [PT] w_u=1.3266 w_v=6.2688 gamma=0.997 (tau_u=7.538e-01 tau_v=1.595e-01 |Du|=9.01e+00 |DRu|=6.32e+00)
  [PT] w_u=1.1803 w_v=6.6565 gamma=1.000 (tau_u=8.473e-01 tau_v=1.502e-01 |Du|=1.26e+01 |DRu|=9.71e+00)
  [PT] w_u=1.2809 w_v=7.0844 gamma=0.999 (tau_u=7.807e-01 tau_v=1.412e-01 |Du|=3.83e+00 |DRu|=9.00e+00)
  [PT] w_u=1.2380 w_v=6.8993 gamma=0.995 (tau_u=8.078e-01 tau_v=1.449e-01 |Du|=1.19e+01 |DRu|=1.16e+01)
  [PT] w_u=1.2780 w_v=6.4672 gamma=0.991 (tau_u=7.825e-01 tau_v=1.546e-01 |Du|=6.58e+00 |DRu|=8.80e+00)
  [PT] w_u=1.3785 w_v=6.8507 gamma=1.000 (tau_u=7.254e-01 tau_v=1.460e-01 |Du|=6.60e+00 |DRu|=1.43e+01)
  [PT] w_u=1.5132 w_v=7.0010 gamma=1.000 (tau_u=6.608e-01 tau_v=1.428e-01 |Du|=2.55e+00 |DRu|=9.04e+00)
  [PT] w_u=1.6001 w_v=6.7207 gamma=0.994 (tau_u=6.250e-01 tau_v=1.488e-01 |Du|=6.26e+00 |DRu|=1.13e+01)
  [PT] w_u=1.7518 w_v=6.4848 gamma=0.997 (tau_u=5.708e-01 tau_v=1.542e-01 |Du|=4.54e+00 |DRu|=1.57e+01)
[Adam] ep= 1600  total=1.843e-01  PDE=2.425e-02 [colloc=2.191e-02, cfd=2.339e-03] (w=2.623)  IN=1.243e-02 (w=1.034)  TB=3.518e-03 (w=0.629)  WALL=6.526e-16 (w=0.200)  OUT=1.032e-02 (w=0.864)  DATA=1.838e-02 (w=5.265)
  [PT] w_u=1.3348 w_v=5.2763 gamma=0.999 (tau_u=7.492e-01 tau_v=1.895e-01 |Du|=6.36e+00 |DRu|=4.14e+00)
  [PT] w_u=1.4535 w_v=5.7285 gamma=1.000 (tau_u=6.880e-01 tau_v=1.746e-01 |Du|=7.74e+00 |DRu|=2.09e+01)
  [PT] w_u=1.4345 w_v=5.2253 gamma=1.000 (tau_u=6.971e-01 tau_v=1.914e-01 |Du|=3.56e+00 |DRu|=4.03e+00)
  [PT] w_u=1.5711 w_v=5.5950 gamma=0.999 (tau_u=6.365e-01 tau_v=1.787e-01 |Du|=5.84e+00 |DRu|=1.93e+01)
  [PT] w_u=1.4756 w_v=5.3264 gamma=0.992 (tau_u=6.777e-01 tau_v=1.877e-01 |Du|=9.01e+00 |DRu|=8.76e+00)
  [PT] w_u=1.6261 w_v=5.6034 gamma=0.993 (tau_u=6.149e-01 tau_v=1.785e-01 |Du|=3.29e+00 |DRu|=1.46e+01)
  [PT] w_u=1.7736 w_v=5.9934 gamma=0.997 (tau_u=5.638e-01 tau_v=1.669e-01 |Du|=2.43e+00 |DRu|=7.54e+00)
  [PT] w_u=1.9415 w_v=6.0541 gamma=1.000 (tau_u=5.151e-01 tau_v=1.652e-01 |Du|=5.01e+00 |DRu|=1.81e+01)
  [PT] w_u=1.8423 w_v=4.4655 gamma=1.000 (tau_u=5.428e-01 tau_v=2.239e-01 |Du|=4.08e+00 |DRu|=4.59e+00)
  [PT] w_u=2.0382 w_v=4.8203 gamma=0.999 (tau_u=4.906e-01 tau_v=2.075e-01 |Du|=2.80e+00 |DRu|=1.92e+01)
  [PT] w_u=2.1587 w_v=5.1552 gamma=0.997 (tau_u=4.632e-01 tau_v=1.940e-01 |Du|=3.02e+00 |DRu|=6.47e+00)
  [PT] w_u=2.3854 w_v=5.6344 gamma=0.997 (tau_u=4.192e-01 tau_v=1.775e-01 |Du|=2.37e+00 |DRu|=1.56e+01)
  [PT] w_u=2.3373 w_v=5.2854 gamma=0.999 (tau_u=4.278e-01 tau_v=1.892e-01 |Du|=5.08e+00 |DRu|=7.13e+00)
  [PT] w_u=2.5824 w_v=5.4580 gamma=1.000 (tau_u=3.872e-01 tau_v=1.832e-01 |Du|=2.77e+00 |DRu|=1.87e+01)
  [PT] w_u=2.3825 w_v=5.3867 gamma=0.999 (tau_u=4.197e-01 tau_v=1.856e-01 |Du|=4.14e+00 |DRu|=4.90e+00)
  [PT] w_u=2.5965 w_v=5.8479 gamma=0.992 (tau_u=3.851e-01 tau_v=1.710e-01 |Du|=4.55e+00 |DRu|=1.67e+01)
  [PT] w_u=2.8000 w_v=6.0653 gamma=0.999 (tau_u=3.571e-01 tau_v=1.649e-01 |Du|=3.75e+00 |DRu|=1.16e+01)
  [PT] w_u=2.8683 w_v=6.3547 gamma=1.000 (tau_u=3.486e-01 tau_v=1.574e-01 |Du|=5.41e+00 |DRu|=1.04e+01)
  [PT] w_u=3.1606 w_v=6.8921 gamma=1.000 (tau_u=3.164e-01 tau_v=1.451e-01 |Du|=3.52e+00 |DRu|=2.17e+01)
  [PT] w_u=3.3559 w_v=6.6166 gamma=1.000 (tau_u=2.980e-01 tau_v=1.511e-01 |Du|=3.61e+00 |DRu|=9.92e+00)
[Adam] ep= 1620  total=1.968e-01  PDE=4.184e-02 [colloc=3.693e-02, cfd=4.909e-03] (w=2.844)  IN=5.410e-03 (w=0.917)  TB=2.793e-03 (w=0.606)  WALL=9.078e-16 (w=0.200)  OUT=2.955e-04 (w=0.657)  DATA=1.336e-02 (w=5.313)
  [PT] w_u=3.5143 w_v=6.8264 gamma=0.999 (tau_u=2.845e-01 tau_v=1.465e-01 |Du|=4.59e+00 |DRu|=1.13e+01)
  [PT] w_u=3.8536 w_v=7.3454 gamma=0.996 (tau_u=2.595e-01 tau_v=1.361e-01 |Du|=3.87e+00 |DRu|=2.09e+01)
  [PT] w_u=4.1201 w_v=7.8362 gamma=1.000 (tau_u=2.427e-01 tau_v=1.276e-01 |Du|=4.29e+00 |DRu|=1.42e+01)
  [PT] w_u=4.0286 w_v=7.3781 gamma=1.000 (tau_u=2.482e-01 tau_v=1.355e-01 |Du|=3.58e+00 |DRu|=6.56e+00)
  [PT] w_u=4.3016 w_v=7.3241 gamma=0.999 (tau_u=2.325e-01 tau_v=1.365e-01 |Du|=4.07e+00 |DRu|=1.35e+01)
  [PT] w_u=4.6391 w_v=7.5921 gamma=1.000 (tau_u=2.156e-01 tau_v=1.317e-01 |Du|=5.95e+00 |DRu|=2.36e+01)
  [PT] w_u=4.7499 w_v=7.7473 gamma=1.000 (tau_u=2.105e-01 tau_v=1.291e-01 |Du|=4.60e+00 |DRu|=1.13e+01)
  [PT] w_u=4.1168 w_v=8.0598 gamma=1.000 (tau_u=2.429e-01 tau_v=1.241e-01 |Du|=5.05e+00 |DRu|=6.91e+00)
  [PT] w_u=4.3305 w_v=8.4258 gamma=0.988 (tau_u=2.309e-01 tau_v=1.187e-01 |Du|=4.73e+00 |DRu|=1.34e+01)
  [PT] w_u=4.6244 w_v=8.8477 gamma=0.985 (tau_u=2.162e-01 tau_v=1.130e-01 |Du|=5.78e+00 |DRu|=1.98e+01)
  [PT] w_u=4.4475 w_v=9.1335 gamma=1.000 (tau_u=2.248e-01 tau_v=1.095e-01 |Du|=9.28e+00 |DRu|=1.69e+01)
  [PT] w_u=3.9243 w_v=9.2405 gamma=1.000 (tau_u=2.548e-01 tau_v=1.082e-01 |Du|=7.48e+00 |DRu|=1.03e+01)
  [PT] w_u=4.1751 w_v=9.5963 gamma=1.000 (tau_u=2.395e-01 tau_v=1.042e-01 |Du|=4.54e+00 |DRu|=1.42e+01)
  [PT] w_u=4.2722 w_v=9.8802 gamma=1.000 (tau_u=2.341e-01 tau_v=1.012e-01 |Du|=8.50e+00 |DRu|=1.98e+01)
  [PT] w_u=4.0198 w_v=10.1831 gamma=0.995 (tau_u=2.488e-01 tau_v=9.820e-02 |Du|=1.05e+01 |DRu|=1.69e+01)
  [PT] w_u=3.9582 w_v=10.5034 gamma=0.996 (tau_u=2.526e-01 tau_v=9.521e-02 |Du|=6.04e+00 |DRu|=1.12e+01)
  [PT] w_u=4.1659 w_v=10.7584 gamma=0.988 (tau_u=2.400e-01 tau_v=9.295e-02 |Du|=4.10e+00 |DRu|=1.14e+01)
  [PT] w_u=3.9695 w_v=10.8709 gamma=0.997 (tau_u=2.519e-01 tau_v=9.199e-02 |Du|=1.05e+01 |DRu|=1.75e+01)
  [PT] w_u=3.6598 w_v=10.7702 gamma=1.000 (tau_u=2.732e-01 tau_v=9.285e-02 |Du|=1.06e+01 |DRu|=1.55e+01)
  [PT] w_u=3.8800 w_v=10.2409 gamma=1.000 (tau_u=2.577e-01 tau_v=9.765e-02 |Du|=3.98e+00 |DRu|=1.16e+01)
[Adam] ep= 1640  total=2.297e-01  PDE=5.047e-02 [colloc=4.564e-02, cfd=4.835e-03] (w=2.806)  IN=5.122e-03 (w=0.980)  TB=3.109e-03 (w=0.563)  WALL=1.253e-15 (w=0.200)  OUT=1.100e-03 (w=0.320)  DATA=1.389e-02 (w=5.826)
  [PT] w_u=3.9374 w_v=10.3577 gamma=1.000 (tau_u=2.540e-01 tau_v=9.655e-02 |Du|=6.97e+00 |DRu|=1.48e+01)
  [PT] w_u=3.6791 w_v=10.6896 gamma=0.996 (tau_u=2.718e-01 tau_v=9.355e-02 |Du|=9.54e+00 |DRu|=1.45e+01)
  [PT] w_u=3.6771 w_v=10.7113 gamma=0.990 (tau_u=2.720e-01 tau_v=9.336e-02 |Du|=5.31e+00 |DRu|=1.01e+01)
  [PT] w_u=3.7744 w_v=10.3653 gamma=0.986 (tau_u=2.649e-01 tau_v=9.648e-02 |Du|=4.69e+00 |DRu|=1.04e+01)
  [PT] w_u=3.4832 w_v=10.3703 gamma=1.000 (tau_u=2.871e-01 tau_v=9.643e-02 |Du|=1.20e+01 |DRu|=1.72e+01)
  [PT] w_u=3.3044 w_v=10.0110 gamma=1.000 (tau_u=3.026e-01 tau_v=9.989e-02 |Du|=6.91e+00 |DRu|=1.04e+01)
  [PT] w_u=3.4264 w_v=9.7266 gamma=1.000 (tau_u=2.919e-01 tau_v=1.028e-01 |Du|=5.19e+00 |DRu|=1.18e+01)
  [PT] w_u=3.2341 w_v=9.9794 gamma=0.991 (tau_u=3.092e-01 tau_v=1.002e-01 |Du|=1.09e+01 |DRu|=1.60e+01)
  [PT] w_u=3.2221 w_v=10.0291 gamma=0.987 (tau_u=3.104e-01 tau_v=9.971e-02 |Du|=4.68e+00 |DRu|=8.22e+00)
  [PT] w_u=3.2317 w_v=9.1973 gamma=0.988 (tau_u=3.094e-01 tau_v=1.087e-01 |Du|=5.53e+00 |DRu|=1.00e+01)
  [PT] w_u=3.1755 w_v=9.0270 gamma=1.000 (tau_u=3.149e-01 tau_v=1.108e-01 |Du|=9.73e+00 |DRu|=1.61e+01)
  [PT] w_u=3.3120 w_v=8.5502 gamma=1.000 (tau_u=3.019e-01 tau_v=1.170e-01 |Du|=2.28e+00 |DRu|=5.29e+00)
  [PT] w_u=3.2734 w_v=8.8824 gamma=0.997 (tau_u=3.055e-01 tau_v=1.126e-01 |Du|=6.54e+00 |DRu|=1.12e+01)
  [PT] w_u=3.3536 w_v=8.5693 gamma=0.990 (tau_u=2.982e-01 tau_v=1.167e-01 |Du|=7.11e+00 |DRu|=1.47e+01)
  [PT] w_u=3.1363 w_v=6.7896 gamma=0.994 (tau_u=3.188e-01 tau_v=1.473e-01 |Du|=3.79e+00 |DRu|=5.32e+00)
  [PT] w_u=2.9661 w_v=6.9051 gamma=0.997 (tau_u=3.371e-01 tau_v=1.448e-01 |Du|=8.38e+00 |DRu|=1.18e+01)
  [PT] w_u=2.9861 w_v=7.3233 gamma=1.000 (tau_u=3.349e-01 tau_v=1.366e-01 |Du|=8.49e+00 |DRu|=1.51e+01)
  [PT] w_u=3.0766 w_v=7.5981 gamma=1.000 (tau_u=3.250e-01 tau_v=1.316e-01 |Du|=2.04e+00 |DRu|=4.20e+00)
  [PT] w_u=3.0704 w_v=8.0115 gamma=0.994 (tau_u=3.257e-01 tau_v=1.248e-01 |Du|=7.97e+00 |DRu|=1.38e+01)
  [PT] w_u=2.3376 w_v=5.8994 gamma=0.987 (tau_u=4.278e-01 tau_v=1.695e-01 |Du|=9.16e+00 |DRu|=7.84e+00)
[Adam] ep= 1660  total=1.635e-01  PDE=2.197e-02 [colloc=1.984e-02, cfd=2.131e-03] (w=2.789)  IN=8.450e-03 (w=0.993)  TB=4.285e-03 (w=0.671)  WALL=4.965e-16 (w=0.200)  OUT=1.576e-03 (w=0.321)  DATA=1.598e-02 (w=5.662)
  [PT] w_u=2.1672 w_v=5.1507 gamma=0.994 (tau_u=4.614e-01 tau_v=1.941e-01 |Du|=6.68e+00 |DRu|=7.62e+00)
  [PT] w_u=2.1485 w_v=5.3408 gamma=1.000 (tau_u=4.654e-01 tau_v=1.872e-01 |Du|=6.16e+00 |DRu|=8.69e+00)
  [PT] w_u=2.1720 w_v=4.6379 gamma=0.999 (tau_u=4.604e-01 tau_v=2.156e-01 |Du|=4.40e+00 |DRu|=6.82e+00)
  [PT] w_u=2.1608 w_v=4.5519 gamma=0.993 (tau_u=4.628e-01 tau_v=2.197e-01 |Du|=9.83e+00 |DRu|=1.41e+01)
  [PT] w_u=2.1220 w_v=4.6727 gamma=0.995 (tau_u=4.713e-01 tau_v=2.140e-01 |Du|=4.65e+00 |DRu|=6.27e+00)
  [PT] w_u=2.1847 w_v=4.9942 gamma=0.999 (tau_u=4.577e-01 tau_v=2.002e-01 |Du|=6.52e+00 |DRu|=1.13e+01)
  [PT] w_u=2.3227 w_v=5.0159 gamma=1.000 (tau_u=4.305e-01 tau_v=1.994e-01 |Du|=4.94e+00 |DRu|=1.15e+01)
  [PT] w_u=2.2137 w_v=4.7306 gamma=0.999 (tau_u=4.517e-01 tau_v=2.114e-01 |Du|=6.90e+00 |DRu|=8.60e+00)
  [PT] w_u=2.1714 w_v=4.9274 gamma=0.990 (tau_u=4.605e-01 tau_v=2.029e-01 |Du|=9.77e+00 |DRu|=1.32e+01)
  [PT] w_u=1.9927 w_v=5.1066 gamma=0.992 (tau_u=5.018e-01 tau_v=1.958e-01 |Du|=4.08e+00 |DRu|=4.35e+00)
  [PT] w_u=1.9863 w_v=5.4350 gamma=0.999 (tau_u=5.035e-01 tau_v=1.840e-01 |Du|=8.19e+00 |DRu|=1.14e+01)
  [PT] w_u=1.8025 w_v=4.2511 gamma=0.999 (tau_u=5.548e-01 tau_v=2.352e-01 |Du|=5.27e+00 |DRu|=5.22e+00)
  [PT] w_u=1.7878 w_v=4.3018 gamma=0.992 (tau_u=5.594e-01 tau_v=2.325e-01 |Du|=1.02e+01 |DRu|=1.31e+01)
  [PT] w_u=1.7324 w_v=4.3893 gamma=0.992 (tau_u=5.772e-01 tau_v=2.278e-01 |Du|=5.41e+00 |DRu|=6.27e+00)
  [PT] w_u=1.8344 w_v=4.7138 gamma=1.000 (tau_u=5.451e-01 tau_v=2.121e-01 |Du|=7.09e+00 |DRu|=1.40e+01)
  [PT] w_u=1.9372 w_v=4.5306 gamma=1.000 (tau_u=5.162e-01 tau_v=2.207e-01 |Du|=3.16e+00 |DRu|=6.24e+00)
  [PT] w_u=1.9847 w_v=4.7375 gamma=0.996 (tau_u=5.038e-01 tau_v=2.111e-01 |Du|=7.46e+00 |DRu|=1.19e+01)
  [PT] w_u=2.0163 w_v=4.9658 gamma=0.987 (tau_u=4.960e-01 tau_v=2.014e-01 |Du|=7.95e+00 |DRu|=1.21e+01)
  [PT] w_u=1.8251 w_v=5.2831 gamma=0.994 (tau_u=5.479e-01 tau_v=1.893e-01 |Du|=5.92e+00 |DRu|=5.86e+00)
  [PT] w_u=1.8534 w_v=5.5739 gamma=1.000 (tau_u=5.396e-01 tau_v=1.794e-01 |Du|=8.84e+00 |DRu|=1.30e+01)
[Adam] ep= 1680  total=1.682e-01  PDE=2.319e-02 [colloc=2.050e-02, cfd=2.690e-03] (w=2.770)  IN=6.183e-03 (w=0.964)  TB=2.977e-03 (w=0.659)  WALL=4.538e-16 (w=0.200)  OUT=2.358e-03 (w=0.444)  DATA=1.668e-02 (w=5.696)
  [PT] w_u=1.9116 w_v=5.6472 gamma=1.000 (tau_u=5.231e-01 tau_v=1.771e-01 |Du|=3.50e+00 |DRu|=5.71e+00)
  [PT] w_u=1.9212 w_v=5.8490 gamma=0.995 (tau_u=5.205e-01 tau_v=1.710e-01 |Du|=9.08e+00 |DRu|=1.28e+01)
  [PT] w_u=1.9776 w_v=6.0201 gamma=0.991 (tau_u=5.057e-01 tau_v=1.661e-01 |Du|=6.17e+00 |DRu|=1.01e+01)
  [PT] w_u=2.0924 w_v=6.3489 gamma=0.994 (tau_u=4.779e-01 tau_v=1.575e-01 |Du|=4.33e+00 |DRu|=9.03e+00)
  [PT] w_u=2.2699 w_v=6.5084 gamma=1.000 (tau_u=4.406e-01 tau_v=1.536e-01 |Du|=4.17e+00 |DRu|=1.29e+01)
  [PT] w_u=2.2286 w_v=6.6900 gamma=0.999 (tau_u=4.487e-01 tau_v=1.495e-01 |Du|=4.19e+00 |DRu|=5.79e+00)
  [PT] w_u=2.4247 w_v=7.1177 gamma=0.995 (tau_u=4.124e-01 tau_v=1.405e-01 |Du|=5.27e+00 |DRu|=1.80e+01)
  [PT] w_u=2.6253 w_v=7.3531 gamma=0.998 (tau_u=3.809e-01 tau_v=1.360e-01 |Du|=2.30e+00 |DRu|=7.35e+00)
  [PT] w_u=2.8100 w_v=7.7464 gamma=0.998 (tau_u=3.559e-01 tau_v=1.291e-01 |Du|=3.50e+00 |DRu|=9.67e+00)
  [PT] w_u=2.9661 w_v=8.1877 gamma=1.000 (tau_u=3.371e-01 tau_v=1.221e-01 |Du|=6.24e+00 |DRu|=1.52e+01)
  [PT] w_u=3.1357 w_v=8.5137 gamma=1.000 (tau_u=3.189e-01 tau_v=1.175e-01 |Du|=2.67e+00 |DRu|=6.78e+00)
  [PT] w_u=3.3952 w_v=9.1318 gamma=0.997 (tau_u=2.945e-01 tau_v=1.095e-01 |Du|=4.20e+00 |DRu|=1.53e+01)
  [PT] w_u=3.4539 w_v=9.2961 gamma=0.995 (tau_u=2.895e-01 tau_v=1.076e-01 |Du|=3.28e+00 |DRu|=6.62e+00)
  [PT] w_u=3.7211 w_v=9.3855 gamma=0.993 (tau_u=2.687e-01 tau_v=1.065e-01 |Du|=3.33e+00 |DRu|=1.16e+01)
  [PT] w_u=4.0633 w_v=9.8915 gamma=1.000 (tau_u=2.461e-01 tau_v=1.011e-01 |Du|=3.52e+00 |DRu|=1.71e+01)
  [PT] w_u=4.0209 w_v=9.9489 gamma=1.000 (tau_u=2.487e-01 tau_v=1.005e-01 |Du|=3.02e+00 |DRu|=5.79e+00)
  [PT] w_u=4.0265 w_v=9.9068 gamma=0.996 (tau_u=2.484e-01 tau_v=1.009e-01 |Du|=6.14e+00 |DRu|=1.24e+01)
  [PT] w_u=4.3608 w_v=9.7249 gamma=0.997 (tau_u=2.293e-01 tau_v=1.028e-01 |Du|=5.54e+00 |DRu|=2.30e+01)
  [PT] w_u=4.7534 w_v=8.8219 gamma=1.000 (tau_u=2.104e-01 tau_v=1.134e-01 |Du|=2.40e+00 |DRu|=1.20e+01)
  [PT] w_u=2.9592 w_v=7.2130 gamma=1.000 (tau_u=3.379e-01 tau_v=1.386e-01 |Du|=4.12e+00 |DRu|=3.38e+00)
[Adam] ep= 1700  total=3.136e-01  PDE=5.344e-02 [colloc=4.029e-02, cfd=1.314e-02] (w=2.886)  IN=1.451e-02 (w=0.948)  TB=2.718e-03 (w=0.560)  WALL=4.955e-16 (w=0.200)  OUT=8.135e-04 (w=0.415)  DATA=2.599e-02 (w=5.532)
  [PT] w_u=3.1135 w_v=7.4730 gamma=0.993 (tau_u=3.212e-01 tau_v=1.338e-01 |Du|=5.55e+00 |DRu|=1.34e+01)
  [PT] w_u=3.3586 w_v=7.8125 gamma=0.998 (tau_u=2.977e-01 tau_v=1.280e-01 |Du|=7.54e+00 |DRu|=2.56e+01)
  [PT] w_u=3.5592 w_v=7.7309 gamma=1.000 (tau_u=2.810e-01 tau_v=1.294e-01 |Du|=4.28e+00 |DRu|=1.19e+01)
  [PT] w_u=3.3540 w_v=6.2923 gamma=1.000 (tau_u=2.982e-01 tau_v=1.589e-01 |Du|=2.69e+00 |DRu|=4.00e+00)
  [PT] w_u=3.5835 w_v=6.5658 gamma=0.997 (tau_u=2.791e-01 tau_v=1.523e-01 |Du|=5.23e+00 |DRu|=1.60e+01)
  [PT] w_u=3.7980 w_v=6.9287 gamma=0.999 (tau_u=2.633e-01 tau_v=1.443e-01 |Du|=8.08e+00 |DRu|=2.32e+01)
  [PT] w_u=3.6437 w_v=7.0839 gamma=1.000 (tau_u=2.744e-01 tau_v=1.412e-01 |Du|=5.20e+00 |DRu|=8.50e+00)
  [PT] w_u=3.8170 w_v=6.7769 gamma=1.000 (tau_u=2.620e-01 tau_v=1.476e-01 |Du|=3.13e+00 |DRu|=8.08e+00)
  [PT] w_u=4.1849 w_v=7.1947 gamma=0.998 (tau_u=2.390e-01 tau_v=1.390e-01 |Du|=3.21e+00 |DRu|=1.80e+01)
  [PT] w_u=4.5116 w_v=7.6951 gamma=1.000 (tau_u=2.217e-01 tau_v=1.300e-01 |Du|=4.19e+00 |DRu|=1.63e+01)
  [PT] w_u=4.4064 w_v=7.8441 gamma=1.000 (tau_u=2.269e-01 tau_v=1.275e-01 |Du|=4.97e+00 |DRu|=9.48e+00)
  [PT] w_u=4.5135 w_v=7.4856 gamma=1.000 (tau_u=2.216e-01 tau_v=1.336e-01 |Du|=5.27e+00 |DRu|=1.27e+01)
  [PT] w_u=4.9078 w_v=7.3246 gamma=0.998 (tau_u=2.038e-01 tau_v=1.365e-01 |Du|=2.96e+00 |DRu|=1.42e+01)
  [PT] w_u=5.1236 w_v=7.4010 gamma=0.999 (tau_u=1.952e-01 tau_v=1.351e-01 |Du|=3.46e+00 |DRu|=1.01e+01)
  [PT] w_u=4.8160 w_v=7.6180 gamma=0.999 (tau_u=2.076e-01 tau_v=1.313e-01 |Du|=5.77e+00 |DRu|=1.02e+01)
  [PT] w_u=5.0449 w_v=7.8373 gamma=0.999 (tau_u=1.982e-01 tau_v=1.276e-01 |Du|=5.65e+00 |DRu|=1.68e+01)
  [PT] w_u=5.4250 w_v=7.9218 gamma=1.000 (tau_u=1.843e-01 tau_v=1.262e-01 |Du|=3.11e+00 |DRu|=1.28e+01)
  [PT] w_u=5.3192 w_v=8.0712 gamma=1.000 (tau_u=1.880e-01 tau_v=1.239e-01 |Du|=4.63e+00 |DRu|=9.85e+00)
  [PT] w_u=4.9364 w_v=8.1501 gamma=0.999 (tau_u=2.026e-01 tau_v=1.227e-01 |Du|=5.96e+00 |DRu|=1.03e+01)
  [PT] w_u=4.9147 w_v=8.4456 gamma=0.990 (tau_u=2.035e-01 tau_v=1.184e-01 |Du|=6.63e+00 |DRu|=1.43e+01)
[Adam] ep= 1720  total=2.510e-01  PDE=3.363e-02 [colloc=2.708e-02, cfd=6.556e-03] (w=2.830)  IN=1.179e-02 (w=0.991)  TB=2.430e-03 (w=0.580)  WALL=3.844e-16 (w=0.200)  OUT=6.788e-04 (w=0.422)  DATA=2.554e-02 (w=5.578)
  [PT] w_u=4.8689 w_v=8.7970 gamma=1.000 (tau_u=2.054e-01 tau_v=1.137e-01 |Du|=8.90e+00 |DRu|=1.89e+01)
  [PT] w_u=4.6274 w_v=9.1252 gamma=1.000 (tau_u=2.161e-01 tau_v=1.096e-01 |Du|=5.76e+00 |DRu|=1.03e+01)
  [PT] w_u=4.6434 w_v=9.3730 gamma=1.000 (tau_u=2.154e-01 tau_v=1.067e-01 |Du|=3.25e+00 |DRu|=7.12e+00)
  [PT] w_u=4.8861 w_v=9.9001 gamma=1.000 (tau_u=2.047e-01 tau_v=1.010e-01 |Du|=4.75e+00 |DRu|=1.44e+01)
  [PT] w_u=5.0480 w_v=10.3230 gamma=1.000 (tau_u=1.981e-01 tau_v=9.687e-02 |Du|=6.09e+00 |DRu|=1.63e+01)
  [PT] w_u=4.9411 w_v=10.6110 gamma=1.000 (tau_u=2.024e-01 tau_v=9.424e-02 |Du|=6.28e+00 |DRu|=1.28e+01)
  [PT] w_u=4.9710 w_v=10.8106 gamma=1.000 (tau_u=2.012e-01 tau_v=9.250e-02 |Du|=5.41e+00 |DRu|=1.24e+01)
  [PT] w_u=5.3286 w_v=11.0381 gamma=1.000 (tau_u=1.877e-01 tau_v=9.060e-02 |Du|=2.98e+00 |DRu|=1.16e+01)
  [PT] w_u=5.5518 w_v=11.2940 gamma=1.000 (tau_u=1.801e-01 tau_v=8.854e-02 |Du|=3.23e+00 |DRu|=9.63e+00)
  [PT] w_u=5.4308 w_v=11.3537 gamma=1.000 (tau_u=1.841e-01 tau_v=8.808e-02 |Du|=4.59e+00 |DRu|=9.79e+00)
  [PT] w_u=5.6059 w_v=11.3236 gamma=0.999 (tau_u=1.784e-01 tau_v=8.831e-02 |Du|=5.02e+00 |DRu|=1.41e+01)
  [PT] w_u=5.8480 w_v=11.3454 gamma=1.000 (tau_u=1.710e-01 tau_v=8.814e-02 |Du|=5.26e+00 |DRu|=1.63e+01)
  [PT] w_u=5.5233 w_v=11.4498 gamma=1.000 (tau_u=1.811e-01 tau_v=8.734e-02 |Du|=6.23e+00 |DRu|=1.20e+01)
  [PT] w_u=4.9856 w_v=11.3221 gamma=0.999 (tau_u=2.006e-01 tau_v=8.832e-02 |Du|=5.18e+00 |DRu|=8.44e+00)
  [PT] w_u=4.8658 w_v=10.7076 gamma=0.991 (tau_u=2.055e-01 tau_v=9.339e-02 |Du|=3.50e+00 |DRu|=6.96e+00)
  [PT] w_u=4.6750 w_v=10.5021 gamma=0.975 (tau_u=2.139e-01 tau_v=9.522e-02 |Du|=8.33e+00 |DRu|=1.53e+01)
  [PT] w_u=4.2948 w_v=10.7549 gamma=1.000 (tau_u=2.328e-01 tau_v=9.298e-02 |Du|=1.70e+01 |DRu|=2.68e+01)
  [PT] w_u=4.0084 w_v=11.2109 gamma=1.000 (tau_u=2.495e-01 tau_v=8.920e-02 |Du|=1.06e+01 |DRu|=1.68e+01)
  [PT] w_u=3.5007 w_v=11.2811 gamma=1.000 (tau_u=2.857e-01 tau_v=8.864e-02 |Du|=4.57e+00 |DRu|=5.85e+00)
  [PT] w_u=3.6509 w_v=11.8336 gamma=1.000 (tau_u=2.739e-01 tau_v=8.450e-02 |Du|=6.30e+00 |DRu|=1.54e+01)
[Adam] ep= 1740  total=5.268e-01  PDE=1.368e-01 [colloc=1.188e-01, cfd=1.799e-02] (w=3.038)  IN=9.793e-03 (w=0.964)  TB=3.113e-03 (w=0.480)  WALL=2.572e-15 (w=0.200)  OUT=2.817e-03 (w=0.349)  DATA=1.950e-02 (w=5.087)
  [PT] w_u=3.7335 w_v=12.0839 gamma=0.999 (tau_u=2.678e-01 tau_v=8.275e-02 |Du|=1.11e+01 |DRu|=2.41e+01)
  [PT] w_u=3.7200 w_v=12.0898 gamma=0.998 (tau_u=2.688e-01 tau_v=8.271e-02 |Du|=1.35e+01 |DRu|=2.57e+01)
  [PT] w_u=3.1397 w_v=12.0056 gamma=1.000 (tau_u=3.185e-01 tau_v=8.329e-02 |Du|=1.02e+01 |DRu|=1.17e+01)
  [PT] w_u=2.6919 w_v=11.0836 gamma=1.000 (tau_u=3.715e-01 tau_v=9.022e-02 |Du|=6.83e+00 |DRu|=7.42e+00)
  [PT] w_u=2.9142 w_v=11.6193 gamma=0.989 (tau_u=3.432e-01 tau_v=8.606e-02 |Du|=3.70e+00 |DRu|=1.24e+01)
  [PT] w_u=3.0762 w_v=12.0333 gamma=0.967 (tau_u=3.251e-01 tau_v=8.310e-02 |Du|=7.09e+00 |DRu|=1.73e+01)
  [PT] w_u=2.9212 w_v=12.1112 gamma=1.000 (tau_u=3.423e-01 tau_v=8.257e-02 |Du|=1.38e+01 |DRu|=1.96e+01)
  [PT] w_u=2.7573 w_v=12.0762 gamma=1.000 (tau_u=3.627e-01 tau_v=8.281e-02 |Du|=9.96e+00 |DRu|=1.35e+01)
  [PT] w_u=2.8272 w_v=9.2983 gamma=1.000 (tau_u=3.537e-01 tau_v=1.075e-01 |Du|=4.39e+00 |DRu|=8.40e+00)
  [PT] w_u=2.9504 w_v=9.0896 gamma=1.000 (tau_u=3.389e-01 tau_v=1.100e-01 |Du|=7.22e+00 |DRu|=1.59e+01)
  [PT] w_u=2.9425 w_v=9.1789 gamma=0.989 (tau_u=3.399e-01 tau_v=1.089e-01 |Du|=1.30e+01 |DRu|=2.19e+01)
  [PT] w_u=2.9272 w_v=9.4686 gamma=0.997 (tau_u=3.416e-01 tau_v=1.056e-01 |Du|=6.56e+00 |DRu|=1.10e+01)
  [PT] w_u=3.0266 w_v=9.5434 gamma=0.996 (tau_u=3.304e-01 tau_v=1.048e-01 |Du|=1.92e+00 |DRu|=4.01e+00)
  [PT] w_u=2.8356 w_v=9.1587 gamma=0.990 (tau_u=3.527e-01 tau_v=1.092e-01 |Du|=6.59e+00 |DRu|=8.82e+00)
  [PT] w_u=2.7045 w_v=8.8947 gamma=0.999 (tau_u=3.697e-01 tau_v=1.124e-01 |Du|=1.20e+01 |DRu|=1.65e+01)
  [PT] w_u=2.7351 w_v=8.4271 gamma=1.000 (tau_u=3.656e-01 tau_v=1.187e-01 |Du|=8.05e+00 |DRu|=1.40e+01)
  [PT] w_u=2.8224 w_v=8.3788 gamma=1.000 (tau_u=3.543e-01 tau_v=1.193e-01 |Du|=4.13e+00 |DRu|=8.21e+00)
  [PT] w_u=2.6629 w_v=8.7582 gamma=1.000 (tau_u=3.755e-01 tau_v=1.142e-01 |Du|=5.84e+00 |DRu|=7.76e+00)
  [PT] w_u=2.6513 w_v=8.8293 gamma=1.000 (tau_u=3.772e-01 tau_v=1.133e-01 |Du|=7.03e+00 |DRu|=1.12e+01)
  [PT] w_u=2.7639 w_v=8.6797 gamma=0.993 (tau_u=3.618e-01 tau_v=1.152e-01 |Du|=5.36e+00 |DRu|=1.13e+01)
[Adam] ep= 1760  total=2.195e-01  PDE=3.363e-02 [colloc=3.006e-02, cfd=3.566e-03] (w=2.809)  IN=1.138e-02 (w=1.025)  TB=6.195e-03 (w=0.626)  WALL=7.013e-16 (w=0.200)  OUT=2.171e-03 (w=0.380)  DATA=1.966e-02 (w=5.524)
  [PT] w_u=2.8575 w_v=8.6767 gamma=0.998 (tau_u=3.500e-01 tau_v=1.153e-01 |Du|=6.61e+00 |DRu|=1.34e+01)
  [PT] w_u=2.5736 w_v=8.6907 gamma=1.000 (tau_u=3.886e-01 tau_v=1.151e-01 |Du|=1.01e+01 |DRu|=1.18e+01)
  [PT] w_u=1.9805 w_v=8.5066 gamma=1.000 (tau_u=5.049e-01 tau_v=1.176e-01 |Du|=7.72e+00 |DRu|=6.20e+00)
  [PT] w_u=2.0934 w_v=8.6779 gamma=1.000 (tau_u=4.777e-01 tau_v=1.152e-01 |Du|=4.44e+00 |DRu|=9.20e+00)
  [PT] w_u=2.1639 w_v=8.6944 gamma=0.996 (tau_u=4.621e-01 tau_v=1.150e-01 |Du|=8.00e+00 |DRu|=1.41e+01)
  [PT] w_u=1.7240 w_v=6.4457 gamma=0.996 (tau_u=5.801e-01 tau_v=1.551e-01 |Du|=8.50e+00 |DRu|=6.62e+00)
  [PT] w_u=1.5633 w_v=5.1921 gamma=0.995 (tau_u=6.397e-01 tau_v=1.926e-01 |Du|=7.68e+00 |DRu|=7.07e+00)
  [PT] w_u=1.6289 w_v=5.4522 gamma=0.999 (tau_u=6.139e-01 tau_v=1.834e-01 |Du|=7.44e+00 |DRu|=1.20e+01)
  [PT] w_u=1.7477 w_v=5.4209 gamma=1.000 (tau_u=5.722e-01 tau_v=1.845e-01 |Du|=3.02e+00 |DRu|=6.82e+00)
  [PT] w_u=1.8666 w_v=5.1461 gamma=0.998 (tau_u=5.357e-01 tau_v=1.943e-01 |Du|=3.90e+00 |DRu|=8.56e+00)
  [PT] w_u=1.8325 w_v=4.9520 gamma=0.994 (tau_u=5.457e-01 tau_v=2.019e-01 |Du|=6.52e+00 |DRu|=8.16e+00)
  [PT] w_u=1.5768 w_v=5.2472 gamma=0.995 (tau_u=6.342e-01 tau_v=1.906e-01 |Du|=7.97e+00 |DRu|=6.65e+00)
  [PT] w_u=1.6505 w_v=5.2570 gamma=1.000 (tau_u=6.059e-01 tau_v=1.902e-01 |Du|=5.50e+00 |DRu|=9.29e+00)
  [PT] w_u=1.6452 w_v=5.0425 gamma=1.000 (tau_u=6.078e-01 tau_v=1.983e-01 |Du|=5.27e+00 |DRu|=6.67e+00)
  [PT] w_u=1.6131 w_v=5.3957 gamma=0.994 (tau_u=6.199e-01 tau_v=1.853e-01 |Du|=8.52e+00 |DRu|=9.94e+00)
  [PT] w_u=1.7333 w_v=5.5895 gamma=0.994 (tau_u=5.769e-01 tau_v=1.789e-01 |Du|=3.45e+00 |DRu|=7.90e+00)
  [PT] w_u=1.8044 w_v=5.4583 gamma=1.000 (tau_u=5.542e-01 tau_v=1.832e-01 |Du|=6.55e+00 |DRu|=1.11e+01)
  [PT] w_u=1.9570 w_v=5.5040 gamma=1.000 (tau_u=5.110e-01 tau_v=1.817e-01 |Du|=3.46e+00 |DRu|=9.89e+00)
  [PT] w_u=1.9775 w_v=5.9245 gamma=0.999 (tau_u=5.057e-01 tau_v=1.688e-01 |Du|=5.43e+00 |DRu|=8.02e+00)
  [PT] w_u=2.0699 w_v=5.6608 gamma=0.992 (tau_u=4.831e-01 tau_v=1.767e-01 |Du|=4.40e+00 |DRu|=8.29e+00)
[Adam] ep= 1780  total=1.738e-01  PDE=2.732e-02 [colloc=2.537e-02, cfd=1.950e-03] (w=2.776)  IN=8.291e-03 (w=0.989)  TB=3.226e-03 (w=0.650)  WALL=7.861e-16 (w=0.200)  OUT=7.171e-04 (w=0.578)  DATA=1.608e-02 (w=5.425)
  [PT] w_u=2.1222 w_v=5.1771 gamma=0.999 (tau_u=4.712e-01 tau_v=1.932e-01 |Du|=6.96e+00 |DRu|=1.15e+01)
  [PT] w_u=1.9991 w_v=5.2464 gamma=1.000 (tau_u=5.002e-01 tau_v=1.906e-01 |Du|=5.09e+00 |DRu|=5.83e+00)
  [PT] w_u=2.1204 w_v=5.6058 gamma=0.997 (tau_u=4.716e-01 tau_v=1.784e-01 |Du|=3.31e+00 |DRu|=7.15e+00)
  [PT] w_u=2.1813 w_v=5.0918 gamma=0.992 (tau_u=4.584e-01 tau_v=1.964e-01 |Du|=5.67e+00 |DRu|=9.69e+00)
  [PT] w_u=2.1216 w_v=4.2358 gamma=0.995 (tau_u=4.713e-01 tau_v=2.361e-01 |Du|=6.29e+00 |DRu|=8.18e+00)
  [PT] w_u=2.1690 w_v=4.5586 gamma=0.999 (tau_u=4.610e-01 tau_v=2.194e-01 |Du|=4.78e+00 |DRu|=7.87e+00)
  [PT] w_u=2.1757 w_v=4.8122 gamma=0.998 (tau_u=4.596e-01 tau_v=2.078e-01 |Du|=3.97e+00 |DRu|=5.93e+00)
  [PT] w_u=2.1655 w_v=4.3656 gamma=0.996 (tau_u=4.618e-01 tau_v=2.291e-01 |Du|=4.97e+00 |DRu|=7.15e+00)
  [PT] w_u=2.1747 w_v=4.2474 gamma=0.997 (tau_u=4.598e-01 tau_v=2.354e-01 |Du|=5.87e+00 |DRu|=8.82e+00)
  [PT] w_u=2.0842 w_v=4.5981 gamma=0.998 (tau_u=4.798e-01 tau_v=2.175e-01 |Du|=5.74e+00 |DRu|=7.06e+00)
  [PT] w_u=2.0749 w_v=4.9152 gamma=0.999 (tau_u=4.820e-01 tau_v=2.035e-01 |Du|=4.67e+00 |DRu|=6.59e+00)
  [PT] w_u=2.0782 w_v=4.4870 gamma=0.999 (tau_u=4.812e-01 tau_v=2.229e-01 |Du|=4.64e+00 |DRu|=6.74e+00)
  [PT] w_u=2.1326 w_v=4.3654 gamma=0.999 (tau_u=4.689e-01 tau_v=2.291e-01 |Du|=5.31e+00 |DRu|=8.87e+00)
  [PT] w_u=1.8899 w_v=4.7236 gamma=0.998 (tau_u=5.291e-01 tau_v=2.117e-01 |Du|=7.88e+00 |DRu|=7.61e+00)
  [PT] w_u=1.7110 w_v=5.1191 gamma=0.999 (tau_u=5.845e-01 tau_v=1.953e-01 |Du|=6.26e+00 |DRu|=6.01e+00)
  [PT] w_u=1.7921 w_v=4.9687 gamma=1.000 (tau_u=5.580e-01 tau_v=2.013e-01 |Du|=4.54e+00 |DRu|=8.03e+00)
  [PT] w_u=1.8904 w_v=4.7347 gamma=0.999 (tau_u=5.290e-01 tau_v=2.112e-01 |Du|=4.35e+00 |DRu|=8.40e+00)
  [PT] w_u=1.9839 w_v=4.9768 gamma=0.997 (tau_u=5.040e-01 tau_v=2.009e-01 |Du|=5.02e+00 |DRu|=9.49e+00)
  [PT] w_u=1.8397 w_v=5.4426 gamma=0.998 (tau_u=5.436e-01 tau_v=1.837e-01 |Du|=7.30e+00 |DRu|=7.69e+00)
  [PT] w_u=1.5421 w_v=5.4296 gamma=1.000 (tau_u=6.485e-01 tau_v=1.842e-01 |Du|=9.34e+00 |DRu|=7.40e+00)
[Adam] ep= 1800  total=1.914e-01  PDE=2.970e-02 [colloc=2.402e-02, cfd=5.682e-03] (w=2.623)  IN=6.714e-03 (w=0.917)  TB=3.218e-03 (w=0.616)  WALL=5.293e-16 (w=0.200)  OUT=8.832e-03 (w=0.979)  DATA=1.820e-02 (w=5.314)
  [PT] w_u=1.5059 w_v=4.7287 gamma=1.000 (tau_u=6.641e-01 tau_v=2.115e-01 |Du|=8.34e+00 |DRu|=9.29e+00)
  [PT] w_u=1.5382 w_v=4.7114 gamma=1.000 (tau_u=6.501e-01 tau_v=2.123e-01 |Du|=6.05e+00 |DRu|=8.35e+00)
  [PT] w_u=1.3347 w_v=5.1421 gamma=0.999 (tau_u=7.492e-01 tau_v=1.945e-01 |Du|=1.04e+01 |DRu|=8.13e+00)
  [PT] w_u=1.2220 w_v=5.3581 gamma=0.997 (tau_u=8.183e-01 tau_v=1.866e-01 |Du|=8.84e+00 |DRu|=7.36e+00)
  [PT] w_u=1.2780 w_v=5.0461 gamma=0.998 (tau_u=7.825e-01 tau_v=1.982e-01 |Du|=6.16e+00 |DRu|=9.08e+00)
  [PT] w_u=1.3675 w_v=4.7255 gamma=1.000 (tau_u=7.313e-01 tau_v=2.116e-01 |Du|=5.93e+00 |DRu|=1.14e+01)
  [PT] w_u=1.4545 w_v=4.8079 gamma=1.000 (tau_u=6.875e-01 tau_v=2.080e-01 |Du|=5.48e+00 |DRu|=1.01e+01)
  [PT] w_u=1.5463 w_v=5.2202 gamma=0.999 (tau_u=6.467e-01 tau_v=1.916e-01 |Du|=5.51e+00 |DRu|=1.04e+01)
  [PT] w_u=1.6161 w_v=5.5566 gamma=0.999 (tau_u=6.188e-01 tau_v=1.800e-01 |Du|=5.95e+00 |DRu|=9.80e+00)
  [PT] w_u=1.5343 w_v=4.9514 gamma=1.000 (tau_u=6.518e-01 tau_v=2.020e-01 |Du|=7.46e+00 |DRu|=7.66e+00)
  [PT] w_u=1.4502 w_v=4.3020 gamma=1.000 (tau_u=6.895e-01 tau_v=2.325e-01 |Du|=9.20e+00 |DRu|=9.07e+00)
  [PT] w_u=1.5319 w_v=4.4406 gamma=1.000 (tau_u=6.528e-01 tau_v=2.252e-01 |Du|=7.47e+00 |DRu|=1.32e+01)
  [PT] w_u=1.3633 w_v=4.7959 gamma=1.000 (tau_u=7.335e-01 tau_v=2.085e-01 |Du|=8.18e+00 |DRu|=6.77e+00)
  [PT] w_u=1.2031 w_v=5.1796 gamma=1.000 (tau_u=8.312e-01 tau_v=1.931e-01 |Du|=1.07e+01 |DRu|=8.16e+00)
  [PT] w_u=1.0716 w_v=4.6026 gamma=0.997 (tau_u=9.332e-01 tau_v=2.173e-01 |Du|=8.93e+00 |DRu|=6.55e+00)
  [PT] w_u=1.1268 w_v=4.2845 gamma=0.991 (tau_u=8.875e-01 tau_v=2.334e-01 |Du|=5.45e+00 |DRu|=7.87e+00)
  [PT] w_u=1.2016 w_v=4.3658 gamma=0.998 (tau_u=8.322e-01 tau_v=2.291e-01 |Du|=7.14e+00 |DRu|=1.23e+01)
  [PT] w_u=1.1106 w_v=4.6391 gamma=1.000 (tau_u=9.004e-01 tau_v=2.156e-01 |Du|=9.15e+00 |DRu|=7.44e+00)
  [PT] w_u=1.1201 w_v=5.0766 gamma=1.000 (tau_u=8.928e-01 tau_v=1.970e-01 |Du|=7.58e+00 |DRu|=8.35e+00)
  [PT] w_u=1.1924 w_v=5.1542 gamma=1.000 (tau_u=8.386e-01 tau_v=1.940e-01 |Du|=6.23e+00 |DRu|=1.05e+01)
[Adam] ep= 1820  total=2.284e-01  PDE=4.265e-02 [colloc=3.436e-02, cfd=8.284e-03] (w=2.562)  IN=5.110e-03 (w=0.928)  TB=4.777e-03 (w=0.634)  WALL=6.542e-16 (w=0.200)  OUT=1.621e-02 (w=1.041)  DATA=1.794e-02 (w=5.269)
  [PT] w_u=1.2044 w_v=4.3986 gamma=1.000 (tau_u=8.303e-01 tau_v=2.273e-01 |Du|=6.06e+00 |DRu|=6.97e+00)
  [PT] w_u=1.2584 w_v=4.3562 gamma=1.000 (tau_u=7.947e-01 tau_v=2.296e-01 |Du|=6.67e+00 |DRu|=9.69e+00)
  [PT] w_u=1.2612 w_v=4.6869 gamma=0.999 (tau_u=7.929e-01 tau_v=2.134e-01 |Du|=8.94e+00 |DRu|=1.01e+01)
  [PT] w_u=1.0479 w_v=5.0167 gamma=0.998 (tau_u=9.543e-01 tau_v=1.993e-01 |Du|=1.13e+01 |DRu|=7.29e+00)
  [PT] w_u=0.9828 w_v=4.6523 gamma=0.996 (tau_u=1.018e+00 tau_v=2.149e-01 |Du|=8.96e+00 |DRu|=7.10e+00)
  [PT] w_u=1.0468 w_v=4.2710 gamma=0.997 (tau_u=9.553e-01 tau_v=2.341e-01 |Du|=5.02e+00 |DRu|=7.98e+00)
  [PT] w_u=1.0927 w_v=4.3670 gamma=1.000 (tau_u=9.151e-01 tau_v=2.290e-01 |Du|=7.50e+00 |DRu|=1.01e+01)
  [PT] w_u=1.0201 w_v=4.7349 gamma=1.000 (tau_u=9.803e-01 tau_v=2.112e-01 |Du|=9.03e+00 |DRu|=7.22e+00)
  [PT] w_u=1.0076 w_v=5.0698 gamma=1.000 (tau_u=9.924e-01 tau_v=1.972e-01 |Du|=9.00e+00 |DRu|=8.58e+00)
  [PT] w_u=1.0465 w_v=4.7627 gamma=1.000 (tau_u=9.556e-01 tau_v=2.100e-01 |Du|=8.02e+00 |DRu|=1.02e+01)
  [PT] w_u=1.1109 w_v=4.2778 gamma=1.000 (tau_u=9.002e-01 tau_v=2.338e-01 |Du|=6.29e+00 |DRu|=9.92e+00)
  [PT] w_u=1.0935 w_v=4.2777 gamma=1.000 (tau_u=9.145e-01 tau_v=2.338e-01 |Du|=7.43e+00 |DRu|=7.27e+00)
  [PT] w_u=1.0029 w_v=4.6688 gamma=0.998 (tau_u=9.971e-01 tau_v=2.142e-01 |Du|=1.03e+01 |DRu|=7.79e+00)
  [PT] w_u=1.0070 w_v=4.7514 gamma=0.993 (tau_u=9.930e-01 tau_v=2.105e-01 |Du|=8.46e+00 |DRu|=8.63e+00)
  [PT] w_u=1.0833 w_v=4.4526 gamma=0.997 (tau_u=9.231e-01 tau_v=2.246e-01 |Du|=5.33e+00 |DRu|=9.81e+00)
  [PT] w_u=1.1699 w_v=4.3515 gamma=1.000 (tau_u=8.548e-01 tau_v=2.298e-01 |Du|=5.38e+00 |DRu|=1.10e+01)
  [PT] w_u=1.2358 w_v=4.5475 gamma=1.000 (tau_u=8.092e-01 tau_v=2.199e-01 |Du|=4.77e+00 |DRu|=7.54e+00)
  [PT] w_u=1.3281 w_v=4.9450 gamma=0.997 (tau_u=7.529e-01 tau_v=2.022e-01 |Du|=5.36e+00 |DRu|=1.08e+01)
  [PT] w_u=1.3218 w_v=5.0901 gamma=0.997 (tau_u=7.565e-01 tau_v=1.965e-01 |Du|=7.29e+00 |DRu|=8.19e+00)
  [PT] w_u=1.2476 w_v=4.7790 gamma=1.000 (tau_u=8.015e-01 tau_v=2.093e-01 |Du|=1.12e+01 |DRu|=1.02e+01)
[Adam] ep= 1840  total=2.011e-01  PDE=2.941e-02 [colloc=2.419e-02, cfd=5.224e-03] (w=2.586)  IN=5.428e-03 (w=0.936)  TB=4.495e-03 (w=0.654)  WALL=3.359e-16 (w=0.200)  OUT=9.863e-03 (w=0.934)  DATA=1.982e-02 (w=5.440)
  [PT] w_u=1.3163 w_v=4.3860 gamma=1.000 (tau_u=7.597e-01 tau_v=2.280e-01 |Du|=6.72e+00 |DRu|=1.09e+01)
  [PT] w_u=1.2331 w_v=4.4148 gamma=0.999 (tau_u=8.110e-01 tau_v=2.265e-01 |Du|=9.57e+00 |DRu|=8.48e+00)
  [PT] w_u=1.0274 w_v=4.8067 gamma=0.993 (tau_u=9.734e-01 tau_v=2.080e-01 |Du|=1.23e+01 |DRu|=7.87e+00)
  [PT] w_u=0.9768 w_v=4.9548 gamma=0.987 (tau_u=1.024e+00 tau_v=2.018e-01 |Du|=6.95e+00 |DRu|=5.68e+00)
  [PT] w_u=1.0632 w_v=4.9422 gamma=0.995 (tau_u=9.406e-01 tau_v=2.023e-01 |Du|=4.86e+00 |DRu|=1.11e+01)
  [PT] w_u=1.1183 w_v=4.5253 gamma=1.000 (tau_u=8.942e-01 tau_v=2.210e-01 |Du|=6.24e+00 |DRu|=9.03e+00)
  [PT] w_u=1.1862 w_v=4.4910 gamma=0.998 (tau_u=8.430e-01 tau_v=2.227e-01 |Du|=6.08e+00 |DRu|=9.82e+00)
  [PT] w_u=1.2679 w_v=4.8671 gamma=0.998 (tau_u=7.887e-01 tau_v=2.055e-01 |Du|=6.23e+00 |DRu|=1.14e+01)
  [PT] w_u=1.2625 w_v=5.1713 gamma=1.000 (tau_u=7.921e-01 tau_v=1.934e-01 |Du|=7.11e+00 |DRu|=7.84e+00)
  [PT] w_u=1.2810 w_v=4.9264 gamma=1.000 (tau_u=7.806e-01 tau_v=2.030e-01 |Du|=7.32e+00 |DRu|=8.89e+00)
  [PT] w_u=1.3786 w_v=4.8338 gamma=1.000 (tau_u=7.254e-01 tau_v=2.069e-01 |Du|=6.04e+00 |DRu|=1.27e+01)
  [PT] w_u=1.2829 w_v=4.6382 gamma=1.000 (tau_u=7.795e-01 tau_v=2.156e-01 |Du|=8.35e+00 |DRu|=7.42e+00)
  [PT] w_u=1.1859 w_v=4.7916 gamma=0.996 (tau_u=8.432e-01 tau_v=2.087e-01 |Du|=1.08e+01 |DRu|=9.07e+00)
  [PT] w_u=1.1683 w_v=5.1485 gamma=0.989 (tau_u=8.559e-01 tau_v=1.942e-01 |Du|=6.92e+00 |DRu|=6.99e+00)
  [PT] w_u=1.2649 w_v=5.1273 gamma=0.996 (tau_u=7.906e-01 tau_v=1.950e-01 |Du|=4.70e+00 |DRu|=1.04e+01)
  [PT] w_u=1.3200 w_v=4.5034 gamma=1.000 (tau_u=7.576e-01 tau_v=2.221e-01 |Du|=5.50e+00 |DRu|=8.11e+00)
  [PT] w_u=1.3418 w_v=4.2432 gamma=0.999 (tau_u=7.453e-01 tau_v=2.357e-01 |Du|=6.21e+00 |DRu|=7.80e+00)
  [PT] w_u=1.4246 w_v=4.5707 gamma=0.995 (tau_u=7.019e-01 tau_v=2.188e-01 |Du|=6.04e+00 |DRu|=1.08e+01)
  [PT] w_u=1.3689 w_v=4.9062 gamma=0.998 (tau_u=7.305e-01 tau_v=2.038e-01 |Du|=6.26e+00 |DRu|=6.29e+00)
  [PT] w_u=1.3047 w_v=4.9875 gamma=0.999 (tau_u=7.665e-01 tau_v=2.005e-01 |Du|=8.33e+00 |DRu|=7.98e+00)
[Adam] ep= 1860  total=2.022e-01  PDE=2.820e-02 [colloc=2.412e-02, cfd=4.086e-03] (w=2.658)  IN=5.458e-03 (w=0.890)  TB=5.477e-03 (w=0.682)  WALL=5.519e-16 (w=0.200)  OUT=4.198e-03 (w=0.795)  DATA=2.053e-02 (w=5.615)
  [PT] w_u=1.3433 w_v=4.7257 gamma=1.000 (tau_u=7.444e-01 tau_v=2.116e-01 |Du|=8.40e+00 |DRu|=1.14e+01)
  [PT] w_u=1.2360 w_v=3.8421 gamma=1.000 (tau_u=8.090e-01 tau_v=2.603e-01 |Du|=7.57e+00 |DRu|=6.42e+00)
  [PT] w_u=1.1468 w_v=3.8441 gamma=0.997 (tau_u=8.720e-01 tau_v=2.601e-01 |Du|=1.12e+01 |DRu|=9.32e+00)
  [PT] w_u=1.0397 w_v=4.1977 gamma=0.990 (tau_u=9.618e-01 tau_v=2.382e-01 |Du|=7.47e+00 |DRu|=5.59e+00)
  [PT] w_u=1.1280 w_v=4.3121 gamma=0.995 (tau_u=8.865e-01 tau_v=2.319e-01 |Du|=3.92e+00 |DRu|=8.57e+00)
  [PT] w_u=1.1836 w_v=3.8977 gamma=0.999 (tau_u=8.448e-01 tau_v=2.566e-01 |Du|=5.36e+00 |DRu|=7.82e+00)
  [PT] w_u=1.1880 w_v=3.6571 gamma=0.997 (tau_u=8.417e-01 tau_v=2.734e-01 |Du|=6.73e+00 |DRu|=7.45e+00)
  [PT] w_u=1.2565 w_v=3.9446 gamma=0.993 (tau_u=7.958e-01 tau_v=2.535e-01 |Du|=6.61e+00 |DRu|=1.06e+01)
  [PT] w_u=1.1543 w_v=4.3174 gamma=0.999 (tau_u=8.663e-01 tau_v=2.316e-01 |Du|=7.00e+00 |DRu|=5.71e+00)
  [PT] w_u=1.1328 w_v=4.5507 gamma=1.000 (tau_u=8.828e-01 tau_v=2.197e-01 |Du|=8.15e+00 |DRu|=8.02e+00)
  [PT] w_u=1.1842 w_v=4.0562 gamma=1.000 (tau_u=8.445e-01 tau_v=2.465e-01 |Du|=6.09e+00 |DRu|=8.62e+00)
  [PT] w_u=1.1158 w_v=3.6232 gamma=1.000 (tau_u=8.962e-01 tau_v=2.760e-01 |Du|=8.29e+00 |DRu|=7.10e+00)
  [PT] w_u=1.0048 w_v=3.8118 gamma=0.994 (tau_u=9.952e-01 tau_v=2.623e-01 |Du|=1.21e+01 |DRu|=8.80e+00)
  [PT] w_u=1.0516 w_v=4.1694 gamma=0.993 (tau_u=9.510e-01 tau_v=2.398e-01 |Du|=6.41e+00 |DRu|=8.59e+00)
  [PT] w_u=1.1445 w_v=4.3375 gamma=0.999 (tau_u=8.737e-01 tau_v=2.305e-01 |Du|=4.03e+00 |DRu|=9.54e+00)
  [PT] w_u=1.2114 w_v=3.9066 gamma=1.000 (tau_u=8.255e-01 tau_v=2.560e-01 |Du|=4.04e+00 |DRu|=6.46e+00)
  [PT] w_u=1.2554 w_v=3.8142 gamma=0.997 (tau_u=7.966e-01 tau_v=2.622e-01 |Du|=6.19e+00 |DRu|=8.44e+00)
  [PT] w_u=1.3105 w_v=4.1104 gamma=0.992 (tau_u=7.631e-01 tau_v=2.433e-01 |Du|=6.97e+00 |DRu|=1.02e+01)
  [PT] w_u=1.1444 w_v=4.4732 gamma=0.997 (tau_u=8.738e-01 tau_v=2.236e-01 |Du|=8.61e+00 |DRu|=6.29e+00)
  [PT] w_u=1.1415 w_v=4.7848 gamma=1.000 (tau_u=8.760e-01 tau_v=2.090e-01 |Du|=9.98e+00 |DRu|=1.05e+01)
[Adam] ep= 1880  total=1.859e-01  PDE=2.851e-02 [colloc=2.429e-02, cfd=4.226e-03] (w=2.672)  IN=4.298e-03 (w=0.870)  TB=4.863e-03 (w=0.660)  WALL=5.176e-16 (w=0.200)  OUT=3.634e-03 (w=0.855)  DATA=1.806e-02 (w=5.519)
  [PT] w_u=1.1926 w_v=4.4522 gamma=1.000 (tau_u=8.385e-01 tau_v=2.246e-01 |Du|=6.29e+00 |DRu|=8.89e+00)
  [PT] w_u=1.2135 w_v=3.8700 gamma=1.000 (tau_u=8.240e-01 tau_v=2.584e-01 |Du|=5.93e+00 |DRu|=7.11e+00)
  [PT] w_u=1.1250 w_v=3.9117 gamma=0.997 (tau_u=8.889e-01 tau_v=2.556e-01 |Du|=1.11e+01 |DRu|=9.10e+00)
  [PT] w_u=1.1435 w_v=4.2627 gamma=0.993 (tau_u=8.745e-01 tau_v=2.346e-01 |Du|=8.11e+00 |DRu|=9.36e+00)
  [PT] w_u=1.2245 w_v=4.6033 gamma=0.998 (tau_u=8.166e-01 tau_v=2.172e-01 |Du|=5.51e+00 |DRu|=1.01e+01)
  [PT] w_u=1.3133 w_v=4.5052 gamma=1.000 (tau_u=7.614e-01 tau_v=2.220e-01 |Du|=4.20e+00 |DRu|=8.16e+00)
  [PT] w_u=1.2900 w_v=3.9843 gamma=0.998 (tau_u=7.752e-01 tau_v=2.510e-01 |Du|=5.93e+00 |DRu|=6.25e+00)
  [PT] w_u=1.3452 w_v=4.0819 gamma=0.988 (tau_u=7.434e-01 tau_v=2.450e-01 |Du|=6.54e+00 |DRu|=9.62e+00)
  [PT] w_u=1.3311 w_v=4.3831 gamma=0.995 (tau_u=7.513e-01 tau_v=2.281e-01 |Du|=8.31e+00 |DRu|=9.14e+00)
  [PT] w_u=1.0819 w_v=4.7083 gamma=0.999 (tau_u=9.243e-01 tau_v=2.124e-01 |Du|=1.04e+01 |DRu|=6.58e+00)
  [PT] w_u=1.0736 w_v=4.9823 gamma=1.000 (tau_u=9.314e-01 tau_v=2.007e-01 |Du|=9.65e+00 |DRu|=9.67e+00)
  [PT] w_u=1.1472 w_v=4.5228 gamma=1.000 (tau_u=8.717e-01 tau_v=2.211e-01 |Du|=4.80e+00 |DRu|=8.31e+00)
  [PT] w_u=1.1653 w_v=4.1954 gamma=1.000 (tau_u=8.582e-01 tau_v=2.384e-01 |Du|=7.73e+00 |DRu|=9.01e+00)
  [PT] w_u=1.1199 w_v=4.1294 gamma=0.999 (tau_u=8.929e-01 tau_v=2.422e-01 |Du|=9.96e+00 |DRu|=9.07e+00)
  [PT] w_u=1.1694 w_v=4.4788 gamma=0.996 (tau_u=8.551e-01 tau_v=2.233e-01 |Du|=6.88e+00 |DRu|=9.57e+00)
  [PT] w_u=1.2530 w_v=4.8039 gamma=0.999 (tau_u=7.981e-01 tau_v=2.082e-01 |Du|=4.98e+00 |DRu|=9.34e+00)
  [PT] w_u=1.3495 w_v=4.8519 gamma=1.000 (tau_u=7.410e-01 tau_v=2.061e-01 |Du|=4.24e+00 |DRu|=8.89e+00)
  [PT] w_u=1.3434 w_v=4.3664 gamma=0.999 (tau_u=7.444e-01 tau_v=2.290e-01 |Du|=6.03e+00 |DRu|=6.84e+00)
  [PT] w_u=1.3919 w_v=4.3603 gamma=0.990 (tau_u=7.184e-01 tau_v=2.293e-01 |Du|=6.77e+00 |DRu|=9.67e+00)
  [PT] w_u=1.4249 w_v=4.6200 gamma=0.994 (tau_u=7.018e-01 tau_v=2.165e-01 |Du|=7.51e+00 |DRu|=1.01e+01)
[Adam] ep= 1900  total=2.286e-01  PDE=2.297e-02 [colloc=1.819e-02, cfd=4.778e-03] (w=2.612)  IN=1.518e-02 (w=0.892)  TB=3.465e-03 (w=0.614)  WALL=5.157e-16 (w=0.200)  OUT=1.185e-02 (w=1.005)  DATA=2.639e-02 (w=5.345)
  [PT] w_u=1.1376 w_v=4.9124 gamma=0.999 (tau_u=8.790e-01 tau_v=2.036e-01 |Du|=1.03e+01 |DRu|=6.56e+00)
  [PT] w_u=1.0638 w_v=5.2958 gamma=1.000 (tau_u=9.400e-01 tau_v=1.888e-01 |Du|=1.02e+01 |DRu|=8.36e+00)
  [PT] w_u=1.1220 w_v=5.1410 gamma=1.000 (tau_u=8.912e-01 tau_v=1.945e-01 |Du|=5.92e+00 |DRu|=8.81e+00)
  [PT] w_u=1.1866 w_v=4.6220 gamma=1.000 (tau_u=8.427e-01 tau_v=2.164e-01 |Du|=5.44e+00 |DRu|=8.54e+00)
  [PT] w_u=1.1402 w_v=4.1976 gamma=1.000 (tau_u=8.770e-01 tau_v=2.382e-01 |Du|=9.64e+00 |DRu|=8.85e+00)
  [PT] w_u=1.1748 w_v=4.4769 gamma=0.998 (tau_u=8.512e-01 tau_v=2.234e-01 |Du|=8.52e+00 |DRu|=1.08e+01)
  [PT] w_u=1.2275 w_v=4.8838 gamma=0.998 (tau_u=8.147e-01 tau_v=2.048e-01 |Du|=5.62e+00 |DRu|=8.05e+00)
  [PT] w_u=1.3143 w_v=5.1950 gamma=0.999 (tau_u=7.609e-01 tau_v=1.925e-01 |Du|=4.14e+00 |DRu|=7.87e+00)
  [PT] w_u=1.3551 w_v=4.8316 gamma=1.000 (tau_u=7.379e-01 tau_v=2.070e-01 |Du|=4.68e+00 |DRu|=6.41e+00)
  [PT] w_u=1.3590 w_v=4.2500 gamma=0.998 (tau_u=7.358e-01 tau_v=2.353e-01 |Du|=5.66e+00 |DRu|=6.69e+00)
  [PT] w_u=1.4513 w_v=4.4197 gamma=0.995 (tau_u=6.891e-01 tau_v=2.263e-01 |Du|=5.74e+00 |DRu|=1.11e+01)
  [PT] w_u=1.4968 w_v=4.6683 gamma=0.996 (tau_u=6.681e-01 tau_v=2.142e-01 |Du|=6.19e+00 |DRu|=8.92e+00)
  [PT] w_u=1.4390 w_v=5.0493 gamma=0.998 (tau_u=6.949e-01 tau_v=1.980e-01 |Du|=7.03e+00 |DRu|=7.26e+00)
  [PT] w_u=1.3068 w_v=5.4100 gamma=1.000 (tau_u=7.652e-01 tau_v=1.848e-01 |Du|=8.51e+00 |DRu|=7.20e+00)
  [PT] w_u=1.3159 w_v=5.2056 gamma=1.000 (tau_u=7.599e-01 tau_v=1.921e-01 |Du|=7.84e+00 |DRu|=9.29e+00)
  [PT] w_u=1.3673 w_v=4.4328 gamma=1.000 (tau_u=7.314e-01 tau_v=2.256e-01 |Du|=5.96e+00 |DRu|=8.66e+00)
  [PT] w_u=1.3610 w_v=4.4498 gamma=1.000 (tau_u=7.348e-01 tau_v=2.247e-01 |Du|=9.50e+00 |DRu|=1.09e+01)
  [PT] w_u=1.2157 w_v=4.5904 gamma=0.997 (tau_u=8.226e-01 tau_v=2.178e-01 |Du|=8.69e+00 |DRu|=6.83e+00)
  [PT] w_u=1.2755 w_v=5.0359 gamma=0.996 (tau_u=7.840e-01 tau_v=1.986e-01 |Du|=5.43e+00 |DRu|=8.19e+00)
  [PT] w_u=1.3822 w_v=5.1743 gamma=0.999 (tau_u=7.235e-01 tau_v=1.933e-01 |Du|=3.66e+00 |DRu|=8.66e+00)
[Adam] ep= 1920  total=2.086e-01  PDE=2.579e-02 [colloc=2.270e-02, cfd=3.086e-03] (w=2.641)  IN=1.129e-02 (w=0.872)  TB=6.055e-03 (w=0.643)  WALL=6.139e-16 (w=0.200)  OUT=4.089e-03 (w=0.948)  DATA=2.274e-02 (w=5.407)
  [PT] w_u=1.4608 w_v=4.7999 gamma=1.000 (tau_u=6.846e-01 tau_v=2.083e-01 |Du|=4.13e+00 |DRu|=7.14e+00)
  [PT] w_u=1.5261 w_v=4.4306 gamma=1.000 (tau_u=6.553e-01 tau_v=2.257e-01 |Du|=5.11e+00 |DRu|=8.16e+00)
  [PT] w_u=1.5687 w_v=4.5286 gamma=0.994 (tau_u=6.375e-01 tau_v=2.208e-01 |Du|=6.22e+00 |DRu|=8.98e+00)
  [PT] w_u=1.6430 w_v=4.8367 gamma=0.990 (tau_u=6.086e-01 tau_v=2.068e-01 |Du|=5.34e+00 |DRu|=8.98e+00)
  [PT] w_u=1.5338 w_v=5.2826 gamma=0.999 (tau_u=6.520e-01 tau_v=1.893e-01 |Du|=8.05e+00 |DRu|=7.88e+00)
  [PT] w_u=1.3992 w_v=5.6542 gamma=1.000 (tau_u=7.147e-01 tau_v=1.769e-01 |Du|=9.56e+00 |DRu|=8.45e+00)
  [PT] w_u=1.4160 w_v=5.3493 gamma=1.000 (tau_u=7.062e-01 tau_v=1.869e-01 |Du|=7.27e+00 |DRu|=9.16e+00)
  [PT] w_u=1.4263 w_v=4.2238 gamma=1.000 (tau_u=7.011e-01 tau_v=2.368e-01 |Du|=6.50e+00 |DRu|=8.03e+00)
  [PT] w_u=1.3070 w_v=4.0413 gamma=0.999 (tau_u=7.651e-01 tau_v=2.474e-01 |Du|=1.01e+01 |DRu|=8.74e+00)
  [PT] w_u=1.2962 w_v=4.3654 gamma=0.994 (tau_u=7.715e-01 tau_v=2.291e-01 |Du|=8.39e+00 |DRu|=9.19e+00)
  [PT] w_u=1.3776 w_v=4.7912 gamma=0.996 (tau_u=7.259e-01 tau_v=2.087e-01 |Du|=5.01e+00 |DRu|=8.90e+00)
  [PT] w_u=1.4868 w_v=5.0438 gamma=1.000 (tau_u=6.726e-01 tau_v=1.983e-01 |Du|=3.95e+00 |DRu|=9.00e+00)
  [PT] w_u=1.5538 w_v=4.8185 gamma=1.000 (tau_u=6.436e-01 tau_v=2.075e-01 |Du|=4.38e+00 |DRu|=7.08e+00)
  [PT] w_u=1.5616 w_v=4.0144 gamma=1.000 (tau_u=6.404e-01 tau_v=2.491e-01 |Du|=5.29e+00 |DRu|=6.76e+00)
  [PT] w_u=1.6671 w_v=4.2256 gamma=0.998 (tau_u=5.998e-01 tau_v=2.367e-01 |Du|=5.96e+00 |DRu|=1.23e+01)
  [PT] w_u=1.7535 w_v=4.4552 gamma=0.990 (tau_u=5.703e-01 tau_v=2.245e-01 |Du|=5.43e+00 |DRu|=9.79e+00)
  [PT] w_u=1.6175 w_v=4.8369 gamma=0.996 (tau_u=6.182e-01 tau_v=2.067e-01 |Du|=6.33e+00 |DRu|=6.17e+00)
  [PT] w_u=1.3876 w_v=5.2930 gamma=1.000 (tau_u=7.207e-01 tau_v=1.889e-01 |Du|=1.00e+01 |DRu|=7.81e+00)
  [PT] w_u=1.3502 w_v=5.2933 gamma=1.000 (tau_u=7.406e-01 tau_v=1.889e-01 |Du|=8.49e+00 |DRu|=8.85e+00)
  [PT] w_u=1.3928 w_v=4.4178 gamma=1.000 (tau_u=7.180e-01 tau_v=2.264e-01 |Du|=6.48e+00 |DRu|=9.04e+00)
[Adam] ep= 1940  total=2.421e-01  PDE=5.049e-02 [colloc=3.916e-02, cfd=1.133e-02] (w=2.648)  IN=5.346e-03 (w=0.854)  TB=4.350e-03 (w=0.637)  WALL=6.115e-16 (w=0.200)  OUT=1.927e-02 (w=1.015)  DATA=1.555e-02 (w=5.242)
  [PT] w_u=1.3271 w_v=3.7455 gamma=1.000 (tau_u=7.535e-01 tau_v=2.670e-01 |Du|=8.90e+00 |DRu|=8.59e+00)
  [PT] w_u=1.1459 w_v=3.8557 gamma=0.996 (tau_u=8.727e-01 tau_v=2.594e-01 |Du|=1.01e+01 |DRu|=7.23e+00)
  [PT] w_u=1.2132 w_v=4.2264 gamma=0.995 (tau_u=8.242e-01 tau_v=2.366e-01 |Du|=5.84e+00 |DRu|=9.35e+00)
  [PT] w_u=1.3031 w_v=4.6405 gamma=0.999 (tau_u=7.674e-01 tau_v=2.155e-01 |Du|=4.36e+00 |DRu|=8.62e+00)
  [PT] w_u=1.3775 w_v=4.7232 gamma=1.000 (tau_u=7.260e-01 tau_v=2.117e-01 |Du|=4.20e+00 |DRu|=7.06e+00)
  [PT] w_u=1.4308 w_v=4.4504 gamma=1.000 (tau_u=6.989e-01 tau_v=2.247e-01 |Du|=4.69e+00 |DRu|=6.95e+00)
  [PT] w_u=1.4846 w_v=4.0189 gamma=1.000 (tau_u=6.736e-01 tau_v=2.488e-01 |Du|=5.05e+00 |DRu|=7.56e+00)
  [PT] w_u=1.5941 w_v=4.2424 gamma=0.999 (tau_u=6.273e-01 tau_v=2.357e-01 |Du|=6.01e+00 |DRu|=1.31e+01)
  [PT] w_u=1.6826 w_v=4.4144 gamma=0.997 (tau_u=5.943e-01 tau_v=2.265e-01 |Du|=5.17e+00 |DRu|=9.47e+00)
  [PT] w_u=1.7028 w_v=4.7438 gamma=1.000 (tau_u=5.873e-01 tau_v=2.108e-01 |Du|=5.90e+00 |DRu|=8.15e+00)
  [PT] w_u=1.6790 w_v=5.1689 gamma=1.000 (tau_u=5.956e-01 tau_v=1.935e-01 |Du|=8.44e+00 |DRu|=1.03e+01)
  [PT] w_u=1.6652 w_v=5.1210 gamma=1.000 (tau_u=6.005e-01 tau_v=1.953e-01 |Du|=6.22e+00 |DRu|=7.74e+00)
  [PT] w_u=1.7393 w_v=4.8118 gamma=1.000 (tau_u=5.750e-01 tau_v=2.078e-01 |Du|=6.60e+00 |DRu|=1.12e+01)
  [PT] w_u=1.7056 w_v=3.8697 gamma=1.000 (tau_u=5.863e-01 tau_v=2.584e-01 |Du|=7.79e+00 |DRu|=9.39e+00)
  [PT] w_u=1.4289 w_v=3.7989 gamma=0.999 (tau_u=6.998e-01 tau_v=2.632e-01 |Du|=9.27e+00 |DRu|=7.07e+00)
  [PT] w_u=1.4498 w_v=4.1317 gamma=0.995 (tau_u=6.898e-01 tau_v=2.420e-01 |Du|=8.06e+00 |DRu|=1.04e+01)
  [PT] w_u=1.5074 w_v=4.5443 gamma=0.995 (tau_u=6.634e-01 tau_v=2.201e-01 |Du|=4.81e+00 |DRu|=7.35e+00)
  [PT] w_u=1.6126 w_v=4.8423 gamma=0.998 (tau_u=6.201e-01 tau_v=2.065e-01 |Du|=4.13e+00 |DRu|=8.59e+00)
  [PT] w_u=1.7365 w_v=4.8955 gamma=1.000 (tau_u=5.759e-01 tau_v=2.043e-01 |Du|=4.07e+00 |DRu|=9.65e+00)
  [PT] w_u=1.7658 w_v=4.3023 gamma=1.000 (tau_u=5.663e-01 tau_v=2.324e-01 |Du|=4.66e+00 |DRu|=6.72e+00)
[Adam] ep= 1960  total=3.116e-01  PDE=4.758e-02 [colloc=3.240e-02, cfd=1.518e-02] (w=2.593)  IN=1.073e-02 (w=0.844)  TB=3.538e-03 (w=0.607)  WALL=8.374e-16 (w=0.200)  OUT=3.006e-02 (w=1.085)  DATA=2.727e-02 (w=5.293)
  [PT] w_u=1.8769 w_v=4.5142 gamma=1.000 (tau_u=5.328e-01 tau_v=2.215e-01 |Du|=5.68e+00 |DRu|=1.18e+01)
  [PT] w_u=1.9747 w_v=4.6136 gamma=0.998 (tau_u=5.064e-01 tau_v=2.167e-01 |Du|=4.67e+00 |DRu|=9.00e+00)
  [PT] w_u=2.0664 w_v=4.9652 gamma=0.996 (tau_u=4.839e-01 tau_v=2.014e-01 |Du|=6.58e+00 |DRu|=1.24e+01)
  [PT] w_u=2.1501 w_v=5.3625 gamma=1.000 (tau_u=4.651e-01 tau_v=1.865e-01 |Du|=1.01e+01 |DRu|=1.85e+01)
  [PT] w_u=2.1410 w_v=5.8616 gamma=1.000 (tau_u=4.671e-01 tau_v=1.706e-01 |Du|=5.22e+00 |DRu|=7.49e+00)
  [PT] w_u=2.3169 w_v=6.3018 gamma=1.000 (tau_u=4.316e-01 tau_v=1.587e-01 |Du|=5.36e+00 |DRu|=1.60e+01)
  [PT] w_u=2.2925 w_v=5.7449 gamma=1.000 (tau_u=4.362e-01 tau_v=1.741e-01 |Du|=5.75e+00 |DRu|=8.32e+00)
  [PT] w_u=2.3508 w_v=5.5703 gamma=1.000 (tau_u=4.254e-01 tau_v=1.795e-01 |Du|=6.96e+00 |DRu|=1.22e+01)
  [PT] w_u=2.2375 w_v=5.0594 gamma=1.000 (tau_u=4.469e-01 tau_v=1.977e-01 |Du|=8.82e+00 |DRu|=1.10e+01)
  [PT] w_u=2.1245 w_v=5.1643 gamma=1.000 (tau_u=4.707e-01 tau_v=1.936e-01 |Du|=1.10e+01 |DRu|=1.33e+01)
  [PT] w_u=1.9040 w_v=5.3878 gamma=0.998 (tau_u=5.252e-01 tau_v=1.856e-01 |Du|=7.45e+00 |DRu|=7.39e+00)
  [PT] w_u=2.0224 w_v=5.8483 gamma=0.992 (tau_u=4.945e-01 tau_v=1.710e-01 |Du|=3.71e+00 |DRu|=7.93e+00)
  [PT] w_u=2.0705 w_v=5.9064 gamma=0.992 (tau_u=4.830e-01 tau_v=1.693e-01 |Du|=4.92e+00 |DRu|=7.95e+00)
  [PT] w_u=1.9596 w_v=5.6157 gamma=1.000 (tau_u=5.103e-01 tau_v=1.781e-01 |Du|=8.21e+00 |DRu|=9.44e+00)
  [PT] w_u=1.6799 w_v=4.7695 gamma=1.000 (tau_u=5.953e-01 tau_v=2.097e-01 |Du|=9.75e+00 |DRu|=8.36e+00)
  [PT] w_u=1.6638 w_v=4.7692 gamma=1.000 (tau_u=6.010e-01 tau_v=2.097e-01 |Du|=8.58e+00 |DRu|=1.06e+01)
  [PT] w_u=1.7174 w_v=4.7763 gamma=0.999 (tau_u=5.823e-01 tau_v=2.094e-01 |Du|=4.92e+00 |DRu|=7.65e+00)
  [PT] w_u=1.8603 w_v=5.2114 gamma=0.995 (tau_u=5.376e-01 tau_v=1.919e-01 |Du|=4.36e+00 |DRu|=1.18e+01)
  [PT] w_u=1.8941 w_v=5.4957 gamma=0.996 (tau_u=5.279e-01 tau_v=1.820e-01 |Du|=7.53e+00 |DRu|=1.13e+01)
  [PT] w_u=1.7871 w_v=5.4237 gamma=1.000 (tau_u=5.596e-01 tau_v=1.844e-01 |Du|=1.12e+01 |DRu|=1.22e+01)
[Adam] ep= 1980  total=2.611e-01  PDE=2.777e-02 [colloc=2.237e-02, cfd=5.396e-03] (w=2.425)  IN=1.310e-02 (w=0.928)  TB=6.832e-03 (w=0.649)  WALL=3.471e-16 (w=0.200)  OUT=8.551e-03 (w=1.159)  DATA=3.151e-02 (w=5.309)
  [PT] w_u=1.6128 w_v=5.4924 gamma=1.000 (tau_u=6.200e-01 tau_v=1.821e-01 |Du|=9.62e+00 |DRu|=8.91e+00)
  [PT] w_u=1.6681 w_v=5.7166 gamma=1.000 (tau_u=5.995e-01 tau_v=1.749e-01 |Du|=8.37e+00 |DRu|=1.30e+01)
  [PT] w_u=1.6418 w_v=5.2500 gamma=1.000 (tau_u=6.091e-01 tau_v=1.905e-01 |Du|=7.44e+00 |DRu|=8.92e+00)
  [PT] w_u=1.7022 w_v=5.4547 gamma=1.000 (tau_u=5.875e-01 tau_v=1.833e-01 |Du|=7.37e+00 |DRu|=1.18e+01)
  [PT] w_u=1.6631 w_v=5.8499 gamma=1.000 (tau_u=6.013e-01 tau_v=1.709e-01 |Du|=9.61e+00 |DRu|=1.13e+01)
  [PT] w_u=1.6233 w_v=5.9162 gamma=0.997 (tau_u=6.160e-01 tau_v=1.690e-01 |Du|=7.37e+00 |DRu|=8.51e+00)
  [PT] w_u=1.5598 w_v=5.8861 gamma=0.994 (tau_u=6.411e-01 tau_v=1.699e-01 |Du|=6.20e+00 |DRu|=6.64e+00)
  [PT] w_u=1.5210 w_v=5.6665 gamma=0.998 (tau_u=6.575e-01 tau_v=1.765e-01 |Du|=9.06e+00 |DRu|=1.01e+01)
  [PT] w_u=1.5099 w_v=5.2134 gamma=1.000 (tau_u=6.623e-01 tau_v=1.918e-01 |Du|=9.19e+00 |DRu|=1.09e+01)
  [PT] w_u=1.4903 w_v=4.3965 gamma=1.000 (tau_u=6.710e-01 tau_v=2.275e-01 |Du|=7.47e+00 |DRu|=8.63e+00)
  [PT] w_u=1.6052 w_v=4.6944 gamma=1.000 (tau_u=6.230e-01 tau_v=2.130e-01 |Du|=6.17e+00 |DRu|=1.41e+01)
  [PT] w_u=1.6725 w_v=5.1139 gamma=1.000 (tau_u=5.979e-01 tau_v=1.955e-01 |Du|=5.48e+00 |DRu|=8.97e+00)
  [PT] w_u=1.8098 w_v=5.4788 gamma=1.000 (tau_u=5.526e-01 tau_v=1.825e-01 |Du|=3.81e+00 |DRu|=1.00e+01)
  [PT] w_u=1.5865 w_v=4.7256 gamma=0.999 (tau_u=6.303e-01 tau_v=2.116e-01 |Du|=8.40e+00 |DRu|=7.28e+00)
  [PT] w_u=1.5582 w_v=4.7627 gamma=1.000 (tau_u=6.418e-01 tau_v=2.100e-01 |Du|=1.41e+01 |DRu|=1.63e+01)
  [PT] w_u=1.5920 w_v=4.4191 gamma=1.000 (tau_u=6.281e-01 tau_v=2.263e-01 |Du|=9.35e+00 |DRu|=1.32e+01)
  [PT] w_u=1.6544 w_v=4.5634 gamma=1.000 (tau_u=6.045e-01 tau_v=2.191e-01 |Du|=9.98e+00 |DRu|=1.60e+01)
  [PT] w_u=1.4864 w_v=4.5695 gamma=1.000 (tau_u=6.728e-01 tau_v=2.188e-01 |Du|=1.14e+01 |DRu|=1.00e+01)
  [PT] w_u=1.5614 w_v=4.8883 gamma=1.000 (tau_u=6.404e-01 tau_v=2.046e-01 |Du|=9.61e+00 |DRu|=1.63e+01)
  [PT] w_u=1.1111 w_v=5.3557 gamma=0.998 (tau_u=9.000e-01 tau_v=1.867e-01 |Du|=5.75e+00 |DRu|=3.19e+00)
[Adam] ep= 2000  total=2.817e-01  PDE=3.502e-02 [colloc=3.086e-02, cfd=4.162e-03] (w=2.627)  IN=1.843e-02 (w=0.936)  TB=9.420e-03 (w=0.708)  WALL=6.341e-16 (w=0.200)  OUT=4.158e-03 (w=0.871)  DATA=3.025e-02 (w=5.362)
============================================================
Phase 2 — BFGS (6000 total calls, 150 iters/batch)
Adaptive weights are frozen for BFGS stability | method=SSBroyden1
============================================================
[BFGS] full data fitting: 4869 CFD points pinned per call
[BFGS] using CUSTOM _optimize._minimize_bfgs (method_bfgs='SSBroyden1')
/oscar/home/jchen790/cylinder flow lab/src/cfp40.py:1342: OptimizeWarning: Unknown solver options: hess, hessp, bounds, constraints, tol
  result = minimize(
Invoked: SSBroyden1 approach!
[BFGS] batch=   1  call=     4  total=2.774e-01  PDE=2.477e-02 [colloc=2.132e-02, cfd=3.455e-03]  WALL=4.385e-16  DATA=3.382e-02
Invoked: SSBroyden1 approach!
[BFGS] batch=   1  call=     5  total=2.481e-01  PDE=3.168e-02 [colloc=2.845e-02, cfd=3.237e-03]  WALL=5.753e-16  DATA=2.611e-02
Invoked: SSBroyden1 approach!
[BFGS] batch=   1  call=     6  total=2.365e-01  PDE=3.218e-02 [colloc=2.886e-02, cfd=3.324e-03]  WALL=2.946e-16  DATA=2.493e-02
Invoked: SSBroyden1 approach!
[BFGS] batch=   1  call=     7  total=2.265e-01  PDE=3.345e-02 [colloc=2.868e-02, cfd=4.765e-03]  WALL=3.733e-16  DATA=2.282e-02
Invoked: SSBroyden1 approach!
[BFGS] batch=   1  call=     8  total=2.181e-01  PDE=3.482e-02 [colloc=2.967e-02, cfd=5.148e-03]  WALL=3.866e-16  DATA=2.096e-02
Invoked: SSBroyden1 approach!
[BFGS] batch=   1  call=    10  total=2.149e-01  PDE=3.552e-02 [colloc=2.957e-02, cfd=5.952e-03]  WALL=4.095e-16  DATA=2.016e-02
Invoked: SSBroyden1 approach!
[BFGS] batch=   1  call=    11  total=2.118e-01  PDE=3.445e-02 [colloc=2.898e-02, cfd=5.469e-03]  WALL=4.276e-16  DATA=2.010e-02
Invoked: SSBroyden1 approach!
[BFGS] batch=   1  call=    12  total=2.074e-01  PDE=3.507e-02 [colloc=3.004e-02, cfd=5.036e-03]  WALL=4.428e-16  DATA=1.923e-02
Invoked: SSBroyden1 approach!
[BFGS] batch=   1  call=    13  total=2.052e-01  PDE=3.436e-02 [colloc=2.888e-02, cfd=5.484e-03]  WALL=4.336e-16  DATA=1.918e-02
Invoked: SSBroyden1 approach!
[BFGS] batch=   1  call=    14  total=2.026e-01  PDE=3.267e-02 [colloc=2.693e-02, cfd=5.736e-03]  WALL=4.677e-16  DATA=1.940e-02
Invoked: SSBroyden1 approach!
[BFGS] batch=   1  call=    15  total=1.995e-01  PDE=3.179e-02 [colloc=2.677e-02, cfd=5.015e-03]  WALL=4.731e-16  DATA=1.935e-02
Invoked: SSBroyden1 approach!
[BFGS] batch=   1  call=    16  total=1.951e-01  PDE=3.111e-02 [colloc=2.575e-02, cfd=5.368e-03]  WALL=4.840e-16  DATA=1.900e-02
Invoked: SSBroyden1 approach!
[BFGS] batch=   1  call=    17  total=1.903e-01  PDE=2.905e-02 [colloc=2.362e-02, cfd=5.438e-03]  WALL=4.820e-16  DATA=1.940e-02
Invoked: SSBroyden1 approach!
[BFGS] batch=   1  call=    18  total=1.890e-01  PDE=3.008e-02 [colloc=2.503e-02, cfd=5.046e-03]  WALL=4.887e-16  DATA=1.882e-02
Invoked: SSBroyden1 approach!
[BFGS] batch=   1  call=    19  total=1.872e-01  PDE=2.986e-02 [colloc=2.474e-02, cfd=5.112e-03]  WALL=4.794e-16  DATA=1.858e-02
Invoked: SSBroyden1 approach!
[BFGS] batch=   1  call=    20  total=1.853e-01  PDE=2.968e-02 [colloc=2.456e-02, cfd=5.117e-03]  WALL=4.834e-16  DATA=1.830e-02
Invoked: SSBroyden1 approach!
[BFGS] batch=   1  call=    21  total=1.838e-01  PDE=2.923e-02 [colloc=2.424e-02, cfd=4.995e-03]  WALL=4.736e-16  DATA=1.826e-02
Invoked: SSBroyden1 approach!
[BFGS] batch=   1  call=    22  total=1.823e-01  PDE=2.897e-02 [colloc=2.368e-02, cfd=5.298e-03]  WALL=4.567e-16  DATA=1.813e-02
Invoked: SSBroyden1 approach!
[BFGS] batch=   1  call=    23  total=1.809e-01  PDE=2.822e-02 [colloc=2.301e-02, cfd=5.213e-03]  WALL=4.447e-16  DATA=1.820e-02
Invoked: SSBroyden1 approach!
[BFGS] batch=   1  call=    24  total=1.803e-01  PDE=2.891e-02 [colloc=2.370e-02, cfd=5.206e-03]  WALL=4.694e-16  DATA=1.776e-02
Invoked: SSBroyden1 approach!
[BFGS] batch=   1  call=    25  total=1.791e-01  PDE=2.910e-02 [colloc=2.374e-02, cfd=5.361e-03]  WALL=4.796e-16  DATA=1.753e-02
Invoked: SSBroyden1 approach!
[BFGS] batch=   1  call=    26  total=1.777e-01  PDE=2.913e-02 [colloc=2.349e-02, cfd=5.636e-03]  WALL=4.531e-16  DATA=1.730e-02
Invoked: SSBroyden1 approach!
[BFGS] batch=   1  call=    27  total=1.770e-01  PDE=2.830e-02 [colloc=2.248e-02, cfd=5.815e-03]  WALL=4.555e-16  DATA=1.759e-02
Invoked: SSBroyden1 approach!
[BFGS] batch=   1  call=    28  total=1.763e-01  PDE=2.774e-02 [colloc=2.191e-02, cfd=5.829e-03]  WALL=4.436e-16  DATA=1.770e-02
Invoked: SSBroyden1 approach!
[BFGS] batch=   1  call=    29  total=1.753e-01  PDE=2.801e-02 [colloc=2.215e-02, cfd=5.857e-03]  WALL=4.478e-16  DATA=1.738e-02
Invoked: SSBroyden1 approach!
[BFGS] batch=   1  call=    30  total=1.740e-01  PDE=2.886e-02 [colloc=2.290e-02, cfd=5.960e-03]  WALL=4.820e-16  DATA=1.678e-02
Invoked: SSBroyden1 approach!
[BFGS] batch=   1  call=    32  total=1.732e-01  PDE=2.892e-02 [colloc=2.306e-02, cfd=5.859e-03]  WALL=4.760e-16  DATA=1.662e-02
Invoked: SSBroyden1 approach!
[BFGS] batch=   1  call=    34  total=1.729e-01  PDE=2.955e-02 [colloc=2.373e-02, cfd=5.821e-03]  WALL=4.957e-16  DATA=1.626e-02
Invoked: SSBroyden1 approach!
[BFGS] batch=   1  call=    35  total=1.722e-01  PDE=2.932e-02 [colloc=2.355e-02, cfd=5.774e-03]  WALL=4.843e-16  DATA=1.627e-02
Invoked: SSBroyden1 approach!
[BFGS] batch=   1  call=    36  total=1.710e-01  PDE=2.899e-02 [colloc=2.325e-02, cfd=5.743e-03]  WALL=4.794e-16  DATA=1.625e-02
Invoked: SSBroyden1 approach!
[BFGS] batch=   1  call=    37  total=1.697e-01  PDE=2.861e-02 [colloc=2.294e-02, cfd=5.665e-03]  WALL=4.794e-16  DATA=1.614e-02
Invoked: SSBroyden1 approach!
[BFGS] batch=   1  call=    39  total=1.691e-01  PDE=2.843e-02 [colloc=2.283e-02, cfd=5.594e-03]  WALL=4.772e-16  DATA=1.616e-02
Invoked: SSBroyden1 approach!
[BFGS] batch=   1  call=    40  total=1.684e-01  PDE=2.786e-02 [colloc=2.214e-02, cfd=5.723e-03]  WALL=4.421e-16  DATA=1.632e-02
Invoked: SSBroyden1 approach!
[BFGS] batch=   1  call=    41  total=1.681e-01  PDE=2.811e-02 [colloc=2.223e-02, cfd=5.879e-03]  WALL=4.422e-16  DATA=1.610e-02
Invoked: SSBroyden1 approach!
[BFGS] batch=   1  call=    42  total=1.677e-01  PDE=2.834e-02 [colloc=2.242e-02, cfd=5.920e-03]  WALL=4.617e-16  DATA=1.592e-02
Invoked: SSBroyden1 approach!
[BFGS] batch=   1  call=    43  total=1.672e-01  PDE=2.811e-02 [colloc=2.220e-02, cfd=5.915e-03]  WALL=4.669e-16  DATA=1.594e-02
Invoked: SSBroyden1 approach!
[BFGS] batch=   1  call=    44  total=1.664e-01  PDE=2.830e-02 [colloc=2.236e-02, cfd=5.944e-03]  WALL=4.700e-16  DATA=1.578e-02
Invoked: SSBroyden1 approach!
[BFGS] batch=   1  call=    45  total=1.653e-01  PDE=2.868e-02 [colloc=2.249e-02, cfd=6.194e-03]  WALL=4.941e-16  DATA=1.540e-02
Invoked: SSBroyden1 approach!
[BFGS] batch=   1  call=    46  total=1.642e-01  PDE=2.915e-02 [colloc=2.301e-02, cfd=6.137e-03]  WALL=5.450e-16  DATA=1.498e-02
Invoked: SSBroyden1 approach!
[BFGS] batch=   1  call=    47  total=1.633e-01  PDE=2.770e-02 [colloc=2.176e-02, cfd=5.940e-03]  WALL=4.942e-16  DATA=1.542e-02
Invoked: SSBroyden1 approach!
[BFGS] batch=   1  call=    48  total=1.625e-01  PDE=2.822e-02 [colloc=2.238e-02, cfd=5.840e-03]  WALL=5.457e-16  DATA=1.497e-02
Invoked: SSBroyden1 approach!
[BFGS] batch=   1  call=    49  total=1.620e-01  PDE=2.846e-02 [colloc=2.261e-02, cfd=5.855e-03]  WALL=5.542e-16  DATA=1.482e-02
Invoked: SSBroyden1 approach!
[BFGS] batch=   1  call=    50  total=1.615e-01  PDE=2.809e-02 [colloc=2.220e-02, cfd=5.890e-03]  WALL=5.425e-16  DATA=1.488e-02
Invoked: SSBroyden1 approach!
[BFGS] batch=   1  call=    51  total=1.605e-01  PDE=2.762e-02 [colloc=2.179e-02, cfd=5.828e-03]  WALL=5.432e-16  DATA=1.495e-02
Invoked: SSBroyden1 approach!
[BFGS] batch=   1  call=    52  total=1.591e-01  PDE=2.713e-02 [colloc=2.140e-02, cfd=5.725e-03]  WALL=5.315e-16  DATA=1.493e-02
Invoked: SSBroyden1 approach!
[BFGS] batch=   1  call=    54  total=1.584e-01  PDE=2.682e-02 [colloc=2.104e-02, cfd=5.774e-03]  WALL=5.321e-16  DATA=1.490e-02
Invoked: SSBroyden1 approach!
[BFGS] batch=   1  call=    55  total=1.572e-01  PDE=2.693e-02 [colloc=2.132e-02, cfd=5.608e-03]  WALL=5.323e-16  DATA=1.464e-02
Invoked: SSBroyden1 approach!
[BFGS] batch=   1  call=    57  total=1.566e-01  PDE=2.664e-02 [colloc=2.115e-02, cfd=5.488e-03]  WALL=5.409e-16  DATA=1.465e-02
Invoked: SSBroyden1 approach!
[BFGS] batch=   1  call=    58  total=1.559e-01  PDE=2.643e-02 [colloc=2.103e-02, cfd=5.392e-03]  WALL=5.376e-16  DATA=1.461e-02
Invoked: SSBroyden1 approach!
[BFGS] batch=   1  call=    59  total=1.551e-01  PDE=2.641e-02 [colloc=2.125e-02, cfd=5.163e-03]  WALL=5.220e-16  DATA=1.450e-02
Invoked: SSBroyden1 approach!
[BFGS] batch=   1  call=    60  total=1.542e-01  PDE=2.614e-02 [colloc=2.102e-02, cfd=5.118e-03]  WALL=5.285e-16  DATA=1.448e-02
Invoked: SSBroyden1 approach!
[BFGS] batch=   1  call=    61  total=1.534e-01  PDE=2.651e-02 [colloc=2.137e-02, cfd=5.142e-03]  WALL=5.433e-16  DATA=1.415e-02
Invoked: SSBroyden1 approach!
[BFGS] batch=   1  call=    62  total=1.525e-01  PDE=2.618e-02 [colloc=2.119e-02, cfd=4.989e-03]  WALL=5.237e-16  DATA=1.417e-02
Invoked: SSBroyden1 approach!
[BFGS] batch=   1  call=    63  total=1.518e-01  PDE=2.559e-02 [colloc=2.063e-02, cfd=4.957e-03]  WALL=5.272e-16  DATA=1.430e-02
Invoked: SSBroyden1 approach!
[BFGS] batch=   1  call=    64  total=1.507e-01  PDE=2.560e-02 [colloc=2.078e-02, cfd=4.815e-03]  WALL=5.319e-16  DATA=1.412e-02
Invoked: SSBroyden1 approach!
[BFGS] batch=   1  call=    65  total=1.500e-01  PDE=2.397e-02 [colloc=1.942e-02, cfd=4.550e-03]  WALL=5.014e-16  DATA=1.471e-02
Invoked: SSBroyden1 approach!
[BFGS] batch=   1  call=    66  total=1.491e-01  PDE=2.447e-02 [colloc=1.989e-02, cfd=4.585e-03]  WALL=5.417e-16  DATA=1.430e-02
Invoked: SSBroyden1 approach!
[BFGS] batch=   1  call=    67  total=1.488e-01  PDE=2.504e-02 [colloc=2.028e-02, cfd=4.760e-03]  WALL=5.219e-16  DATA=1.399e-02
Invoked: SSBroyden1 approach!
[BFGS] batch=   1  call=    68  total=1.483e-01  PDE=2.514e-02 [colloc=2.033e-02, cfd=4.808e-03]  WALL=5.312e-16  DATA=1.387e-02
Invoked: SSBroyden1 approach!
[BFGS] batch=   1  call=    69  total=1.476e-01  PDE=2.519e-02 [colloc=2.029e-02, cfd=4.895e-03]  WALL=5.212e-16  DATA=1.373e-02
Invoked: SSBroyden1 approach!
[BFGS] batch=   1  call=    70  total=1.468e-01  PDE=2.588e-02 [colloc=2.104e-02, cfd=4.837e-03]  WALL=5.586e-16  DATA=1.322e-02
Invoked: SSBroyden1 approach!
[BFGS] batch=   1  call=    71  total=1.456e-01  PDE=2.630e-02 [colloc=2.136e-02, cfd=4.944e-03]  WALL=5.729e-16  DATA=1.286e-02
Invoked: SSBroyden1 approach!
[BFGS] batch=   1  call=    73  total=1.454e-01  PDE=2.627e-02 [colloc=2.132e-02, cfd=4.950e-03]  WALL=5.914e-16  DATA=1.279e-02
Invoked: SSBroyden1 approach!
[BFGS] batch=   1  call=    74  total=1.448e-01  PDE=2.609e-02 [colloc=2.115e-02, cfd=4.936e-03]  WALL=5.880e-16  DATA=1.280e-02
Invoked: SSBroyden1 approach!
[BFGS] batch=   1  call=    75  total=1.439e-01  PDE=2.584e-02 [colloc=2.092e-02, cfd=4.915e-03]  WALL=5.919e-16  DATA=1.275e-02
Invoked: SSBroyden1 approach!
[BFGS] batch=   1  call=    76  total=1.423e-01  PDE=2.501e-02 [colloc=1.994e-02, cfd=5.076e-03]  WALL=5.662e-16  DATA=1.288e-02
Invoked: SSBroyden1 approach!
[BFGS] batch=   1  call=    78  total=1.418e-01  PDE=2.501e-02 [colloc=2.003e-02, cfd=4.976e-03]  WALL=5.706e-16  DATA=1.278e-02
Invoked: SSBroyden1 approach!
[BFGS] batch=   1  call=    79  total=1.410e-01  PDE=2.517e-02 [colloc=2.003e-02, cfd=5.137e-03]  WALL=6.057e-16  DATA=1.262e-02
Invoked: SSBroyden1 approach!
[BFGS] batch=   1  call=    81  total=1.408e-01  PDE=2.546e-02 [colloc=2.021e-02, cfd=5.255e-03]  WALL=6.207e-16  DATA=1.242e-02
Invoked: SSBroyden1 approach!
[BFGS] batch=   1  call=    82  total=1.404e-01  PDE=2.544e-02 [colloc=2.020e-02, cfd=5.241e-03]  WALL=6.217e-16  DATA=1.238e-02
Invoked: SSBroyden1 approach!
[BFGS] batch=   1  call=    83  total=1.397e-01  PDE=2.522e-02 [colloc=1.999e-02, cfd=5.228e-03]  WALL=6.238e-16  DATA=1.238e-02
Invoked: SSBroyden1 approach!
[BFGS] batch=   1  call=    84  total=1.385e-01  PDE=2.491e-02 [colloc=1.963e-02, cfd=5.283e-03]  WALL=6.295e-16  DATA=1.232e-02
Invoked: SSBroyden1 approach!
[BFGS] batch=   1  call=    85  total=1.376e-01  PDE=2.564e-02 [colloc=2.036e-02, cfd=5.283e-03]  WALL=6.622e-16  DATA=1.182e-02
Invoked: SSBroyden1 approach!
[BFGS] batch=   1  call=    86  total=1.365e-01  PDE=2.484e-02 [colloc=1.927e-02, cfd=5.574e-03]  WALL=6.688e-16  DATA=1.201e-02
Invoked: SSBroyden1 approach!
[BFGS] batch=   1  call=    88  total=1.362e-01  PDE=2.537e-02 [colloc=1.966e-02, cfd=5.712e-03]  WALL=6.988e-16  DATA=1.170e-02
Invoked: SSBroyden1 approach!
[BFGS] batch=   1  call=    89  total=1.358e-01  PDE=2.554e-02 [colloc=1.972e-02, cfd=5.824e-03]  WALL=7.214e-16  DATA=1.154e-02
Invoked: SSBroyden1 approach!
[BFGS] batch=   1  call=    90  total=1.350e-01  PDE=2.559e-02 [colloc=1.971e-02, cfd=5.884e-03]  WALL=7.061e-16  DATA=1.141e-02
Invoked: SSBroyden1 approach!
[BFGS] batch=   1  call=    91  total=1.339e-01  PDE=2.573e-02 [colloc=1.976e-02, cfd=5.962e-03]  WALL=7.391e-16  DATA=1.114e-02
Invoked: SSBroyden1 approach!
[BFGS] batch=   1  call=    92  total=1.328e-01  PDE=2.552e-02 [colloc=1.903e-02, cfd=6.491e-03]  WALL=7.740e-16  DATA=1.097e-02
Invoked: SSBroyden1 approach!
[BFGS] batch=   1  call=    93  total=1.320e-01  PDE=2.633e-02 [colloc=1.962e-02, cfd=6.716e-03]  WALL=7.997e-16  DATA=1.043e-02
Invoked: SSBroyden1 approach!
[BFGS] batch=   1  call=    94  total=1.313e-01  PDE=2.639e-02 [colloc=1.950e-02, cfd=6.891e-03]  WALL=7.995e-16  DATA=1.021e-02
Invoked: SSBroyden1 approach!
[BFGS] batch=   1  call=    95  total=1.304e-01  PDE=2.682e-02 [colloc=1.967e-02, cfd=7.155e-03]  WALL=8.220e-16  DATA=9.885e-03
Invoked: SSBroyden1 approach!
[BFGS] batch=   1  call=    96  total=1.293e-01  PDE=2.759e-02 [colloc=2.025e-02, cfd=7.340e-03]  WALL=8.487e-16  DATA=9.279e-03
Invoked: SSBroyden1 approach!
[BFGS] batch=   1  call=    97  total=1.284e-01  PDE=2.749e-02 [colloc=2.003e-02, cfd=7.451e-03]  WALL=8.491e-16  DATA=9.061e-03
Invoked: SSBroyden1 approach!
[BFGS] batch=   1  call=    98  total=1.274e-01  PDE=2.787e-02 [colloc=2.049e-02, cfd=7.384e-03]  WALL=8.607e-16  DATA=8.662e-03
Invoked: SSBroyden1 approach!
[BFGS] batch=   1  call=    99  total=1.266e-01  PDE=2.853e-02 [colloc=2.108e-02, cfd=7.449e-03]  WALL=8.804e-16  DATA=8.197e-03
Invoked: SSBroyden1 approach!
[BFGS] batch=   1  call=   100  total=1.258e-01  PDE=2.838e-02 [colloc=2.064e-02, cfd=7.741e-03]  WALL=8.711e-16  DATA=8.102e-03
Invoked: SSBroyden1 approach!
[BFGS] batch=   1  call=   101  total=1.249e-01  PDE=2.839e-02 [colloc=2.039e-02, cfd=8.007e-03]  WALL=9.293e-16  DATA=7.894e-03
Invoked: SSBroyden1 approach!
[BFGS] batch=   1  call=   102  total=1.239e-01  PDE=2.845e-02 [colloc=2.031e-02, cfd=8.143e-03]  WALL=9.411e-16  DATA=7.684e-03
Invoked: SSBroyden1 approach!
[BFGS] batch=   1  call=   103  total=1.229e-01  PDE=2.888e-02 [colloc=2.066e-02, cfd=8.211e-03]  WALL=9.410e-16  DATA=7.359e-03
Invoked: SSBroyden1 approach!
[BFGS] batch=   1  call=   104  total=1.216e-01  PDE=2.847e-02 [colloc=2.013e-02, cfd=8.341e-03]  WALL=9.539e-16  DATA=7.317e-03
Invoked: SSBroyden1 approach!
[BFGS] batch=   1  call=   105  total=1.194e-01  PDE=2.775e-02 [colloc=1.960e-02, cfd=8.145e-03]  WALL=9.574e-16  DATA=7.295e-03
Invoked: SSBroyden1 approach!
[BFGS] batch=   1  call=   106  total=1.184e-01  PDE=2.815e-02 [colloc=2.041e-02, cfd=7.746e-03]  WALL=1.070e-15  DATA=6.822e-03
Invoked: SSBroyden1 approach!
[BFGS] batch=   1  call=   107  total=1.169e-01  PDE=2.738e-02 [colloc=1.959e-02, cfd=7.789e-03]  WALL=1.032e-15  DATA=6.922e-03
Invoked: SSBroyden1 approach!
[BFGS] batch=   1  call=   108  total=1.155e-01  PDE=2.704e-02 [colloc=1.949e-02, cfd=7.543e-03]  WALL=1.082e-15  DATA=6.875e-03
Invoked: SSBroyden1 approach!
[BFGS] batch=   1  call=   109  total=1.140e-01  PDE=2.644e-02 [colloc=1.896e-02, cfd=7.474e-03]  WALL=1.080e-15  DATA=6.876e-03
Invoked: SSBroyden1 approach!
[BFGS] batch=   1  call=   110  total=1.124e-01  PDE=2.634e-02 [colloc=1.861e-02, cfd=7.730e-03]  WALL=1.107e-15  DATA=6.720e-03
Invoked: SSBroyden1 approach!
[BFGS] batch=   1  call=   111  total=1.104e-01  PDE=2.606e-02 [colloc=1.848e-02, cfd=7.580e-03]  WALL=1.120e-15  DATA=6.495e-03
Invoked: SSBroyden1 approach!
[BFGS] batch=   1  call=   112  total=1.081e-01  PDE=2.569e-02 [colloc=1.836e-02, cfd=7.333e-03]  WALL=1.118e-15  DATA=6.237e-03
Invoked: SSBroyden1 approach!
[BFGS] batch=   1  call=   113  total=1.066e-01  PDE=2.573e-02 [colloc=1.844e-02, cfd=7.287e-03]  WALL=1.211e-15  DATA=5.978e-03
Invoked: SSBroyden1 approach!
[BFGS] batch=   1  call=   114  total=1.050e-01  PDE=2.578e-02 [colloc=1.864e-02, cfd=7.144e-03]  WALL=1.290e-15  DATA=5.647e-03
Invoked: SSBroyden1 approach!
[BFGS] batch=   1  call=   115  total=1.032e-01  PDE=2.497e-02 [colloc=1.801e-02, cfd=6.961e-03]  WALL=1.294e-15  DATA=5.728e-03
Invoked: SSBroyden1 approach!
[BFGS] batch=   1  call=   116  total=1.023e-01  PDE=2.441e-02 [colloc=1.753e-02, cfd=6.876e-03]  WALL=1.294e-15  DATA=5.783e-03
Invoked: SSBroyden1 approach!
[BFGS] batch=   1  call=   117  total=1.010e-01  PDE=2.412e-02 [colloc=1.721e-02, cfd=6.907e-03]  WALL=1.330e-15  DATA=5.698e-03
Invoked: SSBroyden1 approach!
[BFGS] batch=   1  call=   118  total=9.921e-02  PDE=2.336e-02 [colloc=1.662e-02, cfd=6.748e-03]  WALL=1.350e-15  DATA=5.752e-03
Invoked: SSBroyden1 approach!
[BFGS] batch=   1  call=   119  total=9.716e-02  PDE=2.330e-02 [colloc=1.692e-02, cfd=6.377e-03]  WALL=1.394e-15  DATA=5.444e-03
Invoked: SSBroyden1 approach!
[BFGS] batch=   1  call=   120  total=9.523e-02  PDE=2.256e-02 [colloc=1.649e-02, cfd=6.075e-03]  WALL=1.467e-15  DATA=5.413e-03
Invoked: SSBroyden1 approach!
[BFGS] batch=   1  call=   122  total=9.411e-02  PDE=2.253e-02 [colloc=1.638e-02, cfd=6.143e-03]  WALL=1.531e-15  DATA=5.251e-03
Invoked: SSBroyden1 approach!
[BFGS] batch=   1  call=   123  total=9.301e-02  PDE=2.177e-02 [colloc=1.569e-02, cfd=6.086e-03]  WALL=1.473e-15  DATA=5.366e-03
Invoked: SSBroyden1 approach!
[BFGS] batch=   1  call=   124  total=9.171e-02  PDE=2.148e-02 [colloc=1.541e-02, cfd=6.077e-03]  WALL=1.555e-15  DATA=5.256e-03
Invoked: SSBroyden1 approach!
[BFGS] batch=   1  call=   125  total=9.101e-02  PDE=2.062e-02 [colloc=1.428e-02, cfd=6.345e-03]  WALL=1.547e-15  DATA=5.531e-03
Invoked: SSBroyden1 approach!
[BFGS] batch=   1  call=   126  total=8.990e-02  PDE=2.034e-02 [colloc=1.407e-02, cfd=6.272e-03]  WALL=1.541e-15  DATA=5.502e-03
Invoked: SSBroyden1 approach!
[BFGS] batch=   1  call=   127  total=8.856e-02  PDE=1.986e-02 [colloc=1.376e-02, cfd=6.102e-03]  WALL=1.587e-15  DATA=5.507e-03
Invoked: SSBroyden1 approach!
[BFGS] batch=   1  call=   128  total=8.788e-02  PDE=2.032e-02 [colloc=1.421e-02, cfd=6.103e-03]  WALL=1.576e-15  DATA=5.211e-03
Invoked: SSBroyden1 approach!
[BFGS] batch=   1  call=   129  total=8.687e-02  PDE=1.995e-02 [colloc=1.392e-02, cfd=6.038e-03]  WALL=1.580e-15  DATA=5.189e-03
Invoked: SSBroyden1 approach!
[BFGS] batch=   1  call=   130  total=8.549e-02  PDE=1.953e-02 [colloc=1.376e-02, cfd=5.769e-03]  WALL=1.609e-15  DATA=5.109e-03
Invoked: SSBroyden1 approach!
[BFGS] batch=   1  call=   131  total=8.393e-02  PDE=1.914e-02 [colloc=1.341e-02, cfd=5.734e-03]  WALL=1.571e-15  DATA=5.048e-03
Invoked: SSBroyden1 approach!
[BFGS] batch=   1  call=   132  total=8.296e-02  PDE=1.892e-02 [colloc=1.303e-02, cfd=5.890e-03]  WALL=1.651e-15  DATA=4.992e-03
Invoked: SSBroyden1 approach!
[BFGS] batch=   1  call=   133  total=8.252e-02  PDE=1.896e-02 [colloc=1.317e-02, cfd=5.787e-03]  WALL=1.682e-15  DATA=4.948e-03
Invoked: SSBroyden1 approach!
[BFGS] batch=   1  call=   134  total=8.185e-02  PDE=1.874e-02 [colloc=1.307e-02, cfd=5.672e-03]  WALL=1.657e-15  DATA=4.974e-03
Invoked: SSBroyden1 approach!
[BFGS] batch=   1  call=   135  total=8.092e-02  PDE=1.856e-02 [colloc=1.288e-02, cfd=5.673e-03]  WALL=1.698e-15  DATA=4.914e-03
Invoked: SSBroyden1 approach!
[BFGS] batch=   1  call=   136  total=8.009e-02  PDE=1.872e-02 [colloc=1.277e-02, cfd=5.948e-03]  WALL=1.723e-15  DATA=4.691e-03
Invoked: SSBroyden1 approach!
[BFGS] batch=   1  call=   137  total=7.913e-02  PDE=1.834e-02 [colloc=1.245e-02, cfd=5.891e-03]  WALL=1.747e-15  DATA=4.684e-03
Invoked: SSBroyden1 approach!
[BFGS] batch=   1  call=   138  total=7.789e-02  PDE=1.789e-02 [colloc=1.189e-02, cfd=6.000e-03]  WALL=1.755e-15  DATA=4.695e-03
Invoked: SSBroyden1 approach!
[BFGS] batch=   1  call=   139  total=7.743e-02  PDE=1.744e-02 [colloc=1.153e-02, cfd=5.913e-03]  WALL=1.670e-15  DATA=4.846e-03
Invoked: SSBroyden1 approach!
[BFGS] batch=   1  call=   140  total=7.675e-02  PDE=1.721e-02 [colloc=1.130e-02, cfd=5.906e-03]  WALL=1.681e-15  DATA=4.862e-03
Invoked: SSBroyden1 approach!
[BFGS] batch=   1  call=   141  total=7.576e-02  PDE=1.704e-02 [colloc=1.127e-02, cfd=5.770e-03]  WALL=1.707e-15  DATA=4.773e-03
Invoked: SSBroyden1 approach!
[BFGS] batch=   1  call=   142  total=7.474e-02  PDE=1.699e-02 [colloc=1.124e-02, cfd=5.754e-03]  WALL=1.784e-15  DATA=4.598e-03
Invoked: SSBroyden1 approach!
[BFGS] batch=   1  call=   143  total=7.411e-02  PDE=1.700e-02 [colloc=1.108e-02, cfd=5.919e-03]  WALL=1.738e-15  DATA=4.483e-03
Invoked: SSBroyden1 approach!
[BFGS] batch=   1  call=   144  total=7.316e-02  PDE=1.690e-02 [colloc=1.096e-02, cfd=5.942e-03]  WALL=1.819e-15  DATA=4.381e-03
Invoked: SSBroyden1 approach!
[BFGS] batch=   1  call=   145  total=7.193e-02  PDE=1.669e-02 [colloc=1.083e-02, cfd=5.861e-03]  WALL=1.872e-15  DATA=4.224e-03
Invoked: SSBroyden1 approach!
[BFGS] batch=   1  call=   146  total=7.113e-02  PDE=1.620e-02 [colloc=1.036e-02, cfd=5.838e-03]  WALL=1.890e-15  DATA=4.268e-03
Invoked: SSBroyden1 approach!
[BFGS] batch=   1  call=   147  total=7.027e-02  PDE=1.635e-02 [colloc=1.068e-02, cfd=5.670e-03]  WALL=1.978e-15  DATA=4.070e-03
Invoked: SSBroyden1 approach!
[BFGS] batch=   1  call=   148  total=6.934e-02  PDE=1.585e-02 [colloc=1.064e-02, cfd=5.211e-03]  WALL=2.037e-15  DATA=4.151e-03
Invoked: SSBroyden1 approach!
[BFGS] batch=   1  call=   149  total=6.836e-02  PDE=1.564e-02 [colloc=1.044e-02, cfd=5.193e-03]  WALL=2.053e-15  DATA=4.100e-03
Invoked: SSBroyden1 approach!
[BFGS] batch=   1  call=   150  total=6.729e-02  PDE=1.554e-02 [colloc=1.026e-02, cfd=5.279e-03]  WALL=2.079e-15  DATA=3.962e-03
Invoked: SSBroyden1 approach!
[BFGS] batch=   1  call=   151  total=6.621e-02  PDE=1.510e-02 [colloc=9.861e-03, cfd=5.238e-03]  WALL=2.078e-15  DATA=3.998e-03
Invoked: SSBroyden1 approach!
[BFGS] batch=   1  call=   152  total=6.497e-02  PDE=1.455e-02 [colloc=9.324e-03, cfd=5.227e-03]  WALL=2.134e-15  DATA=4.082e-03
Invoked: SSBroyden1 approach!
[BFGS] batch=   1  call=   154  total=6.433e-02  PDE=1.436e-02 [colloc=9.217e-03, cfd=5.142e-03]  WALL=2.170e-15  DATA=4.057e-03
Invoked: SSBroyden1 approach!
[BFGS] batch=   1  call=   155  total=6.363e-02  PDE=1.416e-02 [colloc=9.041e-03, cfd=5.122e-03]  WALL=2.221e-15  DATA=4.013e-03
Invoked: SSBroyden1 approach!
[BFGS] batch=   1  call=   156  total=6.313e-02  PDE=1.411e-02 [colloc=8.760e-03, cfd=5.350e-03]  WALL=2.229e-15  DATA=3.934e-03
Invoked: SSBroyden1 approach!
[BFGS] batch=   1  call=   157  total=6.250e-02  PDE=1.397e-02 [colloc=8.501e-03, cfd=5.471e-03]  WALL=2.234e-15  DATA=3.906e-03
Invoked: SSBroyden1 approach!
[BFGS] batch=   1  call=   158  total=6.184e-02  PDE=1.382e-02 [colloc=8.404e-03, cfd=5.412e-03]  WALL=2.258e-15  DATA=3.886e-03
Invoked: SSBroyden1 approach!
[BFGS] batch=   1  call=   159  total=6.115e-02  PDE=1.376e-02 [colloc=8.330e-03, cfd=5.426e-03]  WALL=2.250e-15  DATA=3.797e-03
Invoked: SSBroyden1 approach!
[BFGS] batch=   1  call=   160  total=6.083e-02  PDE=1.398e-02 [colloc=8.464e-03, cfd=5.521e-03]  WALL=2.369e-15  DATA=3.681e-03
Invoked: SSBroyden1 approach!
[BFGS] batch=   1  call=   161  total=6.037e-02  PDE=1.373e-02 [colloc=8.231e-03, cfd=5.500e-03]  WALL=2.344e-15  DATA=3.709e-03
Invoked: SSBroyden1 approach!
[BFGS] batch=   1  call=   162  total=5.977e-02  PDE=1.360e-02 [colloc=8.124e-03, cfd=5.478e-03]  WALL=2.362e-15  DATA=3.657e-03
Invoked: SSBroyden1 approach!
[BFGS] batch=   1  call=   163  total=5.900e-02  PDE=1.322e-02 [colloc=7.891e-03, cfd=5.334e-03]  WALL=2.373e-15  DATA=3.696e-03
Invoked: SSBroyden1 approach!
[BFGS] batch=   1  call=   164  total=5.854e-02  PDE=1.304e-02 [colloc=7.658e-03, cfd=5.385e-03]  WALL=2.465e-15  DATA=3.671e-03
Invoked: SSBroyden1 approach!
[BFGS] batch=   1  call=   165  total=5.789e-02  PDE=1.284e-02 [colloc=7.407e-03, cfd=5.434e-03]  WALL=2.423e-15  DATA=3.631e-03
  [PT] w_u=1.1552 w_v=5.8208 gamma=1.000 (tau_u=8.657e-01 tau_v=1.718e-01 |Du|=2.26e+01 |DRu|=3.03e+01)
[BFGS] batch 1: H0 not PD — resetting to identity.
[BFGS-END] batch=   1  last_total=5.789e-02  last_PDE=1.284e-02 [colloc=7.407e-03, cfd=5.434e-03]  last_WALL=2.423e-15  last_DATA=3.631e-03
Invoked: SSBroyden1 approach!
[BFGS] batch=   2  call=   168  total=4.011e-01  PDE=1.440e-01 [colloc=1.386e-01, cfd=5.406e-03]  WALL=2.536e-15  DATA=3.425e-03
Invoked: SSBroyden1 approach!
