{
  "velocity": {
    "n_points": 4869,
    "speed_true_mean": 0.7003024220466614,
    "mae_u": 0.04831337183713913,
    "mae_v": 0.02874726988375187,
    "rmse_u": 0.08375873416662216,
    "rmse_v": 0.05821041017770767,
    "max_abs_eu": 0.3596533536911011,
    "max_abs_ev": 0.3065153658390045,
    "rel_l2_u": 0.10346242040395737,
    "rel_l2_v": 0.45971667766571045,
    "rel_l2_uv": 0.12448123097419739
  },
  "pde": {
    "n_collocation": 19817,
    "pde_rmse_mag": 0.11988405883312225,
    "pde_mean_mag": 0.06433696299791336,
    "pde_p90_mag": 0.21149626672267915,
    "pde_p99_mag": 0.4533749437332155,
    "near_cyl_pde_rmse_mag": 0.2603088915348053,
    "far_pde_rmse_mag": 0.05048421397805214
  },
  "bc": {
    "inlet_u_minus_1_rmse": 0.049212656915187836,
    "inlet_v_rmse": 0.026472199708223343,
    "top_u_minus_1_rmse": 0.029919235035777092,
    "bottom_u_minus_1_rmse": 0.050313226878643036,
    "top_v_rmse": 0.030953194946050644,
    "bottom_v_rmse": 0.02813488431274891,
    "wall_speed_max": 1.232344857271528e-07,
    "wall_speed_p95": 7.733423323941223e-08,
    "wall_u_max_abs": 1.1388504361775631e-07,
    "wall_v_max_abs": 8.173266508038068e-08
  },
  "vorticity": {
    "vort_rmse": 1.6120158433914185,
    "vort_max_abs": 3.80727481842041,
    "vort_cfd_max": 8.076549530029297,
    "vort_cfd_min": -8.076652526855469,
    "vort_pinn_max": 5.1324639320373535,
    "vort_pinn_min": -5.301072597503662
  }
}