[OK] _optimize._minimize_bfgs loaded — SSBroyden / SSBFGS variants available
Loaded Re40.vtk  cells=8234  (pressure=pMean)
Model: width=96, depth=5, params=38018
Loss weights: adaptive during Adam, frozen during BFGS
Cylinder no-slip: enforced hard through stream-function lifting
CFD-aware PDE residual: n_cfd_pde=8000, lambda_pde_cfd=1.0
[PT  ] pseudo-time stepping ENABLED  w_init=1.0  ema=0.9  w_bounds=[0.0001, 10000.0]
[mem ] params=38018  H0 (NxN float64) = 10.77 GB  available ~ 100.0 GB
============================================================
Phase 1 — Adam (2000 epochs)
Goal: match CFD while improving PDE and enforcing wall no-slip exactly
============================================================
[mode] data anchor DISABLED (data-free PINN: PDE + BC only)
  [PT] w_u=1.1093 w_v=1.1093 gamma=1.000 (tau_u=9.015e-01 tau_v=9.015e-01 |Du|=5.40e+01 |DRu|=4.43e+02)
  [PT] w_u=1.2248 w_v=1.2275 gamma=1.000 (tau_u=8.164e-01 tau_v=8.146e-01 |Du|=1.09e+01 |DRu|=4.85e+01)
  [PT] w_u=1.3570 w_v=1.3605 gamma=1.000 (tau_u=7.369e-01 tau_v=7.350e-01 |Du|=2.47e+01 |DRu|=1.70e+02)
  [PT] w_u=1.5044 w_v=1.5085 gamma=1.000 (tau_u=6.647e-01 tau_v=6.629e-01 |Du|=2.68e+01 |DRu|=2.18e+02)
  [PT] w_u=1.6701 w_v=1.6749 gamma=1.000 (tau_u=5.988e-01 tau_v=5.971e-01 |Du|=4.58e+00 |DRu|=6.29e+01)
  [PT] w_u=1.8415 w_v=1.8459 gamma=1.000 (tau_u=5.430e-01 tau_v=5.418e-01 |Du|=7.94e+00 |DRu|=3.90e+01)
  [PT] w_u=2.0337 w_v=2.0392 gamma=1.000 (tau_u=4.917e-01 tau_v=4.904e-01 |Du|=1.40e+01 |DRu|=8.12e+01)
  [PT] w_u=2.2475 w_v=2.2542 gamma=1.000 (tau_u=4.449e-01 tau_v=4.436e-01 |Du|=1.77e+01 |DRu|=1.14e+02)
  [PT] w_u=2.4887 w_v=2.4958 gamma=1.000 (tau_u=4.018e-01 tau_v=4.007e-01 |Du|=1.60e+01 |DRu|=1.37e+02)
  [PT] w_u=2.7621 w_v=2.7661 gamma=1.000 (tau_u=3.620e-01 tau_v=3.615e-01 |Du|=4.57e+00 |DRu|=7.10e+01)
  [PT] w_u=3.0349 w_v=3.0253 gamma=1.000 (tau_u=3.295e-01 tau_v=3.305e-01 |Du|=5.96e+00 |DRu|=3.11e+01)
  [PT] w_u=3.2832 w_v=3.2676 gamma=1.000 (tau_u=3.046e-01 tau_v=3.060e-01 |Du|=1.14e+01 |DRu|=4.01e+01)
  [PT] w_u=3.5715 w_v=3.5535 gamma=1.000 (tau_u=2.800e-01 tau_v=2.814e-01 |Du|=1.45e+01 |DRu|=5.99e+01)
  [PT] w_u=3.9048 w_v=3.8813 gamma=1.000 (tau_u=2.561e-01 tau_v=2.576e-01 |Du|=1.69e+01 |DRu|=8.35e+01)
  [PT] w_u=4.2972 w_v=4.2700 gamma=1.000 (tau_u=2.327e-01 tau_v=2.342e-01 |Du|=1.40e+01 |DRu|=9.39e+01)
  [PT] w_u=4.7542 w_v=4.6928 gamma=1.000 (tau_u=2.103e-01 tau_v=2.131e-01 |Du|=5.39e+00 |DRu|=5.67e+01)
  [PT] w_u=5.1976 w_v=5.0533 gamma=1.000 (tau_u=1.924e-01 tau_v=1.979e-01 |Du|=7.19e+00 |DRu|=4.09e+01)
  [PT] w_u=5.5379 w_v=5.3191 gamma=1.000 (tau_u=1.806e-01 tau_v=1.880e-01 |Du|=1.12e+01 |DRu|=4.12e+01)
  [PT] w_u=5.8613 w_v=5.5649 gamma=1.000 (tau_u=1.706e-01 tau_v=1.797e-01 |Du|=1.38e+01 |DRu|=4.85e+01)
  [PT] w_u=6.2510 w_v=5.8889 gamma=1.000 (tau_u=1.600e-01 tau_v=1.698e-01 |Du|=1.51e+01 |DRu|=5.95e+01)
[Adam] ep=   20  total=3.901e+00  PDE=6.317e-01 [colloc=6.224e-01, cfd=9.319e-03] (w=2.493)  IN=8.784e-01 (w=1.265)  TB=9.446e-01 (w=1.282)  WALL=6.894e-15 (w=0.200)  OUT=8.765e-03 (w=0.493)  DATA=3.924e-01 (w=0.000)  DATA_P=0.000e+00 (w=1.000)
  [PT] w_u=6.7115 w_v=6.3239 gamma=1.000 (tau_u=1.490e-01 tau_v=1.581e-01 |Du|=1.46e+01 |DRu|=6.52e+01)
  [PT] w_u=7.1780 w_v=6.6630 gamma=1.000 (tau_u=1.393e-01 tau_v=1.501e-01 |Du|=8.71e+00 |DRu|=3.81e+01)
  [PT] w_u=7.8344 w_v=6.8377 gamma=1.000 (tau_u=1.276e-01 tau_v=1.462e-01 |Du|=5.18e+00 |DRu|=3.45e+01)
  [PT] w_u=8.5015 w_v=6.9902 gamma=1.000 (tau_u=1.176e-01 tau_v=1.431e-01 |Du|=6.73e+00 |DRu|=4.06e+01)
  [PT] w_u=8.9886 w_v=7.2082 gamma=1.000 (tau_u=1.113e-01 tau_v=1.387e-01 |Du|=9.64e+00 |DRu|=4.15e+01)
  [PT] w_u=9.1031 w_v=7.6261 gamma=1.000 (tau_u=1.099e-01 tau_v=1.311e-01 |Du|=1.14e+01 |DRu|=3.64e+01)
  [PT] w_u=8.9888 w_v=8.0013 gamma=1.000 (tau_u=1.112e-01 tau_v=1.250e-01 |Du|=1.05e+01 |DRu|=2.99e+01)
  [PT] w_u=9.1744 w_v=7.9832 gamma=1.000 (tau_u=1.090e-01 tau_v=1.253e-01 |Du|=8.14e+00 |DRu|=2.73e+01)
  [PT] w_u=9.5203 w_v=7.7697 gamma=1.000 (tau_u=1.050e-01 tau_v=1.287e-01 |Du|=5.76e+00 |DRu|=2.19e+01)
  [PT] w_u=9.2378 w_v=7.7901 gamma=1.000 (tau_u=1.083e-01 tau_v=1.284e-01 |Du|=7.83e+00 |DRu|=2.11e+01)
  [PT] w_u=9.0190 w_v=8.1792 gamma=1.000 (tau_u=1.109e-01 tau_v=1.223e-01 |Du|=1.01e+01 |DRu|=2.76e+01)
  [PT] w_u=8.7742 w_v=8.6202 gamma=1.000 (tau_u=1.140e-01 tau_v=1.160e-01 |Du|=7.59e+00 |DRu|=2.01e+01)
  [PT] w_u=8.0585 w_v=8.8693 gamma=1.000 (tau_u=1.241e-01 tau_v=1.127e-01 |Du|=5.65e+00 |DRu|=1.22e+01)
  [PT] w_u=8.2815 w_v=9.0995 gamma=1.000 (tau_u=1.208e-01 tau_v=1.099e-01 |Du|=6.35e+00 |DRu|=2.11e+01)
  [PT] w_u=8.5381 w_v=9.2613 gamma=1.000 (tau_u=1.171e-01 tau_v=1.080e-01 |Du|=8.42e+00 |DRu|=2.90e+01)
  [PT] w_u=8.4388 w_v=9.3353 gamma=1.000 (tau_u=1.185e-01 tau_v=1.071e-01 |Du|=5.41e+00 |DRu|=1.49e+01)
  [PT] w_u=9.0016 w_v=10.1130 gamma=0.999 (tau_u=1.111e-01 tau_v=9.888e-02 |Du|=3.13e+00 |DRu|=1.48e+01)
  [PT] w_u=9.7306 w_v=9.8487 gamma=0.999 (tau_u=1.028e-01 tau_v=1.015e-01 |Du|=2.50e+00 |DRu|=1.50e+01)
  [PT] w_u=9.7572 w_v=9.3665 gamma=1.000 (tau_u=1.025e-01 tau_v=1.068e-01 |Du|=3.00e+00 |DRu|=9.49e+00)
  [PT] w_u=10.3472 w_v=9.9618 gamma=1.000 (tau_u=9.664e-02 tau_v=1.004e-01 |Du|=5.56e+00 |DRu|=2.65e+01)
[Adam] ep=   40  total=2.666e+00  PDE=3.806e-02 [colloc=3.517e-02, cfd=2.887e-03] (w=1.447)  IN=8.006e-01 (w=1.545)  TB=8.584e-01 (w=1.592)  WALL=1.742e-15 (w=0.200)  OUT=2.267e-02 (w=0.298)  DATA=3.467e-01 (w=0.000)  DATA_P=0.000e+00 (w=1.000)
  [PT] w_u=11.1215 w_v=10.5248 gamma=1.000 (tau_u=8.992e-02 tau_v=9.501e-02 |Du|=1.79e+00 |DRu|=1.05e+01)
  [PT] w_u=11.2749 w_v=10.3100 gamma=1.000 (tau_u=8.869e-02 tau_v=9.699e-02 |Du|=3.12e+00 |DRu|=1.12e+01)
  [PT] w_u=11.5325 w_v=10.5364 gamma=1.000 (tau_u=8.671e-02 tau_v=9.491e-02 |Du|=6.33e+00 |DRu|=2.41e+01)
  [PT] w_u=9.5413 w_v=10.1749 gamma=0.999 (tau_u=1.048e-01 tau_v=9.828e-02 |Du|=6.86e+00 |DRu|=1.33e+01)
  [PT] w_u=8.6247 w_v=10.1231 gamma=0.999 (tau_u=1.159e-01 tau_v=9.878e-02 |Du|=8.52e+00 |DRu|=1.83e+01)
  [PT] w_u=7.3887 w_v=9.3055 gamma=1.000 (tau_u=1.353e-01 tau_v=1.075e-01 |Du|=6.56e+00 |DRu|=1.18e+01)
  [PT] w_u=7.7853 w_v=9.4493 gamma=1.000 (tau_u=1.284e-01 tau_v=1.058e-01 |Du|=4.42e+00 |DRu|=1.71e+01)
  [PT] w_u=8.0459 w_v=9.1081 gamma=1.000 (tau_u=1.243e-01 tau_v=1.098e-01 |Du|=3.05e+00 |DRu|=1.03e+01)
  [PT] w_u=8.5284 w_v=9.7378 gamma=1.000 (tau_u=1.173e-01 tau_v=1.027e-01 |Du|=4.92e+00 |DRu|=2.12e+01)
  [PT] w_u=7.2085 w_v=8.4808 gamma=1.000 (tau_u=1.387e-01 tau_v=1.179e-01 |Du|=3.90e+00 |DRu|=6.77e+00)
  [PT] w_u=7.6238 w_v=8.5292 gamma=1.000 (tau_u=1.312e-01 tau_v=1.172e-01 |Du|=7.12e+00 |DRu|=2.83e+01)
  [PT] w_u=6.8463 w_v=7.8577 gamma=1.000 (tau_u=1.461e-01 tau_v=1.273e-01 |Du|=4.91e+00 |DRu|=9.29e+00)
  [PT] w_u=7.3626 w_v=8.4806 gamma=1.000 (tau_u=1.358e-01 tau_v=1.179e-01 |Du|=6.70e+00 |DRu|=3.21e+01)
  [PT] w_u=7.4210 w_v=8.9213 gamma=1.000 (tau_u=1.348e-01 tau_v=1.121e-01 |Du|=3.85e+00 |DRu|=1.09e+01)
  [PT] w_u=7.9373 w_v=9.6350 gamma=0.994 (tau_u=1.260e-01 tau_v=1.038e-01 |Du|=6.56e+00 |DRu|=3.01e+01)
  [PT] w_u=3.2448 w_v=9.5360 gamma=0.996 (tau_u=3.082e-01 tau_v=1.049e-01 |Du|=4.08e+00 |DRu|=2.91e+00)
  [PT] w_u=3.4548 w_v=10.2374 gamma=1.000 (tau_u=2.895e-01 tau_v=9.768e-02 |Du|=1.18e+01 |DRu|=3.40e+01)
  [PT] w_u=3.4174 w_v=10.8191 gamma=1.000 (tau_u=2.926e-01 tau_v=9.243e-02 |Du|=8.46e+00 |DRu|=1.49e+01)
  [PT] w_u=3.7514 w_v=11.6483 gamma=1.000 (tau_u=2.666e-01 tau_v=8.585e-02 |Du|=7.38e+00 |DRu|=4.12e+01)
  [PT] w_u=4.0118 w_v=10.6931 gamma=1.000 (tau_u=2.493e-01 tau_v=9.352e-02 |Du|=3.47e+00 |DRu|=1.14e+01)
[Adam] ep=   60  total=1.375e+00  PDE=1.174e-01 [colloc=1.134e-01, cfd=3.968e-03] (w=1.019)  IN=2.879e-01 (w=1.550)  TB=4.636e-01 (w=1.739)  WALL=2.189e-15 (w=0.200)  OUT=1.138e-02 (w=0.238)  DATA=1.389e-01 (w=0.000)  DATA_P=0.000e+00 (w=1.000)
  [PT] w_u=4.3946 w_v=11.1725 gamma=1.000 (tau_u=2.276e-01 tau_v=8.951e-02 |Du|=7.49e+00 |DRu|=4.18e+01)
  [PT] w_u=4.5391 w_v=10.4683 gamma=1.000 (tau_u=2.203e-01 tau_v=9.553e-02 |Du|=2.58e+00 |DRu|=6.56e+00)
  [PT] w_u=4.9739 w_v=10.7900 gamma=1.000 (tau_u=2.010e-01 tau_v=9.268e-02 |Du|=6.83e+00 |DRu|=4.10e+01)
  [PT] w_u=5.1379 w_v=10.2003 gamma=1.000 (tau_u=1.946e-01 tau_v=9.804e-02 |Du|=5.05e+00 |DRu|=1.36e+01)
  [PT] w_u=5.6054 w_v=10.9493 gamma=1.000 (tau_u=1.784e-01 tau_v=9.133e-02 |Du|=9.92e+00 |DRu|=5.52e+01)
  [PT] w_u=5.7799 w_v=11.0574 gamma=1.000 (tau_u=1.730e-01 tau_v=9.044e-02 |Du|=4.91e+00 |DRu|=1.39e+01)
  [PT] w_u=6.2145 w_v=11.7920 gamma=1.000 (tau_u=1.609e-01 tau_v=8.480e-02 |Du|=9.56e+00 |DRu|=4.19e+01)
  [PT] w_u=6.6361 w_v=12.2673 gamma=1.000 (tau_u=1.507e-01 tau_v=8.152e-02 |Du|=1.12e+01 |DRu|=4.61e+01)
  [PT] w_u=6.4706 w_v=10.7765 gamma=1.000 (tau_u=1.545e-01 tau_v=9.279e-02 |Du|=6.99e+00 |DRu|=1.61e+01)
  [PT] w_u=7.0151 w_v=11.4901 gamma=1.000 (tau_u=1.426e-01 tau_v=8.703e-02 |Du|=1.00e+01 |DRu|=5.40e+01)
  [PT] w_u=7.2935 w_v=10.7121 gamma=1.000 (tau_u=1.371e-01 tau_v=9.335e-02 |Du|=2.25e+00 |DRu|=7.56e+00)
  [PT] w_u=7.8757 w_v=11.0496 gamma=1.000 (tau_u=1.270e-01 tau_v=9.050e-02 |Du|=1.04e+01 |DRu|=5.50e+01)
  [PT] w_u=7.8395 w_v=10.2402 gamma=1.000 (tau_u=1.276e-01 tau_v=9.765e-02 |Du|=5.34e+00 |DRu|=1.47e+01)
  [PT] w_u=8.4689 w_v=10.9954 gamma=1.000 (tau_u=1.181e-01 tau_v=9.095e-02 |Du|=9.84e+00 |DRu|=5.44e+01)
  [PT] w_u=8.1347 w_v=10.3194 gamma=1.000 (tau_u=1.229e-01 tau_v=9.690e-02 |Du|=1.93e+00 |DRu|=4.73e+00)
  [PT] w_u=8.7959 w_v=11.0995 gamma=1.000 (tau_u=1.137e-01 tau_v=9.009e-02 |Du|=8.36e+00 |DRu|=4.79e+01)
  [PT] w_u=8.3053 w_v=9.8193 gamma=1.000 (tau_u=1.204e-01 tau_v=1.018e-01 |Du|=7.53e+00 |DRu|=1.77e+01)
  [PT] w_u=8.8818 w_v=10.4690 gamma=1.000 (tau_u=1.126e-01 tau_v=9.552e-02 |Du|=1.26e+01 |DRu|=6.15e+01)
  [PT] w_u=8.1188 w_v=10.8642 gamma=1.000 (tau_u=1.232e-01 tau_v=9.205e-02 |Du|=4.97e+00 |DRu|=1.06e+01)
  [PT] w_u=8.7826 w_v=11.6131 gamma=1.000 (tau_u=1.139e-01 tau_v=8.611e-02 |Du|=9.73e+00 |DRu|=5.61e+01)
[Adam] ep=   80  total=8.707e-01  PDE=2.802e-01 [colloc=2.733e-01, cfd=6.914e-03] (w=1.703)  IN=6.983e-02 (w=1.303)  TB=1.790e-01 (w=1.685)  WALL=7.144e-15 (w=0.200)  OUT=2.622e-03 (w=0.369)  DATA=7.551e-02 (w=0.000)  DATA_P=0.000e+00 (w=1.000)
  [PT] w_u=8.5865 w_v=11.7148 gamma=1.000 (tau_u=1.165e-01 tau_v=8.536e-02 |Du|=1.57e+01 |DRu|=4.20e+01)
  [PT] w_u=8.4269 w_v=12.1614 gamma=1.000 (tau_u=1.187e-01 tau_v=8.223e-02 |Du|=1.41e+01 |DRu|=3.79e+01)
  [PT] w_u=9.0335 w_v=12.9412 gamma=1.000 (tau_u=1.107e-01 tau_v=7.727e-02 |Du|=9.74e+00 |DRu|=4.93e+01)
  [PT] w_u=8.3885 w_v=13.3322 gamma=1.000 (tau_u=1.192e-01 tau_v=7.501e-02 |Du|=5.61e+00 |DRu|=1.27e+01)
  [PT] w_u=8.9976 w_v=14.1699 gamma=1.000 (tau_u=1.111e-01 tau_v=7.057e-02 |Du|=1.15e+01 |DRu|=5.88e+01)
  [PT] w_u=8.5370 w_v=12.1034 gamma=1.000 (tau_u=1.171e-01 tau_v=8.262e-02 |Du|=3.64e+00 |DRu|=8.81e+00)
  [PT] w_u=9.2024 w_v=12.6922 gamma=1.000 (tau_u=1.087e-01 tau_v=7.879e-02 |Du|=9.35e+00 |DRu|=5.19e+01)
  [PT] w_u=9.4300 w_v=13.5126 gamma=1.000 (tau_u=1.060e-01 tau_v=7.401e-02 |Du|=2.30e+00 |DRu|=8.00e+00)
  [PT] w_u=10.1230 w_v=14.1821 gamma=1.000 (tau_u=9.878e-02 tau_v=7.051e-02 |Du|=1.09e+01 |DRu|=5.95e+01)
  [PT] w_u=9.7255 w_v=11.9036 gamma=1.000 (tau_u=1.028e-01 tau_v=8.401e-02 |Du|=2.56e+00 |DRu|=6.86e+00)
  [PT] w_u=10.4142 w_v=12.6702 gamma=1.000 (tau_u=9.602e-02 tau_v=7.893e-02 |Du|=9.40e+00 |DRu|=5.04e+01)
  [PT] w_u=9.6140 w_v=12.8228 gamma=1.000 (tau_u=1.040e-01 tau_v=7.799e-02 |Du|=1.87e+00 |DRu|=4.45e+00)
  [PT] w_u=10.2554 w_v=13.5536 gamma=1.000 (tau_u=9.751e-02 tau_v=7.378e-02 |Du|=1.00e+01 |DRu|=5.08e+01)
  [PT] w_u=10.4149 w_v=12.0553 gamma=1.000 (tau_u=9.602e-02 tau_v=8.295e-02 |Du|=2.78e+00 |DRu|=9.66e+00)
  [PT] w_u=11.1742 w_v=12.7373 gamma=1.000 (tau_u=8.949e-02 tau_v=7.851e-02 |Du|=1.01e+01 |DRu|=5.77e+01)
  [PT] w_u=9.7456 w_v=11.9853 gamma=1.000 (tau_u=1.026e-01 tau_v=8.344e-02 |Du|=1.10e+00 |DRu|=2.34e+00)
  [PT] w_u=10.4690 w_v=12.6438 gamma=1.000 (tau_u=9.552e-02 tau_v=7.909e-02 |Du|=9.55e+00 |DRu|=5.36e+01)
  [PT] w_u=10.0470 w_v=11.0724 gamma=1.000 (tau_u=9.953e-02 tau_v=9.031e-02 |Du|=2.50e+00 |DRu|=6.78e+00)
  [PT] w_u=10.7620 w_v=11.8399 gamma=1.000 (tau_u=9.292e-02 tau_v=8.446e-02 |Du|=9.72e+00 |DRu|=5.32e+01)
  [PT] w_u=9.8572 w_v=11.4045 gamma=1.000 (tau_u=1.014e-01 tau_v=8.768e-02 |Du|=1.53e+00 |DRu|=3.63e+00)
[Adam] ep=  100  total=4.312e-01  PDE=8.169e-02 [colloc=7.557e-02, cfd=6.119e-03] (w=1.892)  IN=6.530e-02 (w=1.167)  TB=1.236e-01 (w=1.609)  WALL=1.833e-15 (w=0.200)  OUT=4.640e-03 (w=0.345)  DATA=8.059e-02 (w=0.000)  DATA_P=0.000e+00 (w=1.000)
  [PT] w_u=10.5894 w_v=12.2009 gamma=1.000 (tau_u=9.443e-02 tau_v=8.196e-02 |Du|=9.14e+00 |DRu|=5.17e+01)
  [PT] w_u=10.8641 w_v=10.6092 gamma=1.000 (tau_u=9.205e-02 tau_v=9.426e-02 |Du|=1.64e+00 |DRu|=6.19e+00)
  [PT] w_u=11.6308 w_v=11.2458 gamma=1.000 (tau_u=8.598e-02 tau_v=8.892e-02 |Du|=1.03e+01 |DRu|=5.83e+01)
  [PT] w_u=10.6299 w_v=10.5694 gamma=1.000 (tau_u=9.407e-02 tau_v=9.461e-02 |Du|=2.04e+00 |DRu|=5.00e+00)
  [PT] w_u=11.3650 w_v=11.2874 gamma=1.000 (tau_u=8.799e-02 tau_v=8.859e-02 |Du|=9.51e+00 |DRu|=5.22e+01)
  [PT] w_u=10.7231 w_v=10.3214 gamma=1.000 (tau_u=9.326e-02 tau_v=9.689e-02 |Du|=1.43e+00 |DRu|=3.81e+00)
  [PT] w_u=11.4219 w_v=11.0814 gamma=1.000 (tau_u=8.755e-02 tau_v=9.024e-02 |Du|=9.61e+00 |DRu|=5.05e+01)
  [PT] w_u=10.2575 w_v=10.3422 gamma=1.000 (tau_u=9.749e-02 tau_v=9.669e-02 |Du|=3.11e+00 |DRu|=7.18e+00)
  [PT] w_u=10.9569 w_v=11.0455 gamma=1.000 (tau_u=9.127e-02 tau_v=9.053e-02 |Du|=9.59e+00 |DRu|=5.11e+01)
  [PT] w_u=11.3994 w_v=10.4312 gamma=1.000 (tau_u=8.772e-02 tau_v=9.587e-02 |Du|=9.36e-01 |DRu|=3.96e+00)
  [PT] w_u=12.1353 w_v=11.1011 gamma=1.000 (tau_u=8.240e-02 tau_v=9.008e-02 |Du|=9.64e+00 |DRu|=5.19e+01)
  [PT] w_u=10.9878 w_v=10.2992 gamma=1.000 (tau_u=9.101e-02 tau_v=9.709e-02 |Du|=2.81e+00 |DRu|=6.85e+00)
  [PT] w_u=11.7244 w_v=11.0527 gamma=1.000 (tau_u=8.529e-02 tau_v=9.048e-02 |Du|=9.41e+00 |DRu|=5.11e+01)
  [PT] w_u=8.9034 w_v=11.0510 gamma=1.000 (tau_u=1.123e-01 tau_v=9.049e-02 |Du|=1.52e+00 |DRu|=2.55e+00)
  [PT] w_u=9.5516 w_v=11.8187 gamma=1.000 (tau_u=1.047e-01 tau_v=8.461e-02 |Du|=9.33e+00 |DRu|=4.91e+01)
  [PT] w_u=9.2730 w_v=11.4105 gamma=1.000 (tau_u=1.078e-01 tau_v=8.764e-02 |Du|=3.25e+00 |DRu|=8.80e+00)
  [PT] w_u=9.9869 w_v=12.1601 gamma=1.000 (tau_u=1.001e-01 tau_v=8.224e-02 |Du|=9.16e+00 |DRu|=5.22e+01)
  [PT] w_u=9.9401 w_v=11.1048 gamma=1.000 (tau_u=1.006e-01 tau_v=9.005e-02 |Du|=4.54e-01 |DRu|=1.40e+00)
  [PT] w_u=10.6481 w_v=11.8091 gamma=1.000 (tau_u=9.391e-02 tau_v=8.468e-02 |Du|=8.94e+00 |DRu|=4.87e+01)
  [PT] w_u=9.7527 w_v=11.2884 gamma=1.000 (tau_u=1.025e-01 tau_v=8.859e-02 |Du|=2.78e+00 |DRu|=6.55e+00)
[Adam] ep=  120  total=3.659e-01  PDE=5.078e-02 [colloc=4.657e-02, cfd=4.206e-03] (w=1.783)  IN=7.737e-02 (w=1.205)  TB=1.173e-01 (w=1.549)  WALL=1.391e-15 (w=0.200)  OUT=1.273e-03 (w=0.218)  DATA=9.121e-02 (w=0.000)  DATA_P=0.000e+00 (w=1.000)
  [PT] w_u=10.4568 w_v=12.0679 gamma=1.000 (tau_u=9.563e-02 tau_v=8.286e-02 |Du|=9.42e+00 |DRu|=5.15e+01)
  [PT] w_u=10.6125 w_v=11.3637 gamma=1.000 (tau_u=9.423e-02 tau_v=8.800e-02 |Du|=8.42e-01 |DRu|=2.95e+00)
  [PT] w_u=11.3639 w_v=12.1332 gamma=1.000 (tau_u=8.800e-02 tau_v=8.242e-02 |Du|=8.70e+00 |DRu|=4.87e+01)
  [PT] w_u=10.1640 w_v=11.3605 gamma=1.000 (tau_u=9.839e-02 tau_v=8.802e-02 |Du|=2.82e+00 |DRu|=6.44e+00)
  [PT] w_u=10.8631 w_v=12.0064 gamma=1.000 (tau_u=9.205e-02 tau_v=8.329e-02 |Du|=9.54e+00 |DRu|=5.10e+01)
  [PT] w_u=9.7113 w_v=11.1268 gamma=1.000 (tau_u=1.030e-01 tau_v=8.987e-02 |Du|=1.87e+00 |DRu|=4.16e+00)
  [PT] w_u=10.4436 w_v=11.9019 gamma=1.000 (tau_u=9.575e-02 tau_v=8.402e-02 |Du|=8.64e+00 |DRu|=4.93e+01)
  [PT] w_u=9.3026 w_v=10.7634 gamma=1.000 (tau_u=1.075e-01 tau_v=9.291e-02 |Du|=2.47e+00 |DRu|=5.35e+00)
  [PT] w_u=9.9683 w_v=11.5429 gamma=1.000 (tau_u=1.003e-01 tau_v=8.663e-02 |Du|=8.97e+00 |DRu|=4.75e+01)
  [PT] w_u=9.6454 w_v=10.1871 gamma=1.000 (tau_u=1.037e-01 tau_v=9.816e-02 |Du|=2.23e+00 |DRu|=6.09e+00)
  [PT] w_u=10.3709 w_v=10.9035 gamma=1.000 (tau_u=9.642e-02 tau_v=9.171e-02 |Du|=8.74e+00 |DRu|=4.95e+01)
  [PT] w_u=10.0378 w_v=10.0210 gamma=1.000 (tau_u=9.962e-02 tau_v=9.979e-02 |Du|=2.17e+00 |DRu|=6.06e+00)
  [PT] w_u=10.7557 w_v=10.6130 gamma=1.000 (tau_u=9.297e-02 tau_v=9.422e-02 |Du|=9.36e+00 |DRu|=5.14e+01)
  [PT] w_u=9.5743 w_v=9.7162 gamma=1.000 (tau_u=1.044e-01 tau_v=1.029e-01 |Du|=2.94e+00 |DRu|=6.44e+00)
  [PT] w_u=10.3101 w_v=10.4673 gamma=1.000 (tau_u=9.699e-02 tau_v=9.554e-02 |Du|=8.65e+00 |DRu|=5.00e+01)
  [PT] w_u=9.9454 w_v=9.3332 gamma=1.000 (tau_u=1.005e-01 tau_v=1.071e-01 |Du|=2.00e+00 |DRu|=5.50e+00)
  [PT] w_u=10.6290 w_v=10.0296 gamma=1.000 (tau_u=9.408e-02 tau_v=9.970e-02 |Du|=8.49e+00 |DRu|=4.48e+01)
  [PT] w_u=10.5372 w_v=9.5182 gamma=1.000 (tau_u=9.490e-02 tau_v=1.051e-01 |Du|=2.92e+00 |DRu|=9.13e+00)
  [PT] w_u=11.3149 w_v=10.2280 gamma=1.000 (tau_u=8.838e-02 tau_v=9.777e-02 |Du|=8.98e+00 |DRu|=5.21e+01)
  [PT] w_u=11.0599 w_v=9.1980 gamma=1.000 (tau_u=9.042e-02 tau_v=1.087e-01 |Du|=1.08e+00 |DRu|=3.27e+00)
[Adam] ep=  140  total=4.068e-01  PDE=8.963e-02 [colloc=8.642e-02, cfd=3.207e-03] (w=1.709)  IN=7.360e-02 (w=1.247)  TB=1.071e-01 (w=1.509)  WALL=2.168e-15 (w=0.200)  OUT=1.147e-03 (w=0.200)  DATA=8.779e-02 (w=0.000)  DATA_P=0.000e+00 (w=1.000)
  [PT] w_u=11.8290 w_v=9.8151 gamma=1.000 (tau_u=8.454e-02 tau_v=1.019e-01 |Du|=8.63e+00 |DRu|=4.86e+01)
  [PT] w_u=10.5095 w_v=9.1855 gamma=0.999 (tau_u=9.515e-02 tau_v=1.089e-01 |Du|=2.57e+00 |DRu|=5.89e+00)
  [PT] w_u=11.2580 w_v=9.9023 gamma=1.000 (tau_u=8.883e-02 tau_v=1.010e-01 |Du|=8.47e+00 |DRu|=4.74e+01)
  [PT] w_u=11.3873 w_v=10.3894 gamma=1.000 (tau_u=8.782e-02 tau_v=9.625e-02 |Du|=4.14e-01 |DRu|=1.48e+00)
  [PT] w_u=12.1565 w_v=11.1468 gamma=0.999 (tau_u=8.226e-02 tau_v=8.971e-02 |Du|=8.51e+00 |DRu|=4.73e+01)
  [PT] w_u=11.6517 w_v=9.8860 gamma=0.995 (tau_u=8.582e-02 tau_v=1.012e-01 |Du|=1.89e+00 |DRu|=5.50e+00)
  [PT] w_u=12.3880 w_v=10.5315 gamma=1.000 (tau_u=8.072e-02 tau_v=9.495e-02 |Du|=8.62e+00 |DRu|=4.62e+01)
  [PT] w_u=13.1302 w_v=11.3089 gamma=1.000 (tau_u=7.616e-02 tau_v=8.843e-02 |Du|=4.14e-01 |DRu|=2.21e+00)
  [PT] w_u=13.8982 w_v=12.0259 gamma=0.997 (tau_u=7.195e-02 tau_v=8.315e-02 |Du|=8.56e+00 |DRu|=4.63e+01)
  [PT] w_u=11.7116 w_v=10.6480 gamma=0.993 (tau_u=8.539e-02 tau_v=9.391e-02 |Du|=1.85e+00 |DRu|=4.07e+00)
  [PT] w_u=12.4435 w_v=11.3825 gamma=1.000 (tau_u=8.036e-02 tau_v=8.785e-02 |Du|=8.51e+00 |DRu|=4.54e+01)
  [PT] w_u=12.7226 w_v=11.0452 gamma=1.000 (tau_u=7.860e-02 tau_v=9.054e-02 |Du|=6.63e-01 |DRu|=2.65e+00)
  [PT] w_u=13.4849 w_v=11.7608 gamma=0.997 (tau_u=7.416e-02 tau_v=8.503e-02 |Du|=8.50e+00 |DRu|=4.59e+01)
  [PT] w_u=12.7813 w_v=10.5203 gamma=0.991 (tau_u=7.824e-02 tau_v=9.505e-02 |Du|=1.62e+00 |DRu|=4.75e+00)
  [PT] w_u=13.5647 w_v=11.1677 gamma=1.000 (tau_u=7.372e-02 tau_v=8.954e-02 |Du|=8.68e+00 |DRu|=4.78e+01)
  [PT] w_u=12.8903 w_v=10.3485 gamma=1.000 (tau_u=7.758e-02 tau_v=9.663e-02 |Du|=8.12e-01 |DRu|=2.42e+00)
  [PT] w_u=13.6620 w_v=11.0452 gamma=0.996 (tau_u=7.320e-02 tau_v=9.054e-02 |Du|=8.44e+00 |DRu|=4.58e+01)
  [PT] w_u=12.4292 w_v=9.8276 gamma=0.992 (tau_u=8.046e-02 tau_v=1.018e-01 |Du|=2.58e+00 |DRu|=6.72e+00)
  [PT] w_u=13.1506 w_v=10.5364 gamma=1.000 (tau_u=7.604e-02 tau_v=9.491e-02 |Du|=8.58e+00 |DRu|=4.50e+01)
  [PT] w_u=13.5908 w_v=10.0567 gamma=1.000 (tau_u=7.358e-02 tau_v=9.944e-02 |Du|=9.14e-01 |DRu|=4.03e+00)
[Adam] ep=  160  total=3.900e-01  PDE=8.691e-02 [colloc=8.405e-02, cfd=2.857e-03] (w=1.690)  IN=7.991e-02 (w=1.274)  TB=9.694e-02 (w=1.455)  WALL=2.033e-15 (w=0.200)  OUT=1.142e-03 (w=0.200)  DATA=9.932e-02 (w=0.000)  DATA_P=0.000e+00 (w=1.000)
  [PT] w_u=14.3499 w_v=10.7482 gamma=1.000 (tau_u=6.969e-02 tau_v=9.304e-02 |Du|=8.68e+00 |DRu|=4.66e+01)
  [PT] w_u=13.8700 w_v=9.4789 gamma=0.996 (tau_u=7.210e-02 tau_v=1.055e-01 |Du|=2.17e+00 |DRu|=7.08e+00)
  [PT] w_u=14.6342 w_v=10.0141 gamma=1.000 (tau_u=6.833e-02 tau_v=9.986e-02 |Du|=8.87e+00 |DRu|=4.78e+01)
  [PT] w_u=13.7455 w_v=9.3210 gamma=1.000 (tau_u=7.275e-02 tau_v=1.073e-01 |Du|=1.56e+00 |DRu|=4.65e+00)
  [PT] w_u=14.5525 w_v=9.9904 gamma=1.000 (tau_u=6.872e-02 tau_v=1.001e-01 |Du|=8.60e+00 |DRu|=4.78e+01)
  [PT] w_u=13.5511 w_v=9.0370 gamma=1.000 (tau_u=7.379e-02 tau_v=1.107e-01 |Du|=2.88e+00 |DRu|=8.33e+00)
  [PT] w_u=14.1633 w_v=9.6727 gamma=1.000 (tau_u=7.060e-02 tau_v=1.034e-01 |Du|=8.73e+00 |DRu|=4.26e+01)
  [PT] w_u=13.1102 w_v=9.1958 gamma=1.000 (tau_u=7.628e-02 tau_v=1.087e-01 |Du|=2.14e+00 |DRu|=6.00e+00)
  [PT] w_u=13.8630 w_v=9.8790 gamma=1.000 (tau_u=7.213e-02 tau_v=1.012e-01 |Du|=8.44e+00 |DRu|=4.52e+01)
  [PT] w_u=12.7446 w_v=9.1080 gamma=1.000 (tau_u=7.846e-02 tau_v=1.098e-01 |Du|=2.70e+00 |DRu|=7.33e+00)
  [PT] w_u=13.5340 w_v=9.7063 gamma=1.000 (tau_u=7.389e-02 tau_v=1.030e-01 |Du|=8.66e+00 |DRu|=4.79e+01)
  [PT] w_u=12.3983 w_v=8.7898 gamma=1.000 (tau_u=8.066e-02 tau_v=1.138e-01 |Du|=1.62e+00 |DRu|=4.30e+00)
  [PT] w_u=13.1919 w_v=9.4527 gamma=1.000 (tau_u=7.580e-02 tau_v=1.058e-01 |Du|=8.25e+00 |DRu|=4.60e+01)
  [PT] w_u=11.0627 w_v=8.8501 gamma=1.000 (tau_u=9.039e-02 tau_v=1.130e-01 |Du|=2.84e+00 |DRu|=6.03e+00)
  [PT] w_u=11.7541 w_v=9.5456 gamma=1.000 (tau_u=8.508e-02 tau_v=1.048e-01 |Du|=8.56e+00 |DRu|=4.44e+01)
  [PT] w_u=11.4691 w_v=9.0631 gamma=1.000 (tau_u=8.719e-02 tau_v=1.103e-01 |Du|=2.15e+00 |DRu|=6.59e+00)
  [PT] w_u=12.2740 w_v=9.7670 gamma=1.000 (tau_u=8.147e-02 tau_v=1.024e-01 |Du|=8.04e+00 |DRu|=4.64e+01)
  [PT] w_u=10.5880 w_v=9.2611 gamma=1.000 (tau_u=9.445e-02 tau_v=1.080e-01 |Du|=2.57e+00 |DRu|=5.59e+00)
  [PT] w_u=11.3475 w_v=9.8994 gamma=1.000 (tau_u=8.812e-02 tau_v=1.010e-01 |Du|=8.40e+00 |DRu|=4.75e+01)
  [PT] w_u=10.8639 w_v=9.0443 gamma=1.000 (tau_u=9.205e-02 tau_v=1.106e-01 |Du|=1.45e+00 |DRu|=4.08e+00)
[Adam] ep=  180  total=3.027e-01  PDE=4.826e-02 [colloc=4.591e-02, cfd=2.344e-03] (w=1.605)  IN=7.555e-02 (w=1.308)  TB=8.894e-02 (w=1.420)  WALL=1.171e-15 (w=0.200)  OUT=1.169e-03 (w=0.200)  DATA=9.539e-02 (w=0.000)  DATA_P=0.000e+00 (w=1.000)
  [PT] w_u=11.6558 w_v=9.7557 gamma=1.000 (tau_u=8.579e-02 tau_v=1.025e-01 |Du|=7.97e+00 |DRu|=4.64e+01)
  [PT] w_u=9.9512 w_v=9.5905 gamma=1.000 (tau_u=1.005e-01 tau_v=1.043e-01 |Du|=2.27e+00 |DRu|=4.71e+00)
  [PT] w_u=10.6588 w_v=10.3314 gamma=1.000 (tau_u=9.382e-02 tau_v=9.679e-02 |Du|=8.33e+00 |DRu|=4.53e+01)
  [PT] w_u=10.5256 w_v=9.5595 gamma=1.000 (tau_u=9.501e-02 tau_v=1.046e-01 |Du|=1.46e+00 |DRu|=4.48e+00)
  [PT] w_u=11.2885 w_v=10.2799 gamma=1.000 (tau_u=8.859e-02 tau_v=9.728e-02 |Du|=8.16e+00 |DRu|=4.65e+01)
  [PT] w_u=10.0145 w_v=10.2579 gamma=1.000 (tau_u=9.985e-02 tau_v=9.749e-02 |Du|=1.97e+00 |DRu|=4.40e+00)
  [PT] w_u=10.7575 w_v=10.9626 gamma=1.000 (tau_u=9.296e-02 tau_v=9.122e-02 |Du|=8.25e+00 |DRu|=4.70e+01)
  [PT] w_u=10.2533 w_v=9.9983 gamma=1.000 (tau_u=9.753e-02 tau_v=1.000e-01 |Du|=8.77e-01 |DRu|=2.36e+00)
  [PT] w_u=11.0072 w_v=10.7362 gamma=1.000 (tau_u=9.085e-02 tau_v=9.314e-02 |Du|=8.21e+00 |DRu|=4.69e+01)
  [PT] w_u=9.9177 w_v=11.1125 gamma=1.000 (tau_u=1.008e-01 tau_v=8.999e-02 |Du|=1.46e+00 |DRu|=3.34e+00)
  [PT] w_u=10.6317 w_v=11.8925 gamma=1.000 (tau_u=9.406e-02 tau_v=8.409e-02 |Du|=8.32e+00 |DRu|=4.57e+01)
  [PT] w_u=11.1117 w_v=11.2816 gamma=1.000 (tau_u=9.000e-02 tau_v=8.864e-02 |Du|=5.98e-01 |DRu|=2.59e+00)
  [PT] w_u=11.8506 w_v=12.0233 gamma=1.000 (tau_u=8.438e-02 tau_v=8.317e-02 |Du|=8.43e+00 |DRu|=4.58e+01)
  [PT] w_u=11.1946 w_v=12.1944 gamma=1.000 (tau_u=8.933e-02 tau_v=8.201e-02 |Du|=9.61e-01 |DRu|=2.63e+00)
  [PT] w_u=11.9515 w_v=12.9081 gamma=1.000 (tau_u=8.367e-02 tau_v=7.747e-02 |Du|=8.18e+00 |DRu|=4.52e+01)
  [PT] w_u=11.3584 w_v=11.4369 gamma=1.000 (tau_u=8.804e-02 tau_v=8.744e-02 |Du|=1.08e+00 |DRu|=3.02e+00)
  [PT] w_u=12.1067 w_v=12.1777 gamma=1.000 (tau_u=8.260e-02 tau_v=8.212e-02 |Du|=8.14e+00 |DRu|=4.44e+01)
  [PT] w_u=11.3921 w_v=11.8596 gamma=1.000 (tau_u=8.778e-02 tau_v=8.432e-02 |Du|=9.48e-01 |DRu|=2.59e+00)
  [PT] w_u=12.1315 w_v=12.6074 gamma=1.000 (tau_u=8.243e-02 tau_v=7.932e-02 |Du|=8.08e+00 |DRu|=4.36e+01)
  [PT] w_u=12.3850 w_v=11.6245 gamma=1.000 (tau_u=8.074e-02 tau_v=8.603e-02 |Du|=6.99e-01 |DRu|=2.73e+00)
[Adam] ep=  200  total=2.753e-01  PDE=4.371e-02 [colloc=4.149e-02, cfd=2.220e-03] (w=1.554)  IN=7.388e-02 (w=1.317)  TB=7.899e-02 (w=1.391)  WALL=1.118e-15 (w=0.200)  OUT=1.285e-03 (w=0.200)  DATA=1.014e-01 (w=0.000)  DATA_P=0.000e+00 (w=1.000)
  [PT] w_u=13.1171 w_v=12.3057 gamma=1.000 (tau_u=7.624e-02 tau_v=8.126e-02 |Du|=8.30e+00 |DRu|=4.39e+01)
  [PT] w_u=13.7954 w_v=12.1937 gamma=1.000 (tau_u=7.249e-02 tau_v=8.201e-02 |Du|=4.89e-01 |DRu|=2.48e+00)
  [PT] w_u=14.5367 w_v=12.8698 gamma=1.000 (tau_u=6.879e-02 tau_v=7.770e-02 |Du|=8.28e+00 |DRu|=4.39e+01)
  [PT] w_u=13.5859 w_v=11.4344 gamma=1.000 (tau_u=7.361e-02 tau_v=8.746e-02 |Du|=7.44e-01 |DRu|=2.18e+00)
  [PT] w_u=14.2933 w_v=12.1253 gamma=1.000 (tau_u=6.996e-02 tau_v=8.247e-02 |Du|=8.16e+00 |DRu|=4.23e+01)
  [PT] w_u=13.7805 w_v=12.6748 gamma=1.000 (tau_u=7.257e-02 tau_v=7.890e-02 |Du|=7.56e-01 |DRu|=2.44e+00)
  [PT] w_u=14.4204 w_v=13.3414 gamma=1.000 (tau_u=6.935e-02 tau_v=7.495e-02 |Du|=8.30e+00 |DRu|=4.13e+01)
  [PT] w_u=14.8400 w_v=12.8053 gamma=1.000 (tau_u=6.739e-02 tau_v=7.809e-02 |Du|=5.23e-01 |DRu|=2.34e+00)
  [PT] w_u=15.4821 w_v=13.4470 gamma=1.000 (tau_u=6.459e-02 tau_v=7.437e-02 |Du|=8.24e+00 |DRu|=4.15e+01)
  [PT] w_u=14.3460 w_v=13.3992 gamma=1.000 (tau_u=6.971e-02 tau_v=7.463e-02 |Du|=6.58e-01 |DRu|=1.93e+00)
  [PT] w_u=14.9976 w_v=14.0129 gamma=1.000 (tau_u=6.668e-02 tau_v=7.136e-02 |Du|=8.28e+00 |DRu|=4.17e+01)
  [PT] w_u=15.1321 w_v=13.4280 gamma=1.000 (tau_u=6.608e-02 tau_v=7.447e-02 |Du|=5.38e-01 |DRu|=2.18e+00)
  [PT] w_u=15.7801 w_v=14.0721 gamma=1.000 (tau_u=6.337e-02 tau_v=7.106e-02 |Du|=8.28e+00 |DRu|=4.20e+01)
  [PT] w_u=15.2277 w_v=13.4561 gamma=1.000 (tau_u=6.567e-02 tau_v=7.432e-02 |Du|=5.11e-01 |DRu|=1.74e+00)
  [PT] w_u=15.7993 w_v=14.0768 gamma=1.000 (tau_u=6.329e-02 tau_v=7.104e-02 |Du|=8.11e+00 |DRu|=3.96e+01)
  [PT] w_u=15.8470 w_v=14.1937 gamma=1.000 (tau_u=6.310e-02 tau_v=7.045e-02 |Du|=5.49e-01 |DRu|=2.21e+00)
  [PT] w_u=16.4357 w_v=14.8064 gamma=1.000 (tau_u=6.084e-02 tau_v=6.754e-02 |Du|=8.27e+00 |DRu|=4.11e+01)
  [PT] w_u=16.2256 w_v=13.9153 gamma=1.000 (tau_u=6.163e-02 tau_v=7.186e-02 |Du|=6.43e-01 |DRu|=2.45e+00)
  [PT] w_u=16.7866 w_v=14.5048 gamma=1.000 (tau_u=5.957e-02 tau_v=6.894e-02 |Du|=8.32e+00 |DRu|=4.11e+01)
  [PT] w_u=16.5880 w_v=14.2526 gamma=1.000 (tau_u=6.028e-02 tau_v=7.016e-02 |Du|=5.80e-01 |DRu|=2.24e+00)
[Adam] ep=  220  total=2.610e-01  PDE=3.855e-02 [colloc=3.645e-02, cfd=2.095e-03] (w=1.481)  IN=7.512e-02 (w=1.326)  TB=7.625e-02 (w=1.365)  WALL=9.738e-16 (w=0.200)  OUT=1.289e-03 (w=0.200)  DATA=1.024e-01 (w=0.000)  DATA_P=0.000e+00 (w=1.000)
  [PT] w_u=17.1123 w_v=14.7846 gamma=1.000 (tau_u=5.844e-02 tau_v=6.764e-02 |Du|=8.37e+00 |DRu|=4.09e+01)
  [PT] w_u=15.6763 w_v=13.8805 gamma=1.000 (tau_u=6.379e-02 tau_v=7.204e-02 |Du|=7.77e-01 |DRu|=2.32e+00)
  [PT] w_u=16.2717 w_v=14.5067 gamma=1.000 (tau_u=6.146e-02 tau_v=6.893e-02 |Du|=8.06e+00 |DRu|=4.01e+01)
  [PT] w_u=16.1029 w_v=14.1674 gamma=0.999 (tau_u=6.210e-02 tau_v=7.058e-02 |Du|=5.21e-01 |DRu|=2.00e+00)
  [PT] w_u=16.6567 w_v=14.7854 gamma=1.000 (tau_u=6.004e-02 tau_v=6.763e-02 |Du|=8.48e+00 |DRu|=4.17e+01)
  [PT] w_u=13.8152 w_v=14.6942 gamma=1.000 (tau_u=7.238e-02 tau_v=6.805e-02 |Du|=1.16e+00 |DRu|=2.70e+00)
  [PT] w_u=14.4292 w_v=15.2783 gamma=1.000 (tau_u=6.930e-02 tau_v=6.545e-02 |Du|=7.99e+00 |DRu|=3.92e+01)
  [PT] w_u=12.8720 w_v=14.7764 gamma=0.999 (tau_u=7.769e-02 tau_v=6.768e-02 |Du|=1.62e+00 |DRu|=4.14e+00)
  [PT] w_u=13.5232 w_v=15.4339 gamma=1.000 (tau_u=7.395e-02 tau_v=6.479e-02 |Du|=8.19e+00 |DRu|=4.08e+01)
  [PT] w_u=13.6254 w_v=14.2540 gamma=1.000 (tau_u=7.339e-02 tau_v=7.016e-02 |Du|=5.00e-01 |DRu|=1.91e+00)
  [PT] w_u=14.2736 w_v=14.8729 gamma=1.000 (tau_u=7.006e-02 tau_v=6.724e-02 |Du|=8.29e+00 |DRu|=4.14e+01)
  [PT] w_u=12.8543 w_v=14.8311 gamma=0.999 (tau_u=7.779e-02 tau_v=6.743e-02 |Du|=1.08e+00 |DRu|=2.82e+00)
  [PT] w_u=13.5479 w_v=15.4204 gamma=1.000 (tau_u=7.381e-02 tau_v=6.485e-02 |Du|=8.03e+00 |DRu|=4.12e+01)
  [PT] w_u=13.6275 w_v=13.9477 gamma=1.000 (tau_u=7.338e-02 tau_v=7.170e-02 |Du|=6.12e-01 |DRu|=2.32e+00)
  [PT] w_u=14.3229 w_v=14.6403 gamma=1.000 (tau_u=6.982e-02 tau_v=6.830e-02 |Du|=7.90e+00 |DRu|=4.06e+01)
  [PT] w_u=13.7825 w_v=12.4723 gamma=0.999 (tau_u=7.256e-02 tau_v=8.018e-02 |Du|=6.23e-01 |DRu|=2.00e+00)
  [PT] w_u=14.4390 w_v=13.1681 gamma=1.000 (tau_u=6.926e-02 tau_v=7.594e-02 |Du|=7.90e+00 |DRu|=3.97e+01)
  [PT] w_u=15.1629 w_v=12.2556 gamma=1.000 (tau_u=6.595e-02 tau_v=8.160e-02 |Du|=6.55e-01 |DRu|=3.44e+00)
  [PT] w_u=15.8175 w_v=12.9569 gamma=1.000 (tau_u=6.322e-02 tau_v=7.718e-02 |Du|=7.72e+00 |DRu|=3.93e+01)
  [PT] w_u=15.9632 w_v=11.3304 gamma=1.000 (tau_u=6.264e-02 tau_v=8.826e-02 |Du|=9.17e-01 |DRu|=3.83e+00)
[Adam] ep=  240  total=2.553e-01  PDE=3.984e-02 [colloc=3.778e-02, cfd=2.057e-03] (w=1.449)  IN=7.361e-02 (w=1.330)  TB=7.390e-02 (w=1.346)  WALL=8.816e-16 (w=0.200)  OUT=1.317e-03 (w=0.200)  DATA=1.033e-01 (w=0.000)  DATA_P=0.000e+00 (w=1.000)
  [PT] w_u=16.6126 w_v=11.9460 gamma=1.000 (tau_u=6.020e-02 tau_v=8.371e-02 |Du|=7.98e+00 |DRu|=4.08e+01)
  [PT] w_u=14.8389 w_v=12.3759 gamma=1.000 (tau_u=6.739e-02 tau_v=8.080e-02 |Du|=8.70e-01 |DRu|=2.39e+00)
  [PT] w_u=15.5066 w_v=13.0004 gamma=1.000 (tau_u=6.449e-02 tau_v=7.692e-02 |Du|=7.99e+00 |DRu|=4.08e+01)
  [PT] w_u=14.5946 w_v=11.3122 gamma=1.000 (tau_u=6.852e-02 tau_v=8.840e-02 |Du|=9.85e-01 |DRu|=3.04e+00)
  [PT] w_u=15.2982 w_v=12.0384 gamma=1.000 (tau_u=6.537e-02 tau_v=8.307e-02 |Du|=8.10e+00 |DRu|=4.21e+01)
  [PT] w_u=14.8623 w_v=11.7065 gamma=1.000 (tau_u=6.728e-02 tau_v=8.542e-02 |Du|=5.29e-01 |DRu|=1.82e+00)
  [PT] w_u=15.5119 w_v=12.4063 gamma=1.000 (tau_u=6.447e-02 tau_v=8.060e-02 |Du|=7.81e+00 |DRu|=3.95e+01)
  [PT] w_u=14.8347 w_v=11.3709 gamma=0.999 (tau_u=6.741e-02 tau_v=8.794e-02 |Du|=1.11e+00 |DRu|=3.61e+00)
  [PT] w_u=15.5329 w_v=12.0541 gamma=1.000 (tau_u=6.438e-02 tau_v=8.296e-02 |Du|=7.91e+00 |DRu|=4.11e+01)
  [PT] w_u=15.1033 w_v=12.4638 gamma=1.000 (tau_u=6.621e-02 tau_v=8.023e-02 |Du|=5.64e-01 |DRu|=1.96e+00)
  [PT] w_u=15.7932 w_v=13.1345 gamma=0.999 (tau_u=6.332e-02 tau_v=7.614e-02 |Du|=7.74e+00 |DRu|=4.01e+01)
  [PT] w_u=14.9948 w_v=11.5839 gamma=0.999 (tau_u=6.669e-02 tau_v=8.633e-02 |Du|=6.27e-01 |DRu|=2.01e+00)
  [PT] w_u=15.6245 w_v=12.2733 gamma=1.000 (tau_u=6.400e-02 tau_v=8.148e-02 |Du|=7.78e+00 |DRu|=3.90e+01)
  [PT] w_u=14.8284 w_v=12.8397 gamma=1.000 (tau_u=6.744e-02 tau_v=7.788e-02 |Du|=7.50e-01 |DRu|=2.39e+00)
  [PT] w_u=15.4629 w_v=13.5397 gamma=1.000 (tau_u=6.467e-02 tau_v=7.386e-02 |Du|=7.79e+00 |DRu|=3.91e+01)
  [PT] w_u=13.4954 w_v=12.4939 gamma=0.998 (tau_u=7.410e-02 tau_v=8.004e-02 |Du|=1.58e+00 |DRu|=3.95e+00)
  [PT] w_u=14.1773 w_v=13.1908 gamma=1.000 (tau_u=7.054e-02 tau_v=7.581e-02 |Du|=8.14e+00 |DRu|=4.15e+01)
  [PT] w_u=14.4581 w_v=12.7952 gamma=1.000 (tau_u=6.917e-02 tau_v=7.815e-02 |Du|=5.14e-01 |DRu|=2.16e+00)
  [PT] w_u=15.0958 w_v=13.4391 gamma=0.999 (tau_u=6.624e-02 tau_v=7.441e-02 |Du|=7.95e+00 |DRu|=3.98e+01)
  [PT] w_u=12.3717 w_v=12.6860 gamma=0.998 (tau_u=8.083e-02 tau_v=7.883e-02 |Du|=1.60e+00 |DRu|=3.47e+00)
[Adam] ep=  260  total=2.314e-01  PDE=3.097e-02 [colloc=2.898e-02, cfd=1.991e-03] (w=1.456)  IN=7.092e-02 (w=1.320)  TB=6.984e-02 (w=1.322)  WALL=7.209e-16 (w=0.200)  OUT=1.346e-03 (w=0.200)  DATA=1.071e-01 (w=0.000)  DATA_P=0.000e+00 (w=1.000)
  [PT] w_u=13.1176 w_v=13.4032 gamma=1.000 (tau_u=7.623e-02 tau_v=7.461e-02 |Du|=7.77e+00 |DRu|=4.16e+01)
  [PT] w_u=12.1364 w_v=11.8388 gamma=1.000 (tau_u=8.240e-02 tau_v=8.447e-02 |Du|=1.05e+00 |DRu|=2.82e+00)
  [PT] w_u=12.8750 w_v=12.5837 gamma=0.999 (tau_u=7.767e-02 tau_v=7.947e-02 |Du|=7.48e+00 |DRu|=3.99e+01)
  [PT] w_u=11.7023 w_v=11.6909 gamma=0.998 (tau_u=8.545e-02 tau_v=8.554e-02 |Du|=9.16e-01 |DRu|=2.32e+00)
  [PT] w_u=12.4316 w_v=12.4456 gamma=1.000 (tau_u=8.044e-02 tau_v=8.035e-02 |Du|=7.52e+00 |DRu|=4.00e+01)
  [PT] w_u=12.3683 w_v=11.6593 gamma=1.000 (tau_u=8.085e-02 tau_v=8.577e-02 |Du|=8.20e-01 |DRu|=2.82e+00)
  [PT] w_u=13.1196 w_v=12.4189 gamma=1.000 (tau_u=7.622e-02 tau_v=8.052e-02 |Du|=7.58e+00 |DRu|=4.08e+01)
  [PT] w_u=13.4309 w_v=11.0519 gamma=0.998 (tau_u=7.446e-02 tau_v=9.048e-02 |Du|=7.80e-01 |DRu|=3.22e+00)
  [PT] w_u=14.1795 w_v=11.7498 gamma=1.000 (tau_u=7.052e-02 tau_v=8.511e-02 |Du|=7.68e+00 |DRu|=4.10e+01)
  [PT] w_u=14.7577 w_v=11.9494 gamma=1.000 (tau_u=6.776e-02 tau_v=8.369e-02 |Du|=4.35e-01 |DRu|=2.10e+00)
  [PT] w_u=15.4868 w_v=12.6498 gamma=0.999 (tau_u=6.457e-02 tau_v=7.905e-02 |Du|=7.90e+00 |DRu|=4.17e+01)
  [PT] w_u=14.8360 w_v=11.0655 gamma=0.997 (tau_u=6.740e-02 tau_v=9.037e-02 |Du|=6.99e-01 |DRu|=2.29e+00)
  [PT] w_u=15.5293 w_v=11.7548 gamma=1.000 (tau_u=6.439e-02 tau_v=8.507e-02 |Du|=7.76e+00 |DRu|=4.02e+01)
  [PT] w_u=15.3611 w_v=11.6268 gamma=1.000 (tau_u=6.510e-02 tau_v=8.601e-02 |Du|=5.56e-01 |DRu|=2.08e+00)
  [PT] w_u=15.9886 w_v=12.3185 gamma=0.999 (tau_u=6.254e-02 tau_v=8.118e-02 |Du|=7.67e+00 |DRu|=3.86e+01)
  [PT] w_u=14.0355 w_v=12.2892 gamma=0.997 (tau_u=7.125e-02 tau_v=8.137e-02 |Du|=8.50e-01 |DRu|=2.20e+00)
  [PT] w_u=14.6860 w_v=12.9813 gamma=1.000 (tau_u=6.809e-02 tau_v=7.703e-02 |Du|=7.84e+00 |DRu|=3.94e+01)
  [PT] w_u=13.9408 w_v=13.1044 gamma=1.000 (tau_u=7.173e-02 tau_v=7.631e-02 |Du|=7.06e-01 |DRu|=2.18e+00)
  [PT] w_u=14.5981 w_v=13.8051 gamma=0.999 (tau_u=6.850e-02 tau_v=7.244e-02 |Du|=7.73e+00 |DRu|=3.89e+01)
  [PT] w_u=12.0202 w_v=13.9723 gamma=0.998 (tau_u=8.319e-02 tau_v=7.157e-02 |Du|=1.57e+00 |DRu|=3.38e+00)
[Adam] ep=  280  total=2.135e-01  PDE=3.103e-02 [colloc=2.908e-02, cfd=1.950e-03] (w=1.476)  IN=6.599e-02 (w=1.310)  TB=6.262e-02 (w=1.294)  WALL=7.043e-16 (w=0.200)  OUT=1.351e-03 (w=0.200)  DATA=1.037e-01 (w=0.000)  DATA_P=0.000e+00 (w=1.000)
  [PT] w_u=12.7277 w_v=14.6957 gamma=1.000 (tau_u=7.857e-02 tau_v=6.805e-02 |Du|=7.59e+00 |DRu|=3.95e+01)
  [PT] w_u=12.6712 w_v=14.3510 gamma=1.000 (tau_u=7.892e-02 tau_v=6.968e-02 |Du|=4.66e-01 |DRu|=1.63e+00)
  [PT] w_u=13.3497 w_v=15.0272 gamma=0.998 (tau_u=7.491e-02 tau_v=6.655e-02 |Du|=7.60e+00 |DRu|=3.85e+01)
  [PT] w_u=11.4803 w_v=15.0253 gamma=0.996 (tau_u=8.711e-02 tau_v=6.655e-02 |Du|=1.31e+00 |DRu|=2.96e+00)
  [PT] w_u=12.1726 w_v=15.7185 gamma=1.000 (tau_u=8.215e-02 tau_v=6.362e-02 |Du|=7.56e+00 |DRu|=3.90e+01)
  [PT] w_u=11.6837 w_v=15.4165 gamma=1.000 (tau_u=8.559e-02 tau_v=6.487e-02 |Du|=9.11e-01 |DRu|=2.67e+00)
  [PT] w_u=12.3478 w_v=16.0960 gamma=0.999 (tau_u=8.099e-02 tau_v=6.213e-02 |Du|=7.68e+00 |DRu|=3.86e+01)
  [PT] w_u=12.1369 w_v=14.6899 gamma=0.996 (tau_u=8.239e-02 tau_v=6.807e-02 |Du|=7.25e-01 |DRu|=2.35e+00)
  [PT] w_u=12.7755 w_v=15.3471 gamma=1.000 (tau_u=7.827e-02 tau_v=6.516e-02 |Du|=7.80e+00 |DRu|=3.84e+01)
  [PT] w_u=13.1967 w_v=15.8040 gamma=1.000 (tau_u=7.578e-02 tau_v=6.328e-02 |Du|=4.44e-01 |DRu|=1.92e+00)
  [PT] w_u=13.8410 w_v=16.3999 gamma=0.999 (tau_u=7.225e-02 tau_v=6.098e-02 |Du|=7.82e+00 |DRu|=3.88e+01)
  [PT] w_u=11.8250 w_v=15.6583 gamma=0.998 (tau_u=8.457e-02 tau_v=6.386e-02 |Du|=1.15e+00 |DRu|=2.61e+00)
  [PT] w_u=12.4654 w_v=16.3045 gamma=1.000 (tau_u=8.022e-02 tau_v=6.133e-02 |Du|=7.70e+00 |DRu|=3.80e+01)
  [PT] w_u=12.4889 w_v=16.5596 gamma=1.000 (tau_u=8.007e-02 tau_v=6.039e-02 |Du|=5.93e-01 |DRu|=2.11e+00)
  [PT] w_u=13.1342 w_v=17.1686 gamma=0.999 (tau_u=7.614e-02 tau_v=5.825e-02 |Du|=7.74e+00 |DRu|=3.83e+01)
  [PT] w_u=12.7470 w_v=16.7893 gamma=0.998 (tau_u=7.845e-02 tau_v=5.956e-02 |Du|=5.63e-01 |DRu|=1.79e+00)
  [PT] w_u=13.3683 w_v=17.3329 gamma=1.000 (tau_u=7.480e-02 tau_v=5.769e-02 |Du|=7.57e+00 |DRu|=3.69e+01)
  [PT] w_u=13.1896 w_v=17.3118 gamma=1.000 (tau_u=7.582e-02 tau_v=5.776e-02 |Du|=5.85e-01 |DRu|=2.01e+00)
  [PT] w_u=13.7573 w_v=17.7714 gamma=0.999 (tau_u=7.269e-02 tau_v=5.627e-02 |Du|=7.73e+00 |DRu|=3.66e+01)
  [PT] w_u=12.4859 w_v=15.8643 gamma=0.998 (tau_u=8.009e-02 tau_v=6.303e-02 |Du|=1.07e+00 |DRu|=2.79e+00)
[Adam] ep=  300  total=2.040e-01  PDE=3.021e-02 [colloc=2.838e-02, cfd=1.833e-03] (w=1.442)  IN=6.556e-02 (w=1.309)  TB=5.898e-02 (w=1.260)  WALL=7.380e-16 (w=0.200)  OUT=1.414e-03 (w=0.200)  DATA=1.084e-01 (w=0.000)  DATA_P=0.000e+00 (w=1.000)
  [PT] w_u=13.1611 w_v=16.4778 gamma=1.000 (tau_u=7.598e-02 tau_v=6.069e-02 |Du|=7.70e+00 |DRu|=3.90e+01)
  [PT] w_u=12.4343 w_v=14.7953 gamma=1.000 (tau_u=8.042e-02 tau_v=6.759e-02 |Du|=7.68e-01 |DRu|=2.21e+00)
  [PT] w_u=13.1183 w_v=15.5134 gamma=0.999 (tau_u=7.623e-02 tau_v=6.446e-02 |Du|=7.54e+00 |DRu|=3.84e+01)
  [PT] w_u=11.7344 w_v=13.9815 gamma=0.998 (tau_u=8.522e-02 tau_v=7.152e-02 |Du|=8.72e-01 |DRu|=2.14e+00)
  [PT] w_u=12.4170 w_v=14.7024 gamma=1.000 (tau_u=8.053e-02 tau_v=6.802e-02 |Du|=7.44e+00 |DRu|=3.80e+01)
  [PT] w_u=13.0372 w_v=14.3141 gamma=1.000 (tau_u=7.670e-02 tau_v=6.986e-02 |Du|=4.92e-01 |DRu|=2.39e+00)
  [PT] w_u=13.7009 w_v=15.0320 gamma=1.000 (tau_u=7.299e-02 tau_v=6.652e-02 |Du|=7.69e+00 |DRu|=3.87e+01)
  [PT] w_u=13.8333 w_v=12.6595 gamma=0.998 (tau_u=7.229e-02 tau_v=7.899e-02 |Du|=6.37e-01 |DRu|=2.48e+00)
  [PT] w_u=14.4648 w_v=13.3387 gamma=1.000 (tau_u=6.913e-02 tau_v=7.497e-02 |Du|=7.53e+00 |DRu|=3.73e+01)
  [PT] w_u=14.7884 w_v=13.6207 gamma=1.000 (tau_u=6.762e-02 tau_v=7.342e-02 |Du|=6.05e-01 |DRu|=2.60e+00)
  [PT] w_u=15.4090 w_v=14.3049 gamma=1.000 (tau_u=6.490e-02 tau_v=6.991e-02 |Du|=7.73e+00 |DRu|=3.85e+01)
  [PT] w_u=14.1241 w_v=12.8126 gamma=0.999 (tau_u=7.080e-02 tau_v=7.805e-02 |Du|=6.01e-01 |DRu|=1.71e+00)
  [PT] w_u=14.8090 w_v=13.4938 gamma=1.000 (tau_u=6.753e-02 tau_v=7.411e-02 |Du|=7.41e+00 |DRu|=3.80e+01)
  [PT] w_u=14.6239 w_v=12.6298 gamma=1.000 (tau_u=6.838e-02 tau_v=7.918e-02 |Du|=5.35e-01 |DRu|=1.94e+00)
  [PT] w_u=15.2520 w_v=13.3141 gamma=1.000 (tau_u=6.557e-02 tau_v=7.511e-02 |Du|=7.31e+00 |DRu|=3.64e+01)
  [PT] w_u=13.9013 w_v=13.4795 gamma=0.999 (tau_u=7.194e-02 tau_v=7.419e-02 |Du|=7.05e-01 |DRu|=1.96e+00)
  [PT] w_u=14.5481 w_v=14.1773 gamma=1.000 (tau_u=6.874e-02 tau_v=7.054e-02 |Du|=7.39e+00 |DRu|=3.70e+01)
  [PT] w_u=14.7567 w_v=13.0402 gamma=1.000 (tau_u=6.777e-02 tau_v=7.669e-02 |Du|=4.82e-01 |DRu|=1.99e+00)
  [PT] w_u=15.3724 w_v=13.7256 gamma=1.000 (tau_u=6.505e-02 tau_v=7.286e-02 |Du|=7.59e+00 |DRu|=3.76e+01)
  [PT] w_u=15.8742 w_v=13.0881 gamma=0.999 (tau_u=6.300e-02 tau_v=7.641e-02 |Du|=4.69e-01 |DRu|=2.22e+00)
[Adam] ep=  320  total=2.046e-01  PDE=3.273e-02 [colloc=3.101e-02, cfd=1.718e-03] (w=1.431)  IN=6.676e-02 (w=1.314)  TB=5.686e-02 (w=1.226)  WALL=7.607e-16 (w=0.200)  OUT=1.456e-03 (w=0.200)  DATA=1.082e-01 (w=0.000)  DATA_P=0.000e+00 (w=1.000)
  [PT] w_u=16.4437 w_v=13.7498 gamma=1.000 (tau_u=6.081e-02 tau_v=7.273e-02 |Du|=7.43e+00 |DRu|=3.66e+01)
  [PT] w_u=15.7237 w_v=13.5562 gamma=1.000 (tau_u=6.360e-02 tau_v=7.377e-02 |Du|=6.34e-01 |DRu|=2.13e+00)
  [PT] w_u=16.2821 w_v=14.1856 gamma=0.999 (tau_u=6.142e-02 tau_v=7.049e-02 |Du|=7.36e+00 |DRu|=3.60e+01)
  [PT] w_u=16.0020 w_v=14.0320 gamma=0.999 (tau_u=6.249e-02 tau_v=7.127e-02 |Du|=4.83e-01 |DRu|=1.80e+00)
  [PT] w_u=16.4802 w_v=14.6582 gamma=1.000 (tau_u=6.068e-02 tau_v=6.822e-02 |Du|=7.71e+00 |DRu|=3.66e+01)
  [PT] w_u=15.6789 w_v=15.0149 gamma=1.000 (tau_u=6.378e-02 tau_v=6.660e-02 |Du|=5.75e-01 |DRu|=1.90e+00)
  [PT] w_u=16.1764 w_v=15.6150 gamma=1.000 (tau_u=6.182e-02 tau_v=6.404e-02 |Du|=7.28e+00 |DRu|=3.46e+01)
  [PT] w_u=14.2908 w_v=15.7626 gamma=0.998 (tau_u=6.998e-02 tau_v=6.344e-02 |Du|=8.12e-01 |DRu|=2.14e+00)
  [PT] w_u=14.8393 w_v=16.3154 gamma=1.000 (tau_u=6.739e-02 tau_v=6.129e-02 |Du|=7.49e+00 |DRu|=3.56e+01)
  [PT] w_u=13.3791 w_v=14.1431 gamma=1.000 (tau_u=7.474e-02 tau_v=7.071e-02 |Du|=9.20e-01 |DRu|=2.45e+00)
  [PT] w_u=14.0046 w_v=14.8097 gamma=0.999 (tau_u=7.141e-02 tau_v=6.752e-02 |Du|=7.30e+00 |DRu|=3.59e+01)
  [PT] w_u=13.9919 w_v=13.8505 gamma=0.997 (tau_u=7.147e-02 tau_v=7.220e-02 |Du|=5.32e-01 |DRu|=1.98e+00)
  [PT] w_u=14.5981 w_v=14.5445 gamma=1.000 (tau_u=6.850e-02 tau_v=6.875e-02 |Du|=7.46e+00 |DRu|=3.65e+01)
  [PT] w_u=13.4573 w_v=14.4713 gamma=1.000 (tau_u=7.431e-02 tau_v=6.910e-02 |Du|=6.85e-01 |DRu|=1.93e+00)
  [PT] w_u=14.0554 w_v=15.0882 gamma=0.998 (tau_u=7.115e-02 tau_v=6.628e-02 |Du|=7.37e+00 |DRu|=3.56e+01)
  [PT] w_u=14.5521 w_v=13.5091 gamma=0.995 (tau_u=6.872e-02 tau_v=7.402e-02 |Du|=5.30e-01 |DRu|=2.44e+00)
  [PT] w_u=15.1137 w_v=14.1493 gamma=1.000 (tau_u=6.616e-02 tau_v=7.067e-02 |Du|=7.42e+00 |DRu|=3.57e+01)
  [PT] w_u=14.3146 w_v=13.0543 gamma=1.000 (tau_u=6.986e-02 tau_v=7.660e-02 |Du|=8.45e-01 |DRu|=2.63e+00)
  [PT] w_u=14.9881 w_v=13.7258 gamma=0.999 (tau_u=6.672e-02 tau_v=7.286e-02 |Du|=7.07e+00 |DRu|=3.61e+01)
  [PT] w_u=14.1394 w_v=12.3867 gamma=0.998 (tau_u=7.072e-02 tau_v=8.073e-02 |Du|=5.77e-01 |DRu|=1.76e+00)
[Adam] ep=  340  total=1.955e-01  PDE=2.980e-02 [colloc=2.813e-02, cfd=1.668e-03] (w=1.371)  IN=6.665e-02 (w=1.325)  TB=5.434e-02 (w=1.216)  WALL=6.513e-16 (w=0.200)  OUT=1.457e-03 (w=0.200)  DATA=1.090e-01 (w=0.000)  DATA_P=0.000e+00 (w=1.000)
  [PT] w_u=14.8103 w_v=13.0756 gamma=1.000 (tau_u=6.752e-02 tau_v=7.648e-02 |Du|=7.11e+00 |DRu|=3.62e+01)
  [PT] w_u=12.9841 w_v=11.7242 gamma=1.000 (tau_u=7.702e-02 tau_v=8.529e-02 |Du|=1.36e+00 |DRu|=3.38e+00)
  [PT] w_u=13.6889 w_v=12.4870 gamma=1.000 (tau_u=7.305e-02 tau_v=8.008e-02 |Du|=7.33e+00 |DRu|=3.79e+01)
  [PT] w_u=11.9524 w_v=11.1285 gamma=0.999 (tau_u=8.367e-02 tau_v=8.986e-02 |Du|=1.69e+00 |DRu|=3.98e+00)
  [PT] w_u=12.6080 w_v=11.8898 gamma=1.000 (tau_u=7.931e-02 tau_v=8.411e-02 |Du|=7.72e+00 |DRu|=3.85e+01)
  [PT] w_u=11.0369 w_v=11.7500 gamma=1.000 (tau_u=9.060e-02 tau_v=8.511e-02 |Du|=9.49e-01 |DRu|=2.16e+00)
  [PT] w_u=11.7340 w_v=12.5126 gamma=1.000 (tau_u=8.522e-02 tau_v=7.992e-02 |Du|=7.44e+00 |DRu|=3.88e+01)
  [PT] w_u=10.5830 w_v=11.6340 gamma=0.997 (tau_u=9.449e-02 tau_v=8.596e-02 |Du|=1.89e+00 |DRu|=4.48e+00)
  [PT] w_u=11.3322 w_v=12.4225 gamma=1.000 (tau_u=8.824e-02 tau_v=8.050e-02 |Du|=7.14e+00 |DRu|=3.99e+01)
  [PT] w_u=11.4005 w_v=11.7640 gamma=1.000 (tau_u=8.772e-02 tau_v=8.500e-02 |Du|=6.14e-01 |DRu|=2.13e+00)
  [PT] w_u=12.1814 w_v=12.5503 gamma=1.000 (tau_u=8.209e-02 tau_v=7.968e-02 |Du|=6.88e+00 |DRu|=3.88e+01)
  [PT] w_u=10.1069 w_v=11.7011 gamma=0.999 (tau_u=9.894e-02 tau_v=8.546e-02 |Du|=2.16e+00 |DRu|=4.31e+00)
  [PT] w_u=10.8411 w_v=12.5042 gamma=1.000 (tau_u=9.224e-02 tau_v=7.997e-02 |Du|=7.21e+00 |DRu|=4.03e+01)
  [PT] w_u=9.9189 w_v=11.9733 gamma=1.000 (tau_u=1.008e-01 tau_v=8.352e-02 |Du|=1.83e+00 |DRu|=4.34e+00)
  [PT] w_u=10.5769 w_v=12.7924 gamma=1.000 (tau_u=9.455e-02 tau_v=7.817e-02 |Du|=7.60e+00 |DRu|=3.89e+01)
  [PT] w_u=10.5223 w_v=11.4887 gamma=1.000 (tau_u=9.504e-02 tau_v=8.704e-02 |Du|=6.17e-01 |DRu|=1.95e+00)
  [PT] w_u=11.1869 w_v=12.2698 gamma=1.000 (tau_u=8.939e-02 tau_v=8.150e-02 |Du|=7.79e+00 |DRu|=3.96e+01)
  [PT] w_u=9.6709 w_v=11.9740 gamma=1.000 (tau_u=1.034e-01 tau_v=8.351e-02 |Du|=1.14e+00 |DRu|=2.38e+00)
  [PT] w_u=10.3606 w_v=12.7812 gamma=1.000 (tau_u=9.652e-02 tau_v=7.824e-02 |Du|=7.21e+00 |DRu|=3.88e+01)
  [PT] w_u=10.9926 w_v=12.6109 gamma=1.000 (tau_u=9.097e-02 tau_v=7.930e-02 |Du|=4.44e-01 |DRu|=2.19e+00)
[Adam] ep=  360  total=1.810e-01  PDE=3.574e-02 [colloc=3.404e-02, cfd=1.706e-03] (w=1.472)  IN=5.730e-02 (w=1.288)  TB=4.644e-02 (w=1.170)  WALL=6.938e-16 (w=0.200)  OUT=1.478e-03 (w=0.201)  DATA=1.076e-01 (w=0.000)  DATA_P=0.000e+00 (w=1.000)
  [PT] w_u=11.7391 w_v=13.4094 gamma=1.000 (tau_u=8.519e-02 tau_v=7.457e-02 |Du|=6.96e+00 |DRu|=3.83e+01)
  [PT] w_u=10.7086 w_v=12.6858 gamma=1.000 (tau_u=9.338e-02 tau_v=7.883e-02 |Du|=9.68e-01 |DRu|=2.37e+00)
  [PT] w_u=11.4361 w_v=13.4791 gamma=1.000 (tau_u=8.744e-02 tau_v=7.419e-02 |Du|=7.05e+00 |DRu|=3.83e+01)
  [PT] w_u=9.9960 w_v=12.4094 gamma=0.999 (tau_u=1.000e-01 tau_v=8.058e-02 |Du|=1.80e+00 |DRu|=3.90e+00)
  [PT] w_u=10.6703 w_v=13.1871 gamma=1.000 (tau_u=9.372e-02 tau_v=7.583e-02 |Du|=7.35e+00 |DRu|=3.83e+01)
  [PT] w_u=10.1682 w_v=13.6791 gamma=1.000 (tau_u=9.835e-02 tau_v=7.310e-02 |Du|=9.57e-01 |DRu|=2.56e+00)
  [PT] w_u=10.7891 w_v=14.4716 gamma=1.000 (tau_u=9.269e-02 tau_v=6.910e-02 |Du|=8.00e+00 |DRu|=3.91e+01)
  [PT] w_u=10.5520 w_v=12.5222 gamma=1.000 (tau_u=9.477e-02 tau_v=7.986e-02 |Du|=6.88e-01 |DRu|=2.04e+00)
  [PT] w_u=11.1884 w_v=13.2771 gamma=1.000 (tau_u=8.938e-02 tau_v=7.532e-02 |Du|=7.59e+00 |DRu|=3.75e+01)
  [PT] w_u=10.8037 w_v=13.5944 gamma=1.000 (tau_u=9.256e-02 tau_v=7.356e-02 |Du|=1.12e+00 |DRu|=3.21e+00)
  [PT] w_u=11.5017 w_v=14.3742 gamma=1.000 (tau_u=8.694e-02 tau_v=6.957e-02 |Du|=6.96e+00 |DRu|=3.65e+01)
  [PT] w_u=9.9337 w_v=14.1541 gamma=1.000 (tau_u=1.007e-01 tau_v=7.065e-02 |Du|=1.10e+00 |DRu|=2.32e+00)
  [PT] w_u=10.6300 w_v=14.9362 gamma=1.000 (tau_u=9.407e-02 tau_v=6.695e-02 |Du|=6.97e+00 |DRu|=3.74e+01)
  [PT] w_u=10.6354 w_v=12.8885 gamma=0.999 (tau_u=9.403e-02 tau_v=7.759e-02 |Du|=7.03e-01 |DRu|=2.30e+00)
  [PT] w_u=11.3270 w_v=13.6546 gamma=1.000 (tau_u=8.828e-02 tau_v=7.324e-02 |Du|=7.13e+00 |DRu|=3.73e+01)
  [PT] w_u=11.2669 w_v=11.9414 gamma=1.000 (tau_u=8.876e-02 tau_v=8.374e-02 |Du|=7.72e-01 |DRu|=2.53e+00)
  [PT] w_u=11.9949 w_v=12.7109 gamma=1.000 (tau_u=8.337e-02 tau_v=7.867e-02 |Du|=6.87e+00 |DRu|=3.68e+01)
  [PT] w_u=10.8783 w_v=12.4357 gamma=0.999 (tau_u=9.193e-02 tau_v=8.041e-02 |Du|=8.27e-01 |DRu|=2.01e+00)
  [PT] w_u=11.5756 w_v=13.2065 gamma=1.000 (tau_u=8.639e-02 tau_v=7.572e-02 |Du|=6.96e+00 |DRu|=3.64e+01)
  [PT] w_u=10.0515 w_v=13.0169 gamma=1.000 (tau_u=9.949e-02 tau_v=7.682e-02 |Du|=1.27e+00 |DRu|=2.72e+00)
[Adam] ep=  380  total=1.774e-01  PDE=3.495e-02 [colloc=3.337e-02, cfd=1.577e-03] (w=1.463)  IN=5.962e-02 (w=1.281)  TB=4.406e-02 (w=1.125)  WALL=8.181e-16 (w=0.200)  OUT=1.534e-03 (w=0.208)  DATA=1.137e-01 (w=0.000)  DATA_P=0.000e+00 (w=1.000)
  [PT] w_u=10.7133 w_v=13.7832 gamma=1.000 (tau_u=9.334e-02 tau_v=7.255e-02 |Du|=7.13e+00 |DRu|=3.65e+01)
  [PT] w_u=10.5363 w_v=14.3450 gamma=0.999 (tau_u=9.491e-02 tau_v=6.971e-02 |Du|=7.95e-01 |DRu|=2.41e+00)
  [PT] w_u=11.1672 w_v=15.1045 gamma=1.000 (tau_u=8.955e-02 tau_v=6.621e-02 |Du|=7.41e+00 |DRu|=3.64e+01)
  [PT] w_u=10.7138 w_v=14.0899 gamma=1.000 (tau_u=9.334e-02 tau_v=7.097e-02 |Du|=6.35e-01 |DRu|=1.78e+00)
  [PT] w_u=11.3626 w_v=14.8330 gamma=0.999 (tau_u=8.801e-02 tau_v=6.742e-02 |Du|=7.17e+00 |DRu|=3.58e+01)
  [PT] w_u=10.3977 w_v=14.0536 gamma=0.997 (tau_u=9.618e-02 tau_v=7.116e-02 |Du|=1.20e+00 |DRu|=2.92e+00)
  [PT] w_u=11.0856 w_v=14.7978 gamma=1.000 (tau_u=9.021e-02 tau_v=6.758e-02 |Du|=6.87e+00 |DRu|=3.59e+01)
  [PT] w_u=11.3211 w_v=14.4168 gamma=1.000 (tau_u=8.833e-02 tau_v=6.936e-02 |Du|=6.02e-01 |DRu|=2.25e+00)
  [PT] w_u=12.0203 w_v=15.1398 gamma=0.999 (tau_u=8.319e-02 tau_v=6.605e-02 |Du|=6.84e+00 |DRu|=3.55e+01)
  [PT] w_u=10.5298 w_v=14.5704 gamma=0.998 (tau_u=9.497e-02 tau_v=6.863e-02 |Du|=1.04e+00 |DRu|=2.32e+00)
  [PT] w_u=11.1736 w_v=15.2778 gamma=1.000 (tau_u=8.950e-02 tau_v=6.545e-02 |Du|=7.18e+00 |DRu|=3.58e+01)
  [PT] w_u=10.5048 w_v=14.0865 gamma=1.000 (tau_u=9.519e-02 tau_v=7.099e-02 |Du|=1.02e+00 |DRu|=2.67e+00)
  [PT] w_u=11.1329 w_v=14.8367 gamma=1.000 (tau_u=8.982e-02 tau_v=6.740e-02 |Du|=7.39e+00 |DRu|=3.63e+01)
  [PT] w_u=11.1625 w_v=12.7801 gamma=0.999 (tau_u=8.959e-02 tau_v=7.825e-02 |Du|=7.03e-01 |DRu|=2.38e+00)
  [PT] w_u=11.8343 w_v=13.5461 gamma=1.000 (tau_u=8.450e-02 tau_v=7.382e-02 |Du|=7.19e+00 |DRu|=3.65e+01)
  [PT] w_u=10.4755 w_v=12.4248 gamma=1.000 (tau_u=9.546e-02 tau_v=8.048e-02 |Du|=1.36e+00 |DRu|=3.10e+00)
  [PT] w_u=11.1323 w_v=13.1750 gamma=0.999 (tau_u=8.983e-02 tau_v=7.590e-02 |Du|=7.18e+00 |DRu|=3.63e+01)
  [PT] w_u=10.4058 w_v=13.5821 gamma=0.998 (tau_u=9.610e-02 tau_v=7.363e-02 |Du|=1.03e+00 |DRu|=2.63e+00)
  [PT] w_u=11.0644 w_v=14.3009 gamma=1.000 (tau_u=9.038e-02 tau_v=6.993e-02 |Du|=6.96e+00 |DRu|=3.53e+01)
  [PT] w_u=10.7583 w_v=12.7439 gamma=1.000 (tau_u=9.295e-02 tau_v=7.847e-02 |Du|=1.00e+00 |DRu|=2.94e+00)
[Adam] ep=  400  total=1.724e-01  PDE=3.660e-02 [colloc=3.506e-02, cfd=1.544e-03] (w=1.439)  IN=5.877e-02 (w=1.291)  TB=3.989e-02 (w=1.092)  WALL=7.965e-16 (w=0.200)  OUT=1.435e-03 (w=0.206)  DATA=1.103e-01 (w=0.000)  DATA_P=0.000e+00 (w=1.000)
  [PT] w_u=11.4505 w_v=13.5066 gamma=0.999 (tau_u=8.733e-02 tau_v=7.404e-02 |Du|=6.84e+00 |DRu|=3.57e+01)
  [PT] w_u=11.7231 w_v=12.0463 gamma=0.998 (tau_u=8.530e-02 tau_v=8.301e-02 |Du|=5.81e-01 |DRu|=2.24e+00)
  [PT] w_u=12.4545 w_v=12.8131 gamma=1.000 (tau_u=8.029e-02 tau_v=7.805e-02 |Du|=6.74e+00 |DRu|=3.59e+01)
  [PT] w_u=10.8982 w_v=12.9667 gamma=1.000 (tau_u=9.176e-02 tau_v=7.712e-02 |Du|=1.08e+00 |DRu|=2.44e+00)
  [PT] w_u=11.5917 w_v=13.7321 gamma=0.999 (tau_u=8.627e-02 tau_v=7.282e-02 |Du|=6.77e+00 |DRu|=3.52e+01)
  [PT] w_u=10.1019 w_v=12.5484 gamma=0.998 (tau_u=9.899e-02 tau_v=7.969e-02 |Du|=1.65e+00 |DRu|=3.56e+00)
  [PT] w_u=10.7811 w_v=13.3270 gamma=1.000 (tau_u=9.275e-02 tau_v=7.504e-02 |Du|=6.95e+00 |DRu|=3.63e+01)
  [PT] w_u=9.7639 w_v=12.5731 gamma=1.000 (tau_u=1.024e-01 tau_v=7.953e-02 |Du|=1.24e+00 |DRu|=2.86e+00)
  [PT] w_u=10.4099 w_v=13.3428 gamma=1.000 (tau_u=9.606e-02 tau_v=7.495e-02 |Du|=7.10e+00 |DRu|=3.60e+01)
  [PT] w_u=10.8158 w_v=11.7828 gamma=0.999 (tau_u=9.246e-02 tau_v=8.487e-02 |Du|=5.29e-01 |DRu|=2.16e+00)
  [PT] w_u=11.4677 w_v=12.5239 gamma=1.000 (tau_u=8.720e-02 tau_v=7.985e-02 |Du|=7.23e+00 |DRu|=3.62e+01)
  [PT] w_u=11.7609 w_v=11.3071 gamma=1.000 (tau_u=8.503e-02 tau_v=8.844e-02 |Du|=7.16e-01 |DRu|=2.80e+00)
  [PT] w_u=12.4528 w_v=12.0609 gamma=1.000 (tau_u=8.030e-02 tau_v=8.291e-02 |Du|=7.12e+00 |DRu|=3.66e+01)
  [PT] w_u=13.0553 w_v=11.9061 gamma=0.998 (tau_u=7.660e-02 tau_v=8.399e-02 |Du|=4.18e-01 |DRu|=2.01e+00)
  [PT] w_u=13.7144 w_v=12.6194 gamma=1.000 (tau_u=7.292e-02 tau_v=7.924e-02 |Du|=7.03e+00 |DRu|=3.53e+01)
  [PT] w_u=13.0272 w_v=11.0990 gamma=1.000 (tau_u=7.676e-02 tau_v=9.010e-02 |Du|=8.56e-01 |DRu|=2.57e+00)
  [PT] w_u=13.6648 w_v=11.8056 gamma=0.998 (tau_u=7.318e-02 tau_v=8.471e-02 |Du|=7.07e+00 |DRu|=3.49e+01)
  [PT] w_u=12.8963 w_v=10.5113 gamma=0.997 (tau_u=7.754e-02 tau_v=9.514e-02 |Du|=1.03e+00 |DRu|=3.02e+00)
  [PT] w_u=13.5293 w_v=11.1840 gamma=1.000 (tau_u=7.391e-02 tau_v=8.941e-02 |Du|=7.26e+00 |DRu|=3.57e+01)
  [PT] w_u=12.8755 w_v=10.2485 gamma=1.000 (tau_u=7.767e-02 tau_v=9.758e-02 |Du|=8.16e-01 |DRu|=2.44e+00)
[Adam] ep=  420  total=1.693e-01  PDE=3.685e-02 [colloc=3.537e-02, cfd=1.482e-03] (w=1.424)  IN=5.860e-02 (w=1.289)  TB=3.856e-02 (w=1.064)  WALL=7.919e-16 (w=0.200)  OUT=1.335e-03 (w=0.201)  DATA=1.183e-01 (w=0.000)  DATA_P=0.000e+00 (w=1.000)
  [PT] w_u=13.4984 w_v=10.8968 gamma=0.999 (tau_u=7.408e-02 tau_v=9.177e-02 |Du|=7.25e+00 |DRu|=3.54e+01)
  [PT] w_u=11.8749 w_v=10.6466 gamma=0.997 (tau_u=8.421e-02 tau_v=9.393e-02 |Du|=9.64e-01 |DRu|=2.30e+00)
  [PT] w_u=12.4747 w_v=11.3389 gamma=1.000 (tau_u=8.016e-02 tau_v=8.819e-02 |Du|=7.46e+00 |DRu|=3.57e+01)
  [PT] w_u=12.6015 w_v=10.6380 gamma=1.000 (tau_u=7.936e-02 tau_v=9.400e-02 |Du|=8.78e-01 |DRu|=3.27e+00)
  [PT] w_u=13.2276 w_v=11.3769 gamma=0.999 (tau_u=7.560e-02 tau_v=8.790e-02 |Du|=7.31e+00 |DRu|=3.57e+01)
  [PT] w_u=13.4803 w_v=10.5588 gamma=0.999 (tau_u=7.418e-02 tau_v=9.471e-02 |Du|=5.28e-01 |DRu|=2.13e+00)
  [PT] w_u=14.0781 w_v=11.2774 gamma=1.000 (tau_u=7.103e-02 tau_v=8.867e-02 |Du|=7.42e+00 |DRu|=3.59e+01)
  [PT] w_u=11.4728 w_v=11.2179 gamma=1.000 (tau_u=8.716e-02 tau_v=8.914e-02 |Du|=1.09e+00 |DRu|=2.26e+00)
  [PT] w_u=12.1467 w_v=11.9344 gamma=0.999 (tau_u=8.233e-02 tau_v=8.379e-02 |Du|=7.08e+00 |DRu|=3.59e+01)
  [PT] w_u=10.9640 w_v=11.8735 gamma=0.997 (tau_u=9.121e-02 tau_v=8.422e-02 |Du|=1.33e+00 |DRu|=3.20e+00)
  [PT] w_u=11.7025 w_v=12.6573 gamma=1.000 (tau_u=8.545e-02 tau_v=7.901e-02 |Du|=6.66e+00 |DRu|=3.63e+01)
  [PT] w_u=11.2298 w_v=11.5286 gamma=1.000 (tau_u=8.905e-02 tau_v=8.674e-02 |Du|=5.90e-01 |DRu|=1.69e+00)
  [PT] w_u=11.9354 w_v=12.2619 gamma=0.997 (tau_u=8.378e-02 tau_v=8.155e-02 |Du|=6.62e+00 |DRu|=3.46e+01)
  [PT] w_u=10.5921 w_v=12.1989 gamma=0.993 (tau_u=9.441e-02 tau_v=8.197e-02 |Du|=1.21e+00 |DRu|=2.76e+00)
  [PT] w_u=11.2859 w_v=12.9184 gamma=1.000 (tau_u=8.861e-02 tau_v=7.741e-02 |Du|=6.66e+00 |DRu|=3.49e+01)
  [PT] w_u=9.8896 w_v=13.3013 gamma=1.000 (tau_u=1.011e-01 tau_v=7.518e-02 |Du|=1.56e+00 |DRu|=3.38e+00)
  [PT] w_u=10.5534 w_v=14.0701 gamma=0.999 (tau_u=9.476e-02 tau_v=7.107e-02 |Du|=6.85e+00 |DRu|=3.53e+01)
  [PT] w_u=9.6494 w_v=13.0793 gamma=0.996 (tau_u=1.036e-01 tau_v=7.646e-02 |Du|=2.04e+00 |DRu|=4.74e+00)
  [PT] w_u=10.3046 w_v=13.8448 gamma=1.000 (tau_u=9.704e-02 tau_v=7.223e-02 |Du|=6.91e+00 |DRu|=3.56e+01)
  [PT] w_u=8.9922 w_v=13.6522 gamma=1.000 (tau_u=1.112e-01 tau_v=7.325e-02 |Du|=1.51e+00 |DRu|=3.08e+00)
[Adam] ep=  440  total=1.662e-01  PDE=3.468e-02 [colloc=3.326e-02, cfd=1.418e-03] (w=1.397)  IN=6.093e-02 (w=1.298)  TB=3.678e-02 (w=1.046)  WALL=7.811e-16 (w=0.200)  OUT=1.258e-03 (w=0.200)  DATA=1.184e-01 (w=0.000)  DATA_P=0.000e+00 (w=1.000)
  [PT] w_u=9.5602 w_v=14.4122 gamma=0.999 (tau_u=1.046e-01 tau_v=6.939e-02 |Du|=7.50e+00 |DRu|=3.53e+01)
  [PT] w_u=10.1439 w_v=15.0366 gamma=0.998 (tau_u=9.858e-02 tau_v=6.650e-02 |Du|=3.78e-01 |DRu|=1.79e+00)
  [PT] w_u=10.6657 w_v=15.6930 gamma=1.000 (tau_u=9.376e-02 tau_v=6.372e-02 |Du|=7.70e+00 |DRu|=3.43e+01)
  [PT] w_u=9.5726 w_v=15.1163 gamma=1.000 (tau_u=1.045e-01 tau_v=6.615e-02 |Du|=1.36e+00 |DRu|=3.03e+00)
  [PT] w_u=10.1310 w_v=15.7790 gamma=0.997 (tau_u=9.871e-02 tau_v=6.338e-02 |Du|=7.48e+00 |DRu|=3.45e+01)
  [PT] w_u=8.7148 w_v=15.3554 gamma=0.996 (tau_u=1.147e-01 tau_v=6.512e-02 |Du|=2.41e+00 |DRu|=4.73e+00)
  [PT] w_u=9.3256 w_v=16.0537 gamma=1.000 (tau_u=1.072e-01 tau_v=6.229e-02 |Du|=6.85e+00 |DRu|=3.44e+01)
  [PT] w_u=8.8992 w_v=16.2140 gamma=1.000 (tau_u=1.124e-01 tau_v=6.168e-02 |Du|=1.14e+00 |DRu|=2.86e+00)
  [PT] w_u=9.5209 w_v=16.9275 gamma=0.997 (tau_u=1.050e-01 tau_v=5.908e-02 |Du|=6.55e+00 |DRu|=3.31e+01)
  [PT] w_u=9.5091 w_v=14.0923 gamma=0.997 (tau_u=1.052e-01 tau_v=7.096e-02 |Du|=7.22e-01 |DRu|=2.21e+00)
  [PT] w_u=10.1515 w_v=14.8125 gamma=1.000 (tau_u=9.851e-02 tau_v=6.751e-02 |Du|=6.58e+00 |DRu|=3.35e+01)
  [PT] w_u=9.6724 w_v=12.6478 gamma=0.999 (tau_u=1.034e-01 tau_v=7.907e-02 |Du|=1.48e+00 |DRu|=3.85e+00)
  [PT] w_u=10.3279 w_v=13.3883 gamma=1.000 (tau_u=9.682e-02 tau_v=7.469e-02 |Du|=6.85e+00 |DRu|=3.53e+01)
  [PT] w_u=9.1521 w_v=12.9705 gamma=1.000 (tau_u=1.093e-01 tau_v=7.710e-02 |Du|=1.71e+00 |DRu|=3.64e+00)
  [PT] w_u=9.7445 w_v=13.6515 gamma=1.000 (tau_u=1.026e-01 tau_v=7.325e-02 |Du|=7.11e+00 |DRu|=3.44e+01)
  [PT] w_u=9.6333 w_v=12.0548 gamma=0.999 (tau_u=1.038e-01 tau_v=8.295e-02 |Du|=5.23e-01 |DRu|=1.54e+00)
  [PT] w_u=10.1963 w_v=12.7489 gamma=0.999 (tau_u=9.807e-02 tau_v=7.844e-02 |Du|=7.45e+00 |DRu|=3.46e+01)
  [PT] w_u=10.8767 w_v=11.5778 gamma=0.998 (tau_u=9.194e-02 tau_v=8.637e-02 |Du|=6.27e-01 |DRu|=3.27e+00)
  [PT] w_u=11.5254 w_v=12.3501 gamma=1.000 (tau_u=8.676e-02 tau_v=8.097e-02 |Du|=7.05e+00 |DRu|=3.51e+01)
  [PT] w_u=11.6518 w_v=11.2497 gamma=1.000 (tau_u=8.582e-02 tau_v=8.889e-02 |Du|=6.05e-01 |DRu|=2.17e+00)
[Adam] ep=  460  total=1.522e-01  PDE=3.685e-02 [colloc=3.538e-02, cfd=1.473e-03] (w=1.440)  IN=5.384e-02 (w=1.268)  TB=3.076e-02 (w=0.995)  WALL=5.972e-16 (w=0.200)  OUT=1.300e-03 (w=0.200)  DATA=1.154e-01 (w=0.000)  DATA_P=0.000e+00 (w=1.000)
  [PT] w_u=12.3502 w_v=11.9726 gamma=0.999 (tau_u=8.097e-02 tau_v=8.352e-02 |Du|=6.79e+00 |DRu|=3.52e+01)
  [PT] w_u=11.8704 w_v=11.1540 gamma=0.998 (tau_u=8.424e-02 tau_v=8.965e-02 |Du|=5.35e-01 |DRu|=1.58e+00)
  [PT] w_u=12.5403 w_v=11.8667 gamma=1.000 (tau_u=7.974e-02 tau_v=8.427e-02 |Du|=6.66e+00 |DRu|=3.36e+01)
  [PT] w_u=12.1122 w_v=10.5742 gamma=1.000 (tau_u=8.256e-02 tau_v=9.457e-02 |Du|=1.11e+00 |DRu|=3.37e+00)
  [PT] w_u=12.7757 w_v=11.2942 gamma=0.999 (tau_u=7.827e-02 tau_v=8.854e-02 |Du|=6.77e+00 |DRu|=3.40e+01)
  [PT] w_u=11.1994 w_v=10.2974 gamma=0.998 (tau_u=8.929e-02 tau_v=9.711e-02 |Du|=1.40e+00 |DRu|=3.21e+00)
  [PT] w_u=11.8296 w_v=10.9735 gamma=1.000 (tau_u=8.453e-02 tau_v=9.113e-02 |Du|=7.12e+00 |DRu|=3.48e+01)
  [PT] w_u=11.4248 w_v=11.1276 gamma=1.000 (tau_u=8.753e-02 tau_v=8.987e-02 |Du|=5.68e-01 |DRu|=1.68e+00)
  [PT] w_u=12.0272 w_v=11.7676 gamma=0.998 (tau_u=8.314e-02 tau_v=8.498e-02 |Du|=6.91e+00 |DRu|=3.30e+01)
  [PT] w_u=12.3954 w_v=10.7450 gamma=0.996 (tau_u=8.068e-02 tau_v=9.307e-02 |Du|=5.85e-01 |DRu|=2.41e+00)
  [PT] w_u=13.0337 w_v=11.4248 gamma=1.000 (tau_u=7.672e-02 tau_v=8.753e-02 |Du|=7.01e+00 |DRu|=3.45e+01)
  [PT] w_u=13.1493 w_v=10.3905 gamma=0.999 (tau_u=7.605e-02 tau_v=9.624e-02 |Du|=7.61e-01 |DRu|=2.87e+00)
  [PT] w_u=13.7823 w_v=11.0802 gamma=0.998 (tau_u=7.256e-02 tau_v=9.025e-02 |Du|=6.77e+00 |DRu|=3.34e+01)
  [PT] w_u=11.8672 w_v=10.8618 gamma=0.994 (tau_u=8.427e-02 tau_v=9.207e-02 |Du|=1.46e+00 |DRu|=3.34e+00)
  [PT] w_u=12.5345 w_v=11.5805 gamma=1.000 (tau_u=7.978e-02 tau_v=8.635e-02 |Du|=6.66e+00 |DRu|=3.36e+01)
  [PT] w_u=11.2299 w_v=10.9511 gamma=1.000 (tau_u=8.905e-02 tau_v=9.131e-02 |Du|=1.29e+00 |DRu|=3.10e+00)
  [PT] w_u=11.8892 w_v=11.7117 gamma=0.998 (tau_u=8.411e-02 tau_v=8.538e-02 |Du|=6.92e+00 |DRu|=3.47e+01)
  [PT] w_u=11.3484 w_v=10.3712 gamma=0.997 (tau_u=8.812e-02 tau_v=9.642e-02 |Du|=1.07e+00 |DRu|=3.03e+00)
  [PT] w_u=11.9215 w_v=11.0578 gamma=1.000 (tau_u=8.388e-02 tau_v=9.043e-02 |Du|=7.22e+00 |DRu|=3.37e+01)
  [PT] w_u=11.4446 w_v=10.1786 gamma=0.999 (tau_u=8.738e-02 tau_v=9.824e-02 |Du|=1.09e+00 |DRu|=3.16e+00)
[Adam] ep=  480  total=1.516e-01  PDE=3.304e-02 [colloc=3.166e-02, cfd=1.380e-03] (w=1.399)  IN=5.613e-02 (w=1.281)  TB=3.378e-02 (w=0.983)  WALL=6.979e-16 (w=0.200)  OUT=1.084e-03 (w=0.200)  DATA=1.214e-01 (w=0.000)  DATA_P=0.000e+00 (w=1.000)
  [PT] w_u=12.0451 w_v=10.8679 gamma=0.999 (tau_u=8.302e-02 tau_v=9.201e-02 |Du|=7.24e+00 |DRu|=3.45e+01)
  [PT] w_u=10.9977 w_v=10.1882 gamma=0.996 (tau_u=9.093e-02 tau_v=9.815e-02 |Du|=9.63e-01 |DRu|=2.39e+00)
  [PT] w_u=11.6628 w_v=10.8608 gamma=1.000 (tau_u=8.574e-02 tau_v=9.207e-02 |Du|=6.57e+00 |DRu|=3.33e+01)
  [PT] w_u=10.9065 w_v=10.7931 gamma=1.000 (tau_u=9.169e-02 tau_v=9.265e-02 |Du|=5.75e-01 |DRu|=1.51e+00)
  [PT] w_u=11.5775 w_v=11.4795 gamma=0.996 (tau_u=8.637e-02 tau_v=8.711e-02 |Du|=6.51e+00 |DRu|=3.31e+01)
  [PT] w_u=11.4514 w_v=10.5554 gamma=0.992 (tau_u=8.733e-02 tau_v=9.474e-02 |Du|=1.18e+00 |DRu|=3.80e+00)
  [PT] w_u=12.1327 w_v=11.2489 gamma=1.000 (tau_u=8.242e-02 tau_v=8.890e-02 |Du|=6.43e+00 |DRu|=3.29e+01)
  [PT] w_u=11.2923 w_v=10.8836 gamma=0.999 (tau_u=8.856e-02 tau_v=9.188e-02 |Du|=1.10e+00 |DRu|=2.91e+00)
  [PT] w_u=11.9631 w_v=11.5923 gamma=0.998 (tau_u=8.359e-02 tau_v=8.626e-02 |Du|=6.63e+00 |DRu|=3.36e+01)
  [PT] w_u=10.5470 w_v=11.6320 gamma=0.995 (tau_u=9.481e-02 tau_v=8.597e-02 |Du|=1.08e+00 |DRu|=2.44e+00)
  [PT] w_u=11.1887 w_v=12.3606 gamma=1.000 (tau_u=8.938e-02 tau_v=8.090e-02 |Du|=6.75e+00 |DRu|=3.36e+01)
  [PT] w_u=10.2183 w_v=11.2804 gamma=0.998 (tau_u=9.786e-02 tau_v=8.865e-02 |Du|=8.15e-01 |DRu|=1.95e+00)
  [PT] w_u=10.8256 w_v=12.0086 gamma=0.999 (tau_u=9.237e-02 tau_v=8.327e-02 |Du|=7.05e+00 |DRu|=3.40e+01)
  [PT] w_u=10.2660 w_v=12.5450 gamma=0.995 (tau_u=9.741e-02 tau_v=7.971e-02 |Du|=1.04e+00 |DRu|=2.74e+00)
  [PT] w_u=10.8921 w_v=13.2652 gamma=1.000 (tau_u=9.181e-02 tau_v=7.539e-02 |Du|=6.67e+00 |DRu|=3.27e+01)
  [PT] w_u=10.4454 w_v=12.2469 gamma=0.999 (tau_u=9.574e-02 tau_v=8.165e-02 |Du|=4.59e-01 |DRu|=1.27e+00)
  [PT] w_u=11.0467 w_v=12.9296 gamma=0.996 (tau_u=9.052e-02 tau_v=7.734e-02 |Du|=6.83e+00 |DRu|=3.26e+01)
  [PT] w_u=10.4311 w_v=13.1022 gamma=0.992 (tau_u=9.587e-02 tau_v=7.632e-02 |Du|=7.33e-01 |DRu|=1.92e+00)
  [PT] w_u=11.0401 w_v=13.7041 gamma=1.000 (tau_u=9.058e-02 tau_v=7.297e-02 |Du|=6.65e+00 |DRu|=3.21e+01)
  [PT] w_u=11.3143 w_v=13.8871 gamma=0.999 (tau_u=8.838e-02 tau_v=7.201e-02 |Du|=4.13e-01 |DRu|=1.57e+00)
[Adam] ep=  500  total=1.386e-01  PDE=3.259e-02 [colloc=3.126e-02, cfd=1.326e-03] (w=1.374)  IN=5.169e-02 (w=1.269)  TB=2.900e-02 (w=0.967)  WALL=7.714e-16 (w=0.200)  OUT=1.072e-03 (w=0.200)  DATA=1.193e-01 (w=0.000)  DATA_P=0.000e+00 (w=1.000)
  [PT] w_u=11.9166 w_v=14.4235 gamma=0.995 (tau_u=8.392e-02 tau_v=6.933e-02 |Du|=6.68e+00 |DRu|=3.19e+01)
  [PT] w_u=10.6514 w_v=13.5670 gamma=0.991 (tau_u=9.388e-02 tau_v=7.371e-02 |Du|=1.09e+00 |DRu|=2.52e+00)
  [PT] w_u=11.2196 w_v=14.0898 gamma=1.000 (tau_u=8.913e-02 tau_v=7.097e-02 |Du|=6.62e+00 |DRu|=3.07e+01)
  [PT] w_u=9.9637 w_v=14.0460 gamma=0.999 (tau_u=1.004e-01 tau_v=7.119e-02 |Du|=1.27e+00 |DRu|=2.82e+00)
  [PT] w_u=10.5523 w_v=14.6430 gamma=0.997 (tau_u=9.477e-02 tau_v=6.829e-02 |Du|=6.77e+00 |DRu|=3.21e+01)
  [PT] w_u=9.2862 w_v=14.9936 gamma=0.991 (tau_u=1.077e-01 tau_v=6.670e-02 |Du|=1.64e+00 |DRu|=3.44e+00)
  [PT] w_u=9.8232 w_v=15.5539 gamma=1.000 (tau_u=1.018e-01 tau_v=6.429e-02 |Du|=7.07e+00 |DRu|=3.20e+01)
  [PT] w_u=8.9778 w_v=14.0240 gamma=1.000 (tau_u=1.114e-01 tau_v=7.131e-02 |Du|=9.64e-01 |DRu|=2.17e+00)
  [PT] w_u=9.4974 w_v=14.5775 gamma=0.994 (tau_u=1.053e-01 tau_v=6.860e-02 |Du|=7.15e+00 |DRu|=3.18e+01)
  [PT] w_u=9.4873 w_v=12.7652 gamma=0.989 (tau_u=1.054e-01 tau_v=7.834e-02 |Du|=7.41e-01 |DRu|=2.26e+00)
  [PT] w_u=10.0507 w_v=13.4177 gamma=1.000 (tau_u=9.950e-02 tau_v=7.453e-02 |Du|=7.02e+00 |DRu|=3.26e+01)
  [PT] w_u=9.3809 w_v=12.8680 gamma=1.000 (tau_u=1.066e-01 tau_v=7.771e-02 |Du|=1.01e+00 |DRu|=2.44e+00)
  [PT] w_u=9.9677 w_v=13.4918 gamma=0.993 (tau_u=1.003e-01 tau_v=7.412e-02 |Du|=6.81e+00 |DRu|=3.24e+01)
  [PT] w_u=8.8567 w_v=12.8922 gamma=0.994 (tau_u=1.129e-01 tau_v=7.757e-02 |Du|=1.98e+00 |DRu|=4.14e+00)
  [PT] w_u=9.4635 w_v=13.5644 gamma=1.000 (tau_u=1.057e-01 tau_v=7.372e-02 |Du|=6.56e+00 |DRu|=3.26e+01)
  [PT] w_u=8.9493 w_v=13.9714 gamma=1.000 (tau_u=1.117e-01 tau_v=7.158e-02 |Du|=1.41e+00 |DRu|=3.46e+00)
  [PT] w_u=9.5718 w_v=14.6940 gamma=0.996 (tau_u=1.045e-01 tau_v=6.805e-02 |Du|=6.38e+00 |DRu|=3.22e+01)
  [PT] w_u=8.5852 w_v=13.9919 gamma=0.994 (tau_u=1.165e-01 tau_v=7.147e-02 |Du|=7.77e-01 |DRu|=1.63e+00)
  [PT] w_u=9.1995 w_v=14.6882 gamma=1.000 (tau_u=1.087e-01 tau_v=6.808e-02 |Du|=6.25e+00 |DRu|=3.18e+01)
  [PT] w_u=9.0147 w_v=12.7085 gamma=1.000 (tau_u=1.109e-01 tau_v=7.869e-02 |Du|=1.01e+00 |DRu|=2.79e+00)
[Adam] ep=  520  total=1.358e-01  PDE=3.357e-02 [colloc=3.229e-02, cfd=1.278e-03] (w=1.386)  IN=5.210e-02 (w=1.263)  TB=2.548e-02 (w=0.915)  WALL=6.747e-16 (w=0.200)  OUT=1.075e-03 (w=0.200)  DATA=1.184e-01 (w=0.000)  DATA_P=0.000e+00 (w=1.000)
  [PT] w_u=9.6367 w_v=13.4481 gamma=0.996 (tau_u=1.038e-01 tau_v=7.436e-02 |Du|=6.33e+00 |DRu|=3.19e+01)
  [PT] w_u=9.0536 w_v=11.6777 gamma=0.993 (tau_u=1.105e-01 tau_v=8.563e-02 |Du|=1.89e+00 |DRu|=4.57e+00)
  [PT] w_u=9.7128 w_v=12.4208 gamma=1.000 (tau_u=1.030e-01 tau_v=8.051e-02 |Du|=6.14e+00 |DRu|=3.26e+01)
  [PT] w_u=9.1652 w_v=10.8957 gamma=1.000 (tau_u=1.091e-01 tau_v=9.178e-02 |Du|=1.22e+00 |DRu|=3.01e+00)
  [PT] w_u=9.7746 w_v=11.5921 gamma=0.998 (tau_u=1.023e-01 tau_v=8.627e-02 |Du|=6.99e+00 |DRu|=3.45e+01)
  [PT] w_u=9.0609 w_v=10.8361 gamma=0.996 (tau_u=1.104e-01 tau_v=9.228e-02 |Du|=8.98e-01 |DRu|=2.10e+00)
  [PT] w_u=9.6802 w_v=11.5517 gamma=1.000 (tau_u=1.033e-01 tau_v=8.657e-02 |Du|=6.79e+00 |DRu|=3.41e+01)
  [PT] w_u=10.1715 w_v=12.1303 gamma=0.999 (tau_u=9.831e-02 tau_v=8.244e-02 |Du|=4.04e-01 |DRu|=1.75e+00)
  [PT] w_u=10.7455 w_v=12.8434 gamma=0.998 (tau_u=9.306e-02 tau_v=7.786e-02 |Du|=7.12e+00 |DRu|=3.32e+01)
  [PT] w_u=10.3086 w_v=12.1101 gamma=0.996 (tau_u=9.701e-02 tau_v=8.258e-02 |Du|=4.57e-01 |DRu|=1.25e+00)
  [PT] w_u=10.8949 w_v=12.8211 gamma=0.999 (tau_u=9.179e-02 tau_v=7.800e-02 |Du|=6.85e+00 |DRu|=3.23e+01)
  [PT] w_u=10.8479 w_v=12.5080 gamma=0.997 (tau_u=9.218e-02 tau_v=7.995e-02 |Du|=5.39e-01 |DRu|=1.74e+00)
  [PT] w_u=11.3852 w_v=13.2032 gamma=0.999 (tau_u=8.783e-02 tau_v=7.574e-02 |Du|=7.16e+00 |DRu|=3.24e+01)
  [PT] w_u=10.4844 w_v=11.8657 gamma=0.997 (tau_u=9.538e-02 tau_v=8.428e-02 |Du|=7.87e-01 |DRu|=1.94e+00)
  [PT] w_u=10.9745 w_v=12.5737 gamma=0.999 (tau_u=9.112e-02 tau_v=7.953e-02 |Du|=7.72e+00 |DRu|=3.36e+01)
  [PT] w_u=9.9072 w_v=12.1411 gamma=0.998 (tau_u=1.009e-01 tau_v=8.236e-02 |Du|=7.64e-01 |DRu|=1.75e+00)
  [PT] w_u=10.4364 w_v=12.8703 gamma=0.999 (tau_u=9.582e-02 tau_v=7.770e-02 |Du|=7.25e+00 |DRu|=3.25e+01)
  [PT] w_u=9.5091 w_v=12.6667 gamma=0.998 (tau_u=1.052e-01 tau_v=7.895e-02 |Du|=1.54e+00 |DRu|=3.53e+00)
  [PT] w_u=10.0395 w_v=13.4097 gamma=0.998 (tau_u=9.961e-02 tau_v=7.457e-02 |Du|=7.09e+00 |DRu|=3.18e+01)
  [PT] w_u=8.9707 w_v=12.3582 gamma=0.997 (tau_u=1.115e-01 tau_v=8.092e-02 |Du|=2.51e+00 |DRu|=5.36e+00)
[Adam] ep=  540  total=1.246e-01  PDE=2.687e-02 [colloc=2.556e-02, cfd=1.307e-03] (w=1.391)  IN=5.099e-02 (w=1.246)  TB=2.594e-02 (w=0.904)  WALL=5.133e-16 (w=0.200)  OUT=8.979e-04 (w=0.200)  DATA=1.180e-01 (w=0.000)  DATA_P=0.000e+00 (w=1.000)
  [PT] w_u=9.5612 w_v=13.1472 gamma=0.999 (tau_u=1.046e-01 tau_v=7.606e-02 |Du|=6.67e+00 |DRu|=3.23e+01)
  [PT] w_u=9.1647 w_v=11.7898 gamma=0.998 (tau_u=1.091e-01 tau_v=8.482e-02 |Du|=2.00e+00 |DRu|=5.16e+00)
  [PT] w_u=9.7881 w_v=12.5455 gamma=0.999 (tau_u=1.022e-01 tau_v=7.971e-02 |Du|=6.55e+00 |DRu|=3.29e+01)
  [PT] w_u=9.1161 w_v=11.2882 gamma=0.998 (tau_u=1.097e-01 tau_v=8.859e-02 |Du|=2.24e+00 |DRu|=5.32e+00)
  [PT] w_u=9.7376 w_v=11.9812 gamma=0.996 (tau_u=1.027e-01 tau_v=8.346e-02 |Du|=6.14e+00 |DRu|=3.07e+01)
  [PT] w_u=9.1131 w_v=10.8682 gamma=0.995 (tau_u=1.097e-01 tau_v=9.201e-02 |Du|=2.05e+00 |DRu|=4.91e+00)
  [PT] w_u=9.7486 w_v=11.5290 gamma=1.000 (tau_u=1.026e-01 tau_v=8.674e-02 |Du|=6.36e+00 |DRu|=3.25e+01)
  [PT] w_u=9.2703 w_v=10.7304 gamma=0.999 (tau_u=1.079e-01 tau_v=9.319e-02 |Du|=1.16e+00 |DRu|=2.94e+00)
  [PT] w_u=9.9107 w_v=11.3655 gamma=0.995 (tau_u=1.009e-01 tau_v=8.799e-02 |Du|=6.11e+00 |DRu|=3.12e+01)
  [PT] w_u=9.5240 w_v=10.7928 gamma=0.992 (tau_u=1.050e-01 tau_v=9.265e-02 |Du|=8.77e-01 |DRu|=2.32e+00)
  [PT] w_u=10.1677 w_v=11.4871 gamma=1.000 (tau_u=9.835e-02 tau_v=8.705e-02 |Du|=6.23e+00 |DRu|=3.18e+01)
  [PT] w_u=10.0937 w_v=10.7115 gamma=1.000 (tau_u=9.907e-02 tau_v=9.336e-02 |Du|=5.00e-01 |DRu|=1.54e+00)
  [PT] w_u=10.7156 w_v=11.3794 gamma=0.993 (tau_u=9.332e-02 tau_v=8.788e-02 |Du|=6.33e+00 |DRu|=3.09e+01)
  [PT] w_u=10.5155 w_v=10.1494 gamma=0.989 (tau_u=9.510e-02 tau_v=9.853e-02 |Du|=8.24e-01 |DRu|=2.46e+00)
  [PT] w_u=11.0855 w_v=10.7966 gamma=1.000 (tau_u=9.021e-02 tau_v=9.262e-02 |Du|=6.68e+00 |DRu|=3.11e+01)
  [PT] w_u=10.7706 w_v=10.3804 gamma=0.999 (tau_u=9.285e-02 tau_v=9.634e-02 |Du|=6.95e-01 |DRu|=2.03e+00)
  [PT] w_u=11.3433 w_v=11.0159 gamma=0.995 (tau_u=8.816e-02 tau_v=9.078e-02 |Du|=6.88e+00 |DRu|=3.20e+01)
  [PT] w_u=10.2929 w_v=10.6836 gamma=0.990 (tau_u=9.715e-02 tau_v=9.360e-02 |Du|=6.92e-01 |DRu|=1.63e+00)
  [PT] w_u=10.8749 w_v=11.3484 gamma=1.000 (tau_u=9.195e-02 tau_v=8.812e-02 |Du|=6.66e+00 |DRu|=3.13e+01)
  [PT] w_u=10.0727 w_v=11.5474 gamma=1.000 (tau_u=9.928e-02 tau_v=8.660e-02 |Du|=8.40e-01 |DRu|=2.07e+00)
[Adam] ep=  560  total=1.291e-01  PDE=3.316e-02 [colloc=3.191e-02, cfd=1.246e-03] (w=1.376)  IN=4.880e-02 (w=1.248)  TB=2.510e-02 (w=0.893)  WALL=6.605e-16 (w=0.200)  OUT=8.385e-04 (w=0.200)  DATA=1.202e-01 (w=0.000)  DATA_P=0.000e+00 (w=1.000)
  [PT] w_u=10.6637 w_v=12.1923 gamma=0.994 (tau_u=9.378e-02 tau_v=8.202e-02 |Du|=6.89e+00 |DRu|=3.26e+01)
  [PT] w_u=10.0543 w_v=12.0444 gamma=0.990 (tau_u=9.946e-02 tau_v=8.303e-02 |Du|=6.41e-01 |DRu|=1.64e+00)
  [PT] w_u=10.6660 w_v=12.7239 gamma=1.000 (tau_u=9.376e-02 tau_v=7.859e-02 |Du|=6.45e+00 |DRu|=3.13e+01)
  [PT] w_u=10.0824 w_v=11.8734 gamma=0.999 (tau_u=9.918e-02 tau_v=8.422e-02 |Du|=8.59e-01 |DRu|=2.23e+00)
  [PT] w_u=10.6873 w_v=12.5450 gamma=0.993 (tau_u=9.357e-02 tau_v=7.971e-02 |Du|=6.46e+00 |DRu|=3.10e+01)
  [PT] w_u=10.6150 w_v=11.0245 gamma=0.988 (tau_u=9.421e-02 tau_v=9.071e-02 |Du|=8.12e-01 |DRu|=2.55e+00)
  [PT] w_u=11.2236 w_v=11.6640 gamma=1.000 (tau_u=8.910e-02 tau_v=8.573e-02 |Du|=6.17e+00 |DRu|=2.97e+01)
  [PT] w_u=11.1172 w_v=10.4488 gamma=0.999 (tau_u=8.995e-02 tau_v=9.570e-02 |Du|=7.86e-01 |DRu|=2.51e+00)
  [PT] w_u=11.7009 w_v=11.0382 gamma=0.991 (tau_u=8.546e-02 tau_v=9.059e-02 |Du|=6.32e+00 |DRu|=2.96e+01)
  [PT] w_u=11.7227 w_v=10.0012 gamma=0.988 (tau_u=8.530e-02 tau_v=9.999e-02 |Du|=9.52e-01 |DRu|=3.27e+00)
  [PT] w_u=12.2038 w_v=10.5681 gamma=1.000 (tau_u=8.194e-02 tau_v=9.462e-02 |Du|=6.80e+00 |DRu|=2.99e+01)
  [PT] w_u=11.3873 w_v=9.7485 gamma=0.999 (tau_u=8.782e-02 tau_v=1.026e-01 |Du|=7.89e-01 |DRu|=2.10e+00)
  [PT] w_u=11.8900 w_v=10.2770 gamma=0.995 (tau_u=8.410e-02 tau_v=9.731e-02 |Du|=7.15e+00 |DRu|=3.17e+01)
  [PT] w_u=10.8259 w_v=10.6813 gamma=0.990 (tau_u=9.237e-02 tau_v=9.362e-02 |Du|=8.64e-01 |DRu|=2.11e+00)
  [PT] w_u=11.3146 w_v=11.2028 gamma=1.000 (tau_u=8.838e-02 tau_v=8.926e-02 |Du|=6.93e+00 |DRu|=3.02e+01)
  [PT] w_u=10.9893 w_v=10.9801 gamma=1.000 (tau_u=9.100e-02 tau_v=9.107e-02 |Du|=5.02e-01 |DRu|=1.48e+00)
  [PT] w_u=11.4881 w_v=11.5533 gamma=0.990 (tau_u=8.705e-02 tau_v=8.656e-02 |Du|=6.72e+00 |DRu|=2.95e+01)
  [PT] w_u=11.2870 w_v=11.1036 gamma=0.987 (tau_u=8.860e-02 tau_v=9.006e-02 |Du|=5.42e-01 |DRu|=1.68e+00)
  [PT] w_u=11.7636 w_v=11.7505 gamma=1.000 (tau_u=8.501e-02 tau_v=8.510e-02 |Du|=6.85e+00 |DRu|=2.98e+01)
  [PT] w_u=11.1462 w_v=11.8634 gamma=1.000 (tau_u=8.972e-02 tau_v=8.429e-02 |Du|=5.25e-01 |DRu|=1.44e+00)
[Adam] ep=  580  total=1.298e-01  PDE=3.332e-02 [colloc=3.206e-02, cfd=1.264e-03] (w=1.348)  IN=5.067e-02 (w=1.244)  TB=2.465e-02 (w=0.880)  WALL=6.431e-16 (w=0.200)  OUT=7.807e-04 (w=0.200)  DATA=1.257e-01 (w=0.000)  DATA_P=0.000e+00 (w=1.000)
  [PT] w_u=11.6796 w_v=12.4796 gamma=0.988 (tau_u=8.562e-02 tau_v=8.013e-02 |Du|=6.41e+00 |DRu|=2.89e+01)
  [PT] w_u=11.4379 w_v=11.3285 gamma=0.985 (tau_u=8.743e-02 tau_v=8.827e-02 |Du|=6.80e-01 |DRu|=2.10e+00)
  [PT] w_u=11.9492 w_v=11.9956 gamma=1.000 (tau_u=8.369e-02 tau_v=8.336e-02 |Du|=6.55e+00 |DRu|=2.93e+01)
  [PT] w_u=11.8320 w_v=10.7125 gamma=0.999 (tau_u=8.452e-02 tau_v=9.335e-02 |Du|=1.00e+00 |DRu|=3.31e+00)
  [PT] w_u=12.3035 w_v=11.3501 gamma=0.993 (tau_u=8.128e-02 tau_v=8.810e-02 |Du|=6.97e+00 |DRu|=3.04e+01)
  [PT] w_u=12.1046 w_v=10.1161 gamma=0.990 (tau_u=8.261e-02 tau_v=9.885e-02 |Du|=1.84e+00 |DRu|=5.95e+00)
  [PT] w_u=12.4551 w_v=10.7061 gamma=1.000 (tau_u=8.029e-02 tau_v=9.340e-02 |Du|=7.12e+00 |DRu|=2.92e+01)
  [PT] w_u=11.5597 w_v=10.0046 gamma=0.999 (tau_u=8.651e-02 tau_v=9.995e-02 |Du|=2.11e+00 |DRu|=5.58e+00)
  [PT] w_u=11.8705 w_v=10.4775 gamma=0.989 (tau_u=8.424e-02 tau_v=9.544e-02 |Du|=7.52e+00 |DRu|=2.96e+01)
  [PT] w_u=10.6184 w_v=9.8591 gamma=0.991 (tau_u=9.418e-02 tau_v=1.014e-01 |Du|=3.33e+00 |DRu|=7.73e+00)
  [PT] w_u=11.0281 w_v=10.4084 gamma=1.000 (tau_u=9.068e-02 tau_v=9.608e-02 |Du|=7.36e+00 |DRu|=3.03e+01)
  [PT] w_u=9.7362 w_v=10.6061 gamma=0.998 (tau_u=1.027e-01 tau_v=9.429e-02 |Du|=3.10e+00 |DRu|=6.74e+00)
  [PT] w_u=10.2598 w_v=11.1430 gamma=0.996 (tau_u=9.747e-02 tau_v=8.974e-02 |Du|=7.09e+00 |DRu|=3.16e+01)
  [PT] w_u=8.8151 w_v=11.1846 gamma=0.996 (tau_u=1.134e-01 tau_v=8.941e-02 |Du|=3.85e+00 |DRu|=7.57e+00)
  [PT] w_u=9.4380 w_v=11.8172 gamma=0.999 (tau_u=1.060e-01 tau_v=8.462e-02 |Du|=5.93e+00 |DRu|=3.02e+01)
  [PT] w_u=8.5030 w_v=12.0922 gamma=0.996 (tau_u=1.176e-01 tau_v=8.270e-02 |Du|=3.74e+00 |DRu|=7.92e+00)
  [PT] w_u=9.0804 w_v=12.6547 gamma=0.997 (tau_u=1.101e-01 tau_v=7.902e-02 |Du|=6.07e+00 |DRu|=2.93e+01)
  [PT] w_u=8.2374 w_v=11.4823 gamma=0.994 (tau_u=1.214e-01 tau_v=8.709e-02 |Du|=2.71e+00 |DRu|=5.72e+00)
  [PT] w_u=8.8369 w_v=12.1145 gamma=0.999 (tau_u=1.132e-01 tau_v=8.255e-02 |Du|=6.08e+00 |DRu|=3.08e+01)
  [PT] w_u=8.7799 w_v=10.9663 gamma=0.996 (tau_u=1.139e-01 tau_v=9.119e-02 |Du|=1.46e+00 |DRu|=4.21e+00)
[Adam] ep=  600  total=1.100e-01  PDE=2.802e-02 [colloc=2.675e-02, cfd=1.272e-03] (w=1.348)  IN=4.268e-02 (w=1.239)  TB=2.226e-02 (w=0.861)  WALL=6.034e-16 (w=0.200)  OUT=7.528e-04 (w=0.200)  DATA=1.179e-01 (w=0.000)  DATA_P=0.000e+00 (w=1.000)
  [PT] w_u=9.3659 w_v=11.5105 gamma=0.998 (tau_u=1.068e-01 tau_v=8.688e-02 |Du|=6.11e+00 |DRu|=2.96e+01)
  [PT] w_u=9.4611 w_v=10.3895 gamma=0.997 (tau_u=1.057e-01 tau_v=9.625e-02 |Du|=1.23e+00 |DRu|=3.98e+00)
  [PT] w_u=10.0600 w_v=10.8851 gamma=0.996 (tau_u=9.940e-02 tau_v=9.187e-02 |Du|=6.12e+00 |DRu|=2.95e+01)
  [PT] w_u=9.9166 w_v=9.7497 gamma=0.993 (tau_u=1.008e-01 tau_v=1.026e-01 |Du|=9.52e-01 |DRu|=2.81e+00)
  [PT] w_u=10.5288 w_v=10.2685 gamma=0.999 (tau_u=9.498e-02 tau_v=9.739e-02 |Du|=6.26e+00 |DRu|=3.05e+01)
  [PT] w_u=9.3326 w_v=10.5729 gamma=0.998 (tau_u=1.072e-01 tau_v=9.458e-02 |Du|=9.96e-01 |DRu|=2.14e+00)
  [PT] w_u=9.8858 w_v=11.0445 gamma=0.995 (tau_u=1.012e-01 tau_v=9.054e-02 |Du|=6.40e+00 |DRu|=2.94e+01)
  [PT] w_u=8.9087 w_v=11.1711 gamma=0.992 (tau_u=1.123e-01 tau_v=8.952e-02 |Du|=1.28e+00 |DRu|=2.76e+00)
  [PT] w_u=9.4732 w_v=11.6553 gamma=0.999 (tau_u=1.056e-01 tau_v=8.580e-02 |Du|=6.22e+00 |DRu|=2.92e+01)
  [PT] w_u=8.6028 w_v=12.0951 gamma=0.997 (tau_u=1.162e-01 tau_v=8.268e-02 |Du|=1.22e+00 |DRu|=2.63e+00)
  [PT] w_u=9.1676 w_v=12.6096 gamma=0.995 (tau_u=1.091e-01 tau_v=7.930e-02 |Du|=6.07e+00 |DRu|=2.86e+01)
  [PT] w_u=8.5255 w_v=11.3882 gamma=0.992 (tau_u=1.173e-01 tau_v=8.781e-02 |Du|=7.87e-01 |DRu|=1.79e+00)
  [PT] w_u=9.1067 w_v=11.9707 gamma=0.999 (tau_u=1.098e-01 tau_v=8.354e-02 |Du|=6.16e+00 |DRu|=2.99e+01)
  [PT] w_u=8.2317 w_v=12.2856 gamma=0.997 (tau_u=1.215e-01 tau_v=8.140e-02 |Du|=1.32e+00 |DRu|=2.78e+00)
  [PT] w_u=8.7682 w_v=12.8437 gamma=0.995 (tau_u=1.140e-01 tau_v=7.786e-02 |Du|=6.27e+00 |DRu|=2.88e+01)
  [PT] w_u=8.0322 w_v=12.7955 gamma=0.993 (tau_u=1.245e-01 tau_v=7.815e-02 |Du|=1.34e+00 |DRu|=2.87e+00)
  [PT] w_u=8.5517 w_v=13.2602 gamma=0.998 (tau_u=1.169e-01 tau_v=7.541e-02 |Du|=6.50e+00 |DRu|=2.94e+01)
  [PT] w_u=8.2125 w_v=13.4885 gamma=0.993 (tau_u=1.218e-01 tau_v=7.414e-02 |Du|=1.09e+00 |DRu|=2.67e+00)
  [PT] w_u=8.7155 w_v=13.8032 gamma=0.997 (tau_u=1.147e-01 tau_v=7.245e-02 |Du|=6.46e+00 |DRu|=2.84e+01)
  [PT] w_u=8.5224 w_v=13.0504 gamma=0.994 (tau_u=1.173e-01 tau_v=7.663e-02 |Du|=5.23e-01 |DRu|=1.39e+00)
[Adam] ep=  620  total=1.075e-01  PDE=2.421e-02 [colloc=2.308e-02, cfd=1.124e-03] (w=1.344)  IN=4.626e-02 (w=1.218)  TB=2.174e-02 (w=0.850)  WALL=4.760e-16 (w=0.200)  OUT=7.522e-04 (w=0.200)  DATA=1.210e-01 (w=0.000)  DATA_P=0.000e+00 (w=1.000)
  [PT] w_u=9.0038 w_v=13.3186 gamma=0.997 (tau_u=1.111e-01 tau_v=7.508e-02 |Du|=6.70e+00 |DRu|=2.87e+01)
  [PT] w_u=8.7948 w_v=13.0295 gamma=0.994 (tau_u=1.137e-01 tau_v=7.675e-02 |Du|=5.37e-01 |DRu|=1.45e+00)
  [PT] w_u=9.2572 w_v=13.3346 gamma=0.996 (tau_u=1.080e-01 tau_v=7.499e-02 |Du|=6.58e+00 |DRu|=2.75e+01)
  [PT] w_u=9.6253 w_v=12.5918 gamma=0.990 (tau_u=1.039e-01 tau_v=7.942e-02 |Du|=5.25e-01 |DRu|=2.02e+00)
  [PT] w_u=10.0779 w_v=12.8788 gamma=0.997 (tau_u=9.923e-02 tau_v=7.765e-02 |Du|=6.77e+00 |DRu|=2.83e+01)
  [PT] w_u=9.9805 w_v=12.1803 gamma=0.995 (tau_u=1.002e-01 tau_v=8.210e-02 |Du|=7.69e-01 |DRu|=2.32e+00)
  [PT] w_u=10.4541 w_v=12.5166 gamma=0.994 (tau_u=9.566e-02 tau_v=7.989e-02 |Du|=6.43e+00 |DRu|=2.74e+01)
  [PT] w_u=10.7276 w_v=11.4225 gamma=0.991 (tau_u=9.322e-02 tau_v=8.755e-02 |Du|=6.66e-01 |DRu|=2.48e+00)
  [PT] w_u=11.1554 w_v=11.8133 gamma=0.996 (tau_u=8.964e-02 tau_v=8.465e-02 |Du|=6.35e+00 |DRu|=2.64e+01)
  [PT] w_u=10.6021 w_v=11.0383 gamma=0.995 (tau_u=9.432e-02 tau_v=9.059e-02 |Du|=1.46e+00 |DRu|=3.95e+00)
  [PT] w_u=11.1335 w_v=11.4816 gamma=0.994 (tau_u=8.982e-02 tau_v=8.710e-02 |Du|=6.19e+00 |DRu|=2.78e+01)
  [PT] w_u=10.1120 w_v=11.1980 gamma=0.992 (tau_u=9.889e-02 tau_v=8.930e-02 |Du|=2.05e+00 |DRu|=4.80e+00)
  [PT] w_u=10.6789 w_v=11.6813 gamma=0.997 (tau_u=9.364e-02 tau_v=8.561e-02 |Du|=6.08e+00 |DRu|=2.82e+01)
  [PT] w_u=9.2336 w_v=11.5409 gamma=0.995 (tau_u=1.083e-01 tau_v=8.665e-02 |Du|=2.21e+00 |DRu|=4.51e+00)
  [PT] w_u=9.8080 w_v=12.0730 gamma=0.992 (tau_u=1.020e-01 tau_v=8.283e-02 |Du|=5.89e+00 |DRu|=2.77e+01)
  [PT] w_u=8.8343 w_v=12.2051 gamma=0.990 (tau_u=1.132e-01 tau_v=8.193e-02 |Du|=1.65e+00 |DRu|=3.54e+00)
  [PT] w_u=9.3836 w_v=12.6560 gamma=0.998 (tau_u=1.066e-01 tau_v=7.901e-02 |Du|=5.92e+00 |DRu|=2.73e+01)
  [PT] w_u=8.3529 w_v=12.7035 gamma=0.997 (tau_u=1.197e-01 tau_v=7.872e-02 |Du|=1.76e+00 |DRu|=3.61e+00)
  [PT] w_u=8.8481 w_v=13.1027 gamma=0.991 (tau_u=1.130e-01 tau_v=7.632e-02 |Du|=6.30e+00 |DRu|=2.73e+01)
  [PT] w_u=7.8473 w_v=12.8908 gamma=0.987 (tau_u=1.274e-01 tau_v=7.757e-02 |Du|=2.71e+00 |DRu|=5.30e+00)
[Adam] ep=  640  total=1.014e-01  PDE=1.990e-02 [colloc=1.874e-02, cfd=1.164e-03] (w=1.299)  IN=4.689e-02 (w=1.224)  TB=2.128e-02 (w=0.846)  WALL=3.461e-16 (w=0.200)  OUT=6.574e-04 (w=0.200)  DATA=1.228e-01 (w=0.000)  DATA_P=0.000e+00 (w=1.000)
  [PT] w_u=8.3388 w_v=13.3029 gamma=0.999 (tau_u=1.199e-01 tau_v=7.517e-02 |Du|=6.67e+00 |DRu|=2.92e+01)
  [PT] w_u=7.8815 w_v=13.4835 gamma=0.997 (tau_u=1.269e-01 tau_v=7.416e-02 |Du|=1.96e+00 |DRu|=4.51e+00)
  [PT] w_u=8.3437 w_v=13.7838 gamma=0.992 (tau_u=1.199e-01 tau_v=7.255e-02 |Du|=6.65e+00 |DRu|=2.78e+01)
  [PT] w_u=7.9112 w_v=12.7525 gamma=0.989 (tau_u=1.264e-01 tau_v=7.842e-02 |Du|=1.76e+00 |DRu|=4.06e+00)
  [PT] w_u=8.3639 w_v=13.0305 gamma=0.997 (tau_u=1.196e-01 tau_v=7.674e-02 |Du|=6.56e+00 |DRu|=2.72e+01)
  [PT] w_u=8.4200 w_v=12.7088 gamma=0.995 (tau_u=1.188e-01 tau_v=7.869e-02 |Du|=1.44e+00 |DRu|=4.30e+00)
  [PT] w_u=8.8705 w_v=13.0451 gamma=0.995 (tau_u=1.127e-01 tau_v=7.666e-02 |Du|=6.60e+00 |DRu|=2.72e+01)
  [PT] w_u=8.5523 w_v=11.9230 gamma=0.994 (tau_u=1.169e-01 tau_v=8.387e-02 |Du|=1.31e+00 |DRu|=3.33e+00)
  [PT] w_u=9.0464 w_v=12.3221 gamma=0.996 (tau_u=1.105e-01 tau_v=8.116e-02 |Du|=6.26e+00 |DRu|=2.71e+01)
  [PT] w_u=9.5092 w_v=11.0944 gamma=0.994 (tau_u=1.052e-01 tau_v=9.014e-02 |Du|=6.88e-01 |DRu|=2.88e+00)
  [PT] w_u=10.0086 w_v=11.5576 gamma=0.996 (tau_u=9.991e-02 tau_v=8.652e-02 |Du|=6.28e+00 |DRu|=2.73e+01)
  [PT] w_u=10.0681 w_v=10.7330 gamma=0.994 (tau_u=9.932e-02 tau_v=9.317e-02 |Du|=9.66e-01 |DRu|=3.14e+00)
  [PT] w_u=10.6152 w_v=11.1940 gamma=0.994 (tau_u=9.420e-02 tau_v=8.933e-02 |Du|=5.96e+00 |DRu|=2.71e+01)
  [PT] w_u=11.2341 w_v=10.9920 gamma=0.989 (tau_u=8.901e-02 tau_v=9.098e-02 |Du|=4.90e-01 |DRu|=2.37e+00)
  [PT] w_u=11.7584 w_v=11.5364 gamma=0.997 (tau_u=8.505e-02 tau_v=8.668e-02 |Du|=6.08e+00 |DRu|=2.73e+01)
  [PT] w_u=10.0140 w_v=10.4323 gamma=0.994 (tau_u=9.986e-02 tau_v=9.586e-02 |Du|=9.14e-01 |DRu|=1.89e+00)
  [PT] w_u=10.5309 w_v=11.0088 gamma=0.990 (tau_u=9.496e-02 tau_v=9.084e-02 |Du|=6.26e+00 |DRu|=2.76e+01)
  [PT] w_u=10.9541 w_v=11.6640 gamma=0.987 (tau_u=9.129e-02 tau_v=8.573e-02 |Du|=3.84e-01 |DRu|=1.58e+00)
  [PT] w_u=11.4610 w_v=12.2770 gamma=0.997 (tau_u=8.725e-02 tau_v=8.145e-02 |Du|=6.21e+00 |DRu|=2.75e+01)
  [PT] w_u=9.6055 w_v=12.1590 gamma=0.996 (tau_u=1.041e-01 tau_v=8.224e-02 |Du|=1.05e+00 |DRu|=2.08e+00)
[Adam] ep=  660  total=1.036e-01  PDE=2.476e-02 [colloc=2.364e-02, cfd=1.115e-03] (w=1.292)  IN=4.564e-02 (w=1.221)  TB=1.919e-02 (w=0.822)  WALL=4.637e-16 (w=0.200)  OUT=6.433e-04 (w=0.200)  DATA=1.242e-01 (w=0.000)  DATA_P=0.000e+00 (w=1.000)
  [PT] w_u=10.1224 w_v=12.7559 gamma=0.989 (tau_u=9.879e-02 tau_v=7.840e-02 |Du|=6.23e+00 |DRu|=2.74e+01)
  [PT] w_u=8.8392 w_v=11.9249 gamma=0.982 (tau_u=1.131e-01 tau_v=8.386e-02 |Du|=1.69e+00 |DRu|=3.41e+00)
  [PT] w_u=9.4052 w_v=12.5203 gamma=0.998 (tau_u=1.063e-01 tau_v=7.987e-02 |Du|=5.85e+00 |DRu|=2.75e+01)
  [PT] w_u=8.3493 w_v=11.4307 gamma=0.997 (tau_u=1.198e-01 tau_v=8.748e-02 |Du|=1.02e+00 |DRu|=2.08e+00)
  [PT] w_u=8.8812 w_v=12.0314 gamma=0.992 (tau_u=1.126e-01 tau_v=8.312e-02 |Du|=6.27e+00 |DRu|=2.85e+01)
  [PT] w_u=8.6699 w_v=10.8438 gamma=0.989 (tau_u=1.153e-01 tau_v=9.222e-02 |Du|=1.24e+00 |DRu|=3.30e+00)
  [PT] w_u=9.2239 w_v=11.4278 gamma=0.998 (tau_u=1.084e-01 tau_v=8.751e-02 |Du|=6.03e+00 |DRu|=2.81e+01)
  [PT] w_u=8.0760 w_v=10.3760 gamma=0.995 (tau_u=1.238e-01 tau_v=9.638e-02 |Du|=1.72e+00 |DRu|=3.35e+00)
  [PT] w_u=8.6083 w_v=10.9667 gamma=0.996 (tau_u=1.162e-01 tau_v=9.118e-02 |Du|=6.19e+00 |DRu|=2.84e+01)
  [PT] w_u=8.3247 w_v=11.2368 gamma=0.993 (tau_u=1.201e-01 tau_v=8.899e-02 |Du|=1.01e+00 |DRu|=2.54e+00)
  [PT] w_u=8.8511 w_v=11.7435 gamma=0.996 (tau_u=1.130e-01 tau_v=8.515e-02 |Du|=6.13e+00 |DRu|=2.77e+01)
  [PT] w_u=8.2091 w_v=11.4566 gamma=0.996 (tau_u=1.218e-01 tau_v=8.729e-02 |Du|=6.46e-01 |DRu|=1.44e+00)
  [PT] w_u=8.7526 w_v=12.0650 gamma=0.994 (tau_u=1.143e-01 tau_v=8.288e-02 |Du|=5.85e+00 |DRu|=2.71e+01)
  [PT] w_u=8.7190 w_v=11.7062 gamma=0.990 (tau_u=1.147e-01 tau_v=8.542e-02 |Du|=6.66e-01 |DRu|=1.92e+00)
  [PT] w_u=9.3008 w_v=12.3254 gamma=0.997 (tau_u=1.075e-01 tau_v=8.113e-02 |Du|=5.78e+00 |DRu|=2.78e+01)
  [PT] w_u=8.1722 w_v=11.6406 gamma=0.995 (tau_u=1.224e-01 tau_v=8.591e-02 |Du|=6.50e-01 |DRu|=1.28e+00)
  [PT] w_u=8.7487 w_v=12.2518 gamma=0.994 (tau_u=1.143e-01 tau_v=8.162e-02 |Du|=5.62e+00 |DRu|=2.74e+01)
  [PT] w_u=7.4257 w_v=11.6529 gamma=0.990 (tau_u=1.347e-01 tau_v=8.582e-02 |Du|=1.56e+00 |DRu|=2.75e+00)
  [PT] w_u=7.9857 w_v=12.2706 gamma=0.998 (tau_u=1.252e-01 tau_v=8.150e-02 |Du|=5.59e+00 |DRu|=2.78e+01)
  [PT] w_u=7.5712 w_v=10.8509 gamma=0.997 (tau_u=1.321e-01 tau_v=9.216e-02 |Du|=9.61e-01 |DRu|=2.18e+00)
[Adam] ep=  680  total=9.981e-02  PDE=2.652e-02 [colloc=2.539e-02, cfd=1.121e-03] (w=1.322)  IN=4.109e-02 (w=1.193)  TB=1.899e-02 (w=0.823)  WALL=5.576e-16 (w=0.200)  OUT=6.055e-04 (w=0.200)  DATA=1.186e-01 (w=0.000)  DATA_P=0.000e+00 (w=1.000)
  [PT] w_u=8.1507 w_v=11.5274 gamma=0.992 (tau_u=1.227e-01 tau_v=8.675e-02 |Du|=5.39e+00 |DRu|=2.75e+01)
  [PT] w_u=7.3787 w_v=11.5882 gamma=0.987 (tau_u=1.355e-01 tau_v=8.629e-02 |Du|=1.38e+00 |DRu|=2.74e+00)
  [PT] w_u=7.9571 w_v=12.2192 gamma=0.999 (tau_u=1.257e-01 tau_v=8.184e-02 |Du|=5.51e+00 |DRu|=2.86e+01)
  [PT] w_u=7.2612 w_v=11.6665 gamma=0.999 (tau_u=1.377e-01 tau_v=8.572e-02 |Du|=1.80e+00 |DRu|=3.63e+00)
  [PT] w_u=7.7940 w_v=12.2209 gamma=0.984 (tau_u=1.283e-01 tau_v=8.183e-02 |Du|=5.43e+00 |DRu|=2.58e+01)
  [PT] w_u=7.3648 w_v=10.9329 gamma=0.982 (tau_u=1.358e-01 tau_v=9.147e-02 |Du|=2.44e+00 |DRu|=5.36e+00)
  [PT] w_u=7.9273 w_v=11.5630 gamma=1.000 (tau_u=1.261e-01 tau_v=8.648e-02 |Du|=5.46e+00 |DRu|=2.75e+01)
  [PT] w_u=7.5222 w_v=10.5671 gamma=0.999 (tau_u=1.329e-01 tau_v=9.463e-02 |Du|=1.82e+00 |DRu|=4.12e+00)
  [PT] w_u=8.0803 w_v=11.1100 gamma=0.992 (tau_u=1.238e-01 tau_v=9.001e-02 |Du|=5.80e+00 |DRu|=2.85e+01)
  [PT] w_u=7.6177 w_v=10.2858 gamma=0.990 (tau_u=1.313e-01 tau_v=9.722e-02 |Du|=2.72e+00 |DRu|=6.06e+00)
  [PT] w_u=8.1652 w_v=10.7156 gamma=0.999 (tau_u=1.225e-01 tau_v=9.332e-02 |Du|=5.83e+00 |DRu|=2.80e+01)
  [PT] w_u=7.5482 w_v=9.9097 gamma=0.996 (tau_u=1.325e-01 tau_v=1.009e-01 |Du|=2.00e+00 |DRu|=4.23e+00)
  [PT] w_u=8.0621 w_v=10.2688 gamma=0.997 (tau_u=1.240e-01 tau_v=9.738e-02 |Du|=6.20e+00 |DRu|=2.82e+01)
  [PT] w_u=7.3483 w_v=10.4390 gamma=0.996 (tau_u=1.361e-01 tau_v=9.579e-02 |Du|=1.72e+00 |DRu|=3.46e+00)
  [PT] w_u=7.8355 w_v=10.6743 gamma=0.993 (tau_u=1.276e-01 tau_v=9.368e-02 |Du|=5.96e+00 |DRu|=2.62e+01)
  [PT] w_u=7.5106 w_v=11.2440 gamma=0.988 (tau_u=1.331e-01 tau_v=8.894e-02 |Du|=1.68e+00 |DRu|=3.89e+00)
  [PT] w_u=7.9931 w_v=11.3680 gamma=1.000 (tau_u=1.251e-01 tau_v=8.797e-02 |Du|=6.33e+00 |DRu|=2.75e+01)
  [PT] w_u=7.8270 w_v=10.6737 gamma=0.999 (tau_u=1.278e-01 tau_v=9.369e-02 |Du|=1.03e+00 |DRu|=2.65e+00)
  [PT] w_u=8.3231 w_v=10.9325 gamma=0.989 (tau_u=1.201e-01 tau_v=9.147e-02 |Du|=6.12e+00 |DRu|=2.68e+01)
  [PT] w_u=8.1090 w_v=10.7919 gamma=0.982 (tau_u=1.233e-01 tau_v=9.266e-02 |Du|=1.56e+00 |DRu|=3.98e+00)
[Adam] ep=  700  total=8.289e-02  PDE=1.630e-02 [colloc=1.519e-02, cfd=1.111e-03] (w=1.351)  IN=3.845e-02 (w=1.178)  TB=1.898e-02 (w=0.813)  WALL=2.821e-16 (w=0.200)  OUT=5.792e-04 (w=0.200)  DATA=1.125e-01 (w=0.000)  DATA_P=0.000e+00 (w=1.000)
  [PT] w_u=8.5380 w_v=10.9259 gamma=0.999 (tau_u=1.171e-01 tau_v=9.153e-02 |Du|=6.31e+00 |DRu|=2.55e+01)
  [PT] w_u=7.8782 w_v=10.7391 gamma=0.998 (tau_u=1.269e-01 tau_v=9.312e-02 |Du|=1.53e+00 |DRu|=3.30e+00)
  [PT] w_u=8.3247 w_v=10.8929 gamma=0.989 (tau_u=1.201e-01 tau_v=9.180e-02 |Du|=6.30e+00 |DRu|=2.58e+01)
  [PT] w_u=8.2777 w_v=11.0215 gamma=0.989 (tau_u=1.208e-01 tau_v=9.073e-02 |Du|=1.51e+00 |DRu|=4.21e+00)
  [PT] w_u=8.6369 w_v=11.0721 gamma=0.998 (tau_u=1.158e-01 tau_v=9.032e-02 |Du|=7.07e+00 |DRu|=2.66e+01)
  [PT] w_u=8.0338 w_v=10.6044 gamma=0.996 (tau_u=1.245e-01 tau_v=9.430e-02 |Du|=1.76e+00 |DRu|=3.90e+00)
  [PT] w_u=8.4207 w_v=10.7499 gamma=0.991 (tau_u=1.188e-01 tau_v=9.302e-02 |Du|=7.07e+00 |DRu|=2.71e+01)
  [PT] w_u=8.5614 w_v=10.3046 gamma=0.992 (tau_u=1.168e-01 tau_v=9.704e-02 |Du|=1.24e+00 |DRu|=3.91e+00)
  [PT] w_u=8.7652 w_v=10.4231 gamma=0.995 (tau_u=1.141e-01 tau_v=9.594e-02 |Du|=7.85e+00 |DRu|=2.61e+01)
  [PT] w_u=9.5354 w_v=11.3299 gamma=0.991 (tau_u=1.049e-01 tau_v=8.826e-02 |Du|=3.12e-01 |DRu|=2.10e+00)
  [PT] w_u=9.6654 w_v=11.3097 gamma=0.995 (tau_u=1.035e-01 tau_v=8.842e-02 |Du|=7.98e+00 |DRu|=2.64e+01)
  [PT] w_u=8.6376 w_v=11.3711 gamma=0.991 (tau_u=1.158e-01 tau_v=8.794e-02 |Du|=1.33e+00 |DRu|=2.78e+00)
  [PT] w_u=8.9456 w_v=11.4102 gamma=0.992 (tau_u=1.118e-01 tau_v=8.764e-02 |Du|=6.95e+00 |DRu|=2.51e+01)
  [PT] w_u=8.1357 w_v=9.9400 gamma=0.986 (tau_u=1.229e-01 tau_v=1.006e-01 |Du|=1.89e+00 |DRu|=3.98e+00)
  [PT] w_u=8.5622 w_v=10.1042 gamma=0.997 (tau_u=1.168e-01 tau_v=9.897e-02 |Du|=6.12e+00 |DRu|=2.46e+01)
  [PT] w_u=7.8968 w_v=10.4406 gamma=0.992 (tau_u=1.266e-01 tau_v=9.578e-02 |Du|=9.83e-01 |DRu|=2.11e+00)
  [PT] w_u=8.3214 w_v=10.5213 gamma=0.994 (tau_u=1.202e-01 tau_v=9.504e-02 |Du|=6.21e+00 |DRu|=2.49e+01)
  [PT] w_u=8.2622 w_v=9.8829 gamma=0.996 (tau_u=1.210e-01 tau_v=1.012e-01 |Du|=1.22e+00 |DRu|=3.39e+00)
  [PT] w_u=8.6531 w_v=9.9743 gamma=0.990 (tau_u=1.156e-01 tau_v=1.003e-01 |Du|=6.18e+00 |DRu|=2.39e+01)
  [PT] w_u=8.4130 w_v=9.5751 gamma=0.988 (tau_u=1.189e-01 tau_v=1.044e-01 |Du|=2.30e+00 |DRu|=5.93e+00)
[Adam] ep=  720  total=8.522e-02  PDE=1.806e-02 [colloc=1.694e-02, cfd=1.121e-03] (w=1.293)  IN=3.935e-02 (w=1.203)  TB=1.775e-02 (w=0.811)  WALL=3.093e-16 (w=0.200)  OUT=5.935e-04 (w=0.200)  DATA=1.139e-01 (w=0.000)  DATA_P=0.000e+00 (w=1.000)
  [PT] w_u=8.7644 w_v=9.5485 gamma=0.997 (tau_u=1.141e-01 tau_v=1.047e-01 |Du|=6.72e+00 |DRu|=2.52e+01)
  [PT] w_u=9.1646 w_v=9.2159 gamma=0.997 (tau_u=1.091e-01 tau_v=1.085e-01 |Du|=1.49e+00 |DRu|=5.87e+00)
  [PT] w_u=9.4445 w_v=9.2049 gamma=0.990 (tau_u=1.059e-01 tau_v=1.086e-01 |Du|=6.87e+00 |DRu|=2.47e+01)
  [PT] w_u=9.4997 w_v=9.1477 gamma=0.995 (tau_u=1.053e-01 tau_v=1.093e-01 |Du|=2.92e+00 |DRu|=9.24e+00)
  [PT] w_u=8.9632 w_v=8.6475 gamma=0.998 (tau_u=1.116e-01 tau_v=1.156e-01 |Du|=1.15e+01 |DRu|=2.81e+01)
  [PT] w_u=8.1172 w_v=8.9665 gamma=0.990 (tau_u=1.232e-01 tau_v=1.115e-01 |Du|=7.06e+00 |DRu|=1.47e+01)
  [PT] w_u=8.4265 w_v=8.8883 gamma=0.998 (tau_u=1.187e-01 tau_v=1.125e-01 |Du|=6.53e+00 |DRu|=2.34e+01)
  [PT] w_u=7.3644 w_v=9.2619 gamma=0.994 (tau_u=1.358e-01 tau_v=1.080e-01 |Du|=4.93e+00 |DRu|=9.12e+00)
  [PT] w_u=7.7149 w_v=9.2006 gamma=0.994 (tau_u=1.296e-01 tau_v=1.087e-01 |Du|=6.48e+00 |DRu|=2.37e+01)
  [PT] w_u=7.5064 w_v=8.8649 gamma=0.994 (tau_u=1.332e-01 tau_v=1.128e-01 |Du|=2.57e+00 |DRu|=6.29e+00)
  [PT] w_u=7.9009 w_v=8.8134 gamma=0.994 (tau_u=1.266e-01 tau_v=1.135e-01 |Du|=6.24e+00 |DRu|=2.41e+01)
  [PT] w_u=8.2487 w_v=8.5143 gamma=0.997 (tau_u=1.212e-01 tau_v=1.174e-01 |Du|=2.68e+00 |DRu|=9.90e+00)
  [PT] w_u=8.4229 w_v=8.3057 gamma=0.988 (tau_u=1.187e-01 tau_v=1.204e-01 |Du|=7.52e+00 |DRu|=2.41e+01)
  [PT] w_u=9.1154 w_v=8.3158 gamma=0.996 (tau_u=1.097e-01 tau_v=1.203e-01 |Du|=1.84e+00 |DRu|=1.09e+01)
  [PT] w_u=8.8524 w_v=7.9289 gamma=1.000 (tau_u=1.130e-01 tau_v=1.261e-01 |Du|=1.32e+01 |DRu|=3.50e+01)
  [PT] w_u=9.0186 w_v=8.2499 gamma=1.000 (tau_u=1.109e-01 tau_v=1.212e-01 |Du|=7.91e+00 |DRu|=2.61e+01)
  [PT] w_u=8.5157 w_v=8.1907 gamma=1.000 (tau_u=1.174e-01 tau_v=1.221e-01 |Du|=1.07e+01 |DRu|=2.54e+01)
  [PT] w_u=8.8365 w_v=8.0126 gamma=1.000 (tau_u=1.132e-01 tau_v=1.248e-01 |Du|=6.56e+00 |DRu|=2.40e+01)
  [PT] w_u=8.7350 w_v=8.6232 gamma=1.000 (tau_u=1.145e-01 tau_v=1.160e-01 |Du|=2.02e+01 |DRu|=5.70e+01)
  [PT] w_u=8.6054 w_v=9.3077 gamma=1.000 (tau_u=1.162e-01 tau_v=1.074e-01 |Du|=8.33e+00 |DRu|=2.29e+01)
[Adam] ep=  740  total=2.952e-01  PDE=1.433e-01 [colloc=1.412e-01, cfd=2.010e-03] (w=1.721)  IN=2.973e-02 (w=1.131)  TB=1.928e-02 (w=0.770)  WALL=4.106e-15 (w=0.200)  OUT=8.063e-04 (w=0.200)  DATA=1.215e-01 (w=0.000)  DATA_P=0.000e+00 (w=1.000)
  [PT] w_u=8.8606 w_v=9.8877 gamma=1.000 (tau_u=1.129e-01 tau_v=1.011e-01 |Du|=5.40e+00 |DRu|=1.88e+01)
  [PT] w_u=8.8708 w_v=10.5074 gamma=0.952 (tau_u=1.127e-01 tau_v=9.517e-02 |Du|=1.65e+01 |DRu|=4.83e+01)
  [PT] w_u=8.0161 w_v=10.6663 gamma=1.000 (tau_u=1.247e-01 tau_v=9.375e-02 |Du|=3.56e+01 |DRu|=7.37e+01)
  [PT] w_u=7.3764 w_v=10.9273 gamma=1.000 (tau_u=1.356e-01 tau_v=9.151e-02 |Du|=1.60e+01 |DRu|=3.32e+01)
  [PT] w_u=7.6677 w_v=11.3466 gamma=1.000 (tau_u=1.304e-01 tau_v=8.813e-02 |Du|=4.47e+00 |DRu|=1.54e+01)
  [PT] w_u=7.7859 w_v=11.6525 gamma=1.000 (tau_u=1.284e-01 tau_v=8.582e-02 |Du|=1.59e+01 |DRu|=4.79e+01)
  [PT] w_u=7.4135 w_v=11.7510 gamma=1.000 (tau_u=1.349e-01 tau_v=8.510e-02 |Du|=3.06e+01 |DRu|=6.97e+01)
  [PT] w_u=7.1648 w_v=12.2180 gamma=1.000 (tau_u=1.396e-01 tau_v=8.185e-02 |Du|=2.06e+01 |DRu|=4.84e+01)
  [PT] w_u=7.4355 w_v=11.5938 gamma=1.000 (tau_u=1.345e-01 tau_v=8.625e-02 |Du|=5.54e+00 |DRu|=1.86e+01)
  [PT] w_u=7.2779 w_v=12.0955 gamma=1.000 (tau_u=1.374e-01 tau_v=8.268e-02 |Du|=1.31e+01 |DRu|=3.24e+01)
  [PT] w_u=6.6329 w_v=12.1977 gamma=0.996 (tau_u=1.508e-01 tau_v=8.198e-02 |Du|=2.39e+01 |DRu|=4.59e+01)
  [PT] w_u=6.3554 w_v=11.0882 gamma=1.000 (tau_u=1.573e-01 tau_v=9.019e-02 |Du|=2.46e+01 |DRu|=5.29e+01)
  [PT] w_u=6.1183 w_v=11.3188 gamma=1.000 (tau_u=1.634e-01 tau_v=8.835e-02 |Du|=1.10e+01 |DRu|=2.36e+01)
  [PT] w_u=6.3624 w_v=11.3128 gamma=1.000 (tau_u=1.572e-01 tau_v=8.840e-02 |Du|=3.75e+00 |DRu|=1.18e+01)
  [PT] w_u=6.7954 w_v=10.8693 gamma=1.000 (tau_u=1.472e-01 tau_v=9.200e-02 |Du|=5.57e+00 |DRu|=2.33e+01)
  [PT] w_u=6.9838 w_v=10.7615 gamma=1.000 (tau_u=1.432e-01 tau_v=9.292e-02 |Du|=1.00e+01 |DRu|=3.06e+01)
  [PT] w_u=6.9545 w_v=11.1107 gamma=1.000 (tau_u=1.438e-01 tau_v=9.000e-02 |Du|=1.50e+01 |DRu|=3.88e+01)
  [PT] w_u=6.6254 w_v=10.7329 gamma=1.000 (tau_u=1.509e-01 tau_v=9.317e-02 |Du|=1.41e+01 |DRu|=3.04e+01)
  [PT] w_u=6.1219 w_v=10.9938 gamma=1.000 (tau_u=1.633e-01 tau_v=9.096e-02 |Du|=8.58e+00 |DRu|=1.64e+01)
  [PT] w_u=6.3964 w_v=10.5313 gamma=1.000 (tau_u=1.563e-01 tau_v=9.495e-02 |Du|=5.84e+00 |DRu|=1.91e+01)
[Adam] ep=  760  total=5.680e-01  PDE=1.267e-01 [colloc=1.233e-01, cfd=3.415e-03] (w=2.000)  IN=1.602e-01 (w=1.399)  TB=9.678e-02 (w=0.932)  WALL=4.524e-15 (w=0.200)  OUT=1.050e-03 (w=0.254)  DATA=1.590e-01 (w=0.000)  DATA_P=0.000e+00 (w=1.000)
  [PT] w_u=6.3244 w_v=9.7615 gamma=1.000 (tau_u=1.581e-01 tau_v=1.024e-01 |Du|=1.55e+01 |DRu|=3.71e+01)
  [PT] w_u=6.2125 w_v=9.9104 gamma=1.000 (tau_u=1.610e-01 tau_v=1.009e-01 |Du|=9.06e+00 |DRu|=2.10e+01)
  [PT] w_u=5.2039 w_v=9.4393 gamma=1.000 (tau_u=1.922e-01 tau_v=1.059e-01 |Du|=1.67e+01 |DRu|=2.44e+01)
  [PT] w_u=4.3516 w_v=8.6415 gamma=1.000 (tau_u=2.298e-01 tau_v=1.157e-01 |Du|=1.55e+01 |DRu|=2.06e+01)
  [PT] w_u=4.5042 w_v=8.8519 gamma=1.000 (tau_u=2.220e-01 tau_v=1.130e-01 |Du|=9.34e+00 |DRu|=2.40e+01)
  [PT] w_u=4.8682 w_v=9.6051 gamma=0.996 (tau_u=2.054e-01 tau_v=1.041e-01 |Du|=6.49e+00 |DRu|=2.74e+01)
  [PT] w_u=4.9496 w_v=8.8242 gamma=1.000 (tau_u=2.020e-01 tau_v=1.133e-01 |Du|=1.22e+01 |DRu|=2.94e+01)
  [PT] w_u=4.3318 w_v=7.3309 gamma=1.000 (tau_u=2.308e-01 tau_v=1.364e-01 |Du|=1.22e+01 |DRu|=1.74e+01)
  [PT] w_u=4.2293 w_v=7.3619 gamma=1.000 (tau_u=2.364e-01 tau_v=1.358e-01 |Du|=1.82e+01 |DRu|=3.40e+01)
  [PT] w_u=4.5397 w_v=7.2763 gamma=1.000 (tau_u=2.203e-01 tau_v=1.374e-01 |Du|=5.31e+00 |DRu|=1.94e+01)
  [PT] w_u=4.7661 w_v=7.3294 gamma=1.000 (tau_u=2.098e-01 tau_v=1.364e-01 |Du|=1.08e+01 |DRu|=3.17e+01)
  [PT] w_u=4.5375 w_v=7.3736 gamma=1.000 (tau_u=2.204e-01 tau_v=1.356e-01 |Du|=1.87e+01 |DRu|=3.33e+01)
  [PT] w_u=4.0870 w_v=7.2640 gamma=1.000 (tau_u=2.447e-01 tau_v=1.377e-01 |Du|=8.56e+00 |DRu|=1.26e+01)
  [PT] w_u=4.0915 w_v=7.0253 gamma=0.996 (tau_u=2.444e-01 tau_v=1.423e-01 |Du|=1.22e+01 |DRu|=2.47e+01)
  [PT] w_u=4.4455 w_v=7.6720 gamma=1.000 (tau_u=2.249e-01 tau_v=1.303e-01 |Du|=1.01e+01 |DRu|=4.54e+01)
  [PT] w_u=4.5683 w_v=7.7707 gamma=1.000 (tau_u=2.189e-01 tau_v=1.287e-01 |Du|=9.25e+00 |DRu|=2.28e+01)
  [PT] w_u=4.9444 w_v=8.3309 gamma=1.000 (tau_u=2.022e-01 tau_v=1.200e-01 |Du|=8.99e+00 |DRu|=3.93e+01)
  [PT] w_u=5.1461 w_v=9.0916 gamma=1.000 (tau_u=1.943e-01 tau_v=1.100e-01 |Du|=1.60e+01 |DRu|=4.56e+01)
  [PT] w_u=4.6758 w_v=9.0584 gamma=1.000 (tau_u=2.139e-01 tau_v=1.104e-01 |Du|=1.82e+01 |DRu|=2.91e+01)
  [PT] w_u=4.6053 w_v=9.3171 gamma=1.000 (tau_u=2.171e-01 tau_v=1.073e-01 |Du|=1.71e+01 |DRu|=3.44e+01)
[Adam] ep=  780  total=4.365e-01  PDE=1.368e-01 [colloc=1.301e-01, cfd=6.686e-03] (w=2.129)  IN=7.668e-02 (w=1.222)  TB=2.160e-02 (w=0.988)  WALL=3.287e-15 (w=0.200)  OUT=4.888e-02 (w=0.620)  DATA=1.435e-01 (w=0.000)  DATA_P=0.000e+00 (w=1.000)
  [PT] w_u=4.9437 w_v=9.9730 gamma=1.000 (tau_u=2.023e-01 tau_v=1.003e-01 |Du|=1.07e+01 |DRu|=4.08e+01)
  [PT] w_u=5.2606 w_v=10.4574 gamma=1.000 (tau_u=1.901e-01 tau_v=9.563e-02 |Du|=3.84e+00 |DRu|=1.36e+01)
  [PT] w_u=5.5231 w_v=11.1288 gamma=1.000 (tau_u=1.811e-01 tau_v=8.986e-02 |Du|=7.21e+00 |DRu|=2.28e+01)
  [PT] w_u=5.8574 w_v=11.8462 gamma=1.000 (tau_u=1.707e-01 tau_v=8.442e-02 |Du|=1.21e+01 |DRu|=4.34e+01)
  [PT] w_u=5.9066 w_v=12.2948 gamma=1.000 (tau_u=1.693e-01 tau_v=8.134e-02 |Du|=5.95e+00 |DRu|=1.50e+01)
  [PT] w_u=6.3411 w_v=12.8042 gamma=1.000 (tau_u=1.577e-01 tau_v=7.810e-02 |Du|=3.91e+00 |DRu|=1.69e+01)
  [PT] w_u=6.8092 w_v=13.5201 gamma=1.000 (tau_u=1.469e-01 tau_v=7.396e-02 |Du|=8.97e+00 |DRu|=4.04e+01)
  [PT] w_u=6.9268 w_v=14.2214 gamma=1.000 (tau_u=1.444e-01 tau_v=7.032e-02 |Du|=6.01e+00 |DRu|=1.72e+01)
  [PT] w_u=6.6726 w_v=13.4996 gamma=1.000 (tau_u=1.499e-01 tau_v=7.408e-02 |Du|=5.85e+00 |DRu|=1.31e+01)
  [PT] w_u=7.0777 w_v=13.8005 gamma=0.982 (tau_u=1.413e-01 tau_v=7.246e-02 |Du|=7.61e+00 |DRu|=2.98e+01)
  [PT] w_u=7.4585 w_v=14.4926 gamma=1.000 (tau_u=1.341e-01 tau_v=6.900e-02 |Du|=1.08e+01 |DRu|=4.12e+01)
  [PT] w_u=7.4099 w_v=14.6536 gamma=1.000 (tau_u=1.350e-01 tau_v=6.824e-02 |Du|=7.82e+00 |DRu|=2.07e+01)
  [PT] w_u=6.5060 w_v=13.4248 gamma=1.000 (tau_u=1.537e-01 tau_v=7.449e-02 |Du|=6.71e+00 |DRu|=1.18e+01)
  [PT] w_u=6.7858 w_v=13.6442 gamma=1.000 (tau_u=1.474e-01 tau_v=7.329e-02 |Du|=8.11e+00 |DRu|=2.70e+01)
  [PT] w_u=7.2098 w_v=14.0336 gamma=1.000 (tau_u=1.387e-01 tau_v=7.126e-02 |Du|=1.07e+01 |DRu|=4.36e+01)
  [PT] w_u=7.3368 w_v=13.6590 gamma=1.000 (tau_u=1.363e-01 tau_v=7.321e-02 |Du|=9.42e+00 |DRu|=2.78e+01)
  [PT] w_u=6.8444 w_v=12.1671 gamma=1.000 (tau_u=1.461e-01 tau_v=8.219e-02 |Du|=8.62e+00 |DRu|=1.78e+01)
  [PT] w_u=6.9887 w_v=12.0399 gamma=1.000 (tau_u=1.431e-01 tau_v=8.306e-02 |Du|=7.92e+00 |DRu|=2.33e+01)
  [PT] w_u=7.4833 w_v=12.6326 gamma=1.000 (tau_u=1.336e-01 tau_v=7.916e-02 |Du|=6.68e+00 |DRu|=3.03e+01)
  [PT] w_u=7.4231 w_v=13.2253 gamma=1.000 (tau_u=1.347e-01 tau_v=7.561e-02 |Du|=9.49e+00 |DRu|=2.50e+01)
[Adam] ep=  800  total=4.684e-01  PDE=7.357e-02 [colloc=6.537e-02, cfd=8.204e-03] (w=1.852)  IN=1.533e-01 (w=1.265)  TB=5.930e-02 (w=0.772)  WALL=1.331e-15 (w=0.200)  OUT=9.446e-02 (w=0.979)  DATA=1.873e-01 (w=0.000)  DATA_P=0.000e+00 (w=1.000)
  [PT] w_u=6.4680 w_v=12.6881 gamma=1.000 (tau_u=1.546e-01 tau_v=7.881e-02 |Du|=1.20e+01 |DRu|=2.08e+01)
  [PT] w_u=5.8598 w_v=12.2930 gamma=1.000 (tau_u=1.707e-01 tau_v=8.135e-02 |Du|=1.27e+01 |DRu|=2.27e+01)
  [PT] w_u=6.1324 w_v=12.8779 gamma=1.000 (tau_u=1.631e-01 tau_v=7.765e-02 |Du|=1.11e+01 |DRu|=3.61e+01)
  [PT] w_u=6.5429 w_v=13.8925 gamma=1.000 (tau_u=1.528e-01 tau_v=7.198e-02 |Du|=6.66e+00 |DRu|=2.70e+01)
  [PT] w_u=5.8629 w_v=14.5603 gamma=1.000 (tau_u=1.706e-01 tau_v=6.868e-02 |Du|=1.07e+01 |DRu|=1.86e+01)
  [PT] w_u=5.4033 w_v=14.4385 gamma=1.000 (tau_u=1.851e-01 tau_v=6.926e-02 |Du|=1.27e+01 |DRu|=2.27e+01)
  [PT] w_u=5.3400 w_v=14.2440 gamma=1.000 (tau_u=1.873e-01 tau_v=7.021e-02 |Du|=1.25e+01 |DRu|=2.75e+01)
  [PT] w_u=5.6228 w_v=14.1306 gamma=1.000 (tau_u=1.778e-01 tau_v=7.077e-02 |Du|=7.96e+00 |DRu|=2.61e+01)
  [PT] w_u=5.7210 w_v=14.2872 gamma=1.000 (tau_u=1.748e-01 tau_v=6.999e-02 |Du|=7.17e+00 |DRu|=1.87e+01)
  [PT] w_u=5.4698 w_v=13.6261 gamma=1.000 (tau_u=1.828e-01 tau_v=7.339e-02 |Du|=8.00e+00 |DRu|=1.58e+01)
  [PT] w_u=5.0316 w_v=11.5545 gamma=1.000 (tau_u=1.987e-01 tau_v=8.655e-02 |Du|=7.78e+00 |DRu|=1.33e+01)
  [PT] w_u=5.0454 w_v=11.0174 gamma=1.000 (tau_u=1.982e-01 tau_v=9.077e-02 |Du|=7.53e+00 |DRu|=1.71e+01)
  [PT] w_u=5.4049 w_v=11.4342 gamma=0.999 (tau_u=1.850e-01 tau_v=8.746e-02 |Du|=7.23e+00 |DRu|=2.80e+01)
  [PT] w_u=5.7768 w_v=12.0654 gamma=1.000 (tau_u=1.731e-01 tau_v=8.288e-02 |Du|=7.39e+00 |DRu|=2.88e+01)
  [PT] w_u=5.7030 w_v=12.2991 gamma=1.000 (tau_u=1.753e-01 tau_v=8.131e-02 |Du|=6.35e+00 |DRu|=1.44e+01)
  [PT] w_u=5.1786 w_v=11.8652 gamma=1.000 (tau_u=1.931e-01 tau_v=8.428e-02 |Du|=5.55e+00 |DRu|=9.35e+00)
  [PT] w_u=5.3886 w_v=12.3214 gamma=1.000 (tau_u=1.856e-01 tau_v=8.116e-02 |Du|=5.00e+00 |DRu|=1.46e+01)
  [PT] w_u=5.7923 w_v=12.8351 gamma=0.995 (tau_u=1.726e-01 tau_v=7.791e-02 |Du|=4.62e+00 |DRu|=1.94e+01)
  [PT] w_u=5.8874 w_v=13.1519 gamma=1.000 (tau_u=1.699e-01 tau_v=7.603e-02 |Du|=1.04e+01 |DRu|=2.73e+01)
  [PT] w_u=5.5998 w_v=13.3180 gamma=1.000 (tau_u=1.786e-01 tau_v=7.509e-02 |Du|=1.16e+01 |DRu|=2.30e+01)
[Adam] ep=  820  total=3.189e-01  PDE=3.364e-02 [colloc=3.225e-02, cfd=1.393e-03] (w=1.627)  IN=1.397e-01 (w=1.460)  TB=5.943e-02 (w=0.997)  WALL=1.065e-15 (w=0.200)  OUT=2.100e-03 (w=0.456)  DATA=1.662e-01 (w=0.000)  DATA_P=0.000e+00 (w=1.000)
  [PT] w_u=4.8332 w_v=13.1512 gamma=1.000 (tau_u=2.069e-01 tau_v=7.604e-02 |Du|=9.12e+00 |DRu|=1.34e+01)
  [PT] w_u=4.3602 w_v=13.5272 gamma=1.000 (tau_u=2.293e-01 tau_v=7.393e-02 |Du|=5.62e+00 |DRu|=8.56e+00)
  [PT] w_u=4.7412 w_v=14.0846 gamma=1.000 (tau_u=2.109e-01 tau_v=7.100e-02 |Du|=5.08e+00 |DRu|=2.39e+01)
  [PT] w_u=5.0946 w_v=14.2133 gamma=1.000 (tau_u=1.963e-01 tau_v=7.036e-02 |Du|=8.66e+00 |DRu|=3.41e+01)
  [PT] w_u=5.0735 w_v=12.6581 gamma=1.000 (tau_u=1.971e-01 tau_v=7.900e-02 |Du|=7.71e+00 |DRu|=1.70e+01)
  [PT] w_u=4.3804 w_v=9.7387 gamma=1.000 (tau_u=2.283e-01 tau_v=1.027e-01 |Du|=6.43e+00 |DRu|=9.01e+00)
  [PT] w_u=4.7150 w_v=10.2407 gamma=0.999 (tau_u=2.121e-01 tau_v=9.765e-02 |Du|=4.88e+00 |DRu|=1.89e+01)
  [PT] w_u=5.1851 w_v=11.0920 gamma=0.993 (tau_u=1.929e-01 tau_v=9.015e-02 |Du|=3.45e+00 |DRu|=2.45e+01)
  [PT] w_u=5.1402 w_v=10.8837 gamma=1.000 (tau_u=1.945e-01 tau_v=9.188e-02 |Du|=5.93e+00 |DRu|=1.29e+01)
  [PT] w_u=4.4461 w_v=8.8393 gamma=0.997 (tau_u=2.249e-01 tau_v=1.131e-01 |Du|=7.02e+00 |DRu|=9.93e+00)
  [PT] w_u=4.6931 w_v=9.0314 gamma=0.985 (tau_u=2.131e-01 tau_v=1.107e-01 |Du|=7.18e+00 |DRu|=2.18e+01)
  [PT] w_u=5.1455 w_v=9.7453 gamma=0.996 (tau_u=1.943e-01 tau_v=1.026e-01 |Du|=1.93e+00 |DRu|=1.20e+01)
  [PT] w_u=5.1621 w_v=9.5527 gamma=0.976 (tau_u=1.937e-01 tau_v=1.047e-01 |Du|=3.43e+00 |DRu|=7.82e+00)
  [PT] w_u=5.5719 w_v=10.2116 gamma=0.941 (tau_u=1.795e-01 tau_v=9.793e-02 |Du|=4.20e+00 |DRu|=1.80e+01)
  [PT] w_u=4.0505 w_v=8.4979 gamma=0.968 (tau_u=2.469e-01 tau_v=1.177e-01 |Du|=5.88e+00 |DRu|=6.26e+00)
  [PT] w_u=4.0732 w_v=8.8949 gamma=0.963 (tau_u=2.455e-01 tau_v=1.124e-01 |Du|=7.82e+00 |DRu|=1.59e+01)
  [PT] w_u=3.9205 w_v=8.2895 gamma=0.984 (tau_u=2.551e-01 tau_v=1.206e-01 |Du|=4.05e+00 |DRu|=6.87e+00)
  [PT] w_u=4.2560 w_v=9.0116 gamma=0.991 (tau_u=2.350e-01 tau_v=1.110e-01 |Du|=4.50e+00 |DRu|=1.93e+01)
  [PT] w_u=4.2724 w_v=9.3131 gamma=0.997 (tau_u=2.341e-01 tau_v=1.074e-01 |Du|=5.00e+00 |DRu|=1.05e+01)
  [PT] w_u=4.6108 w_v=9.8804 gamma=0.994 (tau_u=2.169e-01 tau_v=1.012e-01 |Du|=3.82e+00 |DRu|=1.53e+01)
[Adam] ep=  840  total=1.253e-01  PDE=2.723e-02 [colloc=2.392e-02, cfd=3.310e-03] (w=1.415)  IN=4.807e-02 (w=1.435)  TB=1.747e-02 (w=0.959)  WALL=2.601e-16 (w=0.200)  OUT=2.999e-03 (w=0.329)  DATA=1.091e-01 (w=0.000)  DATA_P=0.000e+00 (w=1.000)
  [PT] w_u=4.1897 w_v=10.1845 gamma=0.992 (tau_u=2.387e-01 tau_v=9.819e-02 |Du|=1.41e+01 |DRu|=2.13e+01)
  [PT] w_u=4.2127 w_v=10.2702 gamma=1.000 (tau_u=2.374e-01 tau_v=9.737e-02 |Du|=8.79e+00 |DRu|=1.85e+01)
  [PT] w_u=3.8329 w_v=10.0652 gamma=0.996 (tau_u=2.609e-01 tau_v=9.935e-02 |Du|=9.24e+00 |DRu|=1.34e+01)
  [PT] w_u=3.6971 w_v=10.0530 gamma=1.000 (tau_u=2.705e-01 tau_v=9.947e-02 |Du|=1.68e+01 |DRu|=2.81e+01)
  [PT] w_u=3.2894 w_v=9.0790 gamma=1.000 (tau_u=3.040e-01 tau_v=1.101e-01 |Du|=9.62e+00 |DRu|=1.24e+01)
  [PT] w_u=3.5883 w_v=9.6404 gamma=1.000 (tau_u=2.787e-01 tau_v=1.037e-01 |Du|=4.72e+00 |DRu|=2.10e+01)
  [PT] w_u=3.8853 w_v=9.6214 gamma=1.000 (tau_u=2.574e-01 tau_v=1.039e-01 |Du|=5.83e+00 |DRu|=2.28e+01)
  [PT] w_u=4.0657 w_v=8.6432 gamma=1.000 (tau_u=2.460e-01 tau_v=1.157e-01 |Du|=4.78e+00 |DRu|=1.26e+01)
  [PT] w_u=4.3817 w_v=8.9567 gamma=1.000 (tau_u=2.282e-01 tau_v=1.116e-01 |Du|=4.71e+00 |DRu|=1.80e+01)
  [PT] w_u=4.8003 w_v=9.4496 gamma=1.000 (tau_u=2.083e-01 tau_v=1.058e-01 |Du|=5.59e+00 |DRu|=3.27e+01)
  [PT] w_u=5.2052 w_v=8.9398 gamma=1.000 (tau_u=1.921e-01 tau_v=1.119e-01 |Du|=4.06e+00 |DRu|=1.89e+01)
  [PT] w_u=5.3377 w_v=8.3003 gamma=1.000 (tau_u=1.873e-01 tau_v=1.205e-01 |Du|=3.99e+00 |DRu|=1.05e+01)
  [PT] w_u=5.6594 w_v=8.7495 gamma=1.000 (tau_u=1.767e-01 tau_v=1.143e-01 |Du|=5.31e+00 |DRu|=1.87e+01)
  [PT] w_u=5.9031 w_v=9.0222 gamma=0.999 (tau_u=1.694e-01 tau_v=1.108e-01 |Du|=8.88e+00 |DRu|=2.76e+01)
  [PT] w_u=5.7775 w_v=8.5529 gamma=1.000 (tau_u=1.731e-01 tau_v=1.169e-01 |Du|=1.22e+01 |DRu|=2.70e+01)
  [PT] w_u=5.6371 w_v=8.2513 gamma=1.000 (tau_u=1.774e-01 tau_v=1.212e-01 |Du|=8.33e+00 |DRu|=1.79e+01)
  [PT] w_u=5.9277 w_v=8.5259 gamma=1.000 (tau_u=1.687e-01 tau_v=1.173e-01 |Du|=2.79e+00 |DRu|=9.27e+00)
  [PT] w_u=6.0901 w_v=8.2130 gamma=0.946 (tau_u=1.642e-01 tau_v=1.218e-01 |Du|=8.69e+00 |DRu|=2.40e+01)
  [PT] w_u=5.5909 w_v=8.2308 gamma=1.000 (tau_u=1.789e-01 tau_v=1.215e-01 |Du|=2.03e+01 |DRu|=3.65e+01)
  [PT] w_u=4.8749 w_v=8.7120 gamma=1.000 (tau_u=2.051e-01 tau_v=1.148e-01 |Du|=1.08e+01 |DRu|=1.62e+01)
[Adam] ep=  860  total=2.199e-01  PDE=7.901e-02 [colloc=7.578e-02, cfd=3.237e-03] (w=1.695)  IN=5.576e-02 (w=1.273)  TB=1.944e-02 (w=0.736)  WALL=2.620e-15 (w=0.200)  OUT=2.634e-03 (w=0.254)  DATA=1.444e-01 (w=0.000)  DATA_P=0.000e+00 (w=1.000)
  [PT] w_u=5.0668 w_v=8.3760 gamma=1.000 (tau_u=1.974e-01 tau_v=1.194e-01 |Du|=5.54e+00 |DRu|=1.55e+01)
  [PT] w_u=5.1947 w_v=7.9619 gamma=1.000 (tau_u=1.925e-01 tau_v=1.256e-01 |Du|=8.27e+00 |DRu|=2.14e+01)
  [PT] w_u=5.2949 w_v=7.9807 gamma=0.999 (tau_u=1.889e-01 tau_v=1.253e-01 |Du|=8.00e+00 |DRu|=2.02e+01)
  [PT] w_u=5.1263 w_v=7.9966 gamma=0.977 (tau_u=1.951e-01 tau_v=1.251e-01 |Du|=7.03e+00 |DRu|=1.39e+01)
  [PT] w_u=5.4765 w_v=7.8952 gamma=0.996 (tau_u=1.826e-01 tau_v=1.267e-01 |Du|=5.97e+00 |DRu|=2.25e+01)
  [PT] w_u=4.7195 w_v=8.0420 gamma=1.000 (tau_u=2.119e-01 tau_v=1.243e-01 |Du|=6.22e+00 |DRu|=9.03e+00)
  [PT] w_u=4.4358 w_v=7.9557 gamma=0.993 (tau_u=2.254e-01 tau_v=1.257e-01 |Du|=6.80e+00 |DRu|=1.15e+01)
  [PT] w_u=4.7127 w_v=8.0380 gamma=0.989 (tau_u=2.122e-01 tau_v=1.244e-01 |Du|=6.95e+00 |DRu|=2.27e+01)
  [PT] w_u=4.9344 w_v=8.1063 gamma=1.000 (tau_u=2.027e-01 tau_v=1.234e-01 |Du|=5.35e+00 |DRu|=1.56e+01)
  [PT] w_u=5.0291 w_v=6.7553 gamma=1.000 (tau_u=1.988e-01 tau_v=1.480e-01 |Du|=3.83e+00 |DRu|=9.43e+00)
  [PT] w_u=5.1071 w_v=6.5626 gamma=0.989 (tau_u=1.958e-01 tau_v=1.524e-01 |Du|=7.08e+00 |DRu|=1.72e+01)
  [PT] w_u=5.4811 w_v=6.9407 gamma=0.988 (tau_u=1.824e-01 tau_v=1.441e-01 |Du|=3.32e+00 |DRu|=1.32e+01)
  [PT] w_u=5.0056 w_v=6.9536 gamma=0.945 (tau_u=1.998e-01 tau_v=1.438e-01 |Du|=7.75e+00 |DRu|=1.26e+01)
  [PT] w_u=5.2761 w_v=7.0998 gamma=0.992 (tau_u=1.895e-01 tau_v=1.408e-01 |Du|=5.30e+00 |DRu|=1.69e+01)
  [PT] w_u=5.3026 w_v=7.2268 gamma=0.995 (tau_u=1.886e-01 tau_v=1.384e-01 |Du|=3.50e+00 |DRu|=8.23e+00)
  [PT] w_u=5.4582 w_v=7.5128 gamma=0.998 (tau_u=1.832e-01 tau_v=1.331e-01 |Du|=7.11e+00 |DRu|=1.93e+01)
  [PT] w_u=5.9115 w_v=7.6617 gamma=1.000 (tau_u=1.692e-01 tau_v=1.305e-01 |Du|=3.06e+00 |DRu|=1.48e+01)
  [PT] w_u=5.4541 w_v=7.5851 gamma=0.997 (tau_u=1.833e-01 tau_v=1.318e-01 |Du|=6.36e+00 |DRu|=1.14e+01)
  [PT] w_u=5.3730 w_v=7.7948 gamma=0.981 (tau_u=1.861e-01 tau_v=1.283e-01 |Du|=8.31e+00 |DRu|=1.79e+01)
  [PT] w_u=5.6992 w_v=8.0643 gamma=1.000 (tau_u=1.755e-01 tau_v=1.240e-01 |Du|=6.37e+00 |DRu|=2.26e+01)
[Adam] ep=  880  total=1.143e-01  PDE=1.653e-02 [colloc=1.396e-02, cfd=2.570e-03] (w=1.415)  IN=5.796e-02 (w=1.252)  TB=2.228e-02 (w=0.816)  WALL=2.395e-16 (w=0.200)  OUT=6.389e-04 (w=0.263)  DATA=1.468e-01 (w=0.000)  DATA_P=0.000e+00 (w=1.000)
  [PT] w_u=5.8236 w_v=8.5388 gamma=1.000 (tau_u=1.717e-01 tau_v=1.171e-01 |Du|=5.40e+00 |DRu|=1.45e+01)
  [PT] w_u=5.3409 w_v=8.7337 gamma=1.000 (tau_u=1.872e-01 tau_v=1.145e-01 |Du|=4.14e+00 |DRu|=7.24e+00)
  [PT] w_u=5.5333 w_v=8.9886 gamma=1.000 (tau_u=1.807e-01 tau_v=1.113e-01 |Du|=4.40e+00 |DRu|=1.26e+01)
  [PT] w_u=5.8907 w_v=9.3883 gamma=0.969 (tau_u=1.698e-01 tau_v=1.065e-01 |Du|=5.88e+00 |DRu|=2.17e+01)
  [PT] w_u=6.3005 w_v=9.9796 gamma=1.000 (tau_u=1.587e-01 tau_v=1.002e-01 |Du|=7.96e+00 |DRu|=3.27e+01)
  [PT] w_u=6.2881 w_v=10.3439 gamma=1.000 (tau_u=1.590e-01 tau_v=9.668e-02 |Du|=6.65e+00 |DRu|=1.65e+01)
  [PT] w_u=5.4845 w_v=10.7429 gamma=1.000 (tau_u=1.823e-01 tau_v=9.308e-02 |Du|=6.95e+00 |DRu|=1.11e+01)
  [PT] w_u=5.4958 w_v=11.3242 gamma=1.000 (tau_u=1.820e-01 tau_v=8.831e-02 |Du|=7.09e+00 |DRu|=1.68e+01)
  [PT] w_u=5.9095 w_v=11.6212 gamma=1.000 (tau_u=1.692e-01 tau_v=8.605e-02 |Du|=4.96e+00 |DRu|=2.12e+01)
  [PT] w_u=6.2126 w_v=11.6001 gamma=0.997 (tau_u=1.610e-01 tau_v=8.621e-02 |Du|=7.81e+00 |DRu|=2.65e+01)
  [PT] w_u=5.8931 w_v=11.8695 gamma=1.000 (tau_u=1.697e-01 tau_v=8.425e-02 |Du|=1.14e+01 |DRu|=2.29e+01)
  [PT] w_u=5.3170 w_v=12.1291 gamma=1.000 (tau_u=1.881e-01 tau_v=8.245e-02 |Du|=9.31e+00 |DRu|=1.57e+01)
  [PT] w_u=5.7184 w_v=12.1836 gamma=1.000 (tau_u=1.749e-01 tau_v=8.208e-02 |Du|=4.27e+00 |DRu|=1.80e+01)
  [PT] w_u=5.9074 w_v=11.5104 gamma=1.000 (tau_u=1.693e-01 tau_v=8.688e-02 |Du|=7.32e+00 |DRu|=2.12e+01)
  [PT] w_u=5.2650 w_v=10.8375 gamma=1.000 (tau_u=1.899e-01 tau_v=9.227e-02 |Du|=1.11e+01 |DRu|=1.80e+01)
  [PT] w_u=4.8906 w_v=11.1610 gamma=1.000 (tau_u=2.045e-01 tau_v=8.960e-02 |Du|=1.10e+01 |DRu|=1.91e+01)
  [PT] w_u=4.9851 w_v=10.3947 gamma=1.000 (tau_u=2.006e-01 tau_v=9.620e-02 |Du|=6.28e+00 |DRu|=1.54e+01)
  [PT] w_u=5.2949 w_v=9.2672 gamma=0.993 (tau_u=1.889e-01 tau_v=1.079e-01 |Du|=4.81e+00 |DRu|=1.66e+01)
  [PT] w_u=5.4506 w_v=8.8322 gamma=1.000 (tau_u=1.835e-01 tau_v=1.132e-01 |Du|=7.01e+00 |DRu|=1.91e+01)
  [PT] w_u=4.7265 w_v=9.1387 gamma=1.000 (tau_u=2.116e-01 tau_v=1.094e-01 |Du|=8.77e+00 |DRu|=1.29e+01)
[Adam] ep=  900  total=2.285e-01  PDE=4.145e-02 [colloc=3.808e-02, cfd=3.369e-03] (w=1.565)  IN=1.098e-01 (w=1.325)  TB=2.498e-02 (w=0.701)  WALL=1.126e-15 (w=0.200)  OUT=1.949e-03 (w=0.277)  DATA=1.844e-01 (w=0.000)  DATA_P=0.000e+00 (w=1.000)
  [PT] w_u=3.7049 w_v=8.3268 gamma=1.000 (tau_u=2.699e-01 tau_v=1.201e-01 |Du|=9.62e+00 |DRu|=1.08e+01)
  [PT] w_u=3.6319 w_v=7.7707 gamma=0.988 (tau_u=2.753e-01 tau_v=1.287e-01 |Du|=1.09e+01 |DRu|=1.91e+01)
  [PT] w_u=3.3179 w_v=7.3505 gamma=0.999 (tau_u=3.014e-01 tau_v=1.360e-01 |Du|=1.11e+01 |DRu|=1.51e+01)
  [PT] w_u=3.4381 w_v=7.7914 gamma=1.000 (tau_u=2.909e-01 tau_v=1.283e-01 |Du|=7.97e+00 |DRu|=1.80e+01)
  [PT] w_u=3.4660 w_v=6.9121 gamma=0.999 (tau_u=2.885e-01 tau_v=1.447e-01 |Du|=5.06e+00 |DRu|=9.78e+00)
  [PT] w_u=3.7854 w_v=7.0853 gamma=0.991 (tau_u=2.642e-01 tau_v=1.411e-01 |Du|=4.18e+00 |DRu|=1.96e+01)
  [PT] w_u=3.9068 w_v=7.2492 gamma=0.996 (tau_u=2.560e-01 tau_v=1.379e-01 |Du|=3.81e+00 |DRu|=8.91e+00)
  [PT] w_u=3.9787 w_v=7.6219 gamma=0.990 (tau_u=2.513e-01 tau_v=1.312e-01 |Du|=5.76e+00 |DRu|=1.25e+01)
  [PT] w_u=4.2568 w_v=8.1479 gamma=1.000 (tau_u=2.349e-01 tau_v=1.227e-01 |Du|=7.99e+00 |DRu|=2.70e+01)
  [PT] w_u=4.0297 w_v=8.4020 gamma=1.000 (tau_u=2.482e-01 tau_v=1.190e-01 |Du|=6.59e+00 |DRu|=1.09e+01)
  [PT] w_u=3.3125 w_v=7.8849 gamma=1.000 (tau_u=3.019e-01 tau_v=1.268e-01 |Du|=7.16e+00 |DRu|=8.08e+00)
  [PT] w_u=3.3747 w_v=8.1696 gamma=0.998 (tau_u=2.963e-01 tau_v=1.224e-01 |Du|=8.24e+00 |DRu|=1.66e+01)
  [PT] w_u=3.5265 w_v=8.4246 gamma=0.999 (tau_u=2.836e-01 tau_v=1.187e-01 |Du|=8.67e+00 |DRu|=2.11e+01)
  [PT] w_u=3.5886 w_v=8.6970 gamma=1.000 (tau_u=2.787e-01 tau_v=1.150e-01 |Du|=5.93e+00 |DRu|=1.22e+01)
  [PT] w_u=3.8858 w_v=8.7047 gamma=1.000 (tau_u=2.573e-01 tau_v=1.149e-01 |Du|=2.80e+00 |DRu|=1.09e+01)
  [PT] w_u=4.0947 w_v=8.4634 gamma=1.000 (tau_u=2.442e-01 tau_v=1.182e-01 |Du|=3.89e+00 |DRu|=1.10e+01)
  [PT] w_u=3.7084 w_v=8.2887 gamma=0.998 (tau_u=2.697e-01 tau_v=1.206e-01 |Du|=9.00e+00 |DRu|=1.27e+01)
  [PT] w_u=3.6407 w_v=7.7078 gamma=0.999 (tau_u=2.747e-01 tau_v=1.297e-01 |Du|=1.11e+01 |DRu|=1.96e+01)
  [PT] w_u=3.5616 w_v=6.9203 gamma=1.000 (tau_u=2.808e-01 tau_v=1.445e-01 |Du|=9.77e+00 |DRu|=1.69e+01)
  [PT] w_u=3.6371 w_v=7.1071 gamma=1.000 (tau_u=2.749e-01 tau_v=1.407e-01 |Du|=1.12e+01 |DRu|=2.37e+01)
[Adam] ep=  920  total=1.445e-01  PDE=4.905e-02 [colloc=4.445e-02, cfd=4.602e-03] (w=1.601)  IN=3.455e-02 (w=1.187)  TB=2.083e-02 (w=0.853)  WALL=2.023e-15 (w=0.200)  OUT=1.318e-02 (w=0.544)  DATA=1.069e-01 (w=0.000)  DATA_P=0.000e+00 (w=1.000)
  [PT] w_u=3.5300 w_v=7.2935 gamma=1.000 (tau_u=2.833e-01 tau_v=1.371e-01 |Du|=8.33e+00 |DRu|=1.39e+01)
  [PT] w_u=3.3386 w_v=7.2612 gamma=1.000 (tau_u=2.995e-01 tau_v=1.377e-01 |Du|=5.61e+00 |DRu|=8.40e+00)
  [PT] w_u=3.5570 w_v=7.4298 gamma=1.000 (tau_u=2.811e-01 tau_v=1.346e-01 |Du|=4.00e+00 |DRu|=1.18e+01)
  [PT] w_u=3.8294 w_v=7.6619 gamma=0.999 (tau_u=2.611e-01 tau_v=1.305e-01 |Du|=4.23e+00 |DRu|=1.48e+01)
  [PT] w_u=3.9057 w_v=7.8860 gamma=0.982 (tau_u=2.560e-01 tau_v=1.268e-01 |Du|=8.43e+00 |DRu|=1.82e+01)
  [PT] w_u=3.6208 w_v=6.9221 gamma=0.994 (tau_u=2.762e-01 tau_v=1.445e-01 |Du|=1.31e+01 |DRu|=1.93e+01)
  [PT] w_u=3.3017 w_v=4.9616 gamma=1.000 (tau_u=3.029e-01 tau_v=2.015e-01 |Du|=1.02e+01 |DRu|=1.39e+01)
  [PT] w_u=2.8409 w_v=3.7788 gamma=1.000 (tau_u=3.520e-01 tau_v=2.646e-01 |Du|=8.08e+00 |DRu|=9.06e+00)
  [PT] w_u=2.7742 w_v=4.1067 gamma=0.992 (tau_u=3.605e-01 tau_v=2.435e-01 |Du|=7.84e+00 |DRu|=1.18e+01)
  [PT] w_u=2.7813 w_v=4.2161 gamma=0.982 (tau_u=3.595e-01 tau_v=2.372e-01 |Du|=7.74e+00 |DRu|=1.29e+01)
  [PT] w_u=2.8057 w_v=4.1759 gamma=0.974 (tau_u=3.564e-01 tau_v=2.395e-01 |Du|=4.86e+00 |DRu|=8.37e+00)
  [PT] w_u=2.7542 w_v=4.4742 gamma=0.978 (tau_u=3.631e-01 tau_v=2.235e-01 |Du|=8.88e+00 |DRu|=1.35e+01)
  [PT] w_u=2.9154 w_v=4.6159 gamma=0.994 (tau_u=3.430e-01 tau_v=2.166e-01 |Du|=5.56e+00 |DRu|=1.38e+01)
  [PT] w_u=2.6855 w_v=3.2780 gamma=0.993 (tau_u=3.724e-01 tau_v=3.051e-01 |Du|=5.80e+00 |DRu|=7.25e+00)
  [PT] w_u=2.8537 w_v=3.3899 gamma=0.995 (tau_u=3.504e-01 tau_v=2.950e-01 |Du|=6.15e+00 |DRu|=1.57e+01)
  [PT] w_u=2.9759 w_v=3.6367 gamma=0.978 (tau_u=3.360e-01 tau_v=2.750e-01 |Du|=5.20e+00 |DRu|=1.13e+01)
  [PT] w_u=3.1461 w_v=3.7005 gamma=0.977 (tau_u=3.179e-01 tau_v=2.702e-01 |Du|=4.07e+00 |DRu|=1.02e+01)
  [PT] w_u=3.3674 w_v=3.8791 gamma=1.000 (tau_u=2.970e-01 tau_v=2.578e-01 |Du|=7.54e+00 |DRu|=2.28e+01)
  [PT] w_u=3.3455 w_v=3.2406 gamma=1.000 (tau_u=2.989e-01 tau_v=3.086e-01 |Du|=3.07e+00 |DRu|=5.46e+00)
  [PT] w_u=3.5912 w_v=3.5733 gamma=0.996 (tau_u=2.785e-01 tau_v=2.799e-01 |Du|=7.12e+00 |DRu|=2.31e+01)
[Adam] ep=  940  total=9.976e-02  PDE=3.521e-02 [colloc=3.105e-02, cfd=4.163e-03] (w=1.484)  IN=2.165e-02 (w=1.134)  TB=1.747e-02 (w=0.880)  WALL=1.118e-15 (w=0.200)  OUT=1.558e-02 (w=0.487)  DATA=1.084e-01 (w=0.000)  DATA_P=0.000e+00 (w=1.000)
  [PT] w_u=3.6498 w_v=3.8521 gamma=0.989 (tau_u=2.740e-01 tau_v=2.596e-01 |Du|=4.25e+00 |DRu|=8.75e+00)
  [PT] w_u=4.0054 w_v=4.2666 gamma=1.000 (tau_u=2.497e-01 tau_v=2.344e-01 |Du|=5.35e+00 |DRu|=3.05e+01)
  [PT] w_u=4.2742 w_v=4.6673 gamma=1.000 (tau_u=2.340e-01 tau_v=2.143e-01 |Du|=2.78e+00 |DRu|=9.12e+00)
  [PT] w_u=4.5523 w_v=4.9865 gamma=1.000 (tau_u=2.197e-01 tau_v=2.005e-01 |Du|=4.38e+00 |DRu|=1.45e+01)
  [PT] w_u=4.9349 w_v=5.4031 gamma=0.989 (tau_u=2.026e-01 tau_v=1.851e-01 |Du|=6.23e+00 |DRu|=2.79e+01)
  [PT] w_u=5.0336 w_v=5.5409 gamma=1.000 (tau_u=1.987e-01 tau_v=1.805e-01 |Du|=6.53e+00 |DRu|=1.62e+01)
  [PT] w_u=4.3483 w_v=5.3123 gamma=1.000 (tau_u=2.300e-01 tau_v=1.882e-01 |Du|=5.09e+00 |DRu|=7.12e+00)
  [PT] w_u=4.7541 w_v=5.8237 gamma=0.995 (tau_u=2.103e-01 tau_v=1.717e-01 |Du|=3.20e+00 |DRu|=1.74e+01)
  [PT] w_u=4.8048 w_v=5.8286 gamma=0.999 (tau_u=2.081e-01 tau_v=1.716e-01 |Du|=7.96e+00 |DRu|=1.84e+01)
  [PT] w_u=3.5599 w_v=4.7233 gamma=1.000 (tau_u=2.809e-01 tau_v=2.117e-01 |Du|=9.29e+00 |DRu|=9.61e+00)
  [PT] w_u=3.4410 w_v=4.5696 gamma=0.998 (tau_u=2.906e-01 tau_v=2.188e-01 |Du|=7.98e+00 |DRu|=1.30e+01)
  [PT] w_u=3.6695 w_v=4.8861 gamma=0.996 (tau_u=2.725e-01 tau_v=2.047e-01 |Du|=4.85e+00 |DRu|=1.46e+01)
  [PT] w_u=3.8186 w_v=5.0774 gamma=0.987 (tau_u=2.619e-01 tau_v=1.969e-01 |Du|=3.70e+00 |DRu|=9.02e+00)
  [PT] w_u=4.0546 w_v=5.3500 gamma=0.966 (tau_u=2.466e-01 tau_v=1.869e-01 |Du|=4.10e+00 |DRu|=1.22e+01)
  [PT] w_u=4.1293 w_v=5.6123 gamma=0.978 (tau_u=2.422e-01 tau_v=1.782e-01 |Du|=6.51e+00 |DRu|=1.43e+01)
  [PT] w_u=4.4115 w_v=5.9187 gamma=0.991 (tau_u=2.267e-01 tau_v=1.690e-01 |Du|=3.31e+00 |DRu|=1.12e+01)
  [PT] w_u=3.7768 w_v=6.2751 gamma=0.977 (tau_u=2.648e-01 tau_v=1.594e-01 |Du|=8.01e+00 |DRu|=1.02e+01)
  [PT] w_u=3.9380 w_v=6.6220 gamma=0.942 (tau_u=2.539e-01 tau_v=1.510e-01 |Du|=3.72e+00 |DRu|=9.12e+00)
  [PT] w_u=3.6932 w_v=6.9048 gamma=0.920 (tau_u=2.708e-01 tau_v=1.448e-01 |Du|=6.05e+00 |DRu|=8.92e+00)
  [PT] w_u=2.8536 w_v=7.1403 gamma=0.996 (tau_u=3.504e-01 tau_v=1.400e-01 |Du|=1.80e+01 |DRu|=1.73e+01)
[Adam] ep=  960  total=6.572e-02  PDE=7.909e-03 [colloc=5.685e-03, cfd=2.224e-03] (w=1.354)  IN=3.618e-02 (w=1.106)  TB=1.710e-02 (w=0.813)  WALL=5.166e-17 (w=0.200)  OUT=2.674e-03 (w=0.406)  DATA=1.325e-01 (w=0.000)  DATA_P=0.000e+00 (w=1.000)
  [PT] w_u=2.0003 w_v=6.2270 gamma=1.000 (tau_u=4.999e-01 tau_v=1.606e-01 |Du|=1.33e+01 |DRu|=9.79e+00)
  [PT] w_u=2.1636 w_v=6.4052 gamma=1.000 (tau_u=4.622e-01 tau_v=1.561e-01 |Du|=5.62e+00 |DRu|=1.60e+01)
  [PT] w_u=2.2574 w_v=6.7073 gamma=0.987 (tau_u=4.430e-01 tau_v=1.491e-01 |Du|=8.43e+00 |DRu|=1.61e+01)
  [PT] w_u=2.2835 w_v=6.8865 gamma=1.000 (tau_u=4.379e-01 tau_v=1.452e-01 |Du|=1.70e+01 |DRu|=2.72e+01)
  [PT] w_u=2.1901 w_v=6.8307 gamma=1.000 (tau_u=4.566e-01 tau_v=1.464e-01 |Du|=9.36e+00 |DRu|=1.18e+01)
  [PT] w_u=2.4105 w_v=7.3928 gamma=1.000 (tau_u=4.148e-01 tau_v=1.353e-01 |Du|=3.03e+00 |DRu|=1.53e+01)
  [PT] w_u=2.5784 w_v=7.9141 gamma=1.000 (tau_u=3.878e-01 tau_v=1.264e-01 |Du|=6.86e+00 |DRu|=1.80e+01)
  [PT] w_u=2.7017 w_v=8.1613 gamma=0.998 (tau_u=3.701e-01 tau_v=1.225e-01 |Du|=5.32e+00 |DRu|=1.16e+01)
  [PT] w_u=2.9558 w_v=8.6829 gamma=0.963 (tau_u=3.383e-01 tau_v=1.152e-01 |Du|=3.69e+00 |DRu|=1.59e+01)
  [PT] w_u=3.0715 w_v=8.8276 gamma=0.996 (tau_u=3.256e-01 tau_v=1.133e-01 |Du|=8.83e+00 |DRu|=1.92e+01)
  [PT] w_u=2.3735 w_v=6.8151 gamma=1.000 (tau_u=4.213e-01 tau_v=1.467e-01 |Du|=6.54e+00 |DRu|=5.78e+00)
  [PT] w_u=2.3900 w_v=6.7234 gamma=0.993 (tau_u=4.184e-01 tau_v=1.487e-01 |Du|=4.72e+00 |DRu|=7.50e+00)
  [PT] w_u=2.6288 w_v=7.3292 gamma=0.947 (tau_u=3.804e-01 tau_v=1.364e-01 |Du|=2.96e+00 |DRu|=1.47e+01)
  [PT] w_u=2.8319 w_v=6.9936 gamma=0.978 (tau_u=3.531e-01 tau_v=1.430e-01 |Du|=4.15e+00 |DRu|=1.25e+01)
  [PT] w_u=2.8893 w_v=6.5417 gamma=0.979 (tau_u=3.461e-01 tau_v=1.529e-01 |Du|=3.74e+00 |DRu|=6.95e+00)
  [PT] w_u=3.1593 w_v=7.1354 gamma=0.980 (tau_u=3.165e-01 tau_v=1.401e-01 |Du|=3.95e+00 |DRu|=1.74e+01)
  [PT] w_u=3.2329 w_v=6.8499 gamma=0.997 (tau_u=3.093e-01 tau_v=1.460e-01 |Du|=5.81e+00 |DRu|=1.17e+01)
  [PT] w_u=3.5174 w_v=7.2521 gamma=1.000 (tau_u=2.843e-01 tau_v=1.379e-01 |Du|=3.96e+00 |DRu|=1.63e+01)
  [PT] w_u=3.8453 w_v=7.4248 gamma=0.997 (tau_u=2.601e-01 tau_v=1.347e-01 |Du|=3.27e+00 |DRu|=1.60e+01)
  [PT] w_u=4.0166 w_v=7.2680 gamma=0.988 (tau_u=2.490e-01 tau_v=1.376e-01 |Du|=6.10e+00 |DRu|=1.57e+01)
[Adam] ep=  980  total=7.852e-02  PDE=2.572e-02 [colloc=2.267e-02, cfd=3.057e-03] (w=1.392)  IN=2.458e-02 (w=1.028)  TB=2.025e-02 (w=0.816)  WALL=8.521e-16 (w=0.200)  OUT=2.511e-03 (w=0.362)  DATA=1.247e-01 (w=0.000)  DATA_P=0.000e+00 (w=1.000)
  [PT] w_u=4.3081 w_v=7.4251 gamma=0.995 (tau_u=2.321e-01 tau_v=1.347e-01 |Du|=4.62e+00 |DRu|=1.63e+01)
  [PT] w_u=4.4743 w_v=7.9177 gamma=0.994 (tau_u=2.235e-01 tau_v=1.263e-01 |Du|=6.58e+00 |DRu|=1.72e+01)
  [PT] w_u=4.2473 w_v=7.8317 gamma=0.998 (tau_u=2.354e-01 tau_v=1.277e-01 |Du|=9.10e+00 |DRu|=1.55e+01)
  [PT] w_u=4.1641 w_v=8.0956 gamma=1.000 (tau_u=2.401e-01 tau_v=1.235e-01 |Du|=7.87e+00 |DRu|=1.48e+01)
  [PT] w_u=4.5924 w_v=8.7660 gamma=1.000 (tau_u=2.178e-01 tau_v=1.141e-01 |Du|=3.37e+00 |DRu|=2.64e+01)
  [PT] w_u=4.8250 w_v=8.7006 gamma=1.000 (tau_u=2.073e-01 tau_v=1.149e-01 |Du|=5.08e+00 |DRu|=1.51e+01)
  [PT] w_u=4.5177 w_v=8.4220 gamma=1.000 (tau_u=2.214e-01 tau_v=1.187e-01 |Du|=7.35e+00 |DRu|=1.25e+01)
  [PT] w_u=4.6108 w_v=8.6676 gamma=0.996 (tau_u=2.169e-01 tau_v=1.154e-01 |Du|=7.76e+00 |DRu|=1.84e+01)
  [PT] w_u=5.0327 w_v=8.7454 gamma=0.996 (tau_u=1.987e-01 tau_v=1.143e-01 |Du|=4.29e+00 |DRu|=2.29e+01)
  [PT] w_u=5.3980 w_v=7.1854 gamma=1.000 (tau_u=1.853e-01 tau_v=1.392e-01 |Du|=3.79e+00 |DRu|=1.49e+01)
  [PT] w_u=5.1431 w_v=6.2341 gamma=1.000 (tau_u=1.944e-01 tau_v=1.604e-01 |Du|=4.47e+00 |DRu|=8.49e+00)
  [PT] w_u=5.3330 w_v=6.4500 gamma=0.988 (tau_u=1.875e-01 tau_v=1.550e-01 |Du|=5.75e+00 |DRu|=1.61e+01)
  [PT] w_u=5.7816 w_v=6.6908 gamma=0.976 (tau_u=1.730e-01 tau_v=1.495e-01 |Du|=4.09e+00 |DRu|=1.97e+01)
  [PT] w_u=6.0716 w_v=6.6623 gamma=0.999 (tau_u=1.647e-01 tau_v=1.501e-01 |Du|=4.26e+00 |DRu|=1.42e+01)
  [PT] w_u=5.6759 w_v=6.7147 gamma=1.000 (tau_u=1.762e-01 tau_v=1.489e-01 |Du|=5.54e+00 |DRu|=1.05e+01)
  [PT] w_u=5.9088 w_v=7.2097 gamma=1.000 (tau_u=1.692e-01 tau_v=1.387e-01 |Du|=6.43e+00 |DRu|=1.97e+01)
  [PT] w_u=6.4533 w_v=7.3320 gamma=1.000 (tau_u=1.550e-01 tau_v=1.364e-01 |Du|=3.36e+00 |DRu|=2.07e+01)
  [PT] w_u=6.7413 w_v=7.1981 gamma=1.000 (tau_u=1.483e-01 tau_v=1.389e-01 |Du|=4.08e+00 |DRu|=1.37e+01)
  [PT] w_u=6.0999 w_v=7.2463 gamma=1.000 (tau_u=1.639e-01 tau_v=1.380e-01 |Du|=7.87e+00 |DRu|=1.43e+01)
  [PT] w_u=5.5091 w_v=7.4983 gamma=1.000 (tau_u=1.815e-01 tau_v=1.334e-01 |Du|=1.05e+01 |DRu|=1.80e+01)
[Adam] ep= 1000  total=1.504e-01  PDE=4.812e-02 [colloc=4.197e-02, cfd=6.147e-03] (w=1.692)  IN=4.609e-02 (w=1.069)  TB=2.391e-02 (w=0.786)  WALL=3.998e-16 (w=0.200)  OUT=3.183e-03 (w=0.289)  DATA=1.354e-01 (w=0.000)  DATA_P=0.000e+00 (w=1.000)
  [PT] w_u=5.0259 w_v=7.2629 gamma=0.998 (tau_u=1.990e-01 tau_v=1.377e-01 |Du|=9.65e+00 |DRu|=1.62e+01)
  [PT] w_u=5.1646 w_v=6.8272 gamma=0.988 (tau_u=1.936e-01 tau_v=1.465e-01 |Du|=5.14e+00 |DRu|=1.34e+01)
  [PT] w_u=5.3804 w_v=6.5796 gamma=0.984 (tau_u=1.859e-01 tau_v=1.520e-01 |Du|=4.47e+00 |DRu|=1.30e+01)
  [PT] w_u=4.2447 w_v=6.2482 gamma=0.990 (tau_u=2.356e-01 tau_v=1.600e-01 |Du|=8.06e+00 |DRu|=9.70e+00)
  [PT] w_u=3.7471 w_v=6.4428 gamma=0.968 (tau_u=2.669e-01 tau_v=1.552e-01 |Du|=8.38e+00 |DRu|=1.11e+01)
  [PT] w_u=3.8682 w_v=6.9718 gamma=0.995 (tau_u=2.585e-01 tau_v=1.434e-01 |Du|=8.96e+00 |DRu|=2.09e+01)
  [PT] w_u=2.4672 w_v=7.0524 gamma=1.000 (tau_u=4.053e-01 tau_v=1.418e-01 |Du|=1.29e+01 |DRu|=9.79e+00)
  [PT] w_u=2.5929 w_v=7.5116 gamma=1.000 (tau_u=3.857e-01 tau_v=1.331e-01 |Du|=1.26e+01 |DRu|=2.75e+01)
  [PT] w_u=2.8371 w_v=7.9162 gamma=1.000 (tau_u=3.525e-01 tau_v=1.263e-01 |Du|=3.67e+00 |DRu|=1.58e+01)
  [PT] w_u=3.0182 w_v=8.3417 gamma=1.000 (tau_u=3.313e-01 tau_v=1.199e-01 |Du|=7.50e+00 |DRu|=2.00e+01)
  [PT] w_u=3.1872 w_v=8.8214 gamma=1.000 (tau_u=3.138e-01 tau_v=1.134e-01 |Du|=1.07e+01 |DRu|=2.72e+01)
  [PT] w_u=3.3381 w_v=8.8924 gamma=1.000 (tau_u=2.996e-01 tau_v=1.125e-01 |Du|=6.58e+00 |DRu|=1.59e+01)
  [PT] w_u=3.5055 w_v=8.7186 gamma=1.000 (tau_u=2.853e-01 tau_v=1.147e-01 |Du|=4.24e+00 |DRu|=1.07e+01)
  [PT] w_u=3.7121 w_v=8.8130 gamma=1.000 (tau_u=2.694e-01 tau_v=1.135e-01 |Du|=4.62e+00 |DRu|=1.30e+01)
  [PT] w_u=3.9805 w_v=9.2006 gamma=1.000 (tau_u=2.512e-01 tau_v=1.087e-01 |Du|=5.43e+00 |DRu|=1.83e+01)
  [PT] w_u=4.3392 w_v=9.4288 gamma=1.000 (tau_u=2.305e-01 tau_v=1.061e-01 |Du|=4.74e+00 |DRu|=2.27e+01)
  [PT] w_u=4.7102 w_v=9.1347 gamma=1.000 (tau_u=2.123e-01 tau_v=1.095e-01 |Du|=3.09e+00 |DRu|=1.40e+01)
  [PT] w_u=4.7775 w_v=8.5060 gamma=1.000 (tau_u=2.093e-01 tau_v=1.176e-01 |Du|=3.49e+00 |DRu|=8.16e+00)
  [PT] w_u=4.9977 w_v=8.6367 gamma=1.000 (tau_u=2.001e-01 tau_v=1.158e-01 |Du|=4.29e+00 |DRu|=1.25e+01)
  [PT] w_u=5.3571 w_v=8.8727 gamma=1.000 (tau_u=1.867e-01 tau_v=1.127e-01 |Du|=4.59e+00 |DRu|=1.79e+01)
[Adam] ep= 1020  total=1.702e-01  PDE=6.362e-02 [colloc=5.718e-02, cfd=6.443e-03] (w=1.958)  IN=2.444e-02 (w=1.020)  TB=2.480e-02 (w=0.790)  WALL=1.623e-15 (w=0.200)  OUT=4.143e-03 (w=0.266)  DATA=1.175e-01 (w=0.000)  DATA_P=0.000e+00 (w=1.000)
  [PT] w_u=5.6263 w_v=7.1203 gamma=0.996 (tau_u=1.777e-01 tau_v=1.404e-01 |Du|=6.06e+00 |DRu|=1.94e+01)
  [PT] w_u=5.5799 w_v=6.0848 gamma=0.999 (tau_u=1.792e-01 tau_v=1.643e-01 |Du|=6.39e+00 |DRu|=1.46e+01)
  [PT] w_u=5.1093 w_v=6.0077 gamma=1.000 (tau_u=1.957e-01 tau_v=1.665e-01 |Du|=8.52e+00 |DRu|=1.45e+01)
  [PT] w_u=4.6036 w_v=6.2880 gamma=0.992 (tau_u=2.172e-01 tau_v=1.590e-01 |Du|=9.36e+00 |DRu|=1.46e+01)
  [PT] w_u=4.6048 w_v=6.3879 gamma=0.985 (tau_u=2.172e-01 tau_v=1.565e-01 |Du|=8.18e+00 |DRu|=1.74e+01)
  [PT] w_u=4.5758 w_v=6.6126 gamma=1.000 (tau_u=2.185e-01 tau_v=1.512e-01 |Du|=7.20e+00 |DRu|=1.50e+01)
  [PT] w_u=3.7613 w_v=6.9174 gamma=1.000 (tau_u=2.659e-01 tau_v=1.446e-01 |Du|=9.09e+00 |DRu|=1.09e+01)
  [PT] w_u=3.3819 w_v=7.1052 gamma=1.000 (tau_u=2.957e-01 tau_v=1.407e-01 |Du|=9.02e+00 |DRu|=1.20e+01)
  [PT] w_u=3.3267 w_v=7.3951 gamma=0.996 (tau_u=3.006e-01 tau_v=1.352e-01 |Du|=6.66e+00 |DRu|=1.13e+01)
  [PT] w_u=3.5732 w_v=7.7182 gamma=0.966 (tau_u=2.799e-01 tau_v=1.296e-01 |Du|=4.93e+00 |DRu|=1.59e+01)
  [PT] w_u=3.3718 w_v=6.0566 gamma=0.980 (tau_u=2.966e-01 tau_v=1.651e-01 |Du|=9.84e+00 |DRu|=1.46e+01)
  [PT] w_u=2.3501 w_v=3.2786 gamma=0.972 (tau_u=4.255e-01 tau_v=3.050e-01 |Du|=8.30e+00 |DRu|=6.50e+00)
  [PT] w_u=2.4334 w_v=3.2649 gamma=0.960 (tau_u=4.110e-01 tau_v=3.063e-01 |Du|=7.18e+00 |DRu|=1.33e+01)
  [PT] w_u=2.3432 w_v=3.2998 gamma=0.960 (tau_u=4.268e-01 tau_v=3.030e-01 |Du|=6.64e+00 |DRu|=8.63e+00)
  [PT] w_u=2.3655 w_v=3.2584 gamma=0.973 (tau_u=4.227e-01 tau_v=3.069e-01 |Du|=5.13e+00 |DRu|=8.14e+00)
  [PT] w_u=2.5168 w_v=3.0442 gamma=0.992 (tau_u=3.973e-01 tau_v=3.285e-01 |Du|=5.44e+00 |DRu|=1.32e+01)
  [PT] w_u=2.4009 w_v=2.7004 gamma=0.983 (tau_u=4.165e-01 tau_v=3.703e-01 |Du|=5.12e+00 |DRu|=6.61e+00)
  [PT] w_u=2.5957 w_v=2.9304 gamma=0.977 (tau_u=3.853e-01 tau_v=3.413e-01 |Du|=5.91e+00 |DRu|=1.81e+01)
  [PT] w_u=2.6659 w_v=3.1170 gamma=0.986 (tau_u=3.751e-01 tau_v=3.208e-01 |Du|=4.87e+00 |DRu|=9.08e+00)
  [PT] w_u=2.9438 w_v=3.4429 gamma=0.991 (tau_u=3.397e-01 tau_v=2.905e-01 |Du|=2.43e+00 |DRu|=1.67e+01)
[Adam] ep= 1040  total=7.087e-02  PDE=1.808e-02 [colloc=1.596e-02, cfd=2.121e-03] (w=1.406)  IN=2.743e-02 (w=1.110)  TB=1.703e-02 (w=0.867)  WALL=1.715e-16 (w=0.200)  OUT=9.116e-04 (w=0.259)  DATA=1.164e-01 (w=0.000)  DATA_P=0.000e+00 (w=1.000)
  [PT] w_u=2.5421 w_v=3.6598 gamma=0.986 (tau_u=3.934e-01 tau_v=2.732e-01 |Du|=6.80e+00 |DRu|=7.21e+00)
  [PT] w_u=2.7005 w_v=4.0109 gamma=0.988 (tau_u=3.703e-01 tau_v=2.493e-01 |Du|=8.84e+00 |DRu|=2.18e+01)
  [PT] w_u=2.8272 w_v=4.2418 gamma=0.998 (tau_u=3.537e-01 tau_v=2.358e-01 |Du|=3.56e+00 |DRu|=7.87e+00)
  [PT] w_u=3.0359 w_v=4.5826 gamma=0.974 (tau_u=3.294e-01 tau_v=2.182e-01 |Du|=3.79e+00 |DRu|=1.13e+01)
  [PT] w_u=3.1645 w_v=4.9775 gamma=0.995 (tau_u=3.160e-01 tau_v=2.009e-01 |Du|=1.01e+01 |DRu|=2.28e+01)
  [PT] w_u=2.3221 w_v=4.8666 gamma=0.999 (tau_u=4.306e-01 tau_v=2.055e-01 |Du|=8.06e+00 |DRu|=6.66e+00)
  [PT] w_u=2.3126 w_v=5.0602 gamma=0.991 (tau_u=4.324e-01 tau_v=1.976e-01 |Du|=6.33e+00 |DRu|=9.41e+00)
  [PT] w_u=2.5404 w_v=5.4999 gamma=0.979 (tau_u=3.936e-01 tau_v=1.818e-01 |Du|=3.16e+00 |DRu|=1.48e+01)
  [PT] w_u=2.5544 w_v=5.8119 gamma=0.981 (tau_u=3.915e-01 tau_v=1.721e-01 |Du|=6.39e+00 |DRu|=1.04e+01)
  [PT] w_u=2.3915 w_v=5.8083 gamma=0.977 (tau_u=4.182e-01 tau_v=1.722e-01 |Du|=7.75e+00 |DRu|=9.44e+00)
  [PT] w_u=2.5221 w_v=6.2021 gamma=0.984 (tau_u=3.965e-01 tau_v=1.612e-01 |Du|=6.01e+00 |DRu|=1.33e+01)
  [PT] w_u=2.6066 w_v=5.3229 gamma=0.973 (tau_u=3.836e-01 tau_v=1.879e-01 |Du|=2.57e+00 |DRu|=4.89e+00)
  [PT] w_u=2.6682 w_v=5.2404 gamma=0.960 (tau_u=3.748e-01 tau_v=1.908e-01 |Du|=7.77e+00 |DRu|=1.40e+01)
  [PT] w_u=2.5045 w_v=4.6042 gamma=0.958 (tau_u=3.993e-01 tau_v=2.172e-01 |Du|=5.47e+00 |DRu|=6.80e+00)
  [PT] w_u=2.7349 w_v=4.9564 gamma=0.983 (tau_u=3.656e-01 tau_v=2.018e-01 |Du|=3.76e+00 |DRu|=1.49e+01)
  [PT] w_u=2.9149 w_v=5.2307 gamma=0.994 (tau_u=3.431e-01 tau_v=1.912e-01 |Du|=2.28e+00 |DRu|=6.07e+00)
  [PT] w_u=3.1715 w_v=5.4982 gamma=0.985 (tau_u=3.153e-01 tau_v=1.819e-01 |Du|=1.96e+00 |DRu|=7.59e+00)
  [PT] w_u=3.4370 w_v=5.8094 gamma=0.965 (tau_u=2.909e-01 tau_v=1.721e-01 |Du|=3.43e+00 |DRu|=1.26e+01)
  [PT] w_u=3.5854 w_v=6.0223 gamma=0.966 (tau_u=2.789e-01 tau_v=1.661e-01 |Du|=4.12e+00 |DRu|=9.81e+00)
  [PT] w_u=3.3138 w_v=5.2377 gamma=0.973 (tau_u=3.018e-01 tau_v=1.909e-01 |Du|=7.22e+00 |DRu|=9.99e+00)
[Adam] ep= 1060  total=4.897e-02  PDE=1.215e-02 [colloc=9.815e-03, cfd=2.338e-03] (w=1.268)  IN=2.004e-02 (w=0.956)  TB=1.708e-02 (w=0.831)  WALL=2.249e-16 (w=0.200)  OUT=5.564e-04 (w=0.368)  DATA=1.178e-01 (w=0.000)  DATA_P=0.000e+00 (w=1.000)
  [PT] w_u=2.7509 w_v=4.4399 gamma=0.988 (tau_u=3.635e-01 tau_v=2.252e-01 |Du|=9.95e+00 |DRu|=1.03e+01)
  [PT] w_u=2.7724 w_v=4.3090 gamma=0.992 (tau_u=3.607e-01 tau_v=2.321e-01 |Du|=3.85e+00 |DRu|=6.63e+00)
  [PT] w_u=2.7063 w_v=4.3638 gamma=0.965 (tau_u=3.695e-01 tau_v=2.292e-01 |Du|=5.21e+00 |DRu|=7.64e+00)
  [PT] w_u=2.3439 w_v=4.2166 gamma=0.945 (tau_u=4.266e-01 tau_v=2.372e-01 |Du|=1.19e+01 |DRu|=1.20e+01)
  [PT] w_u=2.3381 w_v=4.2160 gamma=0.967 (tau_u=4.277e-01 tau_v=2.372e-01 |Du|=6.48e+00 |DRu|=9.63e+00)
  [PT] w_u=2.3334 w_v=4.0549 gamma=0.964 (tau_u=4.286e-01 tau_v=2.466e-01 |Du|=4.12e+00 |DRu|=6.12e+00)
  [PT] w_u=2.3808 w_v=3.8343 gamma=0.960 (tau_u=4.200e-01 tau_v=2.608e-01 |Du|=5.33e+00 |DRu|=8.92e+00)
  [PT] w_u=2.5292 w_v=3.9768 gamma=0.933 (tau_u=3.954e-01 tau_v=2.515e-01 |Du|=3.00e+00 |DRu|=6.95e+00)
  [PT] w_u=2.7379 w_v=4.1770 gamma=0.965 (tau_u=3.652e-01 tau_v=2.394e-01 |Du|=4.37e+00 |DRu|=1.40e+01)
  [PT] w_u=2.7337 w_v=3.5558 gamma=0.969 (tau_u=3.658e-01 tau_v=2.812e-01 |Du|=2.83e+00 |DRu|=4.57e+00)
  [PT] w_u=2.9144 w_v=3.6311 gamma=0.972 (tau_u=3.431e-01 tau_v=2.754e-01 |Du|=4.77e+00 |DRu|=1.26e+01)
  [PT] w_u=2.1525 w_v=3.2638 gamma=0.972 (tau_u=4.646e-01 tau_v=3.064e-01 |Du|=5.06e+00 |DRu|=4.00e+00)
  [PT] w_u=2.3543 w_v=3.5479 gamma=0.980 (tau_u=4.248e-01 tau_v=2.819e-01 |Du|=3.24e+00 |DRu|=1.24e+01)
  [PT] w_u=2.5420 w_v=3.7109 gamma=0.978 (tau_u=3.934e-01 tau_v=2.695e-01 |Du|=2.18e+00 |DRu|=6.46e+00)
  [PT] w_u=2.8022 w_v=4.0681 gamma=0.977 (tau_u=3.569e-01 tau_v=2.458e-01 |Du|=2.36e+00 |DRu|=1.39e+01)
  [PT] w_u=2.8305 w_v=4.3310 gamma=0.970 (tau_u=3.533e-01 tau_v=2.309e-01 |Du|=4.54e+00 |DRu|=7.89e+00)
  [PT] w_u=3.0228 w_v=4.6472 gamma=0.979 (tau_u=3.308e-01 tau_v=2.152e-01 |Du|=4.42e+00 |DRu|=1.22e+01)
  [PT] w_u=2.7593 w_v=4.3944 gamma=0.969 (tau_u=3.624e-01 tau_v=2.276e-01 |Du|=2.80e+00 |DRu|=3.43e+00)
  [PT] w_u=2.8871 w_v=4.4930 gamma=0.945 (tau_u=3.464e-01 tau_v=2.226e-01 |Du|=5.46e+00 |DRu|=1.18e+01)
  [PT] w_u=2.9581 w_v=4.8211 gamma=0.947 (tau_u=3.381e-01 tau_v=2.074e-01 |Du|=5.57e+00 |DRu|=1.06e+01)
[Adam] ep= 1080  total=3.258e-02  PDE=9.665e-03 [colloc=7.676e-03, cfd=1.989e-03] (w=1.200)  IN=1.213e-02 (w=0.851)  TB=1.269e-02 (w=0.827)  WALL=1.632e-17 (w=0.200)  OUT=6.479e-04 (w=0.257)  DATA=9.900e-02 (w=0.000)  DATA_P=0.000e+00 (w=1.000)
  [PT] w_u=3.2006 w_v=4.7338 gamma=0.961 (tau_u=3.124e-01 tau_v=2.112e-01 |Du|=2.13e+00 |DRu|=7.31e+00)
  [PT] w_u=3.4523 w_v=5.0089 gamma=0.946 (tau_u=2.897e-01 tau_v=1.996e-01 |Du|=2.42e+00 |DRu|=8.09e+00)
  [PT] w_u=3.7439 w_v=4.9366 gamma=0.968 (tau_u=2.671e-01 tau_v=2.026e-01 |Du|=2.72e+00 |DRu|=1.06e+01)
  [PT] w_u=4.0904 w_v=5.2166 gamma=0.962 (tau_u=2.445e-01 tau_v=1.917e-01 |Du|=1.83e+00 |DRu|=8.91e+00)
  [PT] w_u=4.4007 w_v=5.0469 gamma=0.960 (tau_u=2.272e-01 tau_v=1.981e-01 |Du|=3.51e+00 |DRu|=1.28e+01)
  [PT] w_u=4.2623 w_v=4.7311 gamma=0.964 (tau_u=2.346e-01 tau_v=2.114e-01 |Du|=4.27e+00 |DRu|=7.64e+00)
  [PT] w_u=4.6313 w_v=5.1793 gamma=0.974 (tau_u=2.159e-01 tau_v=1.931e-01 |Du|=3.53e+00 |DRu|=1.60e+01)
  [PT] w_u=4.5310 w_v=5.0161 gamma=0.981 (tau_u=2.207e-01 tau_v=1.994e-01 |Du|=4.06e+00 |DRu|=7.83e+00)
  [PT] w_u=4.3633 w_v=5.0542 gamma=0.968 (tau_u=2.292e-01 tau_v=1.979e-01 |Du|=4.79e+00 |DRu|=8.52e+00)
  [PT] w_u=4.7912 w_v=5.4592 gamma=0.968 (tau_u=2.087e-01 tau_v=1.832e-01 |Du|=2.32e+00 |DRu|=1.46e+01)
  [PT] w_u=4.9540 w_v=5.7709 gamma=0.985 (tau_u=2.019e-01 tau_v=1.733e-01 |Du|=4.15e+00 |DRu|=1.10e+01)
  [PT] w_u=4.3087 w_v=5.9216 gamma=0.990 (tau_u=2.321e-01 tau_v=1.689e-01 |Du|=5.57e+00 |DRu|=7.81e+00)
  [PT] w_u=4.5571 w_v=6.3560 gamma=0.993 (tau_u=2.194e-01 tau_v=1.573e-01 |Du|=5.18e+00 |DRu|=1.59e+01)
  [PT] w_u=5.0468 w_v=7.0005 gamma=1.000 (tau_u=1.981e-01 tau_v=1.428e-01 |Du|=1.20e+00 |DRu|=1.49e+01)
  [PT] w_u=4.9451 w_v=7.1844 gamma=0.999 (tau_u=2.022e-01 tau_v=1.392e-01 |Du|=3.96e+00 |DRu|=8.10e+00)
  [PT] w_u=4.5751 w_v=7.4263 gamma=0.978 (tau_u=2.186e-01 tau_v=1.347e-01 |Du|=6.91e+00 |DRu|=1.13e+01)
  [PT] w_u=4.5589 w_v=7.7206 gamma=0.949 (tau_u=2.194e-01 tau_v=1.295e-01 |Du|=7.22e+00 |DRu|=1.48e+01)
  [PT] w_u=4.9676 w_v=8.1483 gamma=0.977 (tau_u=2.013e-01 tau_v=1.227e-01 |Du|=2.71e+00 |DRu|=1.36e+01)
  [PT] w_u=5.2236 w_v=8.3877 gamma=0.994 (tau_u=1.914e-01 tau_v=1.192e-01 |Du|=2.86e+00 |DRu|=8.88e+00)
  [PT] w_u=5.2002 w_v=8.0250 gamma=0.988 (tau_u=1.923e-01 tau_v=1.246e-01 |Du|=1.78e+00 |DRu|=3.95e+00)
[Adam] ep= 1100  total=6.896e-02  PDE=2.741e-02 [colloc=1.989e-02, cfd=7.525e-03] (w=1.340)  IN=2.517e-02 (w=0.937)  TB=1.154e-02 (w=0.737)  WALL=3.738e-16 (w=0.200)  OUT=6.864e-04 (w=0.221)  DATA=1.236e-01 (w=0.000)  DATA_P=0.000e+00 (w=1.000)
  [PT] w_u=5.6002 w_v=8.4930 gamma=0.941 (tau_u=1.786e-01 tau_v=1.177e-01 |Du|=2.65e+00 |DRu|=1.10e+01)
  [PT] w_u=6.1121 w_v=9.1177 gamma=0.969 (tau_u=1.636e-01 tau_v=1.097e-01 |Du|=2.85e+00 |DRu|=1.65e+01)
  [PT] w_u=5.7196 w_v=9.5945 gamma=0.994 (tau_u=1.748e-01 tau_v=1.042e-01 |Du|=4.57e+00 |DRu|=8.67e+00)
  [PT] w_u=3.1151 w_v=9.1817 gamma=0.995 (tau_u=3.210e-01 tau_v=1.089e-01 |Du|=5.20e+00 |DRu|=4.06e+00)
  [PT] w_u=3.2875 w_v=9.5070 gamma=0.968 (tau_u=3.042e-01 tau_v=1.052e-01 |Du|=5.05e+00 |DRu|=1.27e+01)
  [PT] w_u=3.6230 w_v=10.2155 gamma=0.993 (tau_u=2.760e-01 tau_v=9.789e-02 |Du|=3.12e+00 |DRu|=2.07e+01)
  [PT] w_u=3.7301 w_v=10.0506 gamma=0.999 (tau_u=2.681e-01 tau_v=9.950e-02 |Du|=3.54e+00 |DRu|=7.98e+00)
  [PT] w_u=3.5325 w_v=9.9195 gamma=0.980 (tau_u=2.831e-01 tau_v=1.008e-01 |Du|=6.90e+00 |DRu|=1.06e+01)
  [PT] w_u=3.6598 w_v=10.0614 gamma=0.947 (tau_u=2.732e-01 tau_v=9.939e-02 |Du|=7.68e+00 |DRu|=1.74e+01)
  [PT] w_u=4.0470 w_v=10.8224 gamma=0.981 (tau_u=2.471e-01 tau_v=9.240e-02 |Du|=1.46e+00 |DRu|=1.33e+01)
  [PT] w_u=3.7741 w_v=10.4450 gamma=0.982 (tau_u=2.650e-01 tau_v=9.574e-02 |Du|=2.57e+00 |DRu|=3.90e+00)
  [PT] w_u=4.0477 w_v=10.9787 gamma=0.936 (tau_u=2.471e-01 tau_v=9.109e-02 |Du|=3.23e+00 |DRu|=1.07e+01)
  [PT] w_u=4.3984 w_v=11.7978 gamma=0.987 (tau_u=2.274e-01 tau_v=8.476e-02 |Du|=4.29e+00 |DRu|=1.90e+01)
  [PT] w_u=4.8300 w_v=12.4016 gamma=1.000 (tau_u=2.070e-01 tau_v=8.063e-02 |Du|=1.82e+00 |DRu|=1.17e+01)
  [PT] w_u=4.8538 w_v=12.1538 gamma=1.000 (tau_u=2.060e-01 tau_v=8.228e-02 |Du|=3.53e+00 |DRu|=7.96e+00)
  [PT] w_u=4.8567 w_v=12.0305 gamma=1.000 (tau_u=2.059e-01 tau_v=8.312e-02 |Du|=5.93e+00 |DRu|=1.31e+01)
  [PT] w_u=5.0223 w_v=11.8527 gamma=0.998 (tau_u=1.991e-01 tau_v=8.437e-02 |Du|=5.36e+00 |DRu|=1.44e+01)
  [PT] w_u=5.3655 w_v=12.0950 gamma=0.993 (tau_u=1.864e-01 tau_v=8.268e-02 |Du|=3.96e+00 |DRu|=1.47e+01)
  [PT] w_u=5.5839 w_v=12.2054 gamma=0.992 (tau_u=1.791e-01 tau_v=8.193e-02 |Du|=4.17e+00 |DRu|=1.23e+01)
  [PT] w_u=5.4039 w_v=12.2344 gamma=0.991 (tau_u=1.851e-01 tau_v=8.174e-02 |Du|=5.79e+00 |DRu|=1.18e+01)
[Adam] ep= 1120  total=8.598e-02  PDE=2.753e-02 [colloc=2.009e-02, cfd=7.442e-03] (w=1.494)  IN=3.585e-02 (w=0.921)  TB=1.589e-02 (w=0.734)  WALL=4.622e-16 (w=0.200)  OUT=8.597e-04 (w=0.209)  DATA=1.380e-01 (w=0.000)  DATA_P=0.000e+00 (w=1.000)
  [PT] w_u=5.6093 w_v=11.8370 gamma=0.986 (tau_u=1.783e-01 tau_v=8.448e-02 |Du|=4.59e+00 |DRu|=1.33e+01)
  [PT] w_u=6.0853 w_v=10.6890 gamma=0.976 (tau_u=1.643e-01 tau_v=9.355e-02 |Du|=2.79e+00 |DRu|=1.40e+01)
  [PT] w_u=5.4924 w_v=10.1514 gamma=0.987 (tau_u=1.821e-01 tau_v=9.851e-02 |Du|=7.79e+00 |DRu|=1.32e+01)
  [PT] w_u=4.0486 w_v=10.1553 gamma=0.995 (tau_u=2.470e-01 tau_v=9.847e-02 |Du|=1.10e+01 |DRu|=1.20e+01)
  [PT] w_u=3.7750 w_v=9.6534 gamma=0.998 (tau_u=2.649e-01 tau_v=1.036e-01 |Du|=8.71e+00 |DRu|=1.33e+01)
  [PT] w_u=3.8870 w_v=8.9303 gamma=0.995 (tau_u=2.573e-01 tau_v=1.120e-01 |Du|=4.49e+00 |DRu|=1.03e+01)
  [PT] w_u=4.0411 w_v=8.9406 gamma=0.992 (tau_u=2.475e-01 tau_v=1.118e-01 |Du|=5.27e+00 |DRu|=1.32e+01)
  [PT] w_u=3.9199 w_v=8.8545 gamma=0.997 (tau_u=2.551e-01 tau_v=1.129e-01 |Du|=9.22e+00 |DRu|=1.62e+01)
  [PT] w_u=3.5236 w_v=7.0355 gamma=0.995 (tau_u=2.838e-01 tau_v=1.421e-01 |Du|=5.97e+00 |DRu|=8.09e+00)
  [PT] w_u=3.6815 w_v=6.6017 gamma=0.985 (tau_u=2.716e-01 tau_v=1.515e-01 |Du|=3.42e+00 |DRu|=8.42e+00)
  [PT] w_u=3.9536 w_v=6.7836 gamma=0.978 (tau_u=2.529e-01 tau_v=1.474e-01 |Du|=2.84e+00 |DRu|=9.65e+00)
  [PT] w_u=3.8392 w_v=6.2526 gamma=0.950 (tau_u=2.605e-01 tau_v=1.599e-01 |Du|=5.42e+00 |DRu|=9.22e+00)
  [PT] w_u=3.2428 w_v=5.6547 gamma=0.956 (tau_u=3.084e-01 tau_v=1.768e-01 |Du|=8.47e+00 |DRu|=9.63e+00)
  [PT] w_u=3.3238 w_v=6.0083 gamma=0.994 (tau_u=3.009e-01 tau_v=1.664e-01 |Du|=7.59e+00 |DRu|=1.57e+01)
  [PT] w_u=3.4488 w_v=6.3573 gamma=0.999 (tau_u=2.900e-01 tau_v=1.573e-01 |Du|=3.41e+00 |DRu|=7.77e+00)
  [PT] w_u=3.6488 w_v=6.8311 gamma=0.993 (tau_u=2.741e-01 tau_v=1.464e-01 |Du|=4.23e+00 |DRu|=1.17e+01)
  [PT] w_u=3.8766 w_v=7.3616 gamma=0.995 (tau_u=2.580e-01 tau_v=1.358e-01 |Du|=6.00e+00 |DRu|=1.78e+01)
  [PT] w_u=3.9455 w_v=7.4675 gamma=0.998 (tau_u=2.535e-01 tau_v=1.339e-01 |Du|=4.38e+00 |DRu|=9.49e+00)
  [PT] w_u=3.9135 w_v=7.4716 gamma=0.991 (tau_u=2.555e-01 tau_v=1.338e-01 |Du|=3.34e+00 |DRu|=6.34e+00)
  [PT] w_u=4.2697 w_v=7.7788 gamma=0.959 (tau_u=2.342e-01 tau_v=1.286e-01 |Du|=2.59e+00 |DRu|=1.23e+01)
[Adam] ep= 1140  total=6.649e-02  PDE=2.231e-02 [colloc=1.858e-02, cfd=3.727e-03] (w=1.435)  IN=2.343e-02 (w=0.898)  TB=1.616e-02 (w=0.810)  WALL=6.737e-17 (w=0.200)  OUT=1.278e-03 (w=0.272)  DATA=1.156e-01 (w=0.000)  DATA_P=0.000e+00 (w=1.000)
  [PT] w_u=4.6182 w_v=7.8816 gamma=0.977 (tau_u=2.165e-01 tau_v=1.269e-01 |Du|=3.97e+00 |DRu|=1.64e+01)
  [PT] w_u=4.4989 w_v=6.8458 gamma=0.997 (tau_u=2.223e-01 tau_v=1.461e-01 |Du|=4.50e+00 |DRu|=8.58e+00)
  [PT] w_u=4.2204 w_v=4.7980 gamma=0.997 (tau_u=2.369e-01 tau_v=2.084e-01 |Du|=4.15e+00 |DRu|=6.82e+00)
  [PT] w_u=4.4401 w_v=4.7323 gamma=0.989 (tau_u=2.252e-01 tau_v=2.113e-01 |Du|=3.99e+00 |DRu|=1.15e+01)
  [PT] w_u=4.5630 w_v=4.9099 gamma=0.981 (tau_u=2.192e-01 tau_v=2.037e-01 |Du|=3.98e+00 |DRu|=9.71e+00)
  [PT] w_u=4.2058 w_v=4.8115 gamma=0.938 (tau_u=2.378e-01 tau_v=2.078e-01 |Du|=4.36e+00 |DRu|=6.64e+00)
  [PT] w_u=4.4719 w_v=4.8315 gamma=0.936 (tau_u=2.236e-01 tau_v=2.070e-01 |Du|=3.83e+00 |DRu|=1.19e+01)
  [PT] w_u=4.2138 w_v=4.7629 gamma=0.977 (tau_u=2.373e-01 tau_v=2.100e-01 |Du|=5.18e+00 |DRu|=8.53e+00)
  [PT] w_u=3.9249 w_v=5.0470 gamma=0.993 (tau_u=2.548e-01 tau_v=1.981e-01 |Du|=6.57e+00 |DRu|=1.02e+01)
  [PT] w_u=3.7754 w_v=5.3098 gamma=0.997 (tau_u=2.649e-01 tau_v=1.883e-01 |Du|=5.05e+00 |DRu|=8.45e+00)
  [PT] w_u=3.6114 w_v=5.3512 gamma=0.989 (tau_u=2.769e-01 tau_v=1.869e-01 |Du|=3.23e+00 |DRu|=5.17e+00)
  [PT] w_u=3.8856 w_v=5.6798 gamma=0.920 (tau_u=2.574e-01 tau_v=1.761e-01 |Du|=3.15e+00 |DRu|=1.06e+01)
  [PT] w_u=4.1298 w_v=5.9977 gamma=0.982 (tau_u=2.421e-01 tau_v=1.667e-01 |Du|=6.09e+00 |DRu|=1.86e+01)
  [PT] w_u=3.7482 w_v=5.3648 gamma=0.997 (tau_u=2.668e-01 tau_v=1.864e-01 |Du|=4.61e+00 |DRu|=6.59e+00)
  [PT] w_u=3.6597 w_v=5.1230 gamma=0.990 (tau_u=2.732e-01 tau_v=1.952e-01 |Du|=3.54e+00 |DRu|=6.11e+00)
  [PT] w_u=4.0059 w_v=5.4778 gamma=0.967 (tau_u=2.496e-01 tau_v=1.826e-01 |Du|=2.48e+00 |DRu|=1.27e+01)
  [PT] w_u=3.5868 w_v=5.7941 gamma=0.980 (tau_u=2.788e-01 tau_v=1.726e-01 |Du|=9.49e+00 |DRu|=1.28e+01)
  [PT] w_u=3.0040 w_v=5.9650 gamma=0.986 (tau_u=3.329e-01 tau_v=1.676e-01 |Du|=8.99e+00 |DRu|=9.86e+00)
  [PT] w_u=3.3217 w_v=6.5519 gamma=0.996 (tau_u=3.010e-01 tau_v=1.526e-01 |Du|=2.13e+00 |DRu|=1.76e+01)
  [PT] w_u=3.1497 w_v=6.3480 gamma=0.994 (tau_u=3.175e-01 tau_v=1.575e-01 |Du|=4.82e+00 |DRu|=7.04e+00)
[Adam] ep= 1160  total=5.449e-02  PDE=2.596e-02 [colloc=2.332e-02, cfd=2.636e-03] (w=1.406)  IN=6.806e-03 (w=0.801)  TB=1.387e-02 (w=0.829)  WALL=4.483e-16 (w=0.200)  OUT=3.471e-03 (w=0.294)  DATA=7.843e-02 (w=0.000)  DATA_P=0.000e+00 (w=1.000)
  [PT] w_u=3.1546 w_v=6.5433 gamma=0.958 (tau_u=3.170e-01 tau_v=1.528e-01 |Du|=8.55e+00 |DRu|=1.50e+01)
  [PT] w_u=3.3119 w_v=6.6317 gamma=0.982 (tau_u=3.019e-01 tau_v=1.508e-01 |Du|=7.06e+00 |DRu|=1.71e+01)
  [PT] w_u=3.0883 w_v=6.0410 gamma=0.986 (tau_u=3.238e-01 tau_v=1.655e-01 |Du|=4.20e+00 |DRu|=5.77e+00)
  [PT] w_u=3.3181 w_v=6.2795 gamma=0.950 (tau_u=3.014e-01 tau_v=1.592e-01 |Du|=2.58e+00 |DRu|=7.98e+00)
  [PT] w_u=3.6343 w_v=6.8612 gamma=0.952 (tau_u=2.752e-01 tau_v=1.457e-01 |Du|=3.56e+00 |DRu|=1.76e+01)
  [PT] w_u=3.6363 w_v=7.0763 gamma=0.986 (tau_u=2.750e-01 tau_v=1.413e-01 |Du|=4.29e+00 |DRu|=8.15e+00)
  [PT] w_u=3.7088 w_v=6.5709 gamma=0.973 (tau_u=2.696e-01 tau_v=1.522e-01 |Du|=3.29e+00 |DRu|=6.89e+00)
  [PT] w_u=4.0720 w_v=7.1077 gamma=0.962 (tau_u=2.456e-01 tau_v=1.407e-01 |Du|=2.73e+00 |DRu|=1.57e+01)
  [PT] w_u=3.3441 w_v=7.4966 gamma=0.969 (tau_u=2.990e-01 tau_v=1.334e-01 |Du|=6.03e+00 |DRu|=6.72e+00)
  [PT] w_u=2.7061 w_v=7.6995 gamma=0.920 (tau_u=3.695e-01 tau_v=1.299e-01 |Du|=7.52e+00 |DRu|=7.20e+00)
  [PT] w_u=2.9001 w_v=8.0856 gamma=0.902 (tau_u=3.448e-01 tau_v=1.237e-01 |Du|=4.34e+00 |DRu|=1.18e+01)
  [PT] w_u=3.0899 w_v=6.9188 gamma=0.948 (tau_u=3.236e-01 tau_v=1.445e-01 |Du|=2.67e+00 |DRu|=7.14e+00)
  [PT] w_u=2.8672 w_v=6.6114 gamma=0.943 (tau_u=3.488e-01 tau_v=1.513e-01 |Du|=4.73e+00 |DRu|=6.06e+00)
  [PT] w_u=3.0373 w_v=6.9705 gamma=0.958 (tau_u=3.292e-01 tau_v=1.435e-01 |Du|=6.00e+00 |DRu|=1.50e+01)
  [PT] w_u=3.1221 w_v=6.6635 gamma=0.992 (tau_u=3.203e-01 tau_v=1.501e-01 |Du|=4.76e+00 |DRu|=9.67e+00)
  [PT] w_u=3.1987 w_v=6.7270 gamma=0.988 (tau_u=3.126e-01 tau_v=1.487e-01 |Du|=3.32e+00 |DRu|=6.69e+00)
  [PT] w_u=3.5277 w_v=7.1573 gamma=0.971 (tau_u=2.835e-01 tau_v=1.397e-01 |Du|=2.67e+00 |DRu|=1.81e+01)
  [PT] w_u=3.8698 w_v=6.9445 gamma=0.996 (tau_u=2.584e-01 tau_v=1.440e-01 |Du|=2.62e+00 |DRu|=1.44e+01)
  [PT] w_u=4.0476 w_v=6.7290 gamma=0.999 (tau_u=2.471e-01 tau_v=1.486e-01 |Du|=3.01e+00 |DRu|=7.91e+00)
  [PT] w_u=4.3432 w_v=7.1896 gamma=0.992 (tau_u=2.302e-01 tau_v=1.391e-01 |Du|=3.38e+00 |DRu|=1.20e+01)
[Adam] ep= 1180  total=6.593e-02  PDE=3.319e-02 [colloc=2.764e-02, cfd=5.550e-03] (w=1.341)  IN=9.005e-03 (w=0.800)  TB=1.649e-02 (w=0.819)  WALL=8.814e-17 (w=0.200)  OUT=2.400e-03 (w=0.298)  DATA=1.029e-01 (w=0.000)  DATA_P=0.000e+00 (w=1.000)
  [PT] w_u=4.7697 w_v=7.0947 gamma=0.981 (tau_u=2.097e-01 tau_v=1.409e-01 |Du|=2.96e+00 |DRu|=1.88e+01)
  [PT] w_u=5.1479 w_v=6.3470 gamma=0.995 (tau_u=1.943e-01 tau_v=1.576e-01 |Du|=3.25e+00 |DRu|=1.37e+01)
  [PT] w_u=5.2862 w_v=5.9831 gamma=0.998 (tau_u=1.892e-01 tau_v=1.671e-01 |Du|=3.14e+00 |DRu|=8.28e+00)
  [PT] w_u=5.6938 w_v=6.3491 gamma=0.992 (tau_u=1.756e-01 tau_v=1.575e-01 |Du|=3.07e+00 |DRu|=1.32e+01)
  [PT] w_u=6.1616 w_v=6.3527 gamma=0.972 (tau_u=1.623e-01 tau_v=1.574e-01 |Du|=3.34e+00 |DRu|=1.60e+01)
  [PT] w_u=6.3478 w_v=6.1165 gamma=0.987 (tau_u=1.575e-01 tau_v=1.635e-01 |Du|=3.98e+00 |DRu|=1.17e+01)
  [PT] w_u=6.0298 w_v=5.9027 gamma=0.995 (tau_u=1.658e-01 tau_v=1.694e-01 |Du|=3.99e+00 |DRu|=8.10e+00)
  [PT] w_u=6.3344 w_v=6.3731 gamma=0.992 (tau_u=1.579e-01 tau_v=1.569e-01 |Du|=3.66e+00 |DRu|=1.24e+01)
  [PT] w_u=6.8610 w_v=6.3651 gamma=0.989 (tau_u=1.458e-01 tau_v=1.571e-01 |Du|=2.79e+00 |DRu|=1.45e+01)
  [PT] w_u=7.2279 w_v=6.1016 gamma=0.995 (tau_u=1.384e-01 tau_v=1.639e-01 |Du|=3.12e+00 |DRu|=1.16e+01)
  [PT] w_u=6.7951 w_v=6.0106 gamma=0.998 (tau_u=1.472e-01 tau_v=1.664e-01 |Du|=5.25e+00 |DRu|=1.10e+01)
  [PT] w_u=6.1431 w_v=6.0215 gamma=0.998 (tau_u=1.628e-01 tau_v=1.661e-01 |Du|=6.01e+00 |DRu|=1.09e+01)
  [PT] w_u=5.9917 w_v=6.4242 gamma=0.990 (tau_u=1.669e-01 tau_v=1.557e-01 |Du|=4.94e+00 |DRu|=1.09e+01)
  [PT] w_u=6.1996 w_v=6.7202 gamma=0.963 (tau_u=1.613e-01 tau_v=1.488e-01 |Du|=4.31e+00 |DRu|=1.27e+01)
  [PT] w_u=6.1038 w_v=6.5860 gamma=0.975 (tau_u=1.638e-01 tau_v=1.518e-01 |Du|=4.28e+00 |DRu|=9.79e+00)
  [PT] w_u=5.1116 w_v=5.7858 gamma=0.981 (tau_u=1.956e-01 tau_v=1.728e-01 |Du|=5.17e+00 |DRu|=7.38e+00)
  [PT] w_u=5.2343 w_v=5.5512 gamma=0.966 (tau_u=1.910e-01 tau_v=1.801e-01 |Du|=4.09e+00 |DRu|=1.04e+01)
  [PT] w_u=4.8191 w_v=5.9166 gamma=0.961 (tau_u=2.075e-01 tau_v=1.690e-01 |Du|=6.22e+00 |DRu|=1.02e+01)
  [PT] w_u=2.4623 w_v=5.8870 gamma=0.967 (tau_u=4.061e-01 tau_v=1.699e-01 |Du|=1.08e+01 |DRu|=7.19e+00)
  [PT] w_u=2.3399 w_v=6.0559 gamma=0.978 (tau_u=4.274e-01 tau_v=1.651e-01 |Du|=1.24e+01 |DRu|=1.56e+01)
[Adam] ep= 1200  total=4.812e-02  PDE=1.619e-02 [colloc=1.073e-02, cfd=5.462e-03] (w=1.280)  IN=1.626e-02 (w=1.006)  TB=1.336e-02 (w=0.802)  WALL=5.602e-17 (w=0.200)  OUT=1.552e-03 (w=0.220)  DATA=1.144e-01 (w=0.000)  DATA_P=0.000e+00 (w=1.000)
  [PT] w_u=2.3702 w_v=6.1991 gamma=0.998 (tau_u=4.219e-01 tau_v=1.613e-01 |Du|=6.52e+00 |DRu|=1.07e+01)
  [PT] w_u=2.4115 w_v=6.3776 gamma=0.995 (tau_u=4.147e-01 tau_v=1.568e-01 |Du|=3.50e+00 |DRu|=5.90e+00)
  [PT] w_u=2.5894 w_v=6.7213 gamma=0.988 (tau_u=3.862e-01 tau_v=1.488e-01 |Du|=5.88e+00 |DRu|=1.62e+01)
  [PT] w_u=2.3195 w_v=6.5052 gamma=0.993 (tau_u=4.311e-01 tau_v=1.537e-01 |Du|=8.16e+00 |DRu|=8.90e+00)
  [PT] w_u=2.0432 w_v=6.6209 gamma=0.976 (tau_u=4.894e-01 tau_v=1.510e-01 |Du|=9.23e+00 |DRu|=9.05e+00)
  [PT] w_u=2.1005 w_v=7.0293 gamma=0.976 (tau_u=4.761e-01 tau_v=1.423e-01 |Du|=8.09e+00 |DRu|=1.34e+01)
  [PT] w_u=2.2946 w_v=7.2526 gamma=0.985 (tau_u=4.358e-01 tau_v=1.379e-01 |Du|=1.85e+00 |DRu|=6.76e+00)
  [PT] w_u=2.0803 w_v=7.0068 gamma=0.974 (tau_u=4.807e-01 tau_v=1.427e-01 |Du|=5.48e+00 |DRu|=5.76e+00)
  [PT] w_u=1.9679 w_v=7.0759 gamma=0.940 (tau_u=5.081e-01 tau_v=1.413e-01 |Du|=9.00e+00 |DRu|=1.00e+01)
  [PT] w_u=1.8970 w_v=7.2997 gamma=0.976 (tau_u=5.272e-01 tau_v=1.370e-01 |Du|=1.04e+01 |DRu|=1.23e+01)
  [PT] w_u=1.9907 w_v=7.1680 gamma=0.989 (tau_u=5.023e-01 tau_v=1.395e-01 |Du|=4.03e+00 |DRu|=7.58e+00)
  [PT] w_u=1.9625 w_v=6.3564 gamma=0.982 (tau_u=5.095e-01 tau_v=1.573e-01 |Du|=5.54e+00 |DRu|=7.24e+00)
  [PT] w_u=1.9490 w_v=6.7562 gamma=0.952 (tau_u=5.131e-01 tau_v=1.480e-01 |Du|=7.21e+00 |DRu|=9.53e+00)
  [PT] w_u=1.8995 w_v=6.4417 gamma=0.943 (tau_u=5.265e-01 tau_v=1.552e-01 |Du|=6.46e+00 |DRu|=7.80e+00)
  [PT] w_u=1.8893 w_v=5.7007 gamma=0.961 (tau_u=5.293e-01 tau_v=1.754e-01 |Du|=5.03e+00 |DRu|=6.62e+00)
  [PT] w_u=1.9932 w_v=5.7291 gamma=0.972 (tau_u=5.017e-01 tau_v=1.745e-01 |Du|=3.52e+00 |DRu|=6.90e+00)
  [PT] w_u=2.0670 w_v=5.8795 gamma=0.988 (tau_u=4.838e-01 tau_v=1.701e-01 |Du|=6.45e+00 |DRu|=1.13e+01)
  [PT] w_u=1.9515 w_v=6.0361 gamma=0.998 (tau_u=5.124e-01 tau_v=1.657e-01 |Du|=7.80e+00 |DRu|=8.89e+00)
  [PT] w_u=1.9436 w_v=6.2074 gamma=1.000 (tau_u=5.145e-01 tau_v=1.611e-01 |Du|=6.20e+00 |DRu|=8.48e+00)
  [PT] w_u=2.0584 w_v=6.3297 gamma=0.998 (tau_u=4.858e-01 tau_v=1.580e-01 |Du|=3.36e+00 |DRu|=7.05e+00)
[Adam] ep= 1220  total=6.107e-02  PDE=3.109e-02 [colloc=2.925e-02, cfd=1.847e-03] (w=1.358)  IN=8.051e-03 (w=0.834)  TB=1.478e-02 (w=0.791)  WALL=1.263e-15 (w=0.200)  OUT=1.509e-03 (w=0.297)  DATA=8.836e-02 (w=0.000)  DATA_P=0.000e+00 (w=1.000)
  [PT] w_u=2.1913 w_v=6.5117 gamma=0.986 (tau_u=4.563e-01 tau_v=1.536e-01 |Du|=4.10e+00 |DRu|=9.31e+00)
  [PT] w_u=2.0132 w_v=6.0313 gamma=0.962 (tau_u=4.967e-01 tau_v=1.658e-01 |Du|=1.01e+01 |DRu|=1.07e+01)
  [PT] w_u=1.7010 w_v=4.9663 gamma=0.934 (tau_u=5.879e-01 tau_v=2.014e-01 |Du|=1.13e+01 |DRu|=9.20e+00)
  [PT] w_u=1.7045 w_v=4.5615 gamma=0.940 (tau_u=5.867e-01 tau_v=2.192e-01 |Du|=5.46e+00 |DRu|=6.98e+00)
  [PT] w_u=1.6777 w_v=4.6867 gamma=0.913 (tau_u=5.961e-01 tau_v=2.134e-01 |Du|=4.58e+00 |DRu|=5.30e+00)
  [PT] w_u=1.5887 w_v=4.7403 gamma=0.955 (tau_u=6.294e-01 tau_v=2.110e-01 |Du|=1.11e+01 |DRu|=1.12e+01)
  [PT] w_u=1.2682 w_v=3.9927 gamma=0.959 (tau_u=7.885e-01 tau_v=2.505e-01 |Du|=8.38e+00 |DRu|=5.51e+00)
  [PT] w_u=1.3934 w_v=4.2364 gamma=0.973 (tau_u=7.177e-01 tau_v=2.361e-01 |Du|=4.29e+00 |DRu|=1.50e+01)
  [PT] w_u=1.4998 w_v=4.3586 gamma=0.977 (tau_u=6.668e-01 tau_v=2.294e-01 |Du|=3.37e+00 |DRu|=7.28e+00)
  [PT] w_u=1.6561 w_v=4.7424 gamma=0.990 (tau_u=6.038e-01 tau_v=2.109e-01 |Du|=2.73e+00 |DRu|=1.40e+01)
  [PT] w_u=1.7352 w_v=4.4925 gamma=0.974 (tau_u=5.763e-01 tau_v=2.226e-01 |Du|=3.04e+00 |DRu|=5.23e+00)
  [PT] w_u=1.8916 w_v=4.9024 gamma=0.976 (tau_u=5.287e-01 tau_v=2.040e-01 |Du|=5.42e+00 |DRu|=1.70e+01)
  [PT] w_u=1.7852 w_v=5.1201 gamma=0.968 (tau_u=5.601e-01 tau_v=1.953e-01 |Du|=4.93e+00 |DRu|=5.29e+00)
  [PT] w_u=1.9469 w_v=5.2118 gamma=0.957 (tau_u=5.136e-01 tau_v=1.919e-01 |Du|=4.82e+00 |DRu|=1.53e+01)
  [PT] w_u=1.9140 w_v=4.1713 gamma=0.977 (tau_u=5.225e-01 tau_v=2.397e-01 |Du|=5.06e+00 |DRu|=6.45e+00)
  [PT] w_u=1.9113 w_v=3.9449 gamma=0.956 (tau_u=5.232e-01 tau_v=2.535e-01 |Du|=4.82e+00 |DRu|=6.48e+00)
  [PT] w_u=2.1016 w_v=4.3339 gamma=0.951 (tau_u=4.758e-01 tau_v=2.307e-01 |Du|=2.99e+00 |DRu|=1.31e+01)
  [PT] w_u=2.0171 w_v=4.3010 gamma=0.956 (tau_u=4.958e-01 tau_v=2.325e-01 |Du|=3.89e+00 |DRu|=4.63e+00)
  [PT] w_u=2.1422 w_v=4.6345 gamma=0.914 (tau_u=4.668e-01 tau_v=2.158e-01 |Du|=5.19e+00 |DRu|=1.09e+01)
  [PT] w_u=2.1799 w_v=4.8709 gamma=0.949 (tau_u=4.587e-01 tau_v=2.053e-01 |Du|=6.63e+00 |DRu|=1.04e+01)
[Adam] ep= 1240  total=2.907e-02  PDE=6.655e-03 [colloc=5.345e-03, cfd=1.310e-03] (w=1.169)  IN=1.091e-02 (w=0.794)  TB=1.538e-02 (w=0.816)  WALL=1.175e-16 (w=0.200)  OUT=3.987e-04 (w=0.200)  DATA=1.088e-01 (w=0.000)  DATA_P=0.000e+00 (w=1.000)
  [PT] w_u=2.2256 w_v=5.1964 gamma=0.939 (tau_u=4.493e-01 tau_v=1.924e-01 |Du|=4.91e+00 |DRu|=7.89e+00)
  [PT] w_u=2.4430 w_v=5.0717 gamma=0.984 (tau_u=4.093e-01 tau_v=1.972e-01 |Du|=3.91e+00 |DRu|=1.74e+01)
  [PT] w_u=2.2001 w_v=3.4701 gamma=0.990 (tau_u=4.545e-01 tau_v=2.882e-01 |Du|=3.94e+00 |DRu|=4.22e+00)
  [PT] w_u=2.3881 w_v=3.7085 gamma=0.928 (tau_u=4.187e-01 tau_v=2.696e-01 |Du|=4.06e+00 |DRu|=1.26e+01)
  [PT] w_u=2.6228 w_v=4.0744 gamma=0.990 (tau_u=3.813e-01 tau_v=2.454e-01 |Du|=4.67e+00 |DRu|=2.21e+01)
  [PT] w_u=2.3788 w_v=4.1011 gamma=0.999 (tau_u=4.204e-01 tau_v=2.438e-01 |Du|=5.25e+00 |DRu|=5.97e+00)
  [PT] w_u=2.3740 w_v=4.2865 gamma=0.986 (tau_u=4.212e-01 tau_v=2.333e-01 |Du|=5.72e+00 |DRu|=8.67e+00)
  [PT] w_u=2.5963 w_v=4.7514 gamma=0.932 (tau_u=3.852e-01 tau_v=2.105e-01 |Du|=4.06e+00 |DRu|=1.59e+01)
  [PT] w_u=2.7874 w_v=5.0110 gamma=0.968 (tau_u=3.588e-01 tau_v=1.996e-01 |Du|=4.57e+00 |DRu|=1.29e+01)
  [PT] w_u=2.4375 w_v=5.2086 gamma=0.979 (tau_u=4.103e-01 tau_v=1.920e-01 |Du|=5.98e+00 |DRu|=6.34e+00)
  [PT] w_u=2.5855 w_v=5.5178 gamma=0.955 (tau_u=3.868e-01 tau_v=1.812e-01 |Du|=5.60e+00 |DRu|=1.31e+01)
  [PT] w_u=2.8006 w_v=5.1100 gamma=0.983 (tau_u=3.571e-01 tau_v=1.957e-01 |Du|=4.91e+00 |DRu|=1.63e+01)
  [PT] w_u=2.9434 w_v=4.7137 gamma=0.995 (tau_u=3.397e-01 tau_v=2.121e-01 |Du|=3.49e+00 |DRu|=8.12e+00)
  [PT] w_u=3.2129 w_v=5.0826 gamma=0.989 (tau_u=3.112e-01 tau_v=1.967e-01 |Du|=2.96e+00 |DRu|=1.26e+01)
  [PT] w_u=3.5254 w_v=5.2994 gamma=0.984 (tau_u=2.837e-01 tau_v=1.887e-01 |Du|=2.99e+00 |DRu|=1.58e+01)
  [PT] w_u=3.7655 w_v=5.1919 gamma=0.994 (tau_u=2.656e-01 tau_v=1.926e-01 |Du|=3.87e+00 |DRu|=1.20e+01)
  [PT] w_u=3.7765 w_v=5.1425 gamma=0.996 (tau_u=2.648e-01 tau_v=1.945e-01 |Du|=4.41e+00 |DRu|=8.67e+00)
  [PT] w_u=3.9682 w_v=5.4355 gamma=0.987 (tau_u=2.520e-01 tau_v=1.840e-01 |Du|=4.40e+00 |DRu|=1.18e+01)
  [PT] w_u=4.3134 w_v=5.7539 gamma=0.970 (tau_u=2.318e-01 tau_v=1.738e-01 |Du|=3.27e+00 |DRu|=1.43e+01)
  [PT] w_u=4.6400 w_v=5.6855 gamma=0.976 (tau_u=2.155e-01 tau_v=1.759e-01 |Du|=2.75e+00 |DRu|=1.04e+01)
[Adam] ep= 1260  total=4.745e-02  PDE=1.544e-02 [colloc=1.143e-02, cfd=4.009e-03] (w=1.358)  IN=1.932e-02 (w=0.785)  TB=1.334e-02 (w=0.806)  WALL=4.199e-16 (w=0.200)  OUT=1.856e-03 (w=0.307)  DATA=1.326e-01 (w=0.000)  DATA_P=0.000e+00 (w=1.000)
  [PT] w_u=4.8206 w_v=5.5610 gamma=0.979 (tau_u=2.074e-01 tau_v=1.798e-01 |Du|=2.47e+00 |DRu|=6.66e+00)
  [PT] w_u=5.2703 w_v=5.8528 gamma=0.971 (tau_u=1.897e-01 tau_v=1.709e-01 |Du|=1.82e+00 |DRu|=1.03e+01)
  [PT] w_u=5.5220 w_v=5.9363 gamma=0.968 (tau_u=1.811e-01 tau_v=1.685e-01 |Du|=4.38e+00 |DRu|=1.34e+01)
  [PT] w_u=4.2282 w_v=5.0387 gamma=0.976 (tau_u=2.365e-01 tau_v=1.985e-01 |Du|=6.00e+00 |DRu|=6.91e+00)
  [PT] w_u=3.9958 w_v=4.5409 gamma=0.962 (tau_u=2.503e-01 tau_v=2.202e-01 |Du|=5.89e+00 |DRu|=9.45e+00)
  [PT] w_u=4.4046 w_v=5.0120 gamma=0.987 (tau_u=2.270e-01 tau_v=1.995e-01 |Du|=2.23e+00 |DRu|=1.65e+01)
  [PT] w_u=4.4951 w_v=5.4235 gamma=0.996 (tau_u=2.225e-01 tau_v=1.844e-01 |Du|=3.54e+00 |DRu|=8.29e+00)
  [PT] w_u=4.3009 w_v=5.7870 gamma=0.992 (tau_u=2.325e-01 tau_v=1.728e-01 |Du|=4.63e+00 |DRu|=8.12e+00)
  [PT] w_u=4.5682 w_v=6.2959 gamma=0.966 (tau_u=2.189e-01 tau_v=1.588e-01 |Du|=3.56e+00 |DRu|=1.13e+01)
  [PT] w_u=4.9549 w_v=6.8263 gamma=0.969 (tau_u=2.018e-01 tau_v=1.465e-01 |Du|=2.98e+00 |DRu|=1.34e+01)
  [PT] w_u=5.2754 w_v=7.3248 gamma=0.996 (tau_u=1.896e-01 tau_v=1.365e-01 |Du|=2.80e+00 |DRu|=9.92e+00)
  [PT] w_u=5.3313 w_v=7.3676 gamma=0.999 (tau_u=1.876e-01 tau_v=1.357e-01 |Du|=2.76e+00 |DRu|=6.70e+00)
  [PT] w_u=5.2615 w_v=6.9604 gamma=0.998 (tau_u=1.901e-01 tau_v=1.437e-01 |Du|=4.43e+00 |DRu|=9.59e+00)
  [PT] w_u=5.2635 w_v=6.0102 gamma=0.993 (tau_u=1.900e-01 tau_v=1.664e-01 |Du|=4.54e+00 |DRu|=1.04e+01)
  [PT] w_u=5.2695 w_v=5.4860 gamma=0.987 (tau_u=1.898e-01 tau_v=1.823e-01 |Du|=3.74e+00 |DRu|=8.58e+00)
  [PT] w_u=5.2159 w_v=5.5043 gamma=0.971 (tau_u=1.917e-01 tau_v=1.817e-01 |Du|=3.04e+00 |DRu|=6.54e+00)
  [PT] w_u=5.4414 w_v=5.6464 gamma=0.913 (tau_u=1.838e-01 tau_v=1.771e-01 |Du|=2.88e+00 |DRu|=8.20e+00)
  [PT] w_u=4.8033 w_v=5.3581 gamma=0.943 (tau_u=2.082e-01 tau_v=1.866e-01 |Du|=7.26e+00 |DRu|=1.08e+01)
  [PT] w_u=3.0657 w_v=4.8687 gamma=0.987 (tau_u=3.262e-01 tau_v=2.054e-01 |Du|=1.10e+01 |DRu|=9.24e+00)
  [PT] w_u=2.7045 w_v=4.6961 gamma=0.996 (tau_u=3.698e-01 tau_v=2.129e-01 |Du|=8.14e+00 |DRu|=9.31e+00)
[Adam] ep= 1280  total=5.087e-02  PDE=1.956e-02 [colloc=1.674e-02, cfd=2.814e-03] (w=1.289)  IN=1.572e-02 (w=0.901)  TB=1.336e-02 (w=0.747)  WALL=7.421e-16 (w=0.200)  OUT=4.279e-03 (w=0.355)  DATA=1.046e-01 (w=0.000)  DATA_P=0.000e+00 (w=1.000)
  [PT] w_u=2.8495 w_v=4.9987 gamma=0.993 (tau_u=3.509e-01 tau_v=2.001e-01 |Du|=4.49e+00 |DRu|=1.05e+01)
  [PT] w_u=3.0463 w_v=5.3439 gamma=0.999 (tau_u=3.283e-01 tau_v=1.871e-01 |Du|=6.06e+00 |DRu|=1.72e+01)
  [PT] w_u=3.1467 w_v=5.6160 gamma=1.000 (tau_u=3.178e-01 tau_v=1.781e-01 |Du|=3.48e+00 |DRu|=7.37e+00)
  [PT] w_u=3.3631 w_v=5.9935 gamma=0.998 (tau_u=2.973e-01 tau_v=1.668e-01 |Du|=1.87e+00 |DRu|=5.55e+00)
  [PT] w_u=3.5912 w_v=6.2812 gamma=0.964 (tau_u=2.785e-01 tau_v=1.592e-01 |Du|=3.22e+00 |DRu|=9.60e+00)
  [PT] w_u=3.5404 w_v=6.4543 gamma=0.950 (tau_u=2.825e-01 tau_v=1.549e-01 |Du|=7.27e+00 |DRu|=1.26e+01)
  [PT] w_u=3.2675 w_v=6.7604 gamma=0.974 (tau_u=3.060e-01 tau_v=1.479e-01 |Du|=4.76e+00 |DRu|=6.52e+00)
  [PT] w_u=2.3207 w_v=3.7345 gamma=0.968 (tau_u=4.309e-01 tau_v=2.678e-01 |Du|=6.02e+00 |DRu|=4.75e+00)
  [PT] w_u=1.7274 w_v=3.1126 gamma=0.943 (tau_u=5.789e-01 tau_v=3.213e-01 |Du|=1.02e+01 |DRu|=7.18e+00)
  [PT] w_u=1.5534 w_v=3.2182 gamma=0.926 (tau_u=6.437e-01 tau_v=3.107e-01 |Du|=1.13e+01 |DRu|=9.81e+00)
  [PT] w_u=1.4505 w_v=3.4667 gamma=0.931 (tau_u=6.894e-01 tau_v=2.885e-01 |Du|=5.29e+00 |DRu|=4.86e+00)
  [PT] w_u=1.5165 w_v=3.7162 gamma=0.930 (tau_u=6.594e-01 tau_v=2.691e-01 |Du|=4.88e+00 |DRu|=7.55e+00)
  [PT] w_u=1.3571 w_v=3.9148 gamma=0.944 (tau_u=7.368e-01 tau_v=2.554e-01 |Du|=8.75e+00 |DRu|=7.10e+00)
  [PT] w_u=1.3317 w_v=3.8538 gamma=0.943 (tau_u=7.509e-01 tau_v=2.595e-01 |Du|=5.98e+00 |DRu|=6.20e+00)
  [PT] w_u=1.4235 w_v=3.8867 gamma=0.961 (tau_u=7.025e-01 tau_v=2.573e-01 |Du|=5.74e+00 |DRu|=1.09e+01)
  [PT] w_u=1.3291 w_v=2.8461 gamma=0.972 (tau_u=7.524e-01 tau_v=3.514e-01 |Du|=4.24e+00 |DRu|=3.81e+00)
  [PT] w_u=1.4215 w_v=2.9499 gamma=0.955 (tau_u=7.035e-01 tau_v=3.390e-01 |Du|=2.49e+00 |DRu|=4.74e+00)
  [PT] w_u=1.5663 w_v=3.1883 gamma=0.923 (tau_u=6.385e-01 tau_v=3.136e-01 |Du|=1.55e+00 |DRu|=6.46e+00)
  [PT] w_u=1.6647 w_v=2.9989 gamma=0.953 (tau_u=6.007e-01 tau_v=3.335e-01 |Du|=5.27e+00 |DRu|=1.01e+01)
  [PT] w_u=1.7604 w_v=2.7293 gamma=0.957 (tau_u=5.681e-01 tau_v=3.664e-01 |Du|=3.90e+00 |DRu|=7.30e+00)
[Adam] ep= 1300  total=2.644e-02  PDE=1.039e-02 [colloc=8.479e-03, cfd=1.915e-03] (w=1.215)  IN=7.288e-03 (w=0.770)  TB=9.807e-03 (w=0.811)  WALL=2.021e-16 (w=0.200)  OUT=7.778e-04 (w=0.321)  DATA=9.530e-02 (w=0.000)  DATA_P=0.000e+00 (w=1.000)
  [PT] w_u=1.9194 w_v=2.7884 gamma=0.955 (tau_u=5.210e-01 tau_v=3.586e-01 |Du|=2.35e+00 |DRu|=7.34e+00)
  [PT] w_u=2.0499 w_v=2.9499 gamma=0.920 (tau_u=4.878e-01 tau_v=3.390e-01 |Du|=2.55e+00 |DRu|=5.62e+00)
  [PT] w_u=2.2354 w_v=3.2223 gamma=0.962 (tau_u=4.474e-01 tau_v=3.103e-01 |Du|=4.09e+00 |DRu|=1.39e+01)
  [PT] w_u=2.2654 w_v=3.3344 gamma=0.980 (tau_u=4.414e-01 tau_v=2.999e-01 |Du|=2.55e+00 |DRu|=4.06e+00)
  [PT] w_u=2.4716 w_v=3.3270 gamma=0.967 (tau_u=4.046e-01 tau_v=3.006e-01 |Du|=2.42e+00 |DRu|=8.78e+00)
  [PT] w_u=2.5859 w_v=3.3364 gamma=0.957 (tau_u=3.867e-01 tau_v=2.997e-01 |Du|=4.22e+00 |DRu|=8.69e+00)
  [PT] w_u=2.7294 w_v=3.4512 gamma=0.901 (tau_u=3.664e-01 tau_v=2.898e-01 |Du|=3.93e+00 |DRu|=8.71e+00)
  [PT] w_u=3.0158 w_v=3.7074 gamma=0.940 (tau_u=3.316e-01 tau_v=2.697e-01 |Du|=1.56e+00 |DRu|=1.11e+01)
  [PT] w_u=3.2081 w_v=3.8892 gamma=0.941 (tau_u=3.117e-01 tau_v=2.571e-01 |Du|=1.44e+00 |DRu|=3.84e+00)
  [PT] w_u=3.5417 w_v=4.2971 gamma=0.941 (tau_u=2.824e-01 tau_v=2.327e-01 |Du|=1.77e+00 |DRu|=1.27e+01)
  [PT] w_u=3.7420 w_v=4.5689 gamma=0.948 (tau_u=2.672e-01 tau_v=2.189e-01 |Du|=1.70e+00 |DRu|=4.56e+00)
  [PT] w_u=4.0671 w_v=4.9093 gamma=0.895 (tau_u=2.459e-01 tau_v=2.037e-01 |Du|=1.87e+00 |DRu|=7.65e+00)
  [PT] w_u=4.4838 w_v=5.3855 gamma=0.974 (tau_u=2.230e-01 tau_v=1.857e-01 |Du|=2.16e+00 |DRu|=1.61e+01)
  [PT] w_u=4.8312 w_v=5.7981 gamma=0.994 (tau_u=2.070e-01 tau_v=1.725e-01 |Du|=1.64e+00 |DRu|=6.53e+00)
  [PT] w_u=4.4466 w_v=5.8755 gamma=0.988 (tau_u=2.249e-01 tau_v=1.702e-01 |Du|=3.17e+00 |DRu|=5.07e+00)
  [PT] w_u=4.6498 w_v=6.1675 gamma=0.943 (tau_u=2.151e-01 tau_v=1.621e-01 |Du|=3.96e+00 |DRu|=1.08e+01)
  [PT] w_u=5.0361 w_v=6.4874 gamma=0.957 (tau_u=1.986e-01 tau_v=1.541e-01 |Du|=3.75e+00 |DRu|=1.64e+01)
  [PT] w_u=5.4425 w_v=6.6466 gamma=0.994 (tau_u=1.837e-01 tau_v=1.505e-01 |Du|=2.36e+00 |DRu|=1.05e+01)
  [PT] w_u=4.8866 w_v=6.5078 gamma=0.997 (tau_u=2.046e-01 tau_v=1.537e-01 |Du|=2.52e+00 |DRu|=4.02e+00)
  [PT] w_u=4.4753 w_v=6.8825 gamma=0.981 (tau_u=2.234e-01 tau_v=1.453e-01 |Du|=4.81e+00 |DRu|=7.60e+00)
[Adam] ep= 1320  total=6.543e-02  PDE=3.331e-02 [colloc=2.337e-02, cfd=9.948e-03] (w=1.383)  IN=1.360e-02 (w=0.707)  TB=1.287e-02 (w=0.748)  WALL=1.868e-16 (w=0.200)  OUT=4.794e-04 (w=0.227)  DATA=1.127e-01 (w=0.000)  DATA_P=0.000e+00 (w=1.000)
  [PT] w_u=4.5310 w_v=7.3313 gamma=0.921 (tau_u=2.207e-01 tau_v=1.364e-01 |Du|=5.42e+00 |DRu|=1.17e+01)
  [PT] w_u=4.9313 w_v=7.8381 gamma=0.932 (tau_u=2.028e-01 tau_v=1.276e-01 |Du|=2.82e+00 |DRu|=1.33e+01)
  [PT] w_u=5.2250 w_v=8.1678 gamma=0.982 (tau_u=1.914e-01 tau_v=1.224e-01 |Du|=2.81e+00 |DRu|=9.36e+00)
  [PT] w_u=5.0169 w_v=7.7202 gamma=0.992 (tau_u=1.993e-01 tau_v=1.295e-01 |Du|=2.43e+00 |DRu|=4.65e+00)
  [PT] w_u=5.0881 w_v=7.5605 gamma=0.982 (tau_u=1.965e-01 tau_v=1.323e-01 |Du|=2.26e+00 |DRu|=5.41e+00)
  [PT] w_u=5.4008 w_v=7.7283 gamma=0.950 (tau_u=1.852e-01 tau_v=1.294e-01 |Du|=2.99e+00 |DRu|=1.01e+01)
  [PT] w_u=5.4699 w_v=8.0590 gamma=0.964 (tau_u=1.828e-01 tau_v=1.241e-01 |Du|=5.71e+00 |DRu|=1.40e+01)
  [PT] w_u=5.4389 w_v=8.2262 gamma=0.994 (tau_u=1.839e-01 tau_v=1.216e-01 |Du|=4.58e+00 |DRu|=1.04e+01)
  [PT] w_u=5.5821 w_v=8.0153 gamma=0.997 (tau_u=1.791e-01 tau_v=1.248e-01 |Du|=1.95e+00 |DRu|=5.26e+00)
  [PT] w_u=5.5581 w_v=8.1451 gamma=0.986 (tau_u=1.799e-01 tau_v=1.228e-01 |Du|=3.89e+00 |DRu|=8.94e+00)
  [PT] w_u=5.4488 w_v=8.3431 gamma=0.956 (tau_u=1.835e-01 tau_v=1.199e-01 |Du|=5.78e+00 |DRu|=1.22e+01)
  [PT] w_u=5.6223 w_v=8.3871 gamma=0.925 (tau_u=1.779e-01 tau_v=1.192e-01 |Du|=4.62e+00 |DRu|=1.25e+01)
  [PT] w_u=5.8260 w_v=7.4357 gamma=0.965 (tau_u=1.716e-01 tau_v=1.345e-01 |Du|=3.47e+00 |DRu|=1.00e+01)
  [PT] w_u=4.2708 w_v=4.3272 gamma=0.970 (tau_u=2.341e-01 tau_v=2.311e-01 |Du|=3.25e+00 |DRu|=3.58e+00)
  [PT] w_u=4.3471 w_v=4.4128 gamma=0.914 (tau_u=2.300e-01 tau_v=2.266e-01 |Du|=3.54e+00 |DRu|=7.71e+00)
  [PT] w_u=4.5230 w_v=4.7005 gamma=0.951 (tau_u=2.211e-01 tau_v=2.127e-01 |Du|=5.67e+00 |DRu|=1.48e+01)
  [PT] w_u=3.8390 w_v=4.7362 gamma=0.990 (tau_u=2.605e-01 tau_v=2.111e-01 |Du|=5.78e+00 |DRu|=7.33e+00)
  [PT] w_u=3.3129 w_v=4.7864 gamma=0.990 (tau_u=3.019e-01 tau_v=2.089e-01 |Du|=4.48e+00 |DRu|=5.43e+00)
  [PT] w_u=3.6113 w_v=5.0319 gamma=0.969 (tau_u=2.769e-01 tau_v=1.987e-01 |Du|=3.02e+00 |DRu|=1.30e+01)
  [PT] w_u=3.7519 w_v=5.2527 gamma=0.977 (tau_u=2.665e-01 tau_v=1.904e-01 |Du|=5.12e+00 |DRu|=1.22e+01)
[Adam] ep= 1340  total=3.790e-02  PDE=1.325e-02 [colloc=1.186e-02, cfd=1.388e-03] (w=1.292)  IN=7.430e-03 (w=0.801)  TB=1.775e-02 (w=0.800)  WALL=3.663e-16 (w=0.200)  OUT=2.866e-03 (w=0.218)  DATA=9.455e-02 (w=0.000)  DATA_P=0.000e+00 (w=1.000)
  [PT] w_u=3.6354 w_v=5.5902 gamma=0.989 (tau_u=2.751e-01 tau_v=1.789e-01 |Du|=6.99e+00 |DRu|=1.17e+01)
  [PT] w_u=3.5189 w_v=5.1593 gamma=0.988 (tau_u=2.842e-01 tau_v=1.938e-01 |Du|=4.87e+00 |DRu|=8.00e+00)
  [PT] w_u=3.6676 w_v=4.7131 gamma=0.981 (tau_u=2.727e-01 tau_v=2.122e-01 |Du|=3.26e+00 |DRu|=7.86e+00)
  [PT] w_u=3.7686 w_v=4.5054 gamma=0.976 (tau_u=2.654e-01 tau_v=2.220e-01 |Du|=3.50e+00 |DRu|=7.75e+00)
  [PT] w_u=3.6166 w_v=4.6793 gamma=0.970 (tau_u=2.765e-01 tau_v=2.137e-01 |Du|=5.06e+00 |DRu|=8.12e+00)
  [PT] w_u=3.6559 w_v=4.9507 gamma=0.974 (tau_u=2.735e-01 tau_v=2.020e-01 |Du|=6.54e+00 |DRu|=1.30e+01)
  [PT] w_u=3.5272 w_v=4.8758 gamma=0.993 (tau_u=2.835e-01 tau_v=2.051e-01 |Du|=5.32e+00 |DRu|=8.68e+00)
  [PT] w_u=3.2935 w_v=4.8075 gamma=0.991 (tau_u=3.036e-01 tau_v=2.080e-01 |Du|=3.23e+00 |DRu|=4.61e+00)
  [PT] w_u=3.5641 w_v=5.2086 gamma=0.971 (tau_u=2.806e-01 tau_v=1.920e-01 |Du|=2.83e+00 |DRu|=1.03e+01)
  [PT] w_u=3.5262 w_v=5.3534 gamma=0.962 (tau_u=2.836e-01 tau_v=1.868e-01 |Du|=7.66e+00 |DRu|=1.35e+01)
  [PT] w_u=2.2638 w_v=5.0882 gamma=0.955 (tau_u=4.417e-01 tau_v=1.965e-01 |Du|=8.45e+00 |DRu|=6.05e+00)
  [PT] w_u=2.2590 w_v=5.3724 gamma=0.899 (tau_u=4.427e-01 tau_v=1.861e-01 |Du|=6.49e+00 |DRu|=9.16e+00)
  [PT] w_u=2.4678 w_v=5.8454 gamma=0.950 (tau_u=4.052e-01 tau_v=1.711e-01 |Du|=3.64e+00 |DRu|=1.36e+01)
  [PT] w_u=2.2130 w_v=5.8775 gamma=0.972 (tau_u=4.519e-01 tau_v=1.701e-01 |Du|=5.32e+00 |DRu|=5.62e+00)
  [PT] w_u=2.3385 w_v=6.2442 gamma=0.942 (tau_u=4.276e-01 tau_v=1.601e-01 |Du|=4.76e+00 |DRu|=1.01e+01)
  [PT] w_u=2.5842 w_v=6.6985 gamma=0.983 (tau_u=3.870e-01 tau_v=1.493e-01 |Du|=2.78e+00 |DRu|=1.90e+01)
  [PT] w_u=2.7061 w_v=7.0793 gamma=0.998 (tau_u=3.695e-01 tau_v=1.413e-01 |Du|=3.72e+00 |DRu|=8.06e+00)
  [PT] w_u=2.6270 w_v=7.3309 gamma=0.993 (tau_u=3.807e-01 tau_v=1.364e-01 |Du|=4.97e+00 |DRu|=7.14e+00)
  [PT] w_u=2.8017 w_v=7.5327 gamma=0.951 (tau_u=3.569e-01 tau_v=1.328e-01 |Du|=4.82e+00 |DRu|=1.24e+01)
  [PT] w_u=3.0751 w_v=7.4487 gamma=0.970 (tau_u=3.252e-01 tau_v=1.343e-01 |Du|=3.38e+00 |DRu|=1.67e+01)
[Adam] ep= 1360  total=4.794e-02  PDE=1.233e-02 [colloc=8.376e-03, cfd=3.956e-03] (w=1.366)  IN=1.712e-02 (w=0.763)  TB=1.232e-02 (w=0.731)  WALL=1.184e-16 (w=0.200)  OUT=1.645e-02 (w=0.549)  DATA=1.196e-01 (w=0.000)  DATA_P=0.000e+00 (w=1.000)
  [PT] w_u=3.3234 w_v=7.2556 gamma=0.996 (tau_u=3.009e-01 tau_v=1.378e-01 |Du|=2.64e+00 |DRu|=9.20e+00)
  [PT] w_u=3.0352 w_v=7.4343 gamma=0.995 (tau_u=3.295e-01 tau_v=1.345e-01 |Du|=2.74e+00 |DRu|=3.57e+00)
  [PT] w_u=3.1561 w_v=7.4476 gamma=0.965 (tau_u=3.169e-01 tau_v=1.343e-01 |Du|=4.35e+00 |DRu|=9.47e+00)
  [PT] w_u=3.4022 w_v=7.1854 gamma=0.899 (tau_u=2.939e-01 tau_v=1.392e-01 |Du|=4.29e+00 |DRu|=1.38e+01)
  [PT] w_u=3.4039 w_v=6.7999 gamma=0.973 (tau_u=2.938e-01 tau_v=1.471e-01 |Du|=5.81e+00 |DRu|=1.06e+01)
  [PT] w_u=2.5788 w_v=6.6268 gamma=0.992 (tau_u=3.878e-01 tau_v=1.509e-01 |Du|=7.51e+00 |DRu|=6.73e+00)
  [PT] w_u=2.2146 w_v=6.5472 gamma=0.982 (tau_u=4.516e-01 tau_v=1.527e-01 |Du|=6.19e+00 |DRu|=6.05e+00)
  [PT] w_u=2.3886 w_v=6.3291 gamma=0.932 (tau_u=4.186e-01 tau_v=1.580e-01 |Du|=4.84e+00 |DRu|=1.33e+01)
  [PT] w_u=2.5873 w_v=5.9588 gamma=0.960 (tau_u=3.865e-01 tau_v=1.678e-01 |Du|=3.47e+00 |DRu|=1.09e+01)
  [PT] w_u=2.6873 w_v=6.2623 gamma=0.958 (tau_u=3.721e-01 tau_v=1.597e-01 |Du|=3.04e+00 |DRu|=6.04e+00)
  [PT] w_u=2.8544 w_v=5.9303 gamma=0.902 (tau_u=3.503e-01 tau_v=1.686e-01 |Du|=4.15e+00 |DRu|=1.00e+01)
  [PT] w_u=2.9199 w_v=5.4400 gamma=0.954 (tau_u=3.425e-01 tau_v=1.838e-01 |Du|=5.26e+00 |DRu|=9.86e+00)
  [PT] w_u=2.5805 w_v=4.8455 gamma=0.965 (tau_u=3.875e-01 tau_v=2.064e-01 |Du|=3.82e+00 |DRu|=4.21e+00)
  [PT] w_u=2.6922 w_v=5.0976 gamma=0.914 (tau_u=3.714e-01 tau_v=1.962e-01 |Du|=4.07e+00 |DRu|=8.17e+00)
  [PT] w_u=2.8023 w_v=5.0880 gamma=0.964 (tau_u=3.569e-01 tau_v=1.965e-01 |Du|=5.84e+00 |DRu|=1.21e+01)
  [PT] w_u=2.7289 w_v=5.0301 gamma=0.986 (tau_u=3.664e-01 tau_v=1.988e-01 |Du|=3.26e+00 |DRu|=4.82e+00)
  [PT] w_u=2.9581 w_v=5.1452 gamma=0.953 (tau_u=3.381e-01 tau_v=1.944e-01 |Du|=1.67e+00 |DRu|=5.69e+00)
  [PT] w_u=3.1608 w_v=5.1732 gamma=0.901 (tau_u=3.164e-01 tau_v=1.933e-01 |Du|=4.16e+00 |DRu|=1.13e+01)
  [PT] w_u=2.4583 w_v=5.4228 gamma=0.942 (tau_u=4.068e-01 tau_v=1.844e-01 |Du|=5.47e+00 |DRu|=4.81e+00)
  [PT] w_u=2.2869 w_v=4.6645 gamma=0.912 (tau_u=4.373e-01 tau_v=2.144e-01 |Du|=4.97e+00 |DRu|=5.63e+00)
[Adam] ep= 1380  total=2.866e-02  PDE=9.093e-03 [colloc=7.537e-03, cfd=1.556e-03] (w=1.155)  IN=8.023e-03 (w=0.767)  TB=1.295e-02 (w=0.773)  WALL=2.783e-16 (w=0.200)  OUT=3.587e-03 (w=0.554)  DATA=1.046e-01 (w=0.000)  DATA_P=0.000e+00 (w=1.000)
  [PT] w_u=2.2556 w_v=4.3606 gamma=0.931 (tau_u=4.433e-01 tau_v=2.293e-01 |Du|=5.78e+00 |DRu|=7.91e+00)
  [PT] w_u=2.1090 w_v=4.1695 gamma=0.954 (tau_u=4.742e-01 tau_v=2.398e-01 |Du|=4.52e+00 |DRu|=5.09e+00)
  [PT] w_u=2.2001 w_v=4.2858 gamma=0.949 (tau_u=4.545e-01 tau_v=2.333e-01 |Du|=3.99e+00 |DRu|=7.38e+00)
  [PT] w_u=2.3083 w_v=4.1800 gamma=0.959 (tau_u=4.332e-01 tau_v=2.392e-01 |Du|=4.10e+00 |DRu|=8.17e+00)
  [PT] w_u=2.4363 w_v=3.7822 gamma=0.969 (tau_u=4.105e-01 tau_v=2.644e-01 |Du|=2.92e+00 |DRu|=6.33e+00)
  [PT] w_u=2.2283 w_v=3.9280 gamma=0.943 (tau_u=4.488e-01 tau_v=2.546e-01 |Du|=4.41e+00 |DRu|=4.81e+00)
  [PT] w_u=2.1623 w_v=4.1835 gamma=0.897 (tau_u=4.625e-01 tau_v=2.390e-01 |Du|=6.32e+00 |DRu|=7.82e+00)
  [PT] w_u=2.0725 w_v=4.1717 gamma=0.945 (tau_u=4.825e-01 tau_v=2.397e-01 |Du|=5.46e+00 |DRu|=6.51e+00)
  [PT] w_u=1.7134 w_v=3.2955 gamma=0.947 (tau_u=5.836e-01 tau_v=3.034e-01 |Du|=3.35e+00 |DRu|=2.67e+00)
  [PT] w_u=1.8436 w_v=3.5709 gamma=0.896 (tau_u=5.424e-01 tau_v=2.800e-01 |Du|=2.05e+00 |DRu|=4.69e+00)
  [PT] w_u=1.9703 w_v=3.8773 gamma=0.909 (tau_u=5.075e-01 tau_v=2.579e-01 |Du|=3.59e+00 |DRu|=7.78e+00)
  [PT] w_u=1.6489 w_v=3.9070 gamma=0.935 (tau_u=6.065e-01 tau_v=2.559e-01 |Du|=5.44e+00 |DRu|=4.30e+00)
  [PT] w_u=1.4915 w_v=3.9192 gamma=0.938 (tau_u=6.705e-01 tau_v=2.552e-01 |Du|=5.89e+00 |DRu|=5.11e+00)
  [PT] w_u=1.3649 w_v=4.1317 gamma=0.920 (tau_u=7.326e-01 tau_v=2.420e-01 |Du|=4.31e+00 |DRu|=3.63e+00)
  [PT] w_u=1.4199 w_v=3.8903 gamma=0.899 (tau_u=7.043e-01 tau_v=2.571e-01 |Du|=4.53e+00 |DRu|=6.41e+00)
  [PT] w_u=1.3749 w_v=3.5743 gamma=0.921 (tau_u=7.273e-01 tau_v=2.798e-01 |Du|=4.68e+00 |DRu|=4.65e+00)
  [PT] w_u=1.4271 w_v=3.9243 gamma=0.913 (tau_u=7.007e-01 tau_v=2.548e-01 |Du|=2.29e+00 |DRu|=3.22e+00)
  [PT] w_u=1.5010 w_v=4.0159 gamma=0.904 (tau_u=6.662e-01 tau_v=2.490e-01 |Du|=2.37e+00 |DRu|=3.78e+00)
  [PT] w_u=1.6317 w_v=4.2844 gamma=0.894 (tau_u=6.129e-01 tau_v=2.334e-01 |Du|=2.57e+00 |DRu|=6.68e+00)
  [PT] w_u=1.7797 w_v=4.6325 gamma=0.903 (tau_u=5.619e-01 tau_v=2.159e-01 |Du|=1.99e+00 |DRu|=5.90e+00)
[Adam] ep= 1400  total=1.533e-02  PDE=5.677e-03 [colloc=4.243e-03, cfd=1.435e-03] (w=1.042)  IN=4.964e-03 (w=0.699)  TB=7.599e-03 (w=0.761)  WALL=4.585e-17 (w=0.200)  OUT=3.951e-04 (w=0.390)  DATA=8.043e-02 (w=0.000)  DATA_P=0.000e+00 (w=1.000)
  [PT] w_u=1.4639 w_v=3.5316 gamma=0.884 (tau_u=6.831e-01 tau_v=2.832e-01 |Du|=3.99e+00 |DRu|=2.81e+00)
  [PT] w_u=1.5654 w_v=3.4732 gamma=0.878 (tau_u=6.388e-01 tau_v=2.879e-01 |Du|=3.02e+00 |DRu|=5.77e+00)
  [PT] w_u=1.4912 w_v=3.6015 gamma=0.875 (tau_u=6.706e-01 tau_v=2.777e-01 |Du|=1.55e+00 |DRu|=1.48e+00)
  [PT] w_u=1.3958 w_v=3.3850 gamma=0.858 (tau_u=7.164e-01 tau_v=2.954e-01 |Du|=4.67e+00 |DRu|=4.07e+00)
  [PT] w_u=1.0953 w_v=2.9038 gamma=0.897 (tau_u=9.130e-01 tau_v=3.444e-01 |Du|=5.54e+00 |DRu|=3.21e+00)
  [PT] w_u=0.9109 w_v=2.9262 gamma=0.894 (tau_u=1.098e+00 tau_v=3.417e-01 |Du|=2.82e+00 |DRu|=1.61e+00)
  [PT] w_u=0.9907 w_v=3.1889 gamma=0.890 (tau_u=1.009e+00 tau_v=3.136e-01 |Du|=1.62e+00 |DRu|=3.30e+00)
  [PT] w_u=1.0421 w_v=3.4514 gamma=0.892 (tau_u=9.596e-01 tau_v=2.897e-01 |Du|=2.67e+00 |DRu|=3.53e+00)
  [PT] w_u=1.1194 w_v=3.7363 gamma=0.886 (tau_u=8.933e-01 tau_v=2.676e-01 |Du|=1.07e+00 |DRu|=1.85e+00)
  [PT] w_u=1.1774 w_v=3.9360 gamma=0.875 (tau_u=8.493e-01 tau_v=2.541e-01 |Du|=1.99e+00 |DRu|=2.77e+00)
  [PT] w_u=1.2311 w_v=3.6446 gamma=0.878 (tau_u=8.123e-01 tau_v=2.744e-01 |Du|=2.13e+00 |DRu|=2.89e+00)
  [PT] w_u=1.1816 w_v=3.5189 gamma=0.879 (tau_u=8.463e-01 tau_v=2.842e-01 |Du|=1.53e+00 |DRu|=1.33e+00)
  [PT] w_u=1.0139 w_v=3.6241 gamma=0.867 (tau_u=9.862e-01 tau_v=2.759e-01 |Du|=1.64e+00 |DRu|=1.02e+00)
  [PT] w_u=1.0530 w_v=3.6504 gamma=0.861 (tau_u=9.497e-01 tau_v=2.739e-01 |Du|=1.40e+00 |DRu|=1.65e+00)
  [PT] w_u=1.1045 w_v=3.7982 gamma=0.865 (tau_u=9.054e-01 tau_v=2.633e-01 |Du|=1.32e+00 |DRu|=1.73e+00)
  [PT] w_u=0.8992 w_v=3.8953 gamma=0.871 (tau_u=1.112e+00 tau_v=2.567e-01 |Du|=2.06e+00 |DRu|=1.11e+00)
  [PT] w_u=0.9010 w_v=4.1031 gamma=0.874 (tau_u=1.110e+00 tau_v=2.437e-01 |Du|=1.83e+00 |DRu|=1.64e+00)
  [PT] w_u=0.9491 w_v=4.0168 gamma=0.867 (tau_u=1.054e+00 tau_v=2.490e-01 |Du|=1.42e+00 |DRu|=1.79e+00)
  [PT] w_u=1.0082 w_v=3.7874 gamma=0.878 (tau_u=9.918e-01 tau_v=2.640e-01 |Du|=1.40e+00 |DRu|=1.99e+00)
  [PT] w_u=1.0968 w_v=4.0619 gamma=0.876 (tau_u=9.117e-01 tau_v=2.462e-01 |Du|=1.06e+00 |DRu|=2.28e+00)
[Adam] ep= 1420  total=1.002e-02  PDE=4.410e-03 [colloc=3.577e-03, cfd=8.330e-04] (w=0.900)  IN=3.626e-03 (w=0.613)  TB=5.363e-03 (w=0.707)  WALL=1.868e-17 (w=0.200)  OUT=1.631e-04 (w=0.208)  DATA=6.799e-02 (w=0.000)  DATA_P=0.000e+00 (w=1.000)
  [PT] w_u=1.1496 w_v=3.6064 gamma=0.874 (tau_u=8.699e-01 tau_v=2.773e-01 |Du|=1.27e+00 |DRu|=1.68e+00)
  [PT] w_u=0.9126 w_v=2.6546 gamma=0.868 (tau_u=1.096e+00 tau_v=3.767e-01 |Du|=1.74e+00 |DRu|=9.17e-01)
  [PT] w_u=0.9382 w_v=2.8626 gamma=0.859 (tau_u=1.066e+00 tau_v=3.493e-01 |Du|=1.54e+00 |DRu|=1.60e+00)
  [PT] w_u=1.0310 w_v=3.1169 gamma=0.856 (tau_u=9.699e-01 tau_v=3.208e-01 |Du|=7.06e-01 |DRu|=2.00e+00)
  [PT] w_u=1.0566 w_v=3.2024 gamma=0.865 (tau_u=9.465e-01 tau_v=3.123e-01 |Du|=1.23e+00 |DRu|=1.33e+00)
  [PT] w_u=1.0951 w_v=3.4215 gamma=0.867 (tau_u=9.131e-01 tau_v=2.923e-01 |Du|=1.30e+00 |DRu|=1.55e+00)
  [PT] w_u=1.1743 w_v=3.6798 gamma=0.866 (tau_u=8.516e-01 tau_v=2.718e-01 |Du|=7.92e-01 |DRu|=1.35e+00)
  [PT] w_u=1.2785 w_v=3.9638 gamma=0.858 (tau_u=7.822e-01 tau_v=2.523e-01 |Du|=7.32e-01 |DRu|=1.71e+00)
  [PT] w_u=1.4052 w_v=4.3339 gamma=0.864 (tau_u=7.116e-01 tau_v=2.307e-01 |Du|=6.61e-01 |DRu|=2.22e+00)
  [PT] w_u=1.4483 w_v=4.3911 gamma=0.864 (tau_u=6.905e-01 tau_v=2.277e-01 |Du|=1.39e+00 |DRu|=1.82e+00)
  [PT] w_u=1.3378 w_v=4.4564 gamma=0.867 (tau_u=7.475e-01 tau_v=2.244e-01 |Du|=1.43e+00 |DRu|=1.19e+00)
  [PT] w_u=1.4755 w_v=4.6127 gamma=0.873 (tau_u=6.777e-01 tau_v=2.168e-01 |Du|=6.37e-01 |DRu|=2.67e+00)
  [PT] w_u=1.5801 w_v=4.7148 gamma=0.858 (tau_u=6.329e-01 tau_v=2.121e-01 |Du|=1.59e+00 |DRu|=3.09e+00)
  [PT] w_u=1.3909 w_v=4.5616 gamma=0.848 (tau_u=7.189e-01 tau_v=2.192e-01 |Du|=1.87e+00 |DRu|=1.41e+00)
  [PT] w_u=1.5261 w_v=4.9016 gamma=0.845 (tau_u=6.553e-01 tau_v=2.040e-01 |Du|=5.46e-01 |DRu|=1.75e+00)
  [PT] w_u=1.6385 w_v=4.9145 gamma=0.851 (tau_u=6.103e-01 tau_v=2.035e-01 |Du|=1.36e+00 |DRu|=2.77e+00)
  [PT] w_u=1.6247 w_v=4.9754 gamma=0.855 (tau_u=6.155e-01 tau_v=2.010e-01 |Du|=1.26e+00 |DRu|=1.43e+00)
  [PT] w_u=1.7799 w_v=5.2385 gamma=0.854 (tau_u=5.618e-01 tau_v=1.909e-01 |Du|=4.13e-01 |DRu|=1.36e+00)
  [PT] w_u=1.9658 w_v=5.7136 gamma=0.853 (tau_u=5.087e-01 tau_v=1.750e-01 |Du|=4.99e-01 |DRu|=2.64e+00)
  [PT] w_u=2.1508 w_v=6.0322 gamma=0.849 (tau_u=4.649e-01 tau_v=1.658e-01 |Du|=5.55e-01 |DRu|=1.92e+00)
[Adam] ep= 1440  total=7.298e-03  PDE=3.573e-03 [colloc=2.808e-03, cfd=7.655e-04] (w=0.855)  IN=3.295e-03 (w=0.555)  TB=3.886e-03 (w=0.617)  WALL=3.008e-17 (w=0.200)  OUT=7.508e-05 (w=0.200)  DATA=6.943e-02 (w=0.000)  DATA_P=0.000e+00 (w=1.000)
  [PT] w_u=1.9475 w_v=5.3956 gamma=0.853 (tau_u=5.135e-01 tau_v=1.853e-01 |Du|=9.85e-01 |DRu|=9.33e-01)
  [PT] w_u=2.0957 w_v=5.5977 gamma=0.855 (tau_u=4.772e-01 tau_v=1.786e-01 |Du|=1.01e+00 |DRu|=2.41e+00)
  [PT] w_u=2.2738 w_v=5.7889 gamma=0.852 (tau_u=4.398e-01 tau_v=1.727e-01 |Du|=5.30e-01 |DRu|=1.52e+00)
  [PT] w_u=1.9920 w_v=5.6413 gamma=0.845 (tau_u=5.020e-01 tau_v=1.773e-01 |Du|=1.04e+00 |DRu|=9.31e-01)
  [PT] w_u=2.1094 w_v=4.5858 gamma=0.841 (tau_u=4.741e-01 tau_v=2.181e-01 |Du|=5.97e-01 |DRu|=1.16e+00)
  [PT] w_u=2.1843 w_v=4.3386 gamma=0.846 (tau_u=4.578e-01 tau_v=2.305e-01 |Du|=7.92e-01 |DRu|=1.30e+00)
  [PT] w_u=2.1294 w_v=4.6265 gamma=0.847 (tau_u=4.696e-01 tau_v=2.161e-01 |Du|=9.16e-01 |DRu|=1.11e+00)
  [PT] w_u=2.3409 w_v=5.0386 gamma=0.850 (tau_u=4.272e-01 tau_v=1.985e-01 |Du|=3.46e-01 |DRu|=1.50e+00)
  [PT] w_u=2.4905 w_v=5.3647 gamma=0.841 (tau_u=4.015e-01 tau_v=1.864e-01 |Du|=8.22e-01 |DRu|=1.83e+00)
  [PT] w_u=2.5720 w_v=5.6750 gamma=0.845 (tau_u=3.888e-01 tau_v=1.762e-01 |Du|=4.45e-01 |DRu|=7.81e-01)
  [PT] w_u=2.7518 w_v=6.0028 gamma=0.839 (tau_u=3.634e-01 tau_v=1.666e-01 |Du|=7.70e-01 |DRu|=1.92e+00)
  [PT] w_u=2.5563 w_v=5.8866 gamma=0.843 (tau_u=3.912e-01 tau_v=1.699e-01 |Du|=9.77e-01 |DRu|=1.12e+00)
  [PT] w_u=1.9383 w_v=5.1112 gamma=0.848 (tau_u=5.159e-01 tau_v=1.956e-01 |Du|=7.89e-01 |DRu|=5.67e-01)
  [PT] w_u=2.0966 w_v=5.4054 gamma=0.847 (tau_u=4.770e-01 tau_v=1.850e-01 |Du|=3.47e-01 |DRu|=8.98e-01)
  [PT] w_u=2.1845 w_v=5.1488 gamma=0.843 (tau_u=4.578e-01 tau_v=1.942e-01 |Du|=4.92e-01 |DRu|=8.46e-01)
  [PT] w_u=2.1986 w_v=4.0055 gamma=0.843 (tau_u=4.548e-01 tau_v=2.497e-01 |Du|=5.23e-01 |DRu|=7.34e-01)
  [PT] w_u=2.1942 w_v=3.6893 gamma=0.845 (tau_u=4.558e-01 tau_v=2.711e-01 |Du|=7.17e-01 |DRu|=9.67e-01)
  [PT] w_u=2.3827 w_v=4.0047 gamma=0.845 (tau_u=4.197e-01 tau_v=2.497e-01 |Du|=3.42e-01 |DRu|=1.02e+00)
  [PT] w_u=2.0281 w_v=4.1571 gamma=0.836 (tau_u=4.931e-01 tau_v=2.406e-01 |Du|=1.00e+00 |DRu|=8.51e-01)
  [PT] w_u=2.1584 w_v=4.2814 gamma=0.832 (tau_u=4.633e-01 tau_v=2.336e-01 |Du|=2.67e-01 |DRu|=5.51e-01)
[Adam] ep= 1460  total=5.921e-03  PDE=3.141e-03 [colloc=2.440e-03, cfd=7.008e-04] (w=0.830)  IN=2.883e-03 (w=0.507)  TB=3.244e-03 (w=0.567)  WALL=3.019e-17 (w=0.200)  OUT=6.531e-05 (w=0.200)  DATA=6.797e-02 (w=0.000)  DATA_P=0.000e+00 (w=1.000)
  [PT] w_u=2.2894 w_v=4.6481 gamma=0.839 (tau_u=4.368e-01 tau_v=2.151e-01 |Du|=5.19e-01 |DRu|=1.07e+00)
  [PT] w_u=2.2515 w_v=5.0124 gamma=0.841 (tau_u=4.441e-01 tau_v=1.995e-01 |Du|=7.90e-01 |DRu|=1.01e+00)
  [PT] w_u=1.9151 w_v=4.7274 gamma=0.844 (tau_u=5.222e-01 tau_v=2.115e-01 |Du|=4.70e-01 |DRu|=3.90e-01)
  [PT] w_u=2.0508 w_v=4.9835 gamma=0.845 (tau_u=4.876e-01 tau_v=2.007e-01 |Du|=5.41e-01 |DRu|=1.18e+00)
  [PT] w_u=2.2044 w_v=5.3375 gamma=0.838 (tau_u=4.536e-01 tau_v=1.874e-01 |Du|=5.73e-01 |DRu|=1.36e+00)
  [PT] w_u=2.3271 w_v=4.5348 gamma=0.835 (tau_u=4.297e-01 tau_v=2.205e-01 |Du|=4.25e-01 |DRu|=8.39e-01)
  [PT] w_u=2.4871 w_v=4.1319 gamma=0.835 (tau_u=4.021e-01 tau_v=2.420e-01 |Du|=2.65e-01 |DRu|=6.18e-01)
  [PT] w_u=2.6651 w_v=4.3361 gamma=0.829 (tau_u=3.752e-01 tau_v=2.306e-01 |Du|=3.62e-01 |DRu|=9.01e-01)
  [PT] w_u=2.8452 w_v=4.5202 gamma=0.834 (tau_u=3.515e-01 tau_v=2.212e-01 |Du|=4.56e-01 |DRu|=1.12e+00)
  [PT] w_u=3.0224 w_v=4.7251 gamma=0.831 (tau_u=3.309e-01 tau_v=2.116e-01 |Du|=3.77e-01 |DRu|=9.02e-01)
  [PT] w_u=2.6213 w_v=4.4455 gamma=0.832 (tau_u=3.815e-01 tau_v=2.249e-01 |Du|=4.96e-01 |DRu|=4.94e-01)
  [PT] w_u=2.7226 w_v=4.6933 gamma=0.836 (tau_u=3.673e-01 tau_v=2.131e-01 |Du|=5.23e-01 |DRu|=9.77e-01)
  [PT] w_u=2.8472 w_v=4.8650 gamma=0.831 (tau_u=3.512e-01 tau_v=2.056e-01 |Du|=5.79e-01 |DRu|=1.16e+00)
  [PT] w_u=2.8421 w_v=4.8628 gamma=0.839 (tau_u=3.519e-01 tau_v=2.056e-01 |Du|=5.41e-01 |DRu|=8.29e-01)
  [PT] w_u=2.9893 w_v=5.1983 gamma=0.842 (tau_u=3.345e-01 tau_v=1.924e-01 |Du|=8.24e-01 |DRu|=1.79e+00)
  [PT] w_u=3.0288 w_v=5.4788 gamma=0.831 (tau_u=3.302e-01 tau_v=1.825e-01 |Du|=1.33e+00 |DRu|=2.24e+00)
  [PT] w_u=3.2541 w_v=5.8110 gamma=0.829 (tau_u=3.073e-01 tau_v=1.721e-01 |Du|=4.64e-01 |DRu|=1.32e+00)
  [PT] w_u=3.3989 w_v=5.9146 gamma=0.838 (tau_u=2.942e-01 tau_v=1.691e-01 |Du|=4.49e-01 |DRu|=9.79e-01)
  [PT] w_u=3.6306 w_v=6.2449 gamma=0.837 (tau_u=2.754e-01 tau_v=1.601e-01 |Du|=8.43e-01 |DRu|=2.36e+00)
  [PT] w_u=3.8007 w_v=6.4308 gamma=0.839 (tau_u=2.631e-01 tau_v=1.555e-01 |Du|=9.76e-01 |DRu|=2.29e+00)
[Adam] ep= 1480  total=5.312e-03  PDE=3.302e-03 [colloc=2.547e-03, cfd=7.544e-04] (w=0.809)  IN=2.501e-03 (w=0.478)  TB=2.751e-03 (w=0.521)  WALL=4.008e-17 (w=0.200)  OUT=7.215e-05 (w=0.200)  DATA=6.990e-02 (w=0.000)  DATA_P=0.000e+00 (w=1.000)
  [PT] w_u=3.5833 w_v=5.2303 gamma=0.831 (tau_u=2.791e-01 tau_v=1.912e-01 |Du|=6.87e-01 |DRu|=9.63e-01)
  [PT] w_u=3.8119 w_v=5.5826 gamma=0.846 (tau_u=2.623e-01 tau_v=1.791e-01 |Du|=9.73e-01 |DRu|=2.68e+00)
  [PT] w_u=3.9938 w_v=5.9095 gamma=0.845 (tau_u=2.504e-01 tau_v=1.692e-01 |Du|=1.56e+00 |DRu|=3.80e+00)
  [PT] w_u=3.3196 w_v=6.1634 gamma=0.830 (tau_u=3.012e-01 tau_v=1.622e-01 |Du|=1.87e+00 |DRu|=1.95e+00)
  [PT] w_u=2.5208 w_v=6.2909 gamma=0.832 (tau_u=3.967e-01 tau_v=1.590e-01 |Du|=1.49e+00 |DRu|=1.21e+00)
  [PT] w_u=2.6882 w_v=6.6409 gamma=0.840 (tau_u=3.720e-01 tau_v=1.506e-01 |Du|=1.22e+00 |DRu|=2.89e+00)
  [PT] w_u=2.8712 w_v=6.9653 gamma=0.830 (tau_u=3.483e-01 tau_v=1.436e-01 |Du|=9.73e-01 |DRu|=2.41e+00)
  [PT] w_u=2.1545 w_v=6.0913 gamma=0.829 (tau_u=4.641e-01 tau_v=1.642e-01 |Du|=7.31e-01 |DRu|=5.43e-01)
  [PT] w_u=2.2349 w_v=6.3016 gamma=0.829 (tau_u=4.474e-01 tau_v=1.587e-01 |Du|=8.75e-01 |DRu|=1.46e+00)
  [PT] w_u=2.3595 w_v=6.0671 gamma=0.827 (tau_u=4.238e-01 tau_v=1.648e-01 |Du|=6.35e-01 |DRu|=1.26e+00)
  [PT] w_u=2.5065 w_v=6.0149 gamma=0.838 (tau_u=3.990e-01 tau_v=1.663e-01 |Du|=5.90e-01 |DRu|=1.29e+00)
  [PT] w_u=2.6795 w_v=6.2624 gamma=0.833 (tau_u=3.732e-01 tau_v=1.597e-01 |Du|=8.11e-01 |DRu|=1.97e+00)
  [PT] w_u=1.4620 w_v=5.2260 gamma=0.824 (tau_u=6.840e-01 tau_v=1.914e-01 |Du|=1.78e+00 |DRu|=8.65e-01)
  [PT] w_u=1.4820 w_v=5.1333 gamma=0.826 (tau_u=6.748e-01 tau_v=1.948e-01 |Du|=1.32e+00 |DRu|=1.56e+00)
  [PT] w_u=1.6263 w_v=5.5297 gamma=0.834 (tau_u=6.149e-01 tau_v=1.808e-01 |Du|=8.47e-01 |DRu|=2.81e+00)
  [PT] w_u=1.7640 w_v=5.8649 gamma=0.824 (tau_u=5.669e-01 tau_v=1.705e-01 |Du|=1.10e+00 |DRu|=2.73e+00)
  [PT] w_u=1.6143 w_v=6.0543 gamma=0.828 (tau_u=6.195e-01 tau_v=1.652e-01 |Du|=1.26e+00 |DRu|=1.09e+00)
  [PT] w_u=1.6007 w_v=4.8449 gamma=0.826 (tau_u=6.247e-01 tau_v=2.064e-01 |Du|=8.74e-01 |DRu|=9.70e-01)
  [PT] w_u=1.6700 w_v=4.7207 gamma=0.829 (tau_u=5.988e-01 tau_v=2.118e-01 |Du|=5.93e-01 |DRu|=8.93e-01)
  [PT] w_u=1.8110 w_v=4.9058 gamma=0.827 (tau_u=5.522e-01 tau_v=2.038e-01 |Du|=4.43e-01 |DRu|=1.11e+00)
[Adam] ep= 1500  total=4.520e-03  PDE=2.872e-03 [colloc=2.244e-03, cfd=6.277e-04] (w=0.794)  IN=2.149e-03 (w=0.460)  TB=2.489e-03 (w=0.495)  WALL=2.136e-17 (w=0.200)  OUT=9.503e-05 (w=0.200)  DATA=6.686e-02 (w=0.000)  DATA_P=0.000e+00 (w=1.000)
  [PT] w_u=1.8133 w_v=5.1474 gamma=0.830 (tau_u=5.515e-01 tau_v=1.943e-01 |Du|=7.69e-01 |DRu|=9.49e-01)
  [PT] w_u=1.6924 w_v=5.3810 gamma=0.825 (tau_u=5.909e-01 tau_v=1.858e-01 |Du|=1.37e+00 |DRu|=1.28e+00)
  [PT] w_u=1.7942 w_v=5.6724 gamma=0.817 (tau_u=5.574e-01 tau_v=1.763e-01 |Du|=1.01e+00 |DRu|=1.81e+00)
  [PT] w_u=1.9522 w_v=6.0697 gamma=0.826 (tau_u=5.122e-01 tau_v=1.648e-01 |Du|=8.76e-01 |DRu|=2.44e+00)
  [PT] w_u=2.1046 w_v=6.3840 gamma=0.830 (tau_u=4.751e-01 tau_v=1.566e-01 |Du|=1.37e+00 |DRu|=3.33e+00)
  [PT] w_u=2.0786 w_v=6.7393 gamma=0.824 (tau_u=4.811e-01 tau_v=1.484e-01 |Du|=1.97e+00 |DRu|=2.44e+00)
  [PT] w_u=2.2078 w_v=6.8899 gamma=0.832 (tau_u=4.529e-01 tau_v=1.451e-01 |Du|=1.03e+00 |DRu|=2.10e+00)
  [PT] w_u=2.4214 w_v=7.2116 gamma=0.835 (tau_u=4.130e-01 tau_v=1.387e-01 |Du|=6.90e-01 |DRu|=2.73e+00)
  [PT] w_u=2.5674 w_v=7.7466 gamma=0.851 (tau_u=3.895e-01 tau_v=1.291e-01 |Du|=2.07e+00 |DRu|=4.52e+00)
  [PT] w_u=2.7722 w_v=8.0721 gamma=0.921 (tau_u=3.607e-01 tau_v=1.239e-01 |Du|=3.24e+00 |DRu|=9.75e+00)
  [PT] w_u=2.8126 w_v=8.4523 gamma=0.825 (tau_u=3.555e-01 tau_v=1.183e-01 |Du|=3.03e+00 |DRu|=4.95e+00)
  [PT] w_u=3.0464 w_v=8.7987 gamma=0.920 (tau_u=3.283e-01 tau_v=1.137e-01 |Du|=2.89e+00 |DRu|=9.63e+00)
  [PT] w_u=3.2421 w_v=9.1812 gamma=0.843 (tau_u=3.084e-01 tau_v=1.089e-01 |Du|=1.97e+00 |DRu|=5.02e+00)
  [PT] w_u=3.4611 w_v=9.4829 gamma=0.982 (tau_u=2.889e-01 tau_v=1.055e-01 |Du|=5.63e+00 |DRu|=1.66e+01)
  [PT] w_u=3.4893 w_v=9.8841 gamma=0.988 (tau_u=2.866e-01 tau_v=1.012e-01 |Du|=1.27e+00 |DRu|=2.44e+00)
  [PT] w_u=3.7279 w_v=10.1251 gamma=0.883 (tau_u=2.682e-01 tau_v=9.876e-02 |Du|=4.05e+00 |DRu|=1.19e+01)
  [PT] w_u=3.9822 w_v=10.3130 gamma=0.994 (tau_u=2.511e-01 tau_v=9.696e-02 |Du|=6.65e+00 |DRu|=2.13e+01)
  [PT] w_u=4.1833 w_v=10.5391 gamma=1.000 (tau_u=2.390e-01 tau_v=9.488e-02 |Du|=2.30e+00 |DRu|=6.38e+00)
  [PT] w_u=4.2801 w_v=10.6229 gamma=0.992 (tau_u=2.336e-01 tau_v=9.414e-02 |Du|=2.80e+00 |DRu|=6.49e+00)
  [PT] w_u=4.5307 w_v=10.7757 gamma=0.855 (tau_u=2.207e-01 tau_v=9.280e-02 |Du|=5.27e+00 |DRu|=1.51e+01)
[Adam] ep= 1520  total=3.284e-02  PDE=2.079e-02 [colloc=1.907e-02, cfd=1.715e-03] (w=1.444)  IN=2.715e-03 (w=0.467)  TB=3.198e-03 (w=0.463)  WALL=8.212e-16 (w=0.200)  OUT=3.711e-04 (w=0.200)  DATA=6.741e-02 (w=0.000)  DATA_P=0.000e+00 (w=1.000)
  [PT] w_u=4.7270 w_v=10.7732 gamma=0.995 (tau_u=2.115e-01 tau_v=9.282e-02 |Du|=7.18e+00 |DRu|=1.99e+01)
  [PT] w_u=3.7973 w_v=10.3328 gamma=1.000 (tau_u=2.633e-01 tau_v=9.678e-02 |Du|=5.72e+00 |DRu|=6.70e+00)
  [PT] w_u=2.5766 w_v=10.4690 gamma=0.999 (tau_u=3.881e-01 tau_v=9.552e-02 |Du|=6.47e+00 |DRu|=5.26e+00)
  [PT] w_u=2.6102 w_v=10.6250 gamma=0.940 (tau_u=3.831e-01 tau_v=9.412e-02 |Du|=7.33e+00 |DRu|=1.22e+01)
  [PT] w_u=2.8077 w_v=10.7225 gamma=0.921 (tau_u=3.562e-01 tau_v=9.326e-02 |Du|=5.63e+00 |DRu|=1.60e+01)
  [PT] w_u=3.0406 w_v=10.7232 gamma=0.973 (tau_u=3.289e-01 tau_v=9.326e-02 |Du|=1.98e+00 |DRu|=6.76e+00)
  [PT] w_u=2.6568 w_v=9.8764 gamma=0.963 (tau_u=3.764e-01 tau_v=1.013e-01 |Du|=4.19e+00 |DRu|=4.59e+00)
  [PT] w_u=2.6614 w_v=9.9636 gamma=0.925 (tau_u=3.757e-01 tau_v=1.004e-01 |Du|=6.48e+00 |DRu|=1.02e+01)
  [PT] w_u=2.6989 w_v=10.3064 gamma=0.962 (tau_u=3.705e-01 tau_v=9.703e-02 |Du|=7.54e+00 |DRu|=1.30e+01)
  [PT] w_u=2.5821 w_v=10.3270 gamma=0.975 (tau_u=3.873e-01 tau_v=9.683e-02 |Du|=4.30e+00 |DRu|=5.79e+00)
  [PT] w_u=2.7523 w_v=10.0382 gamma=0.950 (tau_u=3.633e-01 tau_v=9.962e-02 |Du|=3.36e+00 |DRu|=8.51e+00)
  [PT] w_u=2.9270 w_v=9.9035 gamma=0.934 (tau_u=3.417e-01 tau_v=1.010e-01 |Du|=4.06e+00 |DRu|=1.02e+01)
  [PT] w_u=3.0234 w_v=9.8531 gamma=0.925 (tau_u=3.307e-01 tau_v=1.015e-01 |Du|=4.40e+00 |DRu|=8.78e+00)
  [PT] w_u=3.2436 w_v=8.7114 gamma=0.960 (tau_u=3.083e-01 tau_v=1.148e-01 |Du|=3.62e+00 |DRu|=1.09e+01)
  [PT] w_u=3.2256 w_v=8.3222 gamma=0.957 (tau_u=3.100e-01 tau_v=1.202e-01 |Du|=4.22e+00 |DRu|=7.24e+00)
  [PT] w_u=2.4272 w_v=8.2054 gamma=0.919 (tau_u=4.120e-01 tau_v=1.219e-01 |Du|=9.74e+00 |DRu|=8.10e+00)
  [PT] w_u=1.8684 w_v=7.8273 gamma=0.891 (tau_u=5.352e-01 tau_v=1.278e-01 |Du|=1.32e+01 |DRu|=9.72e+00)
  [PT] w_u=1.5316 w_v=5.9179 gamma=0.911 (tau_u=6.529e-01 tau_v=1.690e-01 |Du|=6.45e+00 |DRu|=4.70e+00)
  [PT] w_u=1.6455 w_v=5.9884 gamma=0.865 (tau_u=6.077e-01 tau_v=1.670e-01 |Du|=2.33e+00 |DRu|=4.83e+00)
  [PT] w_u=1.4272 w_v=6.0608 gamma=0.886 (tau_u=7.007e-01 tau_v=1.650e-01 |Du|=1.07e+01 |DRu|=8.11e+00)
[Adam] ep= 1540  total=2.222e-02  PDE=4.666e-03 [colloc=3.230e-03, cfd=1.436e-03] (w=1.229)  IN=1.575e-02 (w=0.751)  TB=6.518e-03 (w=0.531)  WALL=4.432e-17 (w=0.200)  OUT=3.814e-03 (w=0.312)  DATA=1.073e-01 (w=0.000)  DATA_P=0.000e+00 (w=1.000)
  [PT] w_u=1.3575 w_v=5.8812 gamma=0.929 (tau_u=7.366e-01 tau_v=1.700e-01 |Du|=1.05e+01 |DRu|=9.80e+00)
  [PT] w_u=1.3225 w_v=5.4815 gamma=0.931 (tau_u=7.562e-01 tau_v=1.824e-01 |Du|=4.21e+00 |DRu|=4.21e+00)
  [PT] w_u=1.4366 w_v=5.9014 gamma=0.943 (tau_u=6.961e-01 tau_v=1.695e-01 |Du|=5.30e+00 |DRu|=1.31e+01)
  [PT] w_u=1.4401 w_v=5.7828 gamma=0.950 (tau_u=6.944e-01 tau_v=1.729e-01 |Du|=5.31e+00 |DRu|=6.27e+00)
  [PT] w_u=1.5699 w_v=6.0859 gamma=0.927 (tau_u=6.370e-01 tau_v=1.643e-01 |Du|=3.04e+00 |DRu|=8.43e+00)
  [PT] w_u=1.7178 w_v=6.4172 gamma=0.909 (tau_u=5.822e-01 tau_v=1.558e-01 |Du|=3.59e+00 |DRu|=1.15e+01)
  [PT] w_u=1.8346 w_v=5.4044 gamma=0.917 (tau_u=5.451e-01 tau_v=1.850e-01 |Du|=2.93e+00 |DRu|=6.11e+00)
  [PT] w_u=1.8757 w_v=5.0928 gamma=0.897 (tau_u=5.331e-01 tau_v=1.964e-01 |Du|=5.37e+00 |DRu|=7.80e+00)
  [PT] w_u=2.0496 w_v=5.4239 gamma=0.890 (tau_u=4.879e-01 tau_v=1.844e-01 |Du|=2.50e+00 |DRu|=8.30e+00)
  [PT] w_u=1.9735 w_v=4.7709 gamma=0.873 (tau_u=5.067e-01 tau_v=2.096e-01 |Du|=4.14e+00 |DRu|=4.70e+00)
  [PT] w_u=2.0421 w_v=4.3107 gamma=0.947 (tau_u=4.897e-01 tau_v=2.320e-01 |Du|=7.79e+00 |DRu|=1.31e+01)
  [PT] w_u=1.7167 w_v=3.5198 gamma=0.955 (tau_u=5.825e-01 tau_v=2.841e-01 |Du|=5.17e+00 |DRu|=4.24e+00)
  [PT] w_u=1.8984 w_v=3.8016 gamma=0.943 (tau_u=5.268e-01 tau_v=2.630e-01 |Du|=2.34e+00 |DRu|=1.44e+01)
  [PT] w_u=1.6260 w_v=4.0303 gamma=0.935 (tau_u=6.150e-01 tau_v=2.481e-01 |Du|=5.67e+00 |DRu|=4.61e+00)
  [PT] w_u=1.6786 w_v=4.2104 gamma=0.892 (tau_u=5.957e-01 tau_v=2.375e-01 |Du|=7.46e+00 |DRu|=1.08e+01)
  [PT] w_u=1.7911 w_v=4.4605 gamma=0.868 (tau_u=5.583e-01 tau_v=2.242e-01 |Du|=3.08e+00 |DRu|=6.10e+00)
  [PT] w_u=1.8989 w_v=4.6831 gamma=0.922 (tau_u=5.266e-01 tau_v=2.135e-01 |Du|=5.09e+00 |DRu|=9.95e+00)
  [PT] w_u=1.9562 w_v=4.5269 gamma=0.916 (tau_u=5.112e-01 tau_v=2.209e-01 |Du|=3.92e+00 |DRu|=6.14e+00)
  [PT] w_u=2.1325 w_v=4.9253 gamma=0.931 (tau_u=4.689e-01 tau_v=2.030e-01 |Du|=2.99e+00 |DRu|=9.70e+00)
  [PT] w_u=2.1543 w_v=5.0889 gamma=0.926 (tau_u=4.642e-01 tau_v=1.965e-01 |Du|=4.14e+00 |DRu|=6.14e+00)
[Adam] ep= 1560  total=1.606e-02  PDE=8.204e-03 [colloc=6.338e-03, cfd=1.866e-03] (w=1.075)  IN=4.069e-03 (w=0.609)  TB=7.022e-03 (w=0.633)  WALL=8.040e-17 (w=0.200)  OUT=9.461e-04 (w=0.346)  DATA=8.626e-02 (w=0.000)  DATA_P=0.000e+00 (w=1.000)
  [PT] w_u=2.2058 w_v=4.8377 gamma=0.961 (tau_u=4.534e-01 tau_v=2.067e-01 |Du|=8.13e+00 |DRu|=1.34e+01)
  [PT] w_u=1.8945 w_v=3.9679 gamma=0.962 (tau_u=5.278e-01 tau_v=2.520e-01 |Du|=5.77e+00 |DRu|=5.17e+00)
  [PT] w_u=2.0982 w_v=4.3238 gamma=0.977 (tau_u=4.766e-01 tau_v=2.313e-01 |Du|=2.20e+00 |DRu|=1.76e+01)
  [PT] w_u=1.7644 w_v=4.4694 gamma=0.976 (tau_u=5.668e-01 tau_v=2.237e-01 |Du|=5.19e+00 |DRu|=4.37e+00)
  [PT] w_u=1.8659 w_v=4.7492 gamma=0.941 (tau_u=5.359e-01 tau_v=2.106e-01 |Du|=7.10e+00 |DRu|=1.36e+01)
  [PT] w_u=1.8413 w_v=4.5515 gamma=0.949 (tau_u=5.431e-01 tau_v=2.197e-01 |Du|=7.17e+00 |DRu|=8.96e+00)
  [PT] w_u=1.8389 w_v=4.4311 gamma=0.917 (tau_u=5.438e-01 tau_v=2.257e-01 |Du|=5.87e+00 |DRu|=7.58e+00)
  [PT] w_u=2.0139 w_v=4.6217 gamma=0.966 (tau_u=4.966e-01 tau_v=2.164e-01 |Du|=4.18e+00 |DRu|=1.54e+01)
  [PT] w_u=2.1642 w_v=4.4500 gamma=0.989 (tau_u=4.621e-01 tau_v=2.247e-01 |Du|=2.57e+00 |DRu|=6.56e+00)
  [PT] w_u=2.3229 w_v=4.5323 gamma=0.975 (tau_u=4.305e-01 tau_v=2.206e-01 |Du|=2.46e+00 |DRu|=6.35e+00)
  [PT] w_u=2.4782 w_v=4.8888 gamma=0.936 (tau_u=4.035e-01 tau_v=2.045e-01 |Du|=5.10e+00 |DRu|=1.23e+01)
  [PT] w_u=2.4475 w_v=4.6359 gamma=0.896 (tau_u=4.086e-01 tau_v=2.157e-01 |Du|=5.98e+00 |DRu|=8.40e+00)
  [PT] w_u=2.4754 w_v=4.3472 gamma=0.889 (tau_u=4.040e-01 tau_v=2.300e-01 |Du|=5.88e+00 |DRu|=9.20e+00)
  [PT] w_u=1.8811 w_v=3.2693 gamma=0.937 (tau_u=5.316e-01 tau_v=3.059e-01 |Du|=1.21e+01 |DRu|=9.07e+00)
  [PT] w_u=1.3746 w_v=3.0424 gamma=0.929 (tau_u=7.275e-01 tau_v=3.287e-01 |Du|=1.19e+01 |DRu|=7.24e+00)
  [PT] w_u=1.5043 w_v=3.3485 gamma=0.977 (tau_u=6.647e-01 tau_v=2.986e-01 |Du|=5.30e+00 |DRu|=1.66e+01)
  [PT] w_u=1.5270 w_v=3.1897 gamma=0.984 (tau_u=6.549e-01 tau_v=3.135e-01 |Du|=2.38e+00 |DRu|=3.14e+00)
  [PT] w_u=1.6332 w_v=3.1920 gamma=0.935 (tau_u=6.123e-01 tau_v=3.133e-01 |Du|=5.48e+00 |DRu|=1.11e+01)
  [PT] w_u=1.6254 w_v=3.2403 gamma=0.937 (tau_u=6.152e-01 tau_v=3.086e-01 |Du|=9.72e+00 |DRu|=1.17e+01)
  [PT] w_u=1.4815 w_v=3.2113 gamma=0.918 (tau_u=6.750e-01 tau_v=3.114e-01 |Du|=8.02e+00 |DRu|=6.98e+00)
[Adam] ep= 1580  total=2.075e-02  PDE=1.157e-02 [colloc=6.922e-03, cfd=4.648e-03] (w=1.284)  IN=4.242e-03 (w=0.666)  TB=4.251e-03 (w=0.667)  WALL=6.368e-18 (w=0.200)  OUT=6.106e-04 (w=0.376)  DATA=8.433e-02 (w=0.000)  DATA_P=0.000e+00 (w=1.000)
  [PT] w_u=1.6255 w_v=3.5317 gamma=0.940 (tau_u=6.152e-01 tau_v=2.831e-01 |Du|=3.51e+00 |DRu|=1.23e+01)
  [PT] w_u=1.6922 w_v=3.6651 gamma=0.953 (tau_u=5.910e-01 tau_v=2.728e-01 |Du|=2.71e+00 |DRu|=4.34e+00)
  [PT] w_u=1.8293 w_v=3.9496 gamma=0.911 (tau_u=5.467e-01 tau_v=2.532e-01 |Du|=3.75e+00 |DRu|=9.30e+00)
  [PT] w_u=1.9421 w_v=4.3415 gamma=0.974 (tau_u=5.149e-01 tau_v=2.303e-01 |Du|=6.80e+00 |DRu|=1.40e+01)
  [PT] w_u=1.8475 w_v=4.2424 gamma=0.988 (tau_u=5.413e-01 tau_v=2.357e-01 |Du|=4.71e+00 |DRu|=5.31e+00)
  [PT] w_u=2.0133 w_v=4.2274 gamma=0.953 (tau_u=4.967e-01 tau_v=2.366e-01 |Du|=3.08e+00 |DRu|=9.72e+00)
  [PT] w_u=2.2083 w_v=4.1155 gamma=0.965 (tau_u=4.528e-01 tau_v=2.430e-01 |Du|=4.65e+00 |DRu|=1.89e+01)
  [PT] w_u=2.1047 w_v=3.3293 gamma=0.983 (tau_u=4.751e-01 tau_v=3.004e-01 |Du|=4.81e+00 |DRu|=5.80e+00)
  [PT] w_u=2.2256 w_v=3.2685 gamma=0.942 (tau_u=4.493e-01 tau_v=3.060e-01 |Du|=5.04e+00 |DRu|=1.05e+01)
  [PT] w_u=2.4289 w_v=3.5762 gamma=0.975 (tau_u=4.117e-01 tau_v=2.796e-01 |Du|=5.46e+00 |DRu|=1.99e+01)
  [PT] w_u=2.3308 w_v=3.5195 gamma=0.992 (tau_u=4.290e-01 tau_v=2.841e-01 |Du|=5.37e+00 |DRu|=6.99e+00)
  [PT] w_u=2.2700 w_v=3.3109 gamma=0.967 (tau_u=4.405e-01 tau_v=3.020e-01 |Du|=5.47e+00 |DRu|=7.30e+00)
  [PT] w_u=2.4572 w_v=3.5131 gamma=0.864 (tau_u=4.070e-01 tau_v=2.847e-01 |Du|=4.90e+00 |DRu|=1.41e+01)
  [PT] w_u=2.6996 w_v=3.8128 gamma=0.957 (tau_u=3.704e-01 tau_v=2.623e-01 |Du|=2.74e+00 |DRu|=1.32e+01)
  [PT] w_u=2.8473 w_v=4.0862 gamma=0.981 (tau_u=3.512e-01 tau_v=2.447e-01 |Du|=2.34e+00 |DRu|=5.49e+00)
  [PT] w_u=3.0472 w_v=4.4144 gamma=0.963 (tau_u=3.282e-01 tau_v=2.265e-01 |Du|=2.56e+00 |DRu|=7.23e+00)
  [PT] w_u=3.2680 w_v=4.8208 gamma=0.938 (tau_u=3.060e-01 tau_v=2.074e-01 |Du|=3.95e+00 |DRu|=1.17e+01)
  [PT] w_u=3.1067 w_v=4.8172 gamma=0.958 (tau_u=3.219e-01 tau_v=2.076e-01 |Du|=8.08e+00 |DRu|=1.16e+01)
  [PT] w_u=2.7568 w_v=4.6546 gamma=0.992 (tau_u=3.627e-01 tau_v=2.148e-01 |Du|=1.02e+01 |DRu|=1.19e+01)
  [PT] w_u=2.5949 w_v=4.8384 gamma=1.000 (tau_u=3.854e-01 tau_v=2.067e-01 |Du|=8.74e+00 |DRu|=1.14e+01)
[Adam] ep= 1600  total=5.156e-02  PDE=2.674e-02 [colloc=1.918e-02, cfd=7.555e-03] (w=1.350)  IN=5.792e-03 (w=0.742)  TB=1.478e-02 (w=0.695)  WALL=4.202e-16 (w=0.200)  OUT=2.485e-03 (w=0.367)  DATA=8.518e-02 (w=0.000)  DATA_P=0.000e+00 (w=1.000)
  [PT] w_u=2.7514 w_v=5.2694 gamma=0.999 (tau_u=3.634e-01 tau_v=1.898e-01 |Du|=4.84e+00 |DRu|=1.19e+01)
  [PT] w_u=2.9642 w_v=5.3009 gamma=0.988 (tau_u=3.374e-01 tau_v=1.886e-01 |Du|=4.37e+00 |DRu|=1.36e+01)
  [PT] w_u=3.1040 w_v=5.3424 gamma=0.994 (tau_u=3.222e-01 tau_v=1.872e-01 |Du|=6.75e+00 |DRu|=1.56e+01)
  [PT] w_u=2.9060 w_v=5.4380 gamma=0.997 (tau_u=3.441e-01 tau_v=1.839e-01 |Du|=8.13e+00 |DRu|=1.10e+01)
  [PT] w_u=2.7721 w_v=5.8051 gamma=0.968 (tau_u=3.607e-01 tau_v=1.723e-01 |Du|=8.62e+00 |DRu|=1.19e+01)
  [PT] w_u=2.8548 w_v=6.1469 gamma=0.978 (tau_u=3.503e-01 tau_v=1.627e-01 |Du|=8.07e+00 |DRu|=1.58e+01)
  [PT] w_u=2.8221 w_v=6.4566 gamma=0.993 (tau_u=3.543e-01 tau_v=1.549e-01 |Du|=3.82e+00 |DRu|=6.08e+00)
  [PT] w_u=3.0386 w_v=6.9756 gamma=0.978 (tau_u=3.291e-01 tau_v=1.434e-01 |Du|=1.64e+00 |DRu|=5.08e+00)
  [PT] w_u=3.2938 w_v=7.4493 gamma=0.896 (tau_u=3.036e-01 tau_v=1.342e-01 |Du|=2.87e+00 |DRu|=1.00e+01)
  [PT] w_u=3.5127 w_v=7.8499 gamma=0.970 (tau_u=2.847e-01 tau_v=1.274e-01 |Du|=4.62e+00 |DRu|=1.35e+01)
  [PT] w_u=3.6607 w_v=8.2322 gamma=0.993 (tau_u=2.732e-01 tau_v=1.215e-01 |Du|=2.22e+00 |DRu|=5.38e+00)
  [PT] w_u=2.5445 w_v=7.8495 gamma=0.981 (tau_u=3.930e-01 tau_v=1.274e-01 |Du|=3.89e+00 |DRu|=3.18e+00)
  [PT] w_u=2.4919 w_v=7.9963 gamma=0.915 (tau_u=4.013e-01 tau_v=1.251e-01 |Du|=5.62e+00 |DRu|=7.79e+00)
  [PT] w_u=2.4944 w_v=7.8385 gamma=0.901 (tau_u=4.009e-01 tau_v=1.276e-01 |Du|=6.06e+00 |DRu|=9.13e+00)
  [PT] w_u=1.2830 w_v=4.6666 gamma=0.927 (tau_u=7.794e-01 tau_v=2.143e-01 |Du|=6.44e+00 |DRu|=3.03e+00)
  [PT] w_u=0.8262 w_v=4.1870 gamma=0.894 (tau_u=1.210e+00 tau_v=2.388e-01 |Du|=8.73e+00 |DRu|=3.66e+00)
  [PT] w_u=0.7692 w_v=4.3060 gamma=0.879 (tau_u=1.300e+00 tau_v=2.322e-01 |Du|=9.68e+00 |DRu|=6.25e+00)
  [PT] w_u=0.7245 w_v=3.3758 gamma=0.903 (tau_u=1.380e+00 tau_v=2.962e-01 |Du|=9.21e+00 |DRu|=6.04e+00)
  [PT] w_u=0.7104 w_v=2.8686 gamma=0.911 (tau_u=1.408e+00 tau_v=3.486e-01 |Du|=7.32e+00 |DRu|=5.43e+00)
  [PT] w_u=0.6624 w_v=3.0954 gamma=0.913 (tau_u=1.510e+00 tau_v=3.231e-01 |Du|=8.28e+00 |DRu|=5.08e+00)
[Adam] ep= 1620  total=1.607e-02  PDE=7.338e-03 [colloc=4.899e-03, cfd=2.439e-03] (w=1.207)  IN=3.291e-03 (w=0.715)  TB=6.847e-03 (w=0.668)  WALL=4.110e-17 (w=0.200)  OUT=8.374e-04 (w=0.341)  DATA=7.814e-02 (w=0.000)  DATA_P=0.000e+00 (w=1.000)
  [PT] w_u=0.6740 w_v=3.3224 gamma=0.903 (tau_u=1.484e+00 tau_v=3.010e-01 |Du|=7.73e+00 |DRu|=6.57e+00)
  [PT] w_u=0.7404 w_v=3.5782 gamma=0.890 (tau_u=1.351e+00 tau_v=2.795e-01 |Du|=1.52e+00 |DRu|=3.66e+00)
  [PT] w_u=0.7667 w_v=3.7820 gamma=0.883 (tau_u=1.304e+00 tau_v=2.644e-01 |Du|=6.60e+00 |DRu|=6.59e+00)
  [PT] w_u=0.7807 w_v=4.0108 gamma=0.926 (tau_u=1.281e+00 tau_v=2.493e-01 |Du|=6.90e+00 |DRu|=6.42e+00)
  [PT] w_u=0.8208 w_v=4.1007 gamma=0.912 (tau_u=1.218e+00 tau_v=2.439e-01 |Du|=3.25e+00 |DRu|=3.84e+00)
  [PT] w_u=0.8740 w_v=4.2296 gamma=0.890 (tau_u=1.144e+00 tau_v=2.364e-01 |Du|=4.67e+00 |DRu|=6.37e+00)
  [PT] w_u=0.8810 w_v=4.3938 gamma=0.876 (tau_u=1.135e+00 tau_v=2.276e-01 |Du|=4.91e+00 |DRu|=4.48e+00)
  [PT] w_u=0.8832 w_v=4.3567 gamma=0.871 (tau_u=1.132e+00 tau_v=2.295e-01 |Du|=4.51e+00 |DRu|=4.00e+00)
  [PT] w_u=0.9024 w_v=4.1630 gamma=0.866 (tau_u=1.108e+00 tau_v=2.402e-01 |Du|=4.24e+00 |DRu|=4.18e+00)
  [PT] w_u=0.9841 w_v=4.3892 gamma=0.881 (tau_u=1.016e+00 tau_v=2.278e-01 |Du|=2.37e+00 |DRu|=5.13e+00)
  [PT] w_u=1.0511 w_v=4.4222 gamma=0.905 (tau_u=9.514e-01 tau_v=2.261e-01 |Du|=2.61e+00 |DRu|=4.09e+00)
  [PT] w_u=0.9122 w_v=4.3268 gamma=0.888 (tau_u=1.096e+00 tau_v=2.311e-01 |Du|=6.24e+00 |DRu|=3.79e+00)
  [PT] w_u=0.8539 w_v=4.4474 gamma=0.897 (tau_u=1.171e+00 tau_v=2.249e-01 |Du|=7.75e+00 |DRu|=5.40e+00)
  [PT] w_u=0.8464 w_v=4.3749 gamma=0.925 (tau_u=1.181e+00 tau_v=2.286e-01 |Du|=5.15e+00 |DRu|=4.39e+00)
  [PT] w_u=0.8994 w_v=4.4709 gamma=0.919 (tau_u=1.112e+00 tau_v=2.237e-01 |Du|=2.99e+00 |DRu|=4.11e+00)
  [PT] w_u=0.9301 w_v=4.5641 gamma=0.907 (tau_u=1.075e+00 tau_v=2.191e-01 |Du|=4.00e+00 |DRu|=4.41e+00)
  [PT] w_u=0.9859 w_v=4.8008 gamma=0.891 (tau_u=1.014e+00 tau_v=2.083e-01 |Du|=3.15e+00 |DRu|=4.34e+00)
  [PT] w_u=1.0677 w_v=5.0321 gamma=0.883 (tau_u=9.366e-01 tau_v=1.987e-01 |Du|=2.44e+00 |DRu|=4.72e+00)
  [PT] w_u=1.1477 w_v=5.0996 gamma=0.892 (tau_u=8.713e-01 tau_v=1.961e-01 |Du|=2.38e+00 |DRu|=4.23e+00)
  [PT] w_u=1.1490 w_v=4.9497 gamma=0.883 (tau_u=8.703e-01 tau_v=2.020e-01 |Du|=2.78e+00 |DRu|=2.81e+00)
[Adam] ep= 1640  total=1.108e-02  PDE=5.518e-03 [colloc=4.131e-03, cfd=1.387e-03] (w=0.999)  IN=4.500e-03 (w=0.600)  TB=4.325e-03 (w=0.618)  WALL=1.059e-16 (w=0.200)  OUT=7.732e-04 (w=0.259)  DATA=7.494e-02 (w=0.000)  DATA_P=0.000e+00 (w=1.000)
  [PT] w_u=1.1993 w_v=5.1364 gamma=0.847 (tau_u=8.338e-01 tau_v=1.947e-01 |Du|=2.60e+00 |DRu|=3.37e+00)
  [PT] w_u=1.1941 w_v=4.5091 gamma=0.844 (tau_u=8.374e-01 tau_v=2.218e-01 |Du|=4.04e+00 |DRu|=3.98e+00)
  [PT] w_u=1.0109 w_v=3.7913 gamma=0.889 (tau_u=9.892e-01 tau_v=2.638e-01 |Du|=5.69e+00 |DRu|=3.50e+00)
  [PT] w_u=0.8105 w_v=3.7055 gamma=0.909 (tau_u=1.234e+00 tau_v=2.699e-01 |Du|=4.61e+00 |DRu|=2.37e+00)
  [PT] w_u=0.8173 w_v=3.5009 gamma=0.876 (tau_u=1.223e+00 tau_v=2.856e-01 |Du|=3.91e+00 |DRu|=3.44e+00)
  [PT] w_u=0.8464 w_v=3.4108 gamma=0.854 (tau_u=1.181e+00 tau_v=2.932e-01 |Du|=4.53e+00 |DRu|=4.67e+00)
  [PT] w_u=0.8594 w_v=3.4980 gamma=0.891 (tau_u=1.164e+00 tau_v=2.859e-01 |Du|=4.22e+00 |DRu|=3.97e+00)
  [PT] w_u=0.7257 w_v=3.1257 gamma=0.900 (tau_u=1.378e+00 tau_v=3.199e-01 |Du|=3.28e+00 |DRu|=1.71e+00)
  [PT] w_u=0.7840 w_v=3.2871 gamma=0.860 (tau_u=1.275e+00 tau_v=3.042e-01 |Du|=2.44e+00 |DRu|=3.81e+00)
  [PT] w_u=0.8543 w_v=3.5349 gamma=0.838 (tau_u=1.171e+00 tau_v=2.829e-01 |Du|=1.97e+00 |DRu|=3.79e+00)
  [PT] w_u=0.9093 w_v=3.5176 gamma=0.839 (tau_u=1.100e+00 tau_v=2.843e-01 |Du|=2.05e+00 |DRu|=2.76e+00)
  [PT] w_u=0.9290 w_v=3.3710 gamma=0.855 (tau_u=1.076e+00 tau_v=2.966e-01 |Du|=2.52e+00 |DRu|=2.50e+00)
  [PT] w_u=0.7616 w_v=2.9141 gamma=0.868 (tau_u=1.313e+00 tau_v=3.432e-01 |Du|=2.71e+00 |DRu|=1.36e+00)
  [PT] w_u=0.7655 w_v=3.0281 gamma=0.858 (tau_u=1.306e+00 tau_v=3.302e-01 |Du|=2.51e+00 |DRu|=2.08e+00)
  [PT] w_u=0.8313 w_v=3.2184 gamma=0.846 (tau_u=1.203e+00 tau_v=3.107e-01 |Du|=1.77e+00 |DRu|=3.12e+00)
  [PT] w_u=0.8921 w_v=3.4342 gamma=0.825 (tau_u=1.121e+00 tau_v=2.912e-01 |Du|=2.08e+00 |DRu|=3.05e+00)
  [PT] w_u=0.9449 w_v=3.6735 gamma=0.851 (tau_u=1.058e+00 tau_v=2.722e-01 |Du|=2.46e+00 |DRu|=3.23e+00)
  [PT] w_u=0.9938 w_v=3.9298 gamma=0.862 (tau_u=1.006e+00 tau_v=2.545e-01 |Du|=1.61e+00 |DRu|=2.04e+00)
  [PT] w_u=1.0674 w_v=4.1431 gamma=0.852 (tau_u=9.369e-01 tau_v=2.414e-01 |Du|=1.30e+00 |DRu|=2.14e+00)
  [PT] w_u=1.1071 w_v=4.3376 gamma=0.839 (tau_u=9.033e-01 tau_v=2.305e-01 |Du|=2.21e+00 |DRu|=2.61e+00)
[Adam] ep= 1660  total=6.424e-03  PDE=3.364e-03 [colloc=2.713e-03, cfd=6.504e-04] (w=0.870)  IN=2.817e-03 (w=0.525)  TB=3.536e-03 (w=0.560)  WALL=2.427e-17 (w=0.200)  OUT=1.954e-04 (w=0.210)  DATA=7.483e-02 (w=0.000)  DATA_P=0.000e+00 (w=1.000)
  [PT] w_u=1.0585 w_v=3.9566 gamma=0.849 (tau_u=9.447e-01 tau_v=2.527e-01 |Du|=2.56e+00 |DRu|=2.06e+00)
  [PT] w_u=1.0812 w_v=3.9494 gamma=0.851 (tau_u=9.249e-01 tau_v=2.532e-01 |Du|=2.25e+00 |DRu|=2.40e+00)
  [PT] w_u=1.0874 w_v=4.1929 gamma=0.856 (tau_u=9.196e-01 tau_v=2.385e-01 |Du|=1.97e+00 |DRu|=1.95e+00)
  [PT] w_u=1.1117 w_v=4.1092 gamma=0.860 (tau_u=8.995e-01 tau_v=2.434e-01 |Du|=1.96e+00 |DRu|=2.15e+00)
  [PT] w_u=1.0988 w_v=3.8285 gamma=0.847 (tau_u=9.101e-01 tau_v=2.612e-01 |Du|=1.95e+00 |DRu|=1.79e+00)
  [PT] w_u=1.1248 w_v=3.9940 gamma=0.833 (tau_u=8.890e-01 tau_v=2.504e-01 |Du|=2.06e+00 |DRu|=2.25e+00)
  [PT] w_u=1.1210 w_v=4.1467 gamma=0.832 (tau_u=8.921e-01 tau_v=2.412e-01 |Du|=2.16e+00 |DRu|=2.05e+00)
  [PT] w_u=1.0721 w_v=4.2297 gamma=0.824 (tau_u=9.327e-01 tau_v=2.364e-01 |Du|=1.81e+00 |DRu|=1.44e+00)
  [PT] w_u=1.1235 w_v=4.4587 gamma=0.811 (tau_u=8.901e-01 tau_v=2.243e-01 |Du|=1.46e+00 |DRu|=1.85e+00)
  [PT] w_u=1.0366 w_v=4.6109 gamma=0.811 (tau_u=9.646e-01 tau_v=2.169e-01 |Du|=2.02e+00 |DRu|=1.42e+00)
  [PT] w_u=0.9298 w_v=4.4774 gamma=0.815 (tau_u=1.075e+00 tau_v=2.233e-01 |Du|=2.72e+00 |DRu|=1.71e+00)
  [PT] w_u=0.6877 w_v=4.2541 gamma=0.822 (tau_u=1.454e+00 tau_v=2.351e-01 |Du|=2.75e+00 |DRu|=1.13e+00)
  [PT] w_u=0.7323 w_v=4.3278 gamma=0.826 (tau_u=1.365e+00 tau_v=2.311e-01 |Du|=1.61e+00 |DRu|=1.94e+00)
  [PT] w_u=0.8020 w_v=4.4648 gamma=0.826 (tau_u=1.247e+00 tau_v=2.240e-01 |Du|=9.88e-01 |DRu|=2.12e+00)
  [PT] w_u=0.8299 w_v=4.7196 gamma=0.829 (tau_u=1.205e+00 tau_v=2.119e-01 |Du|=1.49e+00 |DRu|=1.49e+00)
  [PT] w_u=0.8019 w_v=4.9065 gamma=0.830 (tau_u=1.247e+00 tau_v=2.038e-01 |Du|=1.74e+00 |DRu|=1.24e+00)
  [PT] w_u=0.8515 w_v=4.9501 gamma=0.813 (tau_u=1.174e+00 tau_v=2.020e-01 |Du|=1.56e+00 |DRu|=1.94e+00)
  [PT] w_u=0.9146 w_v=4.5985 gamma=0.800 (tau_u=1.093e+00 tau_v=2.175e-01 |Du|=1.30e+00 |DRu|=1.92e+00)
  [PT] w_u=1.0009 w_v=4.5555 gamma=0.808 (tau_u=9.991e-01 tau_v=2.195e-01 |Du|=1.01e+00 |DRu|=2.33e+00)
  [PT] w_u=1.0904 w_v=4.8827 gamma=0.815 (tau_u=9.171e-01 tau_v=2.048e-01 |Du|=7.03e-01 |DRu|=1.50e+00)
[Adam] ep= 1680  total=4.088e-03  PDE=2.637e-03 [colloc=2.011e-03, cfd=6.261e-04] (w=0.784)  IN=2.021e-03 (w=0.456)  TB=2.168e-03 (w=0.480)  WALL=1.736e-17 (w=0.200)  OUT=2.833e-04 (w=0.200)  DATA=6.891e-02 (w=0.000)  DATA_P=0.000e+00 (w=1.000)
  [PT] w_u=1.1560 w_v=4.9695 gamma=0.816 (tau_u=8.650e-01 tau_v=2.012e-01 |Du|=9.54e-01 |DRu|=1.37e+00)
  [PT] w_u=1.2354 w_v=4.9318 gamma=0.806 (tau_u=8.095e-01 tau_v=2.028e-01 |Du|=1.30e+00 |DRu|=2.09e+00)
  [PT] w_u=1.2913 w_v=4.9980 gamma=0.818 (tau_u=7.744e-01 tau_v=2.001e-01 |Du|=1.25e+00 |DRu|=1.67e+00)
  [PT] w_u=1.3562 w_v=4.9745 gamma=0.822 (tau_u=7.374e-01 tau_v=2.010e-01 |Du|=9.54e-01 |DRu|=1.36e+00)
  [PT] w_u=1.4712 w_v=5.2900 gamma=0.815 (tau_u=6.797e-01 tau_v=1.890e-01 |Du|=8.49e-01 |DRu|=1.91e+00)
  [PT] w_u=1.4146 w_v=5.5104 gamma=0.814 (tau_u=7.069e-01 tau_v=1.815e-01 |Du|=1.60e+00 |DRu|=1.48e+00)
  [PT] w_u=1.2573 w_v=5.5535 gamma=0.802 (tau_u=7.954e-01 tau_v=1.801e-01 |Du|=1.78e+00 |DRu|=1.27e+00)
  [PT] w_u=1.3193 w_v=5.8577 gamma=0.793 (tau_u=7.580e-01 tau_v=1.707e-01 |Du|=1.21e+00 |DRu|=1.66e+00)
  [PT] w_u=1.3848 w_v=5.6435 gamma=0.800 (tau_u=7.221e-01 tau_v=1.772e-01 |Du|=8.62e-01 |DRu|=1.22e+00)
  [PT] w_u=1.4442 w_v=5.7187 gamma=0.797 (tau_u=6.924e-01 tau_v=1.749e-01 |Du|=1.23e+00 |DRu|=1.69e+00)
  [PT] w_u=1.1833 w_v=5.8321 gamma=0.799 (tau_u=8.451e-01 tau_v=1.715e-01 |Du|=1.76e+00 |DRu|=1.06e+00)
  [PT] w_u=1.2136 w_v=6.1369 gamma=0.808 (tau_u=8.240e-01 tau_v=1.629e-01 |Du|=1.78e+00 |DRu|=2.01e+00)
  [PT] w_u=1.2479 w_v=6.1817 gamma=0.811 (tau_u=8.013e-01 tau_v=1.618e-01 |Du|=1.17e+00 |DRu|=1.36e+00)
  [PT] w_u=1.3393 w_v=6.3887 gamma=0.808 (tau_u=7.467e-01 tau_v=1.565e-01 |Du|=9.81e-01 |DRu|=1.75e+00)
  [PT] w_u=1.3174 w_v=6.1924 gamma=0.806 (tau_u=7.591e-01 tau_v=1.615e-01 |Du|=1.26e+00 |DRu|=1.21e+00)
  [PT] w_u=0.8346 w_v=5.3469 gamma=0.799 (tau_u=1.198e+00 tau_v=1.870e-01 |Du|=1.80e+00 |DRu|=7.09e-01)
  [PT] w_u=0.7829 w_v=4.9571 gamma=0.789 (tau_u=1.277e+00 tau_v=2.017e-01 |Du|=1.63e+00 |DRu|=1.03e+00)
  [PT] w_u=0.8360 w_v=5.1410 gamma=0.784 (tau_u=1.196e+00 tau_v=1.945e-01 |Du|=1.05e+00 |DRu|=1.36e+00)
  [PT] w_u=0.9079 w_v=5.3414 gamma=0.787 (tau_u=1.101e+00 tau_v=1.872e-01 |Du|=6.82e-01 |DRu|=1.21e+00)
  [PT] w_u=0.9418 w_v=5.6619 gamma=0.790 (tau_u=1.062e+00 tau_v=1.766e-01 |Du|=1.12e+00 |DRu|=1.19e+00)
[Adam] ep= 1700  total=3.314e-03  PDE=2.191e-03 [colloc=1.654e-03, cfd=5.370e-04] (w=0.718)  IN=2.240e-03 (w=0.416)  TB=1.806e-03 (w=0.431)  WALL=1.661e-17 (w=0.200)  OUT=1.538e-04 (w=0.200)  DATA=7.040e-02 (w=0.000)  DATA_P=0.000e+00 (w=1.000)
  [PT] w_u=0.9049 w_v=5.8562 gamma=0.793 (tau_u=1.105e+00 tau_v=1.708e-01 |Du|=1.58e+00 |DRu|=1.15e+00)
  [PT] w_u=0.8566 w_v=5.9436 gamma=0.796 (tau_u=1.167e+00 tau_v=1.682e-01 |Du|=1.62e+00 |DRu|=1.10e+00)
  [PT] w_u=0.8912 w_v=5.9902 gamma=0.799 (tau_u=1.122e+00 tau_v=1.669e-01 |Du|=1.26e+00 |DRu|=1.33e+00)
  [PT] w_u=0.9792 w_v=6.1123 gamma=0.806 (tau_u=1.021e+00 tau_v=1.636e-01 |Du|=4.85e-01 |DRu|=1.29e+00)
  [PT] w_u=1.0497 w_v=6.5701 gamma=0.810 (tau_u=9.526e-01 tau_v=1.522e-01 |Du|=8.00e-01 |DRu|=1.24e+00)
  [PT] w_u=0.8345 w_v=6.6080 gamma=0.803 (tau_u=1.198e+00 tau_v=1.513e-01 |Du|=1.32e+00 |DRu|=6.41e-01)
  [PT] w_u=0.8380 w_v=6.7158 gamma=0.797 (tau_u=1.193e+00 tau_v=1.489e-01 |Du|=1.49e+00 |DRu|=1.24e+00)
  [PT] w_u=0.8653 w_v=6.6766 gamma=0.791 (tau_u=1.156e+00 tau_v=1.498e-01 |Du|=1.11e+00 |DRu|=1.09e+00)
  [PT] w_u=0.9450 w_v=6.9776 gamma=0.779 (tau_u=1.058e+00 tau_v=1.433e-01 |Du|=6.31e-01 |DRu|=1.31e+00)
  [PT] w_u=1.0086 w_v=7.2041 gamma=0.783 (tau_u=9.914e-01 tau_v=1.388e-01 |Du|=6.93e-01 |DRu|=9.81e-01)
  [PT] w_u=0.6523 w_v=6.6529 gamma=0.786 (tau_u=1.533e+00 tau_v=1.503e-01 |Du|=1.34e+00 |DRu|=4.68e-01)
  [PT] w_u=0.6041 w_v=6.4789 gamma=0.789 (tau_u=1.655e+00 tau_v=1.543e-01 |Du|=1.43e+00 |DRu|=7.67e-01)
  [PT] w_u=0.6422 w_v=6.5186 gamma=0.799 (tau_u=1.557e+00 tau_v=1.534e-01 |Du|=1.05e+00 |DRu|=1.14e+00)
  [PT] w_u=0.6961 w_v=6.7126 gamma=0.805 (tau_u=1.436e+00 tau_v=1.490e-01 |Du|=7.76e-01 |DRu|=1.18e+00)
  [PT] w_u=0.7300 w_v=6.9709 gamma=0.805 (tau_u=1.370e+00 tau_v=1.435e-01 |Du|=6.67e-01 |DRu|=6.82e-01)
  [PT] w_u=0.7731 w_v=7.1310 gamma=0.803 (tau_u=1.294e+00 tau_v=1.402e-01 |Du|=7.42e-01 |DRu|=8.55e-01)
  [PT] w_u=0.8328 w_v=7.2584 gamma=0.792 (tau_u=1.201e+00 tau_v=1.378e-01 |Du|=8.08e-01 |DRu|=1.19e+00)
  [PT] w_u=0.8598 w_v=7.0637 gamma=0.786 (tau_u=1.163e+00 tau_v=1.416e-01 |Du|=1.00e+00 |DRu|=9.77e-01)
  [PT] w_u=0.9019 w_v=7.2037 gamma=0.777 (tau_u=1.109e+00 tau_v=1.388e-01 |Du|=9.67e-01 |DRu|=1.08e+00)
  [PT] w_u=0.9110 w_v=6.6057 gamma=0.782 (tau_u=1.098e+00 tau_v=1.514e-01 |Du|=7.68e-01 |DRu|=6.80e-01)
[Adam] ep= 1720  total=2.881e-03  PDE=2.136e-03 [colloc=1.656e-03, cfd=4.802e-04] (w=0.695)  IN=1.835e-03 (w=0.392)  TB=1.633e-03 (w=0.398)  WALL=9.914e-18 (w=0.200)  OUT=1.304e-04 (w=0.200)  DATA=7.204e-02 (w=0.000)  DATA_P=0.000e+00 (w=1.000)
  [PT] w_u=0.8832 w_v=6.4974 gamma=0.779 (tau_u=1.132e+00 tau_v=1.539e-01 |Du|=6.99e-01 |DRu|=5.14e-01)
  [PT] w_u=0.8465 w_v=6.6833 gamma=0.780 (tau_u=1.181e+00 tau_v=1.496e-01 |Du|=8.99e-01 |DRu|=6.23e-01)
  [PT] w_u=0.8781 w_v=6.2685 gamma=0.785 (tau_u=1.139e+00 tau_v=1.595e-01 |Du|=7.94e-01 |DRu|=8.09e-01)
  [PT] w_u=0.9438 w_v=6.3446 gamma=0.791 (tau_u=1.060e+00 tau_v=1.576e-01 |Du|=5.74e-01 |DRu|=8.68e-01)
  [PT] w_u=1.0024 w_v=6.5898 gamma=0.786 (tau_u=9.976e-01 tau_v=1.517e-01 |Du|=5.81e-01 |DRu|=7.76e-01)
  [PT] w_u=0.9407 w_v=5.1573 gamma=0.786 (tau_u=1.063e+00 tau_v=1.939e-01 |Du|=8.13e-01 |DRu|=5.61e-01)
  [PT] w_u=0.9963 w_v=5.2817 gamma=0.783 (tau_u=1.004e+00 tau_v=1.893e-01 |Du|=7.49e-01 |DRu|=9.68e-01)
  [PT] w_u=1.0695 w_v=5.2831 gamma=0.773 (tau_u=9.350e-01 tau_v=1.893e-01 |Du|=5.07e-01 |DRu|=7.93e-01)
  [PT] w_u=1.1728 w_v=5.5262 gamma=0.780 (tau_u=8.526e-01 tau_v=1.810e-01 |Du|=3.53e-01 |DRu|=9.32e-01)
  [PT] w_u=1.2368 w_v=5.7650 gamma=0.780 (tau_u=8.085e-01 tau_v=1.735e-01 |Du|=5.24e-01 |DRu|=7.21e-01)
  [PT] w_u=1.2412 w_v=6.0769 gamma=0.784 (tau_u=8.057e-01 tau_v=1.646e-01 |Du|=7.86e-01 |DRu|=7.88e-01)
  [PT] w_u=1.1965 w_v=6.1593 gamma=0.782 (tau_u=8.357e-01 tau_v=1.624e-01 |Du|=7.59e-01 |DRu|=6.38e-01)
  [PT] w_u=1.3030 w_v=6.2832 gamma=0.784 (tau_u=7.674e-01 tau_v=1.592e-01 |Du|=4.11e-01 |DRu|=9.31e-01)
  [PT] w_u=1.3747 w_v=6.4028 gamma=0.785 (tau_u=7.274e-01 tau_v=1.562e-01 |Du|=5.70e-01 |DRu|=8.33e-01)
  [PT] w_u=1.2467 w_v=6.2064 gamma=0.785 (tau_u=8.021e-01 tau_v=1.611e-01 |Du|=8.42e-01 |DRu|=6.14e-01)
  [PT] w_u=1.2213 w_v=6.2008 gamma=0.783 (tau_u=8.188e-01 tau_v=1.613e-01 |Du|=7.90e-01 |DRu|=7.10e-01)
  [PT] w_u=1.3129 w_v=6.4656 gamma=0.780 (tau_u=7.617e-01 tau_v=1.547e-01 |Du|=5.25e-01 |DRu|=9.31e-01)
  [PT] w_u=1.4248 w_v=6.6667 gamma=0.776 (tau_u=7.018e-01 tau_v=1.500e-01 |Du|=3.54e-01 |DRu|=7.71e-01)
  [PT] w_u=1.5109 w_v=6.8315 gamma=0.771 (tau_u=6.619e-01 tau_v=1.464e-01 |Du|=5.75e-01 |DRu|=9.19e-01)
  [PT] w_u=1.2237 w_v=5.5792 gamma=0.775 (tau_u=8.172e-01 tau_v=1.792e-01 |Du|=9.93e-01 |DRu|=5.87e-01)
[Adam] ep= 1740  total=2.434e-03  PDE=1.947e-03 [colloc=1.505e-03, cfd=4.425e-04] (w=0.660)  IN=1.566e-03 (w=0.370)  TB=1.461e-03 (w=0.373)  WALL=1.249e-17 (w=0.200)  OUT=1.209e-04 (w=0.200)  DATA=7.328e-02 (w=0.000)  DATA_P=0.000e+00 (w=1.000)
  [PT] w_u=0.9436 w_v=4.6696 gamma=0.777 (tau_u=1.060e+00 tau_v=2.141e-01 |Du|=1.21e+00 |DRu|=5.93e-01)
  [PT] w_u=0.8885 w_v=4.5410 gamma=0.780 (tau_u=1.125e+00 tau_v=2.202e-01 |Du|=1.02e+00 |DRu|=6.86e-01)
  [PT] w_u=0.9571 w_v=4.8691 gamma=0.788 (tau_u=1.045e+00 tau_v=2.054e-01 |Du|=5.51e-01 |DRu|=8.66e-01)
  [PT] w_u=1.0357 w_v=5.1123 gamma=0.786 (tau_u=9.655e-01 tau_v=1.956e-01 |Du|=5.41e-01 |DRu|=9.55e-01)
  [PT] w_u=0.9527 w_v=5.2113 gamma=0.782 (tau_u=1.050e+00 tau_v=1.919e-01 |Du|=9.90e-01 |DRu|=6.52e-01)
  [PT] w_u=0.8500 w_v=5.2903 gamma=0.773 (tau_u=1.176e+00 tau_v=1.890e-01 |Du|=1.16e+00 |DRu|=6.69e-01)
  [PT] w_u=0.8233 w_v=5.2612 gamma=0.766 (tau_u=1.215e+00 tau_v=1.901e-01 |Du|=9.43e-01 |DRu|=6.61e-01)
  [PT] w_u=0.8926 w_v=5.3275 gamma=0.768 (tau_u=1.120e+00 tau_v=1.877e-01 |Du|=5.12e-01 |DRu|=8.64e-01)
  [PT] w_u=0.9760 w_v=5.4881 gamma=0.766 (tau_u=1.025e+00 tau_v=1.822e-01 |Du|=3.21e-01 |DRu|=6.94e-01)
  [PT] w_u=1.0260 w_v=5.6787 gamma=0.774 (tau_u=9.747e-01 tau_v=1.761e-01 |Du|=5.73e-01 |DRu|=6.95e-01)
  [PT] w_u=0.8622 w_v=5.2408 gamma=0.769 (tau_u=1.160e+00 tau_v=1.908e-01 |Du|=8.10e-01 |DRu|=4.23e-01)
  [PT] w_u=0.8610 w_v=5.5341 gamma=0.774 (tau_u=1.161e+00 tau_v=1.807e-01 |Du|=8.87e-01 |DRu|=7.20e-01)
  [PT] w_u=0.9207 w_v=5.3131 gamma=0.777 (tau_u=1.086e+00 tau_v=1.882e-01 |Du|=6.84e-01 |DRu|=9.44e-01)
  [PT] w_u=0.9960 w_v=5.4783 gamma=0.776 (tau_u=1.004e+00 tau_v=1.825e-01 |Du|=5.26e-01 |DRu|=8.98e-01)
  [PT] w_u=1.0438 w_v=5.6408 gamma=0.778 (tau_u=9.580e-01 tau_v=1.773e-01 |Du|=6.42e-01 |DRu|=7.68e-01)
  [PT] w_u=1.0914 w_v=5.9630 gamma=0.777 (tau_u=9.162e-01 tau_v=1.677e-01 |Du|=8.57e-01 |DRu|=1.03e+00)
  [PT] w_u=1.1918 w_v=6.3516 gamma=0.766 (tau_u=8.391e-01 tau_v=1.574e-01 |Du|=6.83e-01 |DRu|=1.57e+00)
  [PT] w_u=1.2972 w_v=6.7460 gamma=0.762 (tau_u=7.709e-01 tau_v=1.482e-01 |Du|=3.43e-01 |DRu|=7.53e-01)
  [PT] w_u=1.4179 w_v=7.2137 gamma=0.772 (tau_u=7.053e-01 tau_v=1.386e-01 |Du|=4.40e-01 |DRu|=1.14e+00)
  [PT] w_u=1.5440 w_v=7.5737 gamma=0.764 (tau_u=6.477e-01 tau_v=1.320e-01 |Du|=6.50e-01 |DRu|=1.58e+00)
[Adam] ep= 1760  total=2.139e-03  PDE=1.889e-03 [colloc=1.486e-03, cfd=4.034e-04] (w=0.634)  IN=1.283e-03 (w=0.348)  TB=1.327e-03 (w=0.355)  WALL=1.745e-17 (w=0.200)  OUT=1.231e-04 (w=0.200)  DATA=7.340e-02 (w=0.000)  DATA_P=0.000e+00 (w=1.000)
  [PT] w_u=1.4301 w_v=6.6313 gamma=0.779 (tau_u=6.992e-01 tau_v=1.508e-01 |Du|=7.73e-01 |DRu|=6.33e-01)
  [PT] w_u=1.5403 w_v=6.8614 gamma=0.775 (tau_u=6.492e-01 tau_v=1.457e-01 |Du|=6.91e-01 |DRu|=1.36e+00)
  [PT] w_u=1.6830 w_v=7.3117 gamma=0.777 (tau_u=5.942e-01 tau_v=1.368e-01 |Du|=4.00e-01 |DRu|=1.12e+00)
  [PT] w_u=1.7893 w_v=7.7108 gamma=0.772 (tau_u=5.589e-01 tau_v=1.297e-01 |Du|=4.82e-01 |DRu|=8.62e-01)
  [PT] w_u=1.8765 w_v=8.0152 gamma=0.780 (tau_u=5.329e-01 tau_v=1.248e-01 |Du|=9.45e-01 |DRu|=1.52e+00)
  [PT] w_u=1.6323 w_v=7.8851 gamma=0.766 (tau_u=6.126e-01 tau_v=1.268e-01 |Du|=1.29e+00 |DRu|=9.77e-01)
  [PT] w_u=1.6956 w_v=8.2081 gamma=0.761 (tau_u=5.897e-01 tau_v=1.218e-01 |Du|=8.33e-01 |DRu|=1.17e+00)
  [PT] w_u=1.8405 w_v=8.4027 gamma=0.768 (tau_u=5.433e-01 tau_v=1.190e-01 |Du|=7.48e-01 |DRu|=1.85e+00)
  [PT] w_u=1.9759 w_v=8.6746 gamma=0.758 (tau_u=5.061e-01 tau_v=1.153e-01 |Du|=7.86e-01 |DRu|=1.65e+00)
  [PT] w_u=2.0496 w_v=8.9178 gamma=0.774 (tau_u=4.879e-01 tau_v=1.121e-01 |Du|=1.17e+00 |DRu|=1.81e+00)
  [PT] w_u=2.1564 w_v=9.0669 gamma=0.777 (tau_u=4.637e-01 tau_v=1.103e-01 |Du|=1.54e+00 |DRu|=2.74e+00)
  [PT] w_u=2.3073 w_v=9.3428 gamma=0.773 (tau_u=4.334e-01 tau_v=1.070e-01 |Du|=6.91e-01 |DRu|=1.52e+00)
  [PT] w_u=2.5029 w_v=9.8034 gamma=0.789 (tau_u=3.995e-01 tau_v=1.020e-01 |Du|=7.15e-01 |DRu|=2.06e+00)
  [PT] w_u=2.6877 w_v=10.0319 gamma=0.792 (tau_u=3.721e-01 tau_v=9.968e-02 |Du|=1.60e+00 |DRu|=4.04e+00)
  [PT] w_u=0.9357 w_v=6.3898 gamma=0.784 (tau_u=1.069e+00 tau_v=1.565e-01 |Du|=2.23e+00 |DRu|=7.27e-01)
  [PT] w_u=1.0093 w_v=6.6709 gamma=0.759 (tau_u=9.907e-01 tau_v=1.499e-01 |Du|=1.85e+00 |DRu|=3.00e+00)
  [PT] w_u=1.1111 w_v=7.0363 gamma=0.752 (tau_u=9.000e-01 tau_v=1.421e-01 |Du|=6.78e-01 |DRu|=2.04e+00)
  [PT] w_u=1.2010 w_v=7.3777 gamma=0.784 (tau_u=8.326e-01 tau_v=1.355e-01 |Du|=1.12e+00 |DRu|=2.09e+00)
  [PT] w_u=1.3061 w_v=7.7389 gamma=0.772 (tau_u=7.656e-01 tau_v=1.292e-01 |Du|=1.69e+00 |DRu|=3.68e+00)
  [PT] w_u=1.0718 w_v=7.2613 gamma=0.786 (tau_u=9.330e-01 tau_v=1.377e-01 |Du|=1.60e+00 |DRu|=9.10e-01)
[Adam] ep= 1780  total=2.261e-03  PDE=1.998e-03 [colloc=1.572e-03, cfd=4.265e-04] (w=0.617)  IN=1.489e-03 (w=0.360)  TB=1.340e-03 (w=0.346)  WALL=2.288e-17 (w=0.200)  OUT=1.394e-04 (w=0.200)  DATA=7.596e-02 (w=0.000)  DATA_P=0.000e+00 (w=1.000)
  [PT] w_u=1.1699 w_v=7.6360 gamma=0.788 (tau_u=8.548e-01 tau_v=1.310e-01 |Du|=1.43e+00 |DRu|=3.28e+00)
  [PT] w_u=1.2809 w_v=7.9444 gamma=0.780 (tau_u=7.807e-01 tau_v=1.259e-01 |Du|=1.04e+00 |DRu|=2.73e+00)
  [PT] w_u=1.3358 w_v=8.2446 gamma=0.782 (tau_u=7.486e-01 tau_v=1.213e-01 |Du|=9.07e-01 |DRu|=1.18e+00)
  [PT] w_u=1.4539 w_v=8.5176 gamma=0.815 (tau_u=6.878e-01 tau_v=1.174e-01 |Du|=1.77e+00 |DRu|=4.25e+00)
  [PT] w_u=1.5291 w_v=8.8816 gamma=0.768 (tau_u=6.540e-01 tau_v=1.126e-01 |Du|=1.87e+00 |DRu|=2.78e+00)
  [PT] w_u=1.4123 w_v=8.0633 gamma=0.764 (tau_u=7.081e-01 tau_v=1.240e-01 |Du|=1.40e+00 |DRu|=1.12e+00)
  [PT] w_u=1.5537 w_v=8.5521 gamma=0.780 (tau_u=6.436e-01 tau_v=1.169e-01 |Du|=7.67e-01 |DRu|=2.68e+00)
  [PT] w_u=1.6771 w_v=8.8603 gamma=0.757 (tau_u=5.963e-01 tau_v=1.129e-01 |Du|=1.35e+00 |DRu|=2.86e+00)
  [PT] w_u=1.5075 w_v=8.8057 gamma=0.773 (tau_u=6.633e-01 tau_v=1.136e-01 |Du|=1.98e+00 |DRu|=1.55e+00)
  [PT] w_u=1.1003 w_v=7.6055 gamma=0.777 (tau_u=9.088e-01 tau_v=1.315e-01 |Du|=2.24e+00 |DRu|=1.12e+00)
  [PT] w_u=1.1296 w_v=7.6118 gamma=0.783 (tau_u=8.853e-01 tau_v=1.314e-01 |Du|=1.38e+00 |DRu|=1.49e+00)
  [PT] w_u=1.2346 w_v=7.7479 gamma=0.784 (tau_u=8.100e-01 tau_v=1.291e-01 |Du|=7.35e-01 |DRu|=1.79e+00)
  [PT] w_u=1.2311 w_v=7.9952 gamma=0.782 (tau_u=8.123e-01 tau_v=1.251e-01 |Du|=1.43e+00 |DRu|=1.39e+00)
  [PT] w_u=1.0827 w_v=8.0242 gamma=0.782 (tau_u=9.236e-01 tau_v=1.246e-01 |Du|=1.87e+00 |DRu|=1.19e+00)
  [PT] w_u=1.0703 w_v=8.0805 gamma=0.770 (tau_u=9.343e-01 tau_v=1.238e-01 |Du|=1.86e+00 |DRu|=1.61e+00)
  [PT] w_u=1.1603 w_v=8.4189 gamma=0.755 (tau_u=8.618e-01 tau_v=1.188e-01 |Du|=1.32e+00 |DRu|=2.50e+00)
  [PT] w_u=1.2630 w_v=8.5537 gamma=0.758 (tau_u=7.917e-01 tau_v=1.169e-01 |Du|=9.17e-01 |DRu|=1.99e+00)
  [PT] w_u=1.2785 w_v=8.8459 gamma=0.759 (tau_u=7.822e-01 tau_v=1.130e-01 |Du|=1.25e+00 |DRu|=1.31e+00)
  [PT] w_u=1.3175 w_v=9.1162 gamma=0.787 (tau_u=7.590e-01 tau_v=1.097e-01 |Du|=1.86e+00 |DRu|=2.22e+00)
  [PT] w_u=1.3729 w_v=9.0717 gamma=0.769 (tau_u=7.284e-01 tau_v=1.102e-01 |Du|=1.96e+00 |DRu|=2.55e+00)
[Adam] ep= 1800  total=2.246e-03  PDE=2.065e-03 [colloc=1.623e-03, cfd=4.420e-04] (w=0.614)  IN=1.339e-03 (w=0.343)  TB=1.408e-03 (w=0.342)  WALL=2.758e-17 (w=0.200)  OUT=1.829e-04 (w=0.200)  DATA=7.617e-02 (w=0.000)  DATA_P=0.000e+00 (w=1.000)
  [PT] w_u=1.4889 w_v=8.4562 gamma=0.778 (tau_u=6.716e-01 tau_v=1.183e-01 |Du|=7.04e-01 |DRu|=1.55e+00)
  [PT] w_u=1.5894 w_v=8.9678 gamma=0.786 (tau_u=6.292e-01 tau_v=1.115e-01 |Du|=1.12e+00 |DRu|=2.00e+00)
  [PT] w_u=1.6501 w_v=9.1565 gamma=0.792 (tau_u=6.060e-01 tau_v=1.092e-01 |Du|=2.09e+00 |DRu|=2.95e+00)
  [PT] w_u=1.1838 w_v=7.8769 gamma=0.779 (tau_u=8.447e-01 tau_v=1.270e-01 |Du|=2.27e+00 |DRu|=1.16e+00)
  [PT] w_u=1.2441 w_v=8.1359 gamma=0.741 (tau_u=8.038e-01 tau_v=1.229e-01 |Du|=1.63e+00 |DRu|=2.12e+00)
  [PT] w_u=1.3412 w_v=8.1659 gamma=0.753 (tau_u=7.456e-01 tau_v=1.225e-01 |Du|=8.94e-01 |DRu|=1.65e+00)
  [PT] w_u=1.2993 w_v=7.7728 gamma=0.757 (tau_u=7.696e-01 tau_v=1.287e-01 |Du|=1.43e+00 |DRu|=1.25e+00)
  [PT] w_u=1.2959 w_v=8.0689 gamma=0.780 (tau_u=7.717e-01 tau_v=1.239e-01 |Du|=2.11e+00 |DRu|=2.10e+00)
  [PT] w_u=1.1702 w_v=8.2074 gamma=0.773 (tau_u=8.546e-01 tau_v=1.218e-01 |Du|=2.35e+00 |DRu|=1.63e+00)
  [PT] w_u=1.2003 w_v=7.8703 gamma=0.779 (tau_u=8.331e-01 tau_v=1.271e-01 |Du|=1.50e+00 |DRu|=1.66e+00)
  [PT] w_u=1.2691 w_v=7.2534 gamma=0.786 (tau_u=7.879e-01 tau_v=1.379e-01 |Du|=9.95e-01 |DRu|=1.43e+00)
  [PT] w_u=1.0628 w_v=7.0956 gamma=0.788 (tau_u=9.409e-01 tau_v=1.409e-01 |Du|=1.83e+00 |DRu|=1.07e+00)
  [PT] w_u=0.9670 w_v=7.1317 gamma=0.779 (tau_u=1.034e+00 tau_v=1.402e-01 |Du|=2.12e+00 |DRu|=1.37e+00)
  [PT] w_u=0.9781 w_v=7.2274 gamma=0.767 (tau_u=1.022e+00 tau_v=1.384e-01 |Du|=1.82e+00 |DRu|=1.66e+00)
  [PT] w_u=1.0723 w_v=7.5040 gamma=0.743 (tau_u=9.326e-01 tau_v=1.333e-01 |Du|=9.75e-01 |DRu|=2.39e+00)
  [PT] w_u=1.1538 w_v=8.1069 gamma=0.757 (tau_u=8.667e-01 tau_v=1.234e-01 |Du|=1.02e+00 |DRu|=1.69e+00)
  [PT] w_u=0.9037 w_v=8.0768 gamma=0.768 (tau_u=1.107e+00 tau_v=1.238e-01 |Du|=2.07e+00 |DRu|=1.00e+00)
  [PT] w_u=0.9473 w_v=8.3691 gamma=0.796 (tau_u=1.056e+00 tau_v=1.195e-01 |Du|=2.26e+00 |DRu|=2.61e+00)
  [PT] w_u=1.0266 w_v=8.7062 gamma=0.781 (tau_u=9.741e-01 tau_v=1.149e-01 |Du|=1.90e+00 |DRu|=3.42e+00)
  [PT] w_u=1.1292 w_v=9.1783 gamma=0.784 (tau_u=8.856e-01 tau_v=1.090e-01 |Du|=7.97e-01 |DRu|=2.37e+00)
[Adam] ep= 1820  total=1.997e-03  PDE=1.973e-03 [colloc=1.563e-03, cfd=4.098e-04] (w=0.608)  IN=9.312e-04 (w=0.336)  TB=1.305e-03 (w=0.340)  WALL=1.385e-17 (w=0.200)  OUT=2.000e-04 (w=0.200)  DATA=7.528e-02 (w=0.000)  DATA_P=0.000e+00 (w=1.000)
  [PT] w_u=1.1751 w_v=9.3024 gamma=0.787 (tau_u=8.510e-01 tau_v=1.075e-01 |Du|=1.48e+00 |DRu|=1.79e+00)
  [PT] w_u=1.1119 w_v=9.2913 gamma=0.779 (tau_u=8.994e-01 tau_v=1.076e-01 |Du|=2.08e+00 |DRu|=1.59e+00)
  [PT] w_u=1.0643 w_v=9.1192 gamma=0.755 (tau_u=9.396e-01 tau_v=1.097e-01 |Du|=2.10e+00 |DRu|=1.60e+00)
  [PT] w_u=1.1234 w_v=9.2825 gamma=0.750 (tau_u=8.901e-01 tau_v=1.077e-01 |Du|=1.50e+00 |DRu|=1.95e+00)
  [PT] w_u=1.2256 w_v=9.3949 gamma=0.743 (tau_u=8.159e-01 tau_v=1.064e-01 |Du|=9.81e-01 |DRu|=2.20e+00)
  [PT] w_u=1.1935 w_v=9.5193 gamma=0.754 (tau_u=8.379e-01 tau_v=1.050e-01 |Du|=1.64e+00 |DRu|=1.40e+00)
  [PT] w_u=1.1361 w_v=9.3553 gamma=0.769 (tau_u=8.802e-01 tau_v=1.069e-01 |Du|=2.20e+00 |DRu|=1.72e+00)
  [PT] w_u=1.1092 w_v=8.6501 gamma=0.780 (tau_u=9.015e-01 tau_v=1.156e-01 |Du|=1.97e+00 |DRu|=1.66e+00)
  [PT] w_u=1.2143 w_v=8.8293 gamma=0.784 (tau_u=8.235e-01 tau_v=1.133e-01 |Du|=1.28e+00 |DRu|=3.24e+00)
  [PT] w_u=1.3053 w_v=9.2507 gamma=0.783 (tau_u=7.661e-01 tau_v=1.081e-01 |Du|=1.39e+00 |DRu|=2.46e+00)
  [PT] w_u=1.1430 w_v=9.0559 gamma=0.774 (tau_u=8.749e-01 tau_v=1.104e-01 |Du|=2.26e+00 |DRu|=1.46e+00)
  [PT] w_u=1.1560 w_v=9.0556 gamma=0.786 (tau_u=8.651e-01 tau_v=1.104e-01 |Du|=2.26e+00 |DRu|=2.28e+00)
  [PT] w_u=1.2446 w_v=9.4231 gamma=0.743 (tau_u=8.034e-01 tau_v=1.061e-01 |Du|=1.90e+00 |DRu|=3.28e+00)
  [PT] w_u=1.3487 w_v=9.6366 gamma=0.763 (tau_u=7.414e-01 tau_v=1.038e-01 |Du|=1.32e+00 |DRu|=2.70e+00)
  [PT] w_u=1.4453 w_v=9.9337 gamma=0.762 (tau_u=6.919e-01 tau_v=1.007e-01 |Du|=1.57e+00 |DRu|=2.76e+00)
  [PT] w_u=1.0960 w_v=8.5477 gamma=0.763 (tau_u=9.124e-01 tau_v=1.170e-01 |Du|=2.31e+00 |DRu|=1.19e+00)
  [PT] w_u=1.0081 w_v=7.7640 gamma=0.771 (tau_u=9.920e-01 tau_v=1.288e-01 |Du|=2.21e+00 |DRu|=1.49e+00)
  [PT] w_u=1.0901 w_v=8.1804 gamma=0.787 (tau_u=9.173e-01 tau_v=1.222e-01 |Du|=1.28e+00 |DRu|=2.29e+00)
  [PT] w_u=1.1811 w_v=8.3600 gamma=0.798 (tau_u=8.466e-01 tau_v=1.196e-01 |Du|=1.54e+00 |DRu|=2.99e+00)
  [PT] w_u=1.1520 w_v=8.4799 gamma=0.782 (tau_u=8.681e-01 tau_v=1.179e-01 |Du|=2.29e+00 |DRu|=1.97e+00)
[Adam] ep= 1840  total=2.279e-03  PDE=2.345e-03 [colloc=1.848e-03, cfd=4.970e-04] (w=0.598)  IN=9.930e-04 (w=0.328)  TB=1.532e-03 (w=0.341)  WALL=4.519e-17 (w=0.200)  OUT=1.392e-04 (w=0.200)  DATA=8.353e-02 (w=0.000)  DATA_P=0.000e+00 (w=1.000)
  [PT] w_u=1.1945 w_v=8.7861 gamma=0.793 (tau_u=8.372e-01 tau_v=1.138e-01 |Du|=2.27e+00 |DRu|=2.70e+00)
  [PT] w_u=1.2576 w_v=9.0170 gamma=0.752 (tau_u=7.952e-01 tau_v=1.109e-01 |Du|=1.73e+00 |DRu|=2.33e+00)
  [PT] w_u=1.3698 w_v=9.0268 gamma=0.742 (tau_u=7.300e-01 tau_v=1.108e-01 |Du|=6.91e-01 |DRu|=1.57e+00)
  [PT] w_u=1.3166 w_v=9.2718 gamma=0.762 (tau_u=7.595e-01 tau_v=1.079e-01 |Du|=1.56e+00 |DRu|=1.35e+00)
  [PT] w_u=1.3294 w_v=9.5488 gamma=0.797 (tau_u=7.522e-01 tau_v=1.047e-01 |Du|=2.87e+00 |DRu|=3.09e+00)
  [PT] w_u=1.3766 w_v=9.8260 gamma=0.784 (tau_u=7.264e-01 tau_v=1.018e-01 |Du|=3.00e+00 |DRu|=3.78e+00)
  [PT] w_u=1.4987 w_v=10.1512 gamma=0.819 (tau_u=6.673e-01 tau_v=9.851e-02 |Du|=2.09e+00 |DRu|=5.15e+00)
  [PT] w_u=1.6425 w_v=10.4116 gamma=0.853 (tau_u=6.088e-01 tau_v=9.605e-02 |Du|=2.40e+00 |DRu|=7.68e+00)
  [PT] w_u=1.7793 w_v=10.7106 gamma=0.860 (tau_u=5.620e-01 tau_v=9.337e-02 |Du|=3.70e+00 |DRu|=9.16e+00)
  [PT] w_u=1.8952 w_v=10.9981 gamma=0.827 (tau_u=5.277e-01 tau_v=9.093e-02 |Du|=4.04e+00 |DRu|=7.86e+00)
  [PT] w_u=1.8000 w_v=10.7089 gamma=0.743 (tau_u=5.556e-01 tau_v=9.338e-02 |Du|=3.35e+00 |DRu|=3.22e+00)
  [PT] w_u=1.9397 w_v=10.6771 gamma=0.760 (tau_u=5.156e-01 tau_v=9.366e-02 |Du|=1.52e+00 |DRu|=3.36e+00)
  [PT] w_u=2.0965 w_v=11.0203 gamma=0.844 (tau_u=4.770e-01 tau_v=9.074e-02 |Du|=2.63e+00 |DRu|=6.70e+00)
  [PT] w_u=2.2237 w_v=11.1757 gamma=0.874 (tau_u=4.497e-01 tau_v=8.948e-02 |Du|=4.73e+00 |DRu|=9.78e+00)
  [PT] w_u=2.2331 w_v=11.3911 gamma=0.812 (tau_u=4.478e-01 tau_v=8.779e-02 |Du|=5.02e+00 |DRu|=6.89e+00)
  [PT] w_u=2.2436 w_v=11.6000 gamma=0.891 (tau_u=4.457e-01 tau_v=8.621e-02 |Du|=5.52e+00 |DRu|=7.97e+00)
  [PT] w_u=2.4117 w_v=11.7225 gamma=0.831 (tau_u=4.146e-01 tau_v=8.531e-02 |Du|=3.28e+00 |DRu|=8.14e+00)
  [PT] w_u=2.1366 w_v=11.7389 gamma=0.841 (tau_u=4.680e-01 tau_v=8.519e-02 |Du|=4.61e+00 |DRu|=4.34e+00)
  [PT] w_u=1.8171 w_v=11.3099 gamma=0.830 (tau_u=5.503e-01 tau_v=8.842e-02 |Du|=6.91e+00 |DRu|=5.54e+00)
  [PT] w_u=1.7816 w_v=11.2616 gamma=0.920 (tau_u=5.613e-01 tau_v=8.880e-02 |Du|=8.21e+00 |DRu|=9.69e+00)
[Adam] ep= 1860  total=3.502e-03  PDE=3.172e-03 [colloc=2.311e-03, cfd=8.615e-04] (w=0.726)  IN=1.722e-03 (w=0.359)  TB=1.501e-03 (w=0.348)  WALL=1.704e-17 (w=0.200)  OUT=3.005e-04 (w=0.200)  DATA=8.444e-02 (w=0.000)  DATA_P=0.000e+00 (w=1.000)
  [PT] w_u=1.7547 w_v=11.3132 gamma=0.792 (tau_u=5.699e-01 tau_v=8.839e-02 |Du|=6.23e+00 |DRu|=6.89e+00)
  [PT] w_u=1.9124 w_v=11.2811 gamma=0.928 (tau_u=5.229e-01 tau_v=8.864e-02 |Du|=4.02e+00 |DRu|=1.22e+01)
  [PT] w_u=1.9121 w_v=10.2162 gamma=0.903 (tau_u=5.230e-01 tau_v=9.788e-02 |Du|=4.37e+00 |DRu|=5.74e+00)
  [PT] w_u=2.0329 w_v=10.3095 gamma=0.927 (tau_u=4.919e-01 tau_v=9.700e-02 |Du|=6.80e+00 |DRu|=1.42e+01)
  [PT] w_u=2.1287 w_v=10.2968 gamma=0.952 (tau_u=4.698e-01 tau_v=9.712e-02 |Du|=5.06e+00 |DRu|=9.49e+00)
  [PT] w_u=2.2820 w_v=10.4482 gamma=0.962 (tau_u=4.382e-01 tau_v=9.571e-02 |Du|=4.96e+00 |DRu|=1.24e+01)
  [PT] w_u=2.4732 w_v=10.7423 gamma=0.973 (tau_u=4.043e-01 tau_v=9.309e-02 |Du|=4.37e+00 |DRu|=1.37e+01)
  [PT] w_u=2.6233 w_v=10.4206 gamma=0.947 (tau_u=3.812e-01 tau_v=9.596e-02 |Du|=4.92e+00 |DRu|=1.15e+01)
  [PT] w_u=2.7991 w_v=10.2858 gamma=0.966 (tau_u=3.573e-01 tau_v=9.722e-02 |Du|=5.63e+00 |DRu|=1.47e+01)
  [PT] w_u=2.9752 w_v=9.1179 gamma=0.979 (tau_u=3.361e-01 tau_v=1.097e-01 |Du|=4.46e+00 |DRu|=1.16e+01)
  [PT] w_u=2.9553 w_v=9.1110 gamma=0.938 (tau_u=3.384e-01 tau_v=1.098e-01 |Du|=6.51e+00 |DRu|=1.05e+01)
  [PT] w_u=2.9934 w_v=9.3293 gamma=0.951 (tau_u=3.341e-01 tau_v=1.072e-01 |Du|=7.66e+00 |DRu|=1.38e+01)
  [PT] w_u=2.8815 w_v=7.8650 gamma=0.955 (tau_u=3.470e-01 tau_v=1.271e-01 |Du|=6.65e+00 |DRu|=9.54e+00)
  [PT] w_u=2.8559 w_v=7.6776 gamma=0.962 (tau_u=3.502e-01 tau_v=1.302e-01 |Du|=7.27e+00 |DRu|=1.16e+01)
  [PT] w_u=2.7519 w_v=7.5062 gamma=0.971 (tau_u=3.634e-01 tau_v=1.332e-01 |Du|=6.86e+00 |DRu|=9.74e+00)
  [PT] w_u=2.8751 w_v=7.5607 gamma=0.913 (tau_u=3.478e-01 tau_v=1.323e-01 |Du|=4.78e+00 |DRu|=1.00e+01)
  [PT] w_u=2.9707 w_v=7.6780 gamma=0.938 (tau_u=3.366e-01 tau_v=1.302e-01 |Du|=6.36e+00 |DRu|=1.27e+01)
  [PT] w_u=1.8943 w_v=7.2842 gamma=0.960 (tau_u=5.279e-01 tau_v=1.373e-01 |Du|=9.97e+00 |DRu|=6.51e+00)
  [PT] w_u=1.7102 w_v=7.3590 gamma=0.937 (tau_u=5.847e-01 tau_v=1.359e-01 |Du|=1.37e+01 |DRu|=1.27e+01)
  [PT] w_u=1.2823 w_v=7.2813 gamma=0.937 (tau_u=7.798e-01 tau_v=1.373e-01 |Du|=1.41e+01 |DRu|=8.56e+00)
[Adam] ep= 1880  total=1.798e-02  PDE=1.264e-02 [colloc=6.821e-03, cfd=5.820e-03] (w=1.105)  IN=2.706e-03 (w=0.644)  TB=3.850e-03 (w=0.486)  WALL=5.417e-17 (w=0.200)  OUT=1.678e-03 (w=0.243)  DATA=9.106e-02 (w=0.000)  DATA_P=0.000e+00 (w=1.000)
  [PT] w_u=1.3752 w_v=7.1064 gamma=0.978 (tau_u=7.272e-01 tau_v=1.407e-01 |Du|=8.18e+00 |DRu|=1.61e+01)
  [PT] w_u=1.4292 w_v=7.0942 gamma=0.977 (tau_u=6.997e-01 tau_v=1.410e-01 |Du|=6.37e+00 |DRu|=9.36e+00)
  [PT] w_u=1.5593 w_v=7.5714 gamma=0.990 (tau_u=6.413e-01 tau_v=1.321e-01 |Du|=7.24e+00 |DRu|=2.12e+01)
  [PT] w_u=1.5020 w_v=7.1911 gamma=0.996 (tau_u=6.658e-01 tau_v=1.391e-01 |Du|=8.80e+00 |DRu|=9.32e+00)
  [PT] w_u=1.4823 w_v=7.4272 gamma=0.985 (tau_u=6.746e-01 tau_v=1.346e-01 |Du|=1.07e+01 |DRu|=1.22e+01)
  [PT] w_u=1.5511 w_v=7.8301 gamma=0.989 (tau_u=6.447e-01 tau_v=1.277e-01 |Du|=1.00e+01 |DRu|=1.62e+01)
  [PT] w_u=1.5685 w_v=7.7110 gamma=0.983 (tau_u=6.376e-01 tau_v=1.297e-01 |Du|=6.83e+00 |DRu|=8.95e+00)
  [PT] w_u=1.6864 w_v=7.7442 gamma=0.960 (tau_u=5.930e-01 tau_v=1.291e-01 |Du|=5.44e+00 |DRu|=1.22e+01)
  [PT] w_u=1.8424 w_v=7.6565 gamma=0.958 (tau_u=5.428e-01 tau_v=1.306e-01 |Du|=4.10e+00 |DRu|=1.33e+01)
  [PT] w_u=1.9386 w_v=7.1913 gamma=0.924 (tau_u=5.158e-01 tau_v=1.391e-01 |Du|=4.40e+00 |DRu|=8.08e+00)
  [PT] w_u=2.0935 w_v=7.6773 gamma=0.897 (tau_u=4.777e-01 tau_v=1.303e-01 |Du|=4.66e+00 |DRu|=1.20e+01)
  [PT] w_u=1.9988 w_v=7.2883 gamma=0.964 (tau_u=5.003e-01 tau_v=1.372e-01 |Du|=8.69e+00 |DRu|=1.02e+01)
  [PT] w_u=1.4631 w_v=6.7691 gamma=0.984 (tau_u=6.835e-01 tau_v=1.477e-01 |Du|=1.31e+01 |DRu|=8.52e+00)
  [PT] w_u=1.4981 w_v=7.1195 gamma=0.995 (tau_u=6.675e-01 tau_v=1.405e-01 |Du|=1.30e+01 |DRu|=1.79e+01)
  [PT] w_u=1.5084 w_v=6.5228 gamma=0.999 (tau_u=6.629e-01 tau_v=1.533e-01 |Du|=8.43e+00 |DRu|=1.07e+01)
  [PT] w_u=1.6036 w_v=6.5884 gamma=0.981 (tau_u=6.236e-01 tau_v=1.518e-01 |Du|=5.19e+00 |DRu|=9.90e+00)
  [PT] w_u=1.7539 w_v=7.0455 gamma=0.980 (tau_u=5.701e-01 tau_v=1.419e-01 |Du|=6.44e+00 |DRu|=2.13e+01)
  [PT] w_u=1.6403 w_v=7.1891 gamma=0.992 (tau_u=6.096e-01 tau_v=1.391e-01 |Du|=8.72e+00 |DRu|=8.84e+00)
  [PT] w_u=1.5396 w_v=7.3684 gamma=0.978 (tau_u=6.495e-01 tau_v=1.357e-01 |Du|=9.98e+00 |DRu|=9.83e+00)
  [PT] w_u=1.6157 w_v=7.6327 gamma=0.972 (tau_u=6.189e-01 tau_v=1.310e-01 |Du|=8.60e+00 |DRu|=1.45e+01)
[Adam] ep= 1900  total=3.884e-02  PDE=1.709e-02 [colloc=1.349e-02, cfd=3.604e-03] (w=1.526)  IN=9.212e-03 (w=0.797)  TB=8.458e-03 (w=0.628)  WALL=1.636e-16 (w=0.200)  OUT=2.526e-04 (w=0.365)  DATA=8.422e-02 (w=0.000)  DATA_P=0.000e+00 (w=1.000)
  [PT] w_u=1.6356 w_v=7.3691 gamma=0.965 (tau_u=6.114e-01 tau_v=1.357e-01 |Du|=6.16e+00 |DRu|=8.21e+00)
  [PT] w_u=1.7116 w_v=7.0994 gamma=0.955 (tau_u=5.843e-01 tau_v=1.409e-01 |Du|=5.26e+00 |DRu|=8.82e+00)
  [PT] w_u=1.8243 w_v=7.1409 gamma=0.956 (tau_u=5.482e-01 tau_v=1.400e-01 |Du|=4.52e+00 |DRu|=9.35e+00)
  [PT] w_u=1.9794 w_v=7.5216 gamma=0.983 (tau_u=5.052e-01 tau_v=1.330e-01 |Du|=4.26e+00 |DRu|=1.23e+01)
  [PT] w_u=2.1089 w_v=8.0462 gamma=0.993 (tau_u=4.742e-01 tau_v=1.243e-01 |Du|=3.09e+00 |DRu|=6.96e+00)
  [PT] w_u=2.2096 w_v=8.2877 gamma=0.983 (tau_u=4.526e-01 tau_v=1.207e-01 |Du|=2.68e+00 |DRu|=5.24e+00)
  [PT] w_u=2.3384 w_v=8.5349 gamma=0.937 (tau_u=4.276e-01 tau_v=1.172e-01 |Du|=3.53e+00 |DRu|=7.59e+00)
  [PT] w_u=2.2943 w_v=8.5247 gamma=0.923 (tau_u=4.359e-01 tau_v=1.173e-01 |Du|=7.61e+00 |DRu|=1.02e+01)
  [PT] w_u=1.4454 w_v=8.0312 gamma=0.968 (tau_u=6.918e-01 tau_v=1.245e-01 |Du|=1.37e+01 |DRu|=7.77e+00)
  [PT] w_u=1.0019 w_v=6.1202 gamma=0.983 (tau_u=9.981e-01 tau_v=1.634e-01 |Du|=1.13e+01 |DRu|=5.78e+00)
  [PT] w_u=0.9376 w_v=4.0323 gamma=0.968 (tau_u=1.067e+00 tau_v=2.480e-01 |Du|=8.92e+00 |DRu|=6.76e+00)
  [PT] w_u=0.9683 w_v=3.8058 gamma=0.938 (tau_u=1.033e+00 tau_v=2.628e-01 |Du|=1.08e+01 |DRu|=1.22e+01)
  [PT] w_u=0.9310 w_v=4.0001 gamma=0.967 (tau_u=1.074e+00 tau_v=2.500e-01 |Du|=1.21e+01 |DRu|=9.91e+00)
  [PT] w_u=0.7647 w_v=3.1698 gamma=0.965 (tau_u=1.308e+00 tau_v=3.155e-01 |Du|=8.07e+00 |DRu|=4.29e+00)
  [PT] w_u=0.8238 w_v=2.9118 gamma=0.906 (tau_u=1.214e+00 tau_v=3.434e-01 |Du|=5.29e+00 |DRu|=8.27e+00)
  [PT] w_u=0.8654 w_v=2.8294 gamma=0.884 (tau_u=1.155e+00 tau_v=3.534e-01 |Du|=8.56e+00 |DRu|=1.01e+01)
  [PT] w_u=0.9366 w_v=3.1109 gamma=0.955 (tau_u=1.068e+00 tau_v=3.215e-01 |Du|=6.03e+00 |DRu|=1.12e+01)
  [PT] w_u=0.9748 w_v=3.1491 gamma=0.958 (tau_u=1.026e+00 tau_v=3.176e-01 |Du|=4.08e+00 |DRu|=4.96e+00)
  [PT] w_u=1.0698 w_v=3.3784 gamma=0.941 (tau_u=9.347e-01 tau_v=2.960e-01 |Du|=3.89e+00 |DRu|=1.11e+01)
  [PT] w_u=1.1598 w_v=3.6279 gamma=0.925 (tau_u=8.622e-01 tau_v=2.756e-01 |Du|=4.11e+00 |DRu|=8.63e+00)
[Adam] ep= 1920  total=2.848e-02  PDE=1.349e-02 [colloc=7.396e-03, cfd=6.095e-03] (w=1.265)  IN=6.872e-03 (w=0.678)  TB=9.110e-03 (w=0.656)  WALL=1.577e-16 (w=0.200)  OUT=2.203e-03 (w=0.355)  DATA=9.687e-02 (w=0.000)  DATA_P=0.000e+00 (w=1.000)
  [PT] w_u=1.2459 w_v=3.6567 gamma=0.930 (tau_u=8.027e-01 tau_v=2.735e-01 |Du|=5.39e+00 |DRu|=1.01e+01)
  [PT] w_u=1.2851 w_v=3.3290 gamma=0.870 (tau_u=7.781e-01 tau_v=3.004e-01 |Du|=5.84e+00 |DRu|=7.29e+00)
  [PT] w_u=1.4027 w_v=3.4981 gamma=0.940 (tau_u=7.129e-01 tau_v=2.859e-01 |Du|=5.58e+00 |DRu|=1.53e+01)
  [PT] w_u=1.3784 w_v=3.4297 gamma=0.962 (tau_u=7.255e-01 tau_v=2.916e-01 |Du|=3.91e+00 |DRu|=4.18e+00)
  [PT] w_u=1.5110 w_v=3.7588 gamma=0.927 (tau_u=6.618e-01 tau_v=2.660e-01 |Du|=2.94e+00 |DRu|=9.50e+00)
  [PT] w_u=1.6242 w_v=3.7891 gamma=0.934 (tau_u=6.157e-01 tau_v=2.639e-01 |Du|=4.68e+00 |DRu|=1.01e+01)
  [PT] w_u=1.6513 w_v=3.7322 gamma=0.909 (tau_u=6.056e-01 tau_v=2.679e-01 |Du|=3.55e+00 |DRu|=4.72e+00)
  [PT] w_u=1.8148 w_v=4.0479 gamma=0.860 (tau_u=5.510e-01 tau_v=2.470e-01 |Du|=2.43e+00 |DRu|=9.19e+00)
  [PT] w_u=1.9767 w_v=4.3325 gamma=0.876 (tau_u=5.059e-01 tau_v=2.308e-01 |Du|=2.22e+00 |DRu|=6.57e+00)
  [PT] w_u=1.8933 w_v=4.6201 gamma=0.901 (tau_u=5.282e-01 tau_v=2.164e-01 |Du|=5.37e+00 |DRu|=5.97e+00)
  [PT] w_u=1.5713 w_v=4.5681 gamma=0.907 (tau_u=6.364e-01 tau_v=2.189e-01 |Du|=7.38e+00 |DRu|=5.54e+00)
  [PT] w_u=1.6898 w_v=4.8653 gamma=0.953 (tau_u=5.918e-01 tau_v=2.055e-01 |Du|=4.26e+00 |DRu|=9.54e+00)
  [PT] w_u=1.7967 w_v=5.2293 gamma=0.955 (tau_u=5.566e-01 tau_v=1.912e-01 |Du|=1.71e+00 |DRu|=3.42e+00)
  [PT] w_u=1.9425 w_v=5.2986 gamma=0.891 (tau_u=5.148e-01 tau_v=1.887e-01 |Du|=3.28e+00 |DRu|=8.31e+00)
  [PT] w_u=2.0581 w_v=5.2951 gamma=0.880 (tau_u=4.859e-01 tau_v=1.889e-01 |Du|=4.31e+00 |DRu|=8.52e+00)
  [PT] w_u=2.2513 w_v=5.5734 gamma=0.922 (tau_u=4.442e-01 tau_v=1.794e-01 |Du|=1.62e+00 |DRu|=5.94e+00)
  [PT] w_u=1.8566 w_v=4.8721 gamma=0.883 (tau_u=5.386e-01 tau_v=2.053e-01 |Du|=3.70e+00 |DRu|=2.95e+00)
  [PT] w_u=1.9318 w_v=4.5029 gamma=0.859 (tau_u=5.176e-01 tau_v=2.221e-01 |Du|=5.84e+00 |DRu|=9.43e+00)
  [PT] w_u=1.8880 w_v=4.3758 gamma=0.863 (tau_u=5.297e-01 tau_v=2.285e-01 |Du|=3.42e+00 |DRu|=3.98e+00)
  [PT] w_u=2.0118 w_v=4.5868 gamma=0.861 (tau_u=4.971e-01 tau_v=2.180e-01 |Du|=2.83e+00 |DRu|=5.82e+00)
[Adam] ep= 1940  total=1.141e-02  PDE=4.389e-03 [colloc=3.122e-03, cfd=1.267e-03] (w=1.011)  IN=4.391e-03 (w=0.525)  TB=5.734e-03 (w=0.578)  WALL=2.629e-17 (w=0.200)  OUT=3.016e-03 (w=0.447)  DATA=9.607e-02 (w=0.000)  DATA_P=0.000e+00 (w=1.000)
  [PT] w_u=2.0590 w_v=4.6294 gamma=0.837 (tau_u=4.857e-01 tau_v=2.160e-01 |Du|=3.07e+00 |DRu|=4.54e+00)
  [PT] w_u=2.1162 w_v=4.8261 gamma=0.879 (tau_u=4.726e-01 tau_v=2.072e-01 |Du|=3.11e+00 |DRu|=4.89e+00)
  [PT] w_u=1.6767 w_v=4.8447 gamma=0.870 (tau_u=5.964e-01 tau_v=2.064e-01 |Du|=3.90e+00 |DRu|=2.78e+00)
  [PT] w_u=1.7152 w_v=4.6930 gamma=0.904 (tau_u=5.830e-01 tau_v=2.131e-01 |Du|=5.24e+00 |DRu|=7.33e+00)
  [PT] w_u=1.3344 w_v=3.9276 gamma=0.915 (tau_u=7.494e-01 tau_v=2.546e-01 |Du|=4.38e+00 |DRu|=2.79e+00)
  [PT] w_u=1.4511 w_v=4.1939 gamma=0.898 (tau_u=6.891e-01 tau_v=2.384e-01 |Du|=2.93e+00 |DRu|=7.24e+00)
  [PT] w_u=1.4842 w_v=3.7383 gamma=0.911 (tau_u=6.738e-01 tau_v=2.675e-01 |Du|=4.51e+00 |DRu|=5.88e+00)
  [PT] w_u=1.5530 w_v=3.7970 gamma=0.902 (tau_u=6.439e-01 tau_v=2.634e-01 |Du|=4.27e+00 |DRu|=6.62e+00)
  [PT] w_u=1.6002 w_v=4.0061 gamma=0.892 (tau_u=6.249e-01 tau_v=2.496e-01 |Du|=4.82e+00 |DRu|=6.76e+00)
  [PT] w_u=1.4874 w_v=3.6540 gamma=0.879 (tau_u=6.723e-01 tau_v=2.737e-01 |Du|=6.10e+00 |DRu|=5.46e+00)
  [PT] w_u=1.4757 w_v=3.7620 gamma=0.851 (tau_u=6.776e-01 tau_v=2.658e-01 |Du|=5.62e+00 |DRu|=6.09e+00)
  [PT] w_u=1.6020 w_v=4.0411 gamma=0.905 (tau_u=6.242e-01 tau_v=2.475e-01 |Du|=2.35e+00 |DRu|=5.90e+00)
  [PT] w_u=1.1518 w_v=3.5839 gamma=0.909 (tau_u=8.682e-01 tau_v=2.790e-01 |Du|=4.85e+00 |DRu|=2.64e+00)
  [PT] w_u=0.8917 w_v=3.6032 gamma=0.855 (tau_u=1.121e+00 tau_v=2.775e-01 |Du|=8.63e+00 |DRu|=4.33e+00)
  [PT] w_u=0.8614 w_v=3.7406 gamma=0.869 (tau_u=1.161e+00 tau_v=2.673e-01 |Du|=8.89e+00 |DRu|=6.73e+00)
  [PT] w_u=0.8728 w_v=3.7880 gamma=0.913 (tau_u=1.146e+00 tau_v=2.640e-01 |Du|=4.89e+00 |DRu|=4.65e+00)
  [PT] w_u=0.9291 w_v=3.9942 gamma=0.901 (tau_u=1.076e+00 tau_v=2.504e-01 |Du|=2.38e+00 |DRu|=3.36e+00)
  [PT] w_u=0.8993 w_v=4.1128 gamma=0.876 (tau_u=1.112e+00 tau_v=2.431e-01 |Du|=5.86e+00 |DRu|=4.58e+00)
  [PT] w_u=0.8641 w_v=4.2053 gamma=0.859 (tau_u=1.157e+00 tau_v=2.378e-01 |Du|=5.63e+00 |DRu|=4.17e+00)
  [PT] w_u=0.8688 w_v=4.2237 gamma=0.833 (tau_u=1.151e+00 tau_v=2.368e-01 |Du|=4.01e+00 |DRu|=3.50e+00)
[Adam] ep= 1960  total=5.949e-03  PDE=3.830e-03 [colloc=2.966e-03, cfd=8.640e-04] (w=0.900)  IN=1.901e-03 (w=0.482)  TB=2.633e-03 (w=0.522)  WALL=2.209e-17 (w=0.200)  OUT=7.489e-04 (w=0.282)  DATA=8.585e-02 (w=0.000)  DATA_P=0.000e+00 (w=1.000)
  [PT] w_u=0.9297 w_v=4.2675 gamma=0.824 (tau_u=1.076e+00 tau_v=2.343e-01 |Du|=2.30e+00 |DRu|=3.32e+00)
  [PT] w_u=0.9854 w_v=4.1254 gamma=0.810 (tau_u=1.015e+00 tau_v=2.424e-01 |Du|=1.85e+00 |DRu|=2.44e+00)
  [PT] w_u=0.9882 w_v=4.1085 gamma=0.791 (tau_u=1.012e+00 tau_v=2.434e-01 |Du|=2.71e+00 |DRu|=2.43e+00)
  [PT] w_u=0.9685 w_v=4.1680 gamma=0.810 (tau_u=1.033e+00 tau_v=2.399e-01 |Du|=3.97e+00 |DRu|=3.24e+00)
  [PT] w_u=0.7866 w_v=3.9192 gamma=0.837 (tau_u=1.271e+00 tau_v=2.552e-01 |Du|=4.66e+00 |DRu|=2.30e+00)
  [PT] w_u=0.7413 w_v=3.9664 gamma=0.852 (tau_u=1.349e+00 tau_v=2.521e-01 |Du|=3.92e+00 |DRu|=2.53e+00)
  [PT] w_u=0.7874 w_v=4.2117 gamma=0.851 (tau_u=1.270e+00 tau_v=2.374e-01 |Du|=2.37e+00 |DRu|=2.93e+00)
  [PT] w_u=0.8423 w_v=4.3963 gamma=0.825 (tau_u=1.187e+00 tau_v=2.275e-01 |Du|=2.79e+00 |DRu|=3.81e+00)
  [PT] w_u=0.8456 w_v=4.2677 gamma=0.846 (tau_u=1.183e+00 tau_v=2.343e-01 |Du|=4.17e+00 |DRu|=3.59e+00)
  [PT] w_u=0.7662 w_v=3.7750 gamma=0.865 (tau_u=1.305e+00 tau_v=2.649e-01 |Du|=3.60e+00 |DRu|=2.16e+00)
  [PT] w_u=0.7898 w_v=3.5695 gamma=0.846 (tau_u=1.266e+00 tau_v=2.801e-01 |Du|=2.16e+00 |DRu|=2.07e+00)
  [PT] w_u=0.8530 w_v=3.7784 gamma=0.813 (tau_u=1.172e+00 tau_v=2.647e-01 |Du|=1.74e+00 |DRu|=2.74e+00)
  [PT] w_u=0.9102 w_v=3.9752 gamma=0.801 (tau_u=1.099e+00 tau_v=2.516e-01 |Du|=2.18e+00 |DRu|=2.96e+00)
  [PT] w_u=0.9360 w_v=4.1075 gamma=0.819 (tau_u=1.068e+00 tau_v=2.435e-01 |Du|=2.30e+00 |DRu|=2.33e+00)
  [PT] w_u=0.9607 w_v=4.2424 gamma=0.834 (tau_u=1.041e+00 tau_v=2.357e-01 |Du|=1.83e+00 |DRu|=1.88e+00)
  [PT] w_u=0.9861 w_v=3.8524 gamma=0.849 (tau_u=1.014e+00 tau_v=2.596e-01 |Du|=1.58e+00 |DRu|=1.65e+00)
  [PT] w_u=1.0281 w_v=3.6064 gamma=0.835 (tau_u=9.727e-01 tau_v=2.773e-01 |Du|=1.75e+00 |DRu|=2.06e+00)
  [PT] w_u=1.0548 w_v=3.6031 gamma=0.816 (tau_u=9.481e-01 tau_v=2.775e-01 |Du|=2.08e+00 |DRu|=2.21e+00)
  [PT] w_u=1.0899 w_v=3.6716 gamma=0.808 (tau_u=9.175e-01 tau_v=2.724e-01 |Du|=2.18e+00 |DRu|=2.45e+00)
  [PT] w_u=1.1065 w_v=3.8542 gamma=0.816 (tau_u=9.038e-01 tau_v=2.595e-01 |Du|=2.03e+00 |DRu|=2.08e+00)
[Adam] ep= 1980  total=3.608e-03  PDE=2.690e-03 [colloc=1.962e-03, cfd=7.287e-04] (w=0.757)  IN=9.768e-04 (w=0.395)  TB=2.568e-03 (w=0.447)  WALL=1.348e-17 (w=0.200)  OUT=1.978e-04 (w=0.200)  DATA=8.273e-02 (w=0.000)  DATA_P=0.000e+00 (w=1.000)
  [PT] w_u=1.0938 w_v=4.0782 gamma=0.827 (tau_u=9.142e-01 tau_v=2.452e-01 |Du|=1.79e+00 |DRu|=1.62e+00)
  [PT] w_u=1.0896 w_v=3.9614 gamma=0.823 (tau_u=9.178e-01 tau_v=2.524e-01 |Du|=1.77e+00 |DRu|=1.65e+00)
  [PT] w_u=1.0438 w_v=3.0012 gamma=0.808 (tau_u=9.580e-01 tau_v=3.332e-01 |Du|=2.12e+00 |DRu|=1.65e+00)
  [PT] w_u=0.9855 w_v=2.8384 gamma=0.787 (tau_u=1.015e+00 tau_v=3.523e-01 |Du|=3.00e+00 |DRu|=2.16e+00)
  [PT] w_u=0.9297 w_v=2.9219 gamma=0.796 (tau_u=1.076e+00 tau_v=3.422e-01 |Du|=3.23e+00 |DRu|=2.26e+00)
  [PT] w_u=0.9181 w_v=3.1011 gamma=0.817 (tau_u=1.089e+00 tau_v=3.225e-01 |Du|=2.08e+00 |DRu|=1.71e+00)
  [PT] w_u=1.0052 w_v=3.1813 gamma=0.811 (tau_u=9.948e-01 tau_v=3.143e-01 |Du|=5.95e-01 |DRu|=1.40e+00)
  [PT] w_u=1.0071 w_v=3.1171 gamma=0.799 (tau_u=9.929e-01 tau_v=3.208e-01 |Du|=2.02e+00 |DRu|=1.83e+00)
  [PT] w_u=0.9422 w_v=2.9303 gamma=0.792 (tau_u=1.061e+00 tau_v=3.413e-01 |Du|=2.39e+00 |DRu|=1.65e+00)
  [PT] w_u=0.9492 w_v=3.0523 gamma=0.780 (tau_u=1.054e+00 tau_v=3.276e-01 |Du|=1.77e+00 |DRu|=1.57e+00)
  [PT] w_u=1.0064 w_v=3.2373 gamma=0.776 (tau_u=9.937e-01 tau_v=3.089e-01 |Du|=1.11e+00 |DRu|=1.46e+00)
  [PT] w_u=1.0805 w_v=3.3812 gamma=0.777 (tau_u=9.255e-01 tau_v=2.957e-01 |Du|=9.85e-01 |DRu|=1.55e+00)
  [PT] w_u=1.1190 w_v=3.5148 gamma=0.785 (tau_u=8.936e-01 tau_v=2.845e-01 |Du|=1.18e+00 |DRu|=1.34e+00)
  [PT] w_u=1.1087 w_v=3.6378 gamma=0.787 (tau_u=9.019e-01 tau_v=2.749e-01 |Du|=1.67e+00 |DRu|=1.50e+00)
  [PT] w_u=0.9773 w_v=3.7322 gamma=0.792 (tau_u=1.023e+00 tau_v=2.679e-01 |Du|=2.31e+00 |DRu|=1.42e+00)
  [PT] w_u=0.7831 w_v=3.7345 gamma=0.799 (tau_u=1.277e+00 tau_v=2.678e-01 |Du|=2.72e+00 |DRu|=1.29e+00)
  [PT] w_u=0.7241 w_v=3.7960 gamma=0.798 (tau_u=1.381e+00 tau_v=2.634e-01 |Du|=2.32e+00 |DRu|=1.36e+00)
  [PT] w_u=0.7765 w_v=3.9711 gamma=0.792 (tau_u=1.288e+00 tau_v=2.518e-01 |Du|=1.13e+00 |DRu|=1.50e+00)
  [PT] w_u=0.8194 w_v=4.1235 gamma=0.799 (tau_u=1.220e+00 tau_v=2.425e-01 |Du|=1.30e+00 |DRu|=1.49e+00)
  [PT] w_u=0.6967 w_v=3.9576 gamma=0.796 (tau_u=1.435e+00 tau_v=2.527e-01 |Du|=2.46e+00 |DRu|=1.20e+00)
[Adam] ep= 2000  total=2.430e-03  PDE=2.219e-03 [colloc=1.800e-03, cfd=4.187e-04] (w=0.665)  IN=8.637e-04 (w=0.346)  TB=1.517e-03 (w=0.395)  WALL=7.955e-18 (w=0.200)  OUT=2.774e-04 (w=0.200)  DATA=7.417e-02 (w=0.000)  DATA_P=0.000e+00 (w=1.000)
============================================================
Phase 2 — BFGS (6000 total calls, 150 iters/batch)
Adaptive weights are frozen for BFGS stability | method=SSBroyden1
============================================================
[BFGS] full data fitting: 4869 CFD points pinned per call
[BFGS] using CUSTOM _optimize._minimize_bfgs (method_bfgs='SSBroyden1')
/oscar/home/jchen790/cylinder flow lab/src/cfp40.py:1430: OptimizeWarning: Unknown solver options: hess, hessp, bounds, constraints, tol
  result = minimize(
Invoked: SSBroyden1 approach!
[BFGS] batch=   1  call=     3  total=2.331e-03  PDE=2.182e-03 [colloc=1.734e-03, cfd=4.474e-04]  WALL=1.152e-17  DATA=8.874e-02
Invoked: SSBroyden1 approach!
[BFGS] batch=   1  call=     4  total=2.209e-03  PDE=2.025e-03 [colloc=1.607e-03, cfd=4.185e-04]  WALL=1.004e-17  DATA=8.895e-02
Invoked: SSBroyden1 approach!
[BFGS] batch=   1  call=     6  total=2.178e-03  PDE=1.934e-03 [colloc=1.539e-03, cfd=3.957e-04]  WALL=9.130e-18  DATA=8.903e-02
Invoked: SSBroyden1 approach!
[BFGS] batch=   1  call=     7  total=2.137e-03  PDE=1.941e-03 [colloc=1.556e-03, cfd=3.854e-04]  WALL=1.055e-17  DATA=8.821e-02
Invoked: SSBroyden1 approach!
[BFGS] batch=   1  call=     9  total=2.134e-03  PDE=1.948e-03 [colloc=1.569e-03, cfd=3.798e-04]  WALL=1.086e-17  DATA=8.783e-02
Invoked: SSBroyden1 approach!
[BFGS] batch=   1  call=    11  total=2.079e-03  PDE=1.920e-03 [colloc=1.548e-03, cfd=3.721e-04]  WALL=9.988e-18  DATA=8.801e-02
Invoked: SSBroyden1 approach!
[BFGS] batch=   1  call=    12  total=2.052e-03  PDE=1.883e-03 [colloc=1.520e-03, cfd=3.624e-04]  WALL=6.893e-18  DATA=8.830e-02
Invoked: SSBroyden1 approach!
[BFGS] batch=   1  call=    13  total=2.009e-03  PDE=1.810e-03 [colloc=1.449e-03, cfd=3.608e-04]  WALL=7.184e-18  DATA=8.882e-02
Invoked: SSBroyden1 approach!
[BFGS] batch=   1  call=    14  total=1.989e-03  PDE=1.749e-03 [colloc=1.389e-03, cfd=3.592e-04]  WALL=5.616e-18  DATA=8.955e-02
Invoked: SSBroyden1 approach!
[BFGS] batch=   1  call=    15  total=1.970e-03  PDE=1.720e-03 [colloc=1.366e-03, cfd=3.543e-04]  WALL=6.024e-18  DATA=8.974e-02
Invoked: SSBroyden1 approach!
[BFGS] batch=   1  call=    16  total=1.932e-03  PDE=1.712e-03 [colloc=1.353e-03, cfd=3.586e-04]  WALL=5.701e-18  DATA=9.005e-02
Invoked: SSBroyden1 approach!
[BFGS] batch=   1  call=    18  total=1.923e-03  PDE=1.695e-03 [colloc=1.334e-03, cfd=3.605e-04]  WALL=5.596e-18  DATA=9.040e-02
Invoked: SSBroyden1 approach!
[BFGS] batch=   1  call=    19  total=1.910e-03  PDE=1.689e-03 [colloc=1.330e-03, cfd=3.587e-04]  WALL=5.850e-18  DATA=9.053e-02
Invoked: SSBroyden1 approach!
[BFGS] batch=   1  call=    20  total=1.892e-03  PDE=1.690e-03 [colloc=1.326e-03, cfd=3.640e-04]  WALL=6.274e-18  DATA=9.080e-02
Invoked: SSBroyden1 approach!
[BFGS] batch=   1  call=    21  total=1.869e-03  PDE=1.695e-03 [colloc=1.322e-03, cfd=3.732e-04]  WALL=6.369e-18  DATA=9.125e-02
Invoked: SSBroyden1 approach!
[BFGS] batch=   1  call=    23  total=1.852e-03  PDE=1.694e-03 [colloc=1.318e-03, cfd=3.756e-04]  WALL=6.156e-18  DATA=9.157e-02
Invoked: SSBroyden1 approach!
[BFGS] batch=   1  call=    24  total=1.827e-03  PDE=1.703e-03 [colloc=1.318e-03, cfd=3.843e-04]  WALL=6.895e-18  DATA=9.190e-02
Invoked: SSBroyden1 approach!
[BFGS] batch=   1  call=    25  total=1.809e-03  PDE=1.730e-03 [colloc=1.315e-03, cfd=4.148e-04]  WALL=7.262e-18  DATA=9.264e-02
Invoked: SSBroyden1 approach!
[BFGS] batch=   1  call=    26  total=1.798e-03  PDE=1.734e-03 [colloc=1.313e-03, cfd=4.205e-04]  WALL=7.001e-18  DATA=9.291e-02
Invoked: SSBroyden1 approach!
[BFGS] batch=   1  call=    27  total=1.783e-03  PDE=1.713e-03 [colloc=1.292e-03, cfd=4.215e-04]  WALL=6.377e-18  DATA=9.302e-02
Invoked: SSBroyden1 approach!
[BFGS] batch=   1  call=    28  total=1.758e-03  PDE=1.706e-03 [colloc=1.289e-03, cfd=4.166e-04]  WALL=5.879e-18  DATA=9.321e-02
Invoked: SSBroyden1 approach!
[BFGS] batch=   1  call=    29  total=1.743e-03  PDE=1.713e-03 [colloc=1.302e-03, cfd=4.109e-04]  WALL=5.454e-18  DATA=9.354e-02
Invoked: SSBroyden1 approach!
[BFGS] batch=   1  call=    31  total=1.733e-03  PDE=1.703e-03 [colloc=1.293e-03, cfd=4.097e-04]  WALL=5.402e-18  DATA=9.346e-02
Invoked: SSBroyden1 approach!
[BFGS] batch=   1  call=    32  total=1.718e-03  PDE=1.681e-03 [colloc=1.271e-03, cfd=4.097e-04]  WALL=4.953e-18  DATA=9.363e-02
Invoked: SSBroyden1 approach!
[BFGS] batch=   1  call=    33  total=1.697e-03  PDE=1.648e-03 [colloc=1.244e-03, cfd=4.040e-04]  WALL=4.839e-18  DATA=9.359e-02
Invoked: SSBroyden1 approach!
[BFGS] batch=   1  call=    35  total=1.676e-03  PDE=1.636e-03 [colloc=1.233e-03, cfd=4.027e-04]  WALL=4.865e-18  DATA=9.350e-02
Invoked: SSBroyden1 approach!
[BFGS] batch=   1  call=    43  total=1.672e-03  PDE=1.604e-03 [colloc=1.218e-03, cfd=3.861e-04]  WALL=4.225e-18  DATA=9.378e-02
Invoked: SSBroyden1 approach!
[BFGS] batch=   1  call=    44  total=1.660e-03  PDE=1.596e-03 [colloc=1.210e-03, cfd=3.860e-04]  WALL=4.121e-18  DATA=9.372e-02
Invoked: SSBroyden1 approach!
[BFGS] batch=   1  call=    45  total=1.650e-03  PDE=1.572e-03 [colloc=1.187e-03, cfd=3.850e-04]  WALL=3.884e-18  DATA=9.363e-02
Invoked: SSBroyden1 approach!
[BFGS] batch=   1  call=    46  total=1.617e-03  PDE=1.566e-03 [colloc=1.180e-03, cfd=3.857e-04]  WALL=4.251e-18  DATA=9.346e-02
Invoked: SSBroyden1 approach!
[BFGS] batch=   1  call=    47  total=1.598e-03  PDE=1.548e-03 [colloc=1.147e-03, cfd=4.001e-04]  WALL=3.377e-18  DATA=9.367e-02
Invoked: SSBroyden1 approach!
[BFGS] batch=   1  call=    48  total=1.598e-03  PDE=1.535e-03 [colloc=1.135e-03, cfd=3.994e-04]  WALL=3.354e-18  DATA=9.358e-02
  [PT] w_u=0.7499 w_v=4.2245 gamma=0.750 (tau_u=1.334e+00 tau_v=2.367e-01 |Du|=2.59e+00 |DRu|=3.47e+00)
[BFGS-END] batch=   1  last_total=1.590e-03  last_PDE=1.535e-03 [colloc=1.135e-03, cfd=3.993e-04]  last_WALL=3.359e-18  last_DATA=9.358e-02
/oscar/home/jchen790/cylinder flow lab/src/cfp40.py:1430: OptimizeWarning: Unknown solver options: hess, hessp, bounds, constraints, tol
  result = minimize(
Invoked: SSBroyden1 approach!
[BFGS] batch=   2  call=    70  total=1.566e-03  PDE=1.488e-03 [colloc=1.103e-03, cfd=3.850e-04]  WALL=2.197e-18  DATA=9.563e-02
Invoked: SSBroyden1 approach!
[BFGS] batch=   2  call=    72  total=1.486e-03  PDE=1.421e-03 [colloc=1.043e-03, cfd=3.779e-04]  WALL=2.442e-18  DATA=9.667e-02
Invoked: SSBroyden1 approach!
[BFGS] batch=   2  call=    74  total=1.441e-03  PDE=1.392e-03 [colloc=1.018e-03, cfd=3.745e-04]  WALL=2.724e-18  DATA=9.698e-02
Invoked: SSBroyden1 approach!
[BFGS] batch=   2  call=    75  total=1.420e-03  PDE=1.391e-03 [colloc=1.005e-03, cfd=3.861e-04]  WALL=2.005e-18  DATA=9.771e-02
Invoked: SSBroyden1 approach!
[BFGS] batch=   2  call=    76  total=1.405e-03  PDE=1.380e-03 [colloc=1.010e-03, cfd=3.703e-04]  WALL=2.597e-18  DATA=9.772e-02
Invoked: SSBroyden1 approach!
[BFGS] batch=   2  call=    77  total=1.385e-03  PDE=1.369e-03 [colloc=1.009e-03, cfd=3.600e-04]  WALL=2.119e-18  DATA=9.758e-02
Invoked: SSBroyden1 approach!
[BFGS] batch=   2  call=    78  total=1.344e-03  PDE=1.347e-03 [colloc=9.948e-04, cfd=3.521e-04]  WALL=2.161e-18  DATA=9.768e-02
Invoked: SSBroyden1 approach!
[BFGS] batch=   2  call=    80  total=1.338e-03  PDE=1.326e-03 [colloc=9.834e-04, cfd=3.428e-04]  WALL=1.958e-18  DATA=9.776e-02
Invoked: SSBroyden1 approach!
[BFGS] batch=   2  call=    81  total=1.327e-03  PDE=1.320e-03 [colloc=9.815e-04, cfd=3.381e-04]  WALL=1.915e-18  DATA=9.776e-02
Invoked: SSBroyden1 approach!
[BFGS] batch=   2  call=    82  total=1.307e-03  PDE=1.302e-03 [colloc=9.770e-04, cfd=3.254e-04]  WALL=2.008e-18  DATA=9.748e-02
Invoked: SSBroyden1 approach!
[BFGS] batch=   2  call=    83  total=1.272e-03  PDE=1.282e-03 [colloc=9.702e-04, cfd=3.116e-04]  WALL=2.118e-18  DATA=9.767e-02
Invoked: SSBroyden1 approach!
[BFGS] batch=   2  call=    84  total=1.249e-03  PDE=1.273e-03 [colloc=9.699e-04, cfd=3.035e-04]  WALL=2.061e-18  DATA=9.790e-02
Invoked: SSBroyden1 approach!
[BFGS] batch=   2  call=    85  total=1.231e-03  PDE=1.263e-03 [colloc=9.668e-04, cfd=2.957e-04]  WALL=2.324e-18  DATA=9.788e-02
Invoked: SSBroyden1 approach!
[BFGS] batch=   2  call=    87  total=1.222e-03  PDE=1.258e-03 [colloc=9.619e-04, cfd=2.963e-04]  WALL=2.435e-18  DATA=9.792e-02
Invoked: SSBroyden1 approach!
[BFGS] batch=   2  call=    88  total=1.212e-03  PDE=1.247e-03 [colloc=9.542e-04, cfd=2.926e-04]  WALL=2.352e-18  DATA=9.799e-02
Invoked: SSBroyden1 approach!
[BFGS] batch=   2  call=    89  total=1.187e-03  PDE=1.229e-03 [colloc=9.461e-04, cfd=2.828e-04]  WALL=2.486e-18  DATA=9.798e-02
Invoked: SSBroyden1 approach!
[BFGS] batch=   2  call=    90  total=1.158e-03  PDE=1.191e-03 [colloc=9.191e-04, cfd=2.718e-04]  WALL=2.378e-18  DATA=9.843e-02
Invoked: SSBroyden1 approach!
[BFGS] batch=   2  call=    91  total=1.126e-03  PDE=1.161e-03 [colloc=9.039e-04, cfd=2.567e-04]  WALL=2.351e-18  DATA=9.826e-02
Invoked: SSBroyden1 approach!
[BFGS] batch=   2  call=    92  total=1.108e-03  PDE=1.137e-03 [colloc=8.967e-04, cfd=2.402e-04]  WALL=2.690e-18  DATA=9.850e-02
Invoked: SSBroyden1 approach!
[BFGS] batch=   2  call=    93  total=1.087e-03  PDE=1.113e-03 [colloc=8.777e-04, cfd=2.353e-04]  WALL=2.431e-18  DATA=9.878e-02
Invoked: SSBroyden1 approach!
[BFGS] batch=   2  call=    94  total=1.064e-03  PDE=1.092e-03 [colloc=8.591e-04, cfd=2.330e-04]  WALL=2.637e-18  DATA=9.907e-02
Invoked: SSBroyden1 approach!
[BFGS] batch=   2  call=    95  total=1.032e-03  PDE=1.077e-03 [colloc=8.406e-04, cfd=2.367e-04]  WALL=2.167e-18  DATA=9.952e-02
Invoked: SSBroyden1 approach!
[BFGS] batch=   2  call=    96  total=1.014e-03  PDE=1.079e-03 [colloc=8.310e-04, cfd=2.477e-04]  WALL=2.580e-18  DATA=9.909e-02
Invoked: SSBroyden1 approach!
[BFGS] batch=   2  call=    97  total=1.004e-03  PDE=1.066e-03 [colloc=8.193e-04, cfd=2.467e-04]  WALL=3.113e-18  DATA=9.902e-02
Invoked: SSBroyden1 approach!
[BFGS] batch=   2  call=    98  total=9.887e-04  PDE=1.046e-03 [colloc=8.025e-04, cfd=2.437e-04]  WALL=2.631e-18  DATA=9.906e-02
Invoked: SSBroyden1 approach!
[BFGS] batch=   2  call=    99  total=9.650e-04  PDE=1.014e-03 [colloc=7.779e-04, cfd=2.358e-04]  WALL=2.433e-18  DATA=9.900e-02
Invoked: SSBroyden1 approach!
[BFGS] batch=   2  call=   100  total=9.378e-04  PDE=9.766e-04 [colloc=7.475e-04, cfd=2.291e-04]  WALL=2.585e-18  DATA=9.918e-02
Invoked: SSBroyden1 approach!
[BFGS] batch=   2  call=   101  total=9.263e-04  PDE=9.577e-04 [colloc=7.275e-04, cfd=2.302e-04]  WALL=2.003e-18  DATA=9.903e-02
Invoked: SSBroyden1 approach!
[BFGS] batch=   2  call=   102  total=9.101e-04  PDE=9.353e-04 [colloc=7.057e-04, cfd=2.296e-04]  WALL=2.022e-18  DATA=9.915e-02
Invoked: SSBroyden1 approach!
[BFGS] batch=   2  call=   103  total=8.887e-04  PDE=9.097e-04 [colloc=6.883e-04, cfd=2.214e-04]  WALL=2.028e-18  DATA=9.914e-02
Invoked: SSBroyden1 approach!
[BFGS] batch=   2  call=   104  total=8.665e-04  PDE=8.842e-04 [colloc=6.770e-04, cfd=2.072e-04]  WALL=2.089e-18  DATA=9.851e-02
Invoked: SSBroyden1 approach!
[BFGS] batch=   2  call=   105  total=8.489e-04  PDE=8.556e-04 [colloc=6.604e-04, cfd=1.951e-04]  WALL=2.189e-18  DATA=9.844e-02
Invoked: SSBroyden1 approach!
[BFGS] batch=   2  call=   106  total=8.395e-04  PDE=8.284e-04 [colloc=6.386e-04, cfd=1.898e-04]  WALL=1.905e-18  DATA=9.843e-02
Invoked: SSBroyden1 approach!
[BFGS] batch=   2  call=   107  total=8.324e-04  PDE=8.167e-04 [colloc=6.256e-04, cfd=1.911e-04]  WALL=2.010e-18  DATA=9.838e-02
Invoked: SSBroyden1 approach!
[BFGS] batch=   2  call=   108  total=8.227e-04  PDE=8.154e-04 [colloc=6.227e-04, cfd=1.927e-04]  WALL=2.076e-18  DATA=9.856e-02
Invoked: SSBroyden1 approach!
[BFGS] batch=   2  call=   109  total=8.124e-04  PDE=8.222e-04 [colloc=6.333e-04, cfd=1.889e-04]  WALL=2.011e-18  DATA=9.855e-02
Invoked: SSBroyden1 approach!
[BFGS] batch=   2  call=   110  total=7.946e-04  PDE=8.110e-04 [colloc=6.227e-04, cfd=1.884e-04]  WALL=2.134e-18  DATA=9.893e-02
Invoked: SSBroyden1 approach!
[BFGS] batch=   2  call=   111  total=7.877e-04  PDE=7.961e-04 [colloc=6.192e-04, cfd=1.769e-04]  WALL=2.258e-18  DATA=9.870e-02
Invoked: SSBroyden1 approach!
[BFGS] batch=   2  call=   112  total=7.752e-04  PDE=7.832e-04 [colloc=6.097e-04, cfd=1.735e-04]  WALL=2.155e-18  DATA=9.876e-02
Invoked: SSBroyden1 approach!
[BFGS] batch=   2  call=   113  total=7.552e-04  PDE=7.721e-04 [colloc=6.014e-04, cfd=1.707e-04]  WALL=1.980e-18  DATA=9.879e-02
Invoked: SSBroyden1 approach!
[BFGS] batch=   2  call=   114  total=7.443e-04  PDE=7.696e-04 [colloc=5.932e-04, cfd=1.764e-04]  WALL=2.150e-18  DATA=9.859e-02
Invoked: SSBroyden1 approach!
[BFGS] batch=   2  call=   115  total=7.348e-04  PDE=7.479e-04 [colloc=5.752e-04, cfd=1.727e-04]  WALL=2.046e-18  DATA=9.861e-02
Invoked: SSBroyden1 approach!
[BFGS] batch=   2  call=   116  total=7.278e-04  PDE=7.517e-04 [colloc=5.838e-04, cfd=1.679e-04]  WALL=1.951e-18  DATA=9.877e-02
Invoked: SSBroyden1 approach!
[BFGS] batch=   2  call=   117  total=7.204e-04  PDE=7.473e-04 [colloc=5.808e-04, cfd=1.665e-04]  WALL=1.978e-18  DATA=9.881e-02
Invoked: SSBroyden1 approach!
[BFGS] batch=   2  call=   118  total=7.084e-04  PDE=7.384e-04 [colloc=5.728e-04, cfd=1.657e-04]  WALL=2.225e-18  DATA=9.897e-02
Invoked: SSBroyden1 approach!
[BFGS] batch=   2  call=   119  total=6.927e-04  PDE=7.296e-04 [colloc=5.687e-04, cfd=1.610e-04]  WALL=2.409e-18  DATA=9.918e-02
Invoked: SSBroyden1 approach!
[BFGS] batch=   2  call=   120  total=6.867e-04  PDE=7.363e-04 [colloc=5.673e-04, cfd=1.690e-04]  WALL=2.881e-18  DATA=9.907e-02
Invoked: SSBroyden1 approach!
[BFGS] batch=   2  call=   121  total=6.837e-04  PDE=7.249e-04 [colloc=5.562e-04, cfd=1.687e-04]  WALL=2.679e-18  DATA=9.917e-02
Invoked: SSBroyden1 approach!
[BFGS] batch=   2  call=   122  total=6.742e-04  PDE=7.192e-04 [colloc=5.516e-04, cfd=1.676e-04]  WALL=2.678e-18  DATA=9.919e-02
Invoked: SSBroyden1 approach!
[BFGS] batch=   2  call=   123  total=6.604e-04  PDE=6.989e-04 [colloc=5.332e-04, cfd=1.656e-04]  WALL=2.503e-18  DATA=9.930e-02
Invoked: SSBroyden1 approach!
[BFGS] batch=   2  call=   125  total=6.546e-04  PDE=6.846e-04 [colloc=5.239e-04, cfd=1.608e-04]  WALL=2.531e-18  DATA=9.940e-02
Invoked: SSBroyden1 approach!
[BFGS] batch=   2  call=   126  total=6.451e-04  PDE=6.780e-04 [colloc=5.199e-04, cfd=1.581e-04]  WALL=2.256e-18  DATA=9.922e-02
Invoked: SSBroyden1 approach!
[BFGS] batch=   2  call=   127  total=6.423e-04  PDE=6.708e-04 [colloc=5.206e-04, cfd=1.502e-04]  WALL=2.582e-18  DATA=9.919e-02
Invoked: SSBroyden1 approach!
[BFGS] batch=   2  call=   128  total=6.358e-04  PDE=6.635e-04 [colloc=5.148e-04, cfd=1.488e-04]  WALL=2.506e-18  DATA=9.912e-02
Invoked: SSBroyden1 approach!
[BFGS] batch=   2  call=   129  total=6.286e-04  PDE=6.480e-04 [colloc=5.021e-04, cfd=1.459e-04]  WALL=2.819e-18  DATA=9.893e-02
Invoked: SSBroyden1 approach!
[BFGS] batch=   2  call=   130  total=6.256e-04  PDE=6.376e-04 [colloc=4.946e-04, cfd=1.429e-04]  WALL=2.807e-18  DATA=9.870e-02
Invoked: SSBroyden1 approach!
[BFGS] batch=   2  call=   131  total=6.138e-04  PDE=6.322e-04 [colloc=4.908e-04, cfd=1.413e-04]  WALL=2.834e-18  DATA=9.868e-02
Invoked: SSBroyden1 approach!
[BFGS] batch=   2  call=   132  total=6.062e-04  PDE=6.167e-04 [colloc=4.811e-04, cfd=1.357e-04]  WALL=2.540e-18  DATA=9.864e-02
Invoked: SSBroyden1 approach!
[BFGS] batch=   2  call=   133  total=6.008e-04  PDE=6.153e-04 [colloc=4.819e-04, cfd=1.334e-04]  WALL=3.083e-18  DATA=9.828e-02
Invoked: SSBroyden1 approach!
[BFGS] batch=   2  call=   134  total=5.940e-04  PDE=6.100e-04 [colloc=4.767e-04, cfd=1.333e-04]  WALL=2.915e-18  DATA=9.826e-02
Invoked: SSBroyden1 approach!
[BFGS] batch=   2  call=   135  total=5.825e-04  PDE=6.082e-04 [colloc=4.753e-04, cfd=1.330e-04]  WALL=3.170e-18  DATA=9.808e-02
Invoked: SSBroyden1 approach!
[BFGS] batch=   2  call=   136  total=5.824e-04  PDE=6.221e-04 [colloc=4.798e-04, cfd=1.423e-04]  WALL=2.919e-18  DATA=9.824e-02
  [PT] w_u=0.8112 w_v=4.5743 gamma=0.673 (tau_u=1.233e+00 tau_v=2.186e-01 |Du|=2.49e+00 |DRu|=3.58e+00)
[BFGS] batch 2: H0 not PD — resetting to identity.
[BFGS-END] batch=   2  last_total=5.917e-04  last_PDE=6.220e-04 [colloc=4.797e-04, cfd=1.423e-04]  last_WALL=2.921e-18  last_DATA=9.824e-02
/oscar/home/jchen790/cylinder flow lab/src/cfp40.py:1430: OptimizeWarning: Unknown solver options: hess, hessp, bounds, constraints, tol
  result = minimize(
Invoked: SSBroyden1 approach!
[BFGS] batch=   3  call=   156  total=7.524e-04  PDE=8.739e-04 [colloc=7.215e-04, cfd=1.525e-04]  WALL=3.299e-18  DATA=9.828e-02
Invoked: SSBroyden1 approach!
[BFGS] batch=   3  call=   157  total=7.388e-04  PDE=8.502e-04 [colloc=6.981e-04, cfd=1.521e-04]  WALL=3.000e-18  DATA=9.832e-02
Invoked: SSBroyden1 approach!
[BFGS] batch=   3  call=   158  total=7.192e-04  PDE=8.217e-04 [colloc=6.736e-04, cfd=1.481e-04]  WALL=2.995e-18  DATA=9.840e-02
Invoked: SSBroyden1 approach!
[BFGS] batch=   3  call=   159  total=6.892e-04  PDE=7.771e-04 [colloc=6.351e-04, cfd=1.420e-04]  WALL=3.376e-18  DATA=9.863e-02
Invoked: SSBroyden1 approach!
[BFGS] batch=   3  call=   160  total=6.507e-04  PDE=7.268e-04 [colloc=5.891e-04, cfd=1.377e-04]  WALL=3.920e-18  DATA=9.906e-02
Invoked: SSBroyden1 approach!
[BFGS] batch=   3  call=   161  total=6.324e-04  PDE=6.841e-04 [colloc=5.447e-04, cfd=1.394e-04]  WALL=2.940e-18  DATA=1.004e-01
Invoked: SSBroyden1 approach!
[BFGS] batch=   3  call=   162  total=6.095e-04  PDE=6.524e-04 [colloc=5.080e-04, cfd=1.444e-04]  WALL=3.220e-18  DATA=1.002e-01
Invoked: SSBroyden1 approach!
[BFGS] batch=   3  call=   163  total=5.907e-04  PDE=6.414e-04 [colloc=4.990e-04, cfd=1.425e-04]  WALL=3.149e-18  DATA=1.004e-01
Invoked: SSBroyden1 approach!
[BFGS] batch=   3  call=   164  total=5.754e-04  PDE=6.149e-04 [colloc=4.764e-04, cfd=1.385e-04]  WALL=3.341e-18  DATA=1.006e-01
Invoked: SSBroyden1 approach!
[BFGS] batch=   3  call=   165  total=5.503e-04  PDE=6.000e-04 [colloc=4.656e-04, cfd=1.344e-04]  WALL=3.430e-18  DATA=1.003e-01
Invoked: SSBroyden1 approach!
[BFGS] batch=   3  call=   167  total=5.420e-04  PDE=5.823e-04 [colloc=4.524e-04, cfd=1.298e-04]  WALL=3.833e-18  DATA=1.004e-01
Invoked: SSBroyden1 approach!
[BFGS] batch=   3  call=   168  total=5.354e-04  PDE=5.733e-04 [colloc=4.458e-04, cfd=1.275e-04]  WALL=3.311e-18  DATA=1.005e-01
Invoked: SSBroyden1 approach!
[BFGS] batch=   3  call=   169  total=5.336e-04  PDE=5.664e-04 [colloc=4.425e-04, cfd=1.238e-04]  WALL=3.427e-18  DATA=1.005e-01
Invoked: SSBroyden1 approach!
[BFGS] batch=   3  call=   170  total=5.234e-04  PDE=5.640e-04 [colloc=4.413e-04, cfd=1.228e-04]  WALL=3.460e-18  DATA=1.005e-01
Invoked: SSBroyden1 approach!
[BFGS] batch=   3  call=   171  total=5.198e-04  PDE=5.590e-04 [colloc=4.386e-04, cfd=1.204e-04]  WALL=3.958e-18  DATA=1.002e-01
Invoked: SSBroyden1 approach!
[BFGS] batch=   3  call=   172  total=5.128e-04  PDE=5.519e-04 [colloc=4.331e-04, cfd=1.188e-04]  WALL=3.906e-18  DATA=1.002e-01
Invoked: SSBroyden1 approach!
[BFGS] batch=   3  call=   173  total=5.064e-04  PDE=5.442e-04 [colloc=4.263e-04, cfd=1.179e-04]  WALL=3.589e-18  DATA=1.004e-01
Invoked: SSBroyden1 approach!
[BFGS] batch=   3  call=   174  total=4.971e-04  PDE=5.425e-04 [colloc=4.240e-04, cfd=1.185e-04]  WALL=3.158e-18  DATA=1.006e-01
Invoked: SSBroyden1 approach!
[BFGS] batch=   3  call=   176  total=4.945e-04  PDE=5.371e-04 [colloc=4.196e-04, cfd=1.176e-04]  WALL=3.145e-18  DATA=1.008e-01
Invoked: SSBroyden1 approach!
[BFGS] batch=   3  call=   177  total=4.900e-04  PDE=5.348e-04 [colloc=4.169e-04, cfd=1.179e-04]  WALL=3.123e-18  DATA=1.008e-01
Invoked: SSBroyden1 approach!
[BFGS] batch=   3  call=   178  total=4.861e-04  PDE=5.300e-04 [colloc=4.116e-04, cfd=1.184e-04]  WALL=3.170e-18  DATA=1.010e-01
Invoked: SSBroyden1 approach!
[BFGS] batch=   3  call=   179  total=4.828e-04  PDE=5.267e-04 [colloc=4.082e-04, cfd=1.185e-04]  WALL=3.179e-18  DATA=1.013e-01
Invoked: SSBroyden1 approach!
[BFGS] batch=   3  call=   180  total=4.793e-04  PDE=5.244e-04 [colloc=4.065e-04, cfd=1.180e-04]  WALL=3.123e-18  DATA=1.012e-01
Invoked: SSBroyden1 approach!
[BFGS] batch=   3  call=   181  total=4.774e-04  PDE=5.257e-04 [colloc=4.061e-04, cfd=1.196e-04]  WALL=3.148e-18  DATA=1.012e-01
Invoked: SSBroyden1 approach!
[BFGS] batch=   3  call=   182  total=4.754e-04  PDE=5.225e-04 [colloc=4.028e-04, cfd=1.197e-04]  WALL=3.168e-18  DATA=1.012e-01
Invoked: SSBroyden1 approach!
[BFGS] batch=   3  call=   183  total=4.725e-04  PDE=5.204e-04 [colloc=4.007e-04, cfd=1.197e-04]  WALL=3.108e-18  DATA=1.012e-01
Invoked: SSBroyden1 approach!
[BFGS] batch=   3  call=   184  total=4.697e-04  PDE=5.175e-04 [colloc=3.988e-04, cfd=1.187e-04]  WALL=3.174e-18  DATA=1.013e-01
Invoked: SSBroyden1 approach!
[BFGS] batch=   3  call=   185  total=4.668e-04  PDE=5.122e-04 [colloc=3.962e-04, cfd=1.160e-04]  WALL=3.161e-18  DATA=1.012e-01
Invoked: SSBroyden1 approach!
[BFGS] batch=   3  call=   186  total=4.649e-04  PDE=5.086e-04 [colloc=3.938e-04, cfd=1.148e-04]  WALL=3.060e-18  DATA=1.012e-01
Invoked: SSBroyden1 approach!
[BFGS] batch=   3  call=   187  total=4.634e-04  PDE=5.049e-04 [colloc=3.910e-04, cfd=1.140e-04]  WALL=3.134e-18  DATA=1.014e-01
Invoked: SSBroyden1 approach!
[BFGS] batch=   3  call=   188  total=4.576e-04  PDE=5.011e-04 [colloc=3.873e-04, cfd=1.138e-04]  WALL=3.215e-18  DATA=1.013e-01
Invoked: SSBroyden1 approach!
[BFGS] batch=   3  call=   190  total=4.548e-04  PDE=4.984e-04 [colloc=3.844e-04, cfd=1.140e-04]  WALL=3.096e-18  DATA=1.014e-01
Invoked: SSBroyden1 approach!
[BFGS] batch=   3  call=   198  total=4.544e-04  PDE=4.946e-04 [colloc=3.828e-04, cfd=1.117e-04]  WALL=2.996e-18  DATA=1.014e-01
Invoked: SSBroyden1 approach!
[BFGS] batch=   3  call=   199  total=4.530e-04  PDE=4.936e-04 [colloc=3.819e-04, cfd=1.117e-04]  WALL=3.004e-18  DATA=1.014e-01
Invoked: SSBroyden1 approach!
[BFGS] batch=   3  call=   206  total=4.516e-04  PDE=4.883e-04 [colloc=3.768e-04, cfd=1.115e-04]  WALL=3.044e-18  DATA=1.014e-01
  [PT] w_u=0.8056 w_v=4.9315 gamma=0.616 (tau_u=1.241e+00 tau_v=2.028e-01 |Du|=1.52e+00 |DRu|=1.04e+00)
[BFGS-END] batch=   3  last_total=4.500e-04  last_PDE=4.883e-04 [colloc=3.768e-04, cfd=1.115e-04]  last_WALL=3.044e-18  last_DATA=1.014e-01
/oscar/home/jchen790/cylinder flow lab/src/cfp40.py:1430: OptimizeWarning: Unknown solver options: hess, hessp, bounds, constraints, tol
  result = minimize(
Invoked: SSBroyden1 approach!
[BFGS] batch=   4  call=   228  total=4.430e-04  PDE=4.911e-04 [colloc=3.938e-04, cfd=9.737e-05]  WALL=3.427e-18  DATA=1.029e-01
Invoked: SSBroyden1 approach!
[BFGS] batch=   4  call=   230  total=4.359e-04  PDE=4.827e-04 [colloc=3.875e-04, cfd=9.520e-05]  WALL=3.330e-18  DATA=1.031e-01
Invoked: SSBroyden1 approach!
[BFGS] batch=   4  call=   232  total=4.333e-04  PDE=4.796e-04 [colloc=3.848e-04, cfd=9.478e-05]  WALL=3.510e-18  DATA=1.031e-01
Invoked: SSBroyden1 approach!
[BFGS] batch=   4  call=   233  total=4.286e-04  PDE=4.769e-04 [colloc=3.816e-04, cfd=9.531e-05]  WALL=3.411e-18  DATA=1.032e-01
Invoked: SSBroyden1 approach!
[BFGS] batch=   4  call=   234  total=4.258e-04  PDE=4.744e-04 [colloc=3.769e-04, cfd=9.753e-05]  WALL=3.425e-18  DATA=1.034e-01
Invoked: SSBroyden1 approach!
[BFGS] batch=   4  call=   235  total=4.252e-04  PDE=4.708e-04 [colloc=3.730e-04, cfd=9.774e-05]  WALL=3.304e-18  DATA=1.035e-01
Invoked: SSBroyden1 approach!
[BFGS] batch=   4  call=   236  total=4.223e-04  PDE=4.692e-04 [colloc=3.715e-04, cfd=9.763e-05]  WALL=3.304e-18  DATA=1.035e-01
Invoked: SSBroyden1 approach!
[BFGS] batch=   4  call=   237  total=4.218e-04  PDE=4.637e-04 [colloc=3.670e-04, cfd=9.676e-05]  WALL=3.430e-18  DATA=1.036e-01
Invoked: SSBroyden1 approach!
[BFGS] batch=   4  call=   238  total=4.198e-04  PDE=4.629e-04 [colloc=3.663e-04, cfd=9.658e-05]  WALL=3.447e-18  DATA=1.036e-01
Invoked: SSBroyden1 approach!
[BFGS] batch=   4  call=   239  total=4.163e-04  PDE=4.609e-04 [colloc=3.650e-04, cfd=9.592e-05]  WALL=3.394e-18  DATA=1.036e-01
Invoked: SSBroyden1 approach!
[BFGS] batch=   4  call=   240  total=4.125e-04  PDE=4.580e-04 [colloc=3.620e-04, cfd=9.603e-05]  WALL=3.443e-18  DATA=1.036e-01
Invoked: SSBroyden1 approach!
[BFGS] batch=   4  call=   241  total=4.088e-04  PDE=4.560e-04 [colloc=3.601e-04, cfd=9.591e-05]  WALL=3.342e-18  DATA=1.036e-01
Invoked: SSBroyden1 approach!
[BFGS] batch=   4  call=   243  total=4.069e-04  PDE=4.539e-04 [colloc=3.586e-04, cfd=9.533e-05]  WALL=3.387e-18  DATA=1.037e-01
Invoked: SSBroyden1 approach!
[BFGS] batch=   4  call=   244  total=4.066e-04  PDE=4.506e-04 [colloc=3.565e-04, cfd=9.405e-05]  WALL=3.252e-18  DATA=1.037e-01
Invoked: SSBroyden1 approach!
[BFGS] batch=   4  call=   245  total=4.050e-04  PDE=4.501e-04 [colloc=3.562e-04, cfd=9.389e-05]  WALL=3.260e-18  DATA=1.037e-01
Invoked: SSBroyden1 approach!
[BFGS] batch=   4  call=   246  total=4.033e-04  PDE=4.480e-04 [colloc=3.550e-04, cfd=9.294e-05]  WALL=3.288e-18  DATA=1.038e-01
Invoked: SSBroyden1 approach!
[BFGS] batch=   4  call=   247  total=4.014e-04  PDE=4.476e-04 [colloc=3.539e-04, cfd=9.364e-05]  WALL=3.412e-18  DATA=1.039e-01
Invoked: SSBroyden1 approach!
[BFGS] batch=   4  call=   248  total=3.968e-04  PDE=4.453e-04 [colloc=3.521e-04, cfd=9.324e-05]  WALL=3.370e-18  DATA=1.039e-01
Invoked: SSBroyden1 approach!
[BFGS] batch=   4  call=   249  total=3.939e-04  PDE=4.377e-04 [colloc=3.475e-04, cfd=9.025e-05]  WALL=3.237e-18  DATA=1.039e-01
Invoked: SSBroyden1 approach!
[BFGS] batch=   4  call=   250  total=3.906e-04  PDE=4.330e-04 [colloc=3.440e-04, cfd=8.898e-05]  WALL=3.384e-18  DATA=1.040e-01
Invoked: SSBroyden1 approach!
[BFGS] batch=   4  call=   251  total=3.895e-04  PDE=4.343e-04 [colloc=3.468e-04, cfd=8.745e-05]  WALL=3.389e-18  DATA=1.040e-01
Invoked: SSBroyden1 approach!
[BFGS] batch=   4  call=   252  total=3.894e-04  PDE=4.321e-04 [colloc=3.445e-04, cfd=8.763e-05]  WALL=3.496e-18  DATA=1.039e-01
Invoked: SSBroyden1 approach!
[BFGS] batch=   4  call=   254  total=3.877e-04  PDE=4.316e-04 [colloc=3.438e-04, cfd=8.782e-05]  WALL=3.495e-18  DATA=1.039e-01
Invoked: SSBroyden1 approach!
[BFGS] batch=   4  call=   255  total=3.833e-04  PDE=4.295e-04 [colloc=3.410e-04, cfd=8.855e-05]  WALL=3.546e-18  DATA=1.039e-01
Invoked: SSBroyden1 approach!
[BFGS] batch=   4  call=   256  total=3.825e-04  PDE=4.283e-04 [colloc=3.386e-04, cfd=8.969e-05]  WALL=3.650e-18  DATA=1.040e-01
Invoked: SSBroyden1 approach!
[BFGS] batch=   4  call=   263  total=3.803e-04  PDE=4.269e-04 [colloc=3.375e-04, cfd=8.943e-05]  WALL=3.708e-18  DATA=1.039e-01
Invoked: SSBroyden1 approach!
[BFGS] batch=   4  call=   264  total=3.794e-04  PDE=4.224e-04 [colloc=3.336e-04, cfd=8.875e-05]  WALL=3.761e-18  DATA=1.039e-01
Invoked: SSBroyden1 approach!
[BFGS] batch=   4  call=   265  total=3.758e-04  PDE=4.210e-04 [colloc=3.324e-04, cfd=8.859e-05]  WALL=3.895e-18  DATA=1.038e-01
Invoked: SSBroyden1 approach!
[BFGS] batch=   4  call=   266  total=3.744e-04  PDE=4.167e-04 [colloc=3.283e-04, cfd=8.840e-05]  WALL=3.879e-18  DATA=1.038e-01
Invoked: SSBroyden1 approach!
[BFGS] batch=   4  call=   267  total=3.735e-04  PDE=4.145e-04 [colloc=3.273e-04, cfd=8.717e-05]  WALL=3.852e-18  DATA=1.037e-01
Invoked: SSBroyden1 approach!
[BFGS] batch=   4  call=   268  total=3.728e-04  PDE=4.133e-04 [colloc=3.268e-04, cfd=8.650e-05]  WALL=3.957e-18  DATA=1.038e-01
Invoked: SSBroyden1 approach!
[BFGS] batch=   4  call=   269  total=3.697e-04  PDE=4.120e-04 [colloc=3.263e-04, cfd=8.570e-05]  WALL=3.924e-18  DATA=1.038e-01
Invoked: SSBroyden1 approach!
[BFGS] batch=   4  call=   270  total=3.671e-04  PDE=4.081e-04 [colloc=3.246e-04, cfd=8.355e-05]  WALL=3.943e-18  DATA=1.036e-01
Invoked: SSBroyden1 approach!
[BFGS] batch=   4  call=   271  total=3.659e-04  PDE=4.071e-04 [colloc=3.253e-04, cfd=8.182e-05]  WALL=3.942e-18  DATA=1.036e-01
Invoked: SSBroyden1 approach!
[BFGS] batch=   4  call=   272  total=3.625e-04  PDE=4.053e-04 [colloc=3.240e-04, cfd=8.127e-05]  WALL=3.928e-18  DATA=1.037e-01
Invoked: SSBroyden1 approach!
[BFGS] batch=   4  call=   273  total=3.590e-04  PDE=4.052e-04 [colloc=3.253e-04, cfd=7.989e-05]  WALL=4.164e-18  DATA=1.038e-01
  [PT] w_u=0.7961 w_v=5.2599 gamma=0.585 (tau_u=1.256e+00 tau_v=1.901e-01 |Du|=1.23e+00 |DRu|=7.97e-01)
[BFGS-END] batch=   4  last_total=3.603e-04  last_PDE=4.051e-04 [colloc=3.252e-04, cfd=7.988e-05]  last_WALL=4.159e-18  last_DATA=1.038e-01
/oscar/home/jchen790/cylinder flow lab/src/cfp40.py:1430: OptimizeWarning: Unknown solver options: hess, hessp, bounds, constraints, tol
  result = minimize(
Invoked: SSBroyden1 approach!
[BFGS] batch=   5  call=   296  total=4.009e-04  PDE=4.667e-04 [colloc=3.834e-04, cfd=8.330e-05]  WALL=4.272e-18  DATA=1.039e-01
Invoked: SSBroyden1 approach!
[BFGS] batch=   5  call=   297  total=3.777e-04  PDE=4.331e-04 [colloc=3.530e-04, cfd=8.013e-05]  WALL=4.403e-18  DATA=1.041e-01
Invoked: SSBroyden1 approach!
[BFGS] batch=   5  call=   298  total=3.628e-04  PDE=4.093e-04 [colloc=3.291e-04, cfd=8.019e-05]  WALL=4.839e-18  DATA=1.042e-01
Invoked: SSBroyden1 approach!
[BFGS] batch=   5  call=   299  total=3.501e-04  PDE=4.025e-04 [colloc=3.253e-04, cfd=7.720e-05]  WALL=4.196e-18  DATA=1.046e-01
Invoked: SSBroyden1 approach!
[BFGS] batch=   5  call=   300  total=3.478e-04  PDE=4.031e-04 [colloc=3.258e-04, cfd=7.730e-05]  WALL=4.791e-18  DATA=1.054e-01
Invoked: SSBroyden1 approach!
[BFGS] batch=   5  call=   301  total=3.444e-04  PDE=3.980e-04 [colloc=3.212e-04, cfd=7.684e-05]  WALL=4.814e-18  DATA=1.055e-01
Invoked: SSBroyden1 approach!
[BFGS] batch=   5  call=   302  total=3.399e-04  PDE=3.924e-04 [colloc=3.186e-04, cfd=7.382e-05]  WALL=4.723e-18  DATA=1.055e-01
Invoked: SSBroyden1 approach!
[BFGS] batch=   5  call=   303  total=3.351e-04  PDE=3.863e-04 [colloc=3.150e-04, cfd=7.136e-05]  WALL=4.504e-18  DATA=1.056e-01
Invoked: SSBroyden1 approach!
[BFGS] batch=   5  call=   304  total=3.303e-04  PDE=3.793e-04 [colloc=3.092e-04, cfd=7.008e-05]  WALL=4.435e-18  DATA=1.056e-01
Invoked: SSBroyden1 approach!
[BFGS] batch=   5  call=   305  total=3.262e-04  PDE=3.771e-04 [colloc=3.072e-04, cfd=6.991e-05]  WALL=4.226e-18  DATA=1.056e-01
Invoked: SSBroyden1 approach!
[BFGS] batch=   5  call=   306  total=3.228e-04  PDE=3.722e-04 [colloc=3.040e-04, cfd=6.821e-05]  WALL=4.311e-18  DATA=1.055e-01
Invoked: SSBroyden1 approach!
[BFGS] batch=   5  call=   307  total=3.200e-04  PDE=3.694e-04 [colloc=3.028e-04, cfd=6.666e-05]  WALL=3.963e-18  DATA=1.055e-01
Invoked: SSBroyden1 approach!
[BFGS] batch=   5  call=   308  total=3.182e-04  PDE=3.668e-04 [colloc=2.994e-04, cfd=6.736e-05]  WALL=4.484e-18  DATA=1.054e-01
Invoked: SSBroyden1 approach!
[BFGS] batch=   5  call=   309  total=3.158e-04  PDE=3.628e-04 [colloc=2.963e-04, cfd=6.658e-05]  WALL=4.530e-18  DATA=1.054e-01
Invoked: SSBroyden1 approach!
[BFGS] batch=   5  call=   310  total=3.111e-04  PDE=3.588e-04 [colloc=2.920e-04, cfd=6.675e-05]  WALL=4.602e-18  DATA=1.055e-01
Invoked: SSBroyden1 approach!
[BFGS] batch=   5  call=   312  total=3.099e-04  PDE=3.557e-04 [colloc=2.885e-04, cfd=6.716e-05]  WALL=4.540e-18  DATA=1.055e-01
Invoked: SSBroyden1 approach!
[BFGS] batch=   5  call=   313  total=3.090e-04  PDE=3.540e-04 [colloc=2.864e-04, cfd=6.759e-05]  WALL=4.465e-18  DATA=1.056e-01
Invoked: SSBroyden1 approach!
[BFGS] batch=   5  call=   314  total=3.069e-04  PDE=3.522e-04 [colloc=2.847e-04, cfd=6.748e-05]  WALL=4.491e-18  DATA=1.055e-01
Invoked: SSBroyden1 approach!
[BFGS] batch=   5  call=   315  total=3.046e-04  PDE=3.482e-04 [colloc=2.821e-04, cfd=6.612e-05]  WALL=4.494e-18  DATA=1.054e-01
Invoked: SSBroyden1 approach!
[BFGS] batch=   5  call=   316  total=3.019e-04  PDE=3.444e-04 [colloc=2.791e-04, cfd=6.526e-05]  WALL=4.569e-18  DATA=1.052e-01
Invoked: SSBroyden1 approach!
[BFGS] batch=   5  call=   317  total=2.996e-04  PDE=3.432e-04 [colloc=2.782e-04, cfd=6.507e-05]  WALL=4.459e-18  DATA=1.051e-01
Invoked: SSBroyden1 approach!
[BFGS] batch=   5  call=   318  total=2.960e-04  PDE=3.416e-04 [colloc=2.758e-04, cfd=6.575e-05]  WALL=4.478e-18  DATA=1.051e-01
Invoked: SSBroyden1 approach!
[BFGS] batch=   5  call=   320  total=2.954e-04  PDE=3.394e-04 [colloc=2.736e-04, cfd=6.588e-05]  WALL=4.653e-18  DATA=1.051e-01
Invoked: SSBroyden1 approach!
[BFGS] batch=   5  call=   321  total=2.950e-04  PDE=3.382e-04 [colloc=2.724e-04, cfd=6.581e-05]  WALL=4.663e-18  DATA=1.052e-01
Invoked: SSBroyden1 approach!
[BFGS] batch=   5  call=   322  total=2.932e-04  PDE=3.370e-04 [colloc=2.712e-04, cfd=6.579e-05]  WALL=4.687e-18  DATA=1.052e-01
Invoked: SSBroyden1 approach!
[BFGS] batch=   5  call=   323  total=2.914e-04  PDE=3.328e-04 [colloc=2.673e-04, cfd=6.542e-05]  WALL=4.773e-18  DATA=1.052e-01
Invoked: SSBroyden1 approach!
[BFGS] batch=   5  call=   324  total=2.875e-04  PDE=3.291e-04 [colloc=2.643e-04, cfd=6.476e-05]  WALL=4.810e-18  DATA=1.052e-01
Invoked: SSBroyden1 approach!
[BFGS] batch=   5  call=   325  total=2.836e-04  PDE=3.266e-04 [colloc=2.625e-04, cfd=6.406e-05]  WALL=5.341e-18  DATA=1.050e-01
Invoked: SSBroyden1 approach!
[BFGS] batch=   5  call=   327  total=2.805e-04  PDE=3.233e-04 [colloc=2.602e-04, cfd=6.307e-05]  WALL=5.334e-18  DATA=1.050e-01
Invoked: SSBroyden1 approach!
[BFGS] batch=   5  call=   328  total=2.800e-04  PDE=3.224e-04 [colloc=2.579e-04, cfd=6.444e-05]  WALL=4.753e-18  DATA=1.053e-01
Invoked: SSBroyden1 approach!
[BFGS] batch=   5  call=   329  total=2.796e-04  PDE=3.212e-04 [colloc=2.566e-04, cfd=6.455e-05]  WALL=4.794e-18  DATA=1.053e-01
Invoked: SSBroyden1 approach!
[BFGS] batch=   5  call=   330  total=2.795e-04  PDE=3.201e-04 [colloc=2.557e-04, cfd=6.443e-05]  WALL=4.718e-18  DATA=1.054e-01
  [PT] w_u=0.8390 w_v=5.5930 gamma=0.558 (tau_u=1.192e+00 tau_v=1.788e-01 |Du|=9.56e-01 |DRu|=9.13e-01)
[BFGS] batch 5: H0 not PD — resetting to identity.
[BFGS-END] batch=   5  last_total=2.804e-04  last_PDE=3.199e-04 [colloc=2.556e-04, cfd=6.435e-05]  last_WALL=4.721e-18  last_DATA=1.054e-01
/oscar/home/jchen790/cylinder flow lab/src/cfp40.py:1430: OptimizeWarning: Unknown solver options: hess, hessp, bounds, constraints, tol
  result = minimize(
Invoked: SSBroyden1 approach!
[BFGS] batch=   6  call=   353  total=3.411e-04  PDE=4.118e-04 [colloc=3.506e-04, cfd=6.118e-05]  WALL=4.925e-18  DATA=1.054e-01
Invoked: SSBroyden1 approach!
[BFGS] batch=   6  call=   354  total=3.380e-04  PDE=4.087e-04 [colloc=3.477e-04, cfd=6.100e-05]  WALL=4.959e-18  DATA=1.053e-01
Invoked: SSBroyden1 approach!
[BFGS] batch=   6  call=   355  total=3.348e-04  PDE=4.013e-04 [colloc=3.397e-04, cfd=6.154e-05]  WALL=5.121e-18  DATA=1.054e-01
Invoked: SSBroyden1 approach!
[BFGS] batch=   6  call=   356  total=3.280e-04  PDE=3.918e-04 [colloc=3.307e-04, cfd=6.109e-05]  WALL=5.184e-18  DATA=1.055e-01
Invoked: SSBroyden1 approach!
[BFGS] batch=   6  call=   357  total=3.201e-04  PDE=3.801e-04 [colloc=3.206e-04, cfd=5.955e-05]  WALL=5.053e-18  DATA=1.056e-01
Invoked: SSBroyden1 approach!
[BFGS] batch=   6  call=   359  total=3.166e-04  PDE=3.767e-04 [colloc=3.177e-04, cfd=5.898e-05]  WALL=5.172e-18  DATA=1.056e-01
Invoked: SSBroyden1 approach!
[BFGS] batch=   6  call=   360  total=3.133e-04  PDE=3.719e-04 [colloc=3.134e-04, cfd=5.846e-05]  WALL=5.765e-18  DATA=1.055e-01
Invoked: SSBroyden1 approach!
[BFGS] batch=   6  call=   361  total=3.094e-04  PDE=3.648e-04 [colloc=3.066e-04, cfd=5.819e-05]  WALL=5.681e-18  DATA=1.057e-01
Invoked: SSBroyden1 approach!
[BFGS] batch=   6  call=   362  total=3.024e-04  PDE=3.567e-04 [colloc=2.988e-04, cfd=5.788e-05]  WALL=5.672e-18  DATA=1.057e-01
Invoked: SSBroyden1 approach!
[BFGS] batch=   6  call=   363  total=2.948e-04  PDE=3.438e-04 [colloc=2.877e-04, cfd=5.609e-05]  WALL=5.958e-18  DATA=1.059e-01
Invoked: SSBroyden1 approach!
[BFGS] batch=   6  call=   364  total=2.907e-04  PDE=3.395e-04 [colloc=2.814e-04, cfd=5.803e-05]  WALL=5.686e-18  DATA=1.060e-01
Invoked: SSBroyden1 approach!
[BFGS] batch=   6  call=   365  total=2.842e-04  PDE=3.321e-04 [colloc=2.751e-04, cfd=5.709e-05]  WALL=5.804e-18  DATA=1.061e-01
Invoked: SSBroyden1 approach!
[BFGS] batch=   6  call=   366  total=2.796e-04  PDE=3.270e-04 [colloc=2.717e-04, cfd=5.529e-05]  WALL=5.953e-18  DATA=1.061e-01
Invoked: SSBroyden1 approach!
[BFGS] batch=   6  call=   368  total=2.788e-04  PDE=3.244e-04 [colloc=2.696e-04, cfd=5.483e-05]  WALL=6.077e-18  DATA=1.062e-01
Invoked: SSBroyden1 approach!
[BFGS] batch=   6  call=   369  total=2.763e-04  PDE=3.222e-04 [colloc=2.676e-04, cfd=5.455e-05]  WALL=6.071e-18  DATA=1.062e-01
Invoked: SSBroyden1 approach!
[BFGS] batch=   6  call=   370  total=2.760e-04  PDE=3.187e-04 [colloc=2.648e-04, cfd=5.388e-05]  WALL=5.984e-18  DATA=1.063e-01
Invoked: SSBroyden1 approach!
[BFGS] batch=   6  call=   371  total=2.748e-04  PDE=3.178e-04 [colloc=2.639e-04, cfd=5.388e-05]  WALL=5.971e-18  DATA=1.063e-01
Invoked: SSBroyden1 approach!
[BFGS] batch=   6  call=   372  total=2.727e-04  PDE=3.157e-04 [colloc=2.616e-04, cfd=5.411e-05]  WALL=5.960e-18  DATA=1.063e-01
Invoked: SSBroyden1 approach!
[BFGS] batch=   6  call=   373  total=2.716e-04  PDE=3.138e-04 [colloc=2.590e-04, cfd=5.479e-05]  WALL=5.915e-18  DATA=1.063e-01
Invoked: SSBroyden1 approach!
[BFGS] batch=   6  call=   374  total=2.703e-04  PDE=3.121e-04 [colloc=2.573e-04, cfd=5.476e-05]  WALL=5.926e-18  DATA=1.063e-01
Invoked: SSBroyden1 approach!
[BFGS] batch=   6  call=   375  total=2.677e-04  PDE=3.109e-04 [colloc=2.559e-04, cfd=5.494e-05]  WALL=5.811e-18  DATA=1.063e-01
Invoked: SSBroyden1 approach!
[BFGS] batch=   6  call=   384  total=2.674e-04  PDE=3.103e-04 [colloc=2.553e-04, cfd=5.499e-05]  WALL=5.807e-18  DATA=1.063e-01
Invoked: SSBroyden1 approach!
[BFGS] batch=   6  call=   392  total=2.665e-04  PDE=3.100e-04 [colloc=2.549e-04, cfd=5.506e-05]  WALL=5.793e-18  DATA=1.064e-01
Invoked: SSBroyden1 approach!
[BFGS] batch=   6  call=   393  total=2.659e-04  PDE=3.093e-04 [colloc=2.540e-04, cfd=5.533e-05]  WALL=5.783e-18  DATA=1.064e-01
Invoked: SSBroyden1 approach!
[BFGS] batch=   6  call=   395  total=2.651e-04  PDE=3.092e-04 [colloc=2.538e-04, cfd=5.542e-05]  WALL=5.783e-18  DATA=1.064e-01
Invoked: SSBroyden1 approach!
[BFGS] batch=   6  call=   402  total=2.646e-04  PDE=3.092e-04 [colloc=2.529e-04, cfd=5.629e-05]  WALL=5.740e-18  DATA=1.064e-01
Invoked: SSBroyden1 approach!
[BFGS] batch=   6  call=   409  total=2.643e-04  PDE=3.080e-04 [colloc=2.519e-04, cfd=5.613e-05]  WALL=5.750e-18  DATA=1.065e-01
Invoked: SSBroyden1 approach!
[BFGS] batch=   6  call=   410  total=2.641e-04  PDE=3.077e-04 [colloc=2.517e-04, cfd=5.605e-05]  WALL=5.736e-18  DATA=1.065e-01
Invoked: SSBroyden1 approach!
[BFGS] batch=   6  call=   411  total=2.639e-04  PDE=3.075e-04 [colloc=2.515e-04, cfd=5.601e-05]  WALL=5.735e-18  DATA=1.065e-01
Invoked: SSBroyden1 approach!
[BFGS] batch=   6  call=   412  total=2.624e-04  PDE=3.072e-04 [colloc=2.513e-04, cfd=5.589e-05]  WALL=5.710e-18  DATA=1.065e-01
Invoked: SSBroyden1 approach!
[BFGS] batch=   6  call=   413  total=2.611e-04  PDE=3.049e-04 [colloc=2.499e-04, cfd=5.498e-05]  WALL=5.786e-18  DATA=1.066e-01
Invoked: SSBroyden1 approach!
[BFGS] batch=   6  call=   415  total=2.607e-04  PDE=3.037e-04 [colloc=2.489e-04, cfd=5.476e-05]  WALL=5.733e-18  DATA=1.066e-01
Invoked: SSBroyden1 approach!
[BFGS] batch=   6  call=   423  total=2.601e-04  PDE=3.031e-04 [colloc=2.485e-04, cfd=5.455e-05]  WALL=5.685e-18  DATA=1.066e-01
Invoked: SSBroyden1 approach!
[BFGS] batch=   6  call=   424  total=2.594e-04  PDE=3.021e-04 [colloc=2.479e-04, cfd=5.423e-05]  WALL=5.808e-18  DATA=1.065e-01
Invoked: SSBroyden1 approach!
[BFGS] batch=   6  call=   433  total=2.586e-04  PDE=3.012e-04 [colloc=2.472e-04, cfd=5.393e-05]  WALL=5.749e-18  DATA=1.066e-01
Invoked: SSBroyden1 approach!
[BFGS] batch=   6  call=   434  total=2.579e-04  PDE=3.000e-04 [colloc=2.466e-04, cfd=5.337e-05]  WALL=5.623e-18  DATA=1.065e-01
Invoked: SSBroyden1 approach!
[BFGS] batch=   6  call=   435  total=2.569e-04  PDE=2.985e-04 [colloc=2.457e-04, cfd=5.280e-05]  WALL=5.623e-18  DATA=1.065e-01
Invoked: SSBroyden1 approach!
[BFGS] batch=   6  call=   436  total=2.551e-04  PDE=2.977e-04 [colloc=2.448e-04, cfd=5.297e-05]  WALL=5.455e-18  DATA=1.065e-01
  [PT] w_u=0.8411 w_v=5.9765 gamma=0.538 (tau_u=1.189e+00 tau_v=1.673e-01 |Du|=7.04e-01 |DRu|=4.79e-01)
[BFGS-END] batch=   6  last_total=2.564e-04  last_PDE=2.977e-04 [colloc=2.448e-04, cfd=5.297e-05]  last_WALL=5.455e-18  last_DATA=1.065e-01
/oscar/home/jchen790/cylinder flow lab/src/cfp40.py:1430: OptimizeWarning: Unknown solver options: hess, hessp, bounds, constraints, tol
  result = minimize(
Invoked: SSBroyden1 approach!
[BFGS] batch=   7  call=   457  total=2.676e-04  PDE=3.181e-04 [colloc=2.623e-04, cfd=5.580e-05]  WALL=6.228e-18  DATA=1.070e-01
Invoked: SSBroyden1 approach!
[BFGS] batch=   7  call=   459  total=2.642e-04  PDE=3.109e-04 [colloc=2.558e-04, cfd=5.517e-05]  WALL=6.464e-18  DATA=1.071e-01
Invoked: SSBroyden1 approach!
[BFGS] batch=   7  call=   460  total=2.610e-04  PDE=3.097e-04 [colloc=2.545e-04, cfd=5.524e-05]  WALL=6.031e-18  DATA=1.075e-01
Invoked: SSBroyden1 approach!
[BFGS] batch=   7  call=   461  total=2.592e-04  PDE=3.058e-04 [colloc=2.492e-04, cfd=5.659e-05]  WALL=5.760e-18  DATA=1.076e-01
Invoked: SSBroyden1 approach!
[BFGS] batch=   7  call=   462  total=2.561e-04  PDE=3.029e-04 [colloc=2.466e-04, cfd=5.625e-05]  WALL=5.651e-18  DATA=1.076e-01
Invoked: SSBroyden1 approach!
[BFGS] batch=   7  call=   474  total=2.558e-04  PDE=3.009e-04 [colloc=2.450e-04, cfd=5.597e-05]  WALL=5.582e-18  DATA=1.076e-01
Invoked: SSBroyden1 approach!
[BFGS] batch=   7  call=   475  total=2.555e-04  PDE=3.004e-04 [colloc=2.446e-04, cfd=5.580e-05]  WALL=5.634e-18  DATA=1.076e-01
Invoked: SSBroyden1 approach!
[BFGS] batch=   7  call=   476  total=2.548e-04  PDE=2.996e-04 [colloc=2.437e-04, cfd=5.590e-05]  WALL=5.728e-18  DATA=1.076e-01
Invoked: SSBroyden1 approach!
[BFGS] batch=   7  call=   488  total=2.529e-04  PDE=2.985e-04 [colloc=2.428e-04, cfd=5.565e-05]  WALL=5.813e-18  DATA=1.076e-01
Invoked: SSBroyden1 approach!
[BFGS] batch=   7  call=   498  total=2.527e-04  PDE=2.981e-04 [colloc=2.426e-04, cfd=5.550e-05]  WALL=5.816e-18  DATA=1.076e-01
  [PT] w_u=0.7841 w_v=5.9618 gamma=0.533 (tau_u=1.275e+00 tau_v=1.677e-01 |Du|=5.64e-01 |DRu|=2.87e-01)
[BFGS-END] batch=   7  last_total=2.544e-04  last_PDE=2.981e-04 [colloc=2.426e-04, cfd=5.550e-05]  last_WALL=5.816e-18  last_DATA=1.076e-01
/oscar/home/jchen790/cylinder flow lab/src/cfp40.py:1430: OptimizeWarning: Unknown solver options: hess, hessp, bounds, constraints, tol
  result = minimize(
Invoked: SSBroyden1 approach!
[BFGS] batch=   8  call=   519  total=2.700e-04  PDE=3.238e-04 [colloc=2.676e-04, cfd=5.624e-05]  WALL=5.939e-18  DATA=1.078e-01
Invoked: SSBroyden1 approach!
[BFGS] batch=   8  call=   520  total=2.592e-04  PDE=3.073e-04 [colloc=2.486e-04, cfd=5.872e-05]  WALL=6.089e-18  DATA=1.082e-01
Invoked: SSBroyden1 approach!
[BFGS] batch=   8  call=   521  total=2.495e-04  PDE=2.978e-04 [colloc=2.418e-04, cfd=5.598e-05]  WALL=6.655e-18  DATA=1.081e-01
Invoked: SSBroyden1 approach!
[BFGS] batch=   8  call=   523  total=2.471e-04  PDE=2.947e-04 [colloc=2.392e-04, cfd=5.556e-05]  WALL=6.634e-18  DATA=1.082e-01
Invoked: SSBroyden1 approach!
[BFGS] batch=   8  call=   524  total=2.464e-04  PDE=2.938e-04 [colloc=2.395e-04, cfd=5.429e-05]  WALL=6.348e-18  DATA=1.084e-01
Invoked: SSBroyden1 approach!
[BFGS] batch=   8  call=   525  total=2.453e-04  PDE=2.919e-04 [colloc=2.378e-04, cfd=5.406e-05]  WALL=6.269e-18  DATA=1.084e-01
Invoked: SSBroyden1 approach!
[BFGS] batch=   8  call=   526  total=2.441e-04  PDE=2.899e-04 [colloc=2.356e-04, cfd=5.424e-05]  WALL=6.159e-18  DATA=1.085e-01
Invoked: SSBroyden1 approach!
[BFGS] batch=   8  call=   527  total=2.434e-04  PDE=2.892e-04 [colloc=2.352e-04, cfd=5.399e-05]  WALL=6.255e-18  DATA=1.085e-01
Invoked: SSBroyden1 approach!
[BFGS] batch=   8  call=   528  total=2.424e-04  PDE=2.882e-04 [colloc=2.342e-04, cfd=5.401e-05]  WALL=6.165e-18  DATA=1.086e-01
Invoked: SSBroyden1 approach!
[BFGS] batch=   8  call=   529  total=2.416e-04  PDE=2.868e-04 [colloc=2.325e-04, cfd=5.433e-05]  WALL=6.106e-18  DATA=1.086e-01
Invoked: SSBroyden1 approach!
[BFGS] batch=   8  call=   530  total=2.410e-04  PDE=2.865e-04 [colloc=2.322e-04, cfd=5.434e-05]  WALL=6.130e-18  DATA=1.085e-01
Invoked: SSBroyden1 approach!
[BFGS] batch=   8  call=   531  total=2.400e-04  PDE=2.855e-04 [colloc=2.314e-04, cfd=5.409e-05]  WALL=6.105e-18  DATA=1.086e-01
Invoked: SSBroyden1 approach!
[BFGS] batch=   8  call=   532  total=2.388e-04  PDE=2.842e-04 [colloc=2.303e-04, cfd=5.395e-05]  WALL=5.961e-18  DATA=1.087e-01
Invoked: SSBroyden1 approach!
[BFGS] batch=   8  call=   533  total=2.372e-04  PDE=2.829e-04 [colloc=2.291e-04, cfd=5.373e-05]  WALL=5.925e-18  DATA=1.088e-01
Invoked: SSBroyden1 approach!
[BFGS] batch=   8  call=   534  total=2.355e-04  PDE=2.809e-04 [colloc=2.275e-04, cfd=5.349e-05]  WALL=5.931e-18  DATA=1.089e-01
Invoked: SSBroyden1 approach!
[BFGS] batch=   8  call=   535  total=2.330e-04  PDE=2.786e-04 [colloc=2.254e-04, cfd=5.321e-05]  WALL=5.866e-18  DATA=1.088e-01
Invoked: SSBroyden1 approach!
[BFGS] batch=   8  call=   536  total=2.320e-04  PDE=2.776e-04 [colloc=2.245e-04, cfd=5.310e-05]  WALL=5.975e-18  DATA=1.087e-01
Invoked: SSBroyden1 approach!
[BFGS] batch=   8  call=   537  total=2.313e-04  PDE=2.767e-04 [colloc=2.235e-04, cfd=5.321e-05]  WALL=5.775e-18  DATA=1.088e-01
Invoked: SSBroyden1 approach!
[BFGS] batch=   8  call=   538  total=2.307e-04  PDE=2.758e-04 [colloc=2.223e-04, cfd=5.349e-05]  WALL=5.734e-18  DATA=1.088e-01
Invoked: SSBroyden1 approach!
[BFGS] batch=   8  call=   539  total=2.289e-04  PDE=2.749e-04 [colloc=2.214e-04, cfd=5.349e-05]  WALL=5.803e-18  DATA=1.088e-01
Invoked: SSBroyden1 approach!
[BFGS] batch=   8  call=   540  total=2.272e-04  PDE=2.725e-04 [colloc=2.192e-04, cfd=5.326e-05]  WALL=5.674e-18  DATA=1.089e-01
Invoked: SSBroyden1 approach!
[BFGS] batch=   8  call=   541  total=2.245e-04  PDE=2.702e-04 [colloc=2.174e-04, cfd=5.276e-05]  WALL=5.820e-18  DATA=1.088e-01
Invoked: SSBroyden1 approach!
[BFGS] batch=   8  call=   542  total=2.209e-04  PDE=2.672e-04 [colloc=2.161e-04, cfd=5.108e-05]  WALL=5.670e-18  DATA=1.087e-01
Invoked: SSBroyden1 approach!
[BFGS] batch=   8  call=   543  total=2.189e-04  PDE=2.659e-04 [colloc=2.161e-04, cfd=4.981e-05]  WALL=5.846e-18  DATA=1.087e-01
Invoked: SSBroyden1 approach!
[BFGS] batch=   8  call=   544  total=2.163e-04  PDE=2.635e-04 [colloc=2.141e-04, cfd=4.942e-05]  WALL=5.712e-18  DATA=1.087e-01
Invoked: SSBroyden1 approach!
[BFGS] batch=   8  call=   545  total=2.144e-04  PDE=2.617e-04 [colloc=2.121e-04, cfd=4.962e-05]  WALL=5.588e-18  DATA=1.088e-01
Invoked: SSBroyden1 approach!
[BFGS] batch=   8  call=   546  total=2.114e-04  PDE=2.606e-04 [colloc=2.111e-04, cfd=4.942e-05]  WALL=5.646e-18  DATA=1.088e-01
Invoked: SSBroyden1 approach!
[BFGS] batch=   8  call=   548  total=2.098e-04  PDE=2.593e-04 [colloc=2.100e-04, cfd=4.930e-05]  WALL=5.830e-18  DATA=1.087e-01
Invoked: SSBroyden1 approach!
[BFGS] batch=   8  call=   549  total=2.092e-04  PDE=2.574e-04 [colloc=2.088e-04, cfd=4.867e-05]  WALL=5.916e-18  DATA=1.086e-01
Invoked: SSBroyden1 approach!
[BFGS] batch=   8  call=   550  total=2.069e-04  PDE=2.564e-04 [colloc=2.080e-04, cfd=4.836e-05]  WALL=5.908e-18  DATA=1.086e-01
Invoked: SSBroyden1 approach!
[BFGS] batch=   8  call=   551  total=2.053e-04  PDE=2.534e-04 [colloc=2.059e-04, cfd=4.751e-05]  WALL=5.860e-18  DATA=1.086e-01
Invoked: SSBroyden1 approach!
[BFGS] batch=   8  call=   552  total=2.030e-04  PDE=2.507e-04 [colloc=2.034e-04, cfd=4.722e-05]  WALL=5.969e-18  DATA=1.086e-01
Invoked: SSBroyden1 approach!
[BFGS] batch=   8  call=   553  total=2.012e-04  PDE=2.491e-04 [colloc=2.022e-04, cfd=4.699e-05]  WALL=5.942e-18  DATA=1.086e-01
Invoked: SSBroyden1 approach!
[BFGS] batch=   8  call=   554  total=1.986e-04  PDE=2.464e-04 [colloc=1.999e-04, cfd=4.652e-05]  WALL=6.114e-18  DATA=1.086e-01
Invoked: SSBroyden1 approach!
[BFGS] batch=   8  call=   555  total=1.978e-04  PDE=2.447e-04 [colloc=1.991e-04, cfd=4.562e-05]  WALL=5.818e-18  DATA=1.087e-01
Invoked: SSBroyden1 approach!
[BFGS] batch=   8  call=   556  total=1.961e-04  PDE=2.436e-04 [colloc=1.983e-04, cfd=4.524e-05]  WALL=5.958e-18  DATA=1.086e-01
Invoked: SSBroyden1 approach!
[BFGS] batch=   8  call=   557  total=1.957e-04  PDE=2.427e-04 [colloc=1.985e-04, cfd=4.415e-05]  WALL=5.727e-18  DATA=1.086e-01
Invoked: SSBroyden1 approach!
[BFGS] batch=   8  call=   558  total=1.941e-04  PDE=2.420e-04 [colloc=1.980e-04, cfd=4.398e-05]  WALL=5.748e-18  DATA=1.086e-01
Invoked: SSBroyden1 approach!
[BFGS] batch=   8  call=   559  total=1.920e-04  PDE=2.385e-04 [colloc=1.955e-04, cfd=4.306e-05]  WALL=5.894e-18  DATA=1.085e-01
Invoked: SSBroyden1 approach!
[BFGS] batch=   8  call=   560  total=1.899e-04  PDE=2.358e-04 [colloc=1.936e-04, cfd=4.222e-05]  WALL=5.996e-18  DATA=1.084e-01
Invoked: SSBroyden1 approach!
[BFGS] batch=   8  call=   561  total=1.875e-04  PDE=2.335e-04 [colloc=1.922e-04, cfd=4.130e-05]  WALL=6.074e-18  DATA=1.084e-01
Invoked: SSBroyden1 approach!
[BFGS] batch=   8  call=   563  total=1.854e-04  PDE=2.329e-04 [colloc=1.919e-04, cfd=4.099e-05]  WALL=6.208e-18  DATA=1.084e-01
Invoked: SSBroyden1 approach!
[BFGS] batch=   8  call=   573  total=1.852e-04  PDE=2.321e-04 [colloc=1.913e-04, cfd=4.083e-05]  WALL=6.211e-18  DATA=1.084e-01
Invoked: SSBroyden1 approach!
[BFGS] batch=   8  call=   577  total=1.851e-04  PDE=2.318e-04 [colloc=1.911e-04, cfd=4.070e-05]  WALL=6.180e-18  DATA=1.084e-01
Invoked: SSBroyden1 approach!
[BFGS] batch=   8  call=   578  total=1.843e-04  PDE=2.315e-04 [colloc=1.908e-04, cfd=4.063e-05]  WALL=6.153e-18  DATA=1.084e-01
Invoked: SSBroyden1 approach!
[BFGS] batch=   8  call=   579  total=1.835e-04  PDE=2.301e-04 [colloc=1.895e-04, cfd=4.064e-05]  WALL=6.083e-18  DATA=1.084e-01
Invoked: SSBroyden1 approach!
[BFGS] batch=   8  call=   580  total=1.820e-04  PDE=2.285e-04 [colloc=1.882e-04, cfd=4.029e-05]  WALL=6.011e-18  DATA=1.084e-01
Invoked: SSBroyden1 approach!
[BFGS] batch=   8  call=   581  total=1.804e-04  PDE=2.258e-04 [colloc=1.854e-04, cfd=4.035e-05]  WALL=5.749e-18  DATA=1.085e-01
Invoked: SSBroyden1 approach!
[BFGS] batch=   8  call=   582  total=1.781e-04  PDE=2.238e-04 [colloc=1.839e-04, cfd=3.992e-05]  WALL=5.490e-18  DATA=1.085e-01
Invoked: SSBroyden1 approach!
[BFGS] batch=   8  call=   584  total=1.777e-04  PDE=2.225e-04 [colloc=1.828e-04, cfd=3.973e-05]  WALL=5.510e-18  DATA=1.086e-01
Invoked: SSBroyden1 approach!
[BFGS] batch=   8  call=   585  total=1.775e-04  PDE=2.219e-04 [colloc=1.823e-04, cfd=3.959e-05]  WALL=5.492e-18  DATA=1.086e-01
Invoked: SSBroyden1 approach!
[BFGS] batch=   8  call=   586  total=1.775e-04  PDE=2.214e-04 [colloc=1.819e-04, cfd=3.949e-05]  WALL=5.455e-18  DATA=1.086e-01
Invoked: SSBroyden1 approach!
[BFGS] batch=   8  call=   587  total=1.763e-04  PDE=2.213e-04 [colloc=1.818e-04, cfd=3.946e-05]  WALL=5.451e-18  DATA=1.086e-01
Invoked: SSBroyden1 approach!
[BFGS] batch=   8  call=   588  total=1.760e-04  PDE=2.201e-04 [colloc=1.808e-04, cfd=3.929e-05]  WALL=5.501e-18  DATA=1.085e-01
Invoked: SSBroyden1 approach!
[BFGS] batch=   8  call=   589  total=1.745e-04  PDE=2.194e-04 [colloc=1.801e-04, cfd=3.931e-05]  WALL=5.482e-18  DATA=1.085e-01
Invoked: SSBroyden1 approach!
[BFGS] batch=   8  call=   590  total=1.733e-04  PDE=2.171e-04 [colloc=1.781e-04, cfd=3.902e-05]  WALL=5.456e-18  DATA=1.085e-01
Invoked: SSBroyden1 approach!
[BFGS] batch=   8  call=   591  total=1.724e-04  PDE=2.156e-04 [colloc=1.765e-04, cfd=3.915e-05]  WALL=5.482e-18  DATA=1.085e-01
Invoked: SSBroyden1 approach!
[BFGS] batch=   8  call=   592  total=1.715e-04  PDE=2.144e-04 [colloc=1.750e-04, cfd=3.940e-05]  WALL=5.319e-18  DATA=1.086e-01
Invoked: SSBroyden1 approach!
[BFGS] batch=   8  call=   593  total=1.710e-04  PDE=2.130e-04 [colloc=1.735e-04, cfd=3.943e-05]  WALL=5.296e-18  DATA=1.086e-01
Invoked: SSBroyden1 approach!
[BFGS] batch=   8  call=   594  total=1.699e-04  PDE=2.121e-04 [colloc=1.726e-04, cfd=3.945e-05]  WALL=5.312e-18  DATA=1.086e-01
Invoked: SSBroyden1 approach!
[BFGS] batch=   8  call=   595  total=1.682e-04  PDE=2.103e-04 [colloc=1.714e-04, cfd=3.885e-05]  WALL=5.202e-18  DATA=1.086e-01
Invoked: SSBroyden1 approach!
[BFGS] batch=   8  call=   596  total=1.662e-04  PDE=2.083e-04 [colloc=1.699e-04, cfd=3.847e-05]  WALL=5.236e-18  DATA=1.087e-01
Invoked: SSBroyden1 approach!
[BFGS] batch=   8  call=   598  total=1.651e-04  PDE=2.070e-04 [colloc=1.688e-04, cfd=3.822e-05]  WALL=5.216e-18  DATA=1.087e-01
Invoked: SSBroyden1 approach!
[BFGS] batch=   8  call=   599  total=1.636e-04  PDE=2.054e-04 [colloc=1.674e-04, cfd=3.797e-05]  WALL=5.363e-18  DATA=1.085e-01
Invoked: SSBroyden1 approach!
[BFGS] batch=   8  call=   600  total=1.631e-04  PDE=2.041e-04 [colloc=1.658e-04, cfd=3.832e-05]  WALL=5.203e-18  DATA=1.084e-01
Invoked: SSBroyden1 approach!
[BFGS] batch=   8  call=   601  total=1.622e-04  PDE=2.032e-04 [colloc=1.649e-04, cfd=3.829e-05]  WALL=5.225e-18  DATA=1.084e-01
Invoked: SSBroyden1 approach!
[BFGS] batch=   8  call=   602  total=1.611e-04  PDE=2.017e-04 [colloc=1.636e-04, cfd=3.818e-05]  WALL=5.128e-18  DATA=1.084e-01
Invoked: SSBroyden1 approach!
[BFGS] batch=   8  call=   603  total=1.600e-04  PDE=2.007e-04 [colloc=1.629e-04, cfd=3.783e-05]  WALL=5.206e-18  DATA=1.085e-01
Invoked: SSBroyden1 approach!
[BFGS] batch=   8  call=   604  total=1.577e-04  PDE=1.987e-04 [colloc=1.616e-04, cfd=3.715e-05]  WALL=5.182e-18  DATA=1.085e-01
Invoked: SSBroyden1 approach!
[BFGS] batch=   8  call=   605  total=1.566e-04  PDE=1.973e-04 [colloc=1.601e-04, cfd=3.714e-05]  WALL=5.220e-18  DATA=1.086e-01
Invoked: SSBroyden1 approach!
[BFGS] batch=   8  call=   606  total=1.556e-04  PDE=1.954e-04 [colloc=1.586e-04, cfd=3.676e-05]  WALL=5.191e-18  DATA=1.085e-01
Invoked: SSBroyden1 approach!
[BFGS] batch=   8  call=   607  total=1.545e-04  PDE=1.931e-04 [colloc=1.569e-04, cfd=3.626e-05]  WALL=5.238e-18  DATA=1.085e-01
Invoked: SSBroyden1 approach!
[BFGS] batch=   8  call=   608  total=1.531e-04  PDE=1.910e-04 [colloc=1.553e-04, cfd=3.575e-05]  WALL=5.204e-18  DATA=1.086e-01
Invoked: SSBroyden1 approach!
[BFGS] batch=   8  call=   609  total=1.519e-04  PDE=1.895e-04 [colloc=1.538e-04, cfd=3.565e-05]  WALL=5.099e-18  DATA=1.087e-01
Invoked: SSBroyden1 approach!
[BFGS] batch=   8  call=   610  total=1.499e-04  PDE=1.870e-04 [colloc=1.518e-04, cfd=3.520e-05]  WALL=5.153e-18  DATA=1.087e-01
Invoked: SSBroyden1 approach!
[BFGS] batch=   8  call=   611  total=1.490e-04  PDE=1.861e-04 [colloc=1.516e-04, cfd=3.455e-05]  WALL=4.956e-18  DATA=1.088e-01
Invoked: SSBroyden1 approach!
[BFGS] batch=   8  call=   612  total=1.476e-04  PDE=1.840e-04 [colloc=1.497e-04, cfd=3.432e-05]  WALL=5.007e-18  DATA=1.088e-01
Invoked: SSBroyden1 approach!
[BFGS] batch=   8  call=   613  total=1.461e-04  PDE=1.815e-04 [colloc=1.475e-04, cfd=3.400e-05]  WALL=5.243e-18  DATA=1.087e-01
Invoked: SSBroyden1 approach!
[BFGS] batch=   8  call=   614  total=1.454e-04  PDE=1.802e-04 [colloc=1.463e-04, cfd=3.383e-05]  WALL=5.017e-18  DATA=1.087e-01
Invoked: SSBroyden1 approach!
[BFGS] batch=   8  call=   615  total=1.447e-04  PDE=1.790e-04 [colloc=1.455e-04, cfd=3.354e-05]  WALL=5.206e-18  DATA=1.087e-01
Invoked: SSBroyden1 approach!
[BFGS] batch=   8  call=   616  total=1.433e-04  PDE=1.780e-04 [colloc=1.449e-04, cfd=3.304e-05]  WALL=5.171e-18  DATA=1.087e-01
Invoked: SSBroyden1 approach!
[BFGS] batch=   8  call=   618  total=1.425e-04  PDE=1.771e-04 [colloc=1.443e-04, cfd=3.284e-05]  WALL=5.175e-18  DATA=1.087e-01
Invoked: SSBroyden1 approach!
[BFGS] batch=   8  call=   619  total=1.423e-04  PDE=1.761e-04 [colloc=1.437e-04, cfd=3.243e-05]  WALL=5.288e-18  DATA=1.086e-01
Invoked: SSBroyden1 approach!
[BFGS] batch=   8  call=   620  total=1.419e-04  PDE=1.756e-04 [colloc=1.432e-04, cfd=3.235e-05]  WALL=5.283e-18  DATA=1.087e-01
Invoked: SSBroyden1 approach!
[BFGS] batch=   8  call=   621  total=1.413e-04  PDE=1.746e-04 [colloc=1.426e-04, cfd=3.202e-05]  WALL=5.325e-18  DATA=1.086e-01
Invoked: SSBroyden1 approach!
[BFGS] batch=   8  call=   622  total=1.402e-04  PDE=1.734e-04 [colloc=1.418e-04, cfd=3.156e-05]  WALL=5.358e-18  DATA=1.086e-01
Invoked: SSBroyden1 approach!
[BFGS] batch=   8  call=   623  total=1.389e-04  PDE=1.717e-04 [colloc=1.405e-04, cfd=3.123e-05]  WALL=5.356e-18  DATA=1.087e-01
Invoked: SSBroyden1 approach!
[BFGS] batch=   8  call=   624  total=1.376e-04  PDE=1.700e-04 [colloc=1.399e-04, cfd=3.014e-05]  WALL=5.439e-18  DATA=1.086e-01
Invoked: SSBroyden1 approach!
[BFGS] batch=   8  call=   625  total=1.367e-04  PDE=1.684e-04 [colloc=1.383e-04, cfd=3.002e-05]  WALL=5.219e-18  DATA=1.086e-01
Invoked: SSBroyden1 approach!
[BFGS] batch=   8  call=   626  total=1.354e-04  PDE=1.676e-04 [colloc=1.378e-04, cfd=2.982e-05]  WALL=5.207e-18  DATA=1.087e-01
Invoked: SSBroyden1 approach!
[BFGS] batch=   8  call=   628  total=1.346e-04  PDE=1.666e-04 [colloc=1.373e-04, cfd=2.935e-05]  WALL=5.235e-18  DATA=1.087e-01
Invoked: SSBroyden1 approach!
[BFGS] batch=   8  call=   635  total=1.344e-04  PDE=1.665e-04 [colloc=1.372e-04, cfd=2.930e-05]  WALL=5.239e-18  DATA=1.086e-01
  [PT] w_u=0.8498 w_v=6.5447 gamma=0.470 (tau_u=1.177e+00 tau_v=1.528e-01 |Du|=6.87e-01 |DRu|=8.77e-01)
[BFGS] batch 8: H0 not PD — resetting to identity.
[BFGS-END] batch=   8  last_total=1.348e-04  last_PDE=1.663e-04 [colloc=1.371e-04, cfd=2.926e-05]  last_WALL=5.241e-18  last_DATA=1.086e-01
/oscar/home/jchen790/cylinder flow lab/src/cfp40.py:1430: OptimizeWarning: Unknown solver options: hess, hessp, bounds, constraints, tol
  result = minimize(
Invoked: SSBroyden1 approach!
[BFGS] batch=   9  call=   655  total=1.754e-04  PDE=2.276e-04 [colloc=1.980e-04, cfd=2.961e-05]  WALL=5.200e-18  DATA=1.087e-01
Invoked: SSBroyden1 approach!
[BFGS] batch=   9  call=   656  total=1.714e-04  PDE=2.214e-04 [colloc=1.917e-04, cfd=2.961e-05]  WALL=5.191e-18  DATA=1.087e-01
Invoked: SSBroyden1 approach!
[BFGS] batch=   9  call=   657  total=1.691e-04  PDE=2.167e-04 [colloc=1.867e-04, cfd=2.998e-05]  WALL=5.165e-18  DATA=1.088e-01
Invoked: SSBroyden1 approach!
[BFGS] batch=   9  call=   658  total=1.652e-04  PDE=2.106e-04 [colloc=1.806e-04, cfd=3.010e-05]  WALL=5.162e-18  DATA=1.089e-01
Invoked: SSBroyden1 approach!
[BFGS] batch=   9  call=   659  total=1.636e-04  PDE=2.089e-04 [colloc=1.795e-04, cfd=2.948e-05]  WALL=5.759e-18  DATA=1.089e-01
Invoked: SSBroyden1 approach!
[BFGS] batch=   9  call=   660  total=1.611e-04  PDE=2.059e-04 [colloc=1.767e-04, cfd=2.921e-05]  WALL=5.955e-18  DATA=1.089e-01
Invoked: SSBroyden1 approach!
[BFGS] batch=   9  call=   661  total=1.584e-04  PDE=2.017e-04 [colloc=1.727e-04, cfd=2.905e-05]  WALL=5.526e-18  DATA=1.091e-01
Invoked: SSBroyden1 approach!
[BFGS] batch=   9  call=   662  total=1.553e-04  PDE=1.970e-04 [colloc=1.683e-04, cfd=2.868e-05]  WALL=5.827e-18  DATA=1.091e-01
Invoked: SSBroyden1 approach!
[BFGS] batch=   9  call=   663  total=1.507e-04  PDE=1.914e-04 [colloc=1.631e-04, cfd=2.828e-05]  WALL=5.808e-18  DATA=1.092e-01
Invoked: SSBroyden1 approach!
[BFGS] batch=   9  call=   664  total=1.478e-04  PDE=1.867e-04 [colloc=1.585e-04, cfd=2.810e-05]  WALL=5.709e-18  DATA=1.093e-01
Invoked: SSBroyden1 approach!
[BFGS] batch=   9  call=   665  total=1.448e-04  PDE=1.810e-04 [colloc=1.530e-04, cfd=2.806e-05]  WALL=5.588e-18  DATA=1.093e-01
Invoked: SSBroyden1 approach!
[BFGS] batch=   9  call=   666  total=1.430e-04  PDE=1.800e-04 [colloc=1.519e-04, cfd=2.803e-05]  WALL=5.441e-18  DATA=1.092e-01
Invoked: SSBroyden1 approach!
[BFGS] batch=   9  call=   667  total=1.415e-04  PDE=1.769e-04 [colloc=1.490e-04, cfd=2.789e-05]  WALL=5.468e-18  DATA=1.093e-01
Invoked: SSBroyden1 approach!
[BFGS] batch=   9  call=   668  total=1.400e-04  PDE=1.761e-04 [colloc=1.487e-04, cfd=2.741e-05]  WALL=5.517e-18  DATA=1.092e-01
Invoked: SSBroyden1 approach!
[BFGS] batch=   9  call=   669  total=1.396e-04  PDE=1.750e-04 [colloc=1.472e-04, cfd=2.774e-05]  WALL=5.487e-18  DATA=1.093e-01
Invoked: SSBroyden1 approach!
[BFGS] batch=   9  call=   670  total=1.389e-04  PDE=1.739e-04 [colloc=1.464e-04, cfd=2.749e-05]  WALL=5.483e-18  DATA=1.094e-01
Invoked: SSBroyden1 approach!
[BFGS] batch=   9  call=   671  total=1.377e-04  PDE=1.730e-04 [colloc=1.455e-04, cfd=2.743e-05]  WALL=5.512e-18  DATA=1.094e-01
Invoked: SSBroyden1 approach!
[BFGS] batch=   9  call=   673  total=1.374e-04  PDE=1.723e-04 [colloc=1.449e-04, cfd=2.742e-05]  WALL=5.536e-18  DATA=1.094e-01
Invoked: SSBroyden1 approach!
[BFGS] batch=   9  call=   674  total=1.370e-04  PDE=1.719e-04 [colloc=1.445e-04, cfd=2.738e-05]  WALL=5.537e-18  DATA=1.094e-01
Invoked: SSBroyden1 approach!
[BFGS] batch=   9  call=   675  total=1.358e-04  PDE=1.712e-04 [colloc=1.439e-04, cfd=2.726e-05]  WALL=5.538e-18  DATA=1.094e-01
Invoked: SSBroyden1 approach!
[BFGS] batch=   9  call=   677  total=1.353e-04  PDE=1.707e-04 [colloc=1.433e-04, cfd=2.735e-05]  WALL=5.535e-18  DATA=1.094e-01
Invoked: SSBroyden1 approach!
[BFGS] batch=   9  call=   678  total=1.348e-04  PDE=1.697e-04 [colloc=1.424e-04, cfd=2.733e-05]  WALL=5.518e-18  DATA=1.094e-01
Invoked: SSBroyden1 approach!
[BFGS] batch=   9  call=   679  total=1.344e-04  PDE=1.694e-04 [colloc=1.419e-04, cfd=2.749e-05]  WALL=5.479e-18  DATA=1.094e-01
Invoked: SSBroyden1 approach!
[BFGS] batch=   9  call=   680  total=1.340e-04  PDE=1.688e-04 [colloc=1.414e-04, cfd=2.745e-05]  WALL=5.475e-18  DATA=1.094e-01
Invoked: SSBroyden1 approach!
[BFGS] batch=   9  call=   681  total=1.337e-04  PDE=1.682e-04 [colloc=1.406e-04, cfd=2.754e-05]  WALL=5.447e-18  DATA=1.094e-01
Invoked: SSBroyden1 approach!
[BFGS] batch=   9  call=   682  total=1.332e-04  PDE=1.678e-04 [colloc=1.402e-04, cfd=2.758e-05]  WALL=5.449e-18  DATA=1.095e-01
Invoked: SSBroyden1 approach!
[BFGS] batch=   9  call=   683  total=1.329e-04  PDE=1.669e-04 [colloc=1.392e-04, cfd=2.768e-05]  WALL=5.496e-18  DATA=1.094e-01
Invoked: SSBroyden1 approach!
[BFGS] batch=   9  call=   684  total=1.322e-04  PDE=1.664e-04 [colloc=1.388e-04, cfd=2.763e-05]  WALL=5.493e-18  DATA=1.094e-01
Invoked: SSBroyden1 approach!
[BFGS] batch=   9  call=   685  total=1.318e-04  PDE=1.656e-04 [colloc=1.381e-04, cfd=2.744e-05]  WALL=5.413e-18  DATA=1.094e-01
Invoked: SSBroyden1 approach!
[BFGS] batch=   9  call=   686  total=1.313e-04  PDE=1.650e-04 [colloc=1.377e-04, cfd=2.730e-05]  WALL=5.313e-18  DATA=1.094e-01
Invoked: SSBroyden1 approach!
[BFGS] batch=   9  call=   688  total=1.308e-04  PDE=1.646e-04 [colloc=1.374e-04, cfd=2.719e-05]  WALL=5.322e-18  DATA=1.094e-01
Invoked: SSBroyden1 approach!
[BFGS] batch=   9  call=   689  total=1.306e-04  PDE=1.640e-04 [colloc=1.370e-04, cfd=2.697e-05]  WALL=5.380e-18  DATA=1.094e-01
Invoked: SSBroyden1 approach!
[BFGS] batch=   9  call=   690  total=1.302e-04  PDE=1.637e-04 [colloc=1.368e-04, cfd=2.686e-05]  WALL=5.373e-18  DATA=1.094e-01
Invoked: SSBroyden1 approach!
[BFGS] batch=   9  call=   691  total=1.300e-04  PDE=1.631e-04 [colloc=1.364e-04, cfd=2.669e-05]  WALL=5.370e-18  DATA=1.094e-01
Invoked: SSBroyden1 approach!
[BFGS] batch=   9  call=   692  total=1.295e-04  PDE=1.626e-04 [colloc=1.359e-04, cfd=2.669e-05]  WALL=5.329e-18  DATA=1.094e-01
Invoked: SSBroyden1 approach!
[BFGS] batch=   9  call=   693  total=1.291e-04  PDE=1.616e-04 [colloc=1.349e-04, cfd=2.667e-05]  WALL=5.303e-18  DATA=1.094e-01
Invoked: SSBroyden1 approach!
[BFGS] batch=   9  call=   694  total=1.279e-04  PDE=1.607e-04 [colloc=1.342e-04, cfd=2.652e-05]  WALL=5.260e-18  DATA=1.094e-01
Invoked: SSBroyden1 approach!
[BFGS] batch=   9  call=   695  total=1.274e-04  PDE=1.590e-04 [colloc=1.324e-04, cfd=2.653e-05]  WALL=5.172e-18  DATA=1.095e-01
Invoked: SSBroyden1 approach!
[BFGS] batch=   9  call=   696  total=1.269e-04  PDE=1.581e-04 [colloc=1.317e-04, cfd=2.647e-05]  WALL=5.095e-18  DATA=1.095e-01
Invoked: SSBroyden1 approach!
[BFGS] batch=   9  call=   697  total=1.265e-04  PDE=1.575e-04 [colloc=1.313e-04, cfd=2.625e-05]  WALL=5.073e-18  DATA=1.094e-01
Invoked: SSBroyden1 approach!
[BFGS] batch=   9  call=   698  total=1.258e-04  PDE=1.572e-04 [colloc=1.308e-04, cfd=2.636e-05]  WALL=5.003e-18  DATA=1.094e-01
Invoked: SSBroyden1 approach!
[BFGS] batch=   9  call=   699  total=1.251e-04  PDE=1.571e-04 [colloc=1.308e-04, cfd=2.634e-05]  WALL=5.005e-18  DATA=1.094e-01
Invoked: SSBroyden1 approach!
[BFGS] batch=   9  call=   701  total=1.249e-04  PDE=1.570e-04 [colloc=1.307e-04, cfd=2.629e-05]  WALL=4.987e-18  DATA=1.094e-01
Invoked: SSBroyden1 approach!
[BFGS] batch=   9  call=   702  total=1.244e-04  PDE=1.567e-04 [colloc=1.305e-04, cfd=2.619e-05]  WALL=4.979e-18  DATA=1.095e-01
Invoked: SSBroyden1 approach!
[BFGS] batch=   9  call=   703  total=1.244e-04  PDE=1.564e-04 [colloc=1.303e-04, cfd=2.613e-05]  WALL=5.022e-18  DATA=1.094e-01
Invoked: SSBroyden1 approach!
[BFGS] batch=   9  call=   704  total=1.243e-04  PDE=1.562e-04 [colloc=1.301e-04, cfd=2.611e-05]  WALL=5.018e-18  DATA=1.094e-01
Invoked: SSBroyden1 approach!
[BFGS] batch=   9  call=   706  total=1.234e-04  PDE=1.559e-04 [colloc=1.298e-04, cfd=2.607e-05]  WALL=5.007e-18  DATA=1.094e-01
Invoked: SSBroyden1 approach!
[BFGS] batch=   9  call=   716  total=1.233e-04  PDE=1.555e-04 [colloc=1.294e-04, cfd=2.602e-05]  WALL=5.003e-18  DATA=1.095e-01
Invoked: SSBroyden1 approach!
[BFGS] batch=   9  call=   723  total=1.231e-04  PDE=1.551e-04 [colloc=1.292e-04, cfd=2.599e-05]  WALL=4.994e-18  DATA=1.095e-01
  [PT] w_u=0.8973 w_v=7.0183 gamma=0.447 (tau_u=1.114e+00 tau_v=1.425e-01 |Du|=4.17e-01 |DRu|=3.74e-01)
[BFGS-END] batch=   9  last_total=1.234e-04  last_PDE=1.550e-04 [colloc=1.290e-04, cfd=2.598e-05]  last_WALL=4.994e-18  last_DATA=1.095e-01
/oscar/home/jchen790/cylinder flow lab/src/cfp40.py:1430: OptimizeWarning: Unknown solver options: hess, hessp, bounds, constraints, tol
  result = minimize(
Invoked: SSBroyden1 approach!
[BFGS] batch=  10  call=   744  total=1.285e-04  PDE=1.633e-04 [colloc=1.367e-04, cfd=2.657e-05]  WALL=5.192e-18  DATA=1.100e-01
Invoked: SSBroyden1 approach!
[BFGS] batch=  10  call=   746  total=1.258e-04  PDE=1.603e-04 [colloc=1.340e-04, cfd=2.627e-05]  WALL=5.172e-18  DATA=1.101e-01
Invoked: SSBroyden1 approach!
[BFGS] batch=  10  call=   747  total=1.240e-04  PDE=1.577e-04 [colloc=1.316e-04, cfd=2.608e-05]  WALL=5.131e-18  DATA=1.101e-01
Invoked: SSBroyden1 approach!
[BFGS] batch=  10  call=   748  total=1.231e-04  PDE=1.562e-04 [colloc=1.297e-04, cfd=2.642e-05]  WALL=5.050e-18  DATA=1.101e-01
Invoked: SSBroyden1 approach!
[BFGS] batch=  10  call=   749  total=1.220e-04  PDE=1.551e-04 [colloc=1.289e-04, cfd=2.626e-05]  WALL=4.995e-18  DATA=1.101e-01
Invoked: SSBroyden1 approach!
[BFGS] batch=  10  call=   750  total=1.215e-04  PDE=1.541e-04 [colloc=1.280e-04, cfd=2.612e-05]  WALL=5.012e-18  DATA=1.100e-01
Invoked: SSBroyden1 approach!
[BFGS] batch=  10  call=   751  total=1.204e-04  PDE=1.531e-04 [colloc=1.272e-04, cfd=2.593e-05]  WALL=5.044e-18  DATA=1.100e-01
Invoked: SSBroyden1 approach!
[BFGS] batch=  10  call=   752  total=1.201e-04  PDE=1.521e-04 [colloc=1.261e-04, cfd=2.595e-05]  WALL=4.996e-18  DATA=1.099e-01
Invoked: SSBroyden1 approach!
[BFGS] batch=  10  call=   753  total=1.197e-04  PDE=1.516e-04 [colloc=1.259e-04, cfd=2.578e-05]  WALL=4.939e-18  DATA=1.100e-01
Invoked: SSBroyden1 approach!
[BFGS] batch=  10  call=   754  total=1.191e-04  PDE=1.510e-04 [colloc=1.253e-04, cfd=2.575e-05]  WALL=4.916e-18  DATA=1.100e-01
Invoked: SSBroyden1 approach!
[BFGS] batch=  10  call=   755  total=1.190e-04  PDE=1.510e-04 [colloc=1.250e-04, cfd=2.593e-05]  WALL=4.983e-18  DATA=1.101e-01
Invoked: SSBroyden1 approach!
[BFGS] batch=  10  call=   756  total=1.186e-04  PDE=1.507e-04 [colloc=1.249e-04, cfd=2.582e-05]  WALL=5.002e-18  DATA=1.101e-01
Invoked: SSBroyden1 approach!
[BFGS] batch=  10  call=   757  total=1.184e-04  PDE=1.499e-04 [colloc=1.244e-04, cfd=2.552e-05]  WALL=5.018e-18  DATA=1.100e-01
Invoked: SSBroyden1 approach!
[BFGS] batch=  10  call=   758  total=1.175e-04  PDE=1.493e-04 [colloc=1.239e-04, cfd=2.536e-05]  WALL=5.026e-18  DATA=1.100e-01
Invoked: SSBroyden1 approach!
[BFGS] batch=  10  call=   759  total=1.171e-04  PDE=1.482e-04 [colloc=1.231e-04, cfd=2.511e-05]  WALL=5.107e-18  DATA=1.100e-01
Invoked: SSBroyden1 approach!
[BFGS] batch=  10  call=   760  total=1.168e-04  PDE=1.474e-04 [colloc=1.224e-04, cfd=2.502e-05]  WALL=5.129e-18  DATA=1.100e-01
Invoked: SSBroyden1 approach!
[BFGS] batch=  10  call=   761  total=1.162e-04  PDE=1.469e-04 [colloc=1.218e-04, cfd=2.507e-05]  WALL=5.173e-18  DATA=1.100e-01
Invoked: SSBroyden1 approach!
[BFGS] batch=  10  call=   762  total=1.158e-04  PDE=1.462e-04 [colloc=1.215e-04, cfd=2.468e-05]  WALL=5.211e-18  DATA=1.100e-01
Invoked: SSBroyden1 approach!
[BFGS] batch=  10  call=   763  total=1.153e-04  PDE=1.457e-04 [colloc=1.210e-04, cfd=2.467e-05]  WALL=5.165e-18  DATA=1.100e-01
Invoked: SSBroyden1 approach!
[BFGS] batch=  10  call=   771  total=1.148e-04  PDE=1.452e-04 [colloc=1.203e-04, cfd=2.497e-05]  WALL=5.150e-18  DATA=1.100e-01
Invoked: SSBroyden1 approach!
[BFGS] batch=  10  call=   772  total=1.143e-04  PDE=1.445e-04 [colloc=1.196e-04, cfd=2.487e-05]  WALL=5.130e-18  DATA=1.100e-01
Invoked: SSBroyden1 approach!
[BFGS] batch=  10  call=   773  total=1.138e-04  PDE=1.437e-04 [colloc=1.189e-04, cfd=2.479e-05]  WALL=5.135e-18  DATA=1.100e-01
Invoked: SSBroyden1 approach!
[BFGS] batch=  10  call=   774  total=1.133e-04  PDE=1.431e-04 [colloc=1.184e-04, cfd=2.471e-05]  WALL=5.273e-18  DATA=1.099e-01
Invoked: SSBroyden1 approach!
[BFGS] batch=  10  call=   775  total=1.129e-04  PDE=1.422e-04 [colloc=1.177e-04, cfd=2.454e-05]  WALL=5.267e-18  DATA=1.100e-01
Invoked: SSBroyden1 approach!
[BFGS] batch=  10  call=   776  total=1.123e-04  PDE=1.416e-04 [colloc=1.173e-04, cfd=2.436e-05]  WALL=5.207e-18  DATA=1.100e-01
Invoked: SSBroyden1 approach!
[BFGS] batch=  10  call=   777  total=1.118e-04  PDE=1.413e-04 [colloc=1.170e-04, cfd=2.424e-05]  WALL=5.304e-18  DATA=1.100e-01
Invoked: SSBroyden1 approach!
[BFGS] batch=  10  call=   778  total=1.111e-04  PDE=1.406e-04 [colloc=1.165e-04, cfd=2.407e-05]  WALL=5.179e-18  DATA=1.100e-01
Invoked: SSBroyden1 approach!
[BFGS] batch=  10  call=   779  total=1.106e-04  PDE=1.397e-04 [colloc=1.159e-04, cfd=2.379e-05]  WALL=5.370e-18  DATA=1.100e-01
Invoked: SSBroyden1 approach!
[BFGS] batch=  10  call=   780  total=1.100e-04  PDE=1.391e-04 [colloc=1.155e-04, cfd=2.367e-05]  WALL=5.294e-18  DATA=1.100e-01
Invoked: SSBroyden1 approach!
[BFGS] batch=  10  call=   782  total=1.099e-04  PDE=1.387e-04 [colloc=1.151e-04, cfd=2.363e-05]  WALL=5.256e-18  DATA=1.100e-01
Invoked: SSBroyden1 approach!
[BFGS] batch=  10  call=   783  total=1.099e-04  PDE=1.385e-04 [colloc=1.150e-04, cfd=2.357e-05]  WALL=5.262e-18  DATA=1.100e-01
  [PT] w_u=0.9508 w_v=7.4352 gamma=0.433 (tau_u=1.052e+00 tau_v=1.345e-01 |Du|=3.77e-01 |DRu|=3.56e-01)
[PT] batch=  10  w=4.1930e+00
[BFGS] batch 10: H0 not PD — resetting to identity.
[BFGS-END] batch=  10  last_total=1.099e-04  last_PDE=1.385e-04 [colloc=1.150e-04, cfd=2.357e-05]  last_WALL=5.262e-18  last_DATA=1.100e-01
/oscar/home/jchen790/cylinder flow lab/src/cfp40.py:1430: OptimizeWarning: Unknown solver options: hess, hessp, bounds, constraints, tol
  result = minimize(
Invoked: SSBroyden1 approach!
[BFGS] batch=  11  call=   803  total=1.324e-04  PDE=1.727e-04 [colloc=1.492e-04, cfd=2.349e-05]  WALL=5.362e-18  DATA=1.100e-01
Invoked: SSBroyden1 approach!
[BFGS] batch=  11  call=   804  total=1.305e-04  PDE=1.695e-04 [colloc=1.461e-04, cfd=2.348e-05]  WALL=5.424e-18  DATA=1.100e-01
Invoked: SSBroyden1 approach!
[BFGS] batch=  11  call=   805  total=1.278e-04  PDE=1.654e-04 [colloc=1.420e-04, cfd=2.340e-05]  WALL=5.532e-18  DATA=1.100e-01
Invoked: SSBroyden1 approach!
[BFGS] batch=  11  call=   806  total=1.239e-04  PDE=1.601e-04 [colloc=1.368e-04, cfd=2.331e-05]  WALL=5.650e-18  DATA=1.101e-01
Invoked: SSBroyden1 approach!
[BFGS] batch=  11  call=   807  total=1.213e-04  PDE=1.561e-04 [colloc=1.328e-04, cfd=2.329e-05]  WALL=5.713e-18  DATA=1.102e-01
Invoked: SSBroyden1 approach!
[BFGS] batch=  11  call=   809  total=1.205e-04  PDE=1.551e-04 [colloc=1.319e-04, cfd=2.324e-05]  WALL=5.625e-18  DATA=1.102e-01
Invoked: SSBroyden1 approach!
[BFGS] batch=  11  call=   810  total=1.198e-04  PDE=1.536e-04 [colloc=1.305e-04, cfd=2.316e-05]  WALL=5.654e-18  DATA=1.103e-01
Invoked: SSBroyden1 approach!
[BFGS] batch=  11  call=   811  total=1.194e-04  PDE=1.528e-04 [colloc=1.296e-04, cfd=2.316e-05]  WALL=6.093e-18  DATA=1.102e-01
Invoked: SSBroyden1 approach!
[BFGS] batch=  11  call=   812  total=1.185e-04  PDE=1.520e-04 [colloc=1.289e-04, cfd=2.315e-05]  WALL=6.079e-18  DATA=1.102e-01
Invoked: SSBroyden1 approach!
[BFGS] batch=  11  call=   813  total=1.173e-04  PDE=1.503e-04 [colloc=1.274e-04, cfd=2.294e-05]  WALL=6.070e-18  DATA=1.103e-01
Invoked: SSBroyden1 approach!
[BFGS] batch=  11  call=   814  total=1.156e-04  PDE=1.480e-04 [colloc=1.251e-04, cfd=2.288e-05]  WALL=6.009e-18  DATA=1.103e-01
Invoked: SSBroyden1 approach!
[BFGS] batch=  11  call=   815  total=1.144e-04  PDE=1.465e-04 [colloc=1.235e-04, cfd=2.297e-05]  WALL=5.902e-18  DATA=1.103e-01
Invoked: SSBroyden1 approach!
[BFGS] batch=  11  call=   816  total=1.138e-04  PDE=1.446e-04 [colloc=1.216e-04, cfd=2.301e-05]  WALL=5.899e-18  DATA=1.103e-01
Invoked: SSBroyden1 approach!
[BFGS] batch=  11  call=   817  total=1.131e-04  PDE=1.438e-04 [colloc=1.209e-04, cfd=2.296e-05]  WALL=5.904e-18  DATA=1.103e-01
Invoked: SSBroyden1 approach!
[BFGS] batch=  11  call=   818  total=1.125e-04  PDE=1.433e-04 [colloc=1.205e-04, cfd=2.279e-05]  WALL=5.887e-18  DATA=1.103e-01
Invoked: SSBroyden1 approach!
[BFGS] batch=  11  call=   820  total=1.122e-04  PDE=1.426e-04 [colloc=1.198e-04, cfd=2.280e-05]  WALL=5.880e-18  DATA=1.104e-01
Invoked: SSBroyden1 approach!
[BFGS] batch=  11  call=   821  total=1.116e-04  PDE=1.420e-04 [colloc=1.192e-04, cfd=2.283e-05]  WALL=5.883e-18  DATA=1.104e-01
Invoked: SSBroyden1 approach!
[BFGS] batch=  11  call=   822  total=1.116e-04  PDE=1.416e-04 [colloc=1.186e-04, cfd=2.297e-05]  WALL=5.866e-18  DATA=1.104e-01
  [PT] w_u=1.0141 w_v=7.8063 gamma=0.421 (tau_u=9.861e-01 tau_v=1.281e-01 |Du|=2.19e-01 |DRu|=2.26e-01)
[BFGS-END] batch=  11  last_total=1.117e-04  last_PDE=1.416e-04 [colloc=1.186e-04, cfd=2.297e-05]  last_WALL=5.866e-18  last_DATA=1.104e-01
/oscar/home/jchen790/cylinder flow lab/src/cfp40.py:1430: OptimizeWarning: Unknown solver options: hess, hessp, bounds, constraints, tol
  result = minimize(
Invoked: SSBroyden1 approach!
[BFGS] batch=  12  call=   844  total=1.253e-04  PDE=1.618e-04 [colloc=1.375e-04, cfd=2.425e-05]  WALL=5.992e-18  DATA=1.104e-01
Invoked: SSBroyden1 approach!
[BFGS] batch=  12  call=   845  total=1.204e-04  PDE=1.553e-04 [colloc=1.310e-04, cfd=2.433e-05]  WALL=6.037e-18  DATA=1.105e-01
Invoked: SSBroyden1 approach!
[BFGS] batch=  12  call=   846  total=1.191e-04  PDE=1.527e-04 [colloc=1.279e-04, cfd=2.481e-05]  WALL=6.017e-18  DATA=1.107e-01
Invoked: SSBroyden1 approach!
[BFGS] batch=  12  call=   847  total=1.176e-04  PDE=1.505e-04 [colloc=1.259e-04, cfd=2.462e-05]  WALL=6.088e-18  DATA=1.107e-01
Invoked: SSBroyden1 approach!
[BFGS] batch=  12  call=   848  total=1.168e-04  PDE=1.494e-04 [colloc=1.251e-04, cfd=2.431e-05]  WALL=6.171e-18  DATA=1.107e-01
Invoked: SSBroyden1 approach!
[BFGS] batch=  12  call=   849  total=1.160e-04  PDE=1.483e-04 [colloc=1.242e-04, cfd=2.407e-05]  WALL=6.152e-18  DATA=1.107e-01
Invoked: SSBroyden1 approach!
[BFGS] batch=  12  call=   851  total=1.156e-04  PDE=1.480e-04 [colloc=1.238e-04, cfd=2.418e-05]  WALL=6.101e-18  DATA=1.107e-01
Invoked: SSBroyden1 approach!
[BFGS] batch=  12  call=   852  total=1.155e-04  PDE=1.478e-04 [colloc=1.236e-04, cfd=2.413e-05]  WALL=6.082e-18  DATA=1.107e-01
Invoked: SSBroyden1 approach!
[BFGS] batch=  12  call=   853  total=1.150e-04  PDE=1.475e-04 [colloc=1.234e-04, cfd=2.410e-05]  WALL=6.096e-18  DATA=1.107e-01
Invoked: SSBroyden1 approach!
[BFGS] batch=  12  call=   854  total=1.148e-04  PDE=1.473e-04 [colloc=1.234e-04, cfd=2.395e-05]  WALL=6.103e-18  DATA=1.106e-01
Invoked: SSBroyden1 approach!
[BFGS] batch=  12  call=   855  total=1.146e-04  PDE=1.470e-04 [colloc=1.230e-04, cfd=2.396e-05]  WALL=6.078e-18  DATA=1.106e-01
Invoked: SSBroyden1 approach!
[BFGS] batch=  12  call=   856  total=1.144e-04  PDE=1.466e-04 [colloc=1.226e-04, cfd=2.393e-05]  WALL=6.061e-18  DATA=1.106e-01
Invoked: SSBroyden1 approach!
[BFGS] batch=  12  call=   857  total=1.141e-04  PDE=1.460e-04 [colloc=1.220e-04, cfd=2.396e-05]  WALL=6.044e-18  DATA=1.106e-01
Invoked: SSBroyden1 approach!
[BFGS] batch=  12  call=   858  total=1.139e-04  PDE=1.454e-04 [colloc=1.214e-04, cfd=2.400e-05]  WALL=6.034e-18  DATA=1.106e-01
Invoked: SSBroyden1 approach!
[BFGS] batch=  12  call=   859  total=1.132e-04  PDE=1.451e-04 [colloc=1.211e-04, cfd=2.398e-05]  WALL=6.041e-18  DATA=1.106e-01
Invoked: SSBroyden1 approach!
[BFGS] batch=  12  call=   860  total=1.126e-04  PDE=1.443e-04 [colloc=1.204e-04, cfd=2.391e-05]  WALL=6.021e-18  DATA=1.106e-01
Invoked: SSBroyden1 approach!
[BFGS] batch=  12  call=   862  total=1.120e-04  PDE=1.441e-04 [colloc=1.202e-04, cfd=2.384e-05]  WALL=5.966e-18  DATA=1.106e-01
Invoked: SSBroyden1 approach!
[BFGS] batch=  12  call=   864  total=1.120e-04  PDE=1.439e-04 [colloc=1.200e-04, cfd=2.389e-05]  WALL=5.942e-18  DATA=1.106e-01
  [PT] w_u=1.0732 w_v=8.3892 gamma=0.420 (tau_u=9.318e-01 tau_v=1.192e-01 |Du|=2.06e-01 |DRu|=2.00e-01)
[BFGS-END] batch=  12  last_total=1.120e-04  last_PDE=1.439e-04 [colloc=1.200e-04, cfd=2.389e-05]  last_WALL=5.942e-18  last_DATA=1.106e-01
/oscar/home/jchen790/cylinder flow lab/src/cfp40.py:1430: OptimizeWarning: Unknown solver options: hess, hessp, bounds, constraints, tol
  result = minimize(
Invoked: SSBroyden1 approach!
[BFGS] batch=  13  call=   884  total=1.171e-04  PDE=1.516e-04 [colloc=1.251e-04, cfd=2.650e-05]  WALL=6.180e-18  DATA=1.107e-01
Invoked: SSBroyden1 approach!
[BFGS] batch=  13  call=   886  total=1.150e-04  PDE=1.485e-04 [colloc=1.223e-04, cfd=2.621e-05]  WALL=6.190e-18  DATA=1.108e-01
Invoked: SSBroyden1 approach!
[BFGS] batch=  13  call=   888  total=1.145e-04  PDE=1.476e-04 [colloc=1.215e-04, cfd=2.616e-05]  WALL=6.212e-18  DATA=1.108e-01
Invoked: SSBroyden1 approach!
[BFGS] batch=  13  call=   889  total=1.137e-04  PDE=1.469e-04 [colloc=1.207e-04, cfd=2.613e-05]  WALL=6.241e-18  DATA=1.108e-01
Invoked: SSBroyden1 approach!
[BFGS] batch=  13  call=   890  total=1.132e-04  PDE=1.461e-04 [colloc=1.201e-04, cfd=2.595e-05]  WALL=6.236e-18  DATA=1.107e-01
Invoked: SSBroyden1 approach!
[BFGS] batch=  13  call=   891  total=1.125e-04  PDE=1.456e-04 [colloc=1.194e-04, cfd=2.621e-05]  WALL=6.076e-18  DATA=1.108e-01
  [PT] w_u=1.0825 w_v=8.6088 gamma=0.419 (tau_u=9.238e-01 tau_v=1.162e-01 |Du|=1.83e-01 |DRu|=1.28e-01)
[BFGS-END] batch=  13  last_total=1.128e-04  last_PDE=1.456e-04 [colloc=1.194e-04, cfd=2.621e-05]  last_WALL=6.076e-18  last_DATA=1.108e-01
/oscar/home/jchen790/cylinder flow lab/src/cfp40.py:1430: OptimizeWarning: Unknown solver options: hess, hessp, bounds, constraints, tol
  result = minimize(
Invoked: SSBroyden1 approach!
[BFGS] batch=  14  call=   913  total=1.198e-04  PDE=1.561e-04 [colloc=1.312e-04, cfd=2.495e-05]  WALL=6.279e-18  DATA=1.108e-01
Invoked: SSBroyden1 approach!
[BFGS] batch=  14  call=   915  total=1.166e-04  PDE=1.521e-04 [colloc=1.271e-04, cfd=2.506e-05]  WALL=6.294e-18  DATA=1.108e-01
Invoked: SSBroyden1 approach!
[BFGS] batch=  14  call=   917  total=1.151e-04  PDE=1.497e-04 [colloc=1.248e-04, cfd=2.494e-05]  WALL=6.247e-18  DATA=1.109e-01
Invoked: SSBroyden1 approach!
[BFGS] batch=  14  call=   919  total=1.147e-04  PDE=1.489e-04 [colloc=1.241e-04, cfd=2.480e-05]  WALL=6.222e-18  DATA=1.110e-01
Invoked: SSBroyden1 approach!
[BFGS] batch=  14  call=   920  total=1.147e-04  PDE=1.488e-04 [colloc=1.241e-04, cfd=2.467e-05]  WALL=6.256e-18  DATA=1.111e-01
  [PT] w_u=1.0244 w_v=8.4385 gamma=0.425 (tau_u=9.762e-01 tau_v=1.185e-01 |Du|=1.69e-01 |DRu|=9.16e-02)
[BFGS-END] batch=  14  last_total=1.147e-04  last_PDE=1.488e-04 [colloc=1.241e-04, cfd=2.466e-05]  last_WALL=6.259e-18  last_DATA=1.111e-01
/oscar/home/jchen790/cylinder flow lab/src/cfp40.py:1430: OptimizeWarning: Unknown solver options: hess, hessp, bounds, constraints, tol
  result = minimize(
Invoked: SSBroyden1 approach!
[BFGS] batch=  15  call=   942  total=1.188e-04  PDE=1.551e-04 [colloc=1.289e-04, cfd=2.622e-05]  WALL=6.278e-18  DATA=1.111e-01
Invoked: SSBroyden1 approach!
[BFGS] batch=  15  call=   944  total=1.156e-04  PDE=1.505e-04 [colloc=1.240e-04, cfd=2.643e-05]  WALL=6.184e-18  DATA=1.112e-01
Invoked: SSBroyden1 approach!
[BFGS] batch=  15  call=   946  total=1.140e-04  PDE=1.487e-04 [colloc=1.228e-04, cfd=2.587e-05]  WALL=6.311e-18  DATA=1.112e-01
Invoked: SSBroyden1 approach!
[BFGS] batch=  15  call=   948  total=1.139e-04  PDE=1.484e-04 [colloc=1.225e-04, cfd=2.591e-05]  WALL=6.307e-18  DATA=1.112e-01
Invoked: SSBroyden1 approach!
[BFGS] batch=  15  call=   949  total=1.136e-04  PDE=1.481e-04 [colloc=1.222e-04, cfd=2.592e-05]  WALL=6.314e-18  DATA=1.113e-01
Invoked: SSBroyden1 approach!
[BFGS] batch=  15  call=   950  total=1.133e-04  PDE=1.478e-04 [colloc=1.218e-04, cfd=2.603e-05]  WALL=6.362e-18  DATA=1.113e-01
Invoked: SSBroyden1 approach!
[BFGS] batch=  15  call=   959  total=1.132e-04  PDE=1.475e-04 [colloc=1.215e-04, cfd=2.601e-05]  WALL=6.346e-18  DATA=1.113e-01
Invoked: SSBroyden1 approach!
[BFGS] batch=  15  call=   966  total=1.131e-04  PDE=1.474e-04 [colloc=1.214e-04, cfd=2.601e-05]  WALL=6.347e-18  DATA=1.113e-01
  [PT] w_u=1.0116 w_v=8.1758 gamma=0.421 (tau_u=9.886e-01 tau_v=1.223e-01 |Du|=2.00e-01 |DRu|=1.24e-01)
[BFGS-END] batch=  15  last_total=1.134e-04  last_PDE=1.474e-04 [colloc=1.214e-04, cfd=2.601e-05]  last_WALL=6.347e-18  last_DATA=1.113e-01
/oscar/home/jchen790/cylinder flow lab/src/cfp40.py:1430: OptimizeWarning: Unknown solver options: hess, hessp, bounds, constraints, tol
  result = minimize(
Invoked: SSBroyden1 approach!
[BFGS] batch=  16  call=   987  total=1.218e-04  PDE=1.600e-04 [colloc=1.338e-04, cfd=2.625e-05]  WALL=6.679e-18  DATA=1.114e-01
Invoked: SSBroyden1 approach!
[BFGS] batch=  16  call=   988  total=1.175e-04  PDE=1.541e-04 [colloc=1.273e-04, cfd=2.680e-05]  WALL=6.720e-18  DATA=1.115e-01
Invoked: SSBroyden1 approach!
[BFGS] batch=  16  call=   990  total=1.160e-04  PDE=1.523e-04 [colloc=1.257e-04, cfd=2.667e-05]  WALL=6.482e-18  DATA=1.115e-01
Invoked: SSBroyden1 approach!
[BFGS] batch=  16  call=   992  total=1.159e-04  PDE=1.518e-04 [colloc=1.253e-04, cfd=2.650e-05]  WALL=6.490e-18  DATA=1.116e-01
Invoked: SSBroyden1 approach!
[BFGS] batch=  16  call=   993  total=1.156e-04  PDE=1.514e-04 [colloc=1.250e-04, cfd=2.643e-05]  WALL=6.498e-18  DATA=1.116e-01
Invoked: SSBroyden1 approach!
[BFGS] batch=  16  call=   994  total=1.153e-04  PDE=1.508e-04 [colloc=1.246e-04, cfd=2.620e-05]  WALL=6.537e-18  DATA=1.116e-01
Invoked: SSBroyden1 approach!
[BFGS] batch=  16  call=   995  total=1.146e-04  PDE=1.502e-04 [colloc=1.242e-04, cfd=2.607e-05]  WALL=6.516e-18  DATA=1.116e-01
Invoked: SSBroyden1 approach!
[BFGS] batch=  16  call=   997  total=1.145e-04  PDE=1.497e-04 [colloc=1.237e-04, cfd=2.600e-05]  WALL=6.529e-18  DATA=1.116e-01
Invoked: SSBroyden1 approach!
[BFGS] batch=  16  call=  1004  total=1.144e-04  PDE=1.494e-04 [colloc=1.235e-04, cfd=2.589e-05]  WALL=6.539e-18  DATA=1.116e-01
Invoked: SSBroyden1 approach!
[BFGS] batch=  16  call=  1006  total=1.142e-04  PDE=1.492e-04 [colloc=1.233e-04, cfd=2.582e-05]  WALL=6.537e-18  DATA=1.116e-01
Invoked: SSBroyden1 approach!
[BFGS] batch=  16  call=  1007  total=1.141e-04  PDE=1.485e-04 [colloc=1.229e-04, cfd=2.558e-05]  WALL=6.525e-18  DATA=1.116e-01
Invoked: SSBroyden1 approach!
[BFGS] batch=  16  call=  1009  total=1.135e-04  PDE=1.478e-04 [colloc=1.224e-04, cfd=2.543e-05]  WALL=6.542e-18  DATA=1.115e-01
Invoked: SSBroyden1 approach!
[BFGS] batch=  16  call=  1010  total=1.134e-04  PDE=1.468e-04 [colloc=1.218e-04, cfd=2.502e-05]  WALL=6.528e-18  DATA=1.116e-01
Invoked: SSBroyden1 approach!
[BFGS] batch=  16  call=  1017  total=1.132e-04  PDE=1.466e-04 [colloc=1.216e-04, cfd=2.500e-05]  WALL=6.519e-18  DATA=1.116e-01
Invoked: SSBroyden1 approach!
[BFGS] batch=  16  call=  1018  total=1.125e-04  PDE=1.461e-04 [colloc=1.211e-04, cfd=2.497e-05]  WALL=6.512e-18  DATA=1.115e-01
Invoked: SSBroyden1 approach!
[BFGS] batch=  16  call=  1019  total=1.124e-04  PDE=1.447e-04 [colloc=1.198e-04, cfd=2.491e-05]  WALL=6.492e-18  DATA=1.115e-01
Invoked: SSBroyden1 approach!
[BFGS] batch=  16  call=  1020  total=1.121e-04  PDE=1.444e-04 [colloc=1.196e-04, cfd=2.487e-05]  WALL=6.509e-18  DATA=1.115e-01
Invoked: SSBroyden1 approach!
[BFGS] batch=  16  call=  1021  total=1.117e-04  PDE=1.440e-04 [colloc=1.191e-04, cfd=2.487e-05]  WALL=6.491e-18  DATA=1.115e-01
Invoked: SSBroyden1 approach!
[BFGS] batch=  16  call=  1022  total=1.115e-04  PDE=1.436e-04 [colloc=1.188e-04, cfd=2.481e-05]  WALL=6.527e-18  DATA=1.114e-01
Invoked: SSBroyden1 approach!
[BFGS] batch=  16  call=  1023  total=1.112e-04  PDE=1.432e-04 [colloc=1.185e-04, cfd=2.471e-05]  WALL=6.506e-18  DATA=1.114e-01
Invoked: SSBroyden1 approach!
[BFGS] batch=  16  call=  1024  total=1.111e-04  PDE=1.427e-04 [colloc=1.180e-04, cfd=2.473e-05]  WALL=6.522e-18  DATA=1.115e-01
Invoked: SSBroyden1 approach!
[BFGS] batch=  16  call=  1025  total=1.107e-04  PDE=1.426e-04 [colloc=1.179e-04, cfd=2.470e-05]  WALL=6.524e-18  DATA=1.115e-01
Invoked: SSBroyden1 approach!
[BFGS] batch=  16  call=  1026  total=1.100e-04  PDE=1.420e-04 [colloc=1.175e-04, cfd=2.449e-05]  WALL=6.555e-18  DATA=1.115e-01
Invoked: SSBroyden1 approach!
[BFGS] batch=  16  call=  1028  total=1.095e-04  PDE=1.414e-04 [colloc=1.170e-04, cfd=2.444e-05]  WALL=6.469e-18  DATA=1.115e-01
Invoked: SSBroyden1 approach!
[BFGS] batch=  16  call=  1030  total=1.090e-04  PDE=1.411e-04 [colloc=1.166e-04, cfd=2.443e-05]  WALL=6.506e-18  DATA=1.116e-01
  [PT] w_u=1.0944 w_v=8.8280 gamma=0.417 (tau_u=9.138e-01 tau_v=1.133e-01 |Du|=1.99e-01 |DRu|=2.62e-01)
[BFGS] batch 16: H0 not PD — resetting to identity.
[BFGS-END] batch=  16  last_total=1.096e-04  last_PDE=1.411e-04 [colloc=1.166e-04, cfd=2.443e-05]  last_WALL=6.506e-18  last_DATA=1.116e-01
/oscar/home/jchen790/cylinder flow lab/src/cfp40.py:1430: OptimizeWarning: Unknown solver options: hess, hessp, bounds, constraints, tol
  result = minimize(
Invoked: SSBroyden1 approach!
[BFGS] batch=  17  call=  1052  total=1.247e-04  PDE=1.642e-04 [colloc=1.392e-04, cfd=2.509e-05]  WALL=6.633e-18  DATA=1.116e-01
Invoked: SSBroyden1 approach!
[BFGS] batch=  17  call=  1053  total=1.233e-04  PDE=1.619e-04 [colloc=1.368e-04, cfd=2.508e-05]  WALL=6.687e-18  DATA=1.115e-01
Invoked: SSBroyden1 approach!
[BFGS] batch=  17  call=  1055  total=1.226e-04  PDE=1.610e-04 [colloc=1.360e-04, cfd=2.505e-05]  WALL=6.737e-18  DATA=1.116e-01
Invoked: SSBroyden1 approach!
[BFGS] batch=  17  call=  1056  total=1.219e-04  PDE=1.595e-04 [colloc=1.345e-04, cfd=2.501e-05]  WALL=6.781e-18  DATA=1.116e-01
Invoked: SSBroyden1 approach!
[BFGS] batch=  17  call=  1057  total=1.205e-04  PDE=1.582e-04 [colloc=1.333e-04, cfd=2.492e-05]  WALL=6.736e-18  DATA=1.116e-01
Invoked: SSBroyden1 approach!
[BFGS] batch=  17  call=  1067  total=1.203e-04  PDE=1.580e-04 [colloc=1.331e-04, cfd=2.494e-05]  WALL=6.749e-18  DATA=1.116e-01
Invoked: SSBroyden1 approach!
[BFGS] batch=  17  call=  1074  total=1.203e-04  PDE=1.577e-04 [colloc=1.328e-04, cfd=2.488e-05]  WALL=6.780e-18  DATA=1.116e-01
Invoked: SSBroyden1 approach!
[BFGS] batch=  17  call=  1075  total=1.201e-04  PDE=1.575e-04 [colloc=1.326e-04, cfd=2.487e-05]  WALL=6.755e-18  DATA=1.116e-01
Invoked: SSBroyden1 approach!
[BFGS] batch=  17  call=  1076  total=1.196e-04  PDE=1.570e-04 [colloc=1.321e-04, cfd=2.486e-05]  WALL=6.787e-18  DATA=1.116e-01
Invoked: SSBroyden1 approach!
[BFGS] batch=  17  call=  1077  total=1.190e-04  PDE=1.558e-04 [colloc=1.310e-04, cfd=2.479e-05]  WALL=6.744e-18  DATA=1.116e-01
Invoked: SSBroyden1 approach!
[BFGS] batch=  17  call=  1078  total=1.182e-04  PDE=1.546e-04 [colloc=1.299e-04, cfd=2.471e-05]  WALL=6.715e-18  DATA=1.116e-01
Invoked: SSBroyden1 approach!
[BFGS] batch=  17  call=  1079  total=1.171e-04  PDE=1.537e-04 [colloc=1.289e-04, cfd=2.480e-05]  WALL=6.729e-18  DATA=1.116e-01
Invoked: SSBroyden1 approach!
[BFGS] batch=  17  call=  1080  total=1.169e-04  PDE=1.530e-04 [colloc=1.282e-04, cfd=2.475e-05]  WALL=6.901e-18  DATA=1.116e-01
Invoked: SSBroyden1 approach!
[BFGS] batch=  17  call=  1081  total=1.165e-04  PDE=1.525e-04 [colloc=1.278e-04, cfd=2.478e-05]  WALL=6.909e-18  DATA=1.116e-01
Invoked: SSBroyden1 approach!
[BFGS] batch=  17  call=  1082  total=1.158e-04  PDE=1.519e-04 [colloc=1.271e-04, cfd=2.475e-05]  WALL=6.895e-18  DATA=1.116e-01
Invoked: SSBroyden1 approach!
[BFGS] batch=  17  call=  1083  total=1.156e-04  PDE=1.515e-04 [colloc=1.266e-04, cfd=2.484e-05]  WALL=6.820e-18  DATA=1.117e-01
Invoked: SSBroyden1 approach!
[BFGS] batch=  17  call=  1084  total=1.148e-04  PDE=1.510e-04 [colloc=1.262e-04, cfd=2.482e-05]  WALL=6.821e-18  DATA=1.117e-01
Invoked: SSBroyden1 approach!
[BFGS] batch=  17  call=  1086  total=1.147e-04  PDE=1.507e-04 [colloc=1.259e-04, cfd=2.483e-05]  WALL=6.823e-18  DATA=1.117e-01
Invoked: SSBroyden1 approach!
[BFGS] batch=  17  call=  1087  total=1.144e-04  PDE=1.505e-04 [colloc=1.257e-04, cfd=2.484e-05]  WALL=6.787e-18  DATA=1.117e-01
Invoked: SSBroyden1 approach!
[BFGS] batch=  17  call=  1088  total=1.144e-04  PDE=1.501e-04 [colloc=1.253e-04, cfd=2.482e-05]  WALL=6.765e-18  DATA=1.117e-01
Invoked: SSBroyden1 approach!
[BFGS] batch=  17  call=  1089  total=1.143e-04  PDE=1.500e-04 [colloc=1.252e-04, cfd=2.482e-05]  WALL=6.769e-18  DATA=1.117e-01
Invoked: SSBroyden1 approach!
[BFGS] batch=  17  call=  1090  total=1.139e-04  PDE=1.499e-04 [colloc=1.250e-04, cfd=2.484e-05]  WALL=6.739e-18  DATA=1.117e-01
Invoked: SSBroyden1 approach!
[BFGS] batch=  17  call=  1091  total=1.138e-04  PDE=1.496e-04 [colloc=1.246e-04, cfd=2.503e-05]  WALL=6.684e-18  DATA=1.117e-01
Invoked: SSBroyden1 approach!
[BFGS] batch=  17  call=  1092  total=1.134e-04  PDE=1.493e-04 [colloc=1.242e-04, cfd=2.512e-05]  WALL=6.671e-18  DATA=1.117e-01
Invoked: SSBroyden1 approach!
[BFGS] batch=  17  call=  1093  total=1.132e-04  PDE=1.490e-04 [colloc=1.239e-04, cfd=2.517e-05]  WALL=6.690e-18  DATA=1.117e-01
  [PT] w_u=1.1797 w_v=9.4965 gamma=0.416 (tau_u=8.477e-01 tau_v=1.053e-01 |Du|=1.55e-01 |DRu|=1.99e-01)
[BFGS-END] batch=  17  last_total=1.135e-04  last_PDE=1.490e-04 [colloc=1.239e-04, cfd=2.517e-05]  last_WALL=6.690e-18  last_DATA=1.117e-01
/oscar/home/jchen790/cylinder flow lab/src/cfp40.py:1430: OptimizeWarning: Unknown solver options: hess, hessp, bounds, constraints, tol
  result = minimize(
Invoked: SSBroyden1 approach!
[BFGS] batch=  18  call=  1114  total=1.218e-04  PDE=1.613e-04 [colloc=1.361e-04, cfd=2.517e-05]  WALL=6.805e-18  DATA=1.117e-01
Invoked: SSBroyden1 approach!
[BFGS] batch=  18  call=  1115  total=1.194e-04  PDE=1.575e-04 [colloc=1.322e-04, cfd=2.532e-05]  WALL=6.821e-18  DATA=1.117e-01
Invoked: SSBroyden1 approach!
[BFGS] batch=  18  call=  1117  total=1.182e-04  PDE=1.562e-04 [colloc=1.309e-04, cfd=2.532e-05]  WALL=6.886e-18  DATA=1.118e-01
Invoked: SSBroyden1 approach!
[BFGS] batch=  18  call=  1119  total=1.176e-04  PDE=1.555e-04 [colloc=1.301e-04, cfd=2.543e-05]  WALL=6.824e-18  DATA=1.118e-01
Invoked: SSBroyden1 approach!
[BFGS] batch=  18  call=  1121  total=1.174e-04  PDE=1.554e-04 [colloc=1.300e-04, cfd=2.537e-05]  WALL=6.782e-18  DATA=1.118e-01
Invoked: SSBroyden1 approach!
[BFGS] batch=  18  call=  1122  total=1.174e-04  PDE=1.552e-04 [colloc=1.298e-04, cfd=2.543e-05]  WALL=6.678e-18  DATA=1.118e-01
Invoked: SSBroyden1 approach!
[BFGS] batch=  18  call=  1123  total=1.171e-04  PDE=1.552e-04 [colloc=1.298e-04, cfd=2.542e-05]  WALL=6.680e-18  DATA=1.118e-01
Invoked: SSBroyden1 approach!
[BFGS] batch=  18  call=  1130  total=1.171e-04  PDE=1.548e-04 [colloc=1.294e-04, cfd=2.542e-05]  WALL=6.738e-18  DATA=1.118e-01
  [PT] w_u=1.2090 w_v=9.6753 gamma=0.422 (tau_u=8.271e-01 tau_v=1.034e-01 |Du|=1.19e-01 |DRu|=9.61e-02)
[BFGS-END] batch=  18  last_total=1.172e-04  last_PDE=1.548e-04 [colloc=1.294e-04, cfd=2.542e-05]  last_WALL=6.738e-18  last_DATA=1.118e-01
/oscar/home/jchen790/cylinder flow lab/src/cfp40.py:1430: OptimizeWarning: Unknown solver options: hess, hessp, bounds, constraints, tol
  result = minimize(
Invoked: SSBroyden1 approach!
[BFGS] batch=  19  call=  1149  total=1.237e-04  PDE=1.643e-04 [colloc=1.386e-04, cfd=2.575e-05]  WALL=6.795e-18  DATA=1.118e-01
Invoked: SSBroyden1 approach!
[BFGS] batch=  19  call=  1150  total=1.214e-04  PDE=1.613e-04 [colloc=1.354e-04, cfd=2.592e-05]  WALL=6.845e-18  DATA=1.119e-01
Invoked: SSBroyden1 approach!
[BFGS] batch=  19  call=  1151  total=1.203e-04  PDE=1.595e-04 [colloc=1.331e-04, cfd=2.643e-05]  WALL=7.261e-18  DATA=1.119e-01
Invoked: SSBroyden1 approach!
[BFGS] batch=  19  call=  1152  total=1.191e-04  PDE=1.577e-04 [colloc=1.315e-04, cfd=2.627e-05]  WALL=7.230e-18  DATA=1.119e-01
Invoked: SSBroyden1 approach!
[BFGS] batch=  19  call=  1154  total=1.183e-04  PDE=1.570e-04 [colloc=1.309e-04, cfd=2.601e-05]  WALL=7.211e-18  DATA=1.119e-01
Invoked: SSBroyden1 approach!
[BFGS] batch=  19  call=  1156  total=1.181e-04  PDE=1.565e-04 [colloc=1.306e-04, cfd=2.595e-05]  WALL=7.106e-18  DATA=1.119e-01
Invoked: SSBroyden1 approach!
[BFGS] batch=  19  call=  1157  total=1.179e-04  PDE=1.563e-04 [colloc=1.304e-04, cfd=2.597e-05]  WALL=7.045e-18  DATA=1.119e-01
Invoked: SSBroyden1 approach!
[BFGS] batch=  19  call=  1158  total=1.177e-04  PDE=1.561e-04 [colloc=1.302e-04, cfd=2.597e-05]  WALL=7.009e-18  DATA=1.119e-01
Invoked: SSBroyden1 approach!
[BFGS] batch=  19  call=  1167  total=1.174e-04  PDE=1.558e-04 [colloc=1.299e-04, cfd=2.592e-05]  WALL=7.039e-18  DATA=1.119e-01
Invoked: SSBroyden1 approach!
[BFGS] batch=  19  call=  1177  total=1.171e-04  PDE=1.556e-04 [colloc=1.297e-04, cfd=2.593e-05]  WALL=7.026e-18  DATA=1.120e-01
Invoked: SSBroyden1 approach!
[BFGS] batch=  19  call=  1179  total=1.171e-04  PDE=1.555e-04 [colloc=1.296e-04, cfd=2.588e-05]  WALL=7.049e-18  DATA=1.119e-01
  [PT] w_u=1.2681 w_v=9.8949 gamma=0.425 (tau_u=7.886e-01 tau_v=1.011e-01 |Du|=1.34e-01 |DRu|=1.31e-01)
[BFGS-END] batch=  19  last_total=1.173e-04  last_PDE=1.555e-04 [colloc=1.296e-04, cfd=2.588e-05]  last_WALL=7.049e-18  last_DATA=1.119e-01
/oscar/home/jchen790/cylinder flow lab/src/cfp40.py:1430: OptimizeWarning: Unknown solver options: hess, hessp, bounds, constraints, tol
  result = minimize(
Invoked: SSBroyden1 approach!
[BFGS] batch=  20  call=  1200  total=1.173e-04  PDE=1.561e-04 [colloc=1.310e-04, cfd=2.506e-05]  WALL=7.206e-18  DATA=1.119e-01
Invoked: SSBroyden1 approach!
[BFGS] batch=  20  call=  1202  total=1.154e-04  PDE=1.525e-04 [colloc=1.273e-04, cfd=2.523e-05]  WALL=7.190e-18  DATA=1.120e-01
Invoked: SSBroyden1 approach!
[BFGS] batch=  20  call=  1204  total=1.144e-04  PDE=1.514e-04 [colloc=1.261e-04, cfd=2.526e-05]  WALL=7.260e-18  DATA=1.120e-01
Invoked: SSBroyden1 approach!
[BFGS] batch=  20  call=  1206  total=1.142e-04  PDE=1.509e-04 [colloc=1.258e-04, cfd=2.514e-05]  WALL=7.285e-18  DATA=1.120e-01
Invoked: SSBroyden1 approach!
[BFGS] batch=  20  call=  1207  total=1.140e-04  PDE=1.508e-04 [colloc=1.256e-04, cfd=2.522e-05]  WALL=7.286e-18  DATA=1.120e-01
Invoked: SSBroyden1 approach!
[BFGS] batch=  20  call=  1208  total=1.136e-04  PDE=1.507e-04 [colloc=1.256e-04, cfd=2.509e-05]  WALL=7.280e-18  DATA=1.120e-01
Invoked: SSBroyden1 approach!
[BFGS] batch=  20  call=  1217  total=1.133e-04  PDE=1.504e-04 [colloc=1.254e-04, cfd=2.501e-05]  WALL=7.279e-18  DATA=1.120e-01
  [PT] w_u=1.2575 w_v=9.1590 gamma=0.419 (tau_u=7.952e-01 tau_v=1.092e-01 |Du|=1.28e-01 |DRu|=8.98e-02)
[PT] batch=  20  w=5.2083e+00
[BFGS-END] batch=  20  last_total=1.137e-04  last_PDE=1.504e-04 [colloc=1.254e-04, cfd=2.501e-05]  last_WALL=7.279e-18  last_DATA=1.120e-01
/oscar/home/jchen790/cylinder flow lab/src/cfp40.py:1430: OptimizeWarning: Unknown solver options: hess, hessp, bounds, constraints, tol
  result = minimize(
Invoked: SSBroyden1 approach!
[BFGS] batch=  21  call=  1238  total=1.231e-04  PDE=1.641e-04 [colloc=1.384e-04, cfd=2.568e-05]  WALL=7.294e-18  DATA=1.121e-01
Invoked: SSBroyden1 approach!
[BFGS] batch=  21  call=  1239  total=1.209e-04  PDE=1.607e-04 [colloc=1.347e-04, cfd=2.607e-05]  WALL=7.235e-18  DATA=1.121e-01
Invoked: SSBroyden1 approach!
[BFGS] batch=  21  call=  1240  total=1.191e-04  PDE=1.585e-04 [colloc=1.325e-04, cfd=2.601e-05]  WALL=7.276e-18  DATA=1.122e-01
Invoked: SSBroyden1 approach!
[BFGS] batch=  21  call=  1242  total=1.186e-04  PDE=1.576e-04 [colloc=1.317e-04, cfd=2.597e-05]  WALL=7.321e-18  DATA=1.122e-01
Invoked: SSBroyden1 approach!
[BFGS] batch=  21  call=  1243  total=1.179e-04  PDE=1.571e-04 [colloc=1.313e-04, cfd=2.580e-05]  WALL=7.404e-18  DATA=1.122e-01
Invoked: SSBroyden1 approach!
[BFGS] batch=  21  call=  1245  total=1.178e-04  PDE=1.567e-04 [colloc=1.310e-04, cfd=2.567e-05]  WALL=7.416e-18  DATA=1.122e-01
Invoked: SSBroyden1 approach!
[BFGS] batch=  21  call=  1246  total=1.174e-04  PDE=1.565e-04 [colloc=1.309e-04, cfd=2.565e-05]  WALL=7.447e-18  DATA=1.121e-01
Invoked: SSBroyden1 approach!
[BFGS] batch=  21  call=  1254  total=1.172e-04  PDE=1.563e-04 [colloc=1.306e-04, cfd=2.565e-05]  WALL=7.462e-18  DATA=1.121e-01
  [PT] w_u=1.2788 w_v=9.1951 gamma=0.425 (tau_u=7.820e-01 tau_v=1.088e-01 |Du|=1.14e-01 |DRu|=9.14e-02)
[BFGS-END] batch=  21  last_total=1.174e-04  last_PDE=1.563e-04 [colloc=1.306e-04, cfd=2.565e-05]  last_WALL=7.462e-18  last_DATA=1.121e-01
/oscar/home/jchen790/cylinder flow lab/src/cfp40.py:1430: OptimizeWarning: Unknown solver options: hess, hessp, bounds, constraints, tol
  result = minimize(
Invoked: SSBroyden1 approach!
[BFGS] batch=  22  call=  1275  total=1.249e-04  PDE=1.675e-04 [colloc=1.416e-04, cfd=2.587e-05]  WALL=7.743e-18  DATA=1.121e-01
Invoked: SSBroyden1 approach!
[BFGS] batch=  22  call=  1276  total=1.217e-04  PDE=1.631e-04 [colloc=1.368e-04, cfd=2.624e-05]  WALL=7.860e-18  DATA=1.121e-01
Invoked: SSBroyden1 approach!
[BFGS] batch=  22  call=  1278  total=1.213e-04  PDE=1.620e-04 [colloc=1.359e-04, cfd=2.610e-05]  WALL=7.822e-18  DATA=1.121e-01
Invoked: SSBroyden1 approach!
[BFGS] batch=  22  call=  1279  total=1.210e-04  PDE=1.619e-04 [colloc=1.360e-04, cfd=2.587e-05]  WALL=7.858e-18  DATA=1.121e-01
Invoked: SSBroyden1 approach!
[BFGS] batch=  22  call=  1280  total=1.207e-04  PDE=1.618e-04 [colloc=1.360e-04, cfd=2.589e-05]  WALL=7.758e-18  DATA=1.122e-01
Invoked: SSBroyden1 approach!
[BFGS] batch=  22  call=  1281  total=1.205e-04  PDE=1.615e-04 [colloc=1.357e-04, cfd=2.583e-05]  WALL=7.742e-18  DATA=1.122e-01
Invoked: SSBroyden1 approach!
[BFGS] batch=  22  call=  1282  total=1.203e-04  PDE=1.611e-04 [colloc=1.353e-04, cfd=2.576e-05]  WALL=7.740e-18  DATA=1.122e-01
Invoked: SSBroyden1 approach!
[BFGS] batch=  22  call=  1283  total=1.199e-04  PDE=1.609e-04 [colloc=1.352e-04, cfd=2.568e-05]  WALL=7.770e-18  DATA=1.122e-01
Invoked: SSBroyden1 approach!
[BFGS] batch=  22  call=  1290  total=1.198e-04  PDE=1.604e-04 [colloc=1.348e-04, cfd=2.559e-05]  WALL=7.843e-18  DATA=1.122e-01
Invoked: SSBroyden1 approach!
[BFGS] batch=  22  call=  1291  total=1.196e-04  PDE=1.601e-04 [colloc=1.346e-04, cfd=2.550e-05]  WALL=7.881e-18  DATA=1.121e-01
Invoked: SSBroyden1 approach!
[BFGS] batch=  22  call=  1292  total=1.193e-04  PDE=1.597e-04 [colloc=1.343e-04, cfd=2.546e-05]  WALL=7.875e-18  DATA=1.121e-01
Invoked: SSBroyden1 approach!
[BFGS] batch=  22  call=  1293  total=1.189e-04  PDE=1.591e-04 [colloc=1.337e-04, cfd=2.539e-05]  WALL=7.864e-18  DATA=1.121e-01
Invoked: SSBroyden1 approach!
[BFGS] batch=  22  call=  1294  total=1.182e-04  PDE=1.582e-04 [colloc=1.329e-04, cfd=2.530e-05]  WALL=7.907e-18  DATA=1.121e-01
Invoked: SSBroyden1 approach!
[BFGS] batch=  22  call=  1295  total=1.177e-04  PDE=1.571e-04 [colloc=1.321e-04, cfd=2.507e-05]  WALL=7.819e-18  DATA=1.121e-01
Invoked: SSBroyden1 approach!
[BFGS] batch=  22  call=  1296  total=1.170e-04  PDE=1.561e-04 [colloc=1.310e-04, cfd=2.511e-05]  WALL=7.878e-18  DATA=1.121e-01
Invoked: SSBroyden1 approach!
[BFGS] batch=  22  call=  1297  total=1.161e-04  PDE=1.548e-04 [colloc=1.298e-04, cfd=2.504e-05]  WALL=7.874e-18  DATA=1.122e-01
Invoked: SSBroyden1 approach!
[BFGS] batch=  22  call=  1298  total=1.158e-04  PDE=1.541e-04 [colloc=1.290e-04, cfd=2.509e-05]  WALL=8.034e-18  DATA=1.122e-01
Invoked: SSBroyden1 approach!
[BFGS] batch=  22  call=  1299  total=1.155e-04  PDE=1.533e-04 [colloc=1.282e-04, cfd=2.511e-05]  WALL=8.019e-18  DATA=1.122e-01
Invoked: SSBroyden1 approach!
[BFGS] batch=  22  call=  1300  total=1.149e-04  PDE=1.528e-04 [colloc=1.277e-04, cfd=2.504e-05]  WALL=8.003e-18  DATA=1.122e-01
Invoked: SSBroyden1 approach!
[BFGS] batch=  22  call=  1301  total=1.141e-04  PDE=1.516e-04 [colloc=1.266e-04, cfd=2.494e-05]  WALL=7.987e-18  DATA=1.122e-01
Invoked: SSBroyden1 approach!
[BFGS] batch=  22  call=  1302  total=1.133e-04  PDE=1.505e-04 [colloc=1.256e-04, cfd=2.493e-05]  WALL=7.890e-18  DATA=1.122e-01
Invoked: SSBroyden1 approach!
[BFGS] batch=  22  call=  1303  total=1.129e-04  PDE=1.496e-04 [colloc=1.251e-04, cfd=2.453e-05]  WALL=7.899e-18  DATA=1.121e-01
Invoked: SSBroyden1 approach!
[BFGS] batch=  22  call=  1304  total=1.126e-04  PDE=1.490e-04 [colloc=1.246e-04, cfd=2.443e-05]  WALL=7.882e-18  DATA=1.121e-01
Invoked: SSBroyden1 approach!
[BFGS] batch=  22  call=  1305  total=1.117e-04  PDE=1.483e-04 [colloc=1.240e-04, cfd=2.432e-05]  WALL=7.907e-18  DATA=1.121e-01
Invoked: SSBroyden1 approach!
[BFGS] batch=  22  call=  1306  total=1.105e-04  PDE=1.468e-04 [colloc=1.224e-04, cfd=2.437e-05]  WALL=7.937e-18  DATA=1.122e-01
Invoked: SSBroyden1 approach!
[BFGS] batch=  22  call=  1308  total=1.100e-04  PDE=1.462e-04 [colloc=1.221e-04, cfd=2.413e-05]  WALL=7.988e-18  DATA=1.121e-01
Invoked: SSBroyden1 approach!
[BFGS] batch=  22  call=  1310  total=1.100e-04  PDE=1.459e-04 [colloc=1.218e-04, cfd=2.407e-05]  WALL=7.992e-18  DATA=1.121e-01
Invoked: SSBroyden1 approach!
[BFGS] batch=  22  call=  1311  total=1.097e-04  PDE=1.457e-04 [colloc=1.217e-04, cfd=2.405e-05]  WALL=7.980e-18  DATA=1.121e-01
Invoked: SSBroyden1 approach!
[BFGS] batch=  22  call=  1312  total=1.093e-04  PDE=1.451e-04 [colloc=1.212e-04, cfd=2.393e-05]  WALL=7.962e-18  DATA=1.121e-01
Invoked: SSBroyden1 approach!
[BFGS] batch=  22  call=  1313  total=1.091e-04  PDE=1.444e-04 [colloc=1.205e-04, cfd=2.391e-05]  WALL=7.902e-18  DATA=1.121e-01
Invoked: SSBroyden1 approach!
[BFGS] batch=  22  call=  1314  total=1.082e-04  PDE=1.439e-04 [colloc=1.200e-04, cfd=2.390e-05]  WALL=7.911e-18  DATA=1.121e-01
Invoked: SSBroyden1 approach!
[BFGS] batch=  22  call=  1315  total=1.081e-04  PDE=1.431e-04 [colloc=1.190e-04, cfd=2.418e-05]  WALL=7.893e-18  DATA=1.122e-01
Invoked: SSBroyden1 approach!
[BFGS] batch=  22  call=  1316  total=1.078e-04  PDE=1.428e-04 [colloc=1.186e-04, cfd=2.413e-05]  WALL=7.911e-18  DATA=1.122e-01
Invoked: SSBroyden1 approach!
[BFGS] batch=  22  call=  1317  total=1.075e-04  PDE=1.421e-04 [colloc=1.180e-04, cfd=2.407e-05]  WALL=7.904e-18  DATA=1.123e-01
Invoked: SSBroyden1 approach!
[BFGS] batch=  22  call=  1318  total=1.066e-04  PDE=1.414e-04 [colloc=1.174e-04, cfd=2.404e-05]  WALL=7.909e-18  DATA=1.123e-01
Invoked: SSBroyden1 approach!
[BFGS] batch=  22  call=  1319  total=1.061e-04  PDE=1.399e-04 [colloc=1.159e-04, cfd=2.403e-05]  WALL=7.912e-18  DATA=1.123e-01
Invoked: SSBroyden1 approach!
[BFGS] batch=  22  call=  1320  total=1.057e-04  PDE=1.388e-04 [colloc=1.149e-04, cfd=2.387e-05]  WALL=7.883e-18  DATA=1.123e-01
Invoked: SSBroyden1 approach!
[BFGS] batch=  22  call=  1321  total=1.050e-04  PDE=1.382e-04 [colloc=1.146e-04, cfd=2.358e-05]  WALL=7.903e-18  DATA=1.123e-01
Invoked: SSBroyden1 approach!
[BFGS] batch=  22  call=  1322  total=1.044e-04  PDE=1.374e-04 [colloc=1.138e-04, cfd=2.357e-05]  WALL=7.836e-18  DATA=1.122e-01
Invoked: SSBroyden1 approach!
[BFGS] batch=  22  call=  1323  total=1.041e-04  PDE=1.365e-04 [colloc=1.130e-04, cfd=2.345e-05]  WALL=7.727e-18  DATA=1.122e-01
Invoked: SSBroyden1 approach!
[BFGS] batch=  22  call=  1324  total=1.034e-04  PDE=1.357e-04 [colloc=1.126e-04, cfd=2.313e-05]  WALL=7.720e-18  DATA=1.122e-01
Invoked: SSBroyden1 approach!
[BFGS] batch=  22  call=  1325  total=1.024e-04  PDE=1.347e-04 [colloc=1.120e-04, cfd=2.269e-05]  WALL=7.515e-18  DATA=1.123e-01
Invoked: SSBroyden1 approach!
[BFGS] batch=  22  call=  1326  total=1.023e-04  PDE=1.339e-04 [colloc=1.116e-04, cfd=2.237e-05]  WALL=7.749e-18  DATA=1.122e-01
Invoked: SSBroyden1 approach!
[BFGS] batch=  22  call=  1327  total=1.017e-04  PDE=1.335e-04 [colloc=1.112e-04, cfd=2.232e-05]  WALL=7.694e-18  DATA=1.122e-01
Invoked: SSBroyden1 approach!
[BFGS] batch=  22  call=  1328  total=1.010e-04  PDE=1.325e-04 [colloc=1.104e-04, cfd=2.207e-05]  WALL=7.660e-18  DATA=1.122e-01
Invoked: SSBroyden1 approach!
[BFGS] batch=  22  call=  1329  total=1.003e-04  PDE=1.314e-04 [colloc=1.096e-04, cfd=2.183e-05]  WALL=7.453e-18  DATA=1.123e-01
Invoked: SSBroyden1 approach!
[BFGS] batch=  22  call=  1330  total=9.999e-05  PDE=1.312e-04 [colloc=1.095e-04, cfd=2.172e-05]  WALL=7.400e-18  DATA=1.123e-01
Invoked: SSBroyden1 approach!
[BFGS] batch=  22  call=  1331  total=9.947e-05  PDE=1.305e-04 [colloc=1.089e-04, cfd=2.156e-05]  WALL=7.426e-18  DATA=1.123e-01
Invoked: SSBroyden1 approach!
[BFGS] batch=  22  call=  1332  total=9.920e-05  PDE=1.301e-04 [colloc=1.086e-04, cfd=2.151e-05]  WALL=7.291e-18  DATA=1.123e-01
Invoked: SSBroyden1 approach!
[BFGS] batch=  22  call=  1333  total=9.850e-05  PDE=1.296e-04 [colloc=1.081e-04, cfd=2.148e-05]  WALL=7.255e-18  DATA=1.123e-01
Invoked: SSBroyden1 approach!
[BFGS] batch=  22  call=  1334  total=9.784e-05  PDE=1.287e-04 [colloc=1.075e-04, cfd=2.117e-05]  WALL=7.313e-18  DATA=1.122e-01
Invoked: SSBroyden1 approach!
[BFGS] batch=  22  call=  1335  total=9.738e-05  PDE=1.277e-04 [colloc=1.068e-04, cfd=2.089e-05]  WALL=7.391e-18  DATA=1.122e-01
Invoked: SSBroyden1 approach!
[BFGS] batch=  22  call=  1336  total=9.657e-05  PDE=1.268e-04 [colloc=1.062e-04, cfd=2.067e-05]  WALL=7.388e-18  DATA=1.122e-01
Invoked: SSBroyden1 approach!
[BFGS] batch=  22  call=  1337  total=9.589e-05  PDE=1.257e-04 [colloc=1.055e-04, cfd=2.023e-05]  WALL=7.475e-18  DATA=1.122e-01
Invoked: SSBroyden1 approach!
[BFGS] batch=  22  call=  1338  total=9.513e-05  PDE=1.252e-04 [colloc=1.052e-04, cfd=1.999e-05]  WALL=7.466e-18  DATA=1.121e-01
Invoked: SSBroyden1 approach!
[BFGS] batch=  22  call=  1339  total=9.471e-05  PDE=1.244e-04 [colloc=1.046e-04, cfd=1.975e-05]  WALL=7.376e-18  DATA=1.120e-01
Invoked: SSBroyden1 approach!
[BFGS] batch=  22  call=  1340  total=9.411e-05  PDE=1.236e-04 [colloc=1.041e-04, cfd=1.953e-05]  WALL=7.355e-18  DATA=1.120e-01
Invoked: SSBroyden1 approach!
[BFGS] batch=  22  call=  1341  total=9.369e-05  PDE=1.230e-04 [colloc=1.036e-04, cfd=1.938e-05]  WALL=7.511e-18  DATA=1.120e-01
Invoked: SSBroyden1 approach!
[BFGS] batch=  22  call=  1342  total=9.305e-05  PDE=1.224e-04 [colloc=1.031e-04, cfd=1.929e-05]  WALL=7.347e-18  DATA=1.121e-01
Invoked: SSBroyden1 approach!
[BFGS] batch=  22  call=  1343  total=9.292e-05  PDE=1.220e-04 [colloc=1.028e-04, cfd=1.920e-05]  WALL=7.407e-18  DATA=1.121e-01
Invoked: SSBroyden1 approach!
[BFGS] batch=  22  call=  1344  total=9.243e-05  PDE=1.218e-04 [colloc=1.026e-04, cfd=1.912e-05]  WALL=7.407e-18  DATA=1.121e-01
Invoked: SSBroyden1 approach!
[BFGS] batch=  22  call=  1345  total=9.197e-05  PDE=1.208e-04 [colloc=1.021e-04, cfd=1.867e-05]  WALL=7.406e-18  DATA=1.121e-01
Invoked: SSBroyden1 approach!
[BFGS] batch=  22  call=  1346  total=9.143e-05  PDE=1.198e-04 [colloc=1.014e-04, cfd=1.844e-05]  WALL=7.441e-18  DATA=1.121e-01
Invoked: SSBroyden1 approach!
[BFGS] batch=  22  call=  1347  total=9.063e-05  PDE=1.191e-04 [colloc=1.008e-04, cfd=1.823e-05]  WALL=7.467e-18  DATA=1.121e-01
Invoked: SSBroyden1 approach!
[BFGS] batch=  22  call=  1349  total=9.021e-05  PDE=1.186e-04 [colloc=1.005e-04, cfd=1.807e-05]  WALL=7.503e-18  DATA=1.121e-01
Invoked: SSBroyden1 approach!
[BFGS] batch=  22  call=  1350  total=8.974e-05  PDE=1.180e-04 [colloc=1.001e-04, cfd=1.785e-05]  WALL=7.604e-18  DATA=1.121e-01
Invoked: SSBroyden1 approach!
[BFGS] batch=  22  call=  1351  total=8.941e-05  PDE=1.174e-04 [colloc=9.971e-05, cfd=1.766e-05]  WALL=7.504e-18  DATA=1.121e-01
Invoked: SSBroyden1 approach!
[BFGS] batch=  22  call=  1352  total=8.899e-05  PDE=1.169e-04 [colloc=9.957e-05, cfd=1.734e-05]  WALL=7.521e-18  DATA=1.121e-01
Invoked: SSBroyden1 approach!
[BFGS] batch=  22  call=  1353  total=8.855e-05  PDE=1.163e-04 [colloc=9.933e-05, cfd=1.702e-05]  WALL=7.598e-18  DATA=1.121e-01
Invoked: SSBroyden1 approach!
[BFGS] batch=  22  call=  1354  total=8.812e-05  PDE=1.157e-04 [colloc=9.886e-05, cfd=1.683e-05]  WALL=7.677e-18  DATA=1.121e-01
Invoked: SSBroyden1 approach!
[BFGS] batch=  22  call=  1355  total=8.781e-05  PDE=1.150e-04 [colloc=9.854e-05, cfd=1.641e-05]  WALL=7.650e-18  DATA=1.121e-01
Invoked: SSBroyden1 approach!
[BFGS] batch=  22  call=  1356  total=8.719e-05  PDE=1.146e-04 [colloc=9.836e-05, cfd=1.625e-05]  WALL=7.673e-18  DATA=1.121e-01
Invoked: SSBroyden1 approach!
[BFGS] batch=  22  call=  1357  total=8.699e-05  PDE=1.142e-04 [colloc=9.805e-05, cfd=1.617e-05]  WALL=7.708e-18  DATA=1.121e-01
Invoked: SSBroyden1 approach!
[BFGS] batch=  22  call=  1358  total=8.640e-05  PDE=1.138e-04 [colloc=9.771e-05, cfd=1.610e-05]  WALL=7.682e-18  DATA=1.121e-01
Invoked: SSBroyden1 approach!
[BFGS] batch=  22  call=  1359  total=8.592e-05  PDE=1.128e-04 [colloc=9.691e-05, cfd=1.588e-05]  WALL=7.840e-18  DATA=1.120e-01
Invoked: SSBroyden1 approach!
[BFGS] batch=  22  call=  1360  total=8.541e-05  PDE=1.121e-04 [colloc=9.644e-05, cfd=1.568e-05]  WALL=7.721e-18  DATA=1.121e-01
Invoked: SSBroyden1 approach!
[BFGS] batch=  22  call=  1361  total=8.519e-05  PDE=1.115e-04 [colloc=9.609e-05, cfd=1.545e-05]  WALL=7.709e-18  DATA=1.120e-01
Invoked: SSBroyden1 approach!
[BFGS] batch=  22  call=  1362  total=8.471e-05  PDE=1.111e-04 [colloc=9.578e-05, cfd=1.531e-05]  WALL=7.673e-18  DATA=1.120e-01
Invoked: SSBroyden1 approach!
[BFGS] batch=  22  call=  1363  total=8.408e-05  PDE=1.102e-04 [colloc=9.524e-05, cfd=1.501e-05]  WALL=7.709e-18  DATA=1.121e-01
Invoked: SSBroyden1 approach!
[BFGS] batch=  22  call=  1364  total=8.317e-05  PDE=1.094e-04 [colloc=9.480e-05, cfd=1.461e-05]  WALL=7.616e-18  DATA=1.121e-01
Invoked: SSBroyden1 approach!
[BFGS] batch=  22  call=  1366  total=8.272e-05  PDE=1.089e-04 [colloc=9.433e-05, cfd=1.453e-05]  WALL=7.580e-18  DATA=1.121e-01
Invoked: SSBroyden1 approach!
[BFGS] batch=  22  call=  1367  total=8.260e-05  PDE=1.089e-04 [colloc=9.424e-05, cfd=1.464e-05]  WALL=7.645e-18  DATA=1.121e-01
Invoked: SSBroyden1 approach!
[BFGS] batch=  22  call=  1368  total=8.253e-05  PDE=1.086e-04 [colloc=9.401e-05, cfd=1.460e-05]  WALL=7.641e-18  DATA=1.121e-01
Invoked: SSBroyden1 approach!
[BFGS] batch=  22  call=  1369  total=8.243e-05  PDE=1.084e-04 [colloc=9.388e-05, cfd=1.455e-05]  WALL=7.648e-18  DATA=1.121e-01
Invoked: SSBroyden1 approach!
[BFGS] batch=  22  call=  1370  total=8.200e-05  PDE=1.082e-04 [colloc=9.366e-05, cfd=1.450e-05]  WALL=7.633e-18  DATA=1.121e-01
Invoked: SSBroyden1 approach!
[BFGS] batch=  22  call=  1371  total=8.174e-05  PDE=1.075e-04 [colloc=9.298e-05, cfd=1.447e-05]  WALL=7.646e-18  DATA=1.122e-01
Invoked: SSBroyden1 approach!
[BFGS] batch=  22  call=  1372  total=8.107e-05  PDE=1.069e-04 [colloc=9.254e-05, cfd=1.436e-05]  WALL=7.692e-18  DATA=1.122e-01
Invoked: SSBroyden1 approach!
[BFGS] batch=  22  call=  1374  total=8.105e-05  PDE=1.065e-04 [colloc=9.219e-05, cfd=1.429e-05]  WALL=7.621e-18  DATA=1.122e-01
  [PT] w_u=1.4093 w_v=10.1582 gamma=0.388 (tau_u=7.096e-01 tau_v=9.844e-02 |Du|=2.69e-01 |DRu|=6.93e-01)
[BFGS] batch 22: H0 not PD — resetting to identity.
[BFGS-END] batch=  22  last_total=8.115e-05  last_PDE=1.065e-04 [colloc=9.218e-05, cfd=1.429e-05]  last_WALL=7.622e-18  last_DATA=1.122e-01
/oscar/home/jchen790/cylinder flow lab/src/cfp40.py:1430: OptimizeWarning: Unknown solver options: hess, hessp, bounds, constraints, tol
  result = minimize(
Invoked: SSBroyden1 approach!
[BFGS] batch=  23  call=  1395  total=9.312e-05  PDE=1.246e-04 [colloc=1.105e-04, cfd=1.410e-05]  WALL=7.642e-18  DATA=1.122e-01
Invoked: SSBroyden1 approach!
[BFGS] batch=  23  call=  1396  total=9.267e-05  PDE=1.241e-04 [colloc=1.100e-04, cfd=1.408e-05]  WALL=7.590e-18  DATA=1.122e-01
Invoked: SSBroyden1 approach!
[BFGS] batch=  23  call=  1397  total=9.244e-05  PDE=1.230e-04 [colloc=1.090e-04, cfd=1.407e-05]  WALL=7.536e-18  DATA=1.122e-01
Invoked: SSBroyden1 approach!
[BFGS] batch=  23  call=  1398  total=9.158e-05  PDE=1.224e-04 [colloc=1.084e-04, cfd=1.408e-05]  WALL=7.581e-18  DATA=1.122e-01
Invoked: SSBroyden1 approach!
[BFGS] batch=  23  call=  1399  total=9.136e-05  PDE=1.218e-04 [colloc=1.077e-04, cfd=1.409e-05]  WALL=7.672e-18  DATA=1.122e-01
Invoked: SSBroyden1 approach!
[BFGS] batch=  23  call=  1400  total=9.086e-05  PDE=1.212e-04 [colloc=1.071e-04, cfd=1.409e-05]  WALL=7.606e-18  DATA=1.122e-01
Invoked: SSBroyden1 approach!
[BFGS] batch=  23  call=  1401  total=9.056e-05  PDE=1.207e-04 [colloc=1.064e-04, cfd=1.431e-05]  WALL=7.428e-18  DATA=1.122e-01
Invoked: SSBroyden1 approach!
[BFGS] batch=  23  call=  1402  total=9.034e-05  PDE=1.201e-04 [colloc=1.059e-04, cfd=1.421e-05]  WALL=7.482e-18  DATA=1.122e-01
Invoked: SSBroyden1 approach!
[BFGS] batch=  23  call=  1403  total=8.991e-05  PDE=1.195e-04 [colloc=1.054e-04, cfd=1.410e-05]  WALL=7.451e-18  DATA=1.122e-01
Invoked: SSBroyden1 approach!
[BFGS] batch=  23  call=  1404  total=8.899e-05  PDE=1.185e-04 [colloc=1.044e-04, cfd=1.411e-05]  WALL=7.456e-18  DATA=1.122e-01
Invoked: SSBroyden1 approach!
[BFGS] batch=  23  call=  1405  total=8.804e-05  PDE=1.170e-04 [colloc=1.029e-04, cfd=1.413e-05]  WALL=7.459e-18  DATA=1.122e-01
Invoked: SSBroyden1 approach!
[BFGS] batch=  23  call=  1406  total=8.758e-05  PDE=1.161e-04 [colloc=1.021e-04, cfd=1.404e-05]  WALL=7.421e-18  DATA=1.122e-01
Invoked: SSBroyden1 approach!
[BFGS] batch=  23  call=  1407  total=8.698e-05  PDE=1.152e-04 [colloc=1.013e-04, cfd=1.395e-05]  WALL=7.417e-18  DATA=1.122e-01
Invoked: SSBroyden1 approach!
[BFGS] batch=  23  call=  1408  total=8.634e-05  PDE=1.144e-04 [colloc=1.005e-04, cfd=1.393e-05]  WALL=7.487e-18  DATA=1.122e-01
Invoked: SSBroyden1 approach!
[BFGS] batch=  23  call=  1409  total=8.574e-05  PDE=1.135e-04 [colloc=9.956e-05, cfd=1.393e-05]  WALL=7.464e-18  DATA=1.122e-01
Invoked: SSBroyden1 approach!
[BFGS] batch=  23  call=  1411  total=8.548e-05  PDE=1.131e-04 [colloc=9.923e-05, cfd=1.392e-05]  WALL=7.431e-18  DATA=1.122e-01
Invoked: SSBroyden1 approach!
[BFGS] batch=  23  call=  1412  total=8.547e-05  PDE=1.128e-04 [colloc=9.887e-05, cfd=1.392e-05]  WALL=7.381e-18  DATA=1.122e-01
Invoked: SSBroyden1 approach!
[BFGS] batch=  23  call=  1414  total=8.520e-05  PDE=1.127e-04 [colloc=9.878e-05, cfd=1.391e-05]  WALL=7.380e-18  DATA=1.122e-01
Invoked: SSBroyden1 approach!
[BFGS] batch=  23  call=  1415  total=8.465e-05  PDE=1.122e-04 [colloc=9.836e-05, cfd=1.380e-05]  WALL=7.378e-18  DATA=1.123e-01
Invoked: SSBroyden1 approach!
[BFGS] batch=  23  call=  1416  total=8.461e-05  PDE=1.117e-04 [colloc=9.792e-05, cfd=1.376e-05]  WALL=7.260e-18  DATA=1.122e-01
Invoked: SSBroyden1 approach!
[BFGS] batch=  23  call=  1418  total=8.425e-05  PDE=1.112e-04 [colloc=9.752e-05, cfd=1.372e-05]  WALL=7.286e-18  DATA=1.122e-01
Invoked: SSBroyden1 approach!
[BFGS] batch=  23  call=  1419  total=8.385e-05  PDE=1.108e-04 [colloc=9.709e-05, cfd=1.369e-05]  WALL=7.249e-18  DATA=1.123e-01
Invoked: SSBroyden1 approach!
[BFGS] batch=  23  call=  1420  total=8.370e-05  PDE=1.105e-04 [colloc=9.671e-05, cfd=1.375e-05]  WALL=7.286e-18  DATA=1.123e-01
Invoked: SSBroyden1 approach!
[BFGS] batch=  23  call=  1421  total=8.332e-05  PDE=1.102e-04 [colloc=9.651e-05, cfd=1.367e-05]  WALL=7.269e-18  DATA=1.123e-01
Invoked: SSBroyden1 approach!
[BFGS] batch=  23  call=  1423  total=8.284e-05  PDE=1.099e-04 [colloc=9.628e-05, cfd=1.357e-05]  WALL=7.306e-18  DATA=1.123e-01
Invoked: SSBroyden1 approach!
[BFGS] batch=  23  call=  1425  total=8.281e-05  PDE=1.096e-04 [colloc=9.609e-05, cfd=1.353e-05]  WALL=7.326e-18  DATA=1.123e-01
Invoked: SSBroyden1 approach!
[BFGS] batch=  23  call=  1426  total=8.272e-05  PDE=1.095e-04 [colloc=9.600e-05, cfd=1.352e-05]  WALL=7.333e-18  DATA=1.123e-01
  [PT] w_u=1.5472 w_v=11.0524 gamma=0.376 (tau_u=6.463e-01 tau_v=9.048e-02 |Du|=1.03e-01 |DRu|=2.27e-01)
[BFGS-END] batch=  23  last_total=8.275e-05  last_PDE=1.095e-04 [colloc=9.600e-05, cfd=1.352e-05]  last_WALL=7.333e-18  last_DATA=1.123e-01
/oscar/home/jchen790/cylinder flow lab/src/cfp40.py:1430: OptimizeWarning: Unknown solver options: hess, hessp, bounds, constraints, tol
  result = minimize(
Invoked: SSBroyden1 approach!
[BFGS] batch=  24  call=  1447  total=8.948e-05  PDE=1.190e-04 [colloc=1.049e-04, cfd=1.406e-05]  WALL=7.358e-18  DATA=1.123e-01
Invoked: SSBroyden1 approach!
[BFGS] batch=  24  call=  1448  total=8.815e-05  PDE=1.172e-04 [colloc=1.031e-04, cfd=1.408e-05]  WALL=7.286e-18  DATA=1.122e-01
Invoked: SSBroyden1 approach!
[BFGS] batch=  24  call=  1449  total=8.650e-05  PDE=1.146e-04 [colloc=1.007e-04, cfd=1.394e-05]  WALL=7.383e-18  DATA=1.123e-01
Invoked: SSBroyden1 approach!
[BFGS] batch=  24  call=  1450  total=8.558e-05  PDE=1.131e-04 [colloc=9.877e-05, cfd=1.428e-05]  WALL=7.320e-18  DATA=1.124e-01
Invoked: SSBroyden1 approach!
[BFGS] batch=  24  call=  1452  total=8.549e-05  PDE=1.128e-04 [colloc=9.860e-05, cfd=1.420e-05]  WALL=7.300e-18  DATA=1.124e-01
Invoked: SSBroyden1 approach!
[BFGS] batch=  24  call=  1453  total=8.519e-05  PDE=1.125e-04 [colloc=9.837e-05, cfd=1.417e-05]  WALL=7.301e-18  DATA=1.124e-01
Invoked: SSBroyden1 approach!
[BFGS] batch=  24  call=  1454  total=8.475e-05  PDE=1.119e-04 [colloc=9.780e-05, cfd=1.412e-05]  WALL=7.319e-18  DATA=1.124e-01
Invoked: SSBroyden1 approach!
[BFGS] batch=  24  call=  1455  total=8.431e-05  PDE=1.113e-04 [colloc=9.725e-05, cfd=1.402e-05]  WALL=7.282e-18  DATA=1.123e-01
Invoked: SSBroyden1 approach!
[BFGS] batch=  24  call=  1456  total=8.396e-05  PDE=1.104e-04 [colloc=9.659e-05, cfd=1.382e-05]  WALL=7.311e-18  DATA=1.123e-01
Invoked: SSBroyden1 approach!
[BFGS] batch=  24  call=  1458  total=8.389e-05  PDE=1.102e-04 [colloc=9.637e-05, cfd=1.380e-05]  WALL=7.327e-18  DATA=1.123e-01
Invoked: SSBroyden1 approach!
[BFGS] batch=  24  call=  1462  total=8.367e-05  PDE=1.101e-04 [colloc=9.631e-05, cfd=1.378e-05]  WALL=7.331e-18  DATA=1.123e-01
Invoked: SSBroyden1 approach!
[BFGS] batch=  24  call=  1463  total=8.322e-05  PDE=1.098e-04 [colloc=9.603e-05, cfd=1.375e-05]  WALL=7.315e-18  DATA=1.123e-01
Invoked: SSBroyden1 approach!
[BFGS] batch=  24  call=  1465  total=8.306e-05  PDE=1.095e-04 [colloc=9.583e-05, cfd=1.371e-05]  WALL=7.318e-18  DATA=1.123e-01
Invoked: SSBroyden1 approach!
[BFGS] batch=  24  call=  1466  total=8.303e-05  PDE=1.092e-04 [colloc=9.555e-05, cfd=1.369e-05]  WALL=7.325e-18  DATA=1.123e-01
Invoked: SSBroyden1 approach!
[BFGS] batch=  24  call=  1467  total=8.282e-05  PDE=1.092e-04 [colloc=9.549e-05, cfd=1.368e-05]  WALL=7.328e-18  DATA=1.124e-01
Invoked: SSBroyden1 approach!
[BFGS] batch=  24  call=  1468  total=8.257e-05  PDE=1.088e-04 [colloc=9.513e-05, cfd=1.362e-05]  WALL=7.342e-18  DATA=1.124e-01
Invoked: SSBroyden1 approach!
[BFGS] batch=  24  call=  1469  total=8.223e-05  PDE=1.082e-04 [colloc=9.463e-05, cfd=1.361e-05]  WALL=7.360e-18  DATA=1.124e-01
Invoked: SSBroyden1 approach!
[BFGS] batch=  24  call=  1470  total=8.200e-05  PDE=1.079e-04 [colloc=9.424e-05, cfd=1.367e-05]  WALL=7.401e-18  DATA=1.124e-01
Invoked: SSBroyden1 approach!
[BFGS] batch=  24  call=  1479  total=8.194e-05  PDE=1.076e-04 [colloc=9.402e-05, cfd=1.362e-05]  WALL=7.477e-18  DATA=1.124e-01
Invoked: SSBroyden1 approach!
[BFGS] batch=  24  call=  1486  total=8.178e-05  PDE=1.075e-04 [colloc=9.388e-05, cfd=1.359e-05]  WALL=7.486e-18  DATA=1.124e-01
Invoked: SSBroyden1 approach!
[BFGS] batch=  24  call=  1487  total=8.173e-05  PDE=1.071e-04 [colloc=9.358e-05, cfd=1.353e-05]  WALL=7.445e-18  DATA=1.124e-01
Invoked: SSBroyden1 approach!
[BFGS] batch=  24  call=  1488  total=8.132e-05  PDE=1.070e-04 [colloc=9.351e-05, cfd=1.349e-05]  WALL=7.444e-18  DATA=1.124e-01
Invoked: SSBroyden1 approach!
[BFGS] batch=  24  call=  1489  total=8.130e-05  PDE=1.068e-04 [colloc=9.340e-05, cfd=1.345e-05]  WALL=7.470e-18  DATA=1.124e-01
  [PT] w_u=1.6851 w_v=12.1541 gamma=0.373 (tau_u=5.934e-01 tau_v=8.228e-02 |Du|=1.16e-01 |DRu|=2.07e-01)
[BFGS-END] batch=  24  last_total=8.151e-05  last_PDE=1.068e-04 [colloc=9.334e-05, cfd=1.343e-05]  last_WALL=7.465e-18  last_DATA=1.124e-01
/oscar/home/jchen790/cylinder flow lab/src/cfp40.py:1430: OptimizeWarning: Unknown solver options: hess, hessp, bounds, constraints, tol
  result = minimize(
Invoked: SSBroyden1 approach!
[BFGS] batch=  25  call=  1511  total=8.485e-05  PDE=1.121e-04 [colloc=9.778e-05, cfd=1.431e-05]  WALL=7.302e-18  DATA=1.125e-01
Invoked: SSBroyden1 approach!
[BFGS] batch=  25  call=  1512  total=8.393e-05  PDE=1.100e-04 [colloc=9.543e-05, cfd=1.460e-05]  WALL=7.374e-18  DATA=1.127e-01
Invoked: SSBroyden1 approach!
[BFGS] batch=  25  call=  1513  total=8.292e-05  PDE=1.086e-04 [colloc=9.403e-05, cfd=1.459e-05]  WALL=7.373e-18  DATA=1.126e-01
Invoked: SSBroyden1 approach!
[BFGS] batch=  25  call=  1514  total=8.278e-05  PDE=1.079e-04 [colloc=9.354e-05, cfd=1.432e-05]  WALL=7.429e-18  DATA=1.126e-01
Invoked: SSBroyden1 approach!
[BFGS] batch=  25  call=  1515  total=8.210e-05  PDE=1.075e-04 [colloc=9.325e-05, cfd=1.423e-05]  WALL=7.418e-18  DATA=1.126e-01
Invoked: SSBroyden1 approach!
[BFGS] batch=  25  call=  1516  total=8.170e-05  PDE=1.063e-04 [colloc=9.226e-05, cfd=1.407e-05]  WALL=7.418e-18  DATA=1.126e-01
Invoked: SSBroyden1 approach!
[BFGS] batch=  25  call=  1517  total=8.115e-05  PDE=1.058e-04 [colloc=9.179e-05, cfd=1.398e-05]  WALL=7.426e-18  DATA=1.126e-01
Invoked: SSBroyden1 approach!
[BFGS] batch=  25  call=  1518  total=8.109e-05  PDE=1.058e-04 [colloc=9.194e-05, cfd=1.384e-05]  WALL=7.594e-18  DATA=1.126e-01
Invoked: SSBroyden1 approach!
[BFGS] batch=  25  call=  1519  total=8.104e-05  PDE=1.056e-04 [colloc=9.179e-05, cfd=1.383e-05]  WALL=7.580e-18  DATA=1.126e-01
Invoked: SSBroyden1 approach!
[BFGS] batch=  25  call=  1523  total=8.102e-05  PDE=1.056e-04 [colloc=9.173e-05, cfd=1.383e-05]  WALL=7.576e-18  DATA=1.126e-01
Invoked: SSBroyden1 approach!
[BFGS] batch=  25  call=  1524  total=8.082e-05  PDE=1.055e-04 [colloc=9.169e-05, cfd=1.383e-05]  WALL=7.573e-18  DATA=1.126e-01
Invoked: SSBroyden1 approach!
[BFGS] batch=  25  call=  1525  total=8.055e-05  PDE=1.051e-04 [colloc=9.131e-05, cfd=1.379e-05]  WALL=7.533e-18  DATA=1.126e-01
Invoked: SSBroyden1 approach!
[BFGS] batch=  25  call=  1526  total=8.050e-05  PDE=1.049e-04 [colloc=9.106e-05, cfd=1.382e-05]  WALL=7.511e-18  DATA=1.126e-01
Invoked: SSBroyden1 approach!
[BFGS] batch=  25  call=  1527  total=8.023e-05  PDE=1.048e-04 [colloc=9.096e-05, cfd=1.382e-05]  WALL=7.508e-18  DATA=1.126e-01
Invoked: SSBroyden1 approach!
[BFGS] batch=  25  call=  1528  total=8.006e-05  PDE=1.044e-04 [colloc=9.060e-05, cfd=1.385e-05]  WALL=7.446e-18  DATA=1.126e-01
Invoked: SSBroyden1 approach!
[BFGS] batch=  25  call=  1529  total=7.980e-05  PDE=1.041e-04 [colloc=9.033e-05, cfd=1.379e-05]  WALL=7.429e-18  DATA=1.126e-01
Invoked: SSBroyden1 approach!
[BFGS] batch=  25  call=  1530  total=7.959e-05  PDE=1.038e-04 [colloc=9.004e-05, cfd=1.374e-05]  WALL=7.481e-18  DATA=1.125e-01
Invoked: SSBroyden1 approach!
[BFGS] batch=  25  call=  1531  total=7.916e-05  PDE=1.037e-04 [colloc=8.999e-05, cfd=1.371e-05]  WALL=7.428e-18  DATA=1.125e-01
Invoked: SSBroyden1 approach!
[BFGS] batch=  25  call=  1532  total=7.893e-05  PDE=1.034e-04 [colloc=8.970e-05, cfd=1.370e-05]  WALL=7.389e-18  DATA=1.125e-01
Invoked: SSBroyden1 approach!
[BFGS] batch=  25  call=  1533  total=7.888e-05  PDE=1.031e-04 [colloc=8.951e-05, cfd=1.361e-05]  WALL=7.420e-18  DATA=1.125e-01
Invoked: SSBroyden1 approach!
[BFGS] batch=  25  call=  1534  total=7.871e-05  PDE=1.030e-04 [colloc=8.942e-05, cfd=1.361e-05]  WALL=7.429e-18  DATA=1.125e-01
Invoked: SSBroyden1 approach!
[BFGS] batch=  25  call=  1535  total=7.828e-05  PDE=1.027e-04 [colloc=8.908e-05, cfd=1.357e-05]  WALL=7.458e-18  DATA=1.125e-01
Invoked: SSBroyden1 approach!
[BFGS] batch=  25  call=  1536  total=7.799e-05  PDE=1.022e-04 [colloc=8.868e-05, cfd=1.349e-05]  WALL=7.522e-18  DATA=1.125e-01
Invoked: SSBroyden1 approach!
[BFGS] batch=  25  call=  1537  total=7.770e-05  PDE=1.017e-04 [colloc=8.825e-05, cfd=1.346e-05]  WALL=7.519e-18  DATA=1.125e-01
Invoked: SSBroyden1 approach!
[BFGS] batch=  25  call=  1538  total=7.732e-05  PDE=1.013e-04 [colloc=8.784e-05, cfd=1.345e-05]  WALL=7.566e-18  DATA=1.125e-01
Invoked: SSBroyden1 approach!
[BFGS] batch=  25  call=  1539  total=7.678e-05  PDE=1.008e-04 [colloc=8.733e-05, cfd=1.347e-05]  WALL=7.636e-18  DATA=1.125e-01
Invoked: SSBroyden1 approach!
[BFGS] batch=  25  call=  1540  total=7.668e-05  PDE=1.006e-04 [colloc=8.702e-05, cfd=1.357e-05]  WALL=7.805e-18  DATA=1.125e-01
Invoked: SSBroyden1 approach!
[BFGS] batch=  25  call=  1541  total=7.644e-05  PDE=1.004e-04 [colloc=8.688e-05, cfd=1.349e-05]  WALL=7.774e-18  DATA=1.125e-01
Invoked: SSBroyden1 approach!
[BFGS] batch=  25  call=  1542  total=7.614e-05  PDE=9.991e-05 [colloc=8.651e-05, cfd=1.340e-05]  WALL=7.803e-18  DATA=1.125e-01
Invoked: SSBroyden1 approach!
[BFGS] batch=  25  call=  1543  total=7.602e-05  PDE=9.951e-05 [colloc=8.616e-05, cfd=1.335e-05]  WALL=7.724e-18  DATA=1.125e-01
Invoked: SSBroyden1 approach!
[BFGS] batch=  25  call=  1544  total=7.585e-05  PDE=9.924e-05 [colloc=8.593e-05, cfd=1.331e-05]  WALL=7.701e-18  DATA=1.125e-01
Invoked: SSBroyden1 approach!
[BFGS] batch=  25  call=  1545  total=7.556e-05  PDE=9.898e-05 [colloc=8.572e-05, cfd=1.326e-05]  WALL=7.701e-18  DATA=1.125e-01
Invoked: SSBroyden1 approach!
[BFGS] batch=  25  call=  1546  total=7.520e-05  PDE=9.879e-05 [colloc=8.551e-05, cfd=1.329e-05]  WALL=7.685e-18  DATA=1.125e-01
Invoked: SSBroyden1 approach!
[BFGS] batch=  25  call=  1547  total=7.516e-05  PDE=9.848e-05 [colloc=8.519e-05, cfd=1.329e-05]  WALL=7.637e-18  DATA=1.125e-01
Invoked: SSBroyden1 approach!
[BFGS] batch=  25  call=  1548  total=7.488e-05  PDE=9.838e-05 [colloc=8.512e-05, cfd=1.326e-05]  WALL=7.633e-18  DATA=1.125e-01
Invoked: SSBroyden1 approach!
[BFGS] batch=  25  call=  1549  total=7.446e-05  PDE=9.792e-05 [colloc=8.482e-05, cfd=1.310e-05]  WALL=7.606e-18  DATA=1.126e-01
  [PT] w_u=1.8368 w_v=13.3584 gamma=0.373 (tau_u=5.444e-01 tau_v=7.486e-02 |Du|=1.15e-01 |DRu|=2.19e-01)
[BFGS] batch 25: H0 not PD — resetting to identity.
[BFGS-END] batch=  25  last_total=7.484e-05  last_PDE=9.792e-05 [colloc=8.482e-05, cfd=1.310e-05]  last_WALL=7.606e-18  last_DATA=1.126e-01
/oscar/home/jchen790/cylinder flow lab/src/cfp40.py:1430: OptimizeWarning: Unknown solver options: hess, hessp, bounds, constraints, tol
  result = minimize(
Invoked: SSBroyden1 approach!
[BFGS] batch=  26  call=  1571  total=8.406e-05  PDE=1.119e-04 [colloc=9.871e-05, cfd=1.317e-05]  WALL=7.533e-18  DATA=1.126e-01
Invoked: SSBroyden1 approach!
[BFGS] batch=  26  call=  1572  total=8.306e-05  PDE=1.105e-04 [colloc=9.736e-05, cfd=1.318e-05]  WALL=7.569e-18  DATA=1.126e-01
Invoked: SSBroyden1 approach!
[BFGS] batch=  26  call=  1574  total=8.266e-05  PDE=1.098e-04 [colloc=9.666e-05, cfd=1.318e-05]  WALL=7.517e-18  DATA=1.126e-01
Invoked: SSBroyden1 approach!
[BFGS] batch=  26  call=  1575  total=8.206e-05  PDE=1.091e-04 [colloc=9.587e-05, cfd=1.319e-05]  WALL=7.448e-18  DATA=1.126e-01
Invoked: SSBroyden1 approach!
[BFGS] batch=  26  call=  1576  total=8.154e-05  PDE=1.080e-04 [colloc=9.484e-05, cfd=1.316e-05]  WALL=7.655e-18  DATA=1.126e-01
Invoked: SSBroyden1 approach!
[BFGS] batch=  26  call=  1578  total=8.108e-05  PDE=1.077e-04 [colloc=9.458e-05, cfd=1.315e-05]  WALL=7.606e-18  DATA=1.127e-01
Invoked: SSBroyden1 approach!
[BFGS] batch=  26  call=  1580  total=8.104e-05  PDE=1.076e-04 [colloc=9.446e-05, cfd=1.314e-05]  WALL=7.663e-18  DATA=1.126e-01
Invoked: SSBroyden1 approach!
[BFGS] batch=  26  call=  1588  total=8.096e-05  PDE=1.075e-04 [colloc=9.434e-05, cfd=1.314e-05]  WALL=7.671e-18  DATA=1.126e-01
Invoked: SSBroyden1 approach!
[BFGS] batch=  26  call=  1589  total=8.086e-05  PDE=1.073e-04 [colloc=9.413e-05, cfd=1.313e-05]  WALL=7.672e-18  DATA=1.127e-01
Invoked: SSBroyden1 approach!
[BFGS] batch=  26  call=  1590  total=8.085e-05  PDE=1.070e-04 [colloc=9.385e-05, cfd=1.313e-05]  WALL=7.682e-18  DATA=1.127e-01
  [PT] w_u=2.0159 w_v=14.3322 gamma=0.370 (tau_u=4.961e-01 tau_v=6.977e-02 |Du|=3.63e-02 |DRu|=8.96e-02)
[BFGS-END] batch=  26  last_total=8.062e-05  last_PDE=1.070e-04 [colloc=9.384e-05, cfd=1.313e-05]  last_WALL=7.681e-18  last_DATA=1.127e-01
/oscar/home/jchen790/cylinder flow lab/src/cfp40.py:1430: OptimizeWarning: Unknown solver options: hess, hessp, bounds, constraints, tol
  result = minimize(
Invoked: SSBroyden1 approach!
[BFGS] batch=  27  call=  1613  total=8.420e-05  PDE=1.120e-04 [colloc=9.857e-05, cfd=1.342e-05]  WALL=7.622e-18  DATA=1.127e-01
Invoked: SSBroyden1 approach!
[BFGS] batch=  27  call=  1614  total=8.356e-05  PDE=1.110e-04 [colloc=9.757e-05, cfd=1.344e-05]  WALL=7.558e-18  DATA=1.127e-01
Invoked: SSBroyden1 approach!
[BFGS] batch=  27  call=  1615  total=8.301e-05  PDE=1.104e-04 [colloc=9.688e-05, cfd=1.349e-05]  WALL=7.536e-18  DATA=1.127e-01
Invoked: SSBroyden1 approach!
[BFGS] batch=  27  call=  1616  total=8.236e-05  PDE=1.092e-04 [colloc=9.575e-05, cfd=1.344e-05]  WALL=7.565e-18  DATA=1.127e-01
Invoked: SSBroyden1 approach!
[BFGS] batch=  27  call=  1617  total=8.139e-05  PDE=1.079e-04 [colloc=9.445e-05, cfd=1.347e-05]  WALL=7.604e-18  DATA=1.126e-01
Invoked: SSBroyden1 approach!
[BFGS] batch=  27  call=  1618  total=8.120e-05  PDE=1.073e-04 [colloc=9.367e-05, cfd=1.365e-05]  WALL=7.692e-18  DATA=1.127e-01
Invoked: SSBroyden1 approach!
[BFGS] batch=  27  call=  1619  total=8.098e-05  PDE=1.069e-04 [colloc=9.328e-05, cfd=1.361e-05]  WALL=7.705e-18  DATA=1.127e-01
Invoked: SSBroyden1 approach!
[BFGS] batch=  27  call=  1620  total=8.049e-05  PDE=1.063e-04 [colloc=9.276e-05, cfd=1.358e-05]  WALL=7.702e-18  DATA=1.127e-01
Invoked: SSBroyden1 approach!
[BFGS] batch=  27  call=  1621  total=8.048e-05  PDE=1.058e-04 [colloc=9.232e-05, cfd=1.350e-05]  WALL=7.714e-18  DATA=1.127e-01
Invoked: SSBroyden1 approach!
[BFGS] batch=  27  call=  1623  total=8.008e-05  PDE=1.056e-04 [colloc=9.211e-05, cfd=1.348e-05]  WALL=7.717e-18  DATA=1.127e-01
Invoked: SSBroyden1 approach!
[BFGS] batch=  27  call=  1624  total=7.970e-05  PDE=1.051e-04 [colloc=9.174e-05, cfd=1.341e-05]  WALL=7.729e-18  DATA=1.127e-01
Invoked: SSBroyden1 approach!
[BFGS] batch=  27  call=  1625  total=7.932e-05  PDE=1.046e-04 [colloc=9.123e-05, cfd=1.339e-05]  WALL=7.761e-18  DATA=1.127e-01
Invoked: SSBroyden1 approach!
[BFGS] batch=  27  call=  1627  total=7.919e-05  PDE=1.044e-04 [colloc=9.099e-05, cfd=1.340e-05]  WALL=7.762e-18  DATA=1.127e-01
Invoked: SSBroyden1 approach!
[BFGS] batch=  27  call=  1628  total=7.911e-05  PDE=1.043e-04 [colloc=9.086e-05, cfd=1.339e-05]  WALL=7.715e-18  DATA=1.128e-01
Invoked: SSBroyden1 approach!
[BFGS] batch=  27  call=  1629  total=7.897e-05  PDE=1.041e-04 [colloc=9.076e-05, cfd=1.337e-05]  WALL=7.692e-18  DATA=1.128e-01
Invoked: SSBroyden1 approach!
[BFGS] batch=  27  call=  1630  total=7.864e-05  PDE=1.040e-04 [colloc=9.060e-05, cfd=1.335e-05]  WALL=7.670e-18  DATA=1.128e-01
  [PT] w_u=2.1520 w_v=14.5098 gamma=0.370 (tau_u=4.647e-01 tau_v=6.892e-02 |Du|=6.03e-02 |DRu|=8.59e-02)
[BFGS-END] batch=  27  last_total=7.894e-05  last_PDE=1.040e-04 [colloc=9.060e-05, cfd=1.335e-05]  last_WALL=7.670e-18  last_DATA=1.128e-01
/oscar/home/jchen790/cylinder flow lab/src/cfp40.py:1430: OptimizeWarning: Unknown solver options: hess, hessp, bounds, constraints, tol
  result = minimize(
Invoked: SSBroyden1 approach!
[BFGS] batch=  28  call=  1652  total=8.192e-05  PDE=1.082e-04 [colloc=9.508e-05, cfd=1.314e-05]  WALL=7.534e-18  DATA=1.128e-01
Invoked: SSBroyden1 approach!
[BFGS] batch=  28  call=  1653  total=7.988e-05  PDE=1.057e-04 [colloc=9.251e-05, cfd=1.318e-05]  WALL=7.570e-18  DATA=1.128e-01
Invoked: SSBroyden1 approach!
[BFGS] batch=  28  call=  1655  total=7.894e-05  PDE=1.040e-04 [colloc=9.070e-05, cfd=1.326e-05]  WALL=7.596e-18  DATA=1.129e-01
Invoked: SSBroyden1 approach!
[BFGS] batch=  28  call=  1657  total=7.833e-05  PDE=1.032e-04 [colloc=8.997e-05, cfd=1.320e-05]  WALL=7.629e-18  DATA=1.129e-01
Invoked: SSBroyden1 approach!
[BFGS] batch=  28  call=  1659  total=7.814e-05  PDE=1.029e-04 [colloc=8.974e-05, cfd=1.319e-05]  WALL=7.646e-18  DATA=1.129e-01
Invoked: SSBroyden1 approach!
[BFGS] batch=  28  call=  1660  total=7.811e-05  PDE=1.027e-04 [colloc=8.953e-05, cfd=1.317e-05]  WALL=7.657e-18  DATA=1.128e-01
Invoked: SSBroyden1 approach!
[BFGS] batch=  28  call=  1661  total=7.807e-05  PDE=1.026e-04 [colloc=8.944e-05, cfd=1.317e-05]  WALL=7.658e-18  DATA=1.128e-01
Invoked: SSBroyden1 approach!
[BFGS] batch=  28  call=  1662  total=7.788e-05  PDE=1.025e-04 [colloc=8.935e-05, cfd=1.317e-05]  WALL=7.659e-18  DATA=1.128e-01
Invoked: SSBroyden1 approach!
[BFGS] batch=  28  call=  1663  total=7.757e-05  PDE=1.021e-04 [colloc=8.898e-05, cfd=1.317e-05]  WALL=7.690e-18  DATA=1.128e-01
Invoked: SSBroyden1 approach!
[BFGS] batch=  28  call=  1665  total=7.743e-05  PDE=1.019e-04 [colloc=8.874e-05, cfd=1.316e-05]  WALL=7.702e-18  DATA=1.128e-01
Invoked: SSBroyden1 approach!
[BFGS] batch=  28  call=  1673  total=7.737e-05  PDE=1.018e-04 [colloc=8.863e-05, cfd=1.315e-05]  WALL=7.698e-18  DATA=1.128e-01
Invoked: SSBroyden1 approach!
[BFGS] batch=  28  call=  1681  total=7.736e-05  PDE=1.017e-04 [colloc=8.858e-05, cfd=1.315e-05]  WALL=7.697e-18  DATA=1.128e-01
  [PT] w_u=2.2698 w_v=14.6099 gamma=0.368 (tau_u=4.406e-01 tau_v=6.845e-02 |Du|=6.17e-02 |DRu|=7.92e-02)
[BFGS-END] batch=  28  last_total=7.760e-05  last_PDE=1.017e-04 [colloc=8.858e-05, cfd=1.315e-05]  last_WALL=7.697e-18  last_DATA=1.128e-01
/oscar/home/jchen790/cylinder flow lab/src/cfp40.py:1430: OptimizeWarning: Unknown solver options: hess, hessp, bounds, constraints, tol
  result = minimize(
Invoked: SSBroyden1 approach!
[BFGS] batch=  29  call=  1701  total=8.086e-05  PDE=1.064e-04 [colloc=9.276e-05, cfd=1.363e-05]  WALL=7.724e-18  DATA=1.128e-01
Invoked: SSBroyden1 approach!
[BFGS] batch=  29  call=  1702  total=8.042e-05  PDE=1.054e-04 [colloc=9.126e-05, cfd=1.416e-05]  WALL=7.793e-18  DATA=1.129e-01
Invoked: SSBroyden1 approach!
[BFGS] batch=  29  call=  1703  total=7.971e-05  PDE=1.045e-04 [colloc=9.054e-05, cfd=1.392e-05]  WALL=7.802e-18  DATA=1.129e-01
Invoked: SSBroyden1 approach!
[BFGS] batch=  29  call=  1704  total=7.902e-05  PDE=1.033e-04 [colloc=8.984e-05, cfd=1.347e-05]  WALL=7.880e-18  DATA=1.129e-01
Invoked: SSBroyden1 approach!
[BFGS] batch=  29  call=  1705  total=7.867e-05  PDE=1.031e-04 [colloc=8.974e-05, cfd=1.336e-05]  WALL=7.812e-18  DATA=1.129e-01
Invoked: SSBroyden1 approach!
[BFGS] batch=  29  call=  1706  total=7.833e-05  PDE=1.027e-04 [colloc=8.944e-05, cfd=1.325e-05]  WALL=7.771e-18  DATA=1.129e-01
Invoked: SSBroyden1 approach!
[BFGS] batch=  29  call=  1707  total=7.828e-05  PDE=1.024e-04 [colloc=8.922e-05, cfd=1.320e-05]  WALL=7.797e-18  DATA=1.129e-01
Invoked: SSBroyden1 approach!
[BFGS] batch=  29  call=  1715  total=7.804e-05  PDE=1.023e-04 [colloc=8.914e-05, cfd=1.319e-05]  WALL=7.805e-18  DATA=1.129e-01
Invoked: SSBroyden1 approach!
[BFGS] batch=  29  call=  1716  total=7.792e-05  PDE=1.022e-04 [colloc=8.898e-05, cfd=1.323e-05]  WALL=7.810e-18  DATA=1.129e-01
Invoked: SSBroyden1 approach!
[BFGS] batch=  29  call=  1718  total=7.788e-05  PDE=1.021e-04 [colloc=8.892e-05, cfd=1.321e-05]  WALL=7.811e-18  DATA=1.129e-01
  [PT] w_u=2.3801 w_v=15.2664 gamma=0.371 (tau_u=4.201e-01 tau_v=6.550e-02 |Du|=6.47e-02 |DRu|=8.11e-02)
[BFGS-END] batch=  29  last_total=7.806e-05  last_PDE=1.021e-04 [colloc=8.892e-05, cfd=1.321e-05]  last_WALL=7.811e-18  last_DATA=1.129e-01
/oscar/home/jchen790/cylinder flow lab/src/cfp40.py:1430: OptimizeWarning: Unknown solver options: hess, hessp, bounds, constraints, tol
  result = minimize(
Invoked: SSBroyden1 approach!
[BFGS] batch=  30  call=  1739  total=8.065e-05  PDE=1.058e-04 [colloc=9.211e-05, cfd=1.366e-05]  WALL=7.920e-18  DATA=1.129e-01
Invoked: SSBroyden1 approach!
[BFGS] batch=  30  call=  1741  total=7.953e-05  PDE=1.045e-04 [colloc=9.116e-05, cfd=1.335e-05]  WALL=8.041e-18  DATA=1.129e-01
Invoked: SSBroyden1 approach!
[BFGS] batch=  30  call=  1743  total=7.951e-05  PDE=1.040e-04 [colloc=9.070e-05, cfd=1.331e-05]  WALL=8.057e-18  DATA=1.129e-01
Invoked: SSBroyden1 approach!
[BFGS] batch=  30  call=  1744  total=7.938e-05  PDE=1.039e-04 [colloc=9.064e-05, cfd=1.330e-05]  WALL=8.060e-18  DATA=1.129e-01
Invoked: SSBroyden1 approach!
[BFGS] batch=  30  call=  1745  total=7.911e-05  PDE=1.036e-04 [colloc=9.035e-05, cfd=1.329e-05]  WALL=8.050e-18  DATA=1.129e-01
Invoked: SSBroyden1 approach!
[BFGS] batch=  30  call=  1747  total=7.899e-05  PDE=1.035e-04 [colloc=9.021e-05, cfd=1.325e-05]  WALL=8.045e-18  DATA=1.129e-01
Invoked: SSBroyden1 approach!
[BFGS] batch=  30  call=  1754  total=7.887e-05  PDE=1.033e-04 [colloc=9.006e-05, cfd=1.322e-05]  WALL=8.037e-18  DATA=1.129e-01
Invoked: SSBroyden1 approach!
[BFGS] batch=  30  call=  1755  total=7.874e-05  PDE=1.031e-04 [colloc=8.989e-05, cfd=1.318e-05]  WALL=8.021e-18  DATA=1.129e-01
Invoked: SSBroyden1 approach!
[BFGS] batch=  30  call=  1756  total=7.870e-05  PDE=1.029e-04 [colloc=8.980e-05, cfd=1.309e-05]  WALL=8.018e-18  DATA=1.129e-01
Invoked: SSBroyden1 approach!
[BFGS] batch=  30  call=  1757  total=7.829e-05  PDE=1.028e-04 [colloc=8.972e-05, cfd=1.307e-05]  WALL=8.007e-18  DATA=1.129e-01
Invoked: SSBroyden1 approach!
[BFGS] batch=  30  call=  1758  total=7.828e-05  PDE=1.025e-04 [colloc=8.941e-05, cfd=1.309e-05]  WALL=7.986e-18  DATA=1.130e-01
  [PT] w_u=2.5690 w_v=16.4502 gamma=0.371 (tau_u=3.893e-01 tau_v=6.079e-02 |Du|=6.63e-02 |DRu|=1.21e-01)
[PT] batch=  30  w=9.5096e+00
[BFGS-END] batch=  30  last_total=7.849e-05  last_PDE=1.025e-04 [colloc=8.940e-05, cfd=1.309e-05]  last_WALL=7.986e-18  last_DATA=1.130e-01
/oscar/home/jchen790/cylinder flow lab/src/cfp40.py:1430: OptimizeWarning: Unknown solver options: hess, hessp, bounds, constraints, tol
  result = minimize(
Invoked: SSBroyden1 approach!
[BFGS] batch=  31  call=  1778  total=7.849e-05  PDE=1.028e-04 [colloc=8.920e-05, cfd=1.360e-05]  WALL=8.073e-18  DATA=1.130e-01
Invoked: SSBroyden1 approach!
[BFGS] batch=  31  call=  1780  total=7.734e-05  PDE=1.006e-04 [colloc=8.694e-05, cfd=1.365e-05]  WALL=8.112e-18  DATA=1.130e-01
Invoked: SSBroyden1 approach!
[BFGS] batch=  31  call=  1782  total=7.670e-05  PDE=9.980e-05 [colloc=8.620e-05, cfd=1.361e-05]  WALL=8.187e-18  DATA=1.130e-01
  [PT] w_u=2.7031 w_v=17.0225 gamma=0.368 (tau_u=3.699e-01 tau_v=5.875e-02 |Du|=5.59e-02 |DRu|=7.66e-02)
[BFGS-END] batch=  31  last_total=7.703e-05  last_PDE=9.979e-05 [colloc=8.618e-05, cfd=1.361e-05]  last_WALL=8.186e-18  last_DATA=1.130e-01
/oscar/home/jchen790/cylinder flow lab/src/cfp40.py:1430: OptimizeWarning: Unknown solver options: hess, hessp, bounds, constraints, tol
  result = minimize(
Invoked: SSBroyden1 approach!
[BFGS] batch=  32  call=  1804  total=8.453e-05  PDE=1.111e-04 [colloc=9.798e-05, cfd=1.316e-05]  WALL=8.128e-18  DATA=1.130e-01
Invoked: SSBroyden1 approach!
[BFGS] batch=  32  call=  1805  total=8.277e-05  PDE=1.088e-04 [colloc=9.540e-05, cfd=1.338e-05]  WALL=8.093e-18  DATA=1.131e-01
Invoked: SSBroyden1 approach!
[BFGS] batch=  32  call=  1806  total=8.092e-05  PDE=1.056e-04 [colloc=9.205e-05, cfd=1.354e-05]  WALL=8.284e-18  DATA=1.131e-01
Invoked: SSBroyden1 approach!
[BFGS] batch=  32  call=  1807  total=8.052e-05  PDE=1.044e-04 [colloc=9.108e-05, cfd=1.335e-05]  WALL=8.343e-18  DATA=1.130e-01
Invoked: SSBroyden1 approach!
[BFGS] batch=  32  call=  1808  total=7.990e-05  PDE=1.038e-04 [colloc=9.054e-05, cfd=1.324e-05]  WALL=8.325e-18  DATA=1.131e-01
Invoked: SSBroyden1 approach!
[BFGS] batch=  32  call=  1809  total=7.967e-05  PDE=1.036e-04 [colloc=9.046e-05, cfd=1.318e-05]  WALL=8.298e-18  DATA=1.131e-01
Invoked: SSBroyden1 approach!
[BFGS] batch=  32  call=  1810  total=7.910e-05  PDE=1.032e-04 [colloc=9.002e-05, cfd=1.315e-05]  WALL=8.285e-18  DATA=1.131e-01
Invoked: SSBroyden1 approach!
[BFGS] batch=  32  call=  1812  total=7.905e-05  PDE=1.028e-04 [colloc=8.966e-05, cfd=1.310e-05]  WALL=8.291e-18  DATA=1.131e-01
Invoked: SSBroyden1 approach!
[BFGS] batch=  32  call=  1824  total=7.888e-05  PDE=1.027e-04 [colloc=8.959e-05, cfd=1.308e-05]  WALL=8.297e-18  DATA=1.131e-01
Invoked: SSBroyden1 approach!
[BFGS] batch=  32  call=  1825  total=7.857e-05  PDE=1.023e-04 [colloc=8.931e-05, cfd=1.301e-05]  WALL=8.297e-18  DATA=1.131e-01
Invoked: SSBroyden1 approach!
[BFGS] batch=  32  call=  1826  total=7.826e-05  PDE=1.021e-04 [colloc=8.911e-05, cfd=1.298e-05]  WALL=8.317e-18  DATA=1.131e-01
Invoked: SSBroyden1 approach!
[BFGS] batch=  32  call=  1827  total=7.824e-05  PDE=1.020e-04 [colloc=8.907e-05, cfd=1.294e-05]  WALL=8.394e-18  DATA=1.131e-01
Invoked: SSBroyden1 approach!
[BFGS] batch=  32  call=  1829  total=7.796e-05  PDE=1.018e-04 [colloc=8.889e-05, cfd=1.293e-05]  WALL=8.397e-18  DATA=1.131e-01
Invoked: SSBroyden1 approach!
[BFGS] batch=  32  call=  1830  total=7.770e-05  PDE=1.014e-04 [colloc=8.851e-05, cfd=1.291e-05]  WALL=8.375e-18  DATA=1.131e-01
Invoked: SSBroyden1 approach!
[BFGS] batch=  32  call=  1831  total=7.741e-05  PDE=1.012e-04 [colloc=8.818e-05, cfd=1.300e-05]  WALL=8.369e-18  DATA=1.131e-01
Invoked: SSBroyden1 approach!
[BFGS] batch=  32  call=  1839  total=7.740e-05  PDE=1.011e-04 [colloc=8.816e-05, cfd=1.296e-05]  WALL=8.384e-18  DATA=1.131e-01
  [PT] w_u=2.9314 w_v=18.3704 gamma=0.374 (tau_u=3.411e-01 tau_v=5.444e-02 |Du|=6.37e-02 |DRu|=1.36e-01)
[BFGS-END] batch=  32  last_total=7.770e-05  last_PDE=1.011e-04 [colloc=8.815e-05, cfd=1.296e-05]  last_WALL=8.384e-18  last_DATA=1.131e-01
/oscar/home/jchen790/cylinder flow lab/src/cfp40.py:1430: OptimizeWarning: Unknown solver options: hess, hessp, bounds, constraints, tol
  result = minimize(
Invoked: SSBroyden1 approach!
[BFGS] batch=  33  call=  1859  total=8.604e-05  PDE=1.144e-04 [colloc=1.012e-04, cfd=1.315e-05]  WALL=8.488e-18  DATA=1.131e-01
Invoked: SSBroyden1 approach!
[BFGS] batch=  33  call=  1860  total=8.417e-05  PDE=1.112e-04 [colloc=9.790e-05, cfd=1.328e-05]  WALL=8.621e-18  DATA=1.131e-01
Invoked: SSBroyden1 approach!
[BFGS] batch=  33  call=  1861  total=8.239e-05  PDE=1.082e-04 [colloc=9.467e-05, cfd=1.356e-05]  WALL=8.600e-18  DATA=1.132e-01
Invoked: SSBroyden1 approach!
[BFGS] batch=  33  call=  1863  total=8.149e-05  PDE=1.069e-04 [colloc=9.328e-05, cfd=1.357e-05]  WALL=8.610e-18  DATA=1.131e-01
Invoked: SSBroyden1 approach!
[BFGS] batch=  33  call=  1865  total=8.098e-05  PDE=1.063e-04 [colloc=9.280e-05, cfd=1.348e-05]  WALL=8.542e-18  DATA=1.131e-01
Invoked: SSBroyden1 approach!
[BFGS] batch=  33  call=  1867  total=8.086e-05  PDE=1.059e-04 [colloc=9.242e-05, cfd=1.343e-05]  WALL=8.547e-18  DATA=1.132e-01
Invoked: SSBroyden1 approach!
[BFGS] batch=  33  call=  1868  total=8.058e-05  PDE=1.056e-04 [colloc=9.223e-05, cfd=1.340e-05]  WALL=8.569e-18  DATA=1.131e-01
Invoked: SSBroyden1 approach!
[BFGS] batch=  33  call=  1869  total=8.052e-05  PDE=1.053e-04 [colloc=9.186e-05, cfd=1.345e-05]  WALL=8.545e-18  DATA=1.131e-01
Invoked: SSBroyden1 approach!
[BFGS] batch=  33  call=  1870  total=8.027e-05  PDE=1.052e-04 [colloc=9.171e-05, cfd=1.345e-05]  WALL=8.545e-18  DATA=1.131e-01
Invoked: SSBroyden1 approach!
[BFGS] batch=  33  call=  1871  total=8.023e-05  PDE=1.047e-04 [colloc=9.124e-05, cfd=1.346e-05]  WALL=8.543e-18  DATA=1.132e-01
Invoked: SSBroyden1 approach!
[BFGS] batch=  33  call=  1872  total=7.985e-05  PDE=1.046e-04 [colloc=9.114e-05, cfd=1.345e-05]  WALL=8.545e-18  DATA=1.131e-01
Invoked: SSBroyden1 approach!
[BFGS] batch=  33  call=  1873  total=7.949e-05  PDE=1.039e-04 [colloc=9.050e-05, cfd=1.340e-05]  WALL=8.504e-18  DATA=1.131e-01
Invoked: SSBroyden1 approach!
[BFGS] batch=  33  call=  1874  total=7.928e-05  PDE=1.035e-04 [colloc=9.002e-05, cfd=1.343e-05]  WALL=8.551e-18  DATA=1.131e-01
Invoked: SSBroyden1 approach!
[BFGS] batch=  33  call=  1875  total=7.897e-05  PDE=1.031e-04 [colloc=8.964e-05, cfd=1.345e-05]  WALL=8.542e-18  DATA=1.131e-01
Invoked: SSBroyden1 approach!
[BFGS] batch=  33  call=  1883  total=7.895e-05  PDE=1.028e-04 [colloc=8.933e-05, cfd=1.347e-05]  WALL=8.488e-18  DATA=1.132e-01
  [PT] w_u=3.1702 w_v=20.2388 gamma=0.373 (tau_u=3.154e-01 tau_v=4.941e-02 |Du|=6.15e-02 |DRu|=1.29e-01)
[BFGS-END] batch=  33  last_total=7.876e-05  last_PDE=1.028e-04 [colloc=8.932e-05, cfd=1.346e-05]  last_WALL=8.489e-18  last_DATA=1.132e-01
/oscar/home/jchen790/cylinder flow lab/src/cfp40.py:1430: OptimizeWarning: Unknown solver options: hess, hessp, bounds, constraints, tol
  result = minimize(
Invoked: SSBroyden1 approach!
[BFGS] batch=  34  call=  1907  total=8.538e-05  PDE=1.124e-04 [colloc=9.867e-05, cfd=1.374e-05]  WALL=8.624e-18  DATA=1.131e-01
Invoked: SSBroyden1 approach!
[BFGS] batch=  34  call=  1908  total=8.392e-05  PDE=1.098e-04 [colloc=9.608e-05, cfd=1.371e-05]  WALL=8.488e-18  DATA=1.132e-01
Invoked: SSBroyden1 approach!
[BFGS] batch=  34  call=  1909  total=8.218e-05  PDE=1.072e-04 [colloc=9.337e-05, cfd=1.380e-05]  WALL=8.652e-18  DATA=1.132e-01
Invoked: SSBroyden1 approach!
[BFGS] batch=  34  call=  1910  total=8.128e-05  PDE=1.057e-04 [colloc=9.183e-05, cfd=1.392e-05]  WALL=8.709e-18  DATA=1.132e-01
Invoked: SSBroyden1 approach!
[BFGS] batch=  34  call=  1911  total=8.042e-05  PDE=1.048e-04 [colloc=9.081e-05, cfd=1.402e-05]  WALL=8.715e-18  DATA=1.131e-01
Invoked: SSBroyden1 approach!
[BFGS] batch=  34  call=  1913  total=7.991e-05  PDE=1.042e-04 [colloc=9.021e-05, cfd=1.401e-05]  WALL=8.777e-18  DATA=1.132e-01
Invoked: SSBroyden1 approach!
[BFGS] batch=  34  call=  1914  total=7.978e-05  PDE=1.039e-04 [colloc=9.001e-05, cfd=1.387e-05]  WALL=8.750e-18  DATA=1.132e-01
Invoked: SSBroyden1 approach!
[BFGS] batch=  34  call=  1915  total=7.948e-05  PDE=1.036e-04 [colloc=8.972e-05, cfd=1.384e-05]  WALL=8.749e-18  DATA=1.132e-01
Invoked: SSBroyden1 approach!
[BFGS] batch=  34  call=  1916  total=7.943e-05  PDE=1.031e-04 [colloc=8.931e-05, cfd=1.377e-05]  WALL=8.732e-18  DATA=1.132e-01
Invoked: SSBroyden1 approach!
[BFGS] batch=  34  call=  1917  total=7.939e-05  PDE=1.029e-04 [colloc=8.918e-05, cfd=1.375e-05]  WALL=8.726e-18  DATA=1.132e-01
Invoked: SSBroyden1 approach!
[BFGS] batch=  34  call=  1918  total=7.937e-05  PDE=1.029e-04 [colloc=8.911e-05, cfd=1.374e-05]  WALL=8.728e-18  DATA=1.132e-01
Invoked: SSBroyden1 approach!
[BFGS] batch=  34  call=  1920  total=7.908e-05  PDE=1.026e-04 [colloc=8.887e-05, cfd=1.372e-05]  WALL=8.704e-18  DATA=1.132e-01
Invoked: SSBroyden1 approach!
[BFGS] batch=  34  call=  1921  total=7.867e-05  PDE=1.022e-04 [colloc=8.855e-05, cfd=1.369e-05]  WALL=8.723e-18  DATA=1.132e-01
Invoked: SSBroyden1 approach!
[BFGS] batch=  34  call=  1922  total=7.828e-05  PDE=1.021e-04 [colloc=8.855e-05, cfd=1.354e-05]  WALL=8.694e-18  DATA=1.132e-01
  [PT] w_u=3.3858 w_v=21.9353 gamma=0.371 (tau_u=2.954e-01 tau_v=4.559e-02 |Du|=6.59e-02 |DRu|=1.19e-01)
[BFGS] batch 34: H0 not PD — resetting to identity.
[BFGS-END] batch=  34  last_total=7.848e-05  last_PDE=1.021e-04 [colloc=8.855e-05, cfd=1.354e-05]  last_WALL=8.693e-18  last_DATA=1.132e-01
/oscar/home/jchen790/cylinder flow lab/src/cfp40.py:1430: OptimizeWarning: Unknown solver options: hess, hessp, bounds, constraints, tol
  result = minimize(
Invoked: SSBroyden1 approach!
[BFGS] batch=  35  call=  1944  total=8.504e-05  PDE=1.121e-04 [colloc=9.791e-05, cfd=1.415e-05]  WALL=8.660e-18  DATA=1.132e-01
Invoked: SSBroyden1 approach!
[BFGS] batch=  35  call=  1946  total=8.488e-05  PDE=1.116e-04 [colloc=9.744e-05, cfd=1.414e-05]  WALL=8.737e-18  DATA=1.132e-01
Invoked: SSBroyden1 approach!
[BFGS] batch=  35  call=  1947  total=8.476e-05  PDE=1.112e-04 [colloc=9.710e-05, cfd=1.414e-05]  WALL=8.775e-18  DATA=1.132e-01
Invoked: SSBroyden1 approach!
[BFGS] batch=  35  call=  1948  total=8.466e-05  PDE=1.112e-04 [colloc=9.705e-05, cfd=1.414e-05]  WALL=8.783e-18  DATA=1.132e-01
Invoked: SSBroyden1 approach!
[BFGS] batch=  35  call=  1949  total=8.427e-05  PDE=1.109e-04 [colloc=9.680e-05, cfd=1.414e-05]  WALL=8.776e-18  DATA=1.132e-01
Invoked: SSBroyden1 approach!
[BFGS] batch=  35  call=  1951  total=8.419e-05  PDE=1.107e-04 [colloc=9.658e-05, cfd=1.413e-05]  WALL=8.824e-18  DATA=1.132e-01
Invoked: SSBroyden1 approach!
[BFGS] batch=  35  call=  1952  total=8.403e-05  PDE=1.105e-04 [colloc=9.641e-05, cfd=1.412e-05]  WALL=8.804e-18  DATA=1.132e-01
Invoked: SSBroyden1 approach!
[BFGS] batch=  35  call=  1953  total=8.374e-05  PDE=1.101e-04 [colloc=9.599e-05, cfd=1.412e-05]  WALL=8.823e-18  DATA=1.132e-01
Invoked: SSBroyden1 approach!
[BFGS] batch=  35  call=  1955  total=8.366e-05  PDE=1.099e-04 [colloc=9.579e-05, cfd=1.412e-05]  WALL=8.832e-18  DATA=1.132e-01
Invoked: SSBroyden1 approach!
[BFGS] batch=  35  call=  1956  total=8.357e-05  PDE=1.097e-04 [colloc=9.560e-05, cfd=1.412e-05]  WALL=8.828e-18  DATA=1.132e-01
  [PT] w_u=3.7399 w_v=24.0694 gamma=0.369 (tau_u=2.674e-01 tau_v=4.155e-02 |Du|=1.57e-02 |DRu|=7.60e-02)
[BFGS-END] batch=  35  last_total=8.334e-05  last_PDE=1.097e-04 [colloc=9.559e-05, cfd=1.412e-05]  last_WALL=8.828e-18  last_DATA=1.132e-01
/oscar/home/jchen790/cylinder flow lab/src/cfp40.py:1430: OptimizeWarning: Unknown solver options: hess, hessp, bounds, constraints, tol
  result = minimize(
Invoked: SSBroyden1 approach!
[BFGS] batch=  36  call=  1977  total=8.882e-05  PDE=1.177e-04 [colloc=1.042e-04, cfd=1.343e-05]  WALL=8.812e-18  DATA=1.132e-01
Invoked: SSBroyden1 approach!
[BFGS] batch=  36  call=  1978  total=8.873e-05  PDE=1.173e-04 [colloc=1.039e-04, cfd=1.347e-05]  WALL=8.813e-18  DATA=1.132e-01
Invoked: SSBroyden1 approach!
[BFGS] batch=  36  call=  1988  total=8.861e-05  PDE=1.171e-04 [colloc=1.036e-04, cfd=1.345e-05]  WALL=8.811e-18  DATA=1.132e-01
Invoked: SSBroyden1 approach!
[BFGS] batch=  36  call=  1989  total=8.854e-05  PDE=1.168e-04 [colloc=1.034e-04, cfd=1.343e-05]  WALL=8.795e-18  DATA=1.132e-01
Invoked: SSBroyden1 approach!
[BFGS] batch=  36  call=  1990  total=8.836e-05  PDE=1.166e-04 [colloc=1.032e-04, cfd=1.342e-05]  WALL=8.792e-18  DATA=1.132e-01
Invoked: SSBroyden1 approach!
[BFGS] batch=  36  call=  1991  total=8.811e-05  PDE=1.162e-04 [colloc=1.027e-04, cfd=1.346e-05]  WALL=8.791e-18  DATA=1.132e-01
Invoked: SSBroyden1 approach!
[BFGS] batch=  36  call=  1992  total=8.754e-05  PDE=1.155e-04 [colloc=1.021e-04, cfd=1.343e-05]  WALL=8.813e-18  DATA=1.132e-01
Invoked: SSBroyden1 approach!
[BFGS] batch=  36  call=  1993  total=8.697e-05  PDE=1.145e-04 [colloc=1.011e-04, cfd=1.345e-05]  WALL=8.850e-18  DATA=1.132e-01
Invoked: SSBroyden1 approach!
[BFGS] batch=  36  call=  1994  total=8.643e-05  PDE=1.137e-04 [colloc=1.003e-04, cfd=1.336e-05]  WALL=8.891e-18  DATA=1.132e-01
Invoked: SSBroyden1 approach!
[BFGS] batch=  36  call=  1995  total=8.601e-05  PDE=1.133e-04 [colloc=9.987e-05, cfd=1.345e-05]  WALL=8.942e-18  DATA=1.132e-01
Invoked: SSBroyden1 approach!
[BFGS] batch=  36  call=  1996  total=8.592e-05  PDE=1.128e-04 [colloc=9.942e-05, cfd=1.340e-05]  WALL=8.939e-18  DATA=1.132e-01
Invoked: SSBroyden1 approach!
[BFGS] batch=  36  call=  1997  total=8.587e-05  PDE=1.126e-04 [colloc=9.923e-05, cfd=1.338e-05]  WALL=8.948e-18  DATA=1.132e-01
Invoked: SSBroyden1 approach!
[BFGS] batch=  36  call=  1998  total=8.542e-05  PDE=1.125e-04 [colloc=9.911e-05, cfd=1.336e-05]  WALL=8.956e-18  DATA=1.132e-01
Invoked: SSBroyden1 approach!
[BFGS] batch=  36  call=  2008  total=8.541e-05  PDE=1.124e-04 [colloc=9.904e-05, cfd=1.336e-05]  WALL=8.959e-18  DATA=1.132e-01
  [PT] w_u=4.0837 w_v=25.8643 gamma=0.379 (tau_u=2.449e-01 tau_v=3.866e-02 |Du|=3.66e-02 |DRu|=1.09e-01)
[BFGS-END] batch=  36  last_total=8.556e-05  last_PDE=1.124e-04 [colloc=9.904e-05, cfd=1.336e-05]  last_WALL=8.959e-18  last_DATA=1.132e-01
/oscar/home/jchen790/cylinder flow lab/src/cfp40.py:1430: OptimizeWarning: Unknown solver options: hess, hessp, bounds, constraints, tol
  result = minimize(
Invoked: SSBroyden1 approach!
[BFGS] batch=  37  call=  2028  total=8.641e-05  PDE=1.137e-04 [colloc=1.002e-04, cfd=1.349e-05]  WALL=8.956e-18  DATA=1.132e-01
Invoked: SSBroyden1 approach!
[BFGS] batch=  37  call=  2029  total=8.574e-05  PDE=1.126e-04 [colloc=9.905e-05, cfd=1.354e-05]  WALL=8.969e-18  DATA=1.132e-01
Invoked: SSBroyden1 approach!
[BFGS] batch=  37  call=  2030  total=8.479e-05  PDE=1.112e-04 [colloc=9.759e-05, cfd=1.358e-05]  WALL=8.991e-18  DATA=1.132e-01
Invoked: SSBroyden1 approach!
[BFGS] batch=  37  call=  2031  total=8.347e-05  PDE=1.092e-04 [colloc=9.554e-05, cfd=1.361e-05]  WALL=9.001e-18  DATA=1.132e-01
Invoked: SSBroyden1 approach!
[BFGS] batch=  37  call=  2033  total=8.321e-05  PDE=1.086e-04 [colloc=9.503e-05, cfd=1.357e-05]  WALL=9.008e-18  DATA=1.132e-01
Invoked: SSBroyden1 approach!
[BFGS] batch=  37  call=  2034  total=8.299e-05  PDE=1.081e-04 [colloc=9.459e-05, cfd=1.353e-05]  WALL=9.051e-18  DATA=1.132e-01
Invoked: SSBroyden1 approach!
[BFGS] batch=  37  call=  2035  total=8.257e-05  PDE=1.077e-04 [colloc=9.418e-05, cfd=1.349e-05]  WALL=9.059e-18  DATA=1.132e-01
Invoked: SSBroyden1 approach!
[BFGS] batch=  37  call=  2037  total=8.246e-05  PDE=1.074e-04 [colloc=9.394e-05, cfd=1.346e-05]  WALL=9.070e-18  DATA=1.132e-01
Invoked: SSBroyden1 approach!
[BFGS] batch=  37  call=  2038  total=8.219e-05  PDE=1.071e-04 [colloc=9.367e-05, cfd=1.346e-05]  WALL=9.077e-18  DATA=1.132e-01
Invoked: SSBroyden1 approach!
[BFGS] batch=  37  call=  2040  total=8.202e-05  PDE=1.070e-04 [colloc=9.352e-05, cfd=1.346e-05]  WALL=9.083e-18  DATA=1.132e-01
  [PT] w_u=4.4308 w_v=27.7497 gamma=0.373 (tau_u=2.257e-01 tau_v=3.604e-02 |Du|=3.39e-02 |DRu|=9.00e-02)
[BFGS-END] batch=  37  last_total=8.222e-05  last_PDE=1.070e-04 [colloc=9.352e-05, cfd=1.346e-05]  last_WALL=9.083e-18  last_DATA=1.132e-01
/oscar/home/jchen790/cylinder flow lab/src/cfp40.py:1430: OptimizeWarning: Unknown solver options: hess, hessp, bounds, constraints, tol
  result = minimize(
Invoked: SSBroyden1 approach!
[BFGS] batch=  38  call=  2061  total=8.483e-05  PDE=1.109e-04 [colloc=9.688e-05, cfd=1.406e-05]  WALL=9.045e-18  DATA=1.132e-01
Invoked: SSBroyden1 approach!
[BFGS] batch=  38  call=  2062  total=8.349e-05  PDE=1.085e-04 [colloc=9.440e-05, cfd=1.412e-05]  WALL=9.109e-18  DATA=1.132e-01
Invoked: SSBroyden1 approach!
[BFGS] batch=  38  call=  2063  total=8.163e-05  PDE=1.065e-04 [colloc=9.242e-05, cfd=1.410e-05]  WALL=9.228e-18  DATA=1.132e-01
Invoked: SSBroyden1 approach!
[BFGS] batch=  38  call=  2065  total=8.142e-05  PDE=1.055e-04 [colloc=9.147e-05, cfd=1.405e-05]  WALL=9.233e-18  DATA=1.132e-01
Invoked: SSBroyden1 approach!
[BFGS] batch=  38  call=  2067  total=8.140e-05  PDE=1.054e-04 [colloc=9.134e-05, cfd=1.402e-05]  WALL=9.230e-18  DATA=1.132e-01
Invoked: SSBroyden1 approach!
[BFGS] batch=  38  call=  2073  total=8.107e-05  PDE=1.053e-04 [colloc=9.130e-05, cfd=1.402e-05]  WALL=9.232e-18  DATA=1.132e-01
Invoked: SSBroyden1 approach!
[BFGS] batch=  38  call=  2075  total=8.104e-05  PDE=1.050e-04 [colloc=9.104e-05, cfd=1.400e-05]  WALL=9.234e-18  DATA=1.132e-01
Invoked: SSBroyden1 approach!
[BFGS] batch=  38  call=  2076  total=8.091e-05  PDE=1.050e-04 [colloc=9.097e-05, cfd=1.400e-05]  WALL=9.232e-18  DATA=1.132e-01
Invoked: SSBroyden1 approach!
[BFGS] batch=  38  call=  2078  total=8.069e-05  PDE=1.049e-04 [colloc=9.093e-05, cfd=1.399e-05]  WALL=9.230e-18  DATA=1.132e-01
  [PT] w_u=4.7149 w_v=29.9913 gamma=0.372 (tau_u=2.121e-01 tau_v=3.334e-02 |Du|=3.41e-02 |DRu|=6.95e-02)
[BFGS-END] batch=  38  last_total=8.101e-05  last_PDE=1.049e-04 [colloc=9.093e-05, cfd=1.399e-05]  last_WALL=9.230e-18  last_DATA=1.132e-01
/oscar/home/jchen790/cylinder flow lab/src/cfp40.py:1430: OptimizeWarning: Unknown solver options: hess, hessp, bounds, constraints, tol
  result = minimize(
Invoked: SSBroyden1 approach!
[BFGS] batch=  39  call=  2099  total=8.373e-05  PDE=1.085e-04 [colloc=9.413e-05, cfd=1.439e-05]  WALL=9.325e-18  DATA=1.132e-01
Invoked: SSBroyden1 approach!
[BFGS] batch=  39  call=  2101  total=8.219e-05  PDE=1.066e-04 [colloc=9.207e-05, cfd=1.450e-05]  WALL=9.310e-18  DATA=1.132e-01
Invoked: SSBroyden1 approach!
[BFGS] batch=  39  call=  2102  total=8.139e-05  PDE=1.052e-04 [colloc=9.090e-05, cfd=1.435e-05]  WALL=9.363e-18  DATA=1.132e-01
Invoked: SSBroyden1 approach!
[BFGS] batch=  39  call=  2104  total=8.121e-05  PDE=1.048e-04 [colloc=9.042e-05, cfd=1.433e-05]  WALL=9.328e-18  DATA=1.132e-01
Invoked: SSBroyden1 approach!
[BFGS] batch=  39  call=  2105  total=8.115e-05  PDE=1.045e-04 [colloc=9.016e-05, cfd=1.430e-05]  WALL=9.326e-18  DATA=1.132e-01
Invoked: SSBroyden1 approach!
[BFGS] batch=  39  call=  2106  total=8.099e-05  PDE=1.043e-04 [colloc=9.006e-05, cfd=1.427e-05]  WALL=9.317e-18  DATA=1.132e-01
Invoked: SSBroyden1 approach!
[BFGS] batch=  39  call=  2107  total=8.086e-05  PDE=1.040e-04 [colloc=8.986e-05, cfd=1.419e-05]  WALL=9.312e-18  DATA=1.132e-01
Invoked: SSBroyden1 approach!
[BFGS] batch=  39  call=  2108  total=8.060e-05  PDE=1.040e-04 [colloc=8.978e-05, cfd=1.419e-05]  WALL=9.330e-18  DATA=1.132e-01
Invoked: SSBroyden1 approach!
[BFGS] batch=  39  call=  2110  total=8.058e-05  PDE=1.039e-04 [colloc=8.972e-05, cfd=1.417e-05]  WALL=9.321e-18  DATA=1.132e-01
Invoked: SSBroyden1 approach!
[BFGS] batch=  39  call=  2111  total=8.044e-05  PDE=1.038e-04 [colloc=8.970e-05, cfd=1.414e-05]  WALL=9.316e-18  DATA=1.132e-01
Invoked: SSBroyden1 approach!
[BFGS] batch=  39  call=  2112  total=8.028e-05  PDE=1.036e-04 [colloc=8.958e-05, cfd=1.404e-05]  WALL=9.289e-18  DATA=1.132e-01
Invoked: SSBroyden1 approach!
[BFGS] batch=  39  call=  2113  total=8.027e-05  PDE=1.035e-04 [colloc=8.953e-05, cfd=1.400e-05]  WALL=9.264e-18  DATA=1.132e-01
  [PT] w_u=5.0778 w_v=32.1871 gamma=0.373 (tau_u=1.969e-01 tau_v=3.107e-02 |Du|=3.27e-02 |DRu|=8.11e-02)
[BFGS-END] batch=  39  last_total=8.029e-05  last_PDE=1.035e-04 [colloc=8.953e-05, cfd=1.400e-05]  last_WALL=9.264e-18  last_DATA=1.132e-01
/oscar/home/jchen790/cylinder flow lab/src/cfp40.py:1430: OptimizeWarning: Unknown solver options: hess, hessp, bounds, constraints, tol
  result = minimize(
Invoked: SSBroyden1 approach!
[BFGS] batch=  40  call=  2133  total=8.459e-05  PDE=1.097e-04 [colloc=9.583e-05, cfd=1.390e-05]  WALL=9.409e-18  DATA=1.131e-01
Invoked: SSBroyden1 approach!
[BFGS] batch=  40  call=  2135  total=8.314e-05  PDE=1.074e-04 [colloc=9.392e-05, cfd=1.351e-05]  WALL=9.411e-18  DATA=1.132e-01
Invoked: SSBroyden1 approach!
[BFGS] batch=  40  call=  2137  total=8.280e-05  PDE=1.071e-04 [colloc=9.358e-05, cfd=1.351e-05]  WALL=9.380e-18  DATA=1.132e-01
Invoked: SSBroyden1 approach!
[BFGS] batch=  40  call=  2147  total=8.273e-05  PDE=1.069e-04 [colloc=9.341e-05, cfd=1.350e-05]  WALL=9.371e-18  DATA=1.132e-01
Invoked: SSBroyden1 approach!
[BFGS] batch=  40  call=  2148  total=8.256e-05  PDE=1.068e-04 [colloc=9.332e-05, cfd=1.348e-05]  WALL=9.372e-18  DATA=1.132e-01
Invoked: SSBroyden1 approach!
[BFGS] batch=  40  call=  2156  total=8.255e-05  PDE=1.067e-04 [colloc=9.318e-05, cfd=1.349e-05]  WALL=9.377e-18  DATA=1.132e-01
  [PT] w_u=5.4168 w_v=32.8199 gamma=0.379 (tau_u=1.846e-01 tau_v=3.047e-02 |Du|=3.23e-02 |DRu|=7.32e-02)
[PT] batch=  40  w=1.9118e+01
[BFGS-END] batch=  40  last_total=8.285e-05  last_PDE=1.066e-04 [colloc=9.315e-05, cfd=1.349e-05]  last_WALL=9.377e-18  last_DATA=1.132e-01
/oscar/home/jchen790/cylinder flow lab/src/cfp40.py:1430: OptimizeWarning: Unknown solver options: hess, hessp, bounds, constraints, tol
  result = minimize(
Invoked: SSBroyden1 approach!
[BFGS] batch=  41  call=  2178  total=9.036e-05  PDE=1.181e-04 [colloc=1.040e-04, cfd=1.415e-05]  WALL=9.689e-18  DATA=1.132e-01
Invoked: SSBroyden1 approach!
[BFGS] batch=  41  call=  2179  total=8.923e-05  PDE=1.164e-04 [colloc=1.018e-04, cfd=1.461e-05]  WALL=9.656e-18  DATA=1.132e-01
Invoked: SSBroyden1 approach!
[BFGS] batch=  41  call=  2180  total=8.783e-05  PDE=1.142e-04 [colloc=9.977e-05, cfd=1.444e-05]  WALL=9.634e-18  DATA=1.132e-01
Invoked: SSBroyden1 approach!
[BFGS] batch=  41  call=  2182  total=8.737e-05  PDE=1.133e-04 [colloc=9.892e-05, cfd=1.435e-05]  WALL=9.584e-18  DATA=1.132e-01
Invoked: SSBroyden1 approach!
[BFGS] batch=  41  call=  2183  total=8.732e-05  PDE=1.131e-04 [colloc=9.878e-05, cfd=1.432e-05]  WALL=9.558e-18  DATA=1.132e-01
Invoked: SSBroyden1 approach!
[BFGS] batch=  41  call=  2184  total=8.694e-05  PDE=1.130e-04 [colloc=9.865e-05, cfd=1.431e-05]  WALL=9.559e-18  DATA=1.132e-01
Invoked: SSBroyden1 approach!
[BFGS] batch=  41  call=  2192  total=8.672e-05  PDE=1.125e-04 [colloc=9.828e-05, cfd=1.419e-05]  WALL=9.558e-18  DATA=1.132e-01
Invoked: SSBroyden1 approach!
[BFGS] batch=  41  call=  2193  total=8.656e-05  PDE=1.123e-04 [colloc=9.808e-05, cfd=1.419e-05]  WALL=9.563e-18  DATA=1.132e-01
Invoked: SSBroyden1 approach!
[BFGS] batch=  41  call=  2194  total=8.625e-05  PDE=1.122e-04 [colloc=9.797e-05, cfd=1.419e-05]  WALL=9.575e-18  DATA=1.132e-01
  [PT] w_u=5.8105 w_v=34.6484 gamma=0.385 (tau_u=1.721e-01 tau_v=2.886e-02 |Du|=3.07e-02 |DRu|=7.80e-02)
[BFGS-END] batch=  41  last_total=8.687e-05  last_PDE=1.123e-04 [colloc=9.809e-05, cfd=1.418e-05]  last_WALL=9.576e-18  last_DATA=1.132e-01
/oscar/home/jchen790/cylinder flow lab/src/cfp40.py:1430: OptimizeWarning: Unknown solver options: hess, hessp, bounds, constraints, tol
  result = minimize(
Invoked: SSBroyden1 approach!
[BFGS] batch=  42  call=  2210  total=9.080e-05  PDE=1.184e-04 [colloc=1.036e-04, cfd=1.480e-05]  WALL=9.568e-18  DATA=1.132e-01
Invoked: SSBroyden1 approach!
[BFGS] batch=  42  call=  2211  total=8.762e-05  PDE=1.134e-04 [colloc=9.869e-05, cfd=1.472e-05]  WALL=9.635e-18  DATA=1.132e-01
Invoked: SSBroyden1 approach!
[BFGS] batch=  42  call=  2213  total=8.598e-05  PDE=1.110e-04 [colloc=9.625e-05, cfd=1.476e-05]  WALL=9.647e-18  DATA=1.132e-01
Invoked: SSBroyden1 approach!
[BFGS] batch=  42  call=  2215  total=8.539e-05  PDE=1.101e-04 [colloc=9.529e-05, cfd=1.477e-05]  WALL=9.672e-18  DATA=1.132e-01
Invoked: SSBroyden1 approach!
[BFGS] batch=  42  call=  2217  total=8.527e-05  PDE=1.098e-04 [colloc=9.497e-05, cfd=1.478e-05]  WALL=9.695e-18  DATA=1.132e-01
Invoked: SSBroyden1 approach!
[BFGS] batch=  42  call=  2218  total=8.521e-05  PDE=1.095e-04 [colloc=9.473e-05, cfd=1.479e-05]  WALL=9.691e-18  DATA=1.132e-01
Invoked: SSBroyden1 approach!
[BFGS] batch=  42  call=  2219  total=8.495e-05  PDE=1.094e-04 [colloc=9.457e-05, cfd=1.479e-05]  WALL=9.697e-18  DATA=1.132e-01
Invoked: SSBroyden1 approach!
[BFGS] batch=  42  call=  2221  total=8.466e-05  PDE=1.092e-04 [colloc=9.441e-05, cfd=1.479e-05]  WALL=9.711e-18  DATA=1.132e-01
Invoked: SSBroyden1 approach!
[BFGS] batch=  42  call=  2228  total=8.462e-05  PDE=1.089e-04 [colloc=9.412e-05, cfd=1.476e-05]  WALL=9.723e-18  DATA=1.132e-01
Invoked: SSBroyden1 approach!
[BFGS] batch=  42  call=  2229  total=8.455e-05  PDE=1.088e-04 [colloc=9.402e-05, cfd=1.476e-05]  WALL=9.725e-18  DATA=1.132e-01
Invoked: SSBroyden1 approach!
[BFGS] batch=  42  call=  2230  total=8.436e-05  PDE=1.086e-04 [colloc=9.383e-05, cfd=1.475e-05]  WALL=9.720e-18  DATA=1.132e-01
Invoked: SSBroyden1 approach!
[BFGS] batch=  42  call=  2231  total=8.419e-05  PDE=1.083e-04 [colloc=9.349e-05, cfd=1.479e-05]  WALL=9.732e-18  DATA=1.132e-01
Invoked: SSBroyden1 approach!
[BFGS] batch=  42  call=  2232  total=8.419e-05  PDE=1.081e-04 [colloc=9.332e-05, cfd=1.479e-05]  WALL=9.757e-18  DATA=1.132e-01
  [PT] w_u=6.2665 w_v=37.6409 gamma=0.381 (tau_u=1.596e-01 tau_v=2.657e-02 |Du|=3.67e-02 |DRu|=1.05e-01)
[BFGS] batch 42: H0 not PD — resetting to identity.
[BFGS-END] batch=  42  last_total=8.410e-05  last_PDE=1.081e-04 [colloc=9.332e-05, cfd=1.479e-05]  last_WALL=9.757e-18  last_DATA=1.132e-01
/oscar/home/jchen790/cylinder flow lab/src/cfp40.py:1430: OptimizeWarning: Unknown solver options: hess, hessp, bounds, constraints, tol
  result = minimize(
Invoked: SSBroyden1 approach!
[BFGS] batch=  43  call=  2253  total=9.149e-05  PDE=1.197e-04 [colloc=1.049e-04, cfd=1.484e-05]  WALL=9.730e-18  DATA=1.132e-01
Invoked: SSBroyden1 approach!
[BFGS] batch=  43  call=  2254  total=9.144e-05  PDE=1.188e-04 [colloc=1.040e-04, cfd=1.483e-05]  WALL=9.838e-18  DATA=1.132e-01
Invoked: SSBroyden1 approach!
[BFGS] batch=  43  call=  2261  total=9.084e-05  PDE=1.187e-04 [colloc=1.039e-04, cfd=1.483e-05]  WALL=9.847e-18  DATA=1.132e-01
  [PT] w_u=6.8149 w_v=35.3319 gamma=0.380 (tau_u=1.467e-01 tau_v=2.830e-02 |Du|=7.76e-03 |DRu|=2.71e-02)
[BFGS-END] batch=  43  last_total=9.115e-05  last_PDE=1.187e-04 [colloc=1.039e-04, cfd=1.483e-05]  last_WALL=9.847e-18  last_DATA=1.132e-01
/oscar/home/jchen790/cylinder flow lab/src/cfp40.py:1430: OptimizeWarning: Unknown solver options: hess, hessp, bounds, constraints, tol
  result = minimize(
Invoked: SSBroyden1 approach!
[BFGS] batch=  44  call=  2283  total=9.198e-05  PDE=1.202e-04 [colloc=1.062e-04, cfd=1.401e-05]  WALL=9.944e-18  DATA=1.131e-01
Invoked: SSBroyden1 approach!
[BFGS] batch=  44  call=  2284  total=9.170e-05  PDE=1.198e-04 [colloc=1.058e-04, cfd=1.402e-05]  WALL=9.906e-18  DATA=1.132e-01
  [PT] w_u=6.7949 w_v=29.7461 gamma=0.381 (tau_u=1.472e-01 tau_v=3.362e-02 |Du|=1.43e-02 |DRu|=2.27e-02)
[BFGS-END] batch=  44  last_total=9.175e-05  last_PDE=1.198e-04 [colloc=1.058e-04, cfd=1.402e-05]  last_WALL=9.907e-18  last_DATA=1.132e-01
/oscar/home/jchen790/cylinder flow lab/src/cfp40.py:1430: OptimizeWarning: Unknown solver options: hess, hessp, bounds, constraints, tol
  result = minimize(
Invoked: SSBroyden1 approach!
[BFGS] batch=  45  call=  2320  total=9.340e-05  PDE=1.219e-04 [colloc=1.076e-04, cfd=1.439e-05]  WALL=9.902e-18  DATA=1.132e-01
Invoked: SSBroyden1 approach!
[BFGS] batch=  45  call=  2321  total=9.329e-05  PDE=1.219e-04 [colloc=1.075e-04, cfd=1.439e-05]  WALL=9.904e-18  DATA=1.132e-01
Invoked: SSBroyden1 approach!
[BFGS] batch=  45  call=  2329  total=9.317e-05  PDE=1.216e-04 [colloc=1.072e-04, cfd=1.439e-05]  WALL=9.892e-18  DATA=1.132e-01
Invoked: SSBroyden1 approach!
[BFGS] batch=  45  call=  2330  total=9.296e-05  PDE=1.212e-04 [colloc=1.068e-04, cfd=1.440e-05]  WALL=9.894e-18  DATA=1.132e-01
Invoked: SSBroyden1 approach!
[BFGS] batch=  45  call=  2331  total=9.274e-05  PDE=1.208e-04 [colloc=1.064e-04, cfd=1.441e-05]  WALL=9.897e-18  DATA=1.132e-01
Invoked: SSBroyden1 approach!
[BFGS] batch=  45  call=  2332  total=9.247e-05  PDE=1.205e-04 [colloc=1.061e-04, cfd=1.439e-05]  WALL=9.893e-18  DATA=1.132e-01
Invoked: SSBroyden1 approach!
[BFGS] batch=  45  call=  2347  total=9.232e-05  PDE=1.205e-04 [colloc=1.061e-04, cfd=1.439e-05]  WALL=9.894e-18  DATA=1.132e-01
Invoked: SSBroyden1 approach!
[BFGS] batch=  45  call=  2348  total=9.216e-05  PDE=1.201e-04 [colloc=1.057e-04, cfd=1.438e-05]  WALL=9.902e-18  DATA=1.132e-01
Invoked: SSBroyden1 approach!
[BFGS] batch=  45  call=  2349  total=9.186e-05  PDE=1.198e-04 [colloc=1.054e-04, cfd=1.438e-05]  WALL=9.899e-18  DATA=1.132e-01
Invoked: SSBroyden1 approach!
[BFGS] batch=  45  call=  2356  total=9.160e-05  PDE=1.192e-04 [colloc=1.049e-04, cfd=1.439e-05]  WALL=9.893e-18  DATA=1.132e-01
Invoked: SSBroyden1 approach!
[BFGS] batch=  45  call=  2357  total=9.133e-05  PDE=1.188e-04 [colloc=1.044e-04, cfd=1.439e-05]  WALL=9.881e-18  DATA=1.132e-01
Invoked: SSBroyden1 approach!
[BFGS] batch=  45  call=  2358  total=9.125e-05  PDE=1.183e-04 [colloc=1.039e-04, cfd=1.438e-05]  WALL=9.879e-18  DATA=1.132e-01
Invoked: SSBroyden1 approach!
[BFGS] batch=  45  call=  2359  total=9.095e-05  PDE=1.181e-04 [colloc=1.037e-04, cfd=1.437e-05]  WALL=9.880e-18  DATA=1.132e-01
Invoked: SSBroyden1 approach!
[BFGS] batch=  45  call=  2360  total=9.054e-05  PDE=1.176e-04 [colloc=1.033e-04, cfd=1.433e-05]  WALL=9.889e-18  DATA=1.132e-01
Invoked: SSBroyden1 approach!
[BFGS] batch=  45  call=  2361  total=9.043e-05  PDE=1.174e-04 [colloc=1.031e-04, cfd=1.432e-05]  WALL=9.898e-18  DATA=1.132e-01
Invoked: SSBroyden1 approach!
[BFGS] batch=  45  call=  2370  total=9.014e-05  PDE=1.172e-04 [colloc=1.029e-04, cfd=1.432e-05]  WALL=9.898e-18  DATA=1.132e-01
Invoked: SSBroyden1 approach!
[BFGS] batch=  45  call=  2371  total=8.990e-05  PDE=1.166e-04 [colloc=1.023e-04, cfd=1.432e-05]  WALL=9.898e-18  DATA=1.132e-01
Invoked: SSBroyden1 approach!
[BFGS] batch=  45  call=  2373  total=8.983e-05  PDE=1.164e-04 [colloc=1.021e-04, cfd=1.431e-05]  WALL=9.890e-18  DATA=1.132e-01
Invoked: SSBroyden1 approach!
[BFGS] batch=  45  call=  2380  total=8.964e-05  PDE=1.162e-04 [colloc=1.019e-04, cfd=1.431e-05]  WALL=9.886e-18  DATA=1.132e-01
Invoked: SSBroyden1 approach!
[BFGS] batch=  45  call=  2381  total=8.959e-05  PDE=1.157e-04 [colloc=1.015e-04, cfd=1.428e-05]  WALL=9.874e-18  DATA=1.132e-01
Invoked: SSBroyden1 approach!
[BFGS] batch=  45  call=  2382  total=8.916e-05  PDE=1.156e-04 [colloc=1.013e-04, cfd=1.428e-05]  WALL=9.876e-18  DATA=1.132e-01
Invoked: SSBroyden1 approach!
[BFGS] batch=  45  call=  2384  total=8.895e-05  PDE=1.152e-04 [colloc=1.009e-04, cfd=1.429e-05]  WALL=9.882e-18  DATA=1.132e-01
Invoked: SSBroyden1 approach!
[BFGS] batch=  45  call=  2386  total=8.891e-05  PDE=1.150e-04 [colloc=1.007e-04, cfd=1.429e-05]  WALL=9.887e-18  DATA=1.132e-01
Invoked: SSBroyden1 approach!
[BFGS] batch=  45  call=  2387  total=8.891e-05  PDE=1.149e-04 [colloc=1.006e-04, cfd=1.430e-05]  WALL=9.892e-18  DATA=1.132e-01
Invoked: SSBroyden1 approach!
[BFGS] batch=  45  call=  2389  total=8.864e-05  PDE=1.148e-04 [colloc=1.005e-04, cfd=1.430e-05]  WALL=9.892e-18  DATA=1.132e-01
Invoked: SSBroyden1 approach!
[BFGS] batch=  45  call=  2390  total=8.827e-05  PDE=1.143e-04 [colloc=1.000e-04, cfd=1.431e-05]  WALL=9.912e-18  DATA=1.132e-01
  [PT] w_u=7.3707 w_v=32.4201 gamma=0.382 (tau_u=1.357e-01 tau_v=3.085e-02 |Du|=2.41e-02 |DRu|=8.28e-02)
[BFGS-END] batch=  45  last_total=8.871e-05  last_PDE=1.143e-04 [colloc=1.000e-04, cfd=1.431e-05]  last_WALL=9.912e-18  last_DATA=1.132e-01
/oscar/home/jchen790/cylinder flow lab/src/cfp40.py:1430: OptimizeWarning: Unknown solver options: hess, hessp, bounds, constraints, tol
  result = minimize(
Invoked: SSBroyden1 approach!
[BFGS] batch=  46  call=  2414  total=9.512e-05  PDE=1.244e-04 [colloc=1.098e-04, cfd=1.465e-05]  WALL=9.968e-18  DATA=1.132e-01
Invoked: SSBroyden1 approach!
[BFGS] batch=  46  call=  2415  total=9.457e-05  PDE=1.231e-04 [colloc=1.084e-04, cfd=1.465e-05]  WALL=9.969e-18  DATA=1.132e-01
Invoked: SSBroyden1 approach!
[BFGS] batch=  46  call=  2416  total=9.359e-05  PDE=1.217e-04 [colloc=1.070e-04, cfd=1.465e-05]  WALL=9.960e-18  DATA=1.132e-01
Invoked: SSBroyden1 approach!
[BFGS] batch=  46  call=  2417  total=9.264e-05  PDE=1.202e-04 [colloc=1.055e-04, cfd=1.470e-05]  WALL=9.976e-18  DATA=1.132e-01
Invoked: SSBroyden1 approach!
[BFGS] batch=  46  call=  2418  total=9.242e-05  PDE=1.198e-04 [colloc=1.051e-04, cfd=1.478e-05]  WALL=9.995e-18  DATA=1.132e-01
Invoked: SSBroyden1 approach!
[BFGS] batch=  46  call=  2419  total=9.189e-05  PDE=1.193e-04 [colloc=1.045e-04, cfd=1.479e-05]  WALL=1.000e-17  DATA=1.132e-01
Invoked: SSBroyden1 approach!
[BFGS] batch=  46  call=  2420  total=9.186e-05  PDE=1.187e-04 [colloc=1.039e-04, cfd=1.478e-05]  WALL=9.979e-18  DATA=1.132e-01
Invoked: SSBroyden1 approach!
[BFGS] batch=  46  call=  2422  total=9.157e-05  PDE=1.184e-04 [colloc=1.036e-04, cfd=1.477e-05]  WALL=9.982e-18  DATA=1.132e-01
Invoked: SSBroyden1 approach!
[BFGS] batch=  46  call=  2423  total=9.140e-05  PDE=1.180e-04 [colloc=1.033e-04, cfd=1.471e-05]  WALL=1.002e-17  DATA=1.132e-01
Invoked: SSBroyden1 approach!
[BFGS] batch=  46  call=  2424  total=9.128e-05  PDE=1.178e-04 [colloc=1.031e-04, cfd=1.468e-05]  WALL=9.991e-18  DATA=1.132e-01
Invoked: SSBroyden1 approach!
[BFGS] batch=  46  call=  2425  total=9.107e-05  PDE=1.176e-04 [colloc=1.029e-04, cfd=1.464e-05]  WALL=9.981e-18  DATA=1.132e-01
Invoked: SSBroyden1 approach!
[BFGS] batch=  46  call=  2426  total=9.062e-05  PDE=1.175e-04 [colloc=1.028e-04, cfd=1.468e-05]  WALL=9.984e-18  DATA=1.132e-01
  [PT] w_u=8.0105 w_v=35.0247 gamma=0.389 (tau_u=1.248e-01 tau_v=2.855e-02 |Du|=2.56e-02 |DRu|=9.67e-02)
[BFGS-END] batch=  46  last_total=9.098e-05  last_PDE=1.175e-04 [colloc=1.028e-04, cfd=1.468e-05]  last_WALL=9.984e-18  last_DATA=1.132e-01
/oscar/home/jchen790/cylinder flow lab/src/cfp40.py:1430: OptimizeWarning: Unknown solver options: hess, hessp, bounds, constraints, tol
  result = minimize(
Invoked: SSBroyden1 approach!
[BFGS] batch=  47  call=  2448  total=9.229e-05  PDE=1.197e-04 [colloc=1.043e-04, cfd=1.542e-05]  WALL=9.994e-18  DATA=1.132e-01
Invoked: SSBroyden1 approach!
[BFGS] batch=  47  call=  2449  total=9.032e-05  PDE=1.163e-04 [colloc=1.007e-04, cfd=1.563e-05]  WALL=9.968e-18  DATA=1.132e-01
Invoked: SSBroyden1 approach!
[BFGS] batch=  47  call=  2451  total=8.946e-05  PDE=1.148e-04 [colloc=9.937e-05, cfd=1.545e-05]  WALL=1.001e-17  DATA=1.132e-01
Invoked: SSBroyden1 approach!
[BFGS] batch=  47  call=  2453  total=8.899e-05  PDE=1.142e-04 [colloc=9.886e-05, cfd=1.533e-05]  WALL=1.001e-17  DATA=1.132e-01
Invoked: SSBroyden1 approach!
[BFGS] batch=  47  call=  2455  total=8.856e-05  PDE=1.138e-04 [colloc=9.857e-05, cfd=1.526e-05]  WALL=1.002e-17  DATA=1.132e-01
Invoked: SSBroyden1 approach!
[BFGS] batch=  47  call=  2463  total=8.831e-05  PDE=1.137e-04 [colloc=9.846e-05, cfd=1.525e-05]  WALL=1.001e-17  DATA=1.132e-01
  [PT] w_u=8.6063 w_v=36.0002 gamma=0.385 (tau_u=1.162e-01 tau_v=2.778e-02 |Du|=2.46e-02 |DRu|=7.79e-02)
[BFGS] batch 47: H0 not PD — resetting to identity.
[BFGS-END] batch=  47  last_total=8.874e-05  last_PDE=1.137e-04 [colloc=9.846e-05, cfd=1.525e-05]  last_WALL=1.001e-17  last_DATA=1.132e-01
/oscar/home/jchen790/cylinder flow lab/src/cfp40.py:1430: OptimizeWarning: Unknown solver options: hess, hessp, bounds, constraints, tol
  result = minimize(
Invoked: SSBroyden1 approach!
[BFGS] batch=  48  call=  2484  total=9.710e-05  PDE=1.265e-04 [colloc=1.116e-04, cfd=1.491e-05]  WALL=9.989e-18  DATA=1.132e-01
Invoked: SSBroyden1 approach!
[BFGS] batch=  48  call=  2485  total=9.581e-05  PDE=1.246e-04 [colloc=1.097e-04, cfd=1.490e-05]  WALL=1.005e-17  DATA=1.132e-01
Invoked: SSBroyden1 approach!
[BFGS] batch=  48  call=  2487  total=9.577e-05  PDE=1.243e-04 [colloc=1.094e-04, cfd=1.490e-05]  WALL=1.008e-17  DATA=1.132e-01
Invoked: SSBroyden1 approach!
[BFGS] batch=  48  call=  2489  total=9.552e-05  PDE=1.238e-04 [colloc=1.089e-04, cfd=1.490e-05]  WALL=1.012e-17  DATA=1.132e-01
Invoked: SSBroyden1 approach!
[BFGS] batch=  48  call=  2490  total=9.494e-05  PDE=1.233e-04 [colloc=1.084e-04, cfd=1.490e-05]  WALL=1.009e-17  DATA=1.132e-01
Invoked: SSBroyden1 approach!
[BFGS] batch=  48  call=  2492  total=9.481e-05  PDE=1.231e-04 [colloc=1.082e-04, cfd=1.490e-05]  WALL=1.011e-17  DATA=1.132e-01
Invoked: SSBroyden1 approach!
[BFGS] batch=  48  call=  2493  total=9.470e-05  PDE=1.229e-04 [colloc=1.080e-04, cfd=1.491e-05]  WALL=1.011e-17  DATA=1.132e-01
Invoked: SSBroyden1 approach!
[BFGS] batch=  48  call=  2494  total=9.447e-05  PDE=1.227e-04 [colloc=1.078e-04, cfd=1.491e-05]  WALL=1.011e-17  DATA=1.132e-01
Invoked: SSBroyden1 approach!
[BFGS] batch=  48  call=  2495  total=9.424e-05  PDE=1.223e-04 [colloc=1.074e-04, cfd=1.493e-05]  WALL=1.010e-17  DATA=1.132e-01
Invoked: SSBroyden1 approach!
[BFGS] batch=  48  call=  2504  total=9.408e-05  PDE=1.223e-04 [colloc=1.073e-04, cfd=1.493e-05]  WALL=1.010e-17  DATA=1.132e-01
  [PT] w_u=9.3028 w_v=35.7582 gamma=0.389 (tau_u=1.075e-01 tau_v=2.797e-02 |Du|=1.33e-02 |DRu|=4.84e-02)
[BFGS-END] batch=  48  last_total=9.467e-05  last_PDE=1.223e-04 [colloc=1.073e-04, cfd=1.493e-05]  last_WALL=1.010e-17  last_DATA=1.132e-01
/oscar/home/jchen790/cylinder flow lab/src/cfp40.py:1430: OptimizeWarning: Unknown solver options: hess, hessp, bounds, constraints, tol
  result = minimize(
Invoked: SSBroyden1 approach!
[BFGS] batch=  49  call=  2526  total=1.005e-04  PDE=1.319e-04 [colloc=1.172e-04, cfd=1.474e-05]  WALL=1.010e-17  DATA=1.132e-01
  [PT] w_u=10.2535 w_v=37.2309 gamma=0.394 (tau_u=9.753e-02 tau_v=2.686e-02 |Du|=1.50e-03 |DRu|=1.07e-02)
[BFGS-END] batch=  49  last_total=1.010e-04  last_PDE=1.319e-04 [colloc=1.172e-04, cfd=1.474e-05]  last_WALL=1.010e-17  last_DATA=1.132e-01
/oscar/home/jchen790/cylinder flow lab/src/cfp40.py:1430: OptimizeWarning: Unknown solver options: hess, hessp, bounds, constraints, tol
  result = minimize(
Invoked: SSBroyden1 approach!
[BFGS] batch=  50  call=  2548  total=9.953e-05  PDE=1.301e-04 [colloc=1.150e-04, cfd=1.507e-05]  WALL=1.010e-17  DATA=1.132e-01
Invoked: SSBroyden1 approach!
[BFGS] batch=  50  call=  2549  total=9.949e-05  PDE=1.297e-04 [colloc=1.147e-04, cfd=1.508e-05]  WALL=1.009e-17  DATA=1.132e-01
Invoked: SSBroyden1 approach!
[BFGS] batch=  50  call=  2550  total=9.922e-05  PDE=1.296e-04 [colloc=1.146e-04, cfd=1.508e-05]  WALL=1.009e-17  DATA=1.132e-01
Invoked: SSBroyden1 approach!
[BFGS] batch=  50  call=  2551  total=9.918e-05  PDE=1.292e-04 [colloc=1.141e-04, cfd=1.511e-05]  WALL=1.009e-17  DATA=1.132e-01
Invoked: SSBroyden1 approach!
[BFGS] batch=  50  call=  2557  total=9.905e-05  PDE=1.290e-04 [colloc=1.139e-04, cfd=1.511e-05]  WALL=1.009e-17  DATA=1.132e-01
Invoked: SSBroyden1 approach!
[BFGS] batch=  50  call=  2558  total=9.868e-05  PDE=1.287e-04 [colloc=1.135e-04, cfd=1.512e-05]  WALL=1.009e-17  DATA=1.132e-01
Invoked: SSBroyden1 approach!
[BFGS] batch=  50  call=  2559  total=9.842e-05  PDE=1.278e-04 [colloc=1.126e-04, cfd=1.517e-05]  WALL=1.008e-17  DATA=1.132e-01
Invoked: SSBroyden1 approach!
[BFGS] batch=  50  call=  2560  total=9.774e-05  PDE=1.271e-04 [colloc=1.119e-04, cfd=1.520e-05]  WALL=1.008e-17  DATA=1.132e-01
Invoked: SSBroyden1 approach!
[BFGS] batch=  50  call=  2561  total=9.750e-05  PDE=1.264e-04 [colloc=1.111e-04, cfd=1.528e-05]  WALL=1.011e-17  DATA=1.132e-01
Invoked: SSBroyden1 approach!
[BFGS] batch=  50  call=  2562  total=9.704e-05  PDE=1.257e-04 [colloc=1.104e-04, cfd=1.530e-05]  WALL=1.012e-17  DATA=1.132e-01
Invoked: SSBroyden1 approach!
[BFGS] batch=  50  call=  2563  total=9.591e-05  PDE=1.249e-04 [colloc=1.096e-04, cfd=1.529e-05]  WALL=1.012e-17  DATA=1.132e-01
Invoked: SSBroyden1 approach!
[BFGS] batch=  50  call=  2565  total=9.591e-05  PDE=1.242e-04 [colloc=1.089e-04, cfd=1.531e-05]  WALL=1.012e-17  DATA=1.132e-01
  [PT] w_u=11.0261 w_v=38.9979 gamma=0.393 (tau_u=9.069e-02 tau_v=2.564e-02 |Du|=1.71e-02 |DRu|=6.29e-02)
[PT] batch=  50  w=2.5012e+01
[BFGS-END] batch=  50  last_total=9.586e-05  last_PDE=1.242e-04 [colloc=1.089e-04, cfd=1.531e-05]  last_WALL=1.012e-17  last_DATA=1.132e-01
/oscar/home/jchen790/cylinder flow lab/src/cfp40.py:1430: OptimizeWarning: Unknown solver options: hess, hessp, bounds, constraints, tol
  result = minimize(
Invoked: SSBroyden1 approach!
[BFGS] batch=  51  call=  2588  total=1.005e-04  PDE=1.311e-04 [colloc=1.156e-04, cfd=1.549e-05]  WALL=1.011e-17  DATA=1.132e-01
Invoked: SSBroyden1 approach!
[BFGS] batch=  51  call=  2589  total=9.980e-05  PDE=1.303e-04 [colloc=1.148e-04, cfd=1.548e-05]  WALL=1.009e-17  DATA=1.132e-01
Invoked: SSBroyden1 approach!
[BFGS] batch=  51  call=  2590  total=9.929e-05  PDE=1.293e-04 [colloc=1.138e-04, cfd=1.550e-05]  WALL=1.006e-17  DATA=1.132e-01
Invoked: SSBroyden1 approach!
[BFGS] batch=  51  call=  2591  total=9.857e-05  PDE=1.279e-04 [colloc=1.124e-04, cfd=1.550e-05]  WALL=1.006e-17  DATA=1.132e-01
Invoked: SSBroyden1 approach!
[BFGS] batch=  51  call=  2592  total=9.765e-05  PDE=1.264e-04 [colloc=1.109e-04, cfd=1.549e-05]  WALL=1.008e-17  DATA=1.132e-01
Invoked: SSBroyden1 approach!
[BFGS] batch=  51  call=  2593  total=9.663e-05  PDE=1.253e-04 [colloc=1.097e-04, cfd=1.562e-05]  WALL=1.009e-17  DATA=1.132e-01
Invoked: SSBroyden1 approach!
[BFGS] batch=  51  call=  2594  total=9.617e-05  PDE=1.240e-04 [colloc=1.084e-04, cfd=1.557e-05]  WALL=1.011e-17  DATA=1.132e-01
Invoked: SSBroyden1 approach!
[BFGS] batch=  51  call=  2595  total=9.527e-05  PDE=1.232e-04 [colloc=1.075e-04, cfd=1.563e-05]  WALL=1.014e-17  DATA=1.132e-01
Invoked: SSBroyden1 approach!
[BFGS] batch=  51  call=  2597  total=9.519e-05  PDE=1.228e-04 [colloc=1.072e-04, cfd=1.560e-05]  WALL=1.016e-17  DATA=1.132e-01
Invoked: SSBroyden1 approach!
[BFGS] batch=  51  call=  2598  total=9.491e-05  PDE=1.225e-04 [colloc=1.069e-04, cfd=1.560e-05]  WALL=1.016e-17  DATA=1.132e-01
Invoked: SSBroyden1 approach!
[BFGS] batch=  51  call=  2599  total=9.441e-05  PDE=1.220e-04 [colloc=1.064e-04, cfd=1.559e-05]  WALL=1.017e-17  DATA=1.132e-01
Invoked: SSBroyden1 approach!
[BFGS] batch=  51  call=  2601  total=9.441e-05  PDE=1.217e-04 [colloc=1.061e-04, cfd=1.557e-05]  WALL=1.018e-17  DATA=1.132e-01
  [PT] w_u=12.0866 w_v=40.4680 gamma=0.394 (tau_u=8.274e-02 tau_v=2.471e-02 |Du|=1.87e-02 |DRu|=1.11e-01)
[BFGS-END] batch=  51  last_total=9.427e-05  last_PDE=1.217e-04 [colloc=1.061e-04, cfd=1.557e-05]  last_WALL=1.018e-17  last_DATA=1.132e-01
/oscar/home/jchen790/cylinder flow lab/src/cfp40.py:1430: OptimizeWarning: Unknown solver options: hess, hessp, bounds, constraints, tol
  result = minimize(
Invoked: SSBroyden1 approach!
[BFGS] batch=  52  call=  2623  total=9.719e-05  PDE=1.255e-04 [colloc=1.099e-04, cfd=1.554e-05]  WALL=1.018e-17  DATA=1.132e-01
Invoked: SSBroyden1 approach!
[BFGS] batch=  52  call=  2624  total=9.506e-05  PDE=1.222e-04 [colloc=1.065e-04, cfd=1.572e-05]  WALL=1.020e-17  DATA=1.132e-01
Invoked: SSBroyden1 approach!
[BFGS] batch=  52  call=  2625  total=9.300e-05  PDE=1.194e-04 [colloc=1.035e-04, cfd=1.589e-05]  WALL=1.023e-17  DATA=1.132e-01
Invoked: SSBroyden1 approach!
[BFGS] batch=  52  call=  2627  total=9.248e-05  PDE=1.181e-04 [colloc=1.021e-04, cfd=1.595e-05]  WALL=1.028e-17  DATA=1.132e-01
Invoked: SSBroyden1 approach!
[BFGS] batch=  52  call=  2628  total=9.179e-05  PDE=1.173e-04 [colloc=1.013e-04, cfd=1.598e-05]  WALL=1.029e-17  DATA=1.132e-01
Invoked: SSBroyden1 approach!
[BFGS] batch=  52  call=  2629  total=9.148e-05  PDE=1.168e-04 [colloc=1.010e-04, cfd=1.577e-05]  WALL=1.024e-17  DATA=1.132e-01
Invoked: SSBroyden1 approach!
[BFGS] batch=  52  call=  2630  total=9.101e-05  PDE=1.161e-04 [colloc=1.005e-04, cfd=1.562e-05]  WALL=1.023e-17  DATA=1.132e-01
Invoked: SSBroyden1 approach!
[BFGS] batch=  52  call=  2632  total=9.081e-05  PDE=1.158e-04 [colloc=1.002e-04, cfd=1.557e-05]  WALL=1.023e-17  DATA=1.132e-01
Invoked: SSBroyden1 approach!
[BFGS] batch=  52  call=  2633  total=9.079e-05  PDE=1.155e-04 [colloc=9.992e-05, cfd=1.556e-05]  WALL=1.022e-17  DATA=1.132e-01
Invoked: SSBroyden1 approach!
[BFGS] batch=  52  call=  2634  total=9.066e-05  PDE=1.154e-04 [colloc=9.986e-05, cfd=1.556e-05]  WALL=1.022e-17  DATA=1.132e-01
Invoked: SSBroyden1 approach!
[BFGS] batch=  52  call=  2635  total=9.018e-05  PDE=1.151e-04 [colloc=9.957e-05, cfd=1.556e-05]  WALL=1.021e-17  DATA=1.132e-01
Invoked: SSBroyden1 approach!
[BFGS] batch=  52  call=  2644  total=9.005e-05  PDE=1.149e-04 [colloc=9.939e-05, cfd=1.555e-05]  WALL=1.021e-17  DATA=1.132e-01
Invoked: SSBroyden1 approach!
[BFGS] batch=  52  call=  2645  total=8.991e-05  PDE=1.147e-04 [colloc=9.911e-05, cfd=1.556e-05]  WALL=1.023e-17  DATA=1.132e-01
  [PT] w_u=13.1840 w_v=43.0630 gamma=0.390 (tau_u=7.585e-02 tau_v=2.322e-02 |Du|=1.92e-02 |DRu|=1.02e-01)
[BFGS-END] batch=  52  last_total=8.992e-05  last_PDE=1.147e-04 [colloc=9.911e-05, cfd=1.556e-05]  last_WALL=1.023e-17  last_DATA=1.132e-01
/oscar/home/jchen790/cylinder flow lab/src/cfp40.py:1430: OptimizeWarning: Unknown solver options: hess, hessp, bounds, constraints, tol
  result = minimize(
Invoked: SSBroyden1 approach!
[BFGS] batch=  53  call=  2666  total=9.757e-05  PDE=1.255e-04 [colloc=1.098e-04, cfd=1.570e-05]  WALL=1.027e-17  DATA=1.132e-01
Invoked: SSBroyden1 approach!
[BFGS] batch=  53  call=  2667  total=9.437e-05  PDE=1.198e-04 [colloc=1.041e-04, cfd=1.569e-05]  WALL=1.032e-17  DATA=1.132e-01
Invoked: SSBroyden1 approach!
[BFGS] batch=  53  call=  2669  total=9.302e-05  PDE=1.180e-04 [colloc=1.024e-04, cfd=1.568e-05]  WALL=1.035e-17  DATA=1.132e-01
Invoked: SSBroyden1 approach!
[BFGS] batch=  53  call=  2671  total=9.232e-05  PDE=1.172e-04 [colloc=1.015e-04, cfd=1.562e-05]  WALL=1.037e-17  DATA=1.132e-01
Invoked: SSBroyden1 approach!
[BFGS] batch=  53  call=  2673  total=9.202e-05  PDE=1.168e-04 [colloc=1.013e-04, cfd=1.556e-05]  WALL=1.037e-17  DATA=1.132e-01
Invoked: SSBroyden1 approach!
[BFGS] batch=  53  call=  2675  total=9.190e-05  PDE=1.166e-04 [colloc=1.010e-04, cfd=1.557e-05]  WALL=1.037e-17  DATA=1.132e-01
Invoked: SSBroyden1 approach!
[BFGS] batch=  53  call=  2688  total=9.170e-05  PDE=1.166e-04 [colloc=1.010e-04, cfd=1.557e-05]  WALL=1.037e-17  DATA=1.132e-01
Invoked: SSBroyden1 approach!
[BFGS] batch=  53  call=  2689  total=9.163e-05  PDE=1.164e-04 [colloc=1.008e-04, cfd=1.558e-05]  WALL=1.034e-17  DATA=1.132e-01
  [PT] w_u=13.6289 w_v=44.8217 gamma=0.396 (tau_u=7.337e-02 tau_v=2.231e-02 |Du|=1.96e-02 |DRu|=5.47e-02)
[BFGS] batch 53: H0 not PD — resetting to identity.
[BFGS-END] batch=  53  last_total=9.220e-05  last_PDE=1.164e-04 [colloc=1.008e-04, cfd=1.558e-05]  last_WALL=1.034e-17  last_DATA=1.132e-01
/oscar/home/jchen790/cylinder flow lab/src/cfp40.py:1430: OptimizeWarning: Unknown solver options: hess, hessp, bounds, constraints, tol
  result = minimize(
Invoked: SSBroyden1 approach!
[BFGS] batch=  54  call=  2711  total=1.015e-04  PDE=1.308e-04 [colloc=1.148e-04, cfd=1.597e-05]  WALL=1.033e-17  DATA=1.132e-01
Invoked: SSBroyden1 approach!
[BFGS] batch=  54  call=  2712  total=9.943e-05  PDE=1.275e-04 [colloc=1.115e-04, cfd=1.597e-05]  WALL=1.041e-17  DATA=1.132e-01
Invoked: SSBroyden1 approach!
[BFGS] batch=  54  call=  2714  total=9.908e-05  PDE=1.271e-04 [colloc=1.111e-04, cfd=1.597e-05]  WALL=1.043e-17  DATA=1.132e-01
Invoked: SSBroyden1 approach!
[BFGS] batch=  54  call=  2715  total=9.853e-05  PDE=1.264e-04 [colloc=1.104e-04, cfd=1.596e-05]  WALL=1.048e-17  DATA=1.132e-01
Invoked: SSBroyden1 approach!
[BFGS] batch=  54  call=  2716  total=9.812e-05  PDE=1.258e-04 [colloc=1.099e-04, cfd=1.597e-05]  WALL=1.044e-17  DATA=1.132e-01
Invoked: SSBroyden1 approach!
[BFGS] batch=  54  call=  2718  total=9.781e-05  PDE=1.255e-04 [colloc=1.095e-04, cfd=1.598e-05]  WALL=1.044e-17  DATA=1.132e-01
Invoked: SSBroyden1 approach!
[BFGS] batch=  54  call=  2726  total=9.773e-05  PDE=1.252e-04 [colloc=1.093e-04, cfd=1.598e-05]  WALL=1.044e-17  DATA=1.132e-01
Invoked: SSBroyden1 approach!
[BFGS] batch=  54  call=  2727  total=9.743e-05  PDE=1.251e-04 [colloc=1.091e-04, cfd=1.598e-05]  WALL=1.045e-17  DATA=1.132e-01
  [PT] w_u=13.4400 w_v=39.1815 gamma=0.395 (tau_u=7.440e-02 tau_v=2.552e-02 |Du|=1.06e-02 |DRu|=2.31e-02)
[BFGS-END] batch=  54  last_total=9.801e-05  last_PDE=1.251e-04 [colloc=1.091e-04, cfd=1.598e-05]  last_WALL=1.045e-17  last_DATA=1.132e-01
/oscar/home/jchen790/cylinder flow lab/src/cfp40.py:1430: OptimizeWarning: Unknown solver options: hess, hessp, bounds, constraints, tol
  result = minimize(
Invoked: SSBroyden1 approach!
[BFGS] batch=  55  call=  2749  total=1.076e-04  PDE=1.396e-04 [colloc=1.239e-04, cfd=1.572e-05]  WALL=1.045e-17  DATA=1.132e-01
Invoked: SSBroyden1 approach!
[BFGS] batch=  55  call=  2751  total=1.074e-04  PDE=1.393e-04 [colloc=1.236e-04, cfd=1.573e-05]  WALL=1.044e-17  DATA=1.132e-01
Invoked: SSBroyden1 approach!
[BFGS] batch=  55  call=  2752  total=1.072e-04  PDE=1.390e-04 [colloc=1.232e-04, cfd=1.574e-05]  WALL=1.044e-17  DATA=1.132e-01
Invoked: SSBroyden1 approach!
[BFGS] batch=  55  call=  2753  total=1.071e-04  PDE=1.385e-04 [colloc=1.228e-04, cfd=1.575e-05]  WALL=1.043e-17  DATA=1.132e-01
Invoked: SSBroyden1 approach!
[BFGS] batch=  55  call=  2754  total=1.068e-04  PDE=1.383e-04 [colloc=1.226e-04, cfd=1.575e-05]  WALL=1.042e-17  DATA=1.132e-01
Invoked: SSBroyden1 approach!
[BFGS] batch=  55  call=  2755  total=1.067e-04  PDE=1.381e-04 [colloc=1.223e-04, cfd=1.576e-05]  WALL=1.041e-17  DATA=1.132e-01
Invoked: SSBroyden1 approach!
[BFGS] batch=  55  call=  2756  total=1.065e-04  PDE=1.379e-04 [colloc=1.221e-04, cfd=1.577e-05]  WALL=1.041e-17  DATA=1.132e-01
Invoked: SSBroyden1 approach!
[BFGS] batch=  55  call=  2757  total=1.063e-04  PDE=1.376e-04 [colloc=1.218e-04, cfd=1.578e-05]  WALL=1.042e-17  DATA=1.132e-01
Invoked: SSBroyden1 approach!
[BFGS] batch=  55  call=  2758  total=1.056e-04  PDE=1.370e-04 [colloc=1.212e-04, cfd=1.579e-05]  WALL=1.043e-17  DATA=1.132e-01
Invoked: SSBroyden1 approach!
[BFGS] batch=  55  call=  2759  total=1.056e-04  PDE=1.368e-04 [colloc=1.209e-04, cfd=1.586e-05]  WALL=1.043e-17  DATA=1.132e-01
Invoked: SSBroyden1 approach!
[BFGS] batch=  55  call=  2761  total=1.050e-04  PDE=1.363e-04 [colloc=1.204e-04, cfd=1.589e-05]  WALL=1.043e-17  DATA=1.132e-01
Invoked: SSBroyden1 approach!
[BFGS] batch=  55  call=  2763  total=1.048e-04  PDE=1.359e-04 [colloc=1.200e-04, cfd=1.589e-05]  WALL=1.043e-17  DATA=1.132e-01
Invoked: SSBroyden1 approach!
[BFGS] batch=  55  call=  2764  total=1.046e-04  PDE=1.353e-04 [colloc=1.195e-04, cfd=1.585e-05]  WALL=1.043e-17  DATA=1.132e-01
Invoked: SSBroyden1 approach!
[BFGS] batch=  55  call=  2765  total=1.045e-04  PDE=1.348e-04 [colloc=1.190e-04, cfd=1.584e-05]  WALL=1.043e-17  DATA=1.132e-01
Invoked: SSBroyden1 approach!
[BFGS] batch=  55  call=  2766  total=1.038e-04  PDE=1.344e-04 [colloc=1.186e-04, cfd=1.583e-05]  WALL=1.043e-17  DATA=1.132e-01
Invoked: SSBroyden1 approach!
[BFGS] batch=  55  call=  2767  total=1.034e-04  PDE=1.331e-04 [colloc=1.172e-04, cfd=1.590e-05]  WALL=1.042e-17  DATA=1.132e-01
Invoked: SSBroyden1 approach!
[BFGS] batch=  55  call=  2768  total=1.026e-04  PDE=1.321e-04 [colloc=1.161e-04, cfd=1.597e-05]  WALL=1.042e-17  DATA=1.132e-01
Invoked: SSBroyden1 approach!
[BFGS] batch=  55  call=  2769  total=1.017e-04  PDE=1.307e-04 [colloc=1.149e-04, cfd=1.584e-05]  WALL=1.041e-17  DATA=1.132e-01
Invoked: SSBroyden1 approach!
[BFGS] batch=  55  call=  2770  total=1.009e-04  PDE=1.294e-04 [colloc=1.134e-04, cfd=1.592e-05]  WALL=1.045e-17  DATA=1.132e-01
Invoked: SSBroyden1 approach!
[BFGS] batch=  55  call=  2772  total=1.005e-04  PDE=1.287e-04 [colloc=1.127e-04, cfd=1.596e-05]  WALL=1.047e-17  DATA=1.132e-01
Invoked: SSBroyden1 approach!
[BFGS] batch=  55  call=  2773  total=1.003e-04  PDE=1.283e-04 [colloc=1.123e-04, cfd=1.601e-05]  WALL=1.047e-17  DATA=1.132e-01
Invoked: SSBroyden1 approach!
[BFGS] batch=  55  call=  2774  total=1.003e-04  PDE=1.280e-04 [colloc=1.120e-04, cfd=1.600e-05]  WALL=1.048e-17  DATA=1.132e-01
Invoked: SSBroyden1 approach!
[BFGS] batch=  55  call=  2776  total=9.972e-05  PDE=1.277e-04 [colloc=1.117e-04, cfd=1.598e-05]  WALL=1.048e-17  DATA=1.132e-01
Invoked: SSBroyden1 approach!
[BFGS] batch=  55  call=  2778  total=9.940e-05  PDE=1.274e-04 [colloc=1.114e-04, cfd=1.596e-05]  WALL=1.050e-17  DATA=1.132e-01
Invoked: SSBroyden1 approach!
[BFGS] batch=  55  call=  2780  total=9.938e-05  PDE=1.272e-04 [colloc=1.113e-04, cfd=1.593e-05]  WALL=1.051e-17  DATA=1.132e-01
Invoked: SSBroyden1 approach!
[BFGS] batch=  55  call=  2786  total=9.930e-05  PDE=1.272e-04 [colloc=1.112e-04, cfd=1.592e-05]  WALL=1.051e-17  DATA=1.132e-01
Invoked: SSBroyden1 approach!
[BFGS] batch=  55  call=  2787  total=9.912e-05  PDE=1.270e-04 [colloc=1.111e-04, cfd=1.591e-05]  WALL=1.051e-17  DATA=1.132e-01
Invoked: SSBroyden1 approach!
[BFGS] batch=  55  call=  2789  total=9.912e-05  PDE=1.269e-04 [colloc=1.110e-04, cfd=1.591e-05]  WALL=1.051e-17  DATA=1.132e-01
  [PT] w_u=14.5006 w_v=43.1666 gamma=0.400 (tau_u=6.896e-02 tau_v=2.317e-02 |Du|=1.82e-02 |DRu|=8.12e-02)
[BFGS-END] batch=  55  last_total=9.899e-05  last_PDE=1.269e-04 [colloc=1.110e-04, cfd=1.591e-05]  last_WALL=1.051e-17  last_DATA=1.132e-01
/oscar/home/jchen790/cylinder flow lab/src/cfp40.py:1430: OptimizeWarning: Unknown solver options: hess, hessp, bounds, constraints, tol
  result = minimize(
Invoked: SSBroyden1 approach!
[BFGS] batch=  56  call=  2811  total=1.000e-04  PDE=1.275e-04 [colloc=1.116e-04, cfd=1.591e-05]  WALL=1.049e-17  DATA=1.132e-01
Invoked: SSBroyden1 approach!
[BFGS] batch=  56  call=  2812  total=9.880e-05  PDE=1.260e-04 [colloc=1.099e-04, cfd=1.604e-05]  WALL=1.046e-17  DATA=1.132e-01
Invoked: SSBroyden1 approach!
[BFGS] batch=  56  call=  2813  total=9.697e-05  PDE=1.237e-04 [colloc=1.075e-04, cfd=1.621e-05]  WALL=1.048e-17  DATA=1.132e-01
Invoked: SSBroyden1 approach!
[BFGS] batch=  56  call=  2814  total=9.549e-05  PDE=1.212e-04 [colloc=1.049e-04, cfd=1.633e-05]  WALL=1.047e-17  DATA=1.132e-01
Invoked: SSBroyden1 approach!
[BFGS] batch=  56  call=  2816  total=9.500e-05  PDE=1.198e-04 [colloc=1.036e-04, cfd=1.623e-05]  WALL=1.049e-17  DATA=1.132e-01
Invoked: SSBroyden1 approach!
[BFGS] batch=  56  call=  2817  total=9.423e-05  PDE=1.190e-04 [colloc=1.028e-04, cfd=1.616e-05]  WALL=1.050e-17  DATA=1.132e-01
Invoked: SSBroyden1 approach!
[BFGS] batch=  56  call=  2819  total=9.392e-05  PDE=1.185e-04 [colloc=1.024e-04, cfd=1.608e-05]  WALL=1.053e-17  DATA=1.132e-01
Invoked: SSBroyden1 approach!
[BFGS] batch=  56  call=  2820  total=9.366e-05  PDE=1.181e-04 [colloc=1.022e-04, cfd=1.596e-05]  WALL=1.053e-17  DATA=1.132e-01
Invoked: SSBroyden1 approach!
[BFGS] batch=  56  call=  2822  total=9.353e-05  PDE=1.180e-04 [colloc=1.021e-04, cfd=1.595e-05]  WALL=1.054e-17  DATA=1.132e-01
Invoked: SSBroyden1 approach!
[BFGS] batch=  56  call=  2823  total=9.327e-05  PDE=1.179e-04 [colloc=1.020e-04, cfd=1.592e-05]  WALL=1.052e-17  DATA=1.132e-01
  [PT] w_u=14.8436 w_v=44.1087 gamma=0.391 (tau_u=6.737e-02 tau_v=2.267e-02 |Du|=1.78e-02 |DRu|=4.83e-02)
[BFGS-END] batch=  56  last_total=9.351e-05  last_PDE=1.179e-04 [colloc=1.020e-04, cfd=1.592e-05]  last_WALL=1.052e-17  last_DATA=1.132e-01
/oscar/home/jchen790/cylinder flow lab/src/cfp40.py:1430: OptimizeWarning: Unknown solver options: hess, hessp, bounds, constraints, tol
  result = minimize(
Invoked: SSBroyden1 approach!
[BFGS] batch=  57  call=  2846  total=1.053e-04  PDE=1.353e-04 [colloc=1.199e-04, cfd=1.549e-05]  WALL=1.052e-17  DATA=1.132e-01
Invoked: SSBroyden1 approach!
[BFGS] batch=  57  call=  2847  total=1.040e-04  PDE=1.334e-04 [colloc=1.174e-04, cfd=1.598e-05]  WALL=1.051e-17  DATA=1.132e-01
Invoked: SSBroyden1 approach!
[BFGS] batch=  57  call=  2848  total=1.022e-04  PDE=1.308e-04 [colloc=1.151e-04, cfd=1.570e-05]  WALL=1.050e-17  DATA=1.132e-01
Invoked: SSBroyden1 approach!
[BFGS] batch=  57  call=  2850  total=1.013e-04  PDE=1.293e-04 [colloc=1.139e-04, cfd=1.544e-05]  WALL=1.053e-17  DATA=1.132e-01
Invoked: SSBroyden1 approach!
[BFGS] batch=  57  call=  2851  total=1.011e-04  PDE=1.288e-04 [colloc=1.136e-04, cfd=1.521e-05]  WALL=1.061e-17  DATA=1.132e-01
Invoked: SSBroyden1 approach!
[BFGS] batch=  57  call=  2852  total=1.007e-04  PDE=1.284e-04 [colloc=1.132e-04, cfd=1.518e-05]  WALL=1.061e-17  DATA=1.132e-01
Invoked: SSBroyden1 approach!
[BFGS] batch=  57  call=  2864  total=1.004e-04  PDE=1.282e-04 [colloc=1.130e-04, cfd=1.518e-05]  WALL=1.061e-17  DATA=1.132e-01
  [PT] w_u=15.7762 w_v=41.0236 gamma=0.403 (tau_u=6.339e-02 tau_v=2.438e-02 |Du|=1.73e-02 |DRu|=6.61e-02)
[BFGS] batch 57: H0 not PD — resetting to identity.
[BFGS-END] batch=  57  last_total=1.011e-04  last_PDE=1.281e-04 [colloc=1.129e-04, cfd=1.517e-05]  last_WALL=1.061e-17  last_DATA=1.132e-01
/oscar/home/jchen790/cylinder flow lab/src/cfp40.py:1430: OptimizeWarning: Unknown solver options: hess, hessp, bounds, constraints, tol
  result = minimize(
Invoked: SSBroyden1 approach!
[BFGS] batch=  58  call=  2885  total=1.058e-04  PDE=1.357e-04 [colloc=1.208e-04, cfd=1.493e-05]  WALL=1.060e-17  DATA=1.132e-01
Invoked: SSBroyden1 approach!
[BFGS] batch=  58  call=  2886  total=1.053e-04  PDE=1.344e-04 [colloc=1.195e-04, cfd=1.493e-05]  WALL=1.064e-17  DATA=1.132e-01
Invoked: SSBroyden1 approach!
[BFGS] batch=  58  call=  2888  total=1.047e-04  PDE=1.343e-04 [colloc=1.194e-04, cfd=1.493e-05]  WALL=1.067e-17  DATA=1.132e-01
Invoked: SSBroyden1 approach!
[BFGS] batch=  58  call=  2889  total=1.043e-04  PDE=1.337e-04 [colloc=1.187e-04, cfd=1.493e-05]  WALL=1.076e-17  DATA=1.132e-01
Invoked: SSBroyden1 approach!
[BFGS] batch=  58  call=  2890  total=1.039e-04  PDE=1.333e-04 [colloc=1.184e-04, cfd=1.493e-05]  WALL=1.073e-17  DATA=1.132e-01
Invoked: SSBroyden1 approach!
[BFGS] batch=  58  call=  2892  total=1.038e-04  PDE=1.330e-04 [colloc=1.180e-04, cfd=1.493e-05]  WALL=1.073e-17  DATA=1.132e-01
Invoked: SSBroyden1 approach!
[BFGS] batch=  58  call=  2893  total=1.038e-04  PDE=1.327e-04 [colloc=1.178e-04, cfd=1.494e-05]  WALL=1.073e-17  DATA=1.132e-01
  [PT] w_u=13.5855 w_v=32.6221 gamma=0.400 (tau_u=7.361e-02 tau_v=3.065e-02 |Du|=1.15e-02 |DRu|=1.79e-02)
[BFGS-END] batch=  58  last_total=1.040e-04  last_PDE=1.327e-04 [colloc=1.178e-04, cfd=1.494e-05]  last_WALL=1.073e-17  last_DATA=1.132e-01
/oscar/home/jchen790/cylinder flow lab/src/cfp40.py:1430: OptimizeWarning: Unknown solver options: hess, hessp, bounds, constraints, tol
  result = minimize(
Invoked: SSBroyden1 approach!
[BFGS] batch=  59  call=  2917  total=1.045e-04  PDE=1.335e-04 [colloc=1.175e-04, cfd=1.606e-05]  WALL=1.075e-17  DATA=1.132e-01
Invoked: SSBroyden1 approach!
[BFGS] batch=  59  call=  2918  total=1.039e-04  PDE=1.330e-04 [colloc=1.169e-04, cfd=1.607e-05]  WALL=1.072e-17  DATA=1.132e-01
  [PT] w_u=13.7419 w_v=33.7120 gamma=0.395 (tau_u=7.277e-02 tau_v=2.966e-02 |Du|=6.98e-03 |DRu|=1.72e-02)
[BFGS-END] batch=  59  last_total=1.035e-04  last_PDE=1.330e-04 [colloc=1.169e-04, cfd=1.607e-05]  last_WALL=1.072e-17  last_DATA=1.132e-01
/oscar/home/jchen790/cylinder flow lab/src/cfp40.py:1430: OptimizeWarning: Unknown solver options: hess, hessp, bounds, constraints, tol
  result = minimize(
Invoked: SSBroyden1 approach!
[BFGS] batch=  60  call=  2941  total=1.023e-04  PDE=1.306e-04 [colloc=1.150e-04, cfd=1.559e-05]  WALL=1.072e-17  DATA=1.132e-01
Invoked: SSBroyden1 approach!
[BFGS] batch=  60  call=  2943  total=1.022e-04  PDE=1.302e-04 [colloc=1.146e-04, cfd=1.560e-05]  WALL=1.071e-17  DATA=1.132e-01
Invoked: SSBroyden1 approach!
[BFGS] batch=  60  call=  2952  total=1.021e-04  PDE=1.302e-04 [colloc=1.146e-04, cfd=1.560e-05]  WALL=1.071e-17  DATA=1.132e-01
  [PT] w_u=12.3987 w_v=32.7838 gamma=0.392 (tau_u=8.065e-02 tau_v=3.050e-02 |Du|=6.52e-03 |DRu|=1.05e-02)
[PT] batch=  60  w=2.2591e+01
[BFGS-END] batch=  60  last_total=1.023e-04  last_PDE=1.302e-04 [colloc=1.146e-04, cfd=1.560e-05]  last_WALL=1.071e-17  last_DATA=1.132e-01
/oscar/home/jchen790/cylinder flow lab/src/cfp40.py:1430: OptimizeWarning: Unknown solver options: hess, hessp, bounds, constraints, tol
  result = minimize(
Invoked: SSBroyden1 approach!
[BFGS] batch=  61  call=  2975  total=1.101e-04  PDE=1.419e-04 [colloc=1.269e-04, cfd=1.502e-05]  WALL=1.074e-17  DATA=1.132e-01
Invoked: SSBroyden1 approach!
[BFGS] batch=  61  call=  2976  total=1.099e-04  PDE=1.416e-04 [colloc=1.266e-04, cfd=1.503e-05]  WALL=1.075e-17  DATA=1.132e-01
Invoked: SSBroyden1 approach!
[BFGS] batch=  61  call=  2977  total=1.097e-04  PDE=1.412e-04 [colloc=1.261e-04, cfd=1.504e-05]  WALL=1.077e-17  DATA=1.132e-01
Invoked: SSBroyden1 approach!
[BFGS] batch=  61  call=  2978  total=1.094e-04  PDE=1.407e-04 [colloc=1.256e-04, cfd=1.506e-05]  WALL=1.077e-17  DATA=1.132e-01
Invoked: SSBroyden1 approach!
[BFGS] batch=  61  call=  2979  total=1.090e-04  PDE=1.403e-04 [colloc=1.252e-04, cfd=1.507e-05]  WALL=1.076e-17  DATA=1.132e-01
Invoked: SSBroyden1 approach!
[BFGS] batch=  61  call=  2980  total=1.087e-04  PDE=1.401e-04 [colloc=1.250e-04, cfd=1.510e-05]  WALL=1.073e-17  DATA=1.132e-01
Invoked: SSBroyden1 approach!
[BFGS] batch=  61  call=  2981  total=1.081e-04  PDE=1.396e-04 [colloc=1.245e-04, cfd=1.512e-05]  WALL=1.073e-17  DATA=1.132e-01
Invoked: SSBroyden1 approach!
[BFGS] batch=  61  call=  2983  total=1.079e-04  PDE=1.392e-04 [colloc=1.241e-04, cfd=1.511e-05]  WALL=1.074e-17  DATA=1.132e-01
  [PT] w_u=13.0966 w_v=35.8516 gamma=0.405 (tau_u=7.636e-02 tau_v=2.789e-02 |Du|=1.70e-02 |DRu|=5.58e-02)
[BFGS-END] batch=  61  last_total=1.083e-04  last_PDE=1.392e-04 [colloc=1.241e-04, cfd=1.511e-05]  last_WALL=1.074e-17  last_DATA=1.132e-01
/oscar/home/jchen790/cylinder flow lab/src/cfp40.py:1430: OptimizeWarning: Unknown solver options: hess, hessp, bounds, constraints, tol
  result = minimize(
Invoked: SSBroyden1 approach!
[BFGS] batch=  62  call=  3005  total=1.019e-04  PDE=1.304e-04 [colloc=1.149e-04, cfd=1.548e-05]  WALL=1.074e-17  DATA=1.132e-01
Invoked: SSBroyden1 approach!
[BFGS] batch=  62  call=  3007  total=1.018e-04  PDE=1.302e-04 [colloc=1.147e-04, cfd=1.547e-05]  WALL=1.073e-17  DATA=1.132e-01
  [PT] w_u=14.2328 w_v=38.5240 gamma=0.391 (tau_u=7.026e-02 tau_v=2.596e-02 |Du|=1.41e-03 |DRu|=7.10e-03)
[BFGS-END] batch=  62  last_total=1.023e-04  last_PDE=1.302e-04 [colloc=1.147e-04, cfd=1.547e-05]  last_WALL=1.073e-17  last_DATA=1.132e-01
/oscar/home/jchen790/cylinder flow lab/src/cfp40.py:1430: OptimizeWarning: Unknown solver options: hess, hessp, bounds, constraints, tol
  result = minimize(
Invoked: SSBroyden1 approach!
[BFGS] batch=  63  call=  3028  total=9.903e-05  PDE=1.256e-04 [colloc=1.094e-04, cfd=1.619e-05]  WALL=1.073e-17  DATA=1.132e-01
Invoked: SSBroyden1 approach!
[BFGS] batch=  63  call=  3029  total=9.855e-05  PDE=1.248e-04 [colloc=1.086e-04, cfd=1.626e-05]  WALL=1.071e-17  DATA=1.132e-01
Invoked: SSBroyden1 approach!
[BFGS] batch=  63  call=  3030  total=9.780e-05  PDE=1.236e-04 [colloc=1.074e-04, cfd=1.621e-05]  WALL=1.070e-17  DATA=1.132e-01
Invoked: SSBroyden1 approach!
[BFGS] batch=  63  call=  3031  total=9.712e-05  PDE=1.222e-04 [colloc=1.059e-04, cfd=1.631e-05]  WALL=1.066e-17  DATA=1.132e-01
Invoked: SSBroyden1 approach!
[BFGS] batch=  63  call=  3032  total=9.627e-05  PDE=1.212e-04 [colloc=1.047e-04, cfd=1.651e-05]  WALL=1.066e-17  DATA=1.132e-01
Invoked: SSBroyden1 approach!
[BFGS] batch=  63  call=  3033  total=9.586e-05  PDE=1.205e-04 [colloc=1.041e-04, cfd=1.645e-05]  WALL=1.065e-17  DATA=1.132e-01
Invoked: SSBroyden1 approach!
[BFGS] batch=  63  call=  3037  total=9.583e-05  PDE=1.203e-04 [colloc=1.039e-04, cfd=1.645e-05]  WALL=1.065e-17  DATA=1.132e-01
Invoked: SSBroyden1 approach!
[BFGS] batch=  63  call=  3039  total=9.537e-05  PDE=1.200e-04 [colloc=1.035e-04, cfd=1.644e-05]  WALL=1.065e-17  DATA=1.132e-01
Invoked: SSBroyden1 approach!
[BFGS] batch=  63  call=  3040  total=9.530e-05  PDE=1.195e-04 [colloc=1.031e-04, cfd=1.639e-05]  WALL=1.067e-17  DATA=1.132e-01
Invoked: SSBroyden1 approach!
[BFGS] batch=  63  call=  3041  total=9.515e-05  PDE=1.193e-04 [colloc=1.029e-04, cfd=1.639e-05]  WALL=1.068e-17  DATA=1.132e-01
Invoked: SSBroyden1 approach!
[BFGS] batch=  63  call=  3042  total=9.501e-05  PDE=1.189e-04 [colloc=1.025e-04, cfd=1.636e-05]  WALL=1.068e-17  DATA=1.132e-01
Invoked: SSBroyden1 approach!
[BFGS] batch=  63  call=  3043  total=9.488e-05  PDE=1.185e-04 [colloc=1.022e-04, cfd=1.633e-05]  WALL=1.069e-17  DATA=1.132e-01
Invoked: SSBroyden1 approach!
[BFGS] batch=  63  call=  3044  total=9.470e-05  PDE=1.183e-04 [colloc=1.020e-04, cfd=1.631e-05]  WALL=1.068e-17  DATA=1.132e-01
Invoked: SSBroyden1 approach!
[BFGS] batch=  63  call=  3045  total=9.464e-05  PDE=1.179e-04 [colloc=1.016e-04, cfd=1.629e-05]  WALL=1.069e-17  DATA=1.132e-01
Invoked: SSBroyden1 approach!
[BFGS] batch=  63  call=  3046  total=9.407e-05  PDE=1.178e-04 [colloc=1.015e-04, cfd=1.628e-05]  WALL=1.069e-17  DATA=1.132e-01
Invoked: SSBroyden1 approach!
[BFGS] batch=  63  call=  3048  total=9.384e-05  PDE=1.175e-04 [colloc=1.012e-04, cfd=1.627e-05]  WALL=1.068e-17  DATA=1.132e-01
Invoked: SSBroyden1 approach!
[BFGS] batch=  63  call=  3049  total=9.372e-05  PDE=1.170e-04 [colloc=1.008e-04, cfd=1.625e-05]  WALL=1.066e-17  DATA=1.132e-01
Invoked: SSBroyden1 approach!
[BFGS] batch=  63  call=  3050  total=9.371e-05  PDE=1.168e-04 [colloc=1.005e-04, cfd=1.626e-05]  WALL=1.067e-17  DATA=1.132e-01
Invoked: SSBroyden1 approach!
[BFGS] batch=  63  call=  3052  total=9.327e-05  PDE=1.166e-04 [colloc=1.004e-04, cfd=1.625e-05]  WALL=1.068e-17  DATA=1.132e-01
Invoked: SSBroyden1 approach!
[BFGS] batch=  63  call=  3061  total=9.324e-05  PDE=1.165e-04 [colloc=1.003e-04, cfd=1.624e-05]  WALL=1.070e-17  DATA=1.132e-01
  [PT] w_u=15.2111 w_v=40.9444 gamma=0.388 (tau_u=6.574e-02 tau_v=2.442e-02 |Du|=1.83e-02 |DRu|=7.19e-02)
[BFGS-END] batch=  63  last_total=9.326e-05  last_PDE=1.165e-04 [colloc=1.003e-04, cfd=1.624e-05]  last_WALL=1.070e-17  last_DATA=1.132e-01
/oscar/home/jchen790/cylinder flow lab/src/cfp40.py:1430: OptimizeWarning: Unknown solver options: hess, hessp, bounds, constraints, tol
  result = minimize(
Invoked: SSBroyden1 approach!
[BFGS] batch=  64  call=  3087  total=1.073e-04  PDE=1.375e-04 [colloc=1.212e-04, cfd=1.626e-05]  WALL=1.071e-17  DATA=1.132e-01
Invoked: SSBroyden1 approach!
[BFGS] batch=  64  call=  3088  total=1.062e-04  PDE=1.348e-04 [colloc=1.185e-04, cfd=1.636e-05]  WALL=1.075e-17  DATA=1.132e-01
Invoked: SSBroyden1 approach!
[BFGS] batch=  64  call=  3089  total=1.047e-04  PDE=1.324e-04 [colloc=1.160e-04, cfd=1.639e-05]  WALL=1.076e-17  DATA=1.132e-01
Invoked: SSBroyden1 approach!
[BFGS] batch=  64  call=  3090  total=1.035e-04  PDE=1.311e-04 [colloc=1.147e-04, cfd=1.638e-05]  WALL=1.081e-17  DATA=1.132e-01
Invoked: SSBroyden1 approach!
[BFGS] batch=  64  call=  3091  total=1.029e-04  PDE=1.303e-04 [colloc=1.139e-04, cfd=1.639e-05]  WALL=1.081e-17  DATA=1.132e-01
Invoked: SSBroyden1 approach!
[BFGS] batch=  64  call=  3092  total=1.023e-04  PDE=1.295e-04 [colloc=1.130e-04, cfd=1.648e-05]  WALL=1.079e-17  DATA=1.132e-01
Invoked: SSBroyden1 approach!
[BFGS] batch=  64  call=  3094  total=1.021e-04  PDE=1.290e-04 [colloc=1.125e-04, cfd=1.655e-05]  WALL=1.079e-17  DATA=1.132e-01
Invoked: SSBroyden1 approach!
[BFGS] batch=  64  call=  3096  total=1.019e-04  PDE=1.289e-04 [colloc=1.124e-04, cfd=1.653e-05]  WALL=1.079e-17  DATA=1.132e-01
Invoked: SSBroyden1 approach!
[BFGS] batch=  64  call=  3108  total=1.015e-04  PDE=1.288e-04 [colloc=1.123e-04, cfd=1.650e-05]  WALL=1.079e-17  DATA=1.132e-01
Invoked: SSBroyden1 approach!
[BFGS] batch=  64  call=  3109  total=1.014e-04  PDE=1.284e-04 [colloc=1.121e-04, cfd=1.629e-05]  WALL=1.082e-17  DATA=1.132e-01
  [PT] w_u=16.1209 w_v=43.2736 gamma=0.405 (tau_u=6.203e-02 tau_v=2.311e-02 |Du|=1.77e-02 |DRu|=6.66e-02)
[BFGS] batch 64: H0 not PD — resetting to identity.
[BFGS-END] batch=  64  last_total=1.014e-04  last_PDE=1.284e-04 [colloc=1.121e-04, cfd=1.629e-05]  last_WALL=1.082e-17  last_DATA=1.132e-01
/oscar/home/jchen790/cylinder flow lab/src/cfp40.py:1430: OptimizeWarning: Unknown solver options: hess, hessp, bounds, constraints, tol
  result = minimize(
Invoked: SSBroyden1 approach!
[BFGS] batch=  65  call=  3130  total=1.112e-04  PDE=1.427e-04 [colloc=1.258e-04, cfd=1.685e-05]  WALL=1.080e-17  DATA=1.132e-01
Invoked: SSBroyden1 approach!
[BFGS] batch=  65  call=  3131  total=1.098e-04  PDE=1.405e-04 [colloc=1.236e-04, cfd=1.685e-05]  WALL=1.092e-17  DATA=1.132e-01
Invoked: SSBroyden1 approach!
[BFGS] batch=  65  call=  3133  total=1.097e-04  PDE=1.402e-04 [colloc=1.233e-04, cfd=1.685e-05]  WALL=1.094e-17  DATA=1.132e-01
Invoked: SSBroyden1 approach!
[BFGS] batch=  65  call=  3134  total=1.094e-04  PDE=1.399e-04 [colloc=1.230e-04, cfd=1.685e-05]  WALL=1.097e-17  DATA=1.132e-01
Invoked: SSBroyden1 approach!
[BFGS] batch=  65  call=  3135  total=1.092e-04  PDE=1.394e-04 [colloc=1.226e-04, cfd=1.685e-05]  WALL=1.096e-17  DATA=1.132e-01
Invoked: SSBroyden1 approach!
[BFGS] batch=  65  call=  3136  total=1.089e-04  PDE=1.390e-04 [colloc=1.222e-04, cfd=1.685e-05]  WALL=1.097e-17  DATA=1.132e-01
Invoked: SSBroyden1 approach!
[BFGS] batch=  65  call=  3138  total=1.084e-04  PDE=1.388e-04 [colloc=1.219e-04, cfd=1.685e-05]  WALL=1.095e-17  DATA=1.132e-01
Invoked: SSBroyden1 approach!
[BFGS] batch=  65  call=  3147  total=1.083e-04  PDE=1.385e-04 [colloc=1.216e-04, cfd=1.685e-05]  WALL=1.097e-17  DATA=1.132e-01
Invoked: SSBroyden1 approach!
[BFGS] batch=  65  call=  3157  total=1.082e-04  PDE=1.384e-04 [colloc=1.216e-04, cfd=1.685e-05]  WALL=1.097e-17  DATA=1.132e-01
Invoked: SSBroyden1 approach!
[BFGS] batch=  65  call=  3158  total=1.081e-04  PDE=1.382e-04 [colloc=1.213e-04, cfd=1.686e-05]  WALL=1.096e-17  DATA=1.132e-01
Invoked: SSBroyden1 approach!
[BFGS] batch=  65  call=  3159  total=1.078e-04  PDE=1.380e-04 [colloc=1.212e-04, cfd=1.686e-05]  WALL=1.096e-17  DATA=1.132e-01
  [PT] w_u=16.8903 w_v=39.1227 gamma=0.408 (tau_u=5.921e-02 tau_v=2.556e-02 |Du|=1.06e-02 |DRu|=3.69e-02)
[BFGS-END] batch=  65  last_total=1.082e-04  last_PDE=1.380e-04 [colloc=1.212e-04, cfd=1.686e-05]  last_WALL=1.096e-17  last_DATA=1.132e-01
/oscar/home/jchen790/cylinder flow lab/src/cfp40.py:1430: OptimizeWarning: Unknown solver options: hess, hessp, bounds, constraints, tol
  result = minimize(
Invoked: SSBroyden1 approach!
[BFGS] batch=  66  call=  3180  total=1.118e-04  PDE=1.436e-04 [colloc=1.276e-04, cfd=1.604e-05]  WALL=1.095e-17  DATA=1.132e-01
Invoked: SSBroyden1 approach!
[BFGS] batch=  66  call=  3182  total=1.117e-04  PDE=1.434e-04 [colloc=1.273e-04, cfd=1.605e-05]  WALL=1.094e-17  DATA=1.132e-01
Invoked: SSBroyden1 approach!
[BFGS] batch=  66  call=  3183  total=1.117e-04  PDE=1.432e-04 [colloc=1.272e-04, cfd=1.606e-05]  WALL=1.094e-17  DATA=1.132e-01
  [PT] w_u=18.6454 w_v=42.6393 gamma=0.406 (tau_u=5.363e-02 tau_v=2.345e-02 |Du|=3.17e-03 |DRu|=3.43e-02)
[BFGS-END] batch=  66  last_total=1.118e-04  last_PDE=1.431e-04 [colloc=1.271e-04, cfd=1.606e-05]  last_WALL=1.094e-17  last_DATA=1.132e-01
/oscar/home/jchen790/cylinder flow lab/src/cfp40.py:1430: OptimizeWarning: Unknown solver options: hess, hessp, bounds, constraints, tol
  result = minimize(
Invoked: SSBroyden1 approach!
[BFGS] batch=  67  call=  3207  total=1.074e-04  PDE=1.369e-04 [colloc=1.206e-04, cfd=1.629e-05]  WALL=1.092e-17  DATA=1.132e-01
Invoked: SSBroyden1 approach!
[BFGS] batch=  67  call=  3216  total=1.072e-04  PDE=1.366e-04 [colloc=1.203e-04, cfd=1.629e-05]  WALL=1.093e-17  DATA=1.132e-01
Invoked: SSBroyden1 approach!
[BFGS] batch=  67  call=  3217  total=1.070e-04  PDE=1.361e-04 [colloc=1.198e-04, cfd=1.630e-05]  WALL=1.094e-17  DATA=1.132e-01
Invoked: SSBroyden1 approach!
[BFGS] batch=  67  call=  3218  total=1.070e-04  PDE=1.357e-04 [colloc=1.194e-04, cfd=1.630e-05]  WALL=1.094e-17  DATA=1.132e-01
Invoked: SSBroyden1 approach!
[BFGS] batch=  67  call=  3219  total=1.065e-04  PDE=1.356e-04 [colloc=1.193e-04, cfd=1.630e-05]  WALL=1.094e-17  DATA=1.132e-01
Invoked: SSBroyden1 approach!
[BFGS] batch=  67  call=  3220  total=1.062e-04  PDE=1.353e-04 [colloc=1.189e-04, cfd=1.634e-05]  WALL=1.092e-17  DATA=1.132e-01
Invoked: SSBroyden1 approach!
[BFGS] batch=  67  call=  3221  total=1.059e-04  PDE=1.345e-04 [colloc=1.181e-04, cfd=1.635e-05]  WALL=1.092e-17  DATA=1.132e-01
Invoked: SSBroyden1 approach!
[BFGS] batch=  67  call=  3222  total=1.055e-04  PDE=1.338e-04 [colloc=1.174e-04, cfd=1.636e-05]  WALL=1.092e-17  DATA=1.132e-01
Invoked: SSBroyden1 approach!
[BFGS] batch=  67  call=  3223  total=1.051e-04  PDE=1.329e-04 [colloc=1.165e-04, cfd=1.638e-05]  WALL=1.091e-17  DATA=1.132e-01
Invoked: SSBroyden1 approach!
[BFGS] batch=  67  call=  3224  total=1.044e-04  PDE=1.322e-04 [colloc=1.158e-04, cfd=1.643e-05]  WALL=1.089e-17  DATA=1.132e-01
Invoked: SSBroyden1 approach!
[BFGS] batch=  67  call=  3225  total=1.043e-04  PDE=1.315e-04 [colloc=1.150e-04, cfd=1.651e-05]  WALL=1.090e-17  DATA=1.132e-01
Invoked: SSBroyden1 approach!
[BFGS] batch=  67  call=  3226  total=1.039e-04  PDE=1.312e-04 [colloc=1.147e-04, cfd=1.651e-05]  WALL=1.090e-17  DATA=1.132e-01
Invoked: SSBroyden1 approach!
[BFGS] batch=  67  call=  3227  total=1.030e-04  PDE=1.303e-04 [colloc=1.138e-04, cfd=1.650e-05]  WALL=1.091e-17  DATA=1.132e-01
Invoked: SSBroyden1 approach!
[BFGS] batch=  67  call=  3229  total=1.026e-04  PDE=1.296e-04 [colloc=1.131e-04, cfd=1.651e-05]  WALL=1.093e-17  DATA=1.132e-01
Invoked: SSBroyden1 approach!
[BFGS] batch=  67  call=  3230  total=1.024e-04  PDE=1.290e-04 [colloc=1.124e-04, cfd=1.657e-05]  WALL=1.093e-17  DATA=1.132e-01
Invoked: SSBroyden1 approach!
[BFGS] batch=  67  call=  3231  total=1.018e-04  PDE=1.284e-04 [colloc=1.119e-04, cfd=1.649e-05]  WALL=1.094e-17  DATA=1.132e-01
Invoked: SSBroyden1 approach!
[BFGS] batch=  67  call=  3232  total=1.016e-04  PDE=1.275e-04 [colloc=1.110e-04, cfd=1.650e-05]  WALL=1.098e-17  DATA=1.132e-01
Invoked: SSBroyden1 approach!
[BFGS] batch=  67  call=  3233  total=1.013e-04  PDE=1.272e-04 [colloc=1.107e-04, cfd=1.655e-05]  WALL=1.099e-17  DATA=1.132e-01
  [PT] w_u=19.9960 w_v=41.5708 gamma=0.401 (tau_u=5.001e-02 tau_v=2.406e-02 |Du|=1.41e-02 |DRu|=6.75e-02)
[BFGS-END] batch=  67  last_total=1.016e-04  last_PDE=1.272e-04 [colloc=1.107e-04, cfd=1.655e-05]  last_WALL=1.099e-17  last_DATA=1.132e-01
/oscar/home/jchen790/cylinder flow lab/src/cfp40.py:1430: OptimizeWarning: Unknown solver options: hess, hessp, bounds, constraints, tol
  result = minimize(
Invoked: SSBroyden1 approach!
[BFGS] batch=  68  call=  3255  total=1.114e-04  PDE=1.426e-04 [colloc=1.256e-04, cfd=1.692e-05]  WALL=1.098e-17  DATA=1.132e-01
Invoked: SSBroyden1 approach!
[BFGS] batch=  68  call=  3256  total=1.111e-04  PDE=1.414e-04 [colloc=1.245e-04, cfd=1.691e-05]  WALL=1.099e-17  DATA=1.132e-01
Invoked: SSBroyden1 approach!
[BFGS] batch=  68  call=  3257  total=1.102e-04  PDE=1.407e-04 [colloc=1.238e-04, cfd=1.692e-05]  WALL=1.099e-17  DATA=1.132e-01
Invoked: SSBroyden1 approach!
[BFGS] batch=  68  call=  3258  total=1.088e-04  PDE=1.388e-04 [colloc=1.219e-04, cfd=1.697e-05]  WALL=1.101e-17  DATA=1.132e-01
Invoked: SSBroyden1 approach!
[BFGS] batch=  68  call=  3259  total=1.073e-04  PDE=1.361e-04 [colloc=1.191e-04, cfd=1.702e-05]  WALL=1.099e-17  DATA=1.132e-01
Invoked: SSBroyden1 approach!
[BFGS] batch=  68  call=  3260  total=1.058e-04  PDE=1.341e-04 [colloc=1.171e-04, cfd=1.699e-05]  WALL=1.095e-17  DATA=1.132e-01
Invoked: SSBroyden1 approach!
[BFGS] batch=  68  call=  3262  total=1.056e-04  PDE=1.330e-04 [colloc=1.161e-04, cfd=1.693e-05]  WALL=1.096e-17  DATA=1.132e-01
Invoked: SSBroyden1 approach!
[BFGS] batch=  68  call=  3263  total=1.051e-04  PDE=1.326e-04 [colloc=1.157e-04, cfd=1.690e-05]  WALL=1.095e-17  DATA=1.132e-01
Invoked: SSBroyden1 approach!
[BFGS] batch=  68  call=  3264  total=1.048e-04  PDE=1.320e-04 [colloc=1.151e-04, cfd=1.691e-05]  WALL=1.095e-17  DATA=1.132e-01
Invoked: SSBroyden1 approach!
[BFGS] batch=  68  call=  3265  total=1.043e-04  PDE=1.316e-04 [colloc=1.147e-04, cfd=1.694e-05]  WALL=1.095e-17  DATA=1.132e-01
Invoked: SSBroyden1 approach!
[BFGS] batch=  68  call=  3274  total=1.042e-04  PDE=1.312e-04 [colloc=1.142e-04, cfd=1.695e-05]  WALL=1.097e-17  DATA=1.132e-01
Invoked: SSBroyden1 approach!
[BFGS] batch=  68  call=  3276  total=1.040e-04  PDE=1.311e-04 [colloc=1.142e-04, cfd=1.695e-05]  WALL=1.097e-17  DATA=1.132e-01
Invoked: SSBroyden1 approach!
[BFGS] batch=  68  call=  3277  total=1.038e-04  PDE=1.308e-04 [colloc=1.138e-04, cfd=1.692e-05]  WALL=1.097e-17  DATA=1.132e-01
Invoked: SSBroyden1 approach!
[BFGS] batch=  68  call=  3279  total=1.038e-04  PDE=1.307e-04 [colloc=1.138e-04, cfd=1.691e-05]  WALL=1.098e-17  DATA=1.132e-01
  [PT] w_u=21.8890 w_v=43.9155 gamma=0.407 (tau_u=4.568e-02 tau_v=2.277e-02 |Du|=1.53e-02 |DRu|=1.19e-01)
[BFGS-END] batch=  68  last_total=1.042e-04  last_PDE=1.307e-04 [colloc=1.138e-04, cfd=1.691e-05]  last_WALL=1.098e-17  last_DATA=1.132e-01
/oscar/home/jchen790/cylinder flow lab/src/cfp40.py:1430: OptimizeWarning: Unknown solver options: hess, hessp, bounds, constraints, tol
  result = minimize(
Invoked: SSBroyden1 approach!
[BFGS] batch=  69  call=  3299  total=1.119e-04  PDE=1.416e-04 [colloc=1.254e-04, cfd=1.628e-05]  WALL=1.101e-17  DATA=1.132e-01
Invoked: SSBroyden1 approach!
[BFGS] batch=  69  call=  3300  total=1.083e-04  PDE=1.369e-04 [colloc=1.204e-04, cfd=1.649e-05]  WALL=1.099e-17  DATA=1.132e-01
Invoked: SSBroyden1 approach!
[BFGS] batch=  69  call=  3302  total=1.066e-04  PDE=1.345e-04 [colloc=1.180e-04, cfd=1.650e-05]  WALL=1.102e-17  DATA=1.132e-01
Invoked: SSBroyden1 approach!
[BFGS] batch=  69  call=  3303  total=1.055e-04  PDE=1.322e-04 [colloc=1.157e-04, cfd=1.654e-05]  WALL=1.102e-17  DATA=1.132e-01
Invoked: SSBroyden1 approach!
[BFGS] batch=  69  call=  3304  total=1.041e-04  PDE=1.309e-04 [colloc=1.144e-04, cfd=1.651e-05]  WALL=1.102e-17  DATA=1.132e-01
Invoked: SSBroyden1 approach!
[BFGS] batch=  69  call=  3313  total=1.037e-04  PDE=1.302e-04 [colloc=1.137e-04, cfd=1.646e-05]  WALL=1.103e-17  DATA=1.132e-01
Invoked: SSBroyden1 approach!
[BFGS] batch=  69  call=  3314  total=1.036e-04  PDE=1.298e-04 [colloc=1.135e-04, cfd=1.635e-05]  WALL=1.105e-17  DATA=1.132e-01
Invoked: SSBroyden1 approach!
[BFGS] batch=  69  call=  3322  total=1.034e-04  PDE=1.295e-04 [colloc=1.133e-04, cfd=1.624e-05]  WALL=1.106e-17  DATA=1.132e-01
Invoked: SSBroyden1 approach!
[BFGS] batch=  69  call=  3332  total=1.034e-04  PDE=1.292e-04 [colloc=1.131e-04, cfd=1.617e-05]  WALL=1.105e-17  DATA=1.132e-01
Invoked: SSBroyden1 approach!
[BFGS] batch=  69  call=  3333  total=1.033e-04  PDE=1.291e-04 [colloc=1.129e-04, cfd=1.615e-05]  WALL=1.104e-17  DATA=1.132e-01
Invoked: SSBroyden1 approach!
[BFGS] batch=  69  call=  3343  total=1.031e-04  PDE=1.288e-04 [colloc=1.127e-04, cfd=1.614e-05]  WALL=1.104e-17  DATA=1.132e-01
Invoked: SSBroyden1 approach!
[BFGS] batch=  69  call=  3350  total=1.027e-04  PDE=1.286e-04 [colloc=1.124e-04, cfd=1.615e-05]  WALL=1.105e-17  DATA=1.132e-01
  [PT] w_u=23.6094 w_v=46.6062 gamma=0.408 (tau_u=4.236e-02 tau_v=2.146e-02 |Du|=1.49e-02 |DRu|=8.52e-02)
[BFGS] batch 69: H0 not PD — resetting to identity.
[BFGS-END] batch=  69  last_total=1.033e-04  last_PDE=1.286e-04 [colloc=1.124e-04, cfd=1.615e-05]  last_WALL=1.105e-17  last_DATA=1.132e-01
/oscar/home/jchen790/cylinder flow lab/src/cfp40.py:1430: OptimizeWarning: Unknown solver options: hess, hessp, bounds, constraints, tol
  result = minimize(
Invoked: SSBroyden1 approach!
[BFGS] batch=  70  call=  3371  total=1.110e-04  PDE=1.406e-04 [colloc=1.236e-04, cfd=1.695e-05]  WALL=1.104e-17  DATA=1.132e-01
Invoked: SSBroyden1 approach!
[BFGS] batch=  70  call=  3372  total=1.092e-04  PDE=1.375e-04 [colloc=1.205e-04, cfd=1.695e-05]  WALL=1.111e-17  DATA=1.132e-01
Invoked: SSBroyden1 approach!
[BFGS] batch=  70  call=  3374  total=1.090e-04  PDE=1.373e-04 [colloc=1.203e-04, cfd=1.695e-05]  WALL=1.111e-17  DATA=1.132e-01
Invoked: SSBroyden1 approach!
[BFGS] batch=  70  call=  3375  total=1.083e-04  PDE=1.368e-04 [colloc=1.198e-04, cfd=1.695e-05]  WALL=1.111e-17  DATA=1.132e-01
Invoked: SSBroyden1 approach!
[BFGS] batch=  70  call=  3376  total=1.082e-04  PDE=1.364e-04 [colloc=1.195e-04, cfd=1.696e-05]  WALL=1.109e-17  DATA=1.132e-01
Invoked: SSBroyden1 approach!
[BFGS] batch=  70  call=  3377  total=1.078e-04  PDE=1.361e-04 [colloc=1.191e-04, cfd=1.695e-05]  WALL=1.112e-17  DATA=1.132e-01
Invoked: SSBroyden1 approach!
[BFGS] batch=  70  call=  3379  total=1.076e-04  PDE=1.357e-04 [colloc=1.188e-04, cfd=1.696e-05]  WALL=1.111e-17  DATA=1.132e-01
Invoked: SSBroyden1 approach!
[BFGS] batch=  70  call=  3381  total=1.073e-04  PDE=1.356e-04 [colloc=1.186e-04, cfd=1.696e-05]  WALL=1.110e-17  DATA=1.132e-01
Invoked: SSBroyden1 approach!
[BFGS] batch=  70  call=  3383  total=1.073e-04  PDE=1.355e-04 [colloc=1.185e-04, cfd=1.696e-05]  WALL=1.109e-17  DATA=1.132e-01
  [PT] w_u=21.4157 w_v=38.0516 gamma=0.405 (tau_u=4.669e-02 tau_v=2.628e-02 |Du|=8.52e-03 |DRu|=1.85e-02)
[PT] batch=  70  w=2.9734e+01
[BFGS-END] batch=  70  last_total=1.076e-04  last_PDE=1.355e-04 [colloc=1.185e-04, cfd=1.696e-05]  last_WALL=1.109e-17  last_DATA=1.132e-01
/oscar/home/jchen790/cylinder flow lab/src/cfp40.py:1430: OptimizeWarning: Unknown solver options: hess, hessp, bounds, constraints, tol
  result = minimize(
Invoked: SSBroyden1 approach!
[BFGS] batch=  71  call=  3406  total=1.111e-04  PDE=1.409e-04 [colloc=1.251e-04, cfd=1.575e-05]  WALL=1.109e-17  DATA=1.132e-01
Invoked: SSBroyden1 approach!
[BFGS] batch=  71  call=  3407  total=1.111e-04  PDE=1.407e-04 [colloc=1.249e-04, cfd=1.576e-05]  WALL=1.108e-17  DATA=1.132e-01
Invoked: SSBroyden1 approach!
[BFGS] batch=  71  call=  3411  total=1.108e-04  PDE=1.406e-04 [colloc=1.249e-04, cfd=1.576e-05]  WALL=1.108e-17  DATA=1.132e-01
Invoked: SSBroyden1 approach!
[BFGS] batch=  71  call=  3413  total=1.108e-04  PDE=1.405e-04 [colloc=1.247e-04, cfd=1.576e-05]  WALL=1.108e-17  DATA=1.132e-01
  [PT] w_u=23.3529 w_v=41.8052 gamma=0.403 (tau_u=4.282e-02 tau_v=2.392e-02 |Du|=3.19e-03 |DRu|=2.27e-02)
[BFGS-END] batch=  71  last_total=1.110e-04  last_PDE=1.405e-04 [colloc=1.247e-04, cfd=1.576e-05]  last_WALL=1.108e-17  last_DATA=1.132e-01
/oscar/home/jchen790/cylinder flow lab/src/cfp40.py:1430: OptimizeWarning: Unknown solver options: hess, hessp, bounds, constraints, tol
  result = minimize(
Invoked: SSBroyden1 approach!
[BFGS] batch=  72  call=  3433  total=1.121e-04  PDE=1.421e-04 [colloc=1.255e-04, cfd=1.660e-05]  WALL=1.108e-17  DATA=1.132e-01
Invoked: SSBroyden1 approach!
[BFGS] batch=  72  call=  3434  total=1.118e-04  PDE=1.419e-04 [colloc=1.253e-04, cfd=1.660e-05]  WALL=1.108e-17  DATA=1.132e-01
Invoked: SSBroyden1 approach!
[BFGS] batch=  72  call=  3435  total=1.116e-04  PDE=1.416e-04 [colloc=1.249e-04, cfd=1.661e-05]  WALL=1.108e-17  DATA=1.132e-01
Invoked: SSBroyden1 approach!
[BFGS] batch=  72  call=  3436  total=1.115e-04  PDE=1.413e-04 [colloc=1.247e-04, cfd=1.662e-05]  WALL=1.109e-17  DATA=1.132e-01
Invoked: SSBroyden1 approach!
[BFGS] batch=  72  call=  3437  total=1.114e-04  PDE=1.411e-04 [colloc=1.245e-04, cfd=1.662e-05]  WALL=1.109e-17  DATA=1.132e-01
Invoked: SSBroyden1 approach!
[BFGS] batch=  72  call=  3438  total=1.112e-04  PDE=1.408e-04 [colloc=1.242e-04, cfd=1.664e-05]  WALL=1.109e-17  DATA=1.132e-01
Invoked: SSBroyden1 approach!
[BFGS] batch=  72  call=  3439  total=1.106e-04  PDE=1.405e-04 [colloc=1.239e-04, cfd=1.664e-05]  WALL=1.109e-17  DATA=1.132e-01
Invoked: SSBroyden1 approach!
[BFGS] batch=  72  call=  3441  total=1.105e-04  PDE=1.402e-04 [colloc=1.235e-04, cfd=1.664e-05]  WALL=1.109e-17  DATA=1.132e-01
Invoked: SSBroyden1 approach!
[BFGS] batch=  72  call=  3442  total=1.101e-04  PDE=1.398e-04 [colloc=1.231e-04, cfd=1.664e-05]  WALL=1.109e-17  DATA=1.132e-01
Invoked: SSBroyden1 approach!
[BFGS] batch=  72  call=  3443  total=1.098e-04  PDE=1.389e-04 [colloc=1.223e-04, cfd=1.663e-05]  WALL=1.110e-17  DATA=1.132e-01
Invoked: SSBroyden1 approach!
[BFGS] batch=  72  call=  3444  total=1.094e-04  PDE=1.380e-04 [colloc=1.213e-04, cfd=1.664e-05]  WALL=1.108e-17  DATA=1.132e-01
Invoked: SSBroyden1 approach!
[BFGS] batch=  72  call=  3445  total=1.089e-04  PDE=1.370e-04 [colloc=1.203e-04, cfd=1.664e-05]  WALL=1.108e-17  DATA=1.132e-01
Invoked: SSBroyden1 approach!
[BFGS] batch=  72  call=  3446  total=1.082e-04  PDE=1.360e-04 [colloc=1.193e-04, cfd=1.665e-05]  WALL=1.108e-17  DATA=1.132e-01
Invoked: SSBroyden1 approach!
[BFGS] batch=  72  call=  3447  total=1.074e-04  PDE=1.348e-04 [colloc=1.181e-04, cfd=1.671e-05]  WALL=1.109e-17  DATA=1.132e-01
Invoked: SSBroyden1 approach!
[BFGS] batch=  72  call=  3448  total=1.072e-04  PDE=1.342e-04 [colloc=1.174e-04, cfd=1.674e-05]  WALL=1.109e-17  DATA=1.132e-01
Invoked: SSBroyden1 approach!
[BFGS] batch=  72  call=  3449  total=1.067e-04  PDE=1.337e-04 [colloc=1.170e-04, cfd=1.673e-05]  WALL=1.110e-17  DATA=1.132e-01
Invoked: SSBroyden1 approach!
[BFGS] batch=  72  call=  3450  total=1.062e-04  PDE=1.327e-04 [colloc=1.160e-04, cfd=1.675e-05]  WALL=1.111e-17  DATA=1.132e-01
Invoked: SSBroyden1 approach!
[BFGS] batch=  72  call=  3451  total=1.058e-04  PDE=1.319e-04 [colloc=1.151e-04, cfd=1.681e-05]  WALL=1.109e-17  DATA=1.132e-01
Invoked: SSBroyden1 approach!
[BFGS] batch=  72  call=  3452  total=1.054e-04  PDE=1.315e-04 [colloc=1.146e-04, cfd=1.687e-05]  WALL=1.112e-17  DATA=1.132e-01
Invoked: SSBroyden1 approach!
[BFGS] batch=  72  call=  3453  total=1.048e-04  PDE=1.312e-04 [colloc=1.145e-04, cfd=1.676e-05]  WALL=1.112e-17  DATA=1.132e-01
  [PT] w_u=25.2726 w_v=45.8889 gamma=0.402 (tau_u=3.957e-02 tau_v=2.179e-02 |Du|=1.37e-02 |DRu|=8.53e-02)
[BFGS-END] batch=  72  last_total=1.050e-04  last_PDE=1.312e-04 [colloc=1.145e-04, cfd=1.676e-05]  last_WALL=1.112e-17  last_DATA=1.132e-01
/oscar/home/jchen790/cylinder flow lab/src/cfp40.py:1430: OptimizeWarning: Unknown solver options: hess, hessp, bounds, constraints, tol
  result = minimize(
Invoked: SSBroyden1 approach!
[BFGS] batch=  73  call=  3474  total=1.072e-04  PDE=1.343e-04 [colloc=1.179e-04, cfd=1.637e-05]  WALL=1.110e-17  DATA=1.132e-01
Invoked: SSBroyden1 approach!
[BFGS] batch=  73  call=  3475  total=1.065e-04  PDE=1.333e-04 [colloc=1.169e-04, cfd=1.637e-05]  WALL=1.108e-17  DATA=1.132e-01
Invoked: SSBroyden1 approach!
[BFGS] batch=  73  call=  3476  total=1.055e-04  PDE=1.315e-04 [colloc=1.151e-04, cfd=1.638e-05]  WALL=1.108e-17  DATA=1.132e-01
Invoked: SSBroyden1 approach!
[BFGS] batch=  73  call=  3477  total=1.048e-04  PDE=1.302e-04 [colloc=1.136e-04, cfd=1.654e-05]  WALL=1.108e-17  DATA=1.132e-01
Invoked: SSBroyden1 approach!
[BFGS] batch=  73  call=  3478  total=1.037e-04  PDE=1.287e-04 [colloc=1.121e-04, cfd=1.663e-05]  WALL=1.105e-17  DATA=1.132e-01
Invoked: SSBroyden1 approach!
[BFGS] batch=  73  call=  3479  total=1.032e-04  PDE=1.275e-04 [colloc=1.110e-04, cfd=1.650e-05]  WALL=1.106e-17  DATA=1.132e-01
Invoked: SSBroyden1 approach!
[BFGS] batch=  73  call=  3480  total=1.023e-04  PDE=1.263e-04 [colloc=1.098e-04, cfd=1.647e-05]  WALL=1.106e-17  DATA=1.132e-01
Invoked: SSBroyden1 approach!
[BFGS] batch=  73  call=  3481  total=1.017e-04  PDE=1.257e-04 [colloc=1.092e-04, cfd=1.651e-05]  WALL=1.103e-17  DATA=1.132e-01
Invoked: SSBroyden1 approach!
[BFGS] batch=  73  call=  3482  total=1.015e-04  PDE=1.252e-04 [colloc=1.087e-04, cfd=1.652e-05]  WALL=1.106e-17  DATA=1.132e-01
Invoked: SSBroyden1 approach!
[BFGS] batch=  73  call=  3490  total=1.013e-04  PDE=1.247e-04 [colloc=1.082e-04, cfd=1.650e-05]  WALL=1.107e-17  DATA=1.132e-01
Invoked: SSBroyden1 approach!
[BFGS] batch=  73  call=  3491  total=1.010e-04  PDE=1.244e-04 [colloc=1.079e-04, cfd=1.648e-05]  WALL=1.108e-17  DATA=1.132e-01
Invoked: SSBroyden1 approach!
[BFGS] batch=  73  call=  3499  total=1.010e-04  PDE=1.241e-04 [colloc=1.077e-04, cfd=1.638e-05]  WALL=1.110e-17  DATA=1.132e-01
  [PT] w_u=27.0914 w_v=46.8683 gamma=0.397 (tau_u=3.691e-02 tau_v=2.134e-02 |Du|=1.35e-02 |DRu|=7.45e-02)
[BFGS] batch 73: H0 not PD — resetting to identity.
[BFGS-END] batch=  73  last_total=1.011e-04  last_PDE=1.240e-04 [colloc=1.077e-04, cfd=1.637e-05]  last_WALL=1.110e-17  last_DATA=1.132e-01
/oscar/home/jchen790/cylinder flow lab/src/cfp40.py:1430: OptimizeWarning: Unknown solver options: hess, hessp, bounds, constraints, tol
  result = minimize(
Invoked: SSBroyden1 approach!
[BFGS] batch=  74  call=  3522  total=1.148e-04  PDE=1.451e-04 [colloc=1.285e-04, cfd=1.659e-05]  WALL=1.109e-17  DATA=1.132e-01
Invoked: SSBroyden1 approach!
[BFGS] batch=  74  call=  3523  total=1.141e-04  PDE=1.438e-04 [colloc=1.272e-04, cfd=1.659e-05]  WALL=1.112e-17  DATA=1.132e-01
Invoked: SSBroyden1 approach!
[BFGS] batch=  74  call=  3525  total=1.136e-04  PDE=1.435e-04 [colloc=1.270e-04, cfd=1.659e-05]  WALL=1.112e-17  DATA=1.132e-01
Invoked: SSBroyden1 approach!
[BFGS] batch=  74  call=  3532  total=1.134e-04  PDE=1.433e-04 [colloc=1.267e-04, cfd=1.660e-05]  WALL=1.109e-17  DATA=1.133e-01
  [PT] w_u=24.0198 w_v=38.3804 gamma=0.409 (tau_u=4.163e-02 tau_v=2.605e-02 |Du|=6.47e-03 |DRu|=1.43e-02)
[BFGS-END] batch=  74  last_total=1.141e-04  last_PDE=1.433e-04 [colloc=1.267e-04, cfd=1.660e-05]  last_WALL=1.109e-17  last_DATA=1.133e-01
/oscar/home/jchen790/cylinder flow lab/src/cfp40.py:1430: OptimizeWarning: Unknown solver options: hess, hessp, bounds, constraints, tol
  result = minimize(
  [PT] w_u=21.8431 w_v=37.3823 gamma=0.409 (tau_u=4.578e-02 tau_v=2.675e-02 |Du|=1.03e-03 |DRu|=2.28e-03)
[BFGS-END] batch=  75  last_total=1.165e-04  last_PDE=1.474e-04 [colloc=1.297e-04, cfd=1.768e-05]  last_WALL=1.110e-17  last_DATA=1.133e-01
/oscar/home/jchen790/cylinder flow lab/src/cfp40.py:1430: OptimizeWarning: Unknown solver options: hess, hessp, bounds, constraints, tol
  result = minimize(
Invoked: SSBroyden1 approach!
[BFGS] batch=  76  call=  3572  total=1.139e-04  PDE=1.432e-04 [colloc=1.257e-04, cfd=1.742e-05]  WALL=1.115e-17  DATA=1.133e-01
Invoked: SSBroyden1 approach!
[BFGS] batch=  76  call=  3573  total=1.134e-04  PDE=1.428e-04 [colloc=1.253e-04, cfd=1.742e-05]  WALL=1.115e-17  DATA=1.133e-01
Invoked: SSBroyden1 approach!
[BFGS] batch=  76  call=  3576  total=1.133e-04  PDE=1.426e-04 [colloc=1.252e-04, cfd=1.742e-05]  WALL=1.115e-17  DATA=1.133e-01
  [PT] w_u=20.3487 w_v=35.4673 gamma=0.405 (tau_u=4.914e-02 tau_v=2.819e-02 |Du|=3.06e-03 |DRu|=6.90e-03)
[BFGS-END] batch=  76  last_total=1.133e-04  last_PDE=1.426e-04 [colloc=1.252e-04, cfd=1.742e-05]  last_WALL=1.115e-17  last_DATA=1.133e-01
/oscar/home/jchen790/cylinder flow lab/src/cfp40.py:1430: OptimizeWarning: Unknown solver options: hess, hessp, bounds, constraints, tol
  result = minimize(
Invoked: SSBroyden1 approach!
[BFGS] batch=  77  call=  3596  total=1.165e-04  PDE=1.470e-04 [colloc=1.306e-04, cfd=1.637e-05]  WALL=1.115e-17  DATA=1.133e-01
Invoked: SSBroyden1 approach!
[BFGS] batch=  77  call=  3597  total=1.162e-04  PDE=1.465e-04 [colloc=1.301e-04, cfd=1.639e-05]  WALL=1.114e-17  DATA=1.133e-01
Invoked: SSBroyden1 approach!
[BFGS] batch=  77  call=  3598  total=1.159e-04  PDE=1.462e-04 [colloc=1.298e-04, cfd=1.641e-05]  WALL=1.113e-17  DATA=1.132e-01
Invoked: SSBroyden1 approach!
[BFGS] batch=  77  call=  3599  total=1.155e-04  PDE=1.458e-04 [colloc=1.293e-04, cfd=1.644e-05]  WALL=1.112e-17  DATA=1.133e-01
Invoked: SSBroyden1 approach!
[BFGS] batch=  77  call=  3600  total=1.153e-04  PDE=1.451e-04 [colloc=1.287e-04, cfd=1.647e-05]  WALL=1.111e-17  DATA=1.133e-01
Invoked: SSBroyden1 approach!
[BFGS] batch=  77  call=  3601  total=1.151e-04  PDE=1.448e-04 [colloc=1.283e-04, cfd=1.650e-05]  WALL=1.110e-17  DATA=1.132e-01
Invoked: SSBroyden1 approach!
[BFGS] batch=  77  call=  3602  total=1.150e-04  PDE=1.444e-04 [colloc=1.279e-04, cfd=1.651e-05]  WALL=1.111e-17  DATA=1.132e-01
Invoked: SSBroyden1 approach!
[BFGS] batch=  77  call=  3603  total=1.148e-04  PDE=1.442e-04 [colloc=1.277e-04, cfd=1.651e-05]  WALL=1.111e-17  DATA=1.132e-01
Invoked: SSBroyden1 approach!
[BFGS] batch=  77  call=  3604  total=1.147e-04  PDE=1.441e-04 [colloc=1.276e-04, cfd=1.651e-05]  WALL=1.112e-17  DATA=1.132e-01
Invoked: SSBroyden1 approach!
[BFGS] batch=  77  call=  3605  total=1.143e-04  PDE=1.440e-04 [colloc=1.275e-04, cfd=1.651e-05]  WALL=1.113e-17  DATA=1.132e-01
Invoked: SSBroyden1 approach!
[BFGS] batch=  77  call=  3607  total=1.142e-04  PDE=1.438e-04 [colloc=1.273e-04, cfd=1.650e-05]  WALL=1.113e-17  DATA=1.132e-01
Invoked: SSBroyden1 approach!
[BFGS] batch=  77  call=  3608  total=1.141e-04  PDE=1.436e-04 [colloc=1.271e-04, cfd=1.649e-05]  WALL=1.113e-17  DATA=1.132e-01
Invoked: SSBroyden1 approach!
[BFGS] batch=  77  call=  3616  total=1.141e-04  PDE=1.435e-04 [colloc=1.270e-04, cfd=1.649e-05]  WALL=1.113e-17  DATA=1.132e-01
Invoked: SSBroyden1 approach!
[BFGS] batch=  77  call=  3624  total=1.140e-04  PDE=1.434e-04 [colloc=1.270e-04, cfd=1.649e-05]  WALL=1.113e-17  DATA=1.132e-01
Invoked: SSBroyden1 approach!
[BFGS] batch=  77  call=  3625  total=1.139e-04  PDE=1.432e-04 [colloc=1.267e-04, cfd=1.647e-05]  WALL=1.113e-17  DATA=1.132e-01
Invoked: SSBroyden1 approach!
[BFGS] batch=  77  call=  3626  total=1.139e-04  PDE=1.429e-04 [colloc=1.265e-04, cfd=1.647e-05]  WALL=1.113e-17  DATA=1.132e-01
Invoked: SSBroyden1 approach!
[BFGS] batch=  77  call=  3627  total=1.136e-04  PDE=1.427e-04 [colloc=1.262e-04, cfd=1.646e-05]  WALL=1.113e-17  DATA=1.132e-01
Invoked: SSBroyden1 approach!
[BFGS] batch=  77  call=  3628  total=1.131e-04  PDE=1.420e-04 [colloc=1.256e-04, cfd=1.643e-05]  WALL=1.113e-17  DATA=1.132e-01
Invoked: SSBroyden1 approach!
[BFGS] batch=  77  call=  3629  total=1.130e-04  PDE=1.410e-04 [colloc=1.246e-04, cfd=1.643e-05]  WALL=1.115e-17  DATA=1.132e-01
Invoked: SSBroyden1 approach!
[BFGS] batch=  77  call=  3630  total=1.122e-04  PDE=1.408e-04 [colloc=1.244e-04, cfd=1.644e-05]  WALL=1.115e-17  DATA=1.132e-01
Invoked: SSBroyden1 approach!
[BFGS] batch=  77  call=  3632  total=1.122e-04  PDE=1.402e-04 [colloc=1.238e-04, cfd=1.646e-05]  WALL=1.116e-17  DATA=1.132e-01
Invoked: SSBroyden1 approach!
[BFGS] batch=  77  call=  3633  total=1.119e-04  PDE=1.399e-04 [colloc=1.235e-04, cfd=1.646e-05]  WALL=1.116e-17  DATA=1.132e-01
Invoked: SSBroyden1 approach!
[BFGS] batch=  77  call=  3634  total=1.117e-04  PDE=1.392e-04 [colloc=1.227e-04, cfd=1.647e-05]  WALL=1.116e-17  DATA=1.132e-01
Invoked: SSBroyden1 approach!
[BFGS] batch=  77  call=  3635  total=1.111e-04  PDE=1.387e-04 [colloc=1.222e-04, cfd=1.647e-05]  WALL=1.116e-17  DATA=1.133e-01
Invoked: SSBroyden1 approach!
[BFGS] batch=  77  call=  3637  total=1.109e-04  PDE=1.383e-04 [colloc=1.218e-04, cfd=1.648e-05]  WALL=1.118e-17  DATA=1.133e-01
Invoked: SSBroyden1 approach!
[BFGS] batch=  77  call=  3638  total=1.108e-04  PDE=1.379e-04 [colloc=1.214e-04, cfd=1.650e-05]  WALL=1.119e-17  DATA=1.133e-01
Invoked: SSBroyden1 approach!
[BFGS] batch=  77  call=  3640  total=1.106e-04  PDE=1.378e-04 [colloc=1.213e-04, cfd=1.650e-05]  WALL=1.119e-17  DATA=1.133e-01
Invoked: SSBroyden1 approach!
[BFGS] batch=  77  call=  3641  total=1.103e-04  PDE=1.375e-04 [colloc=1.210e-04, cfd=1.648e-05]  WALL=1.119e-17  DATA=1.133e-01
Invoked: SSBroyden1 approach!
[BFGS] batch=  77  call=  3651  total=1.102e-04  PDE=1.374e-04 [colloc=1.209e-04, cfd=1.647e-05]  WALL=1.119e-17  DATA=1.133e-01
Invoked: SSBroyden1 approach!
[BFGS] batch=  77  call=  3652  total=1.101e-04  PDE=1.372e-04 [colloc=1.207e-04, cfd=1.646e-05]  WALL=1.119e-17  DATA=1.133e-01
  [PT] w_u=22.2279 w_v=39.2016 gamma=0.408 (tau_u=4.499e-02 tau_v=2.551e-02 |Du|=1.40e-02 |DRu|=1.03e-01)
[BFGS-END] batch=  77  last_total=1.099e-04  last_PDE=1.371e-04 [colloc=1.207e-04, cfd=1.646e-05]  last_WALL=1.119e-17  last_DATA=1.133e-01
/oscar/home/jchen790/cylinder flow lab/src/cfp40.py:1430: OptimizeWarning: Unknown solver options: hess, hessp, bounds, constraints, tol
  result = minimize(
Invoked: SSBroyden1 approach!
[BFGS] batch=  78  call=  3674  total=1.108e-04  PDE=1.384e-04 [colloc=1.210e-04, cfd=1.742e-05]  WALL=1.114e-17  DATA=1.133e-01
Invoked: SSBroyden1 approach!
[BFGS] batch=  78  call=  3675  total=1.107e-04  PDE=1.376e-04 [colloc=1.201e-04, cfd=1.755e-05]  WALL=1.106e-17  DATA=1.133e-01
Invoked: SSBroyden1 approach!
[BFGS] batch=  78  call=  3678  total=1.098e-04  PDE=1.364e-04 [colloc=1.188e-04, cfd=1.760e-05]  WALL=1.106e-17  DATA=1.133e-01
Invoked: SSBroyden1 approach!
[BFGS] batch=  78  call=  3679  total=1.094e-04  PDE=1.354e-04 [colloc=1.177e-04, cfd=1.769e-05]  WALL=1.103e-17  DATA=1.133e-01
Invoked: SSBroyden1 approach!
[BFGS] batch=  78  call=  3680  total=1.087e-04  PDE=1.345e-04 [colloc=1.168e-04, cfd=1.766e-05]  WALL=1.102e-17  DATA=1.133e-01
Invoked: SSBroyden1 approach!
[BFGS] batch=  78  call=  3681  total=1.077e-04  PDE=1.331e-04 [colloc=1.155e-04, cfd=1.759e-05]  WALL=1.104e-17  DATA=1.133e-01
Invoked: SSBroyden1 approach!
[BFGS] batch=  78  call=  3682  total=1.071e-04  PDE=1.319e-04 [colloc=1.145e-04, cfd=1.745e-05]  WALL=1.104e-17  DATA=1.133e-01
Invoked: SSBroyden1 approach!
[BFGS] batch=  78  call=  3683  total=1.063e-04  PDE=1.311e-04 [colloc=1.136e-04, cfd=1.746e-05]  WALL=1.109e-17  DATA=1.133e-01
Invoked: SSBroyden1 approach!
[BFGS] batch=  78  call=  3685  total=1.061e-04  PDE=1.307e-04 [colloc=1.133e-04, cfd=1.744e-05]  WALL=1.109e-17  DATA=1.133e-01
Invoked: SSBroyden1 approach!
[BFGS] batch=  78  call=  3692  total=1.059e-04  PDE=1.304e-04 [colloc=1.130e-04, cfd=1.741e-05]  WALL=1.111e-17  DATA=1.133e-01
Invoked: SSBroyden1 approach!
[BFGS] batch=  78  call=  3700  total=1.057e-04  PDE=1.303e-04 [colloc=1.129e-04, cfd=1.740e-05]  WALL=1.112e-17  DATA=1.133e-01
Invoked: SSBroyden1 approach!
[BFGS] batch=  78  call=  3701  total=1.057e-04  PDE=1.300e-04 [colloc=1.126e-04, cfd=1.736e-05]  WALL=1.112e-17  DATA=1.133e-01
  [PT] w_u=24.4981 w_v=43.0978 gamma=0.401 (tau_u=4.082e-02 tau_v=2.320e-02 |Du|=1.42e-02 |DRu|=1.56e-01)
[BFGS] batch 78: H0 not PD — resetting to identity.
[BFGS-END] batch=  78  last_total=1.056e-04  last_PDE=1.299e-04 [colloc=1.126e-04, cfd=1.736e-05]  last_WALL=1.112e-17  last_DATA=1.133e-01
/oscar/home/jchen790/cylinder flow lab/src/cfp40.py:1430: OptimizeWarning: Unknown solver options: hess, hessp, bounds, constraints, tol
  result = minimize(
Invoked: SSBroyden1 approach!
[BFGS] batch=  79  call=  3723  total=1.101e-04  PDE=1.361e-04 [colloc=1.184e-04, cfd=1.767e-05]  WALL=1.110e-17  DATA=1.133e-01
Invoked: SSBroyden1 approach!
[BFGS] batch=  79  call=  3725  total=1.099e-04  PDE=1.357e-04 [colloc=1.180e-04, cfd=1.767e-05]  WALL=1.111e-17  DATA=1.133e-01
Invoked: SSBroyden1 approach!
[BFGS] batch=  79  call=  3727  total=1.094e-04  PDE=1.355e-04 [colloc=1.178e-04, cfd=1.767e-05]  WALL=1.112e-17  DATA=1.133e-01
Invoked: SSBroyden1 approach!
[BFGS] batch=  79  call=  3729  total=1.093e-04  PDE=1.352e-04 [colloc=1.175e-04, cfd=1.767e-05]  WALL=1.111e-17  DATA=1.133e-01
Invoked: SSBroyden1 approach!
[BFGS] batch=  79  call=  3736  total=1.093e-04  PDE=1.349e-04 [colloc=1.172e-04, cfd=1.767e-05]  WALL=1.109e-17  DATA=1.133e-01
  [PT] w_u=24.3700 w_v=40.5777 gamma=0.398 (tau_u=4.103e-02 tau_v=2.464e-02 |Du|=6.40e-03 |DRu|=1.95e-02)
[BFGS-END] batch=  79  last_total=1.089e-04  last_PDE=1.348e-04 [colloc=1.172e-04, cfd=1.767e-05]  last_WALL=1.110e-17  last_DATA=1.133e-01
/oscar/home/jchen790/cylinder flow lab/src/cfp40.py:1430: OptimizeWarning: Unknown solver options: hess, hessp, bounds, constraints, tol
  result = minimize(
Invoked: SSBroyden1 approach!
[BFGS] batch=  80  call=  3759  total=1.169e-04  PDE=1.467e-04 [colloc=1.287e-04, cfd=1.801e-05]  WALL=1.115e-17  DATA=1.133e-01
Invoked: SSBroyden1 approach!
[BFGS] batch=  80  call=  3768  total=1.162e-04  PDE=1.460e-04 [colloc=1.280e-04, cfd=1.802e-05]  WALL=1.115e-17  DATA=1.133e-01
  [PT] w_u=21.2230 w_v=37.1969 gamma=0.408 (tau_u=4.712e-02 tau_v=2.688e-02 |Du|=4.89e-03 |DRu|=9.79e-03)
[PT] batch=  80  w=2.9210e+01
[BFGS-END] batch=  80  last_total=1.167e-04  last_PDE=1.460e-04 [colloc=1.280e-04, cfd=1.802e-05]  last_WALL=1.115e-17  last_DATA=1.133e-01
/oscar/home/jchen790/cylinder flow lab/src/cfp40.py:1430: OptimizeWarning: Unknown solver options: hess, hessp, bounds, constraints, tol
  result = minimize(
Invoked: SSBroyden1 approach!
[BFGS] batch=  81  call=  3790  total=1.119e-04  PDE=1.390e-04 [colloc=1.226e-04, cfd=1.645e-05]  WALL=1.113e-17  DATA=1.133e-01
Invoked: SSBroyden1 approach!
[BFGS] batch=  81  call=  3792  total=1.117e-04  PDE=1.388e-04 [colloc=1.223e-04, cfd=1.645e-05]  WALL=1.113e-17  DATA=1.133e-01
Invoked: SSBroyden1 approach!
[BFGS] batch=  81  call=  3793  total=1.116e-04  PDE=1.385e-04 [colloc=1.221e-04, cfd=1.645e-05]  WALL=1.112e-17  DATA=1.133e-01
Invoked: SSBroyden1 approach!
[BFGS] batch=  81  call=  3794  total=1.113e-04  PDE=1.382e-04 [colloc=1.218e-04, cfd=1.646e-05]  WALL=1.111e-17  DATA=1.133e-01
Invoked: SSBroyden1 approach!
[BFGS] batch=  81  call=  3795  total=1.110e-04  PDE=1.378e-04 [colloc=1.213e-04, cfd=1.648e-05]  WALL=1.110e-17  DATA=1.133e-01
  [PT] w_u=23.3303 w_v=40.6543 gamma=0.400 (tau_u=4.286e-02 tau_v=2.460e-02 |Du|=6.26e-03 |DRu|=5.87e-02)
[BFGS-END] batch=  81  last_total=1.114e-04  last_PDE=1.377e-04 [colloc=1.212e-04, cfd=1.648e-05]  last_WALL=1.110e-17  last_DATA=1.133e-01
/oscar/home/jchen790/cylinder flow lab/src/cfp40.py:1430: OptimizeWarning: Unknown solver options: hess, hessp, bounds, constraints, tol
  result = minimize(
Invoked: SSBroyden1 approach!
[BFGS] batch=  82  call=  3816  total=1.114e-04  PDE=1.380e-04 [colloc=1.204e-04, cfd=1.761e-05]  WALL=1.110e-17  DATA=1.133e-01
Invoked: SSBroyden1 approach!
[BFGS] batch=  82  call=  3817  total=1.114e-04  PDE=1.375e-04 [colloc=1.199e-04, cfd=1.759e-05]  WALL=1.108e-17  DATA=1.133e-01
Invoked: SSBroyden1 approach!
[BFGS] batch=  82  call=  3818  total=1.109e-04  PDE=1.372e-04 [colloc=1.197e-04, cfd=1.759e-05]  WALL=1.108e-17  DATA=1.133e-01
Invoked: SSBroyden1 approach!
[BFGS] batch=  82  call=  3820  total=1.108e-04  PDE=1.369e-04 [colloc=1.193e-04, cfd=1.760e-05]  WALL=1.108e-17  DATA=1.133e-01
Invoked: SSBroyden1 approach!
[BFGS] batch=  82  call=  3821  total=1.103e-04  PDE=1.368e-04 [colloc=1.192e-04, cfd=1.760e-05]  WALL=1.108e-17  DATA=1.133e-01
Invoked: SSBroyden1 approach!
[BFGS] batch=  82  call=  3830  total=1.103e-04  PDE=1.367e-04 [colloc=1.191e-04, cfd=1.760e-05]  WALL=1.110e-17  DATA=1.133e-01
  [PT] w_u=25.4512 w_v=42.0967 gamma=0.398 (tau_u=3.929e-02 tau_v=2.375e-02 |Du|=5.47e-03 |DRu|=4.08e-02)
[BFGS-END] batch=  82  last_total=1.103e-04  last_PDE=1.367e-04 [colloc=1.191e-04, cfd=1.760e-05]  last_WALL=1.110e-17  last_DATA=1.133e-01
/oscar/home/jchen790/cylinder flow lab/src/cfp40.py:1430: OptimizeWarning: Unknown solver options: hess, hessp, bounds, constraints, tol
  result = minimize(
Invoked: SSBroyden1 approach!
[BFGS] batch=  83  call=  3851  total=1.128e-04  PDE=1.403e-04 [colloc=1.230e-04, cfd=1.722e-05]  WALL=1.109e-17  DATA=1.133e-01
Invoked: SSBroyden1 approach!
[BFGS] batch=  83  call=  3853  total=1.125e-04  PDE=1.400e-04 [colloc=1.227e-04, cfd=1.726e-05]  WALL=1.109e-17  DATA=1.133e-01
Invoked: SSBroyden1 approach!
[BFGS] batch=  83  call=  3854  total=1.122e-04  PDE=1.395e-04 [colloc=1.223e-04, cfd=1.725e-05]  WALL=1.107e-17  DATA=1.133e-01
Invoked: SSBroyden1 approach!
[BFGS] batch=  83  call=  3863  total=1.119e-04  PDE=1.390e-04 [colloc=1.218e-04, cfd=1.724e-05]  WALL=1.105e-17  DATA=1.133e-01
Invoked: SSBroyden1 approach!
[BFGS] batch=  83  call=  3864  total=1.113e-04  PDE=1.383e-04 [colloc=1.210e-04, cfd=1.729e-05]  WALL=1.103e-17  DATA=1.133e-01
Invoked: SSBroyden1 approach!
[BFGS] batch=  83  call=  3865  total=1.106e-04  PDE=1.374e-04 [colloc=1.200e-04, cfd=1.735e-05]  WALL=1.099e-17  DATA=1.133e-01
Invoked: SSBroyden1 approach!
[BFGS] batch=  83  call=  3867  total=1.105e-04  PDE=1.369e-04 [colloc=1.196e-04, cfd=1.736e-05]  WALL=1.098e-17  DATA=1.133e-01
Invoked: SSBroyden1 approach!
[BFGS] batch=  83  call=  3868  total=1.102e-04  PDE=1.366e-04 [colloc=1.192e-04, cfd=1.738e-05]  WALL=1.098e-17  DATA=1.133e-01
Invoked: SSBroyden1 approach!
[BFGS] batch=  83  call=  3876  total=1.101e-04  PDE=1.363e-04 [colloc=1.189e-04, cfd=1.739e-05]  WALL=1.097e-17  DATA=1.133e-01
Invoked: SSBroyden1 approach!
[BFGS] batch=  83  call=  3885  total=1.097e-04  PDE=1.359e-04 [colloc=1.185e-04, cfd=1.740e-05]  WALL=1.097e-17  DATA=1.133e-01
Invoked: SSBroyden1 approach!
[BFGS] batch=  83  call=  3887  total=1.096e-04  PDE=1.356e-04 [colloc=1.182e-04, cfd=1.740e-05]  WALL=1.097e-17  DATA=1.133e-01
  [PT] w_u=28.1624 w_v=46.6301 gamma=0.408 (tau_u=3.551e-02 tau_v=2.145e-02 |Du|=1.10e-02 |DRu|=1.84e-01)
[BFGS-END] batch=  83  last_total=1.098e-04  last_PDE=1.355e-04 [colloc=1.181e-04, cfd=1.740e-05]  last_WALL=1.097e-17  last_DATA=1.133e-01
/oscar/home/jchen790/cylinder flow lab/src/cfp40.py:1430: OptimizeWarning: Unknown solver options: hess, hessp, bounds, constraints, tol
  result = minimize(
Invoked: SSBroyden1 approach!
[BFGS] batch=  84  call=  3908  total=1.202e-04  PDE=1.507e-04 [colloc=1.336e-04, cfd=1.707e-05]  WALL=1.097e-17  DATA=1.133e-01
  [PT] w_u=30.5123 w_v=51.1693 gamma=0.415 (tau_u=3.277e-02 tau_v=1.954e-02 |Du|=3.44e-03 |DRu|=2.45e-02)
[BFGS-END] batch=  84  last_total=1.201e-04  last_PDE=1.507e-04 [colloc=1.336e-04, cfd=1.707e-05]  last_WALL=1.097e-17  last_DATA=1.133e-01
/oscar/home/jchen790/cylinder flow lab/src/cfp40.py:1430: OptimizeWarning: Unknown solver options: hess, hessp, bounds, constraints, tol
  result = minimize(
Invoked: SSBroyden1 approach!
[BFGS] batch=  85  call=  3929  total=1.167e-04  PDE=1.456e-04 [colloc=1.270e-04, cfd=1.858e-05]  WALL=1.096e-17  DATA=1.133e-01
Invoked: SSBroyden1 approach!
[BFGS] batch=  85  call=  3931  total=1.158e-04  PDE=1.437e-04 [colloc=1.250e-04, cfd=1.866e-05]  WALL=1.095e-17  DATA=1.133e-01
Invoked: SSBroyden1 approach!
[BFGS] batch=  85  call=  3932  total=1.145e-04  PDE=1.419e-04 [colloc=1.231e-04, cfd=1.879e-05]  WALL=1.093e-17  DATA=1.133e-01
Invoked: SSBroyden1 approach!
[BFGS] batch=  85  call=  3933  total=1.143e-04  PDE=1.413e-04 [colloc=1.223e-04, cfd=1.904e-05]  WALL=1.091e-17  DATA=1.133e-01
Invoked: SSBroyden1 approach!
[BFGS] batch=  85  call=  3934  total=1.139e-04  PDE=1.409e-04 [colloc=1.218e-04, cfd=1.903e-05]  WALL=1.091e-17  DATA=1.133e-01
Invoked: SSBroyden1 approach!
[BFGS] batch=  85  call=  3935  total=1.135e-04  PDE=1.401e-04 [colloc=1.211e-04, cfd=1.898e-05]  WALL=1.090e-17  DATA=1.133e-01
Invoked: SSBroyden1 approach!
[BFGS] batch=  85  call=  3936  total=1.123e-04  PDE=1.392e-04 [colloc=1.202e-04, cfd=1.895e-05]  WALL=1.090e-17  DATA=1.133e-01
Invoked: SSBroyden1 approach!
[BFGS] batch=  85  call=  3937  total=1.117e-04  PDE=1.377e-04 [colloc=1.188e-04, cfd=1.894e-05]  WALL=1.089e-17  DATA=1.133e-01
Invoked: SSBroyden1 approach!
[BFGS] batch=  85  call=  3938  total=1.108e-04  PDE=1.366e-04 [colloc=1.176e-04, cfd=1.902e-05]  WALL=1.090e-17  DATA=1.133e-01
Invoked: SSBroyden1 approach!
[BFGS] batch=  85  call=  3939  total=1.103e-04  PDE=1.350e-04 [colloc=1.161e-04, cfd=1.895e-05]  WALL=1.090e-17  DATA=1.133e-01
Invoked: SSBroyden1 approach!
[BFGS] batch=  85  call=  3940  total=1.095e-04  PDE=1.340e-04 [colloc=1.151e-04, cfd=1.894e-05]  WALL=1.090e-17  DATA=1.133e-01
Invoked: SSBroyden1 approach!
[BFGS] batch=  85  call=  3941  total=1.094e-04  PDE=1.337e-04 [colloc=1.148e-04, cfd=1.891e-05]  WALL=1.094e-17  DATA=1.133e-01
Invoked: SSBroyden1 approach!
[BFGS] batch=  85  call=  3949  total=1.094e-04  PDE=1.334e-04 [colloc=1.145e-04, cfd=1.888e-05]  WALL=1.095e-17  DATA=1.133e-01
Invoked: SSBroyden1 approach!
[BFGS] batch=  85  call=  3951  total=1.089e-04  PDE=1.330e-04 [colloc=1.142e-04, cfd=1.883e-05]  WALL=1.094e-17  DATA=1.133e-01
Invoked: SSBroyden1 approach!
[BFGS] batch=  85  call=  3952  total=1.084e-04  PDE=1.324e-04 [colloc=1.138e-04, cfd=1.865e-05]  WALL=1.094e-17  DATA=1.133e-01
Invoked: SSBroyden1 approach!
[BFGS] batch=  85  call=  3955  total=1.081e-04  PDE=1.323e-04 [colloc=1.137e-04, cfd=1.864e-05]  WALL=1.094e-17  DATA=1.133e-01
Invoked: SSBroyden1 approach!
[BFGS] batch=  85  call=  3962  total=1.077e-04  PDE=1.319e-04 [colloc=1.134e-04, cfd=1.856e-05]  WALL=1.097e-17  DATA=1.133e-01
Invoked: SSBroyden1 approach!
[BFGS] batch=  85  call=  3963  total=1.076e-04  PDE=1.318e-04 [colloc=1.132e-04, cfd=1.855e-05]  WALL=1.097e-17  DATA=1.133e-01
  [PT] w_u=31.7477 w_v=55.7852 gamma=0.411 (tau_u=3.150e-02 tau_v=1.793e-02 |Du|=1.44e-02 |DRu|=6.54e-02)
[BFGS] batch 85: H0 not PD — resetting to identity.
[BFGS-END] batch=  85  last_total=1.079e-04  last_PDE=1.318e-04 [colloc=1.133e-04, cfd=1.855e-05]  last_WALL=1.097e-17  last_DATA=1.133e-01
/oscar/home/jchen790/cylinder flow lab/src/cfp40.py:1430: OptimizeWarning: Unknown solver options: hess, hessp, bounds, constraints, tol
  result = minimize(
Invoked: SSBroyden1 approach!
[BFGS] batch=  86  call=  3983  total=1.145e-04  PDE=1.423e-04 [colloc=1.240e-04, cfd=1.830e-05]  WALL=1.096e-17  DATA=1.133e-01
Invoked: SSBroyden1 approach!
[BFGS] batch=  86  call=  3985  total=1.139e-04  PDE=1.406e-04 [colloc=1.223e-04, cfd=1.830e-05]  WALL=1.098e-17  DATA=1.133e-01
Invoked: SSBroyden1 approach!
[BFGS] batch=  86  call=  3987  total=1.136e-04  PDE=1.402e-04 [colloc=1.219e-04, cfd=1.830e-05]  WALL=1.098e-17  DATA=1.133e-01
Invoked: SSBroyden1 approach!
[BFGS] batch=  86  call=  3988  total=1.132e-04  PDE=1.398e-04 [colloc=1.215e-04, cfd=1.830e-05]  WALL=1.097e-17  DATA=1.133e-01
Invoked: SSBroyden1 approach!
[BFGS] batch=  86  call=  3990  total=1.129e-04  PDE=1.396e-04 [colloc=1.213e-04, cfd=1.830e-05]  WALL=1.097e-17  DATA=1.133e-01
Invoked: SSBroyden1 approach!
[BFGS] batch=  86  call=  3991  total=1.128e-04  PDE=1.389e-04 [colloc=1.206e-04, cfd=1.830e-05]  WALL=1.099e-17  DATA=1.133e-01
Invoked: SSBroyden1 approach!
[BFGS] batch=  86  call=  3992  total=1.128e-04  PDE=1.387e-04 [colloc=1.204e-04, cfd=1.830e-05]  WALL=1.099e-17  DATA=1.133e-01
Invoked: SSBroyden1 approach!
[BFGS] batch=  86  call=  3993  total=1.126e-04  PDE=1.386e-04 [colloc=1.203e-04, cfd=1.830e-05]  WALL=1.099e-17  DATA=1.133e-01
Invoked: SSBroyden1 approach!
[BFGS] batch=  86  call=  3994  total=1.123e-04  PDE=1.383e-04 [colloc=1.200e-04, cfd=1.830e-05]  WALL=1.099e-17  DATA=1.133e-01
Invoked: SSBroyden1 approach!
[BFGS] batch=  86  call=  3996  total=1.115e-04  PDE=1.381e-04 [colloc=1.198e-04, cfd=1.830e-05]  WALL=1.098e-17  DATA=1.133e-01
  [PT] w_u=32.5230 w_v=52.6535 gamma=0.411 (tau_u=3.075e-02 tau_v=1.899e-02 |Du|=7.60e-03 |DRu|=3.14e-02)
[BFGS-END] batch=  86  last_total=1.120e-04  last_PDE=1.381e-04 [colloc=1.198e-04, cfd=1.830e-05]  last_WALL=1.098e-17  last_DATA=1.133e-01
/oscar/home/jchen790/cylinder flow lab/src/cfp40.py:1430: OptimizeWarning: Unknown solver options: hess, hessp, bounds, constraints, tol
  result = minimize(
Invoked: SSBroyden1 approach!
[BFGS] batch=  87  call=  4032  total=1.176e-04  PDE=1.465e-04 [colloc=1.296e-04, cfd=1.690e-05]  WALL=1.098e-17  DATA=1.133e-01
Invoked: SSBroyden1 approach!
[BFGS] batch=  87  call=  4033  total=1.176e-04  PDE=1.462e-04 [colloc=1.293e-04, cfd=1.690e-05]  WALL=1.097e-17  DATA=1.133e-01
  [PT] w_u=33.5840 w_v=55.1152 gamma=0.409 (tau_u=2.978e-02 tau_v=1.814e-02 |Du|=1.93e-03 |DRu|=8.50e-03)
[BFGS-END] batch=  87  last_total=1.175e-04  last_PDE=1.462e-04 [colloc=1.293e-04, cfd=1.690e-05]  last_WALL=1.097e-17  last_DATA=1.133e-01
/oscar/home/jchen790/cylinder flow lab/src/cfp40.py:1430: OptimizeWarning: Unknown solver options: hess, hessp, bounds, constraints, tol
  result = minimize(
Invoked: SSBroyden1 approach!
[BFGS] batch=  88  call=  4053  total=1.206e-04  PDE=1.512e-04 [colloc=1.334e-04, cfd=1.782e-05]  WALL=1.097e-17  DATA=1.133e-01
  [PT] w_u=20.2488 w_v=49.0029 gamma=0.413 (tau_u=4.939e-02 tau_v=2.041e-02 |Du|=2.11e-03 |DRu|=2.85e-03)
[BFGS-END] batch=  88  last_total=1.208e-04  last_PDE=1.512e-04 [colloc=1.334e-04, cfd=1.782e-05]  last_WALL=1.097e-17  last_DATA=1.133e-01
/oscar/home/jchen790/cylinder flow lab/src/cfp40.py:1430: OptimizeWarning: Unknown solver options: hess, hessp, bounds, constraints, tol
  result = minimize(
  [PT] w_u=22.2568 w_v=53.3758 gamma=0.412 (tau_u=4.493e-02 tau_v=1.874e-02 |Du|=3.27e-04 |DRu|=3.02e-03)
[BFGS-END] batch=  89  last_total=1.208e-04  last_PDE=1.506e-04 [colloc=1.329e-04, cfd=1.772e-05]  last_WALL=1.097e-17  last_DATA=1.133e-01
/oscar/home/jchen790/cylinder flow lab/src/cfp40.py:1430: OptimizeWarning: Unknown solver options: hess, hessp, bounds, constraints, tol
  result = minimize(
Invoked: SSBroyden1 approach!
[BFGS] batch=  90  call=  4095  total=1.181e-04  PDE=1.465e-04 [colloc=1.290e-04, cfd=1.747e-05]  WALL=1.098e-17  DATA=1.133e-01
Invoked: SSBroyden1 approach!
[BFGS] batch=  90  call=  4096  total=1.172e-04  PDE=1.460e-04 [colloc=1.285e-04, cfd=1.750e-05]  WALL=1.099e-17  DATA=1.133e-01
Invoked: SSBroyden1 approach!
[BFGS] batch=  90  call=  4097  total=1.171e-04  PDE=1.453e-04 [colloc=1.276e-04, cfd=1.767e-05]  WALL=1.102e-17  DATA=1.133e-01
Invoked: SSBroyden1 approach!
[BFGS] batch=  90  call=  4098  total=1.165e-04  PDE=1.449e-04 [colloc=1.272e-04, cfd=1.769e-05]  WALL=1.102e-17  DATA=1.133e-01
Invoked: SSBroyden1 approach!
[BFGS] batch=  90  call=  4100  total=1.162e-04  PDE=1.445e-04 [colloc=1.268e-04, cfd=1.765e-05]  WALL=1.103e-17  DATA=1.133e-01
Invoked: SSBroyden1 approach!
[BFGS] batch=  90  call=  4101  total=1.158e-04  PDE=1.438e-04 [colloc=1.262e-04, cfd=1.756e-05]  WALL=1.105e-17  DATA=1.133e-01
Invoked: SSBroyden1 approach!
[BFGS] batch=  90  call=  4103  total=1.158e-04  PDE=1.435e-04 [colloc=1.260e-04, cfd=1.754e-05]  WALL=1.105e-17  DATA=1.133e-01
  [PT] w_u=24.6587 w_v=59.2002 gamma=0.402 (tau_u=4.055e-02 tau_v=1.689e-02 |Du|=1.25e-02 |DRu|=2.32e-01)
[PT] batch=  90  w=4.1929e+01
[BFGS-END] batch=  90  last_total=1.160e-04  last_PDE=1.435e-04 [colloc=1.260e-04, cfd=1.754e-05]  last_WALL=1.105e-17  last_DATA=1.133e-01
/oscar/home/jchen790/cylinder flow lab/src/cfp40.py:1430: OptimizeWarning: Unknown solver options: hess, hessp, bounds, constraints, tol
  result = minimize(
Invoked: SSBroyden1 approach!
[BFGS] batch=  91  call=  4124  total=1.143e-04  PDE=1.414e-04 [colloc=1.235e-04, cfd=1.789e-05]  WALL=1.103e-17  DATA=1.133e-01
Invoked: SSBroyden1 approach!
[BFGS] batch=  91  call=  4126  total=1.138e-04  PDE=1.410e-04 [colloc=1.231e-04, cfd=1.790e-05]  WALL=1.103e-17  DATA=1.133e-01
Invoked: SSBroyden1 approach!
[BFGS] batch=  91  call=  4136  total=1.135e-04  PDE=1.408e-04 [colloc=1.229e-04, cfd=1.791e-05]  WALL=1.103e-17  DATA=1.133e-01
  [PT] w_u=27.3483 w_v=65.4958 gamma=0.403 (tau_u=3.657e-02 tau_v=1.527e-02 |Du|=3.64e-03 |DRu|=8.91e-02)
[BFGS-END] batch=  91  last_total=1.146e-04  last_PDE=1.408e-04 [colloc=1.229e-04, cfd=1.791e-05]  last_WALL=1.103e-17  last_DATA=1.133e-01
/oscar/home/jchen790/cylinder flow lab/src/cfp40.py:1430: OptimizeWarning: Unknown solver options: hess, hessp, bounds, constraints, tol
  result = minimize(
Invoked: SSBroyden1 approach!
[BFGS] batch=  92  call=  4157  total=1.146e-04  PDE=1.420e-04 [colloc=1.234e-04, cfd=1.865e-05]  WALL=1.102e-17  DATA=1.133e-01
  [PT] w_u=30.1290 w_v=71.4105 gamma=0.402 (tau_u=3.319e-02 tau_v=1.400e-02 |Du|=1.83e-03 |DRu|=2.18e-02)
[BFGS-END] batch=  92  last_total=1.150e-04  last_PDE=1.420e-04 [colloc=1.233e-04, cfd=1.865e-05]  last_WALL=1.102e-17  last_DATA=1.133e-01
/oscar/home/jchen790/cylinder flow lab/src/cfp40.py:1430: OptimizeWarning: Unknown solver options: hess, hessp, bounds, constraints, tol
  result = minimize(
Invoked: SSBroyden1 approach!
[BFGS] batch=  93  call=  4180  total=1.171e-04  PDE=1.455e-04 [colloc=1.281e-04, cfd=1.736e-05]  WALL=1.103e-17  DATA=1.133e-01
Invoked: SSBroyden1 approach!
[BFGS] batch=  93  call=  4181  total=1.168e-04  PDE=1.450e-04 [colloc=1.276e-04, cfd=1.736e-05]  WALL=1.103e-17  DATA=1.133e-01
Invoked: SSBroyden1 approach!
[BFGS] batch=  93  call=  4182  total=1.167e-04  PDE=1.442e-04 [colloc=1.268e-04, cfd=1.737e-05]  WALL=1.102e-17  DATA=1.133e-01
Invoked: SSBroyden1 approach!
[BFGS] batch=  93  call=  4184  total=1.158e-04  PDE=1.435e-04 [colloc=1.261e-04, cfd=1.740e-05]  WALL=1.101e-17  DATA=1.133e-01
Invoked: SSBroyden1 approach!
[BFGS] batch=  93  call=  4185  total=1.156e-04  PDE=1.428e-04 [colloc=1.253e-04, cfd=1.753e-05]  WALL=1.099e-17  DATA=1.133e-01
Invoked: SSBroyden1 approach!
[BFGS] batch=  93  call=  4186  total=1.155e-04  PDE=1.423e-04 [colloc=1.248e-04, cfd=1.755e-05]  WALL=1.099e-17  DATA=1.133e-01
Invoked: SSBroyden1 approach!
[BFGS] batch=  93  call=  4187  total=1.149e-04  PDE=1.420e-04 [colloc=1.244e-04, cfd=1.756e-05]  WALL=1.099e-17  DATA=1.133e-01
Invoked: SSBroyden1 approach!
[BFGS] batch=  93  call=  4188  total=1.143e-04  PDE=1.414e-04 [colloc=1.239e-04, cfd=1.756e-05]  WALL=1.101e-17  DATA=1.133e-01
Invoked: SSBroyden1 approach!
[BFGS] batch=  93  call=  4189  total=1.133e-04  PDE=1.402e-04 [colloc=1.227e-04, cfd=1.757e-05]  WALL=1.101e-17  DATA=1.133e-01
Invoked: SSBroyden1 approach!
[BFGS] batch=  93  call=  4190  total=1.131e-04  PDE=1.391e-04 [colloc=1.215e-04, cfd=1.762e-05]  WALL=1.101e-17  DATA=1.133e-01
Invoked: SSBroyden1 approach!
[BFGS] batch=  93  call=  4191  total=1.129e-04  PDE=1.385e-04 [colloc=1.209e-04, cfd=1.763e-05]  WALL=1.102e-17  DATA=1.133e-01
Invoked: SSBroyden1 approach!
[BFGS] batch=  93  call=  4192  total=1.126e-04  PDE=1.379e-04 [colloc=1.202e-04, cfd=1.766e-05]  WALL=1.103e-17  DATA=1.133e-01
Invoked: SSBroyden1 approach!
[BFGS] batch=  93  call=  4193  total=1.123e-04  PDE=1.373e-04 [colloc=1.196e-04, cfd=1.767e-05]  WALL=1.103e-17  DATA=1.133e-01
Invoked: SSBroyden1 approach!
[BFGS] batch=  93  call=  4194  total=1.116e-04  PDE=1.367e-04 [colloc=1.190e-04, cfd=1.764e-05]  WALL=1.104e-17  DATA=1.133e-01
Invoked: SSBroyden1 approach!
[BFGS] batch=  93  call=  4195  total=1.110e-04  PDE=1.359e-04 [colloc=1.183e-04, cfd=1.762e-05]  WALL=1.107e-17  DATA=1.133e-01
Invoked: SSBroyden1 approach!
[BFGS] batch=  93  call=  4196  total=1.108e-04  PDE=1.354e-04 [colloc=1.177e-04, cfd=1.766e-05]  WALL=1.107e-17  DATA=1.133e-01
Invoked: SSBroyden1 approach!
[BFGS] batch=  93  call=  4197  total=1.105e-04  PDE=1.350e-04 [colloc=1.174e-04, cfd=1.763e-05]  WALL=1.107e-17  DATA=1.133e-01
Invoked: SSBroyden1 approach!
[BFGS] batch=  93  call=  4199  total=1.098e-04  PDE=1.349e-04 [colloc=1.173e-04, cfd=1.762e-05]  WALL=1.107e-17  DATA=1.133e-01
  [PT] w_u=32.9365 w_v=78.6459 gamma=0.413 (tau_u=3.036e-02 tau_v=1.272e-02 |Du|=9.81e-03 |DRu|=9.01e-02)
[BFGS] batch 93: H0 not PD — resetting to identity.
[BFGS-END] batch=  93  last_total=1.101e-04  last_PDE=1.349e-04 [colloc=1.173e-04, cfd=1.762e-05]  last_WALL=1.107e-17  last_DATA=1.133e-01
/oscar/home/jchen790/cylinder flow lab/src/cfp40.py:1430: OptimizeWarning: Unknown solver options: hess, hessp, bounds, constraints, tol
  result = minimize(
Invoked: SSBroyden1 approach!
[BFGS] batch=  94  call=  4220  total=1.167e-04  PDE=1.442e-04 [colloc=1.259e-04, cfd=1.836e-05]  WALL=1.107e-17  DATA=1.133e-01
Invoked: SSBroyden1 approach!
[BFGS] batch=  94  call=  4221  total=1.164e-04  PDE=1.437e-04 [colloc=1.253e-04, cfd=1.836e-05]  WALL=1.112e-17  DATA=1.133e-01
Invoked: SSBroyden1 approach!
[BFGS] batch=  94  call=  4222  total=1.159e-04  PDE=1.433e-04 [colloc=1.249e-04, cfd=1.836e-05]  WALL=1.112e-17  DATA=1.133e-01
Invoked: SSBroyden1 approach!
[BFGS] batch=  94  call=  4223  total=1.156e-04  PDE=1.425e-04 [colloc=1.241e-04, cfd=1.836e-05]  WALL=1.111e-17  DATA=1.133e-01
Invoked: SSBroyden1 approach!
[BFGS] batch=  94  call=  4224  total=1.146e-04  PDE=1.419e-04 [colloc=1.235e-04, cfd=1.836e-05]  WALL=1.111e-17  DATA=1.133e-01
Invoked: SSBroyden1 approach!
[BFGS] batch=  94  call=  4226  total=1.145e-04  PDE=1.413e-04 [colloc=1.229e-04, cfd=1.836e-05]  WALL=1.113e-17  DATA=1.133e-01
Invoked: SSBroyden1 approach!
[BFGS] batch=  94  call=  4227  total=1.145e-04  PDE=1.411e-04 [colloc=1.227e-04, cfd=1.836e-05]  WALL=1.113e-17  DATA=1.133e-01
Invoked: SSBroyden1 approach!
[BFGS] batch=  94  call=  4228  total=1.142e-04  PDE=1.409e-04 [colloc=1.226e-04, cfd=1.836e-05]  WALL=1.113e-17  DATA=1.133e-01
Invoked: SSBroyden1 approach!
[BFGS] batch=  94  call=  4229  total=1.142e-04  PDE=1.404e-04 [colloc=1.221e-04, cfd=1.835e-05]  WALL=1.113e-17  DATA=1.133e-01
Invoked: SSBroyden1 approach!
[BFGS] batch=  94  call=  4230  total=1.141e-04  PDE=1.403e-04 [colloc=1.220e-04, cfd=1.835e-05]  WALL=1.112e-17  DATA=1.133e-01
Invoked: SSBroyden1 approach!
[BFGS] batch=  94  call=  4231  total=1.140e-04  PDE=1.401e-04 [colloc=1.217e-04, cfd=1.835e-05]  WALL=1.112e-17  DATA=1.133e-01
Invoked: SSBroyden1 approach!
[BFGS] batch=  94  call=  4232  total=1.137e-04  PDE=1.398e-04 [colloc=1.215e-04, cfd=1.835e-05]  WALL=1.112e-17  DATA=1.133e-01
Invoked: SSBroyden1 approach!
[BFGS] batch=  94  call=  4240  total=1.137e-04  PDE=1.397e-04 [colloc=1.214e-04, cfd=1.834e-05]  WALL=1.112e-17  DATA=1.133e-01
Invoked: SSBroyden1 approach!
[BFGS] batch=  94  call=  4246  total=1.132e-04  PDE=1.396e-04 [colloc=1.213e-04, cfd=1.834e-05]  WALL=1.112e-17  DATA=1.133e-01
  [PT] w_u=34.3331 w_v=69.3680 gamma=0.409 (tau_u=2.913e-02 tau_v=1.442e-02 |Du|=7.38e-03 |DRu|=3.52e-02)
[BFGS-END] batch=  94  last_total=1.136e-04  last_PDE=1.396e-04 [colloc=1.213e-04, cfd=1.834e-05]  last_WALL=1.112e-17  last_DATA=1.133e-01
/oscar/home/jchen790/cylinder flow lab/src/cfp40.py:1430: OptimizeWarning: Unknown solver options: hess, hessp, bounds, constraints, tol
  result = minimize(
Invoked: SSBroyden1 approach!
[BFGS] batch=  95  call=  4267  total=1.240e-04  PDE=1.551e-04 [colloc=1.372e-04, cfd=1.796e-05]  WALL=1.113e-17  DATA=1.133e-01
Invoked: SSBroyden1 approach!
[BFGS] batch=  95  call=  4278  total=1.237e-04  PDE=1.551e-04 [colloc=1.372e-04, cfd=1.795e-05]  WALL=1.113e-17  DATA=1.133e-01
Invoked: SSBroyden1 approach!
[BFGS] batch=  95  call=  4279  total=1.236e-04  PDE=1.549e-04 [colloc=1.370e-04, cfd=1.796e-05]  WALL=1.113e-17  DATA=1.133e-01
Invoked: SSBroyden1 approach!
[BFGS] batch=  95  call=  4288  total=1.235e-04  PDE=1.547e-04 [colloc=1.367e-04, cfd=1.797e-05]  WALL=1.114e-17  DATA=1.133e-01
Invoked: SSBroyden1 approach!
[BFGS] batch=  95  call=  4299  total=1.233e-04  PDE=1.546e-04 [colloc=1.366e-04, cfd=1.797e-05]  WALL=1.114e-17  DATA=1.133e-01
  [PT] w_u=34.8902 w_v=73.4326 gamma=0.417 (tau_u=2.866e-02 tau_v=1.362e-02 |Du|=4.56e-03 |DRu|=1.88e-02)
[BFGS-END] batch=  95  last_total=1.235e-04  last_PDE=1.546e-04 [colloc=1.366e-04, cfd=1.797e-05]  last_WALL=1.114e-17  last_DATA=1.133e-01
/oscar/home/jchen790/cylinder flow lab/src/cfp40.py:1430: OptimizeWarning: Unknown solver options: hess, hessp, bounds, constraints, tol
  result = minimize(
Invoked: SSBroyden1 approach!
[BFGS] batch=  96  call=  4320  total=1.191e-04  PDE=1.477e-04 [colloc=1.293e-04, cfd=1.844e-05]  WALL=1.114e-17  DATA=1.133e-01
Invoked: SSBroyden1 approach!
[BFGS] batch=  96  call=  4321  total=1.188e-04  PDE=1.476e-04 [colloc=1.291e-04, cfd=1.844e-05]  WALL=1.113e-17  DATA=1.133e-01
Invoked: SSBroyden1 approach!
[BFGS] batch=  96  call=  4330  total=1.187e-04  PDE=1.474e-04 [colloc=1.290e-04, cfd=1.846e-05]  WALL=1.112e-17  DATA=1.133e-01
Invoked: SSBroyden1 approach!
[BFGS] batch=  96  call=  4338  total=1.185e-04  PDE=1.472e-04 [colloc=1.288e-04, cfd=1.846e-05]  WALL=1.112e-17  DATA=1.133e-01
Invoked: SSBroyden1 approach!
[BFGS] batch=  96  call=  4339  total=1.183e-04  PDE=1.467e-04 [colloc=1.283e-04, cfd=1.846e-05]  WALL=1.112e-17  DATA=1.133e-01
Invoked: SSBroyden1 approach!
[BFGS] batch=  96  call=  4340  total=1.182e-04  PDE=1.463e-04 [colloc=1.279e-04, cfd=1.847e-05]  WALL=1.111e-17  DATA=1.133e-01
Invoked: SSBroyden1 approach!
[BFGS] batch=  96  call=  4341  total=1.179e-04  PDE=1.458e-04 [colloc=1.273e-04, cfd=1.846e-05]  WALL=1.111e-17  DATA=1.133e-01
Invoked: SSBroyden1 approach!
[BFGS] batch=  96  call=  4342  total=1.176e-04  PDE=1.451e-04 [colloc=1.266e-04, cfd=1.846e-05]  WALL=1.111e-17  DATA=1.133e-01
Invoked: SSBroyden1 approach!
[BFGS] batch=  96  call=  4343  total=1.166e-04  PDE=1.443e-04 [colloc=1.259e-04, cfd=1.846e-05]  WALL=1.111e-17  DATA=1.133e-01
Invoked: SSBroyden1 approach!
[BFGS] batch=  96  call=  4353  total=1.165e-04  PDE=1.435e-04 [colloc=1.251e-04, cfd=1.846e-05]  WALL=1.112e-17  DATA=1.133e-01
Invoked: SSBroyden1 approach!
[BFGS] batch=  96  call=  4355  total=1.158e-04  PDE=1.425e-04 [colloc=1.241e-04, cfd=1.847e-05]  WALL=1.112e-17  DATA=1.133e-01
Invoked: SSBroyden1 approach!
[BFGS] batch=  96  call=  4356  total=1.148e-04  PDE=1.411e-04 [colloc=1.227e-04, cfd=1.849e-05]  WALL=1.113e-17  DATA=1.133e-01
Invoked: SSBroyden1 approach!
[BFGS] batch=  96  call=  4357  total=1.142e-04  PDE=1.403e-04 [colloc=1.218e-04, cfd=1.851e-05]  WALL=1.113e-17  DATA=1.133e-01
Invoked: SSBroyden1 approach!
[BFGS] batch=  96  call=  4358  total=1.135e-04  PDE=1.391e-04 [colloc=1.206e-04, cfd=1.850e-05]  WALL=1.112e-17  DATA=1.133e-01
Invoked: SSBroyden1 approach!
[BFGS] batch=  96  call=  4359  total=1.126e-04  PDE=1.376e-04 [colloc=1.191e-04, cfd=1.849e-05]  WALL=1.112e-17  DATA=1.133e-01
Invoked: SSBroyden1 approach!
[BFGS] batch=  96  call=  4360  total=1.123e-04  PDE=1.363e-04 [colloc=1.177e-04, cfd=1.852e-05]  WALL=1.114e-17  DATA=1.133e-01
Invoked: SSBroyden1 approach!
[BFGS] batch=  96  call=  4361  total=1.107e-04  PDE=1.356e-04 [colloc=1.171e-04, cfd=1.852e-05]  WALL=1.114e-17  DATA=1.133e-01
Invoked: SSBroyden1 approach!
[BFGS] batch=  96  call=  4363  total=1.107e-04  PDE=1.347e-04 [colloc=1.162e-04, cfd=1.851e-05]  WALL=1.115e-17  DATA=1.133e-01
Invoked: SSBroyden1 approach!
[BFGS] batch=  96  call=  4373  total=1.104e-04  PDE=1.345e-04 [colloc=1.160e-04, cfd=1.851e-05]  WALL=1.115e-17  DATA=1.133e-01
Invoked: SSBroyden1 approach!
[BFGS] batch=  96  call=  4374  total=1.103e-04  PDE=1.340e-04 [colloc=1.155e-04, cfd=1.848e-05]  WALL=1.116e-17  DATA=1.133e-01
Invoked: SSBroyden1 approach!
[BFGS] batch=  96  call=  4375  total=1.099e-04  PDE=1.336e-04 [colloc=1.151e-04, cfd=1.847e-05]  WALL=1.116e-17  DATA=1.133e-01
Invoked: SSBroyden1 approach!
[BFGS] batch=  96  call=  4376  total=1.096e-04  PDE=1.329e-04 [colloc=1.144e-04, cfd=1.842e-05]  WALL=1.116e-17  DATA=1.133e-01
Invoked: SSBroyden1 approach!
[BFGS] batch=  96  call=  4377  total=1.091e-04  PDE=1.323e-04 [colloc=1.139e-04, cfd=1.839e-05]  WALL=1.115e-17  DATA=1.133e-01
Invoked: SSBroyden1 approach!
[BFGS] batch=  96  call=  4379  total=1.090e-04  PDE=1.319e-04 [colloc=1.136e-04, cfd=1.837e-05]  WALL=1.115e-17  DATA=1.133e-01
Invoked: SSBroyden1 approach!
[BFGS] batch=  96  call=  4385  total=1.082e-04  PDE=1.319e-04 [colloc=1.135e-04, cfd=1.835e-05]  WALL=1.115e-17  DATA=1.133e-01
  [PT] w_u=38.3668 w_v=81.0064 gamma=0.405 (tau_u=2.606e-02 tau_v=1.234e-02 |Du|=9.30e-03 |DRu|=1.14e-01)
[BFGS] batch 96: H0 not PD — resetting to identity.
[BFGS-END] batch=  96  last_total=1.090e-04  last_PDE=1.319e-04 [colloc=1.135e-04, cfd=1.835e-05]  last_WALL=1.115e-17  last_DATA=1.133e-01
/oscar/home/jchen790/cylinder flow lab/src/cfp40.py:1430: OptimizeWarning: Unknown solver options: hess, hessp, bounds, constraints, tol
  result = minimize(
Invoked: SSBroyden1 approach!
[BFGS] batch=  97  call=  4407  total=1.201e-04  PDE=1.488e-04 [colloc=1.306e-04, cfd=1.823e-05]  WALL=1.116e-17  DATA=1.133e-01
Invoked: SSBroyden1 approach!
[BFGS] batch=  97  call=  4408  total=1.187e-04  PDE=1.471e-04 [colloc=1.289e-04, cfd=1.823e-05]  WALL=1.119e-17  DATA=1.133e-01
  [PT] w_u=38.2129 w_v=62.3464 gamma=0.412 (tau_u=2.617e-02 tau_v=1.604e-02 |Du|=2.75e-03 |DRu|=1.07e-02)
[BFGS-END] batch=  97  last_total=1.194e-04  last_PDE=1.471e-04 [colloc=1.289e-04, cfd=1.823e-05]  last_WALL=1.119e-17  last_DATA=1.133e-01
/oscar/home/jchen790/cylinder flow lab/src/cfp40.py:1430: OptimizeWarning: Unknown solver options: hess, hessp, bounds, constraints, tol
  result = minimize(
Invoked: SSBroyden1 approach!
[BFGS] batch=  98  call=  4430  total=1.225e-04  PDE=1.517e-04 [colloc=1.338e-04, cfd=1.790e-05]  WALL=1.119e-17  DATA=1.133e-01
Invoked: SSBroyden1 approach!
[BFGS] batch=  98  call=  4431  total=1.217e-04  PDE=1.514e-04 [colloc=1.335e-04, cfd=1.790e-05]  WALL=1.119e-17  DATA=1.133e-01
Invoked: SSBroyden1 approach!
[BFGS] batch=  98  call=  4433  total=1.215e-04  PDE=1.509e-04 [colloc=1.330e-04, cfd=1.790e-05]  WALL=1.119e-17  DATA=1.133e-01
Invoked: SSBroyden1 approach!
[BFGS] batch=  98  call=  4434  total=1.210e-04  PDE=1.503e-04 [colloc=1.324e-04, cfd=1.790e-05]  WALL=1.121e-17  DATA=1.133e-01
Invoked: SSBroyden1 approach!
[BFGS] batch=  98  call=  4435  total=1.209e-04  PDE=1.497e-04 [colloc=1.318e-04, cfd=1.791e-05]  WALL=1.120e-17  DATA=1.133e-01
Invoked: SSBroyden1 approach!
[BFGS] batch=  98  call=  4436  total=1.208e-04  PDE=1.496e-04 [colloc=1.317e-04, cfd=1.791e-05]  WALL=1.120e-17  DATA=1.133e-01
Invoked: SSBroyden1 approach!
[BFGS] batch=  98  call=  4437  total=1.208e-04  PDE=1.494e-04 [colloc=1.315e-04, cfd=1.791e-05]  WALL=1.120e-17  DATA=1.133e-01
Invoked: SSBroyden1 approach!
[BFGS] batch=  98  call=  4447  total=1.204e-04  PDE=1.492e-04 [colloc=1.313e-04, cfd=1.791e-05]  WALL=1.120e-17  DATA=1.133e-01
Invoked: SSBroyden1 approach!
[BFGS] batch=  98  call=  4449  total=1.203e-04  PDE=1.490e-04 [colloc=1.311e-04, cfd=1.791e-05]  WALL=1.119e-17  DATA=1.133e-01
Invoked: SSBroyden1 approach!
[BFGS] batch=  98  call=  4450  total=1.198e-04  PDE=1.488e-04 [colloc=1.309e-04, cfd=1.791e-05]  WALL=1.119e-17  DATA=1.133e-01
Invoked: SSBroyden1 approach!
[BFGS] batch=  98  call=  4459  total=1.197e-04  PDE=1.484e-04 [colloc=1.305e-04, cfd=1.792e-05]  WALL=1.119e-17  DATA=1.133e-01
  [PT] w_u=36.1076 w_v=60.5808 gamma=0.414 (tau_u=2.769e-02 tau_v=1.651e-02 |Du|=4.75e-03 |DRu|=1.50e-02)
[BFGS-END] batch=  98  last_total=1.197e-04  last_PDE=1.484e-04 [colloc=1.305e-04, cfd=1.792e-05]  last_WALL=1.119e-17  last_DATA=1.133e-01
/oscar/home/jchen790/cylinder flow lab/src/cfp40.py:1430: OptimizeWarning: Unknown solver options: hess, hessp, bounds, constraints, tol
  result = minimize(
  [PT] w_u=28.9993 w_v=48.3439 gamma=0.410 (tau_u=3.448e-02 tau_v=2.069e-02 |Du|=1.85e-04 |DRu|=3.71e-04)
[BFGS-END] batch=  99  last_total=1.203e-04  last_PDE=1.485e-04 [colloc=1.310e-04, cfd=1.751e-05]  last_WALL=1.119e-17  last_DATA=1.133e-01
/oscar/home/jchen790/cylinder flow lab/src/cfp40.py:1430: OptimizeWarning: Unknown solver options: hess, hessp, bounds, constraints, tol
  result = minimize(
Invoked: SSBroyden1 approach!
[BFGS] batch= 100  call=  4517  total=1.158e-04  PDE=1.428e-04 [colloc=1.253e-04, cfd=1.755e-05]  WALL=1.118e-17  DATA=1.133e-01
Invoked: SSBroyden1 approach!
[BFGS] batch= 100  call=  4525  total=1.158e-04  PDE=1.427e-04 [colloc=1.252e-04, cfd=1.756e-05]  WALL=1.118e-17  DATA=1.133e-01
  [PT] w_u=31.4899 w_v=52.6049 gamma=0.404 (tau_u=3.176e-02 tau_v=1.901e-02 |Du|=1.32e-03 |DRu|=9.88e-03)
[PT] batch= 100  w=4.2047e+01
[BFGS-END] batch= 100  last_total=1.160e-04  last_PDE=1.427e-04 [colloc=1.252e-04, cfd=1.756e-05]  last_WALL=1.118e-17  last_DATA=1.133e-01
/oscar/home/jchen790/cylinder flow lab/src/cfp40.py:1430: OptimizeWarning: Unknown solver options: hess, hessp, bounds, constraints, tol
  result = minimize(
Invoked: SSBroyden1 approach!
[BFGS] batch= 101  call=  4545  total=1.158e-04  PDE=1.423e-04 [colloc=1.237e-04, cfd=1.862e-05]  WALL=1.118e-17  DATA=1.133e-01
Invoked: SSBroyden1 approach!
[BFGS] batch= 101  call=  4547  total=1.153e-04  PDE=1.421e-04 [colloc=1.234e-04, cfd=1.863e-05]  WALL=1.119e-17  DATA=1.133e-01
  [PT] w_u=28.6488 w_v=55.1087 gamma=0.402 (tau_u=3.491e-02 tau_v=1.815e-02 |Du|=3.16e-03 |DRu|=7.98e-03)
[BFGS-END] batch= 101  last_total=1.154e-04  last_PDE=1.421e-04 [colloc=1.234e-04, cfd=1.863e-05]  last_WALL=1.119e-17  last_DATA=1.133e-01
/oscar/home/jchen790/cylinder flow lab/src/cfp40.py:1430: OptimizeWarning: Unknown solver options: hess, hessp, bounds, constraints, tol
  result = minimize(
Invoked: SSBroyden1 approach!
[BFGS] batch= 102  call=  4570  total=1.220e-04  PDE=1.520e-04 [colloc=1.344e-04, cfd=1.763e-05]  WALL=1.119e-17  DATA=1.133e-01
  [PT] w_u=28.0991 w_v=55.5038 gamma=0.414 (tau_u=3.559e-02 tau_v=1.802e-02 |Du|=2.00e-03 |DRu|=6.29e-03)
[BFGS-END] batch= 102  last_total=1.220e-04  last_PDE=1.520e-04 [colloc=1.344e-04, cfd=1.763e-05]  last_WALL=1.119e-17  last_DATA=1.133e-01
/oscar/home/jchen790/cylinder flow lab/src/cfp40.py:1430: OptimizeWarning: Unknown solver options: hess, hessp, bounds, constraints, tol
  result = minimize(
Invoked: SSBroyden1 approach!
[BFGS] batch= 103  call=  4591  total=1.191e-04  PDE=1.477e-04 [colloc=1.295e-04, cfd=1.822e-05]  WALL=1.121e-17  DATA=1.133e-01
Invoked: SSBroyden1 approach!
[BFGS] batch= 103  call=  4602  total=1.190e-04  PDE=1.477e-04 [colloc=1.294e-04, cfd=1.822e-05]  WALL=1.121e-17  DATA=1.133e-01
  [PT] w_u=24.1120 w_v=49.2182 gamma=0.409 (tau_u=4.147e-02 tau_v=2.032e-02 |Du|=2.24e-03 |DRu|=4.67e-03)
[BFGS-END] batch= 103  last_total=1.196e-04  last_PDE=1.477e-04 [colloc=1.294e-04, cfd=1.822e-05]  last_WALL=1.121e-17  last_DATA=1.133e-01
/oscar/home/jchen790/cylinder flow lab/src/cfp40.py:1430: OptimizeWarning: Unknown solver options: hess, hessp, bounds, constraints, tol
  result = minimize(
Invoked: SSBroyden1 approach!
[BFGS] batch= 104  call=  4622  total=1.235e-04  PDE=1.537e-04 [colloc=1.364e-04, cfd=1.737e-05]  WALL=1.121e-17  DATA=1.133e-01
Invoked: SSBroyden1 approach!
[BFGS] batch= 104  call=  4623  total=1.231e-04  PDE=1.533e-04 [colloc=1.359e-04, cfd=1.741e-05]  WALL=1.123e-17  DATA=1.133e-01
Invoked: SSBroyden1 approach!
[BFGS] batch= 104  call=  4631  total=1.228e-04  PDE=1.528e-04 [colloc=1.354e-04, cfd=1.745e-05]  WALL=1.121e-17  DATA=1.133e-01
Invoked: SSBroyden1 approach!
[BFGS] batch= 104  call=  4632  total=1.219e-04  PDE=1.521e-04 [colloc=1.346e-04, cfd=1.751e-05]  WALL=1.121e-17  DATA=1.133e-01
  [PT] w_u=26.6945 w_v=54.5808 gamma=0.416 (tau_u=3.746e-02 tau_v=1.832e-02 |Du|=7.08e-03 |DRu|=1.24e-01)
[BFGS-END] batch= 104  last_total=1.227e-04  last_PDE=1.521e-04 [colloc=1.346e-04, cfd=1.751e-05]  last_WALL=1.121e-17  last_DATA=1.133e-01
/oscar/home/jchen790/cylinder flow lab/src/cfp40.py:1430: OptimizeWarning: Unknown solver options: hess, hessp, bounds, constraints, tol
  result = minimize(
Invoked: SSBroyden1 approach!
[BFGS] batch= 105  call=  4653  total=1.182e-04  PDE=1.461e-04 [colloc=1.286e-04, cfd=1.742e-05]  WALL=1.120e-17  DATA=1.133e-01
Invoked: SSBroyden1 approach!
[BFGS] batch= 105  call=  4655  total=1.181e-04  PDE=1.458e-04 [colloc=1.284e-04, cfd=1.740e-05]  WALL=1.120e-17  DATA=1.133e-01
Invoked: SSBroyden1 approach!
[BFGS] batch= 105  call=  4656  total=1.175e-04  PDE=1.454e-04 [colloc=1.280e-04, cfd=1.738e-05]  WALL=1.119e-17  DATA=1.133e-01
Invoked: SSBroyden1 approach!
[BFGS] batch= 105  call=  4664  total=1.172e-04  PDE=1.449e-04 [colloc=1.275e-04, cfd=1.736e-05]  WALL=1.118e-17  DATA=1.133e-01
  [PT] w_u=29.6388 w_v=60.6002 gamma=0.408 (tau_u=3.374e-02 tau_v=1.650e-02 |Du|=4.05e-03 |DRu|=1.64e-01)
[BFGS-END] batch= 105  last_total=1.176e-04  last_PDE=1.449e-04 [colloc=1.275e-04, cfd=1.736e-05]  last_WALL=1.118e-17  last_DATA=1.133e-01
/oscar/home/jchen790/cylinder flow lab/src/cfp40.py:1430: OptimizeWarning: Unknown solver options: hess, hessp, bounds, constraints, tol
  result = minimize(
Invoked: SSBroyden1 approach!
[BFGS] batch= 106  call=  4685  total=1.184e-04  PDE=1.459e-04 [colloc=1.275e-04, cfd=1.837e-05]  WALL=1.119e-17  DATA=1.133e-01
Invoked: SSBroyden1 approach!
[BFGS] batch= 106  call=  4687  total=1.184e-04  PDE=1.455e-04 [colloc=1.271e-04, cfd=1.837e-05]  WALL=1.118e-17  DATA=1.133e-01
  [PT] w_u=32.7367 w_v=67.0070 gamma=0.406 (tau_u=3.055e-02 tau_v=1.492e-02 |Du|=2.50e-03 |DRu|=3.74e-02)
[BFGS-END] batch= 106  last_total=1.187e-04  last_PDE=1.455e-04 [colloc=1.271e-04, cfd=1.837e-05]  last_WALL=1.118e-17  last_DATA=1.133e-01
/oscar/home/jchen790/cylinder flow lab/src/cfp40.py:1430: OptimizeWarning: Unknown solver options: hess, hessp, bounds, constraints, tol
  result = minimize(
Invoked: SSBroyden1 approach!
[BFGS] batch= 107  call=  4710  total=1.217e-04  PDE=1.506e-04 [colloc=1.325e-04, cfd=1.807e-05]  WALL=1.118e-17  DATA=1.133e-01
Invoked: SSBroyden1 approach!
[BFGS] batch= 107  call=  4711  total=1.215e-04  PDE=1.504e-04 [colloc=1.323e-04, cfd=1.807e-05]  WALL=1.118e-17  DATA=1.133e-01
Invoked: SSBroyden1 approach!
[BFGS] batch= 107  call=  4712  total=1.213e-04  PDE=1.499e-04 [colloc=1.318e-04, cfd=1.808e-05]  WALL=1.118e-17  DATA=1.133e-01
Invoked: SSBroyden1 approach!
[BFGS] batch= 107  call=  4713  total=1.210e-04  PDE=1.494e-04 [colloc=1.313e-04, cfd=1.809e-05]  WALL=1.118e-17  DATA=1.133e-01
Invoked: SSBroyden1 approach!
[BFGS] batch= 107  call=  4714  total=1.207e-04  PDE=1.487e-04 [colloc=1.306e-04, cfd=1.810e-05]  WALL=1.118e-17  DATA=1.133e-01
Invoked: SSBroyden1 approach!
[BFGS] batch= 107  call=  4715  total=1.202e-04  PDE=1.479e-04 [colloc=1.298e-04, cfd=1.811e-05]  WALL=1.118e-17  DATA=1.133e-01
Invoked: SSBroyden1 approach!
[BFGS] batch= 107  call=  4716  total=1.192e-04  PDE=1.467e-04 [colloc=1.286e-04, cfd=1.813e-05]  WALL=1.119e-17  DATA=1.133e-01
Invoked: SSBroyden1 approach!
[BFGS] batch= 107  call=  4717  total=1.186e-04  PDE=1.454e-04 [colloc=1.271e-04, cfd=1.822e-05]  WALL=1.118e-17  DATA=1.133e-01
Invoked: SSBroyden1 approach!
[BFGS] batch= 107  call=  4718  total=1.175e-04  PDE=1.440e-04 [colloc=1.258e-04, cfd=1.826e-05]  WALL=1.117e-17  DATA=1.133e-01
Invoked: SSBroyden1 approach!
[BFGS] batch= 107  call=  4720  total=1.174e-04  PDE=1.431e-04 [colloc=1.249e-04, cfd=1.827e-05]  WALL=1.119e-17  DATA=1.133e-01
Invoked: SSBroyden1 approach!
[BFGS] batch= 107  call=  4722  total=1.171e-04  PDE=1.426e-04 [colloc=1.244e-04, cfd=1.827e-05]  WALL=1.119e-17  DATA=1.133e-01
Invoked: SSBroyden1 approach!
[BFGS] batch= 107  call=  4723  total=1.162e-04  PDE=1.420e-04 [colloc=1.237e-04, cfd=1.828e-05]  WALL=1.120e-17  DATA=1.133e-01
Invoked: SSBroyden1 approach!
[BFGS] batch= 107  call=  4724  total=1.162e-04  PDE=1.417e-04 [colloc=1.234e-04, cfd=1.829e-05]  WALL=1.120e-17  DATA=1.133e-01
  [PT] w_u=35.6805 w_v=72.1623 gamma=0.412 (tau_u=2.803e-02 tau_v=1.386e-02 |Du|=9.41e-03 |DRu|=8.26e-02)
[BFGS] batch 107: H0 not PD — resetting to identity.
[BFGS-END] batch= 107  last_total=1.164e-04  last_PDE=1.417e-04 [colloc=1.234e-04, cfd=1.829e-05]  last_WALL=1.120e-17  last_DATA=1.133e-01
/oscar/home/jchen790/cylinder flow lab/src/cfp40.py:1430: OptimizeWarning: Unknown solver options: hess, hessp, bounds, constraints, tol
  result = minimize(
Invoked: SSBroyden1 approach!
[BFGS] batch= 108  call=  4744  total=1.147e-04  PDE=1.390e-04 [colloc=1.212e-04, cfd=1.786e-05]  WALL=1.122e-17  DATA=1.133e-01
Invoked: SSBroyden1 approach!
[BFGS] batch= 108  call=  4746  total=1.142e-04  PDE=1.386e-04 [colloc=1.207e-04, cfd=1.786e-05]  WALL=1.123e-17  DATA=1.133e-01
Invoked: SSBroyden1 approach!
[BFGS] batch= 108  call=  4748  total=1.142e-04  PDE=1.384e-04 [colloc=1.205e-04, cfd=1.787e-05]  WALL=1.123e-17  DATA=1.133e-01
  [PT] w_u=31.3252 w_v=53.7165 gamma=0.400 (tau_u=3.192e-02 tau_v=1.862e-02 |Du|=2.28e-03 |DRu|=5.57e-03)
[BFGS-END] batch= 108  last_total=1.141e-04  last_PDE=1.383e-04 [colloc=1.205e-04, cfd=1.787e-05]  last_WALL=1.123e-17  last_DATA=1.133e-01
/oscar/home/jchen790/cylinder flow lab/src/cfp40.py:1430: OptimizeWarning: Unknown solver options: hess, hessp, bounds, constraints, tol
  result = minimize(
Invoked: SSBroyden1 approach!
[BFGS] batch= 109  call=  4772  total=1.203e-04  PDE=1.475e-04 [colloc=1.290e-04, cfd=1.851e-05]  WALL=1.121e-17  DATA=1.133e-01
Invoked: SSBroyden1 approach!
[BFGS] batch= 109  call=  4773  total=1.196e-04  PDE=1.470e-04 [colloc=1.285e-04, cfd=1.851e-05]  WALL=1.120e-17  DATA=1.133e-01
Invoked: SSBroyden1 approach!
[BFGS] batch= 109  call=  4774  total=1.193e-04  PDE=1.460e-04 [colloc=1.275e-04, cfd=1.851e-05]  WALL=1.125e-17  DATA=1.133e-01
Invoked: SSBroyden1 approach!
[BFGS] batch= 109  call=  4775  total=1.186e-04  PDE=1.454e-04 [colloc=1.269e-04, cfd=1.851e-05]  WALL=1.125e-17  DATA=1.133e-01
Invoked: SSBroyden1 approach!
[BFGS] batch= 109  call=  4777  total=1.183e-04  PDE=1.452e-04 [colloc=1.267e-04, cfd=1.851e-05]  WALL=1.124e-17  DATA=1.133e-01
  [PT] w_u=27.3727 w_v=46.0895 gamma=0.408 (tau_u=3.653e-02 tau_v=2.170e-02 |Du|=5.38e-03 |DRu|=1.23e-02)
[BFGS-END] batch= 109  last_total=1.185e-04  last_PDE=1.452e-04 [colloc=1.266e-04, cfd=1.851e-05]  last_WALL=1.124e-17  last_DATA=1.133e-01
/oscar/home/jchen790/cylinder flow lab/src/cfp40.py:1430: OptimizeWarning: Unknown solver options: hess, hessp, bounds, constraints, tol
  result = minimize(
Invoked: SSBroyden1 approach!
[BFGS] batch= 110  call=  4798  total=1.181e-04  PDE=1.444e-04 [colloc=1.258e-04, cfd=1.862e-05]  WALL=1.124e-17  DATA=1.133e-01
  [PT] w_u=14.7070 w_v=40.4839 gamma=0.405 (tau_u=6.799e-02 tau_v=2.470e-02 |Du|=2.64e-03 |DRu|=2.83e-03)
[PT] batch= 110  w=2.7595e+01
[BFGS-END] batch= 110  last_total=1.182e-04  last_PDE=1.444e-04 [colloc=1.258e-04, cfd=1.862e-05]  last_WALL=1.124e-17  last_DATA=1.133e-01
/oscar/home/jchen790/cylinder flow lab/src/cfp40.py:1430: OptimizeWarning: Unknown solver options: hess, hessp, bounds, constraints, tol
  result = minimize(
Invoked: SSBroyden1 approach!
[BFGS] batch= 111  call=  4820  total=1.180e-04  PDE=1.448e-04 [colloc=1.277e-04, cfd=1.710e-05]  WALL=1.124e-17  DATA=1.133e-01
  [PT] w_u=15.0077 w_v=36.2187 gamma=0.407 (tau_u=6.663e-02 tau_v=2.761e-02 |Du|=3.51e-03 |DRu|=9.59e-03)
[BFGS-END] batch= 111  last_total=1.185e-04  last_PDE=1.448e-04 [colloc=1.277e-04, cfd=1.710e-05]  last_WALL=1.124e-17  last_DATA=1.133e-01
/oscar/home/jchen790/cylinder flow lab/src/cfp40.py:1430: OptimizeWarning: Unknown solver options: hess, hessp, bounds, constraints, tol
  result = minimize(
Invoked: SSBroyden1 approach!
[BFGS] batch= 112  call=  4843  total=1.201e-04  PDE=1.476e-04 [colloc=1.286e-04, cfd=1.900e-05]  WALL=1.121e-17  DATA=1.133e-01
Invoked: SSBroyden1 approach!
[BFGS] batch= 112  call=  4844  total=1.199e-04  PDE=1.473e-04 [colloc=1.282e-04, cfd=1.908e-05]  WALL=1.118e-17  DATA=1.133e-01
Invoked: SSBroyden1 approach!
[BFGS] batch= 112  call=  4845  total=1.195e-04  PDE=1.470e-04 [colloc=1.279e-04, cfd=1.910e-05]  WALL=1.117e-17  DATA=1.133e-01
Invoked: SSBroyden1 approach!
[BFGS] batch= 112  call=  4846  total=1.194e-04  PDE=1.464e-04 [colloc=1.273e-04, cfd=1.910e-05]  WALL=1.118e-17  DATA=1.133e-01
Invoked: SSBroyden1 approach!
[BFGS] batch= 112  call=  4847  total=1.193e-04  PDE=1.461e-04 [colloc=1.270e-04, cfd=1.910e-05]  WALL=1.119e-17  DATA=1.133e-01
Invoked: SSBroyden1 approach!
[BFGS] batch= 112  call=  4856  total=1.192e-04  PDE=1.459e-04 [colloc=1.268e-04, cfd=1.910e-05]  WALL=1.119e-17  DATA=1.133e-01
Invoked: SSBroyden1 approach!
[BFGS] batch= 112  call=  4857  total=1.189e-04  PDE=1.457e-04 [colloc=1.266e-04, cfd=1.910e-05]  WALL=1.120e-17  DATA=1.133e-01
Invoked: SSBroyden1 approach!
[BFGS] batch= 112  call=  4859  total=1.188e-04  PDE=1.456e-04 [colloc=1.265e-04, cfd=1.911e-05]  WALL=1.119e-17  DATA=1.133e-01
Invoked: SSBroyden1 approach!
[BFGS] batch= 112  call=  4860  total=1.186e-04  PDE=1.454e-04 [colloc=1.263e-04, cfd=1.912e-05]  WALL=1.119e-17  DATA=1.133e-01
  [PT] w_u=16.1352 w_v=39.0451 gamma=0.407 (tau_u=6.198e-02 tau_v=2.561e-02 |Du|=1.35e-02 |DRu|=6.09e-02)
[BFGS-END] batch= 112  last_total=1.187e-04  last_PDE=1.454e-04 [colloc=1.263e-04, cfd=1.912e-05]  last_WALL=1.119e-17  last_DATA=1.133e-01
/oscar/home/jchen790/cylinder flow lab/src/cfp40.py:1430: OptimizeWarning: Unknown solver options: hess, hessp, bounds, constraints, tol
  result = minimize(
Invoked: SSBroyden1 approach!
[BFGS] batch= 113  call=  4883  total=1.166e-04  PDE=1.421e-04 [colloc=1.233e-04, cfd=1.874e-05]  WALL=1.120e-17  DATA=1.133e-01
Invoked: SSBroyden1 approach!
[BFGS] batch= 113  call=  4891  total=1.165e-04  PDE=1.421e-04 [colloc=1.233e-04, cfd=1.879e-05]  WALL=1.119e-17  DATA=1.133e-01
Invoked: SSBroyden1 approach!
[BFGS] batch= 113  call=  4897  total=1.162e-04  PDE=1.420e-04 [colloc=1.232e-04, cfd=1.878e-05]  WALL=1.119e-17  DATA=1.133e-01
Invoked: SSBroyden1 approach!
[BFGS] batch= 113  call=  4905  total=1.159e-04  PDE=1.417e-04 [colloc=1.230e-04, cfd=1.874e-05]  WALL=1.120e-17  DATA=1.133e-01
Invoked: SSBroyden1 approach!
[BFGS] batch= 113  call=  4912  total=1.159e-04  PDE=1.410e-04 [colloc=1.223e-04, cfd=1.872e-05]  WALL=1.118e-17  DATA=1.133e-01
Invoked: SSBroyden1 approach!
[BFGS] batch= 113  call=  4914  total=1.155e-04  PDE=1.405e-04 [colloc=1.217e-04, cfd=1.873e-05]  WALL=1.118e-17  DATA=1.133e-01
Invoked: SSBroyden1 approach!
[BFGS] batch= 113  call=  4915  total=1.147e-04  PDE=1.398e-04 [colloc=1.211e-04, cfd=1.872e-05]  WALL=1.119e-17  DATA=1.133e-01
Invoked: SSBroyden1 approach!
[BFGS] batch= 113  call=  4916  total=1.140e-04  PDE=1.389e-04 [colloc=1.201e-04, cfd=1.874e-05]  WALL=1.114e-17  DATA=1.133e-01
Invoked: SSBroyden1 approach!
[BFGS] batch= 113  call=  4917  total=1.139e-04  PDE=1.378e-04 [colloc=1.191e-04, cfd=1.872e-05]  WALL=1.114e-17  DATA=1.133e-01
Invoked: SSBroyden1 approach!
[BFGS] batch= 113  call=  4918  total=1.138e-04  PDE=1.376e-04 [colloc=1.189e-04, cfd=1.873e-05]  WALL=1.115e-17  DATA=1.133e-01
Invoked: SSBroyden1 approach!
[BFGS] batch= 113  call=  4919  total=1.132e-04  PDE=1.373e-04 [colloc=1.185e-04, cfd=1.874e-05]  WALL=1.114e-17  DATA=1.133e-01
Invoked: SSBroyden1 approach!
[BFGS] batch= 113  call=  4920  total=1.126e-04  PDE=1.367e-04 [colloc=1.179e-04, cfd=1.876e-05]  WALL=1.115e-17  DATA=1.133e-01
  [PT] w_u=17.5201 w_v=42.9971 gamma=0.401 (tau_u=5.708e-02 tau_v=2.326e-02 |Du|=1.45e-02 |DRu|=8.07e-02)
[BFGS-END] batch= 113  last_total=1.133e-04  last_PDE=1.367e-04 [colloc=1.179e-04, cfd=1.876e-05]  last_WALL=1.115e-17  last_DATA=1.133e-01
/oscar/home/jchen790/cylinder flow lab/src/cfp40.py:1430: OptimizeWarning: Unknown solver options: hess, hessp, bounds, constraints, tol
  result = minimize(
Invoked: SSBroyden1 approach!
[BFGS] batch= 114  call=  4942  total=1.212e-04  PDE=1.492e-04 [colloc=1.303e-04, cfd=1.886e-05]  WALL=1.115e-17  DATA=1.133e-01
Invoked: SSBroyden1 approach!
[BFGS] batch= 114  call=  4943  total=1.209e-04  PDE=1.486e-04 [colloc=1.297e-04, cfd=1.886e-05]  WALL=1.114e-17  DATA=1.133e-01
Invoked: SSBroyden1 approach!
[BFGS] batch= 114  call=  4944  total=1.205e-04  PDE=1.479e-04 [colloc=1.290e-04, cfd=1.884e-05]  WALL=1.113e-17  DATA=1.133e-01
Invoked: SSBroyden1 approach!
[BFGS] batch= 114  call=  4945  total=1.198e-04  PDE=1.469e-04 [colloc=1.281e-04, cfd=1.883e-05]  WALL=1.114e-17  DATA=1.133e-01
Invoked: SSBroyden1 approach!
[BFGS] batch= 114  call=  4946  total=1.189e-04  PDE=1.456e-04 [colloc=1.268e-04, cfd=1.886e-05]  WALL=1.112e-17  DATA=1.133e-01
Invoked: SSBroyden1 approach!
[BFGS] batch= 114  call=  4947  total=1.181e-04  PDE=1.443e-04 [colloc=1.254e-04, cfd=1.892e-05]  WALL=1.112e-17  DATA=1.133e-01
Invoked: SSBroyden1 approach!
[BFGS] batch= 114  call=  4949  total=1.179e-04  PDE=1.435e-04 [colloc=1.246e-04, cfd=1.895e-05]  WALL=1.111e-17  DATA=1.133e-01
Invoked: SSBroyden1 approach!
[BFGS] batch= 114  call=  4950  total=1.174e-04  PDE=1.430e-04 [colloc=1.241e-04, cfd=1.891e-05]  WALL=1.111e-17  DATA=1.133e-01
Invoked: SSBroyden1 approach!
[BFGS] batch= 114  call=  4952  total=1.173e-04  PDE=1.427e-04 [colloc=1.238e-04, cfd=1.886e-05]  WALL=1.112e-17  DATA=1.133e-01
Invoked: SSBroyden1 approach!
[BFGS] batch= 114  call=  4953  total=1.171e-04  PDE=1.426e-04 [colloc=1.238e-04, cfd=1.885e-05]  WALL=1.112e-17  DATA=1.133e-01
Invoked: SSBroyden1 approach!
[BFGS] batch= 114  call=  4954  total=1.164e-04  PDE=1.421e-04 [colloc=1.233e-04, cfd=1.880e-05]  WALL=1.113e-17  DATA=1.133e-01
Invoked: SSBroyden1 approach!
[BFGS] batch= 114  call=  4956  total=1.161e-04  PDE=1.416e-04 [colloc=1.228e-04, cfd=1.876e-05]  WALL=1.115e-17  DATA=1.133e-01
Invoked: SSBroyden1 approach!
[BFGS] batch= 114  call=  4964  total=1.161e-04  PDE=1.414e-04 [colloc=1.227e-04, cfd=1.876e-05]  WALL=1.116e-17  DATA=1.133e-01
Invoked: SSBroyden1 approach!
[BFGS] batch= 114  call=  4966  total=1.161e-04  PDE=1.414e-04 [colloc=1.226e-04, cfd=1.875e-05]  WALL=1.116e-17  DATA=1.133e-01
Invoked: SSBroyden1 approach!
[BFGS] batch= 114  call=  4967  total=1.160e-04  PDE=1.412e-04 [colloc=1.225e-04, cfd=1.874e-05]  WALL=1.116e-17  DATA=1.133e-01
Invoked: SSBroyden1 approach!
[BFGS] batch= 114  call=  4970  total=1.159e-04  PDE=1.411e-04 [colloc=1.224e-04, cfd=1.873e-05]  WALL=1.116e-17  DATA=1.133e-01
Invoked: SSBroyden1 approach!
[BFGS] batch= 114  call=  4971  total=1.158e-04  PDE=1.408e-04 [colloc=1.221e-04, cfd=1.867e-05]  WALL=1.116e-17  DATA=1.133e-01
Invoked: SSBroyden1 approach!
[BFGS] batch= 114  call=  4972  total=1.157e-04  PDE=1.405e-04 [colloc=1.218e-04, cfd=1.864e-05]  WALL=1.117e-17  DATA=1.133e-01
Invoked: SSBroyden1 approach!
[BFGS] batch= 114  call=  4974  total=1.151e-04  PDE=1.404e-04 [colloc=1.218e-04, cfd=1.863e-05]  WALL=1.117e-17  DATA=1.133e-01
  [PT] w_u=19.1183 w_v=47.2245 gamma=0.410 (tau_u=5.231e-02 tau_v=2.118e-02 |Du|=1.76e-02 |DRu|=1.16e-01)
[BFGS] batch 114: H0 not PD — resetting to identity.
[BFGS-END] batch= 114  last_total=1.152e-04  last_PDE=1.404e-04 [colloc=1.217e-04, cfd=1.863e-05]  last_WALL=1.117e-17  last_DATA=1.133e-01
/oscar/home/jchen790/cylinder flow lab/src/cfp40.py:1430: OptimizeWarning: Unknown solver options: hess, hessp, bounds, constraints, tol
  result = minimize(
Invoked: SSBroyden1 approach!
[BFGS] batch= 115  call=  4995  total=1.174e-04  PDE=1.432e-04 [colloc=1.254e-04, cfd=1.776e-05]  WALL=1.116e-17  DATA=1.133e-01
Invoked: SSBroyden1 approach!
[BFGS] batch= 115  call=  4996  total=1.172e-04  PDE=1.428e-04 [colloc=1.250e-04, cfd=1.776e-05]  WALL=1.118e-17  DATA=1.133e-01
Invoked: SSBroyden1 approach!
[BFGS] batch= 115  call=  4997  total=1.169e-04  PDE=1.426e-04 [colloc=1.248e-04, cfd=1.776e-05]  WALL=1.120e-17  DATA=1.133e-01
Invoked: SSBroyden1 approach!
[BFGS] batch= 115  call=  4998  total=1.165e-04  PDE=1.425e-04 [colloc=1.248e-04, cfd=1.776e-05]  WALL=1.124e-17  DATA=1.133e-01
Invoked: SSBroyden1 approach!
[BFGS] batch= 115  call=  5005  total=1.165e-04  PDE=1.420e-04 [colloc=1.242e-04, cfd=1.776e-05]  WALL=1.123e-17  DATA=1.133e-01
Invoked: SSBroyden1 approach!
[BFGS] batch= 115  call=  5006  total=1.163e-04  PDE=1.419e-04 [colloc=1.241e-04, cfd=1.776e-05]  WALL=1.123e-17  DATA=1.133e-01
Invoked: SSBroyden1 approach!
[BFGS] batch= 115  call=  5007  total=1.162e-04  PDE=1.416e-04 [colloc=1.239e-04, cfd=1.776e-05]  WALL=1.125e-17  DATA=1.133e-01
  [PT] w_u=18.4004 w_v=42.1229 gamma=0.405 (tau_u=5.435e-02 tau_v=2.374e-02 |Du|=8.57e-03 |DRu|=2.02e-02)
[BFGS-END] batch= 115  last_total=1.166e-04  last_PDE=1.416e-04 [colloc=1.239e-04, cfd=1.776e-05]  last_WALL=1.125e-17  last_DATA=1.133e-01
/oscar/home/jchen790/cylinder flow lab/src/cfp40.py:1430: OptimizeWarning: Unknown solver options: hess, hessp, bounds, constraints, tol
  result = minimize(
Invoked: SSBroyden1 approach!
[BFGS] batch= 116  call=  5028  total=1.160e-04  PDE=1.415e-04 [colloc=1.229e-04, cfd=1.853e-05]  WALL=1.122e-17  DATA=1.133e-01
Invoked: SSBroyden1 approach!
[BFGS] batch= 116  call=  5030  total=1.154e-04  PDE=1.411e-04 [colloc=1.225e-04, cfd=1.854e-05]  WALL=1.122e-17  DATA=1.133e-01
  [PT] w_u=13.8170 w_v=39.0207 gamma=0.402 (tau_u=7.237e-02 tau_v=2.563e-02 |Du|=5.92e-03 |DRu|=7.75e-03)
[BFGS-END] batch= 116  last_total=1.156e-04  last_PDE=1.411e-04 [colloc=1.225e-04, cfd=1.854e-05]  last_WALL=1.122e-17  last_DATA=1.133e-01
/oscar/home/jchen790/cylinder flow lab/src/cfp40.py:1430: OptimizeWarning: Unknown solver options: hess, hessp, bounds, constraints, tol
  result = minimize(
Invoked: SSBroyden1 approach!
[BFGS] batch= 117  call=  5051  total=1.154e-04  PDE=1.403e-04 [colloc=1.223e-04, cfd=1.796e-05]  WALL=1.123e-17  DATA=1.133e-01
Invoked: SSBroyden1 approach!
[BFGS] batch= 117  call=  5052  total=1.149e-04  PDE=1.401e-04 [colloc=1.221e-04, cfd=1.797e-05]  WALL=1.123e-17  DATA=1.133e-01
  [PT] w_u=14.8674 w_v=37.8948 gamma=0.401 (tau_u=6.726e-02 tau_v=2.639e-02 |Du|=3.29e-03 |DRu|=1.43e-02)
[BFGS-END] batch= 117  last_total=1.152e-04  last_PDE=1.401e-04 [colloc=1.221e-04, cfd=1.797e-05]  last_WALL=1.123e-17  last_DATA=1.133e-01
/oscar/home/jchen790/cylinder flow lab/src/cfp40.py:1430: OptimizeWarning: Unknown solver options: hess, hessp, bounds, constraints, tol
  result = minimize(
Invoked: SSBroyden1 approach!
[BFGS] batch= 118  call=  5075  total=1.205e-04  PDE=1.481e-04 [colloc=1.291e-04, cfd=1.903e-05]  WALL=1.122e-17  DATA=1.133e-01
Invoked: SSBroyden1 approach!
[BFGS] batch= 118  call=  5077  total=1.204e-04  PDE=1.477e-04 [colloc=1.287e-04, cfd=1.905e-05]  WALL=1.118e-17  DATA=1.133e-01
Invoked: SSBroyden1 approach!
[BFGS] batch= 118  call=  5083  total=1.203e-04  PDE=1.476e-04 [colloc=1.285e-04, cfd=1.906e-05]  WALL=1.118e-17  DATA=1.133e-01
Invoked: SSBroyden1 approach!
[BFGS] batch= 118  call=  5092  total=1.202e-04  PDE=1.472e-04 [colloc=1.282e-04, cfd=1.907e-05]  WALL=1.117e-17  DATA=1.133e-01
  [PT] w_u=16.2822 w_v=40.8826 gamma=0.408 (tau_u=6.142e-02 tau_v=2.446e-02 |Du|=4.64e-03 |DRu|=3.16e-02)
[BFGS-END] batch= 118  last_total=1.199e-04  last_PDE=1.472e-04 [colloc=1.281e-04, cfd=1.907e-05]  last_WALL=1.117e-17  last_DATA=1.133e-01
/oscar/home/jchen790/cylinder flow lab/src/cfp40.py:1430: OptimizeWarning: Unknown solver options: hess, hessp, bounds, constraints, tol
  result = minimize(
Invoked: SSBroyden1 approach!
[BFGS] batch= 119  call=  5126  total=1.178e-04  PDE=1.437e-04 [colloc=1.260e-04, cfd=1.763e-05]  WALL=1.117e-17  DATA=1.133e-01
Invoked: SSBroyden1 approach!
[BFGS] batch= 119  call=  5127  total=1.173e-04  PDE=1.435e-04 [colloc=1.259e-04, cfd=1.763e-05]  WALL=1.118e-17  DATA=1.133e-01
  [PT] w_u=17.7664 w_v=39.9166 gamma=0.405 (tau_u=5.629e-02 tau_v=2.505e-02 |Du|=3.12e-03 |DRu|=1.97e-02)
[BFGS-END] batch= 119  last_total=1.180e-04  last_PDE=1.435e-04 [colloc=1.259e-04, cfd=1.763e-05]  last_WALL=1.118e-17  last_DATA=1.133e-01
/oscar/home/jchen790/cylinder flow lab/src/cfp40.py:1430: OptimizeWarning: Unknown solver options: hess, hessp, bounds, constraints, tol
  result = minimize(
Invoked: SSBroyden1 approach!
[BFGS] batch= 120  call=  5150  total=1.232e-04  PDE=1.515e-04 [colloc=1.334e-04, cfd=1.808e-05]  WALL=1.118e-17  DATA=1.133e-01
Invoked: SSBroyden1 approach!
[BFGS] batch= 120  call=  5152  total=1.231e-04  PDE=1.513e-04 [colloc=1.332e-04, cfd=1.809e-05]  WALL=1.118e-17  DATA=1.133e-01
Invoked: SSBroyden1 approach!
[BFGS] batch= 120  call=  5153  total=1.229e-04  PDE=1.511e-04 [colloc=1.330e-04, cfd=1.810e-05]  WALL=1.118e-17  DATA=1.133e-01
Invoked: SSBroyden1 approach!
[BFGS] batch= 120  call=  5154  total=1.219e-04  PDE=1.507e-04 [colloc=1.326e-04, cfd=1.810e-05]  WALL=1.117e-17  DATA=1.133e-01
  [PT] w_u=19.5271 w_v=44.0151 gamma=0.413 (tau_u=5.121e-02 tau_v=2.272e-02 |Du|=4.90e-03 |DRu|=4.24e-02)
[PT] batch= 120  w=3.1771e+01
[BFGS-END] batch= 120  last_total=1.227e-04  last_PDE=1.507e-04 [colloc=1.326e-04, cfd=1.810e-05]  last_WALL=1.117e-17  last_DATA=1.133e-01
/oscar/home/jchen790/cylinder flow lab/src/cfp40.py:1430: OptimizeWarning: Unknown solver options: hess, hessp, bounds, constraints, tol
  result = minimize(
Invoked: SSBroyden1 approach!
[BFGS] batch= 121  call=  5175  total=1.212e-04  PDE=1.488e-04 [colloc=1.303e-04, cfd=1.849e-05]  WALL=1.117e-17  DATA=1.133e-01
Invoked: SSBroyden1 approach!
[BFGS] batch= 121  call=  5176  total=1.206e-04  PDE=1.483e-04 [colloc=1.298e-04, cfd=1.853e-05]  WALL=1.117e-17  DATA=1.133e-01
Invoked: SSBroyden1 approach!
[BFGS] batch= 121  call=  5178  total=1.202e-04  PDE=1.480e-04 [colloc=1.295e-04, cfd=1.852e-05]  WALL=1.116e-17  DATA=1.133e-01
  [PT] w_u=21.5316 w_v=47.9014 gamma=0.410 (tau_u=4.644e-02 tau_v=2.088e-02 |Du|=5.88e-03 |DRu|=6.34e-02)
[BFGS-END] batch= 121  last_total=1.208e-04  last_PDE=1.480e-04 [colloc=1.295e-04, cfd=1.852e-05]  last_WALL=1.116e-17  last_DATA=1.133e-01
/oscar/home/jchen790/cylinder flow lab/src/cfp40.py:1430: OptimizeWarning: Unknown solver options: hess, hessp, bounds, constraints, tol
  result = minimize(
Invoked: SSBroyden1 approach!
[BFGS] batch= 122  call=  5199  total=1.199e-04  PDE=1.468e-04 [colloc=1.280e-04, cfd=1.883e-05]  WALL=1.116e-17  DATA=1.133e-01
Invoked: SSBroyden1 approach!
[BFGS] batch= 122  call=  5200  total=1.198e-04  PDE=1.460e-04 [colloc=1.271e-04, cfd=1.886e-05]  WALL=1.116e-17  DATA=1.133e-01
Invoked: SSBroyden1 approach!
[BFGS] batch= 122  call=  5201  total=1.195e-04  PDE=1.457e-04 [colloc=1.269e-04, cfd=1.886e-05]  WALL=1.116e-17  DATA=1.133e-01
Invoked: SSBroyden1 approach!
[BFGS] batch= 122  call=  5202  total=1.194e-04  PDE=1.450e-04 [colloc=1.261e-04, cfd=1.889e-05]  WALL=1.114e-17  DATA=1.133e-01
Invoked: SSBroyden1 approach!
[BFGS] batch= 122  call=  5204  total=1.186e-04  PDE=1.443e-04 [colloc=1.254e-04, cfd=1.892e-05]  WALL=1.113e-17  DATA=1.133e-01
Invoked: SSBroyden1 approach!
[BFGS] batch= 122  call=  5205  total=1.177e-04  PDE=1.432e-04 [colloc=1.241e-04, cfd=1.901e-05]  WALL=1.111e-17  DATA=1.133e-01
Invoked: SSBroyden1 approach!
[BFGS] batch= 122  call=  5206  total=1.176e-04  PDE=1.423e-04 [colloc=1.230e-04, cfd=1.923e-05]  WALL=1.111e-17  DATA=1.133e-01
Invoked: SSBroyden1 approach!
[BFGS] batch= 122  call=  5207  total=1.171e-04  PDE=1.418e-04 [colloc=1.226e-04, cfd=1.922e-05]  WALL=1.111e-17  DATA=1.133e-01
Invoked: SSBroyden1 approach!
[BFGS] batch= 122  call=  5208  total=1.168e-04  PDE=1.412e-04 [colloc=1.220e-04, cfd=1.920e-05]  WALL=1.113e-17  DATA=1.133e-01
Invoked: SSBroyden1 approach!
[BFGS] batch= 122  call=  5209  total=1.168e-04  PDE=1.406e-04 [colloc=1.214e-04, cfd=1.924e-05]  WALL=1.114e-17  DATA=1.133e-01
Invoked: SSBroyden1 approach!
[BFGS] batch= 122  call=  5211  total=1.163e-04  PDE=1.405e-04 [colloc=1.213e-04, cfd=1.924e-05]  WALL=1.114e-17  DATA=1.133e-01
Invoked: SSBroyden1 approach!
[BFGS] batch= 122  call=  5221  total=1.162e-04  PDE=1.400e-04 [colloc=1.208e-04, cfd=1.917e-05]  WALL=1.119e-17  DATA=1.133e-01
Invoked: SSBroyden1 approach!
[BFGS] batch= 122  call=  5222  total=1.155e-04  PDE=1.397e-04 [colloc=1.205e-04, cfd=1.915e-05]  WALL=1.120e-17  DATA=1.133e-01
  [PT] w_u=23.1008 w_v=51.9251 gamma=0.408 (tau_u=4.329e-02 tau_v=1.926e-02 |Du|=1.48e-02 |DRu|=7.76e-02)
[BFGS] batch 122: H0 not PD — resetting to identity.
[BFGS-END] batch= 122  last_total=1.157e-04  last_PDE=1.397e-04 [colloc=1.205e-04, cfd=1.915e-05]  last_WALL=1.120e-17  last_DATA=1.133e-01
/oscar/home/jchen790/cylinder flow lab/src/cfp40.py:1430: OptimizeWarning: Unknown solver options: hess, hessp, bounds, constraints, tol
  result = minimize(
Invoked: SSBroyden1 approach!
[BFGS] batch= 123  call=  5243  total=1.244e-04  PDE=1.521e-04 [colloc=1.333e-04, cfd=1.886e-05]  WALL=1.120e-17  DATA=1.133e-01
Invoked: SSBroyden1 approach!
[BFGS] batch= 123  call=  5244  total=1.239e-04  PDE=1.517e-04 [colloc=1.328e-04, cfd=1.886e-05]  WALL=1.123e-17  DATA=1.133e-01
Invoked: SSBroyden1 approach!
[BFGS] batch= 123  call=  5245  total=1.236e-04  PDE=1.511e-04 [colloc=1.322e-04, cfd=1.886e-05]  WALL=1.129e-17  DATA=1.133e-01
Invoked: SSBroyden1 approach!
[BFGS] batch= 123  call=  5246  total=1.226e-04  PDE=1.507e-04 [colloc=1.318e-04, cfd=1.886e-05]  WALL=1.129e-17  DATA=1.133e-01
Invoked: SSBroyden1 approach!
[BFGS] batch= 123  call=  5255  total=1.225e-04  PDE=1.504e-04 [colloc=1.315e-04, cfd=1.886e-05]  WALL=1.128e-17  DATA=1.133e-01
Invoked: SSBroyden1 approach!
[BFGS] batch= 123  call=  5261  total=1.224e-04  PDE=1.501e-04 [colloc=1.312e-04, cfd=1.886e-05]  WALL=1.128e-17  DATA=1.133e-01
Invoked: SSBroyden1 approach!
[BFGS] batch= 123  call=  5262  total=1.222e-04  PDE=1.500e-04 [colloc=1.311e-04, cfd=1.886e-05]  WALL=1.128e-17  DATA=1.133e-01
  [PT] w_u=17.0406 w_v=33.7267 gamma=0.413 (tau_u=5.868e-02 tau_v=2.965e-02 |Du|=7.16e-03 |DRu|=1.04e-02)
[BFGS-END] batch= 123  last_total=1.225e-04  last_PDE=1.500e-04 [colloc=1.311e-04, cfd=1.886e-05]  last_WALL=1.128e-17  last_DATA=1.133e-01
/oscar/home/jchen790/cylinder flow lab/src/cfp40.py:1430: OptimizeWarning: Unknown solver options: hess, hessp, bounds, constraints, tol
  result = minimize(
Invoked: SSBroyden1 approach!
[BFGS] batch= 124  call=  5282  total=1.207e-04  PDE=1.466e-04 [colloc=1.285e-04, cfd=1.810e-05]  WALL=1.129e-17  DATA=1.133e-01
Invoked: SSBroyden1 approach!
[BFGS] batch= 124  call=  5284  total=1.201e-04  PDE=1.462e-04 [colloc=1.281e-04, cfd=1.811e-05]  WALL=1.127e-17  DATA=1.133e-01
Invoked: SSBroyden1 approach!
[BFGS] batch= 124  call=  5287  total=1.200e-04  PDE=1.460e-04 [colloc=1.279e-04, cfd=1.811e-05]  WALL=1.127e-17  DATA=1.133e-01
Invoked: SSBroyden1 approach!
[BFGS] batch= 124  call=  5296  total=1.197e-04  PDE=1.459e-04 [colloc=1.277e-04, cfd=1.812e-05]  WALL=1.125e-17  DATA=1.133e-01
Invoked: SSBroyden1 approach!
[BFGS] batch= 124  call=  5303  total=1.196e-04  PDE=1.454e-04 [colloc=1.272e-04, cfd=1.813e-05]  WALL=1.126e-17  DATA=1.133e-01
  [PT] w_u=18.6488 w_v=37.1424 gamma=0.408 (tau_u=5.362e-02 tau_v=2.692e-02 |Du|=9.29e-03 |DRu|=6.60e-02)
[BFGS-END] batch= 124  last_total=1.200e-04  last_PDE=1.453e-04 [colloc=1.272e-04, cfd=1.813e-05]  last_WALL=1.126e-17  last_DATA=1.133e-01
/oscar/home/jchen790/cylinder flow lab/src/cfp40.py:1430: OptimizeWarning: Unknown solver options: hess, hessp, bounds, constraints, tol
  result = minimize(
Invoked: SSBroyden1 approach!
[BFGS] batch= 125  call=  5326  total=1.240e-04  PDE=1.525e-04 [colloc=1.341e-04, cfd=1.839e-05]  WALL=1.127e-17  DATA=1.133e-01
  [PT] w_u=18.5326 w_v=32.9947 gamma=0.414 (tau_u=5.396e-02 tau_v=3.031e-02 |Du|=2.15e-03 |DRu|=5.80e-03)
[BFGS-END] batch= 125  last_total=1.244e-04  last_PDE=1.525e-04 [colloc=1.341e-04, cfd=1.839e-05]  last_WALL=1.127e-17  last_DATA=1.133e-01
/oscar/home/jchen790/cylinder flow lab/src/cfp40.py:1430: OptimizeWarning: Unknown solver options: hess, hessp, bounds, constraints, tol
  result = minimize(
  [PT] w_u=19.6522 w_v=34.4405 gamma=0.404 (tau_u=5.088e-02 tau_v=2.904e-02 |Du|=5.46e-05 |DRu|=2.04e-04)
[BFGS-END] batch= 126  last_total=1.178e-04  last_PDE=1.432e-04 [colloc=1.252e-04, cfd=1.800e-05]  last_WALL=1.127e-17  last_DATA=1.133e-01
/oscar/home/jchen790/cylinder flow lab/src/cfp40.py:1430: OptimizeWarning: Unknown solver options: hess, hessp, bounds, constraints, tol
  result = minimize(
Invoked: SSBroyden1 approach!
[BFGS] batch= 127  call=  5367  total=1.191e-04  PDE=1.449e-04 [colloc=1.262e-04, cfd=1.877e-05]  WALL=1.126e-17  DATA=1.133e-01
Invoked: SSBroyden1 approach!
[BFGS] batch= 127  call=  5368  total=1.188e-04  PDE=1.447e-04 [colloc=1.259e-04, cfd=1.878e-05]  WALL=1.125e-17  DATA=1.133e-01
Invoked: SSBroyden1 approach!
[BFGS] batch= 127  call=  5370  total=1.186e-04  PDE=1.445e-04 [colloc=1.258e-04, cfd=1.878e-05]  WALL=1.125e-17  DATA=1.133e-01
  [PT] w_u=21.5296 w_v=36.8424 gamma=0.405 (tau_u=4.645e-02 tau_v=2.714e-02 |Du|=4.82e-03 |DRu|=3.80e-02)
[BFGS-END] batch= 127  last_total=1.192e-04  last_PDE=1.445e-04 [colloc=1.258e-04, cfd=1.878e-05]  last_WALL=1.125e-17  last_DATA=1.133e-01
/oscar/home/jchen790/cylinder flow lab/src/cfp40.py:1430: OptimizeWarning: Unknown solver options: hess, hessp, bounds, constraints, tol
  result = minimize(
Invoked: SSBroyden1 approach!
[BFGS] batch= 128  call=  5391  total=1.226e-04  PDE=1.500e-04 [colloc=1.306e-04, cfd=1.932e-05]  WALL=1.125e-17  DATA=1.133e-01
Invoked: SSBroyden1 approach!
[BFGS] batch= 128  call=  5392  total=1.225e-04  PDE=1.496e-04 [colloc=1.303e-04, cfd=1.933e-05]  WALL=1.124e-17  DATA=1.133e-01
Invoked: SSBroyden1 approach!
[BFGS] batch= 128  call=  5399  total=1.221e-04  PDE=1.493e-04 [colloc=1.299e-04, cfd=1.934e-05]  WALL=1.123e-17  DATA=1.133e-01
Invoked: SSBroyden1 approach!
[BFGS] batch= 128  call=  5409  total=1.221e-04  PDE=1.491e-04 [colloc=1.298e-04, cfd=1.933e-05]  WALL=1.123e-17  DATA=1.133e-01
Invoked: SSBroyden1 approach!
[BFGS] batch= 128  call=  5417  total=1.218e-04  PDE=1.489e-04 [colloc=1.296e-04, cfd=1.932e-05]  WALL=1.123e-17  DATA=1.133e-01
Invoked: SSBroyden1 approach!
[BFGS] batch= 128  call=  5419  total=1.213e-04  PDE=1.488e-04 [colloc=1.295e-04, cfd=1.931e-05]  WALL=1.123e-17  DATA=1.133e-01
  [PT] w_u=23.7608 w_v=40.6906 gamma=0.410 (tau_u=4.209e-02 tau_v=2.458e-02 |Du|=5.10e-03 |DRu|=6.14e-02)
[BFGS-END] batch= 128  last_total=1.219e-04  last_PDE=1.488e-04 [colloc=1.295e-04, cfd=1.931e-05]  last_WALL=1.123e-17  last_DATA=1.133e-01
/oscar/home/jchen790/cylinder flow lab/src/cfp40.py:1430: OptimizeWarning: Unknown solver options: hess, hessp, bounds, constraints, tol
  result = minimize(
Invoked: SSBroyden1 approach!
[BFGS] batch= 129  call=  5440  total=1.218e-04  PDE=1.484e-04 [colloc=1.293e-04, cfd=1.908e-05]  WALL=1.121e-17  DATA=1.133e-01
Invoked: SSBroyden1 approach!
[BFGS] batch= 129  call=  5443  total=1.217e-04  PDE=1.484e-04 [colloc=1.293e-04, cfd=1.908e-05]  WALL=1.121e-17  DATA=1.133e-01
Invoked: SSBroyden1 approach!
[BFGS] batch= 129  call=  5452  total=1.215e-04  PDE=1.482e-04 [colloc=1.291e-04, cfd=1.908e-05]  WALL=1.121e-17  DATA=1.133e-01
Invoked: SSBroyden1 approach!
[BFGS] batch= 129  call=  5460  total=1.212e-04  PDE=1.480e-04 [colloc=1.289e-04, cfd=1.909e-05]  WALL=1.122e-17  DATA=1.133e-01
Invoked: SSBroyden1 approach!
[BFGS] batch= 129  call=  5461  total=1.208e-04  PDE=1.472e-04 [colloc=1.281e-04, cfd=1.911e-05]  WALL=1.122e-17  DATA=1.133e-01
Invoked: SSBroyden1 approach!
[BFGS] batch= 129  call=  5462  total=1.206e-04  PDE=1.462e-04 [colloc=1.271e-04, cfd=1.915e-05]  WALL=1.121e-17  DATA=1.133e-01
Invoked: SSBroyden1 approach!
[BFGS] batch= 129  call=  5463  total=1.203e-04  PDE=1.456e-04 [colloc=1.265e-04, cfd=1.916e-05]  WALL=1.121e-17  DATA=1.133e-01
Invoked: SSBroyden1 approach!
[BFGS] batch= 129  call=  5464  total=1.197e-04  PDE=1.449e-04 [colloc=1.257e-04, cfd=1.914e-05]  WALL=1.120e-17  DATA=1.133e-01
Invoked: SSBroyden1 approach!
[BFGS] batch= 129  call=  5465  total=1.192e-04  PDE=1.438e-04 [colloc=1.246e-04, cfd=1.913e-05]  WALL=1.122e-17  DATA=1.133e-01
Invoked: SSBroyden1 approach!
[BFGS] batch= 129  call=  5467  total=1.186e-04  PDE=1.432e-04 [colloc=1.240e-04, cfd=1.916e-05]  WALL=1.121e-17  DATA=1.133e-01
Invoked: SSBroyden1 approach!
[BFGS] batch= 129  call=  5469  total=1.184e-04  PDE=1.426e-04 [colloc=1.235e-04, cfd=1.918e-05]  WALL=1.122e-17  DATA=1.133e-01
Invoked: SSBroyden1 approach!
[BFGS] batch= 129  call=  5470  total=1.181e-04  PDE=1.423e-04 [colloc=1.231e-04, cfd=1.914e-05]  WALL=1.121e-17  DATA=1.133e-01
Invoked: SSBroyden1 approach!
[BFGS] batch= 129  call=  5471  total=1.175e-04  PDE=1.418e-04 [colloc=1.227e-04, cfd=1.914e-05]  WALL=1.122e-17  DATA=1.133e-01
Invoked: SSBroyden1 approach!
[BFGS] batch= 129  call=  5481  total=1.173e-04  PDE=1.417e-04 [colloc=1.225e-04, cfd=1.914e-05]  WALL=1.121e-17  DATA=1.133e-01
  [PT] w_u=25.8102 w_v=44.8525 gamma=0.408 (tau_u=3.874e-02 tau_v=2.230e-02 |Du|=1.13e-02 |DRu|=7.72e-02)
[BFGS-END] batch= 129  last_total=1.175e-04  last_PDE=1.417e-04 [colloc=1.225e-04, cfd=1.914e-05]  last_WALL=1.121e-17  last_DATA=1.133e-01
/oscar/home/jchen790/cylinder flow lab/src/cfp40.py:1430: OptimizeWarning: Unknown solver options: hess, hessp, bounds, constraints, tol
  result = minimize(
Invoked: SSBroyden1 approach!
[BFGS] batch= 130  call=  5502  total=1.231e-04  PDE=1.493e-04 [colloc=1.299e-04, cfd=1.936e-05]  WALL=1.121e-17  DATA=1.133e-01
Invoked: SSBroyden1 approach!
[BFGS] batch= 130  call=  5503  total=1.225e-04  PDE=1.486e-04 [colloc=1.292e-04, cfd=1.935e-05]  WALL=1.119e-17  DATA=1.133e-01
Invoked: SSBroyden1 approach!
[BFGS] batch= 130  call=  5504  total=1.216e-04  PDE=1.473e-04 [colloc=1.279e-04, cfd=1.936e-05]  WALL=1.119e-17  DATA=1.133e-01
Invoked: SSBroyden1 approach!
[BFGS] batch= 130  call=  5505  total=1.209e-04  PDE=1.459e-04 [colloc=1.265e-04, cfd=1.940e-05]  WALL=1.120e-17  DATA=1.133e-01
Invoked: SSBroyden1 approach!
[BFGS] batch= 130  call=  5506  total=1.198e-04  PDE=1.444e-04 [colloc=1.250e-04, cfd=1.940e-05]  WALL=1.121e-17  DATA=1.133e-01
Invoked: SSBroyden1 approach!
[BFGS] batch= 130  call=  5507  total=1.197e-04  PDE=1.442e-04 [colloc=1.247e-04, cfd=1.946e-05]  WALL=1.123e-17  DATA=1.133e-01
  [PT] w_u=28.5499 w_v=49.7132 gamma=0.414 (tau_u=3.503e-02 tau_v=2.012e-02 |Du|=1.58e-02 |DRu|=2.57e-01)
[PT] batch= 130  w=3.9132e+01
[BFGS] batch 130: H0 not PD — resetting to identity.
[BFGS-END] batch= 130  last_total=1.198e-04  last_PDE=1.442e-04 [colloc=1.247e-04, cfd=1.946e-05]  last_WALL=1.123e-17  last_DATA=1.133e-01
/oscar/home/jchen790/cylinder flow lab/src/cfp40.py:1430: OptimizeWarning: Unknown solver options: hess, hessp, bounds, constraints, tol
  result = minimize(
Invoked: SSBroyden1 approach!
[BFGS] batch= 131  call=  5528  total=1.195e-04  PDE=1.447e-04 [colloc=1.251e-04, cfd=1.958e-05]  WALL=1.122e-17  DATA=1.133e-01
Invoked: SSBroyden1 approach!
[BFGS] batch= 131  call=  5537  total=1.194e-04  PDE=1.444e-04 [colloc=1.249e-04, cfd=1.957e-05]  WALL=1.123e-17  DATA=1.133e-01
  [PT] w_u=29.5933 w_v=48.8481 gamma=0.408 (tau_u=3.379e-02 tau_v=2.047e-02 |Du|=5.62e-03 |DRu|=2.38e-02)
[BFGS-END] batch= 131  last_total=1.194e-04  last_PDE=1.444e-04 [colloc=1.249e-04, cfd=1.957e-05]  last_WALL=1.123e-17  last_DATA=1.133e-01
/oscar/home/jchen790/cylinder flow lab/src/cfp40.py:1430: OptimizeWarning: Unknown solver options: hess, hessp, bounds, constraints, tol
  result = minimize(
Invoked: SSBroyden1 approach!
[BFGS] batch= 132  call=  5557  total=1.286e-04  PDE=1.582e-04 [colloc=1.387e-04, cfd=1.951e-05]  WALL=1.124e-17  DATA=1.133e-01
Invoked: SSBroyden1 approach!
[BFGS] batch= 132  call=  5559  total=1.283e-04  PDE=1.578e-04 [colloc=1.383e-04, cfd=1.950e-05]  WALL=1.123e-17  DATA=1.133e-01
Invoked: SSBroyden1 approach!
[BFGS] batch= 132  call=  5560  total=1.282e-04  PDE=1.571e-04 [colloc=1.377e-04, cfd=1.948e-05]  WALL=1.123e-17  DATA=1.133e-01
Invoked: SSBroyden1 approach!
[BFGS] batch= 132  call=  5561  total=1.280e-04  PDE=1.570e-04 [colloc=1.375e-04, cfd=1.948e-05]  WALL=1.123e-17  DATA=1.133e-01
Invoked: SSBroyden1 approach!
[BFGS] batch= 132  call=  5562  total=1.273e-04  PDE=1.565e-04 [colloc=1.371e-04, cfd=1.946e-05]  WALL=1.124e-17  DATA=1.133e-01
  [PT] w_u=28.2400 w_v=39.8058 gamma=0.419 (tau_u=3.541e-02 tau_v=2.512e-02 |Du|=5.84e-03 |DRu|=1.69e-02)
[BFGS-END] batch= 132  last_total=1.279e-04  last_PDE=1.565e-04 [colloc=1.371e-04, cfd=1.946e-05]  last_WALL=1.124e-17  last_DATA=1.133e-01
/oscar/home/jchen790/cylinder flow lab/src/cfp40.py:1430: OptimizeWarning: Unknown solver options: hess, hessp, bounds, constraints, tol
  result = minimize(
Invoked: SSBroyden1 approach!
[BFGS] batch= 133  call=  5583  total=1.258e-04  PDE=1.537e-04 [colloc=1.346e-04, cfd=1.906e-05]  WALL=1.121e-17  DATA=1.133e-01
Invoked: SSBroyden1 approach!
[BFGS] batch= 133  call=  5584  total=1.256e-04  PDE=1.532e-04 [colloc=1.342e-04, cfd=1.904e-05]  WALL=1.118e-17  DATA=1.133e-01
Invoked: SSBroyden1 approach!
[BFGS] batch= 133  call=  5585  total=1.255e-04  PDE=1.529e-04 [colloc=1.339e-04, cfd=1.904e-05]  WALL=1.117e-17  DATA=1.133e-01
Invoked: SSBroyden1 approach!
[BFGS] batch= 133  call=  5586  total=1.254e-04  PDE=1.526e-04 [colloc=1.336e-04, cfd=1.904e-05]  WALL=1.117e-17  DATA=1.133e-01
  [PT] w_u=29.7623 w_v=42.8903 gamma=0.414 (tau_u=3.360e-02 tau_v=2.332e-02 |Du|=6.47e-03 |DRu|=3.16e-02)
[BFGS-END] batch= 133  last_total=1.254e-04  last_PDE=1.526e-04 [colloc=1.335e-04, cfd=1.904e-05]  last_WALL=1.117e-17  last_DATA=1.133e-01
/oscar/home/jchen790/cylinder flow lab/src/cfp40.py:1430: OptimizeWarning: Unknown solver options: hess, hessp, bounds, constraints, tol
  result = minimize(
Invoked: SSBroyden1 approach!
[BFGS] batch= 134  call=  5609  total=1.269e-04  PDE=1.558e-04 [colloc=1.367e-04, cfd=1.917e-05]  WALL=1.115e-17  DATA=1.133e-01
Invoked: SSBroyden1 approach!
[BFGS] batch= 134  call=  5619  total=1.268e-04  PDE=1.556e-04 [colloc=1.365e-04, cfd=1.917e-05]  WALL=1.115e-17  DATA=1.133e-01
  [PT] w_u=31.0772 w_v=44.6024 gamma=0.417 (tau_u=3.218e-02 tau_v=2.242e-02 |Du|=2.40e-03 |DRu|=1.11e-02)
[BFGS-END] batch= 134  last_total=1.273e-04  last_PDE=1.556e-04 [colloc=1.365e-04, cfd=1.917e-05]  last_WALL=1.115e-17  last_DATA=1.133e-01
/oscar/home/jchen790/cylinder flow lab/src/cfp40.py:1430: OptimizeWarning: Unknown solver options: hess, hessp, bounds, constraints, tol
  result = minimize(
Invoked: SSBroyden1 approach!
[BFGS] batch= 135  call=  5640  total=1.284e-04  PDE=1.577e-04 [colloc=1.389e-04, cfd=1.876e-05]  WALL=1.115e-17  DATA=1.133e-01
Invoked: SSBroyden1 approach!
[BFGS] batch= 135  call=  5641  total=1.283e-04  PDE=1.573e-04 [colloc=1.385e-04, cfd=1.878e-05]  WALL=1.115e-17  DATA=1.133e-01
  [PT] w_u=30.3617 w_v=45.1944 gamma=0.419 (tau_u=3.294e-02 tau_v=2.213e-02 |Du|=3.37e-03 |DRu|=1.10e-02)
[BFGS-END] batch= 135  last_total=1.283e-04  last_PDE=1.573e-04 [colloc=1.385e-04, cfd=1.878e-05]  last_WALL=1.115e-17  last_DATA=1.133e-01
/oscar/home/jchen790/cylinder flow lab/src/cfp40.py:1430: OptimizeWarning: Unknown solver options: hess, hessp, bounds, constraints, tol
  result = minimize(
  [PT] w_u=30.9514 w_v=46.4065 gamma=0.415 (tau_u=3.231e-02 tau_v=2.155e-02 |Du|=4.93e-05 |DRu|=1.67e-04)
[BFGS-END] batch= 136  last_total=1.264e-04  last_PDE=1.543e-04 [colloc=1.349e-04, cfd=1.939e-05]  last_WALL=1.115e-17  last_DATA=1.133e-01
/oscar/home/jchen790/cylinder flow lab/src/cfp40.py:1430: OptimizeWarning: Unknown solver options: hess, hessp, bounds, constraints, tol
  result = minimize(
Invoked: SSBroyden1 approach!
[BFGS] batch= 137  call=  5681  total=1.279e-04  PDE=1.560e-04 [colloc=1.375e-04, cfd=1.852e-05]  WALL=1.116e-17  DATA=1.133e-01
Invoked: SSBroyden1 approach!
[BFGS] batch= 137  call=  5682  total=1.272e-04  PDE=1.556e-04 [colloc=1.371e-04, cfd=1.851e-05]  WALL=1.117e-17  DATA=1.133e-01
Invoked: SSBroyden1 approach!
[BFGS] batch= 137  call=  5685  total=1.271e-04  PDE=1.555e-04 [colloc=1.370e-04, cfd=1.851e-05]  WALL=1.117e-17  DATA=1.133e-01
  [PT] w_u=30.0220 w_v=40.9535 gamma=0.418 (tau_u=3.331e-02 tau_v=2.442e-02 |Du|=2.69e-03 |DRu|=8.46e-03)
[BFGS-END] batch= 137  last_total=1.273e-04  last_PDE=1.555e-04 [colloc=1.370e-04, cfd=1.851e-05]  last_WALL=1.117e-17  last_DATA=1.133e-01
/oscar/home/jchen790/cylinder flow lab/src/cfp40.py:1430: OptimizeWarning: Unknown solver options: hess, hessp, bounds, constraints, tol
  result = minimize(
Invoked: SSBroyden1 approach!
[BFGS] batch= 138  call=  5705  total=1.235e-04  PDE=1.499e-04 [colloc=1.307e-04, cfd=1.922e-05]  WALL=1.117e-17  DATA=1.133e-01
Invoked: SSBroyden1 approach!
[BFGS] batch= 138  call=  5707  total=1.235e-04  PDE=1.498e-04 [colloc=1.305e-04, cfd=1.923e-05]  WALL=1.117e-17  DATA=1.133e-01
  [PT] w_u=32.8189 w_v=44.8877 gamma=0.410 (tau_u=3.047e-02 tau_v=2.228e-02 |Du|=1.92e-03 |DRu|=1.76e-02)
[BFGS-END] batch= 138  last_total=1.234e-04  last_PDE=1.497e-04 [colloc=1.305e-04, cfd=1.923e-05]  last_WALL=1.117e-17  last_DATA=1.133e-01
/oscar/home/jchen790/cylinder flow lab/src/cfp40.py:1430: OptimizeWarning: Unknown solver options: hess, hessp, bounds, constraints, tol
  result = minimize(
Invoked: SSBroyden1 approach!
[BFGS] batch= 139  call=  5730  total=1.261e-04  PDE=1.534e-04 [colloc=1.337e-04, cfd=1.972e-05]  WALL=1.117e-17  DATA=1.133e-01
Invoked: SSBroyden1 approach!
[BFGS] batch= 139  call=  5731  total=1.260e-04  PDE=1.531e-04 [colloc=1.334e-04, cfd=1.970e-05]  WALL=1.117e-17  DATA=1.133e-01
Invoked: SSBroyden1 approach!
[BFGS] batch= 139  call=  5732  total=1.251e-04  PDE=1.528e-04 [colloc=1.331e-04, cfd=1.970e-05]  WALL=1.117e-17  DATA=1.133e-01
  [PT] w_u=32.2063 w_v=45.8013 gamma=0.414 (tau_u=3.105e-02 tau_v=2.183e-02 |Du|=4.16e-03 |DRu|=1.40e-02)
[BFGS-END] batch= 139  last_total=1.255e-04  last_PDE=1.528e-04 [colloc=1.331e-04, cfd=1.970e-05]  last_WALL=1.117e-17  last_DATA=1.133e-01
/oscar/home/jchen790/cylinder flow lab/src/cfp40.py:1430: OptimizeWarning: Unknown solver options: hess, hessp, bounds, constraints, tol
  result = minimize(
Invoked: SSBroyden1 approach!
[BFGS] batch= 140  call=  5753  total=1.234e-04  PDE=1.497e-04 [colloc=1.299e-04, cfd=1.983e-05]  WALL=1.117e-17  DATA=1.133e-01
Invoked: SSBroyden1 approach!
[BFGS] batch= 140  call=  5755  total=1.234e-04  PDE=1.493e-04 [colloc=1.295e-04, cfd=1.981e-05]  WALL=1.117e-17  DATA=1.133e-01
Invoked: SSBroyden1 approach!
[BFGS] batch= 140  call=  5757  total=1.228e-04  PDE=1.488e-04 [colloc=1.290e-04, cfd=1.981e-05]  WALL=1.116e-17  DATA=1.133e-01
  [PT] w_u=35.4232 w_v=48.9985 gamma=0.409 (tau_u=2.823e-02 tau_v=2.041e-02 |Du|=3.22e-03 |DRu|=3.86e-02)
[PT] batch= 140  w=4.2211e+01
[BFGS-END] batch= 140  last_total=1.233e-04  last_PDE=1.488e-04 [colloc=1.290e-04, cfd=1.981e-05]  last_WALL=1.116e-17  last_DATA=1.133e-01
/oscar/home/jchen790/cylinder flow lab/src/cfp40.py:1430: OptimizeWarning: Unknown solver options: hess, hessp, bounds, constraints, tol
  result = minimize(
Invoked: SSBroyden1 approach!
[BFGS] batch= 141  call=  5790  total=1.221e-04  PDE=1.477e-04 [colloc=1.280e-04, cfd=1.966e-05]  WALL=1.116e-17  DATA=1.133e-01
  [PT] w_u=39.1790 w_v=53.2450 gamma=0.407 (tau_u=2.552e-02 tau_v=1.878e-02 |Du|=1.88e-03 |DRu|=3.50e-02)
[BFGS-END] batch= 141  last_total=1.223e-04  last_PDE=1.477e-04 [colloc=1.280e-04, cfd=1.966e-05]  last_WALL=1.116e-17  last_DATA=1.133e-01
/oscar/home/jchen790/cylinder flow lab/src/cfp40.py:1430: OptimizeWarning: Unknown solver options: hess, hessp, bounds, constraints, tol
  result = minimize(
Invoked: SSBroyden1 approach!
[BFGS] batch= 142  call=  5812  total=1.266e-04  PDE=1.544e-04 [colloc=1.342e-04, cfd=2.020e-05]  WALL=1.116e-17  DATA=1.133e-01
Invoked: SSBroyden1 approach!
[BFGS] batch= 142  call=  5822  total=1.263e-04  PDE=1.541e-04 [colloc=1.338e-04, cfd=2.023e-05]  WALL=1.115e-17  DATA=1.133e-01
Invoked: SSBroyden1 approach!
[BFGS] batch= 142  call=  5825  total=1.260e-04  PDE=1.535e-04 [colloc=1.332e-04, cfd=2.025e-05]  WALL=1.114e-17  DATA=1.133e-01
Invoked: SSBroyden1 approach!
[BFGS] batch= 142  call=  5826  total=1.256e-04  PDE=1.526e-04 [colloc=1.323e-04, cfd=2.028e-05]  WALL=1.113e-17  DATA=1.133e-01
Invoked: SSBroyden1 approach!
[BFGS] batch= 142  call=  5827  total=1.249e-04  PDE=1.518e-04 [colloc=1.314e-04, cfd=2.033e-05]  WALL=1.112e-17  DATA=1.133e-01
Invoked: SSBroyden1 approach!
[BFGS] batch= 142  call=  5828  total=1.244e-04  PDE=1.506e-04 [colloc=1.302e-04, cfd=2.041e-05]  WALL=1.111e-17  DATA=1.133e-01
Invoked: SSBroyden1 approach!
[BFGS] batch= 142  call=  5829  total=1.234e-04  PDE=1.496e-04 [colloc=1.291e-04, cfd=2.049e-05]  WALL=1.110e-17  DATA=1.133e-01
Invoked: SSBroyden1 approach!
[BFGS] batch= 142  call=  5831  total=1.233e-04  PDE=1.489e-04 [colloc=1.284e-04, cfd=2.053e-05]  WALL=1.109e-17  DATA=1.133e-01
Invoked: SSBroyden1 approach!
[BFGS] batch= 142  call=  5834  total=1.228e-04  PDE=1.488e-04 [colloc=1.282e-04, cfd=2.053e-05]  WALL=1.109e-17  DATA=1.133e-01
Invoked: SSBroyden1 approach!
[BFGS] batch= 142  call=  5835  total=1.225e-04  PDE=1.479e-04 [colloc=1.274e-04, cfd=2.053e-05]  WALL=1.108e-17  DATA=1.133e-01
Invoked: SSBroyden1 approach!
[BFGS] batch= 142  call=  5836  total=1.224e-04  PDE=1.473e-04 [colloc=1.268e-04, cfd=2.056e-05]  WALL=1.109e-17  DATA=1.133e-01
Invoked: SSBroyden1 approach!
[BFGS] batch= 142  call=  5837  total=1.218e-04  PDE=1.469e-04 [colloc=1.263e-04, cfd=2.057e-05]  WALL=1.109e-17  DATA=1.133e-01
Invoked: SSBroyden1 approach!
[BFGS] batch= 142  call=  5838  total=1.214e-04  PDE=1.462e-04 [colloc=1.255e-04, cfd=2.063e-05]  WALL=1.109e-17  DATA=1.133e-01
Invoked: SSBroyden1 approach!
[BFGS] batch= 142  call=  5847  total=1.214e-04  PDE=1.456e-04 [colloc=1.249e-04, cfd=2.065e-05]  WALL=1.111e-17  DATA=1.133e-01
Invoked: SSBroyden1 approach!
[BFGS] batch= 142  call=  5848  total=1.208e-04  PDE=1.454e-04 [colloc=1.247e-04, cfd=2.064e-05]  WALL=1.111e-17  DATA=1.133e-01
Invoked: SSBroyden1 approach!
[BFGS] batch= 142  call=  5850  total=1.208e-04  PDE=1.450e-04 [colloc=1.244e-04, cfd=2.060e-05]  WALL=1.111e-17  DATA=1.133e-01
Invoked: SSBroyden1 approach!
[BFGS] batch= 142  call=  5851  total=1.207e-04  PDE=1.449e-04 [colloc=1.243e-04, cfd=2.060e-05]  WALL=1.111e-17  DATA=1.133e-01
  [PT] w_u=43.4139 w_v=59.0195 gamma=0.432 (tau_u=2.303e-02 tau_v=1.694e-02 |Du|=1.36e-02 |DRu|=3.56e-01)
[BFGS] batch 142: H0 not PD — resetting to identity.
[BFGS-END] batch= 142  last_total=1.210e-04  last_PDE=1.449e-04 [colloc=1.243e-04, cfd=2.060e-05]  last_WALL=1.111e-17  last_DATA=1.133e-01
/oscar/home/jchen790/cylinder flow lab/src/cfp40.py:1430: OptimizeWarning: Unknown solver options: hess, hessp, bounds, constraints, tol
  result = minimize(
Invoked: SSBroyden1 approach!
[BFGS] batch= 143  call=  5871  total=1.239e-04  PDE=1.498e-04 [colloc=1.303e-04, cfd=1.945e-05]  WALL=1.109e-17  DATA=1.133e-01
Invoked: SSBroyden1 approach!
[BFGS] batch= 143  call=  5873  total=1.234e-04  PDE=1.492e-04 [colloc=1.297e-04, cfd=1.945e-05]  WALL=1.106e-17  DATA=1.133e-01
Invoked: SSBroyden1 approach!
[BFGS] batch= 143  call=  5881  total=1.233e-04  PDE=1.489e-04 [colloc=1.294e-04, cfd=1.945e-05]  WALL=1.105e-17  DATA=1.133e-01
Invoked: SSBroyden1 approach!
[BFGS] batch= 143  call=  5882  total=1.230e-04  PDE=1.487e-04 [colloc=1.292e-04, cfd=1.945e-05]  WALL=1.105e-17  DATA=1.133e-01
Invoked: SSBroyden1 approach!
[BFGS] batch= 143  call=  5889  total=1.229e-04  PDE=1.482e-04 [colloc=1.287e-04, cfd=1.945e-05]  WALL=1.105e-17  DATA=1.134e-01
  [PT] w_u=42.7771 w_v=56.0218 gamma=0.429 (tau_u=2.338e-02 tau_v=1.785e-02 |Du|=9.82e-03 |DRu|=3.96e-02)
[BFGS-END] batch= 143  last_total=1.233e-04  last_PDE=1.481e-04 [colloc=1.286e-04, cfd=1.945e-05]  last_WALL=1.106e-17  last_DATA=1.134e-01
/oscar/home/jchen790/cylinder flow lab/src/cfp40.py:1430: OptimizeWarning: Unknown solver options: hess, hessp, bounds, constraints, tol
  result = minimize(
Invoked: SSBroyden1 approach!
[BFGS] batch= 144  call=  5909  total=1.336e-04  PDE=1.638e-04 [colloc=1.449e-04, cfd=1.896e-05]  WALL=1.109e-17  DATA=1.133e-01
Invoked: SSBroyden1 approach!
[BFGS] batch= 144  call=  5910  total=1.334e-04  PDE=1.632e-04 [colloc=1.442e-04, cfd=1.896e-05]  WALL=1.108e-17  DATA=1.134e-01
Invoked: SSBroyden1 approach!
[BFGS] batch= 144  call=  5911  total=1.329e-04  PDE=1.627e-04 [colloc=1.438e-04, cfd=1.896e-05]  WALL=1.108e-17  DATA=1.134e-01
Invoked: SSBroyden1 approach!
[BFGS] batch= 144  call=  5912  total=1.323e-04  PDE=1.625e-04 [colloc=1.435e-04, cfd=1.896e-05]  WALL=1.106e-17  DATA=1.133e-01
  [PT] w_u=42.9497 w_v=57.3109 gamma=0.425 (tau_u=2.328e-02 tau_v=1.745e-02 |Du|=4.98e-03 |DRu|=2.17e-02)
[BFGS-END] batch= 144  last_total=1.330e-04  last_PDE=1.625e-04 [colloc=1.435e-04, cfd=1.896e-05]  last_WALL=1.106e-17  last_DATA=1.133e-01
/oscar/home/jchen790/cylinder flow lab/src/cfp40.py:1430: OptimizeWarning: Unknown solver options: hess, hessp, bounds, constraints, tol
  result = minimize(
  [PT] w_u=30.0118 w_v=38.2625 gamma=0.430 (tau_u=3.332e-02 tau_v=2.614e-02 |Du|=1.88e-04 |DRu|=3.36e-04)
[BFGS-END] batch= 145  last_total=1.366e-04  last_PDE=1.685e-04 [colloc=1.499e-04, cfd=1.865e-05]  last_WALL=1.106e-17  last_DATA=1.133e-01
/oscar/home/jchen790/cylinder flow lab/src/cfp40.py:1430: OptimizeWarning: Unknown solver options: hess, hessp, bounds, constraints, tol
  result = minimize(
Invoked: SSBroyden1 approach!
[BFGS] batch= 146  call=  5952  total=1.333e-04  PDE=1.635e-04 [colloc=1.437e-04, cfd=1.980e-05]  WALL=1.105e-17  DATA=1.133e-01
Invoked: SSBroyden1 approach!
[BFGS] batch= 146  call=  5953  total=1.328e-04  PDE=1.625e-04 [colloc=1.426e-04, cfd=1.983e-05]  WALL=1.105e-17  DATA=1.133e-01
Invoked: SSBroyden1 approach!
[BFGS] batch= 146  call=  5954  total=1.318e-04  PDE=1.613e-04 [colloc=1.415e-04, cfd=1.986e-05]  WALL=1.105e-17  DATA=1.133e-01
Invoked: SSBroyden1 approach!
[BFGS] batch= 146  call=  5955  total=1.306e-04  PDE=1.590e-04 [colloc=1.391e-04, cfd=1.997e-05]  WALL=1.104e-17  DATA=1.133e-01
Invoked: SSBroyden1 approach!
[BFGS] batch= 146  call=  5956  total=1.292e-04  PDE=1.567e-04 [colloc=1.367e-04, cfd=2.009e-05]  WALL=1.107e-17  DATA=1.133e-01
Invoked: SSBroyden1 approach!
[BFGS] batch= 146  call=  5957  total=1.276e-04  PDE=1.545e-04 [colloc=1.344e-04, cfd=2.014e-05]  WALL=1.109e-17  DATA=1.134e-01
Invoked: SSBroyden1 approach!
[BFGS] batch= 146  call=  5958  total=1.262e-04  PDE=1.528e-04 [colloc=1.327e-04, cfd=2.014e-05]  WALL=1.111e-17  DATA=1.133e-01
Invoked: SSBroyden1 approach!
[BFGS] batch= 146  call=  5959  total=1.258e-04  PDE=1.520e-04 [colloc=1.317e-04, cfd=2.025e-05]  WALL=1.114e-17  DATA=1.133e-01
Invoked: SSBroyden1 approach!
[BFGS] batch= 146  call=  5960  total=1.252e-04  PDE=1.513e-04 [colloc=1.309e-04, cfd=2.038e-05]  WALL=1.115e-17  DATA=1.133e-01
Invoked: SSBroyden1 approach!
[BFGS] batch= 146  call=  5961  total=1.244e-04  PDE=1.506e-04 [colloc=1.299e-04, cfd=2.071e-05]  WALL=1.115e-17  DATA=1.133e-01
Invoked: SSBroyden1 approach!
[BFGS] batch= 146  call=  5962  total=1.244e-04  PDE=1.496e-04 [colloc=1.282e-04, cfd=2.139e-05]  WALL=1.116e-17  DATA=1.133e-01
Invoked: SSBroyden1 approach!
[BFGS] batch= 146  call=  5964  total=1.234e-04  PDE=1.493e-04 [colloc=1.280e-04, cfd=2.132e-05]  WALL=1.116e-17  DATA=1.133e-01
Invoked: SSBroyden1 approach!
[BFGS] batch= 146  call=  5973  total=1.234e-04  PDE=1.486e-04 [colloc=1.279e-04, cfd=2.073e-05]  WALL=1.118e-17  DATA=1.133e-01
  [PT] w_u=33.3226 w_v=42.4889 gamma=0.438 (tau_u=3.001e-02 tau_v=2.354e-02 |Du|=2.54e-02 |DRu|=1.15e+00)
[BFGS-END] batch= 146  last_total=1.237e-04  last_PDE=1.486e-04 [colloc=1.279e-04, cfd=2.073e-05]  last_WALL=1.118e-17  last_DATA=1.133e-01
/oscar/home/jchen790/cylinder flow lab/src/cfp40.py:1430: OptimizeWarning: Unknown solver options: hess, hessp, bounds, constraints, tol
  result = minimize(
Invoked: SSBroyden1 approach!
[BFGS] batch= 147  call=  5994  total=1.455e-04  PDE=1.818e-04 [colloc=1.598e-04, cfd=2.198e-05]  WALL=1.118e-17  DATA=1.133e-01
Invoked: SSBroyden1 approach!
[BFGS] batch= 147  call=  5995  total=1.438e-04  PDE=1.798e-04 [colloc=1.578e-04, cfd=2.199e-05]  WALL=1.119e-17  DATA=1.133e-01
Invoked: SSBroyden1 approach!
[BFGS] batch= 147  call=  5997  total=1.436e-04  PDE=1.783e-04 [colloc=1.566e-04, cfd=2.172e-05]  WALL=1.117e-17  DATA=1.133e-01
Invoked: SSBroyden1 approach!
[BFGS] batch= 147  call=  5998  total=1.424e-04  PDE=1.776e-04 [colloc=1.560e-04, cfd=2.160e-05]  WALL=1.117e-17  DATA=1.133e-01
Invoked: SSBroyden1 approach!
[BFGS] batch= 147  call=  5999  total=1.414e-04  PDE=1.756e-04 [colloc=1.542e-04, cfd=2.134e-05]  WALL=1.115e-17  DATA=1.133e-01
Invoked: SSBroyden1 approach!
[BFGS] batch= 147  call=  6000  total=1.400e-04  PDE=1.732e-04 [colloc=1.518e-04, cfd=2.144e-05]  WALL=1.114e-17  DATA=1.133e-01
Invoked: SSBroyden1 approach!
[BFGS] batch= 147  call=  6001  total=1.388e-04  PDE=1.712e-04 [colloc=1.494e-04, cfd=2.175e-05]  WALL=1.113e-17  DATA=1.133e-01
Invoked: SSBroyden1 approach!
[BFGS] batch= 147  call=  6002  total=1.363e-04  PDE=1.685e-04 [colloc=1.467e-04, cfd=2.179e-05]  WALL=1.114e-17  DATA=1.133e-01
Invoked: SSBroyden1 approach!
[BFGS] batch= 147  call=  6003  total=1.346e-04  PDE=1.649e-04 [colloc=1.437e-04, cfd=2.121e-05]  WALL=1.115e-17  DATA=1.133e-01
Invoked: SSBroyden1 approach!
[BFGS] batch= 147  call=  6004  total=1.326e-04  PDE=1.626e-04 [colloc=1.415e-04, cfd=2.119e-05]  WALL=1.119e-17  DATA=1.133e-01
Invoked: SSBroyden1 approach!
[BFGS] batch= 147  call=  6005  total=1.301e-04  PDE=1.586e-04 [colloc=1.373e-04, cfd=2.130e-05]  WALL=1.119e-17  DATA=1.133e-01
Invoked: SSBroyden1 approach!
[BFGS] batch= 147  call=  6006  total=1.281e-04  PDE=1.550e-04 [colloc=1.336e-04, cfd=2.148e-05]  WALL=1.119e-17  DATA=1.133e-01
Invoked: SSBroyden1 approach!
[BFGS] batch= 147  call=  6007  total=1.261e-04  PDE=1.517e-04 [colloc=1.303e-04, cfd=2.133e-05]  WALL=1.119e-17  DATA=1.133e-01
Invoked: SSBroyden1 approach!
[BFGS] batch= 147  call=  6008  total=1.255e-04  PDE=1.497e-04 [colloc=1.283e-04, cfd=2.139e-05]  WALL=1.122e-17  DATA=1.133e-01
Invoked: SSBroyden1 approach!
[BFGS] batch= 147  call=  6009  total=1.246e-04  PDE=1.482e-04 [colloc=1.268e-04, cfd=2.140e-05]  WALL=1.121e-17  DATA=1.133e-01
Invoked: SSBroyden1 approach!
[BFGS] batch= 147  call=  6010  total=1.240e-04  PDE=1.470e-04 [colloc=1.256e-04, cfd=2.141e-05]  WALL=1.122e-17  DATA=1.133e-01
Invoked: SSBroyden1 approach!
[BFGS] batch= 147  call=  6011  total=1.225e-04  PDE=1.458e-04 [colloc=1.244e-04, cfd=2.142e-05]  WALL=1.121e-17  DATA=1.133e-01
Invoked: SSBroyden1 approach!
[BFGS] batch= 147  call=  6013  total=1.218e-04  PDE=1.450e-04 [colloc=1.236e-04, cfd=2.143e-05]  WALL=1.118e-17  DATA=1.133e-01
Invoked: SSBroyden1 approach!
[BFGS] batch= 147  call=  6014  total=1.212e-04  PDE=1.440e-04 [colloc=1.226e-04, cfd=2.140e-05]  WALL=1.119e-17  DATA=1.133e-01
Invoked: SSBroyden1 approach!
[BFGS] batch= 147  call=  6015  total=1.208e-04  PDE=1.438e-04 [colloc=1.224e-04, cfd=2.138e-05]  WALL=1.115e-17  DATA=1.133e-01
Invoked: SSBroyden1 approach!
[BFGS] batch= 147  call=  6016  total=1.202e-04  PDE=1.432e-04 [colloc=1.219e-04, cfd=2.129e-05]  WALL=1.113e-17  DATA=1.133e-01
Invoked: SSBroyden1 approach!
[BFGS] batch= 147  call=  6018  total=1.198e-04  PDE=1.428e-04 [colloc=1.215e-04, cfd=2.128e-05]  WALL=1.113e-17  DATA=1.133e-01
  [PT] w_u=37.0069 w_v=47.1875 gamma=0.452 (tau_u=2.702e-02 tau_v=2.119e-02 |Du|=2.55e-02 |DRu|=1.49e+00)
[BFGS] batch 147: H0 not PD — resetting to identity.
[BFGS-END] batch= 147  last_total=1.204e-04  last_PDE=1.428e-04 [colloc=1.215e-04, cfd=2.128e-05]  last_WALL=1.113e-17  last_DATA=1.133e-01
[BFGS] done. total_calls=6038  best_loss=7.445735e-05
[train] Saved -> ../runs/ablation/pt_wide/checkpoints/pinn_Re40_single.pt
[viz] loaded ../runs/ablation/pt_wide/checkpoints/pinn_Re40_single.pt

============================================================
ABSOLUTE error on CFD point cloud (target: ~1e-4 ~ 1e-5)
============================================================
  points used           : 4869
  speed magnitude (mean): 7.0030e-01
  mae_u                 : 2.1934e-01
  mae_v                 : 7.3657e-02
  rmse_u                : 3.1008e-01
  rmse_v                : 1.3115e-01
  max |eu|              : 1.0010e+00
  max |ev|              : 5.8294e-01
  rel_l2_u              : 3.8302e-01
  rel_l2_v              : 1.0357e+00

[viz] saved ../runs/ablation/pt_wide/viz/re40_single_vorticity.png
[viz] saved ../runs/ablation/pt_wide/viz/re40_single_speed.png
