## SLURM PROLOG ###############################################################
##    Job ID : 3676260
##  Job Name : pinn_re40_pt
##  Nodelist : gpu2262
##      CPUs : 
##  Mem/Node : 131072 MB
## Directory : /oscar/home/jchen790/cylinder flow lab
##   Job Started : Mon Jul  6 10:33:30 PM EDT 2026
###############################################################################
[OK] _optimize._minimize_bfgs loaded — SSBroyden / SSBFGS variants available
Loaded Re40.vtk  cells=8234
Model: width=96, depth=5, params=38018
Loss weights: adaptive during Adam, frozen during BFGS
Cylinder no-slip: enforced hard through stream-function lifting
CFD-aware PDE residual: n_cfd_pde=8000, lambda_pde_cfd=1.0
[PT  ] pseudo-time stepping ENABLED  w_init=1.0  ema=0.9
[mem ] params=38018  H0 (NxN float64) = 10.77 GB  available ~ 128.0 GB
============================================================
Phase 1 — Adam (2000 epochs)
Goal: match CFD while improving PDE and enforcing wall no-slip exactly
============================================================
  [PT] w=1.7146  (raw=8.1461  ‖ΔR‖=6.276e+02  ‖Δu‖=7.704e+01)
  [PT] w=1.9530  (raw=4.0981  ‖ΔR‖=6.915e+01  ‖Δu‖=1.687e+01)
  [PT] w=2.3878  (raw=6.3011  ‖ΔR‖=2.309e+02  ‖Δu‖=3.665e+01)
  [PT] w=2.9503  (raw=8.0129  ‖ΔR‖=3.125e+02  ‖Δu‖=3.900e+01)
  [PT] w=4.5676  (raw=19.1240  ‖ΔR‖=1.036e+02  ‖Δu‖=5.417e+00)
  [PT] w=4.5275  (raw=4.1662  ‖ΔR‖=6.719e+01  ‖Δu‖=1.613e+01)
  [PT] w=4.5065  (raw=4.3173  ‖ΔR‖=1.131e+02  ‖Δu‖=2.620e+01)
  [PT] w=4.5429  (raw=4.8706  ‖ΔR‖=1.529e+02  ‖Δu‖=3.140e+01)
  [PT] w=4.7238  (raw=6.3520  ‖ΔR‖=1.978e+02  ‖Δu‖=3.113e+01)
  [PT] w=5.0791  (raw=8.2765  ‖ΔR‖=1.201e+02  ‖Δu‖=1.451e+01)
  [PT] w=5.1544  (raw=5.8326  ‖ΔR‖=7.724e+01  ‖Δu‖=1.324e+01)
  [PT] w=5.0447  (raw=4.0576  ‖ΔR‖=7.401e+01  ‖Δu‖=1.824e+01)
  [PT] w=4.9134  (raw=3.7317  ‖ΔR‖=8.372e+01  ‖Δu‖=2.244e+01)
  [PT] w=4.8212  (raw=3.9915  ‖ΔR‖=9.933e+01  ‖Δu‖=2.488e+01)
  [PT] w=4.8119  (raw=4.7281  ‖ΔR‖=1.157e+02  ‖Δu‖=2.447e+01)
  [PT] w=4.8014  (raw=4.7067  ‖ΔR‖=7.285e+01  ‖Δu‖=1.548e+01)
  [PT] w=4.6906  (raw=3.6929  ‖ΔR‖=4.992e+01  ‖Δu‖=1.352e+01)
  [PT] w=4.5544  (raw=3.3290  ‖ΔR‖=5.111e+01  ‖Δu‖=1.535e+01)
  [PT] w=4.4437  (raw=3.4478  ‖ΔR‖=5.896e+01  ‖Δu‖=1.710e+01)
  [PT] w=4.3905  (raw=3.9117  ‖ΔR‖=6.573e+01  ‖Δu‖=1.680e+01)
[Adam] ep=   20  total=4.304e+00  PDE=3.030e-01 [colloc=2.980e-01, cfd=4.944e-03] (w=2.444)  IN=8.299e-01 (w=1.276)  TB=9.189e-01 (w=1.296)  WALL=1.219e-14 (w=0.200)  OUT=2.848e-02 (w=0.507)  DATA=3.677e-01 (w=3.535)
  [PT] w=4.2911  (raw=3.3963  ‖ΔR‖=3.969e+01  ‖Δu‖=1.169e+01)
  [PT] w=4.1508  (raw=2.8876  ‖ΔR‖=2.948e+01  ‖Δu‖=1.021e+01)
  [PT] w=4.1104  (raw=3.7472  ‖ΔR‖=3.988e+01  ‖Δu‖=1.064e+01)
  [PT] w=3.9908  (raw=2.9148  ‖ΔR‖=2.565e+01  ‖Δu‖=8.799e+00)
  [PT] w=3.9334  (raw=3.4162  ‖ΔR‖=2.752e+01  ‖Δu‖=8.057e+00)
  [PT] w=4.0191  (raw=4.7905  ‖ΔR‖=2.340e+01  ‖Δu‖=4.886e+00)
  [PT] w=3.8899  (raw=2.7271  ‖ΔR‖=1.460e+01  ‖Δu‖=5.354e+00)
  [PT] w=3.8353  (raw=3.3442  ‖ΔR‖=3.053e+01  ‖Δu‖=9.130e+00)
  [PT] w=3.6829  (raw=2.3109  ‖ΔR‖=2.087e+01  ‖Δu‖=9.032e+00)
  [PT] w=3.5377  (raw=2.2314  ‖ΔR‖=1.907e+01  ‖Δu‖=8.546e+00)
  [PT] w=3.5232  (raw=3.3926  ‖ΔR‖=3.372e+01  ‖Δu‖=9.938e+00)
  [PT] w=3.4864  (raw=3.1553  ‖ΔR‖=2.114e+01  ‖Δu‖=6.698e+00)
  [PT] w=3.8677  (raw=7.2991  ‖ΔR‖=2.403e+01  ‖Δu‖=3.292e+00)
  [PT] w=3.7673  (raw=2.8633  ‖ΔR‖=1.498e+01  ‖Δu‖=5.233e+00)
  [PT] w=3.8855  (raw=4.9493  ‖ΔR‖=3.805e+01  ‖Δu‖=7.688e+00)
  [PT] w=3.7816  (raw=2.8470  ‖ΔR‖=2.120e+01  ‖Δu‖=7.445e+00)
  [PT] w=3.8849  (raw=4.8145  ‖ΔR‖=3.396e+01  ‖Δu‖=7.055e+00)
  [PT] w=3.7814  (raw=2.8499  ‖ΔR‖=1.885e+01  ‖Δu‖=6.615e+00)
  [PT] w=3.6539  (raw=2.5065  ‖ΔR‖=2.777e+01  ‖Δu‖=1.108e+01)
  [PT] w=3.5746  (raw=2.8608  ‖ΔR‖=4.761e+01  ‖Δu‖=1.664e+01)
[Adam] ep=   40  total=2.829e+00  PDE=3.294e-02 [colloc=3.034e-02, cfd=2.595e-03] (w=1.389)  IN=5.134e-01 (w=1.525)  TB=6.978e-01 (w=1.657)  WALL=1.151e-15 (w=0.200)  OUT=3.477e-03 (w=0.306)  DATA=2.131e-01 (w=3.954)
  [PT] w=3.4663  (raw=2.4921  ‖ΔR‖=2.937e+01  ‖Δu‖=1.178e+01)
  [PT] w=3.7711  (raw=6.5137  ‖ΔR‖=4.247e+01  ‖Δu‖=6.521e+00)
  [PT] w=3.7340  (raw=3.4002  ‖ΔR‖=1.822e+01  ‖Δu‖=5.358e+00)
  [PT] w=3.8414  (raw=4.8075  ‖ΔR‖=5.333e+01  ‖Δu‖=1.109e+01)
  [PT] w=3.7296  (raw=2.7237  ‖ΔR‖=3.143e+01  ‖Δu‖=1.154e+01)
  [PT] w=3.8339  (raw=4.7731  ‖ΔR‖=4.743e+01  ‖Δu‖=9.937e+00)
  [PT] w=3.6991  (raw=2.4856  ‖ΔR‖=9.908e+00  ‖Δu‖=3.986e+00)
  [PT] w=3.8391  (raw=5.0988  ‖ΔR‖=5.595e+01  ‖Δu‖=1.097e+01)
  [PT] w=3.6863  (raw=2.3111  ‖ΔR‖=2.330e+01  ‖Δu‖=1.008e+01)
  [PT] w=4.0018  (raw=6.8418  ‖ΔR‖=7.106e+01  ‖Δu‖=1.039e+01)
  [PT] w=3.8978  (raw=2.9616  ‖ΔR‖=1.591e+01  ‖Δu‖=5.373e+00)
  [PT] w=4.0971  (raw=5.8907  ‖ΔR‖=5.626e+01  ‖Δu‖=9.551e+00)
  [PT] w=4.1890  (raw=5.0159  ‖ΔR‖=6.292e+01  ‖Δu‖=1.254e+01)
  [PT] w=4.0498  (raw=2.7969  ‖ΔR‖=3.498e+01  ‖Δu‖=1.251e+01)
  [PT] w=4.1346  (raw=4.8983  ‖ΔR‖=7.368e+01  ‖Δu‖=1.504e+01)
  [PT] w=4.0422  (raw=3.2108  ‖ΔR‖=1.786e+01  ‖Δu‖=5.562e+00)
  [PT] w=4.1008  (raw=4.6278  ‖ΔR‖=5.281e+01  ‖Δu‖=1.141e+01)
  [PT] w=3.9392  (raw=2.4844  ‖ΔR‖=3.762e+01  ‖Δu‖=1.514e+01)
  [PT] w=3.8775  (raw=3.3223  ‖ΔR‖=3.504e+01  ‖Δu‖=1.055e+01)
  [PT] w=3.9362  (raw=4.4644  ‖ΔR‖=4.941e+01  ‖Δu‖=1.107e+01)
[Adam] ep=   60  total=1.422e+00  PDE=1.164e-01 [colloc=1.092e-01, cfd=7.170e-03] (w=1.342)  IN=1.656e-01 (w=1.413)  TB=3.526e-01 (w=1.783)  WALL=2.418e-15 (w=0.200)  OUT=2.607e-03 (w=0.241)  DATA=1.023e-01 (w=3.929)
  [PT] w=3.8521  (raw=3.0960  ‖ΔR‖=2.586e+01  ‖Δu‖=8.354e+00)
  [PT] w=3.8475  (raw=3.8058  ‖ΔR‖=6.521e+01  ‖Δu‖=1.713e+01)
  [PT] w=3.9705  (raw=5.0772  ‖ΔR‖=3.955e+01  ‖Δu‖=7.789e+00)
  [PT] w=4.1954  (raw=6.2202  ‖ΔR‖=5.731e+01  ‖Δu‖=9.214e+00)
  [PT] w=4.1131  (raw=3.3725  ‖ΔR‖=4.127e+01  ‖Δu‖=1.224e+01)
  [PT] w=4.8701  (raw=11.6828  ‖ΔR‖=1.277e+02  ‖Δu‖=1.093e+01)
  [PT] w=5.2207  (raw=8.3763  ‖ΔR‖=5.131e+01  ‖Δu‖=6.126e+00)
  [PT] w=5.0803  (raw=3.8159  ‖ΔR‖=5.966e+01  ‖Δu‖=1.563e+01)
  [PT] w=5.1114  (raw=5.3921  ‖ΔR‖=1.342e+02  ‖Δu‖=2.488e+01)
  [PT] w=5.3499  (raw=7.4957  ‖ΔR‖=1.073e+02  ‖Δu‖=1.432e+01)
  [PT] w=5.2592  (raw=4.4435  ‖ΔR‖=5.262e+01  ‖Δu‖=1.184e+01)
  [PT] w=5.1140  (raw=3.8066  ‖ΔR‖=7.304e+01  ‖Δu‖=1.919e+01)
  [PT] w=5.0606  (raw=4.5802  ‖ΔR‖=1.242e+02  ‖Δu‖=2.712e+01)
  [PT] w=4.9286  (raw=3.7409  ‖ΔR‖=5.178e+01  ‖Δu‖=1.384e+01)
  [PT] w=4.9585  (raw=5.2278  ‖ΔR‖=4.634e+01  ‖Δu‖=8.864e+00)
  [PT] w=4.9605  (raw=4.9785  ‖ΔR‖=9.559e+01  ‖Δu‖=1.920e+01)
  [PT] w=4.7484  (raw=2.8392  ‖ΔR‖=3.195e+01  ‖Δu‖=1.125e+01)
  [PT] w=5.4058  (raw=11.3221  ‖ΔR‖=1.032e+02  ‖Δu‖=9.119e+00)
  [PT] w=5.6520  (raw=7.8682  ‖ΔR‖=3.874e+01  ‖Δu‖=4.924e+00)
  [PT] w=5.4923  (raw=4.0547  ‖ΔR‖=6.445e+01  ‖Δu‖=1.589e+01)
[Adam] ep=   80  total=1.497e+00  PDE=3.706e-01 [colloc=3.599e-01, cfd=1.072e-02] (w=2.588)  IN=7.297e-02 (w=1.062)  TB=1.585e-01 (w=1.442)  WALL=4.743e-15 (w=0.200)  OUT=4.378e-03 (w=0.229)  DATA=6.597e-02 (w=3.493)
  [PT] w=5.4728  (raw=5.2976  ‖ΔR‖=1.259e+02  ‖Δu‖=2.377e+01)
  [PT] w=5.3251  (raw=3.9954  ‖ΔR‖=5.187e+01  ‖Δu‖=1.298e+01)
  [PT] w=5.1940  (raw=4.0140  ‖ΔR‖=4.913e+01  ‖Δu‖=1.224e+01)
  [PT] w=5.1910  (raw=5.1640  ‖ΔR‖=9.771e+01  ‖Δu‖=1.892e+01)
  [PT] w=5.0380  (raw=3.6611  ‖ΔR‖=7.447e+01  ‖Δu‖=2.034e+01)
  [PT] w=4.9427  (raw=4.0855  ‖ΔR‖=5.259e+01  ‖Δu‖=1.287e+01)
  [PT] w=5.0971  (raw=6.4869  ‖ΔR‖=8.829e+01  ‖Δu‖=1.361e+01)
  [PT] w=4.8916  (raw=3.0414  ‖ΔR‖=2.809e+01  ‖Δu‖=9.236e+00)
  [PT] w=5.2335  (raw=8.3113  ‖ΔR‖=9.910e+01  ‖Δu‖=1.192e+01)
  [PT] w=5.8333  (raw=11.2310  ‖ΔR‖=4.131e+01  ‖Δu‖=3.679e+00)
  [PT] w=5.6264  (raw=3.7646  ‖ΔR‖=5.007e+01  ‖Δu‖=1.330e+01)
  [PT] w=5.5156  (raw=4.5185  ‖ΔR‖=1.000e+02  ‖Δu‖=2.214e+01)
  [PT] w=5.2604  (raw=2.9632  ‖ΔR‖=3.240e+01  ‖Δu‖=1.093e+01)
  [PT] w=5.2864  (raw=5.5202  ‖ΔR‖=4.840e+01  ‖Δu‖=8.767e+00)
  [PT] w=5.1576  (raw=3.9991  ‖ΔR‖=5.482e+01  ‖Δu‖=1.371e+01)
  [PT] w=5.2932  (raw=6.5129  ‖ΔR‖=4.362e+01  ‖Δu‖=6.697e+00)
  [PT] w=5.2073  (raw=4.4342  ‖ΔR‖=8.337e+01  ‖Δu‖=1.880e+01)
  [PT] w=4.9645  (raw=2.7796  ‖ΔR‖=3.678e+01  ‖Δu‖=1.323e+01)
  [PT] w=5.1215  (raw=6.5341  ‖ΔR‖=9.100e+01  ‖Δu‖=1.393e+01)
  [PT] w=5.3139  (raw=7.0460  ‖ΔR‖=4.628e+01  ‖Δu‖=6.569e+00)
[Adam] ep=  100  total=1.656e+00  PDE=3.670e-01 [colloc=3.597e-01, cfd=7.352e-03] (w=2.629)  IN=7.758e-02 (w=1.066)  TB=1.439e-01 (w=1.367)  WALL=1.154e-14 (w=0.200)  OUT=1.680e-03 (w=0.200)  DATA=1.087e-01 (w=3.780)
  [PT] w=5.1373  (raw=3.5472  ‖ΔR‖=3.912e+01  ‖Δu‖=1.103e+01)
  [PT] w=5.0699  (raw=4.4637  ‖ΔR‖=8.451e+01  ‖Δu‖=1.893e+01)
  [PT] w=4.8173  (raw=2.5444  ‖ΔR‖=3.752e+01  ‖Δu‖=1.475e+01)
  [PT] w=4.8259  (raw=4.9033  ‖ΔR‖=5.396e+01  ‖Δu‖=1.101e+01)
  [PT] w=5.5101  (raw=11.6677  ‖ΔR‖=2.978e+01  ‖Δu‖=2.552e+00)
  [PT] w=5.3167  (raw=3.5761  ‖ΔR‖=5.484e+01  ‖Δu‖=1.533e+01)
  [PT] w=5.0963  (raw=3.1126  ‖ΔR‖=5.018e+01  ‖Δu‖=1.612e+01)
  [PT] w=5.2630  (raw=6.7638  ‖ΔR‖=8.161e+01  ‖Δu‖=1.207e+01)
  [PT] w=5.0628  (raw=3.2607  ‖ΔR‖=1.613e+01  ‖Δu‖=4.948e+00)
  [PT] w=5.0995  (raw=5.4298  ‖ΔR‖=5.991e+01  ‖Δu‖=1.103e+01)
  [PT] w=5.1861  (raw=5.9655  ‖ΔR‖=1.157e+02  ‖Δu‖=1.939e+01)
  [PT] w=5.0927  (raw=4.2515  ‖ΔR‖=3.856e+01  ‖Δu‖=9.069e+00)
  [PT] w=5.0945  (raw=5.1113  ‖ΔR‖=3.890e+01  ‖Δu‖=7.611e+00)
  [PT] w=5.2406  (raw=6.5549  ‖ΔR‖=9.511e+01  ‖Δu‖=1.451e+01)
  [PT] w=5.0468  (raw=3.3035  ‖ΔR‖=3.783e+01  ‖Δu‖=1.145e+01)
  [PT] w=5.0227  (raw=4.8058  ‖ΔR‖=4.834e+01  ‖Δu‖=1.006e+01)
  [PT] w=5.0547  (raw=5.3419  ‖ΔR‖=3.132e+01  ‖Δu‖=5.863e+00)
  [PT] w=5.0663  (raw=5.1712  ‖ΔR‖=3.489e+01  ‖Δu‖=6.747e+00)
  [PT] w=5.0125  (raw=4.5278  ‖ΔR‖=4.060e+01  ‖Δu‖=8.967e+00)
  [PT] w=4.9783  (raw=4.6713  ‖ΔR‖=4.044e+01  ‖Δu‖=8.657e+00)
[Adam] ep=  120  total=5.893e-01  PDE=4.771e-02 [colloc=4.482e-02, cfd=2.889e-03] (w=2.326)  IN=7.772e-02 (w=1.161)  TB=1.319e-01 (w=1.501)  WALL=4.785e-16 (w=0.200)  OUT=1.635e-03 (w=0.200)  DATA=4.825e-02 (w=3.934)
  [PT] w=4.7857  (raw=3.0521  ‖ΔR‖=1.360e+01  ‖Δu‖=4.457e+00)
  [PT] w=4.5689  (raw=2.6178  ‖ΔR‖=4.221e+01  ‖Δu‖=1.612e+01)
  [PT] w=4.6079  (raw=4.9585  ‖ΔR‖=3.633e+01  ‖Δu‖=7.326e+00)
  [PT] w=4.6488  (raw=5.0168  ‖ΔR‖=4.381e+01  ‖Δu‖=8.732e+00)
  [PT] w=4.4585  (raw=2.7458  ‖ΔR‖=3.018e+01  ‖Δu‖=1.099e+01)
  [PT] w=4.4203  (raw=4.0768  ‖ΔR‖=7.132e+01  ‖Δu‖=1.749e+01)
  [PT] w=4.2510  (raw=2.7269  ‖ΔR‖=2.738e+01  ‖Δu‖=1.004e+01)
  [PT] w=4.5077  (raw=6.8182  ‖ΔR‖=6.749e+01  ‖Δu‖=9.899e+00)
  [PT] w=4.3480  (raw=2.9106  ‖ΔR‖=2.036e+01  ‖Δu‖=6.995e+00)
  [PT] w=4.3630  (raw=4.4985  ‖ΔR‖=8.234e+01  ‖Δu‖=1.830e+01)
  [PT] w=4.1802  (raw=2.5351  ‖ΔR‖=4.317e+01  ‖Δu‖=1.703e+01)
  [PT] w=4.3284  (raw=5.6617  ‖ΔR‖=1.003e+02  ‖Δu‖=1.771e+01)
  [PT] w=4.5658  (raw=6.7025  ‖ΔR‖=3.526e+01  ‖Δu‖=5.261e+00)
  [PT] w=4.5530  (raw=4.4378  ‖ΔR‖=4.074e+01  ‖Δu‖=9.180e+00)
  [PT] w=4.5878  (raw=4.9012  ‖ΔR‖=9.025e+01  ‖Δu‖=1.841e+01)
  [PT] w=4.3851  (raw=2.5603  ‖ΔR‖=3.699e+01  ‖Δu‖=1.445e+01)
  [PT] w=4.4029  (raw=4.5633  ‖ΔR‖=7.778e+01  ‖Δu‖=1.704e+01)
  [PT] w=4.2498  (raw=2.8718  ‖ΔR‖=3.553e+01  ‖Δu‖=1.237e+01)
  [PT] w=4.7598  (raw=9.3496  ‖ΔR‖=9.199e+01  ‖Δu‖=9.839e+00)
  [PT] w=5.1711  (raw=8.8729  ‖ΔR‖=2.437e+01  ‖Δu‖=2.747e+00)
[Adam] ep=  140  total=1.261e+00  PDE=2.896e-01 [colloc=2.857e-01, cfd=3.921e-03] (w=2.634)  IN=6.805e-02 (w=1.082)  TB=8.455e-02 (w=1.295)  WALL=7.355e-15 (w=0.200)  OUT=2.217e-03 (w=0.200)  DATA=7.746e-02 (w=4.058)
  [PT] w=5.1083  (raw=4.5435  ‖ΔR‖=5.246e+01  ‖Δu‖=1.155e+01)
  [PT] w=5.1606  (raw=5.6311  ‖ΔR‖=1.112e+02  ‖Δu‖=1.975e+01)
  [PT] w=5.0362  (raw=3.9171  ‖ΔR‖=3.920e+01  ‖Δu‖=1.001e+01)
  [PT] w=4.9613  (raw=4.2869  ‖ΔR‖=4.227e+01  ‖Δu‖=9.860e+00)
  [PT] w=5.0359  (raw=5.7071  ‖ΔR‖=9.451e+01  ‖Δu‖=1.656e+01)
  [PT] w=4.8432  (raw=3.1093  ‖ΔR‖=1.542e+01  ‖Δu‖=4.958e+00)
  [PT] w=5.1747  (raw=8.1578  ‖ΔR‖=6.783e+01  ‖Δu‖=8.315e+00)
  [PT] w=4.9180  (raw=2.6077  ‖ΔR‖=2.307e+01  ‖Δu‖=8.847e+00)
  [PT] w=4.9898  (raw=5.6357  ‖ΔR‖=7.846e+01  ‖Δu‖=1.392e+01)
  [PT] w=4.7673  (raw=2.7652  ‖ΔR‖=1.687e+01  ‖Δu‖=6.101e+00)
  [PT] w=4.8247  (raw=5.3413  ‖ΔR‖=5.491e+01  ‖Δu‖=1.028e+01)
  [PT] w=4.7968  (raw=4.5460  ‖ΔR‖=7.042e+01  ‖Δu‖=1.549e+01)
  [PT] w=4.6100  (raw=2.9289  ‖ΔR‖=2.533e+01  ‖Δu‖=8.647e+00)
  [PT] w=4.8187  (raw=6.6970  ‖ΔR‖=7.201e+01  ‖Δu‖=1.075e+01)
  [PT] w=4.6395  (raw=3.0265  ‖ΔR‖=1.870e+01  ‖Δu‖=6.178e+00)
  [PT] w=4.9705  (raw=7.9496  ‖ΔR‖=8.859e+01  ‖Δu‖=1.114e+01)
  [PT] w=4.8154  (raw=3.4192  ‖ΔR‖=2.810e+01  ‖Δu‖=8.217e+00)
  [PT] w=4.7894  (raw=4.5557  ‖ΔR‖=6.302e+01  ‖Δu‖=1.383e+01)
  [PT] w=4.9528  (raw=6.4229  ‖ΔR‖=1.281e+02  ‖Δu‖=1.994e+01)
  [PT] w=5.0307  (raw=5.7316  ‖ΔR‖=5.775e+01  ‖Δu‖=1.008e+01)
[Adam] ep=  160  total=1.704e+00  PDE=4.515e-01 [colloc=4.490e-01, cfd=2.520e-03] (w=2.750)  IN=6.713e-02 (w=1.099)  TB=8.487e-02 (w=1.230)  WALL=1.506e-14 (w=0.200)  OUT=2.103e-03 (w=0.200)  DATA=7.554e-02 (w=3.748)
  [PT] w=4.8512  (raw=3.2357  ‖ΔR‖=2.554e+01  ‖Δu‖=7.893e+00)
  [PT] w=4.8993  (raw=5.3322  ‖ΔR‖=7.311e+01  ‖Δu‖=1.371e+01)
  [PT] w=4.9926  (raw=5.8323  ‖ΔR‖=1.175e+02  ‖Δu‖=2.015e+01)
  [PT] w=4.9222  (raw=4.2891  ‖ΔR‖=4.602e+01  ‖Δu‖=1.073e+01)
  [PT] w=4.8491  (raw=4.1912  ‖ΔR‖=2.894e+01  ‖Δu‖=6.906e+00)
  [PT] w=5.0222  (raw=6.5800  ‖ΔR‖=8.186e+01  ‖Δu‖=1.244e+01)
  [PT] w=4.7577  (raw=2.3775  ‖ΔR‖=1.532e+01  ‖Δu‖=6.445e+00)
  [PT] w=5.4051  (raw=11.2317  ‖ΔR‖=6.723e+01  ‖Δu‖=5.986e+00)
  [PT] w=5.1738  (raw=3.0915  ‖ΔR‖=1.697e+01  ‖Δu‖=5.489e+00)
  [PT] w=5.1479  (raw=4.9148  ‖ΔR‖=6.133e+01  ‖Δu‖=1.248e+01)
  [PT] w=5.1338  (raw=5.0068  ‖ΔR‖=4.948e+01  ‖Δu‖=9.883e+00)
  [PT] w=4.9038  (raw=2.8337  ‖ΔR‖=3.429e+01  ‖Δu‖=1.210e+01)
  [PT] w=4.9237  (raw=5.1029  ‖ΔR‖=7.680e+01  ‖Δu‖=1.505e+01)
  [PT] w=4.7708  (raw=3.3951  ‖ΔR‖=1.511e+01  ‖Δu‖=4.450e+00)
  [PT] w=4.8059  (raw=5.1215  ‖ΔR‖=4.705e+01  ‖Δu‖=9.187e+00)
  [PT] w=4.7138  (raw=3.8847  ‖ΔR‖=7.803e+01  ‖Δu‖=2.009e+01)
  [PT] w=4.5074  (raw=2.6506  ‖ΔR‖=2.978e+01  ‖Δu‖=1.124e+01)
  [PT] w=4.9276  (raw=8.7095  ‖ΔR‖=5.900e+01  ‖Δu‖=6.774e+00)
  [PT] w=4.8772  (raw=4.4234  ‖ΔR‖=5.735e+01  ‖Δu‖=1.297e+01)
  [PT] w=4.6784  (raw=2.8886  ‖ΔR‖=2.658e+01  ‖Δu‖=9.200e+00)
[Adam] ep=  180  total=6.955e-01  PDE=1.338e-01 [colloc=1.304e-01, cfd=3.357e-03] (w=2.552)  IN=7.177e-02 (w=1.211)  TB=9.387e-02 (w=1.314)  WALL=1.228e-15 (w=0.200)  OUT=1.940e-03 (w=0.200)  DATA=3.834e-02 (w=3.742)
  [PT] w=4.9428  (raw=7.3227  ‖ΔR‖=7.627e+01  ‖Δu‖=1.042e+01)
  [PT] w=4.7813  (raw=3.3281  ‖ΔR‖=2.386e+01  ‖Δu‖=7.169e+00)
  [PT] w=4.7354  (raw=4.3225  ‖ΔR‖=4.740e+01  ‖Δu‖=1.097e+01)
  [PT] w=4.8846  (raw=6.2266  ‖ΔR‖=8.143e+01  ‖Δu‖=1.308e+01)
  [PT] w=4.7389  (raw=3.4283  ‖ΔR‖=2.305e+01  ‖Δu‖=6.724e+00)
  [PT] w=4.7233  (raw=4.5822  ‖ΔR‖=4.301e+01  ‖Δu‖=9.387e+00)
  [PT] w=4.8239  (raw=5.7301  ‖ΔR‖=8.871e+01  ‖Δu‖=1.548e+01)
  [PT] w=4.6846  (raw=3.4306  ‖ΔR‖=2.406e+01  ‖Δu‖=7.014e+00)
  [PT] w=4.8915  (raw=6.7540  ‖ΔR‖=4.258e+01  ‖Δu‖=6.304e+00)
  [PT] w=5.0933  (raw=6.9095  ‖ΔR‖=9.210e+01  ‖Δu‖=1.333e+01)
  [PT] w=5.0827  (raw=4.9870  ‖ΔR‖=2.808e+01  ‖Δu‖=5.631e+00)
  [PT] w=5.0634  (raw=4.8895  ‖ΔR‖=3.585e+01  ‖Δu‖=7.331e+00)
  [PT] w=5.1947  (raw=6.3762  ‖ΔR‖=8.735e+01  ‖Δu‖=1.370e+01)
  [PT] w=5.4397  (raw=7.6454  ‖ΔR‖=3.321e+01  ‖Δu‖=4.344e+00)
  [PT] w=5.3141  (raw=4.1831  ‖ΔR‖=2.303e+01  ‖Δu‖=5.505e+00)
  [PT] w=5.3306  (raw=5.4789  ‖ΔR‖=6.915e+01  ‖Δu‖=1.262e+01)
  [PT] w=5.0859  (raw=2.8844  ‖ΔR‖=1.516e+01  ‖Δu‖=5.254e+00)
  [PT] w=5.1699  (raw=5.9252  ‖ΔR‖=4.383e+01  ‖Δu‖=7.397e+00)
  [PT] w=5.2144  (raw=5.6154  ‖ΔR‖=4.185e+01  ‖Δu‖=7.452e+00)
  [PT] w=5.0314  (raw=3.3841  ‖ΔR‖=3.925e+01  ‖Δu‖=1.160e+01)
[Adam] ep=  200  total=5.003e-01  PDE=5.253e-02 [colloc=5.015e-02, cfd=2.384e-03] (w=2.315)  IN=8.421e-02 (w=1.307)  TB=9.430e-02 (w=1.417)  WALL=1.958e-16 (w=0.200)  OUT=2.328e-03 (w=0.210)  DATA=3.633e-02 (w=3.700)
  [PT] w=4.9919  (raw=4.6363  ‖ΔR‖=5.707e+01  ‖Δu‖=1.231e+01)
  [PT] w=4.7448  (raw=2.5215  ‖ΔR‖=2.837e+01  ‖Δu‖=1.125e+01)
  [PT] w=4.7027  (raw=4.3230  ‖ΔR‖=6.117e+01  ‖Δu‖=1.415e+01)
  [PT] w=4.5306  (raw=2.9821  ‖ΔR‖=5.483e+01  ‖Δu‖=1.838e+01)
  [PT] w=4.3271  (raw=2.4960  ‖ΔR‖=3.829e+01  ‖Δu‖=1.534e+01)
  [PT] w=4.4178  (raw=5.2337  ‖ΔR‖=5.189e+01  ‖Δu‖=9.914e+00)
  [PT] w=4.2201  (raw=2.4411  ‖ΔR‖=2.116e+01  ‖Δu‖=8.670e+00)
  [PT] w=4.2207  (raw=4.2262  ‖ΔR‖=7.769e+01  ‖Δu‖=1.838e+01)
  [PT] w=4.0488  (raw=2.5018  ‖ΔR‖=3.361e+01  ‖Δu‖=1.344e+01)
  [PT] w=4.1837  (raw=5.3977  ‖ΔR‖=6.053e+01  ‖Δu‖=1.121e+01)
  [PT] w=4.1508  (raw=3.8544  ‖ΔR‖=6.152e+01  ‖Δu‖=1.596e+01)
  [PT] w=3.9744  (raw=2.3867  ‖ΔR‖=4.103e+01  ‖Δu‖=1.719e+01)
  [PT] w=3.9705  (raw=3.9353  ‖ΔR‖=6.487e+01  ‖Δu‖=1.648e+01)
  [PT] w=3.8835  (raw=3.1004  ‖ΔR‖=2.331e+01  ‖Δu‖=7.519e+00)
  [PT] w=3.8536  (raw=3.5844  ‖ΔR‖=4.177e+01  ‖Δu‖=1.165e+01)
  [PT] w=3.7318  (raw=2.6357  ‖ΔR‖=5.630e+01  ‖Δu‖=2.136e+01)
  [PT] w=3.7214  (raw=3.6282  ‖ΔR‖=4.613e+01  ‖Δu‖=1.272e+01)
  [PT] w=3.6226  (raw=2.7329  ‖ΔR‖=2.983e+01  ‖Δu‖=1.092e+01)
  [PT] w=3.5292  (raw=2.6894  ‖ΔR‖=4.729e+01  ‖Δu‖=1.759e+01)
  [PT] w=3.4777  (raw=3.0138  ‖ΔR‖=4.403e+01  ‖Δu‖=1.461e+01)
[Adam] ep=  220  total=4.211e-01  PDE=4.181e-02 [colloc=3.948e-02, cfd=2.334e-03] (w=2.410)  IN=7.280e-02 (w=1.285)  TB=6.254e-02 (w=1.329)  WALL=1.155e-15 (w=0.200)  OUT=2.683e-03 (w=0.237)  DATA=3.680e-02 (w=3.888)
  [PT] w=3.4617  (raw=3.3173  ‖ΔR‖=5.506e+01  ‖Δu‖=1.660e+01)
  [PT] w=3.3959  (raw=2.8045  ‖ΔR‖=1.989e+01  ‖Δu‖=7.091e+00)
  [PT] w=3.5532  (raw=4.9684  ‖ΔR‖=4.389e+01  ‖Δu‖=8.833e+00)
  [PT] w=3.6005  (raw=4.0268  ‖ΔR‖=4.336e+01  ‖Δu‖=1.077e+01)
  [PT] w=3.5094  (raw=2.6891  ‖ΔR‖=5.418e+01  ‖Δu‖=2.015e+01)
  [PT] w=3.5882  (raw=4.2973  ‖ΔR‖=2.768e+01  ‖Δu‖=6.441e+00)
  [PT] w=3.5605  (raw=3.3113  ‖ΔR‖=2.677e+01  ‖Δu‖=8.084e+00)
  [PT] w=3.4827  (raw=2.7826  ‖ΔR‖=4.609e+01  ‖Δu‖=1.656e+01)
  [PT] w=3.4672  (raw=3.3279  ‖ΔR‖=4.623e+01  ‖Δu‖=1.389e+01)
  [PT] w=3.5239  (raw=4.0343  ‖ΔR‖=4.879e+01  ‖Δu‖=1.209e+01)
  [PT] w=3.4807  (raw=3.0916  ‖ΔR‖=4.290e+00  ‖Δu‖=1.388e+00)
  [PT] w=3.5013  (raw=3.6862  ‖ΔR‖=4.366e+01  ‖Δu‖=1.185e+01)
  [PT] w=3.5091  (raw=3.5798  ‖ΔR‖=5.061e+01  ‖Δu‖=1.414e+01)
  [PT] w=3.4922  (raw=3.3404  ‖ΔR‖=4.932e+01  ‖Δu‖=1.476e+01)
  [PT] w=3.3862  (raw=2.4323  ‖ΔR‖=1.642e+01  ‖Δu‖=6.751e+00)
  [PT] w=3.3732  (raw=3.2559  ‖ΔR‖=4.048e+01  ‖Δu‖=1.243e+01)
  [PT] w=3.6292  (raw=5.9330  ‖ΔR‖=4.564e+01  ‖Δu‖=7.693e+00)
  [PT] w=3.5636  (raw=2.9730  ‖ΔR‖=3.624e+01  ‖Δu‖=1.219e+01)
  [PT] w=3.4767  (raw=2.6952  ‖ΔR‖=3.278e+01  ‖Δu‖=1.216e+01)
  [PT] w=3.5408  (raw=4.1176  ‖ΔR‖=4.178e+01  ‖Δu‖=1.015e+01)
[Adam] ep=  240  total=3.773e-01  PDE=6.816e-02 [colloc=6.616e-02, cfd=1.993e-03] (w=2.318)  IN=5.320e-02 (w=1.406)  TB=4.210e-02 (w=1.264)  WALL=2.207e-15 (w=0.200)  OUT=2.350e-03 (w=0.270)  DATA=2.308e-02 (w=3.931)
  [PT] w=3.4808  (raw=2.9404  ‖ΔR‖=2.783e+01  ‖Δu‖=9.466e+00)
  [PT] w=3.3496  (raw=2.1688  ‖ΔR‖=5.102e+01  ‖Δu‖=2.352e+01)
  [PT] w=3.4291  (raw=4.1449  ‖ΔR‖=2.684e+01  ‖Δu‖=6.476e+00)
  [PT] w=3.3142  (raw=2.2803  ‖ΔR‖=2.545e+01  ‖Δu‖=1.116e+01)
  [PT] w=3.2262  (raw=2.4338  ‖ΔR‖=6.457e+01  ‖Δu‖=2.653e+01)
  [PT] w=3.2184  (raw=3.1484  ‖ΔR‖=4.834e+01  ‖Δu‖=1.535e+01)
  [PT] w=3.2162  (raw=3.1962  ‖ΔR‖=1.830e+01  ‖Δu‖=5.725e+00)
  [PT] w=3.1666  (raw=2.7202  ‖ΔR‖=5.776e+01  ‖Δu‖=2.123e+01)
  [PT] w=3.0949  (raw=2.4497  ‖ΔR‖=5.274e+01  ‖Δu‖=2.153e+01)
  [PT] w=3.1016  (raw=3.1620  ‖ΔR‖=1.857e+01  ‖Δu‖=5.874e+00)
  [PT] w=3.0078  (raw=2.1638  ‖ΔR‖=2.727e+01  ‖Δu‖=1.260e+01)
  [PT] w=2.9765  (raw=2.6946  ‖ΔR‖=6.982e+01  ‖Δu‖=2.591e+01)
  [PT] w=2.9677  (raw=2.8881  ‖ΔR‖=4.762e+01  ‖Δu‖=1.649e+01)
  [PT] w=3.3666  (raw=6.9573  ‖ΔR‖=4.811e+01  ‖Δu‖=6.916e+00)
  [PT] w=3.2878  (raw=2.5781  ‖ΔR‖=3.395e+01  ‖Δu‖=1.317e+01)
  [PT] w=3.3125  (raw=3.5347  ‖ΔR‖=7.303e+01  ‖Δu‖=2.066e+01)
  [PT] w=3.1909  (raw=2.0968  ‖ΔR‖=3.253e+01  ‖Δu‖=1.552e+01)
  [PT] w=3.5180  (raw=6.4619  ‖ΔR‖=5.632e+01  ‖Δu‖=8.716e+00)
  [PT] w=3.4399  (raw=2.7370  ‖ΔR‖=1.134e+01  ‖Δu‖=4.143e+00)
  [PT] w=3.5719  (raw=4.7599  ‖ΔR‖=6.910e+01  ‖Δu‖=1.452e+01)
[Adam] ep=  260  total=5.741e-01  PDE=7.514e-02 [colloc=7.282e-02, cfd=2.318e-03] (w=2.550)  IN=8.127e-02 (w=1.353)  TB=3.406e-02 (w=1.026)  WALL=5.945e-16 (w=0.200)  OUT=1.742e-03 (w=0.255)  DATA=5.499e-02 (w=4.311)
  [PT] w=3.4281  (raw=2.1339  ‖ΔR‖=2.773e+01  ‖Δu‖=1.299e+01)
  [PT] w=3.6049  (raw=5.1964  ‖ΔR‖=6.740e+01  ‖Δu‖=1.297e+01)
  [PT] w=3.7927  (raw=5.4823  ‖ΔR‖=6.535e+00  ‖Δu‖=1.192e+00)
  [PT] w=3.9411  (raw=5.2770  ‖ΔR‖=4.996e+01  ‖Δu‖=9.468e+00)
  [PT] w=3.7839  (raw=2.3689  ‖ΔR‖=3.323e+01  ‖Δu‖=1.403e+01)
  [PT] w=3.6995  (raw=2.9404  ‖ΔR‖=1.444e+01  ‖Δu‖=4.909e+00)
  [PT] w=3.9296  (raw=5.9999  ‖ΔR‖=5.678e+01  ‖Δu‖=9.463e+00)
  [PT] w=3.7980  (raw=2.6135  ‖ΔR‖=1.059e+01  ‖Δu‖=4.053e+00)
  [PT] w=4.0656  (raw=6.4746  ‖ΔR‖=6.888e+01  ‖Δu‖=1.064e+01)
  [PT] w=3.9231  (raw=2.6407  ‖ΔR‖=7.207e+00  ‖Δu‖=2.729e+00)
  [PT] w=4.2156  (raw=6.8481  ‖ΔR‖=5.875e+01  ‖Δu‖=8.579e+00)
  [PT] w=4.1887  (raw=3.9466  ‖ΔR‖=1.138e+01  ‖Δu‖=2.884e+00)
  [PT] w=4.5185  (raw=7.4869  ‖ΔR‖=6.904e+01  ‖Δu‖=9.221e+00)
  [PT] w=4.3155  (raw=2.4877  ‖ΔR‖=5.984e+00  ‖Δu‖=2.406e+00)
  [PT] w=4.4855  (raw=6.0154  ‖ΔR‖=5.758e+01  ‖Δu‖=9.571e+00)
  [PT] w=4.8376  (raw=8.0071  ‖ΔR‖=1.066e+02  ‖Δu‖=1.332e+01)
  [PT] w=4.8800  (raw=5.2610  ‖ΔR‖=3.982e+01  ‖Δu‖=7.569e+00)
  [PT] w=4.7203  (raw=3.2838  ‖ΔR‖=3.424e+01  ‖Δu‖=1.043e+01)
  [PT] w=4.7852  (raw=5.3695  ‖ΔR‖=8.678e+01  ‖Δu‖=1.616e+01)
  [PT] w=5.0060  (raw=6.9928  ‖ΔR‖=1.358e+02  ‖Δu‖=1.942e+01)
[Adam] ep=  280  total=8.171e-01  PDE=1.790e-01 [colloc=1.729e-01, cfd=6.065e-03] (w=3.094)  IN=7.093e-02 (w=1.115)  TB=3.441e-02 (w=0.867)  WALL=3.908e-15 (w=0.200)  OUT=1.755e-03 (w=0.202)  DATA=4.567e-02 (w=3.373)
  [PT] w=5.2509  (raw=7.4548  ‖ΔR‖=7.019e+01  ‖Δu‖=9.415e+00)
  [PT] w=5.0667  (raw=3.4090  ‖ΔR‖=2.180e+01  ‖Δu‖=6.394e+00)
  [PT] w=5.0219  (raw=4.6185  ‖ΔR‖=5.902e+01  ‖Δu‖=1.278e+01)
  [PT] w=5.0413  (raw=5.2165  ‖ΔR‖=1.033e+02  ‖Δu‖=1.981e+01)
  [PT] w=5.0939  (raw=5.5669  ‖ΔR‖=1.427e+02  ‖Δu‖=2.564e+01)
  [PT] w=5.1182  (raw=5.3373  ‖ΔR‖=7.438e+01  ‖Δu‖=1.394e+01)
  [PT] w=4.8751  (raw=2.6868  ‖ΔR‖=1.457e+01  ‖Δu‖=5.421e+00)
  [PT] w=4.9937  (raw=6.0611  ‖ΔR‖=5.040e+01  ‖Δu‖=8.315e+00)
  [PT] w=5.1136  (raw=6.1933  ‖ΔR‖=9.231e+01  ‖Δu‖=1.490e+01)
  [PT] w=5.1917  (raw=5.8941  ‖ΔR‖=1.205e+02  ‖Δu‖=2.045e+01)
  [PT] w=5.1923  (raw=5.1975  ‖ΔR‖=5.458e+01  ‖Δu‖=1.050e+01)
  [PT] w=4.9386  (raw=2.6561  ‖ΔR‖=7.170e+00  ‖Δu‖=2.700e+00)
  [PT] w=5.2620  (raw=8.1723  ‖ΔR‖=4.951e+01  ‖Δu‖=6.059e+00)
  [PT] w=5.4609  (raw=7.2512  ‖ΔR‖=8.972e+01  ‖Δu‖=1.237e+01)
  [PT] w=5.4651  (raw=5.5027  ‖ΔR‖=4.479e+01  ‖Δu‖=8.139e+00)
  [PT] w=5.1921  (raw=2.7348  ‖ΔR‖=1.715e+01  ‖Δu‖=6.272e+00)
  [PT] w=5.2193  (raw=5.4641  ‖ΔR‖=5.569e+01  ‖Δu‖=1.019e+01)
  [PT] w=5.0406  (raw=3.4326  ‖ΔR‖=3.382e+01  ‖Δu‖=9.852e+00)
  [PT] w=4.7963  (raw=2.5978  ‖ΔR‖=2.498e+01  ‖Δu‖=9.617e+00)
  [PT] w=4.8187  (raw=5.0197  ‖ΔR‖=5.436e+01  ‖Δu‖=1.083e+01)
[Adam] ep=  300  total=4.491e-01  PDE=3.443e-02 [colloc=3.325e-02, cfd=1.175e-03] (w=3.163)  IN=9.696e-02 (w=1.062)  TB=5.446e-02 (w=0.812)  WALL=5.563e-16 (w=0.200)  OUT=7.834e-03 (w=0.224)  DATA=5.646e-02 (w=3.389)
  [PT] w=4.6098  (raw=2.7304  ‖ΔR‖=1.060e+01  ‖Δu‖=3.882e+00)
  [PT] w=4.7648  (raw=6.1593  ‖ΔR‖=3.575e+01  ‖Δu‖=5.805e+00)
  [PT] w=4.5863  (raw=2.9802  ‖ΔR‖=5.084e+01  ‖Δu‖=1.706e+01)
  [PT] w=4.3828  (raw=2.5512  ‖ΔR‖=2.539e+01  ‖Δu‖=9.953e+00)
  [PT] w=4.8933  (raw=9.4877  ‖ΔR‖=4.231e+01  ‖Δu‖=4.460e+00)
  [PT] w=4.6426  (raw=2.3863  ‖ΔR‖=2.692e+01  ‖Δu‖=1.128e+01)
  [PT] w=4.5297  (raw=3.5140  ‖ΔR‖=5.379e+01  ‖Δu‖=1.531e+01)
  [PT] w=4.3051  (raw=2.2831  ‖ΔR‖=1.890e+01  ‖Δu‖=8.279e+00)
  [PT] w=4.3125  (raw=4.3794  ‖ΔR‖=3.562e+01  ‖Δu‖=8.133e+00)
  [PT] w=4.0896  (raw=2.0831  ‖ΔR‖=3.338e+01  ‖Δu‖=1.602e+01)
  [PT] w=3.9389  (raw=2.5833  ‖ΔR‖=4.068e+01  ‖Δu‖=1.575e+01)
  [PT] w=3.7901  (raw=2.4503  ‖ΔR‖=1.090e+01  ‖Δu‖=4.448e+00)
  [PT] w=3.6948  (raw=2.8374  ‖ΔR‖=4.042e+01  ‖Δu‖=1.424e+01)
  [PT] w=3.6147  (raw=2.8934  ‖ΔR‖=3.409e+01  ‖Δu‖=1.178e+01)
  [PT] w=3.4592  (raw=2.0597  ‖ΔR‖=1.185e+01  ‖Δu‖=5.751e+00)
  [PT] w=3.3708  (raw=2.5754  ‖ΔR‖=3.684e+01  ‖Δu‖=1.430e+01)
  [PT] w=3.4393  (raw=4.0556  ‖ΔR‖=3.461e+01  ‖Δu‖=8.533e+00)
  [PT] w=3.4599  (raw=3.6457  ‖ΔR‖=2.269e+01  ‖Δu‖=6.224e+00)
  [PT] w=3.3745  (raw=2.6059  ‖ΔR‖=3.985e+01  ‖Δu‖=1.529e+01)
  [PT] w=3.3099  (raw=2.7286  ‖ΔR‖=3.112e+01  ‖Δu‖=1.141e+01)
[Adam] ep=  320  total=3.920e-01  PDE=4.174e-02 [colloc=4.002e-02, cfd=1.721e-03] (w=2.198)  IN=7.016e-02 (w=1.408)  TB=6.043e-02 (w=1.332)  WALL=7.000e-16 (w=0.200)  OUT=1.993e-03 (w=0.323)  DATA=3.022e-02 (w=3.981)
  [PT] w=3.2525  (raw=2.7357  ‖ΔR‖=2.371e+01  ‖Δu‖=8.667e+00)
  [PT] w=3.1942  (raw=2.6698  ‖ΔR‖=3.762e+01  ‖Δu‖=1.409e+01)
  [PT] w=3.3847  (raw=5.0991  ‖ΔR‖=3.392e+01  ‖Δu‖=6.651e+00)
  [PT] w=3.4263  (raw=3.8003  ‖ΔR‖=2.146e+01  ‖Δu‖=5.648e+00)
  [PT] w=3.4426  (raw=3.5893  ‖ΔR‖=5.680e+01  ‖Δu‖=1.582e+01)
  [PT] w=3.2933  (raw=1.9500  ‖ΔR‖=2.211e+01  ‖Δu‖=1.134e+01)
  [PT] w=3.5516  (raw=5.8764  ‖ΔR‖=4.975e+01  ‖Δu‖=8.466e+00)
  [PT] w=3.4599  (raw=2.6344  ‖ΔR‖=2.719e+01  ‖Δu‖=1.032e+01)
  [PT] w=3.4114  (raw=2.9749  ‖ΔR‖=4.385e+01  ‖Δu‖=1.474e+01)
  [PT] w=3.3766  (raw=3.0639  ‖ΔR‖=1.672e+01  ‖Δu‖=5.457e+00)
  [PT] w=3.4700  (raw=4.3103  ‖ΔR‖=3.822e+01  ‖Δu‖=8.868e+00)
  [PT] w=3.4372  (raw=3.1414  ‖ΔR‖=2.302e+01  ‖Δu‖=7.328e+00)
  [PT] w=3.6717  (raw=5.7828  ‖ΔR‖=5.577e+01  ‖Δu‖=9.645e+00)
  [PT] w=3.5355  (raw=2.3091  ‖ΔR‖=1.284e+01  ‖Δu‖=5.562e+00)
  [PT] w=3.7758  (raw=5.9392  ‖ΔR‖=5.263e+01  ‖Δu‖=8.862e+00)
  [PT] w=3.6726  (raw=2.7432  ‖ΔR‖=2.008e+01  ‖Δu‖=7.320e+00)
  [PT] w=3.6664  (raw=3.6105  ‖ΔR‖=3.739e+01  ‖Δu‖=1.036e+01)
  [PT] w=3.8683  (raw=5.6861  ‖ΔR‖=2.933e+01  ‖Δu‖=5.158e+00)
  [PT] w=3.8736  (raw=3.9209  ‖ΔR‖=4.179e+01  ‖Δu‖=1.066e+01)
  [PT] w=3.7903  (raw=3.0406  ‖ΔR‖=3.154e+01  ‖Δu‖=1.037e+01)
[Adam] ep=  340  total=3.270e-01  PDE=7.025e-02 [colloc=6.706e-02, cfd=3.193e-03] (w=2.278)  IN=4.741e-02 (w=1.534)  TB=1.950e-02 (w=1.102)  WALL=7.338e-16 (w=0.200)  OUT=5.284e-03 (w=0.373)  DATA=1.783e-02 (w=3.970)
  [PT] w=4.3210  (raw=9.0976  ‖ΔR‖=8.211e+01  ‖Δu‖=9.025e+00)
  [PT] w=4.3597  (raw=4.7080  ‖ΔR‖=2.885e+01  ‖Δu‖=6.127e+00)
  [PT] w=4.3036  (raw=3.7988  ‖ΔR‖=4.032e+01  ‖Δu‖=1.061e+01)
  [PT] w=4.4311  (raw=5.5782  ‖ΔR‖=8.710e+01  ‖Δu‖=1.562e+01)
  [PT] w=4.7117  (raw=7.2373  ‖ΔR‖=4.311e+01  ‖Δu‖=5.956e+00)
  [PT] w=4.5174  (raw=2.7690  ‖ΔR‖=1.727e+01  ‖Δu‖=6.238e+00)
  [PT] w=4.4984  (raw=4.3268  ‖ΔR‖=5.813e+01  ‖Δu‖=1.344e+01)
  [PT] w=4.4698  (raw=4.2130  ‖ΔR‖=9.005e+01  ‖Δu‖=2.137e+01)
  [PT] w=4.4003  (raw=3.7746  ‖ΔR‖=4.109e+01  ‖Δu‖=1.088e+01)
  [PT] w=5.3263  (raw=13.6605  ‖ΔR‖=2.902e+01  ‖Δu‖=2.124e+00)
  [PT] w=5.5251  (raw=7.3137  ‖ΔR‖=6.534e+01  ‖Δu‖=8.934e+00)
  [PT] w=5.3091  (raw=3.3657  ‖ΔR‖=6.068e+01  ‖Δu‖=1.803e+01)
  [PT] w=5.0726  (raw=2.9438  ‖ΔR‖=3.282e+01  ‖Δu‖=1.115e+01)
  [PT] w=5.7749  (raw=12.0958  ‖ΔR‖=6.042e+01  ‖Δu‖=4.995e+00)
  [PT] w=5.5527  (raw=3.5529  ‖ΔR‖=2.042e+01  ‖Δu‖=5.749e+00)
  [PT] w=5.4075  (raw=4.1008  ‖ΔR‖=4.908e+01  ‖Δu‖=1.197e+01)
  [PT] w=5.5029  (raw=6.3614  ‖ΔR‖=6.273e+01  ‖Δu‖=9.862e+00)
  [PT] w=5.2966  (raw=3.4400  ‖ΔR‖=3.027e+01  ‖Δu‖=8.799e+00)
  [PT] w=5.1146  (raw=3.4761  ‖ΔR‖=4.666e+01  ‖Δu‖=1.342e+01)
  [PT] w=5.0470  (raw=4.4384  ‖ΔR‖=8.225e+01  ‖Δu‖=1.853e+01)
[Adam] ep=  360  total=5.134e-01  PDE=1.140e-01 [colloc=1.117e-01, cfd=2.316e-03] (w=3.031)  IN=4.052e-02 (w=1.133)  TB=3.346e-02 (w=0.857)  WALL=1.892e-15 (w=0.200)  OUT=1.534e-03 (w=0.231)  DATA=2.527e-02 (w=3.674)
  [PT] w=4.9072  (raw=3.6495  ‖ΔR‖=3.589e+01  ‖Δu‖=9.834e+00)
  [PT] w=4.6987  (raw=2.8218  ‖ΔR‖=1.776e+01  ‖Δu‖=6.293e+00)
  [PT] w=4.7063  (raw=4.7746  ‖ΔR‖=4.856e+01  ‖Δu‖=1.017e+01)
  [PT] w=4.5342  (raw=2.9853  ‖ΔR‖=4.786e+01  ‖Δu‖=1.603e+01)
  [PT] w=4.4915  (raw=4.1075  ‖ΔR‖=3.673e+01  ‖Δu‖=8.942e+00)
  [PT] w=5.4020  (raw=13.5961  ‖ΔR‖=3.195e+01  ‖Δu‖=2.350e+00)
  [PT] w=5.3046  (raw=4.4280  ‖ΔR‖=1.926e+01  ‖Δu‖=4.349e+00)
  [PT] w=5.8547  (raw=10.8059  ‖ΔR‖=6.940e+01  ‖Δu‖=6.423e+00)
  [PT] w=5.8344  (raw=5.6518  ‖ΔR‖=3.156e+01  ‖Δu‖=5.585e+00)
  [PT] w=5.5599  (raw=3.0897  ‖ΔR‖=3.075e+01  ‖Δu‖=9.953e+00)
  [PT] w=5.4400  (raw=4.3609  ‖ΔR‖=6.133e+01  ‖Δu‖=1.406e+01)
  [PT] w=5.5014  (raw=6.0535  ‖ΔR‖=8.841e+01  ‖Δu‖=1.461e+01)
  [PT] w=5.5074  (raw=5.5615  ‖ΔR‖=4.750e+01  ‖Δu‖=8.540e+00)
  [PT] w=5.2228  (raw=2.6620  ‖ΔR‖=1.676e+01  ‖Δu‖=6.297e+00)
  [PT] w=5.1146  (raw=4.1399  ‖ΔR‖=3.908e+01  ‖Δu‖=9.440e+00)
  [PT] w=5.1000  (raw=4.9690  ‖ΔR‖=6.873e+01  ‖Δu‖=1.383e+01)
  [PT] w=5.0989  (raw=5.0887  ‖ΔR‖=9.059e+01  ‖Δu‖=1.780e+01)
  [PT] w=4.9827  (raw=3.9371  ‖ΔR‖=4.281e+01  ‖Δu‖=1.087e+01)
  [PT] w=4.7173  (raw=2.3287  ‖ΔR‖=1.618e+01  ‖Δu‖=6.948e+00)
  [PT] w=4.7689  (raw=5.2330  ‖ΔR‖=3.795e+01  ‖Δu‖=7.252e+00)
[Adam] ep=  380  total=1.384e+00  PDE=3.398e-01 [colloc=3.385e-01, cfd=1.369e-03] (w=3.115)  IN=8.684e-02 (w=1.043)  TB=6.963e-02 (w=0.936)  WALL=8.447e-15 (w=0.200)  OUT=1.901e-03 (w=0.200)  DATA=5.099e-02 (w=3.316)
  [PT] w=4.9457  (raw=6.5373  ‖ΔR‖=6.036e+01  ‖Δu‖=9.234e+00)
  [PT] w=4.7840  (raw=3.3289  ‖ΔR‖=3.744e+01  ‖Δu‖=1.125e+01)
  [PT] w=4.5583  (raw=2.5268  ‖ΔR‖=2.770e+01  ‖Δu‖=1.096e+01)
  [PT] w=4.7367  (raw=6.3427  ‖ΔR‖=5.153e+01  ‖Δu‖=8.124e+00)
  [PT] w=4.7351  (raw=4.7198  ‖ΔR‖=1.672e+01  ‖Δu‖=3.542e+00)
  [PT] w=4.5953  (raw=3.3375  ‖ΔR‖=3.154e+01  ‖Δu‖=9.450e+00)
  [PT] w=4.5816  (raw=4.4579  ‖ΔR‖=6.162e+01  ‖Δu‖=1.382e+01)
  [PT] w=4.4475  (raw=3.2410  ‖ΔR‖=2.439e+01  ‖Δu‖=7.525e+00)
  [PT] w=4.3871  (raw=3.8432  ‖ΔR‖=1.755e+01  ‖Δu‖=4.566e+00)
  [PT] w=4.5023  (raw=5.5394  ‖ΔR‖=4.256e+01  ‖Δu‖=7.683e+00)
  [PT] w=4.4121  (raw=3.6002  ‖ΔR‖=6.187e+01  ‖Δu‖=1.719e+01)
  [PT] w=4.2256  (raw=2.5471  ‖ΔR‖=3.515e+01  ‖Δu‖=1.380e+01)
  [PT] w=4.0780  (raw=2.7499  ‖ΔR‖=2.421e+01  ‖Δu‖=8.806e+00)
  [PT] w=4.3489  (raw=6.7868  ‖ΔR‖=4.462e+01  ‖Δu‖=6.575e+00)
  [PT] w=4.2460  (raw=3.3194  ‖ΔR‖=4.947e+01  ‖Δu‖=1.490e+01)
  [PT] w=4.0203  (raw=1.9899  ‖ΔR‖=3.188e+01  ‖Δu‖=1.602e+01)
  [PT] w=3.9202  (raw=3.0191  ‖ΔR‖=3.682e+01  ‖Δu‖=1.220e+01)
  [PT] w=4.1709  (raw=6.4268  ‖ΔR‖=3.154e+01  ‖Δu‖=4.907e+00)
  [PT] w=3.9351  (raw=1.8127  ‖ΔR‖=1.999e+01  ‖Δu‖=1.103e+01)
  [PT] w=3.8280  (raw=2.8646  ‖ΔR‖=4.239e+01  ‖Δu‖=1.480e+01)
[Adam] ep=  400  total=4.693e-01  PDE=4.139e-02 [colloc=3.800e-02, cfd=3.397e-03] (w=2.341)  IN=9.432e-02 (w=1.401)  TB=7.387e-02 (w=1.274)  WALL=1.025e-16 (w=0.200)  OUT=1.451e-03 (w=0.224)  DATA=3.786e-02 (w=3.849)
  [PT] w=3.8009  (raw=3.5566  ‖ΔR‖=1.504e+01  ‖Δu‖=4.230e+00)
  [PT] w=3.7761  (raw=3.5533  ‖ΔR‖=2.360e+01  ‖Δu‖=6.642e+00)
  [PT] w=3.6978  (raw=2.9931  ‖ΔR‖=4.822e+01  ‖Δu‖=1.611e+01)
  [PT] w=3.5508  (raw=2.2273  ‖ΔR‖=1.934e+01  ‖Δu‖=8.682e+00)
  [PT] w=3.8019  (raw=6.0620  ‖ΔR‖=2.919e+01  ‖Δu‖=4.815e+00)
  [PT] w=3.6922  (raw=2.7055  ‖ΔR‖=4.301e+01  ‖Δu‖=1.590e+01)
  [PT] w=3.5102  (raw=1.8713  ‖ΔR‖=3.417e+01  ‖Δu‖=1.826e+01)
  [PT] w=3.4935  (raw=3.3441  ‖ΔR‖=4.601e+01  ‖Δu‖=1.376e+01)
  [PT] w=3.5107  (raw=3.6653  ‖ΔR‖=2.208e+01  ‖Δu‖=6.023e+00)
  [PT] w=3.4027  (raw=2.4307  ‖ΔR‖=3.085e+01  ‖Δu‖=1.269e+01)
  [PT] w=3.3735  (raw=3.1106  ‖ΔR‖=5.543e+01  ‖Δu‖=1.782e+01)
  [PT] w=3.2160  (raw=1.7988  ‖ΔR‖=1.747e+01  ‖Δu‖=9.714e+00)
  [PT] w=3.6500  (raw=7.5554  ‖ΔR‖=2.905e+01  ‖Δu‖=3.845e+00)
  [PT] w=3.6354  (raw=3.5039  ‖ΔR‖=4.763e+01  ‖Δu‖=1.359e+01)
  [PT] w=3.4766  (raw=2.0477  ‖ΔR‖=2.903e+01  ‖Δu‖=1.418e+01)
  [PT] w=3.5557  (raw=4.2674  ‖ΔR‖=4.602e+01  ‖Δu‖=1.078e+01)
  [PT] w=3.6627  (raw=4.6259  ‖ΔR‖=2.727e+01  ‖Δu‖=5.895e+00)
  [PT] w=3.5375  (raw=2.4106  ‖ΔR‖=2.391e+01  ‖Δu‖=9.918e+00)
  [PT] w=3.6525  (raw=4.6881  ‖ΔR‖=5.656e+01  ‖Δu‖=1.206e+01)
  [PT] w=3.5428  (raw=2.5555  ‖ΔR‖=1.688e+01  ‖Δu‖=6.606e+00)
[Adam] ep=  420  total=4.002e-01  PDE=6.329e-02 [colloc=6.165e-02, cfd=1.642e-03] (w=2.307)  IN=6.674e-02 (w=1.491)  TB=2.398e-02 (w=1.172)  WALL=9.490e-16 (w=0.200)  OUT=1.302e-03 (w=0.259)  DATA=3.200e-02 (w=3.945)
  [PT] w=3.6664  (raw=4.7789  ‖ΔR‖=2.435e+01  ‖Δu‖=5.096e+00)
  [PT] w=3.8588  (raw=5.5901  ‖ΔR‖=5.263e+01  ‖Δu‖=9.415e+00)
  [PT] w=3.7045  (raw=2.3157  ‖ΔR‖=2.332e+01  ‖Δu‖=1.007e+01)
  [PT] w=3.6371  (raw=3.0306  ‖ΔR‖=3.074e+01  ‖Δu‖=1.014e+01)
  [PT] w=3.8875  (raw=6.1410  ‖ΔR‖=5.564e+01  ‖Δu‖=9.061e+00)
  [PT] w=3.9524  (raw=4.5361  ‖ΔR‖=1.223e+01  ‖Δu‖=2.697e+00)
  [PT] w=4.0498  (raw=4.9265  ‖ΔR‖=2.971e+01  ‖Δu‖=6.031e+00)
  [PT] w=4.1708  (raw=5.2595  ‖ΔR‖=6.031e+01  ‖Δu‖=1.147e+01)
  [PT] w=4.0418  (raw=2.8815  ‖ΔR‖=1.714e+01  ‖Δu‖=5.948e+00)
  [PT] w=4.2073  (raw=5.6964  ‖ΔR‖=2.472e+01  ‖Δu‖=4.340e+00)
  [PT] w=4.4615  (raw=6.7495  ‖ΔR‖=5.512e+01  ‖Δu‖=8.166e+00)
  [PT] w=4.3391  (raw=3.2374  ‖ΔR‖=2.016e+01  ‖Δu‖=6.229e+00)
  [PT] w=4.2475  (raw=3.4232  ‖ΔR‖=2.438e+01  ‖Δu‖=7.123e+00)
  [PT] w=4.4437  (raw=6.2091  ‖ΔR‖=5.932e+01  ‖Δu‖=9.554e+00)
  [PT] w=4.9380  (raw=9.3868  ‖ΔR‖=2.001e+01  ‖Δu‖=2.132e+00)
  [PT] w=4.8359  (raw=3.9172  ‖ΔR‖=1.844e+01  ‖Δu‖=4.707e+00)
  [PT] w=4.8401  (raw=4.8775  ‖ΔR‖=4.930e+01  ‖Δu‖=1.011e+01)
  [PT] w=4.6961  (raw=3.4006  ‖ΔR‖=1.550e+01  ‖Δu‖=4.557e+00)
  [PT] w=4.6876  (raw=4.6111  ‖ΔR‖=2.041e+01  ‖Δu‖=4.427e+00)
  [PT] w=4.5012  (raw=2.8238  ‖ΔR‖=3.857e+01  ‖Δu‖=1.366e+01)
[Adam] ep=  440  total=2.711e-01  PDE=1.825e-02 [colloc=1.675e-02, cfd=1.504e-03] (w=2.360)  IN=6.056e-02 (w=1.525)  TB=2.660e-02 (w=1.038)  WALL=1.155e-16 (w=0.200)  OUT=1.625e-03 (w=0.245)  DATA=2.609e-02 (w=4.126)
  [PT] w=4.2518  (raw=2.0073  ‖ΔR‖=1.633e+01  ‖Δu‖=8.134e+00)
  [PT] w=4.4219  (raw=5.9525  ‖ΔR‖=3.261e+01  ‖Δu‖=5.478e+00)
  [PT] w=4.1908  (raw=2.1112  ‖ΔR‖=2.606e+01  ‖Δu‖=1.234e+01)
  [PT] w=4.1288  (raw=3.5708  ‖ΔR‖=4.090e+01  ‖Δu‖=1.145e+01)
  [PT] w=3.9221  (raw=2.0618  ‖ΔR‖=8.859e+00  ‖Δu‖=4.296e+00)
  [PT] w=4.0228  (raw=4.9286  ‖ΔR‖=3.512e+01  ‖Δu‖=7.125e+00)
  [PT] w=3.8458  (raw=2.2533  ‖ΔR‖=3.035e+01  ‖Δu‖=1.347e+01)
  [PT] w=3.7463  (raw=2.8510  ‖ΔR‖=3.219e+01  ‖Δu‖=1.129e+01)
  [PT] w=3.8187  (raw=4.4699  ‖ΔR‖=3.525e+01  ‖Δu‖=7.886e+00)
  [PT] w=3.6353  (raw=1.9850  ‖ΔR‖=1.676e+01  ‖Δu‖=8.443e+00)
  [PT] w=3.6890  (raw=4.1715  ‖ΔR‖=3.859e+01  ‖Δu‖=9.250e+00)
  [PT] w=3.5620  (raw=2.4194  ‖ΔR‖=9.428e+00  ‖Δu‖=3.897e+00)
  [PT] w=3.5797  (raw=3.7394  ‖ΔR‖=2.976e+01  ‖Δu‖=7.958e+00)
  [PT] w=3.5994  (raw=3.7759  ‖ΔR‖=1.773e+01  ‖Δu‖=4.695e+00)
  [PT] w=3.4447  (raw=2.0528  ‖ΔR‖=2.087e+01  ‖Δu‖=1.017e+01)
  [PT] w=3.8043  (raw=7.0405  ‖ΔR‖=3.247e+01  ‖Δu‖=4.612e+00)
  [PT] w=3.6766  (raw=2.5280  ‖ΔR‖=7.309e+00  ‖Δu‖=2.891e+00)
  [PT] w=3.8425  (raw=5.3349  ‖ΔR‖=4.264e+01  ‖Δu‖=7.992e+00)
  [PT] w=3.6737  (raw=2.1542  ‖ΔR‖=4.969e+00  ‖Δu‖=2.307e+00)
  [PT] w=3.8588  (raw=5.5249  ‖ΔR‖=3.355e+01  ‖Δu‖=6.073e+00)
[Adam] ep=  460  total=2.468e-01  PDE=4.233e-02 [colloc=4.047e-02, cfd=1.862e-03] (w=2.185)  IN=4.214e-02 (w=1.570)  TB=2.099e-02 (w=1.133)  WALL=8.557e-16 (w=0.200)  OUT=1.299e-03 (w=0.271)  DATA=1.559e-02 (w=4.106)
  [PT] w=3.7614  (raw=2.8848  ‖ΔR‖=1.064e+01  ‖Δu‖=3.688e+00)
  [PT] w=3.8935  (raw=5.0827  ‖ΔR‖=3.951e+01  ‖Δu‖=7.773e+00)
  [PT] w=3.7854  (raw=2.8126  ‖ΔR‖=5.500e+00  ‖Δu‖=1.955e+00)
  [PT] w=4.0648  (raw=6.5794  ‖ΔR‖=4.140e+01  ‖Δu‖=6.292e+00)
  [PT] w=3.8638  (raw=2.0550  ‖ΔR‖=1.190e+01  ‖Δu‖=5.792e+00)
  [PT] w=4.1267  (raw=6.4926  ‖ΔR‖=3.788e+01  ‖Δu‖=5.834e+00)
  [PT] w=3.9795  (raw=2.6541  ‖ΔR‖=5.534e+00  ‖Δu‖=2.085e+00)
  [PT] w=4.0938  (raw=5.1226  ‖ΔR‖=3.978e+01  ‖Δu‖=7.765e+00)
  [PT] w=3.8697  (raw=1.8529  ‖ΔR‖=8.673e+00  ‖Δu‖=4.681e+00)
  [PT] w=3.9209  (raw=4.3821  ‖ΔR‖=3.707e+01  ‖Δu‖=8.460e+00)
  [PT] w=3.9121  (raw=3.8331  ‖ΔR‖=1.057e+01  ‖Δu‖=2.757e+00)
  [PT] w=4.0773  (raw=5.5636  ‖ΔR‖=4.468e+01  ‖Δu‖=8.030e+00)
  [PT] w=3.8740  (raw=2.0444  ‖ΔR‖=6.346e+00  ‖Δu‖=3.104e+00)
  [PT] w=4.1409  (raw=6.5426  ‖ΔR‖=4.004e+01  ‖Δu‖=6.121e+00)
  [PT] w=4.0001  (raw=2.7331  ‖ΔR‖=1.827e+01  ‖Δu‖=6.685e+00)
  [PT] w=4.0331  (raw=4.3304  ‖ΔR‖=3.495e+01  ‖Δu‖=8.070e+00)
  [PT] w=3.8476  (raw=2.1782  ‖ΔR‖=6.046e+00  ‖Δu‖=2.776e+00)
  [PT] w=3.8234  (raw=3.6054  ‖ΔR‖=3.515e+01  ‖Δu‖=9.749e+00)
  [PT] w=3.8160  (raw=3.7499  ‖ΔR‖=1.462e+01  ‖Δu‖=3.899e+00)
  [PT] w=3.7583  (raw=3.2385  ‖ΔR‖=2.910e+01  ‖Δu‖=8.987e+00)
[Adam] ep=  480  total=2.234e-01  PDE=2.682e-02 [colloc=2.461e-02, cfd=2.217e-03] (w=2.342)  IN=3.693e-02 (w=1.524)  TB=1.593e-02 (w=1.037)  WALL=3.242e-16 (w=0.200)  OUT=1.091e-03 (w=0.275)  DATA=2.096e-02 (w=4.176)
  [PT] w=3.7559  (raw=3.7344  ‖ΔR‖=2.232e+01  ‖Δu‖=5.977e+00)
  [PT] w=3.6215  (raw=2.4124  ‖ΔR‖=2.469e+01  ‖Δu‖=1.024e+01)
  [PT] w=3.6571  (raw=3.9775  ‖ΔR‖=2.789e+01  ‖Δu‖=7.012e+00)
  [PT] w=3.5361  (raw=2.4467  ‖ΔR‖=1.202e+01  ‖Δu‖=4.913e+00)
  [PT] w=3.4441  (raw=2.6157  ‖ΔR‖=4.848e+01  ‖Δu‖=1.853e+01)
  [PT] w=3.3265  (raw=2.2689  ‖ΔR‖=2.200e+01  ‖Δu‖=9.698e+00)
  [PT] w=3.5587  (raw=5.6486  ‖ΔR‖=4.084e+01  ‖Δu‖=7.230e+00)
  [PT] w=3.4198  (raw=2.1692  ‖ΔR‖=3.150e+01  ‖Δu‖=1.452e+01)
  [PT] w=3.3470  (raw=2.6917  ‖ΔR‖=4.356e+01  ‖Δu‖=1.618e+01)
  [PT] w=3.4059  (raw=3.9366  ‖ΔR‖=7.813e+00  ‖Δu‖=1.985e+00)
  [PT] w=3.3873  (raw=3.2197  ‖ΔR‖=2.735e+01  ‖Δu‖=8.495e+00)
  [PT] w=3.2619  (raw=2.1331  ‖ΔR‖=3.161e+01  ‖Δu‖=1.482e+01)
  [PT] w=3.5173  (raw=5.8161  ‖ΔR‖=8.886e+00  ‖Δu‖=1.528e+00)
  [PT] w=3.3691  (raw=2.0350  ‖ΔR‖=3.097e+01  ‖Δu‖=1.522e+01)
  [PT] w=3.3475  (raw=3.1536  ‖ΔR‖=1.479e+01  ‖Δu‖=4.689e+00)
  [PT] w=3.2448  (raw=2.3203  ‖ΔR‖=2.239e+01  ‖Δu‖=9.651e+00)
  [PT] w=3.4442  (raw=5.2383  ‖ΔR‖=3.993e+01  ‖Δu‖=7.622e+00)
  [PT] w=3.3750  (raw=2.7525  ‖ΔR‖=1.272e+01  ‖Δu‖=4.622e+00)
  [PT] w=3.5919  (raw=5.5441  ‖ΔR‖=4.714e+01  ‖Δu‖=8.503e+00)
  [PT] w=3.4809  (raw=2.4821  ‖ΔR‖=1.991e+01  ‖Δu‖=8.020e+00)
[Adam] ep=  500  total=2.777e-01  PDE=6.107e-02 [colloc=5.900e-02, cfd=2.068e-03] (w=2.539)  IN=3.160e-02 (w=1.433)  TB=1.656e-02 (w=0.998)  WALL=2.108e-15 (w=0.200)  OUT=1.590e-03 (w=0.280)  DATA=1.505e-02 (w=4.014)
  [PT] w=3.4485  (raw=3.1566  ‖ΔR‖=3.212e+01  ‖Δu‖=1.018e+01)
  [PT] w=3.5304  (raw=4.2671  ‖ΔR‖=4.526e+01  ‖Δu‖=1.061e+01)
  [PT] w=3.4009  (raw=2.2357  ‖ΔR‖=1.400e+01  ‖Δu‖=6.264e+00)
  [PT] w=3.5762  (raw=5.1542  ‖ΔR‖=3.386e+01  ‖Δu‖=6.569e+00)
  [PT] w=3.6055  (raw=3.8694  ‖ΔR‖=4.653e+01  ‖Δu‖=1.203e+01)
  [PT] w=3.5019  (raw=2.5687  ‖ΔR‖=1.906e+01  ‖Δu‖=7.419e+00)
  [PT] w=3.7386  (raw=5.8693  ‖ΔR‖=3.459e+01  ‖Δu‖=5.894e+00)
  [PT] w=3.6353  (raw=2.7061  ‖ΔR‖=2.150e+01  ‖Δu‖=7.947e+00)
  [PT] w=3.7002  (raw=4.2835  ‖ΔR‖=5.113e+01  ‖Δu‖=1.194e+01)
  [PT] w=3.6192  (raw=2.8911  ‖ΔR‖=2.210e+01  ‖Δu‖=7.643e+00)
  [PT] w=3.8502  (raw=5.9285  ‖ΔR‖=4.722e+01  ‖Δu‖=7.964e+00)
  [PT] w=3.8342  (raw=3.6901  ‖ΔR‖=3.726e+01  ‖Δu‖=1.010e+01)
  [PT] w=3.7069  (raw=2.5615  ‖ΔR‖=3.091e+01  ‖Δu‖=1.207e+01)
  [PT] w=3.7125  (raw=3.7628  ‖ΔR‖=4.822e+01  ‖Δu‖=1.282e+01)
  [PT] w=3.7770  (raw=4.3581  ‖ΔR‖=3.371e+01  ‖Δu‖=7.736e+00)
  [PT] w=3.6095  (raw=2.1017  ‖ΔR‖=1.316e+01  ‖Δu‖=6.259e+00)
  [PT] w=3.6676  (raw=4.1899  ‖ΔR‖=3.595e+01  ‖Δu‖=8.581e+00)
  [PT] w=3.6834  (raw=3.8264  ‖ΔR‖=5.097e+01  ‖Δu‖=1.332e+01)
  [PT] w=3.5845  (raw=2.6936  ‖ΔR‖=1.737e+01  ‖Δu‖=6.449e+00)
  [PT] w=4.0922  (raw=8.6620  ‖ΔR‖=2.490e+01  ‖Δu‖=2.874e+00)
[Adam] ep=  520  total=5.059e-01  PDE=1.168e-01 [colloc=1.150e-01, cfd=1.797e-03] (w=2.749)  IN=4.615e-02 (w=1.339)  TB=2.147e-02 (w=0.915)  WALL=3.890e-15 (w=0.200)  OUT=1.228e-03 (w=0.244)  DATA=2.641e-02 (w=3.899)
  [PT] w=4.2079  (raw=5.2489  ‖ΔR‖=4.242e+01  ‖Δu‖=8.081e+00)
  [PT] w=4.0669  (raw=2.7981  ‖ΔR‖=1.735e+01  ‖Δu‖=6.199e+00)
  [PT] w=4.4046  (raw=7.4434  ‖ΔR‖=4.249e+01  ‖Δu‖=5.708e+00)
  [PT] w=4.2720  (raw=3.0793  ‖ΔR‖=1.390e+01  ‖Δu‖=4.514e+00)
  [PT] w=4.3950  (raw=5.5016  ‖ΔR‖=3.851e+01  ‖Δu‖=7.000e+00)
  [PT] w=4.3104  (raw=3.5489  ‖ΔR‖=2.015e+01  ‖Δu‖=5.679e+00)
  [PT] w=4.1800  (raw=3.0068  ‖ΔR‖=2.448e+01  ‖Δu‖=8.140e+00)
  [PT] w=4.2377  (raw=4.7573  ‖ΔR‖=4.726e+01  ‖Δu‖=9.934e+00)
  [PT] w=4.1667  (raw=3.5270  ‖ΔR‖=1.544e+01  ‖Δu‖=4.378e+00)
  [PT] w=4.1980  (raw=4.4797  ‖ΔR‖=1.759e+01  ‖Δu‖=3.926e+00)
  [PT] w=4.2778  (raw=4.9963  ‖ΔR‖=4.242e+01  ‖Δu‖=8.490e+00)
  [PT] w=4.1607  (raw=3.1062  ‖ΔR‖=1.455e+01  ‖Δu‖=4.683e+00)
  [PT] w=4.4282  (raw=6.8366  ‖ΔR‖=3.056e+01  ‖Δu‖=4.471e+00)
  [PT] w=4.4316  (raw=4.4618  ‖ΔR‖=1.104e+01  ‖Δu‖=2.475e+00)
  [PT] w=4.6977  (raw=7.0930  ‖ΔR‖=4.422e+01  ‖Δu‖=6.234e+00)
  [PT] w=4.5784  (raw=3.5041  ‖ΔR‖=1.788e+01  ‖Δu‖=5.104e+00)
  [PT] w=4.5613  (raw=4.4077  ‖ΔR‖=3.274e+01  ‖Δu‖=7.428e+00)
  [PT] w=4.7979  (raw=6.9270  ‖ΔR‖=6.303e+01  ‖Δu‖=9.100e+00)
  [PT] w=4.9837  (raw=6.6563  ‖ΔR‖=3.105e+01  ‖Δu‖=4.665e+00)
  [PT] w=4.7850  (raw=2.9967  ‖ΔR‖=1.670e+01  ‖Δu‖=5.573e+00)
[Adam] ep=  540  total=8.383e-01  PDE=2.368e-01 [colloc=2.334e-01, cfd=3.311e-03] (w=2.789)  IN=4.761e-02 (w=1.330)  TB=2.198e-02 (w=0.960)  WALL=4.355e-15 (w=0.200)  OUT=1.256e-03 (w=0.219)  DATA=2.597e-02 (w=3.590)
  [PT] w=4.7196  (raw=4.1312  ‖ΔR‖=3.625e+01  ‖Δu‖=8.774e+00)
  [PT] w=4.7609  (raw=5.1327  ‖ΔR‖=5.993e+01  ‖Δu‖=1.168e+01)
  [PT] w=4.7932  (raw=5.0838  ‖ΔR‖=3.997e+01  ‖Δu‖=7.863e+00)
  [PT] w=4.6265  (raw=3.1255  ‖ΔR‖=1.484e+01  ‖Δu‖=4.749e+00)
  [PT] w=4.5579  (raw=3.9409  ‖ΔR‖=2.383e+01  ‖Δu‖=6.046e+00)
  [PT] w=4.5944  (raw=4.9231  ‖ΔR‖=4.867e+01  ‖Δu‖=9.886e+00)
  [PT] w=4.4290  (raw=2.9398  ‖ΔR‖=3.783e+01  ‖Δu‖=1.287e+01)
  [PT] w=4.1711  (raw=1.8505  ‖ΔR‖=1.496e+01  ‖Δu‖=8.086e+00)
  [PT] w=4.3274  (raw=5.7342  ‖ΔR‖=2.515e+01  ‖Δu‖=4.386e+00)
  [PT] w=4.2324  (raw=3.3774  ‖ΔR‖=3.978e+01  ‖Δu‖=1.178e+01)
  [PT] w=4.0038  (raw=1.9458  ‖ΔR‖=2.501e+01  ‖Δu‖=1.285e+01)
  [PT] w=3.9224  (raw=3.1902  ‖ΔR‖=3.000e+01  ‖Δu‖=9.403e+00)
  [PT] w=4.0079  (raw=4.7774  ‖ΔR‖=3.445e+01  ‖Δu‖=7.211e+00)
  [PT] w=3.8037  (raw=1.9663  ‖ΔR‖=2.009e+01  ‖Δu‖=1.022e+01)
  [PT] w=3.7459  (raw=3.2252  ‖ΔR‖=3.192e+01  ‖Δu‖=9.898e+00)
  [PT] w=3.7063  (raw=3.3496  ‖ΔR‖=2.414e+01  ‖Δu‖=7.205e+00)
  [PT] w=3.5214  (raw=1.8580  ‖ΔR‖=1.677e+01  ‖Δu‖=9.027e+00)
  [PT] w=3.6837  (raw=5.1444  ‖ΔR‖=3.719e+01  ‖Δu‖=7.229e+00)
  [PT] w=3.7285  (raw=4.1315  ‖ΔR‖=6.972e+00  ‖Δu‖=1.688e+00)
  [PT] w=3.7645  (raw=4.0883  ‖ΔR‖=2.614e+01  ‖Δu‖=6.393e+00)
[Adam] ep=  560  total=2.748e-01  PDE=5.119e-02 [colloc=4.955e-02, cfd=1.638e-03] (w=2.424)  IN=3.970e-02 (w=1.469)  TB=2.734e-02 (w=1.093)  WALL=9.053e-16 (w=0.200)  OUT=1.394e-03 (w=0.239)  DATA=1.571e-02 (w=3.958)
  [PT] w=3.8581  (raw=4.7007  ‖ΔR‖=5.288e+01  ‖Δu‖=1.125e+01)
  [PT] w=3.7680  (raw=2.9570  ‖ΔR‖=1.924e+01  ‖Δu‖=6.505e+00)
  [PT] w=3.7650  (raw=3.7380  ‖ΔR‖=1.565e+01  ‖Δu‖=4.188e+00)
  [PT] w=4.0629  (raw=6.7438  ‖ΔR‖=3.953e+01  ‖Δu‖=5.862e+00)
  [PT] w=4.0398  (raw=3.8325  ‖ΔR‖=5.737e+01  ‖Δu‖=1.497e+01)
  [PT] w=3.8913  (raw=2.5549  ‖ΔR‖=3.567e+01  ‖Δu‖=1.396e+01)
  [PT] w=3.7340  (raw=2.3177  ‖ΔR‖=2.561e+01  ‖Δu‖=1.105e+01)
  [PT] w=3.8711  (raw=5.1056  ‖ΔR‖=4.538e+01  ‖Δu‖=8.888e+00)
  [PT] w=3.8529  (raw=3.6887  ‖ΔR‖=4.891e+01  ‖Δu‖=1.326e+01)
  [PT] w=3.6621  (raw=1.9454  ‖ΔR‖=3.425e+01  ‖Δu‖=1.760e+01)
  [PT] w=3.5030  (raw=2.0707  ‖ΔR‖=3.759e+01  ‖Δu‖=1.815e+01)
  [PT] w=3.5050  (raw=3.5231  ‖ΔR‖=3.951e+01  ‖Δu‖=1.122e+01)
  [PT] w=3.5278  (raw=3.7325  ‖ΔR‖=1.750e+01  ‖Δu‖=4.688e+00)
  [PT] w=3.3794  (raw=2.0438  ‖ΔR‖=2.224e+01  ‖Δu‖=1.088e+01)
  [PT] w=3.3130  (raw=2.7154  ‖ΔR‖=4.508e+01  ‖Δu‖=1.660e+01)
  [PT] w=3.1970  (raw=2.1536  ‖ΔR‖=1.558e+01  ‖Δu‖=7.233e+00)
  [PT] w=3.2515  (raw=3.7412  ‖ΔR‖=1.996e+01  ‖Δu‖=5.335e+00)
  [PT] w=3.1459  (raw=2.1956  ‖ΔR‖=3.264e+01  ‖Δu‖=1.487e+01)
  [PT] w=3.1381  (raw=3.0680  ‖ΔR‖=2.063e+01  ‖Δu‖=6.726e+00)
  [PT] w=2.9949  (raw=1.7060  ‖ΔR‖=1.454e+01  ‖Δu‖=8.525e+00)
[Adam] ep=  580  total=3.222e-01  PDE=2.577e-02 [colloc=2.409e-02, cfd=1.673e-03] (w=2.483)  IN=5.976e-02 (w=1.453)  TB=2.214e-02 (w=0.938)  WALL=3.229e-16 (w=0.200)  OUT=4.534e-03 (w=0.296)  DATA=3.433e-02 (w=4.349)
  [PT] w=2.8980  (raw=2.0260  ‖ΔR‖=3.363e+01  ‖Δu‖=1.660e+01)
  [PT] w=2.7824  (raw=1.7422  ‖ΔR‖=1.440e+01  ‖Δu‖=8.265e+00)
  [PT] w=2.9119  (raw=4.0771  ‖ΔR‖=2.794e+01  ‖Δu‖=6.853e+00)
  [PT] w=2.8231  (raw=2.0245  ‖ΔR‖=2.333e+01  ‖Δu‖=1.153e+01)
  [PT] w=2.8488  (raw=3.0794  ‖ΔR‖=2.544e+01  ‖Δu‖=8.261e+00)
  [PT] w=2.7883  (raw=2.2444  ‖ΔR‖=1.815e+01  ‖Δu‖=8.087e+00)
  [PT] w=2.7472  (raw=2.3772  ‖ΔR‖=2.536e+01  ‖Δu‖=1.067e+01)
  [PT] w=2.8164  (raw=3.4395  ‖ΔR‖=1.995e+01  ‖Δu‖=5.801e+00)
  [PT] w=2.7354  (raw=2.0058  ‖ΔR‖=2.542e+01  ‖Δu‖=1.267e+01)
  [PT] w=2.6160  (raw=1.5415  ‖ΔR‖=1.009e+01  ‖Δu‖=6.543e+00)
  [PT] w=2.7183  (raw=3.6390  ‖ΔR‖=2.568e+01  ‖Δu‖=7.058e+00)
  [PT] w=2.6807  (raw=2.3426  ‖ΔR‖=1.970e+01  ‖Δu‖=8.410e+00)
  [PT] w=2.7094  (raw=2.9672  ‖ΔR‖=1.507e+01  ‖Δu‖=5.077e+00)
  [PT] w=2.6344  (raw=1.9596  ‖ΔR‖=2.219e+01  ‖Δu‖=1.133e+01)
  [PT] w=2.7578  (raw=3.8686  ‖ΔR‖=1.769e+01  ‖Δu‖=4.573e+00)
  [PT] w=2.7064  (raw=2.2438  ‖ΔR‖=2.232e+01  ‖Δu‖=9.947e+00)
  [PT] w=2.5962  (raw=1.6042  ‖ΔR‖=1.219e+01  ‖Δu‖=7.601e+00)
  [PT] w=2.6822  (raw=3.4567  ‖ΔR‖=2.852e+01  ‖Δu‖=8.252e+00)
  [PT] w=2.6430  (raw=2.2894  ‖ΔR‖=1.261e+01  ‖Δu‖=5.507e+00)
  [PT] w=2.8865  (raw=5.0783  ‖ΔR‖=2.953e+01  ‖Δu‖=5.815e+00)
[Adam] ep=  600  total=2.194e-01  PDE=3.457e-02 [colloc=3.207e-02, cfd=2.504e-03] (w=2.299)  IN=3.143e-02 (w=1.539)  TB=1.211e-02 (w=1.003)  WALL=4.468e-16 (w=0.200)  OUT=8.591e-04 (w=0.299)  DATA=1.816e-02 (w=4.357)
  [PT] w=2.8112  (raw=2.1334  ‖ΔR‖=1.349e+01  ‖Δu‖=6.325e+00)
  [PT] w=2.9323  (raw=4.0225  ‖ΔR‖=3.298e+01  ‖Δu‖=8.200e+00)
  [PT] w=2.9476  (raw=3.0848  ‖ΔR‖=1.000e+01  ‖Δu‖=3.243e+00)
  [PT] w=3.1081  (raw=4.5533  ‖ΔR‖=3.596e+01  ‖Δu‖=7.897e+00)
  [PT] w=2.9900  (raw=1.9271  ‖ΔR‖=1.195e+01  ‖Δu‖=6.203e+00)
  [PT] w=3.5520  (raw=8.6093  ‖ΔR‖=3.911e+01  ‖Δu‖=4.543e+00)
  [PT] w=3.5865  (raw=3.8977  ‖ΔR‖=1.006e+01  ‖Δu‖=2.582e+00)
  [PT] w=3.7804  (raw=5.5247  ‖ΔR‖=3.487e+01  ‖Δu‖=6.313e+00)
  [PT] w=4.3128  (raw=9.1049  ‖ΔR‖=2.536e+01  ‖Δu‖=2.786e+00)
  [PT] w=4.1995  (raw=3.1802  ‖ΔR‖=2.377e+01  ‖Δu‖=7.475e+00)
  [PT] w=4.2467  (raw=4.6713  ‖ΔR‖=4.798e+01  ‖Δu‖=1.027e+01)
  [PT] w=4.2055  (raw=3.8345  ‖ΔR‖=1.674e+01  ‖Δu‖=4.365e+00)
  [PT] w=4.1057  (raw=3.2077  ‖ΔR‖=1.773e+01  ‖Δu‖=5.527e+00)
  [PT] w=4.1255  (raw=4.3036  ‖ΔR‖=4.119e+01  ‖Δu‖=9.570e+00)
  [PT] w=3.9768  (raw=2.6386  ‖ΔR‖=3.517e+01  ‖Δu‖=1.333e+01)
  [PT] w=3.7505  (raw=1.7135  ‖ΔR‖=1.485e+01  ‖Δu‖=8.669e+00)
  [PT] w=3.8392  (raw=4.6376  ‖ΔR‖=2.892e+01  ‖Δu‖=6.235e+00)
  [PT] w=3.6975  (raw=2.4220  ‖ΔR‖=3.221e+01  ‖Δu‖=1.330e+01)
  [PT] w=3.5348  (raw=2.0705  ‖ΔR‖=2.455e+01  ‖Δu‖=1.186e+01)
  [PT] w=3.6913  (raw=5.0996  ‖ΔR‖=2.180e+01  ‖Δu‖=4.276e+00)
[Adam] ep=  620  total=2.803e-01  PDE=3.094e-02 [colloc=2.857e-02, cfd=2.369e-03] (w=2.650)  IN=4.616e-02 (w=1.372)  TB=1.680e-02 (w=0.890)  WALL=1.449e-16 (w=0.200)  OUT=2.651e-03 (w=0.278)  DATA=2.809e-02 (w=4.246)
  [PT] w=3.5006  (raw=1.7842  ‖ΔR‖=1.743e+01  ‖Δu‖=9.770e+00)
  [PT] w=3.3969  (raw=2.4636  ‖ΔR‖=3.576e+01  ‖Δu‖=1.452e+01)
  [PT] w=3.2258  (raw=1.6865  ‖ΔR‖=9.660e+00  ‖Δu‖=5.728e+00)
  [PT] w=3.3219  (raw=4.1862  ‖ΔR‖=2.910e+01  ‖Δu‖=6.951e+00)
  [PT] w=3.1870  (raw=1.9731  ‖ΔR‖=2.510e+01  ‖Δu‖=1.272e+01)
  [PT] w=3.4580  (raw=5.8970  ‖ΔR‖=3.254e+01  ‖Δu‖=5.519e+00)
  [PT] w=3.2475  (raw=1.3529  ‖ΔR‖=7.277e+00  ‖Δu‖=5.379e+00)
  [PT] w=3.3283  (raw=4.0559  ‖ΔR‖=3.193e+01  ‖Δu‖=7.873e+00)
  [PT] w=3.3606  (raw=3.6512  ‖ΔR‖=2.669e+01  ‖Δu‖=7.310e+00)
  [PT] w=3.2970  (raw=2.7248  ‖ΔR‖=1.780e+01  ‖Δu‖=6.533e+00)
  [PT] w=3.4953  (raw=5.2797  ‖ΔR‖=4.353e+01  ‖Δu‖=8.245e+00)
  [PT] w=3.4108  (raw=2.6505  ‖ΔR‖=1.680e+01  ‖Δu‖=6.338e+00)
  [PT] w=3.3826  (raw=3.1282  ‖ΔR‖=2.138e+01  ‖Δu‖=6.834e+00)
  [PT] w=3.6053  (raw=5.6104  ‖ΔR‖=4.309e+01  ‖Δu‖=7.681e+00)
  [PT] w=3.6609  (raw=4.1611  ‖ΔR‖=1.965e+01  ‖Δu‖=4.722e+00)
  [PT] w=3.5388  (raw=2.4401  ‖ΔR‖=1.346e+01  ‖Δu‖=5.517e+00)
  [PT] w=3.6507  (raw=4.6574  ‖ΔR‖=3.616e+01  ‖Δu‖=7.764e+00)
  [PT] w=3.5782  (raw=2.9260  ‖ΔR‖=1.361e+01  ‖Δu‖=4.651e+00)
  [PT] w=3.5319  (raw=3.1145  ‖ΔR‖=1.785e+01  ‖Δu‖=5.730e+00)
  [PT] w=3.5019  (raw=3.2320  ‖ΔR‖=2.774e+01  ‖Δu‖=8.582e+00)
[Adam] ep=  640  total=2.004e-01  PDE=2.008e-02 [colloc=1.882e-02, cfd=1.255e-03] (w=2.471)  IN=3.846e-02 (w=1.488)  TB=1.505e-02 (w=0.967)  WALL=2.226e-16 (w=0.200)  OUT=1.248e-03 (w=0.261)  DATA=1.901e-02 (w=4.139)
  [PT] w=3.4089  (raw=2.5721  ‖ΔR‖=1.128e+01  ‖Δu‖=4.385e+00)
  [PT] w=3.4760  (raw=4.0796  ‖ΔR‖=1.909e+01  ‖Δu‖=4.679e+00)
  [PT] w=3.4900  (raw=3.6161  ‖ΔR‖=3.202e+01  ‖Δu‖=8.854e+00)
  [PT] w=3.5400  (raw=3.9900  ‖ΔR‖=1.984e+01  ‖Δu‖=4.973e+00)
  [PT] w=3.5323  (raw=3.4634  ‖ΔR‖=1.750e+01  ‖Δu‖=5.054e+00)
  [PT] w=3.4783  (raw=2.9918  ‖ΔR‖=2.131e+01  ‖Δu‖=7.121e+00)
  [PT] w=3.6410  (raw=5.1060  ‖ΔR‖=4.090e+01  ‖Δu‖=8.010e+00)
  [PT] w=3.7075  (raw=4.3053  ‖ΔR‖=1.254e+01  ‖Δu‖=2.913e+00)
  [PT] w=3.7367  (raw=3.9998  ‖ΔR‖=1.467e+01  ‖Δu‖=3.667e+00)
  [PT] w=3.8498  (raw=4.8675  ‖ΔR‖=3.614e+01  ‖Δu‖=7.425e+00)
  [PT] w=3.7992  (raw=3.3437  ‖ΔR‖=1.634e+01  ‖Δu‖=4.887e+00)
  [PT] w=3.7818  (raw=3.6251  ‖ΔR‖=1.169e+01  ‖Δu‖=3.226e+00)
  [PT] w=3.9024  (raw=4.9885  ‖ΔR‖=2.999e+01  ‖Δu‖=6.012e+00)
  [PT] w=3.8291  (raw=3.1690  ‖ΔR‖=2.000e+01  ‖Δu‖=6.311e+00)
  [PT] w=4.3386  (raw=8.9238  ‖ΔR‖=3.426e+01  ‖Δu‖=3.839e+00)
  [PT] w=4.3616  (raw=4.5689  ‖ΔR‖=1.866e+01  ‖Δu‖=4.084e+00)
  [PT] w=4.2974  (raw=3.7197  ‖ΔR‖=2.605e+01  ‖Δu‖=7.003e+00)
  [PT] w=4.4142  (raw=5.4648  ‖ΔR‖=4.958e+01  ‖Δu‖=9.073e+00)
  [PT] w=4.6353  (raw=6.6261  ‖ΔR‖=2.530e+01  ‖Δu‖=3.818e+00)
  [PT] w=4.4506  (raw=2.7877  ‖ΔR‖=1.061e+01  ‖Δu‖=3.805e+00)
[Adam] ep=  660  total=5.553e-01  PDE=1.485e-01 [colloc=1.458e-01, cfd=2.686e-03] (w=2.747)  IN=3.220e-02 (w=1.369)  TB=1.196e-02 (w=0.852)  WALL=3.831e-15 (w=0.200)  OUT=1.810e-03 (w=0.258)  DATA=2.345e-02 (w=3.958)
  [PT] w=4.3864  (raw=3.8085  ‖ΔR‖=2.856e+01  ‖Δu‖=7.500e+00)
  [PT] w=4.4041  (raw=4.5631  ‖ΔR‖=4.723e+01  ‖Δu‖=1.035e+01)
  [PT] w=4.3848  (raw=4.2118  ‖ΔR‖=2.203e+01  ‖Δu‖=5.230e+00)
  [PT] w=4.1320  (raw=1.8565  ‖ΔR‖=7.792e+00  ‖Δu‖=4.197e+00)
  [PT] w=4.1183  (raw=3.9952  ‖ΔR‖=2.572e+01  ‖Δu‖=6.437e+00)
  [PT] w=4.1608  (raw=4.5436  ‖ΔR‖=3.861e+01  ‖Δu‖=8.498e+00)
  [PT] w=4.0666  (raw=3.2181  ‖ΔR‖=1.326e+01  ‖Δu‖=4.122e+00)
  [PT] w=4.0858  (raw=4.2587  ‖ΔR‖=1.503e+01  ‖Δu‖=3.529e+00)
  [PT] w=4.1428  (raw=4.6558  ‖ΔR‖=2.934e+01  ‖Δu‖=6.301e+00)
  [PT] w=4.1024  (raw=3.7393  ‖ΔR‖=2.269e+01  ‖Δu‖=6.067e+00)
  [PT] w=3.8650  (raw=1.7284  ‖ΔR‖=1.131e+01  ‖Δu‖=6.544e+00)
  [PT] w=3.9341  (raw=4.5559  ‖ΔR‖=1.974e+01  ‖Δu‖=4.334e+00)
  [PT] w=3.8965  (raw=3.5584  ‖ΔR‖=1.951e+01  ‖Δu‖=5.484e+00)
  [PT] w=3.7630  (raw=2.5611  ‖ΔR‖=1.654e+01  ‖Δu‖=6.458e+00)
  [PT] w=3.6629  (raw=2.7619  ‖ΔR‖=1.671e+01  ‖Δu‖=6.049e+00)
  [PT] w=3.8119  (raw=5.1527  ‖ΔR‖=3.340e+01  ‖Δu‖=6.481e+00)
  [PT] w=3.6750  (raw=2.4437  ‖ΔR‖=9.081e+00  ‖Δu‖=3.716e+00)
  [PT] w=3.6247  (raw=3.1720  ‖ΔR‖=1.611e+01  ‖Δu‖=5.080e+00)
  [PT] w=3.6841  (raw=4.2183  ‖ΔR‖=3.257e+01  ‖Δu‖=7.720e+00)
  [PT] w=3.6634  (raw=3.4768  ‖ΔR‖=1.194e+01  ‖Δu‖=3.434e+00)
[Adam] ep=  680  total=2.000e-01  PDE=2.996e-02 [colloc=2.756e-02, cfd=2.396e-03] (w=2.446)  IN=3.459e-02 (w=1.492)  TB=1.428e-02 (w=0.996)  WALL=3.839e-16 (w=0.200)  OUT=8.403e-04 (w=0.280)  DATA=1.483e-02 (w=4.089)
  [PT] w=3.7958  (raw=4.9881  ‖ΔR‖=2.117e+01  ‖Δu‖=4.243e+00)
  [PT] w=3.7903  (raw=3.7408  ‖ΔR‖=1.837e+01  ‖Δu‖=4.910e+00)
  [PT] w=3.7469  (raw=3.3558  ‖ΔR‖=1.970e+01  ‖Δu‖=5.872e+00)
  [PT] w=3.6360  (raw=2.6384  ‖ΔR‖=7.344e+00  ‖Δu‖=2.783e+00)
  [PT] w=3.6121  (raw=3.3966  ‖ΔR‖=1.649e+01  ‖Δu‖=4.854e+00)
  [PT] w=3.5385  (raw=2.8764  ‖ΔR‖=2.746e+01  ‖Δu‖=9.547e+00)
  [PT] w=3.3963  (raw=2.1165  ‖ΔR‖=1.126e+01  ‖Δu‖=5.320e+00)
  [PT] w=3.4236  (raw=3.6688  ‖ΔR‖=1.437e+01  ‖Δu‖=3.916e+00)
  [PT] w=3.3603  (raw=2.7910  ‖ΔR‖=2.472e+01  ‖Δu‖=8.858e+00)
  [PT] w=3.2304  (raw=2.0617  ‖ΔR‖=2.582e+01  ‖Δu‖=1.252e+01)
  [PT] w=3.7749  (raw=8.6748  ‖ΔR‖=2.092e+01  ‖Δu‖=2.412e+00)
  [PT] w=3.6552  (raw=2.5784  ‖ΔR‖=1.437e+01  ‖Δu‖=5.571e+00)
  [PT] w=3.5715  (raw=2.8179  ‖ΔR‖=2.876e+01  ‖Δu‖=1.021e+01)
  [PT] w=3.4073  (raw=1.9299  ‖ΔR‖=1.803e+01  ‖Δu‖=9.341e+00)
  [PT] w=3.3494  (raw=2.8277  ‖ΔR‖=2.150e+01  ‖Δu‖=7.603e+00)
  [PT] w=3.4073  (raw=3.9282  ‖ΔR‖=2.922e+01  ‖Δu‖=7.439e+00)
  [PT] w=3.1957  (raw=1.2920  ‖ΔR‖=1.298e+01  ‖Δu‖=1.004e+01)
  [PT] w=3.0869  (raw=2.1070  ‖ΔR‖=2.557e+01  ‖Δu‖=1.213e+01)
  [PT] w=3.1608  (raw=3.8267  ‖ΔR‖=2.293e+01  ‖Δu‖=5.992e+00)
  [PT] w=3.0382  (raw=1.9345  ‖ΔR‖=1.472e+01  ‖Δu‖=7.609e+00)
[Adam] ep=  700  total=2.128e-01  PDE=3.187e-02 [colloc=2.740e-02, cfd=4.479e-03] (w=2.445)  IN=3.069e-02 (w=1.459)  TB=1.300e-02 (w=0.950)  WALL=5.034e-16 (w=0.200)  OUT=1.069e-03 (w=0.326)  DATA=1.763e-02 (w=4.389)
  [PT] w=2.9135  (raw=1.7912  ‖ΔR‖=1.614e+01  ‖Δu‖=9.012e+00)
  [PT] w=2.9342  (raw=3.1204  ‖ΔR‖=2.333e+01  ‖Δu‖=7.475e+00)
  [PT] w=2.8274  (raw=1.8662  ‖ΔR‖=1.329e+01  ‖Δu‖=7.122e+00)
  [PT] w=2.7476  (raw=2.0298  ‖ΔR‖=2.007e+01  ‖Δu‖=9.888e+00)
  [PT] w=2.8267  (raw=3.5384  ‖ΔR‖=1.722e+01  ‖Δu‖=4.868e+00)
  [PT] w=2.8698  (raw=3.2581  ‖ΔR‖=2.252e+01  ‖Δu‖=6.913e+00)
  [PT] w=2.8149  (raw=2.3203  ‖ΔR‖=1.303e+01  ‖Δu‖=5.616e+00)
  [PT] w=3.0515  (raw=5.1808  ‖ΔR‖=2.703e+01  ‖Δu‖=5.218e+00)
  [PT] w=2.9001  (raw=1.5373  ‖ΔR‖=9.271e+00  ‖Δu‖=6.031e+00)
  [PT] w=2.9211  (raw=3.1103  ‖ΔR‖=2.931e+01  ‖Δu‖=9.424e+00)
  [PT] w=3.0102  (raw=3.8123  ‖ΔR‖=1.247e+01  ‖Δu‖=3.271e+00)
  [PT] w=3.0009  (raw=2.9167  ‖ΔR‖=2.327e+01  ‖Δu‖=7.979e+00)
  [PT] w=2.9044  (raw=2.0364  ‖ΔR‖=1.432e+01  ‖Δu‖=7.033e+00)
  [PT] w=3.1834  (raw=5.6937  ‖ΔR‖=3.493e+01  ‖Δu‖=6.134e+00)
  [PT] w=3.1074  (raw=2.4236  ‖ΔR‖=4.942e+00  ‖Δu‖=2.039e+00)
  [PT] w=3.4855  (raw=6.8882  ‖ΔR‖=2.750e+01  ‖Δu‖=3.993e+00)
  [PT] w=3.5524  (raw=4.1547  ‖ΔR‖=4.843e+01  ‖Δu‖=1.166e+01)
  [PT] w=3.4389  (raw=2.4176  ‖ΔR‖=1.842e+01  ‖Δu‖=7.618e+00)
  [PT] w=3.5258  (raw=4.3081  ‖ΔR‖=2.175e+01  ‖Δu‖=5.048e+00)
  [PT] w=3.8130  (raw=6.3980  ‖ΔR‖=4.262e+01  ‖Δu‖=6.661e+00)
[Adam] ep=  720  total=5.084e-01  PDE=1.125e-01 [colloc=8.422e-02, cfd=2.824e-02] (w=2.786)  IN=4.229e-02 (w=1.330)  TB=1.031e-02 (w=0.790)  WALL=3.951e-16 (w=0.200)  OUT=1.412e-02 (w=0.435)  DATA=3.164e-02 (w=3.937)
  [PT] w=3.7804  (raw=3.4861  ‖ΔR‖=3.766e+01  ‖Δu‖=1.080e+01)
  [PT] w=3.6601  (raw=2.5774  ‖ΔR‖=2.464e+01  ‖Δu‖=9.562e+00)
  [PT] w=3.7334  (raw=4.3936  ‖ΔR‖=3.470e+01  ‖Δu‖=7.899e+00)
  [PT] w=3.8814  (raw=5.2128  ‖ΔR‖=4.863e+01  ‖Δu‖=9.329e+00)
  [PT] w=3.7882  (raw=2.9494  ‖ΔR‖=2.923e+01  ‖Δu‖=9.910e+00)
  [PT] w=3.6413  (raw=2.3193  ‖ΔR‖=2.320e+01  ‖Δu‖=1.000e+01)
  [PT] w=3.6364  (raw=3.5929  ‖ΔR‖=3.129e+01  ‖Δu‖=8.707e+00)
  [PT] w=3.8057  (raw=5.3292  ‖ΔR‖=4.111e+01  ‖Δu‖=7.715e+00)
  [PT] w=3.7330  (raw=3.0781  ‖ΔR‖=3.336e+01  ‖Δu‖=1.084e+01)
  [PT] w=3.5793  (raw=2.1963  ‖ΔR‖=2.170e+01  ‖Δu‖=9.881e+00)
  [PT] w=3.5183  (raw=2.9690  ‖ΔR‖=2.172e+01  ‖Δu‖=7.316e+00)
  [PT] w=3.7019  (raw=5.3542  ‖ΔR‖=3.649e+01  ‖Δu‖=6.815e+00)
  [PT] w=3.6067  (raw=2.7505  ‖ΔR‖=3.793e+01  ‖Δu‖=1.379e+01)
  [PT] w=3.4389  (raw=1.9285  ‖ΔR‖=2.434e+01  ‖Δu‖=1.262e+01)
  [PT] w=3.3641  (raw=2.6908  ‖ΔR‖=2.024e+01  ‖Δu‖=7.523e+00)
  [PT] w=3.5298  (raw=5.0212  ‖ΔR‖=2.193e+01  ‖Δu‖=4.367e+00)
  [PT] w=3.3719  (raw=1.9512  ‖ΔR‖=3.078e+01  ‖Δu‖=1.578e+01)
  [PT] w=3.2150  (raw=1.8025  ‖ΔR‖=3.362e+01  ‖Δu‖=1.865e+01)
  [PT] w=3.2249  (raw=3.3144  ‖ΔR‖=2.266e+01  ‖Δu‖=6.838e+00)
  [PT] w=3.1443  (raw=2.4182  ‖ΔR‖=1.926e+01  ‖Δu‖=7.966e+00)
[Adam] ep=  740  total=3.852e-01  PDE=9.074e-02 [colloc=8.846e-02, cfd=2.278e-03] (w=2.654)  IN=2.520e-02 (w=1.321)  TB=1.971e-02 (w=0.860)  WALL=2.638e-15 (w=0.200)  OUT=4.106e-03 (w=0.511)  DATA=2.172e-02 (w=4.237)
  [PT] w=3.0233  (raw=1.9345  ‖ΔR‖=3.387e+01  ‖Δu‖=1.751e+01)
  [PT] w=3.0776  (raw=3.5663  ‖ΔR‖=2.832e+01  ‖Δu‖=7.942e+00)
  [PT] w=3.0584  (raw=2.8857  ‖ΔR‖=8.343e+00  ‖Δu‖=2.891e+00)
  [PT] w=3.0323  (raw=2.7974  ‖ΔR‖=2.519e+01  ‖Δu‖=9.004e+00)
  [PT] w=2.9749  (raw=2.4587  ‖ΔR‖=3.571e+01  ‖Δu‖=1.453e+01)
  [PT] w=2.9010  (raw=2.2359  ‖ΔR‖=1.829e+01  ‖Δu‖=8.181e+00)
  [PT] w=3.0758  (raw=4.6485  ‖ΔR‖=2.906e+01  ‖Δu‖=6.251e+00)
  [PT] w=3.0025  (raw=2.3432  ‖ΔR‖=3.042e+01  ‖Δu‖=1.298e+01)
  [PT] w=2.8913  (raw=1.8899  ‖ΔR‖=2.460e+01  ‖Δu‖=1.302e+01)
  [PT] w=2.9091  (raw=3.0694  ‖ΔR‖=2.559e+01  ‖Δu‖=8.337e+00)
  [PT] w=2.9232  (raw=3.0506  ‖ΔR‖=2.896e+01  ‖Δu‖=9.492e+00)
  [PT] w=2.8376  (raw=2.0669  ‖ΔR‖=2.458e+01  ‖Δu‖=1.189e+01)
  [PT] w=2.7764  (raw=2.2253  ‖ΔR‖=2.135e+01  ‖Δu‖=9.595e+00)
  [PT] w=2.9610  (raw=4.6224  ‖ΔR‖=3.059e+01  ‖Δu‖=6.619e+00)
  [PT] w=2.8972  (raw=2.3230  ‖ΔR‖=2.983e+01  ‖Δu‖=1.284e+01)
  [PT] w=2.7940  (raw=1.8653  ‖ΔR‖=2.436e+01  ‖Δu‖=1.306e+01)
  [PT] w=2.7853  (raw=2.7075  ‖ΔR‖=2.074e+01  ‖Δu‖=7.659e+00)
  [PT] w=2.7922  (raw=2.8537  ‖ΔR‖=2.196e+01  ‖Δu‖=7.696e+00)
  [PT] w=2.6951  (raw=1.8218  ‖ΔR‖=2.828e+01  ‖Δu‖=1.553e+01)
  [PT] w=2.6267  (raw=2.0107  ‖ΔR‖=2.379e+01  ‖Δu‖=1.183e+01)
[Adam] ep=  760  total=2.057e-01  PDE=3.528e-02 [colloc=3.395e-02, cfd=1.333e-03] (w=2.489)  IN=2.881e-02 (w=1.390)  TB=1.400e-02 (w=0.907)  WALL=1.095e-15 (w=0.200)  OUT=9.964e-04 (w=0.573)  DATA=1.497e-02 (w=4.315)
  [PT] w=2.6620  (raw=2.9798  ‖ΔR‖=1.843e+01  ‖Δu‖=6.187e+00)
  [PT] w=2.6032  (raw=2.0745  ‖ΔR‖=2.799e+01  ‖Δu‖=1.349e+01)
  [PT] w=2.5054  (raw=1.6243  ‖ΔR‖=1.811e+01  ‖Δu‖=1.115e+01)
  [PT] w=2.4605  (raw=2.0568  ‖ΔR‖=2.062e+01  ‖Δu‖=1.002e+01)
  [PT] w=2.3984  (raw=1.8391  ‖ΔR‖=2.013e+01  ‖Δu‖=1.094e+01)
  [PT] w=2.3457  (raw=1.8712  ‖ΔR‖=1.640e+01  ‖Δu‖=8.766e+00)
  [PT] w=2.2891  (raw=1.7800  ‖ΔR‖=1.983e+01  ‖Δu‖=1.114e+01)
  [PT] w=2.3104  (raw=2.5024  ‖ΔR‖=2.671e+01  ‖Δu‖=1.067e+01)
  [PT] w=2.1863  (raw=1.0695  ‖ΔR‖=5.419e+00  ‖Δu‖=5.067e+00)
  [PT] w=2.2266  (raw=2.5887  ‖ΔR‖=2.108e+01  ‖Δu‖=8.145e+00)
  [PT] w=2.1846  (raw=1.8070  ‖ΔR‖=2.812e+01  ‖Δu‖=1.556e+01)
  [PT] w=2.1923  (raw=2.2611  ‖ΔR‖=6.233e+00  ‖Δu‖=2.757e+00)
  [PT] w=2.1601  (raw=1.8711  ‖ΔR‖=1.969e+01  ‖Δu‖=1.052e+01)
  [PT] w=2.1232  (raw=1.7911  ‖ΔR‖=3.183e+01  ‖Δu‖=1.777e+01)
  [PT] w=2.0638  (raw=1.5289  ‖ΔR‖=1.102e+01  ‖Δu‖=7.211e+00)
  [PT] w=2.0436  (raw=1.8619  ‖ΔR‖=1.385e+01  ‖Δu‖=7.441e+00)
  [PT] w=2.0366  (raw=1.9736  ‖ΔR‖=3.076e+01  ‖Δu‖=1.558e+01)
  [PT] w=1.9848  (raw=1.5181  ‖ΔR‖=1.999e+01  ‖Δu‖=1.317e+01)
  [PT] w=1.9371  (raw=1.5078  ‖ΔR‖=1.572e+01  ‖Δu‖=1.042e+01)
  [PT] w=1.9345  (raw=1.9118  ‖ΔR‖=2.439e+01  ‖Δu‖=1.276e+01)
[Adam] ep=  780  total=2.117e-01  PDE=4.122e-02 [colloc=3.754e-02, cfd=3.680e-03] (w=2.452)  IN=2.039e-02 (w=1.412)  TB=1.201e-02 (w=0.936)  WALL=9.656e-16 (w=0.200)  OUT=3.187e-03 (w=0.478)  DATA=1.558e-02 (w=4.435)
  [PT] w=1.8752  (raw=1.3417  ‖ΔR‖=1.181e+01  ‖Δu‖=8.806e+00)
  [PT] w=1.8279  (raw=1.4018  ‖ΔR‖=1.726e+01  ‖Δu‖=1.231e+01)
  [PT] w=1.8739  (raw=2.2882  ‖ΔR‖=2.291e+01  ‖Δu‖=1.001e+01)
  [PT] w=1.9756  (raw=2.8904  ‖ΔR‖=8.947e+00  ‖Δu‖=3.095e+00)
  [PT] w=1.9921  (raw=2.1410  ‖ΔR‖=1.890e+01  ‖Δu‖=8.827e+00)
  [PT] w=2.1418  (raw=3.4888  ‖ΔR‖=2.391e+01  ‖Δu‖=6.853e+00)
  [PT] w=2.2445  (raw=3.1686  ‖ΔR‖=1.512e+01  ‖Δu‖=4.773e+00)
  [PT] w=2.3994  (raw=3.7940  ‖ΔR‖=2.295e+01  ‖Δu‖=6.049e+00)
  [PT] w=2.4945  (raw=3.3505  ‖ΔR‖=1.552e+01  ‖Δu‖=4.633e+00)
  [PT] w=2.7426  (raw=4.9748  ‖ΔR‖=3.111e+01  ‖Δu‖=6.253e+00)
  [PT] w=2.6892  (raw=2.2089  ‖ΔR‖=1.177e+01  ‖Δu‖=5.328e+00)
  [PT] w=2.8797  (raw=4.5945  ‖ΔR‖=2.186e+01  ‖Δu‖=4.758e+00)
  [PT] w=3.1765  (raw=5.8474  ‖ΔR‖=4.110e+01  ‖Δu‖=7.028e+00)
  [PT] w=3.2383  (raw=3.7943  ‖ΔR‖=1.710e+01  ‖Δu‖=4.507e+00)
  [PT] w=3.2734  (raw=3.5896  ‖ΔR‖=1.315e+01  ‖Δu‖=3.663e+00)
  [PT] w=3.5086  (raw=5.6250  ‖ΔR‖=3.507e+01  ‖Δu‖=6.235e+00)
  [PT] w=3.4409  (raw=2.8322  ‖ΔR‖=4.088e+01  ‖Δu‖=1.443e+01)
  [PT] w=3.2498  (raw=1.5300  ‖ΔR‖=1.801e+01  ‖Δu‖=1.177e+01)
  [PT] w=3.0987  (raw=1.7385  ‖ΔR‖=1.497e+01  ‖Δu‖=8.611e+00)
  [PT] w=3.1967  (raw=4.0787  ‖ΔR‖=2.937e+01  ‖Δu‖=7.201e+00)
[Adam] ep=  800  total=4.870e-01  PDE=8.587e-02 [colloc=7.240e-02, cfd=1.347e-02] (w=2.818)  IN=4.857e-02 (w=1.275)  TB=1.415e-02 (w=0.779)  WALL=5.542e-16 (w=0.200)  OUT=1.944e-03 (w=0.375)  DATA=4.088e-02 (w=4.192)
  [PT] w=3.1449  (raw=2.6792  ‖ΔR‖=3.861e+01  ‖Δu‖=1.441e+01)
  [PT] w=3.0242  (raw=1.9371  ‖ΔR‖=2.756e+01  ‖Δu‖=1.423e+01)
  [PT] w=2.9404  (raw=2.1863  ‖ΔR‖=2.278e+01  ‖Δu‖=1.042e+01)
  [PT] w=3.0167  (raw=3.7034  ‖ΔR‖=3.035e+01  ‖Δu‖=8.196e+00)
  [PT] w=2.9216  (raw=2.0653  ‖ΔR‖=2.886e+01  ‖Δu‖=1.397e+01)
  [PT] w=2.8212  (raw=1.9179  ‖ΔR‖=3.050e+01  ‖Δu‖=1.590e+01)
  [PT] w=2.8283  (raw=2.8919  ‖ΔR‖=2.619e+01  ‖Δu‖=9.055e+00)
  [PT] w=2.9740  (raw=4.2861  ‖ΔR‖=1.657e+01  ‖Δu‖=3.867e+00)
  [PT] w=2.8599  (raw=1.8331  ‖ΔR‖=1.953e+01  ‖Δu‖=1.066e+01)
  [PT] w=2.7842  (raw=2.1028  ‖ΔR‖=3.085e+01  ‖Δu‖=1.467e+01)
  [PT] w=2.7905  (raw=2.8465  ‖ΔR‖=2.370e+01  ‖Δu‖=8.328e+00)
  [PT] w=2.7854  (raw=2.7395  ‖ΔR‖=1.320e+01  ‖Δu‖=4.818e+00)
  [PT] w=2.8252  (raw=3.1842  ‖ΔR‖=2.438e+01  ‖Δu‖=7.656e+00)
  [PT] w=2.8431  (raw=3.0038  ‖ΔR‖=3.817e+01  ‖Δu‖=1.271e+01)
  [PT] w=2.7606  (raw=2.0184  ‖ΔR‖=1.944e+01  ‖Δu‖=9.631e+00)
  [PT] w=2.7325  (raw=2.4797  ‖ΔR‖=1.438e+01  ‖Δu‖=5.799e+00)
  [PT] w=2.8515  (raw=3.9224  ‖ΔR‖=2.423e+01  ‖Δu‖=6.178e+00)
  [PT] w=2.7748  (raw=2.0842  ‖ΔR‖=3.151e+01  ‖Δu‖=1.512e+01)
  [PT] w=2.6868  (raw=1.8947  ‖ΔR‖=2.860e+01  ‖Δu‖=1.510e+01)
  [PT] w=2.8454  (raw=4.2733  ‖ΔR‖=2.678e+01  ‖Δu‖=6.266e+00)
[Adam] ep=  820  total=2.874e-01  PDE=6.559e-02 [colloc=5.926e-02, cfd=6.332e-03] (w=2.639)  IN=2.472e-02 (w=1.355)  TB=1.169e-02 (w=0.831)  WALL=1.328e-15 (w=0.200)  OUT=4.004e-03 (w=0.355)  DATA=1.556e-02 (w=4.477)
  [PT] w=2.7999  (raw=2.3902  ‖ΔR‖=1.930e+01  ‖Δu‖=8.076e+00)
  [PT] w=2.6858  (raw=1.6583  ‖ΔR‖=2.512e+01  ‖Δu‖=1.515e+01)
  [PT] w=2.6303  (raw=2.1312  ‖ΔR‖=2.973e+01  ‖Δu‖=1.395e+01)
  [PT] w=2.6666  (raw=2.9932  ‖ΔR‖=8.656e+00  ‖Δu‖=2.892e+00)
  [PT] w=2.5819  (raw=1.8202  ‖ΔR‖=1.288e+01  ‖Δu‖=7.073e+00)
  [PT] w=2.5138  (raw=1.9005  ‖ΔR‖=2.853e+01  ‖Δu‖=1.501e+01)
  [PT] w=2.4001  (raw=1.3765  ‖ΔR‖=1.232e+01  ‖Δu‖=8.953e+00)
  [PT] w=2.5727  (raw=4.1265  ‖ΔR‖=1.496e+01  ‖Δu‖=3.625e+00)
  [PT] w=2.5007  (raw=1.8523  ‖ΔR‖=2.508e+01  ‖Δu‖=1.354e+01)
  [PT] w=2.5759  (raw=3.2524  ‖ΔR‖=1.728e+01  ‖Δu‖=5.314e+00)
  [PT] w=2.5052  (raw=1.8689  ‖ΔR‖=1.369e+01  ‖Δu‖=7.325e+00)
  [PT] w=2.4968  (raw=2.4217  ‖ΔR‖=2.629e+01  ‖Δu‖=1.086e+01)
  [PT] w=2.4871  (raw=2.4001  ‖ΔR‖=1.509e+01  ‖Δu‖=6.287e+00)
  [PT] w=2.5238  (raw=2.8532  ‖ΔR‖=2.362e+01  ‖Δu‖=8.279e+00)
  [PT] w=2.4348  (raw=1.6337  ‖ΔR‖=1.770e+01  ‖Δu‖=1.083e+01)
  [PT] w=2.4341  (raw=2.4285  ‖ΔR‖=2.222e+01  ‖Δu‖=9.150e+00)
  [PT] w=2.5292  (raw=3.3848  ‖ΔR‖=1.943e+01  ‖Δu‖=5.739e+00)
  [PT] w=2.4292  (raw=1.5293  ‖ΔR‖=1.326e+01  ‖Δu‖=8.670e+00)
  [PT] w=2.4426  (raw=2.5633  ‖ΔR‖=2.256e+01  ‖Δu‖=8.803e+00)
  [PT] w=2.5499  (raw=3.5156  ‖ΔR‖=2.136e+01  ‖Δu‖=6.076e+00)
[Adam] ep=  840  total=1.759e-01  PDE=3.274e-02 [colloc=3.111e-02, cfd=1.634e-03] (w=2.510)  IN=1.726e-02 (w=1.406)  TB=8.584e-03 (w=0.873)  WALL=9.478e-16 (w=0.200)  OUT=7.646e-04 (w=0.306)  DATA=1.320e-02 (w=4.680)
  [PT] w=2.5069  (raw=2.1194  ‖ΔR‖=1.381e+01  ‖Δu‖=6.515e+00)
  [PT] w=2.5831  (raw=3.2693  ‖ΔR‖=1.702e+01  ‖Δu‖=5.207e+00)
  [PT] w=2.5378  (raw=2.1297  ‖ΔR‖=2.340e+01  ‖Δu‖=1.099e+01)
  [PT] w=2.4881  (raw=2.0414  ‖ΔR‖=1.217e+01  ‖Δu‖=5.961e+00)
  [PT] w=2.5251  (raw=2.8576  ‖ΔR‖=1.510e+01  ‖Δu‖=5.284e+00)
  [PT] w=2.4744  (raw=2.0178  ‖ΔR‖=2.903e+01  ‖Δu‖=1.438e+01)
  [PT] w=2.4219  (raw=1.9501  ‖ΔR‖=1.080e+01  ‖Δu‖=5.539e+00)
  [PT] w=2.4897  (raw=3.1000  ‖ΔR‖=1.479e+01  ‖Δu‖=4.771e+00)
  [PT] w=2.4594  (raw=2.1859  ‖ΔR‖=2.288e+01  ‖Δu‖=1.047e+01)
  [PT] w=2.5455  (raw=3.3212  ‖ΔR‖=2.568e+01  ‖Δu‖=7.731e+00)
  [PT] w=2.4954  (raw=2.0443  ‖ΔR‖=9.781e+00  ‖Δu‖=4.784e+00)
  [PT] w=2.5517  (raw=3.0582  ‖ΔR‖=1.745e+01  ‖Δu‖=5.706e+00)
  [PT] w=2.6163  (raw=3.1980  ‖ΔR‖=2.760e+01  ‖Δu‖=8.631e+00)
  [PT] w=2.5142  (raw=1.5954  ‖ΔR‖=1.215e+01  ‖Δu‖=7.618e+00)
  [PT] w=2.5416  (raw=2.7880  ‖ΔR‖=1.647e+01  ‖Δu‖=5.907e+00)
  [PT] w=2.4841  (raw=1.9665  ‖ΔR‖=2.046e+01  ‖Δu‖=1.041e+01)
  [PT] w=2.4400  (raw=2.0434  ‖ΔR‖=2.233e+01  ‖Δu‖=1.093e+01)
  [PT] w=2.3518  (raw=1.5574  ‖ΔR‖=9.488e+00  ‖Δu‖=6.092e+00)
  [PT] w=2.3328  (raw=2.1619  ‖ΔR‖=2.487e+01  ‖Δu‖=1.151e+01)
  [PT] w=2.3190  (raw=2.1948  ‖ΔR‖=1.593e+01  ‖Δu‖=7.259e+00)
[Adam] ep=  860  total=1.759e-01  PDE=2.501e-02 [colloc=2.244e-02, cfd=2.576e-03] (w=2.504)  IN=2.567e-02 (w=1.396)  TB=1.008e-02 (w=0.904)  WALL=2.015e-16 (w=0.200)  OUT=1.906e-03 (w=0.359)  DATA=1.473e-02 (w=4.592)
  [PT] w=2.3526  (raw=2.6557  ‖ΔR‖=1.558e+01  ‖Δu‖=5.865e+00)
  [PT] w=2.2779  (raw=1.6056  ‖ΔR‖=1.600e+01  ‖Δu‖=9.964e+00)
  [PT] w=2.3867  (raw=3.3654  ‖ΔR‖=2.557e+01  ‖Δu‖=7.598e+00)
  [PT] w=2.3394  (raw=1.9138  ‖ΔR‖=5.219e+00  ‖Δu‖=2.727e+00)
  [PT] w=2.3550  (raw=2.4959  ‖ΔR‖=2.126e+01  ‖Δu‖=8.519e+00)
  [PT] w=2.3599  (raw=2.4038  ‖ΔR‖=1.650e+01  ‖Δu‖=6.864e+00)
  [PT] w=2.4133  (raw=2.8933  ‖ΔR‖=1.093e+01  ‖Δu‖=3.778e+00)
  [PT] w=2.3768  (raw=2.0491  ‖ΔR‖=1.299e+01  ‖Δu‖=6.341e+00)
  [PT] w=2.5409  (raw=4.0170  ‖ΔR‖=2.214e+01  ‖Δu‖=5.512e+00)
  [PT] w=2.5385  (raw=2.5169  ‖ΔR‖=5.006e+00  ‖Δu‖=1.989e+00)
  [PT] w=2.7681  (raw=4.8345  ‖ΔR‖=2.017e+01  ‖Δu‖=4.172e+00)
  [PT] w=2.7176  (raw=2.2638  ‖ΔR‖=1.099e+01  ‖Δu‖=4.853e+00)
  [PT] w=2.9364  (raw=4.9051  ‖ΔR‖=1.630e+01  ‖Δu‖=3.324e+00)
  [PT] w=2.9265  (raw=2.8376  ‖ΔR‖=8.636e+00  ‖Δu‖=3.043e+00)
  [PT] w=3.0757  (raw=4.4184  ‖ΔR‖=2.428e+01  ‖Δu‖=5.496e+00)
  [PT] w=2.9453  (raw=1.7720  ‖ΔR‖=6.090e+00  ‖Δu‖=3.437e+00)
  [PT] w=3.2105  (raw=5.5973  ‖ΔR‖=2.095e+01  ‖Δu‖=3.743e+00)
  [PT] w=3.0771  (raw=1.8767  ‖ΔR‖=2.280e+01  ‖Δu‖=1.215e+01)
  [PT] w=2.9833  (raw=2.1385  ‖ΔR‖=1.338e+01  ‖Δu‖=6.256e+00)
  [PT] w=2.9528  (raw=2.6789  ‖ΔR‖=2.067e+01  ‖Δu‖=7.716e+00)
[Adam] ep=  880  total=2.003e-01  PDE=4.353e-02 [colloc=4.071e-02, cfd=2.821e-03] (w=2.600)  IN=1.430e-02 (w=1.373)  TB=6.851e-03 (w=0.852)  WALL=1.105e-15 (w=0.200)  OUT=2.661e-03 (w=0.343)  DATA=1.348e-02 (w=4.504)
  [PT] w=2.8178  (raw=1.6030  ‖ΔR‖=1.912e+01  ‖Δu‖=1.193e+01)
  [PT] w=2.8082  (raw=2.7214  ‖ΔR‖=1.719e+01  ‖Δu‖=6.315e+00)
  [PT] w=2.6882  (raw=1.6084  ‖ΔR‖=1.591e+01  ‖Δu‖=9.894e+00)
  [PT] w=2.6342  (raw=2.1483  ‖ΔR‖=2.135e+01  ‖Δu‖=9.939e+00)
  [PT] w=2.5642  (raw=1.9338  ‖ΔR‖=9.076e+00  ‖Δu‖=4.694e+00)
  [PT] w=2.5250  (raw=2.1721  ‖ΔR‖=2.499e+01  ‖Δu‖=1.150e+01)
  [PT] w=2.4704  (raw=1.9796  ‖ΔR‖=1.361e+01  ‖Δu‖=6.876e+00)
  [PT] w=2.5185  (raw=2.9508  ‖ΔR‖=1.699e+01  ‖Δu‖=5.759e+00)
  [PT] w=2.4493  (raw=1.8272  ‖ΔR‖=1.713e+01  ‖Δu‖=9.374e+00)
  [PT] w=3.0488  (raw=8.4441  ‖ΔR‖=2.701e+01  ‖Δu‖=3.199e+00)
  [PT] w=2.9317  (raw=1.8779  ‖ΔR‖=6.580e+00  ‖Δu‖=3.504e+00)
  [PT] w=3.0577  (raw=4.1912  ‖ΔR‖=2.117e+01  ‖Δu‖=5.051e+00)
  [PT] w=3.4214  (raw=6.6950  ‖ΔR‖=3.978e+01  ‖Δu‖=5.941e+00)
  [PT] w=3.4374  (raw=3.5813  ‖ΔR‖=1.717e+01  ‖Δu‖=4.795e+00)
  [PT] w=3.3403  (raw=2.4659  ‖ΔR‖=1.389e+01  ‖Δu‖=5.634e+00)
  [PT] w=3.4479  (raw=4.4165  ‖ΔR‖=3.110e+01  ‖Δu‖=7.041e+00)
  [PT] w=3.6131  (raw=5.1004  ‖ΔR‖=3.895e+01  ‖Δu‖=7.636e+00)
  [PT] w=3.6320  (raw=3.8021  ‖ΔR‖=2.535e+01  ‖Δu‖=6.666e+00)
  [PT] w=3.5784  (raw=3.0960  ‖ΔR‖=1.925e+01  ‖Δu‖=6.218e+00)
  [PT] w=3.6318  (raw=4.1120  ‖ΔR‖=2.617e+01  ‖Δu‖=6.364e+00)
[Adam] ep=  900  total=5.532e-01  PDE=1.282e-01 [colloc=9.259e-02, cfd=3.558e-02] (w=3.018)  IN=2.651e-02 (w=1.132)  TB=8.633e-03 (w=0.703)  WALL=1.129e-15 (w=0.200)  OUT=6.457e-04 (w=0.231)  DATA=3.070e-02 (w=4.239)
  [PT] w=3.6905  (raw=4.2189  ‖ΔR‖=3.237e+01  ‖Δu‖=7.672e+00)
  [PT] w=3.6727  (raw=3.5123  ‖ΔR‖=2.890e+01  ‖Δu‖=8.229e+00)
  [PT] w=3.6358  (raw=3.3036  ‖ΔR‖=2.477e+01  ‖Δu‖=7.499e+00)
  [PT] w=3.6817  (raw=4.0954  ‖ΔR‖=2.637e+01  ‖Δu‖=6.438e+00)
  [PT] w=3.8251  (raw=5.1150  ‖ΔR‖=2.776e+01  ‖Δu‖=5.427e+00)
  [PT] w=3.8741  (raw=4.3157  ‖ΔR‖=2.484e+01  ‖Δu‖=5.756e+00)
  [PT] w=3.8402  (raw=3.5347  ‖ΔR‖=2.219e+01  ‖Δu‖=6.279e+00)
  [PT] w=3.8122  (raw=3.5599  ‖ΔR‖=2.255e+01  ‖Δu‖=6.335e+00)
  [PT] w=3.8854  (raw=4.5443  ‖ΔR‖=2.785e+01  ‖Δu‖=6.129e+00)
  [PT] w=3.9432  (raw=4.4636  ‖ΔR‖=2.938e+01  ‖Δu‖=6.582e+00)
  [PT] w=3.8988  (raw=3.4997  ‖ΔR‖=2.129e+01  ‖Δu‖=6.083e+00)
  [PT] w=3.7651  (raw=2.5610  ‖ΔR‖=1.371e+01  ‖Δu‖=5.352e+00)
  [PT] w=3.7300  (raw=3.4142  ‖ΔR‖=2.032e+01  ‖Δu‖=5.953e+00)
  [PT] w=3.8156  (raw=4.5867  ‖ΔR‖=3.471e+01  ‖Δu‖=7.568e+00)
  [PT] w=3.8620  (raw=4.2793  ‖ΔR‖=2.807e+01  ‖Δu‖=6.561e+00)
  [PT] w=3.6996  (raw=2.2379  ‖ΔR‖=1.467e+01  ‖Δu‖=6.554e+00)
  [PT] w=3.5020  (raw=1.7234  ‖ΔR‖=1.282e+01  ‖Δu‖=7.441e+00)
  [PT] w=3.4428  (raw=2.9106  ‖ΔR‖=2.397e+01  ‖Δu‖=8.234e+00)
  [PT] w=3.4498  (raw=3.5128  ‖ΔR‖=3.848e+01  ‖Δu‖=1.095e+01)
  [PT] w=3.3856  (raw=2.8079  ‖ΔR‖=2.350e+01  ‖Δu‖=8.369e+00)
[Adam] ep=  920  total=2.857e-01  PDE=4.942e-02 [colloc=3.549e-02, cfd=1.394e-02] (w=2.783)  IN=3.204e-02 (w=1.271)  TB=1.570e-02 (w=0.832)  WALL=2.024e-16 (w=0.200)  OUT=1.577e-03 (w=0.284)  DATA=2.172e-02 (w=4.325)
  [PT] w=3.2121  (raw=1.6500  ‖ΔR‖=9.324e+00  ‖Δu‖=5.651e+00)
  [PT] w=3.2297  (raw=3.3882  ‖ΔR‖=1.894e+01  ‖Δu‖=5.589e+00)
  [PT] w=3.2796  (raw=3.7292  ‖ΔR‖=3.245e+01  ‖Δu‖=8.702e+00)
  [PT] w=3.1752  (raw=2.2351  ‖ΔR‖=2.639e+01  ‖Δu‖=1.181e+01)
  [PT] w=3.0509  (raw=1.9321  ‖ΔR‖=1.547e+01  ‖Δu‖=8.005e+00)
  [PT] w=3.2853  (raw=5.3953  ‖ΔR‖=1.392e+01  ‖Δu‖=2.579e+00)
  [PT] w=3.2073  (raw=2.5054  ‖ΔR‖=2.303e+01  ‖Δu‖=9.191e+00)
  [PT] w=3.0501  (raw=1.6346  ‖ΔR‖=2.665e+01  ‖Δu‖=1.631e+01)
  [PT] w=2.9301  (raw=1.8508  ‖ΔR‖=2.163e+01  ‖Δu‖=1.168e+01)
  [PT] w=3.3380  (raw=7.0085  ‖ΔR‖=1.945e+01  ‖Δu‖=2.776e+00)
  [PT] w=3.2123  (raw=2.0816  ‖ΔR‖=2.288e+01  ‖Δu‖=1.099e+01)
  [PT] w=3.0681  (raw=1.7697  ‖ΔR‖=2.519e+01  ‖Δu‖=1.424e+01)
  [PT] w=3.0285  (raw=2.6727  ‖ΔR‖=2.068e+01  ‖Δu‖=7.737e+00)
  [PT] w=3.0162  (raw=2.9053  ‖ΔR‖=1.380e+01  ‖Δu‖=4.748e+00)
  [PT] w=2.8902  (raw=1.7565  ‖ΔR‖=1.590e+01  ‖Δu‖=9.050e+00)
  [PT] w=2.8504  (raw=2.4916  ‖ΔR‖=2.343e+01  ‖Δu‖=9.405e+00)
  [PT] w=2.7802  (raw=2.1489  ‖ΔR‖=1.011e+01  ‖Δu‖=4.703e+00)
  [PT] w=2.7477  (raw=2.4549  ‖ΔR‖=1.421e+01  ‖Δu‖=5.787e+00)
  [PT] w=2.7512  (raw=2.7824  ‖ΔR‖=1.758e+01  ‖Δu‖=6.317e+00)
  [PT] w=2.5539  (raw=0.7781  ‖ΔR‖=3.901e+00  ‖Δu‖=5.014e+00)
[Adam] ep=  940  total=1.678e-01  PDE=2.492e-02 [colloc=2.150e-02, cfd=3.425e-03] (w=2.498)  IN=2.182e-02 (w=1.377)  TB=8.779e-03 (w=0.935)  WALL=1.858e-16 (w=0.200)  OUT=1.019e-03 (w=0.329)  DATA=1.441e-02 (w=4.642)
  [PT] w=2.7271  (raw=4.2859  ‖ΔR‖=1.882e+01  ‖Δu‖=4.390e+00)
  [PT] w=2.7162  (raw=2.6189  ‖ΔR‖=8.037e+00  ‖Δu‖=3.069e+00)
  [PT] w=2.5610  (raw=1.1640  ‖ΔR‖=1.135e+01  ‖Δu‖=9.747e+00)
  [PT] w=2.5416  (raw=2.3671  ‖ΔR‖=1.355e+01  ‖Δu‖=5.724e+00)
  [PT] w=2.4603  (raw=1.7280  ‖ΔR‖=6.690e+00  ‖Δu‖=3.872e+00)
  [PT] w=2.3734  (raw=1.5921  ‖ΔR‖=1.466e+01  ‖Δu‖=9.206e+00)
  [PT] w=2.2859  (raw=1.4979  ‖ΔR‖=9.411e+00  ‖Δu‖=6.283e+00)
  [PT] w=2.3004  (raw=2.4310  ‖ΔR‖=1.212e+01  ‖Δu‖=4.984e+00)
  [PT] w=2.2167  (raw=1.4630  ‖ΔR‖=9.922e+00  ‖Δu‖=6.782e+00)
  [PT] w=2.3204  (raw=3.2539  ‖ΔR‖=2.218e+01  ‖Δu‖=6.816e+00)
  [PT] w=2.2631  (raw=1.7474  ‖ΔR‖=6.623e+00  ‖Δu‖=3.790e+00)
  [PT] w=2.5843  (raw=5.4757  ‖ΔR‖=2.035e+01  ‖Δu‖=3.717e+00)
  [PT] w=2.5309  (raw=2.0504  ‖ΔR‖=2.200e+01  ‖Δu‖=1.073e+01)
  [PT] w=2.5216  (raw=2.4373  ‖ΔR‖=1.308e+01  ‖Δu‖=5.366e+00)
  [PT] w=2.4778  (raw=2.0839  ‖ΔR‖=1.950e+01  ‖Δu‖=9.357e+00)
  [PT] w=2.3833  (raw=1.5326  ‖ΔR‖=1.572e+01  ‖Δu‖=1.026e+01)
  [PT] w=2.4899  (raw=3.4489  ‖ΔR‖=1.284e+01  ‖Δu‖=3.724e+00)
  [PT] w=2.3989  (raw=1.5800  ‖ΔR‖=1.698e+01  ‖Δu‖=1.074e+01)
  [PT] w=2.3221  (raw=1.6312  ‖ΔR‖=8.238e+00  ‖Δu‖=5.051e+00)
  [PT] w=2.2964  (raw=2.0656  ‖ΔR‖=1.915e+01  ‖Δu‖=9.272e+00)
[Adam] ep=  960  total=1.479e-01  PDE=2.612e-02 [colloc=2.413e-02, cfd=1.991e-03] (w=2.531)  IN=1.327e-02 (w=1.347)  TB=6.815e-03 (w=0.864)  WALL=6.186e-16 (w=0.200)  OUT=1.046e-03 (w=0.397)  DATA=1.203e-02 (w=4.788)
  [PT] w=2.1977  (raw=1.3092  ‖ΔR‖=6.100e+00  ‖Δu‖=4.659e+00)
  [PT] w=2.1449  (raw=1.6691  ‖ΔR‖=1.543e+01  ‖Δu‖=9.242e+00)
  [PT] w=2.5092  (raw=5.7881  ‖ΔR‖=1.484e+01  ‖Δu‖=2.564e+00)
  [PT] w=2.4478  (raw=1.8950  ‖ΔR‖=8.637e+00  ‖Δu‖=4.558e+00)
  [PT] w=2.6440  (raw=4.4105  ‖ΔR‖=2.141e+01  ‖Δu‖=4.854e+00)
  [PT] w=2.4843  (raw=1.0468  ‖ΔR‖=3.496e+00  ‖Δu‖=3.340e+00)
  [PT] w=2.6816  (raw=4.4576  ‖ΔR‖=1.781e+01  ‖Δu‖=3.995e+00)
  [PT] w=2.5673  (raw=1.5383  ‖ΔR‖=1.122e+01  ‖Δu‖=7.295e+00)
  [PT] w=2.5188  (raw=2.0822  ‖ΔR‖=1.258e+01  ‖Δu‖=6.041e+00)
  [PT] w=2.4531  (raw=1.8614  ‖ΔR‖=1.109e+01  ‖Δu‖=5.958e+00)
  [PT] w=2.3330  (raw=1.2520  ‖ΔR‖=1.188e+01  ‖Δu‖=9.487e+00)
  [PT] w=2.5349  (raw=4.3519  ‖ΔR‖=1.259e+01  ‖Δu‖=2.892e+00)
  [PT] w=2.4908  (raw=2.0939  ‖ΔR‖=8.975e+00  ‖Δu‖=4.286e+00)
  [PT] w=2.5108  (raw=2.6911  ‖ΔR‖=1.884e+01  ‖Δu‖=7.002e+00)
  [PT] w=2.3892  (raw=1.2947  ‖ΔR‖=5.914e+00  ‖Δu‖=4.568e+00)
  [PT] w=2.5726  (raw=4.2230  ‖ΔR‖=1.394e+01  ‖Δu‖=3.302e+00)
  [PT] w=2.5337  (raw=2.1841  ‖ΔR‖=1.647e+01  ‖Δu‖=7.540e+00)
  [PT] w=2.3916  (raw=1.1126  ‖ΔR‖=7.804e+00  ‖Δu‖=7.014e+00)
  [PT] w=2.4591  (raw=3.0669  ‖ΔR‖=1.142e+01  ‖Δu‖=3.725e+00)
  [PT] w=2.3497  (raw=1.3648  ‖ΔR‖=1.411e+01  ‖Δu‖=1.034e+01)
[Adam] ep=  980  total=1.316e-01  PDE=2.022e-02 [colloc=1.880e-02, cfd=1.420e-03] (w=2.540)  IN=1.304e-02 (w=1.340)  TB=4.690e-03 (w=0.823)  WALL=3.077e-16 (w=0.200)  OUT=1.353e-03 (w=0.378)  DATA=1.186e-02 (w=4.927)
  [PT] w=2.2727  (raw=1.5798  ‖ΔR‖=1.105e+01  ‖Δu‖=6.995e+00)
  [PT] w=2.2686  (raw=2.2320  ‖ΔR‖=1.510e+01  ‖Δu‖=6.765e+00)
  [PT] w=2.2282  (raw=1.8640  ‖ΔR‖=1.277e+01  ‖Δu‖=6.853e+00)
  [PT] w=2.2475  (raw=2.4213  ‖ΔR‖=2.381e+01  ‖Δu‖=9.833e+00)
  [PT] w=2.5919  (raw=5.6920  ‖ΔR‖=1.189e+01  ‖Δu‖=2.090e+00)
  [PT] w=2.5887  (raw=2.5594  ‖ΔR‖=2.433e+01  ‖Δu‖=9.507e+00)
  [PT] w=2.6159  (raw=2.8604  ‖ΔR‖=1.829e+01  ‖Δu‖=6.394e+00)
  [PT] w=2.7391  (raw=3.8483  ‖ΔR‖=2.020e+01  ‖Δu‖=5.248e+00)
  [PT] w=2.6710  (raw=2.0578  ‖ΔR‖=1.705e+01  ‖Δu‖=8.286e+00)
  [PT] w=2.6809  (raw=2.7702  ‖ΔR‖=2.061e+01  ‖Δu‖=7.438e+00)
  [PT] w=2.7097  (raw=2.9686  ‖ΔR‖=2.113e+01  ‖Δu‖=7.118e+00)
  [PT] w=2.6840  (raw=2.4530  ‖ΔR‖=1.410e+01  ‖Δu‖=5.748e+00)
  [PT] w=2.8026  (raw=3.8696  ‖ΔR‖=2.061e+01  ‖Δu‖=5.326e+00)
  [PT] w=2.8025  (raw=2.8017  ‖ΔR‖=2.698e+01  ‖Δu‖=9.631e+00)
  [PT] w=2.6824  (raw=1.6018  ‖ΔR‖=1.466e+01  ‖Δu‖=9.150e+00)
  [PT] w=2.6308  (raw=2.1666  ‖ΔR‖=1.486e+01  ‖Δu‖=6.861e+00)
  [PT] w=2.8383  (raw=4.7058  ‖ΔR‖=2.269e+01  ‖Δu‖=4.821e+00)
  [PT] w=2.7398  (raw=1.8531  ‖ΔR‖=2.138e+01  ‖Δu‖=1.154e+01)
  [PT] w=2.6364  (raw=1.7055  ‖ΔR‖=1.596e+01  ‖Δu‖=9.356e+00)
  [PT] w=2.6588  (raw=2.8605  ‖ΔR‖=1.786e+01  ‖Δu‖=6.245e+00)
[Adam] ep= 1000  total=1.941e-01  PDE=4.151e-02 [colloc=3.958e-02, cfd=1.926e-03] (w=2.739)  IN=1.109e-02 (w=1.235)  TB=5.549e-03 (w=0.764)  WALL=1.274e-15 (w=0.200)  OUT=2.028e-03 (w=0.342)  DATA=1.288e-02 (w=4.797)
  [PT] w=2.5685  (raw=1.7563  ‖ΔR‖=2.093e+01  ‖Δu‖=1.192e+01)
  [PT] w=2.5931  (raw=2.8140  ‖ΔR‖=2.276e+01  ‖Δu‖=8.088e+00)
  [PT] w=2.4697  (raw=1.3595  ‖ΔR‖=8.257e+00  ‖Δu‖=6.074e+00)
  [PT] w=2.4494  (raw=2.2662  ‖ΔR‖=2.175e+01  ‖Δu‖=9.597e+00)
  [PT] w=2.4240  (raw=2.1961  ‖ΔR‖=1.459e+01  ‖Δu‖=6.643e+00)
  [PT] w=2.5676  (raw=3.8600  ‖ΔR‖=2.010e+01  ‖Δu‖=5.207e+00)
  [PT] w=2.5354  (raw=2.2453  ‖ΔR‖=1.268e+01  ‖Δu‖=5.647e+00)
  [PT] w=2.5180  (raw=2.3617  ‖ΔR‖=1.148e+01  ‖Δu‖=4.863e+00)
  [PT] w=2.7400  (raw=4.7373  ‖ΔR‖=2.296e+01  ‖Δu‖=4.846e+00)
  [PT] w=2.7350  (raw=2.6901  ‖ΔR‖=1.098e+01  ‖Δu‖=4.082e+00)
  [PT] w=2.8897  (raw=4.2822  ‖ΔR‖=1.132e+01  ‖Δu‖=2.643e+00)
  [PT] w=2.9098  (raw=3.0910  ‖ΔR‖=1.892e+01  ‖Δu‖=6.122e+00)
  [PT] w=2.8745  (raw=2.5567  ‖ΔR‖=1.385e+01  ‖Δu‖=5.416e+00)
  [PT] w=2.7849  (raw=1.9781  ‖ΔR‖=1.122e+01  ‖Δu‖=5.673e+00)
  [PT] w=2.7539  (raw=2.4753  ‖ΔR‖=1.726e+01  ‖Δu‖=6.974e+00)
  [PT] w=2.6788  (raw=2.0029  ‖ΔR‖=1.235e+01  ‖Δu‖=6.168e+00)
  [PT] w=2.6235  (raw=2.1253  ‖ΔR‖=1.252e+01  ‖Δu‖=5.889e+00)
  [PT] w=2.5870  (raw=2.2589  ‖ΔR‖=1.240e+01  ‖Δu‖=5.488e+00)
  [PT] w=2.4891  (raw=1.6075  ‖ΔR‖=1.452e+01  ‖Δu‖=9.035e+00)
  [PT] w=2.4281  (raw=1.8800  ‖ΔR‖=1.055e+01  ‖Δu‖=5.614e+00)
[Adam] ep= 1020  total=1.353e-01  PDE=2.517e-02 [colloc=2.395e-02, cfd=1.225e-03] (w=2.572)  IN=1.067e-02 (w=1.332)  TB=4.486e-03 (w=0.787)  WALL=6.191e-16 (w=0.200)  OUT=8.562e-04 (w=0.422)  DATA=1.075e-02 (w=4.881)
  [PT] w=2.4200  (raw=2.3468  ‖ΔR‖=1.754e+01  ‖Δu‖=7.473e+00)
  [PT] w=2.5328  (raw=3.5479  ‖ΔR‖=7.376e+00  ‖Δu‖=2.079e+00)
  [PT] w=2.5664  (raw=2.8691  ‖ΔR‖=2.427e+01  ‖Δu‖=8.460e+00)
  [PT] w=2.5001  (raw=1.9030  ‖ΔR‖=7.534e+00  ‖Δu‖=3.959e+00)
  [PT] w=2.6755  (raw=4.2543  ‖ΔR‖=1.781e+01  ‖Δu‖=4.185e+00)
  [PT] w=2.5998  (raw=1.9185  ‖ΔR‖=2.574e+01  ‖Δu‖=1.342e+01)
  [PT] w=2.5294  (raw=1.8962  ‖ΔR‖=1.049e+01  ‖Δu‖=5.532e+00)
  [PT] w=2.5040  (raw=2.2747  ‖ΔR‖=1.275e+01  ‖Δu‖=5.603e+00)
  [PT] w=2.4255  (raw=1.7198  ‖ΔR‖=2.939e+01  ‖Δu‖=1.709e+01)
  [PT] w=2.3663  (raw=1.8329  ‖ΔR‖=1.413e+01  ‖Δu‖=7.711e+00)
  [PT] w=2.3643  (raw=2.3469  ‖ΔR‖=1.297e+01  ‖Δu‖=5.527e+00)
  [PT] w=2.3010  (raw=1.7313  ‖ΔR‖=2.884e+01  ‖Δu‖=1.666e+01)
  [PT] w=2.2488  (raw=1.7784  ‖ΔR‖=9.365e+00  ‖Δu‖=5.266e+00)
  [PT] w=2.1960  (raw=1.7213  ‖ΔR‖=1.276e+01  ‖Δu‖=7.411e+00)
  [PT] w=2.1538  (raw=1.7741  ‖ΔR‖=2.903e+01  ‖Δu‖=1.637e+01)
  [PT] w=2.1355  (raw=1.9706  ‖ΔR‖=9.463e+00  ‖Δu‖=4.802e+00)
  [PT] w=2.1091  (raw=1.8715  ‖ΔR‖=1.518e+01  ‖Δu‖=8.110e+00)
  [PT] w=2.0667  (raw=1.6849  ‖ΔR‖=2.848e+01  ‖Δu‖=1.690e+01)
  [PT] w=2.0154  (raw=1.5538  ‖ΔR‖=9.299e+00  ‖Δu‖=5.985e+00)
  [PT] w=1.9839  (raw=1.7006  ‖ΔR‖=1.173e+01  ‖Δu‖=6.899e+00)
[Adam] ep= 1040  total=1.920e-01  PDE=2.333e-02 [colloc=2.200e-02, cfd=1.331e-03] (w=2.677)  IN=2.213e-02 (w=1.268)  TB=5.062e-03 (w=0.710)  WALL=1.123e-16 (w=0.200)  OUT=1.594e-03 (w=0.356)  DATA=1.937e-02 (w=5.022)
  [PT] w=1.9570  (raw=1.7146  ‖ΔR‖=2.620e+01  ‖Δu‖=1.528e+01)
  [PT] w=1.9401  (raw=1.7886  ‖ΔR‖=8.185e+00  ‖Δu‖=4.577e+00)
  [PT] w=1.9311  (raw=1.8493  ‖ΔR‖=1.501e+01  ‖Δu‖=8.117e+00)
  [PT] w=1.9219  (raw=1.8393  ‖ΔR‖=2.544e+01  ‖Δu‖=1.383e+01)
  [PT] w=1.9774  (raw=2.4773  ‖ΔR‖=7.531e+00  ‖Δu‖=3.040e+00)
  [PT] w=1.9298  (raw=1.5014  ‖ΔR‖=1.293e+01  ‖Δu‖=8.612e+00)
  [PT] w=1.9185  (raw=1.8166  ‖ΔR‖=2.549e+01  ‖Δu‖=1.403e+01)
  [PT] w=2.0142  (raw=2.8755  ‖ΔR‖=8.121e+00  ‖Δu‖=2.824e+00)
  [PT] w=1.9685  (raw=1.5569  ‖ΔR‖=1.524e+01  ‖Δu‖=9.787e+00)
  [PT] w=1.9459  (raw=1.7423  ‖ΔR‖=2.205e+01  ‖Δu‖=1.265e+01)
  [PT] w=2.0291  (raw=2.7782  ‖ΔR‖=7.698e+00  ‖Δu‖=2.771e+00)
  [PT] w=1.9733  (raw=1.4715  ‖ΔR‖=1.490e+01  ‖Δu‖=1.012e+01)
  [PT] w=1.9711  (raw=1.9511  ‖ΔR‖=1.955e+01  ‖Δu‖=1.002e+01)
  [PT] w=1.9974  (raw=2.2338  ‖ΔR‖=7.957e+00  ‖Δu‖=3.562e+00)
  [PT] w=1.9584  (raw=1.6072  ‖ΔR‖=1.651e+01  ‖Δu‖=1.027e+01)
  [PT] w=1.9997  (raw=2.3721  ‖ΔR‖=1.358e+01  ‖Δu‖=5.726e+00)
  [PT] w=1.9662  (raw=1.6644  ‖ΔR‖=1.371e+01  ‖Δu‖=8.236e+00)
  [PT] w=1.9455  (raw=1.7596  ‖ΔR‖=1.130e+01  ‖Δu‖=6.424e+00)
  [PT] w=1.9301  (raw=1.7908  ‖ΔR‖=1.255e+01  ‖Δu‖=7.009e+00)
  [PT] w=1.9171  (raw=1.8005  ‖ΔR‖=1.298e+01  ‖Δu‖=7.207e+00)
[Adam] ep= 1060  total=1.205e-01  PDE=1.879e-02 [colloc=1.719e-02, cfd=1.603e-03] (w=2.606)  IN=1.160e-02 (w=1.281)  TB=4.415e-03 (w=0.777)  WALL=3.342e-16 (w=0.200)  OUT=7.407e-04 (w=0.338)  DATA=1.040e-02 (w=5.095)
  [PT] w=1.9370  (raw=2.1159  ‖ΔR‖=1.024e+01  ‖Δu‖=4.841e+00)
  [PT] w=1.9166  (raw=1.7331  ‖ΔR‖=1.813e+01  ‖Δu‖=1.046e+01)
  [PT] w=1.8950  (raw=1.7006  ‖ΔR‖=7.353e+00  ‖Δu‖=4.324e+00)
  [PT] w=1.8625  (raw=1.5705  ‖ΔR‖=1.472e+01  ‖Δu‖=9.376e+00)
  [PT] w=1.8984  (raw=2.2213  ‖ΔR‖=1.271e+01  ‖Δu‖=5.721e+00)
  [PT] w=1.9587  (raw=2.5008  ‖ΔR‖=1.309e+01  ‖Δu‖=5.234e+00)
  [PT] w=2.0254  (raw=2.6265  ‖ΔR‖=1.080e+01  ‖Δu‖=4.110e+00)
  [PT] w=2.0233  (raw=2.0040  ‖ΔR‖=2.176e+01  ‖Δu‖=1.086e+01)
  [PT] w=2.0088  (raw=1.8783  ‖ΔR‖=7.695e+00  ‖Δu‖=4.097e+00)
  [PT] w=2.0456  (raw=2.3771  ‖ΔR‖=1.569e+01  ‖Δu‖=6.602e+00)
  [PT] w=2.0118  (raw=1.7075  ‖ΔR‖=2.179e+01  ‖Δu‖=1.276e+01)
  [PT] w=1.9548  (raw=1.4416  ‖ΔR‖=5.831e+00  ‖Δu‖=4.045e+00)
  [PT] w=1.9308  (raw=1.7145  ‖ΔR‖=1.708e+01  ‖Δu‖=9.964e+00)
  [PT] w=1.9344  (raw=1.9671  ‖ΔR‖=1.394e+01  ‖Δu‖=7.086e+00)
  [PT] w=1.8838  (raw=1.4281  ‖ΔR‖=1.134e+01  ‖Δu‖=7.938e+00)
  [PT] w=1.9051  (raw=2.0969  ‖ΔR‖=1.401e+01  ‖Δu‖=6.680e+00)
  [PT] w=1.8997  (raw=1.8508  ‖ΔR‖=1.287e+01  ‖Δu‖=6.957e+00)
  [PT] w=1.8961  (raw=1.8642  ‖ΔR‖=1.395e+01  ‖Δu‖=7.481e+00)
  [PT] w=1.9336  (raw=2.2712  ‖ΔR‖=1.055e+01  ‖Δu‖=4.645e+00)
  [PT] w=1.9189  (raw=1.7865  ‖ΔR‖=2.009e+01  ‖Δu‖=1.124e+01)
[Adam] ep= 1080  total=1.191e-01  PDE=1.747e-02 [colloc=1.616e-02, cfd=1.315e-03] (w=2.614)  IN=1.028e-02 (w=1.243)  TB=4.073e-03 (w=0.795)  WALL=2.422e-16 (w=0.200)  OUT=4.418e-04 (w=0.345)  DATA=1.108e-02 (w=5.165)
  [PT] w=2.2559  (raw=5.2884  ‖ΔR‖=9.333e+00  ‖Δu‖=1.765e+00)
  [PT] w=2.1939  (raw=1.6363  ‖ΔR‖=1.417e+01  ‖Δu‖=8.662e+00)
  [PT] w=2.2839  (raw=3.0942  ‖ΔR‖=2.010e+01  ‖Δu‖=6.496e+00)
  [PT] w=2.2864  (raw=2.3084  ‖ΔR‖=6.522e+00  ‖Δu‖=2.825e+00)
  [PT] w=2.3835  (raw=3.2579  ‖ΔR‖=1.408e+01  ‖Δu‖=4.322e+00)
  [PT] w=2.3903  (raw=2.4513  ‖ΔR‖=2.269e+01  ‖Δu‖=9.255e+00)
  [PT] w=2.2723  (raw=1.2102  ‖ΔR‖=5.676e+00  ‖Δu‖=4.690e+00)
  [PT] w=2.2517  (raw=2.0660  ‖ΔR‖=1.494e+01  ‖Δu‖=7.229e+00)
  [PT] w=2.2384  (raw=2.1194  ‖ΔR‖=1.982e+01  ‖Δu‖=9.352e+00)
  [PT] w=2.1533  (raw=1.3867  ‖ΔR‖=9.288e+00  ‖Δu‖=6.698e+00)
  [PT] w=2.2705  (raw=3.3258  ‖ΔR‖=1.929e+01  ‖Δu‖=5.800e+00)
  [PT] w=2.2279  (raw=1.8439  ‖ΔR‖=1.232e+01  ‖Δu‖=6.683e+00)
  [PT] w=2.2949  (raw=2.8984  ‖ΔR‖=2.067e+01  ‖Δu‖=7.132e+00)
  [PT] w=2.1819  (raw=1.1647  ‖ΔR‖=7.909e+00  ‖Δu‖=6.790e+00)
  [PT] w=2.2984  (raw=3.3469  ‖ΔR‖=1.970e+01  ‖Δu‖=5.886e+00)
  [PT] w=2.3147  (raw=2.4614  ‖ΔR‖=1.094e+01  ‖Δu‖=4.445e+00)
  [PT] w=2.3702  (raw=2.8700  ‖ΔR‖=2.320e+01  ‖Δu‖=8.084e+00)
  [PT] w=2.3136  (raw=1.8039  ‖ΔR‖=1.110e+01  ‖Δu‖=6.151e+00)
  [PT] w=2.9618  (raw=8.7960  ‖ΔR‖=2.585e+01  ‖Δu‖=2.939e+00)
  [PT] w=2.8188  (raw=1.5311  ‖ΔR‖=8.428e+00  ‖Δu‖=5.505e+00)
[Adam] ep= 1100  total=1.642e-01  PDE=3.461e-02 [colloc=2.807e-02, cfd=6.543e-03] (w=2.769)  IN=7.198e-03 (w=1.130)  TB=4.554e-03 (w=0.756)  WALL=6.257e-16 (w=0.200)  OUT=4.813e-04 (w=0.391)  DATA=1.122e-02 (w=5.045)
  [PT] w=2.7619  (raw=2.2501  ‖ΔR‖=1.668e+01  ‖Δu‖=7.414e+00)
  [PT] w=3.3165  (raw=8.3081  ‖ΔR‖=3.539e+01  ‖Δu‖=4.259e+00)
  [PT] w=3.8548  (raw=8.6994  ‖ΔR‖=1.408e+01  ‖Δu‖=1.618e+00)
  [PT] w=3.6725  (raw=2.0313  ‖ΔR‖=9.011e+00  ‖Δu‖=4.436e+00)
  [PT] w=3.6476  (raw=3.4236  ‖ΔR‖=2.477e+01  ‖Δu‖=7.235e+00)
  [PT] w=3.7127  (raw=4.2994  ‖ΔR‖=3.687e+01  ‖Δu‖=8.576e+00)
  [PT] w=3.6612  (raw=3.1976  ‖ΔR‖=2.064e+01  ‖Δu‖=6.455e+00)
  [PT] w=3.5132  (raw=2.1805  ‖ΔR‖=1.415e+01  ‖Δu‖=6.488e+00)
  [PT] w=3.4572  (raw=2.9541  ‖ΔR‖=2.121e+01  ‖Δu‖=7.180e+00)
  [PT] w=3.4544  (raw=3.4287  ‖ΔR‖=2.701e+01  ‖Δu‖=7.876e+00)
  [PT] w=3.3343  (raw=2.2536  ‖ΔR‖=2.467e+01  ‖Δu‖=1.095e+01)
  [PT] w=3.1783  (raw=1.7743  ‖ΔR‖=2.162e+01  ‖Δu‖=1.219e+01)
  [PT] w=3.0832  (raw=2.2276  ‖ΔR‖=2.140e+01  ‖Δu‖=9.606e+00)
  [PT] w=3.2375  (raw=4.6254  ‖ΔR‖=2.591e+01  ‖Δu‖=5.603e+00)
  [PT] w=3.2063  (raw=2.9260  ‖ΔR‖=2.296e+01  ‖Δu‖=7.846e+00)
  [PT] w=3.0836  (raw=1.9791  ‖ΔR‖=1.923e+01  ‖Δu‖=9.718e+00)
  [PT] w=2.9930  (raw=2.1774  ‖ΔR‖=1.910e+01  ‖Δu‖=8.772e+00)
  [PT] w=3.0508  (raw=3.5716  ‖ΔR‖=2.295e+01  ‖Δu‖=6.424e+00)
  [PT] w=2.9686  (raw=2.2286  ‖ΔR‖=2.457e+01  ‖Δu‖=1.103e+01)
  [PT] w=2.8394  (raw=1.6764  ‖ΔR‖=1.777e+01  ‖Δu‖=1.060e+01)
[Adam] ep= 1120  total=2.047e-01  PDE=4.182e-02 [colloc=3.520e-02, cfd=6.619e-03] (w=2.905)  IN=1.196e-02 (w=1.066)  TB=5.481e-03 (w=0.662)  WALL=1.222e-15 (w=0.200)  OUT=6.333e-04 (w=0.443)  DATA=1.369e-02 (w=4.864)
  [PT] w=2.7807  (raw=2.2528  ‖ΔR‖=1.484e+01  ‖Δu‖=6.587e+00)
  [PT] w=2.8787  (raw=3.7602  ‖ΔR‖=2.294e+01  ‖Δu‖=6.100e+00)
  [PT] w=2.7540  (raw=1.6315  ‖ΔR‖=2.015e+01  ‖Δu‖=1.235e+01)
  [PT] w=2.6124  (raw=1.3384  ‖ΔR‖=1.637e+01  ‖Δu‖=1.223e+01)
  [PT] w=2.5549  (raw=2.0375  ‖ΔR‖=1.631e+01  ‖Δu‖=8.007e+00)
  [PT] w=2.5015  (raw=2.0210  ‖ΔR‖=1.455e+01  ‖Δu‖=7.197e+00)
  [PT] w=2.4073  (raw=1.5595  ‖ΔR‖=1.418e+01  ‖Δu‖=9.096e+00)
  [PT] w=2.3581  (raw=1.9147  ‖ΔR‖=2.419e+01  ‖Δu‖=1.263e+01)
  [PT] w=2.3302  (raw=2.0795  ‖ΔR‖=9.716e+00  ‖Δu‖=4.672e+00)
  [PT] w=2.3238  (raw=2.2661  ‖ΔR‖=1.531e+01  ‖Δu‖=6.758e+00)
  [PT] w=2.2650  (raw=1.7359  ‖ΔR‖=1.793e+01  ‖Δu‖=1.033e+01)
  [PT] w=2.2198  (raw=1.8125  ‖ΔR‖=1.143e+01  ‖Δu‖=6.307e+00)
  [PT] w=2.3064  (raw=3.0866  ‖ΔR‖=1.553e+01  ‖Δu‖=5.031e+00)
  [PT] w=2.2622  (raw=1.8641  ‖ΔR‖=1.494e+01  ‖Δu‖=8.013e+00)
  [PT] w=2.1906  (raw=1.5458  ‖ΔR‖=9.299e+00  ‖Δu‖=6.015e+00)
  [PT] w=2.3473  (raw=3.7577  ‖ΔR‖=1.665e+01  ‖Δu‖=4.430e+00)
  [PT] w=2.2965  (raw=1.8390  ‖ΔR‖=1.062e+01  ‖Δu‖=5.777e+00)
  [PT] w=2.2837  (raw=2.1686  ‖ΔR‖=1.415e+01  ‖Δu‖=6.523e+00)
  [PT] w=2.1411  (raw=0.8580  ‖ΔR‖=4.776e+00  ‖Δu‖=5.566e+00)
  [PT] w=2.0893  (raw=1.6233  ‖ΔR‖=1.396e+01  ‖Δu‖=8.601e+00)
[Adam] ep= 1140  total=1.135e-01  PDE=1.621e-02 [colloc=1.485e-02, cfd=1.361e-03] (w=2.636)  IN=9.638e-03 (w=1.180)  TB=5.220e-03 (w=0.874)  WALL=2.548e-16 (w=0.200)  OUT=9.201e-04 (w=0.356)  DATA=1.067e-02 (w=5.107)
  [PT] w=2.0592  (raw=1.7883  ‖ΔR‖=8.317e+00  ‖Δu‖=4.651e+00)
  [PT] w=2.0583  (raw=2.0501  ‖ΔR‖=1.346e+01  ‖Δu‖=6.564e+00)
  [PT] w=1.9988  (raw=1.4631  ‖ΔR‖=1.088e+01  ‖Δu‖=7.434e+00)
  [PT] w=2.0723  (raw=2.7336  ‖ΔR‖=1.374e+01  ‖Δu‖=5.025e+00)
  [PT] w=2.0270  (raw=1.6197  ‖ΔR‖=6.827e+00  ‖Δu‖=4.215e+00)
  [PT] w=2.0460  (raw=2.2166  ‖ΔR‖=1.923e+01  ‖Δu‖=8.676e+00)
  [PT] w=2.0225  (raw=1.8116  ‖ΔR‖=5.665e+00  ‖Δu‖=3.127e+00)
  [PT] w=2.0315  (raw=2.1124  ‖ΔR‖=1.617e+01  ‖Δu‖=7.655e+00)
  [PT] w=1.9950  (raw=1.6660  ‖ΔR‖=1.207e+01  ‖Δu‖=7.243e+00)
  [PT] w=2.0063  (raw=2.1084  ‖ΔR‖=1.506e+01  ‖Δu‖=7.145e+00)
  [PT] w=1.9271  (raw=1.2143  ‖ΔR‖=6.478e+00  ‖Δu‖=5.334e+00)
  [PT] w=1.9595  (raw=2.2512  ‖ΔR‖=1.289e+01  ‖Δu‖=5.724e+00)
  [PT] w=1.9953  (raw=2.3169  ‖ΔR‖=1.721e+01  ‖Δu‖=7.429e+00)
  [PT] w=2.0258  (raw=2.3005  ‖ΔR‖=6.489e+00  ‖Δu‖=2.821e+00)
  [PT] w=2.1767  (raw=3.5345  ‖ΔR‖=1.694e+01  ‖Δu‖=4.793e+00)
  [PT] w=2.1993  (raw=2.4034  ‖ΔR‖=1.200e+01  ‖Δu‖=4.993e+00)
  [PT] w=2.2358  (raw=2.5646  ‖ΔR‖=1.860e+01  ‖Δu‖=7.254e+00)
  [PT] w=2.2036  (raw=1.9131  ‖ΔR‖=1.031e+01  ‖Δu‖=5.390e+00)
  [PT] w=2.1621  (raw=1.7886  ‖ΔR‖=1.726e+01  ‖Δu‖=9.650e+00)
  [PT] w=2.1480  (raw=2.0216  ‖ΔR‖=1.357e+01  ‖Δu‖=6.713e+00)
[Adam] ep= 1160  total=1.277e-01  PDE=1.760e-02 [colloc=1.608e-02, cfd=1.513e-03] (w=2.710)  IN=9.197e-03 (w=1.101)  TB=4.966e-03 (w=0.806)  WALL=3.379e-16 (w=0.200)  OUT=4.230e-04 (w=0.487)  DATA=1.283e-02 (w=5.118)
  [PT] w=2.0803  (raw=1.4707  ‖ΔR‖=1.337e+01  ‖Δu‖=9.090e+00)
  [PT] w=2.0007  (raw=1.2846  ‖ΔR‖=1.079e+01  ‖Δu‖=8.402e+00)
  [PT] w=2.0919  (raw=2.9121  ‖ΔR‖=1.521e+01  ‖Δu‖=5.224e+00)
  [PT] w=2.0717  (raw=1.8903  ‖ΔR‖=1.753e+01  ‖Δu‖=9.272e+00)
  [PT] w=1.9808  (raw=1.1626  ‖ΔR‖=8.393e+00  ‖Δu‖=7.219e+00)
  [PT] w=2.0462  (raw=2.6346  ‖ΔR‖=1.454e+01  ‖Δu‖=5.517e+00)
  [PT] w=2.0925  (raw=2.5095  ‖ΔR‖=1.881e+01  ‖Δu‖=7.496e+00)
  [PT] w=2.0512  (raw=1.6789  ‖ΔR‖=1.053e+01  ‖Δu‖=6.273e+00)
  [PT] w=2.0769  (raw=2.3084  ‖ΔR‖=1.496e+01  ‖Δu‖=6.480e+00)
  [PT] w=2.1029  (raw=2.3370  ‖ΔR‖=1.209e+01  ‖Δu‖=5.175e+00)
  [PT] w=2.1089  (raw=2.1626  ‖ΔR‖=2.222e+01  ‖Δu‖=1.027e+01)
  [PT] w=2.0109  (raw=1.1296  ‖ΔR‖=8.463e+00  ‖Δu‖=7.492e+00)
  [PT] w=2.0507  (raw=2.4085  ‖ΔR‖=1.919e+01  ‖Δu‖=7.969e+00)
  [PT] w=2.0911  (raw=2.4546  ‖ΔR‖=1.398e+01  ‖Δu‖=5.697e+00)
  [PT] w=2.0745  (raw=1.9255  ‖ΔR‖=1.233e+01  ‖Δu‖=6.401e+00)
  [PT] w=2.0618  (raw=1.9472  ‖ΔR‖=2.350e+01  ‖Δu‖=1.207e+01)
  [PT] w=2.0126  (raw=1.5696  ‖ΔR‖=1.146e+01  ‖Δu‖=7.304e+00)
  [PT] w=2.0327  (raw=2.2138  ‖ΔR‖=7.122e+00  ‖Δu‖=3.217e+00)
  [PT] w=2.1025  (raw=2.7304  ‖ΔR‖=1.907e+01  ‖Δu‖=6.983e+00)
  [PT] w=2.0169  (raw=1.2464  ‖ΔR‖=1.595e+01  ‖Δu‖=1.279e+01)
[Adam] ep= 1180  total=1.247e-01  PDE=1.580e-02 [colloc=1.474e-02, cfd=1.056e-03] (w=2.815)  IN=7.187e-03 (w=1.012)  TB=3.235e-03 (w=0.738)  WALL=3.102e-16 (w=0.200)  OUT=5.422e-04 (w=0.331)  DATA=1.312e-02 (w=5.370)
  [PT] w=1.9287  (raw=1.1350  ‖ΔR‖=9.855e+00  ‖Δu‖=8.682e+00)
  [PT] w=2.0763  (raw=3.4054  ‖ΔR‖=1.112e+01  ‖Δu‖=3.266e+00)
  [PT] w=2.0051  (raw=1.3640  ‖ΔR‖=1.220e+01  ‖Δu‖=8.947e+00)
  [PT] w=1.9102  (raw=1.0561  ‖ΔR‖=1.387e+01  ‖Δu‖=1.314e+01)
  [PT] w=1.9405  (raw=2.2132  ‖ΔR‖=1.451e+01  ‖Δu‖=6.556e+00)
  [PT] w=1.9701  (raw=2.2363  ‖ΔR‖=5.415e+00  ‖Δu‖=2.421e+00)
  [PT] w=1.9348  (raw=1.6169  ‖ΔR‖=1.151e+01  ‖Δu‖=7.116e+00)
  [PT] w=1.8521  (raw=1.1082  ‖ΔR‖=1.544e+01  ‖Δu‖=1.393e+01)
  [PT] w=1.7621  (raw=0.9524  ‖ΔR‖=7.321e+00  ‖Δu‖=7.687e+00)
  [PT] w=1.9320  (raw=3.4603  ‖ΔR‖=9.863e+00  ‖Δu‖=2.850e+00)
  [PT] w=1.8190  (raw=0.8020  ‖ΔR‖=9.091e+00  ‖Δu‖=1.134e+01)
  [PT] w=1.7498  (raw=1.1277  ‖ΔR‖=1.500e+01  ‖Δu‖=1.330e+01)
  [PT] w=1.6890  (raw=1.1411  ‖ΔR‖=7.593e+00  ‖Δu‖=6.654e+00)
  [PT] w=1.6448  (raw=1.2471  ‖ΔR‖=1.118e+01  ‖Δu‖=8.963e+00)
  [PT] w=1.5394  (raw=0.5906  ‖ΔR‖=9.532e+00  ‖Δu‖=1.614e+01)
  [PT] w=1.5428  (raw=1.5740  ‖ΔR‖=1.006e+01  ‖Δu‖=6.391e+00)
  [PT] w=1.5222  (raw=1.3361  ‖ΔR‖=7.790e+00  ‖Δu‖=5.830e+00)
  [PT] w=1.5027  (raw=1.3277  ‖ΔR‖=1.316e+01  ‖Δu‖=9.912e+00)
  [PT] w=1.4644  (raw=1.1200  ‖ΔR‖=8.703e+00  ‖Δu‖=7.770e+00)
  [PT] w=1.4643  (raw=1.4634  ‖ΔR‖=8.258e+00  ‖Δu‖=5.643e+00)
[Adam] ep= 1200  total=1.262e-01  PDE=1.697e-02 [colloc=1.551e-02, cfd=1.459e-03] (w=2.620)  IN=6.119e-03 (w=1.045)  TB=3.260e-03 (w=0.822)  WALL=4.184e-16 (w=0.200)  OUT=8.513e-04 (w=0.343)  DATA=1.259e-02 (w=5.748)
  [PT] w=1.4353  (raw=1.1740  ‖ΔR‖=1.357e+01  ‖Δu‖=1.156e+01)
  [PT] w=1.4344  (raw=1.4260  ‖ΔR‖=9.384e+00  ‖Δu‖=6.580e+00)
  [PT] w=1.4636  (raw=1.7267  ‖ΔR‖=9.478e+00  ‖Δu‖=5.489e+00)
  [PT] w=1.4209  (raw=1.0365  ‖ΔR‖=1.115e+01  ‖Δu‖=1.076e+01)
  [PT] w=1.4387  (raw=1.5990  ‖ΔR‖=1.085e+01  ‖Δu‖=6.784e+00)
  [PT] w=1.4430  (raw=1.4814  ‖ΔR‖=9.328e+00  ‖Δu‖=6.297e+00)
  [PT] w=1.4611  (raw=1.6244  ‖ΔR‖=1.010e+01  ‖Δu‖=6.216e+00)
  [PT] w=1.5426  (raw=2.2754  ‖ΔR‖=1.526e+01  ‖Δu‖=6.708e+00)
  [PT] w=1.6340  (raw=2.4568  ‖ΔR‖=9.115e+00  ‖Δu‖=3.710e+00)
  [PT] w=1.7113  (raw=2.4072  ‖ΔR‖=1.405e+01  ‖Δu‖=5.838e+00)
  [PT] w=1.7230  (raw=1.8282  ‖ΔR‖=1.109e+01  ‖Δu‖=6.063e+00)
  [PT] w=1.8284  (raw=2.7765  ‖ΔR‖=2.039e+01  ‖Δu‖=7.344e+00)
  [PT] w=1.7798  (raw=1.3433  ‖ΔR‖=7.986e+00  ‖Δu‖=5.945e+00)
  [PT] w=1.8511  (raw=2.4919  ‖ΔR‖=2.165e+01  ‖Δu‖=8.687e+00)
  [PT] w=1.8683  (raw=2.0233  ‖ΔR‖=1.213e+01  ‖Δu‖=5.996e+00)
  [PT] w=1.9660  (raw=2.8453  ‖ΔR‖=1.234e+01  ‖Δu‖=4.338e+00)
  [PT] w=2.0013  (raw=2.3195  ‖ΔR‖=2.202e+01  ‖Δu‖=9.492e+00)
  [PT] w=1.9461  (raw=1.4491  ‖ΔR‖=1.216e+01  ‖Δu‖=8.391e+00)
  [PT] w=1.9976  (raw=2.4612  ‖ΔR‖=1.278e+01  ‖Δu‖=5.191e+00)
  [PT] w=2.2583  (raw=4.6049  ‖ΔR‖=2.612e+01  ‖Δu‖=5.672e+00)
[Adam] ep= 1220  total=1.460e-01  PDE=2.766e-02 [colloc=2.481e-02, cfd=2.856e-03] (w=2.822)  IN=4.258e-03 (w=1.007)  TB=2.358e-03 (w=0.726)  WALL=6.719e-16 (w=0.200)  OUT=1.631e-03 (w=0.389)  DATA=1.152e-02 (w=5.319)
  [PT] w=2.2258  (raw=1.9328  ‖ΔR‖=1.233e+01  ‖Δu‖=6.378e+00)
  [PT] w=2.2862  (raw=2.8298  ‖ΔR‖=1.567e+01  ‖Δu‖=5.539e+00)
  [PT] w=2.4920  (raw=4.3445  ‖ΔR‖=2.636e+01  ‖Δu‖=6.068e+00)
  [PT] w=2.4360  (raw=1.9314  ‖ΔR‖=1.263e+01  ‖Δu‖=6.541e+00)
  [PT] w=2.5092  (raw=3.1683  ‖ΔR‖=1.555e+01  ‖Δu‖=4.909e+00)
  [PT] w=2.7240  (raw=4.6574  ‖ΔR‖=2.735e+01  ‖Δu‖=5.871e+00)
  [PT] w=2.6456  (raw=1.9403  ‖ΔR‖=1.558e+01  ‖Δu‖=8.029e+00)
  [PT] w=2.5322  (raw=1.5114  ‖ΔR‖=1.143e+01  ‖Δu‖=7.563e+00)
  [PT] w=2.5926  (raw=3.1362  ‖ΔR‖=1.959e+01  ‖Δu‖=6.246e+00)
  [PT] w=2.5895  (raw=2.5619  ‖ΔR‖=2.785e+01  ‖Δu‖=1.087e+01)
  [PT] w=2.5155  (raw=1.8488  ‖ΔR‖=1.634e+01  ‖Δu‖=8.840e+00)
  [PT] w=2.4834  (raw=2.1952  ‖ΔR‖=1.269e+01  ‖Δu‖=5.780e+00)
  [PT] w=2.6227  (raw=3.8765  ‖ΔR‖=2.357e+01  ‖Δu‖=6.080e+00)
  [PT] w=2.6111  (raw=2.5066  ‖ΔR‖=2.636e+01  ‖Δu‖=1.052e+01)
  [PT] w=2.5451  (raw=1.9505  ‖ΔR‖=2.072e+01  ‖Δu‖=1.062e+01)
  [PT] w=2.5335  (raw=2.4290  ‖ΔR‖=1.577e+01  ‖Δu‖=6.492e+00)
  [PT] w=2.7930  (raw=5.1293  ‖ΔR‖=1.860e+01  ‖Δu‖=3.625e+00)
  [PT] w=2.7236  (raw=2.0983  ‖ΔR‖=2.093e+01  ‖Δu‖=9.976e+00)
  [PT] w=2.6208  (raw=1.6963  ‖ΔR‖=1.922e+01  ‖Δu‖=1.133e+01)
  [PT] w=2.7003  (raw=3.4156  ‖ΔR‖=1.957e+01  ‖Δu‖=5.729e+00)
[Adam] ep= 1240  total=1.658e-01  PDE=3.341e-02 [colloc=2.833e-02, cfd=5.086e-03] (w=2.921)  IN=5.697e-03 (w=1.021)  TB=4.120e-03 (w=0.662)  WALL=8.845e-16 (w=0.200)  OUT=6.497e-04 (w=0.307)  DATA=1.164e-02 (w=5.111)
  [PT] w=2.7229  (raw=2.9259  ‖ΔR‖=1.744e+01  ‖Δu‖=5.960e+00)
  [PT] w=2.6201  (raw=1.6952  ‖ΔR‖=1.556e+01  ‖Δu‖=9.179e+00)
  [PT] w=2.5878  (raw=2.2968  ‖ΔR‖=1.641e+01  ‖Δu‖=7.145e+00)
  [PT] w=2.6643  (raw=3.3526  ‖ΔR‖=2.034e+01  ‖Δu‖=6.067e+00)
  [PT] w=2.5601  (raw=1.6224  ‖ΔR‖=1.127e+01  ‖Δu‖=6.949e+00)
  [PT] w=2.4775  (raw=1.7342  ‖ΔR‖=1.146e+01  ‖Δu‖=6.608e+00)
  [PT] w=2.5579  (raw=3.2814  ‖ΔR‖=2.248e+01  ‖Δu‖=6.851e+00)
  [PT] w=2.5206  (raw=2.1855  ‖ΔR‖=1.039e+01  ‖Δu‖=4.752e+00)
  [PT] w=2.4393  (raw=1.7075  ‖ΔR‖=8.824e+00  ‖Δu‖=5.168e+00)
  [PT] w=2.4751  (raw=2.7973  ‖ΔR‖=1.867e+01  ‖Δu‖=6.676e+00)
  [PT] w=2.4262  (raw=1.9855  ‖ΔR‖=1.170e+01  ‖Δu‖=5.890e+00)
  [PT] w=2.4139  (raw=2.3030  ‖ΔR‖=9.212e+00  ‖Δu‖=4.000e+00)
  [PT] w=2.5070  (raw=3.3454  ‖ΔR‖=1.883e+01  ‖Δu‖=5.627e+00)
  [PT] w=2.4320  (raw=1.7567  ‖ΔR‖=7.488e+00  ‖Δu‖=4.263e+00)
  [PT] w=2.6425  (raw=4.5371  ‖ΔR‖=1.192e+01  ‖Δu‖=2.626e+00)
  [PT] w=2.6236  (raw=2.4537  ‖ΔR‖=2.253e+01  ‖Δu‖=9.182e+00)
  [PT] w=2.5523  (raw=1.9101  ‖ΔR‖=7.374e+00  ‖Δu‖=3.861e+00)
  [PT] w=2.6327  (raw=3.3569  ‖ΔR‖=1.202e+01  ‖Δu‖=3.582e+00)
  [PT] w=2.6361  (raw=2.6661  ‖ΔR‖=2.531e+01  ‖Δu‖=9.492e+00)
  [PT] w=2.5714  (raw=1.9895  ‖ΔR‖=1.026e+01  ‖Δu‖=5.156e+00)
[Adam] ep= 1260  total=1.273e-01  PDE=2.061e-02 [colloc=1.652e-02, cfd=4.088e-03] (w=2.805)  IN=9.263e-03 (w=1.051)  TB=5.630e-03 (w=0.818)  WALL=2.201e-16 (w=0.200)  OUT=4.642e-04 (w=0.390)  DATA=1.094e-02 (w=5.022)
  [PT] w=2.5820  (raw=2.6769  ‖ΔR‖=8.591e+00  ‖Δu‖=3.209e+00)
  [PT] w=2.6176  (raw=2.9381  ‖ΔR‖=2.112e+01  ‖Δu‖=7.187e+00)
  [PT] w=2.5572  (raw=2.0135  ‖ΔR‖=1.506e+01  ‖Δu‖=7.482e+00)
  [PT] w=2.5133  (raw=2.1190  ‖ΔR‖=9.818e+00  ‖Δu‖=4.634e+00)
  [PT] w=2.5672  (raw=3.0523  ‖ΔR‖=1.952e+01  ‖Δu‖=6.396e+00)
  [PT] w=2.4898  (raw=1.7924  ‖ΔR‖=1.446e+01  ‖Δu‖=8.068e+00)
  [PT] w=2.4646  (raw=2.2379  ‖ΔR‖=1.129e+01  ‖Δu‖=5.045e+00)
  [PT] w=2.4822  (raw=2.6405  ‖ΔR‖=1.808e+01  ‖Δu‖=6.848e+00)
  [PT] w=2.3983  (raw=1.6436  ‖ΔR‖=1.368e+01  ‖Δu‖=8.323e+00)
  [PT] w=2.4126  (raw=2.5409  ‖ΔR‖=1.254e+01  ‖Δu‖=4.937e+00)
  [PT] w=2.4017  (raw=2.3036  ‖ΔR‖=1.840e+01  ‖Δu‖=7.986e+00)
  [PT] w=2.3245  (raw=1.6300  ‖ΔR‖=1.210e+01  ‖Δu‖=7.426e+00)
  [PT] w=2.3905  (raw=2.9849  ‖ΔR‖=1.279e+01  ‖Δu‖=4.285e+00)
  [PT] w=2.3597  (raw=2.0826  ‖ΔR‖=1.786e+01  ‖Δu‖=8.576e+00)
  [PT] w=2.2847  (raw=1.6094  ‖ΔR‖=1.086e+01  ‖Δu‖=6.745e+00)
  [PT] w=2.4119  (raw=3.5569  ‖ΔR‖=1.437e+01  ‖Δu‖=4.040e+00)
  [PT] w=2.3595  (raw=1.8880  ‖ΔR‖=1.680e+01  ‖Δu‖=8.898e+00)
  [PT] w=2.2884  (raw=1.6482  ‖ΔR‖=1.138e+01  ‖Δu‖=6.902e+00)
  [PT] w=2.4540  (raw=3.9444  ‖ΔR‖=1.422e+01  ‖Δu‖=3.605e+00)
  [PT] w=2.3759  (raw=1.6731  ‖ΔR‖=1.382e+01  ‖Δu‖=8.259e+00)
[Adam] ep= 1280  total=1.234e-01  PDE=1.407e-02 [colloc=1.272e-02, cfd=1.350e-03] (w=2.677)  IN=1.074e-02 (w=1.104)  TB=4.158e-03 (w=0.817)  WALL=3.886e-16 (w=0.200)  OUT=1.263e-03 (w=0.414)  DATA=1.319e-02 (w=5.303)
  [PT] w=2.3065  (raw=1.6813  ‖ΔR‖=1.215e+01  ‖Δu‖=7.224e+00)
  [PT] w=2.4774  (raw=4.0160  ‖ΔR‖=1.664e+01  ‖Δu‖=4.143e+00)
  [PT] w=2.4023  (raw=1.7258  ‖ΔR‖=9.996e+00  ‖Δu‖=5.792e+00)
  [PT] w=2.4259  (raw=2.6384  ‖ΔR‖=1.317e+01  ‖Δu‖=4.993e+00)
  [PT] w=2.4596  (raw=2.7630  ‖ΔR‖=1.911e+01  ‖Δu‖=6.917e+00)
  [PT] w=2.4070  (raw=1.9342  ‖ΔR‖=7.343e+00  ‖Δu‖=3.796e+00)
  [PT] w=2.5137  (raw=3.4741  ‖ΔR‖=1.256e+01  ‖Δu‖=3.616e+00)
  [PT] w=2.5457  (raw=2.8329  ‖ΔR‖=2.348e+01  ‖Δu‖=8.290e+00)
  [PT] w=2.4611  (raw=1.6998  ‖ΔR‖=8.710e+00  ‖Δu‖=5.124e+00)
  [PT] w=2.5233  (raw=3.0832  ‖ΔR‖=8.865e+00  ‖Δu‖=2.875e+00)
  [PT] w=2.6157  (raw=3.4479  ‖ΔR‖=2.021e+01  ‖Δu‖=5.860e+00)
  [PT] w=2.5196  (raw=1.6539  ‖ΔR‖=1.510e+01  ‖Δu‖=9.127e+00)
  [PT] w=2.4428  (raw=1.7519  ‖ΔR‖=9.594e+00  ‖Δu‖=5.476e+00)
  [PT] w=2.5291  (raw=3.3053  ‖ΔR‖=1.839e+01  ‖Δu‖=5.565e+00)
  [PT] w=2.4606  (raw=1.8440  ‖ΔR‖=1.470e+01  ‖Δu‖=7.970e+00)
  [PT] w=2.4446  (raw=2.3008  ‖ΔR‖=1.173e+01  ‖Δu‖=5.098e+00)
  [PT] w=2.4843  (raw=2.8420  ‖ΔR‖=1.794e+01  ‖Δu‖=6.314e+00)
  [PT] w=2.4337  (raw=1.9777  ‖ΔR‖=1.122e+01  ‖Δu‖=5.672e+00)
  [PT] w=2.4816  (raw=2.9133  ‖ΔR‖=1.246e+01  ‖Δu‖=4.278e+00)
  [PT] w=2.5016  (raw=2.6814  ‖ΔR‖=1.968e+01  ‖Δu‖=7.340e+00)
[Adam] ep= 1300  total=1.105e-01  PDE=1.863e-02 [colloc=1.705e-02, cfd=1.578e-03] (w=2.804)  IN=4.620e-03 (w=1.027)  TB=4.021e-03 (w=0.803)  WALL=6.675e-16 (w=0.200)  OUT=1.462e-03 (w=0.323)  DATA=9.538e-03 (w=5.220)
  [PT] w=2.4175  (raw=1.6604  ‖ΔR‖=8.919e+00  ‖Δu‖=5.372e+00)
  [PT] w=2.5112  (raw=3.3546  ‖ΔR‖=1.086e+01  ‖Δu‖=3.236e+00)
  [PT] w=2.5150  (raw=2.5492  ‖ΔR‖=2.141e+01  ‖Δu‖=8.399e+00)
  [PT] w=2.4149  (raw=1.5138  ‖ΔR‖=1.085e+01  ‖Δu‖=7.169e+00)
  [PT] w=2.4543  (raw=2.8092  ‖ΔR‖=9.956e+00  ‖Δu‖=3.544e+00)
  [PT] w=2.4822  (raw=2.7335  ‖ΔR‖=2.065e+01  ‖Δu‖=7.555e+00)
  [PT] w=2.3919  (raw=1.5788  ‖ΔR‖=1.471e+01  ‖Δu‖=9.319e+00)
  [PT] w=2.3720  (raw=2.1933  ‖ΔR‖=1.039e+01  ‖Δu‖=4.737e+00)
  [PT] w=2.3819  (raw=2.4706  ‖ΔR‖=1.598e+01  ‖Δu‖=6.467e+00)
  [PT] w=2.3012  (raw=1.5745  ‖ΔR‖=1.661e+01  ‖Δu‖=1.055e+01)
  [PT] w=2.3215  (raw=2.5044  ‖ΔR‖=1.379e+01  ‖Δu‖=5.505e+00)
  [PT] w=2.3092  (raw=2.1987  ‖ΔR‖=1.485e+01  ‖Δu‖=6.754e+00)
  [PT] w=2.2548  (raw=1.7654  ‖ΔR‖=1.448e+01  ‖Δu‖=8.201e+00)
  [PT] w=2.3267  (raw=2.9734  ‖ΔR‖=1.630e+01  ‖Δu‖=5.482e+00)
  [PT] w=2.3888  (raw=2.9475  ‖ΔR‖=1.132e+01  ‖Δu‖=3.840e+00)
  [PT] w=2.3194  (raw=1.6950  ‖ΔR‖=1.013e+01  ‖Δu‖=5.975e+00)
  [PT] w=2.4661  (raw=3.7869  ‖ΔR‖=1.805e+01  ‖Δu‖=4.766e+00)
  [PT] w=2.4413  (raw=2.2175  ‖ΔR‖=6.236e+00  ‖Δu‖=2.812e+00)
  [PT] w=2.3918  (raw=1.9463  ‖ΔR‖=9.945e+00  ‖Δu‖=5.110e+00)
  [PT] w=2.4913  (raw=3.3874  ‖ΔR‖=1.991e+01  ‖Δu‖=5.878e+00)
[Adam] ep= 1320  total=1.002e-01  PDE=1.354e-02 [colloc=1.180e-02, cfd=1.742e-03] (w=2.763)  IN=6.230e-03 (w=1.028)  TB=3.906e-03 (w=0.809)  WALL=2.477e-16 (w=0.200)  OUT=2.728e-04 (w=0.339)  DATA=9.956e-03 (w=5.340)
  [PT] w=2.5852  (raw=3.4304  ‖ΔR‖=5.352e+00  ‖Δu‖=1.560e+00)
  [PT] w=2.6332  (raw=3.0643  ‖ΔR‖=8.147e+00  ‖Δu‖=2.659e+00)
  [PT] w=2.7069  (raw=3.3706  ‖ΔR‖=1.920e+01  ‖Δu‖=5.696e+00)
  [PT] w=2.6175  (raw=1.8124  ‖ΔR‖=7.280e+00  ‖Δu‖=4.017e+00)
  [PT] w=2.6542  (raw=2.9849  ‖ΔR‖=7.453e+00  ‖Δu‖=2.497e+00)
  [PT] w=2.7214  (raw=3.3264  ‖ΔR‖=1.748e+01  ‖Δu‖=5.255e+00)
  [PT] w=2.6243  (raw=1.7498  ‖ΔR‖=6.773e+00  ‖Δu‖=3.871e+00)
  [PT] w=2.7220  (raw=3.6021  ‖ΔR‖=9.815e+00  ‖Δu‖=2.725e+00)
  [PT] w=2.7073  (raw=2.5748  ‖ΔR‖=1.682e+01  ‖Δu‖=6.532e+00)
  [PT] w=2.5892  (raw=1.5259  ‖ΔR‖=8.121e+00  ‖Δu‖=5.322e+00)
  [PT] w=2.6100  (raw=2.7975  ‖ΔR‖=1.126e+01  ‖Δu‖=4.024e+00)
  [PT] w=2.5035  (raw=1.5447  ‖ΔR‖=1.429e+01  ‖Δu‖=9.252e+00)
  [PT] w=2.4440  (raw=1.9086  ‖ΔR‖=9.681e+00  ‖Δu‖=5.072e+00)
  [PT] w=2.3744  (raw=1.7484  ‖ΔR‖=9.691e+00  ‖Δu‖=5.543e+00)
  [PT] w=2.3033  (raw=1.6630  ‖ΔR‖=1.457e+01  ‖Δu‖=8.763e+00)
  [PT] w=2.2917  (raw=2.1879  ‖ΔR‖=9.179e+00  ‖Δu‖=4.195e+00)
  [PT] w=2.2015  (raw=1.3892  ‖ΔR‖=1.434e+01  ‖Δu‖=1.032e+01)
  [PT] w=2.3029  (raw=3.2151  ‖ΔR‖=1.125e+01  ‖Δu‖=3.500e+00)
  [PT] w=2.2938  (raw=2.2122  ‖ΔR‖=1.220e+01  ‖Δu‖=5.513e+00)
  [PT] w=2.2826  (raw=2.1818  ‖ΔR‖=1.263e+01  ‖Δu‖=5.788e+00)
[Adam] ep= 1340  total=9.108e-02  PDE=1.359e-02 [colloc=1.237e-02, cfd=1.222e-03] (w=2.671)  IN=5.089e-03 (w=1.081)  TB=3.288e-03 (w=0.829)  WALL=3.823e-16 (w=0.200)  OUT=8.205e-04 (w=0.299)  DATA=8.431e-03 (w=5.494)
  [PT] w=2.3580  (raw=3.0367  ‖ΔR‖=9.115e+00  ‖Δu‖=3.002e+00)
  [PT] w=2.3728  (raw=2.5062  ‖ΔR‖=9.715e+00  ‖Δu‖=3.877e+00)
  [PT] w=2.3511  (raw=2.1561  ‖ΔR‖=1.282e+01  ‖Δu‖=5.945e+00)
  [PT] w=2.2967  (raw=1.8070  ‖ΔR‖=4.958e+00  ‖Δu‖=2.744e+00)
  [PT] w=2.3203  (raw=2.5320  ‖ΔR‖=1.265e+01  ‖Δu‖=4.996e+00)
  [PT] w=2.4090  (raw=3.2074  ‖ΔR‖=7.226e+00  ‖Δu‖=2.253e+00)
  [PT] w=2.3331  (raw=1.6503  ‖ΔR‖=8.305e+00  ‖Δu‖=5.032e+00)
  [PT] w=2.3886  (raw=2.8882  ‖ΔR‖=1.001e+01  ‖Δu‖=3.464e+00)
  [PT] w=2.2649  (raw=1.1516  ‖ΔR‖=4.817e+00  ‖Δu‖=4.183e+00)
  [PT] w=2.2341  (raw=1.9569  ‖ΔR‖=1.187e+01  ‖Δu‖=6.063e+00)
  [PT] w=2.2922  (raw=2.8151  ‖ΔR‖=6.800e+00  ‖Δu‖=2.416e+00)
  [PT] w=2.2661  (raw=2.0309  ‖ΔR‖=1.266e+01  ‖Δu‖=6.235e+00)
  [PT] w=2.2509  (raw=2.1140  ‖ΔR‖=1.823e+01  ‖Δu‖=8.626e+00)
  [PT] w=2.2686  (raw=2.4284  ‖ΔR‖=1.099e+01  ‖Δu‖=4.524e+00)
  [PT] w=2.2120  (raw=1.7026  ‖ΔR‖=2.582e+01  ‖Δu‖=1.516e+01)
  [PT] w=2.2297  (raw=2.3889  ‖ΔR‖=1.013e+01  ‖Δu‖=4.241e+00)
  [PT] w=2.2625  (raw=2.5575  ‖ΔR‖=2.936e+01  ‖Δu‖=1.148e+01)
  [PT] w=2.1938  (raw=1.5759  ‖ΔR‖=1.194e+01  ‖Δu‖=7.578e+00)
  [PT] w=2.3495  (raw=3.7502  ‖ΔR‖=2.292e+01  ‖Δu‖=6.112e+00)
  [PT] w=2.4109  (raw=2.9641  ‖ΔR‖=2.131e+01  ‖Δu‖=7.191e+00)
[Adam] ep= 1360  total=1.075e-01  PDE=1.599e-02 [colloc=1.387e-02, cfd=2.116e-03] (w=2.871)  IN=5.531e-03 (w=0.946)  TB=2.260e-03 (w=0.723)  WALL=1.973e-16 (w=0.200)  OUT=3.032e-04 (w=0.301)  DATA=1.011e-02 (w=5.409)
  [PT] w=2.6024  (raw=4.3258  ‖ΔR‖=1.525e+01  ‖Δu‖=3.526e+00)
  [PT] w=2.6365  (raw=2.9434  ‖ΔR‖=2.210e+01  ‖Δu‖=7.508e+00)
  [PT] w=2.8071  (raw=4.3428  ‖ΔR‖=1.292e+01  ‖Δu‖=2.975e+00)
  [PT] w=2.8277  (raw=3.0128  ‖ΔR‖=3.034e+01  ‖Δu‖=1.007e+01)
  [PT] w=2.7787  (raw=2.3371  ‖ΔR‖=1.014e+01  ‖Δu‖=4.338e+00)
  [PT] w=2.7962  (raw=2.9540  ‖ΔR‖=1.807e+01  ‖Δu‖=6.118e+00)
  [PT] w=2.8239  (raw=3.0736  ‖ΔR‖=3.928e+01  ‖Δu‖=1.278e+01)
  [PT] w=2.8133  (raw=2.7175  ‖ΔR‖=1.374e+01  ‖Δu‖=5.057e+00)
  [PT] w=2.7977  (raw=2.6576  ‖ΔR‖=1.314e+01  ‖Δu‖=4.943e+00)
  [PT] w=2.8417  (raw=3.2374  ‖ΔR‖=3.355e+01  ‖Δu‖=1.036e+01)
  [PT] w=2.9403  (raw=3.8281  ‖ΔR‖=2.528e+01  ‖Δu‖=6.603e+00)
  [PT] w=2.8727  (raw=2.2641  ‖ΔR‖=1.119e+01  ‖Δu‖=4.944e+00)
  [PT] w=2.8674  (raw=2.8198  ‖ΔR‖=2.058e+01  ‖Δu‖=7.300e+00)
  [PT] w=3.0785  (raw=4.9788  ‖ΔR‖=2.673e+01  ‖Δu‖=5.368e+00)
  [PT] w=3.1222  (raw=3.5154  ‖ΔR‖=1.401e+01  ‖Δu‖=3.985e+00)
  [PT] w=3.0448  (raw=2.3475  ‖ΔR‖=1.335e+01  ‖Δu‖=5.688e+00)
  [PT] w=3.0689  (raw=3.2864  ‖ΔR‖=1.845e+01  ‖Δu‖=5.613e+00)
  [PT] w=3.0001  (raw=2.3809  ‖ΔR‖=2.017e+01  ‖Δu‖=8.472e+00)
  [PT] w=2.8855  (raw=1.8536  ‖ΔR‖=1.192e+01  ‖Δu‖=6.432e+00)
  [PT] w=2.8068  (raw=2.0988  ‖ΔR‖=7.445e+00  ‖Δu‖=3.547e+00)
[Adam] ep= 1380  total=1.675e-01  PDE=2.477e-02 [colloc=1.822e-02, cfd=6.544e-03] (w=2.977)  IN=1.109e-02 (w=0.932)  TB=4.590e-03 (w=0.696)  WALL=1.016e-16 (w=0.200)  OUT=1.283e-03 (w=0.385)  DATA=1.597e-02 (w=4.994)
  [PT] w=2.7182  (raw=1.9204  ‖ΔR‖=1.930e+01  ‖Δu‖=1.005e+01)
  [PT] w=2.6134  (raw=1.6709  ‖ΔR‖=1.642e+01  ‖Δu‖=9.827e+00)
  [PT] w=2.6094  (raw=2.5733  ‖ΔR‖=9.667e+00  ‖Δu‖=3.757e+00)
  [PT] w=2.5631  (raw=2.1461  ‖ΔR‖=1.659e+01  ‖Δu‖=7.728e+00)
  [PT] w=2.5117  (raw=2.0496  ‖ΔR‖=2.063e+01  ‖Δu‖=1.007e+01)
  [PT] w=2.5081  (raw=2.4754  ‖ΔR‖=9.031e+00  ‖Δu‖=3.648e+00)
  [PT] w=2.5529  (raw=2.9560  ‖ΔR‖=1.472e+01  ‖Δu‖=4.979e+00)
  [PT] w=2.4762  (raw=1.7856  ‖ΔR‖=1.845e+01  ‖Δu‖=1.033e+01)
  [PT] w=2.5250  (raw=2.9645  ‖ΔR‖=1.453e+01  ‖Δu‖=4.903e+00)
  [PT] w=2.5102  (raw=2.3768  ‖ΔR‖=9.917e+00  ‖Δu‖=4.172e+00)
  [PT] w=2.4275  (raw=1.6834  ‖ΔR‖=1.404e+01  ‖Δu‖=8.337e+00)
  [PT] w=2.5107  (raw=3.2590  ‖ΔR‖=1.805e+01  ‖Δu‖=5.539e+00)
  [PT] w=2.6160  (raw=3.5646  ‖ΔR‖=7.169e+00  ‖Δu‖=2.011e+00)
  [PT] w=2.5079  (raw=1.5347  ‖ΔR‖=6.640e+00  ‖Δu‖=4.327e+00)
  [PT] w=2.5127  (raw=2.5560  ‖ΔR‖=1.738e+01  ‖Δu‖=6.800e+00)
  [PT] w=2.6086  (raw=3.4716  ‖ΔR‖=7.684e+00  ‖Δu‖=2.213e+00)
  [PT] w=2.5324  (raw=1.8469  ‖ΔR‖=7.266e+00  ‖Δu‖=3.934e+00)
  [PT] w=2.5548  (raw=2.7558  ‖ΔR‖=1.759e+01  ‖Δu‖=6.382e+00)
  [PT] w=2.6060  (raw=3.0672  ‖ΔR‖=5.921e+00  ‖Δu‖=1.931e+00)
  [PT] w=2.5793  (raw=2.3388  ‖ΔR‖=9.763e+00  ‖Δu‖=4.174e+00)
[Adam] ep= 1400  total=1.411e-01  PDE=2.815e-02 [colloc=2.075e-02, cfd=7.396e-03] (w=2.743)  IN=6.407e-03 (w=0.992)  TB=3.587e-03 (w=0.802)  WALL=5.408e-16 (w=0.200)  OUT=5.012e-03 (w=0.578)  DATA=9.941e-03 (w=5.208)
  [PT] w=2.5836  (raw=2.6220  ‖ΔR‖=1.861e+01  ‖Δu‖=7.097e+00)
  [PT] w=2.5146  (raw=1.8939  ‖ΔR‖=6.828e+00  ‖Δu‖=3.606e+00)
  [PT] w=2.5231  (raw=2.5993  ‖ΔR‖=8.415e+00  ‖Δu‖=3.238e+00)
  [PT] w=2.5110  (raw=2.4026  ‖ΔR‖=1.685e+01  ‖Δu‖=7.012e+00)
  [PT] w=2.4056  (raw=1.4563  ‖ΔR‖=5.699e+00  ‖Δu‖=3.913e+00)
  [PT] w=2.4884  (raw=3.2344  ‖ΔR‖=9.402e+00  ‖Δu‖=2.907e+00)
  [PT] w=2.4508  (raw=2.1123  ‖ΔR‖=1.676e+01  ‖Δu‖=7.934e+00)
  [PT] w=2.3588  (raw=1.5310  ‖ΔR‖=6.748e+00  ‖Δu‖=4.407e+00)
  [PT] w=2.3651  (raw=2.4213  ‖ΔR‖=1.248e+01  ‖Δu‖=5.154e+00)
  [PT] w=2.3075  (raw=1.7893  ‖ΔR‖=1.374e+01  ‖Δu‖=7.680e+00)
  [PT] w=2.2188  (raw=1.4203  ‖ΔR‖=9.873e+00  ‖Δu‖=6.952e+00)
  [PT] w=2.2679  (raw=2.7100  ‖ΔR‖=1.162e+01  ‖Δu‖=4.288e+00)
  [PT] w=2.2089  (raw=1.6777  ‖ΔR‖=1.244e+01  ‖Δu‖=7.414e+00)
  [PT] w=2.2087  (raw=2.2067  ‖ΔR‖=1.180e+01  ‖Δu‖=5.346e+00)
  [PT] w=2.2253  (raw=2.3755  ‖ΔR‖=9.686e+00  ‖Δu‖=4.078e+00)
  [PT] w=2.1853  (raw=1.8244  ‖ΔR‖=1.487e+01  ‖Δu‖=8.150e+00)
  [PT] w=2.2529  (raw=2.8616  ‖ΔR‖=8.015e+00  ‖Δu‖=2.801e+00)
  [PT] w=2.2026  (raw=1.7501  ‖ΔR‖=1.235e+01  ‖Δu‖=7.055e+00)
  [PT] w=2.2905  (raw=3.0820  ‖ΔR‖=1.695e+01  ‖Δu‖=5.499e+00)
  [PT] w=2.3985  (raw=3.3699  ‖ΔR‖=1.047e+01  ‖Δu‖=3.107e+00)
[Adam] ep= 1420  total=1.135e-01  PDE=1.937e-02 [colloc=1.708e-02, cfd=2.292e-03] (w=2.600)  IN=5.078e-03 (w=0.942)  TB=2.664e-03 (w=0.767)  WALL=6.765e-16 (w=0.200)  OUT=6.974e-03 (w=0.925)  DATA=9.668e-03 (w=5.157)
  [PT] w=2.3770  (raw=2.1839  ‖ΔR‖=1.354e+01  ‖Δu‖=6.200e+00)
  [PT] w=2.4637  (raw=3.2435  ‖ΔR‖=2.078e+01  ‖Δu‖=6.406e+00)
  [PT] w=2.5003  (raw=2.8302  ‖ΔR‖=9.327e+00  ‖Δu‖=3.296e+00)
  [PT] w=2.4151  (raw=1.6481  ‖ΔR‖=1.220e+01  ‖Δu‖=7.401e+00)
  [PT] w=2.3920  (raw=2.1841  ‖ΔR‖=1.841e+01  ‖Δu‖=8.427e+00)
  [PT] w=2.3699  (raw=2.1712  ‖ΔR‖=1.174e+01  ‖Δu‖=5.406e+00)
  [PT] w=2.2994  (raw=1.6649  ‖ΔR‖=1.023e+01  ‖Δu‖=6.148e+00)
  [PT] w=2.2890  (raw=2.1949  ‖ΔR‖=1.774e+01  ‖Δu‖=8.082e+00)
  [PT] w=2.2923  (raw=2.3219  ‖ΔR‖=1.096e+01  ‖Δu‖=4.721e+00)
  [PT] w=2.3136  (raw=2.5052  ‖ΔR‖=1.423e+01  ‖Δu‖=5.682e+00)
  [PT] w=2.3011  (raw=2.1894  ‖ΔR‖=1.491e+01  ‖Δu‖=6.810e+00)
  [PT] w=2.3007  (raw=2.2971  ‖ΔR‖=1.272e+01  ‖Δu‖=5.539e+00)
  [PT] w=2.2303  (raw=1.5967  ‖ΔR‖=1.057e+01  ‖Δu‖=6.621e+00)
  [PT] w=2.2239  (raw=2.1655  ‖ΔR‖=1.513e+01  ‖Δu‖=6.986e+00)
  [PT] w=2.1334  (raw=1.3189  ‖ΔR‖=8.657e+00  ‖Δu‖=6.564e+00)
  [PT] w=2.0645  (raw=1.4443  ‖ΔR‖=1.222e+01  ‖Δu‖=8.462e+00)
  [PT] w=2.0673  (raw=2.0930  ‖ΔR‖=1.343e+01  ‖Δu‖=6.419e+00)
  [PT] w=2.0745  (raw=2.1394  ‖ΔR‖=1.219e+01  ‖Δu‖=5.698e+00)
  [PT] w=2.0152  (raw=1.4815  ‖ΔR‖=1.183e+01  ‖Δu‖=7.984e+00)
  [PT] w=2.0495  (raw=2.3577  ‖ΔR‖=1.106e+01  ‖Δu‖=4.689e+00)
[Adam] ep= 1440  total=1.002e-01  PDE=1.633e-02 [colloc=1.435e-02, cfd=1.975e-03] (w=2.604)  IN=3.165e-03 (w=0.915)  TB=2.144e-03 (w=0.689)  WALL=4.301e-16 (w=0.200)  OUT=3.707e-03 (w=1.003)  DATA=9.607e-03 (w=5.165)
  [PT] w=1.9702  (raw=1.2570  ‖ΔR‖=1.035e+01  ‖Δu‖=8.232e+00)
  [PT] w=1.9539  (raw=1.8068  ‖ΔR‖=1.166e+01  ‖Δu‖=6.452e+00)
  [PT] w=1.8928  (raw=1.3429  ‖ΔR‖=7.341e+00  ‖Δu‖=5.466e+00)
  [PT] w=1.9091  (raw=2.0562  ‖ΔR‖=1.645e+01  ‖Δu‖=8.001e+00)
  [PT] w=1.9331  (raw=2.1493  ‖ΔR‖=6.633e+00  ‖Δu‖=3.086e+00)
  [PT] w=1.9159  (raw=1.7608  ‖ΔR‖=1.102e+01  ‖Δu‖=6.256e+00)
  [PT] w=1.9276  (raw=2.0326  ‖ΔR‖=1.741e+01  ‖Δu‖=8.568e+00)
  [PT] w=1.9390  (raw=2.0415  ‖ΔR‖=8.630e+00  ‖Δu‖=4.228e+00)
  [PT] w=1.8956  (raw=1.5054  ‖ΔR‖=1.269e+01  ‖Δu‖=8.427e+00)
  [PT] w=1.9712  (raw=2.6512  ‖ΔR‖=2.417e+01  ‖Δu‖=9.115e+00)
  [PT] w=2.0131  (raw=2.3907  ‖ΔR‖=6.842e+00  ‖Δu‖=2.862e+00)
  [PT] w=2.0531  (raw=2.4127  ‖ΔR‖=1.644e+01  ‖Δu‖=6.816e+00)
  [PT] w=2.0386  (raw=1.9087  ‖ΔR‖=1.519e+01  ‖Δu‖=7.960e+00)
  [PT] w=2.1396  (raw=3.0483  ‖ΔR‖=8.039e+00  ‖Δu‖=2.637e+00)
  [PT] w=2.0649  (raw=1.3927  ‖ΔR‖=1.267e+01  ‖Δu‖=9.100e+00)
  [PT] w=2.1100  (raw=2.5156  ‖ΔR‖=1.482e+01  ‖Δu‖=5.892e+00)
  [PT] w=2.1402  (raw=2.4124  ‖ΔR‖=1.205e+01  ‖Δu‖=4.993e+00)
  [PT] w=2.1247  (raw=1.9845  ‖ΔR‖=1.410e+01  ‖Δu‖=7.107e+00)
  [PT] w=2.1512  (raw=2.3899  ‖ΔR‖=1.243e+01  ‖Δu‖=5.199e+00)
  [PT] w=2.2225  (raw=2.8639  ‖ΔR‖=1.057e+01  ‖Δu‖=3.692e+00)
[Adam] ep= 1460  total=1.037e-01  PDE=1.542e-02 [colloc=1.410e-02, cfd=1.320e-03] (w=2.573)  IN=6.855e-03 (w=0.940)  TB=2.551e-03 (w=0.680)  WALL=4.984e-16 (w=0.200)  OUT=1.972e-03 (w=1.036)  DATA=1.051e-02 (w=5.121)
  [PT] w=2.1666  (raw=1.6637  ‖ΔR‖=1.463e+01  ‖Δu‖=8.797e+00)
  [PT] w=2.1735  (raw=2.2359  ‖ΔR‖=1.142e+01  ‖Δu‖=5.107e+00)
  [PT] w=2.1348  (raw=1.7860  ‖ΔR‖=1.083e+01  ‖Δu‖=6.066e+00)
  [PT] w=2.1116  (raw=1.9032  ‖ΔR‖=1.610e+01  ‖Δu‖=8.459e+00)
  [PT] w=2.1074  (raw=2.0701  ‖ΔR‖=9.230e+00  ‖Δu‖=4.459e+00)
  [PT] w=2.0253  (raw=1.2858  ‖ΔR‖=8.765e+00  ‖Δu‖=6.817e+00)
  [PT] w=1.9793  (raw=1.5653  ‖ΔR‖=1.536e+01  ‖Δu‖=9.810e+00)
  [PT] w=2.0142  (raw=2.3285  ‖ΔR‖=1.187e+01  ‖Δu‖=5.096e+00)
  [PT] w=1.9460  (raw=1.3318  ‖ΔR‖=1.008e+01  ‖Δu‖=7.565e+00)
  [PT] w=1.9709  (raw=2.1952  ‖ΔR‖=1.922e+01  ‖Δu‖=8.754e+00)
  [PT] w=1.9614  (raw=1.8763  ‖ΔR‖=9.007e+00  ‖Δu‖=4.801e+00)
  [PT] w=1.9629  (raw=1.9765  ‖ΔR‖=1.014e+01  ‖Δu‖=5.130e+00)
  [PT] w=1.8967  (raw=1.3007  ‖ΔR‖=1.561e+01  ‖Δu‖=1.200e+01)
  [PT] w=1.9455  (raw=2.3842  ‖ΔR‖=1.116e+01  ‖Δu‖=4.679e+00)
  [PT] w=1.9048  (raw=1.5392  ‖ΔR‖=1.003e+01  ‖Δu‖=6.515e+00)
  [PT] w=1.9198  (raw=2.0547  ‖ΔR‖=1.486e+01  ‖Δu‖=7.234e+00)
  [PT] w=1.9374  (raw=2.0958  ‖ΔR‖=8.852e+00  ‖Δu‖=4.224e+00)
  [PT] w=1.8914  (raw=1.4769  ‖ΔR‖=9.352e+00  ‖Δu‖=6.332e+00)
  [PT] w=1.8463  (raw=1.4406  ‖ΔR‖=1.498e+01  ‖Δu‖=1.040e+01)
  [PT] w=1.9044  (raw=2.4278  ‖ΔR‖=1.343e+01  ‖Δu‖=5.531e+00)
[Adam] ep= 1480  total=1.121e-01  PDE=2.251e-02 [colloc=2.065e-02, cfd=1.861e-03] (w=2.620)  IN=2.777e-03 (w=0.983)  TB=2.491e-03 (w=0.717)  WALL=8.908e-16 (w=0.200)  OUT=1.948e-03 (w=0.843)  DATA=8.847e-03 (w=5.303)
  [PT] w=1.8456  (raw=1.3162  ‖ΔR‖=9.445e+00  ‖Δu‖=7.176e+00)
  [PT] w=1.9050  (raw=2.4392  ‖ΔR‖=1.728e+01  ‖Δu‖=7.086e+00)
  [PT] w=1.9219  (raw=2.0738  ‖ΔR‖=1.057e+01  ‖Δu‖=5.097e+00)
  [PT] w=1.8605  (raw=1.3083  ‖ΔR‖=7.950e+00  ‖Δu‖=6.076e+00)
  [PT] w=1.8093  (raw=1.3488  ‖ΔR‖=1.357e+01  ‖Δu‖=1.006e+01)
  [PT] w=1.8823  (raw=2.5387  ‖ΔR‖=1.438e+01  ‖Δu‖=5.663e+00)
  [PT] w=1.8363  (raw=1.4222  ‖ΔR‖=8.752e+00  ‖Δu‖=6.154e+00)
  [PT] w=1.8314  (raw=1.7874  ‖ΔR‖=1.259e+01  ‖Δu‖=7.045e+00)
  [PT] w=1.8469  (raw=1.9869  ‖ΔR‖=1.249e+01  ‖Δu‖=6.288e+00)
  [PT] w=1.7788  (raw=1.1653  ‖ΔR‖=9.466e+00  ‖Δu‖=8.123e+00)
  [PT] w=1.7237  (raw=1.2276  ‖ΔR‖=1.372e+01  ‖Δu‖=1.118e+01)
  [PT] w=1.8180  (raw=2.6674  ‖ΔR‖=1.490e+01  ‖Δu‖=5.587e+00)
  [PT] w=1.7558  (raw=1.1954  ‖ΔR‖=7.936e+00  ‖Δu‖=6.639e+00)
  [PT] w=1.8425  (raw=2.6232  ‖ΔR‖=1.812e+01  ‖Δu‖=6.909e+00)
  [PT] w=1.8259  (raw=1.6768  ‖ΔR‖=1.042e+01  ‖Δu‖=6.211e+00)
  [PT] w=1.8925  (raw=2.4914  ‖ΔR‖=1.284e+01  ‖Δu‖=5.152e+00)
  [PT] w=1.8375  (raw=1.3431  ‖ΔR‖=1.326e+01  ‖Δu‖=9.874e+00)
  [PT] w=1.8112  (raw=1.5741  ‖ΔR‖=1.223e+01  ‖Δu‖=7.767e+00)
  [PT] w=1.7859  (raw=1.5583  ‖ΔR‖=1.312e+01  ‖Δu‖=8.420e+00)
  [PT] w=1.7964  (raw=1.8910  ‖ΔR‖=8.798e+00  ‖Δu‖=4.652e+00)
[Adam] ep= 1500  total=1.003e-01  PDE=1.527e-02 [colloc=1.374e-02, cfd=1.525e-03] (w=2.691)  IN=3.886e-03 (w=1.007)  TB=3.209e-03 (w=0.765)  WALL=4.982e-16 (w=0.200)  OUT=6.530e-04 (w=0.488)  DATA=9.426e-03 (w=5.577)
  [PT] w=1.8373  (raw=2.2048  ‖ΔR‖=1.610e+01  ‖Δu‖=7.300e+00)
  [PT] w=1.8326  (raw=1.7906  ‖ΔR‖=1.132e+01  ‖Δu‖=6.319e+00)
  [PT] w=1.9489  (raw=2.9957  ‖ΔR‖=1.388e+01  ‖Δu‖=4.632e+00)
  [PT] w=1.9717  (raw=2.1773  ‖ΔR‖=1.166e+01  ‖Δu‖=5.354e+00)
  [PT] w=1.9719  (raw=1.9734  ‖ΔR‖=1.873e+01  ‖Δu‖=9.491e+00)
  [PT] w=1.8666  (raw=0.9189  ‖ΔR‖=8.741e+00  ‖Δu‖=9.512e+00)
  [PT] w=1.8720  (raw=1.9200  ‖ΔR‖=2.138e+01  ‖Δu‖=1.113e+01)
  [PT] w=1.9018  (raw=2.1704  ‖ΔR‖=8.515e+00  ‖Δu‖=3.923e+00)
  [PT] w=1.8885  (raw=1.7688  ‖ΔR‖=2.639e+01  ‖Δu‖=1.492e+01)
  [PT] w=1.7834  (raw=0.8374  ‖ΔR‖=6.545e+00  ‖Δu‖=7.816e+00)
  [PT] w=1.9419  (raw=3.3687  ‖ΔR‖=2.336e+01  ‖Δu‖=6.934e+00)
  [PT] w=1.9538  (raw=2.0608  ‖ΔR‖=1.822e+01  ‖Δu‖=8.843e+00)
  [PT] w=1.9305  (raw=1.7212  ‖ΔR‖=1.024e+01  ‖Δu‖=5.948e+00)
  [PT] w=2.0220  (raw=2.8450  ‖ΔR‖=2.837e+01  ‖Δu‖=9.971e+00)
  [PT] w=2.0358  (raw=2.1597  ‖ΔR‖=8.201e+00  ‖Δu‖=3.797e+00)
  [PT] w=2.0791  (raw=2.4688  ‖ΔR‖=1.931e+01  ‖Δu‖=7.821e+00)
  [PT] w=2.0953  (raw=2.2413  ‖ΔR‖=2.131e+01  ‖Δu‖=9.507e+00)
  [PT] w=1.9800  (raw=0.9426  ‖ΔR‖=9.121e+00  ‖Δu‖=9.676e+00)
  [PT] w=1.9820  (raw=1.9994  ‖ΔR‖=2.623e+01  ‖Δu‖=1.312e+01)
  [PT] w=2.3550  (raw=5.7129  ‖ΔR‖=1.011e+01  ‖Δu‖=1.769e+00)
[Adam] ep= 1520  total=1.492e-01  PDE=2.411e-02 [colloc=2.284e-02, cfd=1.270e-03] (w=2.822)  IN=3.656e-03 (w=0.914)  TB=2.796e-03 (w=0.720)  WALL=9.537e-16 (w=0.200)  OUT=2.742e-04 (w=0.307)  DATA=1.334e-02 (w=5.674)
  [PT] w=2.2913  (raw=1.7180  ‖ΔR‖=1.898e+01  ‖Δu‖=1.105e+01)
  [PT] w=2.1975  (raw=1.3527  ‖ΔR‖=1.444e+01  ‖Δu‖=1.067e+01)
  [PT] w=2.3051  (raw=3.2736  ‖ΔR‖=1.950e+01  ‖Δu‖=5.958e+00)
  [PT] w=2.3253  (raw=2.5073  ‖ΔR‖=1.246e+01  ‖Δu‖=4.968e+00)
  [PT] w=2.4116  (raw=3.1880  ‖ΔR‖=9.633e+00  ‖Δu‖=3.022e+00)
  [PT] w=2.4713  (raw=3.0089  ‖ΔR‖=2.268e+01  ‖Δu‖=7.539e+00)
  [PT] w=2.3183  (raw=0.9409  ‖ΔR‖=5.987e+00  ‖Δu‖=6.363e+00)
  [PT] w=2.3466  (raw=2.6013  ‖ΔR‖=1.958e+01  ‖Δu‖=7.526e+00)
  [PT] w=2.2193  (raw=1.0740  ‖ΔR‖=5.556e+00  ‖Δu‖=5.173e+00)
  [PT] w=2.1691  (raw=1.7168  ‖ΔR‖=2.548e+01  ‖Δu‖=1.484e+01)
  [PT] w=2.0520  (raw=0.9988  ‖ΔR‖=7.645e+00  ‖Δu‖=7.655e+00)
  [PT] w=2.2258  (raw=3.7899  ‖ΔR‖=2.368e+01  ‖Δu‖=6.247e+00)
  [PT] w=2.2446  (raw=2.4139  ‖ΔR‖=1.991e+01  ‖Δu‖=8.248e+00)
  [PT] w=2.1568  (raw=1.3663  ‖ΔR‖=1.142e+01  ‖Δu‖=8.360e+00)
  [PT] w=2.1720  (raw=2.3089  ‖ΔR‖=1.867e+01  ‖Δu‖=8.086e+00)
  [PT] w=2.5105  (raw=5.5572  ‖ΔR‖=2.796e+01  ‖Δu‖=5.031e+00)
  [PT] w=2.7578  (raw=4.9835  ‖ΔR‖=1.342e+01  ‖Δu‖=2.694e+00)
  [PT] w=2.6581  (raw=1.7608  ‖ΔR‖=4.830e+00  ‖Δu‖=2.743e+00)
  [PT] w=2.7390  (raw=3.4668  ‖ΔR‖=1.572e+01  ‖Δu‖=4.534e+00)
  [PT] w=2.8552  (raw=3.9009  ‖ΔR‖=2.521e+01  ‖Δu‖=6.462e+00)
[Adam] ep= 1540  total=1.146e-01  PDE=1.913e-02 [colloc=1.554e-02, cfd=3.582e-03] (w=3.035)  IN=4.126e-03 (w=0.844)  TB=2.980e-03 (w=0.709)  WALL=4.146e-16 (w=0.200)  OUT=4.540e-04 (w=0.215)  DATA=9.908e-03 (w=5.130)
  [PT] w=2.7516  (raw=1.8193  ‖ΔR‖=9.585e+00  ‖Δu‖=5.269e+00)
  [PT] w=2.6327  (raw=1.5625  ‖ΔR‖=6.497e+00  ‖Δu‖=4.158e+00)
  [PT] w=2.9483  (raw=5.7886  ‖ΔR‖=1.515e+01  ‖Δu‖=2.616e+00)
  [PT] w=2.8195  (raw=1.6607  ‖ΔR‖=1.968e+01  ‖Δu‖=1.185e+01)
  [PT] w=2.6413  (raw=1.0377  ‖ΔR‖=7.533e+00  ‖Δu‖=7.260e+00)
  [PT] w=2.7446  (raw=3.6740  ‖ΔR‖=1.502e+01  ‖Δu‖=4.088e+00)
  [PT] w=2.7557  (raw=2.8559  ‖ΔR‖=1.887e+01  ‖Δu‖=6.606e+00)
  [PT] w=2.7109  (raw=2.3075  ‖ΔR‖=1.107e+01  ‖Δu‖=4.799e+00)
  [PT] w=2.7959  (raw=3.5606  ‖ΔR‖=1.540e+01  ‖Δu‖=4.326e+00)
  [PT] w=2.9837  (raw=4.6740  ‖ΔR‖=1.591e+01  ‖Δu‖=3.404e+00)
  [PT] w=3.0186  (raw=3.3328  ‖ΔR‖=1.094e+01  ‖Δu‖=3.282e+00)
  [PT] w=3.2115  (raw=4.9471  ‖ΔR‖=1.407e+01  ‖Δu‖=2.844e+00)
  [PT] w=3.2678  (raw=3.7745  ‖ΔR‖=1.920e+01  ‖Δu‖=5.086e+00)
  [PT] w=3.1026  (raw=1.6159  ‖ΔR‖=8.444e+00  ‖Δu‖=5.225e+00)
  [PT] w=3.0595  (raw=2.6713  ‖ΔR‖=1.423e+01  ‖Δu‖=5.327e+00)
  [PT] w=3.0681  (raw=3.1462  ‖ΔR‖=2.186e+01  ‖Δu‖=6.948e+00)
  [PT] w=2.9338  (raw=1.7247  ‖ΔR‖=1.171e+01  ‖Δu‖=6.792e+00)
  [PT] w=2.8370  (raw=1.9661  ‖ΔR‖=8.993e+00  ‖Δu‖=4.574e+00)
  [PT] w=2.9108  (raw=3.5743  ‖ΔR‖=1.926e+01  ‖Δu‖=5.387e+00)
  [PT] w=2.8375  (raw=2.1786  ‖ΔR‖=1.868e+01  ‖Δu‖=8.574e+00)
[Adam] ep= 1560  total=1.013e-01  PDE=1.546e-02 [colloc=1.414e-02, cfd=1.325e-03] (w=2.935)  IN=3.838e-03 (w=0.913)  TB=3.732e-03 (w=0.771)  WALL=6.360e-16 (w=0.200)  OUT=1.782e-04 (w=0.225)  DATA=9.501e-03 (w=5.206)
  [PT] w=2.7448  (raw=1.9102  ‖ΔR‖=1.141e+01  ‖Δu‖=5.973e+00)
  [PT] w=2.8780  (raw=4.0767  ‖ΔR‖=1.216e+01  ‖Δu‖=2.982e+00)
  [PT] w=2.8104  (raw=2.2024  ‖ΔR‖=1.914e+01  ‖Δu‖=8.691e+00)
  [PT] w=2.7186  (raw=1.8925  ‖ΔR‖=1.389e+01  ‖Δu‖=7.339e+00)
  [PT] w=2.8434  (raw=3.9661  ‖ΔR‖=1.358e+01  ‖Δu‖=3.423e+00)
  [PT] w=2.7880  (raw=2.2894  ‖ΔR‖=1.613e+01  ‖Δu‖=7.044e+00)
  [PT] w=2.6878  (raw=1.7863  ‖ΔR‖=1.346e+01  ‖Δu‖=7.535e+00)
  [PT] w=2.6967  (raw=2.7771  ‖ΔR‖=1.285e+01  ‖Δu‖=4.628e+00)
  [PT] w=2.7628  (raw=3.3578  ‖ΔR‖=1.462e+01  ‖Δu‖=4.353e+00)
  [PT] w=2.6462  (raw=1.5967  ‖ΔR‖=1.114e+01  ‖Δu‖=6.980e+00)
  [PT] w=2.5620  (raw=1.8035  ‖ΔR‖=1.067e+01  ‖Δu‖=5.917e+00)
  [PT] w=2.9481  (raw=6.4230  ‖ΔR‖=1.812e+01  ‖Δu‖=2.822e+00)
  [PT] w=2.8781  (raw=2.2480  ‖ΔR‖=9.843e+00  ‖Δu‖=4.379e+00)
  [PT] w=2.7751  (raw=1.8487  ‖ΔR‖=9.801e+00  ‖Δu‖=5.302e+00)
  [PT] w=2.9126  (raw=4.1498  ‖ΔR‖=1.739e+01  ‖Δu‖=4.189e+00)
  [PT] w=2.9617  (raw=3.4035  ‖ΔR‖=1.040e+01  ‖Δu‖=3.055e+00)
  [PT] w=2.9161  (raw=2.5056  ‖ΔR‖=6.685e+00  ‖Δu‖=2.668e+00)
  [PT] w=2.9675  (raw=3.4305  ‖ΔR‖=1.500e+01  ‖Δu‖=4.373e+00)
  [PT] w=3.0343  (raw=3.6358  ‖ΔR‖=8.789e+00  ‖Δu‖=2.417e+00)
  [PT] w=3.1002  (raw=3.6934  ‖ΔR‖=6.924e+00  ‖Δu‖=1.875e+00)
[Adam] ep= 1580  total=9.530e-02  PDE=1.532e-02 [colloc=1.225e-02, cfd=3.070e-03] (w=2.801)  IN=5.007e-03 (w=1.019)  TB=3.317e-03 (w=0.794)  WALL=4.079e-16 (w=0.200)  OUT=1.923e-04 (w=0.219)  DATA=8.321e-03 (w=5.360)
  [PT] w=3.1136  (raw=3.2341  ‖ΔR‖=1.409e+01  ‖Δu‖=4.357e+00)
  [PT] w=2.9272  (raw=1.2491  ‖ΔR‖=4.338e+00  ‖Δu‖=3.473e+00)
  [PT] w=3.0398  (raw=4.0531  ‖ΔR‖=9.664e+00  ‖Δu‖=2.384e+00)
  [PT] w=2.8278  (raw=0.9199  ‖ΔR‖=1.159e+01  ‖Δu‖=1.260e+01)
  [PT] w=2.7779  (raw=2.3285  ‖ΔR‖=1.063e+01  ‖Δu‖=4.563e+00)
  [PT] w=2.6677  (raw=1.6761  ‖ΔR‖=7.656e+00  ‖Δu‖=4.568e+00)
  [PT] w=2.5811  (raw=1.8022  ‖ΔR‖=1.761e+01  ‖Δu‖=9.773e+00)
  [PT] w=2.4156  (raw=0.9258  ‖ΔR‖=8.715e+00  ‖Δu‖=9.414e+00)
  [PT] w=2.4502  (raw=2.7615  ‖ΔR‖=9.246e+00  ‖Δu‖=3.348e+00)
  [PT] w=2.3321  (raw=1.2690  ‖ΔR‖=1.512e+01  ‖Δu‖=1.191e+01)
  [PT] w=2.3319  (raw=2.3303  ‖ΔR‖=1.657e+01  ‖Δu‖=7.110e+00)
  [PT] w=2.2671  (raw=1.6837  ‖ΔR‖=6.699e+00  ‖Δu‖=3.979e+00)
  [PT] w=2.2946  (raw=2.5422  ‖ΔR‖=1.552e+01  ‖Δu‖=6.107e+00)
  [PT] w=2.2034  (raw=1.3829  ‖ΔR‖=1.239e+01  ‖Δu‖=8.960e+00)
  [PT] w=2.1512  (raw=1.6811  ‖ΔR‖=1.053e+01  ‖Δu‖=6.262e+00)
  [PT] w=2.1560  (raw=2.1992  ‖ΔR‖=1.271e+01  ‖Δu‖=5.779e+00)
  [PT] w=2.1198  (raw=1.7946  ‖ΔR‖=8.982e+00  ‖Δu‖=5.005e+00)
  [PT] w=2.1891  (raw=2.8128  ‖ΔR‖=2.169e+01  ‖Δu‖=7.710e+00)
  [PT] w=2.0529  (raw=0.8265  ‖ΔR‖=4.711e+00  ‖Δu‖=5.700e+00)
  [PT] w=2.0759  (raw=2.2829  ‖ΔR‖=2.092e+01  ‖Δu‖=9.165e+00)
[Adam] ep= 1600  total=1.182e-01  PDE=2.428e-02 [colloc=2.020e-02, cfd=4.085e-03] (w=2.825)  IN=2.737e-03 (w=0.942)  TB=2.414e-03 (w=0.738)  WALL=6.884e-16 (w=0.200)  OUT=6.464e-04 (w=0.294)  DATA=8.093e-03 (w=5.564)
  [PT] w=2.0345  (raw=1.6619  ‖ΔR‖=7.678e+00  ‖Δu‖=4.620e+00)
  [PT] w=2.0473  (raw=2.1631  ‖ΔR‖=2.052e+01  ‖Δu‖=9.486e+00)
  [PT] w=2.0263  (raw=1.8374  ‖ΔR‖=9.078e+00  ‖Δu‖=4.940e+00)
  [PT] w=2.0506  (raw=2.2687  ‖ΔR‖=2.272e+01  ‖Δu‖=1.001e+01)
  [PT] w=1.9901  (raw=1.4460  ‖ΔR‖=5.926e+00  ‖Δu‖=4.098e+00)
  [PT] w=2.0392  (raw=2.4805  ‖ΔR‖=2.399e+01  ‖Δu‖=9.672e+00)
  [PT] w=2.0307  (raw=1.9542  ‖ΔR‖=6.322e+00  ‖Δu‖=3.235e+00)
  [PT] w=2.0753  (raw=2.4767  ‖ΔR‖=2.067e+01  ‖Δu‖=8.345e+00)
  [PT] w=1.9817  (raw=1.1398  ‖ΔR‖=6.054e+00  ‖Δu‖=5.311e+00)
  [PT] w=2.0604  (raw=2.7688  ‖ΔR‖=2.512e+01  ‖Δu‖=9.071e+00)
  [PT] w=1.9402  (raw=0.8578  ‖ΔR‖=3.289e+00  ‖Δu‖=3.834e+00)
  [PT] w=1.9595  (raw=2.1336  ‖ΔR‖=2.225e+01  ‖Δu‖=1.043e+01)
  [PT] w=1.9385  (raw=1.7497  ‖ΔR‖=7.099e+00  ‖Δu‖=4.058e+00)
  [PT] w=1.9357  (raw=1.9100  ‖ΔR‖=1.739e+01  ‖Δu‖=9.103e+00)
  [PT] w=1.9106  (raw=1.6845  ‖ΔR‖=7.556e+00  ‖Δu‖=4.485e+00)
  [PT] w=2.0318  (raw=3.1226  ‖ΔR‖=2.388e+01  ‖Δu‖=7.649e+00)
  [PT] w=1.9637  (raw=1.3509  ‖ΔR‖=4.447e+00  ‖Δu‖=3.292e+00)
  [PT] w=1.9950  (raw=2.2768  ‖ΔR‖=2.264e+01  ‖Δu‖=9.945e+00)
  [PT] w=1.9330  (raw=1.3749  ‖ΔR‖=4.479e+00  ‖Δu‖=3.258e+00)
  [PT] w=1.9266  (raw=1.8690  ‖ΔR‖=2.048e+01  ‖Δu‖=1.096e+01)
[Adam] ep= 1620  total=9.386e-02  PDE=1.558e-02 [colloc=1.412e-02, cfd=1.463e-03] (w=2.828)  IN=2.325e-03 (w=0.928)  TB=2.064e-03 (w=0.696)  WALL=5.404e-16 (w=0.200)  OUT=1.909e-04 (w=0.284)  DATA=8.118e-03 (w=5.684)
  [PT] w=1.8711  (raw=1.3714  ‖ΔR‖=6.078e+00  ‖Δu‖=4.432e+00)
  [PT] w=2.0236  (raw=3.3963  ‖ΔR‖=2.519e+01  ‖Δu‖=7.416e+00)
  [PT] w=1.9877  (raw=1.6650  ‖ΔR‖=3.385e+00  ‖Δu‖=2.033e+00)
  [PT] w=2.1109  (raw=3.2197  ‖ΔR‖=1.897e+01  ‖Δu‖=5.892e+00)
  [PT] w=2.0339  (raw=1.3408  ‖ΔR‖=1.197e+01  ‖Δu‖=8.927e+00)
  [PT] w=1.9641  (raw=1.3356  ‖ΔR‖=1.097e+01  ‖Δu‖=8.210e+00)
  [PT] w=1.9748  (raw=2.0715  ‖ΔR‖=1.288e+01  ‖Δu‖=6.215e+00)
  [PT] w=1.9171  (raw=1.3980  ‖ΔR‖=9.594e+00  ‖Δu‖=6.863e+00)
  [PT] w=1.9638  (raw=2.3836  ‖ΔR‖=1.171e+01  ‖Δu‖=4.914e+00)
  [PT] w=2.0726  (raw=3.0520  ‖ΔR‖=1.703e+01  ‖Δu‖=5.582e+00)
  [PT] w=2.0222  (raw=1.5689  ‖ΔR‖=6.654e+00  ‖Δu‖=4.241e+00)
  [PT] w=2.0374  (raw=2.1738  ‖ΔR‖=9.683e+00  ‖Δu‖=4.454e+00)
  [PT] w=2.0305  (raw=1.9685  ‖ΔR‖=1.527e+01  ‖Δu‖=7.757e+00)
  [PT] w=1.9874  (raw=1.5996  ‖ΔR‖=7.810e+00  ‖Δu‖=4.882e+00)
  [PT] w=2.1210  (raw=3.3236  ‖ΔR‖=2.129e+01  ‖Δu‖=6.406e+00)
  [PT] w=2.0972  (raw=1.8831  ‖ΔR‖=6.428e+00  ‖Δu‖=3.414e+00)
  [PT] w=2.1883  (raw=3.0080  ‖ΔR‖=1.737e+01  ‖Δu‖=5.776e+00)
  [PT] w=2.1645  (raw=1.9498  ‖ΔR‖=1.204e+01  ‖Δu‖=6.174e+00)
  [PT] w=2.0904  (raw=1.4239  ‖ΔR‖=1.166e+01  ‖Δu‖=8.190e+00)
  [PT] w=2.1899  (raw=3.0851  ‖ΔR‖=1.224e+01  ‖Δu‖=3.966e+00)
[Adam] ep= 1640  total=9.268e-02  PDE=1.250e-02 [colloc=1.070e-02, cfd=1.800e-03] (w=2.799)  IN=5.539e-03 (w=0.944)  TB=2.025e-03 (w=0.731)  WALL=1.075e-16 (w=0.200)  OUT=3.837e-04 (w=0.363)  DATA=9.075e-03 (w=5.603)
  [PT] w=2.2004  (raw=2.2953  ‖ΔR‖=2.250e+01  ‖Δu‖=9.801e+00)
  [PT] w=2.1485  (raw=1.6816  ‖ΔR‖=3.689e+00  ‖Δu‖=2.194e+00)
  [PT] w=2.1826  (raw=2.4890  ‖ΔR‖=2.026e+01  ‖Δu‖=8.139e+00)
  [PT] w=2.1872  (raw=2.2287  ‖ΔR‖=1.379e+01  ‖Δu‖=6.188e+00)
  [PT] w=2.1686  (raw=2.0016  ‖ΔR‖=1.533e+01  ‖Δu‖=7.658e+00)
  [PT] w=2.0996  (raw=1.4784  ‖ΔR‖=7.348e+00  ‖Δu‖=4.971e+00)
  [PT] w=2.2025  (raw=3.1289  ‖ΔR‖=1.834e+01  ‖Δu‖=5.860e+00)
  [PT] w=2.2138  (raw=2.3155  ‖ΔR‖=6.469e+00  ‖Δu‖=2.794e+00)
  [PT] w=2.3398  (raw=3.4736  ‖ΔR‖=2.275e+01  ‖Δu‖=6.549e+00)
  [PT] w=2.2224  (raw=1.1658  ‖ΔR‖=6.040e+00  ‖Δu‖=5.181e+00)
  [PT] w=2.2535  (raw=2.5333  ‖ΔR‖=1.964e+01  ‖Δu‖=7.755e+00)
  [PT] w=2.2248  (raw=1.9659  ‖ΔR‖=6.790e+00  ‖Δu‖=3.454e+00)
  [PT] w=2.2000  (raw=1.9770  ‖ΔR‖=1.818e+01  ‖Δu‖=9.194e+00)
  [PT] w=2.1170  (raw=1.3701  ‖ΔR‖=4.229e+00  ‖Δu‖=3.087e+00)
  [PT] w=2.1479  (raw=2.4263  ‖ΔR‖=1.862e+01  ‖Δu‖=7.674e+00)
  [PT] w=2.1592  (raw=2.2607  ‖ΔR‖=7.944e+00  ‖Δu‖=3.514e+00)
  [PT] w=2.1138  (raw=1.7051  ‖ΔR‖=7.754e+00  ‖Δu‖=4.548e+00)
  [PT] w=2.1121  (raw=2.0967  ‖ΔR‖=1.436e+01  ‖Δu‖=6.848e+00)
  [PT] w=2.1638  (raw=2.6297  ‖ΔR‖=8.675e+00  ‖Δu‖=3.299e+00)
  [PT] w=2.3077  (raw=3.6022  ‖ΔR‖=2.503e+01  ‖Δu‖=6.949e+00)
[Adam] ep= 1660  total=7.251e-02  PDE=9.524e-03 [colloc=8.565e-03, cfd=9.593e-04] (w=2.720)  IN=4.279e-03 (w=0.998)  TB=2.270e-03 (w=0.761)  WALL=3.317e-16 (w=0.200)  OUT=1.633e-03 (w=0.431)  DATA=7.143e-03 (w=5.586)
  [PT] w=2.2187  (raw=1.4174  ‖ΔR‖=3.463e+00  ‖Δu‖=2.443e+00)
  [PT] w=2.2851  (raw=2.8835  ‖ΔR‖=1.937e+01  ‖Δu‖=6.719e+00)
  [PT] w=2.4388  (raw=3.8220  ‖ΔR‖=2.977e+01  ‖Δu‖=7.790e+00)
  [PT] w=2.3580  (raw=1.6310  ‖ΔR‖=9.485e+00  ‖Δu‖=5.816e+00)
  [PT] w=2.3220  (raw=1.9981  ‖ΔR‖=1.387e+01  ‖Δu‖=6.941e+00)
  [PT] w=2.4747  (raw=3.8484  ‖ΔR‖=2.722e+01  ‖Δu‖=7.074e+00)
  [PT] w=2.4411  (raw=2.1386  ‖ΔR‖=1.640e+01  ‖Δu‖=7.668e+00)
  [PT] w=2.3531  (raw=1.5617  ‖ΔR‖=1.558e+01  ‖Δu‖=9.977e+00)
  [PT] w=2.4265  (raw=3.0868  ‖ΔR‖=1.953e+01  ‖Δu‖=6.328e+00)
  [PT] w=2.4099  (raw=2.2608  ‖ΔR‖=1.356e+01  ‖Δu‖=5.999e+00)
  [PT] w=2.3511  (raw=1.8218  ‖ΔR‖=1.678e+01  ‖Δu‖=9.211e+00)
  [PT] w=2.5848  (raw=4.6876  ‖ΔR‖=2.122e+01  ‖Δu‖=4.527e+00)
  [PT] w=2.5625  (raw=2.3619  ‖ΔR‖=1.110e+01  ‖Δu‖=4.701e+00)
  [PT] w=2.4705  (raw=1.6426  ‖ΔR‖=1.151e+01  ‖Δu‖=7.004e+00)
  [PT] w=2.5694  (raw=3.4594  ‖ΔR‖=1.698e+01  ‖Δu‖=4.908e+00)
  [PT] w=2.5401  (raw=2.2765  ‖ΔR‖=1.614e+01  ‖Δu‖=7.089e+00)
  [PT] w=2.3697  (raw=0.8366  ‖ΔR‖=3.300e+00  ‖Δu‖=3.944e+00)
  [PT] w=2.5171  (raw=3.8436  ‖ΔR‖=1.739e+01  ‖Δu‖=4.526e+00)
  [PT] w=2.5260  (raw=2.6058  ‖ΔR‖=8.153e+00  ‖Δu‖=3.129e+00)
  [PT] w=2.5872  (raw=3.1376  ‖ΔR‖=8.823e+00  ‖Δu‖=2.812e+00)
[Adam] ep= 1680  total=7.335e-02  PDE=1.107e-02 [colloc=9.447e-03, cfd=1.622e-03] (w=2.902)  IN=3.034e-03 (w=0.934)  TB=2.336e-03 (w=0.691)  WALL=2.823e-16 (w=0.200)  OUT=1.921e-04 (w=0.337)  DATA=6.853e-03 (w=5.358)
  [PT] w=2.5733  (raw=2.4486  ‖ΔR‖=1.210e+01  ‖Δu‖=4.943e+00)
  [PT] w=2.6063  (raw=2.9033  ‖ΔR‖=9.495e+00  ‖Δu‖=3.271e+00)
  [PT] w=2.6303  (raw=2.8465  ‖ΔR‖=1.903e+01  ‖Δu‖=6.685e+00)
  [PT] w=2.4648  (raw=0.9750  ‖ΔR‖=5.045e+00  ‖Δu‖=5.174e+00)
  [PT] w=2.5218  (raw=3.0352  ‖ΔR‖=2.144e+01  ‖Δu‖=7.065e+00)
  [PT] w=2.3844  (raw=1.1474  ‖ΔR‖=7.172e+00  ‖Δu‖=6.251e+00)
  [PT] w=2.3198  (raw=1.7384  ‖ΔR‖=1.779e+01  ‖Δu‖=1.023e+01)
  [PT] w=2.2989  (raw=2.1105  ‖ΔR‖=7.626e+00  ‖Δu‖=3.613e+00)
  [PT] w=2.2518  (raw=1.8284  ‖ΔR‖=2.297e+01  ‖Δu‖=1.256e+01)
  [PT] w=2.1794  (raw=1.5280  ‖ΔR‖=7.055e+00  ‖Δu‖=4.617e+00)
  [PT] w=2.2793  (raw=3.1778  ‖ΔR‖=2.312e+01  ‖Δu‖=7.276e+00)
  [PT] w=2.2517  (raw=2.0034  ‖ΔR‖=1.017e+01  ‖Δu‖=5.076e+00)
  [PT] w=2.3850  (raw=3.5847  ‖ΔR‖=1.487e+01  ‖Δu‖=4.147e+00)
  [PT] w=2.3754  (raw=2.2892  ‖ΔR‖=1.618e+01  ‖Δu‖=7.066e+00)
  [PT] w=2.3171  (raw=1.7919  ‖ΔR‖=9.097e+00  ‖Δu‖=5.077e+00)
  [PT] w=2.2985  (raw=2.1314  ‖ΔR‖=1.732e+01  ‖Δu‖=8.128e+00)
  [PT] w=2.3306  (raw=2.6194  ‖ΔR‖=9.059e+00  ‖Δu‖=3.458e+00)
  [PT] w=2.3394  (raw=2.4188  ‖ΔR‖=1.993e+01  ‖Δu‖=8.238e+00)
  [PT] w=2.3411  (raw=2.3559  ‖ΔR‖=5.964e+00  ‖Δu‖=2.532e+00)
  [PT] w=2.3637  (raw=2.5676  ‖ΔR‖=2.180e+01  ‖Δu‖=8.489e+00)
[Adam] ep= 1700  total=9.023e-02  PDE=1.223e-02 [colloc=1.111e-02, cfd=1.119e-03] (w=2.757)  IN=4.857e-03 (w=0.971)  TB=2.344e-03 (w=0.731)  WALL=1.139e-16 (w=0.200)  OUT=2.989e-04 (w=0.421)  DATA=8.904e-03 (w=5.610)
  [PT] w=2.2374  (raw=1.1006  ‖ΔR‖=3.985e+00  ‖Δu‖=3.621e+00)
  [PT] w=2.2763  (raw=2.6259  ‖ΔR‖=1.783e+01  ‖Δu‖=6.792e+00)
  [PT] w=2.3257  (raw=2.7710  ‖ΔR‖=5.854e+00  ‖Δu‖=2.112e+00)
  [PT] w=2.3978  (raw=3.0468  ‖ΔR‖=1.833e+01  ‖Δu‖=6.016e+00)
  [PT] w=2.2939  (raw=1.3588  ‖ΔR‖=5.575e+00  ‖Δu‖=4.103e+00)
  [PT] w=2.3684  (raw=3.0386  ‖ΔR‖=2.107e+01  ‖Δu‖=6.935e+00)
  [PT] w=2.2521  (raw=1.2058  ‖ΔR‖=5.655e+00  ‖Δu‖=4.690e+00)
  [PT] w=2.2288  (raw=2.0191  ‖ΔR‖=1.828e+01  ‖Δu‖=9.052e+00)
  [PT] w=2.2042  (raw=1.9828  ‖ΔR‖=5.639e+00  ‖Δu‖=2.844e+00)
  [PT] w=2.1719  (raw=1.8812  ‖ΔR‖=2.126e+01  ‖Δu‖=1.130e+01)
  [PT] w=2.0826  (raw=1.2788  ‖ΔR‖=3.761e+00  ‖Δu‖=2.941e+00)
  [PT] w=2.1181  (raw=2.4372  ‖ΔR‖=2.078e+01  ‖Δu‖=8.526e+00)
  [PT] w=2.0885  (raw=1.8224  ‖ΔR‖=6.469e+00  ‖Δu‖=3.550e+00)
  [PT] w=2.1495  (raw=2.6985  ‖ΔR‖=1.784e+01  ‖Δu‖=6.611e+00)
  [PT] w=2.0933  (raw=1.5874  ‖ΔR‖=5.581e+00  ‖Δu‖=3.516e+00)
  [PT] w=2.1312  (raw=2.4727  ‖ΔR‖=1.910e+01  ‖Δu‖=7.724e+00)
  [PT] w=2.0699  (raw=1.5178  ‖ΔR‖=4.064e+00  ‖Δu‖=2.678e+00)
  [PT] w=2.1719  (raw=3.0895  ‖ΔR‖=2.090e+01  ‖Δu‖=6.766e+00)
  [PT] w=2.1394  (raw=1.8473  ‖ΔR‖=3.969e+00  ‖Δu‖=2.149e+00)
  [PT] w=2.1675  (raw=2.4206  ‖ΔR‖=1.880e+01  ‖Δu‖=7.767e+00)
[Adam] ep= 1720  total=8.135e-02  PDE=1.135e-02 [colloc=1.028e-02, cfd=1.070e-03] (w=2.747)  IN=3.528e-03 (w=0.956)  TB=2.173e-03 (w=0.729)  WALL=2.451e-16 (w=0.200)  OUT=2.049e-04 (w=0.442)  DATA=7.967e-03 (w=5.662)
  [PT] w=2.1015  (raw=1.5077  ‖ΔR‖=5.612e+00  ‖Δu‖=3.723e+00)
  [PT] w=2.1003  (raw=2.0892  ‖ΔR‖=1.971e+01  ‖Δu‖=9.436e+00)
  [PT] w=2.0866  (raw=1.9637  ‖ΔR‖=4.571e+00  ‖Δu‖=2.328e+00)
  [PT] w=2.1733  (raw=2.9532  ‖ΔR‖=2.134e+01  ‖Δu‖=7.225e+00)
  [PT] w=2.1716  (raw=2.1565  ‖ΔR‖=6.166e+00  ‖Δu‖=2.859e+00)
  [PT] w=2.2529  (raw=2.9846  ‖ΔR‖=1.580e+01  ‖Δu‖=5.292e+00)
  [PT] w=2.2733  (raw=2.4572  ‖ΔR‖=9.984e+00  ‖Δu‖=4.063e+00)
  [PT] w=2.2203  (raw=1.7431  ‖ΔR‖=1.164e+01  ‖Δu‖=6.677e+00)
  [PT] w=2.3332  (raw=3.3497  ‖ΔR‖=9.341e+00  ‖Δu‖=2.789e+00)
  [PT] w=2.2867  (raw=1.8680  ‖ΔR‖=1.157e+01  ‖Δu‖=6.196e+00)
  [PT] w=2.2515  (raw=1.9350  ‖ΔR‖=1.104e+01  ‖Δu‖=5.705e+00)
  [PT] w=2.3561  (raw=3.2975  ‖ΔR‖=1.447e+01  ‖Δu‖=4.389e+00)
  [PT] w=2.2915  (raw=1.7095  ‖ΔR‖=6.104e+00  ‖Δu‖=3.571e+00)
  [PT] w=2.3826  (raw=3.2029  ‖ΔR‖=1.883e+01  ‖Δu‖=5.879e+00)
  [PT] w=2.2894  (raw=1.4501  ‖ΔR‖=3.956e+00  ‖Δu‖=2.728e+00)
  [PT] w=2.3410  (raw=2.8058  ‖ΔR‖=1.360e+01  ‖Δu‖=4.848e+00)
  [PT] w=2.3474  (raw=2.4049  ‖ΔR‖=2.060e+01  ‖Δu‖=8.567e+00)
  [PT] w=2.2982  (raw=1.8552  ‖ΔR‖=7.006e+00  ‖Δu‖=3.776e+00)
  [PT] w=2.5400  (raw=4.7164  ‖ΔR‖=1.502e+01  ‖Δu‖=3.186e+00)
  [PT] w=2.5875  (raw=3.0153  ‖ΔR‖=2.258e+01  ‖Δu‖=7.488e+00)
[Adam] ep= 1740  total=9.834e-02  PDE=1.686e-02 [colloc=1.429e-02, cfd=2.573e-03] (w=2.929)  IN=2.282e-03 (w=0.862)  TB=2.233e-03 (w=0.704)  WALL=4.118e-16 (w=0.200)  OUT=2.677e-04 (w=0.375)  DATA=8.428e-03 (w=5.377)
  [PT] w=2.5516  (raw=2.2279  ‖ΔR‖=1.262e+01  ‖Δu‖=5.663e+00)
  [PT] w=2.6862  (raw=3.8981  ‖ΔR‖=1.279e+01  ‖Δu‖=3.280e+00)
  [PT] w=2.7339  (raw=3.1625  ‖ΔR‖=1.941e+01  ‖Δu‖=6.138e+00)
  [PT] w=2.6697  (raw=2.0923  ‖ΔR‖=1.457e+01  ‖Δu‖=6.962e+00)
  [PT] w=2.8761  (raw=4.7334  ‖ΔR‖=1.677e+01  ‖Δu‖=3.543e+00)
  [PT] w=2.8555  (raw=2.6698  ‖ΔR‖=1.437e+01  ‖Δu‖=5.383e+00)
  [PT] w=2.7430  (raw=1.7310  ‖ΔR‖=1.399e+01  ‖Δu‖=8.082e+00)
  [PT] w=2.7662  (raw=2.9754  ‖ΔR‖=1.562e+01  ‖Δu‖=5.248e+00)
  [PT] w=2.7138  (raw=2.2416  ‖ΔR‖=1.411e+01  ‖Δu‖=6.294e+00)
  [PT] w=2.5858  (raw=1.4342  ‖ΔR‖=9.204e+00  ‖Δu‖=6.417e+00)
  [PT] w=2.7335  (raw=4.0624  ‖ΔR‖=1.574e+01  ‖Δu‖=3.874e+00)
  [PT] w=2.7589  (raw=2.9876  ‖ΔR‖=1.335e+01  ‖Δu‖=4.470e+00)
  [PT] w=2.7356  (raw=2.5262  ‖ΔR‖=1.064e+01  ‖Δu‖=4.211e+00)
  [PT] w=2.9533  (raw=4.9124  ‖ΔR‖=1.738e+01  ‖Δu‖=3.539e+00)
  [PT] w=2.8458  (raw=1.8786  ‖ΔR‖=1.013e+01  ‖Δu‖=5.391e+00)
  [PT] w=2.7867  (raw=2.2548  ‖ΔR‖=1.046e+01  ‖Δu‖=4.637e+00)
  [PT] w=2.9463  (raw=4.3830  ‖ΔR‖=2.155e+01  ‖Δu‖=4.917e+00)
  [PT] w=2.8027  (raw=1.5100  ‖ΔR‖=9.731e+00  ‖Δu‖=6.445e+00)
  [PT] w=2.6646  (raw=1.4219  ‖ΔR‖=9.149e+00  ‖Δu‖=6.435e+00)
  [PT] w=2.7760  (raw=3.7779  ‖ΔR‖=1.650e+01  ‖Δu‖=4.368e+00)
[Adam] ep= 1760  total=1.226e-01  PDE=1.759e-02 [colloc=1.277e-02, cfd=4.823e-03] (w=2.909)  IN=8.307e-03 (w=0.942)  TB=2.585e-03 (w=0.709)  WALL=1.503e-16 (w=0.200)  OUT=4.832e-04 (w=0.351)  DATA=1.172e-02 (w=5.256)
  [PT] w=2.6723  (raw=1.7391  ‖ΔR‖=1.872e+01  ‖Δu‖=1.076e+01)
  [PT] w=2.5225  (raw=1.1748  ‖ΔR‖=8.157e+00  ‖Δu‖=6.943e+00)
  [PT] w=2.6861  (raw=4.1587  ‖ΔR‖=1.451e+01  ‖Δu‖=3.490e+00)
  [PT] w=2.7221  (raw=3.0461  ‖ΔR‖=1.946e+01  ‖Δu‖=6.389e+00)
  [PT] w=2.7531  (raw=3.0314  ‖ΔR‖=1.364e+01  ‖Δu‖=4.500e+00)
  [PT] w=2.9462  (raw=4.6845  ‖ΔR‖=1.324e+01  ‖Δu‖=2.826e+00)
  [PT] w=3.0497  (raw=3.9814  ‖ΔR‖=1.561e+01  ‖Δu‖=3.921e+00)
  [PT] w=3.0390  (raw=2.9427  ‖ΔR‖=1.353e+01  ‖Δu‖=4.599e+00)
  [PT] w=3.0666  (raw=3.3147  ‖ΔR‖=1.065e+01  ‖Δu‖=3.213e+00)
  [PT] w=3.1165  (raw=3.5659  ‖ΔR‖=1.902e+01  ‖Δu‖=5.335e+00)
  [PT] w=2.9484  (raw=1.4348  ‖ΔR‖=1.048e+01  ‖Δu‖=7.307e+00)
  [PT] w=2.8224  (raw=1.6889  ‖ΔR‖=1.022e+01  ‖Δu‖=6.049e+00)
  [PT] w=2.8730  (raw=3.3287  ‖ΔR‖=1.629e+01  ‖Δu‖=4.894e+00)
  [PT] w=2.7187  (raw=1.3298  ‖ΔR‖=1.399e+01  ‖Δu‖=1.052e+01)
  [PT] w=2.5622  (raw=1.1531  ‖ΔR‖=8.831e+00  ‖Δu‖=7.658e+00)
  [PT] w=2.6585  (raw=3.5256  ‖ΔR‖=1.690e+01  ‖Δu‖=4.794e+00)
  [PT] w=2.5815  (raw=1.8888  ‖ΔR‖=1.363e+01  ‖Δu‖=7.214e+00)
  [PT] w=2.5678  (raw=2.4441  ‖ΔR‖=1.205e+01  ‖Δu‖=4.932e+00)
  [PT] w=2.7384  (raw=4.2737  ‖ΔR‖=1.511e+01  ‖Δu‖=3.535e+00)
  [PT] w=2.7422  (raw=2.7766  ‖ΔR‖=9.521e+00  ‖Δu‖=3.429e+00)
[Adam] ep= 1780  total=8.888e-02  PDE=1.294e-02 [colloc=1.097e-02, cfd=1.970e-03] (w=2.796)  IN=4.274e-03 (w=0.968)  TB=2.838e-03 (w=0.768)  WALL=3.696e-16 (w=0.200)  OUT=1.531e-03 (w=0.394)  DATA=8.430e-03 (w=5.431)
  [PT] w=2.7633  (raw=2.9533  ‖ΔR‖=1.091e+01  ‖Δu‖=3.694e+00)
  [PT] w=2.9085  (raw=4.2156  ‖ΔR‖=1.692e+01  ‖Δu‖=4.015e+00)
  [PT] w=2.8670  (raw=2.4928  ‖ΔR‖=8.322e+00  ‖Δu‖=3.338e+00)
  [PT] w=2.9669  (raw=3.8661  ‖ΔR‖=9.396e+00  ‖Δu‖=2.430e+00)
  [PT] w=2.9821  (raw=3.1190  ‖ΔR‖=1.962e+01  ‖Δu‖=6.290e+00)
  [PT] w=2.8251  (raw=1.4126  ‖ΔR‖=8.121e+00  ‖Δu‖=5.749e+00)
  [PT] w=2.7606  (raw=2.1801  ‖ΔR‖=8.639e+00  ‖Δu‖=3.963e+00)
  [PT] w=2.7623  (raw=2.7775  ‖ΔR‖=2.020e+01  ‖Δu‖=7.274e+00)
  [PT] w=2.6422  (raw=1.5616  ‖ΔR‖=1.001e+01  ‖Δu‖=6.410e+00)
  [PT] w=2.5965  (raw=2.1846  ‖ΔR‖=7.313e+00  ‖Δu‖=3.347e+00)
  [PT] w=2.6135  (raw=2.7665  ‖ΔR‖=1.555e+01  ‖Δu‖=5.619e+00)
  [PT] w=2.4830  (raw=1.3088  ‖ΔR‖=1.334e+01  ‖Δu‖=1.019e+01)
  [PT] w=2.3933  (raw=1.5858  ‖ΔR‖=8.308e+00  ‖Δu‖=5.239e+00)
  [PT] w=2.3835  (raw=2.2954  ‖ΔR‖=1.405e+01  ‖Δu‖=6.122e+00)
  [PT] w=2.2951  (raw=1.4997  ‖ΔR‖=1.490e+01  ‖Δu‖=9.938e+00)
  [PT] w=2.2747  (raw=2.0905  ‖ΔR‖=9.327e+00  ‖Δu‖=4.461e+00)
  [PT] w=2.2900  (raw=2.4280  ‖ΔR‖=1.059e+01  ‖Δu‖=4.362e+00)
  [PT] w=2.2388  (raw=1.7781  ‖ΔR‖=1.388e+01  ‖Δu‖=7.806e+00)
  [PT] w=2.4320  (raw=4.1707  ‖ΔR‖=1.166e+01  ‖Δu‖=2.795e+00)
  [PT] w=2.3974  (raw=2.0865  ‖ΔR‖=7.211e+00  ‖Δu‖=3.456e+00)
[Adam] ep= 1800  total=7.938e-02  PDE=1.455e-02 [colloc=1.259e-02, cfd=1.967e-03] (w=2.721)  IN=2.314e-03 (w=0.975)  TB=2.111e-03 (w=0.764)  WALL=5.519e-16 (w=0.200)  OUT=2.502e-04 (w=0.558)  DATA=6.551e-03 (w=5.460)
  [PT] w=2.6153  (raw=4.5762  ‖ΔR‖=1.437e+01  ‖Δu‖=3.141e+00)
  [PT] w=2.7151  (raw=3.6132  ‖ΔR‖=1.061e+01  ‖Δu‖=2.937e+00)
  [PT] w=2.6244  (raw=1.8082  ‖ΔR‖=5.950e+00  ‖Δu‖=3.291e+00)
  [PT] w=2.7500  (raw=3.8802  ‖ΔR‖=1.732e+01  ‖Δu‖=4.464e+00)
  [PT] w=2.5878  (raw=1.1276  ‖ΔR‖=6.458e+00  ‖Δu‖=5.727e+00)
  [PT] w=2.5247  (raw=1.9571  ‖ΔR‖=9.785e+00  ‖Δu‖=5.000e+00)
  [PT] w=2.5001  (raw=2.2791  ‖ΔR‖=1.544e+01  ‖Δu‖=6.776e+00)
  [PT] w=2.3786  (raw=1.2851  ‖ΔR‖=7.986e+00  ‖Δu‖=6.214e+00)
  [PT] w=2.5778  (raw=4.3707  ‖ΔR‖=1.458e+01  ‖Δu‖=3.335e+00)
  [PT] w=2.5545  (raw=2.3450  ‖ΔR‖=8.923e+00  ‖Δu‖=3.805e+00)
  [PT] w=2.5915  (raw=2.9240  ‖ΔR‖=1.238e+01  ‖Δu‖=4.233e+00)
  [PT] w=2.7248  (raw=3.9245  ‖ΔR‖=1.326e+01  ‖Δu‖=3.378e+00)
  [PT] w=2.7208  (raw=2.6847  ‖ΔR‖=4.738e+00  ‖Δu‖=1.765e+00)
  [PT] w=2.8028  (raw=3.5409  ‖ΔR‖=1.647e+01  ‖Δu‖=4.651e+00)
  [PT] w=2.6730  (raw=1.5048  ‖ΔR‖=7.630e+00  ‖Δu‖=5.070e+00)
  [PT] w=2.7488  (raw=3.4310  ‖ΔR‖=1.013e+01  ‖Δu‖=2.953e+00)
  [PT] w=2.6847  (raw=2.1074  ‖ΔR‖=1.698e+01  ‖Δu‖=8.058e+00)
  [PT] w=2.5861  (raw=1.6992  ‖ΔR‖=5.570e+00  ‖Δu‖=3.278e+00)
  [PT] w=2.5858  (raw=2.5830  ‖ΔR‖=2.124e+01  ‖Δu‖=8.223e+00)
  [PT] w=2.5388  (raw=2.1161  ‖ΔR‖=8.659e+00  ‖Δu‖=4.092e+00)
[Adam] ep= 1820  total=8.276e-02  PDE=1.232e-02 [colloc=1.086e-02, cfd=1.457e-03] (w=2.784)  IN=2.669e-03 (w=0.896)  TB=1.862e-03 (w=0.748)  WALL=3.499e-16 (w=0.200)  OUT=1.803e-03 (w=0.544)  DATA=7.933e-03 (w=5.509)
  [PT] w=2.5662  (raw=2.8128  ‖ΔR‖=1.598e+01  ‖Δu‖=5.682e+00)
  [PT] w=2.6346  (raw=3.2500  ‖ΔR‖=1.089e+01  ‖Δu‖=3.351e+00)
  [PT] w=2.7345  (raw=3.6331  ‖ΔR‖=1.922e+01  ‖Δu‖=5.291e+00)
  [PT] w=2.6516  (raw=1.9063  ‖ΔR‖=4.410e+00  ‖Δu‖=2.314e+00)
  [PT] w=2.7263  (raw=3.3979  ‖ΔR‖=1.703e+01  ‖Δu‖=5.012e+00)
  [PT] w=2.6347  (raw=1.8110  ‖ΔR‖=1.135e+01  ‖Δu‖=6.268e+00)
  [PT] w=2.6213  (raw=2.5004  ‖ΔR‖=1.177e+01  ‖Δu‖=4.709e+00)
  [PT] w=2.5529  (raw=1.9376  ‖ΔR‖=1.188e+01  ‖Δu‖=6.133e+00)
  [PT] w=2.7276  (raw=4.2997  ‖ΔR‖=1.022e+01  ‖Δu‖=2.376e+00)
  [PT] w=2.6168  (raw=1.6200  ‖ΔR‖=9.515e+00  ‖Δu‖=5.874e+00)
  [PT] w=2.5510  (raw=1.9588  ‖ΔR‖=1.056e+01  ‖Δu‖=5.393e+00)
  [PT] w=2.4788  (raw=1.8286  ‖ΔR‖=1.247e+01  ‖Δu‖=6.822e+00)
  [PT] w=2.5104  (raw=2.7946  ‖ΔR‖=6.456e+00  ‖Δu‖=2.310e+00)
  [PT] w=2.5063  (raw=2.4691  ‖ΔR‖=1.470e+01  ‖Δu‖=5.952e+00)
  [PT] w=2.3899  (raw=1.3428  ‖ΔR‖=9.875e+00  ‖Δu‖=7.354e+00)
  [PT] w=2.3799  (raw=2.2897  ‖ΔR‖=7.598e+00  ‖Δu‖=3.318e+00)
  [PT] w=2.3124  (raw=1.7050  ‖ΔR‖=1.530e+01  ‖Δu‖=8.973e+00)
  [PT] w=2.4586  (raw=3.7746  ‖ΔR‖=6.442e+00  ‖Δu‖=1.707e+00)
  [PT] w=2.3847  (raw=1.7190  ‖ΔR‖=1.029e+01  ‖Δu‖=5.985e+00)
  [PT] w=2.4055  (raw=2.5928  ‖ΔR‖=1.552e+01  ‖Δu‖=5.987e+00)
[Adam] ep= 1840  total=6.170e-02  PDE=9.053e-03 [colloc=7.781e-03, cfd=1.271e-03] (w=2.741)  IN=2.531e-03 (w=0.901)  TB=1.603e-03 (w=0.753)  WALL=2.885e-16 (w=0.200)  OUT=2.203e-04 (w=0.540)  DATA=5.896e-03 (w=5.646)
  [PT] w=2.3248  (raw=1.5992  ‖ΔR‖=6.110e+00  ‖Δu‖=3.820e+00)
  [PT] w=2.4375  (raw=3.4516  ‖ΔR‖=1.328e+01  ‖Δu‖=3.847e+00)
  [PT] w=2.5046  (raw=3.1081  ‖ΔR‖=1.590e+01  ‖Δu‖=5.117e+00)
  [PT] w=2.3608  (raw=1.0664  ‖ΔR‖=4.389e+00  ‖Δu‖=4.116e+00)
  [PT] w=2.4226  (raw=2.9794  ‖ΔR‖=1.486e+01  ‖Δu‖=4.987e+00)
  [PT] w=2.4235  (raw=2.4316  ‖ΔR‖=8.279e+00  ‖Δu‖=3.405e+00)
  [PT] w=2.4354  (raw=2.5421  ‖ΔR‖=9.555e+00  ‖Δu‖=3.759e+00)
  [PT] w=2.4271  (raw=2.3524  ‖ΔR‖=1.582e+01  ‖Δu‖=6.724e+00)
  [PT] w=2.3416  (raw=1.5719  ‖ΔR‖=5.359e+00  ‖Δu‖=3.409e+00)
  [PT] w=2.3437  (raw=2.3625  ‖ΔR‖=2.166e+01  ‖Δu‖=9.170e+00)
  [PT] w=2.3264  (raw=2.1710  ‖ΔR‖=7.169e+00  ‖Δu‖=3.302e+00)
  [PT] w=2.4375  (raw=3.4373  ‖ΔR‖=2.084e+01  ‖Δu‖=6.063e+00)
  [PT] w=2.6400  (raw=4.4622  ‖ΔR‖=8.471e+00  ‖Δu‖=1.898e+00)
  [PT] w=2.6823  (raw=3.0633  ‖ΔR‖=1.920e+01  ‖Δu‖=6.267e+00)
  [PT] w=2.6414  (raw=2.2738  ‖ΔR‖=6.582e+00  ‖Δu‖=2.895e+00)
  [PT] w=2.6145  (raw=2.3718  ‖ΔR‖=2.052e+01  ‖Δu‖=8.652e+00)
  [PT] w=2.4800  (raw=1.2696  ‖ΔR‖=4.045e+00  ‖Δu‖=3.186e+00)
  [PT] w=2.5848  (raw=3.5279  ‖ΔR‖=2.030e+01  ‖Δu‖=5.754e+00)
  [PT] w=2.7659  (raw=4.3962  ‖ΔR‖=9.354e+00  ‖Δu‖=2.128e+00)
  [PT] w=2.7999  (raw=3.1053  ‖ΔR‖=1.281e+01  ‖Δu‖=4.124e+00)
[Adam] ep= 1860  total=7.918e-02  PDE=1.208e-02 [colloc=1.036e-02, cfd=1.720e-03] (w=2.787)  IN=3.743e-03 (w=0.912)  TB=1.901e-03 (w=0.739)  WALL=4.019e-16 (w=0.200)  OUT=2.121e-04 (w=0.466)  DATA=7.264e-03 (w=5.590)
  [PT] w=2.7079  (raw=1.8807  ‖ΔR‖=1.208e+01  ‖Δu‖=6.423e+00)
  [PT] w=2.5877  (raw=1.5057  ‖ΔR‖=1.217e+01  ‖Δu‖=8.080e+00)
  [PT] w=2.5570  (raw=2.2810  ‖ΔR‖=1.013e+01  ‖Δu‖=4.443e+00)
  [PT] w=2.4692  (raw=1.6783  ‖ΔR‖=2.095e+01  ‖Δu‖=1.248e+01)
  [PT] w=2.4252  (raw=2.0291  ‖ΔR‖=8.961e+00  ‖Δu‖=4.416e+00)
  [PT] w=2.4371  (raw=2.5448  ‖ΔR‖=1.908e+01  ‖Δu‖=7.497e+00)
  [PT] w=2.3547  (raw=1.6133  ‖ΔR‖=1.302e+01  ‖Δu‖=8.070e+00)
  [PT] w=2.4030  (raw=2.8374  ‖ΔR‖=1.812e+01  ‖Δu‖=6.387e+00)
  [PT] w=2.3886  (raw=2.2588  ‖ΔR‖=8.582e+00  ‖Δu‖=3.799e+00)
  [PT] w=2.5094  (raw=3.5967  ‖ΔR‖=1.663e+01  ‖Δu‖=4.625e+00)
  [PT] w=2.5894  (raw=3.3097  ‖ΔR‖=1.227e+01  ‖Δu‖=3.709e+00)
  [PT] w=2.6800  (raw=3.4951  ‖ΔR‖=1.133e+01  ‖Δu‖=3.242e+00)
  [PT] w=2.7097  (raw=2.9769  ‖ΔR‖=1.259e+01  ‖Δu‖=4.229e+00)
  [PT] w=2.7237  (raw=2.8501  ‖ΔR‖=1.310e+01  ‖Δu‖=4.595e+00)
  [PT] w=2.6933  (raw=2.4196  ‖ΔR‖=8.744e+00  ‖Δu‖=3.614e+00)
  [PT] w=2.7002  (raw=2.7621  ‖ΔR‖=1.145e+01  ‖Δu‖=4.146e+00)
  [PT] w=2.5981  (raw=1.6788  ‖ΔR‖=1.391e+01  ‖Δu‖=8.287e+00)
  [PT] w=2.4375  (raw=0.9922  ‖ΔR‖=5.238e+00  ‖Δu‖=5.279e+00)
  [PT] w=2.4756  (raw=2.8184  ‖ΔR‖=1.341e+01  ‖Δu‖=4.756e+00)
  [PT] w=2.3359  (raw=1.0786  ‖ΔR‖=1.437e+01  ‖Δu‖=1.332e+01)
[Adam] ep= 1880  total=7.017e-02  PDE=1.123e-02 [colloc=9.892e-03, cfd=1.333e-03] (w=2.771)  IN=1.670e-03 (w=0.883)  TB=2.039e-03 (w=0.760)  WALL=3.483e-16 (w=0.200)  OUT=3.341e-04 (w=0.541)  DATA=6.439e-03 (w=5.569)
  [PT] w=2.2138  (raw=1.1157  ‖ΔR‖=5.396e+00  ‖Δu‖=4.836e+00)
  [PT] w=2.1885  (raw=1.9608  ‖ΔR‖=1.192e+01  ‖Δu‖=6.079e+00)
  [PT] w=2.0955  (raw=1.2584  ‖ΔR‖=1.890e+01  ‖Δu‖=1.502e+01)
  [PT] w=2.0088  (raw=1.2287  ‖ΔR‖=7.028e+00  ‖Δu‖=5.720e+00)
  [PT] w=2.0030  (raw=1.9499  ‖ΔR‖=1.222e+01  ‖Δu‖=6.265e+00)
  [PT] w=1.9352  (raw=1.3258  ‖ΔR‖=1.495e+01  ‖Δu‖=1.127e+01)
  [PT] w=1.9582  (raw=2.1644  ‖ΔR‖=1.333e+01  ‖Δu‖=6.159e+00)
  [PT] w=1.9820  (raw=2.1964  ‖ΔR‖=5.843e+00  ‖Δu‖=2.660e+00)
  [PT] w=2.0905  (raw=3.0668  ‖ΔR‖=1.676e+01  ‖Δu‖=5.465e+00)
  [PT] w=1.9844  (raw=1.0293  ‖ΔR‖=8.684e+00  ‖Δu‖=8.437e+00)
  [PT] w=1.9735  (raw=1.8757  ‖ΔR‖=1.144e+01  ‖Δu‖=6.100e+00)
  [PT] w=1.9712  (raw=1.9506  ‖ΔR‖=1.385e+01  ‖Δu‖=7.099e+00)
  [PT] w=1.9228  (raw=1.4876  ‖ΔR‖=5.271e+00  ‖Δu‖=3.543e+00)
  [PT] w=1.9889  (raw=2.5837  ‖ΔR‖=1.437e+01  ‖Δu‖=5.563e+00)
  [PT] w=2.0674  (raw=2.7737  ‖ΔR‖=8.794e+00  ‖Δu‖=3.171e+00)
  [PT] w=2.0764  (raw=2.1576  ‖ΔR‖=1.225e+01  ‖Δu‖=5.677e+00)
  [PT] w=2.1244  (raw=2.5561  ‖ΔR‖=1.117e+01  ‖Δu‖=4.370e+00)
  [PT] w=2.0789  (raw=1.6691  ‖ΔR‖=8.753e+00  ‖Δu‖=5.244e+00)
  [PT] w=2.1700  (raw=2.9905  ‖ΔR‖=1.551e+01  ‖Δu‖=5.186e+00)
  [PT] w=2.1728  (raw=2.1977  ‖ΔR‖=6.131e+00  ‖Δu‖=2.790e+00)
[Adam] ep= 1900  total=7.282e-02  PDE=1.182e-02 [colloc=1.062e-02, cfd=1.206e-03] (w=2.696)  IN=2.211e-03 (w=0.940)  TB=1.853e-03 (w=0.723)  WALL=2.715e-16 (w=0.200)  OUT=1.175e-03 (w=0.643)  DATA=6.585e-03 (w=5.583)
  [PT] w=2.2617  (raw=3.0618  ‖ΔR‖=1.967e+01  ‖Δu‖=6.425e+00)
  [PT] w=2.1289  (raw=0.9341  ‖ΔR‖=6.191e+00  ‖Δu‖=6.627e+00)
  [PT] w=2.1501  (raw=2.3409  ‖ΔR‖=1.586e+01  ‖Δu‖=6.776e+00)
  [PT] w=2.1486  (raw=2.1353  ‖ΔR‖=1.151e+01  ‖Δu‖=5.390e+00)
  [PT] w=2.1187  (raw=1.8488  ‖ΔR‖=1.963e+01  ‖Δu‖=1.062e+01)
  [PT] w=2.0513  (raw=1.4454  ‖ΔR‖=4.419e+00  ‖Δu‖=3.057e+00)
  [PT] w=2.0883  (raw=2.4211  ‖ΔR‖=1.841e+01  ‖Δu‖=7.605e+00)
  [PT] w=2.0794  (raw=1.9988  ‖ΔR‖=8.679e+00  ‖Δu‖=4.342e+00)
  [PT] w=2.0947  (raw=2.2331  ‖ΔR‖=9.918e+00  ‖Δu‖=4.442e+00)
  [PT] w=2.1429  (raw=2.5763  ‖ΔR‖=1.209e+01  ‖Δu‖=4.694e+00)
  [PT] w=2.0795  (raw=1.5093  ‖ΔR‖=5.618e+00  ‖Δu‖=3.722e+00)
  [PT] w=2.0350  (raw=1.6345  ‖ΔR‖=1.482e+01  ‖Δu‖=9.067e+00)
  [PT] w=1.9930  (raw=1.6149  ‖ΔR‖=7.864e+00  ‖Δu‖=4.869e+00)
  [PT] w=2.0405  (raw=2.4678  ‖ΔR‖=1.641e+01  ‖Δu‖=6.651e+00)
  [PT] w=2.0370  (raw=2.0051  ‖ΔR‖=7.924e+00  ‖Δu‖=3.952e+00)
  [PT] w=2.1084  (raw=2.7511  ‖ΔR‖=1.816e+01  ‖Δu‖=6.600e+00)
  [PT] w=2.0429  (raw=1.4534  ‖ΔR‖=6.373e+00  ‖Δu‖=4.385e+00)
  [PT] w=2.2022  (raw=3.6358  ‖ΔR‖=1.978e+01  ‖Δu‖=5.440e+00)
  [PT] w=2.0786  (raw=0.9668  ‖ΔR‖=6.536e+00  ‖Δu‖=6.761e+00)
  [PT] w=2.0493  (raw=1.7856  ‖ΔR‖=2.059e+01  ‖Δu‖=1.153e+01)
[Adam] ep= 1920  total=6.850e-02  PDE=1.163e-02 [colloc=1.015e-02, cfd=1.484e-03] (w=2.638)  IN=2.442e-03 (w=0.917)  TB=1.964e-03 (w=0.707)  WALL=3.258e-16 (w=0.200)  OUT=2.589e-03 (w=0.877)  DATA=5.954e-03 (w=5.360)
  [PT] w=2.1265  (raw=2.8215  ‖ΔR‖=4.047e+00  ‖Δu‖=1.434e+00)
  [PT] w=2.1066  (raw=1.9272  ‖ΔR‖=1.977e+01  ‖Δu‖=1.026e+01)
  [PT] w=2.0085  (raw=1.1260  ‖ΔR‖=8.097e+00  ‖Δu‖=7.191e+00)
  [PT] w=2.0958  (raw=2.8810  ‖ΔR‖=1.788e+01  ‖Δu‖=6.205e+00)
  [PT] w=2.0532  (raw=1.6699  ‖ΔR‖=6.059e+00  ‖Δu‖=3.628e+00)
  [PT] w=2.1794  (raw=3.3156  ‖ΔR‖=2.077e+01  ‖Δu‖=6.266e+00)
  [PT] w=2.1041  (raw=1.4256  ‖ΔR‖=3.611e+00  ‖Δu‖=2.533e+00)
  [PT] w=2.1491  (raw=2.5547  ‖ΔR‖=1.782e+01  ‖Δu‖=6.976e+00)
  [PT] w=2.1096  (raw=1.7535  ‖ΔR‖=7.783e+00  ‖Δu‖=4.439e+00)
  [PT] w=2.1032  (raw=2.0455  ‖ΔR‖=1.468e+01  ‖Δu‖=7.179e+00)
  [PT] w=2.0773  (raw=1.8447  ‖ΔR‖=5.926e+00  ‖Δu‖=3.212e+00)
  [PT] w=2.0853  (raw=2.1576  ‖ΔR‖=1.830e+01  ‖Δu‖=8.480e+00)
  [PT] w=2.0851  (raw=2.0834  ‖ΔR‖=4.122e+00  ‖Δu‖=1.978e+00)
  [PT] w=2.1280  (raw=2.5133  ‖ΔR‖=1.967e+01  ‖Δu‖=7.828e+00)
  [PT] w=2.0747  (raw=1.5956  ‖ΔR‖=4.538e+00  ‖Δu‖=2.844e+00)
  [PT] w=2.1154  (raw=2.4817  ‖ΔR‖=2.004e+01  ‖Δu‖=8.075e+00)
  [PT] w=2.0735  (raw=1.6958  ‖ΔR‖=3.294e+00  ‖Δu‖=1.943e+00)
  [PT] w=2.0683  (raw=2.0215  ‖ΔR‖=1.868e+01  ‖Δu‖=9.242e+00)
  [PT] w=1.9864  (raw=1.2493  ‖ΔR‖=4.638e+00  ‖Δu‖=3.712e+00)
  [PT] w=2.0312  (raw=2.4342  ‖ΔR‖=1.801e+01  ‖Δu‖=7.399e+00)
[Adam] ep= 1940  total=7.395e-02  PDE=6.993e-03 [colloc=6.062e-03, cfd=9.308e-04] (w=2.691)  IN=4.619e-03 (w=0.885)  TB=1.623e-03 (w=0.718)  WALL=1.837e-16 (w=0.200)  OUT=8.903e-04 (w=0.736)  DATA=8.834e-03 (w=5.572)
  [PT] w=1.9643  (raw=1.3628  ‖ΔR‖=5.155e+00  ‖Δu‖=3.783e+00)
  [PT] w=2.1203  (raw=3.5241  ‖ΔR‖=1.923e+01  ‖Δu‖=5.457e+00)
  [PT] w=2.0804  (raw=1.7214  ‖ΔR‖=4.281e+00  ‖Δu‖=2.487e+00)
  [PT] w=2.2115  (raw=3.3918  ‖ΔR‖=1.742e+01  ‖Δu‖=5.137e+00)
  [PT] w=2.1051  (raw=1.1472  ‖ΔR‖=6.018e+00  ‖Δu‖=5.245e+00)
  [PT] w=2.0975  (raw=2.0291  ‖ΔR‖=1.555e+01  ‖Δu‖=7.665e+00)
  [PT] w=2.0872  (raw=1.9940  ‖ΔR‖=6.912e+00  ‖Δu‖=3.466e+00)
  [PT] w=2.0931  (raw=2.1463  ‖ΔR‖=2.192e+01  ‖Δu‖=1.021e+01)
  [PT] w=1.9990  (raw=1.1525  ‖ΔR‖=3.623e+00  ‖Δu‖=3.144e+00)
  [PT] w=2.0767  (raw=2.7755  ‖ΔR‖=1.634e+01  ‖Δu‖=5.887e+00)
  [PT] w=2.0748  (raw=2.0579  ‖ΔR‖=2.360e+01  ‖Δu‖=1.147e+01)
  [PT] w=1.9817  (raw=1.1436  ‖ΔR‖=6.210e+00  ‖Δu‖=5.430e+00)
  [PT] w=2.0804  (raw=2.9685  ‖ΔR‖=1.593e+01  ‖Δu‖=5.368e+00)
  [PT] w=2.1241  (raw=2.5183  ‖ΔR‖=2.375e+01  ‖Δu‖=9.431e+00)
  [PT] w=2.1154  (raw=2.0371  ‖ΔR‖=1.049e+01  ‖Δu‖=5.147e+00)
  [PT] w=2.2712  (raw=3.6732  ‖ΔR‖=1.593e+01  ‖Δu‖=4.337e+00)
  [PT] w=2.3769  (raw=3.3280  ‖ΔR‖=2.155e+01  ‖Δu‖=6.476e+00)
  [PT] w=2.4500  (raw=3.1079  ‖ΔR‖=1.039e+01  ‖Δu‖=3.343e+00)
  [PT] w=2.6112  (raw=4.0620  ‖ΔR‖=1.446e+01  ‖Δu‖=3.559e+00)
  [PT] w=2.6188  (raw=2.6873  ‖ΔR‖=2.317e+01  ‖Δu‖=8.621e+00)
[Adam] ep= 1960  total=1.197e-01  PDE=1.599e-02 [colloc=1.330e-02, cfd=2.688e-03] (w=2.572)  IN=1.970e-03 (w=0.663)  TB=2.051e-03 (w=0.574)  WALL=4.257e-16 (w=0.200)  OUT=2.931e-02 (w=1.425)  DATA=7.650e-03 (w=4.491)
  [PT] w=2.5219  (raw=1.6499  ‖ΔR‖=1.398e+01  ‖Δu‖=8.473e+00)
  [PT] w=2.5086  (raw=2.3890  ‖ΔR‖=1.044e+01  ‖Δu‖=4.369e+00)
  [PT] w=2.5697  (raw=3.1194  ‖ΔR‖=1.510e+01  ‖Δu‖=4.842e+00)
  [PT] w=2.4520  (raw=1.3928  ‖ΔR‖=1.772e+01  ‖Δu‖=1.273e+01)
  [PT] w=2.3607  (raw=1.5392  ‖ΔR‖=2.041e+01  ‖Δu‖=1.326e+01)
  [PT] w=2.4954  (raw=3.7073  ‖ΔR‖=1.156e+01  ‖Δu‖=3.118e+00)
  [PT] w=2.4046  (raw=1.5878  ‖ΔR‖=1.319e+01  ‖Δu‖=8.305e+00)
  [PT] w=2.2909  (raw=1.2668  ‖ΔR‖=1.639e+01  ‖Δu‖=1.294e+01)
  [PT] w=2.2338  (raw=1.7200  ‖ΔR‖=1.551e+01  ‖Δu‖=9.020e+00)
  [PT] w=2.3709  (raw=3.6056  ‖ΔR‖=1.335e+01  ‖Δu‖=3.702e+00)
  [PT] w=2.2574  (raw=1.2356  ‖ΔR‖=6.392e+00  ‖Δu‖=5.173e+00)
  [PT] w=2.1877  (raw=1.5598  ‖ΔR‖=1.006e+01  ‖Δu‖=6.450e+00)
  [PT] w=2.2067  (raw=2.3780  ‖ΔR‖=1.906e+01  ‖Δu‖=8.017e+00)
  [PT] w=2.1409  (raw=1.5484  ‖ΔR‖=8.972e+00  ‖Δu‖=5.794e+00)
  [PT] w=2.3064  (raw=3.7964  ‖ΔR‖=9.223e+00  ‖Δu‖=2.429e+00)
  [PT] w=2.2184  (raw=1.4263  ‖ΔR‖=1.339e+01  ‖Δu‖=9.387e+00)
  [PT] w=2.1020  (raw=1.0548  ‖ΔR‖=1.479e+01  ‖Δu‖=1.402e+01)
  [PT] w=2.1102  (raw=2.1834  ‖ΔR‖=7.881e+00  ‖Δu‖=3.610e+00)
  [PT] w=2.0093  (raw=1.1017  ‖ΔR‖=7.054e+00  ‖Δu‖=6.403e+00)
  [PT] w=1.9043  (raw=0.9590  ‖ΔR‖=1.443e+01  ‖Δu‖=1.505e+01)
[Adam] ep= 1980  total=1.088e-01  PDE=1.137e-02 [colloc=9.309e-03, cfd=2.061e-03] (w=2.417)  IN=7.588e-03 (w=0.928)  TB=3.060e-03 (w=0.642)  WALL=1.323e-16 (w=0.200)  OUT=1.376e-02 (w=1.211)  DATA=1.079e-02 (w=5.158)
  [PT] w=1.8770  (raw=1.6310  ‖ΔR‖=1.574e+01  ‖Δu‖=9.651e+00)
  [PT] w=1.9703  (raw=2.8106  ‖ΔR‖=1.051e+01  ‖Δu‖=3.738e+00)
  [PT] w=1.9014  (raw=1.2813  ‖ΔR‖=1.350e+01  ‖Δu‖=1.054e+01)
  [PT] w=1.8394  (raw=1.2816  ‖ΔR‖=1.362e+01  ‖Δu‖=1.063e+01)
  [PT] w=1.9912  (raw=3.3570  ‖ΔR‖=1.875e+01  ‖Δu‖=5.585e+00)
  [PT] w=2.0846  (raw=2.9256  ‖ΔR‖=1.032e+01  ‖Δu‖=3.529e+00)
  [PT] w=2.0396  (raw=1.6347  ‖ΔR‖=1.151e+01  ‖Δu‖=7.038e+00)
  [PT] w=1.9509  (raw=1.1522  ‖ΔR‖=1.368e+01  ‖Δu‖=1.187e+01)
  [PT] w=1.9002  (raw=1.4438  ‖ΔR‖=1.449e+01  ‖Δu‖=1.003e+01)
  [PT] w=1.9625  (raw=2.5233  ‖ΔR‖=1.018e+01  ‖Δu‖=4.036e+00)
  [PT] w=1.8738  (raw=1.0751  ‖ΔR‖=1.489e+01  ‖Δu‖=1.385e+01)
  [PT] w=1.7625  (raw=0.7612  ‖ΔR‖=1.015e+01  ‖Δu‖=1.333e+01)
  [PT] w=1.8493  (raw=2.6303  ‖ΔR‖=1.434e+01  ‖Δu‖=5.451e+00)
  [PT] w=1.8490  (raw=1.8466  ‖ΔR‖=1.160e+01  ‖Δu‖=6.282e+00)
  [PT] w=1.7788  (raw=1.1466  ‖ΔR‖=1.401e+01  ‖Δu‖=1.222e+01)
  [PT] w=1.7032  (raw=1.0228  ‖ΔR‖=1.269e+01  ‖Δu‖=1.241e+01)
  [PT] w=1.7163  (raw=1.8348  ‖ΔR‖=1.117e+01  ‖Δu‖=6.090e+00)
  [PT] w=1.6995  (raw=1.5476  ‖ΔR‖=1.265e+01  ‖Δu‖=8.173e+00)
  [PT] w=1.6181  (raw=0.8860  ‖ΔR‖=1.402e+01  ‖Δu‖=1.582e+01)
  [PT] w=1.5646  (raw=1.0831  ‖ΔR‖=1.078e+01  ‖Δu‖=9.949e+00)
[Adam] ep= 2000  total=8.946e-02  PDE=1.274e-02 [colloc=1.084e-02, cfd=1.903e-03] (w=2.415)  IN=4.138e-03 (w=0.898)  TB=1.940e-03 (w=0.588)  WALL=1.608e-16 (w=0.200)  OUT=7.551e-03 (w=1.279)  DATA=8.674e-03 (w=5.094)
============================================================
Phase 2 — BFGS (6000 total calls, 150 iters/batch)
Adaptive weights are frozen for BFGS stability | method=SSBroyden1
============================================================
[BFGS] full data fitting: 4869 CFD points pinned per call
[BFGS] using CUSTOM _optimize._minimize_bfgs (method_bfgs='SSBroyden1')
Invoked: SSBroyden1 approach!
[BFGS] batch=   1  call=     5  total=1.894e-01  PDE=1.657e-02 [colloc=1.451e-02, cfd=2.056e-03]  WALL=3.338e-16  DATA=2.642e-02
Invoked: SSBroyden1 approach!
[BFGS] batch=   1  call=     7  total=1.789e-01  PDE=2.043e-02 [colloc=1.905e-02, cfd=1.375e-03]  WALL=4.464e-16  DATA=2.347e-02
Invoked: SSBroyden1 approach!
[BFGS] batch=   1  call=     8  total=1.653e-01  PDE=1.589e-02 [colloc=1.509e-02, cfd=8.055e-04]  WALL=3.247e-16  DATA=2.369e-02
Invoked: SSBroyden1 approach!
[BFGS] batch=   1  call=    10  total=1.602e-01  PDE=1.603e-02 [colloc=1.515e-02, cfd=8.807e-04]  WALL=3.902e-16  DATA=2.279e-02
Invoked: SSBroyden1 approach!
[BFGS] batch=   1  call=    11  total=1.572e-01  PDE=1.587e-02 [colloc=1.437e-02, cfd=1.500e-03]  WALL=4.721e-16  DATA=2.207e-02
Invoked: SSBroyden1 approach!
[BFGS] batch=   1  call=    12  total=1.525e-01  PDE=1.517e-02 [colloc=1.368e-02, cfd=1.497e-03]  WALL=5.002e-16  DATA=2.138e-02
Invoked: SSBroyden1 approach!
[BFGS] batch=   1  call=    13  total=1.464e-01  PDE=1.723e-02 [colloc=1.517e-02, cfd=2.057e-03]  WALL=5.157e-16  DATA=1.943e-02
Invoked: SSBroyden1 approach!
[BFGS] batch=   1  call=    14  total=1.403e-01  PDE=2.025e-02 [colloc=1.681e-02, cfd=3.437e-03]  WALL=6.791e-16  DATA=1.700e-02
Invoked: SSBroyden1 approach!
[BFGS] batch=   1  call=    15  total=1.350e-01  PDE=2.280e-02 [colloc=1.870e-02, cfd=4.098e-03]  WALL=7.137e-16  DATA=1.477e-02
Invoked: SSBroyden1 approach!
[BFGS] batch=   1  call=    17  total=1.321e-01  PDE=2.288e-02 [colloc=1.848e-02, cfd=4.402e-03]  WALL=7.168e-16  DATA=1.418e-02
Invoked: SSBroyden1 approach!
[BFGS] batch=   1  call=    19  total=1.306e-01  PDE=2.303e-02 [colloc=1.875e-02, cfd=4.287e-03]  WALL=7.174e-16  DATA=1.380e-02
Invoked: SSBroyden1 approach!
[BFGS] batch=   1  call=    20  total=1.281e-01  PDE=2.328e-02 [colloc=1.922e-02, cfd=4.057e-03]  WALL=7.189e-16  DATA=1.323e-02
Invoked: SSBroyden1 approach!
[BFGS] batch=   1  call=    21  total=1.256e-01  PDE=2.278e-02 [colloc=1.882e-02, cfd=3.961e-03]  WALL=6.982e-16  DATA=1.293e-02
Invoked: SSBroyden1 approach!
[BFGS] batch=   1  call=    22  total=1.241e-01  PDE=2.234e-02 [colloc=1.829e-02, cfd=4.053e-03]  WALL=6.745e-16  DATA=1.291e-02
Invoked: SSBroyden1 approach!
[BFGS] batch=   1  call=    23  total=1.221e-01  PDE=2.257e-02 [colloc=1.840e-02, cfd=4.170e-03]  WALL=6.544e-16  DATA=1.248e-02
Invoked: SSBroyden1 approach!
[BFGS] batch=   1  call=    24  total=1.200e-01  PDE=2.216e-02 [colloc=1.818e-02, cfd=3.975e-03]  WALL=6.423e-16  DATA=1.228e-02
Invoked: SSBroyden1 approach!
[BFGS] batch=   1  call=    25  total=1.182e-01  PDE=2.181e-02 [colloc=1.824e-02, cfd=3.572e-03]  WALL=6.781e-16  DATA=1.214e-02
Invoked: SSBroyden1 approach!
[BFGS] batch=   1  call=    26  total=1.167e-01  PDE=2.132e-02 [colloc=1.779e-02, cfd=3.536e-03]  WALL=7.027e-16  DATA=1.212e-02
Invoked: SSBroyden1 approach!
[BFGS] batch=   1  call=    27  total=1.157e-01  PDE=2.117e-02 [colloc=1.790e-02, cfd=3.265e-03]  WALL=6.879e-16  DATA=1.192e-02
Invoked: SSBroyden1 approach!
[BFGS] batch=   1  call=    28  total=1.144e-01  PDE=2.098e-02 [colloc=1.778e-02, cfd=3.198e-03]  WALL=6.886e-16  DATA=1.176e-02
Invoked: SSBroyden1 approach!
[BFGS] batch=   1  call=    29  total=1.134e-01  PDE=2.162e-02 [colloc=1.859e-02, cfd=3.031e-03]  WALL=6.921e-16  DATA=1.127e-02
Invoked: SSBroyden1 approach!
[BFGS] batch=   1  call=    30  total=1.124e-01  PDE=2.132e-02 [colloc=1.810e-02, cfd=3.221e-03]  WALL=6.982e-16  DATA=1.122e-02
Invoked: SSBroyden1 approach!
[BFGS] batch=   1  call=    31  total=1.116e-01  PDE=2.147e-02 [colloc=1.834e-02, cfd=3.129e-03]  WALL=6.846e-16  DATA=1.098e-02
Invoked: SSBroyden1 approach!
[BFGS] batch=   1  call=    32  total=1.109e-01  PDE=2.151e-02 [colloc=1.847e-02, cfd=3.043e-03]  WALL=6.900e-16  DATA=1.083e-02
Invoked: SSBroyden1 approach!
[BFGS] batch=   1  call=    33  total=1.098e-01  PDE=2.075e-02 [colloc=1.776e-02, cfd=2.988e-03]  WALL=6.761e-16  DATA=1.099e-02
Invoked: SSBroyden1 approach!
[BFGS] batch=   1  call=    34  total=1.092e-01  PDE=2.180e-02 [colloc=1.866e-02, cfd=3.141e-03]  WALL=7.353e-16  DATA=1.041e-02
Invoked: SSBroyden1 approach!
[BFGS] batch=   1  call=    35  total=1.086e-01  PDE=2.151e-02 [colloc=1.826e-02, cfd=3.245e-03]  WALL=7.271e-16  DATA=1.043e-02
Invoked: SSBroyden1 approach!
[BFGS] batch=   1  call=    36  total=1.078e-01  PDE=2.075e-02 [colloc=1.753e-02, cfd=3.227e-03]  WALL=6.795e-16  DATA=1.061e-02
Invoked: SSBroyden1 approach!
[BFGS] batch=   1  call=    37  total=1.071e-01  PDE=2.084e-02 [colloc=1.758e-02, cfd=3.258e-03]  WALL=7.163e-16  DATA=1.043e-02
Invoked: SSBroyden1 approach!
[BFGS] batch=   1  call=    38  total=1.060e-01  PDE=2.024e-02 [colloc=1.701e-02, cfd=3.232e-03]  WALL=6.716e-16  DATA=1.051e-02
Invoked: SSBroyden1 approach!
[BFGS] batch=   1  call=    39  total=1.054e-01  PDE=1.998e-02 [colloc=1.680e-02, cfd=3.183e-03]  WALL=6.467e-16  DATA=1.043e-02
Invoked: SSBroyden1 approach!
[BFGS] batch=   1  call=    40  total=1.043e-01  PDE=1.979e-02 [colloc=1.676e-02, cfd=3.029e-03]  WALL=6.586e-16  DATA=1.032e-02
Invoked: SSBroyden1 approach!
[BFGS] batch=   1  call=    41  total=1.033e-01  PDE=2.038e-02 [colloc=1.731e-02, cfd=3.071e-03]  WALL=6.896e-16  DATA=9.830e-03
Invoked: SSBroyden1 approach!
[BFGS] batch=   1  call=    43  total=1.027e-01  PDE=2.072e-02 [colloc=1.760e-02, cfd=3.118e-03]  WALL=7.134e-16  DATA=9.587e-03
Invoked: SSBroyden1 approach!
[BFGS] batch=   1  call=    44  total=1.022e-01  PDE=2.141e-02 [colloc=1.822e-02, cfd=3.185e-03]  WALL=7.635e-16  DATA=9.191e-03
Invoked: SSBroyden1 approach!
[BFGS] batch=   1  call=    45  total=1.016e-01  PDE=2.139e-02 [colloc=1.812e-02, cfd=3.262e-03]  WALL=7.635e-16  DATA=9.099e-03
Invoked: SSBroyden1 approach!
[BFGS] batch=   1  call=    46  total=1.008e-01  PDE=2.134e-02 [colloc=1.804e-02, cfd=3.303e-03]  WALL=7.588e-16  DATA=8.967e-03
Invoked: SSBroyden1 approach!
[BFGS] batch=   1  call=    47  total=9.977e-02  PDE=2.064e-02 [colloc=1.735e-02, cfd=3.294e-03]  WALL=7.585e-16  DATA=9.041e-03
Invoked: SSBroyden1 approach!
[BFGS] batch=   1  call=    48  total=9.859e-02  PDE=2.054e-02 [colloc=1.716e-02, cfd=3.375e-03]  WALL=7.765e-16  DATA=8.841e-03
Invoked: SSBroyden1 approach!
[BFGS] batch=   1  call=    50  total=9.786e-02  PDE=2.050e-02 [colloc=1.712e-02, cfd=3.382e-03]  WALL=8.035e-16  DATA=8.720e-03
Invoked: SSBroyden1 approach!
[BFGS] batch=   1  call=    51  total=9.699e-02  PDE=2.050e-02 [colloc=1.706e-02, cfd=3.437e-03]  WALL=8.073e-16  DATA=8.530e-03
Invoked: SSBroyden1 approach!
[BFGS] batch=   1  call=    52  total=9.589e-02  PDE=2.088e-02 [colloc=1.731e-02, cfd=3.561e-03]  WALL=8.448e-16  DATA=8.109e-03
Invoked: SSBroyden1 approach!
[BFGS] batch=   1  call=    54  total=9.537e-02  PDE=2.073e-02 [colloc=1.709e-02, cfd=3.637e-03]  WALL=8.121e-16  DATA=8.059e-03
Invoked: SSBroyden1 approach!
[BFGS] batch=   1  call=    55  total=9.456e-02  PDE=2.050e-02 [colloc=1.679e-02, cfd=3.707e-03]  WALL=8.017e-16  DATA=7.986e-03
Invoked: SSBroyden1 approach!
[BFGS] batch=   1  call=    56  total=9.380e-02  PDE=2.124e-02 [colloc=1.752e-02, cfd=3.726e-03]  WALL=8.851e-16  DATA=7.412e-03
Invoked: SSBroyden1 approach!
[BFGS] batch=   1  call=    57  total=9.310e-02  PDE=2.097e-02 [colloc=1.707e-02, cfd=3.898e-03]  WALL=8.540e-16  DATA=7.379e-03
Invoked: SSBroyden1 approach!
[BFGS] batch=   1  call=    58  total=9.291e-02  PDE=2.144e-02 [colloc=1.725e-02, cfd=4.192e-03]  WALL=8.726e-16  DATA=7.121e-03
Invoked: SSBroyden1 approach!
[BFGS] batch=   1  call=    59  total=9.250e-02  PDE=2.142e-02 [colloc=1.720e-02, cfd=4.217e-03]  WALL=8.659e-16  DATA=7.082e-03
Invoked: SSBroyden1 approach!
[BFGS] batch=   1  call=    60  total=9.189e-02  PDE=2.130e-02 [colloc=1.703e-02, cfd=4.268e-03]  WALL=8.446e-16  DATA=7.042e-03
Invoked: SSBroyden1 approach!
[BFGS] batch=   1  call=    61  total=9.104e-02  PDE=2.102e-02 [colloc=1.670e-02, cfd=4.321e-03]  WALL=8.263e-16  DATA=7.001e-03
Invoked: SSBroyden1 approach!
[BFGS] batch=   1  call=    62  total=9.017e-02  PDE=2.158e-02 [colloc=1.723e-02, cfd=4.354e-03]  WALL=8.735e-16  DATA=6.588e-03
Invoked: SSBroyden1 approach!
[BFGS] batch=   1  call=    63  total=8.969e-02  PDE=2.109e-02 [colloc=1.683e-02, cfd=4.259e-03]  WALL=8.681e-16  DATA=6.630e-03
Invoked: SSBroyden1 approach!
[BFGS] batch=   1  call=    64  total=8.895e-02  PDE=2.091e-02 [colloc=1.685e-02, cfd=4.059e-03]  WALL=8.655e-16  DATA=6.547e-03
Invoked: SSBroyden1 approach!
[BFGS] batch=   1  call=    65  total=8.768e-02  PDE=2.090e-02 [colloc=1.701e-02, cfd=3.889e-03]  WALL=8.976e-16  DATA=6.313e-03
Invoked: SSBroyden1 approach!
[BFGS] batch=   1  call=    66  total=8.692e-02  PDE=2.127e-02 [colloc=1.752e-02, cfd=3.742e-03]  WALL=9.779e-16  DATA=5.941e-03
Invoked: SSBroyden1 approach!
[BFGS] batch=   1  call=    67  total=8.598e-02  PDE=2.143e-02 [colloc=1.774e-02, cfd=3.694e-03]  WALL=9.970e-16  DATA=5.681e-03
Invoked: SSBroyden1 approach!
[BFGS] batch=   1  call=    68  total=8.509e-02  PDE=2.117e-02 [colloc=1.742e-02, cfd=3.751e-03]  WALL=9.704e-16  DATA=5.618e-03
Invoked: SSBroyden1 approach!
[BFGS] batch=   1  call=    69  total=8.478e-02  PDE=2.144e-02 [colloc=1.767e-02, cfd=3.771e-03]  WALL=9.724e-16  DATA=5.441e-03
Invoked: SSBroyden1 approach!
[BFGS] batch=   1  call=    70  total=8.431e-02  PDE=2.131e-02 [colloc=1.755e-02, cfd=3.762e-03]  WALL=9.772e-16  DATA=5.414e-03
Invoked: SSBroyden1 approach!
[BFGS] batch=   1  call=    71  total=8.348e-02  PDE=2.144e-02 [colloc=1.766e-02, cfd=3.772e-03]  WALL=1.005e-15  DATA=5.226e-03
Invoked: SSBroyden1 approach!
[BFGS] batch=   1  call=    72  total=8.214e-02  PDE=2.080e-02 [colloc=1.703e-02, cfd=3.777e-03]  WALL=1.003e-15  DATA=5.256e-03
Invoked: SSBroyden1 approach!
[BFGS] batch=   1  call=    73  total=8.104e-02  PDE=2.068e-02 [colloc=1.677e-02, cfd=3.908e-03]  WALL=1.086e-15  DATA=5.056e-03
Invoked: SSBroyden1 approach!
[BFGS] batch=   1  call=    74  total=8.067e-02  PDE=1.970e-02 [colloc=1.571e-02, cfd=3.986e-03]  WALL=1.061e-15  DATA=5.366e-03
Invoked: SSBroyden1 approach!
[BFGS] batch=   1  call=    75  total=7.992e-02  PDE=1.954e-02 [colloc=1.557e-02, cfd=3.975e-03]  WALL=1.045e-15  DATA=5.291e-03
Invoked: SSBroyden1 approach!
[BFGS] batch=   1  call=    76  total=7.840e-02  PDE=1.909e-02 [colloc=1.509e-02, cfd=3.997e-03]  WALL=1.055e-15  DATA=5.222e-03
Invoked: SSBroyden1 approach!
[BFGS] batch=   1  call=    77  total=7.651e-02  PDE=1.910e-02 [colloc=1.501e-02, cfd=4.094e-03]  WALL=1.077e-15  DATA=4.835e-03
Invoked: SSBroyden1 approach!
[BFGS] batch=   1  call=    79  total=7.581e-02  PDE=1.914e-02 [colloc=1.498e-02, cfd=4.165e-03]  WALL=1.112e-15  DATA=4.694e-03
Invoked: SSBroyden1 approach!
[BFGS] batch=   1  call=    80  total=7.481e-02  PDE=1.872e-02 [colloc=1.443e-02, cfd=4.297e-03]  WALL=1.112e-15  DATA=4.711e-03
Invoked: SSBroyden1 approach!
[BFGS] batch=   1  call=    81  total=7.363e-02  PDE=1.863e-02 [colloc=1.437e-02, cfd=4.260e-03]  WALL=1.153e-15  DATA=4.572e-03
Invoked: SSBroyden1 approach!
[BFGS] batch=   1  call=    82  total=7.319e-02  PDE=1.898e-02 [colloc=1.453e-02, cfd=4.451e-03]  WALL=1.121e-15  DATA=4.352e-03
Invoked: SSBroyden1 approach!
[BFGS] batch=   1  call=    83  total=7.245e-02  PDE=1.862e-02 [colloc=1.420e-02, cfd=4.421e-03]  WALL=1.127e-15  DATA=4.362e-03
Invoked: SSBroyden1 approach!
[BFGS] batch=   1  call=    84  total=7.136e-02  PDE=1.798e-02 [colloc=1.346e-02, cfd=4.524e-03]  WALL=1.100e-15  DATA=4.469e-03
Invoked: SSBroyden1 approach!
[BFGS] batch=   1  call=    85  total=6.981e-02  PDE=1.763e-02 [colloc=1.303e-02, cfd=4.599e-03]  WALL=1.183e-15  DATA=4.312e-03
Invoked: SSBroyden1 approach!
[BFGS] batch=   1  call=    86  total=6.798e-02  PDE=1.704e-02 [colloc=1.240e-02, cfd=4.642e-03]  WALL=1.245e-15  DATA=4.227e-03
Invoked: SSBroyden1 approach!
[BFGS] batch=   1  call=    88  total=6.692e-02  PDE=1.677e-02 [colloc=1.203e-02, cfd=4.736e-03]  WALL=1.246e-15  DATA=4.144e-03
Invoked: SSBroyden1 approach!
[BFGS] batch=   1  call=    89  total=6.615e-02  PDE=1.732e-02 [colloc=1.244e-02, cfd=4.875e-03]  WALL=1.354e-15  DATA=3.753e-03
Invoked: SSBroyden1 approach!
[BFGS] batch=   1  call=    90  total=6.528e-02  PDE=1.713e-02 [colloc=1.220e-02, cfd=4.932e-03]  WALL=1.359e-15  DATA=3.683e-03
Invoked: SSBroyden1 approach!
[BFGS] batch=   1  call=    91  total=6.404e-02  PDE=1.725e-02 [colloc=1.232e-02, cfd=4.932e-03]  WALL=1.441e-15  DATA=3.442e-03
Invoked: SSBroyden1 approach!
[BFGS] batch=   1  call=    92  total=6.326e-02  PDE=1.731e-02 [colloc=1.235e-02, cfd=4.963e-03]  WALL=1.513e-15  DATA=3.257e-03
Invoked: SSBroyden1 approach!
[BFGS] batch=   1  call=    93  total=6.207e-02  PDE=1.707e-02 [colloc=1.213e-02, cfd=4.938e-03]  WALL=1.528e-15  DATA=3.181e-03
Invoked: SSBroyden1 approach!
[BFGS] batch=   1  call=    94  total=6.083e-02  PDE=1.688e-02 [colloc=1.196e-02, cfd=4.913e-03]  WALL=1.543e-15  DATA=3.030e-03
Invoked: SSBroyden1 approach!
[BFGS] batch=   1  call=    95  total=6.004e-02  PDE=1.723e-02 [colloc=1.220e-02, cfd=5.028e-03]  WALL=1.682e-15  DATA=2.711e-03
Invoked: SSBroyden1 approach!
[BFGS] batch=   1  call=    96  total=5.931e-02  PDE=1.673e-02 [colloc=1.178e-02, cfd=4.953e-03]  WALL=1.628e-15  DATA=2.773e-03
Invoked: SSBroyden1 approach!
[BFGS] batch=   1  call=    97  total=5.852e-02  PDE=1.634e-02 [colloc=1.163e-02, cfd=4.706e-03]  WALL=1.650e-15  DATA=2.747e-03
Invoked: SSBroyden1 approach!
[BFGS] batch=   1  call=    98  total=5.751e-02  PDE=1.597e-02 [colloc=1.138e-02, cfd=4.590e-03]  WALL=1.665e-15  DATA=2.747e-03
Invoked: SSBroyden1 approach!
[BFGS] batch=   1  call=    99  total=5.633e-02  PDE=1.601e-02 [colloc=1.144e-02, cfd=4.568e-03]  WALL=1.748e-15  DATA=2.542e-03
Invoked: SSBroyden1 approach!
[BFGS] batch=   1  call=   100  total=5.532e-02  PDE=1.571e-02 [colloc=1.135e-02, cfd=4.363e-03]  WALL=1.746e-15  DATA=2.518e-03
Invoked: SSBroyden1 approach!
[BFGS] batch=   1  call=   101  total=5.417e-02  PDE=1.574e-02 [colloc=1.152e-02, cfd=4.222e-03]  WALL=1.789e-15  DATA=2.317e-03
Invoked: SSBroyden1 approach!
[BFGS] batch=   1  call=   102  total=5.275e-02  PDE=1.537e-02 [colloc=1.114e-02, cfd=4.234e-03]  WALL=1.924e-15  DATA=2.254e-03
Invoked: SSBroyden1 approach!
[BFGS] batch=   1  call=   103  total=5.156e-02  PDE=1.437e-02 [colloc=1.031e-02, cfd=4.060e-03]  WALL=1.874e-15  DATA=2.467e-03
Invoked: SSBroyden1 approach!
[BFGS] batch=   1  call=   104  total=5.052e-02  PDE=1.439e-02 [colloc=1.052e-02, cfd=3.865e-03]  WALL=1.876e-15  DATA=2.321e-03
Invoked: SSBroyden1 approach!
[BFGS] batch=   1  call=   105  total=4.937e-02  PDE=1.402e-02 [colloc=1.015e-02, cfd=3.877e-03]  WALL=1.908e-15  DATA=2.255e-03
Invoked: SSBroyden1 approach!
[BFGS] batch=   1  call=   106  total=4.800e-02  PDE=1.344e-02 [colloc=9.714e-03, cfd=3.723e-03]  WALL=1.914e-15  DATA=2.293e-03
Invoked: SSBroyden1 approach!
[BFGS] batch=   1  call=   107  total=4.653e-02  PDE=1.303e-02 [colloc=9.367e-03, cfd=3.662e-03]  WALL=1.906e-15  DATA=2.214e-03
Invoked: SSBroyden1 approach!
[BFGS] batch=   1  call=   109  total=4.567e-02  PDE=1.291e-02 [colloc=9.200e-03, cfd=3.708e-03]  WALL=1.990e-15  DATA=2.118e-03
Invoked: SSBroyden1 approach!
[BFGS] batch=   1  call=   110  total=4.468e-02  PDE=1.262e-02 [colloc=8.795e-03, cfd=3.823e-03]  WALL=1.971e-15  DATA=2.063e-03
Invoked: SSBroyden1 approach!
[BFGS] batch=   1  call=   111  total=4.414e-02  PDE=1.270e-02 [colloc=8.852e-03, cfd=3.848e-03]  WALL=2.085e-15  DATA=1.941e-03
Invoked: SSBroyden1 approach!
[BFGS] batch=   1  call=   112  total=4.347e-02  PDE=1.232e-02 [colloc=8.492e-03, cfd=3.831e-03]  WALL=2.048e-15  DATA=1.975e-03
Invoked: SSBroyden1 approach!
[BFGS] batch=   1  call=   113  total=4.257e-02  PDE=1.216e-02 [colloc=8.381e-03, cfd=3.784e-03]  WALL=2.086e-15  DATA=1.908e-03
Invoked: SSBroyden1 approach!
[BFGS] batch=   1  call=   114  total=4.158e-02  PDE=1.192e-02 [colloc=8.123e-03, cfd=3.801e-03]  WALL=2.110e-15  DATA=1.859e-03
Invoked: SSBroyden1 approach!
[BFGS] batch=   1  call=   115  total=4.087e-02  PDE=1.197e-02 [colloc=8.276e-03, cfd=3.689e-03]  WALL=2.222e-15  DATA=1.720e-03
Invoked: SSBroyden1 approach!
[BFGS] batch=   1  call=   116  total=3.999e-02  PDE=1.158e-02 [colloc=7.938e-03, cfd=3.642e-03]  WALL=2.185e-15  DATA=1.725e-03
Invoked: SSBroyden1 approach!
[BFGS] batch=   1  call=   117  total=3.934e-02  PDE=1.109e-02 [colloc=7.522e-03, cfd=3.563e-03]  WALL=2.173e-15  DATA=1.820e-03
Invoked: SSBroyden1 approach!
[BFGS] batch=   1  call=   118  total=3.876e-02  PDE=1.073e-02 [colloc=7.130e-03, cfd=3.595e-03]  WALL=2.204e-15  DATA=1.870e-03
Invoked: SSBroyden1 approach!
[BFGS] batch=   1  call=   119  total=3.793e-02  PDE=1.047e-02 [colloc=6.803e-03, cfd=3.662e-03]  WALL=2.156e-15  DATA=1.835e-03
Invoked: SSBroyden1 approach!
[BFGS] batch=   1  call=   120  total=3.686e-02  PDE=1.013e-02 [colloc=6.593e-03, cfd=3.537e-03]  WALL=2.194e-15  DATA=1.782e-03
Invoked: SSBroyden1 approach!
[BFGS] batch=   1  call=   121  total=3.619e-02  PDE=9.977e-03 [colloc=6.527e-03, cfd=3.450e-03]  WALL=2.193e-15  DATA=1.762e-03
Invoked: SSBroyden1 approach!
[BFGS] batch=   1  call=   122  total=3.550e-02  PDE=9.741e-03 [colloc=6.246e-03, cfd=3.496e-03]  WALL=2.214e-15  DATA=1.735e-03
Invoked: SSBroyden1 approach!
[BFGS] batch=   1  call=   123  total=3.503e-02  PDE=9.763e-03 [colloc=6.318e-03, cfd=3.445e-03]  WALL=2.214e-15  DATA=1.623e-03
Invoked: SSBroyden1 approach!
[BFGS] batch=   1  call=   124  total=3.435e-02  PDE=9.587e-03 [colloc=6.215e-03, cfd=3.372e-03]  WALL=2.226e-15  DATA=1.573e-03
Invoked: SSBroyden1 approach!
[BFGS] batch=   1  call=   125  total=3.383e-02  PDE=9.490e-03 [colloc=6.182e-03, cfd=3.308e-03]  WALL=2.212e-15  DATA=1.518e-03
Invoked: SSBroyden1 approach!
[BFGS] batch=   1  call=   126  total=3.319e-02  PDE=9.105e-03 [colloc=5.797e-03, cfd=3.309e-03]  WALL=2.176e-15  DATA=1.551e-03
Invoked: SSBroyden1 approach!
[BFGS] batch=   1  call=   127  total=3.245e-02  PDE=9.077e-03 [colloc=5.655e-03, cfd=3.423e-03]  WALL=2.233e-15  DATA=1.440e-03
Invoked: SSBroyden1 approach!
[BFGS] batch=   1  call=   128  total=3.170e-02  PDE=8.774e-03 [colloc=5.251e-03, cfd=3.523e-03]  WALL=2.229e-15  DATA=1.435e-03
Invoked: SSBroyden1 approach!
[BFGS] batch=   1  call=   129  total=3.120e-02  PDE=8.681e-03 [colloc=5.358e-03, cfd=3.323e-03]  WALL=2.337e-15  DATA=1.386e-03
Invoked: SSBroyden1 approach!
[BFGS] batch=   1  call=   130  total=3.070e-02  PDE=8.323e-03 [colloc=5.096e-03, cfd=3.227e-03]  WALL=2.290e-15  DATA=1.442e-03
Invoked: SSBroyden1 approach!
[BFGS] batch=   1  call=   131  total=3.011e-02  PDE=8.319e-03 [colloc=5.168e-03, cfd=3.151e-03]  WALL=2.258e-15  DATA=1.364e-03
Invoked: SSBroyden1 approach!
[BFGS] batch=   1  call=   132  total=2.958e-02  PDE=8.147e-03 [colloc=4.984e-03, cfd=3.163e-03]  WALL=2.309e-15  DATA=1.346e-03
Invoked: SSBroyden1 approach!
[BFGS] batch=   1  call=   133  total=2.909e-02  PDE=8.057e-03 [colloc=4.969e-03, cfd=3.088e-03]  WALL=2.322e-15  DATA=1.297e-03
Invoked: SSBroyden1 approach!
[BFGS] batch=   1  call=   134  total=2.846e-02  PDE=8.052e-03 [colloc=4.973e-03, cfd=3.079e-03]  WALL=2.348e-15  DATA=1.194e-03
Invoked: SSBroyden1 approach!
[BFGS] batch=   1  call=   135  total=2.794e-02  PDE=7.652e-03 [colloc=4.592e-03, cfd=3.060e-03]  WALL=2.353e-15  DATA=1.248e-03
Invoked: SSBroyden1 approach!
[BFGS] batch=   1  call=   136  total=2.769e-02  PDE=7.532e-03 [colloc=4.449e-03, cfd=3.084e-03]  WALL=2.362e-15  DATA=1.236e-03
Invoked: SSBroyden1 approach!
[BFGS] batch=   1  call=   137  total=2.733e-02  PDE=7.461e-03 [colloc=4.376e-03, cfd=3.086e-03]  WALL=2.348e-15  DATA=1.208e-03
Invoked: SSBroyden1 approach!
[BFGS] batch=   1  call=   138  total=2.703e-02  PDE=7.406e-03 [colloc=4.352e-03, cfd=3.055e-03]  WALL=2.450e-15  DATA=1.179e-03
Invoked: SSBroyden1 approach!
[BFGS] batch=   1  call=   139  total=2.660e-02  PDE=7.261e-03 [colloc=4.262e-03, cfd=2.998e-03]  WALL=2.489e-15  DATA=1.186e-03
Invoked: SSBroyden1 approach!
[BFGS] batch=   1  call=   140  total=2.623e-02  PDE=7.189e-03 [colloc=4.272e-03, cfd=2.916e-03]  WALL=2.543e-15  DATA=1.150e-03
Invoked: SSBroyden1 approach!
[BFGS] batch=   1  call=   141  total=2.600e-02  PDE=7.073e-03 [colloc=4.226e-03, cfd=2.847e-03]  WALL=2.510e-15  DATA=1.163e-03
Invoked: SSBroyden1 approach!
[BFGS] batch=   1  call=   142  total=2.577e-02  PDE=6.985e-03 [colloc=4.114e-03, cfd=2.871e-03]  WALL=2.545e-15  DATA=1.147e-03
Invoked: SSBroyden1 approach!
[BFGS] batch=   1  call=   143  total=2.538e-02  PDE=6.812e-03 [colloc=3.930e-03, cfd=2.882e-03]  WALL=2.538e-15  DATA=1.165e-03
Invoked: SSBroyden1 approach!
[BFGS] batch=   1  call=   144  total=2.494e-02  PDE=6.678e-03 [colloc=3.816e-03, cfd=2.863e-03]  WALL=2.588e-15  DATA=1.149e-03
Invoked: SSBroyden1 approach!
[BFGS] batch=   1  call=   145  total=2.469e-02  PDE=6.648e-03 [colloc=3.891e-03, cfd=2.757e-03]  WALL=2.643e-15  DATA=1.109e-03
Invoked: SSBroyden1 approach!
[BFGS] batch=   1  call=   146  total=2.443e-02  PDE=6.548e-03 [colloc=3.848e-03, cfd=2.700e-03]  WALL=2.661e-15  DATA=1.112e-03
Invoked: SSBroyden1 approach!
[BFGS] batch=   1  call=   147  total=2.408e-02  PDE=6.526e-03 [colloc=3.816e-03, cfd=2.710e-03]  WALL=2.702e-15  DATA=1.070e-03
Invoked: SSBroyden1 approach!
[BFGS] batch=   1  call=   148  total=2.372e-02  PDE=6.438e-03 [colloc=3.622e-03, cfd=2.816e-03]  WALL=2.672e-15  DATA=1.058e-03
Invoked: SSBroyden1 approach!
[BFGS] batch=   1  call=   149  total=2.350e-02  PDE=6.339e-03 [colloc=3.504e-03, cfd=2.835e-03]  WALL=2.719e-15  DATA=1.048e-03
Invoked: SSBroyden1 approach!
[BFGS] batch=   1  call=   150  total=2.336e-02  PDE=6.233e-03 [colloc=3.434e-03, cfd=2.799e-03]  WALL=2.704e-15  DATA=1.050e-03
Invoked: SSBroyden1 approach!
[BFGS] batch=   1  call=   151  total=2.315e-02  PDE=6.217e-03 [colloc=3.422e-03, cfd=2.794e-03]  WALL=2.751e-15  DATA=1.022e-03
Invoked: SSBroyden1 approach!
[BFGS] batch=   1  call=   152  total=2.300e-02  PDE=6.265e-03 [colloc=3.480e-03, cfd=2.785e-03]  WALL=2.735e-15  DATA=9.857e-04
Invoked: SSBroyden1 approach!
[BFGS] batch=   1  call=   153  total=2.287e-02  PDE=6.272e-03 [colloc=3.491e-03, cfd=2.780e-03]  WALL=2.770e-15  DATA=9.695e-04
Invoked: SSBroyden1 approach!
[BFGS] batch=   1  call=   154  total=2.263e-02  PDE=6.172e-03 [colloc=3.399e-03, cfd=2.773e-03]  WALL=2.772e-15  DATA=9.871e-04
Invoked: SSBroyden1 approach!
[BFGS] batch=   1  call=   155  total=2.249e-02  PDE=6.169e-03 [colloc=3.434e-03, cfd=2.735e-03]  WALL=2.757e-15  DATA=9.576e-04
Invoked: SSBroyden1 approach!
[BFGS] batch=   1  call=   156  total=2.238e-02  PDE=6.121e-03 [colloc=3.369e-03, cfd=2.752e-03]  WALL=2.766e-15  DATA=9.560e-04
Invoked: SSBroyden1 approach!
[BFGS] batch=   1  call=   157  total=2.220e-02  PDE=6.034e-03 [colloc=3.296e-03, cfd=2.738e-03]  WALL=2.764e-15  DATA=9.718e-04
Invoked: SSBroyden1 approach!
[BFGS] batch=   1  call=   158  total=2.205e-02  PDE=6.003e-03 [colloc=3.230e-03, cfd=2.773e-03]  WALL=2.780e-15  DATA=9.620e-04
Invoked: SSBroyden1 approach!
[BFGS] batch=   1  call=   159  total=2.187e-02  PDE=5.916e-03 [colloc=3.180e-03, cfd=2.736e-03]  WALL=2.819e-15  DATA=9.732e-04
Invoked: SSBroyden1 approach!
[BFGS] batch=   1  call=   160  total=2.176e-02  PDE=5.875e-03 [colloc=3.228e-03, cfd=2.647e-03]  WALL=2.862e-15  DATA=9.767e-04
Invoked: SSBroyden1 approach!
[BFGS] batch=   1  call=   161  total=2.168e-02  PDE=5.787e-03 [colloc=3.141e-03, cfd=2.647e-03]  WALL=2.839e-15  DATA=9.906e-04
Invoked: SSBroyden1 approach!
[BFGS] batch=   1  call=   162  total=2.158e-02  PDE=5.815e-03 [colloc=3.166e-03, cfd=2.649e-03]  WALL=2.845e-15  DATA=9.628e-04
Invoked: SSBroyden1 approach!
[BFGS] batch=   1  call=   163  total=2.141e-02  PDE=5.778e-03 [colloc=3.108e-03, cfd=2.670e-03]  WALL=2.840e-15  DATA=9.551e-04
Invoked: SSBroyden1 approach!
[BFGS] batch=   1  call=   164  total=2.129e-02  PDE=5.741e-03 [colloc=3.115e-03, cfd=2.627e-03]  WALL=2.828e-15  DATA=9.560e-04
  [PT] w=1.5690  (raw=1.6088  ‖ΔR‖=4.518e+01  ‖Δu‖=2.808e+01)
[BFGS] batch 1: H0 not PD — resetting to identity.
[BFGS-END] batch=   1  last_total=2.129e-02  last_PDE=5.741e-03 [colloc=3.115e-03, cfd=2.627e-03]  last_WALL=2.828e-15  last_DATA=9.560e-04
Invoked: SSBroyden1 approach!
[BFGS] batch=   2  call=   167  total=1.400e-01  PDE=5.521e-02 [colloc=5.260e-02, cfd=2.613e-03]  WALL=3.124e-15  DATA=8.642e-04
Invoked: SSBroyden1 approach!
[BFGS] batch=   2  call=   168  total=1.367e-01  PDE=5.335e-02 [colloc=5.074e-02, cfd=2.606e-03]  WALL=3.271e-15  DATA=1.117e-03
Invoked: SSBroyden1 approach!
[BFGS] batch=   2  call=   170  total=1.101e-01  PDE=4.241e-02 [colloc=3.979e-02, cfd=2.621e-03]  WALL=2.899e-15  DATA=1.075e-03
Invoked: SSBroyden1 approach!
[BFGS] batch=   2  call=   172  total=1.080e-01  PDE=4.152e-02 [colloc=3.891e-02, cfd=2.616e-03]  WALL=2.915e-15  DATA=1.082e-03
Invoked: SSBroyden1 approach!
[BFGS] batch=   2  call=   173  total=1.041e-01  PDE=4.003e-02 [colloc=3.748e-02, cfd=2.554e-03]  WALL=2.918e-15  DATA=9.868e-04
Invoked: SSBroyden1 approach!
[BFGS] batch=   2  call=   174  total=9.727e-02  PDE=3.709e-02 [colloc=3.476e-02, cfd=2.337e-03]  WALL=2.843e-15  DATA=9.963e-04
Invoked: SSBroyden1 approach!
[BFGS] batch=   2  call=   175  total=8.619e-02  PDE=3.274e-02 [colloc=3.069e-02, cfd=2.053e-03]  WALL=2.674e-15  DATA=9.687e-04
Invoked: SSBroyden1 approach!
[BFGS] batch=   2  call=   176  total=7.181e-02  PDE=2.636e-02 [colloc=2.432e-02, cfd=2.034e-03]  WALL=2.674e-15  DATA=9.402e-04
Invoked: SSBroyden1 approach!
[BFGS] batch=   2  call=   177  total=5.252e-02  PDE=1.766e-02 [colloc=1.610e-02, cfd=1.559e-03]  WALL=2.551e-15  DATA=1.217e-03
Invoked: SSBroyden1 approach!
[BFGS] batch=   2  call=   179  total=4.182e-02  PDE=1.372e-02 [colloc=1.231e-02, cfd=1.411e-03]  WALL=2.699e-15  DATA=1.075e-03
Invoked: SSBroyden1 approach!
[BFGS] batch=   2  call=   181  total=3.670e-02  PDE=1.112e-02 [colloc=9.804e-03, cfd=1.314e-03]  WALL=2.664e-15  DATA=9.634e-04
Invoked: SSBroyden1 approach!
[BFGS] batch=   2  call=   182  total=3.473e-02  PDE=1.059e-02 [colloc=9.305e-03, cfd=1.287e-03]  WALL=2.658e-15  DATA=1.022e-03
Invoked: SSBroyden1 approach!
[BFGS] batch=   2  call=   183  total=3.193e-02  PDE=9.486e-03 [colloc=8.305e-03, cfd=1.181e-03]  WALL=2.717e-15  DATA=1.003e-03
Invoked: SSBroyden1 approach!
[BFGS] batch=   2  call=   184  total=2.866e-02  PDE=8.500e-03 [colloc=7.381e-03, cfd=1.119e-03]  WALL=2.714e-15  DATA=9.635e-04
Invoked: SSBroyden1 approach!
[BFGS] batch=   2  call=   185  total=2.647e-02  PDE=7.618e-03 [colloc=6.423e-03, cfd=1.194e-03]  WALL=2.877e-15  DATA=8.706e-04
Invoked: SSBroyden1 approach!
[BFGS] batch=   2  call=   186  total=2.468e-02  PDE=7.268e-03 [colloc=6.350e-03, cfd=9.179e-04]  WALL=2.928e-15  DATA=8.591e-04
Invoked: SSBroyden1 approach!
[BFGS] batch=   2  call=   187  total=2.255e-02  PDE=6.418e-03 [colloc=5.527e-03, cfd=8.910e-04]  WALL=2.942e-15  DATA=8.540e-04
Invoked: SSBroyden1 approach!
[BFGS] batch=   2  call=   188  total=2.147e-02  PDE=6.045e-03 [colloc=5.010e-03, cfd=1.035e-03]  WALL=3.092e-15  DATA=7.321e-04
Invoked: SSBroyden1 approach!
[BFGS] batch=   2  call=   189  total=2.009e-02  PDE=5.569e-03 [colloc=4.600e-03, cfd=9.693e-04]  WALL=3.089e-15  DATA=7.556e-04
Invoked: SSBroyden1 approach!
[BFGS] batch=   2  call=   190  total=1.891e-02  PDE=5.452e-03 [colloc=4.407e-03, cfd=1.044e-03]  WALL=3.203e-15  DATA=6.470e-04
Invoked: SSBroyden1 approach!
[BFGS] batch=   2  call=   191  total=1.799e-02  PDE=5.110e-03 [colloc=4.021e-03, cfd=1.089e-03]  WALL=3.199e-15  DATA=6.200e-04
Invoked: SSBroyden1 approach!
[BFGS] batch=   2  call=   192  total=1.673e-02  PDE=4.655e-03 [colloc=3.715e-03, cfd=9.396e-04]  WALL=3.234e-15  DATA=5.983e-04
Invoked: SSBroyden1 approach!
[BFGS] batch=   2  call=   193  total=1.618e-02  PDE=4.671e-03 [colloc=3.810e-03, cfd=8.609e-04]  WALL=3.284e-15  DATA=5.125e-04
Invoked: SSBroyden1 approach!
[BFGS] batch=   2  call=   194  total=1.564e-02  PDE=4.385e-03 [colloc=3.545e-03, cfd=8.400e-04]  WALL=3.298e-15  DATA=5.349e-04
Invoked: SSBroyden1 approach!
[BFGS] batch=   2  call=   195  total=1.486e-02  PDE=4.084e-03 [colloc=3.311e-03, cfd=7.733e-04]  WALL=3.235e-15  DATA=5.240e-04
Invoked: SSBroyden1 approach!
[BFGS] batch=   2  call=   196  total=1.420e-02  PDE=3.853e-03 [colloc=3.079e-03, cfd=7.746e-04]  WALL=3.247e-15  DATA=5.231e-04
Invoked: SSBroyden1 approach!
[BFGS] batch=   2  call=   197  total=1.352e-02  PDE=3.612e-03 [colloc=2.966e-03, cfd=6.461e-04]  WALL=3.299e-15  DATA=5.306e-04
Invoked: SSBroyden1 approach!
[BFGS] batch=   2  call=   198  total=1.300e-02  PDE=3.333e-03 [colloc=2.800e-03, cfd=5.338e-04]  WALL=3.317e-15  DATA=5.785e-04
Invoked: SSBroyden1 approach!
[BFGS] batch=   2  call=   199  total=1.283e-02  PDE=3.247e-03 [colloc=2.688e-03, cfd=5.589e-04]  WALL=3.314e-15  DATA=5.988e-04
Invoked: SSBroyden1 approach!
[BFGS] batch=   2  call=   200  total=1.256e-02  PDE=3.138e-03 [colloc=2.595e-03, cfd=5.424e-04]  WALL=3.287e-15  DATA=5.977e-04
Invoked: SSBroyden1 approach!
[BFGS] batch=   2  call=   201  total=1.227e-02  PDE=3.044e-03 [colloc=2.494e-03, cfd=5.502e-04]  WALL=3.300e-15  DATA=5.680e-04
Invoked: SSBroyden1 approach!
[BFGS] batch=   2  call=   202  total=1.182e-02  PDE=2.939e-03 [colloc=2.441e-03, cfd=4.977e-04]  WALL=3.331e-15  DATA=5.498e-04
Invoked: SSBroyden1 approach!
[BFGS] batch=   2  call=   203  total=1.158e-02  PDE=2.732e-03 [colloc=2.275e-03, cfd=4.573e-04]  WALL=3.346e-15  DATA=5.607e-04
Invoked: SSBroyden1 approach!
[BFGS] batch=   2  call=   204  total=1.125e-02  PDE=2.705e-03 [colloc=2.239e-03, cfd=4.651e-04]  WALL=3.320e-15  DATA=5.228e-04
Invoked: SSBroyden1 approach!
[BFGS] batch=   2  call=   205  total=1.098e-02  PDE=2.541e-03 [colloc=2.087e-03, cfd=4.541e-04]  WALL=3.267e-15  DATA=5.413e-04
Invoked: SSBroyden1 approach!
[BFGS] batch=   2  call=   206  total=1.082e-02  PDE=2.476e-03 [colloc=2.041e-03, cfd=4.346e-04]  WALL=3.267e-15  DATA=5.298e-04
Invoked: SSBroyden1 approach!
[BFGS] batch=   2  call=   207  total=1.060e-02  PDE=2.401e-03 [colloc=2.004e-03, cfd=3.965e-04]  WALL=3.249e-15  DATA=5.208e-04
Invoked: SSBroyden1 approach!
[BFGS] batch=   2  call=   208  total=1.031e-02  PDE=2.325e-03 [colloc=1.947e-03, cfd=3.785e-04]  WALL=3.230e-15  DATA=5.105e-04
Invoked: SSBroyden1 approach!
[BFGS] batch=   2  call=   209  total=1.008e-02  PDE=2.247e-03 [colloc=1.916e-03, cfd=3.315e-04]  WALL=3.257e-15  DATA=4.912e-04
Invoked: SSBroyden1 approach!
[BFGS] batch=   2  call=   210  total=9.804e-03  PDE=2.191e-03 [colloc=1.868e-03, cfd=3.232e-04]  WALL=3.256e-15  DATA=4.782e-04
Invoked: SSBroyden1 approach!
[BFGS] batch=   2  call=   211  total=9.756e-03  PDE=2.212e-03 [colloc=1.859e-03, cfd=3.530e-04]  WALL=3.338e-15  DATA=4.580e-04
Invoked: SSBroyden1 approach!
[BFGS] batch=   2  call=   212  total=9.674e-03  PDE=2.182e-03 [colloc=1.835e-03, cfd=3.464e-04]  WALL=3.334e-15  DATA=4.556e-04
Invoked: SSBroyden1 approach!
[BFGS] batch=   2  call=   213  total=9.516e-03  PDE=2.131e-03 [colloc=1.793e-03, cfd=3.383e-04]  WALL=3.328e-15  DATA=4.533e-04
Invoked: SSBroyden1 approach!
[BFGS] batch=   2  call=   214  total=9.319e-03  PDE=2.041e-03 [colloc=1.732e-03, cfd=3.093e-04]  WALL=3.303e-15  DATA=4.505e-04
Invoked: SSBroyden1 approach!
[BFGS] batch=   2  call=   215  total=9.097e-03  PDE=1.953e-03 [colloc=1.644e-03, cfd=3.097e-04]  WALL=3.271e-15  DATA=4.486e-04
Invoked: SSBroyden1 approach!
[BFGS] batch=   2  call=   216  total=9.038e-03  PDE=1.876e-03 [colloc=1.613e-03, cfd=2.630e-04]  WALL=3.229e-15  DATA=4.748e-04
Invoked: SSBroyden1 approach!
[BFGS] batch=   2  call=   217  total=8.950e-03  PDE=1.849e-03 [colloc=1.594e-03, cfd=2.550e-04]  WALL=3.235e-15  DATA=4.740e-04
Invoked: SSBroyden1 approach!
[BFGS] batch=   2  call=   218  total=8.828e-03  PDE=1.837e-03 [colloc=1.569e-03, cfd=2.682e-04]  WALL=3.226e-15  DATA=4.638e-04
Invoked: SSBroyden1 approach!
[BFGS] batch=   2  call=   219  total=8.675e-03  PDE=1.791e-03 [colloc=1.523e-03, cfd=2.687e-04]  WALL=3.240e-15  DATA=4.588e-04
Invoked: SSBroyden1 approach!
[BFGS] batch=   2  call=   220  total=8.632e-03  PDE=1.780e-03 [colloc=1.525e-03, cfd=2.554e-04]  WALL=3.293e-15  DATA=4.555e-04
Invoked: SSBroyden1 approach!
[BFGS] batch=   2  call=   221  total=8.549e-03  PDE=1.753e-03 [colloc=1.502e-03, cfd=2.508e-04]  WALL=3.280e-15  DATA=4.549e-04
Invoked: SSBroyden1 approach!
[BFGS] batch=   2  call=   222  total=8.458e-03  PDE=1.715e-03 [colloc=1.465e-03, cfd=2.504e-04]  WALL=3.248e-15  DATA=4.499e-04
Invoked: SSBroyden1 approach!
[BFGS] batch=   2  call=   223  total=8.355e-03  PDE=1.692e-03 [colloc=1.438e-03, cfd=2.542e-04]  WALL=3.263e-15  DATA=4.459e-04
Invoked: SSBroyden1 approach!
[BFGS] batch=   2  call=   224  total=8.278e-03  PDE=1.658e-03 [colloc=1.394e-03, cfd=2.635e-04]  WALL=3.223e-15  DATA=4.486e-04
Invoked: SSBroyden1 approach!
[BFGS] batch=   2  call=   225  total=8.151e-03  PDE=1.651e-03 [colloc=1.378e-03, cfd=2.727e-04]  WALL=3.201e-15  DATA=4.391e-04
Invoked: SSBroyden1 approach!
[BFGS] batch=   2  call=   227  total=8.087e-03  PDE=1.623e-03 [colloc=1.359e-03, cfd=2.640e-04]  WALL=3.195e-15  DATA=4.395e-04
Invoked: SSBroyden1 approach!
[BFGS] batch=   2  call=   235  total=8.050e-03  PDE=1.584e-03 [colloc=1.321e-03, cfd=2.631e-04]  WALL=3.180e-15  DATA=4.389e-04
Invoked: SSBroyden1 approach!
[BFGS] batch=   2  call=   236  total=7.990e-03  PDE=1.562e-03 [colloc=1.305e-03, cfd=2.577e-04]  WALL=3.183e-15  DATA=4.386e-04
Invoked: SSBroyden1 approach!
[BFGS] batch=   2  call=   237  total=7.905e-03  PDE=1.522e-03 [colloc=1.272e-03, cfd=2.493e-04]  WALL=3.180e-15  DATA=4.460e-04
Invoked: SSBroyden1 approach!
[BFGS] batch=   2  call=   238  total=7.875e-03  PDE=1.491e-03 [colloc=1.262e-03, cfd=2.288e-04]  WALL=3.170e-15  DATA=4.439e-04
Invoked: SSBroyden1 approach!
[BFGS] batch=   2  call=   239  total=7.795e-03  PDE=1.476e-03 [colloc=1.244e-03, cfd=2.318e-04]  WALL=3.174e-15  DATA=4.445e-04
Invoked: SSBroyden1 approach!
[BFGS] batch=   2  call=   240  total=7.752e-03  PDE=1.434e-03 [colloc=1.207e-03, cfd=2.273e-04]  WALL=3.137e-15  DATA=4.553e-04
Invoked: SSBroyden1 approach!
[BFGS] batch=   2  call=   241  total=7.704e-03  PDE=1.415e-03 [colloc=1.187e-03, cfd=2.276e-04]  WALL=3.151e-15  DATA=4.572e-04
Invoked: SSBroyden1 approach!
[BFGS] batch=   2  call=   242  total=7.695e-03  PDE=1.391e-03 [colloc=1.175e-03, cfd=2.164e-04]  WALL=3.161e-15  DATA=4.593e-04
Invoked: SSBroyden1 approach!
[BFGS] batch=   2  call=   243  total=7.636e-03  PDE=1.389e-03 [colloc=1.172e-03, cfd=2.165e-04]  WALL=3.163e-15  DATA=4.586e-04
Invoked: SSBroyden1 approach!
[BFGS] batch=   2  call=   244  total=7.594e-03  PDE=1.392e-03 [colloc=1.166e-03, cfd=2.260e-04]  WALL=3.173e-15  DATA=4.537e-04
Invoked: SSBroyden1 approach!
[BFGS] batch=   2  call=   245  total=7.546e-03  PDE=1.394e-03 [colloc=1.159e-03, cfd=2.357e-04]  WALL=3.168e-15  DATA=4.462e-04
Invoked: SSBroyden1 approach!
[BFGS] batch=   2  call=   246  total=7.496e-03  PDE=1.380e-03 [colloc=1.154e-03, cfd=2.257e-04]  WALL=3.178e-15  DATA=4.431e-04
Invoked: SSBroyden1 approach!
[BFGS] batch=   2  call=   248  total=7.452e-03  PDE=1.379e-03 [colloc=1.148e-03, cfd=2.307e-04]  WALL=3.175e-15  DATA=4.394e-04
Invoked: SSBroyden1 approach!
[BFGS] batch=   2  call=   249  total=7.412e-03  PDE=1.355e-03 [colloc=1.136e-03, cfd=2.197e-04]  WALL=3.173e-15  DATA=4.413e-04
Invoked: SSBroyden1 approach!
[BFGS] batch=   2  call=   250  total=7.369e-03  PDE=1.357e-03 [colloc=1.136e-03, cfd=2.209e-04]  WALL=3.172e-15  DATA=4.375e-04
Invoked: SSBroyden1 approach!
[BFGS] batch=   2  call=   257  total=7.363e-03  PDE=1.365e-03 [colloc=1.129e-03, cfd=2.356e-04]  WALL=3.161e-15  DATA=4.307e-04
Invoked: SSBroyden1 approach!
[BFGS] batch=   2  call=   258  total=7.344e-03  PDE=1.361e-03 [colloc=1.125e-03, cfd=2.356e-04]  WALL=3.160e-15  DATA=4.297e-04
Invoked: SSBroyden1 approach!
[BFGS] batch=   2  call=   259  total=7.293e-03  PDE=1.350e-03 [colloc=1.116e-03, cfd=2.344e-04]  WALL=3.160e-15  DATA=4.263e-04
Invoked: SSBroyden1 approach!
[BFGS] batch=   2  call=   260  total=7.223e-03  PDE=1.334e-03 [colloc=1.103e-03, cfd=2.304e-04]  WALL=3.140e-15  DATA=4.212e-04
Invoked: SSBroyden1 approach!
[BFGS] batch=   2  call=   264  total=7.218e-03  PDE=1.325e-03 [colloc=1.096e-03, cfd=2.289e-04]  WALL=3.147e-15  DATA=4.199e-04
Invoked: SSBroyden1 approach!
[BFGS] batch=   2  call=   265  total=7.172e-03  PDE=1.320e-03 [colloc=1.091e-03, cfd=2.291e-04]  WALL=3.145e-15  DATA=4.193e-04
Invoked: SSBroyden1 approach!
[BFGS] batch=   2  call=   266  total=7.166e-03  PDE=1.293e-03 [colloc=1.065e-03, cfd=2.281e-04]  WALL=3.141e-15  DATA=4.125e-04
Invoked: SSBroyden1 approach!
[BFGS] batch=   2  call=   267  total=7.147e-03  PDE=1.289e-03 [colloc=1.063e-03, cfd=2.263e-04]  WALL=3.142e-15  DATA=4.119e-04
Invoked: SSBroyden1 approach!
[BFGS] batch=   2  call=   268  total=7.135e-03  PDE=1.280e-03 [colloc=1.059e-03, cfd=2.210e-04]  WALL=3.147e-15  DATA=4.094e-04
Invoked: SSBroyden1 approach!
[BFGS] batch=   2  call=   269  total=7.059e-03  PDE=1.273e-03 [colloc=1.054e-03, cfd=2.187e-04]  WALL=3.147e-15  DATA=4.080e-04
Invoked: SSBroyden1 approach!
[BFGS] batch=   2  call=   271  total=7.050e-03  PDE=1.254e-03 [colloc=1.039e-03, cfd=2.155e-04]  WALL=3.143e-15  DATA=4.074e-04
Invoked: SSBroyden1 approach!
[BFGS] batch=   2  call=   278  total=7.016e-03  PDE=1.246e-03 [colloc=1.031e-03, cfd=2.150e-04]  WALL=3.146e-15  DATA=4.071e-04
Invoked: SSBroyden1 approach!
[BFGS] batch=   2  call=   279  total=6.976e-03  PDE=1.217e-03 [colloc=1.011e-03, cfd=2.053e-04]  WALL=3.142e-15  DATA=4.060e-04
Invoked: SSBroyden1 approach!
[BFGS] batch=   2  call=   280  total=6.965e-03  PDE=1.217e-03 [colloc=1.024e-03, cfd=1.925e-04]  WALL=3.144e-15  DATA=3.992e-04
Invoked: SSBroyden1 approach!
[BFGS] batch=   2  call=   281  total=6.951e-03  PDE=1.210e-03 [colloc=1.019e-03, cfd=1.916e-04]  WALL=3.132e-15  DATA=3.982e-04
Invoked: SSBroyden1 approach!
[BFGS] batch=   2  call=   282  total=6.941e-03  PDE=1.204e-03 [colloc=1.011e-03, cfd=1.924e-04]  WALL=3.133e-15  DATA=3.960e-04
Invoked: SSBroyden1 approach!
[BFGS] batch=   2  call=   283  total=6.918e-03  PDE=1.198e-03 [colloc=1.004e-03, cfd=1.938e-04]  WALL=3.132e-15  DATA=3.947e-04
Invoked: SSBroyden1 approach!
[BFGS] batch=   2  call=   284  total=6.879e-03  PDE=1.194e-03 [colloc=9.973e-04, cfd=1.966e-04]  WALL=3.126e-15  DATA=3.910e-04
Invoked: SSBroyden1 approach!
[BFGS] batch=   2  call=   285  total=6.828e-03  PDE=1.188e-03 [colloc=9.900e-04, cfd=1.985e-04]  WALL=3.133e-15  DATA=3.864e-04
Invoked: SSBroyden1 approach!
[BFGS] batch=   2  call=   287  total=6.802e-03  PDE=1.174e-03 [colloc=9.745e-04, cfd=1.994e-04]  WALL=3.118e-15  DATA=3.887e-04
Invoked: SSBroyden1 approach!
[BFGS] batch=   2  call=   288  total=6.788e-03  PDE=1.163e-03 [colloc=9.627e-04, cfd=2.001e-04]  WALL=3.130e-15  DATA=3.895e-04
Invoked: SSBroyden1 approach!
[BFGS] batch=   2  call=   289  total=6.742e-03  PDE=1.155e-03 [colloc=9.547e-04, cfd=2.000e-04]  WALL=3.133e-15  DATA=3.905e-04
Invoked: SSBroyden1 approach!
[BFGS] batch=   2  call=   291  total=6.732e-03  PDE=1.142e-03 [colloc=9.392e-04, cfd=2.032e-04]  WALL=3.141e-15  DATA=3.923e-04
Invoked: SSBroyden1 approach!
[BFGS] batch=   2  call=   292  total=6.677e-03  PDE=1.140e-03 [colloc=9.350e-04, cfd=2.049e-04]  WALL=3.144e-15  DATA=3.922e-04
  [PT] w=2.5879  (raw=11.7577  ‖ΔR‖=3.936e+01  ‖Δu‖=3.347e+00)
[BFGS] batch 2: H0 not PD — resetting to identity.
[BFGS-END] batch=   2  last_total=6.703e-03  last_PDE=1.140e-03 [colloc=9.350e-04, cfd=2.049e-04]  last_WALL=3.144e-15  last_DATA=3.922e-04
Invoked: SSBroyden1 approach!
[BFGS] batch=   3  call=   315  total=7.175e-03  PDE=1.356e-03 [colloc=1.152e-03, cfd=2.036e-04]  WALL=3.211e-15  DATA=3.850e-04
Invoked: SSBroyden1 approach!
[BFGS] batch=   3  call=   316  total=7.024e-03  PDE=1.336e-03 [colloc=1.135e-03, cfd=2.011e-04]  WALL=3.210e-15  DATA=3.770e-04
Invoked: SSBroyden1 approach!
[BFGS] batch=   3  call=   317  total=6.804e-03  PDE=1.262e-03 [colloc=1.063e-03, cfd=1.986e-04]  WALL=3.188e-15  DATA=3.681e-04
Invoked: SSBroyden1 approach!
[BFGS] batch=   3  call=   319  total=6.727e-03  PDE=1.245e-03 [colloc=1.047e-03, cfd=1.977e-04]  WALL=3.171e-15  DATA=3.667e-04
Invoked: SSBroyden1 approach!
[BFGS] batch=   3  call=   320  total=6.619e-03  PDE=1.206e-03 [colloc=1.017e-03, cfd=1.884e-04]  WALL=3.174e-15  DATA=3.634e-04
Invoked: SSBroyden1 approach!
[BFGS] batch=   3  call=   321  total=6.577e-03  PDE=1.200e-03 [colloc=1.029e-03, cfd=1.710e-04]  WALL=3.218e-15  DATA=3.588e-04
Invoked: SSBroyden1 approach!
[BFGS] batch=   3  call=   322  total=6.506e-03  PDE=1.181e-03 [colloc=1.016e-03, cfd=1.647e-04]  WALL=3.225e-15  DATA=3.562e-04
Invoked: SSBroyden1 approach!
[BFGS] batch=   3  call=   323  total=6.418e-03  PDE=1.142e-03 [colloc=9.902e-04, cfd=1.519e-04]  WALL=3.218e-15  DATA=3.571e-04
Invoked: SSBroyden1 approach!
[BFGS] batch=   3  call=   324  total=6.256e-03  PDE=1.085e-03 [colloc=9.448e-04, cfd=1.405e-04]  WALL=3.240e-15  DATA=3.636e-04
Invoked: SSBroyden1 approach!
[BFGS] batch=   3  call=   326  total=6.235e-03  PDE=1.058e-03 [colloc=9.251e-04, cfd=1.329e-04]  WALL=3.226e-15  DATA=3.676e-04
Invoked: SSBroyden1 approach!
[BFGS] batch=   3  call=   327  total=6.165e-03  PDE=1.047e-03 [colloc=9.160e-04, cfd=1.305e-04]  WALL=3.231e-15  DATA=3.688e-04
Invoked: SSBroyden1 approach!
[BFGS] batch=   3  call=   329  total=6.160e-03  PDE=1.038e-03 [colloc=9.078e-04, cfd=1.300e-04]  WALL=3.237e-15  DATA=3.676e-04
Invoked: SSBroyden1 approach!
[BFGS] batch=   3  call=   330  total=6.157e-03  PDE=1.036e-03 [colloc=9.064e-04, cfd=1.297e-04]  WALL=3.236e-15  DATA=3.668e-04
  [PT] w=2.6291  (raw=2.9997  ‖ΔR‖=1.941e+00  ‖Δu‖=6.472e-01)
[BFGS-END] batch=   3  last_total=6.185e-03  last_PDE=1.034e-03 [colloc=9.044e-04, cfd=1.296e-04]  last_WALL=3.236e-15  last_DATA=3.664e-04
Invoked: SSBroyden1 approach!
[BFGS] batch=   4  call=   355  total=6.447e-03  PDE=1.152e-03 [colloc=1.021e-03, cfd=1.313e-04]  WALL=3.230e-15  DATA=3.641e-04
Invoked: SSBroyden1 approach!
[BFGS] batch=   4  call=   356  total=6.384e-03  PDE=1.138e-03 [colloc=1.007e-03, cfd=1.317e-04]  WALL=3.233e-15  DATA=3.619e-04
Invoked: SSBroyden1 approach!
[BFGS] batch=   4  call=   357  total=6.284e-03  PDE=1.121e-03 [colloc=9.785e-04, cfd=1.425e-04]  WALL=3.229e-15  DATA=3.554e-04
Invoked: SSBroyden1 approach!
[BFGS] batch=   4  call=   358  total=6.206e-03  PDE=1.095e-03 [colloc=9.591e-04, cfd=1.364e-04]  WALL=3.223e-15  DATA=3.472e-04
Invoked: SSBroyden1 approach!
[BFGS] batch=   4  call=   359  total=6.031e-03  PDE=1.061e-03 [colloc=9.268e-04, cfd=1.346e-04]  WALL=3.214e-15  DATA=3.423e-04
Invoked: SSBroyden1 approach!
[BFGS] batch=   4  call=   360  total=6.011e-03  PDE=1.030e-03 [colloc=9.224e-04, cfd=1.072e-04]  WALL=3.193e-15  DATA=3.391e-04
Invoked: SSBroyden1 approach!
[BFGS] batch=   4  call=   361  total=6.002e-03  PDE=1.016e-03 [colloc=9.110e-04, cfd=1.053e-04]  WALL=3.197e-15  DATA=3.377e-04
Invoked: SSBroyden1 approach!
[BFGS] batch=   4  call=   362  total=5.962e-03  PDE=1.010e-03 [colloc=9.056e-04, cfd=1.048e-04]  WALL=3.198e-15  DATA=3.373e-04
Invoked: SSBroyden1 approach!
[BFGS] batch=   4  call=   363  total=5.899e-03  PDE=9.902e-04 [colloc=8.874e-04, cfd=1.028e-04]  WALL=3.201e-15  DATA=3.361e-04
Invoked: SSBroyden1 approach!
[BFGS] batch=   4  call=   364  total=5.809e-03  PDE=9.599e-04 [colloc=8.613e-04, cfd=9.855e-05]  WALL=3.201e-15  DATA=3.349e-04
Invoked: SSBroyden1 approach!
[BFGS] batch=   4  call=   365  total=5.682e-03  PDE=9.466e-04 [colloc=8.490e-04, cfd=9.758e-05]  WALL=3.219e-15  DATA=3.320e-04
Invoked: SSBroyden1 approach!
[BFGS] batch=   4  call=   367  total=5.650e-03  PDE=9.322e-04 [colloc=8.328e-04, cfd=9.943e-05]  WALL=3.218e-15  DATA=3.296e-04
Invoked: SSBroyden1 approach!
[BFGS] batch=   4  call=   368  total=5.613e-03  PDE=9.147e-04 [colloc=8.207e-04, cfd=9.399e-05]  WALL=3.221e-15  DATA=3.294e-04
Invoked: SSBroyden1 approach!
[BFGS] batch=   4  call=   369  total=5.540e-03  PDE=8.991e-04 [colloc=8.117e-04, cfd=8.734e-05]  WALL=3.218e-15  DATA=3.276e-04
Invoked: SSBroyden1 approach!
[BFGS] batch=   4  call=   371  total=5.525e-03  PDE=8.944e-04 [colloc=8.051e-04, cfd=8.933e-05]  WALL=3.214e-15  DATA=3.254e-04
Invoked: SSBroyden1 approach!
[BFGS] batch=   4  call=   372  total=5.510e-03  PDE=8.867e-04 [colloc=7.974e-04, cfd=8.930e-05]  WALL=3.215e-15  DATA=3.261e-04
Invoked: SSBroyden1 approach!
[BFGS] batch=   4  call=   380  total=5.481e-03  PDE=8.807e-04 [colloc=7.925e-04, cfd=8.819e-05]  WALL=3.214e-15  DATA=3.261e-04
Invoked: SSBroyden1 approach!
[BFGS] batch=   4  call=   381  total=5.470e-03  PDE=8.742e-04 [colloc=7.871e-04, cfd=8.716e-05]  WALL=3.221e-15  DATA=3.250e-04
Invoked: SSBroyden1 approach!
[BFGS] batch=   4  call=   382  total=5.425e-03  PDE=8.706e-04 [colloc=7.873e-04, cfd=8.327e-05]  WALL=3.219e-15  DATA=3.237e-04
Invoked: SSBroyden1 approach!
[BFGS] batch=   4  call=   384  total=5.406e-03  PDE=8.648e-04 [colloc=7.846e-04, cfd=8.018e-05]  WALL=3.216e-15  DATA=3.237e-04
Invoked: SSBroyden1 approach!
[BFGS] batch=   4  call=   387  total=5.401e-03  PDE=8.646e-04 [colloc=7.844e-04, cfd=8.016e-05]  WALL=3.215e-15  DATA=3.236e-04
Invoked: SSBroyden1 approach!
[BFGS] batch=   4  call=   395  total=5.379e-03  PDE=8.632e-04 [colloc=7.827e-04, cfd=8.056e-05]  WALL=3.214e-15  DATA=3.235e-04
Invoked: SSBroyden1 approach!
[BFGS] batch=   4  call=   402  total=5.378e-03  PDE=8.602e-04 [colloc=7.804e-04, cfd=7.982e-05]  WALL=3.200e-15  DATA=3.237e-04
  [PT] w=2.7107  (raw=3.4455  ‖ΔR‖=2.453e+00  ‖Δu‖=7.119e-01)
[BFGS-END] batch=   4  last_total=5.424e-03  last_PDE=8.601e-04 [colloc=7.803e-04, cfd=7.981e-05]  last_WALL=3.200e-15  last_DATA=3.236e-04
Invoked: SSBroyden1 approach!
[BFGS] batch=   5  call=   422  total=5.381e-03  PDE=8.625e-04 [colloc=7.840e-04, cfd=7.847e-05]  WALL=3.222e-15  DATA=3.216e-04
Invoked: SSBroyden1 approach!
[BFGS] batch=   5  call=   423  total=5.318e-03  PDE=8.568e-04 [colloc=7.765e-04, cfd=8.038e-05]  WALL=3.248e-15  DATA=3.202e-04
Invoked: SSBroyden1 approach!
[BFGS] batch=   5  call=   424  total=5.245e-03  PDE=8.409e-04 [colloc=7.623e-04, cfd=7.865e-05]  WALL=3.241e-15  DATA=3.151e-04
Invoked: SSBroyden1 approach!
[BFGS] batch=   5  call=   425  total=5.208e-03  PDE=8.262e-04 [colloc=7.521e-04, cfd=7.408e-05]  WALL=3.212e-15  DATA=3.057e-04
Invoked: SSBroyden1 approach!
[BFGS] batch=   5  call=   426  total=5.161e-03  PDE=8.217e-04 [colloc=7.513e-04, cfd=7.038e-05]  WALL=3.203e-15  DATA=3.070e-04
Invoked: SSBroyden1 approach!
[BFGS] batch=   5  call=   428  total=5.151e-03  PDE=8.189e-04 [colloc=7.500e-04, cfd=6.895e-05]  WALL=3.202e-15  DATA=3.070e-04
Invoked: SSBroyden1 approach!
[BFGS] batch=   5  call=   429  total=5.146e-03  PDE=8.162e-04 [colloc=7.488e-04, cfd=6.737e-05]  WALL=3.203e-15  DATA=3.064e-04
Invoked: SSBroyden1 approach!
[BFGS] batch=   5  call=   430  total=5.123e-03  PDE=8.139e-04 [colloc=7.482e-04, cfd=6.572e-05]  WALL=3.200e-15  DATA=3.051e-04
Invoked: SSBroyden1 approach!
[BFGS] batch=   5  call=   431  total=5.122e-03  PDE=8.185e-04 [colloc=7.549e-04, cfd=6.361e-05]  WALL=3.204e-15  DATA=3.003e-04
Invoked: SSBroyden1 approach!
[BFGS] batch=   5  call=   433  total=5.118e-03  PDE=8.176e-04 [colloc=7.540e-04, cfd=6.360e-05]  WALL=3.204e-15  DATA=3.001e-04
Invoked: SSBroyden1 approach!
[BFGS] batch=   5  call=   434  total=5.112e-03  PDE=8.151e-04 [colloc=7.516e-04, cfd=6.351e-05]  WALL=3.204e-15  DATA=2.998e-04
Invoked: SSBroyden1 approach!
[BFGS] batch=   5  call=   435  total=5.106e-03  PDE=8.121e-04 [colloc=7.487e-04, cfd=6.350e-05]  WALL=3.205e-15  DATA=2.996e-04
Invoked: SSBroyden1 approach!
[BFGS] batch=   5  call=   436  total=5.082e-03  PDE=8.092e-04 [colloc=7.458e-04, cfd=6.339e-05]  WALL=3.203e-15  DATA=2.999e-04
Invoked: SSBroyden1 approach!
[BFGS] batch=   5  call=   445  total=5.072e-03  PDE=8.005e-04 [colloc=7.396e-04, cfd=6.090e-05]  WALL=3.200e-15  DATA=3.017e-04
Invoked: SSBroyden1 approach!
[BFGS] batch=   5  call=   446  total=5.071e-03  PDE=7.976e-04 [colloc=7.354e-04, cfd=6.227e-05]  WALL=3.194e-15  DATA=3.027e-04
Invoked: SSBroyden1 approach!
[BFGS] batch=   5  call=   447  total=5.034e-03  PDE=7.970e-04 [colloc=7.346e-04, cfd=6.237e-05]  WALL=3.193e-15  DATA=3.025e-04
  [PT] w=2.6230  (raw=1.8338  ‖ΔR‖=9.325e-01  ‖Δu‖=5.085e-01)
[BFGS] batch 5: H0 not PD — resetting to identity.
[BFGS-END] batch=   5  last_total=5.081e-03  last_PDE=7.970e-04 [colloc=7.346e-04, cfd=6.237e-05]  last_WALL=3.193e-15  last_DATA=3.025e-04
Invoked: SSBroyden1 approach!
[BFGS] batch=   6  call=   486  total=5.030e-03  PDE=7.876e-04 [colloc=7.253e-04, cfd=6.228e-05]  WALL=3.198e-15  DATA=3.025e-04
Invoked: SSBroyden1 approach!
[BFGS] batch=   6  call=   488  total=5.008e-03  PDE=7.864e-04 [colloc=7.243e-04, cfd=6.208e-05]  WALL=3.197e-15  DATA=3.023e-04
Invoked: SSBroyden1 approach!
[BFGS] batch=   6  call=   496  total=5.005e-03  PDE=7.833e-04 [colloc=7.215e-04, cfd=6.174e-05]  WALL=3.193e-15  DATA=3.019e-04
Invoked: SSBroyden1 approach!
[BFGS] batch=   6  call=   502  total=5.002e-03  PDE=7.822e-04 [colloc=7.206e-04, cfd=6.159e-05]  WALL=3.193e-15  DATA=3.016e-04
  [PT] w=2.4945  (raw=1.3380  ‖ΔR‖=9.156e-02  ‖Δu‖=6.843e-02)
[BFGS-END] batch=   6  last_total=5.019e-03  last_PDE=7.822e-04 [colloc=7.206e-04, cfd=6.159e-05]  last_WALL=3.193e-15  last_DATA=3.016e-04
  [PT] w=2.6240  (raw=3.7891  ‖ΔR‖=7.731e-03  ‖Δu‖=2.040e-03)
[BFGS-END] batch=   7  last_total=5.038e-03  last_PDE=7.861e-04 [colloc=7.245e-04, cfd=6.157e-05]  last_WALL=3.193e-15  last_DATA=3.016e-04
Invoked: SSBroyden1 approach!
[BFGS] batch=   8  call=   544  total=5.034e-03  PDE=7.854e-04 [colloc=7.240e-04, cfd=6.138e-05]  WALL=3.191e-15  DATA=3.014e-04
Invoked: SSBroyden1 approach!
[BFGS] batch=   8  call=   546  total=5.009e-03  PDE=7.848e-04 [colloc=7.237e-04, cfd=6.109e-05]  WALL=3.195e-15  DATA=3.006e-04
Invoked: SSBroyden1 approach!
[BFGS] batch=   8  call=   548  total=4.979e-03  PDE=7.839e-04 [colloc=7.233e-04, cfd=6.053e-05]  WALL=3.195e-15  DATA=3.000e-04
  [PT] w=2.5834  (raw=2.2186  ‖ΔR‖=1.691e-01  ‖Δu‖=7.621e-02)
[BFGS-END] batch=   8  last_total=5.032e-03  last_PDE=7.839e-04 [colloc=7.233e-04, cfd=6.053e-05]  last_WALL=3.195e-15  last_DATA=3.000e-04
Invoked: SSBroyden1 approach!
[BFGS] batch=   9  call=   570  total=5.028e-03  PDE=7.847e-04 [colloc=7.242e-04, cfd=6.055e-05]  WALL=3.195e-15  DATA=2.998e-04
Invoked: SSBroyden1 approach!
[BFGS] batch=   9  call=   571  total=5.009e-03  PDE=7.841e-04 [colloc=7.235e-04, cfd=6.055e-05]  WALL=3.197e-15  DATA=2.995e-04
Invoked: SSBroyden1 approach!
[BFGS] batch=   9  call=   573  total=4.990e-03  PDE=7.797e-04 [colloc=7.196e-04, cfd=6.003e-05]  WALL=3.207e-15  DATA=3.000e-04
Invoked: SSBroyden1 approach!
[BFGS] batch=   9  call=   575  total=4.976e-03  PDE=7.798e-04 [colloc=7.198e-04, cfd=6.000e-05]  WALL=3.206e-15  DATA=2.994e-04
Invoked: SSBroyden1 approach!
[BFGS] batch=   9  call=   587  total=4.964e-03  PDE=7.796e-04 [colloc=7.195e-04, cfd=6.010e-05]  WALL=3.207e-15  DATA=2.993e-04
  [PT] w=2.5656  (raw=2.4049  ‖ΔR‖=1.744e-01  ‖Δu‖=7.251e-02)
[BFGS-END] batch=   9  last_total=4.959e-03  last_PDE=7.795e-04 [colloc=7.194e-04, cfd=6.013e-05]  last_WALL=3.207e-15  last_DATA=2.993e-04
Invoked: SSBroyden1 approach!
[BFGS] batch=  10  call=   609  total=4.994e-03  PDE=7.824e-04 [colloc=7.215e-04, cfd=6.089e-05]  WALL=3.208e-15  DATA=2.989e-04
Invoked: SSBroyden1 approach!
[BFGS] batch=  10  call=   611  total=4.976e-03  PDE=7.820e-04 [colloc=7.209e-04, cfd=6.115e-05]  WALL=3.208e-15  DATA=2.984e-04
  [PT] w=2.6098  (raw=3.0080  ‖ΔR‖=2.031e-01  ‖Δu‖=6.752e-02)
[PT] batch=  10  w=2.6098e+00
[BFGS-END] batch=  10  last_total=5.026e-03  last_PDE=7.820e-04 [colloc=7.209e-04, cfd=6.115e-05]  last_WALL=3.208e-15  last_DATA=2.984e-04
Invoked: SSBroyden1 approach!
[BFGS] batch=  11  call=   632  total=4.980e-03  PDE=7.832e-04 [colloc=7.220e-04, cfd=6.128e-05]  WALL=3.208e-15  DATA=2.980e-04
  [PT] w=2.6384  (raw=2.8953  ‖ΔR‖=1.154e-01  ‖Δu‖=3.985e-02)
[BFGS-END] batch=  11  last_total=4.971e-03  last_PDE=7.832e-04 [colloc=7.219e-04, cfd=6.129e-05]  last_WALL=3.208e-15  last_DATA=2.979e-04
Invoked: SSBroyden1 approach!
[BFGS] batch=  12  call=   654  total=4.995e-03  PDE=7.849e-04 [colloc=7.229e-04, cfd=6.195e-05]  WALL=3.204e-15  DATA=2.971e-04
Invoked: SSBroyden1 approach!
[BFGS] batch=  12  call=   662  total=4.983e-03  PDE=7.872e-04 [colloc=7.228e-04, cfd=6.447e-05]  WALL=3.208e-15  DATA=2.964e-04
Invoked: SSBroyden1 approach!
[BFGS] batch=  12  call=   663  total=4.982e-03  PDE=7.854e-04 [colloc=7.190e-04, cfd=6.637e-05]  WALL=3.201e-15  DATA=2.934e-04
Invoked: SSBroyden1 approach!
[BFGS] batch=  12  call=   664  total=4.950e-03  PDE=7.851e-04 [colloc=7.191e-04, cfd=6.603e-05]  WALL=3.201e-15  DATA=2.927e-04
Invoked: SSBroyden1 approach!
[BFGS] batch=  12  call=   666  total=4.939e-03  PDE=7.826e-04 [colloc=7.182e-04, cfd=6.444e-05]  WALL=3.197e-15  DATA=2.908e-04
  [PT] w=2.5592  (raw=1.8467  ‖ΔR‖=3.430e-01  ‖Δu‖=1.857e-01)
[BFGS-END] batch=  12  last_total=4.946e-03  last_PDE=7.822e-04 [colloc=7.179e-04, cfd=6.429e-05]  last_WALL=3.197e-15  last_DATA=2.905e-04
Invoked: SSBroyden1 approach!
[BFGS] batch=  13  call=   687  total=4.990e-03  PDE=7.863e-04 [colloc=7.233e-04, cfd=6.305e-05]  WALL=3.200e-15  DATA=2.908e-04
Invoked: SSBroyden1 approach!
[BFGS] batch=  13  call=   688  total=4.947e-03  PDE=7.848e-04 [colloc=7.226e-04, cfd=6.217e-05]  WALL=3.200e-15  DATA=2.891e-04
Invoked: SSBroyden1 approach!
[BFGS] batch=  13  call=   690  total=4.942e-03  PDE=7.805e-04 [colloc=7.224e-04, cfd=5.814e-05]  WALL=3.197e-15  DATA=2.874e-04
Invoked: SSBroyden1 approach!
[BFGS] batch=  13  call=   698  total=4.912e-03  PDE=7.795e-04 [colloc=7.215e-04, cfd=5.797e-05]  WALL=3.199e-15  DATA=2.871e-04
Invoked: SSBroyden1 approach!
[BFGS] batch=  13  call=   699  total=4.897e-03  PDE=7.807e-04 [colloc=7.224e-04, cfd=5.830e-05]  WALL=3.207e-15  DATA=2.829e-04
Invoked: SSBroyden1 approach!
[BFGS] batch=  13  call=   701  total=4.882e-03  PDE=7.798e-04 [colloc=7.215e-04, cfd=5.829e-05]  WALL=3.206e-15  DATA=2.823e-04
Invoked: SSBroyden1 approach!
[BFGS] batch=  13  call=   702  total=4.858e-03  PDE=7.788e-04 [colloc=7.184e-04, cfd=6.036e-05]  WALL=3.200e-15  DATA=2.812e-04
Invoked: SSBroyden1 approach!
[BFGS] batch=  13  call=   713  total=4.853e-03  PDE=7.781e-04 [colloc=7.179e-04, cfd=6.019e-05]  WALL=3.199e-15  DATA=2.810e-04
Invoked: SSBroyden1 approach!
[BFGS] batch=  13  call=   723  total=4.830e-03  PDE=7.775e-04 [colloc=7.175e-04, cfd=6.000e-05]  WALL=3.198e-15  DATA=2.810e-04
  [PT] w=2.5113  (raw=2.0801  ‖ΔR‖=5.678e-01  ‖Δu‖=2.730e-01)
[BFGS-END] batch=  13  last_total=4.828e-03  last_PDE=7.775e-04 [colloc=7.175e-04, cfd=6.000e-05]  last_WALL=3.198e-15  last_DATA=2.810e-04
Invoked: SSBroyden1 approach!
[BFGS] batch=  14  call=   745  total=4.847e-03  PDE=7.769e-04 [colloc=7.173e-04, cfd=5.961e-05]  WALL=3.198e-15  DATA=2.809e-04
Invoked: SSBroyden1 approach!
[BFGS] batch=  14  call=   746  total=4.816e-03  PDE=7.714e-04 [colloc=7.126e-04, cfd=5.878e-05]  WALL=3.198e-15  DATA=2.833e-04
  [PT] w=2.5633  (raw=3.0315  ‖ΔR‖=4.587e-01  ‖Δu‖=1.513e-01)
[BFGS-END] batch=  14  last_total=4.867e-03  last_PDE=7.714e-04 [colloc=7.126e-04, cfd=5.878e-05]  last_WALL=3.198e-15  last_DATA=2.833e-04
Invoked: SSBroyden1 approach!
[BFGS] batch=  15  call=   767  total=4.851e-03  PDE=7.692e-04 [colloc=7.108e-04, cfd=5.837e-05]  WALL=3.195e-15  DATA=2.807e-04
Invoked: SSBroyden1 approach!
[BFGS] batch=  15  call=   768  total=4.828e-03  PDE=7.748e-04 [colloc=7.145e-04, cfd=6.024e-05]  WALL=3.197e-15  DATA=2.776e-04
Invoked: SSBroyden1 approach!
[BFGS] batch=  15  call=   769  total=4.788e-03  PDE=7.735e-04 [colloc=7.136e-04, cfd=5.995e-05]  WALL=3.198e-15  DATA=2.757e-04
Invoked: SSBroyden1 approach!
[BFGS] batch=  15  call=   771  total=4.761e-03  PDE=7.701e-04 [colloc=7.109e-04, cfd=5.926e-05]  WALL=3.194e-15  DATA=2.744e-04
Invoked: SSBroyden1 approach!
[BFGS] batch=  15  call=   774  total=4.760e-03  PDE=7.693e-04 [colloc=7.102e-04, cfd=5.905e-05]  WALL=3.194e-15  DATA=2.741e-04
Invoked: SSBroyden1 approach!
[BFGS] batch=  15  call=   776  total=4.756e-03  PDE=7.673e-04 [colloc=7.088e-04, cfd=5.853e-05]  WALL=3.193e-15  DATA=2.735e-04
Invoked: SSBroyden1 approach!
[BFGS] batch=  15  call=   781  total=4.753e-03  PDE=7.673e-04 [colloc=7.088e-04, cfd=5.853e-05]  WALL=3.193e-15  DATA=2.735e-04
  [PT] w=2.4768  (raw=1.6980  ‖ΔR‖=5.395e-01  ‖Δu‖=3.177e-01)
[BFGS] batch 15: H0 not PD — resetting to identity.
[BFGS-END] batch=  15  last_total=4.757e-03  last_PDE=7.673e-04 [colloc=7.088e-04, cfd=5.853e-05]  last_WALL=3.193e-15  last_DATA=2.735e-04
  [PT] w=2.5183  (raw=2.8914  ‖ΔR‖=1.295e-01  ‖Δu‖=4.480e-02)
[BFGS-END] batch=  16  last_total=4.797e-03  last_PDE=7.659e-04 [colloc=7.074e-04, cfd=5.844e-05]  last_WALL=3.203e-15  last_DATA=2.738e-04
Invoked: SSBroyden1 approach!
[BFGS] batch=  17  call=   822  total=4.765e-03  PDE=7.677e-04 [colloc=7.093e-04, cfd=5.845e-05]  WALL=3.209e-15  DATA=2.740e-04
Invoked: SSBroyden1 approach!
[BFGS] batch=  17  call=   824  total=4.728e-03  PDE=7.676e-04 [colloc=7.093e-04, cfd=5.831e-05]  WALL=3.208e-15  DATA=2.741e-04
  [PT] w=2.5655  (raw=2.9909  ‖ΔR‖=1.224e-01  ‖Δu‖=4.091e-02)
[BFGS-END] batch=  17  last_total=4.762e-03  last_PDE=7.676e-04 [colloc=7.093e-04, cfd=5.831e-05]  last_WALL=3.208e-15  last_DATA=2.741e-04
Invoked: SSBroyden1 approach!
[BFGS] batch=  18  call=   847  total=4.730e-03  PDE=7.675e-04 [colloc=7.093e-04, cfd=5.820e-05]  WALL=3.206e-15  DATA=2.740e-04
  [PT] w=2.5582  (raw=2.4925  ‖ΔR‖=3.518e-02  ‖Δu‖=1.412e-02)
[BFGS-END] batch=  18  last_total=4.750e-03  last_PDE=7.675e-04 [colloc=7.093e-04, cfd=5.820e-05]  last_WALL=3.206e-15  last_DATA=2.740e-04
Invoked: SSBroyden1 approach!
[BFGS] batch=  19  call=   867  total=4.754e-03  PDE=7.680e-04 [colloc=7.101e-04, cfd=5.795e-05]  WALL=3.200e-15  DATA=2.735e-04
Invoked: SSBroyden1 approach!
[BFGS] batch=  19  call=   868  total=4.748e-03  PDE=7.652e-04 [colloc=7.083e-04, cfd=5.693e-05]  WALL=3.203e-15  DATA=2.730e-04
Invoked: SSBroyden1 approach!
[BFGS] batch=  19  call=   877  total=4.736e-03  PDE=7.647e-04 [colloc=7.079e-04, cfd=5.675e-05]  WALL=3.204e-15  DATA=2.730e-04
Invoked: SSBroyden1 approach!
[BFGS] batch=  19  call=   878  total=4.726e-03  PDE=7.662e-04 [colloc=7.104e-04, cfd=5.584e-05]  WALL=3.206e-15  DATA=2.712e-04
Invoked: SSBroyden1 approach!
[BFGS] batch=  19  call=   886  total=4.723e-03  PDE=7.645e-04 [colloc=7.090e-04, cfd=5.551e-05]  WALL=3.204e-15  DATA=2.711e-04
Invoked: SSBroyden1 approach!
[BFGS] batch=  19  call=   887  total=4.697e-03  PDE=7.630e-04 [colloc=7.077e-04, cfd=5.531e-05]  WALL=3.205e-15  DATA=2.712e-04
  [PT] w=2.4891  (raw=1.8671  ‖ΔR‖=3.763e-01  ‖Δu‖=2.015e-01)
[BFGS-END] batch=  19  last_total=4.742e-03  last_PDE=7.630e-04 [colloc=7.077e-04, cfd=5.531e-05]  last_WALL=3.205e-15  last_DATA=2.712e-04
Invoked: SSBroyden1 approach!
[BFGS] batch=  20  call=   908  total=4.706e-03  PDE=7.597e-04 [colloc=7.043e-04, cfd=5.542e-05]  WALL=3.202e-15  DATA=2.717e-04
  [PT] w=2.5288  (raw=2.8862  ‖ΔR‖=1.267e-01  ‖Δu‖=4.391e-02)
[PT] batch=  20  w=2.5288e+00
[BFGS-END] batch=  20  last_total=4.722e-03  last_PDE=7.597e-04 [colloc=7.043e-04, cfd=5.542e-05]  last_WALL=3.202e-15  last_DATA=2.716e-04
Invoked: SSBroyden1 approach!
[BFGS] batch=  21  call=   930  total=4.718e-03  PDE=7.617e-04 [colloc=7.062e-04, cfd=5.555e-05]  WALL=3.203e-15  DATA=2.705e-04
Invoked: SSBroyden1 approach!
[BFGS] batch=  21  call=   932  total=4.712e-03  PDE=7.598e-04 [colloc=7.041e-04, cfd=5.573e-05]  WALL=3.209e-15  DATA=2.713e-04
Invoked: SSBroyden1 approach!
[BFGS] batch=  21  call=   933  total=4.707e-03  PDE=7.607e-04 [colloc=7.053e-04, cfd=5.544e-05]  WALL=3.209e-15  DATA=2.697e-04
Invoked: SSBroyden1 approach!
[BFGS] batch=  21  call=   942  total=4.697e-03  PDE=7.616e-04 [colloc=7.067e-04, cfd=5.490e-05]  WALL=3.208e-15  DATA=2.684e-04
  [PT] w=2.4676  (raw=1.9166  ‖ΔR‖=3.185e-01  ‖Δu‖=1.662e-01)
[BFGS-END] batch=  21  last_total=4.651e-03  last_PDE=7.616e-04 [colloc=7.067e-04, cfd=5.491e-05]  last_WALL=3.208e-15  last_DATA=2.683e-04
Invoked: SSBroyden1 approach!
[BFGS] batch=  22  call=   966  total=4.694e-03  PDE=7.601e-04 [colloc=7.052e-04, cfd=5.490e-05]  WALL=3.208e-15  DATA=2.682e-04
Invoked: SSBroyden1 approach!
[BFGS] batch=  22  call=   968  total=4.691e-03  PDE=7.601e-04 [colloc=7.052e-04, cfd=5.491e-05]  WALL=3.209e-15  DATA=2.681e-04
Invoked: SSBroyden1 approach!
[BFGS] batch=  22  call=   969  total=4.675e-03  PDE=7.603e-04 [colloc=7.052e-04, cfd=5.513e-05]  WALL=3.203e-15  DATA=2.668e-04
  [PT] w=2.5913  (raw=3.7045  ‖ΔR‖=1.764e-01  ‖Δu‖=4.763e-02)
[BFGS-END] batch=  22  last_total=4.714e-03  last_PDE=7.603e-04 [colloc=7.052e-04, cfd=5.513e-05]  last_WALL=3.203e-15  last_DATA=2.668e-04
  [PT] w=2.6209  (raw=2.8875  ‖ΔR‖=9.535e-04  ‖Δu‖=3.302e-04)
[BFGS-END] batch=  23  last_total=4.713e-03  last_PDE=7.602e-04 [colloc=7.051e-04, cfd=5.513e-05]  last_WALL=3.203e-15  last_DATA=2.668e-04
Invoked: SSBroyden1 approach!
[BFGS] batch=  24  call=  1022  total=4.674e-03  PDE=7.601e-04 [colloc=7.049e-04, cfd=5.522e-05]  WALL=3.204e-15  DATA=2.666e-04
Invoked: SSBroyden1 approach!
[BFGS] batch=  24  call=  1030  total=4.647e-03  PDE=7.605e-04 [colloc=7.047e-04, cfd=5.589e-05]  WALL=3.205e-15  DATA=2.659e-04
  [PT] w=2.5894  (raw=2.3055  ‖ΔR‖=1.571e-01  ‖Δu‖=6.816e-02)
[BFGS-END] batch=  24  last_total=4.686e-03  last_PDE=7.605e-04 [colloc=7.047e-04, cfd=5.589e-05]  last_WALL=3.205e-15  last_DATA=2.659e-04
Invoked: SSBroyden1 approach!
[BFGS] batch=  25  call=  1051  total=4.693e-03  PDE=7.628e-04 [colloc=7.070e-04, cfd=5.575e-05]  WALL=3.202e-15  DATA=2.639e-04
Invoked: SSBroyden1 approach!
[BFGS] batch=  25  call=  1053  total=4.663e-03  PDE=7.619e-04 [colloc=7.060e-04, cfd=5.588e-05]  WALL=3.200e-15  DATA=2.628e-04
  [PT] w=2.6993  (raw=3.6884  ‖ΔR‖=2.387e-01  ‖Δu‖=6.473e-02)
[BFGS-END] batch=  25  last_total=4.670e-03  last_PDE=7.619e-04 [colloc=7.060e-04, cfd=5.588e-05]  last_WALL=3.200e-15  last_DATA=2.628e-04
  [PT] w=2.6861  (raw=2.5677  ‖ΔR‖=6.601e-04  ‖Δu‖=2.571e-04)
[BFGS-END] batch=  26  last_total=4.668e-03  last_PDE=7.617e-04 [colloc=7.058e-04, cfd=5.588e-05]  last_WALL=3.200e-15  last_DATA=2.628e-04
Invoked: SSBroyden1 approach!
[BFGS] batch=  27  call=  1093  total=4.683e-03  PDE=7.619e-04 [colloc=7.057e-04, cfd=5.617e-05]  WALL=3.203e-15  DATA=2.625e-04
Invoked: SSBroyden1 approach!
[BFGS] batch=  27  call=  1102  total=4.648e-03  PDE=7.616e-04 [colloc=7.054e-04, cfd=5.619e-05]  WALL=3.202e-15  DATA=2.623e-04
  [PT] w=2.6207  (raw=2.0323  ‖ΔR‖=8.900e-02  ‖Δu‖=4.379e-02)
[BFGS-END] batch=  27  last_total=4.696e-03  last_PDE=7.616e-04 [colloc=7.054e-04, cfd=5.619e-05]  last_WALL=3.202e-15  last_DATA=2.623e-04
  [PT] w=2.7524  (raw=3.9373  ‖ΔR‖=2.618e-04  ‖Δu‖=6.647e-05)
[BFGS-END] batch=  28  last_total=4.688e-03  last_PDE=7.618e-04 [colloc=7.056e-04, cfd=5.619e-05]  last_WALL=3.202e-15  last_DATA=2.623e-04
  [PT] w=2.8303  (raw=3.5319  ‖ΔR‖=3.136e-04  ‖Δu‖=8.877e-05)
[BFGS-END] batch=  29  last_total=4.694e-03  last_PDE=7.618e-04 [colloc=7.056e-04, cfd=5.619e-05]  last_WALL=3.202e-15  last_DATA=2.623e-04
Invoked: SSBroyden1 approach!
[BFGS] batch=  30  call=  1172  total=4.668e-03  PDE=7.614e-04 [colloc=7.059e-04, cfd=5.547e-05]  WALL=3.203e-15  DATA=2.608e-04
Invoked: SSBroyden1 approach!
[BFGS] batch=  30  call=  1174  total=4.665e-03  PDE=7.606e-04 [colloc=7.049e-04, cfd=5.570e-05]  WALL=3.203e-15  DATA=2.597e-04
Invoked: SSBroyden1 approach!
[BFGS] batch=  30  call=  1180  total=4.651e-03  PDE=7.597e-04 [colloc=7.042e-04, cfd=5.545e-05]  WALL=3.200e-15  DATA=2.591e-04
Invoked: SSBroyden1 approach!
[BFGS] batch=  30  call=  1182  total=4.646e-03  PDE=7.590e-04 [colloc=7.038e-04, cfd=5.520e-05]  WALL=3.199e-15  DATA=2.586e-04
  [PT] w=2.7825  (raw=2.3521  ‖ΔR‖=1.834e-01  ‖Δu‖=7.798e-02)
[PT] batch=  30  w=2.7825e+00
[BFGS-END] batch=  30  last_total=4.635e-03  last_PDE=7.589e-04 [colloc=7.037e-04, cfd=5.521e-05]  last_WALL=3.199e-15  last_DATA=2.586e-04
Invoked: SSBroyden1 approach!
[BFGS] batch=  31  call=  1204  total=4.655e-03  PDE=7.587e-04 [colloc=7.024e-04, cfd=5.625e-05]  WALL=3.194e-15  DATA=2.575e-04
  [PT] w=2.8161  (raw=3.1180  ‖ΔR‖=1.822e-01  ‖Δu‖=5.845e-02)
[BFGS-END] batch=  31  last_total=4.682e-03  last_PDE=7.586e-04 [colloc=7.024e-04, cfd=5.625e-05]  last_WALL=3.194e-15  last_DATA=2.575e-04
Invoked: SSBroyden1 approach!
[BFGS] batch=  32  call=  1225  total=4.660e-03  PDE=7.602e-04 [colloc=7.043e-04, cfd=5.592e-05]  WALL=3.197e-15  DATA=2.566e-04
Invoked: SSBroyden1 approach!
[BFGS] batch=  32  call=  1227  total=4.655e-03  PDE=7.614e-04 [colloc=7.048e-04, cfd=5.658e-05]  WALL=3.195e-15  DATA=2.555e-04
Invoked: SSBroyden1 approach!
[BFGS] batch=  32  call=  1228  total=4.650e-03  PDE=7.599e-04 [colloc=7.035e-04, cfd=5.637e-05]  WALL=3.194e-15  DATA=2.548e-04
Invoked: SSBroyden1 approach!
[BFGS] batch=  32  call=  1229  total=4.646e-03  PDE=7.579e-04 [colloc=7.019e-04, cfd=5.600e-05]  WALL=3.194e-15  DATA=2.544e-04
Invoked: SSBroyden1 approach!
[BFGS] batch=  32  call=  1230  total=4.634e-03  PDE=7.560e-04 [colloc=7.008e-04, cfd=5.523e-05]  WALL=3.193e-15  DATA=2.544e-04
Invoked: SSBroyden1 approach!
[BFGS] batch=  32  call=  1232  total=4.623e-03  PDE=7.555e-04 [colloc=7.005e-04, cfd=5.506e-05]  WALL=3.193e-15  DATA=2.541e-04
Invoked: SSBroyden1 approach!
[BFGS] batch=  32  call=  1233  total=4.619e-03  PDE=7.564e-04 [colloc=7.021e-04, cfd=5.430e-05]  WALL=3.183e-15  DATA=2.523e-04
Invoked: SSBroyden1 approach!
[BFGS] batch=  32  call=  1234  total=4.598e-03  PDE=7.546e-04 [colloc=7.006e-04, cfd=5.406e-05]  WALL=3.180e-15  DATA=2.514e-04
Invoked: SSBroyden1 approach!
[BFGS] batch=  32  call=  1237  total=4.579e-03  PDE=7.539e-04 [colloc=6.999e-04, cfd=5.394e-05]  WALL=3.180e-15  DATA=2.515e-04
  [PT] w=2.7341  (raw=1.9964  ‖ΔR‖=4.305e-01  ‖Δu‖=2.156e-01)
[BFGS-END] batch=  32  last_total=4.612e-03  last_PDE=7.539e-04 [colloc=6.999e-04, cfd=5.394e-05]  last_WALL=3.180e-15  last_DATA=2.515e-04
Invoked: SSBroyden1 approach!
[BFGS] batch=  33  call=  1258  total=4.581e-03  PDE=7.487e-04 [colloc=6.948e-04, cfd=5.392e-05]  WALL=3.186e-15  DATA=2.510e-04
Invoked: SSBroyden1 approach!
[BFGS] batch=  33  call=  1265  total=4.552e-03  PDE=7.464e-04 [colloc=6.919e-04, cfd=5.453e-05]  WALL=3.189e-15  DATA=2.498e-04
Invoked: SSBroyden1 approach!
[BFGS] batch=  33  call=  1272  total=4.545e-03  PDE=7.486e-04 [colloc=6.952e-04, cfd=5.342e-05]  WALL=3.176e-15  DATA=2.480e-04
  [PT] w=2.7366  (raw=2.7593  ‖ΔR‖=7.017e-01  ‖Δu‖=2.543e-01)
[BFGS-END] batch=  33  last_total=4.583e-03  last_PDE=7.486e-04 [colloc=6.952e-04, cfd=5.342e-05]  last_WALL=3.176e-15  last_DATA=2.480e-04
Invoked: SSBroyden1 approach!
[BFGS] batch=  34  call=  1293  total=4.538e-03  PDE=7.409e-04 [colloc=6.875e-04, cfd=5.342e-05]  WALL=3.177e-15  DATA=2.481e-04
Invoked: SSBroyden1 approach!
[BFGS] batch=  34  call=  1301  total=4.525e-03  PDE=7.349e-04 [colloc=6.813e-04, cfd=5.362e-05]  WALL=3.187e-15  DATA=2.484e-04
Invoked: SSBroyden1 approach!
[BFGS] batch=  34  call=  1302  total=4.496e-03  PDE=7.320e-04 [colloc=6.791e-04, cfd=5.294e-05]  WALL=3.181e-15  DATA=2.476e-04
Invoked: SSBroyden1 approach!
[BFGS] batch=  34  call=  1313  total=4.486e-03  PDE=7.315e-04 [colloc=6.788e-04, cfd=5.270e-05]  WALL=3.180e-15  DATA=2.473e-04
  [PT] w=2.7380  (raw=2.7501  ‖ΔR‖=4.510e-01  ‖Δu‖=1.640e-01)
[BFGS] batch 34: H0 not PD — resetting to identity.
[BFGS-END] batch=  34  last_total=4.515e-03  last_PDE=7.315e-04 [colloc=6.788e-04, cfd=5.269e-05]  last_WALL=3.180e-15  last_DATA=2.473e-04
Invoked: SSBroyden1 approach!
[BFGS] batch=  35  call=  1355  total=4.494e-03  PDE=7.307e-04 [colloc=6.780e-04, cfd=5.266e-05]  WALL=3.181e-15  DATA=2.475e-04
Invoked: SSBroyden1 approach!
[BFGS] batch=  35  call=  1368  total=4.483e-03  PDE=7.305e-04 [colloc=6.778e-04, cfd=5.264e-05]  WALL=3.181e-15  DATA=2.476e-04
  [PT] w=2.7328  (raw=2.6861  ‖ΔR‖=4.551e-02  ‖Δu‖=1.694e-02)
[BFGS-END] batch=  35  last_total=4.504e-03  last_PDE=7.305e-04 [colloc=6.778e-04, cfd=5.263e-05]  last_WALL=3.181e-15  last_DATA=2.476e-04
Invoked: SSBroyden1 approach!
[BFGS] batch=  36  call=  1408  total=4.505e-03  PDE=7.309e-04 [colloc=6.783e-04, cfd=5.255e-05]  WALL=3.180e-15  DATA=2.480e-04
Invoked: SSBroyden1 approach!
[BFGS] batch=  36  call=  1417  total=4.494e-03  PDE=7.308e-04 [colloc=6.782e-04, cfd=5.254e-05]  WALL=3.180e-15  DATA=2.480e-04
  [PT] w=2.9065  (raw=4.4699  ‖ΔR‖=1.326e-01  ‖Δu‖=2.967e-02)
[BFGS-END] batch=  36  last_total=4.522e-03  last_PDE=7.307e-04 [colloc=6.782e-04, cfd=5.254e-05]  last_WALL=3.180e-15  last_DATA=2.480e-04
Invoked: SSBroyden1 approach!
[BFGS] batch=  37  call=  1440  total=4.512e-03  PDE=7.299e-04 [colloc=6.773e-04, cfd=5.257e-05]  WALL=3.175e-15  DATA=2.484e-04
Invoked: SSBroyden1 approach!
[BFGS] batch=  37  call=  1442  total=4.487e-03  PDE=7.298e-04 [colloc=6.774e-04, cfd=5.235e-05]  WALL=3.174e-15  DATA=2.484e-04
Invoked: SSBroyden1 approach!
[BFGS] batch=  37  call=  1444  total=4.487e-03  PDE=7.295e-04 [colloc=6.772e-04, cfd=5.226e-05]  WALL=3.173e-15  DATA=2.485e-04
  [PT] w=2.8010  (raw=1.8512  ‖ΔR‖=1.247e-01  ‖Δu‖=6.735e-02)
[BFGS-END] batch=  37  last_total=4.515e-03  last_PDE=7.294e-04 [colloc=6.772e-04, cfd=5.225e-05]  last_WALL=3.173e-15  last_DATA=2.485e-04
Invoked: SSBroyden1 approach!
[BFGS] batch=  38  call=  1467  total=4.491e-03  PDE=7.302e-04 [colloc=6.779e-04, cfd=5.225e-05]  WALL=3.173e-15  DATA=2.485e-04
Invoked: SSBroyden1 approach!
[BFGS] batch=  38  call=  1476  total=4.488e-03  PDE=7.292e-04 [colloc=6.773e-04, cfd=5.197e-05]  WALL=3.178e-15  DATA=2.484e-04
Invoked: SSBroyden1 approach!
[BFGS] batch=  38  call=  1485  total=4.486e-03  PDE=7.293e-04 [colloc=6.774e-04, cfd=5.196e-05]  WALL=3.179e-15  DATA=2.483e-04
Invoked: SSBroyden1 approach!
[BFGS] batch=  38  call=  1493  total=4.461e-03  PDE=7.292e-04 [colloc=6.773e-04, cfd=5.195e-05]  WALL=3.179e-15  DATA=2.484e-04
  [PT] w=2.8307  (raw=3.0981  ‖ΔR‖=1.116e-01  ‖Δu‖=3.602e-02)
[BFGS-END] batch=  38  last_total=4.493e-03  last_PDE=7.292e-04 [colloc=6.773e-04, cfd=5.195e-05]  last_WALL=3.179e-15  last_DATA=2.484e-04
  [PT] w=2.9745  (raw=4.2686  ‖ΔR‖=2.594e-04  ‖Δu‖=6.075e-05)
[BFGS-END] batch=  39  last_total=4.504e-03  last_PDE=7.291e-04 [colloc=6.771e-04, cfd=5.195e-05]  last_WALL=3.179e-15  last_DATA=2.484e-04
Invoked: SSBroyden1 approach!
[BFGS] batch=  40  call=  1533  total=4.526e-03  PDE=7.289e-04 [colloc=6.769e-04, cfd=5.199e-05]  WALL=3.178e-15  DATA=2.485e-04
Invoked: SSBroyden1 approach!
[BFGS] batch=  40  call=  1534  total=4.522e-03  PDE=7.287e-04 [colloc=6.767e-04, cfd=5.202e-05]  WALL=3.177e-15  DATA=2.486e-04
Invoked: SSBroyden1 approach!
[BFGS] batch=  40  call=  1536  total=4.503e-03  PDE=7.285e-04 [colloc=6.763e-04, cfd=5.216e-05]  WALL=3.180e-15  DATA=2.488e-04
Invoked: SSBroyden1 approach!
[BFGS] batch=  40  call=  1546  total=4.479e-03  PDE=7.289e-04 [colloc=6.767e-04, cfd=5.223e-05]  WALL=3.179e-15  DATA=2.485e-04
  [PT] w=3.0091  (raw=3.3203  ‖ΔR‖=1.770e-01  ‖Δu‖=5.330e-02)
[PT] batch=  40  w=3.0091e+00
[BFGS-END] batch=  40  last_total=4.508e-03  last_PDE=7.289e-04 [colloc=6.767e-04, cfd=5.223e-05]  last_WALL=3.179e-15  last_DATA=2.485e-04
Invoked: SSBroyden1 approach!
[BFGS] batch=  41  call=  1583  total=4.495e-03  PDE=7.294e-04 [colloc=6.772e-04, cfd=5.216e-05]  WALL=3.179e-15  DATA=2.483e-04
Invoked: SSBroyden1 approach!
[BFGS] batch=  41  call=  1585  total=4.483e-03  PDE=7.290e-04 [colloc=6.770e-04, cfd=5.197e-05]  WALL=3.178e-15  DATA=2.484e-04
Invoked: SSBroyden1 approach!
[BFGS] batch=  41  call=  1589  total=4.458e-03  PDE=7.290e-04 [colloc=6.770e-04, cfd=5.197e-05]  WALL=3.178e-15  DATA=2.484e-04
  [PT] w=3.0198  (raw=3.1161  ‖ΔR‖=6.090e-02  ‖Δu‖=1.954e-02)
[BFGS-END] batch=  41  last_total=4.535e-03  last_PDE=7.290e-04 [colloc=6.770e-04, cfd=5.197e-05]  last_WALL=3.178e-15  last_DATA=2.484e-04
Invoked: SSBroyden1 approach!
[BFGS] batch=  42  call=  1610  total=4.480e-03  PDE=7.293e-04 [colloc=6.774e-04, cfd=5.190e-05]  WALL=3.184e-15  DATA=2.487e-04
Invoked: SSBroyden1 approach!
[BFGS] batch=  42  call=  1620  total=4.478e-03  PDE=7.290e-04 [colloc=6.771e-04, cfd=5.190e-05]  WALL=3.183e-15  DATA=2.486e-04
  [PT] w=3.0303  (raw=3.1253  ‖ΔR‖=7.211e-02  ‖Δu‖=2.307e-02)
[BFGS-END] batch=  42  last_total=4.517e-03  last_PDE=7.290e-04 [colloc=6.771e-04, cfd=5.190e-05]  last_WALL=3.183e-15  last_DATA=2.486e-04
  [PT] w=3.0812  (raw=3.5392  ‖ΔR‖=5.592e-04  ‖Δu‖=1.580e-04)
[BFGS-END] batch=  43  last_total=4.498e-03  last_PDE=7.291e-04 [colloc=6.772e-04, cfd=5.190e-05]  last_WALL=3.183e-15  last_DATA=2.486e-04
Invoked: SSBroyden1 approach!
[BFGS] batch=  44  call=  1668  total=4.498e-03  PDE=7.291e-04 [colloc=6.772e-04, cfd=5.196e-05]  WALL=3.182e-15  DATA=2.484e-04
Invoked: SSBroyden1 approach!
[BFGS] batch=  44  call=  1669  total=4.481e-03  PDE=7.290e-04 [colloc=6.771e-04, cfd=5.193e-05]  WALL=3.183e-15  DATA=2.483e-04
  [PT] w=3.0725  (raw=2.9940  ‖ΔR‖=5.250e-02  ‖Δu‖=1.754e-02)
[BFGS-END] batch=  44  last_total=4.513e-03  last_PDE=7.289e-04 [colloc=6.770e-04, cfd=5.192e-05]  last_WALL=3.183e-15  last_DATA=2.482e-04
Invoked: SSBroyden1 approach!
[BFGS] batch=  45  call=  1694  total=4.497e-03  PDE=7.288e-04 [colloc=6.768e-04, cfd=5.195e-05]  WALL=3.184e-15  DATA=2.478e-04
  [PT] w=3.0857  (raw=3.2045  ‖ΔR‖=6.009e-02  ‖Δu‖=1.875e-02)
[BFGS-END] batch=  45  last_total=4.503e-03  last_PDE=7.288e-04 [colloc=6.768e-04, cfd=5.191e-05]  last_WALL=3.184e-15  last_DATA=2.478e-04
Invoked: SSBroyden1 approach!
[BFGS] batch=  46  call=  1716  total=4.465e-03  PDE=7.286e-04 [colloc=6.767e-04, cfd=5.191e-05]  WALL=3.184e-15  DATA=2.478e-04
Invoked: SSBroyden1 approach!
[BFGS] batch=  46  call=  1718  total=4.457e-03  PDE=7.285e-04 [colloc=6.768e-04, cfd=5.174e-05]  WALL=3.184e-15  DATA=2.475e-04
  [PT] w=3.1079  (raw=3.3080  ‖ΔR‖=3.069e-02  ‖Δu‖=9.277e-03)
[BFGS-END] batch=  46  last_total=4.497e-03  last_PDE=7.285e-04 [colloc=6.768e-04, cfd=5.174e-05]  last_WALL=3.184e-15  last_DATA=2.475e-04
Invoked: SSBroyden1 approach!
[BFGS] batch=  47  call=  1739  total=4.484e-03  PDE=7.290e-04 [colloc=6.771e-04, cfd=5.191e-05]  WALL=3.185e-15  DATA=2.468e-04
Invoked: SSBroyden1 approach!
[BFGS] batch=  47  call=  1742  total=4.472e-03  PDE=7.288e-04 [colloc=6.770e-04, cfd=5.188e-05]  WALL=3.185e-15  DATA=2.466e-04
Invoked: SSBroyden1 approach!
[BFGS] batch=  47  call=  1747  total=4.459e-03  PDE=7.284e-04 [colloc=6.767e-04, cfd=5.175e-05]  WALL=3.185e-15  DATA=2.466e-04
  [PT] w=3.1104  (raw=3.1323  ‖ΔR‖=1.113e-01  ‖Δu‖=3.553e-02)
[BFGS-END] batch=  47  last_total=4.495e-03  last_PDE=7.284e-04 [colloc=6.767e-04, cfd=5.175e-05]  last_WALL=3.185e-15  last_DATA=2.466e-04
Invoked: SSBroyden1 approach!
[BFGS] batch=  48  call=  1776  total=4.469e-03  PDE=7.288e-04 [colloc=6.770e-04, cfd=5.172e-05]  WALL=3.185e-15  DATA=2.466e-04
  [PT] w=3.1083  (raw=3.0900  ‖ΔR‖=1.226e-02  ‖Δu‖=3.968e-03)
[BFGS-END] batch=  48  last_total=4.488e-03  last_PDE=7.288e-04 [colloc=6.770e-04, cfd=5.172e-05]  last_WALL=3.185e-15  last_DATA=2.466e-04
Invoked: SSBroyden1 approach!
[BFGS] batch=  49  call=  1797  total=4.476e-03  PDE=7.292e-04 [colloc=6.775e-04, cfd=5.169e-05]  WALL=3.186e-15  DATA=2.469e-04
Invoked: SSBroyden1 approach!
[BFGS] batch=  49  call=  1799  total=4.465e-03  PDE=7.282e-04 [colloc=6.762e-04, cfd=5.202e-05]  WALL=3.182e-15  DATA=2.473e-04
Invoked: SSBroyden1 approach!
[BFGS] batch=  49  call=  1809  total=4.455e-03  PDE=7.273e-04 [colloc=6.754e-04, cfd=5.186e-05]  WALL=3.177e-15  DATA=2.469e-04
  [PT] w=3.0423  (raw=2.4478  ‖ΔR‖=2.345e-01  ‖Δu‖=9.580e-02)
[BFGS-END] batch=  49  last_total=4.467e-03  last_PDE=7.273e-04 [colloc=6.754e-04, cfd=5.186e-05]  last_WALL=3.177e-15  last_DATA=2.469e-04
