{
  "velocity": {
    "n_points": 4869,
    "speed_true_mean": 0.7003024220466614,
    "mae_u": 0.010848769918084145,
    "mae_v": 0.007352526765316725,
    "rmse_u": 0.015365793369710445,
    "rmse_v": 0.011872121132910252,
    "max_abs_eu": 0.057329535484313965,
    "max_abs_ev": 0.06125587224960327,
    "rel_l2_u": 0.018980495631694794,
    "rel_l2_v": 0.09376005828380585,
    "rel_l2_uv": 0.023697713389992714
  },
  "pde": {
    "n_collocation": 19835,
    "pde_rmse_mag": 5.361976623535156,
    "pde_mean_mag": 2.4740564823150635,
    "pde_p90_mag": 6.7001219749450796,
    "pde_p99_mag": 22.81804191589355,
    "near_cyl_pde_rmse_mag": 12.408421516418457,
    "far_pde_rmse_mag": 0.9969722032546997
  },
  "bc": {
    "inlet_u_minus_1_rmse": 0.027359744533896446,
    "inlet_v_rmse": 0.010256092064082623,
    "top_u_minus_1_rmse": 0.016964100301265717,
    "bottom_u_minus_1_rmse": 0.0161842443048954,
    "top_v_rmse": 0.031353387981653214,
    "bottom_v_rmse": 0.03149748966097832,
    "wall_speed_max": 2.5079251031456806e-07,
    "wall_speed_p95": 1.2920746499389672e-07,
    "wall_u_max_abs": 2.1304752806372562e-07,
    "wall_v_max_abs": 1.8700708892538387e-07
  },
  "vorticity": {
    "vort_rmse": 1.1217131614685059,
    "vort_max_abs": 3.0326952934265137,
    "vort_cfd_max": 8.076549530029297,
    "vort_cfd_min": -8.076652526855469,
    "vort_pinn_max": 10.11719799041748,
    "vort_pinn_min": -9.973551750183105
  }
}