[OK] _optimize._minimize_bfgs loaded — SSBroyden / SSBFGS variants available
Loaded Re40.vtk  cells=8234  (pressure=pMean)
Model: width=96, depth=5, params=38018
Loss weights: adaptive during Adam, frozen during BFGS
Cylinder no-slip: enforced hard through stream-function lifting
CFD-aware PDE residual: n_cfd_pde=8000, lambda_pde_cfd=1.0
[PT  ] pseudo-time stepping ENABLED  w_init=1.0  ema=0.9  w_bounds=[0.0001, 10000.0]
[data] anchor uses 500 random CFD points (fresh each Adam epoch; one frozen set during BFGS)
[mem ] params=38018  H0 (NxN float64) = 10.77 GB  available ~ 100.0 GB
============================================================
Phase 1 — Adam (2000 epochs)
Goal: match CFD while improving PDE and enforcing wall no-slip exactly
============================================================
  [PT] w_u=1.1092 w_v=1.1092 gamma=1.000 (tau_u=9.016e-01 tau_v=9.015e-01 |Du|=5.52e+01 |DRu|=4.42e+02)
  [PT] w_u=1.2223 w_v=1.2276 gamma=1.000 (tau_u=8.181e-01 tau_v=8.146e-01 |Du|=1.38e+01 |DRu|=5.32e+01)
  [PT] w_u=1.3537 w_v=1.3603 gamma=1.000 (tau_u=7.387e-01 tau_v=7.351e-01 |Du|=2.62e+01 |DRu|=1.69e+02)
  [PT] w_u=1.5005 w_v=1.5084 gamma=1.000 (tau_u=6.665e-01 tau_v=6.630e-01 |Du|=2.79e+01 |DRu|=2.20e+02)
  [PT] w_u=1.6653 w_v=1.6749 gamma=1.000 (tau_u=6.005e-01 tau_v=5.970e-01 |Du|=5.51e+00 |DRu|=6.65e+01)
  [PT] w_u=1.8356 w_v=1.8459 gamma=1.000 (tau_u=5.448e-01 tau_v=5.418e-01 |Du|=8.27e+00 |DRu|=3.98e+01)
  [PT] w_u=2.0275 w_v=2.0394 gamma=1.000 (tau_u=4.932e-01 tau_v=4.903e-01 |Du|=1.49e+01 |DRu|=8.73e+01)
  [PT] w_u=2.2408 w_v=2.2546 gamma=1.000 (tau_u=4.463e-01 tau_v=4.435e-01 |Du|=1.80e+01 |DRu|=1.17e+02)
  [PT] w_u=2.4831 w_v=2.4983 gamma=1.000 (tau_u=4.027e-01 tau_v=4.003e-01 |Du|=1.39e+01 |DRu|=1.34e+02)
  [PT] w_u=2.7538 w_v=2.7677 gamma=1.000 (tau_u=3.631e-01 tau_v=3.613e-01 |Du|=5.90e+00 |DRu|=7.14e+01)
  [PT] w_u=3.0095 w_v=3.0109 gamma=1.000 (tau_u=3.323e-01 tau_v=3.321e-01 |Du|=8.98e+00 |DRu|=3.84e+01)
  [PT] w_u=3.2467 w_v=3.2489 gamma=1.000 (tau_u=3.080e-01 tau_v=3.078e-01 |Du|=1.33e+01 |DRu|=4.44e+01)
  [PT] w_u=3.5343 w_v=3.5399 gamma=1.000 (tau_u=2.829e-01 tau_v=2.825e-01 |Du|=1.62e+01 |DRu|=6.75e+01)
  [PT] w_u=3.8767 w_v=3.8840 gamma=1.000 (tau_u=2.580e-01 tau_v=2.575e-01 |Du|=1.69e+01 |DRu|=9.28e+01)
  [PT] w_u=4.2853 w_v=4.2763 gamma=1.000 (tau_u=2.334e-01 tau_v=2.338e-01 |Du|=7.36e+00 |DRu|=6.73e+01)
  [PT] w_u=4.7231 w_v=4.6565 gamma=1.000 (tau_u=2.117e-01 tau_v=2.148e-01 |Du|=5.83e+00 |DRu|=4.46e+01)
  [PT] w_u=5.0871 w_v=4.9564 gamma=1.000 (tau_u=1.966e-01 tau_v=2.018e-01 |Du|=9.77e+00 |DRu|=3.98e+01)
  [PT] w_u=5.3783 w_v=5.1962 gamma=1.000 (tau_u=1.859e-01 tau_v=1.924e-01 |Du|=1.29e+01 |DRu|=4.31e+01)
  [PT] w_u=5.7089 w_v=5.4878 gamma=1.000 (tau_u=1.752e-01 tau_v=1.822e-01 |Du|=1.48e+01 |DRu|=5.30e+01)
  [PT] w_u=6.0941 w_v=5.8779 gamma=1.000 (tau_u=1.641e-01 tau_v=1.701e-01 |Du|=1.42e+01 |DRu|=5.60e+01)
[Adam] ep=   20  total=5.082e+00  PDE=2.480e-01 [colloc=2.416e-01, cfd=6.378e-03] (w=2.382)  IN=8.098e-01 (w=1.229)  TB=9.061e-01 (w=1.261)  WALL=4.279e-15 (w=0.200)  OUT=2.120e-02 (w=0.487)  DATA=5.485e-01 (w=4.272)  DATA_P=0.000e+00 (w=1.000)
  [PT] w_u=6.4570 w_v=6.1910 gamma=1.000 (tau_u=1.549e-01 tau_v=1.615e-01 |Du|=8.60e+00 |DRu|=3.21e+01)
  [PT] w_u=6.9920 w_v=6.3436 gamma=1.000 (tau_u=1.430e-01 tau_v=1.576e-01 |Du|=4.90e+00 |DRu|=2.57e+01)
  [PT] w_u=7.5964 w_v=6.4945 gamma=1.000 (tau_u=1.316e-01 tau_v=1.540e-01 |Du|=5.43e+00 |DRu|=3.17e+01)
  [PT] w_u=8.0961 w_v=6.8397 gamma=1.000 (tau_u=1.235e-01 tau_v=1.462e-01 |Du|=7.79e+00 |DRu|=3.47e+01)
  [PT] w_u=8.2679 w_v=7.3379 gamma=1.000 (tau_u=1.210e-01 tau_v=1.363e-01 |Du|=9.16e+00 |DRu|=2.93e+01)
  [PT] w_u=8.1226 w_v=7.4940 gamma=1.000 (tau_u=1.231e-01 tau_v=1.334e-01 |Du|=8.79e+00 |DRu|=2.33e+01)
  [PT] w_u=8.4887 w_v=7.4591 gamma=0.918 (tau_u=1.178e-01 tau_v=1.341e-01 |Du|=6.85e+00 |DRu|=2.48e+01)
  [PT] w_u=8.7598 w_v=7.3403 gamma=1.000 (tau_u=1.142e-01 tau_v=1.362e-01 |Du|=5.09e+00 |DRu|=1.78e+01)
  [PT] w_u=8.4010 w_v=7.5496 gamma=1.000 (tau_u=1.190e-01 tau_v=1.325e-01 |Du|=7.59e+00 |DRu|=1.88e+01)
  [PT] w_u=8.4384 w_v=7.9070 gamma=1.000 (tau_u=1.185e-01 tau_v=1.265e-01 |Du|=9.38e+00 |DRu|=2.78e+01)
  [PT] w_u=8.6993 w_v=8.2439 gamma=1.000 (tau_u=1.150e-01 tau_v=1.213e-01 |Du|=5.87e+00 |DRu|=2.04e+01)
  [PT] w_u=8.5569 w_v=8.3871 gamma=1.000 (tau_u=1.169e-01 tau_v=1.192e-01 |Du|=3.29e+00 |DRu|=8.99e+00)
  [PT] w_u=8.7244 w_v=8.6093 gamma=1.000 (tau_u=1.146e-01 tau_v=1.162e-01 |Du|=4.77e+00 |DRu|=1.55e+01)
  [PT] w_u=9.0058 w_v=8.8382 gamma=1.000 (tau_u=1.110e-01 tau_v=1.131e-01 |Du|=7.55e+00 |DRu|=2.69e+01)
  [PT] w_u=9.2643 w_v=9.0749 gamma=1.000 (tau_u=1.079e-01 tau_v=1.102e-01 |Du|=9.23e+00 |DRu|=3.26e+01)
  [PT] w_u=9.2201 w_v=9.0614 gamma=1.000 (tau_u=1.085e-01 tau_v=1.104e-01 |Du|=5.29e+00 |DRu|=1.57e+01)
  [PT] w_u=9.6688 w_v=8.7716 gamma=1.000 (tau_u=1.034e-01 tau_v=1.140e-01 |Du|=2.64e+00 |DRu|=1.09e+01)
  [PT] w_u=10.4042 w_v=8.9926 gamma=1.000 (tau_u=9.611e-02 tau_v=1.112e-01 |Du|=3.94e+00 |DRu|=2.26e+01)
  [PT] w_u=10.5770 w_v=9.4881 gamma=1.000 (tau_u=9.454e-02 tau_v=1.054e-01 |Du|=4.58e+00 |DRu|=1.62e+01)
  [PT] w_u=11.2732 w_v=9.7292 gamma=1.000 (tau_u=8.871e-02 tau_v=1.028e-01 |Du|=2.81e+00 |DRu|=1.48e+01)
[Adam] ep=   40  total=4.376e+00  PDE=7.382e-02 [colloc=6.932e-02, cfd=4.495e-03] (w=1.447)  IN=6.176e-01 (w=1.443)  TB=7.550e-01 (w=1.548)  WALL=2.980e-15 (w=0.200)  OUT=1.101e-02 (w=0.292)  DATA=4.495e-01 (w=4.905)  DATA_P=0.000e+00 (w=1.000)
  [PT] w_u=10.3796 w_v=10.0988 gamma=1.000 (tau_u=9.634e-02 tau_v=9.902e-02 |Du|=7.78e+00 |DRu|=1.91e+01)
  [PT] w_u=8.8940 w_v=10.0375 gamma=1.000 (tau_u=1.124e-01 tau_v=9.963e-02 |Du|=1.06e+01 |DRu|=2.10e+01)
  [PT] w_u=8.9958 w_v=10.4553 gamma=1.000 (tau_u=1.112e-01 tau_v=9.565e-02 |Du|=1.16e+01 |DRu|=3.69e+01)
  [PT] w_u=8.9282 w_v=10.8070 gamma=1.000 (tau_u=1.120e-01 tau_v=9.253e-02 |Du|=6.15e+00 |DRu|=1.78e+01)
  [PT] w_u=9.3891 w_v=10.1605 gamma=1.000 (tau_u=1.065e-01 tau_v=9.842e-02 |Du|=2.99e+00 |DRu|=1.25e+01)
  [PT] w_u=9.9467 w_v=10.4590 gamma=1.000 (tau_u=1.005e-01 tau_v=9.561e-02 |Du|=6.57e+00 |DRu|=3.03e+01)
  [PT] w_u=10.1281 w_v=10.9353 gamma=1.000 (tau_u=9.874e-02 tau_v=9.145e-02 |Du|=7.82e+00 |DRu|=2.72e+01)
  [PT] w_u=10.4037 w_v=10.1421 gamma=1.000 (tau_u=9.612e-02 tau_v=9.860e-02 |Du|=4.25e+00 |DRu|=1.58e+01)
  [PT] w_u=10.5554 w_v=9.8919 gamma=1.000 (tau_u=9.474e-02 tau_v=1.011e-01 |Du|=9.22e+00 |DRu|=3.21e+01)
  [PT] w_u=9.5814 w_v=9.7511 gamma=1.000 (tau_u=1.044e-01 tau_v=1.026e-01 |Du|=9.39e+00 |DRu|=2.15e+01)
  [PT] w_u=10.0158 w_v=10.1050 gamma=1.000 (tau_u=9.984e-02 tau_v=9.896e-02 |Du|=7.57e+00 |DRu|=3.11e+01)
  [PT] w_u=9.6863 w_v=10.1563 gamma=1.000 (tau_u=1.032e-01 tau_v=9.846e-02 |Du|=8.34e+00 |DRu|=2.28e+01)
  [PT] w_u=9.6605 w_v=10.7282 gamma=1.000 (tau_u=1.035e-01 tau_v=9.321e-02 |Du|=8.95e+00 |DRu|=2.75e+01)
  [PT] w_u=9.3417 w_v=10.8819 gamma=1.000 (tau_u=1.070e-01 tau_v=9.190e-02 |Du|=6.20e+00 |DRu|=1.66e+01)
  [PT] w_u=8.7663 w_v=11.5968 gamma=1.000 (tau_u=1.141e-01 tau_v=8.623e-02 |Du|=1.40e+01 |DRu|=3.33e+01)
  [PT] w_u=8.7391 w_v=11.4969 gamma=1.000 (tau_u=1.144e-01 tau_v=8.698e-02 |Du|=9.87e+00 |DRu|=2.88e+01)
  [PT] w_u=8.8298 w_v=11.5130 gamma=1.000 (tau_u=1.133e-01 tau_v=8.686e-02 |Du|=7.01e+00 |DRu|=2.19e+01)
  [PT] w_u=9.1208 w_v=11.2524 gamma=1.000 (tau_u=1.096e-01 tau_v=8.887e-02 |Du|=7.44e+00 |DRu|=2.68e+01)
  [PT] w_u=9.6546 w_v=12.3116 gamma=1.000 (tau_u=1.036e-01 tau_v=8.122e-02 |Du|=4.59e+00 |DRu|=2.07e+01)
  [PT] w_u=9.4125 w_v=12.1154 gamma=1.000 (tau_u=1.062e-01 tau_v=8.254e-02 |Du|=9.40e+00 |DRu|=2.61e+01)
[Adam] ep=   60  total=1.837e+00  PDE=1.109e-01 [colloc=1.022e-01, cfd=8.677e-03] (w=1.283)  IN=2.034e-01 (w=1.371)  TB=3.859e-01 (w=1.695)  WALL=2.318e-15 (w=0.200)  OUT=2.929e-02 (w=0.360)  DATA=1.595e-01 (w=4.709)  DATA_P=0.000e+00 (w=1.000)
  [PT] w_u=9.6502 w_v=11.4675 gamma=1.000 (tau_u=1.036e-01 tau_v=8.720e-02 |Du|=8.15e+00 |DRu|=2.88e+01)
  [PT] w_u=10.2847 w_v=11.0210 gamma=1.000 (tau_u=9.723e-02 tau_v=9.074e-02 |Du|=6.27e+00 |DRu|=3.15e+01)
  [PT] w_u=10.7922 w_v=11.6785 gamma=1.000 (tau_u=9.266e-02 tau_v=8.563e-02 |Du|=6.05e+00 |DRu|=2.67e+01)
  [PT] w_u=10.8785 w_v=11.2556 gamma=1.000 (tau_u=9.192e-02 tau_v=8.884e-02 |Du|=5.40e+00 |DRu|=1.85e+01)
  [PT] w_u=10.8593 w_v=11.3527 gamma=1.000 (tau_u=9.209e-02 tau_v=8.808e-02 |Du|=1.30e+01 |DRu|=4.24e+01)
  [PT] w_u=11.1539 w_v=11.3025 gamma=1.000 (tau_u=8.966e-02 tau_v=8.848e-02 |Du|=7.60e+00 |DRu|=2.92e+01)
  [PT] w_u=11.7173 w_v=12.2935 gamma=1.000 (tau_u=8.534e-02 tau_v=8.134e-02 |Du|=6.07e+00 |DRu|=2.81e+01)
  [PT] w_u=11.9894 w_v=12.2661 gamma=1.000 (tau_u=8.341e-02 tau_v=8.153e-02 |Du|=9.77e+00 |DRu|=3.80e+01)
  [PT] w_u=12.1284 w_v=11.4473 gamma=1.000 (tau_u=8.245e-02 tau_v=8.736e-02 |Du|=3.82e+00 |DRu|=1.40e+01)
  [PT] w_u=11.7078 w_v=11.6283 gamma=1.000 (tau_u=8.541e-02 tau_v=8.600e-02 |Du|=1.45e+01 |DRu|=4.34e+01)
  [PT] w_u=12.1099 w_v=12.7189 gamma=1.000 (tau_u=8.258e-02 tau_v=7.862e-02 |Du|=8.52e+00 |DRu|=3.57e+01)
  [PT] w_u=11.1529 w_v=12.8082 gamma=1.000 (tau_u=8.966e-02 tau_v=7.808e-02 |Du|=8.65e+00 |DRu|=2.21e+01)
  [PT] w_u=10.3697 w_v=12.0755 gamma=1.000 (tau_u=9.644e-02 tau_v=8.281e-02 |Du|=1.45e+01 |DRu|=3.66e+01)
  [PT] w_u=10.4242 w_v=11.6873 gamma=1.000 (tau_u=9.593e-02 tau_v=8.556e-02 |Du|=8.25e+00 |DRu|=2.73e+01)
  [PT] w_u=10.4163 w_v=12.0009 gamma=1.000 (tau_u=9.600e-02 tau_v=8.333e-02 |Du|=1.12e+01 |DRu|=3.61e+01)
  [PT] w_u=10.8770 w_v=12.6086 gamma=1.000 (tau_u=9.194e-02 tau_v=7.931e-02 |Du|=1.24e+01 |DRu|=5.26e+01)
  [PT] w_u=11.3388 w_v=11.2613 gamma=1.000 (tau_u=8.819e-02 tau_v=8.880e-02 |Du|=4.60e+00 |DRu|=1.97e+01)
  [PT] w_u=11.8717 w_v=11.8233 gamma=1.000 (tau_u=8.423e-02 tau_v=8.458e-02 |Du|=1.37e+01 |DRu|=6.21e+01)
  [PT] w_u=11.5385 w_v=11.9872 gamma=1.000 (tau_u=8.667e-02 tau_v=8.342e-02 |Du|=8.73e+00 |DRu|=2.65e+01)
  [PT] w_u=12.4030 w_v=11.9391 gamma=1.000 (tau_u=8.063e-02 tau_v=8.376e-02 |Du|=1.11e+01 |DRu|=6.83e+01)
[Adam] ep=   80  total=7.692e-01  PDE=1.207e-01 [colloc=1.093e-01, cfd=1.142e-02] (w=2.008)  IN=5.178e-02 (w=1.139)  TB=1.047e-01 (w=1.595)  WALL=2.441e-15 (w=0.200)  OUT=9.791e-03 (w=0.403)  DATA=6.769e-02 (w=4.385)  DATA_P=0.000e+00 (w=1.000)
  [PT] w_u=12.4455 w_v=10.4570 gamma=1.000 (tau_u=8.035e-02 tau_v=9.563e-02 |Du|=7.42e+00 |DRu|=2.66e+01)
  [PT] w_u=13.1440 w_v=11.1014 gamma=1.000 (tau_u=7.608e-02 tau_v=9.008e-02 |Du|=1.46e+01 |DRu|=7.52e+01)
  [PT] w_u=13.8946 w_v=11.8766 gamma=1.000 (tau_u=7.197e-02 tau_v=8.420e-02 |Du|=4.36e+00 |DRu|=2.33e+01)
  [PT] w_u=14.6085 w_v=12.4744 gamma=1.000 (tau_u=6.845e-02 tau_v=8.016e-02 |Du|=6.96e+00 |DRu|=3.63e+01)
  [PT] w_u=15.0912 w_v=12.7621 gamma=1.000 (tau_u=6.626e-02 tau_v=7.836e-02 |Du|=1.52e+01 |DRu|=7.05e+01)
  [PT] w_u=14.9847 w_v=10.8411 gamma=1.000 (tau_u=6.673e-02 tau_v=9.224e-02 |Du|=6.76e+00 |DRu|=2.54e+01)
  [PT] w_u=16.0112 w_v=11.2221 gamma=1.000 (tau_u=6.246e-02 tau_v=8.911e-02 |Du|=1.06e+01 |DRu|=6.86e+01)
  [PT] w_u=16.5972 w_v=11.8786 gamma=1.000 (tau_u=6.025e-02 tau_v=8.419e-02 |Du|=1.70e+00 |DRu|=8.46e+00)
  [PT] w_u=17.2405 w_v=12.1208 gamma=1.000 (tau_u=5.800e-02 tau_v=8.250e-02 |Du|=1.16e+01 |DRu|=5.97e+01)
  [PT] w_u=16.5189 w_v=10.7489 gamma=1.000 (tau_u=6.054e-02 tau_v=9.303e-02 |Du|=5.37e+00 |DRu|=1.86e+01)
  [PT] w_u=17.0903 w_v=11.3554 gamma=1.000 (tau_u=5.851e-02 tau_v=8.806e-02 |Du|=1.20e+01 |DRu|=5.95e+01)
  [PT] w_u=16.7022 w_v=10.0185 gamma=1.000 (tau_u=5.987e-02 tau_v=9.982e-02 |Du|=3.38e+00 |DRu|=1.26e+01)
  [PT] w_u=17.6836 w_v=10.7784 gamma=1.000 (tau_u=5.655e-02 tau_v=9.278e-02 |Du|=1.01e+01 |DRu|=6.18e+01)
  [PT] w_u=16.0769 w_v=10.1966 gamma=1.000 (tau_u=6.220e-02 tau_v=9.807e-02 |Du|=3.13e+00 |DRu|=9.29e+00)
  [PT] w_u=16.6356 w_v=10.6031 gamma=1.000 (tau_u=6.011e-02 tau_v=9.431e-02 |Du|=1.22e+01 |DRu|=6.02e+01)
  [PT] w_u=16.5164 w_v=9.7199 gamma=1.000 (tau_u=6.055e-02 tau_v=1.029e-01 |Du|=3.60e+00 |DRu|=1.42e+01)
  [PT] w_u=17.4293 w_v=10.4919 gamma=1.000 (tau_u=5.737e-02 tau_v=9.531e-02 |Du|=1.02e+01 |DRu|=5.99e+01)
  [PT] w_u=15.6437 w_v=9.8833 gamma=1.000 (tau_u=6.392e-02 tau_v=1.012e-01 |Du|=2.17e+00 |DRu|=6.18e+00)
  [PT] w_u=16.4287 w_v=10.5970 gamma=1.000 (tau_u=6.087e-02 tau_v=9.437e-02 |Du|=1.10e+01 |DRu|=6.02e+01)
  [PT] w_u=16.4942 w_v=9.4776 gamma=1.000 (tau_u=6.063e-02 tau_v=1.055e-01 |Du|=2.71e+00 |DRu|=1.12e+01)
[Adam] ep=  100  total=6.866e-01  PDE=9.055e-02 [colloc=8.415e-02, cfd=6.407e-03] (w=2.487)  IN=5.084e-02 (w=1.003)  TB=8.420e-02 (w=1.356)  WALL=2.942e-15 (w=0.200)  OUT=2.214e-03 (w=0.369)  DATA=6.556e-02 (w=4.505)  DATA_P=0.000e+00 (w=1.000)
  [PT] w_u=17.1229 w_v=9.7816 gamma=1.000 (tau_u=5.840e-02 tau_v=1.022e-01 |Du|=1.10e+01 |DRu|=5.63e+01)
  [PT] w_u=17.8483 w_v=9.6163 gamma=1.000 (tau_u=5.603e-02 tau_v=1.040e-01 |Du|=2.39e+00 |DRu|=1.28e+01)
  [PT] w_u=18.8097 w_v=10.3732 gamma=1.000 (tau_u=5.316e-02 tau_v=9.640e-02 |Du|=1.04e+01 |DRu|=6.28e+01)
  [PT] w_u=18.8763 w_v=9.8102 gamma=1.000 (tau_u=5.298e-02 tau_v=1.019e-01 |Du|=1.38e+00 |DRu|=6.09e+00)
  [PT] w_u=19.4055 w_v=10.4827 gamma=1.000 (tau_u=5.153e-02 tau_v=9.540e-02 |Du|=9.95e+00 |DRu|=5.07e+01)
  [PT] w_u=18.8512 w_v=9.3702 gamma=1.000 (tau_u=5.305e-02 tau_v=1.067e-01 |Du|=5.28e+00 |DRu|=2.04e+01)
  [PT] w_u=19.3088 w_v=9.6916 gamma=1.000 (tau_u=5.179e-02 tau_v=1.032e-01 |Du|=9.15e+00 |DRu|=4.55e+01)
  [PT] w_u=20.8319 w_v=10.6417 gamma=1.000 (tau_u=4.800e-02 tau_v=9.397e-02 |Du|=1.89e+00 |DRu|=1.60e+01)
  [PT] w_u=21.6233 w_v=11.0184 gamma=1.000 (tau_u=4.625e-02 tau_v=9.076e-02 |Du|=1.08e+01 |DRu|=6.17e+01)
  [PT] w_u=20.5062 w_v=9.5821 gamma=1.000 (tau_u=4.877e-02 tau_v=1.044e-01 |Du|=3.73e+00 |DRu|=1.40e+01)
  [PT] w_u=20.8784 w_v=10.1849 gamma=1.000 (tau_u=4.790e-02 tau_v=9.818e-02 |Du|=1.05e+01 |DRu|=5.27e+01)
  [PT] w_u=21.0077 w_v=10.4456 gamma=1.000 (tau_u=4.760e-02 tau_v=9.573e-02 |Du|=5.83e+00 |DRu|=2.75e+01)
  [PT] w_u=20.7033 w_v=10.8441 gamma=0.995 (tau_u=4.830e-02 tau_v=9.222e-02 |Du|=6.66e+00 |DRu|=2.85e+01)
  [PT] w_u=20.0336 w_v=11.4684 gamma=1.000 (tau_u=4.992e-02 tau_v=8.720e-02 |Du|=1.71e+01 |DRu|=6.75e+01)
  [PT] w_u=16.2362 w_v=11.9604 gamma=1.000 (tau_u=6.159e-02 tau_v=8.361e-02 |Du|=8.06e+00 |DRu|=1.97e+01)
  [PT] w_u=17.1737 w_v=12.7346 gamma=1.000 (tau_u=5.823e-02 tau_v=7.853e-02 |Du|=8.00e+00 |DRu|=4.78e+01)
  [PT] w_u=17.4964 w_v=13.4992 gamma=1.000 (tau_u=5.715e-02 tau_v=7.408e-02 |Du|=1.72e+01 |DRu|=7.91e+01)
  [PT] w_u=13.7199 w_v=13.9832 gamma=1.000 (tau_u=7.289e-02 tau_v=7.151e-02 |Du|=1.12e+01 |DRu|=2.42e+01)
  [PT] w_u=13.8738 w_v=14.6334 gamma=1.000 (tau_u=7.208e-02 tau_v=6.834e-02 |Du|=1.12e+01 |DRu|=4.39e+01)
  [PT] w_u=14.6662 w_v=15.3228 gamma=1.000 (tau_u=6.818e-02 tau_v=6.526e-02 |Du|=1.51e+01 |DRu|=8.31e+01)
[Adam] ep=  120  total=8.920e-01  PDE=9.921e-02 [colloc=9.487e-02, cfd=4.341e-03] (w=2.624)  IN=8.047e-02 (w=0.996)  TB=1.014e-01 (w=1.287)  WALL=9.679e-16 (w=0.200)  OUT=1.965e-03 (w=0.220)  DATA=9.435e-02 (w=4.458)  DATA_P=0.000e+00 (w=1.000)
  [PT] w_u=15.6287 w_v=15.6921 gamma=1.000 (tau_u=6.398e-02 tau_v=6.373e-02 |Du|=4.59e+00 |DRu|=2.84e+01)
  [PT] w_u=16.0231 w_v=16.0752 gamma=1.000 (tau_u=6.241e-02 tau_v=6.221e-02 |Du|=5.33e+00 |DRu|=2.43e+01)
  [PT] w_u=16.5845 w_v=16.7586 gamma=1.000 (tau_u=6.030e-02 tau_v=5.967e-02 |Du|=1.36e+01 |DRu|=6.68e+01)
  [PT] w_u=15.2784 w_v=16.7657 gamma=1.000 (tau_u=6.545e-02 tau_v=5.965e-02 |Du|=1.50e+01 |DRu|=4.50e+01)
  [PT] w_u=13.2175 w_v=16.4932 gamma=1.000 (tau_u=7.566e-02 tau_v=6.063e-02 |Du|=1.14e+01 |DRu|=2.79e+01)
  [PT] w_u=13.9797 w_v=17.3320 gamma=1.000 (tau_u=7.153e-02 tau_v=5.770e-02 |Du|=1.15e+01 |DRu|=6.19e+01)
  [PT] w_u=12.6998 w_v=17.4684 gamma=1.000 (tau_u=7.874e-02 tau_v=5.725e-02 |Du|=4.53e+00 |DRu|=1.19e+01)
  [PT] w_u=12.9295 w_v=18.0903 gamma=1.000 (tau_u=7.734e-02 tau_v=5.528e-02 |Du|=1.08e+01 |DRu|=4.25e+01)
  [PT] w_u=12.7106 w_v=18.6051 gamma=1.000 (tau_u=7.867e-02 tau_v=5.375e-02 |Du|=2.02e+01 |DRu|=6.71e+01)
  [PT] w_u=10.8502 w_v=16.8255 gamma=1.000 (tau_u=9.216e-02 tau_v=5.943e-02 |Du|=1.29e+01 |DRu|=2.79e+01)
  [PT] w_u=11.1212 w_v=16.9099 gamma=1.000 (tau_u=8.992e-02 tau_v=5.914e-02 |Du|=1.00e+01 |DRu|=3.80e+01)
  [PT] w_u=11.8180 w_v=17.5457 gamma=1.000 (tau_u=8.462e-02 tau_v=5.699e-02 |Du|=1.24e+01 |DRu|=6.44e+01)
  [PT] w_u=10.9401 w_v=17.4576 gamma=1.000 (tau_u=9.141e-02 tau_v=5.728e-02 |Du|=9.00e+00 |DRu|=2.30e+01)
  [PT] w_u=10.7652 w_v=17.9886 gamma=1.000 (tau_u=9.289e-02 tau_v=5.559e-02 |Du|=1.16e+01 |DRu|=3.55e+01)
  [PT] w_u=11.2928 w_v=18.5005 gamma=1.000 (tau_u=8.855e-02 tau_v=5.405e-02 |Du|=1.70e+01 |DRu|=7.62e+01)
  [PT] w_u=11.2986 w_v=18.4332 gamma=1.000 (tau_u=8.851e-02 tau_v=5.425e-02 |Du|=9.61e+00 |DRu|=3.24e+01)
  [PT] w_u=11.4900 w_v=18.8440 gamma=1.000 (tau_u=8.703e-02 tau_v=5.307e-02 |Du|=7.66e+00 |DRu|=2.82e+01)
  [PT] w_u=12.2825 w_v=19.6446 gamma=1.000 (tau_u=8.142e-02 tau_v=5.090e-02 |Du|=1.22e+01 |DRu|=6.94e+01)
  [PT] w_u=11.7742 w_v=20.3559 gamma=1.000 (tau_u=8.493e-02 tau_v=4.913e-02 |Du|=1.07e+01 |DRu|=3.14e+01)
  [PT] w_u=10.7513 w_v=20.5723 gamma=1.000 (tau_u=9.301e-02 tau_v=4.861e-02 |Du|=1.30e+01 |DRu|=3.19e+01)
[Adam] ep=  140  total=1.152e+00  PDE=2.380e-01 [colloc=2.355e-01, cfd=2.521e-03] (w=2.678)  IN=6.258e-02 (w=1.016)  TB=1.010e-01 (w=1.219)  WALL=6.657e-15 (w=0.200)  OUT=1.091e-03 (w=0.200)  DATA=7.257e-02 (w=4.512)  DATA_P=0.000e+00 (w=1.000)
  [PT] w_u=10.9579 w_v=20.8815 gamma=1.000 (tau_u=9.126e-02 tau_v=4.789e-02 |Du|=1.61e+01 |DRu|=5.85e+01)
  [PT] w_u=9.9611 w_v=18.8312 gamma=1.000 (tau_u=1.004e-01 tau_v=5.310e-02 |Du|=6.28e+00 |DRu|=1.47e+01)
  [PT] w_u=10.7136 w_v=18.9492 gamma=1.000 (tau_u=9.334e-02 tau_v=5.277e-02 |Du|=5.24e+00 |DRu|=3.03e+01)
  [PT] w_u=9.8471 w_v=18.8007 gamma=1.000 (tau_u=1.016e-01 tau_v=5.319e-02 |Du|=1.69e+01 |DRu|=4.03e+01)
  [PT] w_u=8.9976 w_v=19.0751 gamma=1.000 (tau_u=1.111e-01 tau_v=5.242e-02 |Du|=1.49e+01 |DRu|=3.36e+01)
  [PT] w_u=9.7328 w_v=19.5180 gamma=1.000 (tau_u=1.027e-01 tau_v=5.123e-02 |Du|=7.67e+00 |DRu|=4.65e+01)
  [PT] w_u=8.8734 w_v=17.5806 gamma=1.000 (tau_u=1.127e-01 tau_v=5.688e-02 |Du|=3.58e+00 |DRu|=7.97e+00)
  [PT] w_u=9.4174 w_v=18.3493 gamma=1.000 (tau_u=1.062e-01 tau_v=5.450e-02 |Du|=9.66e+00 |DRu|=4.43e+01)
  [PT] w_u=8.3101 w_v=17.1698 gamma=0.996 (tau_u=1.203e-01 tau_v=5.824e-02 |Du|=1.28e+01 |DRu|=2.56e+01)
  [PT] w_u=8.8375 w_v=18.0118 gamma=1.000 (tau_u=1.132e-01 tau_v=5.552e-02 |Du|=7.51e+00 |DRu|=3.41e+01)
  [PT] w_u=9.0464 w_v=16.8910 gamma=1.000 (tau_u=1.105e-01 tau_v=5.920e-02 |Du|=2.23e+00 |DRu|=7.55e+00)
  [PT] w_u=9.3371 w_v=17.5232 gamma=1.000 (tau_u=1.071e-01 tau_v=5.707e-02 |Du|=1.16e+01 |DRu|=4.22e+01)
  [PT] w_u=7.9576 w_v=16.4749 gamma=1.000 (tau_u=1.257e-01 tau_v=6.070e-02 |Du|=1.01e+01 |DRu|=1.86e+01)
  [PT] w_u=8.4951 w_v=16.9419 gamma=1.000 (tau_u=1.177e-01 tau_v=5.903e-02 |Du|=1.03e+01 |DRu|=4.79e+01)
  [PT] w_u=7.9378 w_v=14.1927 gamma=1.000 (tau_u=1.260e-01 tau_v=7.046e-02 |Du|=1.95e+00 |DRu|=4.35e+00)
  [PT] w_u=8.6021 w_v=15.1357 gamma=1.000 (tau_u=1.163e-01 tau_v=6.607e-02 |Du|=7.53e+00 |DRu|=4.45e+01)
  [PT] w_u=7.9111 w_v=15.0034 gamma=1.000 (tau_u=1.264e-01 tau_v=6.665e-02 |Du|=7.39e+00 |DRu|=1.58e+01)
  [PT] w_u=8.3897 w_v=15.7767 gamma=1.000 (tau_u=1.192e-01 tau_v=6.338e-02 |Du|=1.02e+01 |DRu|=4.39e+01)
  [PT] w_u=8.2960 w_v=12.8585 gamma=1.000 (tau_u=1.205e-01 tau_v=7.777e-02 |Du|=2.58e+00 |DRu|=7.08e+00)
  [PT] w_u=8.9158 w_v=13.6158 gamma=1.000 (tau_u=1.122e-01 tau_v=7.344e-02 |Du|=7.60e+00 |DRu|=3.96e+01)
[Adam] ep=  160  total=7.062e-01  PDE=4.997e-02 [colloc=4.747e-02, cfd=2.501e-03] (w=2.039)  IN=8.289e-02 (w=1.259)  TB=8.847e-02 (w=1.407)  WALL=1.117e-15 (w=0.200)  OUT=1.018e-03 (w=0.200)  DATA=7.502e-02 (w=5.002)  DATA_P=0.000e+00 (w=1.000)
  [PT] w_u=7.9255 w_v=14.2125 gamma=1.000 (tau_u=1.262e-01 tau_v=7.036e-02 |Du|=6.77e+00 |DRu|=1.35e+01)
  [PT] w_u=8.5231 w_v=15.0077 gamma=1.000 (tau_u=1.173e-01 tau_v=6.663e-02 |Du|=1.05e+01 |DRu|=5.41e+01)
  [PT] w_u=8.0215 w_v=14.0003 gamma=1.000 (tau_u=1.247e-01 tau_v=7.143e-02 |Du|=4.77e+00 |DRu|=1.09e+01)
  [PT] w_u=8.6515 w_v=14.8460 gamma=1.000 (tau_u=1.156e-01 tau_v=6.736e-02 |Du|=7.46e+00 |DRu|=4.05e+01)
  [PT] w_u=9.1404 w_v=15.6817 gamma=1.000 (tau_u=1.094e-01 tau_v=6.377e-02 |Du|=1.58e+01 |DRu|=6.82e+01)
  [PT] w_u=8.5532 w_v=16.1922 gamma=1.000 (tau_u=1.169e-01 tau_v=6.176e-02 |Du|=1.13e+01 |DRu|=2.63e+01)
  [PT] w_u=8.6971 w_v=16.7653 gamma=1.000 (tau_u=1.150e-01 tau_v=5.965e-02 |Du|=1.01e+01 |DRu|=3.24e+01)
  [PT] w_u=9.3375 w_v=17.5838 gamma=1.000 (tau_u=1.071e-01 tau_v=5.687e-02 |Du|=1.19e+01 |DRu|=6.24e+01)
  [PT] w_u=9.4908 w_v=18.3778 gamma=1.000 (tau_u=1.054e-01 tau_v=5.441e-02 |Du|=1.05e+01 |DRu|=3.52e+01)
  [PT] w_u=8.3460 w_v=18.0249 gamma=1.000 (tau_u=1.198e-01 tau_v=5.548e-02 |Du|=1.21e+01 |DRu|=2.41e+01)
  [PT] w_u=8.6610 w_v=18.5898 gamma=1.000 (tau_u=1.155e-01 tau_v=5.379e-02 |Du|=1.50e+01 |DRu|=5.45e+01)
  [PT] w_u=8.7946 w_v=16.9381 gamma=1.000 (tau_u=1.137e-01 tau_v=5.904e-02 |Du|=3.40e+00 |DRu|=1.09e+01)
  [PT] w_u=9.3746 w_v=17.0238 gamma=1.000 (tau_u=1.067e-01 tau_v=5.874e-02 |Du|=7.02e+00 |DRu|=3.37e+01)
  [PT] w_u=8.7318 w_v=17.5534 gamma=0.999 (tau_u=1.145e-01 tau_v=5.697e-02 |Du|=9.34e+00 |DRu|=2.17e+01)
  [PT] w_u=9.0572 w_v=13.2408 gamma=0.999 (tau_u=1.104e-01 tau_v=7.552e-02 |Du|=4.87e+00 |DRu|=1.80e+01)
  [PT] w_u=9.6675 w_v=14.1482 gamma=1.000 (tau_u=1.034e-01 tau_v=7.068e-02 |Du|=6.73e+00 |DRu|=3.34e+01)
  [PT] w_u=9.7438 w_v=14.6799 gamma=1.000 (tau_u=1.026e-01 tau_v=6.812e-02 |Du|=3.40e+00 |DRu|=1.10e+01)
  [PT] w_u=10.4447 w_v=15.4969 gamma=1.000 (tau_u=9.574e-02 tau_v=6.453e-02 |Du|=8.35e+00 |DRu|=4.55e+01)
  [PT] w_u=10.2936 w_v=12.4317 gamma=1.000 (tau_u=9.715e-02 tau_v=8.044e-02 |Du|=3.29e+00 |DRu|=9.94e+00)
  [PT] w_u=11.0090 w_v=12.8484 gamma=1.000 (tau_u=9.083e-02 tau_v=7.783e-02 |Du|=7.83e+00 |DRu|=4.25e+01)
[Adam] ep=  180  total=5.706e-01  PDE=8.175e-02 [colloc=7.932e-02, cfd=2.427e-03] (w=2.257)  IN=5.971e-02 (w=1.221)  TB=7.307e-02 (w=1.371)  WALL=1.735e-15 (w=0.200)  OUT=8.515e-04 (w=0.200)  DATA=4.600e-02 (w=4.627)  DATA_P=0.000e+00 (w=1.000)
  [PT] w_u=11.7160 w_v=13.5815 gamma=1.000 (tau_u=8.535e-02 tau_v=7.363e-02 |Du|=1.06e+00 |DRu|=5.57e+00)
  [PT] w_u=12.4933 w_v=13.6162 gamma=1.000 (tau_u=8.004e-02 tau_v=7.344e-02 |Du|=8.04e+00 |DRu|=4.48e+01)
  [PT] w_u=12.2524 w_v=11.5036 gamma=1.000 (tau_u=8.162e-02 tau_v=8.693e-02 |Du|=3.29e+00 |DRu|=1.06e+01)
  [PT] w_u=13.0308 w_v=12.3021 gamma=1.000 (tau_u=7.674e-02 tau_v=8.129e-02 |Du|=8.05e+00 |DRu|=4.44e+01)
  [PT] w_u=12.8497 w_v=11.6681 gamma=1.000 (tau_u=7.782e-02 tau_v=8.570e-02 |Du|=3.38e+00 |DRu|=1.14e+01)
  [PT] w_u=13.3864 w_v=12.2131 gamma=0.997 (tau_u=7.470e-02 tau_v=8.188e-02 |Du|=6.72e+00 |DRu|=3.11e+01)
  [PT] w_u=13.9767 w_v=11.0079 gamma=0.998 (tau_u=7.155e-02 tau_v=9.084e-02 |Du|=3.63e+00 |DRu|=1.75e+01)
  [PT] w_u=13.9229 w_v=11.5606 gamma=1.000 (tau_u=7.182e-02 tau_v=8.650e-02 |Du|=7.25e+00 |DRu|=2.66e+01)
  [PT] w_u=14.3161 w_v=12.2144 gamma=1.000 (tau_u=6.985e-02 tau_v=8.187e-02 |Du|=4.17e+00 |DRu|=1.83e+01)
  [PT] w_u=12.7990 w_v=12.7421 gamma=1.000 (tau_u=7.813e-02 tau_v=7.848e-02 |Du|=1.53e+01 |DRu|=3.92e+01)
  [PT] w_u=11.2320 w_v=13.1851 gamma=1.000 (tau_u=8.903e-02 tau_v=7.584e-02 |Du|=9.02e+00 |DRu|=2.09e+01)
  [PT] w_u=11.8850 w_v=13.9456 gamma=1.000 (tau_u=8.414e-02 tau_v=7.171e-02 |Du|=7.85e+00 |DRu|=3.92e+01)
  [PT] w_u=9.5658 w_v=14.0876 gamma=1.000 (tau_u=1.045e-01 tau_v=7.098e-02 |Du|=8.42e+00 |DRu|=1.57e+01)
  [PT] w_u=9.9437 w_v=14.9028 gamma=1.000 (tau_u=1.006e-01 tau_v=6.710e-02 |Du|=1.25e+01 |DRu|=4.90e+01)
  [PT] w_u=8.7278 w_v=14.8231 gamma=1.000 (tau_u=1.146e-01 tau_v=6.746e-02 |Du|=7.30e+00 |DRu|=1.49e+01)
  [PT] w_u=9.4062 w_v=15.6949 gamma=1.000 (tau_u=1.063e-01 tau_v=6.372e-02 |Du|=7.52e+00 |DRu|=4.21e+01)
  [PT] w_u=8.3670 w_v=15.7311 gamma=1.000 (tau_u=1.195e-01 tau_v=6.357e-02 |Du|=7.05e+00 |DRu|=1.44e+01)
  [PT] w_u=8.6361 w_v=16.3401 gamma=1.000 (tau_u=1.158e-01 tau_v=6.120e-02 |Du|=1.24e+01 |DRu|=4.34e+01)
  [PT] w_u=7.9976 w_v=16.4353 gamma=1.000 (tau_u=1.250e-01 tau_v=6.084e-02 |Du|=6.63e+00 |DRu|=1.45e+01)
  [PT] w_u=8.6283 w_v=17.0265 gamma=1.000 (tau_u=1.159e-01 tau_v=5.873e-02 |Du|=7.76e+00 |DRu|=4.23e+01)
[Adam] ep=  200  total=5.617e-01  PDE=3.519e-02 [colloc=3.265e-02, cfd=2.541e-03] (w=2.080)  IN=6.796e-02 (w=1.301)  TB=5.864e-02 (w=1.364)  WALL=4.065e-16 (w=0.200)  OUT=9.359e-04 (w=0.200)  DATA=6.563e-02 (w=4.875)  DATA_P=0.000e+00 (w=1.000)
  [PT] w_u=7.7823 w_v=15.5997 gamma=1.000 (tau_u=1.285e-01 tau_v=6.410e-02 |Du|=5.30e+00 |DRu|=1.08e+01)
  [PT] w_u=8.3561 w_v=16.4866 gamma=1.000 (tau_u=1.197e-01 tau_v=6.066e-02 |Du|=9.44e+00 |DRu|=4.70e+01)
  [PT] w_u=8.1322 w_v=16.1689 gamma=1.000 (tau_u=1.230e-01 tau_v=6.185e-02 |Du|=2.70e+00 |DRu|=6.90e+00)
  [PT] w_u=8.7496 w_v=16.9425 gamma=1.000 (tau_u=1.143e-01 tau_v=5.902e-02 |Du|=7.08e+00 |DRu|=3.72e+01)
  [PT] w_u=8.6187 w_v=15.2346 gamma=0.999 (tau_u=1.160e-01 tau_v=6.564e-02 |Du|=4.70e+00 |DRu|=1.29e+01)
  [PT] w_u=9.2033 w_v=16.0348 gamma=1.000 (tau_u=1.087e-01 tau_v=6.236e-02 |Du|=9.59e+00 |DRu|=4.66e+01)
  [PT] w_u=8.0710 w_v=15.9439 gamma=1.000 (tau_u=1.239e-01 tau_v=6.272e-02 |Du|=3.42e+00 |DRu|=6.70e+00)
  [PT] w_u=8.7315 w_v=16.7385 gamma=0.996 (tau_u=1.145e-01 tau_v=5.974e-02 |Du|=7.31e+00 |DRu|=4.20e+01)
  [PT] w_u=8.0914 w_v=16.4732 gamma=1.000 (tau_u=1.236e-01 tau_v=6.070e-02 |Du|=1.29e+01 |DRu|=2.85e+01)
  [PT] w_u=8.2865 w_v=17.2081 gamma=1.000 (tau_u=1.207e-01 tau_v=5.811e-02 |Du|=1.06e+01 |DRu|=3.44e+01)
  [PT] w_u=8.2217 w_v=17.8997 gamma=1.000 (tau_u=1.216e-01 tau_v=5.587e-02 |Du|=2.54e+00 |DRu|=7.05e+00)
  [PT] w_u=7.9675 w_v=18.3715 gamma=1.000 (tau_u=1.255e-01 tau_v=5.443e-02 |Du|=1.63e+01 |DRu|=4.06e+01)
  [PT] w_u=7.5109 w_v=17.8148 gamma=1.000 (tau_u=1.331e-01 tau_v=5.613e-02 |Du|=1.22e+01 |DRu|=2.71e+01)
  [PT] w_u=8.1074 w_v=18.6404 gamma=1.000 (tau_u=1.233e-01 tau_v=5.365e-02 |Du|=7.02e+00 |DRu|=3.74e+01)
  [PT] w_u=7.2737 w_v=17.6593 gamma=1.000 (tau_u=1.375e-01 tau_v=5.663e-02 |Du|=7.27e+00 |DRu|=1.41e+01)
  [PT] w_u=7.6778 w_v=18.1971 gamma=1.000 (tau_u=1.302e-01 tau_v=5.495e-02 |Du|=1.27e+01 |DRu|=4.98e+01)
  [PT] w_u=7.0754 w_v=17.9290 gamma=1.000 (tau_u=1.413e-01 tau_v=5.578e-02 |Du|=7.07e+00 |DRu|=1.44e+01)
  [PT] w_u=7.6790 w_v=18.7334 gamma=1.000 (tau_u=1.302e-01 tau_v=5.338e-02 |Du|=7.19e+00 |DRu|=4.14e+01)
  [PT] w_u=7.1365 w_v=18.9007 gamma=1.000 (tau_u=1.401e-01 tau_v=5.291e-02 |Du|=4.66e+00 |DRu|=9.73e+00)
  [PT] w_u=7.5822 w_v=19.6419 gamma=1.000 (tau_u=1.319e-01 tau_v=5.091e-02 |Du|=1.07e+01 |DRu|=4.46e+01)
[Adam] ep=  220  total=4.073e-01  PDE=6.138e-02 [colloc=5.884e-02, cfd=2.534e-03] (w=2.260)  IN=4.726e-02 (w=1.313)  TB=4.149e-02 (w=1.252)  WALL=1.759e-15 (w=0.200)  OUT=9.354e-04 (w=0.200)  DATA=3.253e-02 (w=4.745)  DATA_P=0.000e+00 (w=1.000)
  [PT] w_u=6.8678 w_v=18.8887 gamma=1.000 (tau_u=1.456e-01 tau_v=5.294e-02 |Du|=6.84e+00 |DRu|=1.32e+01)
  [PT] w_u=7.4221 w_v=19.5864 gamma=1.000 (tau_u=1.347e-01 tau_v=5.106e-02 |Du|=7.91e+00 |DRu|=4.12e+01)
  [PT] w_u=6.7246 w_v=18.3906 gamma=1.000 (tau_u=1.487e-01 tau_v=5.438e-02 |Du|=3.35e+00 |DRu|=6.40e+00)
  [PT] w_u=7.1642 w_v=19.0269 gamma=1.000 (tau_u=1.396e-01 tau_v=5.256e-02 |Du|=1.05e+01 |DRu|=4.39e+01)
  [PT] w_u=6.6551 w_v=18.8024 gamma=1.000 (tau_u=1.503e-01 tau_v=5.318e-02 |Du|=6.40e+00 |DRu|=1.29e+01)
  [PT] w_u=7.2210 w_v=19.5641 gamma=1.000 (tau_u=1.385e-01 tau_v=5.111e-02 |Du|=8.10e+00 |DRu|=4.49e+01)
  [PT] w_u=6.6796 w_v=19.6147 gamma=1.000 (tau_u=1.497e-01 tau_v=5.098e-02 |Du|=2.10e+00 |DRu|=4.20e+00)
  [PT] w_u=7.1906 w_v=20.2988 gamma=1.000 (tau_u=1.391e-01 tau_v=4.926e-02 |Du|=8.58e+00 |DRu|=4.12e+01)
  [PT] w_u=6.7502 w_v=19.9003 gamma=0.999 (tau_u=1.481e-01 tau_v=5.025e-02 |Du|=6.03e+00 |DRu|=1.26e+01)
  [PT] w_u=7.3112 w_v=20.5063 gamma=1.000 (tau_u=1.368e-01 tau_v=4.877e-02 |Du|=7.95e+00 |DRu|=4.28e+01)
  [PT] w_u=7.1918 w_v=18.4461 gamma=1.000 (tau_u=1.390e-01 tau_v=5.421e-02 |Du|=5.31e-01 |DRu|=1.33e+00)
  [PT] w_u=7.7740 w_v=19.1783 gamma=0.999 (tau_u=1.286e-01 tau_v=5.214e-02 |Du|=7.67e+00 |DRu|=4.10e+01)
  [PT] w_u=7.0124 w_v=18.2429 gamma=1.000 (tau_u=1.426e-01 tau_v=5.482e-02 |Du|=4.78e+00 |DRu|=9.23e+00)
  [PT] w_u=7.5794 w_v=19.0285 gamma=1.000 (tau_u=1.319e-01 tau_v=5.255e-02 |Du|=7.99e+00 |DRu|=4.21e+01)
  [PT] w_u=7.6390 w_v=16.8655 gamma=1.000 (tau_u=1.309e-01 tau_v=5.929e-02 |Du|=1.13e+00 |DRu|=3.24e+00)
  [PT] w_u=8.2736 w_v=17.6468 gamma=1.000 (tau_u=1.209e-01 tau_v=5.667e-02 |Du|=7.48e+00 |DRu|=4.28e+01)
  [PT] w_u=7.6829 w_v=16.9497 gamma=0.999 (tau_u=1.302e-01 tau_v=5.900e-02 |Du|=4.72e+00 |DRu|=1.02e+01)
  [PT] w_u=8.3062 w_v=17.6239 gamma=1.000 (tau_u=1.204e-01 tau_v=5.674e-02 |Du|=7.92e+00 |DRu|=4.40e+01)
  [PT] w_u=8.0507 w_v=15.2820 gamma=1.000 (tau_u=1.242e-01 tau_v=6.544e-02 |Du|=1.54e+00 |DRu|=3.87e+00)
  [PT] w_u=8.7009 w_v=16.1182 gamma=0.999 (tau_u=1.149e-01 tau_v=6.204e-02 |Du|=7.47e+00 |DRu|=4.22e+01)
[Adam] ep=  240  total=5.550e-01  PDE=9.336e-02 [colloc=9.054e-02, cfd=2.825e-03] (w=2.294)  IN=6.102e-02 (w=1.384)  TB=3.595e-02 (w=1.154)  WALL=1.478e-15 (w=0.200)  OUT=7.054e-04 (w=0.200)  DATA=4.559e-02 (w=4.710)  DATA_P=0.000e+00 (w=1.000)
  [PT] w_u=8.0366 w_v=14.0167 gamma=1.000 (tau_u=1.244e-01 tau_v=7.134e-02 |Du|=5.28e+00 |DRu|=1.15e+01)
  [PT] w_u=8.6092 w_v=14.8762 gamma=1.000 (tau_u=1.162e-01 tau_v=6.722e-02 |Du|=8.05e+00 |DRu|=3.94e+01)
  [PT] w_u=8.8697 w_v=14.0930 gamma=1.000 (tau_u=1.127e-01 tau_v=7.096e-02 |Du|=1.99e+00 |DRu|=6.94e+00)
  [PT] w_u=9.5717 w_v=14.9899 gamma=1.000 (tau_u=1.045e-01 tau_v=6.671e-02 |Du|=7.74e+00 |DRu|=4.46e+01)
  [PT] w_u=8.6844 w_v=13.5238 gamma=1.000 (tau_u=1.151e-01 tau_v=7.394e-02 |Du|=4.31e+00 |DRu|=9.37e+00)
  [PT] w_u=9.3286 w_v=14.1755 gamma=1.000 (tau_u=1.072e-01 tau_v=7.054e-02 |Du|=8.35e+00 |DRu|=4.42e+01)
  [PT] w_u=8.9719 w_v=12.4584 gamma=1.000 (tau_u=1.115e-01 tau_v=8.027e-02 |Du|=1.59e+00 |DRu|=4.12e+00)
  [PT] w_u=9.6628 w_v=13.2926 gamma=1.000 (tau_u=1.035e-01 tau_v=7.523e-02 |Du|=7.64e+00 |DRu|=4.28e+01)
  [PT] w_u=8.6119 w_v=12.6179 gamma=1.000 (tau_u=1.161e-01 tau_v=7.925e-02 |Du|=3.01e+00 |DRu|=6.28e+00)
  [PT] w_u=9.2946 w_v=13.5173 gamma=1.000 (tau_u=1.076e-01 tau_v=7.398e-02 |Du|=7.48e+00 |DRu|=4.26e+01)
  [PT] w_u=9.4445 w_v=11.6684 gamma=1.000 (tau_u=1.059e-01 tau_v=8.570e-02 |Du|=1.30e+00 |DRu|=4.31e+00)
  [PT] w_u=10.1887 w_v=12.4811 gamma=1.000 (tau_u=9.815e-02 tau_v=8.012e-02 |Du|=7.35e+00 |DRu|=4.35e+01)
  [PT] w_u=9.0504 w_v=12.4488 gamma=1.000 (tau_u=1.105e-01 tau_v=8.033e-02 |Du|=2.70e+00 |DRu|=5.73e+00)
  [PT] w_u=9.7476 w_v=13.2099 gamma=1.000 (tau_u=1.026e-01 tau_v=7.570e-02 |Du|=7.71e+00 |DRu|=4.35e+01)
  [PT] w_u=9.8320 w_v=11.5002 gamma=1.000 (tau_u=1.017e-01 tau_v=8.696e-02 |Du|=8.26e-01 |DRu|=2.70e+00)
  [PT] w_u=10.5645 w_v=12.3374 gamma=1.000 (tau_u=9.466e-02 tau_v=8.105e-02 |Du|=7.48e+00 |DRu|=4.24e+01)
  [PT] w_u=9.1878 w_v=12.6107 gamma=1.000 (tau_u=1.088e-01 tau_v=7.930e-02 |Du|=2.05e+00 |DRu|=4.21e+00)
  [PT] w_u=9.9069 w_v=13.4671 gamma=1.000 (tau_u=1.009e-01 tau_v=7.425e-02 |Du|=7.26e+00 |DRu|=4.20e+01)
  [PT] w_u=10.4062 w_v=11.7982 gamma=1.000 (tau_u=9.610e-02 tau_v=8.476e-02 |Du|=7.90e-01 |DRu|=3.45e+00)
  [PT] w_u=11.1870 w_v=12.5803 gamma=1.000 (tau_u=8.939e-02 tau_v=7.949e-02 |Du|=7.27e+00 |DRu|=4.27e+01)
[Adam] ep=  260  total=3.844e-01  PDE=4.711e-02 [colloc=4.483e-02, cfd=2.282e-03] (w=2.184)  IN=5.264e-02 (w=1.432)  TB=3.797e-02 (w=1.193)  WALL=1.182e-15 (w=0.200)  OUT=6.975e-04 (w=0.200)  DATA=3.424e-02 (w=4.693)  DATA_P=0.000e+00 (w=1.000)
  [PT] w_u=9.8216 w_v=12.8218 gamma=1.000 (tau_u=1.018e-01 tau_v=7.799e-02 |Du|=1.72e+00 |DRu|=3.72e+00)
  [PT] w_u=10.5569 w_v=13.6071 gamma=1.000 (tau_u=9.472e-02 tau_v=7.349e-02 |Du|=7.33e+00 |DRu|=4.17e+01)
  [PT] w_u=9.8164 w_v=11.9172 gamma=1.000 (tau_u=1.019e-01 tau_v=8.391e-02 |Du|=1.10e+00 |DRu|=2.69e+00)
  [PT] w_u=10.5110 w_v=12.7133 gamma=1.000 (tau_u=9.514e-02 tau_v=7.866e-02 |Du|=7.53e+00 |DRu|=4.05e+01)
  [PT] w_u=10.3481 w_v=12.8807 gamma=1.000 (tau_u=9.664e-02 tau_v=7.764e-02 |Du|=1.18e+00 |DRu|=3.55e+00)
  [PT] w_u=11.1159 w_v=13.7264 gamma=1.000 (tau_u=8.996e-02 tau_v=7.285e-02 |Du|=7.25e+00 |DRu|=4.19e+01)
  [PT] w_u=10.2430 w_v=12.6878 gamma=1.000 (tau_u=9.763e-02 tau_v=7.882e-02 |Du|=1.33e+00 |DRu|=3.25e+00)
  [PT] w_u=10.9941 w_v=13.4548 gamma=1.000 (tau_u=9.096e-02 tau_v=7.432e-02 |Du|=7.22e+00 |DRu|=4.10e+01)
  [PT] w_u=10.5009 w_v=13.4762 gamma=1.000 (tau_u=9.523e-02 tau_v=7.420e-02 |Du|=7.67e-01 |DRu|=2.10e+00)
  [PT] w_u=11.2480 w_v=14.2550 gamma=1.000 (tau_u=8.890e-02 tau_v=7.015e-02 |Du|=7.18e+00 |DRu|=4.02e+01)
  [PT] w_u=9.9307 w_v=14.0293 gamma=1.000 (tau_u=1.007e-01 tau_v=7.128e-02 |Du|=1.40e+00 |DRu|=3.07e+00)
  [PT] w_u=10.6564 w_v=14.8737 gamma=1.000 (tau_u=9.384e-02 tau_v=6.723e-02 |Du|=7.34e+00 |DRu|=4.09e+01)
  [PT] w_u=11.0014 w_v=13.9347 gamma=1.000 (tau_u=9.090e-02 tau_v=7.176e-02 |Du|=4.75e-01 |DRu|=1.87e+00)
  [PT] w_u=11.7415 w_v=14.7136 gamma=1.000 (tau_u=8.517e-02 tau_v=6.796e-02 |Du|=7.36e+00 |DRu|=4.01e+01)
  [PT] w_u=10.8690 w_v=14.4794 gamma=1.000 (tau_u=9.200e-02 tau_v=6.906e-02 |Du|=1.27e+00 |DRu|=3.23e+00)
  [PT] w_u=11.6103 w_v=15.2150 gamma=1.000 (tau_u=8.613e-02 tau_v=6.572e-02 |Du|=7.20e+00 |DRu|=3.95e+01)
  [PT] w_u=12.0029 w_v=15.7180 gamma=1.000 (tau_u=8.331e-02 tau_v=6.362e-02 |Du|=4.32e-01 |DRu|=1.79e+00)
  [PT] w_u=12.7437 w_v=16.4154 gamma=1.000 (tau_u=7.847e-02 tau_v=6.092e-02 |Du|=7.21e+00 |DRu|=3.86e+01)
  [PT] w_u=11.4439 w_v=16.4280 gamma=1.000 (tau_u=8.738e-02 tau_v=6.087e-02 |Du|=1.02e+00 |DRu|=2.48e+00)
  [PT] w_u=12.1472 w_v=17.0832 gamma=1.000 (tau_u=8.232e-02 tau_v=5.854e-02 |Du|=7.39e+00 |DRu|=3.85e+01)
[Adam] ep=  280  total=4.090e-01  PDE=4.366e-02 [colloc=4.140e-02, cfd=2.255e-03] (w=2.102)  IN=5.205e-02 (w=1.444)  TB=3.656e-02 (w=1.217)  WALL=1.062e-15 (w=0.200)  OUT=6.772e-04 (w=0.200)  DATA=4.108e-02 (w=4.809)  DATA_P=0.000e+00 (w=1.000)
  [PT] w_u=12.5423 w_v=16.9689 gamma=1.000 (tau_u=7.973e-02 tau_v=5.893e-02 |Du|=4.74e-01 |DRu|=1.99e+00)
  [PT] w_u=13.2473 w_v=17.5787 gamma=1.000 (tau_u=7.549e-02 tau_v=5.689e-02 |Du|=7.37e+00 |DRu|=3.82e+01)
  [PT] w_u=12.3818 w_v=17.4764 gamma=1.000 (tau_u=8.076e-02 tau_v=5.722e-02 |Du|=8.74e-01 |DRu|=2.44e+00)
  [PT] w_u=13.1005 w_v=18.0422 gamma=1.000 (tau_u=7.633e-02 tau_v=5.543e-02 |Du|=7.23e+00 |DRu|=3.79e+01)
  [PT] w_u=12.8419 w_v=17.9884 gamma=1.000 (tau_u=7.787e-02 tau_v=5.559e-02 |Du|=5.00e-01 |DRu|=1.65e+00)
  [PT] w_u=13.5453 w_v=18.5512 gamma=1.000 (tau_u=7.383e-02 tau_v=5.391e-02 |Du|=7.22e+00 |DRu|=3.73e+01)
  [PT] w_u=12.7807 w_v=17.7724 gamma=1.000 (tau_u=7.824e-02 tau_v=5.627e-02 |Du|=6.70e-01 |DRu|=1.95e+00)
  [PT] w_u=13.4730 w_v=18.3156 gamma=1.000 (tau_u=7.422e-02 tau_v=5.460e-02 |Du|=7.27e+00 |DRu|=3.73e+01)
  [PT] w_u=13.7232 w_v=17.3208 gamma=1.000 (tau_u=7.287e-02 tau_v=5.773e-02 |Du|=5.40e-01 |DRu|=2.19e+00)
  [PT] w_u=14.4038 w_v=17.8487 gamma=1.000 (tau_u=6.943e-02 tau_v=5.603e-02 |Du|=7.30e+00 |DRu|=3.72e+01)
  [PT] w_u=14.1485 w_v=18.6058 gamma=1.000 (tau_u=7.068e-02 tau_v=5.375e-02 |Du|=7.27e-01 |DRu|=2.54e+00)
  [PT] w_u=14.8235 w_v=19.0309 gamma=1.000 (tau_u=6.746e-02 tau_v=5.255e-02 |Du|=7.25e+00 |DRu|=3.69e+01)
  [PT] w_u=13.9027 w_v=18.2124 gamma=1.000 (tau_u=7.193e-02 tau_v=5.491e-02 |Du|=5.80e-01 |DRu|=1.73e+00)
  [PT] w_u=14.5749 w_v=18.6992 gamma=1.000 (tau_u=6.861e-02 tau_v=5.348e-02 |Du|=7.19e+00 |DRu|=3.65e+01)
  [PT] w_u=14.6043 w_v=18.6483 gamma=1.000 (tau_u=6.847e-02 tau_v=5.362e-02 |Du|=4.65e-01 |DRu|=1.79e+00)
  [PT] w_u=15.2355 w_v=19.0676 gamma=1.000 (tau_u=6.564e-02 tau_v=5.245e-02 |Du|=7.23e+00 |DRu|=3.61e+01)
  [PT] w_u=14.7931 w_v=18.5598 gamma=1.000 (tau_u=6.760e-02 tau_v=5.388e-02 |Du|=7.17e-01 |DRu|=2.46e+00)
  [PT] w_u=15.4193 w_v=18.9633 gamma=1.000 (tau_u=6.485e-02 tau_v=5.273e-02 |Du|=7.27e+00 |DRu|=3.63e+01)
  [PT] w_u=15.3014 w_v=18.0624 gamma=1.000 (tau_u=6.535e-02 tau_v=5.536e-02 |Du|=4.49e-01 |DRu|=1.70e+00)
  [PT] w_u=15.9141 w_v=18.4776 gamma=1.000 (tau_u=6.284e-02 tau_v=5.412e-02 |Du|=7.24e+00 |DRu|=3.61e+01)
[Adam] ep=  300  total=3.626e-01  PDE=3.952e-02 [colloc=3.735e-02, cfd=2.169e-03] (w=2.054)  IN=5.132e-02 (w=1.459)  TB=3.492e-02 (w=1.209)  WALL=9.129e-16 (w=0.200)  OUT=6.090e-04 (w=0.200)  DATA=3.343e-02 (w=4.912)  DATA_P=0.000e+00 (w=1.000)
  [PT] w_u=15.9566 w_v=18.4484 gamma=1.000 (tau_u=6.267e-02 tau_v=5.421e-02 |Du|=4.20e-01 |DRu|=1.70e+00)
  [PT] w_u=16.5356 w_v=18.8568 gamma=1.000 (tau_u=6.048e-02 tau_v=5.303e-02 |Du|=7.20e+00 |DRu|=3.57e+01)
  [PT] w_u=16.5191 w_v=18.9639 gamma=1.000 (tau_u=6.054e-02 tau_v=5.273e-02 |Du|=4.20e-01 |DRu|=1.70e+00)
  [PT] w_u=17.0324 w_v=19.3086 gamma=1.000 (tau_u=5.871e-02 tau_v=5.179e-02 |Du|=7.24e+00 |DRu|=3.52e+01)
  [PT] w_u=17.3473 w_v=17.8464 gamma=1.000 (tau_u=5.765e-02 tau_v=5.603e-02 |Du|=4.22e-01 |DRu|=1.93e+00)
  [PT] w_u=17.8026 w_v=18.1674 gamma=1.000 (tau_u=5.617e-02 tau_v=5.504e-02 |Du|=7.25e+00 |DRu|=3.50e+01)
  [PT] w_u=18.4197 w_v=17.8135 gamma=1.000 (tau_u=5.429e-02 tau_v=5.614e-02 |Du|=4.16e-01 |DRu|=2.15e+00)
  [PT] w_u=18.8600 w_v=18.1387 gamma=1.000 (tau_u=5.302e-02 tau_v=5.513e-02 |Du|=7.20e+00 |DRu|=3.53e+01)
  [PT] w_u=18.8168 w_v=18.0713 gamma=1.000 (tau_u=5.314e-02 tau_v=5.534e-02 |Du|=4.19e-01 |DRu|=1.80e+00)
  [PT] w_u=19.2013 w_v=18.4056 gamma=1.000 (tau_u=5.208e-02 tau_v=5.433e-02 |Du|=7.17e+00 |DRu|=3.48e+01)
  [PT] w_u=17.6065 w_v=17.9081 gamma=1.000 (tau_u=5.680e-02 tau_v=5.584e-02 |Du|=6.09e-01 |DRu|=1.93e+00)
  [PT] w_u=18.0667 w_v=18.3053 gamma=1.000 (tau_u=5.535e-02 tau_v=5.463e-02 |Du|=7.09e+00 |DRu|=3.45e+01)
  [PT] w_u=18.5206 w_v=18.6815 gamma=1.000 (tau_u=5.399e-02 tau_v=5.353e-02 |Du|=3.96e-01 |DRu|=1.94e+00)
  [PT] w_u=18.9153 w_v=18.9871 gamma=1.000 (tau_u=5.287e-02 tau_v=5.267e-02 |Du|=7.09e+00 |DRu|=3.43e+01)
  [PT] w_u=18.8057 w_v=17.3604 gamma=1.000 (tau_u=5.318e-02 tau_v=5.760e-02 |Du|=4.49e-01 |DRu|=1.90e+00)
  [PT] w_u=19.2060 w_v=17.7241 gamma=1.000 (tau_u=5.207e-02 tau_v=5.642e-02 |Du|=7.08e+00 |DRu|=3.45e+01)
  [PT] w_u=17.9858 w_v=18.1320 gamma=1.000 (tau_u=5.560e-02 tau_v=5.515e-02 |Du|=6.12e-01 |DRu|=2.07e+00)
  [PT] w_u=18.4334 w_v=18.4645 gamma=1.000 (tau_u=5.425e-02 tau_v=5.416e-02 |Du|=7.07e+00 |DRu|=3.45e+01)
  [PT] w_u=15.9168 w_v=18.2423 gamma=1.000 (tau_u=6.283e-02 tau_v=5.482e-02 |Du|=7.68e-01 |DRu|=2.05e+00)
  [PT] w_u=16.4890 w_v=18.6605 gamma=1.000 (tau_u=6.065e-02 tau_v=5.359e-02 |Du|=7.04e+00 |DRu|=3.48e+01)
[Adam] ep=  320  total=3.710e-01  PDE=3.733e-02 [colloc=3.518e-02, cfd=2.144e-03] (w=1.989)  IN=5.368e-02 (w=1.476)  TB=3.560e-02 (w=1.206)  WALL=9.626e-16 (w=0.200)  OUT=6.070e-04 (w=0.200)  DATA=3.465e-02 (w=5.035)  DATA_P=0.000e+00 (w=1.000)
  [PT] w_u=16.6392 w_v=19.0581 gamma=1.000 (tau_u=6.010e-02 tau_v=5.247e-02 |Du|=4.68e-01 |DRu|=1.99e+00)
  [PT] w_u=17.1603 w_v=19.3927 gamma=1.000 (tau_u=5.827e-02 tau_v=5.157e-02 |Du|=7.06e+00 |DRu|=3.45e+01)
  [PT] w_u=16.1224 w_v=18.0983 gamma=1.000 (tau_u=6.203e-02 tau_v=5.525e-02 |Du|=4.67e-01 |DRu|=1.51e+00)
  [PT] w_u=16.6724 w_v=18.4877 gamma=1.000 (tau_u=5.998e-02 tau_v=5.409e-02 |Du|=7.03e+00 |DRu|=3.45e+01)
  [PT] w_u=16.5131 w_v=18.6713 gamma=1.000 (tau_u=6.056e-02 tau_v=5.356e-02 |Du|=5.24e-01 |DRu|=2.04e+00)
  [PT] w_u=17.0327 w_v=18.9761 gamma=1.000 (tau_u=5.871e-02 tau_v=5.270e-02 |Du|=7.04e+00 |DRu|=3.43e+01)
  [PT] w_u=17.3644 w_v=19.4168 gamma=1.000 (tau_u=5.759e-02 tau_v=5.150e-02 |Du|=4.15e-01 |DRu|=1.91e+00)
  [PT] w_u=17.8779 w_v=19.7436 gamma=1.000 (tau_u=5.593e-02 tau_v=5.065e-02 |Du|=6.95e+00 |DRu|=3.43e+01)
  [PT] w_u=16.8609 w_v=18.4643 gamma=1.000 (tau_u=5.931e-02 tau_v=5.416e-02 |Du|=4.23e-01 |DRu|=1.41e+00)
  [PT] w_u=17.3787 w_v=18.8767 gamma=1.000 (tau_u=5.754e-02 tau_v=5.298e-02 |Du|=6.95e+00 |DRu|=3.41e+01)
  [PT] w_u=16.5740 w_v=17.0857 gamma=1.000 (tau_u=6.034e-02 tau_v=5.853e-02 |Du|=5.89e-01 |DRu|=2.01e+00)
  [PT] w_u=17.1206 w_v=17.5339 gamma=1.000 (tau_u=5.841e-02 tau_v=5.703e-02 |Du|=6.93e+00 |DRu|=3.42e+01)
  [PT] w_u=17.8633 w_v=17.6467 gamma=1.000 (tau_u=5.598e-02 tau_v=5.667e-02 |Du|=4.13e-01 |DRu|=2.23e+00)
  [PT] w_u=18.3520 w_v=18.0339 gamma=1.000 (tau_u=5.449e-02 tau_v=5.545e-02 |Du|=6.99e+00 |DRu|=3.45e+01)
  [PT] w_u=18.0748 w_v=17.9833 gamma=1.000 (tau_u=5.533e-02 tau_v=5.561e-02 |Du|=3.96e-01 |DRu|=1.58e+00)
  [PT] w_u=18.5267 w_v=18.3520 gamma=1.000 (tau_u=5.398e-02 tau_v=5.449e-02 |Du|=6.94e+00 |DRu|=3.39e+01)
  [PT] w_u=17.5419 w_v=18.1177 gamma=1.000 (tau_u=5.701e-02 tau_v=5.519e-02 |Du|=4.66e-01 |DRu|=1.61e+00)
  [PT] w_u=17.9941 w_v=18.4930 gamma=1.000 (tau_u=5.557e-02 tau_v=5.407e-02 |Du|=6.93e+00 |DRu|=3.35e+01)
  [PT] w_u=17.9644 w_v=17.5053 gamma=1.000 (tau_u=5.567e-02 tau_v=5.713e-02 |Du|=4.41e-01 |DRu|=1.86e+00)
  [PT] w_u=18.4563 w_v=17.9525 gamma=1.000 (tau_u=5.418e-02 tau_v=5.570e-02 |Du|=6.91e+00 |DRu|=3.42e+01)
[Adam] ep=  340  total=3.860e-01  PDE=3.626e-02 [colloc=3.409e-02, cfd=2.173e-03] (w=1.983)  IN=5.166e-02 (w=1.474)  TB=3.506e-02 (w=1.223)  WALL=8.939e-16 (w=0.200)  OUT=5.650e-04 (w=0.200)  DATA=3.902e-02 (w=4.997)  DATA_P=0.000e+00 (w=1.000)
  [PT] w_u=17.9154 w_v=17.0824 gamma=1.000 (tau_u=5.582e-02 tau_v=5.854e-02 |Du|=4.17e-01 |DRu|=1.57e+00)
  [PT] w_u=18.3772 w_v=17.4994 gamma=1.000 (tau_u=5.442e-02 tau_v=5.714e-02 |Du|=6.91e+00 |DRu|=3.38e+01)
  [PT] w_u=18.0282 w_v=17.1453 gamma=1.000 (tau_u=5.547e-02 tau_v=5.832e-02 |Du|=3.91e-01 |DRu|=1.53e+00)
  [PT] w_u=18.4859 w_v=17.5892 gamma=1.000 (tau_u=5.410e-02 tau_v=5.685e-02 |Du|=6.89e+00 |DRu|=3.37e+01)
  [PT] w_u=18.7434 w_v=18.4665 gamma=1.000 (tau_u=5.335e-02 tau_v=5.415e-02 |Du|=4.54e-01 |DRu|=2.10e+00)
  [PT] w_u=19.1658 w_v=18.8471 gamma=1.000 (tau_u=5.218e-02 tau_v=5.306e-02 |Du|=6.87e+00 |DRu|=3.37e+01)
  [PT] w_u=18.0613 w_v=17.0073 gamma=1.000 (tau_u=5.537e-02 tau_v=5.880e-02 |Du|=4.15e-01 |DRu|=1.43e+00)
  [PT] w_u=18.4540 w_v=17.4143 gamma=1.000 (tau_u=5.419e-02 tau_v=5.742e-02 |Du|=6.95e+00 |DRu|=3.33e+01)
  [PT] w_u=18.9411 w_v=17.3218 gamma=1.000 (tau_u=5.280e-02 tau_v=5.773e-02 |Du|=4.64e-01 |DRu|=2.31e+00)
  [PT] w_u=19.3074 w_v=17.6915 gamma=1.000 (tau_u=5.179e-02 tau_v=5.652e-02 |Du|=6.95e+00 |DRu|=3.36e+01)
  [PT] w_u=18.5612 w_v=18.0031 gamma=1.000 (tau_u=5.388e-02 tau_v=5.555e-02 |Du|=4.54e-01 |DRu|=1.69e+00)
  [PT] w_u=18.9568 w_v=18.3970 gamma=1.000 (tau_u=5.275e-02 tau_v=5.436e-02 |Du|=6.95e+00 |DRu|=3.36e+01)
  [PT] w_u=17.3414 w_v=17.6511 gamma=1.000 (tau_u=5.767e-02 tau_v=5.665e-02 |Du|=4.88e-01 |DRu|=1.53e+00)
  [PT] w_u=17.8043 w_v=18.0593 gamma=1.000 (tau_u=5.617e-02 tau_v=5.537e-02 |Du|=6.84e+00 |DRu|=3.31e+01)
  [PT] w_u=18.5346 w_v=18.7996 gamma=1.000 (tau_u=5.395e-02 tau_v=5.319e-02 |Du|=3.84e-01 |DRu|=2.08e+00)
  [PT] w_u=18.9589 w_v=19.1214 gamma=1.000 (tau_u=5.275e-02 tau_v=5.230e-02 |Du|=6.77e+00 |DRu|=3.31e+01)
  [PT] w_u=18.0990 w_v=18.0531 gamma=1.000 (tau_u=5.525e-02 tau_v=5.539e-02 |Du|=5.24e-01 |DRu|=1.88e+00)
  [PT] w_u=18.5423 w_v=18.4008 gamma=1.000 (tau_u=5.393e-02 tau_v=5.435e-02 |Du|=6.79e+00 |DRu|=3.31e+01)
  [PT] w_u=15.7191 w_v=17.9937 gamma=1.000 (tau_u=6.362e-02 tau_v=5.557e-02 |Du|=7.25e-01 |DRu|=1.87e+00)
  [PT] w_u=16.3186 w_v=18.4306 gamma=1.000 (tau_u=6.128e-02 tau_v=5.426e-02 |Du|=6.77e+00 |DRu|=3.37e+01)
[Adam] ep=  360  total=3.512e-01  PDE=3.701e-02 [colloc=3.494e-02, cfd=2.071e-03] (w=1.992)  IN=4.823e-02 (w=1.471)  TB=3.261e-02 (w=1.208)  WALL=9.134e-16 (w=0.200)  OUT=5.249e-04 (w=0.200)  DATA=3.311e-02 (w=5.044)  DATA_P=0.000e+00 (w=1.000)
  [PT] w_u=16.4789 w_v=18.8674 gamma=1.000 (tau_u=6.068e-02 tau_v=5.300e-02 |Du|=4.42e-01 |DRu|=1.88e+00)
  [PT] w_u=17.0349 w_v=19.2831 gamma=1.000 (tau_u=5.870e-02 tau_v=5.186e-02 |Du|=6.79e+00 |DRu|=3.36e+01)
  [PT] w_u=16.3944 w_v=17.2651 gamma=1.000 (tau_u=6.100e-02 tau_v=5.792e-02 |Du|=4.00e-01 |DRu|=1.40e+00)
  [PT] w_u=16.9561 w_v=17.7530 gamma=1.000 (tau_u=5.898e-02 tau_v=5.633e-02 |Du|=6.72e+00 |DRu|=3.33e+01)
  [PT] w_u=16.0777 w_v=16.9959 gamma=1.000 (tau_u=6.220e-02 tau_v=5.884e-02 |Du|=6.05e-01 |DRu|=2.00e+00)
  [PT] w_u=16.6809 w_v=17.4852 gamma=1.000 (tau_u=5.995e-02 tau_v=5.719e-02 |Du|=6.68e+00 |DRu|=3.35e+01)
  [PT] w_u=17.2152 w_v=16.9659 gamma=1.000 (tau_u=5.809e-02 tau_v=5.894e-02 |Du|=3.98e-01 |DRu|=1.96e+00)
  [PT] w_u=17.7707 w_v=17.4321 gamma=1.000 (tau_u=5.627e-02 tau_v=5.737e-02 |Du|=6.66e+00 |DRu|=3.33e+01)
  [PT] w_u=16.3061 w_v=17.4182 gamma=1.000 (tau_u=6.133e-02 tau_v=5.741e-02 |Du|=7.13e-01 |DRu|=2.18e+00)
  [PT] w_u=16.9291 w_v=17.8811 gamma=1.000 (tau_u=5.907e-02 tau_v=5.592e-02 |Du|=6.60e+00 |DRu|=3.35e+01)
  [PT] w_u=13.8910 w_v=16.4808 gamma=1.000 (tau_u=7.199e-02 tau_v=6.068e-02 |Du|=9.00e-01 |DRu|=2.07e+00)
  [PT] w_u=14.5513 w_v=17.1033 gamma=1.000 (tau_u=6.872e-02 tau_v=5.847e-02 |Du|=6.83e+00 |DRu|=3.44e+01)
  [PT] w_u=14.4305 w_v=16.8971 gamma=1.000 (tau_u=6.930e-02 tau_v=5.918e-02 |Du|=4.62e-01 |DRu|=1.69e+00)
  [PT] w_u=15.0771 w_v=17.4967 gamma=1.000 (tau_u=6.633e-02 tau_v=5.715e-02 |Du|=6.77e+00 |DRu|=3.40e+01)
  [PT] w_u=14.6258 w_v=17.3465 gamma=1.000 (tau_u=6.837e-02 tau_v=5.765e-02 |Du|=5.91e-01 |DRu|=2.01e+00)
  [PT] w_u=15.2484 w_v=17.8540 gamma=1.000 (tau_u=6.558e-02 tau_v=5.601e-02 |Du|=6.71e+00 |DRu|=3.34e+01)
  [PT] w_u=15.2075 w_v=17.6234 gamma=1.000 (tau_u=6.576e-02 tau_v=5.674e-02 |Du|=5.88e-01 |DRu|=2.27e+00)
  [PT] w_u=15.8774 w_v=18.1245 gamma=1.000 (tau_u=6.298e-02 tau_v=5.517e-02 |Du|=6.59e+00 |DRu|=3.38e+01)
  [PT] w_u=15.8558 w_v=18.0918 gamma=1.000 (tau_u=6.307e-02 tau_v=5.527e-02 |Du|=3.85e-01 |DRu|=1.52e+00)
  [PT] w_u=16.4781 w_v=18.5337 gamma=1.000 (tau_u=6.069e-02 tau_v=5.396e-02 |Du|=6.59e+00 |DRu|=3.33e+01)
[Adam] ep=  380  total=3.473e-01  PDE=4.192e-02 [colloc=3.978e-02, cfd=2.136e-03] (w=2.063)  IN=4.579e-02 (w=1.454)  TB=3.038e-02 (w=1.186)  WALL=9.053e-16 (w=0.200)  OUT=4.755e-04 (w=0.200)  DATA=3.159e-02 (w=5.006)  DATA_P=0.000e+00 (w=1.000)
  [PT] w_u=15.1072 w_v=18.4706 gamma=1.000 (tau_u=6.619e-02 tau_v=5.414e-02 |Du|=6.89e-01 |DRu|=2.03e+00)
  [PT] w_u=15.7407 w_v=18.9333 gamma=1.000 (tau_u=6.353e-02 tau_v=5.282e-02 |Du|=6.57e+00 |DRu|=3.31e+01)
  [PT] w_u=13.6593 w_v=18.4412 gamma=1.000 (tau_u=7.321e-02 tau_v=5.423e-02 |Du|=8.44e-01 |DRu|=2.11e+00)
  [PT] w_u=14.2753 w_v=18.9324 gamma=1.000 (tau_u=7.005e-02 tau_v=5.282e-02 |Du|=6.82e+00 |DRu|=3.34e+01)
  [PT] w_u=13.2304 w_v=18.5612 gamma=1.000 (tau_u=7.558e-02 tau_v=5.388e-02 |Du|=8.17e-01 |DRu|=2.31e+00)
  [PT] w_u=13.8469 w_v=18.9992 gamma=1.000 (tau_u=7.222e-02 tau_v=5.263e-02 |Du|=6.83e+00 |DRu|=3.34e+01)
  [PT] w_u=14.4395 w_v=17.8368 gamma=1.000 (tau_u=6.925e-02 tau_v=5.606e-02 |Du|=3.84e-01 |DRu|=1.86e+00)
  [PT] w_u=15.0870 w_v=18.3406 gamma=1.000 (tau_u=6.628e-02 tau_v=5.452e-02 |Du|=6.70e+00 |DRu|=3.37e+01)
  [PT] w_u=14.4265 w_v=18.0212 gamma=1.000 (tau_u=6.932e-02 tau_v=5.549e-02 |Du|=4.96e-01 |DRu|=1.60e+00)
  [PT] w_u=15.0538 w_v=18.4747 gamma=1.000 (tau_u=6.643e-02 tau_v=5.413e-02 |Du|=6.67e+00 |DRu|=3.32e+01)
  [PT] w_u=14.7443 w_v=18.9443 gamma=1.000 (tau_u=6.782e-02 tau_v=5.279e-02 |Du|=5.32e-01 |DRu|=1.88e+00)
  [PT] w_u=15.3574 w_v=19.3210 gamma=1.000 (tau_u=6.512e-02 tau_v=5.176e-02 |Du|=6.61e+00 |DRu|=3.27e+01)
  [PT] w_u=15.7381 w_v=19.9159 gamma=1.000 (tau_u=6.354e-02 tau_v=5.021e-02 |Du|=3.91e-01 |DRu|=1.76e+00)
  [PT] w_u=16.2924 w_v=20.2002 gamma=1.000 (tau_u=6.138e-02 tau_v=4.950e-02 |Du|=6.59e+00 |DRu|=3.22e+01)
  [PT] w_u=16.3182 w_v=19.0581 gamma=1.000 (tau_u=6.128e-02 tau_v=5.247e-02 |Du|=3.83e-01 |DRu|=1.56e+00)
  [PT] w_u=16.8334 w_v=19.3970 gamma=1.000 (tau_u=5.941e-02 tau_v=5.155e-02 |Du|=6.67e+00 |DRu|=3.23e+01)
  [PT] w_u=16.3206 w_v=17.8098 gamma=1.000 (tau_u=6.127e-02 tau_v=5.615e-02 |Du|=4.40e-01 |DRu|=1.57e+00)
  [PT] w_u=16.8300 w_v=18.2240 gamma=1.000 (tau_u=5.942e-02 tau_v=5.487e-02 |Du|=6.65e+00 |DRu|=3.21e+01)
  [PT] w_u=17.3532 w_v=17.6575 gamma=1.000 (tau_u=5.763e-02 tau_v=5.663e-02 |Du|=3.98e-01 |DRu|=1.95e+00)
  [PT] w_u=17.8727 w_v=18.0790 gamma=1.000 (tau_u=5.595e-02 tau_v=5.531e-02 |Du|=6.54e+00 |DRu|=3.24e+01)
[Adam] ep=  400  total=3.457e-01  PDE=3.722e-02 [colloc=3.513e-02, cfd=2.085e-03] (w=2.067)  IN=4.646e-02 (w=1.454)  TB=2.835e-02 (w=1.155)  WALL=8.157e-16 (w=0.200)  OUT=4.513e-04 (w=0.200)  DATA=3.296e-02 (w=5.109)  DATA_P=0.000e+00 (w=1.000)
  [PT] w_u=16.8265 w_v=18.3024 gamma=1.000 (tau_u=5.943e-02 tau_v=5.464e-02 |Du|=5.16e-01 |DRu|=1.71e+00)
  [PT] w_u=17.3775 w_v=18.7007 gamma=1.000 (tau_u=5.755e-02 tau_v=5.347e-02 |Du|=6.46e+00 |DRu|=3.21e+01)
  [PT] w_u=15.5296 w_v=17.9971 gamma=1.000 (tau_u=6.439e-02 tau_v=5.556e-02 |Du|=6.08e-01 |DRu|=1.71e+00)
  [PT] w_u=16.1200 w_v=18.4643 gamma=1.000 (tau_u=6.203e-02 tau_v=5.416e-02 |Du|=6.51e+00 |DRu|=3.22e+01)
  [PT] w_u=15.4661 w_v=18.2548 gamma=1.000 (tau_u=6.466e-02 tau_v=5.478e-02 |Du|=5.17e-01 |DRu|=1.74e+00)
  [PT] w_u=16.0359 w_v=18.6867 gamma=1.000 (tau_u=6.236e-02 tau_v=5.351e-02 |Du|=6.53e+00 |DRu|=3.20e+01)
  [PT] w_u=16.7587 w_v=18.6540 gamma=1.000 (tau_u=5.967e-02 tau_v=5.361e-02 |Du|=3.51e-01 |DRu|=1.86e+00)
  [PT] w_u=17.2495 w_v=18.9987 gamma=1.000 (tau_u=5.797e-02 tau_v=5.264e-02 |Du|=6.57e+00 |DRu|=3.18e+01)
  [PT] w_u=16.6539 w_v=18.6985 gamma=1.000 (tau_u=6.005e-02 tau_v=5.348e-02 |Du|=4.70e-01 |DRu|=1.68e+00)
  [PT] w_u=17.1871 w_v=19.0918 gamma=1.000 (tau_u=5.818e-02 tau_v=5.238e-02 |Du|=6.54e+00 |DRu|=3.21e+01)
  [PT] w_u=16.8133 w_v=18.9219 gamma=1.000 (tau_u=5.948e-02 tau_v=5.285e-02 |Du|=4.09e-01 |DRu|=1.53e+00)
  [PT] w_u=17.2910 w_v=19.2797 gamma=1.000 (tau_u=5.783e-02 tau_v=5.187e-02 |Du|=6.53e+00 |DRu|=3.15e+01)
  [PT] w_u=17.0534 w_v=17.8348 gamma=1.000 (tau_u=5.864e-02 tau_v=5.607e-02 |Du|=3.86e-01 |DRu|=1.50e+00)
  [PT] w_u=17.5479 w_v=18.2582 gamma=1.000 (tau_u=5.699e-02 tau_v=5.477e-02 |Du|=6.43e+00 |DRu|=3.13e+01)
  [PT] w_u=17.6180 w_v=16.2674 gamma=1.000 (tau_u=5.676e-02 tau_v=6.147e-02 |Du|=4.50e-01 |DRu|=1.93e+00)
  [PT] w_u=18.1456 w_v=16.8028 gamma=1.000 (tau_u=5.511e-02 tau_v=5.951e-02 |Du|=6.42e+00 |DRu|=3.20e+01)
  [PT] w_u=17.5415 w_v=15.8720 gamma=1.000 (tau_u=5.701e-02 tau_v=6.300e-02 |Du|=4.48e-01 |DRu|=1.65e+00)
  [PT] w_u=18.0574 w_v=16.3788 gamma=1.000 (tau_u=5.538e-02 tau_v=6.105e-02 |Du|=6.40e+00 |DRu|=3.17e+01)
  [PT] w_u=14.9645 w_v=16.0861 gamma=1.000 (tau_u=6.682e-02 tau_v=6.217e-02 |Du|=7.78e-01 |DRu|=1.89e+00)
  [PT] w_u=15.5861 w_v=16.6249 gamma=1.000 (tau_u=6.416e-02 tau_v=6.015e-02 |Du|=6.46e+00 |DRu|=3.22e+01)
[Adam] ep=  420  total=3.568e-01  PDE=3.664e-02 [colloc=3.453e-02, cfd=2.106e-03] (w=2.056)  IN=4.373e-02 (w=1.443)  TB=2.865e-02 (w=1.157)  WALL=8.136e-16 (w=0.200)  OUT=4.841e-04 (w=0.200)  DATA=3.572e-02 (w=5.183)  DATA_P=0.000e+00 (w=1.000)
  [PT] w_u=16.0243 w_v=17.4862 gamma=1.000 (tau_u=6.241e-02 tau_v=5.719e-02 |Du|=4.57e-01 |DRu|=2.12e+00)
  [PT] w_u=16.6082 w_v=17.9918 gamma=1.000 (tau_u=6.021e-02 tau_v=5.558e-02 |Du|=6.49e+00 |DRu|=3.23e+01)
  [PT] w_u=15.4372 w_v=16.9361 gamma=1.000 (tau_u=6.478e-02 tau_v=5.905e-02 |Du|=5.06e-01 |DRu|=1.56e+00)
  [PT] w_u=16.0195 w_v=17.4805 gamma=1.000 (tau_u=6.242e-02 tau_v=5.721e-02 |Du|=6.46e+00 |DRu|=3.18e+01)
  [PT] w_u=14.8968 w_v=16.5251 gamma=1.000 (tau_u=6.713e-02 tau_v=6.051e-02 |Du|=5.04e-01 |DRu|=1.52e+00)
  [PT] w_u=15.5477 w_v=17.1078 gamma=1.000 (tau_u=6.432e-02 tau_v=5.845e-02 |Du|=6.30e+00 |DRu|=3.19e+01)
  [PT] w_u=16.4053 w_v=17.0721 gamma=1.000 (tau_u=6.096e-02 tau_v=5.858e-02 |Du|=3.79e-01 |DRu|=2.16e+00)
  [PT] w_u=17.0227 w_v=17.6160 gamma=1.000 (tau_u=5.875e-02 tau_v=5.677e-02 |Du|=6.29e+00 |DRu|=3.19e+01)
  [PT] w_u=15.5245 w_v=15.7875 gamma=1.000 (tau_u=6.441e-02 tau_v=6.334e-02 |Du|=5.71e-01 |DRu|=1.68e+00)
  [PT] w_u=16.1840 w_v=16.3670 gamma=1.000 (tau_u=6.179e-02 tau_v=6.110e-02 |Du|=6.22e+00 |DRu|=3.19e+01)
  [PT] w_u=14.5881 w_v=16.2346 gamma=1.000 (tau_u=6.855e-02 tau_v=6.160e-02 |Du|=6.45e-01 |DRu|=1.79e+00)
  [PT] w_u=15.2865 w_v=16.8441 gamma=1.000 (tau_u=6.542e-02 tau_v=5.937e-02 |Du|=6.24e+00 |DRu|=3.23e+01)
  [PT] w_u=14.0016 w_v=17.2539 gamma=1.000 (tau_u=7.142e-02 tau_v=5.796e-02 |Du|=7.08e-01 |DRu|=2.00e+00)
  [PT] w_u=14.6589 w_v=17.8544 gamma=1.000 (tau_u=6.822e-02 tau_v=5.601e-02 |Du|=6.39e+00 |DRu|=3.22e+01)
  [PT] w_u=13.9076 w_v=18.1965 gamma=1.000 (tau_u=7.190e-02 tau_v=5.496e-02 |Du|=6.43e-01 |DRu|=1.98e+00)
  [PT] w_u=14.5396 w_v=18.7569 gamma=1.000 (tau_u=6.878e-02 tau_v=5.331e-02 |Du|=6.50e+00 |DRu|=3.23e+01)
  [PT] w_u=13.6253 w_v=17.8632 gamma=1.000 (tau_u=7.339e-02 tau_v=5.598e-02 |Du|=4.33e-01 |DRu|=1.28e+00)
  [PT] w_u=14.2554 w_v=18.4448 gamma=1.000 (tau_u=7.015e-02 tau_v=5.422e-02 |Du|=6.46e+00 |DRu|=3.19e+01)
  [PT] w_u=12.9943 w_v=17.8377 gamma=1.000 (tau_u=7.696e-02 tau_v=5.606e-02 |Du|=8.24e-01 |DRu|=2.21e+00)
  [PT] w_u=13.6439 w_v=18.3941 gamma=1.000 (tau_u=7.329e-02 tau_v=5.437e-02 |Du|=6.42e+00 |DRu|=3.20e+01)
[Adam] ep=  440  total=3.693e-01  PDE=3.446e-02 [colloc=3.238e-02, cfd=2.086e-03] (w=2.099)  IN=4.508e-02 (w=1.439)  TB=2.557e-02 (w=1.143)  WALL=7.021e-16 (w=0.200)  OUT=4.483e-04 (w=0.200)  DATA=3.953e-02 (w=5.130)  DATA_P=0.000e+00 (w=1.000)
  [PT] w_u=12.4277 w_v=18.0175 gamma=1.000 (tau_u=8.047e-02 tau_v=5.550e-02 |Du|=8.86e-01 |DRu|=2.33e+00)
  [PT] w_u=13.1559 w_v=18.6323 gamma=1.000 (tau_u=7.601e-02 tau_v=5.367e-02 |Du|=6.22e+00 |DRu|=3.28e+01)
  [PT] w_u=11.0130 w_v=18.6045 gamma=1.000 (tau_u=9.080e-02 tau_v=5.375e-02 |Du|=1.48e+00 |DRu|=3.12e+00)
  [PT] w_u=11.7314 w_v=19.2370 gamma=1.000 (tau_u=8.524e-02 tau_v=5.198e-02 |Du|=6.06e+00 |DRu|=3.23e+01)
  [PT] w_u=10.7851 w_v=18.9511 gamma=1.000 (tau_u=9.272e-02 tau_v=5.277e-02 |Du|=7.51e-01 |DRu|=1.88e+00)
  [PT] w_u=11.5044 w_v=19.5997 gamma=1.000 (tau_u=8.692e-02 tau_v=5.102e-02 |Du|=6.08e+00 |DRu|=3.26e+01)
  [PT] w_u=10.5686 w_v=19.0414 gamma=1.000 (tau_u=9.462e-02 tau_v=5.252e-02 |Du|=7.51e-01 |DRu|=1.85e+00)
  [PT] w_u=11.2837 w_v=19.7078 gamma=1.000 (tau_u=8.862e-02 tau_v=5.074e-02 |Du|=6.07e+00 |DRu|=3.26e+01)
  [PT] w_u=10.2336 w_v=19.8184 gamma=1.000 (tau_u=9.772e-02 tau_v=5.046e-02 |Du|=1.25e+00 |DRu|=2.94e+00)
  [PT] w_u=10.9383 w_v=20.3939 gamma=1.000 (tau_u=9.142e-02 tau_v=4.903e-02 |Du|=6.05e+00 |DRu|=3.24e+01)
  [PT] w_u=9.2117 w_v=18.9200 gamma=1.000 (tau_u=1.086e-01 tau_v=5.285e-02 |Du|=1.53e+00 |DRu|=2.98e+00)
  [PT] w_u=9.8587 w_v=19.5519 gamma=1.000 (tau_u=1.014e-01 tau_v=5.115e-02 |Du|=6.32e+00 |DRu|=3.27e+01)
  [PT] w_u=9.4356 w_v=18.9317 gamma=1.000 (tau_u=1.060e-01 tau_v=5.282e-02 |Du|=9.03e-01 |DRu|=2.35e+00)
  [PT] w_u=10.0952 w_v=19.6268 gamma=1.000 (tau_u=9.906e-02 tau_v=5.095e-02 |Du|=6.32e+00 |DRu|=3.30e+01)
  [PT] w_u=10.2836 w_v=17.1941 gamma=1.000 (tau_u=9.724e-02 tau_v=5.816e-02 |Du|=4.14e-01 |DRu|=1.46e+00)
  [PT] w_u=10.9820 w_v=17.9250 gamma=1.000 (tau_u=9.106e-02 tau_v=5.579e-02 |Du|=6.14e+00 |DRu|=3.26e+01)
  [PT] w_u=10.4136 w_v=17.3529 gamma=1.000 (tau_u=9.603e-02 tau_v=5.763e-02 |Du|=7.43e-01 |DRu|=1.98e+00)
  [PT] w_u=11.1371 w_v=18.0728 gamma=1.000 (tau_u=8.979e-02 tau_v=5.533e-02 |Du|=5.99e+00 |DRu|=3.26e+01)
  [PT] w_u=11.8302 w_v=18.7422 gamma=1.000 (tau_u=8.453e-02 tau_v=5.336e-02 |Du|=3.71e-01 |DRu|=1.92e+00)
  [PT] w_u=12.5687 w_v=19.3892 gamma=1.000 (tau_u=7.956e-02 tau_v=5.157e-02 |Du|=6.01e+00 |DRu|=3.22e+01)
[Adam] ep=  460  total=3.416e-01  PDE=4.333e-02 [colloc=4.130e-02, cfd=2.025e-03] (w=2.218)  IN=4.123e-02 (w=1.437)  TB=2.018e-02 (w=1.055)  WALL=8.047e-16 (w=0.200)  OUT=4.553e-04 (w=0.200)  DATA=3.247e-02 (w=5.078)  DATA_P=0.000e+00 (w=1.000)
  [PT] w_u=11.0118 w_v=18.6731 gamma=1.000 (tau_u=9.081e-02 tau_v=5.355e-02 |Du|=1.07e+00 |DRu|=2.44e+00)
  [PT] w_u=11.7160 w_v=19.2603 gamma=1.000 (tau_u=8.535e-02 tau_v=5.192e-02 |Du|=6.00e+00 |DRu|=3.15e+01)
  [PT] w_u=10.1383 w_v=18.8258 gamma=1.000 (tau_u=9.864e-02 tau_v=5.312e-02 |Du|=1.30e+00 |DRu|=2.77e+00)
  [PT] w_u=10.8266 w_v=19.5173 gamma=1.000 (tau_u=9.236e-02 tau_v=5.124e-02 |Du|=6.15e+00 |DRu|=3.25e+01)
  [PT] w_u=10.6042 w_v=19.0752 gamma=1.000 (tau_u=9.430e-02 tau_v=5.242e-02 |Du|=5.41e-01 |DRu|=1.62e+00)
  [PT] w_u=11.2821 w_v=19.6901 gamma=1.000 (tau_u=8.864e-02 tau_v=5.079e-02 |Du|=6.17e+00 |DRu|=3.18e+01)
  [PT] w_u=10.7534 w_v=17.0801 gamma=1.000 (tau_u=9.299e-02 tau_v=5.855e-02 |Du|=6.28e-01 |DRu|=1.73e+00)
  [PT] w_u=11.4429 w_v=17.7994 gamma=1.000 (tau_u=8.739e-02 tau_v=5.618e-02 |Du|=6.15e+00 |DRu|=3.20e+01)
  [PT] w_u=11.6890 w_v=17.8753 gamma=1.000 (tau_u=8.555e-02 tau_v=5.594e-02 |Du|=5.04e-01 |DRu|=1.92e+00)
  [PT] w_u=12.3923 w_v=18.5444 gamma=1.000 (tau_u=8.070e-02 tau_v=5.392e-02 |Du|=6.16e+00 |DRu|=3.20e+01)
  [PT] w_u=11.6620 w_v=17.6665 gamma=1.000 (tau_u=8.575e-02 tau_v=5.660e-02 |Du|=5.46e-01 |DRu|=1.51e+00)
  [PT] w_u=12.3511 w_v=18.3027 gamma=1.000 (tau_u=8.096e-02 tau_v=5.464e-02 |Du|=6.09e+00 |DRu|=3.13e+01)
  [PT] w_u=11.2936 w_v=17.5551 gamma=1.000 (tau_u=8.855e-02 tau_v=5.696e-02 |Du|=7.61e-01 |DRu|=1.92e+00)
  [PT] w_u=12.0175 w_v=18.2274 gamma=1.000 (tau_u=8.321e-02 tau_v=5.486e-02 |Du|=5.94e+00 |DRu|=3.17e+01)
  [PT] w_u=11.3512 w_v=18.2816 gamma=1.000 (tau_u=8.810e-02 tau_v=5.470e-02 |Du|=6.65e-01 |DRu|=1.83e+00)
  [PT] w_u=12.0645 w_v=18.9163 gamma=1.000 (tau_u=8.289e-02 tau_v=5.286e-02 |Du|=5.92e+00 |DRu|=3.12e+01)
  [PT] w_u=12.2211 w_v=18.3551 gamma=1.000 (tau_u=8.183e-02 tau_v=5.448e-02 |Du|=4.23e-01 |DRu|=1.57e+00)
  [PT] w_u=12.9345 w_v=18.9122 gamma=1.000 (tau_u=7.731e-02 tau_v=5.288e-02 |Du|=5.89e+00 |DRu|=3.07e+01)
  [PT] w_u=11.5421 w_v=18.8647 gamma=1.000 (tau_u=8.664e-02 tau_v=5.301e-02 |Du|=8.54e-01 |DRu|=2.07e+00)
  [PT] w_u=12.2088 w_v=19.3000 gamma=1.000 (tau_u=8.191e-02 tau_v=5.181e-02 |Du|=6.10e+00 |DRu|=3.08e+01)
[Adam] ep=  480  total=3.521e-01  PDE=4.062e-02 [colloc=3.861e-02, cfd=2.011e-03] (w=2.210)  IN=3.690e-02 (w=1.439)  TB=2.135e-02 (w=1.042)  WALL=7.918e-16 (w=0.200)  OUT=4.258e-04 (w=0.200)  DATA=3.638e-02 (w=5.139)  DATA_P=0.000e+00 (w=1.000)
  [PT] w_u=10.8447 w_v=18.9679 gamma=1.000 (tau_u=9.221e-02 tau_v=5.272e-02 |Du|=1.30e+00 |DRu|=3.02e+00)
  [PT] w_u=11.5103 w_v=19.4600 gamma=1.000 (tau_u=8.688e-02 tau_v=5.139e-02 |Du|=6.10e+00 |DRu|=3.09e+01)
  [PT] w_u=10.1623 w_v=18.1703 gamma=1.000 (tau_u=9.840e-02 tau_v=5.503e-02 |Du|=8.75e-01 |DRu|=1.95e+00)
  [PT] w_u=10.7578 w_v=18.7533 gamma=1.000 (tau_u=9.296e-02 tau_v=5.332e-02 |Du|=6.61e+00 |DRu|=3.15e+01)
  [PT] w_u=10.8341 w_v=17.9237 gamma=1.000 (tau_u=9.230e-02 tau_v=5.579e-02 |Du|=4.35e-01 |DRu|=1.48e+00)
  [PT] w_u=11.4401 w_v=18.5073 gamma=1.000 (tau_u=8.741e-02 tau_v=5.403e-02 |Du|=6.43e+00 |DRu|=3.09e+01)
  [PT] w_u=11.3287 w_v=19.3795 gamma=1.000 (tau_u=8.827e-02 tau_v=5.160e-02 |Du|=8.63e-01 |DRu|=2.79e+00)
  [PT] w_u=11.9709 w_v=19.9776 gamma=1.000 (tau_u=8.354e-02 tau_v=5.006e-02 |Du|=6.31e+00 |DRu|=3.12e+01)
  [PT] w_u=9.9938 w_v=19.0854 gamma=1.000 (tau_u=1.001e-01 tau_v=5.240e-02 |Du|=1.08e+00 |DRu|=2.16e+00)
  [PT] w_u=10.6683 w_v=19.6903 gamma=1.000 (tau_u=9.374e-02 tau_v=5.079e-02 |Du|=5.93e+00 |DRu|=3.09e+01)
  [PT] w_u=10.4987 w_v=17.5174 gamma=1.000 (tau_u=9.525e-02 tau_v=5.709e-02 |Du|=6.63e-01 |DRu|=2.01e+00)
  [PT] w_u=11.1975 w_v=18.1481 gamma=1.000 (tau_u=8.931e-02 tau_v=5.510e-02 |Du|=5.81e+00 |DRu|=3.07e+01)
  [PT] w_u=11.8620 w_v=18.4602 gamma=1.000 (tau_u=8.430e-02 tau_v=5.417e-02 |Du|=4.27e-01 |DRu|=2.15e+00)
  [PT] w_u=12.5775 w_v=19.0296 gamma=1.000 (tau_u=7.951e-02 tau_v=5.255e-02 |Du|=5.86e+00 |DRu|=3.07e+01)
  [PT] w_u=11.4500 w_v=18.0128 gamma=1.000 (tau_u=8.734e-02 tau_v=5.552e-02 |Du|=6.90e-01 |DRu|=1.74e+00)
  [PT] w_u=12.1568 w_v=18.6041 gamma=1.000 (tau_u=8.226e-02 tau_v=5.375e-02 |Du|=5.87e+00 |DRu|=3.07e+01)
  [PT] w_u=11.4851 w_v=18.1008 gamma=1.000 (tau_u=8.707e-02 tau_v=5.525e-02 |Du|=6.87e-01 |DRu|=1.90e+00)
  [PT] w_u=12.1797 w_v=18.7142 gamma=1.000 (tau_u=8.210e-02 tau_v=5.344e-02 |Du|=5.89e+00 |DRu|=3.05e+01)
  [PT] w_u=12.0856 w_v=16.8379 gamma=1.000 (tau_u=8.274e-02 tau_v=5.939e-02 |Du|=5.68e-01 |DRu|=1.91e+00)
  [PT] w_u=12.8022 w_v=17.5786 gamma=1.000 (tau_u=7.811e-02 tau_v=5.689e-02 |Du|=5.89e+00 |DRu|=3.09e+01)
[Adam] ep=  500  total=3.131e-01  PDE=4.009e-02 [colloc=3.806e-02, cfd=2.030e-03] (w=2.233)  IN=3.858e-02 (w=1.420)  TB=1.966e-02 (w=1.047)  WALL=7.280e-16 (w=0.200)  OUT=4.317e-04 (w=0.200)  DATA=2.886e-02 (w=5.132)  DATA_P=0.000e+00 (w=1.000)
  [PT] w_u=10.3403 w_v=16.9739 gamma=1.000 (tau_u=9.671e-02 tau_v=5.891e-02 |Du|=1.01e+00 |DRu|=1.96e+00)
  [PT] w_u=11.0146 w_v=17.6953 gamma=1.000 (tau_u=9.079e-02 tau_v=5.651e-02 |Du|=5.90e+00 |DRu|=3.05e+01)
  [PT] w_u=9.9459 w_v=15.8972 gamma=1.000 (tau_u=1.005e-01 tau_v=6.290e-02 |Du|=1.19e+00 |DRu|=2.73e+00)
  [PT] w_u=10.6234 w_v=16.6661 gamma=1.000 (tau_u=9.413e-02 tau_v=6.000e-02 |Du|=5.97e+00 |DRu|=3.13e+01)
  [PT] w_u=10.2922 w_v=16.1619 gamma=1.000 (tau_u=9.716e-02 tau_v=6.187e-02 |Du|=9.47e-01 |DRu|=2.68e+00)
  [PT] w_u=10.9766 w_v=16.9309 gamma=1.000 (tau_u=9.110e-02 tau_v=5.906e-02 |Du|=6.07e+00 |DRu|=3.17e+01)
  [PT] w_u=11.2066 w_v=17.4841 gamma=1.000 (tau_u=8.923e-02 tau_v=5.719e-02 |Du|=4.22e-01 |DRu|=1.57e+00)
  [PT] w_u=11.8756 w_v=18.1395 gamma=1.000 (tau_u=8.421e-02 tau_v=5.513e-02 |Du|=6.04e+00 |DRu|=3.06e+01)
  [PT] w_u=11.5033 w_v=17.4107 gamma=1.000 (tau_u=8.693e-02 tau_v=5.744e-02 |Du|=4.62e-01 |DRu|=1.38e+00)
  [PT] w_u=12.1897 w_v=18.0746 gamma=1.000 (tau_u=8.204e-02 tau_v=5.533e-02 |Du|=5.86e+00 |DRu|=3.01e+01)
  [PT] w_u=12.1272 w_v=18.1950 gamma=1.000 (tau_u=8.246e-02 tau_v=5.496e-02 |Du|=5.20e-01 |DRu|=1.77e+00)
  [PT] w_u=12.8153 w_v=18.8283 gamma=1.000 (tau_u=7.803e-02 tau_v=5.311e-02 |Du|=5.77e+00 |DRu|=2.95e+01)
  [PT] w_u=12.2688 w_v=16.5109 gamma=1.000 (tau_u=8.151e-02 tau_v=6.057e-02 |Du|=4.34e-01 |DRu|=1.29e+00)
  [PT] w_u=12.9649 w_v=17.2184 gamma=1.000 (tau_u=7.713e-02 tau_v=5.808e-02 |Du|=5.76e+00 |DRu|=2.96e+01)
  [PT] w_u=13.0205 w_v=15.2710 gamma=1.000 (tau_u=7.680e-02 tau_v=6.548e-02 |Du|=4.42e-01 |DRu|=1.63e+00)
  [PT] w_u=13.7381 w_v=15.9898 gamma=1.000 (tau_u=7.279e-02 tau_v=6.254e-02 |Du|=5.70e+00 |DRu|=2.98e+01)
  [PT] w_u=13.6304 w_v=16.0790 gamma=1.000 (tau_u=7.337e-02 tau_v=6.219e-02 |Du|=4.73e-01 |DRu|=1.69e+00)
  [PT] w_u=14.3162 w_v=16.7854 gamma=1.000 (tau_u=6.985e-02 tau_v=5.958e-02 |Du|=5.78e+00 |DRu|=2.96e+01)
  [PT] w_u=11.6975 w_v=14.5808 gamma=1.000 (tau_u=8.549e-02 tau_v=6.858e-02 |Du|=7.53e-01 |DRu|=1.58e+00)
  [PT] w_u=12.4279 w_v=15.3762 gamma=1.000 (tau_u=8.046e-02 tau_v=6.504e-02 |Du|=5.75e+00 |DRu|=3.06e+01)
[Adam] ep=  520  total=3.068e-01  PDE=3.778e-02 [colloc=3.585e-02, cfd=1.928e-03] (w=2.221)  IN=3.890e-02 (w=1.443)  TB=2.014e-02 (w=1.027)  WALL=6.653e-16 (w=0.200)  OUT=4.272e-04 (w=0.200)  DATA=2.844e-02 (w=5.135)  DATA_P=0.000e+00 (w=1.000)
  [PT] w_u=11.7051 w_v=14.4382 gamma=1.000 (tau_u=8.543e-02 tau_v=6.926e-02 |Du|=4.63e-01 |DRu|=1.28e+00)
  [PT] w_u=12.4010 w_v=15.2092 gamma=1.000 (tau_u=8.064e-02 tau_v=6.575e-02 |Du|=5.84e+00 |DRu|=3.01e+01)
  [PT] w_u=12.4557 w_v=15.3890 gamma=1.000 (tau_u=8.028e-02 tau_v=6.498e-02 |Du|=4.32e-01 |DRu|=1.56e+00)
  [PT] w_u=13.1409 w_v=16.1356 gamma=1.000 (tau_u=7.610e-02 tau_v=6.197e-02 |Du|=5.89e+00 |DRu|=3.00e+01)
  [PT] w_u=12.1351 w_v=15.1213 gamma=1.000 (tau_u=8.241e-02 tau_v=6.613e-02 |Du|=4.57e-01 |DRu|=1.23e+00)
  [PT] w_u=12.8330 w_v=15.8571 gamma=1.000 (tau_u=7.792e-02 tau_v=6.306e-02 |Du|=5.80e+00 |DRu|=2.99e+01)
  [PT] w_u=13.0355 w_v=16.4171 gamma=1.000 (tau_u=7.671e-02 tau_v=6.091e-02 |Du|=3.93e-01 |DRu|=1.53e+00)
  [PT] w_u=13.6681 w_v=17.1243 gamma=1.000 (tau_u=7.316e-02 tau_v=5.840e-02 |Du|=6.02e+00 |DRu|=2.96e+01)
  [PT] w_u=12.5005 w_v=16.2597 gamma=1.000 (tau_u=8.000e-02 tau_v=6.150e-02 |Du|=4.61e-01 |DRu|=1.23e+00)
  [PT] w_u=13.1813 w_v=16.9814 gamma=1.000 (tau_u=7.587e-02 tau_v=5.889e-02 |Du|=5.84e+00 |DRu|=2.97e+01)
  [PT] w_u=12.8671 w_v=16.9762 gamma=1.000 (tau_u=7.772e-02 tau_v=5.891e-02 |Du|=4.59e-01 |DRu|=1.49e+00)
  [PT] w_u=13.4902 w_v=17.5950 gamma=1.000 (tau_u=7.413e-02 tau_v=5.683e-02 |Du|=5.84e+00 |DRu|=2.86e+01)
  [PT] w_u=13.9847 w_v=17.1283 gamma=1.000 (tau_u=7.151e-02 tau_v=5.838e-02 |Du|=3.93e-01 |DRu|=1.80e+00)
  [PT] w_u=14.6058 w_v=17.6980 gamma=1.000 (tau_u=6.847e-02 tau_v=5.650e-02 |Du|=5.78e+00 |DRu|=2.85e+01)
  [PT] w_u=12.1611 w_v=15.7405 gamma=1.000 (tau_u=8.223e-02 tau_v=6.353e-02 |Du|=1.05e+00 |DRu|=2.31e+00)
  [PT] w_u=12.8355 w_v=16.3989 gamma=1.000 (tau_u=7.791e-02 tau_v=6.098e-02 |Du|=5.76e+00 |DRu|=2.92e+01)
  [PT] w_u=10.5936 w_v=16.6365 gamma=1.000 (tau_u=9.440e-02 tau_v=6.011e-02 |Du|=1.64e+00 |DRu|=3.32e+00)
  [PT] w_u=11.2749 w_v=17.3459 gamma=1.000 (tau_u=8.869e-02 tau_v=5.765e-02 |Du|=5.82e+00 |DRu|=3.01e+01)
  [PT] w_u=10.1303 w_v=15.3134 gamma=1.000 (tau_u=9.871e-02 tau_v=6.530e-02 |Du|=1.19e+00 |DRu|=2.73e+00)
  [PT] w_u=10.8062 w_v=16.1319 gamma=1.000 (tau_u=9.254e-02 tau_v=6.199e-02 |Du|=5.98e+00 |DRu|=3.11e+01)
[Adam] ep=  540  total=3.118e-01  PDE=3.952e-02 [colloc=3.753e-02, cfd=1.982e-03] (w=2.222)  IN=3.671e-02 (w=1.409)  TB=1.924e-02 (w=1.063)  WALL=6.247e-16 (w=0.200)  OUT=4.614e-04 (w=0.200)  DATA=2.937e-02 (w=5.166)  DATA_P=0.000e+00 (w=1.000)
  [PT] w_u=9.1597 w_v=14.1755 gamma=1.000 (tau_u=1.092e-01 tau_v=7.054e-02 |Du|=1.16e+00 |DRu|=2.28e+00)
  [PT] w_u=9.8349 w_v=15.0846 gamma=1.000 (tau_u=1.017e-01 tau_v=6.629e-02 |Du|=5.85e+00 |DRu|=3.16e+01)
  [PT] w_u=9.7586 w_v=14.2012 gamma=1.000 (tau_u=1.025e-01 tau_v=7.042e-02 |Du|=5.52e-01 |DRu|=1.67e+00)
  [PT] w_u=10.4586 w_v=15.0895 gamma=1.000 (tau_u=9.561e-02 tau_v=6.627e-02 |Du|=5.75e+00 |DRu|=3.12e+01)
  [PT] w_u=9.9321 w_v=14.4647 gamma=1.000 (tau_u=1.007e-01 tau_v=6.913e-02 |Du|=5.38e-01 |DRu|=1.41e+00)
  [PT] w_u=10.6337 w_v=15.3469 gamma=1.000 (tau_u=9.404e-02 tau_v=6.516e-02 |Du|=5.69e+00 |DRu|=3.07e+01)
  [PT] w_u=10.4195 w_v=13.8467 gamma=1.000 (tau_u=9.597e-02 tau_v=7.222e-02 |Du|=7.09e-01 |DRu|=2.11e+00)
  [PT] w_u=11.1431 w_v=14.7214 gamma=1.000 (tau_u=8.974e-02 tau_v=6.793e-02 |Du|=5.66e+00 |DRu|=3.09e+01)
  [PT] w_u=11.4003 w_v=12.4293 gamma=1.000 (tau_u=8.772e-02 tau_v=8.045e-02 |Du|=4.37e-01 |DRu|=1.66e+00)
  [PT] w_u=12.1089 w_v=13.2373 gamma=1.000 (tau_u=8.258e-02 tau_v=7.554e-02 |Du|=5.82e+00 |DRu|=3.05e+01)
  [PT] w_u=12.3442 w_v=12.2927 gamma=1.000 (tau_u=8.101e-02 tau_v=8.135e-02 |Du|=4.43e-01 |DRu|=1.72e+00)
  [PT] w_u=13.0574 w_v=13.0599 gamma=1.000 (tau_u=7.659e-02 tau_v=7.657e-02 |Du|=5.75e+00 |DRu|=3.00e+01)
  [PT] w_u=12.6368 w_v=12.9212 gamma=1.000 (tau_u=7.913e-02 tau_v=7.739e-02 |Du|=4.50e-01 |DRu|=1.41e+00)
  [PT] w_u=13.3661 w_v=13.7111 gamma=1.000 (tau_u=7.482e-02 tau_v=7.293e-02 |Du|=5.66e+00 |DRu|=2.99e+01)
  [PT] w_u=11.2514 w_v=12.5954 gamma=1.000 (tau_u=8.888e-02 tau_v=7.939e-02 |Du|=6.08e-01 |DRu|=1.31e+00)
  [PT] w_u=11.9600 w_v=13.4257 gamma=1.000 (tau_u=8.361e-02 tau_v=7.448e-02 |Du|=5.76e+00 |DRu|=3.03e+01)
  [PT] w_u=10.8978 w_v=13.4344 gamma=1.000 (tau_u=9.176e-02 tau_v=7.444e-02 |Du|=6.33e-01 |DRu|=1.56e+00)
  [PT] w_u=11.6257 w_v=14.2808 gamma=1.000 (tau_u=8.602e-02 tau_v=7.002e-02 |Du|=5.59e+00 |DRu|=3.02e+01)
  [PT] w_u=8.9685 w_v=12.7964 gamma=1.000 (tau_u=1.115e-01 tau_v=7.815e-02 |Du|=6.38e-01 |DRu|=1.09e+00)
  [PT] w_u=9.6494 w_v=13.6855 gamma=1.000 (tau_u=1.036e-01 tau_v=7.307e-02 |Du|=5.63e+00 |DRu|=3.11e+01)
[Adam] ep=  560  total=3.120e-01  PDE=3.769e-02 [colloc=3.566e-02, cfd=2.033e-03] (w=2.273)  IN=3.509e-02 (w=1.426)  TB=1.771e-02 (w=0.980)  WALL=5.876e-16 (w=0.200)  OUT=3.194e-04 (w=0.200)  DATA=3.058e-02 (w=5.195)  DATA_P=0.000e+00 (w=1.000)
  [PT] w_u=9.7001 w_v=14.4782 gamma=1.000 (tau_u=1.031e-01 tau_v=6.907e-02 |Du|=5.67e-01 |DRu|=1.81e+00)
  [PT] w_u=10.4310 w_v=15.3833 gamma=1.000 (tau_u=9.587e-02 tau_v=6.501e-02 |Du|=5.39e+00 |DRu|=3.07e+01)
  [PT] w_u=9.2168 w_v=14.0506 gamma=1.000 (tau_u=1.085e-01 tau_v=7.117e-02 |Du|=5.22e-01 |DRu|=1.11e+00)
  [PT] w_u=9.8816 w_v=14.8857 gamma=1.000 (tau_u=1.012e-01 tau_v=6.718e-02 |Du|=5.63e+00 |DRu|=2.99e+01)
  [PT] w_u=9.9264 w_v=14.1119 gamma=1.000 (tau_u=1.007e-01 tau_v=7.086e-02 |Du|=5.97e-01 |DRu|=1.92e+00)
  [PT] w_u=10.6319 w_v=14.9525 gamma=1.000 (tau_u=9.406e-02 tau_v=6.688e-02 |Du|=5.48e+00 |DRu|=2.98e+01)
  [PT] w_u=9.9481 w_v=15.7302 gamma=1.000 (tau_u=1.005e-01 tau_v=6.357e-02 |Du|=6.53e-01 |DRu|=1.64e+00)
  [PT] w_u=10.6331 w_v=16.5999 gamma=1.000 (tau_u=9.405e-02 tau_v=6.024e-02 |Du|=5.71e+00 |DRu|=3.02e+01)
  [PT] w_u=9.7209 w_v=15.0020 gamma=1.000 (tau_u=1.029e-01 tau_v=6.666e-02 |Du|=6.83e-01 |DRu|=1.60e+00)
  [PT] w_u=10.3655 w_v=15.7582 gamma=1.000 (tau_u=9.647e-02 tau_v=6.346e-02 |Du|=5.63e+00 |DRu|=2.85e+01)
  [PT] w_u=9.8645 w_v=13.4640 gamma=1.000 (tau_u=1.014e-01 tau_v=7.427e-02 |Du|=1.06e+00 |DRu|=2.77e+00)
  [PT] w_u=10.5330 w_v=14.2656 gamma=1.000 (tau_u=9.494e-02 tau_v=7.010e-02 |Du|=5.69e+00 |DRu|=2.96e+01)
  [PT] w_u=11.2033 w_v=14.8944 gamma=1.000 (tau_u=8.926e-02 tau_v=6.714e-02 |Du|=5.87e-01 |DRu|=3.01e+00)
  [PT] w_u=11.9491 w_v=15.7320 gamma=1.000 (tau_u=8.369e-02 tau_v=6.356e-02 |Du|=5.52e+00 |DRu|=3.01e+01)
  [PT] w_u=9.2785 w_v=14.8839 gamma=1.000 (tau_u=1.078e-01 tau_v=6.719e-02 |Du|=1.53e+00 |DRu|=2.69e+00)
  [PT] w_u=9.9660 w_v=15.6559 gamma=1.000 (tau_u=1.003e-01 tau_v=6.387e-02 |Du|=5.30e+00 |DRu|=2.90e+01)
  [PT] w_u=9.7793 w_v=16.0302 gamma=1.000 (tau_u=1.023e-01 tau_v=6.238e-02 |Du|=6.64e-01 |DRu|=1.92e+00)
  [PT] w_u=10.5069 w_v=16.8157 gamma=1.000 (tau_u=9.518e-02 tau_v=5.947e-02 |Du|=5.22e+00 |DRu|=2.94e+01)
  [PT] w_u=7.4910 w_v=12.7110 gamma=1.000 (tau_u=1.335e-01 tau_v=7.867e-02 |Du|=9.58e-01 |DRu|=1.39e+00)
  [PT] w_u=8.1521 w_v=13.6729 gamma=1.000 (tau_u=1.227e-01 tau_v=7.314e-02 |Du|=5.12e+00 |DRu|=3.22e+01)
[Adam] ep=  580  total=2.888e-01  PDE=4.153e-02 [colloc=3.965e-02, cfd=1.880e-03] (w=2.356)  IN=3.184e-02 (w=1.378)  TB=1.511e-02 (w=0.997)  WALL=6.374e-16 (w=0.200)  OUT=5.782e-04 (w=0.200)  DATA=2.595e-02 (w=5.082)  DATA_P=0.000e+00 (w=1.000)
  [PT] w_u=7.6579 w_v=13.1493 gamma=1.000 (tau_u=1.306e-01 tau_v=7.605e-02 |Du|=1.05e+00 |DRu|=2.34e+00)
  [PT] w_u=8.3440 w_v=14.1556 gamma=1.000 (tau_u=1.198e-01 tau_v=7.064e-02 |Du|=4.96e+00 |DRu|=3.26e+01)
  [PT] w_u=8.6992 w_v=14.2796 gamma=1.000 (tau_u=1.150e-01 tau_v=7.003e-02 |Du|=6.47e-01 |DRu|=2.43e+00)
  [PT] w_u=9.3571 w_v=15.1291 gamma=1.000 (tau_u=1.069e-01 tau_v=6.610e-02 |Du|=5.28e+00 |DRu|=2.86e+01)
  [PT] w_u=8.5669 w_v=14.4445 gamma=1.000 (tau_u=1.167e-01 tau_v=6.923e-02 |Du|=1.86e+00 |DRu|=4.10e+00)
  [PT] w_u=9.1724 w_v=15.1684 gamma=1.000 (tau_u=1.090e-01 tau_v=6.593e-02 |Du|=5.28e+00 |DRu|=2.65e+01)
  [PT] w_u=9.2154 w_v=15.9105 gamma=1.000 (tau_u=1.085e-01 tau_v=6.285e-02 |Du|=1.64e+00 |DRu|=5.09e+00)
  [PT] w_u=9.9178 w_v=16.7824 gamma=1.000 (tau_u=1.008e-01 tau_v=5.959e-02 |Du|=5.20e+00 |DRu|=2.92e+01)
  [PT] w_u=9.0134 w_v=16.5967 gamma=1.000 (tau_u=1.109e-01 tau_v=6.025e-02 |Du|=2.31e+00 |DRu|=5.14e+00)
  [PT] w_u=9.6918 w_v=17.4666 gamma=1.000 (tau_u=1.032e-01 tau_v=5.725e-02 |Du|=5.33e+00 |DRu|=2.92e+01)
  [PT] w_u=8.3803 w_v=17.5623 gamma=1.000 (tau_u=1.193e-01 tau_v=5.694e-02 |Du|=4.12e+00 |DRu|=8.00e+00)
  [PT] w_u=8.9137 w_v=18.0718 gamma=1.000 (tau_u=1.122e-01 tau_v=5.533e-02 |Du|=5.88e+00 |DRu|=2.69e+01)
  [PT] w_u=8.0354 w_v=17.8776 gamma=1.000 (tau_u=1.244e-01 tau_v=5.594e-02 |Du|=4.41e+00 |DRu|=9.09e+00)
  [PT] w_u=8.5882 w_v=18.4142 gamma=1.000 (tau_u=1.164e-01 tau_v=5.431e-02 |Du|=5.51e+00 |DRu|=2.62e+01)
  [PT] w_u=7.8182 w_v=18.4552 gamma=1.000 (tau_u=1.279e-01 tau_v=5.419e-02 |Du|=3.29e+00 |DRu|=6.84e+00)
  [PT] w_u=8.3158 w_v=19.0871 gamma=1.000 (tau_u=1.203e-01 tau_v=5.239e-02 |Du|=6.83e+00 |DRu|=3.01e+01)
  [PT] w_u=7.9033 w_v=18.9368 gamma=1.000 (tau_u=1.265e-01 tau_v=5.281e-02 |Du|=9.97e-01 |DRu|=2.33e+00)
  [PT] w_u=8.3769 w_v=19.5581 gamma=1.000 (tau_u=1.194e-01 tau_v=5.113e-02 |Du|=6.85e+00 |DRu|=2.92e+01)
  [PT] w_u=8.1607 w_v=18.0153 gamma=1.000 (tau_u=1.225e-01 tau_v=5.551e-02 |Du|=1.05e+00 |DRu|=2.69e+00)
  [PT] w_u=8.6396 w_v=18.6110 gamma=1.000 (tau_u=1.157e-01 tau_v=5.373e-02 |Du|=6.74e+00 |DRu|=2.88e+01)
[Adam] ep=  600  total=2.926e-01  PDE=3.358e-02 [colloc=3.172e-02, cfd=1.863e-03] (w=2.344)  IN=3.385e-02 (w=1.399)  TB=1.415e-02 (w=0.942)  WALL=3.727e-16 (w=0.200)  OUT=3.037e-04 (w=0.200)  DATA=2.943e-02 (w=5.203)  DATA_P=0.000e+00 (w=1.000)
  [PT] w_u=7.9298 w_v=16.1128 gamma=1.000 (tau_u=1.261e-01 tau_v=6.206e-02 |Du|=1.51e+00 |DRu|=3.22e+00)
  [PT] w_u=8.4619 w_v=16.8579 gamma=1.000 (tau_u=1.182e-01 tau_v=5.932e-02 |Du|=6.11e+00 |DRu|=2.82e+01)
  [PT] w_u=7.8399 w_v=16.7028 gamma=1.000 (tau_u=1.276e-01 tau_v=5.987e-02 |Du|=2.54e+00 |DRu|=5.53e+00)
  [PT] w_u=8.4020 w_v=17.5564 gamma=1.000 (tau_u=1.190e-01 tau_v=5.696e-02 |Du|=5.99e+00 |DRu|=2.91e+01)
  [PT] w_u=8.1097 w_v=16.6543 gamma=1.000 (tau_u=1.233e-01 tau_v=6.004e-02 |Du|=1.20e+00 |DRu|=2.98e+00)
  [PT] w_u=8.7220 w_v=17.5010 gamma=1.000 (tau_u=1.147e-01 tau_v=5.714e-02 |Du|=5.50e+00 |DRu|=2.87e+01)
  [PT] w_u=7.5982 w_v=16.7376 gamma=1.000 (tau_u=1.316e-01 tau_v=5.975e-02 |Du|=2.76e+00 |DRu|=5.17e+00)
  [PT] w_u=8.1443 w_v=17.4161 gamma=1.000 (tau_u=1.228e-01 tau_v=5.742e-02 |Du|=5.47e+00 |DRu|=2.63e+01)
  [PT] w_u=8.1607 w_v=18.4691 gamma=1.000 (tau_u=1.225e-01 tau_v=5.414e-02 |Du|=1.35e+00 |DRu|=3.88e+00)
  [PT] w_u=8.7524 w_v=19.1797 gamma=1.000 (tau_u=1.143e-01 tau_v=5.214e-02 |Du|=5.47e+00 |DRu|=2.75e+01)
  [PT] w_u=7.8054 w_v=19.0370 gamma=1.000 (tau_u=1.281e-01 tau_v=5.253e-02 |Du|=1.98e+00 |DRu|=3.95e+00)
  [PT] w_u=8.3994 w_v=19.7534 gamma=1.000 (tau_u=1.191e-01 tau_v=5.062e-02 |Du|=5.19e+00 |DRu|=2.68e+01)
  [PT] w_u=7.6558 w_v=18.5393 gamma=1.000 (tau_u=1.306e-01 tau_v=5.394e-02 |Du|=1.81e+00 |DRu|=3.74e+00)
  [PT] w_u=8.2460 w_v=19.2476 gamma=1.000 (tau_u=1.213e-01 tau_v=5.195e-02 |Du|=5.22e+00 |DRu|=2.71e+01)
  [PT] w_u=7.6361 w_v=16.1963 gamma=1.000 (tau_u=1.310e-01 tau_v=6.174e-02 |Du|=1.18e+00 |DRu|=2.52e+00)
  [PT] w_u=8.2406 w_v=17.0194 gamma=1.000 (tau_u=1.214e-01 tau_v=5.876e-02 |Du|=5.04e+00 |DRu|=2.70e+01)
  [PT] w_u=8.8456 w_v=16.7456 gamma=1.000 (tau_u=1.131e-01 tau_v=5.972e-02 |Du|=4.34e-01 |DRu|=2.22e+00)
  [PT] w_u=9.4902 w_v=17.5246 gamma=1.000 (tau_u=1.054e-01 tau_v=5.706e-02 |Du|=5.14e+00 |DRu|=2.70e+01)
  [PT] w_u=9.5396 w_v=16.4025 gamma=1.000 (tau_u=1.048e-01 tau_v=6.097e-02 |Du|=5.92e-01 |DRu|=1.87e+00)
  [PT] w_u=10.2362 w_v=17.2295 gamma=1.000 (tau_u=9.769e-02 tau_v=5.804e-02 |Du|=5.01e+00 |DRu|=2.74e+01)
[Adam] ep=  620  total=2.851e-01  PDE=3.920e-02 [colloc=3.745e-02, cfd=1.751e-03] (w=2.357)  IN=3.383e-02 (w=1.429)  TB=1.330e-02 (w=0.905)  WALL=7.176e-16 (w=0.200)  OUT=3.095e-04 (w=0.200)  DATA=2.574e-02 (w=5.137)  DATA_P=0.000e+00 (w=1.000)
  [PT] w_u=9.2042 w_v=15.8954 gamma=1.000 (tau_u=1.086e-01 tau_v=6.291e-02 |Du|=1.29e+00 |DRu|=2.84e+00)
  [PT] w_u=9.8813 w_v=16.6812 gamma=1.000 (tau_u=1.012e-01 tau_v=5.995e-02 |Du|=4.99e+00 |DRu|=2.70e+01)
  [PT] w_u=8.3656 w_v=16.4164 gamma=1.000 (tau_u=1.195e-01 tau_v=6.091e-02 |Du|=1.72e+00 |DRu|=3.23e+00)
  [PT] w_u=9.0021 w_v=17.1956 gamma=1.000 (tau_u=1.111e-01 tau_v=5.815e-02 |Du|=5.01e+00 |DRu|=2.68e+01)
  [PT] w_u=8.0390 w_v=17.1064 gamma=1.000 (tau_u=1.244e-01 tau_v=5.846e-02 |Du|=2.40e+00 |DRu|=4.85e+00)
  [PT] w_u=8.6778 w_v=17.9465 gamma=1.000 (tau_u=1.152e-01 tau_v=5.572e-02 |Du|=4.91e+00 |DRu|=2.71e+01)
  [PT] w_u=7.5551 w_v=17.2019 gamma=1.000 (tau_u=1.324e-01 tau_v=5.813e-02 |Du|=1.89e+00 |DRu|=3.54e+00)
  [PT] w_u=8.1491 w_v=18.0239 gamma=1.000 (tau_u=1.227e-01 tau_v=5.548e-02 |Du|=5.22e+00 |DRu|=2.76e+01)
  [PT] w_u=7.4151 w_v=17.6262 gamma=1.000 (tau_u=1.349e-01 tau_v=5.673e-02 |Du|=2.15e+00 |DRu|=4.34e+00)
  [PT] w_u=7.9909 w_v=18.3604 gamma=1.000 (tau_u=1.251e-01 tau_v=5.447e-02 |Du|=5.09e+00 |DRu|=2.62e+01)
  [PT] w_u=7.3090 w_v=17.7005 gamma=1.000 (tau_u=1.368e-01 tau_v=5.650e-02 |Du|=1.48e+00 |DRu|=3.01e+00)
  [PT] w_u=7.8787 w_v=18.4714 gamma=1.000 (tau_u=1.269e-01 tau_v=5.414e-02 |Du|=5.32e+00 |DRu|=2.73e+01)
  [PT] w_u=7.3133 w_v=17.0849 gamma=1.000 (tau_u=1.367e-01 tau_v=5.853e-02 |Du|=1.16e+00 |DRu|=2.45e+00)
  [PT] w_u=7.8621 w_v=17.9142 gamma=1.000 (tau_u=1.272e-01 tau_v=5.582e-02 |Du|=5.60e+00 |DRu|=2.75e+01)
  [PT] w_u=7.5267 w_v=15.4328 gamma=1.000 (tau_u=1.329e-01 tau_v=6.480e-02 |Du|=1.15e+00 |DRu|=2.69e+00)
  [PT] w_u=8.0965 w_v=16.3165 gamma=1.000 (tau_u=1.235e-01 tau_v=6.129e-02 |Du|=5.67e+00 |DRu|=2.86e+01)
  [PT] w_u=7.7891 w_v=14.2849 gamma=1.000 (tau_u=1.284e-01 tau_v=7.000e-02 |Du|=6.60e-01 |DRu|=1.59e+00)
  [PT] w_u=8.3829 w_v=15.1752 gamma=1.000 (tau_u=1.193e-01 tau_v=6.590e-02 |Du|=5.48e+00 |DRu|=2.83e+01)
  [PT] w_u=7.7026 w_v=14.4023 gamma=1.000 (tau_u=1.298e-01 tau_v=6.943e-02 |Du|=9.90e-01 |DRu|=2.09e+00)
  [PT] w_u=8.3061 w_v=15.2618 gamma=1.000 (tau_u=1.204e-01 tau_v=6.552e-02 |Du|=5.23e+00 |DRu|=2.77e+01)
[Adam] ep=  640  total=2.698e-01  PDE=3.604e-02 [colloc=3.439e-02, cfd=1.644e-03] (w=2.383)  IN=3.359e-02 (w=1.420)  TB=1.166e-02 (w=0.902)  WALL=4.778e-16 (w=0.200)  OUT=3.239e-04 (w=0.200)  DATA=2.462e-02 (w=5.105)  DATA_P=0.000e+00 (w=1.000)
  [PT] w_u=8.2305 w_v=15.8229 gamma=1.000 (tau_u=1.215e-01 tau_v=6.320e-02 |Du|=8.69e-01 |DRu|=2.40e+00)
  [PT] w_u=8.8380 w_v=16.6463 gamma=1.000 (tau_u=1.131e-01 tau_v=6.007e-02 |Du|=5.26e+00 |DRu|=2.70e+01)
  [PT] w_u=8.0578 w_v=17.2243 gamma=1.000 (tau_u=1.241e-01 tau_v=5.806e-02 |Du|=1.61e+00 |DRu|=3.41e+00)
  [PT] w_u=8.6459 w_v=17.9839 gamma=1.000 (tau_u=1.157e-01 tau_v=5.561e-02 |Du|=5.25e+00 |DRu|=2.64e+01)
  [PT] w_u=8.4618 w_v=17.7563 gamma=1.000 (tau_u=1.182e-01 tau_v=5.632e-02 |Du|=6.19e-01 |DRu|=1.65e+00)
  [PT] w_u=9.0710 w_v=18.4860 gamma=1.000 (tau_u=1.102e-01 tau_v=5.409e-02 |Du|=5.10e+00 |DRu|=2.59e+01)
  [PT] w_u=8.3264 w_v=18.5642 gamma=1.000 (tau_u=1.201e-01 tau_v=5.387e-02 |Du|=1.04e+00 |DRu|=2.27e+00)
  [PT] w_u=8.8927 w_v=19.2021 gamma=1.000 (tau_u=1.125e-01 tau_v=5.208e-02 |Du|=5.27e+00 |DRu|=2.52e+01)
  [PT] w_u=8.2906 w_v=18.9461 gamma=1.000 (tau_u=1.206e-01 tau_v=5.278e-02 |Du|=6.80e-01 |DRu|=1.54e+00)
  [PT] w_u=8.8772 w_v=19.5803 gamma=1.000 (tau_u=1.126e-01 tau_v=5.107e-02 |Du|=5.19e+00 |DRu|=2.57e+01)
  [PT] w_u=8.5532 w_v=16.8554 gamma=1.000 (tau_u=1.169e-01 tau_v=5.933e-02 |Du|=6.72e-01 |DRu|=1.70e+00)
  [PT] w_u=9.0264 w_v=17.4749 gamma=1.000 (tau_u=1.108e-01 tau_v=5.722e-02 |Du|=5.93e+00 |DRu|=2.51e+01)
  [PT] w_u=8.0489 w_v=17.7317 gamma=1.000 (tau_u=1.242e-01 tau_v=5.640e-02 |Du|=7.22e-01 |DRu|=1.46e+00)
  [PT] w_u=8.5511 w_v=18.3357 gamma=1.000 (tau_u=1.169e-01 tau_v=5.454e-02 |Du|=5.85e+00 |DRu|=2.58e+01)
  [PT] w_u=8.4382 w_v=18.3763 gamma=1.000 (tau_u=1.185e-01 tau_v=5.442e-02 |Du|=4.42e-01 |DRu|=1.21e+00)
  [PT] w_u=8.9601 w_v=18.9860 gamma=1.000 (tau_u=1.116e-01 tau_v=5.267e-02 |Du|=5.70e+00 |DRu|=2.56e+01)
  [PT] w_u=9.0186 w_v=17.1489 gamma=1.000 (tau_u=1.109e-01 tau_v=5.831e-02 |Du|=3.53e-01 |DRu|=1.09e+00)
  [PT] w_u=9.5338 w_v=17.7555 gamma=1.000 (tau_u=1.049e-01 tau_v=5.632e-02 |Du|=5.76e+00 |DRu|=2.55e+01)
  [PT] w_u=8.4299 w_v=15.9763 gamma=1.000 (tau_u=1.186e-01 tau_v=6.259e-02 |Du|=9.80e-01 |DRu|=1.99e+00)
  [PT] w_u=8.9941 w_v=16.6720 gamma=1.000 (tau_u=1.112e-01 tau_v=5.998e-02 |Du|=5.32e+00 |DRu|=2.53e+01)
[Adam] ep=  660  total=2.678e-01  PDE=3.605e-02 [colloc=3.437e-02, cfd=1.679e-03] (w=2.343)  IN=3.034e-02 (w=1.421)  TB=1.348e-02 (w=0.926)  WALL=5.533e-16 (w=0.200)  OUT=2.613e-04 (w=0.200)  DATA=2.475e-02 (w=5.161)  DATA_P=0.000e+00 (w=1.000)
  [PT] w_u=8.1664 w_v=17.3482 gamma=1.000 (tau_u=1.225e-01 tau_v=5.764e-02 |Du|=1.11e+00 |DRu|=2.34e+00)
  [PT] w_u=8.7577 w_v=18.0639 gamma=1.000 (tau_u=1.142e-01 tau_v=5.536e-02 |Du|=5.01e+00 |DRu|=2.51e+01)
  [PT] w_u=8.8431 w_v=18.3710 gamma=1.000 (tau_u=1.131e-01 tau_v=5.443e-02 |Du|=5.25e-01 |DRu|=1.63e+00)
  [PT] w_u=9.4415 w_v=19.0061 gamma=1.000 (tau_u=1.059e-01 tau_v=5.261e-02 |Du|=5.06e+00 |DRu|=2.49e+01)
  [PT] w_u=7.8606 w_v=16.0231 gamma=1.000 (tau_u=1.272e-01 tau_v=6.241e-02 |Du|=6.89e-01 |DRu|=1.22e+00)
  [PT] w_u=8.4707 w_v=16.8551 gamma=1.000 (tau_u=1.181e-01 tau_v=5.933e-02 |Du|=4.89e+00 |DRu|=2.59e+01)
  [PT] w_u=8.2099 w_v=15.5601 gamma=1.000 (tau_u=1.218e-01 tau_v=6.427e-02 |Du|=5.41e-01 |DRu|=1.37e+00)
  [PT] w_u=8.8460 w_v=16.4151 gamma=1.000 (tau_u=1.130e-01 tau_v=6.092e-02 |Du|=4.81e+00 |DRu|=2.60e+01)
  [PT] w_u=8.6368 w_v=13.5580 gamma=1.000 (tau_u=1.158e-01 tau_v=7.376e-02 |Du|=3.89e-01 |DRu|=1.04e+00)
  [PT] w_u=9.2727 w_v=14.3881 gamma=1.000 (tau_u=1.078e-01 tau_v=6.950e-02 |Du|=4.94e+00 |DRu|=2.59e+01)
  [PT] w_u=9.8953 w_v=14.1873 gamma=1.000 (tau_u=1.011e-01 tau_v=7.049e-02 |Du|=2.95e-01 |DRu|=1.47e+00)
  [PT] w_u=10.6027 w_v=15.0569 gamma=1.000 (tau_u=9.432e-02 tau_v=6.641e-02 |Du|=4.80e+00 |DRu|=2.62e+01)
  [PT] w_u=8.9668 w_v=14.5459 gamma=1.000 (tau_u=1.115e-01 tau_v=6.875e-02 |Du|=8.43e-01 |DRu|=1.63e+00)
  [PT] w_u=9.6369 w_v=15.3883 gamma=1.000 (tau_u=1.038e-01 tau_v=6.498e-02 |Du|=4.70e+00 |DRu|=2.55e+01)
  [PT] w_u=8.1687 w_v=14.7489 gamma=1.000 (tau_u=1.224e-01 tau_v=6.780e-02 |Du|=9.70e-01 |DRu|=1.80e+00)
  [PT] w_u=8.8100 w_v=15.5963 gamma=1.000 (tau_u=1.135e-01 tau_v=6.412e-02 |Du|=4.69e+00 |DRu|=2.57e+01)
  [PT] w_u=8.4395 w_v=15.5835 gamma=1.000 (tau_u=1.185e-01 tau_v=6.417e-02 |Du|=1.16e+00 |DRu|=2.87e+00)
  [PT] w_u=9.1021 w_v=16.4684 gamma=1.000 (tau_u=1.099e-01 tau_v=6.072e-02 |Du|=4.62e+00 |DRu|=2.58e+01)
  [PT] w_u=7.6652 w_v=16.1479 gamma=1.000 (tau_u=1.305e-01 tau_v=6.193e-02 |Du|=1.69e+00 |DRu|=3.01e+00)
  [PT] w_u=8.2849 w_v=17.0168 gamma=1.000 (tau_u=1.207e-01 tau_v=5.877e-02 |Du|=4.69e+00 |DRu|=2.59e+01)
[Adam] ep=  680  total=2.599e-01  PDE=4.006e-02 [colloc=3.830e-02, cfd=1.756e-03] (w=2.364)  IN=2.983e-02 (w=1.428)  TB=1.285e-02 (w=0.891)  WALL=6.299e-16 (w=0.200)  OUT=2.240e-04 (w=0.200)  DATA=2.152e-02 (w=5.162)  DATA_P=0.000e+00 (w=1.000)
  [PT] w_u=8.0052 w_v=16.6053 gamma=1.000 (tau_u=1.249e-01 tau_v=6.022e-02 |Du|=9.47e-01 |DRu|=2.35e+00)
  [PT] w_u=8.6108 w_v=17.3635 gamma=1.000 (tau_u=1.161e-01 tau_v=5.759e-02 |Du|=4.76e+00 |DRu|=2.47e+01)
  [PT] w_u=7.1857 w_v=16.2015 gamma=1.000 (tau_u=1.392e-01 tau_v=6.172e-02 |Du|=1.30e+00 |DRu|=2.21e+00)
  [PT] w_u=7.7849 w_v=17.1061 gamma=1.000 (tau_u=1.285e-01 tau_v=5.846e-02 |Du|=4.71e+00 |DRu|=2.63e+01)
  [PT] w_u=7.2759 w_v=15.0332 gamma=1.000 (tau_u=1.374e-01 tau_v=6.652e-02 |Du|=1.37e+00 |DRu|=2.94e+00)
  [PT] w_u=7.8774 w_v=15.9279 gamma=1.000 (tau_u=1.269e-01 tau_v=6.278e-02 |Du|=4.75e+00 |DRu|=2.64e+01)
  [PT] w_u=7.5488 w_v=13.9055 gamma=1.000 (tau_u=1.325e-01 tau_v=7.191e-02 |Du|=1.27e+00 |DRu|=2.97e+00)
  [PT] w_u=8.1486 w_v=14.7775 gamma=1.000 (tau_u=1.227e-01 tau_v=6.767e-02 |Du|=4.97e+00 |DRu|=2.66e+01)
  [PT] w_u=7.0703 w_v=14.6765 gamma=1.000 (tau_u=1.414e-01 tau_v=6.814e-02 |Du|=2.08e+00 |DRu|=3.73e+00)
  [PT] w_u=7.6384 w_v=15.5600 gamma=1.000 (tau_u=1.309e-01 tau_v=6.427e-02 |Du|=4.99e+00 |DRu|=2.62e+01)
  [PT] w_u=7.3490 w_v=13.5188 gamma=1.000 (tau_u=1.361e-01 tau_v=7.397e-02 |Du|=1.24e+00 |DRu|=2.91e+00)
  [PT] w_u=7.9617 w_v=14.4255 gamma=1.000 (tau_u=1.256e-01 tau_v=6.932e-02 |Du|=4.76e+00 |DRu|=2.69e+01)
  [PT] w_u=7.1609 w_v=13.5632 gamma=1.000 (tau_u=1.396e-01 tau_v=7.373e-02 |Du|=1.30e+00 |DRu|=2.51e+00)
  [PT] w_u=7.7896 w_v=14.5551 gamma=1.000 (tau_u=1.284e-01 tau_v=6.870e-02 |Du|=4.66e+00 |DRu|=2.84e+01)
  [PT] w_u=8.0526 w_v=12.8965 gamma=1.000 (tau_u=1.242e-01 tau_v=7.754e-02 |Du|=5.87e-01 |DRu|=2.00e+00)
  [PT] w_u=8.6962 w_v=13.7847 gamma=1.000 (tau_u=1.150e-01 tau_v=7.254e-02 |Du|=4.84e+00 |DRu|=2.69e+01)
  [PT] w_u=9.2490 w_v=12.7953 gamma=1.000 (tau_u=1.081e-01 tau_v=7.815e-02 |Du|=6.75e-01 |DRu|=3.14e+00)
  [PT] w_u=9.8133 w_v=13.5037 gamma=1.000 (tau_u=1.019e-01 tau_v=7.405e-02 |Du|=5.15e+00 |DRu|=2.40e+01)
  [PT] w_u=8.8696 w_v=12.5093 gamma=1.000 (tau_u=1.127e-01 tau_v=7.994e-02 |Du|=1.81e+00 |DRu|=3.95e+00)
  [PT] w_u=9.5015 w_v=13.2920 gamma=1.000 (tau_u=1.052e-01 tau_v=7.523e-02 |Du|=4.77e+00 |DRu|=2.46e+01)
[Adam] ep=  700  total=2.728e-01  PDE=3.425e-02 [colloc=3.261e-02, cfd=1.638e-03] (w=2.388)  IN=2.898e-02 (w=1.410)  TB=1.150e-02 (w=0.881)  WALL=6.317e-16 (w=0.200)  OUT=2.551e-04 (w=0.200)  DATA=2.697e-02 (w=5.189)  DATA_P=0.000e+00 (w=1.000)
  [PT] w_u=8.6073 w_v=12.7208 gamma=1.000 (tau_u=1.162e-01 tau_v=7.861e-02 |Du|=2.59e+00 |DRu|=5.60e+00)
  [PT] w_u=9.3060 w_v=13.6330 gamma=1.000 (tau_u=1.075e-01 tau_v=7.335e-02 |Du|=4.51e+00 |DRu|=2.65e+01)
  [PT] w_u=8.0766 w_v=12.1939 gamma=1.000 (tau_u=1.238e-01 tau_v=8.201e-02 |Du|=2.75e+00 |DRu|=5.29e+00)
  [PT] w_u=8.7190 w_v=13.0615 gamma=1.000 (tau_u=1.147e-01 tau_v=7.656e-02 |Du|=4.85e+00 |DRu|=2.69e+01)
  [PT] w_u=8.2383 w_v=12.8239 gamma=1.000 (tau_u=1.214e-01 tau_v=7.798e-02 |Du|=2.95e+00 |DRu|=6.92e+00)
  [PT] w_u=8.8811 w_v=13.6418 gamma=1.000 (tau_u=1.126e-01 tau_v=7.330e-02 |Du|=4.61e+00 |DRu|=2.52e+01)
  [PT] w_u=7.6439 w_v=13.1844 gamma=1.000 (tau_u=1.308e-01 tau_v=7.585e-02 |Du|=4.38e+00 |DRu|=8.07e+00)
  [PT] w_u=8.2373 w_v=13.9667 gamma=1.000 (tau_u=1.214e-01 tau_v=7.160e-02 |Du|=4.79e+00 |DRu|=2.50e+01)
  [PT] w_u=7.5321 w_v=13.4347 gamma=1.000 (tau_u=1.328e-01 tau_v=7.443e-02 |Du|=4.41e+00 |DRu|=9.10e+00)
  [PT] w_u=8.1361 w_v=14.1953 gamma=1.000 (tau_u=1.229e-01 tau_v=7.045e-02 |Du|=4.69e+00 |DRu|=2.54e+01)
  [PT] w_u=7.2403 w_v=13.4877 gamma=1.000 (tau_u=1.381e-01 tau_v=7.414e-02 |Du|=3.58e+00 |DRu|=6.83e+00)
  [PT] w_u=7.8487 w_v=14.2874 gamma=1.000 (tau_u=1.274e-01 tau_v=6.999e-02 |Du|=4.78e+00 |DRu|=2.71e+01)
  [PT] w_u=7.1159 w_v=14.5379 gamma=1.000 (tau_u=1.405e-01 tau_v=6.879e-02 |Du|=3.40e+00 |DRu|=6.69e+00)
  [PT] w_u=7.6652 w_v=15.1709 gamma=1.000 (tau_u=1.305e-01 tau_v=6.592e-02 |Du|=4.89e+00 |DRu|=2.45e+01)
  [PT] w_u=7.1284 w_v=14.9503 gamma=1.000 (tau_u=1.403e-01 tau_v=6.689e-02 |Du|=5.25e+00 |DRu|=1.10e+01)
  [PT] w_u=7.6671 w_v=15.6702 gamma=1.000 (tau_u=1.304e-01 tau_v=6.382e-02 |Du|=4.73e+00 |DRu|=2.32e+01)
  [PT] w_u=6.7381 w_v=15.6670 gamma=1.000 (tau_u=1.484e-01 tau_v=6.383e-02 |Du|=6.04e+00 |DRu|=1.09e+01)
  [PT] w_u=7.2714 w_v=16.4145 gamma=1.000 (tau_u=1.375e-01 tau_v=6.092e-02 |Du|=4.81e+00 |DRu|=2.42e+01)
  [PT] w_u=6.8435 w_v=15.9177 gamma=1.000 (tau_u=1.461e-01 tau_v=6.282e-02 |Du|=4.45e+00 |DRu|=9.42e+00)
  [PT] w_u=7.3855 w_v=16.7745 gamma=1.000 (tau_u=1.354e-01 tau_v=5.961e-02 |Du|=4.92e+00 |DRu|=2.50e+01)
[Adam] ep=  720  total=2.678e-01  PDE=4.555e-02 [colloc=4.381e-02, cfd=1.736e-03] (w=2.455)  IN=2.513e-02 (w=1.362)  TB=9.964e-03 (w=0.883)  WALL=8.788e-16 (w=0.200)  OUT=3.128e-04 (w=0.200)  DATA=2.187e-02 (w=5.162)  DATA_P=0.000e+00 (w=1.000)
  [PT] w_u=6.6457 w_v=16.8070 gamma=1.000 (tau_u=1.505e-01 tau_v=5.950e-02 |Du|=5.25e+00 |DRu|=9.81e+00)
  [PT] w_u=7.1699 w_v=17.4554 gamma=1.000 (tau_u=1.395e-01 tau_v=5.729e-02 |Du|=4.58e+00 |DRu|=2.28e+01)
  [PT] w_u=6.6206 w_v=16.8279 gamma=1.000 (tau_u=1.510e-01 tau_v=5.943e-02 |Du|=5.67e+00 |DRu|=1.12e+01)
  [PT] w_u=7.1474 w_v=17.6404 gamma=1.000 (tau_u=1.399e-01 tau_v=5.669e-02 |Du|=4.64e+00 |DRu|=2.33e+01)
  [PT] w_u=6.6725 w_v=17.2413 gamma=1.000 (tau_u=1.499e-01 tau_v=5.800e-02 |Du|=4.73e+00 |DRu|=9.66e+00)
  [PT] w_u=7.1464 w_v=18.0118 gamma=1.000 (tau_u=1.399e-01 tau_v=5.552e-02 |Du|=5.34e+00 |DRu|=2.38e+01)
  [PT] w_u=6.3198 w_v=17.7157 gamma=1.000 (tau_u=1.582e-01 tau_v=5.645e-02 |Du|=5.15e+00 |DRu|=9.06e+00)
  [PT] w_u=6.8376 w_v=18.4171 gamma=1.000 (tau_u=1.462e-01 tau_v=5.430e-02 |Du|=4.58e+00 |DRu|=2.34e+01)
  [PT] w_u=6.5101 w_v=18.1847 gamma=1.000 (tau_u=1.536e-01 tau_v=5.499e-02 |Du|=5.78e+00 |DRu|=1.23e+01)
  [PT] w_u=6.7953 w_v=18.9331 gamma=1.000 (tau_u=1.472e-01 tau_v=5.282e-02 |Du|=7.13e+00 |DRu|=2.39e+01)
  [PT] w_u=6.1977 w_v=18.4327 gamma=1.000 (tau_u=1.614e-01 tau_v=5.425e-02 |Du|=3.89e+00 |DRu|=7.24e+00)
  [PT] w_u=6.5964 w_v=19.0538 gamma=1.000 (tau_u=1.516e-01 tau_v=5.248e-02 |Du|=6.36e+00 |DRu|=2.52e+01)
  [PT] w_u=6.1670 w_v=18.5234 gamma=1.000 (tau_u=1.622e-01 tau_v=5.399e-02 |Du|=5.10e+00 |DRu|=1.01e+01)
  [PT] w_u=6.5090 w_v=19.1968 gamma=1.000 (tau_u=1.536e-01 tau_v=5.209e-02 |Du|=6.32e+00 |DRu|=2.28e+01)
  [PT] w_u=6.2935 w_v=19.1260 gamma=1.000 (tau_u=1.589e-01 tau_v=5.228e-02 |Du|=5.47e+00 |DRu|=1.20e+01)
  [PT] w_u=6.2369 w_v=19.6812 gamma=1.000 (tau_u=1.603e-01 tau_v=5.081e-02 |Du|=1.22e+01 |DRu|=2.93e+01)
  [PT] w_u=5.8452 w_v=19.5217 gamma=1.000 (tau_u=1.711e-01 tau_v=5.123e-02 |Du|=3.30e+00 |DRu|=6.38e+00)
  [PT] w_u=5.9331 w_v=19.9703 gamma=1.000 (tau_u=1.685e-01 tau_v=5.007e-02 |Du|=1.11e+01 |DRu|=2.92e+01)
  [PT] w_u=5.7310 w_v=19.7112 gamma=1.000 (tau_u=1.745e-01 tau_v=5.073e-02 |Du|=6.82e+00 |DRu|=1.43e+01)
  [PT] w_u=5.6887 w_v=20.0390 gamma=0.999 (tau_u=1.758e-01 tau_v=4.990e-02 |Du|=1.17e+01 |DRu|=2.70e+01)
[Adam] ep=  740  total=2.732e-01  PDE=6.325e-02 [colloc=6.144e-02, cfd=1.805e-03] (w=2.486)  IN=2.065e-02 (w=1.371)  TB=9.992e-03 (w=0.841)  WALL=1.683e-15 (w=0.200)  OUT=3.704e-04 (w=0.200)  DATA=1.543e-02 (w=5.130)  DATA_P=0.000e+00 (w=1.000)
  [PT] w_u=5.5023 w_v=19.8085 gamma=0.999 (tau_u=1.817e-01 tau_v=5.048e-02 |Du|=7.38e+00 |DRu|=1.52e+01)
  [PT] w_u=5.2914 w_v=19.6413 gamma=1.000 (tau_u=1.890e-01 tau_v=5.091e-02 |Du|=1.75e+01 |DRu|=3.48e+01)
  [PT] w_u=5.4856 w_v=18.3828 gamma=1.000 (tau_u=1.823e-01 tau_v=5.440e-02 |Du|=3.34e+00 |DRu|=9.57e+00)
  [PT] w_u=5.1931 w_v=17.9071 gamma=1.000 (tau_u=1.926e-01 tau_v=5.584e-02 |Du|=2.58e+01 |DRu|=4.83e+01)
  [PT] w_u=5.2730 w_v=15.8913 gamma=1.000 (tau_u=1.896e-01 tau_v=6.293e-02 |Du|=6.03e-01 |DRu|=1.49e+00)
  [PT] w_u=5.0398 w_v=15.6491 gamma=1.000 (tau_u=1.984e-01 tau_v=6.390e-02 |Du|=2.27e+01 |DRu|=4.32e+01)
  [PT] w_u=5.3295 w_v=15.1101 gamma=1.000 (tau_u=1.876e-01 tau_v=6.618e-02 |Du|=4.90e+00 |DRu|=1.63e+01)
  [PT] w_u=5.3662 w_v=15.7506 gamma=0.999 (tau_u=1.864e-01 tau_v=6.349e-02 |Du|=6.73e+00 |DRu|=1.61e+01)
  [PT] w_u=5.5775 w_v=14.6395 gamma=1.000 (tau_u=1.793e-01 tau_v=6.831e-02 |Du|=9.60e+00 |DRu|=2.82e+01)
  [PT] w_u=5.8367 w_v=14.4280 gamma=1.000 (tau_u=1.713e-01 tau_v=6.931e-02 |Du|=2.21e+00 |DRu|=7.00e+00)
  [PT] w_u=5.8633 w_v=14.0379 gamma=1.000 (tau_u=1.706e-01 tau_v=7.124e-02 |Du|=1.13e+01 |DRu|=2.78e+01)
  [PT] w_u=6.3259 w_v=15.0820 gamma=1.000 (tau_u=1.581e-01 tau_v=6.630e-02 |Du|=9.67e+00 |DRu|=4.52e+01)
  [PT] w_u=6.7758 w_v=14.4352 gamma=1.000 (tau_u=1.476e-01 tau_v=6.928e-02 |Du|=5.25e+00 |DRu|=2.28e+01)
  [PT] w_u=7.0978 w_v=14.7707 gamma=1.000 (tau_u=1.409e-01 tau_v=6.770e-02 |Du|=1.07e+01 |DRu|=3.77e+01)
  [PT] w_u=7.6698 w_v=16.1051 gamma=1.000 (tau_u=1.304e-01 tau_v=6.209e-02 |Du|=1.36e+01 |DRu|=7.17e+01)
  [PT] w_u=8.1560 w_v=17.3159 gamma=1.000 (tau_u=1.226e-01 tau_v=5.775e-02 |Du|=9.79e+00 |DRu|=4.27e+01)
  [PT] w_u=8.2144 w_v=16.2280 gamma=1.000 (tau_u=1.217e-01 tau_v=6.162e-02 |Du|=9.05e+00 |DRu|=2.68e+01)
  [PT] w_u=8.3924 w_v=16.0507 gamma=1.000 (tau_u=1.192e-01 tau_v=6.230e-02 |Du|=1.01e+01 |DRu|=3.25e+01)
  [PT] w_u=8.8627 w_v=16.4543 gamma=1.000 (tau_u=1.128e-01 tau_v=6.077e-02 |Du|=1.14e+01 |DRu|=4.84e+01)
  [PT] w_u=9.4924 w_v=17.0935 gamma=1.000 (tau_u=1.053e-01 tau_v=5.850e-02 |Du|=1.34e+01 |DRu|=6.86e+01)
[Adam] ep=  760  total=1.614e+00  PDE=3.595e-01 [colloc=3.000e-01, cfd=5.958e-02] (w=3.308)  IN=7.500e-02 (w=0.903)  TB=2.107e-02 (w=0.525)  WALL=6.510e-15 (w=0.200)  OUT=1.186e-02 (w=0.256)  DATA=8.656e-02 (w=3.962)  DATA_P=0.000e+00 (w=1.000)
  [PT] w_u=10.1289 w_v=17.8987 gamma=1.000 (tau_u=9.873e-02 tau_v=5.587e-02 |Du|=1.06e+01 |DRu|=5.38e+01)
  [PT] w_u=10.6719 w_v=18.6603 gamma=1.000 (tau_u=9.370e-02 tau_v=5.359e-02 |Du|=7.24e+00 |DRu|=3.29e+01)
  [PT] w_u=11.0709 w_v=18.3830 gamma=1.000 (tau_u=9.033e-02 tau_v=5.440e-02 |Du|=6.64e+00 |DRu|=2.71e+01)
  [PT] w_u=11.3973 w_v=18.2395 gamma=1.000 (tau_u=8.774e-02 tau_v=5.483e-02 |Du|=1.02e+01 |DRu|=4.03e+01)
  [PT] w_u=11.4101 w_v=17.8700 gamma=1.000 (tau_u=8.764e-02 tau_v=5.596e-02 |Du|=1.49e+01 |DRu|=5.05e+01)
  [PT] w_u=11.1328 w_v=17.4910 gamma=1.000 (tau_u=8.982e-02 tau_v=5.717e-02 |Du|=1.91e+01 |DRu|=5.78e+01)
  [PT] w_u=10.8533 w_v=16.6940 gamma=1.000 (tau_u=9.214e-02 tau_v=5.990e-02 |Du|=1.48e+01 |DRu|=4.40e+01)
  [PT] w_u=10.7186 w_v=15.1393 gamma=1.000 (tau_u=9.330e-02 tau_v=6.605e-02 |Du|=7.60e+00 |DRu|=2.36e+01)
  [PT] w_u=10.2157 w_v=15.1274 gamma=1.000 (tau_u=9.789e-02 tau_v=6.611e-02 |Du|=7.61e+00 |DRu|=2.04e+01)
  [PT] w_u=9.7298 w_v=15.0915 gamma=1.000 (tau_u=1.028e-01 tau_v=6.626e-02 |Du|=1.13e+01 |DRu|=2.94e+01)
  [PT] w_u=9.5174 w_v=13.6474 gamma=1.000 (tau_u=1.051e-01 tau_v=7.327e-02 |Du|=1.21e+01 |DRu|=3.41e+01)
  [PT] w_u=10.0875 w_v=12.6958 gamma=1.000 (tau_u=9.913e-02 tau_v=7.877e-02 |Du|=7.96e+00 |DRu|=3.73e+01)
  [PT] w_u=10.2173 w_v=13.1816 gamma=1.000 (tau_u=9.787e-02 tau_v=7.586e-02 |Du|=6.25e+00 |DRu|=2.13e+01)
  [PT] w_u=6.7030 w_v=10.9268 gamma=1.000 (tau_u=1.492e-01 tau_v=9.152e-02 |Du|=8.12e+00 |DRu|=1.04e+01)
  [PT] w_u=6.6043 w_v=10.7579 gamma=1.000 (tau_u=1.514e-01 tau_v=9.296e-02 |Du|=1.45e+01 |DRu|=3.51e+01)
  [PT] w_u=6.3784 w_v=9.0235 gamma=1.000 (tau_u=1.568e-01 tau_v=1.108e-01 |Du|=1.05e+01 |DRu|=2.32e+01)
  [PT] w_u=6.8508 w_v=9.7486 gamma=1.000 (tau_u=1.460e-01 tau_v=1.026e-01 |Du|=7.46e+00 |DRu|=3.38e+01)
  [PT] w_u=6.5934 w_v=9.9497 gamma=1.000 (tau_u=1.517e-01 tau_v=1.005e-01 |Du|=1.42e+01 |DRu|=3.15e+01)
  [PT] w_u=6.5519 w_v=10.6243 gamma=1.000 (tau_u=1.526e-01 tau_v=9.412e-02 |Du|=1.89e+01 |DRu|=4.71e+01)
  [PT] w_u=6.1910 w_v=9.2444 gamma=1.000 (tau_u=1.615e-01 tau_v=1.082e-01 |Du|=9.94e+00 |DRu|=2.02e+01)
[Adam] ep=  780  total=1.061e+00  PDE=2.287e-01 [colloc=2.229e-01, cfd=5.776e-03] (w=2.580)  IN=4.264e-02 (w=1.266)  TB=8.747e-02 (w=0.924)  WALL=5.940e-15 (w=0.200)  OUT=1.447e-02 (w=0.278)  DATA=6.755e-02 (w=4.914)  DATA_P=0.000e+00 (w=1.000)
  [PT] w_u=6.5806 w_v=9.7564 gamma=1.000 (tau_u=1.520e-01 tau_v=1.025e-01 |Du|=1.09e+01 |DRu|=4.24e+01)
  [PT] w_u=6.8677 w_v=10.4633 gamma=1.000 (tau_u=1.456e-01 tau_v=9.557e-02 |Du|=2.13e+01 |DRu|=7.16e+01)
  [PT] w_u=6.6561 w_v=11.0630 gamma=1.000 (tau_u=1.502e-01 tau_v=9.039e-02 |Du|=1.20e+01 |DRu|=2.75e+01)
  [PT] w_u=7.0249 w_v=11.9549 gamma=1.000 (tau_u=1.424e-01 tau_v=8.365e-02 |Du|=4.72e+00 |DRu|=1.77e+01)
  [PT] w_u=7.6547 w_v=12.8569 gamma=1.000 (tau_u=1.306e-01 tau_v=7.778e-02 |Du|=6.98e+00 |DRu|=4.39e+01)
  [PT] w_u=7.5218 w_v=13.6651 gamma=1.000 (tau_u=1.329e-01 tau_v=7.318e-02 |Du|=2.11e+01 |DRu|=5.37e+01)
  [PT] w_u=6.9808 w_v=13.4182 gamma=1.000 (tau_u=1.432e-01 tau_v=7.453e-02 |Du|=1.92e+01 |DRu|=3.95e+01)
  [PT] w_u=7.3450 w_v=13.5263 gamma=1.000 (tau_u=1.361e-01 tau_v=7.393e-02 |Du|=1.16e+01 |DRu|=4.32e+01)
  [PT] w_u=6.6287 w_v=13.4161 gamma=1.000 (tau_u=1.509e-01 tau_v=7.454e-02 |Du|=1.67e+01 |DRu|=3.14e+01)
  [PT] w_u=5.8315 w_v=13.9914 gamma=1.000 (tau_u=1.715e-01 tau_v=7.147e-02 |Du|=2.67e+01 |DRu|=4.46e+01)
  [PT] w_u=5.5291 w_v=13.8763 gamma=1.000 (tau_u=1.809e-01 tau_v=7.207e-02 |Du|=2.73e+01 |DRu|=5.31e+01)
  [PT] w_u=4.4056 w_v=11.9423 gamma=1.000 (tau_u=2.270e-01 tau_v=8.374e-02 |Du|=1.24e+01 |DRu|=1.55e+01)
  [PT] w_u=4.7503 w_v=12.5724 gamma=1.000 (tau_u=2.105e-01 tau_v=7.954e-02 |Du|=4.95e+00 |DRu|=1.98e+01)
  [PT] w_u=4.9757 w_v=12.9098 gamma=0.999 (tau_u=2.010e-01 tau_v=7.746e-02 |Du|=1.46e+01 |DRu|=4.30e+01)
  [PT] w_u=4.8574 w_v=13.1356 gamma=1.000 (tau_u=2.059e-01 tau_v=7.613e-02 |Du|=1.80e+01 |DRu|=3.61e+01)
  [PT] w_u=4.8872 w_v=13.4630 gamma=1.000 (tau_u=2.046e-01 tau_v=7.428e-02 |Du|=1.11e+01 |DRu|=2.52e+01)
  [PT] w_u=5.2371 w_v=13.9235 gamma=1.000 (tau_u=1.909e-01 tau_v=7.182e-02 |Du|=6.53e+00 |DRu|=2.51e+01)
  [PT] w_u=4.7966 w_v=14.0735 gamma=1.000 (tau_u=2.085e-01 tau_v=7.106e-02 |Du|=1.39e+01 |DRu|=2.29e+01)
  [PT] w_u=4.8089 w_v=14.5826 gamma=0.961 (tau_u=2.079e-01 tau_v=6.858e-02 |Du|=1.42e+01 |DRu|=3.08e+01)
  [PT] w_u=5.1365 w_v=14.5608 gamma=0.994 (tau_u=1.947e-01 tau_v=6.868e-02 |Du|=3.17e+00 |DRu|=1.15e+01)
[Adam] ep=  800  total=6.983e-01  PDE=1.123e-02 [colloc=9.799e-03, cfd=1.429e-03] (w=2.350)  IN=1.102e-01 (w=1.260)  TB=3.684e-02 (w=1.084)  WALL=7.810e-17 (w=0.200)  OUT=3.795e-03 (w=0.400)  DATA=9.647e-02 (w=5.096)  DATA_P=0.000e+00 (w=1.000)
  [PT] w_u=4.6991 w_v=14.1877 gamma=0.995 (tau_u=2.128e-01 tau_v=7.048e-02 |Du|=1.05e+01 |DRu|=1.71e+01)
  [PT] w_u=4.4936 w_v=14.9700 gamma=1.000 (tau_u=2.225e-01 tau_v=6.680e-02 |Du|=2.53e+01 |DRu|=4.54e+01)
  [PT] w_u=4.2759 w_v=15.7891 gamma=1.000 (tau_u=2.339e-01 tau_v=6.333e-02 |Du|=1.80e+01 |DRu|=3.10e+01)
  [PT] w_u=4.0754 w_v=14.7714 gamma=1.000 (tau_u=2.454e-01 tau_v=6.770e-02 |Du|=8.72e+00 |DRu|=1.48e+01)
  [PT] w_u=4.4128 w_v=15.3596 gamma=1.000 (tau_u=2.266e-01 tau_v=6.511e-02 |Du|=8.38e+00 |DRu|=3.49e+01)
  [PT] w_u=4.5149 w_v=15.9466 gamma=1.000 (tau_u=2.215e-01 tau_v=6.271e-02 |Du|=2.12e+01 |DRu|=5.06e+01)
  [PT] w_u=4.2694 w_v=15.9197 gamma=1.000 (tau_u=2.342e-01 tau_v=6.282e-02 |Du|=2.10e+01 |DRu|=3.56e+01)
  [PT] w_u=4.1437 w_v=15.9284 gamma=1.000 (tau_u=2.413e-01 tau_v=6.278e-02 |Du|=1.18e+01 |DRu|=2.14e+01)
  [PT] w_u=4.5430 w_v=16.7780 gamma=1.000 (tau_u=2.201e-01 tau_v=5.960e-02 |Du|=2.50e+00 |DRu|=1.46e+01)
  [PT] w_u=4.2890 w_v=16.5931 gamma=1.000 (tau_u=2.332e-01 tau_v=6.027e-02 |Du|=1.52e+01 |DRu|=2.56e+01)
  [PT] w_u=4.1115 w_v=16.0897 gamma=1.000 (tau_u=2.432e-01 tau_v=6.215e-02 |Du|=2.70e+01 |DRu|=4.68e+01)
  [PT] w_u=4.1823 w_v=15.6554 gamma=1.000 (tau_u=2.391e-01 tau_v=6.388e-02 |Du|=9.14e+00 |DRu|=2.03e+01)
  [PT] w_u=4.1580 w_v=15.7696 gamma=1.000 (tau_u=2.405e-01 tau_v=6.341e-02 |Du|=8.39e+00 |DRu|=1.67e+01)
  [PT] w_u=3.9828 w_v=15.3828 gamma=1.000 (tau_u=2.511e-01 tau_v=6.501e-02 |Du|=2.13e+01 |DRu|=3.62e+01)
  [PT] w_u=3.5173 w_v=14.2232 gamma=1.000 (tau_u=2.843e-01 tau_v=7.031e-02 |Du|=1.39e+01 |DRu|=1.82e+01)
  [PT] w_u=3.7744 w_v=14.8071 gamma=0.992 (tau_u=2.649e-01 tau_v=6.754e-02 |Du|=4.14e+00 |DRu|=1.37e+01)
  [PT] w_u=3.7925 w_v=14.6148 gamma=0.997 (tau_u=2.637e-01 tau_v=6.842e-02 |Du|=1.27e+01 |DRu|=2.53e+01)
  [PT] w_u=3.5837 w_v=14.7070 gamma=1.000 (tau_u=2.790e-01 tau_v=6.799e-02 |Du|=1.26e+01 |DRu|=1.95e+01)
  [PT] w_u=3.7620 w_v=15.2174 gamma=1.000 (tau_u=2.658e-01 tau_v=6.571e-02 |Du|=6.61e+00 |DRu|=1.72e+01)
  [PT] w_u=3.7993 w_v=14.8831 gamma=0.996 (tau_u=2.632e-01 tau_v=6.719e-02 |Du|=8.77e+00 |DRu|=1.79e+01)
[Adam] ep=  820  total=3.775e-01  PDE=6.165e-02 [colloc=5.828e-02, cfd=3.370e-03] (w=2.320)  IN=3.573e-02 (w=1.318)  TB=2.774e-02 (w=1.059)  WALL=1.956e-15 (w=0.200)  OUT=2.253e-03 (w=0.306)  DATA=3.057e-02 (w=5.143)  DATA_P=0.000e+00 (w=1.000)
  [PT] w_u=3.9393 w_v=15.2211 gamma=0.995 (tau_u=2.539e-01 tau_v=6.570e-02 |Du|=1.13e+01 |DRu|=2.74e+01)
  [PT] w_u=4.0306 w_v=13.9250 gamma=0.999 (tau_u=2.481e-01 tau_v=7.181e-02 |Du|=3.38e+00 |DRu|=7.63e+00)
  [PT] w_u=3.9146 w_v=14.5935 gamma=1.000 (tau_u=2.555e-01 tau_v=6.852e-02 |Du|=1.48e+01 |DRu|=2.61e+01)
  [PT] w_u=3.6366 w_v=14.1067 gamma=1.000 (tau_u=2.750e-01 tau_v=7.089e-02 |Du|=1.40e+01 |DRu|=2.08e+01)
  [PT] w_u=3.8054 w_v=13.3793 gamma=1.000 (tau_u=2.628e-01 tau_v=7.474e-02 |Du|=7.40e+00 |DRu|=1.89e+01)
  [PT] w_u=3.9618 w_v=13.8565 gamma=1.000 (tau_u=2.524e-01 tau_v=7.217e-02 |Du|=1.22e+01 |DRu|=3.06e+01)
  [PT] w_u=3.8068 w_v=13.8970 gamma=1.000 (tau_u=2.627e-01 tau_v=7.196e-02 |Du|=1.23e+01 |DRu|=2.06e+01)
  [PT] w_u=3.9048 w_v=13.5348 gamma=1.000 (tau_u=2.561e-01 tau_v=7.388e-02 |Du|=7.49e+00 |DRu|=1.69e+01)
  [PT] w_u=4.1072 w_v=13.4353 gamma=1.000 (tau_u=2.435e-01 tau_v=7.443e-02 |Du|=6.00e+00 |DRu|=1.67e+01)
  [PT] w_u=4.0878 w_v=13.3345 gamma=1.000 (tau_u=2.446e-01 tau_v=7.499e-02 |Du|=1.58e+01 |DRu|=3.13e+01)
  [PT] w_u=4.2016 w_v=12.1604 gamma=1.000 (tau_u=2.380e-01 tau_v=8.223e-02 |Du|=2.95e+00 |DRu|=6.99e+00)
  [PT] w_u=3.8918 w_v=12.2806 gamma=0.998 (tau_u=2.570e-01 tau_v=8.143e-02 |Du|=1.28e+01 |DRu|=1.96e+01)
  [PT] w_u=4.1554 w_v=12.7835 gamma=1.000 (tau_u=2.407e-01 tau_v=7.823e-02 |Du|=6.63e+00 |DRu|=2.16e+01)
  [PT] w_u=4.1829 w_v=12.9156 gamma=1.000 (tau_u=2.391e-01 tau_v=7.743e-02 |Du|=2.12e+00 |DRu|=4.46e+00)
  [PT] w_u=4.5513 w_v=13.4905 gamma=0.997 (tau_u=2.197e-01 tau_v=7.413e-02 |Du|=2.69e+00 |DRu|=1.26e+01)
  [PT] w_u=4.8294 w_v=13.8940 gamma=1.000 (tau_u=2.071e-01 tau_v=7.197e-02 |Du|=7.43e+00 |DRu|=2.43e+01)
  [PT] w_u=4.5738 w_v=13.8902 gamma=1.000 (tau_u=2.186e-01 tau_v=7.199e-02 |Du|=5.56e+00 |DRu|=9.79e+00)
  [PT] w_u=4.9040 w_v=14.8287 gamma=1.000 (tau_u=2.039e-01 tau_v=6.744e-02 |Du|=3.76e+00 |DRu|=1.41e+01)
  [PT] w_u=5.0772 w_v=14.7242 gamma=1.000 (tau_u=1.970e-01 tau_v=6.792e-02 |Du|=6.45e+00 |DRu|=1.76e+01)
  [PT] w_u=5.1902 w_v=14.9415 gamma=0.997 (tau_u=1.927e-01 tau_v=6.693e-02 |Du|=8.75e+00 |DRu|=2.23e+01)
[Adam] ep=  840  total=2.691e-01  PDE=3.422e-02 [colloc=3.062e-02, cfd=3.604e-03] (w=2.365)  IN=2.682e-02 (w=1.332)  TB=1.355e-02 (w=0.919)  WALL=5.830e-16 (w=0.200)  OUT=3.438e-03 (w=0.368)  DATA=2.615e-02 (w=5.304)  DATA_P=0.000e+00 (w=1.000)
  [PT] w_u=4.7792 w_v=14.3002 gamma=1.000 (tau_u=2.092e-01 tau_v=6.993e-02 |Du|=7.43e+00 |DRu|=1.24e+01)
  [PT] w_u=4.4888 w_v=15.0290 gamma=1.000 (tau_u=2.228e-01 tau_v=6.654e-02 |Du|=1.33e+01 |DRu|=2.26e+01)
  [PT] w_u=4.4111 w_v=13.8881 gamma=1.000 (tau_u=2.267e-01 tau_v=7.200e-02 |Du|=6.66e+00 |DRu|=1.30e+01)
  [PT] w_u=4.6545 w_v=14.1183 gamma=1.000 (tau_u=2.148e-01 tau_v=7.083e-02 |Du|=1.04e+01 |DRu|=3.17e+01)
  [PT] w_u=4.3623 w_v=13.9189 gamma=1.000 (tau_u=2.292e-01 tau_v=7.184e-02 |Du|=9.12e+00 |DRu|=1.52e+01)
  [PT] w_u=4.5920 w_v=14.4290 gamma=1.000 (tau_u=2.178e-01 tau_v=6.931e-02 |Du|=4.81e+00 |DRu|=1.42e+01)
  [PT] w_u=4.8690 w_v=14.6434 gamma=1.000 (tau_u=2.054e-01 tau_v=6.829e-02 |Du|=6.92e+00 |DRu|=2.26e+01)
  [PT] w_u=4.8748 w_v=14.4416 gamma=1.000 (tau_u=2.051e-01 tau_v=6.924e-02 |Du|=9.63e+00 |DRu|=2.14e+01)
  [PT] w_u=5.2029 w_v=15.6381 gamma=1.000 (tau_u=1.922e-01 tau_v=6.395e-02 |Du|=4.45e+00 |DRu|=1.62e+01)
  [PT] w_u=4.7704 w_v=16.1440 gamma=0.997 (tau_u=2.096e-01 tau_v=6.194e-02 |Du|=1.01e+01 |DRu|=1.66e+01)
  [PT] w_u=5.0133 w_v=11.8350 gamma=1.000 (tau_u=1.995e-01 tau_v=8.450e-02 |Du|=5.64e+00 |DRu|=1.71e+01)
  [PT] w_u=5.3045 w_v=12.0647 gamma=1.000 (tau_u=1.885e-01 tau_v=8.289e-02 |Du|=4.85e+00 |DRu|=1.62e+01)
  [PT] w_u=5.6757 w_v=11.0085 gamma=1.000 (tau_u=1.762e-01 tau_v=9.084e-02 |Du|=4.87e+00 |DRu|=1.91e+01)
  [PT] w_u=5.8364 w_v=9.2310 gamma=1.000 (tau_u=1.713e-01 tau_v=1.083e-01 |Du|=3.96e+00 |DRu|=1.11e+01)
  [PT] w_u=6.1368 w_v=9.5894 gamma=1.000 (tau_u=1.630e-01 tau_v=1.043e-01 |Du|=5.11e+00 |DRu|=1.73e+01)
  [PT] w_u=6.4329 w_v=9.2429 gamma=1.000 (tau_u=1.555e-01 tau_v=1.082e-01 |Du|=8.49e+00 |DRu|=2.86e+01)
  [PT] w_u=6.6389 w_v=8.6082 gamma=1.000 (tau_u=1.506e-01 tau_v=1.162e-01 |Du|=5.38e+00 |DRu|=1.64e+01)
  [PT] w_u=6.8279 w_v=8.8227 gamma=1.000 (tau_u=1.465e-01 tau_v=1.133e-01 |Du|=3.55e+00 |DRu|=1.08e+01)
  [PT] w_u=7.1954 w_v=9.0456 gamma=1.000 (tau_u=1.390e-01 tau_v=1.106e-01 |Du|=4.96e+00 |DRu|=1.85e+01)
  [PT] w_u=6.7698 w_v=8.8109 gamma=1.000 (tau_u=1.477e-01 tau_v=1.135e-01 |Du|=1.29e+01 |DRu|=2.71e+01)
[Adam] ep=  860  total=4.194e-01  PDE=4.534e-02 [colloc=4.178e-02, cfd=3.561e-03] (w=2.469)  IN=4.040e-02 (w=1.251)  TB=1.578e-02 (w=0.875)  WALL=6.808e-16 (w=0.200)  OUT=1.217e-02 (w=0.464)  DATA=4.495e-02 (w=5.283)  DATA_P=0.000e+00 (w=1.000)
  [PT] w_u=5.8219 w_v=8.8185 gamma=1.000 (tau_u=1.718e-01 tau_v=1.134e-01 |Du|=1.45e+01 |DRu|=2.33e+01)
  [PT] w_u=5.3699 w_v=9.0046 gamma=1.000 (tau_u=1.862e-01 tau_v=1.111e-01 |Du|=4.63e+00 |DRu|=8.23e+00)
  [PT] w_u=5.1504 w_v=9.3997 gamma=1.000 (tau_u=1.942e-01 tau_v=1.064e-01 |Du|=9.32e+00 |DRu|=1.81e+01)
  [PT] w_u=4.7084 w_v=9.3697 gamma=0.999 (tau_u=2.124e-01 tau_v=1.067e-01 |Du|=1.78e+01 |DRu|=2.90e+01)
  [PT] w_u=4.9426 w_v=8.8745 gamma=1.000 (tau_u=2.023e-01 tau_v=1.127e-01 |Du|=4.82e+00 |DRu|=1.44e+01)
  [PT] w_u=4.9182 w_v=8.6138 gamma=1.000 (tau_u=2.033e-01 tau_v=1.161e-01 |Du|=5.67e+00 |DRu|=1.23e+01)
  [PT] w_u=4.9789 w_v=9.1729 gamma=1.000 (tau_u=2.008e-01 tau_v=1.090e-01 |Du|=6.05e+00 |DRu|=1.43e+01)
  [PT] w_u=5.2494 w_v=8.6580 gamma=0.999 (tau_u=1.905e-01 tau_v=1.155e-01 |Du|=5.53e+00 |DRu|=1.77e+01)
  [PT] w_u=5.5407 w_v=7.8931 gamma=1.000 (tau_u=1.805e-01 tau_v=1.267e-01 |Du|=5.66e+00 |DRu|=1.88e+01)
  [PT] w_u=5.8161 w_v=7.9038 gamma=1.000 (tau_u=1.719e-01 tau_v=1.265e-01 |Du|=3.91e+00 |DRu|=1.27e+01)
  [PT] w_u=5.9514 w_v=7.3127 gamma=0.999 (tau_u=1.680e-01 tau_v=1.367e-01 |Du|=3.51e+00 |DRu|=9.63e+00)
  [PT] w_u=5.9987 w_v=6.6365 gamma=1.000 (tau_u=1.667e-01 tau_v=1.507e-01 |Du|=9.01e+00 |DRu|=2.29e+01)
  [PT] w_u=5.8396 w_v=5.9378 gamma=1.000 (tau_u=1.712e-01 tau_v=1.684e-01 |Du|=5.77e+00 |DRu|=1.25e+01)
  [PT] w_u=6.0601 w_v=6.3836 gamma=1.000 (tau_u=1.650e-01 tau_v=1.567e-01 |Du|=4.56e+00 |DRu|=1.38e+01)
  [PT] w_u=6.1046 w_v=5.9710 gamma=0.994 (tau_u=1.638e-01 tau_v=1.675e-01 |Du|=6.57e+00 |DRu|=1.67e+01)
  [PT] w_u=5.0657 w_v=5.6219 gamma=1.000 (tau_u=1.974e-01 tau_v=1.779e-01 |Du|=1.62e+01 |DRu|=2.29e+01)
  [PT] w_u=4.9592 w_v=5.8741 gamma=1.000 (tau_u=2.016e-01 tau_v=1.702e-01 |Du|=5.75e+00 |DRu|=1.17e+01)
  [PT] w_u=4.9882 w_v=6.1895 gamma=1.000 (tau_u=2.005e-01 tau_v=1.616e-01 |Du|=7.04e+00 |DRu|=1.62e+01)
  [PT] w_u=4.7199 w_v=5.7972 gamma=0.998 (tau_u=2.119e-01 tau_v=1.725e-01 |Du|=1.02e+01 |DRu|=1.82e+01)
  [PT] w_u=4.7476 w_v=5.5461 gamma=1.000 (tau_u=2.106e-01 tau_v=1.803e-01 |Du|=7.74e+00 |DRu|=1.73e+01)
[Adam] ep=  880  total=3.002e-01  PDE=2.787e-02 [colloc=2.525e-02, cfd=2.614e-03] (w=2.277)  IN=3.493e-02 (w=1.273)  TB=2.111e-02 (w=1.103)  WALL=2.517e-16 (w=0.200)  OUT=7.926e-04 (w=0.494)  DATA=3.319e-02 (w=5.081)  DATA_P=0.000e+00 (w=1.000)
  [PT] w_u=5.0045 w_v=6.0112 gamma=1.000 (tau_u=1.998e-01 tau_v=1.664e-01 |Du|=7.01e+00 |DRu|=2.19e+01)
  [PT] w_u=5.1708 w_v=5.7610 gamma=1.000 (tau_u=1.934e-01 tau_v=1.736e-01 |Du|=1.88e+00 |DRu|=5.11e+00)
  [PT] w_u=5.3993 w_v=6.1406 gamma=0.999 (tau_u=1.852e-01 tau_v=1.629e-01 |Du|=6.87e+00 |DRu|=2.06e+01)
  [PT] w_u=5.9536 w_v=6.4730 gamma=1.000 (tau_u=1.680e-01 tau_v=1.545e-01 |Du|=3.01e+00 |DRu|=2.66e+01)
  [PT] w_u=6.3523 w_v=6.9639 gamma=1.000 (tau_u=1.574e-01 tau_v=1.436e-01 |Du|=3.77e+00 |DRu|=1.51e+01)
  [PT] w_u=6.9371 w_v=7.6882 gamma=1.000 (tau_u=1.442e-01 tau_v=1.301e-01 |Du|=5.29e+00 |DRu|=3.37e+01)
  [PT] w_u=7.2707 w_v=7.6863 gamma=1.000 (tau_u=1.375e-01 tau_v=1.301e-01 |Du|=4.05e+00 |DRu|=1.45e+01)
  [PT] w_u=7.6147 w_v=8.0721 gamma=1.000 (tau_u=1.313e-01 tau_v=1.239e-01 |Du|=5.14e+00 |DRu|=1.87e+01)
  [PT] w_u=8.1953 w_v=8.7432 gamma=1.000 (tau_u=1.220e-01 tau_v=1.144e-01 |Du|=7.22e+00 |DRu|=3.69e+01)
  [PT] w_u=8.4295 w_v=9.0789 gamma=1.000 (tau_u=1.186e-01 tau_v=1.101e-01 |Du|=5.73e+00 |DRu|=1.93e+01)
  [PT] w_u=7.8980 w_v=8.2581 gamma=1.000 (tau_u=1.266e-01 tau_v=1.211e-01 |Du|=5.81e+00 |DRu|=1.30e+01)
  [PT] w_u=8.2042 w_v=8.2459 gamma=1.000 (tau_u=1.219e-01 tau_v=1.213e-01 |Du|=5.82e+00 |DRu|=2.07e+01)
  [PT] w_u=8.6525 w_v=8.6079 gamma=1.000 (tau_u=1.156e-01 tau_v=1.162e-01 |Du|=6.49e+00 |DRu|=2.68e+01)
  [PT] w_u=7.0365 w_v=9.0295 gamma=1.000 (tau_u=1.421e-01 tau_v=1.107e-01 |Du|=1.06e+01 |DRu|=1.72e+01)
  [PT] w_u=6.1672 w_v=8.7305 gamma=1.000 (tau_u=1.621e-01 tau_v=1.145e-01 |Du|=1.08e+01 |DRu|=1.84e+01)
  [PT] w_u=6.6511 w_v=8.5309 gamma=1.000 (tau_u=1.504e-01 tau_v=1.172e-01 |Du|=5.62e+00 |DRu|=2.68e+01)
  [PT] w_u=6.3135 w_v=8.2065 gamma=1.000 (tau_u=1.584e-01 tau_v=1.219e-01 |Du|=7.60e+00 |DRu|=1.58e+01)
  [PT] w_u=6.5087 w_v=8.7817 gamma=1.000 (tau_u=1.536e-01 tau_v=1.139e-01 |Du|=9.24e+00 |DRu|=2.77e+01)
  [PT] w_u=6.3653 w_v=7.3678 gamma=1.000 (tau_u=1.571e-01 tau_v=1.357e-01 |Du|=3.36e+00 |DRu|=7.74e+00)
  [PT] w_u=5.9836 w_v=6.9119 gamma=0.993 (tau_u=1.671e-01 tau_v=1.447e-01 |Du|=9.11e+00 |DRu|=1.79e+01)
[Adam] ep=  900  total=3.620e-01  PDE=4.226e-02 [colloc=3.604e-02, cfd=6.217e-03] (w=2.480)  IN=3.751e-02 (w=1.256)  TB=1.988e-02 (w=0.919)  WALL=3.611e-16 (w=0.200)  OUT=3.808e-03 (w=0.392)  DATA=3.660e-02 (w=5.201)  DATA_P=0.000e+00 (w=1.000)
  [PT] w_u=6.2584 w_v=7.3985 gamma=1.000 (tau_u=1.598e-01 tau_v=1.352e-01 |Du|=1.36e+01 |DRu|=4.45e+01)
  [PT] w_u=6.5402 w_v=7.7314 gamma=1.000 (tau_u=1.529e-01 tau_v=1.293e-01 |Du|=5.67e+00 |DRu|=1.88e+01)
  [PT] w_u=6.8851 w_v=7.7894 gamma=1.000 (tau_u=1.452e-01 tau_v=1.284e-01 |Du|=3.66e+00 |DRu|=1.33e+01)
  [PT] w_u=7.1777 w_v=8.4281 gamma=1.000 (tau_u=1.393e-01 tau_v=1.187e-01 |Du|=9.79e+00 |DRu|=3.34e+01)
  [PT] w_u=7.0516 w_v=8.9794 gamma=1.000 (tau_u=1.418e-01 tau_v=1.114e-01 |Du|=1.64e+01 |DRu|=4.05e+01)
  [PT] w_u=5.5916 w_v=8.5957 gamma=1.000 (tau_u=1.788e-01 tau_v=1.163e-01 |Du|=1.24e+01 |DRu|=1.73e+01)
  [PT] w_u=5.8711 w_v=8.5039 gamma=1.000 (tau_u=1.703e-01 tau_v=1.176e-01 |Du|=6.57e+00 |DRu|=2.14e+01)
  [PT] w_u=6.2074 w_v=8.5083 gamma=1.000 (tau_u=1.611e-01 tau_v=1.175e-01 |Du|=7.49e+00 |DRu|=2.68e+01)
  [PT] w_u=5.6641 w_v=8.7894 gamma=1.000 (tau_u=1.765e-01 tau_v=1.138e-01 |Du|=1.32e+01 |DRu|=2.36e+01)
  [PT] w_u=5.9197 w_v=9.5422 gamma=1.000 (tau_u=1.689e-01 tau_v=1.048e-01 |Du|=1.00e+01 |DRu|=3.17e+01)
  [PT] w_u=6.5002 w_v=10.4465 gamma=1.000 (tau_u=1.538e-01 tau_v=9.573e-02 |Du|=2.41e+00 |DRu|=1.79e+01)
  [PT] w_u=5.6484 w_v=10.8354 gamma=1.000 (tau_u=1.770e-01 tau_v=9.229e-02 |Du|=8.97e+00 |DRu|=1.44e+01)
  [PT] w_u=5.1366 w_v=11.1453 gamma=1.000 (tau_u=1.947e-01 tau_v=8.972e-02 |Du|=1.20e+01 |DRu|=2.02e+01)
  [PT] w_u=5.0979 w_v=11.2115 gamma=0.990 (tau_u=1.962e-01 tau_v=8.919e-02 |Du|=9.30e+00 |DRu|=2.02e+01)
  [PT] w_u=5.0108 w_v=10.3485 gamma=0.999 (tau_u=1.996e-01 tau_v=9.663e-02 |Du|=8.28e+00 |DRu|=1.72e+01)
  [PT] w_u=4.2228 w_v=9.9691 gamma=1.000 (tau_u=2.368e-01 tau_v=1.003e-01 |Du|=1.26e+01 |DRu|=1.66e+01)
  [PT] w_u=3.4010 w_v=9.6415 gamma=1.000 (tau_u=2.940e-01 tau_v=1.037e-01 |Du|=9.77e+00 |DRu|=1.09e+01)
  [PT] w_u=3.5752 w_v=9.8963 gamma=1.000 (tau_u=2.797e-01 tau_v=1.010e-01 |Du|=5.75e+00 |DRu|=1.48e+01)
  [PT] w_u=3.6789 w_v=9.6422 gamma=1.000 (tau_u=2.718e-01 tau_v=1.037e-01 |Du|=8.98e+00 |DRu|=2.00e+01)
  [PT] w_u=3.9833 w_v=9.1210 gamma=1.000 (tau_u=2.510e-01 tau_v=1.096e-01 |Du|=6.94e+00 |DRu|=2.74e+01)
[Adam] ep=  920  total=3.483e-01  PDE=3.736e-02 [colloc=3.136e-02, cfd=6.003e-03] (w=2.424)  IN=3.867e-02 (w=1.237)  TB=2.538e-02 (w=0.940)  WALL=6.420e-16 (w=0.200)  OUT=2.343e-03 (w=0.550)  DATA=3.571e-02 (w=5.173)  DATA_P=0.000e+00 (w=1.000)
  [PT] w_u=4.0571 w_v=9.1217 gamma=1.000 (tau_u=2.465e-01 tau_v=1.096e-01 |Du|=7.12e+00 |DRu|=1.57e+01)
  [PT] w_u=4.3761 w_v=9.9572 gamma=1.000 (tau_u=2.285e-01 tau_v=1.004e-01 |Du|=9.02e+00 |DRu|=3.49e+01)
  [PT] w_u=4.5049 w_v=10.4134 gamma=1.000 (tau_u=2.220e-01 tau_v=9.603e-02 |Du|=6.78e+00 |DRu|=1.68e+01)
  [PT] w_u=4.7458 w_v=10.4873 gamma=1.000 (tau_u=2.107e-01 tau_v=9.535e-02 |Du|=5.88e+00 |DRu|=1.78e+01)
  [PT] w_u=5.0787 w_v=11.0172 gamma=1.000 (tau_u=1.969e-01 tau_v=9.077e-02 |Du|=8.78e+00 |DRu|=3.26e+01)
  [PT] w_u=4.3121 w_v=11.1340 gamma=1.000 (tau_u=2.319e-01 tau_v=8.982e-02 |Du|=1.18e+01 |DRu|=1.60e+01)
  [PT] w_u=4.2916 w_v=10.9988 gamma=1.000 (tau_u=2.330e-01 tau_v=9.092e-02 |Du|=1.13e+01 |DRu|=2.30e+01)
  [PT] w_u=4.1267 w_v=10.4794 gamma=1.000 (tau_u=2.423e-01 tau_v=9.543e-02 |Du|=8.54e+00 |DRu|=1.49e+01)
  [PT] w_u=4.4109 w_v=10.9040 gamma=1.000 (tau_u=2.267e-01 tau_v=9.171e-02 |Du|=7.75e+00 |DRu|=2.64e+01)
  [PT] w_u=4.6051 w_v=11.0716 gamma=1.000 (tau_u=2.172e-01 tau_v=9.032e-02 |Du|=4.76e+00 |DRu|=1.31e+01)
  [PT] w_u=4.7424 w_v=11.0053 gamma=1.000 (tau_u=2.109e-01 tau_v=9.086e-02 |Du|=6.30e+00 |DRu|=1.60e+01)
  [PT] w_u=4.9256 w_v=10.8756 gamma=1.000 (tau_u=2.030e-01 tau_v=9.195e-02 |Du|=5.38e+00 |DRu|=1.48e+01)
  [PT] w_u=4.8798 w_v=10.5649 gamma=1.000 (tau_u=2.049e-01 tau_v=9.465e-02 |Du|=5.46e+00 |DRu|=1.16e+01)
  [PT] w_u=4.1146 w_v=10.1782 gamma=1.000 (tau_u=2.430e-01 tau_v=9.825e-02 |Du|=1.05e+01 |DRu|=1.38e+01)
  [PT] w_u=4.2279 w_v=10.6218 gamma=1.000 (tau_u=2.365e-01 tau_v=9.415e-02 |Du|=9.53e+00 |DRu|=2.26e+01)
  [PT] w_u=3.9776 w_v=10.3187 gamma=1.000 (tau_u=2.514e-01 tau_v=9.691e-02 |Du|=8.25e+00 |DRu|=1.33e+01)
  [PT] w_u=4.0987 w_v=10.3182 gamma=1.000 (tau_u=2.440e-01 tau_v=9.692e-02 |Du|=9.00e+00 |DRu|=2.14e+01)
  [PT] w_u=4.4458 w_v=11.1313 gamma=1.000 (tau_u=2.249e-01 tau_v=8.984e-02 |Du|=4.22e+00 |DRu|=1.83e+01)
  [PT] w_u=4.3378 w_v=10.8940 gamma=1.000 (tau_u=2.305e-01 tau_v=9.179e-02 |Du|=7.88e+00 |DRu|=1.49e+01)
  [PT] w_u=4.4743 w_v=10.8323 gamma=1.000 (tau_u=2.235e-01 tau_v=9.232e-02 |Du|=9.28e+00 |DRu|=2.32e+01)
[Adam] ep=  940  total=5.049e-01  PDE=9.093e-02 [colloc=8.577e-02, cfd=5.154e-03] (w=2.468)  IN=3.854e-02 (w=1.227)  TB=3.985e-02 (w=1.060)  WALL=2.047e-15 (w=0.200)  OUT=2.203e-03 (w=0.389)  DATA=3.865e-02 (w=4.920)  DATA_P=0.000e+00 (w=1.000)
  [PT] w_u=3.0585 w_v=10.1639 gamma=1.000 (tau_u=3.270e-01 tau_v=9.839e-02 |Du|=9.96e+00 |DRu|=8.88e+00)
  [PT] w_u=3.0388 w_v=10.1332 gamma=1.000 (tau_u=3.291e-01 tau_v=9.869e-02 |Du|=1.30e+01 |DRu|=2.21e+01)
  [PT] w_u=3.3132 w_v=10.8368 gamma=1.000 (tau_u=3.018e-01 tau_v=9.228e-02 |Du|=9.78e+00 |DRu|=4.12e+01)
  [PT] w_u=3.4672 w_v=10.4121 gamma=1.000 (tau_u=2.884e-01 tau_v=9.604e-02 |Du|=8.34e+00 |DRu|=2.04e+01)
  [PT] w_u=3.7846 w_v=10.5623 gamma=1.000 (tau_u=2.642e-01 tau_v=9.468e-02 |Du|=8.09e+00 |DRu|=3.75e+01)
  [PT] w_u=4.0244 w_v=10.6015 gamma=1.000 (tau_u=2.485e-01 tau_v=9.433e-02 |Du|=7.16e+00 |DRu|=2.19e+01)
  [PT] w_u=4.2115 w_v=10.9276 gamma=1.000 (tau_u=2.374e-01 tau_v=9.151e-02 |Du|=7.36e+00 |DRu|=1.98e+01)
  [PT] w_u=4.3167 w_v=11.1724 gamma=1.000 (tau_u=2.317e-01 tau_v=8.951e-02 |Du|=1.42e+01 |DRu|=3.35e+01)
  [PT] w_u=3.0461 w_v=10.6609 gamma=1.000 (tau_u=3.283e-01 tau_v=9.380e-02 |Du|=1.58e+01 |DRu|=1.44e+01)
  [PT] w_u=3.2442 w_v=11.6265 gamma=1.000 (tau_u=3.082e-01 tau_v=8.601e-02 |Du|=1.41e+01 |DRu|=3.94e+01)
  [PT] w_u=3.0547 w_v=12.0792 gamma=1.000 (tau_u=3.274e-01 tau_v=8.279e-02 |Du|=1.06e+01 |DRu|=1.49e+01)
  [PT] w_u=3.1334 w_v=11.6115 gamma=1.000 (tau_u=3.191e-01 tau_v=8.612e-02 |Du|=7.98e+00 |DRu|=1.61e+01)
  [PT] w_u=3.3904 w_v=11.9534 gamma=1.000 (tau_u=2.949e-01 tau_v=8.366e-02 |Du|=8.46e+00 |DRu|=3.05e+01)
  [PT] w_u=3.2472 w_v=11.4439 gamma=1.000 (tau_u=3.080e-01 tau_v=8.738e-02 |Du|=1.11e+01 |DRu|=1.71e+01)
  [PT] w_u=3.4098 w_v=12.1711 gamma=1.000 (tau_u=2.933e-01 tau_v=8.216e-02 |Du|=1.21e+01 |DRu|=3.01e+01)
  [PT] w_u=1.8569 w_v=10.1125 gamma=1.000 (tau_u=5.385e-01 tau_v=9.889e-02 |Du|=9.86e+00 |DRu|=5.95e+00)
  [PT] w_u=2.0153 w_v=10.7138 gamma=1.000 (tau_u=4.962e-01 tau_v=9.334e-02 |Du|=1.14e+01 |DRu|=3.37e+01)
  [PT] w_u=2.0122 w_v=10.6741 gamma=1.000 (tau_u=4.970e-01 tau_v=9.368e-02 |Du|=1.13e+01 |DRu|=1.59e+01)
  [PT] w_u=2.2145 w_v=11.4615 gamma=1.000 (tau_u=4.516e-01 tau_v=8.725e-02 |Du|=8.37e+00 |DRu|=4.04e+01)
  [PT] w_u=2.1943 w_v=10.5791 gamma=1.000 (tau_u=4.557e-01 tau_v=9.453e-02 |Du|=5.10e+00 |DRu|=7.26e+00)
[Adam] ep=  960  total=6.823e-01  PDE=9.360e-02 [colloc=8.239e-02, cfd=1.121e-02] (w=2.440)  IN=8.955e-02 (w=1.410)  TB=1.788e-02 (w=0.734)  WALL=1.177e-15 (w=0.200)  OUT=1.955e-02 (w=0.479)  DATA=6.035e-02 (w=5.057)  DATA_P=0.000e+00 (w=1.000)
  [PT] w_u=2.4131 w_v=11.6410 gamma=1.000 (tau_u=4.144e-01 tau_v=8.590e-02 |Du|=6.48e+00 |DRu|=3.15e+01)
  [PT] w_u=2.5670 w_v=12.6014 gamma=1.000 (tau_u=3.896e-01 tau_v=7.936e-02 |Du|=1.39e+01 |DRu|=3.42e+01)
  [PT] w_u=2.6006 w_v=12.0018 gamma=1.000 (tau_u=3.845e-01 tau_v=8.332e-02 |Du|=1.16e+01 |DRu|=2.00e+01)
  [PT] w_u=2.8629 w_v=12.6730 gamma=1.000 (tau_u=3.493e-01 tau_v=7.891e-02 |Du|=8.24e+00 |DRu|=4.59e+01)
  [PT] w_u=2.9651 w_v=12.6837 gamma=1.000 (tau_u=3.373e-01 tau_v=7.884e-02 |Du|=8.40e+00 |DRu|=1.76e+01)
  [PT] w_u=3.1148 w_v=13.5539 gamma=1.000 (tau_u=3.211e-01 tau_v=7.378e-02 |Du|=1.18e+01 |DRu|=2.81e+01)
  [PT] w_u=3.3974 w_v=14.5721 gamma=1.000 (tau_u=2.943e-01 tau_v=6.862e-02 |Du|=1.12e+01 |DRu|=4.83e+01)
  [PT] w_u=3.5260 w_v=15.0017 gamma=1.000 (tau_u=2.836e-01 tau_v=6.666e-02 |Du|=5.73e+00 |DRu|=1.33e+01)
  [PT] w_u=3.8244 w_v=15.8076 gamma=1.000 (tau_u=2.615e-01 tau_v=6.326e-02 |Du|=4.76e+00 |DRu|=1.91e+01)
  [PT] w_u=4.1890 w_v=16.8449 gamma=1.000 (tau_u=2.387e-01 tau_v=5.937e-02 |Du|=8.77e+00 |DRu|=4.76e+01)
  [PT] w_u=4.5257 w_v=18.0529 gamma=1.000 (tau_u=2.210e-01 tau_v=5.539e-02 |Du|=6.65e+00 |DRu|=2.69e+01)
  [PT] w_u=4.6025 w_v=16.5899 gamma=1.000 (tau_u=2.173e-01 tau_v=6.028e-02 |Du|=4.77e+00 |DRu|=1.11e+01)
  [PT] w_u=4.9838 w_v=17.0375 gamma=1.000 (tau_u=2.007e-01 tau_v=5.869e-02 |Du|=6.93e+00 |DRu|=3.07e+01)
  [PT] w_u=5.4001 w_v=17.7605 gamma=1.000 (tau_u=1.852e-01 tau_v=5.630e-02 |Du|=1.08e+01 |DRu|=5.02e+01)
  [PT] w_u=5.6582 w_v=18.2900 gamma=1.000 (tau_u=1.767e-01 tau_v=5.467e-02 |Du|=7.02e+00 |DRu|=2.21e+01)
  [PT] w_u=4.5726 w_v=16.9756 gamma=1.000 (tau_u=2.187e-01 tau_v=5.891e-02 |Du|=5.84e+00 |DRu|=7.56e+00)
  [PT] w_u=4.8563 w_v=17.6586 gamma=1.000 (tau_u=2.059e-01 tau_v=5.663e-02 |Du|=6.31e+00 |DRu|=2.09e+01)
  [PT] w_u=5.2711 w_v=18.4248 gamma=0.999 (tau_u=1.897e-01 tau_v=5.427e-02 |Du|=7.08e+00 |DRu|=3.38e+01)
  [PT] w_u=5.4953 w_v=19.0405 gamma=1.000 (tau_u=1.820e-01 tau_v=5.252e-02 |Du|=1.33e+01 |DRu|=3.97e+01)
  [PT] w_u=5.4803 w_v=19.6166 gamma=1.000 (tau_u=1.825e-01 tau_v=5.098e-02 |Du|=9.85e+00 |DRu|=2.28e+01)
[Adam] ep=  980  total=5.432e-01  PDE=9.186e-02 [colloc=8.600e-02, cfd=5.853e-03] (w=2.633)  IN=5.273e-02 (w=1.203)  TB=3.378e-02 (w=0.927)  WALL=1.260e-15 (w=0.200)  OUT=1.030e-02 (w=0.494)  DATA=4.306e-02 (w=4.679)  DATA_P=0.000e+00 (w=1.000)
  [PT] w_u=5.6000 w_v=18.7720 gamma=1.000 (tau_u=1.786e-01 tau_v=5.327e-02 |Du|=5.26e+00 |DRu|=1.39e+01)
  [PT] w_u=6.0800 w_v=18.9067 gamma=1.000 (tau_u=1.645e-01 tau_v=5.289e-02 |Du|=5.00e+00 |DRu|=2.58e+01)
  [PT] w_u=6.1994 w_v=18.6115 gamma=1.000 (tau_u=1.613e-01 tau_v=5.373e-02 |Du|=1.13e+01 |DRu|=3.11e+01)
  [PT] w_u=5.2857 w_v=17.0486 gamma=0.999 (tau_u=1.892e-01 tau_v=5.866e-02 |Du|=1.54e+01 |DRu|=2.32e+01)
  [PT] w_u=5.2074 w_v=16.4628 gamma=1.000 (tau_u=1.920e-01 tau_v=6.074e-02 |Du|=1.08e+01 |DRu|=2.32e+01)
  [PT] w_u=5.6557 w_v=17.1147 gamma=1.000 (tau_u=1.768e-01 tau_v=5.843e-02 |Du|=1.97e+00 |DRu|=9.87e+00)
  [PT] w_u=4.9443 w_v=15.7408 gamma=0.989 (tau_u=2.023e-01 tau_v=6.353e-02 |Du|=1.01e+01 |DRu|=1.53e+01)
  [PT] w_u=4.6924 w_v=14.0187 gamma=1.000 (tau_u=2.131e-01 tau_v=7.133e-02 |Du|=1.94e+01 |DRu|=3.47e+01)
  [PT] w_u=4.1695 w_v=10.4348 gamma=1.000 (tau_u=2.398e-01 tau_v=9.583e-02 |Du|=1.10e+01 |DRu|=1.59e+01)
  [PT] w_u=4.4116 w_v=10.3876 gamma=1.000 (tau_u=2.267e-01 tau_v=9.627e-02 |Du|=5.91e+00 |DRu|=1.80e+01)
  [PT] w_u=4.4263 w_v=10.7929 gamma=1.000 (tau_u=2.259e-01 tau_v=9.265e-02 |Du|=1.14e+01 |DRu|=2.43e+01)
  [PT] w_u=4.1921 w_v=10.5912 gamma=0.995 (tau_u=2.385e-01 tau_v=9.442e-02 |Du|=9.94e+00 |DRu|=1.67e+01)
  [PT] w_u=4.4877 w_v=10.7187 gamma=0.983 (tau_u=2.228e-01 tau_v=9.329e-02 |Du|=4.67e+00 |DRu|=1.62e+01)
  [PT] w_u=3.8791 w_v=10.5498 gamma=0.999 (tau_u=2.578e-01 tau_v=9.479e-02 |Du|=1.34e+01 |DRu|=1.76e+01)
  [PT] w_u=3.2819 w_v=10.8731 gamma=1.000 (tau_u=3.047e-01 tau_v=9.197e-02 |Du|=1.47e+01 |DRu|=1.72e+01)
  [PT] w_u=3.5525 w_v=11.7882 gamma=1.000 (tau_u=2.815e-01 tau_v=8.483e-02 |Du|=5.65e+00 |DRu|=2.10e+01)
  [PT] w_u=3.5611 w_v=12.2061 gamma=1.000 (tau_u=2.808e-01 tau_v=8.193e-02 |Du|=6.07e+00 |DRu|=1.16e+01)
  [PT] w_u=3.7845 w_v=13.0506 gamma=0.997 (tau_u=2.642e-01 tau_v=7.662e-02 |Du|=9.14e+00 |DRu|=2.69e+01)
  [PT] w_u=3.9292 w_v=12.0500 gamma=0.997 (tau_u=2.545e-01 tau_v=8.299e-02 |Du|=1.41e+00 |DRu|=3.44e+00)
  [PT] w_u=4.1218 w_v=12.7849 gamma=1.000 (tau_u=2.426e-01 tau_v=7.822e-02 |Du|=8.86e+00 |DRu|=2.40e+01)
[Adam] ep= 1000  total=3.924e-01  PDE=2.782e-02 [colloc=2.390e-02, cfd=3.913e-03] (w=2.165)  IN=4.844e-02 (w=1.440)  TB=2.256e-02 (w=1.029)  WALL=1.141e-16 (w=0.200)  OUT=7.091e-04 (w=0.308)  DATA=4.598e-02 (w=5.198)  DATA_P=0.000e+00 (w=1.000)
  [PT] w_u=3.9283 w_v=12.3672 gamma=1.000 (tau_u=2.546e-01 tau_v=8.086e-02 |Du|=5.72e+00 |DRu|=9.50e+00)
  [PT] w_u=4.2606 w_v=13.1226 gamma=1.000 (tau_u=2.347e-01 tau_v=7.620e-02 |Du|=5.19e+00 |DRu|=2.19e+01)
  [PT] w_u=3.4667 w_v=12.6917 gamma=1.000 (tau_u=2.885e-01 tau_v=7.879e-02 |Du|=7.25e+00 |DRu|=8.24e+00)
  [PT] w_u=3.6545 w_v=12.7001 gamma=0.993 (tau_u=2.736e-01 tau_v=7.874e-02 |Du|=6.00e+00 |DRu|=1.60e+01)
  [PT] w_u=3.6448 w_v=12.3160 gamma=0.998 (tau_u=2.744e-01 tau_v=8.120e-02 |Du|=6.95e+00 |DRu|=1.31e+01)
  [PT] w_u=3.8559 w_v=11.9416 gamma=1.000 (tau_u=2.593e-01 tau_v=8.374e-02 |Du|=5.52e+00 |DRu|=1.57e+01)
  [PT] w_u=3.9073 w_v=9.7244 gamma=1.000 (tau_u=2.559e-01 tau_v=1.028e-01 |Du|=2.95e+00 |DRu|=6.21e+00)
  [PT] w_u=4.1962 w_v=10.5080 gamma=1.000 (tau_u=2.383e-01 tau_v=9.517e-02 |Du|=5.48e+00 |DRu|=1.94e+01)
  [PT] w_u=4.3578 w_v=9.1399 gamma=0.997 (tau_u=2.295e-01 tau_v=1.094e-01 |Du|=3.46e+00 |DRu|=8.91e+00)
  [PT] w_u=4.3792 w_v=9.1092 gamma=1.000 (tau_u=2.284e-01 tau_v=1.098e-01 |Du|=1.29e+01 |DRu|=2.76e+01)
  [PT] w_u=3.7766 w_v=8.1862 gamma=1.000 (tau_u=2.648e-01 tau_v=1.222e-01 |Du|=8.00e+00 |DRu|=1.04e+01)
  [PT] w_u=4.1213 w_v=8.8520 gamma=1.000 (tau_u=2.426e-01 tau_v=1.130e-01 |Du|=5.62e+00 |DRu|=2.70e+01)
  [PT] w_u=3.9288 w_v=9.2194 gamma=1.000 (tau_u=2.545e-01 tau_v=1.085e-01 |Du|=1.07e+01 |DRu|=1.77e+01)
  [PT] w_u=3.8896 w_v=9.7017 gamma=0.999 (tau_u=2.571e-01 tau_v=1.031e-01 |Du|=1.00e+01 |DRu|=1.90e+01)
  [PT] w_u=4.1817 w_v=10.3983 gamma=1.000 (tau_u=2.391e-01 tau_v=9.617e-02 |Du|=5.76e+00 |DRu|=2.07e+01)
  [PT] w_u=3.7766 w_v=9.8189 gamma=1.000 (tau_u=2.648e-01 tau_v=1.018e-01 |Du|=8.46e+00 |DRu|=1.20e+01)
  [PT] w_u=4.0615 w_v=10.1087 gamma=1.000 (tau_u=2.462e-01 tau_v=9.893e-02 |Du|=7.62e+00 |DRu|=2.71e+01)
  [PT] w_u=2.8914 w_v=7.6282 gamma=1.000 (tau_u=3.459e-01 tau_v=1.311e-01 |Du|=3.68e+00 |DRu|=3.31e+00)
  [PT] w_u=3.1018 w_v=8.2225 gamma=1.000 (tau_u=3.224e-01 tau_v=1.216e-01 |Du|=8.59e+00 |DRu|=2.57e+01)
  [PT] w_u=3.0521 w_v=8.8343 gamma=0.995 (tau_u=3.276e-01 tau_v=1.132e-01 |Du|=6.66e+00 |DRu|=1.09e+01)
[Adam] ep= 1020  total=2.652e-01  PDE=3.547e-02 [colloc=3.102e-02, cfd=4.449e-03] (w=2.463)  IN=2.627e-02 (w=1.295)  TB=1.067e-02 (w=0.928)  WALL=5.606e-16 (w=0.200)  OUT=1.452e-03 (w=0.306)  DATA=2.582e-02 (w=5.171)  DATA_P=0.000e+00 (w=1.000)
  [PT] w_u=3.2975 w_v=9.5859 gamma=1.000 (tau_u=3.033e-01 tau_v=1.043e-01 |Du|=6.27e+00 |DRu|=2.17e+01)
  [PT] w_u=3.3785 w_v=9.4957 gamma=1.000 (tau_u=2.960e-01 tau_v=1.053e-01 |Du|=6.99e+00 |DRu|=1.45e+01)
  [PT] w_u=3.7178 w_v=10.3228 gamma=1.000 (tau_u=2.690e-01 tau_v=9.687e-02 |Du|=4.95e+00 |DRu|=3.08e+01)
  [PT] w_u=3.6495 w_v=10.4800 gamma=1.000 (tau_u=2.740e-01 tau_v=9.542e-02 |Du|=5.88e+00 |DRu|=1.04e+01)
  [PT] w_u=3.9658 w_v=11.0457 gamma=0.996 (tau_u=2.522e-01 tau_v=9.053e-02 |Du|=5.50e+00 |DRu|=2.33e+01)
  [PT] w_u=4.3194 w_v=12.0140 gamma=1.000 (tau_u=2.315e-01 tau_v=8.324e-02 |Du|=7.97e+00 |DRu|=3.73e+01)
  [PT] w_u=4.5016 w_v=12.5324 gamma=1.000 (tau_u=2.221e-01 tau_v=7.979e-02 |Du|=6.75e+00 |DRu|=1.82e+01)
  [PT] w_u=4.7202 w_v=12.6316 gamma=1.000 (tau_u=2.119e-01 tau_v=7.917e-02 |Du|=5.28e+00 |DRu|=1.53e+01)
  [PT] w_u=5.1663 w_v=13.3670 gamma=1.000 (tau_u=1.936e-01 tau_v=7.481e-02 |Du|=6.25e+00 |DRu|=3.67e+01)
  [PT] w_u=5.5218 w_v=14.4251 gamma=1.000 (tau_u=1.811e-01 tau_v=6.932e-02 |Du|=8.29e+00 |DRu|=3.16e+01)
  [PT] w_u=5.4075 w_v=13.3100 gamma=1.000 (tau_u=1.849e-01 tau_v=7.513e-02 |Du|=9.08e+00 |DRu|=1.94e+01)
  [PT] w_u=5.2317 w_v=12.6408 gamma=1.000 (tau_u=1.911e-01 tau_v=7.911e-02 |Du|=8.62e+00 |DRu|=1.73e+01)
  [PT] w_u=5.5461 w_v=12.5796 gamma=1.000 (tau_u=1.803e-01 tau_v=7.949e-02 |Du|=6.92e+00 |DRu|=2.41e+01)
  [PT] w_u=5.9110 w_v=12.9672 gamma=1.000 (tau_u=1.692e-01 tau_v=7.712e-02 |Du|=9.45e+00 |DRu|=3.60e+01)
  [PT] w_u=6.1500 w_v=13.5681 gamma=1.000 (tau_u=1.626e-01 tau_v=7.370e-02 |Du|=7.90e+00 |DRu|=2.46e+01)
  [PT] w_u=6.0667 w_v=12.4839 gamma=1.000 (tau_u=1.648e-01 tau_v=8.010e-02 |Du|=3.63e+00 |DRu|=8.43e+00)
  [PT] w_u=6.4820 w_v=12.4098 gamma=1.000 (tau_u=1.543e-01 tau_v=8.058e-02 |Du|=3.54e+00 |DRu|=1.46e+01)
  [PT] w_u=6.8733 w_v=12.7419 gamma=0.998 (tau_u=1.455e-01 tau_v=7.848e-02 |Du|=7.28e+00 |DRu|=2.82e+01)
  [PT] w_u=7.2288 w_v=13.2397 gamma=1.000 (tau_u=1.383e-01 tau_v=7.553e-02 |Du|=1.05e+01 |DRu|=3.86e+01)
  [PT] w_u=7.3529 w_v=13.4364 gamma=1.000 (tau_u=1.360e-01 tau_v=7.442e-02 |Du|=6.40e+00 |DRu|=1.89e+01)
[Adam] ep= 1040  total=4.558e-01  PDE=6.093e-02 [colloc=5.523e-02, cfd=5.701e-03] (w=2.810)  IN=4.470e-02 (w=1.178)  TB=1.527e-02 (w=0.777)  WALL=4.104e-16 (w=0.200)  OUT=1.328e-03 (w=0.209)  DATA=4.552e-02 (w=4.828)  DATA_P=0.000e+00 (w=1.000)
  [PT] w_u=5.7813 w_v=13.8097 gamma=1.000 (tau_u=1.730e-01 tau_v=7.241e-02 |Du|=4.17e+00 |DRu|=5.86e+00)
  [PT] w_u=6.1891 w_v=14.6803 gamma=1.000 (tau_u=1.616e-01 tau_v=6.812e-02 |Du|=3.31e+00 |DRu|=1.36e+01)
  [PT] w_u=6.7194 w_v=15.3872 gamma=0.997 (tau_u=1.488e-01 tau_v=6.499e-02 |Du|=4.42e+00 |DRu|=2.39e+01)
  [PT] w_u=6.7675 w_v=15.8005 gamma=1.000 (tau_u=1.478e-01 tau_v=6.329e-02 |Du|=1.26e+01 |DRu|=3.40e+01)
  [PT] w_u=6.3167 w_v=16.1257 gamma=1.000 (tau_u=1.583e-01 tau_v=6.201e-02 |Du|=1.32e+01 |DRu|=2.63e+01)
  [PT] w_u=5.4202 w_v=15.8359 gamma=1.000 (tau_u=1.845e-01 tau_v=6.315e-02 |Du|=9.17e+00 |DRu|=1.41e+01)
  [PT] w_u=5.7109 w_v=15.9840 gamma=1.000 (tau_u=1.751e-01 tau_v=6.256e-02 |Du|=4.98e+00 |DRu|=1.66e+01)
  [PT] w_u=6.0825 w_v=16.4407 gamma=1.000 (tau_u=1.644e-01 tau_v=6.082e-02 |Du|=7.51e+00 |DRu|=2.88e+01)
  [PT] w_u=5.6791 w_v=16.1316 gamma=1.000 (tau_u=1.761e-01 tau_v=6.199e-02 |Du|=1.53e+01 |DRu|=2.89e+01)
  [PT] w_u=4.9369 w_v=16.2563 gamma=1.000 (tau_u=2.026e-01 tau_v=6.151e-02 |Du|=1.59e+01 |DRu|=2.40e+01)
  [PT] w_u=4.8732 w_v=16.1458 gamma=1.000 (tau_u=2.052e-01 tau_v=6.194e-02 |Du|=6.92e+00 |DRu|=1.44e+01)
  [PT] w_u=5.0007 w_v=10.2702 gamma=1.000 (tau_u=2.000e-01 tau_v=9.737e-02 |Du|=5.04e+00 |DRu|=1.29e+01)
  [PT] w_u=4.3714 w_v=9.8777 gamma=0.997 (tau_u=2.288e-01 tau_v=1.012e-01 |Du|=1.53e+01 |DRu|=2.19e+01)
  [PT] w_u=4.0818 w_v=10.3814 gamma=1.000 (tau_u=2.450e-01 tau_v=9.633e-02 |Du|=2.28e+01 |DRu|=3.64e+01)
  [PT] w_u=3.8259 w_v=10.9189 gamma=1.000 (tau_u=2.614e-01 tau_v=9.158e-02 |Du|=1.35e+01 |DRu|=2.11e+01)
  [PT] w_u=3.9458 w_v=10.2065 gamma=1.000 (tau_u=2.534e-01 tau_v=9.798e-02 |Du|=6.04e+00 |DRu|=1.42e+01)
  [PT] w_u=4.0463 w_v=10.3399 gamma=1.000 (tau_u=2.471e-01 tau_v=9.671e-02 |Du|=1.18e+01 |DRu|=2.71e+01)
  [PT] w_u=3.7273 w_v=10.5681 gamma=1.000 (tau_u=2.683e-01 tau_v=9.462e-02 |Du|=2.08e+01 |DRu|=3.06e+01)
  [PT] w_u=3.2771 w_v=10.7602 gamma=1.000 (tau_u=3.052e-01 tau_v=9.294e-02 |Du|=1.75e+01 |DRu|=2.19e+01)
  [PT] w_u=3.0624 w_v=10.8360 gamma=1.000 (tau_u=3.265e-01 tau_v=9.229e-02 |Du|=7.88e+00 |DRu|=1.09e+01)
[Adam] ep= 1060  total=5.747e-01  PDE=3.501e-02 [colloc=3.348e-02, cfd=1.526e-03] (w=2.652)  IN=6.315e-02 (w=1.214)  TB=2.094e-02 (w=0.829)  WALL=8.523e-16 (w=0.200)  OUT=3.013e-03 (w=0.241)  DATA=7.522e-02 (w=5.147)  DATA_P=0.000e+00 (w=1.000)
  [PT] w_u=3.1499 w_v=11.1673 gamma=0.998 (tau_u=3.175e-01 tau_v=8.955e-02 |Du|=4.14e+00 |DRu|=8.53e+00)
  [PT] w_u=2.9067 w_v=11.4798 gamma=0.981 (tau_u=3.440e-01 tau_v=8.711e-02 |Du|=1.37e+01 |DRu|=1.78e+01)
  [PT] w_u=2.7104 w_v=11.7279 gamma=1.000 (tau_u=3.689e-01 tau_v=8.527e-02 |Du|=2.40e+01 |DRu|=3.11e+01)
  [PT] w_u=2.5915 w_v=11.7237 gamma=1.000 (tau_u=3.859e-01 tau_v=8.530e-02 |Du|=1.26e+01 |DRu|=1.72e+01)
  [PT] w_u=2.7970 w_v=10.7111 gamma=1.000 (tau_u=3.575e-01 tau_v=9.336e-02 |Du|=3.09e+00 |DRu|=9.66e+00)
  [PT] w_u=2.7742 w_v=11.1642 gamma=1.000 (tau_u=3.605e-01 tau_v=8.957e-02 |Du|=1.27e+01 |DRu|=2.04e+01)
  [PT] w_u=2.6707 w_v=11.6236 gamma=0.991 (tau_u=3.744e-01 tau_v=8.603e-02 |Du|=1.67e+01 |DRu|=2.35e+01)
  [PT] w_u=2.6535 w_v=11.9143 gamma=0.992 (tau_u=3.769e-01 tau_v=8.393e-02 |Du|=8.24e+00 |DRu|=1.30e+01)
  [PT] w_u=2.7690 w_v=11.8767 gamma=0.996 (tau_u=3.611e-01 tau_v=8.420e-02 |Du|=4.61e+00 |DRu|=9.81e+00)
  [PT] w_u=2.6463 w_v=11.7864 gamma=1.000 (tau_u=3.779e-01 tau_v=8.484e-02 |Du|=1.11e+01 |DRu|=1.53e+01)
  [PT] w_u=2.4846 w_v=11.2324 gamma=1.000 (tau_u=4.025e-01 tau_v=8.903e-02 |Du|=1.10e+01 |DRu|=1.40e+01)
  [PT] w_u=2.5926 w_v=10.6066 gamma=1.000 (tau_u=3.857e-01 tau_v=9.428e-02 |Du|=5.75e+00 |DRu|=1.19e+01)
  [PT] w_u=2.5442 w_v=10.5352 gamma=0.999 (tau_u=3.931e-01 tau_v=9.492e-02 |Du|=1.17e+01 |DRu|=1.72e+01)
  [PT] w_u=2.5017 w_v=9.6401 gamma=0.999 (tau_u=3.997e-01 tau_v=1.037e-01 |Du|=8.81e+00 |DRu|=1.30e+01)
  [PT] w_u=2.4328 w_v=9.4148 gamma=0.998 (tau_u=4.110e-01 tau_v=1.062e-01 |Du|=4.84e+00 |DRu|=6.75e+00)
  [PT] w_u=2.5606 w_v=9.7654 gamma=1.000 (tau_u=3.905e-01 tau_v=1.024e-01 |Du|=9.36e+00 |DRu|=2.06e+01)
  [PT] w_u=2.6448 w_v=10.3728 gamma=1.000 (tau_u=3.781e-01 tau_v=9.641e-02 |Du|=9.01e+00 |DRu|=1.75e+01)
  [PT] w_u=2.9085 w_v=10.9912 gamma=1.000 (tau_u=3.438e-01 tau_v=9.098e-02 |Du|=3.09e+00 |DRu|=1.65e+01)
  [PT] w_u=2.9146 w_v=11.0173 gamma=1.000 (tau_u=3.431e-01 tau_v=9.077e-02 |Du|=8.01e+00 |DRu|=1.38e+01)
  [PT] w_u=3.1786 w_v=11.6424 gamma=1.000 (tau_u=3.146e-01 tau_v=8.589e-02 |Du|=6.86e+00 |DRu|=2.85e+01)
[Adam] ep= 1080  total=2.678e-01  PDE=3.767e-02 [colloc=3.415e-02, cfd=3.523e-03] (w=2.524)  IN=2.178e-02 (w=1.223)  TB=1.000e-02 (w=0.872)  WALL=8.782e-16 (w=0.200)  OUT=3.906e-03 (w=0.323)  DATA=2.531e-02 (w=5.378)  DATA_P=0.000e+00 (w=1.000)
  [PT] w_u=3.2194 w_v=11.2057 gamma=1.000 (tau_u=3.106e-01 tau_v=8.924e-02 |Du|=3.48e+00 |DRu|=6.64e+00)
  [PT] w_u=3.5207 w_v=11.7096 gamma=1.000 (tau_u=2.840e-01 tau_v=8.540e-02 |Du|=3.32e+00 |DRu|=1.57e+01)
  [PT] w_u=3.5317 w_v=10.6428 gamma=1.000 (tau_u=2.831e-01 tau_v=9.396e-02 |Du|=1.04e+01 |DRu|=1.98e+01)
  [PT] w_u=3.7759 w_v=10.1585 gamma=1.000 (tau_u=2.648e-01 tau_v=9.844e-02 |Du|=6.17e+00 |DRu|=1.95e+01)
  [PT] w_u=4.0111 w_v=10.1255 gamma=1.000 (tau_u=2.493e-01 tau_v=9.876e-02 |Du|=3.86e+00 |DRu|=1.17e+01)
  [PT] w_u=3.9898 w_v=9.7435 gamma=0.999 (tau_u=2.506e-01 tau_v=1.026e-01 |Du|=9.07e+00 |DRu|=1.77e+01)
  [PT] w_u=4.1298 w_v=8.7877 gamma=1.000 (tau_u=2.421e-01 tau_v=1.138e-01 |Du|=1.02e+01 |DRu|=2.50e+01)
  [PT] w_u=3.0421 w_v=6.4995 gamma=1.000 (tau_u=3.287e-01 tau_v=1.539e-01 |Du|=7.56e+00 |DRu|=7.18e+00)
  [PT] w_u=3.2325 w_v=6.9412 gamma=1.000 (tau_u=3.094e-01 tau_v=1.441e-01 |Du|=5.31e+00 |DRu|=1.44e+01)
  [PT] w_u=3.5581 w_v=7.2874 gamma=1.000 (tau_u=2.811e-01 tau_v=1.372e-01 |Du|=4.11e+00 |DRu|=2.53e+01)
  [PT] w_u=3.6714 w_v=6.8194 gamma=1.000 (tau_u=2.724e-01 tau_v=1.466e-01 |Du|=4.85e+00 |DRu|=1.10e+01)
  [PT] w_u=3.9295 w_v=7.1608 gamma=1.000 (tau_u=2.545e-01 tau_v=1.396e-01 |Du|=6.84e+00 |DRu|=2.24e+01)
  [PT] w_u=3.9554 w_v=7.4598 gamma=1.000 (tau_u=2.528e-01 tau_v=1.341e-01 |Du|=4.49e+00 |DRu|=9.21e+00)
  [PT] w_u=4.2773 w_v=7.6363 gamma=0.997 (tau_u=2.338e-01 tau_v=1.310e-01 |Du|=4.02e+00 |DRu|=1.60e+01)
  [PT] w_u=4.0434 w_v=8.0798 gamma=0.997 (tau_u=2.473e-01 tau_v=1.238e-01 |Du|=6.45e+00 |DRu|=1.06e+01)
  [PT] w_u=4.0915 w_v=7.7917 gamma=1.000 (tau_u=2.444e-01 tau_v=1.283e-01 |Du|=6.94e+00 |DRu|=1.49e+01)
  [PT] w_u=3.5052 w_v=7.0624 gamma=1.000 (tau_u=2.853e-01 tau_v=1.416e-01 |Du|=6.99e+00 |DRu|=8.65e+00)
  [PT] w_u=3.5307 w_v=7.1033 gamma=1.000 (tau_u=2.832e-01 tau_v=1.408e-01 |Du|=4.79e+00 |DRu|=9.31e+00)
  [PT] w_u=3.8131 w_v=7.3379 gamma=1.000 (tau_u=2.623e-01 tau_v=1.363e-01 |Du|=4.35e+00 |DRu|=1.60e+01)
  [PT] w_u=3.3874 w_v=5.7323 gamma=1.000 (tau_u=2.952e-01 tau_v=1.745e-01 |Du|=9.23e+00 |DRu|=1.20e+01)
[Adam] ep= 1100  total=3.347e-01  PDE=4.852e-02 [colloc=3.664e-02, cfd=1.188e-02] (w=2.415)  IN=2.514e-02 (w=1.237)  TB=1.752e-02 (w=0.945)  WALL=8.666e-16 (w=0.200)  OUT=4.785e-03 (w=0.477)  DATA=3.160e-02 (w=5.305)  DATA_P=0.000e+00 (w=1.000)
  [PT] w_u=3.0690 w_v=4.8444 gamma=1.000 (tau_u=3.258e-01 tau_v=2.064e-01 |Du|=1.13e+01 |DRu|=1.46e+01)
  [PT] w_u=2.9645 w_v=5.0500 gamma=1.000 (tau_u=3.373e-01 tau_v=1.980e-01 |Du|=8.28e+00 |DRu|=1.25e+01)
  [PT] w_u=3.1863 w_v=5.1784 gamma=1.000 (tau_u=3.138e-01 tau_v=1.931e-01 |Du|=4.02e+00 |DRu|=1.26e+01)
  [PT] w_u=3.3755 w_v=5.2390 gamma=1.000 (tau_u=2.963e-01 tau_v=1.909e-01 |Du|=6.62e+00 |DRu|=1.78e+01)
  [PT] w_u=3.3667 w_v=5.4645 gamma=1.000 (tau_u=2.970e-01 tau_v=1.830e-01 |Du|=6.12e+00 |DRu|=1.11e+01)
  [PT] w_u=3.6795 w_v=5.9202 gamma=1.000 (tau_u=2.718e-01 tau_v=1.689e-01 |Du|=5.95e+00 |DRu|=2.82e+01)
  [PT] w_u=3.6309 w_v=6.1263 gamma=1.000 (tau_u=2.754e-01 tau_v=1.632e-01 |Du|=5.10e+00 |DRu|=9.19e+00)
  [PT] w_u=3.8821 w_v=6.4187 gamma=1.000 (tau_u=2.576e-01 tau_v=1.558e-01 |Du|=5.44e+00 |DRu|=1.74e+01)
  [PT] w_u=4.2266 w_v=6.8344 gamma=1.000 (tau_u=2.366e-01 tau_v=1.463e-01 |Du|=5.51e+00 |DRu|=2.52e+01)
  [PT] w_u=4.0951 w_v=6.9807 gamma=1.000 (tau_u=2.442e-01 tau_v=1.433e-01 |Du|=6.30e+00 |DRu|=1.13e+01)
  [PT] w_u=4.2964 w_v=6.8768 gamma=1.000 (tau_u=2.328e-01 tau_v=1.454e-01 |Du|=6.60e+00 |DRu|=1.83e+01)
  [PT] w_u=4.1938 w_v=6.9648 gamma=1.000 (tau_u=2.384e-01 tau_v=1.436e-01 |Du|=5.65e+00 |DRu|=1.05e+01)
  [PT] w_u=4.4572 w_v=7.3789 gamma=0.999 (tau_u=2.244e-01 tau_v=1.355e-01 |Du|=5.10e+00 |DRu|=1.63e+01)
  [PT] w_u=4.4630 w_v=6.9156 gamma=0.999 (tau_u=2.241e-01 tau_v=1.446e-01 |Du|=7.02e+00 |DRu|=1.49e+01)
  [PT] w_u=4.2887 w_v=6.5320 gamma=1.000 (tau_u=2.332e-01 tau_v=1.531e-01 |Du|=1.18e+01 |DRu|=2.10e+01)
  [PT] w_u=3.0849 w_v=6.0165 gamma=1.000 (tau_u=3.242e-01 tau_v=1.662e-01 |Du|=1.01e+01 |DRu|=9.48e+00)
  [PT] w_u=3.1035 w_v=6.4062 gamma=1.000 (tau_u=3.222e-01 tau_v=1.561e-01 |Du|=7.33e+00 |DRu|=1.33e+01)
  [PT] w_u=3.3290 w_v=6.4778 gamma=1.000 (tau_u=3.004e-01 tau_v=1.544e-01 |Du|=7.12e+00 |DRu|=2.21e+01)
  [PT] w_u=3.5552 w_v=6.3703 gamma=1.000 (tau_u=2.813e-01 tau_v=1.570e-01 |Du|=4.19e+00 |DRu|=1.27e+01)
  [PT] w_u=3.8349 w_v=6.9661 gamma=1.000 (tau_u=2.608e-01 tau_v=1.436e-01 |Du|=3.98e+00 |DRu|=1.44e+01)
[Adam] ep= 1120  total=4.403e-01  PDE=8.206e-02 [colloc=7.000e-02, cfd=1.206e-02] (w=2.682)  IN=2.149e-02 (w=1.081)  TB=1.402e-02 (w=0.836)  WALL=1.573e-15 (w=0.200)  OUT=6.234e-03 (w=0.515)  DATA=3.522e-02 (w=5.171)  DATA_P=0.000e+00 (w=1.000)
  [PT] w_u=3.7472 w_v=7.1441 gamma=1.000 (tau_u=2.669e-01 tau_v=1.400e-01 |Du|=1.04e+01 |DRu|=1.84e+01)
  [PT] w_u=3.9056 w_v=6.8301 gamma=1.000 (tau_u=2.560e-01 tau_v=1.464e-01 |Du|=6.79e+00 |DRu|=1.70e+01)
  [PT] w_u=4.0076 w_v=7.1255 gamma=1.000 (tau_u=2.495e-01 tau_v=1.403e-01 |Du|=3.27e+00 |DRu|=7.49e+00)
  [PT] w_u=3.9362 w_v=7.2631 gamma=1.000 (tau_u=2.541e-01 tau_v=1.377e-01 |Du|=9.95e+00 |DRu|=1.83e+01)
  [PT] w_u=3.5010 w_v=6.6329 gamma=1.000 (tau_u=2.856e-01 tau_v=1.508e-01 |Du|=1.17e+01 |DRu|=1.55e+01)
  [PT] w_u=3.4132 w_v=6.2949 gamma=1.000 (tau_u=2.930e-01 tau_v=1.589e-01 |Du|=1.11e+01 |DRu|=1.84e+01)
  [PT] w_u=3.0838 w_v=6.1728 gamma=1.000 (tau_u=3.243e-01 tau_v=1.620e-01 |Du|=1.10e+01 |DRu|=1.41e+01)
  [PT] w_u=2.5308 w_v=6.2972 gamma=1.000 (tau_u=3.951e-01 tau_v=1.588e-01 |Du|=8.28e+00 |DRu|=8.14e+00)
  [PT] w_u=2.6717 w_v=6.5715 gamma=1.000 (tau_u=3.743e-01 tau_v=1.522e-01 |Du|=7.54e+00 |DRu|=1.75e+01)
  [PT] w_u=2.8245 w_v=6.1745 gamma=1.000 (tau_u=3.540e-01 tau_v=1.620e-01 |Du|=5.76e+00 |DRu|=1.39e+01)
  [PT] w_u=2.5948 w_v=5.8836 gamma=1.000 (tau_u=3.854e-01 tau_v=1.700e-01 |Du|=6.94e+00 |DRu|=8.50e+00)
  [PT] w_u=2.7027 w_v=5.8179 gamma=1.000 (tau_u=3.700e-01 tau_v=1.719e-01 |Du|=8.50e+00 |DRu|=1.77e+01)
  [PT] w_u=2.7996 w_v=6.2899 gamma=1.000 (tau_u=3.572e-01 tau_v=1.590e-01 |Du|=7.58e+00 |DRu|=1.54e+01)
  [PT] w_u=2.7139 w_v=6.2358 gamma=1.000 (tau_u=3.685e-01 tau_v=1.604e-01 |Du|=7.02e+00 |DRu|=1.02e+01)
  [PT] w_u=2.8039 w_v=6.1188 gamma=1.000 (tau_u=3.566e-01 tau_v=1.634e-01 |Du|=7.65e+00 |DRu|=1.53e+01)
  [PT] w_u=3.0657 w_v=6.6445 gamma=1.000 (tau_u=3.262e-01 tau_v=1.505e-01 |Du|=5.77e+00 |DRu|=2.53e+01)
  [PT] w_u=3.2129 w_v=6.4989 gamma=1.000 (tau_u=3.112e-01 tau_v=1.539e-01 |Du|=3.02e+00 |DRu|=7.19e+00)
  [PT] w_u=3.4798 w_v=6.6101 gamma=1.000 (tau_u=2.874e-01 tau_v=1.513e-01 |Du|=5.88e+00 |DRu|=2.18e+01)
  [PT] w_u=3.7289 w_v=6.6539 gamma=1.000 (tau_u=2.682e-01 tau_v=1.503e-01 |Du|=7.95e+00 |DRu|=2.58e+01)
  [PT] w_u=3.5325 w_v=5.7623 gamma=1.000 (tau_u=2.831e-01 tau_v=1.735e-01 |Du|=5.01e+00 |DRu|=7.75e+00)
[Adam] ep= 1140  total=4.136e-01  PDE=7.154e-02 [colloc=6.543e-02, cfd=6.100e-03] (w=2.541)  IN=2.821e-02 (w=1.105)  TB=1.500e-02 (w=0.967)  WALL=8.360e-16 (w=0.200)  OUT=1.561e-02 (w=0.655)  DATA=3.536e-02 (w=4.974)  DATA_P=0.000e+00 (w=1.000)
  [PT] w_u=3.8536 w_v=6.3319 gamma=1.000 (tau_u=2.595e-01 tau_v=1.579e-01 |Du|=5.32e+00 |DRu|=2.45e+01)
  [PT] w_u=4.0014 w_v=6.5102 gamma=1.000 (tau_u=2.499e-01 tau_v=1.536e-01 |Du|=6.85e+00 |DRu|=1.69e+01)
  [PT] w_u=4.2043 w_v=6.0199 gamma=1.000 (tau_u=2.379e-01 tau_v=1.661e-01 |Du|=4.84e+00 |DRu|=1.35e+01)
  [PT] w_u=4.4905 w_v=6.4325 gamma=1.000 (tau_u=2.227e-01 tau_v=1.555e-01 |Du|=6.56e+00 |DRu|=2.23e+01)
  [PT] w_u=3.9828 w_v=6.6878 gamma=1.000 (tau_u=2.511e-01 tau_v=1.495e-01 |Du|=7.79e+00 |DRu|=1.10e+01)
  [PT] w_u=4.1796 w_v=7.1961 gamma=1.000 (tau_u=2.393e-01 tau_v=1.390e-01 |Du|=7.21e+00 |DRu|=1.98e+01)
  [PT] w_u=3.5444 w_v=6.5438 gamma=1.000 (tau_u=2.821e-01 tau_v=1.528e-01 |Du|=8.09e+00 |DRu|=9.90e+00)
  [PT] w_u=3.7428 w_v=6.9087 gamma=1.000 (tau_u=2.672e-01 tau_v=1.447e-01 |Du|=1.20e+01 |DRu|=3.29e+01)
  [PT] w_u=3.5195 w_v=6.8202 gamma=1.000 (tau_u=2.841e-01 tau_v=1.466e-01 |Du|=8.19e+00 |DRu|=1.24e+01)
  [PT] w_u=3.7508 w_v=7.2382 gamma=1.000 (tau_u=2.666e-01 tau_v=1.382e-01 |Du|=6.94e+00 |DRu|=2.10e+01)
  [PT] w_u=4.0591 w_v=7.7458 gamma=1.000 (tau_u=2.464e-01 tau_v=1.291e-01 |Du|=1.06e+01 |DRu|=4.17e+01)
  [PT] w_u=3.9820 w_v=7.9603 gamma=1.000 (tau_u=2.511e-01 tau_v=1.256e-01 |Du|=1.05e+01 |DRu|=1.94e+01)
  [PT] w_u=3.5208 w_v=8.4091 gamma=1.000 (tau_u=2.840e-01 tau_v=1.189e-01 |Du|=1.02e+01 |DRu|=1.34e+01)
  [PT] w_u=3.7138 w_v=9.0336 gamma=1.000 (tau_u=2.693e-01 tau_v=1.107e-01 |Du|=8.87e+00 |DRu|=2.40e+01)
  [PT] w_u=3.9975 w_v=9.6436 gamma=1.000 (tau_u=2.502e-01 tau_v=1.037e-01 |Du|=8.49e+00 |DRu|=3.04e+01)
  [PT] w_u=3.9252 w_v=9.9524 gamma=1.000 (tau_u=2.548e-01 tau_v=1.005e-01 |Du|=1.07e+01 |DRu|=1.97e+01)
  [PT] w_u=3.5950 w_v=9.6928 gamma=1.000 (tau_u=2.782e-01 tau_v=1.032e-01 |Du|=1.07e+01 |DRu|=1.53e+01)
  [PT] w_u=3.8468 w_v=10.1292 gamma=1.000 (tau_u=2.600e-01 tau_v=9.872e-02 |Du|=8.82e+00 |DRu|=2.85e+01)
  [PT] w_u=4.2103 w_v=11.0181 gamma=1.000 (tau_u=2.375e-01 tau_v=9.076e-02 |Du|=5.03e+00 |DRu|=2.67e+01)
  [PT] w_u=4.0654 w_v=11.1421 gamma=1.000 (tau_u=2.460e-01 tau_v=8.975e-02 |Du|=8.84e+00 |DRu|=1.56e+01)
[Adam] ep= 1160  total=4.333e-01  PDE=9.221e-02 [colloc=8.463e-02, cfd=7.580e-03] (w=2.736)  IN=2.051e-02 (w=1.129)  TB=1.575e-02 (w=0.845)  WALL=2.427e-15 (w=0.200)  OUT=1.652e-03 (w=0.433)  DATA=2.941e-02 (w=4.891)  DATA_P=0.000e+00 (w=1.000)
  [PT] w_u=4.0070 w_v=11.3780 gamma=0.999 (tau_u=2.496e-01 tau_v=8.789e-02 |Du|=1.06e+01 |DRu|=1.99e+01)
  [PT] w_u=4.3327 w_v=11.9686 gamma=0.997 (tau_u=2.308e-01 tau_v=8.355e-02 |Du|=6.40e+00 |DRu|=2.57e+01)
  [PT] w_u=4.6371 w_v=12.6653 gamma=1.000 (tau_u=2.157e-01 tau_v=7.896e-02 |Du|=4.43e+00 |DRu|=1.57e+01)
  [PT] w_u=3.9409 w_v=11.4111 gamma=1.000 (tau_u=2.537e-01 tau_v=8.763e-02 |Du|=8.37e+00 |DRu|=1.08e+01)
  [PT] w_u=3.8780 w_v=11.4122 gamma=1.000 (tau_u=2.579e-01 tau_v=8.763e-02 |Du|=1.04e+01 |DRu|=1.91e+01)
  [PT] w_u=4.2198 w_v=12.3432 gamma=1.000 (tau_u=2.370e-01 tau_v=8.102e-02 |Du|=7.43e+00 |DRu|=3.36e+01)
  [PT] w_u=4.5932 w_v=13.0908 gamma=1.000 (tau_u=2.177e-01 tau_v=7.639e-02 |Du|=4.05e+00 |DRu|=1.93e+01)
  [PT] w_u=4.6656 w_v=11.2680 gamma=1.000 (tau_u=2.143e-01 tau_v=8.875e-02 |Du|=4.92e+00 |DRu|=1.15e+01)
  [PT] w_u=4.8551 w_v=11.0721 gamma=1.000 (tau_u=2.060e-01 tau_v=9.032e-02 |Du|=6.81e+00 |DRu|=1.88e+01)
  [PT] w_u=5.2253 w_v=11.2090 gamma=0.995 (tau_u=1.914e-01 tau_v=8.921e-02 |Du|=7.02e+00 |DRu|=2.86e+01)
  [PT] w_u=5.6657 w_v=12.0187 gamma=1.000 (tau_u=1.765e-01 tau_v=8.320e-02 |Du|=7.72e+00 |DRu|=3.74e+01)
  [PT] w_u=6.2014 w_v=13.0068 gamma=1.000 (tau_u=1.613e-01 tau_v=7.688e-02 |Du|=3.10e+00 |DRu|=2.00e+01)
  [PT] w_u=6.3061 w_v=12.8094 gamma=1.000 (tau_u=1.586e-01 tau_v=7.807e-02 |Du|=2.25e+00 |DRu|=6.14e+00)
  [PT] w_u=6.4542 w_v=13.3054 gamma=1.000 (tau_u=1.549e-01 tau_v=7.516e-02 |Du|=6.40e+00 |DRu|=1.83e+01)
  [PT] w_u=6.7529 w_v=13.8030 gamma=1.000 (tau_u=1.481e-01 tau_v=7.245e-02 |Du|=8.65e+00 |DRu|=2.94e+01)
  [PT] w_u=7.3033 w_v=14.4639 gamma=1.000 (tau_u=1.369e-01 tau_v=6.914e-02 |Du|=7.30e+00 |DRu|=3.82e+01)
  [PT] w_u=7.9426 w_v=15.3812 gamma=1.000 (tau_u=1.259e-01 tau_v=6.501e-02 |Du|=4.16e+00 |DRu|=2.54e+01)
  [PT] w_u=8.5715 w_v=16.0973 gamma=1.000 (tau_u=1.167e-01 tau_v=6.212e-02 |Du|=2.23e+00 |DRu|=1.22e+01)
  [PT] w_u=7.5808 w_v=15.5013 gamma=1.000 (tau_u=1.319e-01 tau_v=6.451e-02 |Du|=4.50e+00 |DRu|=8.68e+00)
  [PT] w_u=7.4151 w_v=15.3309 gamma=1.000 (tau_u=1.349e-01 tau_v=6.523e-02 |Du|=6.91e+00 |DRu|=1.72e+01)
[Adam] ep= 1180  total=8.505e-01  PDE=2.018e-01 [colloc=1.558e-01, cfd=4.592e-02] (w=3.013)  IN=3.409e-02 (w=1.026)  TB=1.526e-02 (w=0.732)  WALL=4.200e-16 (w=0.200)  OUT=3.208e-03 (w=0.310)  DATA=4.318e-02 (w=4.527)  DATA_P=0.000e+00 (w=1.000)
  [PT] w_u=7.5676 w_v=15.1660 gamma=1.000 (tau_u=1.321e-01 tau_v=6.594e-02 |Du|=7.93e+00 |DRu|=2.42e+01)
  [PT] w_u=7.9690 w_v=15.1558 gamma=1.000 (tau_u=1.255e-01 tau_v=6.598e-02 |Du|=7.86e+00 |DRu|=3.07e+01)
  [PT] w_u=8.4786 w_v=15.3531 gamma=1.000 (tau_u=1.179e-01 tau_v=6.513e-02 |Du|=5.37e+00 |DRu|=2.40e+01)
  [PT] w_u=8.7086 w_v=15.1635 gamma=1.000 (tau_u=1.148e-01 tau_v=6.595e-02 |Du|=4.60e+00 |DRu|=1.56e+01)
  [PT] w_u=8.0312 w_v=15.2210 gamma=1.000 (tau_u=1.245e-01 tau_v=6.570e-02 |Du|=7.19e+00 |DRu|=1.56e+01)
  [PT] w_u=7.4876 w_v=15.3268 gamma=1.000 (tau_u=1.336e-01 tau_v=6.525e-02 |Du|=9.57e+00 |DRu|=2.07e+01)
  [PT] w_u=7.4124 w_v=15.1907 gamma=1.000 (tau_u=1.349e-01 tau_v=6.583e-02 |Du|=7.01e+00 |DRu|=1.83e+01)
  [PT] w_u=7.5025 w_v=14.2902 gamma=1.000 (tau_u=1.333e-01 tau_v=6.998e-02 |Du|=4.60e+00 |DRu|=1.33e+01)
  [PT] w_u=6.3462 w_v=13.8563 gamma=0.990 (tau_u=1.576e-01 tau_v=7.217e-02 |Du|=1.02e+01 |DRu|=1.65e+01)
  [PT] w_u=4.9878 w_v=13.5965 gamma=0.998 (tau_u=2.005e-01 tau_v=7.355e-02 |Du|=1.89e+01 |DRu|=2.47e+01)
  [PT] w_u=4.0856 w_v=13.8761 gamma=1.000 (tau_u=2.448e-01 tau_v=7.207e-02 |Du|=2.46e+01 |DRu|=3.07e+01)
  [PT] w_u=3.5935 w_v=14.5002 gamma=1.000 (tau_u=2.783e-01 tau_v=6.896e-02 |Du|=1.49e+01 |DRu|=1.96e+01)
  [PT] w_u=3.8220 w_v=15.0116 gamma=1.000 (tau_u=2.616e-01 tau_v=6.662e-02 |Du|=3.81e+00 |DRu|=1.14e+01)
  [PT] w_u=3.9521 w_v=15.6683 gamma=1.000 (tau_u=2.530e-01 tau_v=6.382e-02 |Du|=1.01e+01 |DRu|=2.41e+01)
  [PT] w_u=3.8172 w_v=15.9302 gamma=1.000 (tau_u=2.620e-01 tau_v=6.277e-02 |Du|=1.75e+01 |DRu|=3.00e+01)
  [PT] w_u=3.5531 w_v=15.6271 gamma=1.000 (tau_u=2.814e-01 tau_v=6.399e-02 |Du|=1.44e+01 |DRu|=2.13e+01)
  [PT] w_u=3.6669 w_v=14.5253 gamma=1.000 (tau_u=2.727e-01 tau_v=6.885e-02 |Du|=5.55e+00 |DRu|=1.26e+01)
  [PT] w_u=3.7903 w_v=14.5380 gamma=1.000 (tau_u=2.638e-01 tau_v=6.879e-02 |Du|=8.24e+00 |DRu|=1.92e+01)
  [PT] w_u=3.7569 w_v=14.6689 gamma=1.000 (tau_u=2.662e-01 tau_v=6.817e-02 |Du|=9.23e+00 |DRu|=1.72e+01)
  [PT] w_u=3.6627 w_v=14.1795 gamma=1.000 (tau_u=2.730e-01 tau_v=7.052e-02 |Du|=5.39e+00 |DRu|=9.31e+00)
[Adam] ep= 1200  total=4.763e-01  PDE=6.792e-02 [colloc=6.415e-02, cfd=3.771e-03] (w=2.511)  IN=2.938e-02 (w=1.223)  TB=2.681e-02 (w=0.873)  WALL=1.682e-15 (w=0.200)  OUT=1.910e-03 (w=0.305)  DATA=4.521e-02 (w=5.438)  DATA_P=0.000e+00 (w=1.000)
  [PT] w_u=3.8838 w_v=14.4794 gamma=1.000 (tau_u=2.575e-01 tau_v=6.906e-02 |Du|=6.01e+00 |DRu|=1.75e+01)
  [PT] w_u=3.8759 w_v=14.7263 gamma=1.000 (tau_u=2.580e-01 tau_v=6.791e-02 |Du|=1.19e+01 |DRu|=2.33e+01)
  [PT] w_u=3.3477 w_v=14.4256 gamma=1.000 (tau_u=2.987e-01 tau_v=6.932e-02 |Du|=6.26e+00 |DRu|=7.68e+00)
  [PT] w_u=3.5046 w_v=12.6971 gamma=1.000 (tau_u=2.853e-01 tau_v=7.876e-02 |Du|=2.23e+00 |DRu|=5.49e+00)
  [PT] w_u=3.6934 w_v=12.3347 gamma=0.992 (tau_u=2.708e-01 tau_v=8.107e-02 |Du|=5.18e+00 |DRu|=1.38e+01)
  [PT] w_u=3.7521 w_v=12.2599 gamma=1.000 (tau_u=2.665e-01 tau_v=8.157e-02 |Du|=1.06e+01 |DRu|=2.22e+01)
  [PT] w_u=3.6936 w_v=12.3121 gamma=1.000 (tau_u=2.707e-01 tau_v=8.122e-02 |Du|=5.99e+00 |DRu|=1.08e+01)
  [PT] w_u=3.7596 w_v=9.9416 gamma=1.000 (tau_u=2.660e-01 tau_v=1.006e-01 |Du|=4.04e+00 |DRu|=8.55e+00)
  [PT] w_u=3.7774 w_v=9.0698 gamma=1.000 (tau_u=2.647e-01 tau_v=1.103e-01 |Du|=7.21e+00 |DRu|=1.43e+01)
  [PT] w_u=3.9843 w_v=8.6276 gamma=0.992 (tau_u=2.510e-01 tau_v=1.159e-01 |Du|=7.42e+00 |DRu|=2.07e+01)
  [PT] w_u=4.0347 w_v=8.6472 gamma=0.997 (tau_u=2.479e-01 tau_v=1.156e-01 |Du|=4.56e+00 |DRu|=9.71e+00)
  [PT] w_u=4.1304 w_v=8.6874 gamma=1.000 (tau_u=2.421e-01 tau_v=1.151e-01 |Du|=7.03e+00 |DRu|=1.61e+01)
  [PT] w_u=3.9443 w_v=6.5586 gamma=1.000 (tau_u=2.535e-01 tau_v=1.525e-01 |Du|=5.27e+00 |DRu|=8.82e+00)
  [PT] w_u=4.1707 w_v=6.6813 gamma=0.998 (tau_u=2.398e-01 tau_v=1.497e-01 |Du|=4.83e+00 |DRu|=1.42e+01)
  [PT] w_u=4.4545 w_v=7.2049 gamma=1.000 (tau_u=2.245e-01 tau_v=1.388e-01 |Du|=7.20e+00 |DRu|=2.44e+01)
  [PT] w_u=4.0298 w_v=7.3610 gamma=1.000 (tau_u=2.482e-01 tau_v=1.359e-01 |Du|=4.86e+00 |DRu|=7.15e+00)
  [PT] w_u=4.2422 w_v=7.3853 gamma=1.000 (tau_u=2.357e-01 tau_v=1.354e-01 |Du|=3.04e+00 |DRu|=8.65e+00)
  [PT] w_u=4.6303 w_v=7.6636 gamma=0.996 (tau_u=2.160e-01 tau_v=1.305e-01 |Du|=3.94e+00 |DRu|=2.01e+01)
  [PT] w_u=4.0884 w_v=7.8683 gamma=1.000 (tau_u=2.446e-01 tau_v=1.271e-01 |Du|=1.22e+01 |DRu|=1.72e+01)
  [PT] w_u=4.1051 w_v=8.3044 gamma=1.000 (tau_u=2.436e-01 tau_v=1.204e-01 |Du|=4.99e+00 |DRu|=1.03e+01)
[Adam] ep= 1220  total=2.685e-01  PDE=5.522e-02 [colloc=4.989e-02, cfd=5.332e-03] (w=2.403)  IN=1.615e-02 (w=1.237)  TB=1.197e-02 (w=0.954)  WALL=1.499e-15 (w=0.200)  OUT=5.050e-04 (w=0.363)  DATA=1.910e-02 (w=5.457)  DATA_P=0.000e+00 (w=1.000)
  [PT] w_u=4.1532 w_v=8.7425 gamma=1.000 (tau_u=2.408e-01 tau_v=1.144e-01 |Du|=6.81e+00 |DRu|=1.47e+01)
  [PT] w_u=4.0447 w_v=9.0917 gamma=0.998 (tau_u=2.472e-01 tau_v=1.100e-01 |Du|=1.12e+01 |DRu|=2.03e+01)
  [PT] w_u=4.2973 w_v=8.0442 gamma=0.999 (tau_u=2.327e-01 tau_v=1.243e-01 |Du|=2.41e+00 |DRu|=7.54e+00)
  [PT] w_u=3.8841 w_v=8.0281 gamma=1.000 (tau_u=2.575e-01 tau_v=1.246e-01 |Du|=9.28e+00 |DRu|=1.34e+01)
  [PT] w_u=4.0676 w_v=8.5753 gamma=1.000 (tau_u=2.458e-01 tau_v=1.166e-01 |Du|=8.32e+00 |DRu|=2.21e+01)
  [PT] w_u=4.2234 w_v=8.4586 gamma=1.000 (tau_u=2.368e-01 tau_v=1.182e-01 |Du|=3.97e+00 |DRu|=1.01e+01)
  [PT] w_u=4.1029 w_v=8.7162 gamma=1.000 (tau_u=2.437e-01 tau_v=1.147e-01 |Du|=9.90e+00 |DRu|=1.79e+01)
  [PT] w_u=3.7522 w_v=9.0451 gamma=0.998 (tau_u=2.665e-01 tau_v=1.106e-01 |Du|=1.19e+01 |DRu|=1.74e+01)
  [PT] w_u=3.6204 w_v=9.1682 gamma=0.996 (tau_u=2.762e-01 tau_v=1.091e-01 |Du|=7.42e+00 |DRu|=1.23e+01)
  [PT] w_u=3.8230 w_v=9.0603 gamma=0.996 (tau_u=2.616e-01 tau_v=1.104e-01 |Du|=4.33e+00 |DRu|=1.20e+01)
  [PT] w_u=3.6178 w_v=9.2080 gamma=1.000 (tau_u=2.764e-01 tau_v=1.086e-01 |Du|=1.12e+01 |DRu|=1.75e+01)
  [PT] w_u=3.2580 w_v=9.5370 gamma=1.000 (tau_u=3.069e-01 tau_v=1.049e-01 |Du|=1.07e+01 |DRu|=1.40e+01)
  [PT] w_u=3.3045 w_v=9.8867 gamma=1.000 (tau_u=3.026e-01 tau_v=1.011e-01 |Du|=5.53e+00 |DRu|=1.08e+01)
  [PT] w_u=3.5145 w_v=10.1742 gamma=1.000 (tau_u=2.845e-01 tau_v=9.829e-02 |Du|=5.82e+00 |DRu|=1.67e+01)
  [PT] w_u=3.2633 w_v=10.3567 gamma=0.993 (tau_u=3.064e-01 tau_v=9.656e-02 |Du|=1.31e+01 |DRu|=1.83e+01)
  [PT] w_u=3.2065 w_v=10.4961 gamma=0.991 (tau_u=3.119e-01 tau_v=9.527e-02 |Du|=7.12e+00 |DRu|=1.18e+01)
  [PT] w_u=2.6766 w_v=10.4517 gamma=0.989 (tau_u=3.736e-01 tau_v=9.568e-02 |Du|=5.52e+00 |DRu|=5.70e+00)
  [PT] w_u=2.5158 w_v=10.6242 gamma=1.000 (tau_u=3.975e-01 tau_v=9.412e-02 |Du|=1.51e+01 |DRu|=1.93e+01)
  [PT] w_u=2.5451 w_v=10.1752 gamma=1.000 (tau_u=3.929e-01 tau_v=9.828e-02 |Du|=2.96e+00 |DRu|=4.99e+00)
  [PT] w_u=2.4515 w_v=10.6080 gamma=0.997 (tau_u=4.079e-01 tau_v=9.427e-02 |Du|=8.12e+00 |DRu|=1.10e+01)
[Adam] ep= 1240  total=2.293e-01  PDE=4.252e-02 [colloc=4.007e-02, cfd=2.445e-03] (w=2.427)  IN=1.550e-02 (w=1.229)  TB=1.208e-02 (w=0.961)  WALL=1.237e-15 (w=0.200)  OUT=4.512e-04 (w=0.302)  DATA=1.749e-02 (w=5.448)  DATA_P=0.000e+00 (w=1.000)
  [PT] w_u=2.4913 w_v=10.5736 gamma=0.996 (tau_u=4.014e-01 tau_v=9.458e-02 |Du|=8.05e+00 |DRu|=1.37e+01)
  [PT] w_u=2.4839 w_v=9.6411 gamma=0.998 (tau_u=4.026e-01 tau_v=1.037e-01 |Du|=2.27e+00 |DRu|=3.53e+00)
  [PT] w_u=2.4889 w_v=9.6821 gamma=0.999 (tau_u=4.018e-01 tau_v=1.033e-01 |Du|=6.03e+00 |DRu|=9.59e+00)
  [PT] w_u=2.4865 w_v=9.5800 gamma=1.000 (tau_u=4.022e-01 tau_v=1.044e-01 |Du|=1.12e+01 |DRu|=1.76e+01)
  [PT] w_u=2.6724 w_v=9.6807 gamma=1.000 (tau_u=3.742e-01 tau_v=1.033e-01 |Du|=2.82e+00 |DRu|=8.08e+00)
  [PT] w_u=2.6490 w_v=10.0063 gamma=1.000 (tau_u=3.775e-01 tau_v=9.994e-02 |Du|=8.31e+00 |DRu|=1.30e+01)
  [PT] w_u=2.7039 w_v=9.4471 gamma=0.999 (tau_u=3.698e-01 tau_v=1.059e-01 |Du|=5.91e+00 |DRu|=1.08e+01)
  [PT] w_u=2.8677 w_v=9.2922 gamma=1.000 (tau_u=3.487e-01 tau_v=1.076e-01 |Du|=5.94e+00 |DRu|=1.49e+01)
  [PT] w_u=2.9161 w_v=9.6417 gamma=1.000 (tau_u=3.429e-01 tau_v=1.037e-01 |Du|=4.81e+00 |DRu|=8.92e+00)
  [PT] w_u=3.1186 w_v=9.1592 gamma=1.000 (tau_u=3.207e-01 tau_v=1.092e-01 |Du|=3.18e+00 |DRu|=9.16e+00)
  [PT] w_u=3.0948 w_v=9.0674 gamma=0.998 (tau_u=3.231e-01 tau_v=1.103e-01 |Du|=1.09e+01 |DRu|=1.86e+01)
  [PT] w_u=3.2366 w_v=8.6201 gamma=0.999 (tau_u=3.090e-01 tau_v=1.160e-01 |Du|=2.83e+00 |DRu|=6.63e+00)
  [PT] w_u=3.2969 w_v=8.9629 gamma=1.000 (tau_u=3.033e-01 tau_v=1.116e-01 |Du|=4.97e+00 |DRu|=9.88e+00)
  [PT] w_u=3.4385 w_v=8.7724 gamma=1.000 (tau_u=2.908e-01 tau_v=1.140e-01 |Du|=5.86e+00 |DRu|=1.39e+01)
  [PT] w_u=3.4605 w_v=8.5085 gamma=1.000 (tau_u=2.890e-01 tau_v=1.175e-01 |Du|=4.74e+00 |DRu|=9.07e+00)
  [PT] w_u=3.5173 w_v=8.7034 gamma=0.996 (tau_u=2.843e-01 tau_v=1.149e-01 |Du|=3.90e+00 |DRu|=7.90e+00)
  [PT] w_u=3.4244 w_v=8.4760 gamma=0.997 (tau_u=2.920e-01 tau_v=1.180e-01 |Du|=5.55e+00 |DRu|=9.22e+00)
  [PT] w_u=3.1535 w_v=8.6492 gamma=1.000 (tau_u=3.171e-01 tau_v=1.156e-01 |Du|=9.19e+00 |DRu|=1.25e+01)
  [PT] w_u=3.4403 w_v=9.0692 gamma=1.000 (tau_u=2.907e-01 tau_v=1.103e-01 |Du|=2.52e+00 |DRu|=1.10e+01)
  [PT] w_u=3.3045 w_v=9.3064 gamma=0.996 (tau_u=3.026e-01 tau_v=1.075e-01 |Du|=8.00e+00 |DRu|=1.25e+01)
[Adam] ep= 1260  total=2.201e-01  PDE=3.547e-02 [colloc=3.245e-02, cfd=3.017e-03] (w=2.572)  IN=1.236e-02 (w=1.152)  TB=9.830e-03 (w=0.877)  WALL=7.219e-16 (w=0.200)  OUT=2.367e-04 (w=0.257)  DATA=1.923e-02 (w=5.509)  DATA_P=0.000e+00 (w=1.000)
  [PT] w_u=3.4756 w_v=9.4160 gamma=1.000 (tau_u=2.877e-01 tau_v=1.062e-01 |Du|=4.20e+00 |DRu|=1.07e+01)
  [PT] w_u=3.6223 w_v=9.8915 gamma=1.000 (tau_u=2.761e-01 tau_v=1.011e-01 |Du|=2.90e+00 |DRu|=7.00e+00)
  [PT] w_u=3.8181 w_v=10.3653 gamma=1.000 (tau_u=2.619e-01 tau_v=9.648e-02 |Du|=6.50e+00 |DRu|=1.77e+01)
  [PT] w_u=2.8067 w_v=10.4121 gamma=1.000 (tau_u=3.563e-01 tau_v=9.604e-02 |Du|=4.70e+00 |DRu|=4.28e+00)
  [PT] w_u=3.0997 w_v=10.8086 gamma=0.996 (tau_u=3.226e-01 tau_v=9.252e-02 |Du|=1.94e+00 |DRu|=1.38e+01)
  [PT] w_u=3.0510 w_v=10.7767 gamma=1.000 (tau_u=3.278e-01 tau_v=9.279e-02 |Du|=8.95e+00 |DRu|=1.46e+01)
  [PT] w_u=3.2906 w_v=10.6386 gamma=1.000 (tau_u=3.039e-01 tau_v=9.400e-02 |Du|=2.68e+00 |DRu|=8.97e+00)
  [PT] w_u=3.4026 w_v=11.1411 gamma=0.998 (tau_u=2.939e-01 tau_v=8.976e-02 |Du|=6.87e+00 |DRu|=1.52e+01)
  [PT] w_u=3.5174 w_v=10.0750 gamma=0.998 (tau_u=2.843e-01 tau_v=9.926e-02 |Du|=2.98e+00 |DRu|=6.69e+00)
  [PT] w_u=3.5516 w_v=10.1207 gamma=1.000 (tau_u=2.816e-01 tau_v=9.881e-02 |Du|=7.94e+00 |DRu|=1.57e+01)
  [PT] w_u=3.3056 w_v=10.3066 gamma=1.000 (tau_u=3.025e-01 tau_v=9.703e-02 |Du|=6.09e+00 |DRu|=8.69e+00)
  [PT] w_u=3.5474 w_v=9.8640 gamma=1.000 (tau_u=2.819e-01 tau_v=1.014e-01 |Du|=3.66e+00 |DRu|=1.18e+01)
  [PT] w_u=3.1955 w_v=9.9015 gamma=0.997 (tau_u=3.129e-01 tau_v=1.010e-01 |Du|=1.24e+01 |DRu|=1.60e+01)
  [PT] w_u=2.6662 w_v=8.8391 gamma=0.996 (tau_u=3.751e-01 tau_v=1.131e-01 |Du|=1.72e+00 |DRu|=1.77e+00)
  [PT] w_u=2.6174 w_v=9.0768 gamma=1.000 (tau_u=3.821e-01 tau_v=1.102e-01 |Du|=1.13e+01 |DRu|=1.69e+01)
  [PT] w_u=2.8519 w_v=8.8078 gamma=1.000 (tau_u=3.506e-01 tau_v=1.135e-01 |Du|=2.90e+00 |DRu|=1.11e+01)
  [PT] w_u=2.8371 w_v=9.1611 gamma=1.000 (tau_u=3.525e-01 tau_v=1.092e-01 |Du|=5.52e+00 |DRu|=9.09e+00)
  [PT] w_u=3.0119 w_v=9.0489 gamma=0.999 (tau_u=3.320e-01 tau_v=1.105e-01 |Du|=6.42e+00 |DRu|=1.67e+01)
  [PT] w_u=2.9287 w_v=5.7666 gamma=0.998 (tau_u=3.414e-01 tau_v=1.734e-01 |Du|=2.97e+00 |DRu|=4.55e+00)
  [PT] w_u=3.1042 w_v=6.2644 gamma=1.000 (tau_u=3.221e-01 tau_v=1.596e-01 |Du|=6.07e+00 |DRu|=1.57e+01)
[Adam] ep= 1280  total=2.385e-01  PDE=2.939e-02 [colloc=2.657e-02, cfd=2.822e-03] (w=2.609)  IN=1.733e-02 (w=1.126)  TB=7.749e-03 (w=0.835)  WALL=4.220e-16 (w=0.200)  OUT=8.259e-04 (w=0.285)  DATA=2.442e-02 (w=5.553)  DATA_P=0.000e+00 (w=1.000)
  [PT] w_u=3.2385 w_v=6.7281 gamma=1.000 (tau_u=3.088e-01 tau_v=1.486e-01 |Du|=6.25e+00 |DRu|=1.44e+01)
  [PT] w_u=3.1223 w_v=6.7463 gamma=0.999 (tau_u=3.203e-01 tau_v=1.482e-01 |Du|=6.14e+00 |DRu|=9.43e+00)
  [PT] w_u=3.3988 w_v=7.2750 gamma=1.000 (tau_u=2.942e-01 tau_v=1.375e-01 |Du|=5.72e+00 |DRu|=2.34e+01)
  [PT] w_u=2.9210 w_v=7.3862 gamma=1.000 (tau_u=3.423e-01 tau_v=1.354e-01 |Du|=3.99e+00 |DRu|=4.53e+00)
  [PT] w_u=3.2133 w_v=7.9937 gamma=0.997 (tau_u=3.112e-01 tau_v=1.251e-01 |Du|=3.68e+00 |DRu|=2.09e+01)
  [PT] w_u=3.4490 w_v=8.6844 gamma=1.000 (tau_u=2.899e-01 tau_v=1.151e-01 |Du|=8.34e+00 |DRu|=2.66e+01)
  [PT] w_u=3.4795 w_v=8.8736 gamma=1.000 (tau_u=2.874e-01 tau_v=1.127e-01 |Du|=5.55e+00 |DRu|=1.08e+01)
  [PT] w_u=3.7967 w_v=9.2785 gamma=1.000 (tau_u=2.634e-01 tau_v=1.078e-01 |Du|=3.91e+00 |DRu|=1.80e+01)
  [PT] w_u=4.1020 w_v=9.9724 gamma=1.000 (tau_u=2.438e-01 tau_v=1.003e-01 |Du|=8.80e+00 |DRu|=3.39e+01)
  [PT] w_u=4.1342 w_v=10.4285 gamma=1.000 (tau_u=2.419e-01 tau_v=9.589e-02 |Du|=9.13e+00 |DRu|=1.93e+01)
  [PT] w_u=3.8767 w_v=10.5834 gamma=1.000 (tau_u=2.580e-01 tau_v=9.449e-02 |Du|=7.97e+00 |DRu|=1.26e+01)
  [PT] w_u=4.1629 w_v=10.7902 gamma=1.000 (tau_u=2.402e-01 tau_v=9.268e-02 |Du|=4.84e+00 |DRu|=1.71e+01)
  [PT] w_u=4.5087 w_v=11.1122 gamma=0.997 (tau_u=2.218e-01 tau_v=8.999e-02 |Du|=6.19e+00 |DRu|=2.61e+01)
  [PT] w_u=4.4525 w_v=11.4835 gamma=1.000 (tau_u=2.246e-01 tau_v=8.708e-02 |Du|=1.25e+01 |DRu|=2.50e+01)
  [PT] w_u=4.0485 w_v=11.8540 gamma=1.000 (tau_u=2.470e-01 tau_v=8.436e-02 |Du|=9.99e+00 |DRu|=1.49e+01)
  [PT] w_u=4.2339 w_v=12.3377 gamma=1.000 (tau_u=2.362e-01 tau_v=8.105e-02 |Du|=5.62e+00 |DRu|=1.51e+01)
  [PT] w_u=4.5776 w_v=12.9825 gamma=1.000 (tau_u=2.185e-01 tau_v=7.703e-02 |Du|=6.21e+00 |DRu|=2.56e+01)
  [PT] w_u=4.3601 w_v=13.2233 gamma=1.000 (tau_u=2.294e-01 tau_v=7.562e-02 |Du|=1.20e+01 |DRu|=2.09e+01)
  [PT] w_u=3.8558 w_v=13.2673 gamma=0.999 (tau_u=2.593e-01 tau_v=7.537e-02 |Du|=1.23e+01 |DRu|=1.69e+01)
  [PT] w_u=3.9798 w_v=13.5017 gamma=0.995 (tau_u=2.513e-01 tau_v=7.406e-02 |Du|=6.57e+00 |DRu|=1.55e+01)
[Adam] ep= 1300  total=3.703e-01  PDE=3.640e-02 [colloc=2.913e-02, cfd=7.273e-03] (w=2.883)  IN=3.149e-02 (w=1.049)  TB=7.291e-03 (w=0.686)  WALL=1.560e-16 (w=0.200)  OUT=6.142e-04 (w=0.235)  DATA=4.382e-02 (w=5.185)  DATA_P=0.000e+00 (w=1.000)
  [PT] w_u=4.2194 w_v=13.7268 gamma=0.992 (tau_u=2.370e-01 tau_v=7.285e-02 |Du|=5.16e+00 |DRu|=1.56e+01)
  [PT] w_u=3.7037 w_v=13.6152 gamma=0.999 (tau_u=2.700e-01 tau_v=7.345e-02 |Du|=1.27e+01 |DRu|=1.69e+01)
  [PT] w_u=3.4626 w_v=13.8006 gamma=1.000 (tau_u=2.888e-01 tau_v=7.246e-02 |Du|=1.29e+01 |DRu|=1.91e+01)
  [PT] w_u=3.8190 w_v=14.6788 gamma=1.000 (tau_u=2.618e-01 tau_v=6.813e-02 |Du|=2.46e+00 |DRu|=1.77e+01)
  [PT] w_u=3.8371 w_v=14.9474 gamma=1.000 (tau_u=2.606e-01 tau_v=6.690e-02 |Du|=5.94e+00 |DRu|=1.19e+01)
  [PT] w_u=3.7599 w_v=14.9444 gamma=0.994 (tau_u=2.660e-01 tau_v=6.691e-02 |Du|=9.32e+00 |DRu|=1.66e+01)
  [PT] w_u=4.1175 w_v=15.3161 gamma=0.999 (tau_u=2.429e-01 tau_v=6.529e-02 |Du|=4.46e+00 |DRu|=2.38e+01)
  [PT] w_u=4.5261 w_v=16.4565 gamma=1.000 (tau_u=2.209e-01 tau_v=6.077e-02 |Du|=1.50e+00 |DRu|=9.73e+00)
  [PT] w_u=4.5291 w_v=14.3993 gamma=1.000 (tau_u=2.208e-01 tau_v=6.945e-02 |Du|=2.24e+00 |DRu|=4.78e+00)
  [PT] w_u=4.8775 w_v=14.1297 gamma=0.996 (tau_u=2.050e-01 tau_v=7.077e-02 |Du|=4.66e+00 |DRu|=1.85e+01)
  [PT] w_u=5.1898 w_v=14.1204 gamma=1.000 (tau_u=1.927e-01 tau_v=7.082e-02 |Du|=8.55e+00 |DRu|=2.99e+01)
  [PT] w_u=5.5427 w_v=14.4926 gamma=1.000 (tau_u=1.804e-01 tau_v=6.900e-02 |Du|=4.20e+00 |DRu|=1.59e+01)
  [PT] w_u=5.4066 w_v=14.0207 gamma=1.000 (tau_u=1.850e-01 tau_v=7.132e-02 |Du|=2.51e+00 |DRu|=5.28e+00)
  [PT] w_u=5.5583 w_v=14.0592 gamma=1.000 (tau_u=1.799e-01 tau_v=7.113e-02 |Du|=6.60e+00 |DRu|=1.80e+01)
  [PT] w_u=5.6630 w_v=13.9567 gamma=1.000 (tau_u=1.766e-01 tau_v=7.165e-02 |Du|=1.03e+01 |DRu|=2.70e+01)
  [PT] w_u=5.5762 w_v=14.0495 gamma=1.000 (tau_u=1.793e-01 tau_v=7.118e-02 |Du|=9.22e+00 |DRu|=2.04e+01)
  [PT] w_u=5.2134 w_v=13.9321 gamma=1.000 (tau_u=1.918e-01 tau_v=7.178e-02 |Du|=6.36e+00 |DRu|=1.15e+01)
  [PT] w_u=5.2244 w_v=13.1871 gamma=1.000 (tau_u=1.914e-01 tau_v=7.583e-02 |Du|=3.41e+00 |DRu|=7.87e+00)
  [PT] w_u=5.2339 w_v=12.4606 gamma=0.994 (tau_u=1.911e-01 tau_v=8.025e-02 |Du|=6.10e+00 |DRu|=1.40e+01)
  [PT] w_u=4.8407 w_v=12.4522 gamma=1.000 (tau_u=2.066e-01 tau_v=8.031e-02 |Du|=1.47e+01 |DRu|=2.50e+01)
[Adam] ep= 1320  total=4.120e-01  PDE=2.357e-02 [colloc=2.064e-02, cfd=2.930e-03] (w=2.643)  IN=3.466e-02 (w=1.160)  TB=8.406e-03 (w=0.691)  WALL=8.653e-17 (w=0.200)  OUT=3.325e-03 (w=0.274)  DATA=5.358e-02 (w=5.651)  DATA_P=0.000e+00 (w=1.000)
  [PT] w_u=4.2921 w_v=12.8909 gamma=1.000 (tau_u=2.330e-01 tau_v=7.757e-02 |Du|=1.45e+01 |DRu|=2.12e+01)
  [PT] w_u=4.0020 w_v=13.3606 gamma=1.000 (tau_u=2.499e-01 tau_v=7.485e-02 |Du|=7.98e+00 |DRu|=1.26e+01)
  [PT] w_u=4.3478 w_v=13.3686 gamma=1.000 (tau_u=2.300e-01 tau_v=7.480e-02 |Du|=3.44e+00 |DRu|=1.52e+01)
  [PT] w_u=4.1665 w_v=13.4092 gamma=1.000 (tau_u=2.400e-01 tau_v=7.458e-02 |Du|=1.25e+01 |DRu|=2.18e+01)
  [PT] w_u=3.7147 w_v=13.2762 gamma=0.992 (tau_u=2.692e-01 tau_v=7.532e-02 |Du|=1.72e+01 |DRu|=2.34e+01)
  [PT] w_u=3.5677 w_v=12.7606 gamma=0.997 (tau_u=2.803e-01 tau_v=7.837e-02 |Du|=8.02e+00 |DRu|=1.30e+01)
  [PT] w_u=3.7548 w_v=13.4014 gamma=0.994 (tau_u=2.663e-01 tau_v=7.462e-02 |Du|=3.00e+00 |DRu|=7.98e+00)
  [PT] w_u=3.3417 w_v=13.2027 gamma=0.991 (tau_u=2.992e-01 tau_v=7.574e-02 |Du|=1.12e+01 |DRu|=1.45e+01)
  [PT] w_u=3.0941 w_v=12.3376 gamma=1.000 (tau_u=3.232e-01 tau_v=8.105e-02 |Du|=1.74e+01 |DRu|=2.37e+01)
  [PT] w_u=3.0238 w_v=9.5425 gamma=1.000 (tau_u=3.307e-01 tau_v=1.048e-01 |Du|=6.83e+00 |DRu|=1.08e+01)
  [PT] w_u=2.9859 w_v=8.9862 gamma=1.000 (tau_u=3.349e-01 tau_v=1.113e-01 |Du|=5.42e+00 |DRu|=8.88e+00)
  [PT] w_u=2.8962 w_v=9.3760 gamma=0.997 (tau_u=3.453e-01 tau_v=1.067e-01 |Du|=1.26e+01 |DRu|=1.91e+01)
  [PT] w_u=2.6215 w_v=7.3605 gamma=0.990 (tau_u=3.815e-01 tau_v=1.359e-01 |Du|=9.94e+00 |DRu|=1.18e+01)
  [PT] w_u=2.3470 w_v=5.7663 gamma=0.993 (tau_u=4.261e-01 tau_v=1.734e-01 |Du|=6.67e+00 |DRu|=7.31e+00)
  [PT] w_u=2.2718 w_v=5.8802 gamma=1.000 (tau_u=4.402e-01 tau_v=1.701e-01 |Du|=1.21e+01 |DRu|=1.61e+01)
  [PT] w_u=2.1217 w_v=5.5681 gamma=1.000 (tau_u=4.713e-01 tau_v=1.796e-01 |Du|=5.85e+00 |DRu|=6.75e+00)
  [PT] w_u=2.0964 w_v=5.1282 gamma=0.999 (tau_u=4.770e-01 tau_v=1.950e-01 |Du|=7.80e+00 |DRu|=1.07e+01)
  [PT] w_u=2.0962 w_v=5.2984 gamma=0.998 (tau_u=4.770e-01 tau_v=1.887e-01 |Du|=1.40e+01 |DRu|=2.03e+01)
  [PT] w_u=2.0788 w_v=4.9464 gamma=1.000 (tau_u=4.810e-01 tau_v=2.022e-01 |Du|=5.13e+00 |DRu|=7.13e+00)
  [PT] w_u=2.1780 w_v=5.1491 gamma=1.000 (tau_u=4.591e-01 tau_v=1.942e-01 |Du|=6.29e+00 |DRu|=1.23e+01)
[Adam] ep= 1340  total=3.855e-01  PDE=3.531e-02 [colloc=3.153e-02, cfd=3.783e-03] (w=2.518)  IN=2.509e-02 (w=1.139)  TB=1.167e-02 (w=0.860)  WALL=1.991e-16 (w=0.200)  OUT=1.112e-02 (w=0.391)  DATA=4.493e-02 (w=5.646)  DATA_P=0.000e+00 (w=1.000)
  [PT] w_u=2.1868 w_v=5.5236 gamma=1.000 (tau_u=4.573e-01 tau_v=1.810e-01 |Du|=1.31e+01 |DRu|=1.98e+01)
  [PT] w_u=2.3361 w_v=5.6161 gamma=1.000 (tau_u=4.281e-01 tau_v=1.781e-01 |Du|=6.63e+00 |DRu|=1.63e+01)
  [PT] w_u=2.3321 w_v=5.1595 gamma=1.000 (tau_u=4.288e-01 tau_v=1.938e-01 |Du|=6.47e+00 |DRu|=9.81e+00)
  [PT] w_u=2.3097 w_v=5.1933 gamma=0.999 (tau_u=4.329e-01 tau_v=1.926e-01 |Du|=1.08e+01 |DRu|=1.58e+01)
  [PT] w_u=2.3801 w_v=5.5216 gamma=0.996 (tau_u=4.201e-01 tau_v=1.811e-01 |Du|=8.36e+00 |DRu|=1.51e+01)
  [PT] w_u=2.5432 w_v=5.7909 gamma=0.999 (tau_u=3.932e-01 tau_v=1.727e-01 |Du|=3.00e+00 |DRu|=7.73e+00)
  [PT] w_u=2.4435 w_v=5.5936 gamma=1.000 (tau_u=4.093e-01 tau_v=1.788e-01 |Du|=8.28e+00 |DRu|=1.11e+01)
  [PT] w_u=2.3402 w_v=5.5400 gamma=1.000 (tau_u=4.273e-01 tau_v=1.805e-01 |Du|=9.42e+00 |DRu|=1.23e+01)
  [PT] w_u=2.4065 w_v=5.7753 gamma=1.000 (tau_u=4.155e-01 tau_v=1.732e-01 |Du|=5.57e+00 |DRu|=1.00e+01)
  [PT] w_u=2.4857 w_v=6.0498 gamma=1.000 (tau_u=4.023e-01 tau_v=1.653e-01 |Du|=7.21e+00 |DRu|=1.35e+01)
  [PT] w_u=2.4196 w_v=5.9803 gamma=0.998 (tau_u=4.133e-01 tau_v=1.672e-01 |Du|=7.15e+00 |DRu|=9.98e+00)
  [PT] w_u=2.3452 w_v=5.9957 gamma=0.995 (tau_u=4.264e-01 tau_v=1.668e-01 |Du|=4.25e+00 |DRu|=5.75e+00)
  [PT] w_u=2.2720 w_v=6.3230 gamma=0.996 (tau_u=4.401e-01 tau_v=1.582e-01 |Du|=7.27e+00 |DRu|=9.67e+00)
  [PT] w_u=2.2643 w_v=6.5807 gamma=1.000 (tau_u=4.416e-01 tau_v=1.520e-01 |Du|=1.14e+01 |DRu|=1.68e+01)
  [PT] w_u=2.3141 w_v=6.8862 gamma=1.000 (tau_u=4.321e-01 tau_v=1.452e-01 |Du|=2.86e+00 |DRu|=4.85e+00)
  [PT] w_u=2.2557 w_v=7.2534 gamma=1.000 (tau_u=4.433e-01 tau_v=1.379e-01 |Du|=6.34e+00 |DRu|=8.60e+00)
  [PT] w_u=2.1772 w_v=7.0556 gamma=0.993 (tau_u=4.593e-01 tau_v=1.417e-01 |Du|=1.15e+01 |DRu|=1.48e+01)
  [PT] w_u=2.1037 w_v=7.2320 gamma=0.996 (tau_u=4.754e-01 tau_v=1.383e-01 |Du|=3.96e+00 |DRu|=5.02e+00)
  [PT] w_u=2.0355 w_v=7.2298 gamma=1.000 (tau_u=4.913e-01 tau_v=1.383e-01 |Du|=6.35e+00 |DRu|=7.97e+00)
  [PT] w_u=1.9875 w_v=6.0326 gamma=1.000 (tau_u=5.031e-01 tau_v=1.658e-01 |Du|=7.84e+00 |DRu|=1.00e+01)
[Adam] ep= 1360  total=2.130e-01  PDE=3.439e-02 [colloc=3.050e-02, cfd=3.883e-03] (w=2.541)  IN=1.463e-02 (w=1.093)  TB=8.473e-03 (w=0.887)  WALL=8.248e-16 (w=0.200)  OUT=8.179e-03 (w=0.583)  DATA=1.809e-02 (w=5.380)  DATA_P=0.000e+00 (w=1.000)
  [PT] w_u=1.9918 w_v=5.9286 gamma=1.000 (tau_u=5.021e-01 tau_v=1.687e-01 |Du|=8.34e+00 |DRu|=1.19e+01)
  [PT] w_u=2.0533 w_v=6.0627 gamma=0.998 (tau_u=4.870e-01 tau_v=1.649e-01 |Du|=4.03e+00 |DRu|=6.80e+00)
  [PT] w_u=2.0678 w_v=5.4937 gamma=0.998 (tau_u=4.836e-01 tau_v=1.820e-01 |Du|=5.84e+00 |DRu|=8.66e+00)
  [PT] w_u=2.0934 w_v=5.6787 gamma=1.000 (tau_u=4.777e-01 tau_v=1.761e-01 |Du|=1.35e+01 |DRu|=2.07e+01)
  [PT] w_u=2.1624 w_v=5.9516 gamma=1.000 (tau_u=4.624e-01 tau_v=1.680e-01 |Du|=5.47e+00 |DRu|=9.60e+00)
  [PT] w_u=2.3359 w_v=6.3083 gamma=1.000 (tau_u=4.281e-01 tau_v=1.585e-01 |Du|=6.31e+00 |DRu|=1.83e+01)
  [PT] w_u=2.2509 w_v=6.4452 gamma=1.000 (tau_u=4.443e-01 tau_v=1.552e-01 |Du|=1.19e+01 |DRu|=1.55e+01)
  [PT] w_u=2.3394 w_v=6.5527 gamma=0.997 (tau_u=4.275e-01 tau_v=1.526e-01 |Du|=9.75e+00 |DRu|=1.85e+01)
  [PT] w_u=2.5218 w_v=6.6008 gamma=0.999 (tau_u=3.965e-01 tau_v=1.515e-01 |Du|=3.18e+00 |DRu|=9.24e+00)
  [PT] w_u=2.5895 w_v=7.0495 gamma=0.999 (tau_u=3.862e-01 tau_v=1.419e-01 |Du|=6.92e+00 |DRu|=1.28e+01)
  [PT] w_u=2.7060 w_v=7.0070 gamma=1.000 (tau_u=3.696e-01 tau_v=1.427e-01 |Du|=9.54e+00 |DRu|=2.03e+01)
  [PT] w_u=2.3155 w_v=6.4061 gamma=1.000 (tau_u=4.319e-01 tau_v=1.561e-01 |Du|=5.48e+00 |DRu|=5.50e+00)
  [PT] w_u=2.4801 w_v=6.7402 gamma=1.000 (tau_u=4.032e-01 tau_v=1.484e-01 |Du|=6.01e+00 |DRu|=1.58e+01)
  [PT] w_u=2.5110 w_v=6.8717 gamma=0.993 (tau_u=3.982e-01 tau_v=1.455e-01 |Du|=8.57e+00 |DRu|=1.44e+01)
  [PT] w_u=2.6587 w_v=6.5873 gamma=0.997 (tau_u=3.761e-01 tau_v=1.518e-01 |Du|=5.28e+00 |DRu|=1.25e+01)
  [PT] w_u=2.4439 w_v=6.3021 gamma=0.999 (tau_u=4.092e-01 tau_v=1.587e-01 |Du|=6.36e+00 |DRu|=7.57e+00)
  [PT] w_u=2.5812 w_v=6.6752 gamma=1.000 (tau_u=3.874e-01 tau_v=1.498e-01 |Du|=6.93e+00 |DRu|=1.58e+01)
  [PT] w_u=2.5782 w_v=6.1756 gamma=1.000 (tau_u=3.879e-01 tau_v=1.619e-01 |Du|=5.05e+00 |DRu|=8.06e+00)
  [PT] w_u=2.7199 w_v=5.9920 gamma=1.000 (tau_u=3.677e-01 tau_v=1.669e-01 |Du|=7.01e+00 |DRu|=1.63e+01)
  [PT] w_u=2.7926 w_v=6.4140 gamma=0.996 (tau_u=3.581e-01 tau_v=1.559e-01 |Du|=4.59e+00 |DRu|=8.78e+00)
[Adam] ep= 1380  total=2.299e-01  PDE=3.531e-02 [colloc=3.099e-02, cfd=4.314e-03] (w=2.624)  IN=1.311e-02 (w=1.030)  TB=7.045e-03 (w=0.803)  WALL=8.363e-16 (w=0.200)  OUT=8.066e-03 (w=0.728)  DATA=2.150e-02 (w=5.219)  DATA_P=0.000e+00 (w=1.000)
  [PT] w_u=2.9890 w_v=5.4976 gamma=0.996 (tau_u=3.346e-01 tau_v=1.819e-01 |Du|=4.50e+00 |DRu|=1.28e+01)
  [PT] w_u=3.0988 w_v=5.4234 gamma=0.998 (tau_u=3.227e-01 tau_v=1.844e-01 |Du|=5.34e+00 |DRu|=1.15e+01)
  [PT] w_u=3.3662 w_v=5.8904 gamma=0.999 (tau_u=2.971e-01 tau_v=1.698e-01 |Du|=1.50e+00 |DRu|=5.83e+00)
  [PT] w_u=3.6083 w_v=5.8129 gamma=0.999 (tau_u=2.771e-01 tau_v=1.720e-01 |Du|=3.83e+00 |DRu|=1.23e+01)
  [PT] w_u=2.9664 w_v=4.7732 gamma=0.999 (tau_u=3.371e-01 tau_v=2.095e-01 |Du|=4.44e+00 |DRu|=4.74e+00)
  [PT] w_u=3.2034 w_v=5.1215 gamma=1.000 (tau_u=3.122e-01 tau_v=1.953e-01 |Du|=2.94e+00 |DRu|=9.94e+00)
  [PT] w_u=3.4209 w_v=5.0650 gamma=1.000 (tau_u=2.923e-01 tau_v=1.974e-01 |Du|=3.46e+00 |DRu|=1.03e+01)
  [PT] w_u=3.4991 w_v=5.1712 gamma=0.999 (tau_u=2.858e-01 tau_v=1.934e-01 |Du|=3.51e+00 |DRu|=7.37e+00)
  [PT] w_u=3.7619 w_v=5.5389 gamma=0.999 (tau_u=2.658e-01 tau_v=1.805e-01 |Du|=3.36e+00 |DRu|=1.14e+01)
  [PT] w_u=4.0393 w_v=5.8869 gamma=1.000 (tau_u=2.476e-01 tau_v=1.699e-01 |Du|=2.24e+00 |DRu|=7.75e+00)
  [PT] w_u=4.1795 w_v=6.2121 gamma=1.000 (tau_u=2.393e-01 tau_v=1.610e-01 |Du|=3.26e+00 |DRu|=8.03e+00)
  [PT] w_u=4.3776 w_v=6.6589 gamma=0.997 (tau_u=2.284e-01 tau_v=1.502e-01 |Du|=4.29e+00 |DRu|=1.18e+01)
  [PT] w_u=4.7588 w_v=7.1762 gamma=0.998 (tau_u=2.101e-01 tau_v=1.393e-01 |Du|=1.93e+00 |DRu|=9.03e+00)
  [PT] w_u=4.5465 w_v=7.2714 gamma=0.999 (tau_u=2.199e-01 tau_v=1.375e-01 |Du|=3.06e+00 |DRu|=5.51e+00)
  [PT] w_u=4.8982 w_v=7.6533 gamma=1.000 (tau_u=2.042e-01 tau_v=1.307e-01 |Du|=4.39e+00 |DRu|=1.76e+01)
  [PT] w_u=4.6595 w_v=7.8316 gamma=1.000 (tau_u=2.146e-01 tau_v=1.277e-01 |Du|=2.04e+00 |DRu|=3.68e+00)
  [PT] w_u=5.0607 w_v=8.3053 gamma=0.999 (tau_u=1.976e-01 tau_v=1.204e-01 |Du|=2.62e+00 |DRu|=1.24e+01)
  [PT] w_u=5.2215 w_v=8.5481 gamma=1.000 (tau_u=1.915e-01 tau_v=1.170e-01 |Du|=8.13e+00 |DRu|=2.20e+01)
  [PT] w_u=4.9099 w_v=8.2981 gamma=1.000 (tau_u=2.037e-01 tau_v=1.205e-01 |Du|=4.38e+00 |DRu|=7.83e+00)
  [PT] w_u=5.2008 w_v=8.7697 gamma=1.000 (tau_u=1.923e-01 tau_v=1.140e-01 |Du|=3.18e+00 |DRu|=1.06e+01)
[Adam] ep= 1400  total=3.011e-01  PDE=7.242e-02 [colloc=6.476e-02, cfd=7.655e-03] (w=2.755)  IN=6.593e-03 (w=0.974)  TB=7.194e-03 (w=0.774)  WALL=1.332e-15 (w=0.200)  OUT=2.854e-03 (w=0.675)  DATA=1.720e-02 (w=5.096)  DATA_P=0.000e+00 (w=1.000)
  [PT] w_u=5.3432 w_v=9.1544 gamma=0.999 (tau_u=1.872e-01 tau_v=1.092e-01 |Du|=8.19e+00 |DRu|=2.18e+01)
  [PT] w_u=3.8340 w_v=8.1846 gamma=0.998 (tau_u=2.608e-01 tau_v=1.222e-01 |Du|=1.04e+01 |DRu|=1.08e+01)
  [PT] w_u=3.6544 w_v=6.4057 gamma=0.993 (tau_u=2.736e-01 tau_v=1.561e-01 |Du|=6.32e+00 |DRu|=1.01e+01)
  [PT] w_u=3.7289 w_v=6.6948 gamma=0.996 (tau_u=2.682e-01 tau_v=1.494e-01 |Du|=7.19e+00 |DRu|=1.53e+01)
  [PT] w_u=3.5165 w_v=7.0866 gamma=1.000 (tau_u=2.844e-01 tau_v=1.411e-01 |Du|=1.23e+01 |DRu|=1.87e+01)
  [PT] w_u=3.6102 w_v=6.1530 gamma=1.000 (tau_u=2.770e-01 tau_v=1.625e-01 |Du|=4.47e+00 |DRu|=9.74e+00)
  [PT] w_u=3.5582 w_v=6.2313 gamma=1.000 (tau_u=2.810e-01 tau_v=1.605e-01 |Du|=7.18e+00 |DRu|=1.27e+01)
  [PT] w_u=3.5057 w_v=6.6129 gamma=0.995 (tau_u=2.853e-01 tau_v=1.512e-01 |Du|=1.24e+01 |DRu|=2.18e+01)
  [PT] w_u=3.4722 w_v=6.7563 gamma=0.997 (tau_u=2.880e-01 tau_v=1.480e-01 |Du|=3.29e+00 |DRu|=5.88e+00)
  [PT] w_u=3.4757 w_v=6.8385 gamma=0.994 (tau_u=2.877e-01 tau_v=1.462e-01 |Du|=5.67e+00 |DRu|=1.06e+01)
  [PT] w_u=3.2703 w_v=7.1358 gamma=1.000 (tau_u=3.058e-01 tau_v=1.401e-01 |Du|=1.30e+01 |DRu|=1.89e+01)
  [PT] w_u=3.5668 w_v=7.7258 gamma=1.000 (tau_u=2.804e-01 tau_v=1.294e-01 |Du|=2.77e+00 |DRu|=1.22e+01)
  [PT] w_u=3.0338 w_v=7.9613 gamma=1.000 (tau_u=3.296e-01 tau_v=1.256e-01 |Du|=7.09e+00 |DRu|=8.06e+00)
  [PT] w_u=3.0288 w_v=8.2209 gamma=0.992 (tau_u=3.302e-01 tau_v=1.216e-01 |Du|=1.10e+01 |DRu|=1.90e+01)
  [PT] w_u=2.8443 w_v=6.8826 gamma=0.992 (tau_u=3.516e-01 tau_v=1.453e-01 |Du|=3.79e+00 |DRu|=5.11e+00)
  [PT] w_u=2.9123 w_v=7.0946 gamma=0.996 (tau_u=3.434e-01 tau_v=1.410e-01 |Du|=6.31e+00 |DRu|=1.21e+01)
  [PT] w_u=2.6531 w_v=7.0497 gamma=1.000 (tau_u=3.769e-01 tau_v=1.418e-01 |Du|=1.17e+01 |DRu|=1.42e+01)
  [PT] w_u=2.6440 w_v=5.8258 gamma=1.000 (tau_u=3.782e-01 tau_v=1.716e-01 |Du|=5.42e+00 |DRu|=8.68e+00)
  [PT] w_u=2.5856 w_v=5.9787 gamma=0.998 (tau_u=3.868e-01 tau_v=1.673e-01 |Du|=9.10e+00 |DRu|=1.33e+01)
  [PT] w_u=2.6572 w_v=5.8417 gamma=0.997 (tau_u=3.763e-01 tau_v=1.712e-01 |Du|=7.70e+00 |DRu|=1.45e+01)
[Adam] ep= 1420  total=1.920e-01  PDE=2.713e-02 [colloc=2.506e-02, cfd=2.078e-03] (w=2.668)  IN=1.202e-02 (w=1.025)  TB=5.821e-03 (w=0.743)  WALL=5.792e-16 (w=0.200)  OUT=9.974e-04 (w=0.566)  DATA=1.851e-02 (w=5.533)  DATA_P=0.000e+00 (w=1.000)
  [PT] w_u=2.3901 w_v=3.1759 gamma=0.996 (tau_u=4.184e-01 tau_v=3.149e-01 |Du|=5.32e+00 |DRu|=5.94e+00)
  [PT] w_u=2.3931 w_v=3.3708 gamma=1.000 (tau_u=4.179e-01 tau_v=2.967e-01 |Du|=1.18e+01 |DRu|=1.83e+01)
  [PT] w_u=2.5305 w_v=3.6869 gamma=1.000 (tau_u=3.952e-01 tau_v=2.712e-01 |Du|=5.95e+00 |DRu|=1.36e+01)
  [PT] w_u=2.5687 w_v=3.7287 gamma=1.000 (tau_u=3.893e-01 tau_v=2.682e-01 |Du|=5.60e+00 |DRu|=9.65e+00)
  [PT] w_u=2.5197 w_v=3.9205 gamma=0.995 (tau_u=3.969e-01 tau_v=2.551e-01 |Du|=1.15e+01 |DRu|=1.68e+01)
  [PT] w_u=2.4582 w_v=3.9218 gamma=0.993 (tau_u=4.068e-01 tau_v=2.550e-01 |Du|=3.10e+00 |DRu|=4.38e+00)
  [PT] w_u=2.4786 w_v=4.2381 gamma=0.999 (tau_u=4.035e-01 tau_v=2.360e-01 |Du|=7.45e+00 |DRu|=1.22e+01)
  [PT] w_u=2.5031 w_v=4.4767 gamma=1.000 (tau_u=3.995e-01 tau_v=2.234e-01 |Du|=5.70e+00 |DRu|=9.45e+00)
  [PT] w_u=2.4842 w_v=4.6060 gamma=0.998 (tau_u=4.025e-01 tau_v=2.171e-01 |Du|=5.35e+00 |DRu|=8.15e+00)
  [PT] w_u=2.6009 w_v=4.7822 gamma=0.997 (tau_u=3.845e-01 tau_v=2.091e-01 |Du|=5.40e+00 |DRu|=1.14e+01)
  [PT] w_u=2.8479 w_v=5.0387 gamma=0.998 (tau_u=3.511e-01 tau_v=1.985e-01 |Du|=2.25e+00 |DRu|=9.96e+00)
  [PT] w_u=2.7624 w_v=5.2467 gamma=1.000 (tau_u=3.620e-01 tau_v=1.906e-01 |Du|=5.93e+00 |DRu|=8.74e+00)
  [PT] w_u=3.0423 w_v=5.5387 gamma=1.000 (tau_u=3.287e-01 tau_v=1.805e-01 |Du|=2.61e+00 |DRu|=1.54e+01)
  [PT] w_u=3.0931 w_v=5.8055 gamma=0.999 (tau_u=3.233e-01 tau_v=1.723e-01 |Du|=4.02e+00 |DRu|=7.67e+00)
  [PT] w_u=3.3960 w_v=6.2327 gamma=0.999 (tau_u=2.945e-01 tau_v=1.604e-01 |Du|=3.85e+00 |DRu|=2.06e+01)
  [PT] w_u=2.6650 w_v=4.6556 gamma=1.000 (tau_u=3.752e-01 tau_v=2.148e-01 |Du|=3.65e+00 |DRu|=3.48e+00)
  [PT] w_u=2.9081 w_v=4.8967 gamma=0.998 (tau_u=3.439e-01 tau_v=2.042e-01 |Du|=4.22e+00 |DRu|=1.70e+01)
  [PT] w_u=2.6503 w_v=5.2068 gamma=1.000 (tau_u=3.773e-01 tau_v=1.921e-01 |Du|=9.27e+00 |DRu|=1.13e+01)
  [PT] w_u=2.5674 w_v=5.2423 gamma=1.000 (tau_u=3.895e-01 tau_v=1.908e-01 |Du|=6.56e+00 |DRu|=9.29e+00)
  [PT] w_u=2.5613 w_v=5.4362 gamma=0.999 (tau_u=3.904e-01 tau_v=1.840e-01 |Du|=9.25e+00 |DRu|=1.46e+01)
[Adam] ep= 1440  total=2.067e-01  PDE=4.625e-02 [colloc=4.372e-02, cfd=2.533e-03] (w=2.800)  IN=5.901e-03 (w=1.016)  TB=5.940e-03 (w=0.788)  WALL=1.322e-15 (w=0.200)  OUT=6.514e-04 (w=0.304)  DATA=1.246e-02 (w=5.322)  DATA_P=0.000e+00 (w=1.000)
  [PT] w_u=2.7681 w_v=5.6570 gamma=0.998 (tau_u=3.613e-01 tau_v=1.768e-01 |Du|=4.14e+00 |DRu|=1.32e+01)
  [PT] w_u=2.8921 w_v=5.9974 gamma=0.999 (tau_u=3.458e-01 tau_v=1.667e-01 |Du|=4.05e+00 |DRu|=8.90e+00)
  [PT] w_u=2.7814 w_v=5.6061 gamma=1.000 (tau_u=3.595e-01 tau_v=1.784e-01 |Du|=9.70e+00 |DRu|=1.39e+01)
  [PT] w_u=2.6256 w_v=4.5469 gamma=1.000 (tau_u=3.809e-01 tau_v=2.199e-01 |Du|=8.82e+00 |DRu|=1.16e+01)
  [PT] w_u=2.3831 w_v=4.6035 gamma=0.996 (tau_u=4.196e-01 tau_v=2.172e-01 |Du|=1.10e+01 |DRu|=1.25e+01)
  [PT] w_u=2.4636 w_v=4.9851 gamma=0.989 (tau_u=4.059e-01 tau_v=2.006e-01 |Du|=5.18e+00 |DRu|=9.68e+00)
  [PT] w_u=2.3097 w_v=4.7686 gamma=0.996 (tau_u=4.330e-01 tau_v=2.097e-01 |Du|=7.36e+00 |DRu|=8.92e+00)
  [PT] w_u=2.2689 w_v=4.6713 gamma=1.000 (tau_u=4.407e-01 tau_v=2.141e-01 |Du|=1.23e+01 |DRu|=1.72e+01)
  [PT] w_u=1.7034 w_v=3.1927 gamma=1.000 (tau_u=5.871e-01 tau_v=3.132e-01 |Du|=7.12e+00 |DRu|=5.16e+00)
  [PT] w_u=1.8215 w_v=3.4703 gamma=1.000 (tau_u=5.490e-01 tau_v=2.882e-01 |Du|=8.00e+00 |DRu|=1.76e+01)
  [PT] w_u=1.8937 w_v=3.7154 gamma=0.997 (tau_u=5.281e-01 tau_v=2.692e-01 |Du|=6.53e+00 |DRu|=1.12e+01)
  [PT] w_u=2.0423 w_v=3.7955 gamma=0.997 (tau_u=4.896e-01 tau_v=2.635e-01 |Du|=4.53e+00 |DRu|=1.19e+01)
  [PT] w_u=2.1138 w_v=3.9952 gamma=1.000 (tau_u=4.731e-01 tau_v=2.503e-01 |Du|=8.75e+00 |DRu|=1.54e+01)
  [PT] w_u=1.5572 w_v=3.9655 gamma=0.999 (tau_u=6.422e-01 tau_v=2.522e-01 |Du|=6.52e+00 |DRu|=4.43e+00)
  [PT] w_u=1.6081 w_v=4.2396 gamma=0.995 (tau_u=6.218e-01 tau_v=2.359e-01 |Du|=9.88e+00 |DRu|=1.49e+01)
  [PT] w_u=1.7524 w_v=4.5115 gamma=0.993 (tau_u=5.706e-01 tau_v=2.217e-01 |Du|=2.69e+00 |DRu|=8.10e+00)
  [PT] w_u=1.7752 w_v=4.8279 gamma=1.000 (tau_u=5.633e-01 tau_v=2.071e-01 |Du|=9.77e+00 |DRu|=1.38e+01)
  [PT] w_u=1.9180 w_v=5.2750 gamma=1.000 (tau_u=5.214e-01 tau_v=1.896e-01 |Du|=6.81e+00 |DRu|=1.80e+01)
  [PT] w_u=2.0247 w_v=5.5278 gamma=1.000 (tau_u=4.939e-01 tau_v=1.809e-01 |Du|=4.27e+00 |DRu|=8.59e+00)
  [PT] w_u=2.1990 w_v=5.9550 gamma=1.000 (tau_u=4.547e-01 tau_v=1.679e-01 |Du|=6.56e+00 |DRu|=2.05e+01)
[Adam] ep= 1460  total=2.225e-01  PDE=4.964e-02 [colloc=4.439e-02, cfd=5.256e-03] (w=2.814)  IN=5.843e-03 (w=0.987)  TB=4.569e-03 (w=0.735)  WALL=1.181e-15 (w=0.200)  OUT=5.373e-03 (w=0.412)  DATA=1.333e-02 (w=5.360)  DATA_P=0.000e+00 (w=1.000)
  [PT] w_u=2.3301 w_v=6.2963 gamma=1.000 (tau_u=4.292e-01 tau_v=1.588e-01 |Du|=4.28e+00 |DRu|=9.60e+00)
  [PT] w_u=2.5693 w_v=6.5710 gamma=0.997 (tau_u=3.892e-01 tau_v=1.522e-01 |Du|=1.99e+00 |DRu|=1.16e+01)
  [PT] w_u=2.6965 w_v=6.8781 gamma=1.000 (tau_u=3.709e-01 tau_v=1.454e-01 |Du|=7.44e+00 |DRu|=1.64e+01)
  [PT] w_u=2.8448 w_v=7.2569 gamma=1.000 (tau_u=3.515e-01 tau_v=1.378e-01 |Du|=4.08e+00 |DRu|=9.69e+00)
  [PT] w_u=2.9532 w_v=7.5791 gamma=1.000 (tau_u=3.386e-01 tau_v=1.319e-01 |Du|=6.32e+00 |DRu|=1.34e+01)
  [PT] w_u=2.6530 w_v=7.4638 gamma=0.989 (tau_u=3.769e-01 tau_v=1.340e-01 |Du|=1.08e+01 |DRu|=1.27e+01)
  [PT] w_u=2.8859 w_v=7.2173 gamma=0.994 (tau_u=3.465e-01 tau_v=1.386e-01 |Du|=2.82e+00 |DRu|=1.04e+01)
  [PT] w_u=2.8495 w_v=7.4706 gamma=1.000 (tau_u=3.509e-01 tau_v=1.339e-01 |Du|=7.30e+00 |DRu|=1.17e+01)
  [PT] w_u=2.8164 w_v=6.1615 gamma=1.000 (tau_u=3.551e-01 tau_v=1.623e-01 |Du|=6.17e+00 |DRu|=9.85e+00)
  [PT] w_u=3.0407 w_v=6.0911 gamma=0.999 (tau_u=3.289e-01 tau_v=1.642e-01 |Du|=3.82e+00 |DRu|=1.25e+01)
  [PT] w_u=3.0685 w_v=6.4090 gamma=0.996 (tau_u=3.259e-01 tau_v=1.560e-01 |Du|=4.20e+00 |DRu|=7.67e+00)
  [PT] w_u=3.0950 w_v=6.6402 gamma=0.998 (tau_u=3.231e-01 tau_v=1.506e-01 |Du|=3.46e+00 |DRu|=6.33e+00)
  [PT] w_u=2.7419 w_v=7.1337 gamma=0.997 (tau_u=3.647e-01 tau_v=1.402e-01 |Du|=7.03e+00 |DRu|=8.17e+00)
  [PT] w_u=2.9751 w_v=7.3528 gamma=1.000 (tau_u=3.361e-01 tau_v=1.360e-01 |Du|=3.12e+00 |DRu|=1.11e+01)
  [PT] w_u=2.9527 w_v=6.4647 gamma=1.000 (tau_u=3.387e-01 tau_v=1.547e-01 |Du|=6.56e+00 |DRu|=1.09e+01)
  [PT] w_u=3.1392 w_v=6.6174 gamma=0.999 (tau_u=3.186e-01 tau_v=1.511e-01 |Du|=3.13e+00 |DRu|=8.45e+00)
  [PT] w_u=3.2459 w_v=6.9917 gamma=0.996 (tau_u=3.081e-01 tau_v=1.430e-01 |Du|=7.20e+00 |DRu|=1.55e+01)
  [PT] w_u=2.5205 w_v=5.0454 gamma=0.996 (tau_u=3.967e-01 tau_v=1.982e-01 |Du|=4.58e+00 |DRu|=4.18e+00)
  [PT] w_u=2.5718 w_v=5.1616 gamma=1.000 (tau_u=3.888e-01 tau_v=1.937e-01 |Du|=8.77e+00 |DRu|=1.56e+01)
  [PT] w_u=2.7059 w_v=5.4643 gamma=1.000 (tau_u=3.696e-01 tau_v=1.830e-01 |Du|=6.07e+00 |DRu|=1.37e+01)
[Adam] ep= 1480  total=1.877e-01  PDE=3.323e-02 [colloc=2.982e-02, cfd=3.411e-03] (w=2.618)  IN=7.226e-03 (w=1.004)  TB=5.526e-03 (w=0.732)  WALL=6.070e-16 (w=0.200)  OUT=3.147e-03 (w=0.750)  DATA=1.603e-02 (w=5.434)  DATA_P=0.000e+00 (w=1.000)
  [PT] w_u=2.4773 w_v=5.5836 gamma=1.000 (tau_u=4.037e-01 tau_v=1.791e-01 |Du|=5.79e+00 |DRu|=6.87e+00)
  [PT] w_u=2.4772 w_v=5.2886 gamma=0.996 (tau_u=4.037e-01 tau_v=1.891e-01 |Du|=8.12e+00 |DRu|=1.28e+01)
  [PT] w_u=2.4130 w_v=4.8989 gamma=0.998 (tau_u=4.144e-01 tau_v=2.041e-01 |Du|=5.82e+00 |DRu|=8.13e+00)
  [PT] w_u=2.4872 w_v=5.0326 gamma=1.000 (tau_u=4.021e-01 tau_v=1.987e-01 |Du|=4.96e+00 |DRu|=9.20e+00)
  [PT] w_u=2.6493 w_v=5.1146 gamma=0.999 (tau_u=3.775e-01 tau_v=1.955e-01 |Du|=3.57e+00 |DRu|=9.04e+00)
  [PT] w_u=2.6257 w_v=5.4585 gamma=0.996 (tau_u=3.809e-01 tau_v=1.832e-01 |Du|=6.82e+00 |DRu|=1.06e+01)
  [PT] w_u=2.6904 w_v=5.7927 gamma=0.999 (tau_u=3.717e-01 tau_v=1.726e-01 |Du|=4.86e+00 |DRu|=9.03e+00)
  [PT] w_u=2.6350 w_v=6.1218 gamma=1.000 (tau_u=3.795e-01 tau_v=1.633e-01 |Du|=1.24e+01 |DRu|=1.85e+01)
  [PT] w_u=2.8013 w_v=5.7612 gamma=1.000 (tau_u=3.570e-01 tau_v=1.736e-01 |Du|=2.28e+00 |DRu|=5.80e+00)
  [PT] w_u=2.7670 w_v=6.1468 gamma=0.999 (tau_u=3.614e-01 tau_v=1.627e-01 |Du|=9.95e+00 |DRu|=1.57e+01)
  [PT] w_u=2.6971 w_v=6.3344 gamma=0.997 (tau_u=3.708e-01 tau_v=1.579e-01 |Du|=1.49e+01 |DRu|=2.20e+01)
  [PT] w_u=2.4169 w_v=5.5603 gamma=0.999 (tau_u=4.138e-01 tau_v=1.798e-01 |Du|=5.38e+00 |DRu|=6.01e+00)
  [PT] w_u=2.5264 w_v=5.6114 gamma=0.994 (tau_u=3.958e-01 tau_v=1.782e-01 |Du|=4.85e+00 |DRu|=1.00e+01)
  [PT] w_u=2.5425 w_v=5.9995 gamma=1.000 (tau_u=3.933e-01 tau_v=1.667e-01 |Du|=1.40e+01 |DRu|=2.30e+01)
  [PT] w_u=2.4913 w_v=6.2848 gamma=1.000 (tau_u=4.014e-01 tau_v=1.591e-01 |Du|=1.08e+01 |DRu|=1.57e+01)
  [PT] w_u=2.6810 w_v=6.1035 gamma=1.000 (tau_u=3.730e-01 tau_v=1.638e-01 |Du|=4.21e+00 |DRu|=1.23e+01)
  [PT] w_u=2.7039 w_v=6.1167 gamma=1.000 (tau_u=3.698e-01 tau_v=1.635e-01 |Du|=8.80e+00 |DRu|=1.51e+01)
  [PT] w_u=2.6575 w_v=6.3701 gamma=0.989 (tau_u=3.763e-01 tau_v=1.570e-01 |Du|=1.23e+01 |DRu|=1.85e+01)
  [PT] w_u=2.8436 w_v=6.6036 gamma=0.989 (tau_u=3.517e-01 tau_v=1.514e-01 |Du|=3.16e+00 |DRu|=8.73e+00)
  [PT] w_u=2.4386 w_v=6.2012 gamma=0.988 (tau_u=4.101e-01 tau_v=1.613e-01 |Du|=6.32e+00 |DRu|=6.50e+00)
[Adam] ep= 1500  total=2.520e-01  PDE=2.026e-02 [colloc=1.785e-02, cfd=2.403e-03] (w=2.690)  IN=1.785e-02 (w=1.002)  TB=4.943e-03 (w=0.671)  WALL=2.132e-16 (w=0.200)  OUT=1.151e-03 (w=0.624)  DATA=3.152e-02 (w=5.572)  DATA_P=0.000e+00 (w=1.000)
  [PT] w_u=2.3755 w_v=6.0938 gamma=1.000 (tau_u=4.210e-01 tau_v=1.641e-01 |Du|=1.37e+01 |DRu|=1.90e+01)
  [PT] w_u=2.5096 w_v=5.7306 gamma=1.000 (tau_u=3.985e-01 tau_v=1.745e-01 |Du|=4.41e+00 |DRu|=9.97e+00)
  [PT] w_u=2.4169 w_v=6.0654 gamma=1.000 (tau_u=4.138e-01 tau_v=1.649e-01 |Du|=7.38e+00 |DRu|=9.94e+00)
  [PT] w_u=2.3369 w_v=6.2833 gamma=0.991 (tau_u=4.279e-01 tau_v=1.592e-01 |Du|=1.23e+01 |DRu|=1.64e+01)
  [PT] w_u=2.4249 w_v=5.6442 gamma=0.992 (tau_u=4.124e-01 tau_v=1.772e-01 |Du|=4.18e+00 |DRu|=7.97e+00)
  [PT] w_u=2.3589 w_v=5.3660 gamma=0.999 (tau_u=4.239e-01 tau_v=1.864e-01 |Du|=8.55e+00 |DRu|=1.18e+01)
  [PT] w_u=2.3515 w_v=5.6977 gamma=1.000 (tau_u=4.253e-01 tau_v=1.755e-01 |Du|=1.18e+01 |DRu|=1.79e+01)
  [PT] w_u=2.3537 w_v=5.7647 gamma=1.000 (tau_u=4.249e-01 tau_v=1.735e-01 |Du|=3.75e+00 |DRu|=5.77e+00)
  [PT] w_u=2.5067 w_v=6.0497 gamma=1.000 (tau_u=3.989e-01 tau_v=1.653e-01 |Du|=6.78e+00 |DRu|=1.67e+01)
  [PT] w_u=2.4988 w_v=6.2839 gamma=0.999 (tau_u=4.002e-01 tau_v=1.591e-01 |Du|=1.09e+01 |DRu|=1.70e+01)
  [PT] w_u=2.6748 w_v=6.5028 gamma=1.000 (tau_u=3.739e-01 tau_v=1.538e-01 |Du|=4.65e+00 |DRu|=1.26e+01)
  [PT] w_u=2.7910 w_v=6.9217 gamma=1.000 (tau_u=3.583e-01 tau_v=1.445e-01 |Du|=3.94e+00 |DRu|=8.44e+00)
  [PT] w_u=2.9973 w_v=7.2623 gamma=1.000 (tau_u=3.336e-01 tau_v=1.377e-01 |Du|=4.64e+00 |DRu|=1.39e+01)
  [PT] w_u=3.2062 w_v=7.3551 gamma=1.000 (tau_u=3.119e-01 tau_v=1.360e-01 |Du|=4.99e+00 |DRu|=1.46e+01)
  [PT] w_u=3.0686 w_v=6.8561 gamma=1.000 (tau_u=3.259e-01 tau_v=1.459e-01 |Du|=4.97e+00 |DRu|=7.39e+00)
  [PT] w_u=3.1994 w_v=7.1735 gamma=0.994 (tau_u=3.126e-01 tau_v=1.394e-01 |Du|=3.65e+00 |DRu|=8.29e+00)
  [PT] w_u=3.4217 w_v=7.4628 gamma=0.992 (tau_u=2.923e-01 tau_v=1.340e-01 |Du|=4.09e+00 |DRu|=1.23e+01)
  [PT] w_u=3.0101 w_v=7.1924 gamma=1.000 (tau_u=3.322e-01 tau_v=1.390e-01 |Du|=8.66e+00 |DRu|=1.04e+01)
  [PT] w_u=2.8590 w_v=7.1479 gamma=1.000 (tau_u=3.498e-01 tau_v=1.399e-01 |Du|=4.98e+00 |DRu|=6.98e+00)
  [PT] w_u=3.0462 w_v=7.4877 gamma=1.000 (tau_u=3.283e-01 tau_v=1.336e-01 |Du|=3.83e+00 |DRu|=1.04e+01)
[Adam] ep= 1520  total=2.156e-01  PDE=4.147e-02 [colloc=3.870e-02, cfd=2.770e-03] (w=2.764)  IN=5.276e-03 (w=0.983)  TB=5.939e-03 (w=0.768)  WALL=1.064e-15 (w=0.200)  OUT=9.783e-04 (w=0.381)  DATA=1.647e-02 (w=5.516)  DATA_P=0.000e+00 (w=1.000)
  [PT] w_u=2.9249 w_v=7.1389 gamma=0.995 (tau_u=3.419e-01 tau_v=1.401e-01 |Du|=7.19e+00 |DRu|=1.05e+01)
  [PT] w_u=3.0054 w_v=6.4468 gamma=0.996 (tau_u=3.327e-01 tau_v=1.551e-01 |Du|=3.70e+00 |DRu|=7.38e+00)
  [PT] w_u=3.0610 w_v=6.8729 gamma=1.000 (tau_u=3.267e-01 tau_v=1.455e-01 |Du|=6.53e+00 |DRu|=1.25e+01)
  [PT] w_u=3.1295 w_v=6.2583 gamma=1.000 (tau_u=3.195e-01 tau_v=1.598e-01 |Du|=3.27e+00 |DRu|=6.47e+00)
  [PT] w_u=2.9294 w_v=6.0552 gamma=0.994 (tau_u=3.414e-01 tau_v=1.651e-01 |Du|=8.76e+00 |DRu|=1.19e+01)
  [PT] w_u=3.1724 w_v=6.3312 gamma=0.996 (tau_u=3.152e-01 tau_v=1.579e-01 |Du|=2.59e+00 |DRu|=9.13e+00)
  [PT] w_u=3.1207 w_v=6.5139 gamma=0.999 (tau_u=3.204e-01 tau_v=1.535e-01 |Du|=5.36e+00 |DRu|=8.84e+00)
  [PT] w_u=3.0718 w_v=5.5900 gamma=0.999 (tau_u=3.255e-01 tau_v=1.789e-01 |Du|=4.16e+00 |DRu|=6.83e+00)
  [PT] w_u=3.2987 w_v=5.7234 gamma=0.998 (tau_u=3.032e-01 tau_v=1.747e-01 |Du|=4.69e+00 |DRu|=1.47e+01)
  [PT] w_u=3.4610 w_v=5.5325 gamma=0.998 (tau_u=2.889e-01 tau_v=1.807e-01 |Du|=1.59e+00 |DRu|=3.97e+00)
  [PT] w_u=3.7555 w_v=5.7520 gamma=0.997 (tau_u=2.663e-01 tau_v=1.739e-01 |Du|=2.63e+00 |DRu|=1.05e+01)
  [PT] w_u=3.4026 w_v=5.3060 gamma=0.999 (tau_u=2.939e-01 tau_v=1.885e-01 |Du|=7.54e+00 |DRu|=1.02e+01)
  [PT] w_u=2.7520 w_v=4.1433 gamma=0.999 (tau_u=3.634e-01 tau_v=2.414e-01 |Du|=6.78e+00 |DRu|=6.81e+00)
  [PT] w_u=2.9636 w_v=4.5104 gamma=0.998 (tau_u=3.374e-01 tau_v=2.217e-01 |Du|=3.45e+00 |DRu|=1.07e+01)
  [PT] w_u=3.1481 w_v=4.3475 gamma=0.998 (tau_u=3.176e-01 tau_v=2.300e-01 |Du|=4.18e+00 |DRu|=1.12e+01)
  [PT] w_u=2.3208 w_v=3.6160 gamma=0.998 (tau_u=4.309e-01 tau_v=2.765e-01 |Du|=6.73e+00 |DRu|=5.59e+00)
  [PT] w_u=2.5482 w_v=3.9707 gamma=1.000 (tau_u=3.924e-01 tau_v=2.518e-01 |Du|=4.73e+00 |DRu|=2.20e+01)
  [PT] w_u=2.5266 w_v=4.1996 gamma=1.000 (tau_u=3.958e-01 tau_v=2.381e-01 |Du|=1.84e+00 |DRu|=2.82e+00)
  [PT] w_u=2.7970 w_v=4.6395 gamma=0.999 (tau_u=3.575e-01 tau_v=2.155e-01 |Du|=2.13e+00 |DRu|=1.86e+01)
  [PT] w_u=2.9695 w_v=4.8927 gamma=1.000 (tau_u=3.368e-01 tau_v=2.044e-01 |Du|=7.51e+00 |DRu|=1.94e+01)
[Adam] ep= 1540  total=1.833e-01  PDE=3.171e-02 [colloc=2.888e-02, cfd=2.831e-03] (w=2.845)  IN=7.863e-03 (w=0.972)  TB=4.551e-03 (w=0.764)  WALL=8.540e-16 (w=0.200)  OUT=7.704e-04 (w=0.294)  DATA=1.528e-02 (w=5.346)  DATA_P=0.000e+00 (w=1.000)
  [PT] w_u=2.6560 w_v=4.8799 gamma=0.999 (tau_u=3.765e-01 tau_v=2.049e-01 |Du|=4.43e+00 |DRu|=5.17e+00)
  [PT] w_u=2.9423 w_v=5.3566 gamma=0.998 (tau_u=3.399e-01 tau_v=1.867e-01 |Du|=2.08e+00 |DRu|=2.07e+01)
  [PT] w_u=2.9938 w_v=5.6466 gamma=1.000 (tau_u=3.340e-01 tau_v=1.771e-01 |Du|=4.00e+00 |DRu|=7.53e+00)
  [PT] w_u=3.2984 w_v=6.0085 gamma=1.000 (tau_u=3.032e-01 tau_v=1.664e-01 |Du|=3.01e+00 |DRu|=1.88e+01)
  [PT] w_u=2.3467 w_v=5.8648 gamma=1.000 (tau_u=4.261e-01 tau_v=1.705e-01 |Du|=4.86e+00 |DRu|=3.93e+00)
  [PT] w_u=2.5044 w_v=6.3335 gamma=0.993 (tau_u=3.993e-01 tau_v=1.579e-01 |Du|=6.41e+00 |DRu|=1.61e+01)
  [PT] w_u=2.5870 w_v=5.9179 gamma=0.995 (tau_u=3.865e-01 tau_v=1.690e-01 |Du|=2.58e+00 |DRu|=4.93e+00)
  [PT] w_u=2.6493 w_v=6.0332 gamma=1.000 (tau_u=3.775e-01 tau_v=1.658e-01 |Du|=1.00e+01 |DRu|=1.84e+01)
  [PT] w_u=2.7065 w_v=6.3983 gamma=1.000 (tau_u=3.695e-01 tau_v=1.563e-01 |Du|=3.55e+00 |DRu|=6.51e+00)
  [PT] w_u=2.9155 w_v=6.7220 gamma=1.000 (tau_u=3.430e-01 tau_v=1.488e-01 |Du|=5.99e+00 |DRu|=1.85e+01)
  [PT] w_u=2.8417 w_v=6.5163 gamma=0.999 (tau_u=3.519e-01 tau_v=1.535e-01 |Du|=8.79e+00 |DRu|=1.34e+01)
  [PT] w_u=3.1167 w_v=6.5220 gamma=0.999 (tau_u=3.209e-01 tau_v=1.533e-01 |Du|=3.63e+00 |DRu|=1.78e+01)
  [PT] w_u=3.1821 w_v=6.7670 gamma=1.000 (tau_u=3.143e-01 tau_v=1.478e-01 |Du|=4.51e+00 |DRu|=8.93e+00)
  [PT] w_u=3.3831 w_v=7.1090 gamma=1.000 (tau_u=2.956e-01 tau_v=1.407e-01 |Du|=5.29e+00 |DRu|=1.48e+01)
  [PT] w_u=3.4526 w_v=5.9536 gamma=1.000 (tau_u=2.896e-01 tau_v=1.680e-01 |Du|=5.88e+00 |DRu|=1.21e+01)
  [PT] w_u=3.1582 w_v=4.6375 gamma=0.997 (tau_u=3.166e-01 tau_v=2.156e-01 |Du|=9.05e+00 |DRu|=1.21e+01)
  [PT] w_u=3.4318 w_v=4.9973 gamma=1.000 (tau_u=2.914e-01 tau_v=2.001e-01 |Du|=5.57e+00 |DRu|=2.20e+01)
  [PT] w_u=3.6234 w_v=5.3378 gamma=1.000 (tau_u=2.760e-01 tau_v=1.873e-01 |Du|=2.23e+00 |DRu|=6.01e+00)
  [PT] w_u=3.8596 w_v=5.6422 gamma=1.000 (tau_u=2.591e-01 tau_v=1.772e-01 |Du|=4.08e+00 |DRu|=1.25e+01)
  [PT] w_u=4.0140 w_v=5.7495 gamma=1.000 (tau_u=2.491e-01 tau_v=1.739e-01 |Du|=8.68e+00 |DRu|=2.17e+01)
[Adam] ep= 1560  total=2.704e-01  PDE=3.831e-02 [colloc=3.081e-02, cfd=7.498e-03] (w=2.834)  IN=1.172e-02 (w=0.914)  TB=6.383e-03 (w=0.721)  WALL=7.108e-16 (w=0.200)  OUT=6.335e-03 (w=0.468)  DATA=2.634e-02 (w=5.450)  DATA_P=0.000e+00 (w=1.000)
  [PT] w_u=3.8259 w_v=5.4006 gamma=1.000 (tau_u=2.614e-01 tau_v=1.852e-01 |Du|=7.70e+00 |DRu|=1.26e+01)
  [PT] w_u=3.9519 w_v=5.4422 gamma=1.000 (tau_u=2.530e-01 tau_v=1.837e-01 |Du|=5.31e+00 |DRu|=1.26e+01)
  [PT] w_u=4.3310 w_v=5.8474 gamma=1.000 (tau_u=2.309e-01 tau_v=1.710e-01 |Du|=3.30e+00 |DRu|=1.86e+01)
  [PT] w_u=4.6540 w_v=6.3589 gamma=1.000 (tau_u=2.149e-01 tau_v=1.573e-01 |Du|=2.65e+00 |DRu|=9.98e+00)
  [PT] w_u=4.8754 w_v=6.4653 gamma=0.998 (tau_u=2.051e-01 tau_v=1.547e-01 |Du|=3.11e+00 |DRu|=9.08e+00)
  [PT] w_u=5.2598 w_v=6.3449 gamma=0.996 (tau_u=1.901e-01 tau_v=1.576e-01 |Du|=4.57e+00 |DRu|=1.94e+01)
  [PT] w_u=4.5378 w_v=5.4212 gamma=1.000 (tau_u=2.204e-01 tau_v=1.845e-01 |Du|=6.66e+00 |DRu|=9.49e+00)
  [PT] w_u=3.7286 w_v=4.3715 gamma=1.000 (tau_u=2.682e-01 tau_v=2.288e-01 |Du|=7.11e+00 |DRu|=8.50e+00)
  [PT] w_u=4.0264 w_v=4.7545 gamma=1.000 (tau_u=2.484e-01 tau_v=2.103e-01 |Du|=5.17e+00 |DRu|=1.95e+01)
  [PT] w_u=4.0633 w_v=4.6914 gamma=1.000 (tau_u=2.461e-01 tau_v=2.132e-01 |Du|=3.66e+00 |DRu|=7.71e+00)
  [PT] w_u=3.7785 w_v=4.1680 gamma=0.997 (tau_u=2.647e-01 tau_v=2.399e-01 |Du|=6.06e+00 |DRu|=9.21e+00)
  [PT] w_u=3.8928 w_v=4.0745 gamma=0.998 (tau_u=2.569e-01 tau_v=2.454e-01 |Du|=9.38e+00 |DRu|=2.17e+01)
  [PT] w_u=3.5809 w_v=4.1408 gamma=1.000 (tau_u=2.793e-01 tau_v=2.415e-01 |Du|=5.85e+00 |DRu|=8.44e+00)
  [PT] w_u=3.9339 w_v=4.4938 gamma=1.000 (tau_u=2.542e-01 tau_v=2.225e-01 |Du|=1.79e+00 |DRu|=1.05e+01)
  [PT] w_u=4.0679 w_v=4.7856 gamma=0.999 (tau_u=2.458e-01 tau_v=2.090e-01 |Du|=6.48e+00 |DRu|=1.57e+01)
  [PT] w_u=3.9304 w_v=4.6466 gamma=0.995 (tau_u=2.544e-01 tau_v=2.152e-01 |Du|=4.14e+00 |DRu|=7.17e+00)
  [PT] w_u=4.2167 w_v=4.7806 gamma=0.996 (tau_u=2.372e-01 tau_v=2.092e-01 |Du|=4.01e+00 |DRu|=1.40e+01)
  [PT] w_u=3.7113 w_v=5.0527 gamma=1.000 (tau_u=2.695e-01 tau_v=1.979e-01 |Du|=6.50e+00 |DRu|=8.68e+00)
  [PT] w_u=4.0043 w_v=5.3611 gamma=1.000 (tau_u=2.497e-01 tau_v=1.865e-01 |Du|=3.29e+00 |DRu|=1.22e+01)
  [PT] w_u=3.3120 w_v=4.9385 gamma=0.999 (tau_u=3.019e-01 tau_v=2.025e-01 |Du|=5.28e+00 |DRu|=6.01e+00)
[Adam] ep= 1580  total=1.981e-01  PDE=3.895e-02 [colloc=3.568e-02, cfd=3.278e-03] (w=2.736)  IN=4.813e-03 (w=0.943)  TB=5.180e-03 (w=0.740)  WALL=9.818e-16 (w=0.200)  OUT=8.199e-04 (w=0.546)  DATA=1.485e-02 (w=5.569)  DATA_P=0.000e+00 (w=1.000)
  [PT] w_u=3.4650 w_v=5.1574 gamma=0.998 (tau_u=2.886e-01 tau_v=1.939e-01 |Du|=6.29e+00 |DRu|=1.53e+01)
  [PT] w_u=3.5648 w_v=5.3608 gamma=0.997 (tau_u=2.805e-01 tau_v=1.865e-01 |Du|=1.27e+00 |DRu|=2.79e+00)
  [PT] w_u=3.8304 w_v=5.7686 gamma=0.999 (tau_u=2.611e-01 tau_v=1.734e-01 |Du|=4.62e+00 |DRu|=1.57e+01)
  [PT] w_u=3.7446 w_v=5.4184 gamma=0.999 (tau_u=2.670e-01 tau_v=1.846e-01 |Du|=2.34e+00 |DRu|=4.12e+00)
  [PT] w_u=4.0011 w_v=5.8449 gamma=0.998 (tau_u=2.499e-01 tau_v=1.711e-01 |Du|=5.53e+00 |DRu|=1.78e+01)
  [PT] w_u=3.5297 w_v=6.0746 gamma=0.996 (tau_u=2.833e-01 tau_v=1.646e-01 |Du|=3.08e+00 |DRu|=4.02e+00)
  [PT] w_u=3.8184 w_v=6.5775 gamma=0.991 (tau_u=2.619e-01 tau_v=1.520e-01 |Du|=3.88e+00 |DRu|=1.47e+01)
  [PT] w_u=3.5672 w_v=6.8461 gamma=1.000 (tau_u=2.803e-01 tau_v=1.461e-01 |Du|=1.16e+01 |DRu|=1.74e+01)
  [PT] w_u=3.1567 w_v=6.8891 gamma=1.000 (tau_u=3.168e-01 tau_v=1.452e-01 |Du|=6.99e+00 |DRu|=8.71e+00)
  [PT] w_u=3.3688 w_v=7.3363 gamma=1.000 (tau_u=2.968e-01 tau_v=1.363e-01 |Du|=5.66e+00 |DRu|=1.65e+01)
  [PT] w_u=3.2576 w_v=7.7321 gamma=0.997 (tau_u=3.070e-01 tau_v=1.293e-01 |Du|=1.01e+01 |DRu|=1.59e+01)
  [PT] w_u=3.3947 w_v=8.1756 gamma=0.994 (tau_u=2.946e-01 tau_v=1.223e-01 |Du|=5.57e+00 |DRu|=1.30e+01)
  [PT] w_u=3.4583 w_v=8.5085 gamma=0.996 (tau_u=2.892e-01 tau_v=1.175e-01 |Du|=5.51e+00 |DRu|=1.12e+01)
  [PT] w_u=3.5538 w_v=8.9307 gamma=1.000 (tau_u=2.814e-01 tau_v=1.120e-01 |Du|=6.78e+00 |DRu|=1.47e+01)
  [PT] w_u=3.6802 w_v=9.5461 gamma=1.000 (tau_u=2.717e-01 tau_v=1.048e-01 |Du|=4.34e+00 |DRu|=1.01e+01)
  [PT] w_u=3.2738 w_v=9.9164 gamma=0.989 (tau_u=3.055e-01 tau_v=1.008e-01 |Du|=7.86e+00 |DRu|=1.00e+01)
  [PT] w_u=3.6130 w_v=10.7512 gamma=0.997 (tau_u=2.768e-01 tau_v=9.301e-02 |Du|=2.29e+00 |DRu|=1.67e+01)
  [PT] w_u=2.9198 w_v=9.5304 gamma=0.999 (tau_u=3.425e-01 tau_v=1.049e-01 |Du|=3.88e+00 |DRu|=4.01e+00)
  [PT] w_u=3.1583 w_v=9.9066 gamma=1.000 (tau_u=3.166e-01 tau_v=1.009e-01 |Du|=5.05e+00 |DRu|=1.74e+01)
  [PT] w_u=3.4677 w_v=10.5846 gamma=1.000 (tau_u=2.884e-01 tau_v=9.448e-02 |Du|=1.73e+00 |DRu|=9.38e+00)
[Adam] ep= 1600  total=1.821e-01  PDE=3.200e-02 [colloc=2.999e-02, cfd=2.006e-03] (w=2.777)  IN=7.600e-03 (w=0.982)  TB=4.573e-03 (w=0.692)  WALL=7.713e-16 (w=0.200)  OUT=2.870e-03 (w=0.480)  DATA=1.474e-02 (w=5.513)  DATA_P=0.000e+00 (w=1.000)
  [PT] w_u=3.6159 w_v=10.5341 gamma=0.997 (tau_u=2.766e-01 tau_v=9.493e-02 |Du|=3.76e+00 |DRu|=9.09e+00)
  [PT] w_u=3.9615 w_v=10.2331 gamma=1.000 (tau_u=2.524e-01 tau_v=9.772e-02 |Du|=4.03e+00 |DRu|=2.14e+01)
  [PT] w_u=4.0481 w_v=7.8212 gamma=1.000 (tau_u=2.470e-01 tau_v=1.279e-01 |Du|=2.87e+00 |DRu|=6.45e+00)
  [PT] w_u=3.9486 w_v=7.6426 gamma=1.000 (tau_u=2.533e-01 tau_v=1.308e-01 |Du|=4.90e+00 |DRu|=8.81e+00)
  [PT] w_u=4.2134 w_v=8.0699 gamma=0.995 (tau_u=2.373e-01 tau_v=1.239e-01 |Du|=6.39e+00 |DRu|=2.08e+01)
  [PT] w_u=4.3902 w_v=7.1695 gamma=0.997 (tau_u=2.278e-01 tau_v=1.395e-01 |Du|=2.76e+00 |DRu|=7.33e+00)
  [PT] w_u=3.9928 w_v=5.4997 gamma=0.995 (tau_u=2.505e-01 tau_v=1.818e-01 |Du|=5.48e+00 |DRu|=8.10e+00)
  [PT] w_u=4.0596 w_v=5.3395 gamma=1.000 (tau_u=2.463e-01 tau_v=1.873e-01 |Du|=8.66e+00 |DRu|=1.89e+01)
  [PT] w_u=2.9456 w_v=4.7464 gamma=1.000 (tau_u=3.395e-01 tau_v=2.107e-01 |Du|=4.59e+00 |DRu|=4.23e+00)
  [PT] w_u=3.2628 w_v=5.2370 gamma=1.000 (tau_u=3.065e-01 tau_v=1.909e-01 |Du|=1.32e+00 |DRu|=1.36e+01)
  [PT] w_u=3.3983 w_v=5.0092 gamma=0.999 (tau_u=2.943e-01 tau_v=1.996e-01 |Du|=7.69e+00 |DRu|=1.79e+01)
  [PT] w_u=3.1746 w_v=4.7342 gamma=0.997 (tau_u=3.150e-01 tau_v=2.112e-01 |Du|=5.06e+00 |DRu|=7.13e+00)
  [PT] w_u=3.4910 w_v=4.9985 gamma=0.998 (tau_u=2.865e-01 tau_v=2.001e-01 |Du|=3.03e+00 |DRu|=1.76e+01)
  [PT] w_u=3.4950 w_v=5.3338 gamma=1.000 (tau_u=2.861e-01 tau_v=1.875e-01 |Du|=4.30e+00 |DRu|=8.09e+00)
  [PT] w_u=3.7899 w_v=5.5309 gamma=0.999 (tau_u=2.639e-01 tau_v=1.808e-01 |Du|=3.02e+00 |DRu|=1.20e+01)
  [PT] w_u=3.7581 w_v=5.5131 gamma=0.997 (tau_u=2.661e-01 tau_v=1.814e-01 |Du|=8.13e+00 |DRu|=1.52e+01)
  [PT] w_u=3.3353 w_v=5.1571 gamma=0.995 (tau_u=2.998e-01 tau_v=1.939e-01 |Du|=6.55e+00 |DRu|=8.41e+00)
  [PT] w_u=3.5259 w_v=5.5103 gamma=0.994 (tau_u=2.836e-01 tau_v=1.815e-01 |Du|=4.57e+00 |DRu|=1.23e+01)
  [PT] w_u=3.2905 w_v=5.8217 gamma=1.000 (tau_u=3.039e-01 tau_v=1.718e-01 |Du|=9.88e+00 |DRu|=1.42e+01)
  [PT] w_u=3.3304 w_v=5.9185 gamma=1.000 (tau_u=3.003e-01 tau_v=1.690e-01 |Du|=7.57e+00 |DRu|=1.46e+01)
[Adam] ep= 1620  total=2.098e-01  PDE=4.010e-02 [colloc=3.514e-02, cfd=4.958e-03] (w=2.737)  IN=6.075e-03 (w=1.021)  TB=4.447e-03 (w=0.700)  WALL=1.057e-15 (w=0.200)  OUT=1.704e-03 (w=0.375)  DATA=1.593e-02 (w=5.651)  DATA_P=0.000e+00 (w=1.000)
  [PT] w_u=3.4818 w_v=5.8132 gamma=1.000 (tau_u=2.872e-01 tau_v=1.720e-01 |Du|=5.25e+00 |DRu|=1.27e+01)
  [PT] w_u=3.4975 w_v=6.1097 gamma=0.997 (tau_u=2.859e-01 tau_v=1.637e-01 |Du|=7.95e+00 |DRu|=1.52e+01)
  [PT] w_u=3.7644 w_v=6.5902 gamma=0.997 (tau_u=2.656e-01 tau_v=1.517e-01 |Du|=4.12e+00 |DRu|=1.43e+01)
  [PT] w_u=3.6569 w_v=6.6384 gamma=0.998 (tau_u=2.735e-01 tau_v=1.506e-01 |Du|=3.75e+00 |DRu|=6.39e+00)
  [PT] w_u=3.8101 w_v=6.7352 gamma=0.998 (tau_u=2.625e-01 tau_v=1.485e-01 |Du|=5.55e+00 |DRu|=1.37e+01)
  [PT] w_u=3.7080 w_v=6.8214 gamma=0.998 (tau_u=2.697e-01 tau_v=1.466e-01 |Du|=7.37e+00 |DRu|=1.27e+01)
  [PT] w_u=3.1058 w_v=6.5252 gamma=0.993 (tau_u=3.220e-01 tau_v=1.533e-01 |Du|=5.10e+00 |DRu|=5.71e+00)
  [PT] w_u=3.3850 w_v=6.8474 gamma=0.998 (tau_u=2.954e-01 tau_v=1.460e-01 |Du|=4.08e+00 |DRu|=1.71e+01)
  [PT] w_u=2.8296 w_v=6.3486 gamma=1.000 (tau_u=3.534e-01 tau_v=1.575e-01 |Du|=6.21e+00 |DRu|=6.63e+00)
  [PT] w_u=2.9406 w_v=6.6282 gamma=1.000 (tau_u=3.401e-01 tau_v=1.509e-01 |Du|=6.72e+00 |DRu|=1.43e+01)
  [PT] w_u=3.1605 w_v=7.0272 gamma=1.000 (tau_u=3.164e-01 tau_v=1.423e-01 |Du|=5.72e+00 |DRu|=1.78e+01)
  [PT] w_u=3.3381 w_v=7.4673 gamma=1.000 (tau_u=2.996e-01 tau_v=1.339e-01 |Du|=3.86e+00 |DRu|=1.00e+01)
  [PT] w_u=3.5983 w_v=7.9432 gamma=0.999 (tau_u=2.779e-01 tau_v=1.259e-01 |Du|=4.07e+00 |DRu|=1.41e+01)
  [PT] w_u=3.6207 w_v=8.2669 gamma=1.000 (tau_u=2.762e-01 tau_v=1.210e-01 |Du|=7.36e+00 |DRu|=1.44e+01)
  [PT] w_u=3.8667 w_v=8.5194 gamma=1.000 (tau_u=2.586e-01 tau_v=1.174e-01 |Du|=4.47e+00 |DRu|=1.41e+01)
  [PT] w_u=3.7563 w_v=8.8766 gamma=1.000 (tau_u=2.662e-01 tau_v=1.127e-01 |Du|=5.94e+00 |DRu|=1.03e+01)
  [PT] w_u=3.1582 w_v=9.2042 gamma=0.995 (tau_u=3.166e-01 tau_v=1.086e-01 |Du|=1.12e+01 |DRu|=1.28e+01)
  [PT] w_u=3.2343 w_v=9.1132 gamma=0.985 (tau_u=3.092e-01 tau_v=1.097e-01 |Du|=7.04e+00 |DRu|=1.42e+01)
  [PT] w_u=3.3379 w_v=8.7306 gamma=0.993 (tau_u=2.996e-01 tau_v=1.145e-01 |Du|=3.35e+00 |DRu|=7.23e+00)
  [PT] w_u=3.1094 w_v=9.0163 gamma=0.999 (tau_u=3.216e-01 tau_v=1.109e-01 |Du|=9.00e+00 |DRu|=1.25e+01)
[Adam] ep= 1640  total=2.266e-01  PDE=2.350e-02 [colloc=2.024e-02, cfd=3.269e-03] (w=2.729)  IN=1.867e-02 (w=1.030)  TB=4.639e-03 (w=0.687)  WALL=4.435e-16 (w=0.200)  OUT=1.839e-03 (w=0.466)  DATA=2.499e-02 (w=5.572)  DATA_P=0.000e+00 (w=1.000)
  [PT] w_u=3.2160 w_v=8.8196 gamma=1.000 (tau_u=3.109e-01 tau_v=1.134e-01 |Du|=7.26e+00 |DRu|=1.57e+01)
  [PT] w_u=3.2073 w_v=8.0784 gamma=1.000 (tau_u=3.118e-01 tau_v=1.238e-01 |Du|=3.70e+00 |DRu|=6.54e+00)
  [PT] w_u=3.4494 w_v=8.5543 gamma=0.998 (tau_u=2.899e-01 tau_v=1.169e-01 |Du|=4.95e+00 |DRu|=1.62e+01)
  [PT] w_u=3.7359 w_v=8.7507 gamma=1.000 (tau_u=2.677e-01 tau_v=1.143e-01 |Du|=4.29e+00 |DRu|=1.65e+01)
  [PT] w_u=3.8568 w_v=8.3097 gamma=1.000 (tau_u=2.593e-01 tau_v=1.203e-01 |Du|=2.80e+00 |DRu|=6.53e+00)
  [PT] w_u=4.1104 w_v=8.5859 gamma=1.000 (tau_u=2.433e-01 tau_v=1.165e-01 |Du|=4.09e+00 |DRu|=1.30e+01)
  [PT] w_u=4.2996 w_v=8.9556 gamma=1.000 (tau_u=2.326e-01 tau_v=1.117e-01 |Du|=6.77e+00 |DRu|=1.83e+01)
  [PT] w_u=4.1536 w_v=9.2314 gamma=1.000 (tau_u=2.408e-01 tau_v=1.083e-01 |Du|=5.44e+00 |DRu|=9.71e+00)
  [PT] w_u=4.1501 w_v=9.4504 gamma=1.000 (tau_u=2.410e-01 tau_v=1.058e-01 |Du|=4.30e+00 |DRu|=8.73e+00)
  [PT] w_u=4.3994 w_v=9.6842 gamma=0.991 (tau_u=2.273e-01 tau_v=1.033e-01 |Du|=4.09e+00 |DRu|=1.26e+01)
  [PT] w_u=4.4783 w_v=9.7838 gamma=0.998 (tau_u=2.233e-01 tau_v=1.022e-01 |Du|=6.47e+00 |DRu|=1.49e+01)
  [PT] w_u=4.3515 w_v=9.8467 gamma=1.000 (tau_u=2.298e-01 tau_v=1.016e-01 |Du|=7.39e+00 |DRu|=1.38e+01)
  [PT] w_u=4.1962 w_v=10.1422 gamma=1.000 (tau_u=2.383e-01 tau_v=9.860e-02 |Du|=3.48e+00 |DRu|=6.20e+00)
  [PT] w_u=4.4555 w_v=10.2690 gamma=1.000 (tau_u=2.244e-01 tau_v=9.738e-02 |Du|=2.77e+00 |DRu|=8.78e+00)
  [PT] w_u=4.6136 w_v=9.9604 gamma=0.995 (tau_u=2.168e-01 tau_v=1.004e-01 |Du|=6.36e+00 |DRu|=1.65e+01)
  [PT] w_u=4.4534 w_v=7.9827 gamma=0.997 (tau_u=2.245e-01 tau_v=1.253e-01 |Du|=5.10e+00 |DRu|=9.38e+00)
  [PT] w_u=3.0782 w_v=6.2334 gamma=0.997 (tau_u=3.249e-01 tau_v=1.604e-01 |Du|=5.50e+00 |DRu|=4.96e+00)
  [PT] w_u=3.2799 w_v=6.6876 gamma=0.999 (tau_u=3.049e-01 tau_v=1.495e-01 |Du|=5.74e+00 |DRu|=1.62e+01)
  [PT] w_u=3.3084 w_v=5.9736 gamma=1.000 (tau_u=3.023e-01 tau_v=1.674e-01 |Du|=3.79e+00 |DRu|=7.18e+00)
  [PT] w_u=3.2668 w_v=4.5723 gamma=0.999 (tau_u=3.061e-01 tau_v=2.187e-01 |Du|=6.52e+00 |DRu|=1.12e+01)
[Adam] ep= 1660  total=2.287e-01  PDE=3.932e-02 [colloc=3.493e-02, cfd=4.398e-03] (w=2.752)  IN=1.163e-02 (w=1.069)  TB=5.150e-03 (w=0.675)  WALL=9.157e-16 (w=0.200)  OUT=2.825e-03 (w=0.418)  DATA=1.894e-02 (w=5.456)  DATA_P=0.000e+00 (w=1.000)
  [PT] w_u=3.0996 w_v=4.6960 gamma=0.994 (tau_u=3.226e-01 tau_v=2.129e-01 |Du|=1.07e+01 |DRu|=1.55e+01)
  [PT] w_u=2.9257 w_v=4.9176 gamma=0.993 (tau_u=3.418e-01 tau_v=2.033e-01 |Du|=5.30e+00 |DRu|=7.36e+00)
  [PT] w_u=3.1305 w_v=5.3344 gamma=0.997 (tau_u=3.194e-01 tau_v=1.875e-01 |Du|=3.73e+00 |DRu|=1.08e+01)
  [PT] w_u=2.9184 w_v=5.4478 gamma=1.000 (tau_u=3.427e-01 tau_v=1.836e-01 |Du|=8.14e+00 |DRu|=1.10e+01)
  [PT] w_u=3.0163 w_v=5.4811 gamma=1.000 (tau_u=3.315e-01 tau_v=1.824e-01 |Du|=5.95e+00 |DRu|=1.24e+01)
  [PT] w_u=2.9169 w_v=5.6855 gamma=0.998 (tau_u=3.428e-01 tau_v=1.759e-01 |Du|=7.04e+00 |DRu|=1.05e+01)
  [PT] w_u=3.1165 w_v=6.0497 gamma=0.994 (tau_u=3.209e-01 tau_v=1.653e-01 |Du|=4.06e+00 |DRu|=1.15e+01)
  [PT] w_u=2.9740 w_v=5.9006 gamma=0.997 (tau_u=3.362e-01 tau_v=1.695e-01 |Du|=5.06e+00 |DRu|=7.33e+00)
  [PT] w_u=2.9857 w_v=5.7675 gamma=1.000 (tau_u=3.349e-01 tau_v=1.734e-01 |Du|=8.28e+00 |DRu|=1.46e+01)
  [PT] w_u=1.5525 w_v=5.7104 gamma=1.000 (tau_u=6.441e-01 tau_v=1.751e-01 |Du|=4.17e+00 |DRu|=2.25e+00)
  [PT] w_u=1.5994 w_v=5.9294 gamma=0.993 (tau_u=6.253e-01 tau_v=1.687e-01 |Du|=8.75e+00 |DRu|=1.29e+01)
  [PT] w_u=1.7062 w_v=5.5966 gamma=0.992 (tau_u=5.861e-01 tau_v=1.787e-01 |Du|=3.95e+00 |DRu|=8.14e+00)
  [PT] w_u=1.6941 w_v=5.8394 gamma=1.000 (tau_u=5.903e-01 tau_v=1.713e-01 |Du|=9.05e+00 |DRu|=1.14e+01)
  [PT] w_u=1.8238 w_v=5.9991 gamma=1.000 (tau_u=5.483e-01 tau_v=1.667e-01 |Du|=4.10e+00 |DRu|=9.93e+00)
  [PT] w_u=1.8960 w_v=6.1185 gamma=0.998 (tau_u=5.274e-01 tau_v=1.634e-01 |Du|=5.66e+00 |DRu|=9.70e+00)
  [PT] w_u=2.0101 w_v=6.5533 gamma=0.997 (tau_u=4.975e-01 tau_v=1.526e-01 |Du|=8.89e+00 |DRu|=1.86e+01)
  [PT] w_u=1.9204 w_v=6.9658 gamma=0.997 (tau_u=5.207e-01 tau_v=1.436e-01 |Du|=2.53e+00 |DRu|=2.95e+00)
  [PT] w_u=2.0769 w_v=7.5023 gamma=0.994 (tau_u=4.815e-01 tau_v=1.333e-01 |Du|=4.59e+00 |DRu|=1.28e+01)
  [PT] w_u=2.1139 w_v=7.6880 gamma=1.000 (tau_u=4.731e-01 tau_v=1.301e-01 |Du|=1.13e+01 |DRu|=1.80e+01)
  [PT] w_u=2.1818 w_v=7.4935 gamma=1.000 (tau_u=4.583e-01 tau_v=1.334e-01 |Du|=4.65e+00 |DRu|=8.15e+00)
[Adam] ep= 1680  total=1.880e-01  PDE=4.439e-02 [colloc=4.146e-02, cfd=2.933e-03] (w=2.781)  IN=4.177e-03 (w=0.979)  TB=3.952e-03 (w=0.669)  WALL=1.254e-15 (w=0.200)  OUT=7.007e-04 (w=0.511)  DATA=1.043e-02 (w=5.508)  DATA_P=0.000e+00 (w=1.000)
  [PT] w_u=2.2907 w_v=7.9598 gamma=1.000 (tau_u=4.366e-01 tau_v=1.256e-01 |Du|=6.56e+00 |DRu|=1.34e+01)
  [PT] w_u=2.3409 w_v=8.0034 gamma=0.995 (tau_u=4.272e-01 tau_v=1.249e-01 |Du|=7.20e+00 |DRu|=1.23e+01)
  [PT] w_u=2.4384 w_v=7.5216 gamma=0.994 (tau_u=4.101e-01 tau_v=1.330e-01 |Du|=5.14e+00 |DRu|=1.01e+01)
  [PT] w_u=2.3716 w_v=7.5063 gamma=1.000 (tau_u=4.217e-01 tau_v=1.332e-01 |Du|=9.21e+00 |DRu|=1.27e+01)
  [PT] w_u=2.5024 w_v=7.9531 gamma=1.000 (tau_u=3.996e-01 tau_v=1.257e-01 |Du|=4.12e+00 |DRu|=9.18e+00)
  [PT] w_u=2.4525 w_v=7.2457 gamma=0.999 (tau_u=4.078e-01 tau_v=1.380e-01 |Du|=5.64e+00 |DRu|=8.13e+00)
  [PT] w_u=2.3050 w_v=6.5720 gamma=0.986 (tau_u=4.338e-01 tau_v=1.522e-01 |Du|=1.17e+01 |DRu|=1.43e+01)
  [PT] w_u=1.9185 w_v=5.7210 gamma=0.991 (tau_u=5.213e-01 tau_v=1.748e-01 |Du|=6.46e+00 |DRu|=5.62e+00)
  [PT] w_u=1.9150 w_v=6.0561 gamma=0.999 (tau_u=5.222e-01 tau_v=1.651e-01 |Du|=6.72e+00 |DRu|=9.22e+00)
  [PT] w_u=1.8993 w_v=5.6720 gamma=1.000 (tau_u=5.265e-01 tau_v=1.763e-01 |Du|=5.96e+00 |DRu|=7.93e+00)
  [PT] w_u=1.8909 w_v=5.3366 gamma=0.998 (tau_u=5.288e-01 tau_v=1.874e-01 |Du|=7.96e+00 |DRu|=1.07e+01)
  [PT] w_u=1.9402 w_v=5.6174 gamma=0.995 (tau_u=5.154e-01 tau_v=1.780e-01 |Du|=7.72e+00 |DRu|=1.23e+01)
  [PT] w_u=1.8812 w_v=5.7932 gamma=0.996 (tau_u=5.316e-01 tau_v=1.726e-01 |Du|=2.62e+00 |DRu|=3.18e+00)
  [PT] w_u=1.9535 w_v=6.0318 gamma=0.997 (tau_u=5.119e-01 tau_v=1.658e-01 |Du|=6.35e+00 |DRu|=1.10e+01)
  [PT] w_u=1.9293 w_v=6.2975 gamma=1.000 (tau_u=5.183e-01 tau_v=1.588e-01 |Du|=8.76e+00 |DRu|=1.15e+01)
  [PT] w_u=1.5615 w_v=6.5205 gamma=1.000 (tau_u=6.404e-01 tau_v=1.534e-01 |Du|=5.37e+00 |DRu|=4.07e+00)
  [PT] w_u=1.6843 w_v=6.8187 gamma=0.999 (tau_u=5.937e-01 tau_v=1.467e-01 |Du|=3.13e+00 |DRu|=7.52e+00)
  [PT] w_u=1.7463 w_v=6.9979 gamma=0.997 (tau_u=5.726e-01 tau_v=1.429e-01 |Du|=6.04e+00 |DRu|=9.75e+00)
  [PT] w_u=1.6213 w_v=7.0449 gamma=0.997 (tau_u=6.168e-01 tau_v=1.419e-01 |Du|=6.89e+00 |DRu|=6.83e+00)
  [PT] w_u=1.6914 w_v=7.2533 gamma=0.997 (tau_u=5.912e-01 tau_v=1.379e-01 |Du|=3.91e+00 |DRu|=6.49e+00)
[Adam] ep= 1700  total=1.982e-01  PDE=2.656e-02 [colloc=2.343e-02, cfd=3.130e-03] (w=2.710)  IN=8.875e-03 (w=0.923)  TB=4.237e-03 (w=0.677)  WALL=5.882e-16 (w=0.200)  OUT=5.500e-03 (w=0.750)  DATA=2.033e-02 (w=5.461)  DATA_P=0.000e+00 (w=1.000)
  [PT] w_u=1.7543 w_v=6.4691 gamma=0.999 (tau_u=5.700e-01 tau_v=1.546e-01 |Du|=5.19e+00 |DRu|=8.43e+00)
  [PT] w_u=1.6238 w_v=6.4571 gamma=0.998 (tau_u=6.158e-01 tau_v=1.549e-01 |Du|=7.35e+00 |DRu|=7.24e+00)
  [PT] w_u=1.7027 w_v=6.7179 gamma=0.999 (tau_u=5.873e-01 tau_v=1.489e-01 |Du|=3.17e+00 |DRu|=5.51e+00)
  [PT] w_u=1.7469 w_v=5.8930 gamma=1.000 (tau_u=5.724e-01 tau_v=1.697e-01 |Du|=5.17e+00 |DRu|=7.80e+00)
  [PT] w_u=1.7597 w_v=5.8954 gamma=1.000 (tau_u=5.683e-01 tau_v=1.696e-01 |Du|=8.11e+00 |DRu|=1.11e+01)
  [PT] w_u=1.6010 w_v=6.2445 gamma=1.000 (tau_u=6.246e-01 tau_v=1.601e-01 |Du|=6.99e+00 |DRu|=6.57e+00)
  [PT] w_u=1.5889 w_v=6.1148 gamma=0.998 (tau_u=6.294e-01 tau_v=1.635e-01 |Du|=6.15e+00 |DRu|=7.50e+00)
  [PT] w_u=1.6338 w_v=5.8861 gamma=0.990 (tau_u=6.121e-01 tau_v=1.699e-01 |Du|=5.37e+00 |DRu|=7.92e+00)
  [PT] w_u=1.5847 w_v=6.0392 gamma=0.999 (tau_u=6.310e-01 tau_v=1.656e-01 |Du|=1.08e+01 |DRu|=1.21e+01)
  [PT] w_u=1.3470 w_v=6.3440 gamma=1.000 (tau_u=7.424e-01 tau_v=1.576e-01 |Du|=9.28e+00 |DRu|=7.03e+00)
  [PT] w_u=1.4300 w_v=6.3379 gamma=1.000 (tau_u=6.993e-01 tau_v=1.578e-01 |Du|=3.35e+00 |DRu|=6.01e+00)
  [PT] w_u=1.4994 w_v=6.1656 gamma=0.998 (tau_u=6.669e-01 tau_v=1.622e-01 |Du|=6.40e+00 |DRu|=1.04e+01)
  [PT] w_u=1.4425 w_v=6.1927 gamma=0.999 (tau_u=6.933e-01 tau_v=1.615e-01 |Du|=1.01e+01 |DRu|=1.04e+01)
  [PT] w_u=1.3250 w_v=6.4635 gamma=1.000 (tau_u=7.547e-01 tau_v=1.547e-01 |Du|=6.79e+00 |DRu|=5.94e+00)
  [PT] w_u=1.3606 w_v=6.4570 gamma=1.000 (tau_u=7.350e-01 tau_v=1.549e-01 |Du|=3.86e+00 |DRu|=5.16e+00)
  [PT] w_u=1.4458 w_v=6.2536 gamma=0.997 (tau_u=6.916e-01 tau_v=1.599e-01 |Du|=4.40e+00 |DRu|=8.00e+00)
  [PT] w_u=1.4717 w_v=6.3901 gamma=0.996 (tau_u=6.795e-01 tau_v=1.565e-01 |Du|=8.75e+00 |DRu|=1.16e+01)
  [PT] w_u=1.3298 w_v=6.5491 gamma=1.000 (tau_u=7.520e-01 tau_v=1.527e-01 |Du|=8.57e+00 |DRu|=7.23e+00)
  [PT] w_u=1.2959 w_v=6.7402 gamma=1.000 (tau_u=7.716e-01 tau_v=1.484e-01 |Du|=6.16e+00 |DRu|=6.33e+00)
  [PT] w_u=1.3992 w_v=6.4833 gamma=1.000 (tau_u=7.147e-01 tau_v=1.542e-01 |Du|=3.75e+00 |DRu|=8.34e+00)
[Adam] ep= 1720  total=2.503e-01  PDE=4.926e-02 [colloc=4.032e-02, cfd=8.938e-03] (w=2.631)  IN=9.946e-03 (w=0.877)  TB=5.087e-03 (w=0.598)  WALL=1.040e-15 (w=0.200)  OUT=2.937e-02 (w=1.099)  DATA=1.521e-02 (w=5.042)  DATA_P=0.000e+00 (w=1.000)
  [PT] w_u=1.4092 w_v=6.3720 gamma=0.998 (tau_u=7.096e-01 tau_v=1.569e-01 |Du|=8.86e+00 |DRu|=1.09e+01)
  [PT] w_u=1.3119 w_v=6.7006 gamma=0.998 (tau_u=7.623e-01 tau_v=1.492e-01 |Du|=8.75e+00 |DRu|=7.86e+00)
  [PT] w_u=1.3467 w_v=6.8236 gamma=0.998 (tau_u=7.425e-01 tau_v=1.465e-01 |Du|=4.77e+00 |DRu|=6.34e+00)
  [PT] w_u=1.4494 w_v=6.5111 gamma=0.998 (tau_u=6.900e-01 tau_v=1.536e-01 |Du|=3.74e+00 |DRu|=8.02e+00)
  [PT] w_u=1.5205 w_v=6.7998 gamma=0.999 (tau_u=6.577e-01 tau_v=1.471e-01 |Du|=7.01e+00 |DRu|=1.16e+01)
  [PT] w_u=1.5487 w_v=7.2281 gamma=1.000 (tau_u=6.457e-01 tau_v=1.383e-01 |Du|=6.02e+00 |DRu|=8.21e+00)
  [PT] w_u=1.6189 w_v=7.5034 gamma=1.000 (tau_u=6.177e-01 tau_v=1.333e-01 |Du|=4.05e+00 |DRu|=6.70e+00)
  [PT] w_u=1.7346 w_v=7.1692 gamma=1.000 (tau_u=5.765e-01 tau_v=1.395e-01 |Du|=4.30e+00 |DRu|=9.48e+00)
  [PT] w_u=1.6794 w_v=6.8764 gamma=1.000 (tau_u=5.955e-01 tau_v=1.454e-01 |Du|=7.60e+00 |DRu|=8.69e+00)
  [PT] w_u=1.5709 w_v=7.1812 gamma=0.999 (tau_u=6.366e-01 tau_v=1.393e-01 |Du|=7.43e+00 |DRu|=7.41e+00)
  [PT] w_u=1.6302 w_v=7.1606 gamma=0.998 (tau_u=6.134e-01 tau_v=1.397e-01 |Du|=4.82e+00 |DRu|=7.56e+00)
  [PT] w_u=1.6978 w_v=5.7684 gamma=0.998 (tau_u=5.890e-01 tau_v=1.734e-01 |Du|=4.09e+00 |DRu|=6.72e+00)
  [PT] w_u=1.7090 w_v=5.5300 gamma=0.997 (tau_u=5.851e-01 tau_v=1.808e-01 |Du|=7.77e+00 |DRu|=1.05e+01)
  [PT] w_u=1.7456 w_v=5.9167 gamma=1.000 (tau_u=5.729e-01 tau_v=1.690e-01 |Du|=8.32e+00 |DRu|=1.22e+01)
  [PT] w_u=1.7655 w_v=6.3588 gamma=1.000 (tau_u=5.664e-01 tau_v=1.573e-01 |Du|=4.63e+00 |DRu|=6.49e+00)
  [PT] w_u=1.8926 w_v=6.3474 gamma=1.000 (tau_u=5.284e-01 tau_v=1.575e-01 |Du|=3.23e+00 |DRu|=7.49e+00)
  [PT] w_u=1.9685 w_v=6.2838 gamma=1.000 (tau_u=5.080e-01 tau_v=1.591e-01 |Du|=6.01e+00 |DRu|=1.05e+01)
  [PT] w_u=1.7185 w_v=6.2773 gamma=1.000 (tau_u=5.819e-01 tau_v=1.593e-01 |Du|=9.45e+00 |DRu|=8.46e+00)
  [PT] w_u=1.6419 w_v=6.5723 gamma=0.997 (tau_u=6.091e-01 tau_v=1.522e-01 |Du|=9.53e+00 |DRu|=1.03e+01)
  [PT] w_u=1.7148 w_v=6.8551 gamma=0.999 (tau_u=5.832e-01 tau_v=1.459e-01 |Du|=4.36e+00 |DRu|=7.36e+00)
[Adam] ep= 1740  total=2.198e-01  PDE=2.866e-02 [colloc=2.465e-02, cfd=4.012e-03] (w=2.581)  IN=7.652e-03 (w=0.820)  TB=5.185e-03 (w=0.577)  WALL=3.914e-16 (w=0.200)  OUT=1.013e-02 (w=1.236)  DATA=2.527e-02 (w=4.909)  DATA_P=0.000e+00 (w=1.000)
  [PT] w_u=1.8190 w_v=5.8041 gamma=0.999 (tau_u=5.498e-01 tau_v=1.723e-01 |Du|=3.61e+00 |DRu|=7.23e+00)
  [PT] w_u=1.8091 w_v=5.3251 gamma=0.999 (tau_u=5.528e-01 tau_v=1.878e-01 |Du|=6.93e+00 |DRu|=9.09e+00)
  [PT] w_u=1.7375 w_v=5.6015 gamma=1.000 (tau_u=5.755e-01 tau_v=1.785e-01 |Du|=9.88e+00 |DRu|=1.12e+01)
  [PT] w_u=1.6423 w_v=6.0016 gamma=1.000 (tau_u=6.089e-01 tau_v=1.666e-01 |Du|=7.20e+00 |DRu|=7.55e+00)
  [PT] w_u=1.7429 w_v=6.0977 gamma=1.000 (tau_u=5.738e-01 tau_v=1.640e-01 |Du|=4.24e+00 |DRu|=8.36e+00)
  [PT] w_u=1.8043 w_v=5.5651 gamma=1.000 (tau_u=5.542e-01 tau_v=1.797e-01 |Du|=5.09e+00 |DRu|=8.27e+00)
  [PT] w_u=1.6050 w_v=5.4592 gamma=1.000 (tau_u=6.231e-01 tau_v=1.832e-01 |Du|=8.37e+00 |DRu|=7.51e+00)
  [PT] w_u=1.5620 w_v=5.7653 gamma=0.997 (tau_u=6.402e-01 tau_v=1.735e-01 |Du|=9.19e+00 |DRu|=1.03e+01)
  [PT] w_u=1.5773 w_v=6.1023 gamma=0.999 (tau_u=6.340e-01 tau_v=1.639e-01 |Du|=6.60e+00 |DRu|=8.68e+00)
  [PT] w_u=1.6836 w_v=5.7270 gamma=1.000 (tau_u=5.939e-01 tau_v=1.746e-01 |Du|=3.97e+00 |DRu|=8.23e+00)
  [PT] w_u=1.7317 w_v=5.3723 gamma=1.000 (tau_u=5.775e-01 tau_v=1.861e-01 |Du|=5.85e+00 |DRu|=8.93e+00)
  [PT] w_u=1.6383 w_v=5.5653 gamma=0.998 (tau_u=6.104e-01 tau_v=1.797e-01 |Du|=8.29e+00 |DRu|=8.69e+00)
  [PT] w_u=1.5721 w_v=5.9354 gamma=0.997 (tau_u=6.361e-01 tau_v=1.685e-01 |Du|=6.64e+00 |DRu|=7.12e+00)
  [PT] w_u=1.6525 w_v=6.1800 gamma=1.000 (tau_u=6.052e-01 tau_v=1.618e-01 |Du|=7.43e+00 |DRu|=1.30e+01)
  [PT] w_u=1.7538 w_v=5.6903 gamma=1.000 (tau_u=5.702e-01 tau_v=1.757e-01 |Du|=5.02e+00 |DRu|=9.92e+00)
  [PT] w_u=1.7636 w_v=5.2675 gamma=1.000 (tau_u=5.670e-01 tau_v=1.898e-01 |Du|=6.49e+00 |DRu|=8.84e+00)
  [PT] w_u=1.7880 w_v=5.5741 gamma=0.997 (tau_u=5.593e-01 tau_v=1.794e-01 |Du|=8.47e+00 |DRu|=1.21e+01)
  [PT] w_u=1.9108 w_v=5.8973 gamma=1.000 (tau_u=5.233e-01 tau_v=1.696e-01 |Du|=5.94e+00 |DRu|=1.33e+01)
  [PT] w_u=1.9568 w_v=6.0221 gamma=1.000 (tau_u=5.110e-01 tau_v=1.661e-01 |Du|=4.78e+00 |DRu|=7.55e+00)
  [PT] w_u=2.1096 w_v=6.2664 gamma=1.000 (tau_u=4.740e-01 tau_v=1.596e-01 |Du|=4.78e+00 |DRu|=1.27e+01)
[Adam] ep= 1760  total=2.515e-01  PDE=4.370e-02 [colloc=3.599e-02, cfd=7.704e-03] (w=2.603)  IN=4.823e-03 (w=0.773)  TB=4.307e-03 (w=0.590)  WALL=6.825e-16 (w=0.200)  OUT=1.814e-02 (w=1.212)  DATA=2.182e-02 (w=5.017)  DATA_P=0.000e+00 (w=1.000)
  [PT] w_u=2.1212 w_v=6.3956 gamma=1.000 (tau_u=4.714e-01 tau_v=1.564e-01 |Du|=7.32e+00 |DRu|=1.09e+01)
  [PT] w_u=1.6039 w_v=5.9374 gamma=0.999 (tau_u=6.235e-01 tau_v=1.684e-01 |Du|=7.57e+00 |DRu|=5.36e+00)
  [PT] w_u=1.6596 w_v=6.1435 gamma=0.994 (tau_u=6.025e-01 tau_v=1.628e-01 |Du|=6.78e+00 |DRu|=1.05e+01)
  [PT] w_u=1.7755 w_v=6.3004 gamma=1.000 (tau_u=5.632e-01 tau_v=1.587e-01 |Du|=6.04e+00 |DRu|=1.32e+01)
  [PT] w_u=1.9112 w_v=6.0149 gamma=1.000 (tau_u=5.232e-01 tau_v=1.663e-01 |Du|=4.02e+00 |DRu|=9.93e+00)
  [PT] w_u=1.9422 w_v=5.5135 gamma=1.000 (tau_u=5.149e-01 tau_v=1.814e-01 |Du|=6.86e+00 |DRu|=1.03e+01)
  [PT] w_u=1.9533 w_v=5.8013 gamma=1.000 (tau_u=5.120e-01 tau_v=1.724e-01 |Du|=7.43e+00 |DRu|=1.07e+01)
  [PT] w_u=1.9519 w_v=6.1793 gamma=1.000 (tau_u=5.123e-01 tau_v=1.618e-01 |Du|=7.79e+00 |DRu|=1.09e+01)
  [PT] w_u=2.0063 w_v=6.3374 gamma=1.000 (tau_u=4.984e-01 tau_v=1.578e-01 |Du|=5.87e+00 |DRu|=9.61e+00)
  [PT] w_u=2.1793 w_v=6.5641 gamma=1.000 (tau_u=4.589e-01 tau_v=1.523e-01 |Du|=4.95e+00 |DRu|=1.54e+01)
  [PT] w_u=1.9094 w_v=5.5652 gamma=1.000 (tau_u=5.237e-01 tau_v=1.797e-01 |Du|=6.73e+00 |DRu|=6.40e+00)
  [PT] w_u=1.8445 w_v=5.1911 gamma=0.998 (tau_u=5.421e-01 tau_v=1.926e-01 |Du|=7.49e+00 |DRu|=8.89e+00)
  [PT] w_u=1.9203 w_v=5.4155 gamma=0.997 (tau_u=5.208e-01 tau_v=1.847e-01 |Du|=7.87e+00 |DRu|=1.37e+01)
  [PT] w_u=2.0045 w_v=5.6827 gamma=0.997 (tau_u=4.989e-01 tau_v=1.760e-01 |Du|=5.83e+00 |DRu|=1.06e+01)
  [PT] w_u=2.1840 w_v=5.8425 gamma=0.999 (tau_u=4.579e-01 tau_v=1.712e-01 |Du|=4.14e+00 |DRu|=1.39e+01)
  [PT] w_u=2.2434 w_v=5.5631 gamma=1.000 (tau_u=4.458e-01 tau_v=1.798e-01 |Du|=5.15e+00 |DRu|=8.87e+00)
  [PT] w_u=2.3697 w_v=5.9205 gamma=1.000 (tau_u=4.220e-01 tau_v=1.689e-01 |Du|=8.19e+00 |DRu|=1.80e+01)
  [PT] w_u=2.2172 w_v=6.1235 gamma=1.000 (tau_u=4.510e-01 tau_v=1.633e-01 |Du|=6.60e+00 |DRu|=7.82e+00)
  [PT] w_u=2.2918 w_v=6.4914 gamma=1.000 (tau_u=4.363e-01 tau_v=1.541e-01 |Du|=6.90e+00 |DRu|=1.25e+01)
  [PT] w_u=2.4776 w_v=6.8687 gamma=1.000 (tau_u=4.036e-01 tau_v=1.456e-01 |Du|=7.22e+00 |DRu|=2.18e+01)
[Adam] ep= 1780  total=2.328e-01  PDE=4.319e-02 [colloc=3.609e-02, cfd=7.100e-03] (w=2.769)  IN=5.195e-03 (w=0.798)  TB=3.665e-03 (w=0.594)  WALL=9.069e-16 (w=0.200)  OUT=1.264e-02 (w=0.951)  DATA=1.821e-02 (w=5.212)  DATA_P=0.000e+00 (w=1.000)
  [PT] w_u=2.5738 w_v=7.1326 gamma=1.000 (tau_u=3.885e-01 tau_v=1.402e-01 |Du|=4.52e+00 |DRu|=9.00e+00)
  [PT] w_u=2.8055 w_v=7.7654 gamma=1.000 (tau_u=3.564e-01 tau_v=1.288e-01 |Du|=2.33e+00 |DRu|=8.94e+00)
  [PT] w_u=2.9486 w_v=8.2205 gamma=1.000 (tau_u=3.391e-01 tau_v=1.216e-01 |Du|=7.05e+00 |DRu|=1.65e+01)
  [PT] w_u=2.1871 w_v=7.8528 gamma=0.993 (tau_u=4.572e-01 tau_v=1.273e-01 |Du|=1.21e+01 |DRu|=9.74e+00)
  [PT] w_u=2.1657 w_v=7.5101 gamma=0.989 (tau_u=4.617e-01 tau_v=1.332e-01 |Du|=9.31e+00 |DRu|=1.31e+01)
  [PT] w_u=2.0613 w_v=7.0590 gamma=0.994 (tau_u=4.851e-01 tau_v=1.417e-01 |Du|=8.41e+00 |DRu|=1.01e+01)
  [PT] w_u=2.2256 w_v=7.4501 gamma=1.000 (tau_u=4.493e-01 tau_v=1.342e-01 |Du|=6.87e+00 |DRu|=1.93e+01)
  [PT] w_u=2.3833 w_v=6.1058 gamma=1.000 (tau_u=4.196e-01 tau_v=1.638e-01 |Du|=2.62e+00 |DRu|=6.73e+00)
  [PT] w_u=2.5058 w_v=6.5874 gamma=0.995 (tau_u=3.991e-01 tau_v=1.518e-01 |Du|=5.65e+00 |DRu|=1.22e+01)
  [PT] w_u=2.6820 w_v=7.1136 gamma=0.991 (tau_u=3.729e-01 tau_v=1.406e-01 |Du|=6.77e+00 |DRu|=1.82e+01)
  [PT] w_u=2.3737 w_v=6.7170 gamma=0.998 (tau_u=4.213e-01 tau_v=1.489e-01 |Du|=8.00e+00 |DRu|=8.64e+00)
  [PT] w_u=2.1477 w_v=6.5195 gamma=1.000 (tau_u=4.656e-01 tau_v=1.534e-01 |Du|=1.10e+01 |DRu|=1.18e+01)
  [PT] w_u=2.2911 w_v=5.9548 gamma=1.000 (tau_u=4.365e-01 tau_v=1.679e-01 |Du|=8.39e+00 |DRu|=2.01e+01)
  [PT] w_u=2.0048 w_v=4.5942 gamma=1.000 (tau_u=4.988e-01 tau_v=2.177e-01 |Du|=5.84e+00 |DRu|=5.68e+00)
  [PT] w_u=2.1714 w_v=4.9442 gamma=0.999 (tau_u=4.605e-01 tau_v=2.023e-01 |Du|=6.10e+00 |DRu|=1.79e+01)
  [PT] w_u=2.3516 w_v=5.1053 gamma=1.000 (tau_u=4.252e-01 tau_v=1.959e-01 |Du|=5.41e+00 |DRu|=1.65e+01)
  [PT] w_u=2.1837 w_v=4.7826 gamma=1.000 (tau_u=4.579e-01 tau_v=2.091e-01 |Du|=5.62e+00 |DRu|=6.48e+00)
  [PT] w_u=2.2999 w_v=4.9894 gamma=0.996 (tau_u=4.348e-01 tau_v=2.004e-01 |Du|=7.16e+00 |DRu|=1.50e+01)
  [PT] w_u=2.4343 w_v=5.2910 gamma=1.000 (tau_u=4.108e-01 tau_v=1.890e-01 |Du|=9.23e+00 |DRu|=2.09e+01)
  [PT] w_u=2.3241 w_v=5.4249 gamma=1.000 (tau_u=4.303e-01 tau_v=1.843e-01 |Du|=6.76e+00 |DRu|=8.69e+00)
[Adam] ep= 1800  total=2.152e-01  PDE=3.977e-02 [colloc=3.380e-02, cfd=5.977e-03] (w=2.811)  IN=8.076e-03 (w=0.915)  TB=5.587e-03 (w=0.729)  WALL=6.742e-16 (w=0.200)  OUT=2.164e-03 (w=0.521)  DATA=1.670e-02 (w=5.438)  DATA_P=0.000e+00 (w=1.000)
  [PT] w_u=2.5094 w_v=5.4441 gamma=1.000 (tau_u=3.985e-01 tau_v=1.837e-01 |Du|=4.15e+00 |DRu|=1.24e+01)
  [PT] w_u=2.7582 w_v=5.6952 gamma=0.999 (tau_u=3.626e-01 tau_v=1.756e-01 |Du|=2.63e+00 |DRu|=1.33e+01)
  [PT] w_u=2.9784 w_v=6.0689 gamma=0.999 (tau_u=3.358e-01 tau_v=1.648e-01 |Du|=3.91e+00 |DRu|=1.27e+01)
  [PT] w_u=3.1922 w_v=5.7432 gamma=0.998 (tau_u=3.133e-01 tau_v=1.741e-01 |Du|=4.93e+00 |DRu|=1.48e+01)
  [PT] w_u=3.0834 w_v=5.4797 gamma=0.997 (tau_u=3.243e-01 tau_v=1.825e-01 |Du|=7.93e+00 |DRu|=1.22e+01)
  [PT] w_u=2.8379 w_v=5.0171 gamma=0.996 (tau_u=3.524e-01 tau_v=1.993e-01 |Du|=8.05e+00 |DRu|=1.03e+01)
  [PT] w_u=2.8742 w_v=5.2356 gamma=0.998 (tau_u=3.479e-01 tau_v=1.910e-01 |Du|=9.52e+00 |DRu|=1.71e+01)
  [PT] w_u=2.8688 w_v=5.5979 gamma=1.000 (tau_u=3.486e-01 tau_v=1.786e-01 |Du|=9.38e+00 |DRu|=1.58e+01)
  [PT] w_u=3.0099 w_v=6.0373 gamma=1.000 (tau_u=3.322e-01 tau_v=1.656e-01 |Du|=3.56e+00 |DRu|=8.27e+00)
  [PT] w_u=3.2338 w_v=6.4499 gamma=1.000 (tau_u=3.092e-01 tau_v=1.550e-01 |Du|=4.48e+00 |DRu|=1.40e+01)
  [PT] w_u=3.2943 w_v=6.7627 gamma=0.998 (tau_u=3.036e-01 tau_v=1.479e-01 |Du|=8.83e+00 |DRu|=1.76e+01)
  [PT] w_u=3.3588 w_v=6.4474 gamma=0.999 (tau_u=2.977e-01 tau_v=1.551e-01 |Du|=6.27e+00 |DRu|=1.27e+01)
  [PT] w_u=3.1698 w_v=5.8470 gamma=1.000 (tau_u=3.155e-01 tau_v=1.710e-01 |Du|=8.52e+00 |DRu|=1.24e+01)
  [PT] w_u=3.0348 w_v=5.9216 gamma=1.000 (tau_u=3.295e-01 tau_v=1.689e-01 |Du|=8.12e+00 |DRu|=1.20e+01)
  [PT] w_u=3.1291 w_v=6.2680 gamma=1.000 (tau_u=3.196e-01 tau_v=1.595e-01 |Du|=7.15e+00 |DRu|=1.49e+01)
  [PT] w_u=2.6684 w_v=6.4796 gamma=0.992 (tau_u=3.748e-01 tau_v=1.543e-01 |Du|=1.13e+01 |DRu|=1.21e+01)
  [PT] w_u=2.4815 w_v=6.2059 gamma=0.980 (tau_u=4.030e-01 tau_v=1.611e-01 |Du|=8.78e+00 |DRu|=1.07e+01)
  [PT] w_u=2.5488 w_v=5.8347 gamma=0.980 (tau_u=3.923e-01 tau_v=1.714e-01 |Du|=6.03e+00 |DRu|=1.10e+01)
  [PT] w_u=2.4381 w_v=5.9906 gamma=1.000 (tau_u=4.102e-01 tau_v=1.669e-01 |Du|=1.42e+01 |DRu|=1.88e+01)
  [PT] w_u=2.0241 w_v=5.7714 gamma=1.000 (tau_u=4.941e-01 tau_v=1.733e-01 |Du|=8.91e+00 |DRu|=7.97e+00)
[Adam] ep= 1820  total=2.238e-01  PDE=4.519e-02 [colloc=4.174e-02, cfd=3.455e-03] (w=2.690)  IN=7.208e-03 (w=1.020)  TB=2.741e-03 (w=0.678)  WALL=1.434e-15 (w=0.200)  OUT=1.046e-03 (w=0.447)  DATA=1.602e-02 (w=5.776)  DATA_P=0.000e+00 (w=1.000)
  [PT] w_u=2.1503 w_v=6.0736 gamma=1.000 (tau_u=4.650e-01 tau_v=1.646e-01 |Du|=5.32e+00 |DRu|=1.18e+01)
  [PT] w_u=2.2570 w_v=6.3715 gamma=0.995 (tau_u=4.431e-01 tau_v=1.569e-01 |Du|=9.30e+00 |DRu|=1.87e+01)
  [PT] w_u=2.4608 w_v=6.2944 gamma=0.997 (tau_u=4.064e-01 tau_v=1.589e-01 |Du|=2.63e+00 |DRu|=9.52e+00)
  [PT] w_u=2.3377 w_v=6.2215 gamma=1.000 (tau_u=4.278e-01 tau_v=1.607e-01 |Du|=7.00e+00 |DRu|=8.89e+00)
  [PT] w_u=2.2698 w_v=6.4552 gamma=1.000 (tau_u=4.406e-01 tau_v=1.549e-01 |Du|=9.38e+00 |DRu|=1.26e+01)
  [PT] w_u=2.3403 w_v=6.7960 gamma=1.000 (tau_u=4.273e-01 tau_v=1.471e-01 |Du|=6.51e+00 |DRu|=1.17e+01)
  [PT] w_u=2.2046 w_v=7.1073 gamma=0.999 (tau_u=4.536e-01 tau_v=1.407e-01 |Du|=9.43e+00 |DRu|=1.13e+01)
  [PT] w_u=2.1099 w_v=7.2755 gamma=0.992 (tau_u=4.740e-01 tau_v=1.374e-01 |Du|=7.48e+00 |DRu|=9.19e+00)
  [PT] w_u=2.2818 w_v=7.5926 gamma=0.996 (tau_u=4.382e-01 tau_v=1.317e-01 |Du|=4.96e+00 |DRu|=1.45e+01)
  [PT] w_u=2.4367 w_v=7.7852 gamma=1.000 (tau_u=4.104e-01 tau_v=1.284e-01 |Du|=3.46e+00 |DRu|=8.66e+00)
  [PT] w_u=2.3331 w_v=7.6457 gamma=0.998 (tau_u=4.286e-01 tau_v=1.308e-01 |Du|=4.10e+00 |DRu|=5.32e+00)
  [PT] w_u=2.4776 w_v=7.9936 gamma=0.983 (tau_u=4.036e-01 tau_v=1.251e-01 |Du|=5.21e+00 |DRu|=1.22e+01)
  [PT] w_u=2.3969 w_v=8.0060 gamma=0.995 (tau_u=4.172e-01 tau_v=1.249e-01 |Du|=8.51e+00 |DRu|=1.16e+01)
  [PT] w_u=2.0079 w_v=8.2029 gamma=1.000 (tau_u=4.980e-01 tau_v=1.219e-01 |Du|=1.08e+01 |DRu|=9.80e+00)
  [PT] w_u=2.1293 w_v=8.6543 gamma=1.000 (tau_u=4.696e-01 tau_v=1.155e-01 |Du|=4.54e+00 |DRu|=9.81e+00)
  [PT] w_u=2.2055 w_v=8.9676 gamma=0.996 (tau_u=4.534e-01 tau_v=1.115e-01 |Du|=8.11e+00 |DRu|=1.46e+01)
  [PT] w_u=2.4045 w_v=9.4139 gamma=0.996 (tau_u=4.159e-01 tau_v=1.062e-01 |Du|=3.32e+00 |DRu|=1.19e+01)
  [PT] w_u=2.5263 w_v=9.6602 gamma=0.997 (tau_u=3.958e-01 tau_v=1.035e-01 |Du|=4.15e+00 |DRu|=8.92e+00)
  [PT] w_u=2.7732 w_v=9.5927 gamma=1.000 (tau_u=3.606e-01 tau_v=1.042e-01 |Du|=3.97e+00 |DRu|=1.90e+01)
  [PT] w_u=2.1437 w_v=8.1889 gamma=1.000 (tau_u=4.665e-01 tau_v=1.221e-01 |Du|=7.06e+00 |DRu|=5.93e+00)
[Adam] ep= 1840  total=1.798e-01  PDE=4.010e-02 [colloc=3.545e-02, cfd=4.648e-03] (w=2.843)  IN=5.153e-03 (w=0.947)  TB=2.808e-03 (w=0.631)  WALL=8.341e-16 (w=0.200)  OUT=2.130e-03 (w=0.411)  DATA=1.045e-02 (w=5.576)  DATA_P=0.000e+00 (w=1.000)
  [PT] w_u=2.1016 w_v=8.5671 gamma=0.989 (tau_u=4.758e-01 tau_v=1.167e-01 |Du|=8.81e+00 |DRu|=1.17e+01)
  [PT] w_u=2.3178 w_v=8.8713 gamma=0.994 (tau_u=4.314e-01 tau_v=1.127e-01 |Du|=3.73e+00 |DRu|=2.08e+01)
  [PT] w_u=2.3732 w_v=9.2074 gamma=1.000 (tau_u=4.214e-01 tau_v=1.086e-01 |Du|=4.12e+00 |DRu|=7.17e+00)
  [PT] w_u=2.3228 w_v=9.4657 gamma=0.999 (tau_u=4.305e-01 tau_v=1.056e-01 |Du|=6.71e+00 |DRu|=9.36e+00)
  [PT] w_u=2.5042 w_v=9.9137 gamma=1.000 (tau_u=3.993e-01 tau_v=1.009e-01 |Du|=8.20e+00 |DRu|=2.38e+01)
  [PT] w_u=2.6441 w_v=9.6873 gamma=1.000 (tau_u=3.782e-01 tau_v=1.032e-01 |Du|=4.33e+00 |DRu|=9.98e+00)
  [PT] w_u=2.8481 w_v=9.0422 gamma=1.000 (tau_u=3.511e-01 tau_v=1.106e-01 |Du|=3.50e+00 |DRu|=1.07e+01)
  [PT] w_u=3.1477 w_v=8.8874 gamma=0.998 (tau_u=3.177e-01 tau_v=1.125e-01 |Du|=2.99e+00 |DRu|=2.30e+01)
  [PT] w_u=3.3873 w_v=8.7541 gamma=1.000 (tau_u=2.952e-01 tau_v=1.142e-01 |Du|=2.92e+00 |DRu|=9.57e+00)
  [PT] w_u=3.5610 w_v=9.0973 gamma=1.000 (tau_u=2.808e-01 tau_v=1.099e-01 |Du|=3.37e+00 |DRu|=8.67e+00)
  [PT] w_u=3.9087 w_v=8.9949 gamma=0.999 (tau_u=2.558e-01 tau_v=1.112e-01 |Du|=3.53e+00 |DRu|=2.00e+01)
  [PT] w_u=3.6028 w_v=8.2796 gamma=0.999 (tau_u=2.776e-01 tau_v=1.208e-01 |Du|=7.28e+00 |DRu|=1.06e+01)
  [PT] w_u=2.8870 w_v=7.1425 gamma=0.993 (tau_u=3.464e-01 tau_v=1.400e-01 |Du|=7.66e+00 |DRu|=7.77e+00)
  [PT] w_u=3.0526 w_v=7.4736 gamma=0.989 (tau_u=3.276e-01 tau_v=1.338e-01 |Du|=7.01e+00 |DRu|=1.75e+01)
  [PT] w_u=2.9992 w_v=7.6334 gamma=1.000 (tau_u=3.334e-01 tau_v=1.310e-01 |Du|=6.39e+00 |DRu|=1.03e+01)
  [PT] w_u=3.0274 w_v=7.7374 gamma=1.000 (tau_u=3.303e-01 tau_v=1.292e-01 |Du|=4.19e+00 |DRu|=7.62e+00)
  [PT] w_u=3.2750 w_v=8.1253 gamma=0.999 (tau_u=3.053e-01 tau_v=1.231e-01 |Du|=4.38e+00 |DRu|=1.54e+01)
  [PT] w_u=3.1844 w_v=7.0184 gamma=0.997 (tau_u=3.140e-01 tau_v=1.425e-01 |Du|=5.09e+00 |DRu|=8.12e+00)
  [PT] w_u=3.1789 w_v=6.5723 gamma=0.999 (tau_u=3.146e-01 tau_v=1.522e-01 |Du|=6.91e+00 |DRu|=1.22e+01)
  [PT] w_u=2.4483 w_v=5.9393 gamma=1.000 (tau_u=4.084e-01 tau_v=1.684e-01 |Du|=6.89e+00 |DRu|=6.16e+00)
[Adam] ep= 1860  total=1.730e-01  PDE=3.144e-02 [colloc=2.790e-02, cfd=3.539e-03] (w=2.851)  IN=6.071e-03 (w=0.923)  TB=3.079e-03 (w=0.649)  WALL=5.887e-16 (w=0.200)  OUT=1.543e-03 (w=0.394)  DATA=1.342e-02 (w=5.598)  DATA_P=0.000e+00 (w=1.000)
  [PT] w_u=2.6007 w_v=6.2549 gamma=0.999 (tau_u=3.845e-01 tau_v=1.599e-01 |Du|=5.87e+00 |DRu|=1.43e+01)
  [PT] w_u=2.5019 w_v=6.3733 gamma=0.999 (tau_u=3.997e-01 tau_v=1.569e-01 |Du|=4.47e+00 |DRu|=6.10e+00)
  [PT] w_u=2.6563 w_v=6.6475 gamma=0.993 (tau_u=3.765e-01 tau_v=1.504e-01 |Du|=3.96e+00 |DRu|=9.65e+00)
  [PT] w_u=2.7640 w_v=6.9468 gamma=1.000 (tau_u=3.618e-01 tau_v=1.440e-01 |Du|=7.74e+00 |DRu|=1.61e+01)
  [PT] w_u=2.0955 w_v=6.4572 gamma=1.000 (tau_u=4.772e-01 tau_v=1.549e-01 |Du|=6.25e+00 |DRu|=5.08e+00)
  [PT] w_u=2.0402 w_v=6.1200 gamma=1.000 (tau_u=4.901e-01 tau_v=1.634e-01 |Du|=5.30e+00 |DRu|=6.81e+00)
  [PT] w_u=2.2080 w_v=6.3920 gamma=0.994 (tau_u=4.529e-01 tau_v=1.564e-01 |Du|=4.65e+00 |DRu|=1.35e+01)
  [PT] w_u=2.2951 w_v=6.0960 gamma=0.998 (tau_u=4.357e-01 tau_v=1.640e-01 |Du|=4.39e+00 |DRu|=8.27e+00)
  [PT] w_u=2.1982 w_v=5.6099 gamma=1.000 (tau_u=4.549e-01 tau_v=1.783e-01 |Du|=5.92e+00 |DRu|=7.47e+00)
  [PT] w_u=2.2056 w_v=5.1982 gamma=1.000 (tau_u=4.534e-01 tau_v=1.924e-01 |Du|=7.22e+00 |DRu|=1.09e+01)
  [PT] w_u=2.1463 w_v=5.4369 gamma=0.997 (tau_u=4.659e-01 tau_v=1.839e-01 |Du|=7.31e+00 |DRu|=9.60e+00)
  [PT] w_u=2.3203 w_v=5.8308 gamma=0.998 (tau_u=4.310e-01 tau_v=1.715e-01 |Du|=4.19e+00 |DRu|=1.23e+01)
  [PT] w_u=2.4784 w_v=6.0018 gamma=0.999 (tau_u=4.035e-01 tau_v=1.666e-01 |Du|=2.40e+00 |DRu|=6.07e+00)
  [PT] w_u=2.6973 w_v=6.3388 gamma=1.000 (tau_u=3.707e-01 tau_v=1.578e-01 |Du|=3.50e+00 |DRu|=1.27e+01)
  [PT] w_u=2.6257 w_v=6.5752 gamma=0.997 (tau_u=3.809e-01 tau_v=1.521e-01 |Du|=6.37e+00 |DRu|=9.27e+00)
  [PT] w_u=2.3545 w_v=6.7365 gamma=0.990 (tau_u=4.247e-01 tau_v=1.484e-01 |Du|=7.24e+00 |DRu|=7.96e+00)
  [PT] w_u=2.4016 w_v=6.9070 gamma=0.986 (tau_u=4.164e-01 tau_v=1.448e-01 |Du|=5.59e+00 |DRu|=9.50e+00)
  [PT] w_u=2.3089 w_v=7.1006 gamma=1.000 (tau_u=4.331e-01 tau_v=1.408e-01 |Du|=1.14e+01 |DRu|=1.49e+01)
  [PT] w_u=2.0298 w_v=7.1834 gamma=1.000 (tau_u=4.927e-01 tau_v=1.392e-01 |Du|=5.75e+00 |DRu|=5.67e+00)
  [PT] w_u=2.1850 w_v=7.6803 gamma=0.999 (tau_u=4.577e-01 tau_v=1.302e-01 |Du|=4.05e+00 |DRu|=1.07e+01)
[Adam] ep= 1880  total=2.051e-01  PDE=4.535e-02 [colloc=4.269e-02, cfd=2.662e-03] (w=2.826)  IN=3.817e-03 (w=0.934)  TB=3.246e-03 (w=0.633)  WALL=1.264e-15 (w=0.200)  OUT=2.960e-03 (w=0.501)  DATA=1.259e-02 (w=5.550)  DATA_P=0.000e+00 (w=1.000)
  [PT] w_u=2.1456 w_v=7.5701 gamma=0.990 (tau_u=4.661e-01 tau_v=1.321e-01 |Du|=1.17e+01 |DRu|=1.58e+01)
  [PT] w_u=1.3581 w_v=5.1080 gamma=0.989 (tau_u=7.363e-01 tau_v=1.958e-01 |Du|=5.08e+00 |DRu|=2.84e+00)
  [PT] w_u=1.4165 w_v=5.4246 gamma=0.996 (tau_u=7.060e-01 tau_v=1.843e-01 |Du|=8.78e+00 |DRu|=1.33e+01)
  [PT] w_u=1.5131 w_v=5.6693 gamma=1.000 (tau_u=6.609e-01 tau_v=1.764e-01 |Du|=5.46e+00 |DRu|=1.08e+01)
  [PT] w_u=1.6050 w_v=6.0109 gamma=1.000 (tau_u=6.231e-01 tau_v=1.664e-01 |Du|=3.83e+00 |DRu|=7.20e+00)
  [PT] w_u=1.6423 w_v=6.3230 gamma=0.994 (tau_u=6.089e-01 tau_v=1.582e-01 |Du|=6.15e+00 |DRu|=8.83e+00)
  [PT] w_u=1.7879 w_v=6.6681 gamma=0.996 (tau_u=5.593e-01 tau_v=1.500e-01 |Du|=4.49e+00 |DRu|=1.33e+01)
  [PT] w_u=1.8288 w_v=6.9808 gamma=0.999 (tau_u=5.468e-01 tau_v=1.433e-01 |Du|=2.95e+00 |DRu|=4.48e+00)
  [PT] w_u=1.9006 w_v=7.1831 gamma=0.998 (tau_u=5.261e-01 tau_v=1.392e-01 |Du|=2.94e+00 |DRu|=5.04e+00)
  [PT] w_u=2.0347 w_v=7.5081 gamma=0.999 (tau_u=4.915e-01 tau_v=1.332e-01 |Du|=5.40e+00 |DRu|=1.27e+01)
  [PT] w_u=2.0096 w_v=7.1712 gamma=1.000 (tau_u=4.976e-01 tau_v=1.394e-01 |Du|=2.82e+00 |DRu|=3.79e+00)
  [PT] w_u=2.1047 w_v=7.1129 gamma=0.999 (tau_u=4.751e-01 tau_v=1.406e-01 |Du|=3.86e+00 |DRu|=7.38e+00)
  [PT] w_u=1.9523 w_v=7.1441 gamma=0.987 (tau_u=5.122e-01 tau_v=1.400e-01 |Du|=1.03e+01 |DRu|=1.11e+01)
  [PT] w_u=2.0524 w_v=7.2635 gamma=0.987 (tau_u=4.872e-01 tau_v=1.377e-01 |Du|=2.21e+00 |DRu|=4.29e+00)
  [PT] w_u=2.1456 w_v=7.2045 gamma=0.997 (tau_u=4.661e-01 tau_v=1.388e-01 |Du|=4.97e+00 |DRu|=9.46e+00)
  [PT] w_u=2.2963 w_v=7.5336 gamma=0.997 (tau_u=4.355e-01 tau_v=1.327e-01 |Du|=3.03e+00 |DRu|=7.56e+00)
  [PT] w_u=2.3253 w_v=7.6049 gamma=0.993 (tau_u=4.300e-01 tau_v=1.315e-01 |Du|=3.22e+00 |DRu|=5.19e+00)
  [PT] w_u=2.5521 w_v=7.7502 gamma=0.997 (tau_u=3.918e-01 tau_v=1.290e-01 |Du|=2.68e+00 |DRu|=1.22e+01)
  [PT] w_u=2.6170 w_v=7.6573 gamma=0.998 (tau_u=3.821e-01 tau_v=1.306e-01 |Du|=1.89e+00 |DRu|=3.47e+00)
  [PT] w_u=2.7924 w_v=7.9544 gamma=0.996 (tau_u=3.581e-01 tau_v=1.257e-01 |Du|=3.49e+00 |DRu|=9.24e+00)
[Adam] ep= 1900  total=1.891e-01  PDE=2.917e-02 [colloc=2.643e-02, cfd=2.738e-03] (w=2.810)  IN=6.540e-03 (w=0.960)  TB=2.675e-03 (w=0.597)  WALL=5.485e-16 (w=0.200)  OUT=7.540e-04 (w=0.380)  DATA=1.721e-02 (w=5.753)  DATA_P=0.000e+00 (w=1.000)
  [PT] w_u=2.7987 w_v=7.9772 gamma=1.000 (tau_u=3.573e-01 tau_v=1.254e-01 |Du|=7.71e+00 |DRu|=1.30e+01)
  [PT] w_u=2.9029 w_v=7.8063 gamma=1.000 (tau_u=3.445e-01 tau_v=1.281e-01 |Du|=3.56e+00 |DRu|=7.44e+00)
  [PT] w_u=2.5622 w_v=8.0280 gamma=1.000 (tau_u=3.903e-01 tau_v=1.246e-01 |Du|=7.05e+00 |DRu|=7.87e+00)
  [PT] w_u=2.3704 w_v=7.9357 gamma=0.985 (tau_u=4.219e-01 tau_v=1.260e-01 |Du|=9.95e+00 |DRu|=1.18e+01)
  [PT] w_u=2.5457 w_v=7.9528 gamma=0.993 (tau_u=3.928e-01 tau_v=1.257e-01 |Du|=2.74e+00 |DRu|=7.53e+00)
  [PT] w_u=2.5015 w_v=8.0242 gamma=0.992 (tau_u=3.998e-01 tau_v=1.246e-01 |Du|=2.81e+00 |DRu|=4.11e+00)
  [PT] w_u=2.6468 w_v=8.1750 gamma=0.992 (tau_u=3.778e-01 tau_v=1.223e-01 |Du|=4.53e+00 |DRu|=1.06e+01)
  [PT] w_u=2.3864 w_v=7.4772 gamma=0.999 (tau_u=4.190e-01 tau_v=1.337e-01 |Du|=5.27e+00 |DRu|=5.92e+00)
  [PT] w_u=2.4159 w_v=7.6514 gamma=1.000 (tau_u=4.139e-01 tau_v=1.307e-01 |Du|=4.57e+00 |DRu|=7.53e+00)
  [PT] w_u=2.4590 w_v=7.8463 gamma=0.996 (tau_u=4.067e-01 tau_v=1.274e-01 |Du|=5.35e+00 |DRu|=9.14e+00)
  [PT] w_u=2.3055 w_v=7.6872 gamma=0.984 (tau_u=4.337e-01 tau_v=1.301e-01 |Du|=9.78e+00 |DRu|=1.18e+01)
  [PT] w_u=1.7454 w_v=5.0419 gamma=0.984 (tau_u=5.729e-01 tau_v=1.983e-01 |Du|=2.81e+00 |DRu|=2.06e+00)
  [PT] w_u=1.7483 w_v=5.3499 gamma=0.995 (tau_u=5.720e-01 tau_v=1.869e-01 |Du|=8.56e+00 |DRu|=1.14e+01)
  [PT] w_u=1.8992 w_v=5.6263 gamma=0.998 (tau_u=5.265e-01 tau_v=1.777e-01 |Du|=3.06e+00 |DRu|=8.90e+00)
  [PT] w_u=1.9884 w_v=5.8350 gamma=0.997 (tau_u=5.029e-01 tau_v=1.714e-01 |Du|=2.53e+00 |DRu|=4.69e+00)
  [PT] w_u=2.1307 w_v=6.2012 gamma=0.994 (tau_u=4.693e-01 tau_v=1.613e-01 |Du|=2.39e+00 |DRu|=5.83e+00)
  [PT] w_u=2.3051 w_v=6.4508 gamma=0.998 (tau_u=4.338e-01 tau_v=1.550e-01 |Du|=3.80e+00 |DRu|=1.12e+01)
  [PT] w_u=2.3208 w_v=6.6779 gamma=0.998 (tau_u=4.309e-01 tau_v=1.497e-01 |Du|=3.26e+00 |DRu|=5.12e+00)
  [PT] w_u=2.4905 w_v=6.9594 gamma=0.993 (tau_u=4.015e-01 tau_v=1.437e-01 |Du|=2.09e+00 |DRu|=5.62e+00)
  [PT] w_u=2.6087 w_v=7.0843 gamma=0.993 (tau_u=3.833e-01 tau_v=1.412e-01 |Du|=4.41e+00 |DRu|=9.38e+00)
[Adam] ep= 1920  total=1.605e-01  PDE=2.219e-02 [colloc=2.033e-02, cfd=1.852e-03] (w=2.806)  IN=8.118e-03 (w=0.989)  TB=2.309e-03 (w=0.592)  WALL=4.199e-16 (w=0.200)  OUT=6.793e-04 (w=0.283)  DATA=1.533e-02 (w=5.785)  DATA_P=0.000e+00 (w=1.000)
  [PT] w_u=2.6442 w_v=7.3826 gamma=1.000 (tau_u=3.782e-01 tau_v=1.355e-01 |Du|=8.83e+00 |DRu|=1.53e+01)
  [PT] w_u=2.1585 w_v=7.5486 gamma=1.000 (tau_u=4.633e-01 tau_v=1.325e-01 |Du|=3.30e+00 |DRu|=2.98e+00)
  [PT] w_u=2.0942 w_v=7.8706 gamma=0.993 (tau_u=4.775e-01 tau_v=1.271e-01 |Du|=1.09e+01 |DRu|=1.39e+01)
  [PT] w_u=2.1175 w_v=7.8023 gamma=0.979 (tau_u=4.722e-01 tau_v=1.282e-01 |Du|=5.02e+00 |DRu|=7.62e+00)
  [PT] w_u=2.1677 w_v=8.1020 gamma=0.995 (tau_u=4.613e-01 tau_v=1.234e-01 |Du|=6.83e+00 |DRu|=1.13e+01)
  [PT] w_u=1.6214 w_v=8.1812 gamma=0.999 (tau_u=6.168e-01 tau_v=1.222e-01 |Du|=6.11e+00 |DRu|=4.30e+00)
  [PT] w_u=1.7293 w_v=8.4427 gamma=0.996 (tau_u=5.783e-01 tau_v=1.184e-01 |Du|=3.32e+00 |DRu|=6.87e+00)
  [PT] w_u=1.8359 w_v=8.7542 gamma=0.996 (tau_u=5.447e-01 tau_v=1.142e-01 |Du|=7.15e+00 |DRu|=1.45e+01)
  [PT] w_u=1.9256 w_v=8.7701 gamma=0.999 (tau_u=5.193e-01 tau_v=1.140e-01 |Du|=2.02e+00 |DRu|=3.74e+00)
  [PT] w_u=2.0450 w_v=9.2258 gamma=0.998 (tau_u=4.890e-01 tau_v=1.084e-01 |Du|=4.04e+00 |DRu|=8.68e+00)
  [PT] w_u=2.1983 w_v=9.6048 gamma=1.000 (tau_u=4.549e-01 tau_v=1.041e-01 |Du|=5.03e+00 |DRu|=1.31e+01)
  [PT] w_u=2.1712 w_v=9.5633 gamma=0.996 (tau_u=4.606e-01 tau_v=1.046e-01 |Du|=5.16e+00 |DRu|=7.20e+00)
  [PT] w_u=2.2331 w_v=9.9841 gamma=0.981 (tau_u=4.478e-01 tau_v=1.002e-01 |Du|=7.40e+00 |DRu|=1.27e+01)
  [PT] w_u=1.5595 w_v=9.0706 gamma=0.987 (tau_u=6.412e-01 tau_v=1.102e-01 |Du|=4.64e+00 |DRu|=2.99e+00)
  [PT] w_u=1.5580 w_v=9.2550 gamma=1.000 (tau_u=6.418e-01 tau_v=1.080e-01 |Du|=1.27e+01 |DRu|=1.58e+01)
  [PT] w_u=1.6512 w_v=9.3772 gamma=1.000 (tau_u=6.056e-01 tau_v=1.066e-01 |Du|=2.71e+00 |DRu|=5.13e+00)
  [PT] w_u=1.6604 w_v=9.6718 gamma=0.995 (tau_u=6.022e-01 tau_v=1.034e-01 |Du|=9.85e+00 |DRu|=1.30e+01)
  [PT] w_u=1.5409 w_v=9.5561 gamma=0.987 (tau_u=6.490e-01 tau_v=1.046e-01 |Du|=6.32e+00 |DRu|=6.07e+00)
  [PT] w_u=1.6691 w_v=9.8064 gamma=0.985 (tau_u=5.991e-01 tau_v=1.020e-01 |Du|=2.68e+00 |DRu|=6.85e+00)
  [PT] w_u=1.6311 w_v=9.8891 gamma=1.000 (tau_u=6.131e-01 tau_v=1.011e-01 |Du|=1.13e+01 |DRu|=1.32e+01)
[Adam] ep= 1940  total=1.573e-01  PDE=1.737e-02 [colloc=1.572e-02, cfd=1.650e-03] (w=2.762)  IN=9.993e-03 (w=1.043)  TB=2.820e-03 (w=0.580)  WALL=3.804e-16 (w=0.200)  OUT=2.425e-04 (w=0.242)  DATA=1.666e-02 (w=5.834)  DATA_P=0.000e+00 (w=1.000)
  [PT] w_u=1.2745 w_v=9.3047 gamma=1.000 (tau_u=7.847e-01 tau_v=1.075e-01 |Du|=5.10e+00 |DRu|=3.34e+00)
  [PT] w_u=1.3717 w_v=9.4732 gamma=0.996 (tau_u=7.290e-01 tau_v=1.056e-01 |Du|=5.84e+00 |DRu|=1.22e+01)
  [PT] w_u=1.4147 w_v=9.0498 gamma=0.991 (tau_u=7.069e-01 tau_v=1.105e-01 |Du|=8.30e+00 |DRu|=1.16e+01)
  [PT] w_u=1.4500 w_v=8.9115 gamma=0.992 (tau_u=6.897e-01 tau_v=1.122e-01 |Du|=3.93e+00 |DRu|=5.35e+00)
  [PT] w_u=1.5447 w_v=8.6433 gamma=0.995 (tau_u=6.474e-01 tau_v=1.157e-01 |Du|=4.40e+00 |DRu|=8.50e+00)
  [PT] w_u=1.6489 w_v=7.4850 gamma=0.998 (tau_u=6.065e-01 tau_v=1.336e-01 |Du|=5.36e+00 |DRu|=1.10e+01)
  [PT] w_u=1.7356 w_v=7.2822 gamma=0.996 (tau_u=5.762e-01 tau_v=1.373e-01 |Du|=4.60e+00 |DRu|=8.34e+00)
  [PT] w_u=1.8026 w_v=6.9949 gamma=0.987 (tau_u=5.548e-01 tau_v=1.430e-01 |Du|=4.15e+00 |DRu|=6.86e+00)
  [PT] w_u=1.9222 w_v=6.6123 gamma=0.993 (tau_u=5.202e-01 tau_v=1.512e-01 |Du|=4.30e+00 |DRu|=9.37e+00)
  [PT] w_u=1.8942 w_v=6.0357 gamma=0.999 (tau_u=5.279e-01 tau_v=1.657e-01 |Du|=6.03e+00 |DRu|=7.81e+00)
  [PT] w_u=2.0462 w_v=6.3663 gamma=0.997 (tau_u=4.887e-01 tau_v=1.571e-01 |Du|=3.39e+00 |DRu|=9.20e+00)
  [PT] w_u=2.1989 w_v=6.2767 gamma=0.997 (tau_u=4.548e-01 tau_v=1.593e-01 |Du|=2.94e+00 |DRu|=7.60e+00)
  [PT] w_u=2.3057 w_v=5.8030 gamma=0.998 (tau_u=4.337e-01 tau_v=1.723e-01 |Du|=3.17e+00 |DRu|=6.41e+00)
  [PT] w_u=2.4682 w_v=6.0806 gamma=1.000 (tau_u=4.052e-01 tau_v=1.645e-01 |Du|=4.48e+00 |DRu|=1.16e+01)
  [PT] w_u=2.3485 w_v=6.3192 gamma=0.998 (tau_u=4.258e-01 tau_v=1.582e-01 |Du|=5.39e+00 |DRu|=6.89e+00)
  [PT] w_u=2.2437 w_v=6.3295 gamma=0.993 (tau_u=4.457e-01 tau_v=1.580e-01 |Du|=5.70e+00 |DRu|=7.19e+00)
  [PT] w_u=2.3838 w_v=6.4839 gamma=0.986 (tau_u=4.195e-01 tau_v=1.542e-01 |Du|=2.76e+00 |DRu|=6.39e+00)
  [PT] w_u=2.3318 w_v=6.6998 gamma=0.997 (tau_u=4.289e-01 tau_v=1.493e-01 |Du|=8.13e+00 |DRu|=1.13e+01)
  [PT] w_u=2.1410 w_v=6.8687 gamma=1.000 (tau_u=4.671e-01 tau_v=1.456e-01 |Du|=7.20e+00 |DRu|=8.00e+00)
  [PT] w_u=2.1070 w_v=7.1416 gamma=0.999 (tau_u=4.746e-01 tau_v=1.400e-01 |Du|=4.36e+00 |DRu|=5.92e+00)
[Adam] ep= 1960  total=1.666e-01  PDE=3.817e-02 [colloc=3.603e-02, cfd=2.145e-03] (w=2.848)  IN=3.058e-03 (w=0.890)  TB=3.282e-03 (w=0.669)  WALL=1.239e-15 (w=0.200)  OUT=2.924e-04 (w=0.271)  DATA=9.158e-03 (w=5.772)  DATA_P=0.000e+00 (w=1.000)
  [PT] w_u=2.0413 w_v=7.3655 gamma=0.988 (tau_u=4.899e-01 tau_v=1.358e-01 |Du|=8.50e+00 |DRu|=1.07e+01)
  [PT] w_u=2.1933 w_v=7.6005 gamma=0.990 (tau_u=4.559e-01 tau_v=1.316e-01 |Du|=3.28e+00 |DRu|=8.43e+00)
  [PT] w_u=2.0507 w_v=7.6154 gamma=0.999 (tau_u=4.876e-01 tau_v=1.313e-01 |Du|=6.74e+00 |DRu|=7.66e+00)
  [PT] w_u=1.9730 w_v=7.0433 gamma=0.999 (tau_u=5.069e-01 tau_v=1.420e-01 |Du|=4.20e+00 |DRu|=5.09e+00)
  [PT] w_u=2.0908 w_v=7.3243 gamma=0.996 (tau_u=4.783e-01 tau_v=1.365e-01 |Du|=6.14e+00 |DRu|=1.30e+01)
  [PT] w_u=2.2151 w_v=7.6242 gamma=0.997 (tau_u=4.514e-01 tau_v=1.312e-01 |Du|=1.13e+00 |DRu|=2.46e+00)
  [PT] w_u=2.3670 w_v=7.8296 gamma=0.996 (tau_u=4.225e-01 tau_v=1.277e-01 |Du|=3.19e+00 |DRu|=7.92e+00)
  [PT] w_u=2.4632 w_v=7.7577 gamma=0.999 (tau_u=4.060e-01 tau_v=1.289e-01 |Du|=5.72e+00 |DRu|=1.13e+01)
  [PT] w_u=1.9257 w_v=5.7367 gamma=0.996 (tau_u=5.193e-01 tau_v=1.743e-01 |Du|=6.18e+00 |DRu|=4.97e+00)
  [PT] w_u=1.9711 w_v=6.0472 gamma=0.979 (tau_u=5.073e-01 tau_v=1.654e-01 |Du|=6.12e+00 |DRu|=9.58e+00)
  [PT] w_u=1.9708 w_v=6.2219 gamma=0.990 (tau_u=5.074e-01 tau_v=1.607e-01 |Du|=4.89e+00 |DRu|=6.83e+00)
  [PT] w_u=1.8938 w_v=6.0834 gamma=0.999 (tau_u=5.280e-01 tau_v=1.644e-01 |Du|=8.05e+00 |DRu|=9.52e+00)
  [PT] w_u=1.4503 w_v=4.7138 gamma=0.997 (tau_u=6.895e-01 tau_v=2.121e-01 |Du|=6.72e+00 |DRu|=4.59e+00)
  [PT] w_u=1.4431 w_v=4.8531 gamma=0.986 (tau_u=6.929e-01 tau_v=2.061e-01 |Du|=8.61e+00 |DRu|=1.01e+01)
  [PT] w_u=1.5752 w_v=5.1483 gamma=0.994 (tau_u=6.348e-01 tau_v=1.942e-01 |Du|=2.57e+00 |DRu|=7.66e+00)
  [PT] w_u=1.5885 w_v=5.4927 gamma=0.999 (tau_u=6.295e-01 tau_v=1.821e-01 |Du|=6.21e+00 |DRu|=8.13e+00)
  [PT] w_u=1.5710 w_v=5.5473 gamma=0.997 (tau_u=6.365e-01 tau_v=1.803e-01 |Du|=5.75e+00 |DRu|=6.87e+00)
  [PT] w_u=1.6727 w_v=5.6602 gamma=0.996 (tau_u=5.978e-01 tau_v=1.767e-01 |Du|=7.01e+00 |DRu|=1.40e+01)
  [PT] w_u=1.7690 w_v=5.4572 gamma=0.997 (tau_u=5.653e-01 tau_v=1.832e-01 |Du|=3.51e+00 |DRu|=6.72e+00)
  [PT] w_u=1.9289 w_v=5.9152 gamma=0.999 (tau_u=5.184e-01 tau_v=1.691e-01 |Du|=3.58e+00 |DRu|=1.15e+01)
[Adam] ep= 1980  total=1.897e-01  PDE=2.539e-02 [colloc=2.345e-02, cfd=1.947e-03] (w=2.820)  IN=7.897e-03 (w=0.909)  TB=4.329e-03 (w=0.691)  WALL=5.435e-16 (w=0.200)  OUT=1.500e-03 (w=0.360)  DATA=1.884e-02 (w=5.701)  DATA_P=0.000e+00 (w=1.000)
  [PT] w_u=2.0620 w_v=5.9860 gamma=0.997 (tau_u=4.850e-01 tau_v=1.671e-01 |Du|=3.24e+00 |DRu|=7.55e+00)
  [PT] w_u=2.0642 w_v=5.6200 gamma=0.988 (tau_u=4.844e-01 tau_v=1.779e-01 |Du|=9.00e+00 |DRu|=1.29e+01)
  [PT] w_u=2.0958 w_v=5.0993 gamma=0.988 (tau_u=4.772e-01 tau_v=1.961e-01 |Du|=6.05e+00 |DRu|=9.38e+00)
  [PT] w_u=1.8787 w_v=5.2590 gamma=0.997 (tau_u=5.323e-01 tau_v=1.901e-01 |Du|=6.19e+00 |DRu|=6.09e+00)
  [PT] w_u=2.0266 w_v=5.4446 gamma=0.999 (tau_u=4.934e-01 tau_v=1.837e-01 |Du|=3.78e+00 |DRu|=9.97e+00)
  [PT] w_u=2.1136 w_v=5.4210 gamma=0.997 (tau_u=4.731e-01 tau_v=1.845e-01 |Du|=4.27e+00 |DRu|=7.90e+00)
  [PT] w_u=2.0135 w_v=5.4984 gamma=0.990 (tau_u=4.966e-01 tau_v=1.819e-01 |Du|=8.87e+00 |DRu|=1.05e+01)
  [PT] w_u=1.8860 w_v=5.4776 gamma=0.990 (tau_u=5.302e-01 tau_v=1.826e-01 |Du|=6.25e+00 |DRu|=6.82e+00)
  [PT] w_u=1.9397 w_v=5.7602 gamma=1.000 (tau_u=5.155e-01 tau_v=1.736e-01 |Du|=8.11e+00 |DRu|=1.31e+01)
  [PT] w_u=2.0519 w_v=5.5206 gamma=1.000 (tau_u=4.873e-01 tau_v=1.811e-01 |Du|=1.60e+00 |DRu|=3.31e+00)
  [PT] w_u=2.0900 w_v=5.8866 gamma=0.990 (tau_u=4.785e-01 tau_v=1.699e-01 |Du|=8.43e+00 |DRu|=1.33e+01)
  [PT] w_u=1.9958 w_v=6.0770 gamma=0.986 (tau_u=5.010e-01 tau_v=1.646e-01 |Du|=5.26e+00 |DRu|=6.22e+00)
  [PT] w_u=2.0498 w_v=6.4229 gamma=1.000 (tau_u=4.878e-01 tau_v=1.557e-01 |Du|=8.23e+00 |DRu|=1.35e+01)
  [PT] w_u=2.0385 w_v=6.5649 gamma=1.000 (tau_u=4.906e-01 tau_v=1.523e-01 |Du|=3.03e+00 |DRu|=4.23e+00)
  [PT] w_u=2.0629 w_v=6.9561 gamma=0.990 (tau_u=4.848e-01 tau_v=1.438e-01 |Du|=7.77e+00 |DRu|=1.18e+01)
  [PT] w_u=2.1442 w_v=7.1819 gamma=0.986 (tau_u=4.664e-01 tau_v=1.392e-01 |Du|=4.09e+00 |DRu|=7.41e+00)
  [PT] w_u=2.1056 w_v=7.3971 gamma=0.997 (tau_u=4.749e-01 tau_v=1.352e-01 |Du|=7.96e+00 |DRu|=1.07e+01)
  [PT] w_u=2.1337 w_v=7.2790 gamma=0.997 (tau_u=4.687e-01 tau_v=1.374e-01 |Du|=3.01e+00 |DRu|=4.68e+00)
  [PT] w_u=2.1715 w_v=7.6274 gamma=0.988 (tau_u=4.605e-01 tau_v=1.311e-01 |Du|=7.48e+00 |DRu|=1.20e+01)
  [PT] w_u=2.1189 w_v=7.7942 gamma=0.990 (tau_u=4.719e-01 tau_v=1.283e-01 |Du|=3.09e+00 |DRu|=4.06e+00)
[Adam] ep= 2000  total=1.676e-01  PDE=1.985e-02 [colloc=1.730e-02, cfd=2.549e-03] (w=2.788)  IN=8.187e-03 (w=0.892)  TB=3.070e-03 (w=0.661)  WALL=2.694e-16 (w=0.200)  OUT=3.107e-03 (w=0.575)  DATA=1.796e-02 (w=5.634)  DATA_P=0.000e+00 (w=1.000)
============================================================
Phase 2 — BFGS (6000 total calls, 150 iters/batch)
Adaptive weights are frozen for BFGS stability | method=SSBroyden1
============================================================
[BFGS] full data fitting: 500 CFD points pinned per call
[BFGS] using CUSTOM _optimize._minimize_bfgs (method_bfgs='SSBroyden1')
/oscar/home/jchen790/cylinder flow lab/src/cfp40.py:1430: OptimizeWarning: Unknown solver options: hess, hessp, bounds, constraints, tol
  result = minimize(
Invoked: SSBroyden1 approach!
[BFGS] batch=   1  call=     5  total=1.581e-01  PDE=2.105e-02 [colloc=1.887e-02, cfd=2.184e-03]  WALL=2.713e-16  DATA=1.621e-02
Invoked: SSBroyden1 approach!
[BFGS] batch=   1  call=     7  total=1.556e-01  PDE=2.230e-02 [colloc=2.011e-02, cfd=2.187e-03]  WALL=3.312e-16  DATA=1.523e-02
Invoked: SSBroyden1 approach!
[BFGS] batch=   1  call=     8  total=1.528e-01  PDE=2.178e-02 [colloc=1.947e-02, cfd=2.305e-03]  WALL=3.357e-16  DATA=1.504e-02
Invoked: SSBroyden1 approach!
[BFGS] batch=   1  call=    10  total=1.522e-01  PDE=2.133e-02 [colloc=1.903e-02, cfd=2.294e-03]  WALL=3.317e-16  DATA=1.513e-02
Invoked: SSBroyden1 approach!
[BFGS] batch=   1  call=    11  total=1.513e-01  PDE=2.123e-02 [colloc=1.922e-02, cfd=2.002e-03]  WALL=3.423e-16  DATA=1.506e-02
Invoked: SSBroyden1 approach!
[BFGS] batch=   1  call=    12  total=1.502e-01  PDE=2.091e-02 [colloc=1.893e-02, cfd=1.977e-03]  WALL=3.355e-16  DATA=1.507e-02
Invoked: SSBroyden1 approach!
[BFGS] batch=   1  call=    13  total=1.499e-01  PDE=2.083e-02 [colloc=1.903e-02, cfd=1.801e-03]  WALL=3.361e-16  DATA=1.510e-02
Invoked: SSBroyden1 approach!
[BFGS] batch=   1  call=    14  total=1.496e-01  PDE=2.080e-02 [colloc=1.897e-02, cfd=1.833e-03]  WALL=3.391e-16  DATA=1.503e-02
Invoked: SSBroyden1 approach!
[BFGS] batch=   1  call=    15  total=1.489e-01  PDE=2.114e-02 [colloc=1.929e-02, cfd=1.841e-03]  WALL=3.321e-16  DATA=1.479e-02
Invoked: SSBroyden1 approach!
[BFGS] batch=   1  call=    16  total=1.488e-01  PDE=2.091e-02 [colloc=1.917e-02, cfd=1.736e-03]  WALL=3.475e-16  DATA=1.481e-02
Invoked: SSBroyden1 approach!
[BFGS] batch=   1  call=    17  total=1.486e-01  PDE=2.092e-02 [colloc=1.919e-02, cfd=1.728e-03]  WALL=3.482e-16  DATA=1.478e-02
Invoked: SSBroyden1 approach!
[BFGS] batch=   1  call=    18  total=1.483e-01  PDE=2.090e-02 [colloc=1.918e-02, cfd=1.726e-03]  WALL=3.516e-16  DATA=1.473e-02
Invoked: SSBroyden1 approach!
[BFGS] batch=   1  call=    19  total=1.478e-01  PDE=2.094e-02 [colloc=1.917e-02, cfd=1.765e-03]  WALL=3.543e-16  DATA=1.465e-02
Invoked: SSBroyden1 approach!
[BFGS] batch=   1  call=    20  total=1.473e-01  PDE=2.109e-02 [colloc=1.931e-02, cfd=1.778e-03]  WALL=3.570e-16  DATA=1.448e-02
Invoked: SSBroyden1 approach!
[BFGS] batch=   1  call=    21  total=1.462e-01  PDE=2.096e-02 [colloc=1.913e-02, cfd=1.827e-03]  WALL=3.632e-16  DATA=1.440e-02
Invoked: SSBroyden1 approach!
[BFGS] batch=   1  call=    22  total=1.461e-01  PDE=2.151e-02 [colloc=1.952e-02, cfd=1.996e-03]  WALL=3.573e-16  DATA=1.411e-02
Invoked: SSBroyden1 approach!
[BFGS] batch=   1  call=    23  total=1.458e-01  PDE=2.140e-02 [colloc=1.940e-02, cfd=1.999e-03]  WALL=3.566e-16  DATA=1.412e-02
Invoked: SSBroyden1 approach!
[BFGS] batch=   1  call=    24  total=1.454e-01  PDE=2.123e-02 [colloc=1.921e-02, cfd=2.017e-03]  WALL=3.531e-16  DATA=1.413e-02
Invoked: SSBroyden1 approach!
[BFGS] batch=   1  call=    25  total=1.446e-01  PDE=2.109e-02 [colloc=1.903e-02, cfd=2.063e-03]  WALL=3.503e-16  DATA=1.412e-02
Invoked: SSBroyden1 approach!
[BFGS] batch=   1  call=    26  total=1.441e-01  PDE=2.103e-02 [colloc=1.886e-02, cfd=2.171e-03]  WALL=3.615e-16  DATA=1.404e-02
Invoked: SSBroyden1 approach!
[BFGS] batch=   1  call=    27  total=1.432e-01  PDE=2.103e-02 [colloc=1.882e-02, cfd=2.210e-03]  WALL=3.705e-16  DATA=1.390e-02
Invoked: SSBroyden1 approach!
[BFGS] batch=   1  call=    28  total=1.431e-01  PDE=2.127e-02 [colloc=1.890e-02, cfd=2.376e-03]  WALL=3.714e-16  DATA=1.377e-02
Invoked: SSBroyden1 approach!
[BFGS] batch=   1  call=    30  total=1.425e-01  PDE=2.104e-02 [colloc=1.874e-02, cfd=2.303e-03]  WALL=3.728e-16  DATA=1.378e-02
Invoked: SSBroyden1 approach!
[BFGS] batch=   1  call=    31  total=1.419e-01  PDE=2.133e-02 [colloc=1.902e-02, cfd=2.316e-03]  WALL=3.825e-16  DATA=1.355e-02
Invoked: SSBroyden1 approach!
[BFGS] batch=   1  call=    32  total=1.413e-01  PDE=2.110e-02 [colloc=1.880e-02, cfd=2.293e-03]  WALL=3.835e-16  DATA=1.353e-02
Invoked: SSBroyden1 approach!
[BFGS] batch=   1  call=    33  total=1.406e-01  PDE=2.069e-02 [colloc=1.848e-02, cfd=2.205e-03]  WALL=3.925e-16  DATA=1.360e-02
Invoked: SSBroyden1 approach!
[BFGS] batch=   1  call=    34  total=1.402e-01  PDE=2.056e-02 [colloc=1.833e-02, cfd=2.232e-03]  WALL=3.949e-16  DATA=1.359e-02
Invoked: SSBroyden1 approach!
[BFGS] batch=   1  call=    35  total=1.397e-01  PDE=1.993e-02 [colloc=1.778e-02, cfd=2.145e-03]  WALL=3.780e-16  DATA=1.381e-02
Invoked: SSBroyden1 approach!
[BFGS] batch=   1  call=    36  total=1.391e-01  PDE=1.988e-02 [colloc=1.777e-02, cfd=2.107e-03]  WALL=3.773e-16  DATA=1.375e-02
Invoked: SSBroyden1 approach!
[BFGS] batch=   1  call=    37  total=1.389e-01  PDE=2.021e-02 [colloc=1.799e-02, cfd=2.225e-03]  WALL=3.857e-16  DATA=1.351e-02
Invoked: SSBroyden1 approach!
[BFGS] batch=   1  call=    38  total=1.383e-01  PDE=1.999e-02 [colloc=1.785e-02, cfd=2.138e-03]  WALL=3.833e-16  DATA=1.354e-02
Invoked: SSBroyden1 approach!
[BFGS] batch=   1  call=    39  total=1.376e-01  PDE=1.969e-02 [colloc=1.758e-02, cfd=2.112e-03]  WALL=3.734e-16  DATA=1.355e-02
Invoked: SSBroyden1 approach!
[BFGS] batch=   1  call=    40  total=1.369e-01  PDE=1.957e-02 [colloc=1.748e-02, cfd=2.086e-03]  WALL=3.752e-16  DATA=1.354e-02
Invoked: SSBroyden1 approach!
[BFGS] batch=   1  call=    41  total=1.366e-01  PDE=1.948e-02 [colloc=1.747e-02, cfd=2.014e-03]  WALL=3.898e-16  DATA=1.349e-02
Invoked: SSBroyden1 approach!
[BFGS] batch=   1  call=    42  total=1.361e-01  PDE=1.922e-02 [colloc=1.720e-02, cfd=2.019e-03]  WALL=3.771e-16  DATA=1.354e-02
Invoked: SSBroyden1 approach!
[BFGS] batch=   1  call=    43  total=1.356e-01  PDE=1.909e-02 [colloc=1.710e-02, cfd=1.990e-03]  WALL=3.758e-16  DATA=1.351e-02
Invoked: SSBroyden1 approach!
[BFGS] batch=   1  call=    44  total=1.349e-01  PDE=1.943e-02 [colloc=1.741e-02, cfd=2.016e-03]  WALL=3.874e-16  DATA=1.325e-02
Invoked: SSBroyden1 approach!
[BFGS] batch=   1  call=    45  total=1.342e-01  PDE=1.930e-02 [colloc=1.724e-02, cfd=2.058e-03]  WALL=3.667e-16  DATA=1.323e-02
Invoked: SSBroyden1 approach!
[BFGS] batch=   1  call=    46  total=1.334e-01  PDE=1.965e-02 [colloc=1.755e-02, cfd=2.101e-03]  WALL=3.856e-16  DATA=1.289e-02
Invoked: SSBroyden1 approach!
[BFGS] batch=   1  call=    47  total=1.331e-01  PDE=2.054e-02 [colloc=1.828e-02, cfd=2.251e-03]  WALL=4.368e-16  DATA=1.237e-02
Invoked: SSBroyden1 approach!
[BFGS] batch=   1  call=    48  total=1.327e-01  PDE=2.034e-02 [colloc=1.806e-02, cfd=2.280e-03]  WALL=4.377e-16  DATA=1.240e-02
Invoked: SSBroyden1 approach!
[BFGS] batch=   1  call=    49  total=1.320e-01  PDE=2.015e-02 [colloc=1.786e-02, cfd=2.292e-03]  WALL=4.343e-16  DATA=1.240e-02
Invoked: SSBroyden1 approach!
[BFGS] batch=   1  call=    50  total=1.317e-01  PDE=1.992e-02 [colloc=1.756e-02, cfd=2.361e-03]  WALL=4.369e-16  DATA=1.247e-02
Invoked: SSBroyden1 approach!
[BFGS] batch=   1  call=    51  total=1.314e-01  PDE=1.984e-02 [colloc=1.748e-02, cfd=2.364e-03]  WALL=4.349e-16  DATA=1.245e-02
Invoked: SSBroyden1 approach!
[BFGS] batch=   1  call=    52  total=1.309e-01  PDE=1.971e-02 [colloc=1.741e-02, cfd=2.297e-03]  WALL=4.219e-16  DATA=1.245e-02
Invoked: SSBroyden1 approach!
[BFGS] batch=   1  call=    53  total=1.303e-01  PDE=1.973e-02 [colloc=1.746e-02, cfd=2.265e-03]  WALL=4.125e-16  DATA=1.233e-02
Invoked: SSBroyden1 approach!
[BFGS] batch=   1  call=    54  total=1.297e-01  PDE=1.954e-02 [colloc=1.719e-02, cfd=2.348e-03]  WALL=3.983e-16  DATA=1.232e-02
Invoked: SSBroyden1 approach!
[BFGS] batch=   1  call=    55  total=1.292e-01  PDE=1.994e-02 [colloc=1.756e-02, cfd=2.383e-03]  WALL=4.102e-16  DATA=1.207e-02
Invoked: SSBroyden1 approach!
[BFGS] batch=   1  call=    56  total=1.287e-01  PDE=2.004e-02 [colloc=1.773e-02, cfd=2.315e-03]  WALL=4.219e-16  DATA=1.195e-02
Invoked: SSBroyden1 approach!
[BFGS] batch=   1  call=    57  total=1.284e-01  PDE=2.018e-02 [colloc=1.797e-02, cfd=2.205e-03]  WALL=4.284e-16  DATA=1.182e-02
Invoked: SSBroyden1 approach!
[BFGS] batch=   1  call=    58  total=1.281e-01  PDE=1.979e-02 [colloc=1.761e-02, cfd=2.181e-03]  WALL=4.189e-16  DATA=1.192e-02
Invoked: SSBroyden1 approach!
[BFGS] batch=   1  call=    59  total=1.275e-01  PDE=1.962e-02 [colloc=1.747e-02, cfd=2.149e-03]  WALL=4.219e-16  DATA=1.189e-02
Invoked: SSBroyden1 approach!
[BFGS] batch=   1  call=    60  total=1.264e-01  PDE=1.935e-02 [colloc=1.727e-02, cfd=2.078e-03]  WALL=4.258e-16  DATA=1.186e-02
Invoked: SSBroyden1 approach!
[BFGS] batch=   1  call=    62  total=1.258e-01  PDE=1.929e-02 [colloc=1.719e-02, cfd=2.092e-03]  WALL=4.355e-16  DATA=1.176e-02
Invoked: SSBroyden1 approach!
[BFGS] batch=   1  call=    64  total=1.257e-01  PDE=1.920e-02 [colloc=1.707e-02, cfd=2.132e-03]  WALL=4.336e-16  DATA=1.174e-02
Invoked: SSBroyden1 approach!
[BFGS] batch=   1  call=    65  total=1.255e-01  PDE=1.918e-02 [colloc=1.705e-02, cfd=2.131e-03]  WALL=4.338e-16  DATA=1.172e-02
Invoked: SSBroyden1 approach!
[BFGS] batch=   1  call=    66  total=1.251e-01  PDE=1.905e-02 [colloc=1.694e-02, cfd=2.110e-03]  WALL=4.338e-16  DATA=1.173e-02
Invoked: SSBroyden1 approach!
[BFGS] batch=   1  call=    67  total=1.243e-01  PDE=1.895e-02 [colloc=1.688e-02, cfd=2.074e-03]  WALL=4.427e-16  DATA=1.163e-02
Invoked: SSBroyden1 approach!
[BFGS] batch=   1  call=    69  total=1.240e-01  PDE=1.890e-02 [colloc=1.686e-02, cfd=2.037e-03]  WALL=4.482e-16  DATA=1.160e-02
Invoked: SSBroyden1 approach!
[BFGS] batch=   1  call=    70  total=1.237e-01  PDE=1.896e-02 [colloc=1.693e-02, cfd=2.032e-03]  WALL=4.547e-16  DATA=1.150e-02
Invoked: SSBroyden1 approach!
[BFGS] batch=   1  call=    71  total=1.230e-01  PDE=1.912e-02 [colloc=1.709e-02, cfd=2.028e-03]  WALL=4.601e-16  DATA=1.135e-02
Invoked: SSBroyden1 approach!
[BFGS] batch=   1  call=    72  total=1.224e-01  PDE=1.866e-02 [colloc=1.662e-02, cfd=2.040e-03]  WALL=4.318e-16  DATA=1.148e-02
Invoked: SSBroyden1 approach!
[BFGS] batch=   1  call=    73  total=1.220e-01  PDE=1.893e-02 [colloc=1.680e-02, cfd=2.128e-03]  WALL=4.728e-16  DATA=1.126e-02
Invoked: SSBroyden1 approach!
[BFGS] batch=   1  call=    74  total=1.215e-01  PDE=1.877e-02 [colloc=1.662e-02, cfd=2.145e-03]  WALL=4.723e-16  DATA=1.125e-02
Invoked: SSBroyden1 approach!
[BFGS] batch=   1  call=    75  total=1.209e-01  PDE=1.906e-02 [colloc=1.682e-02, cfd=2.249e-03]  WALL=4.860e-16  DATA=1.102e-02
Invoked: SSBroyden1 approach!
[BFGS] batch=   1  call=    76  total=1.205e-01  PDE=1.939e-02 [colloc=1.698e-02, cfd=2.414e-03]  WALL=4.980e-16  DATA=1.082e-02
Invoked: SSBroyden1 approach!
[BFGS] batch=   1  call=    77  total=1.197e-01  PDE=1.916e-02 [colloc=1.667e-02, cfd=2.489e-03]  WALL=4.989e-16  DATA=1.083e-02
Invoked: SSBroyden1 approach!
[BFGS] batch=   1  call=    78  total=1.189e-01  PDE=1.897e-02 [colloc=1.643e-02, cfd=2.539e-03]  WALL=4.868e-16  DATA=1.075e-02
Invoked: SSBroyden1 approach!
[BFGS] batch=   1  call=    80  total=1.185e-01  PDE=1.922e-02 [colloc=1.665e-02, cfd=2.568e-03]  WALL=5.021e-16  DATA=1.054e-02
Invoked: SSBroyden1 approach!
[BFGS] batch=   1  call=    81  total=1.179e-01  PDE=1.916e-02 [colloc=1.644e-02, cfd=2.723e-03]  WALL=5.047e-16  DATA=1.047e-02
Invoked: SSBroyden1 approach!
[BFGS] batch=   1  call=    82  total=1.174e-01  PDE=1.948e-02 [colloc=1.657e-02, cfd=2.913e-03]  WALL=5.111e-16  DATA=1.023e-02
Invoked: SSBroyden1 approach!
[BFGS] batch=   1  call=    83  total=1.166e-01  PDE=1.950e-02 [colloc=1.636e-02, cfd=3.142e-03]  WALL=5.077e-16  DATA=1.008e-02
Invoked: SSBroyden1 approach!
[BFGS] batch=   1  call=    84  total=1.157e-01  PDE=2.005e-02 [colloc=1.667e-02, cfd=3.377e-03]  WALL=5.112e-16  DATA=9.691e-03
Invoked: SSBroyden1 approach!
[BFGS] batch=   1  call=    85  total=1.151e-01  PDE=2.032e-02 [colloc=1.664e-02, cfd=3.686e-03]  WALL=5.480e-16  DATA=9.448e-03
Invoked: SSBroyden1 approach!
[BFGS] batch=   1  call=    86  total=1.144e-01  PDE=2.047e-02 [colloc=1.664e-02, cfd=3.831e-03]  WALL=5.590e-16  DATA=9.264e-03
Invoked: SSBroyden1 approach!
[BFGS] batch=   1  call=    87  total=1.138e-01  PDE=2.077e-02 [colloc=1.680e-02, cfd=3.970e-03]  WALL=5.914e-16  DATA=8.996e-03
Invoked: SSBroyden1 approach!
[BFGS] batch=   1  call=    88  total=1.131e-01  PDE=2.064e-02 [colloc=1.672e-02, cfd=3.926e-03]  WALL=5.843e-16  DATA=8.913e-03
Invoked: SSBroyden1 approach!
[BFGS] batch=   1  call=    89  total=1.123e-01  PDE=2.107e-02 [colloc=1.714e-02, cfd=3.924e-03]  WALL=6.141e-16  DATA=8.577e-03
Invoked: SSBroyden1 approach!
[BFGS] batch=   1  call=    90  total=1.115e-01  PDE=2.110e-02 [colloc=1.708e-02, cfd=4.021e-03]  WALL=5.978e-16  DATA=8.419e-03
Invoked: SSBroyden1 approach!
[BFGS] batch=   1  call=    91  total=1.109e-01  PDE=2.091e-02 [colloc=1.698e-02, cfd=3.927e-03]  WALL=5.580e-16  DATA=8.385e-03
Invoked: SSBroyden1 approach!
[BFGS] batch=   1  call=    92  total=1.100e-01  PDE=2.118e-02 [colloc=1.730e-02, cfd=3.880e-03]  WALL=5.802e-16  DATA=8.115e-03
Invoked: SSBroyden1 approach!
[BFGS] batch=   1  call=    93  total=1.098e-01  PDE=2.165e-02 [colloc=1.781e-02, cfd=3.840e-03]  WALL=6.006e-16  DATA=7.811e-03
Invoked: SSBroyden1 approach!
[BFGS] batch=   1  call=    94  total=1.092e-01  PDE=2.153e-02 [colloc=1.769e-02, cfd=3.843e-03]  WALL=5.990e-16  DATA=7.791e-03
Invoked: SSBroyden1 approach!
[BFGS] batch=   1  call=    95  total=1.080e-01  PDE=2.135e-02 [colloc=1.752e-02, cfd=3.831e-03]  WALL=6.114e-16  DATA=7.688e-03
Invoked: SSBroyden1 approach!
[BFGS] batch=   1  call=    96  total=1.063e-01  PDE=2.121e-02 [colloc=1.742e-02, cfd=3.792e-03]  WALL=6.450e-16  DATA=7.437e-03
Invoked: SSBroyden1 approach!
[BFGS] batch=   1  call=    98  total=1.053e-01  PDE=2.122e-02 [colloc=1.745e-02, cfd=3.762e-03]  WALL=6.635e-16  DATA=7.262e-03
Invoked: SSBroyden1 approach!
[BFGS] batch=   1  call=    99  total=1.048e-01  PDE=2.156e-02 [colloc=1.793e-02, cfd=3.628e-03]  WALL=6.822e-16  DATA=7.012e-03
Invoked: SSBroyden1 approach!
[BFGS] batch=   1  call=   100  total=1.040e-01  PDE=2.158e-02 [colloc=1.797e-02, cfd=3.614e-03]  WALL=6.983e-16  DATA=6.887e-03
Invoked: SSBroyden1 approach!
[BFGS] batch=   1  call=   101  total=1.031e-01  PDE=2.192e-02 [colloc=1.826e-02, cfd=3.658e-03]  WALL=7.473e-16  DATA=6.570e-03
Invoked: SSBroyden1 approach!
[BFGS] batch=   1  call=   102  total=1.019e-01  PDE=2.141e-02 [colloc=1.785e-02, cfd=3.555e-03]  WALL=7.330e-16  DATA=6.611e-03
Invoked: SSBroyden1 approach!
[BFGS] batch=   1  call=   103  total=1.016e-01  PDE=2.131e-02 [colloc=1.777e-02, cfd=3.539e-03]  WALL=7.527e-16  DATA=6.573e-03
Invoked: SSBroyden1 approach!
[BFGS] batch=   1  call=   104  total=1.012e-01  PDE=2.139e-02 [colloc=1.789e-02, cfd=3.499e-03]  WALL=7.520e-16  DATA=6.467e-03
Invoked: SSBroyden1 approach!
[BFGS] batch=   1  call=   105  total=1.005e-01  PDE=2.126e-02 [colloc=1.782e-02, cfd=3.442e-03]  WALL=7.406e-16  DATA=6.437e-03
Invoked: SSBroyden1 approach!
[BFGS] batch=   1  call=   106  total=1.002e-01  PDE=2.093e-02 [colloc=1.745e-02, cfd=3.483e-03]  WALL=7.283e-16  DATA=6.514e-03
Invoked: SSBroyden1 approach!
[BFGS] batch=   1  call=   107  total=9.965e-02  PDE=2.087e-02 [colloc=1.743e-02, cfd=3.439e-03]  WALL=7.319e-16  DATA=6.454e-03
Invoked: SSBroyden1 approach!
[BFGS] batch=   1  call=   108  total=9.873e-02  PDE=2.071e-02 [colloc=1.732e-02, cfd=3.392e-03]  WALL=7.367e-16  DATA=6.379e-03
Invoked: SSBroyden1 approach!
[BFGS] batch=   1  call=   109  total=9.759e-02  PDE=2.066e-02 [colloc=1.733e-02, cfd=3.330e-03]  WALL=7.859e-16  DATA=6.196e-03
Invoked: SSBroyden1 approach!
[BFGS] batch=   1  call=   110  total=9.622e-02  PDE=2.000e-02 [colloc=1.684e-02, cfd=3.162e-03]  WALL=7.662e-16  DATA=6.263e-03
Invoked: SSBroyden1 approach!
[BFGS] batch=   1  call=   111  total=9.543e-02  PDE=2.008e-02 [colloc=1.696e-02, cfd=3.115e-03]  WALL=8.215e-16  DATA=6.100e-03
Invoked: SSBroyden1 approach!
[BFGS] batch=   1  call=   112  total=9.510e-02  PDE=1.963e-02 [colloc=1.645e-02, cfd=3.178e-03]  WALL=8.002e-16  DATA=6.228e-03
Invoked: SSBroyden1 approach!
[BFGS] batch=   1  call=   113  total=9.459e-02  PDE=1.952e-02 [colloc=1.643e-02, cfd=3.097e-03]  WALL=7.978e-16  DATA=6.198e-03
Invoked: SSBroyden1 approach!
[BFGS] batch=   1  call=   114  total=9.412e-02  PDE=1.940e-02 [colloc=1.641e-02, cfd=2.989e-03]  WALL=7.986e-16  DATA=6.189e-03
Invoked: SSBroyden1 approach!
[BFGS] batch=   1  call=   115  total=9.339e-02  PDE=1.908e-02 [colloc=1.613e-02, cfd=2.956e-03]  WALL=7.832e-16  DATA=6.241e-03
Invoked: SSBroyden1 approach!
[BFGS] batch=   1  call=   116  total=9.248e-02  PDE=1.887e-02 [colloc=1.583e-02, cfd=3.040e-03]  WALL=7.873e-16  DATA=6.203e-03
Invoked: SSBroyden1 approach!
[BFGS] batch=   1  call=   117  total=9.168e-02  PDE=1.891e-02 [colloc=1.598e-02, cfd=2.933e-03]  WALL=8.117e-16  DATA=6.037e-03
Invoked: SSBroyden1 approach!
[BFGS] batch=   1  call=   118  total=9.100e-02  PDE=1.852e-02 [colloc=1.567e-02, cfd=2.847e-03]  WALL=8.115e-16  DATA=6.094e-03
Invoked: SSBroyden1 approach!
[BFGS] batch=   1  call=   119  total=9.015e-02  PDE=1.803e-02 [colloc=1.528e-02, cfd=2.747e-03]  WALL=8.036e-16  DATA=6.168e-03
Invoked: SSBroyden1 approach!
[BFGS] batch=   1  call=   120  total=8.902e-02  PDE=1.772e-02 [colloc=1.487e-02, cfd=2.847e-03]  WALL=8.122e-16  DATA=6.120e-03
Invoked: SSBroyden1 approach!
[BFGS] batch=   1  call=   121  total=8.821e-02  PDE=1.761e-02 [colloc=1.478e-02, cfd=2.838e-03]  WALL=8.534e-16  DATA=6.047e-03
Invoked: SSBroyden1 approach!
[BFGS] batch=   1  call=   122  total=8.743e-02  PDE=1.714e-02 [colloc=1.443e-02, cfd=2.704e-03]  WALL=8.452e-16  DATA=6.143e-03
Invoked: SSBroyden1 approach!
[BFGS] batch=   1  call=   123  total=8.665e-02  PDE=1.675e-02 [colloc=1.400e-02, cfd=2.741e-03]  WALL=8.471e-16  DATA=6.163e-03
Invoked: SSBroyden1 approach!
[BFGS] batch=   1  call=   124  total=8.583e-02  PDE=1.697e-02 [colloc=1.416e-02, cfd=2.811e-03]  WALL=8.735e-16  DATA=5.922e-03
Invoked: SSBroyden1 approach!
[BFGS] batch=   1  call=   125  total=8.527e-02  PDE=1.685e-02 [colloc=1.409e-02, cfd=2.765e-03]  WALL=9.110e-16  DATA=5.850e-03
Invoked: SSBroyden1 approach!
[BFGS] batch=   1  call=   126  total=8.464e-02  PDE=1.642e-02 [colloc=1.363e-02, cfd=2.790e-03]  WALL=8.793e-16  DATA=5.944e-03
Invoked: SSBroyden1 approach!
[BFGS] batch=   1  call=   127  total=8.390e-02  PDE=1.675e-02 [colloc=1.386e-02, cfd=2.888e-03]  WALL=8.923e-16  DATA=5.668e-03
Invoked: SSBroyden1 approach!
[BFGS] batch=   1  call=   128  total=8.305e-02  PDE=1.690e-02 [colloc=1.404e-02, cfd=2.854e-03]  WALL=9.445e-16  DATA=5.466e-03
Invoked: SSBroyden1 approach!
[BFGS] batch=   1  call=   129  total=8.247e-02  PDE=1.689e-02 [colloc=1.401e-02, cfd=2.882e-03]  WALL=9.346e-16  DATA=5.371e-03
Invoked: SSBroyden1 approach!
[BFGS] batch=   1  call=   130  total=8.178e-02  PDE=1.662e-02 [colloc=1.372e-02, cfd=2.898e-03]  WALL=9.389e-16  DATA=5.377e-03
Invoked: SSBroyden1 approach!
[BFGS] batch=   1  call=   131  total=8.085e-02  PDE=1.655e-02 [colloc=1.361e-02, cfd=2.946e-03]  WALL=9.544e-16  DATA=5.278e-03
Invoked: SSBroyden1 approach!
[BFGS] batch=   1  call=   132  total=8.029e-02  PDE=1.649e-02 [colloc=1.349e-02, cfd=3.005e-03]  WALL=9.730e-16  DATA=5.196e-03
Invoked: SSBroyden1 approach!
[BFGS] batch=   1  call=   133  total=7.961e-02  PDE=1.651e-02 [colloc=1.340e-02, cfd=3.109e-03]  WALL=1.005e-15  DATA=5.061e-03
Invoked: SSBroyden1 approach!
[BFGS] batch=   1  call=   134  total=7.866e-02  PDE=1.635e-02 [colloc=1.308e-02, cfd=3.267e-03]  WALL=1.058e-15  DATA=4.982e-03
Invoked: SSBroyden1 approach!
[BFGS] batch=   1  call=   135  total=7.753e-02  PDE=1.648e-02 [colloc=1.304e-02, cfd=3.443e-03]  WALL=1.095e-15  DATA=4.757e-03
Invoked: SSBroyden1 approach!
[BFGS] batch=   1  call=   136  total=7.704e-02  PDE=1.654e-02 [colloc=1.306e-02, cfd=3.483e-03]  WALL=1.168e-15  DATA=4.649e-03
Invoked: SSBroyden1 approach!
[BFGS] batch=   1  call=   137  total=7.636e-02  PDE=1.625e-02 [colloc=1.273e-02, cfd=3.520e-03]  WALL=1.177e-15  DATA=4.670e-03
Invoked: SSBroyden1 approach!
[BFGS] batch=   1  call=   138  total=7.545e-02  PDE=1.599e-02 [colloc=1.252e-02, cfd=3.473e-03]  WALL=1.204e-15  DATA=4.647e-03
Invoked: SSBroyden1 approach!
[BFGS] batch=   1  call=   139  total=7.425e-02  PDE=1.560e-02 [colloc=1.218e-02, cfd=3.419e-03]  WALL=1.231e-15  DATA=4.641e-03
Invoked: SSBroyden1 approach!
[BFGS] batch=   1  call=   140  total=7.376e-02  PDE=1.597e-02 [colloc=1.234e-02, cfd=3.635e-03]  WALL=1.287e-15  DATA=4.415e-03
Invoked: SSBroyden1 approach!
[BFGS] batch=   1  call=   141  total=7.308e-02  PDE=1.569e-02 [colloc=1.197e-02, cfd=3.721e-03]  WALL=1.309e-15  DATA=4.429e-03
Invoked: SSBroyden1 approach!
[BFGS] batch=   1  call=   142  total=7.233e-02  PDE=1.566e-02 [colloc=1.195e-02, cfd=3.718e-03]  WALL=1.342e-15  DATA=4.327e-03
Invoked: SSBroyden1 approach!
[BFGS] batch=   1  call=   143  total=7.142e-02  PDE=1.564e-02 [colloc=1.194e-02, cfd=3.704e-03]  WALL=1.400e-15  DATA=4.181e-03
Invoked: SSBroyden1 approach!
[BFGS] batch=   1  call=   144  total=7.081e-02  PDE=1.521e-02 [colloc=1.159e-02, cfd=3.613e-03]  WALL=1.405e-15  DATA=4.265e-03
Invoked: SSBroyden1 approach!
[BFGS] batch=   1  call=   145  total=7.027e-02  PDE=1.497e-02 [colloc=1.138e-02, cfd=3.585e-03]  WALL=1.459e-15  DATA=4.294e-03
Invoked: SSBroyden1 approach!
[BFGS] batch=   1  call=   146  total=6.967e-02  PDE=1.495e-02 [colloc=1.131e-02, cfd=3.638e-03]  WALL=1.458e-15  DATA=4.215e-03
Invoked: SSBroyden1 approach!
[BFGS] batch=   1  call=   147  total=6.920e-02  PDE=1.529e-02 [colloc=1.164e-02, cfd=3.651e-03]  WALL=1.528e-15  DATA=3.997e-03
Invoked: SSBroyden1 approach!
[BFGS] batch=   1  call=   148  total=6.854e-02  PDE=1.498e-02 [colloc=1.132e-02, cfd=3.659e-03]  WALL=1.501e-15  DATA=4.027e-03
Invoked: SSBroyden1 approach!
[BFGS] batch=   1  call=   149  total=6.767e-02  PDE=1.470e-02 [colloc=1.109e-02, cfd=3.612e-03]  WALL=1.518e-15  DATA=4.007e-03
Invoked: SSBroyden1 approach!
[BFGS] batch=   1  call=   150  total=6.680e-02  PDE=1.438e-02 [colloc=1.072e-02, cfd=3.656e-03]  WALL=1.566e-15  DATA=3.986e-03
Invoked: SSBroyden1 approach!
[BFGS] batch=   1  call=   151  total=6.566e-02  PDE=1.408e-02 [colloc=1.041e-02, cfd=3.670e-03]  WALL=1.580e-15  DATA=3.954e-03
Invoked: SSBroyden1 approach!
[BFGS] batch=   1  call=   152  total=6.451e-02  PDE=1.405e-02 [colloc=1.038e-02, cfd=3.665e-03]  WALL=1.622e-15  DATA=3.796e-03
Invoked: SSBroyden1 approach!
[BFGS] batch=   1  call=   153  total=6.367e-02  PDE=1.411e-02 [colloc=1.041e-02, cfd=3.700e-03]  WALL=1.633e-15  DATA=3.629e-03
Invoked: SSBroyden1 approach!
[BFGS] batch=   1  call=   154  total=6.274e-02  PDE=1.389e-02 [colloc=1.008e-02, cfd=3.805e-03]  WALL=1.676e-15  DATA=3.607e-03
Invoked: SSBroyden1 approach!
[BFGS] batch=   1  call=   155  total=6.190e-02  PDE=1.399e-02 [colloc=9.951e-03, cfd=4.042e-03]  WALL=1.716e-15  DATA=3.427e-03
Invoked: SSBroyden1 approach!
[BFGS] batch=   1  call=   157  total=6.139e-02  PDE=1.387e-02 [colloc=9.764e-03, cfd=4.104e-03]  WALL=1.715e-15  DATA=3.414e-03
Invoked: SSBroyden1 approach!
[BFGS] batch=   1  call=   158  total=6.067e-02  PDE=1.355e-02 [colloc=9.461e-03, cfd=4.090e-03]  WALL=1.701e-15  DATA=3.447e-03
Invoked: SSBroyden1 approach!
[BFGS] batch=   1  call=   159  total=5.986e-02  PDE=1.334e-02 [colloc=9.363e-03, cfd=3.973e-03]  WALL=1.722e-15  DATA=3.412e-03
Invoked: SSBroyden1 approach!
[BFGS] batch=   1  call=   160  total=5.896e-02  PDE=1.310e-02 [colloc=9.235e-03, cfd=3.861e-03]  WALL=1.744e-15  DATA=3.368e-03
Invoked: SSBroyden1 approach!
[BFGS] batch=   1  call=   161  total=5.786e-02  PDE=1.275e-02 [colloc=9.025e-03, cfd=3.723e-03]  WALL=1.787e-15  DATA=3.333e-03
Invoked: SSBroyden1 approach!
[BFGS] batch=   1  call=   162  total=5.676e-02  PDE=1.251e-02 [colloc=8.809e-03, cfd=3.698e-03]  WALL=1.818e-15  DATA=3.250e-03
Invoked: SSBroyden1 approach!
[BFGS] batch=   1  call=   163  total=5.601e-02  PDE=1.194e-02 [colloc=8.235e-03, cfd=3.710e-03]  WALL=1.796e-15  DATA=3.383e-03
  [PT] w_u=2.2642 w_v=8.5340 gamma=1.000 (tau_u=4.416e-01 tau_v=1.172e-01 |Du|=1.20e+01 |DRu|=2.92e+01)
[BFGS] batch 1: H0 not PD — resetting to identity.
[BFGS-END] batch=   1  last_total=5.601e-02  last_PDE=1.194e-02 [colloc=8.235e-03, cfd=3.710e-03]  last_WALL=1.796e-15  last_DATA=3.383e-03
Invoked: SSBroyden1 approach!
[BFGS] batch=   2  call=   167  total=2.429e-01  PDE=8.092e-02 [colloc=7.724e-02, cfd=3.685e-03]  WALL=2.670e-15  DATA=2.547e-03
Invoked: SSBroyden1 approach!
[BFGS] batch=   2  call=   168  total=1.862e-01  PDE=6.105e-02 [colloc=5.733e-02, cfd=3.716e-03]  WALL=3.503e-15  DATA=2.357e-03
Invoked: SSBroyden1 approach!
[BFGS] batch=   2  call=   169  total=1.332e-01  PDE=4.268e-02 [colloc=3.869e-02, cfd=3.998e-03]  WALL=2.656e-15  DATA=1.990e-03
Invoked: SSBroyden1 approach!
[BFGS] batch=   2  call=   171  total=1.305e-01  PDE=4.178e-02 [colloc=3.776e-02, cfd=4.023e-03]  WALL=2.636e-15  DATA=1.960e-03
Invoked: SSBroyden1 approach!
[BFGS] batch=   2  call=   172  total=1.255e-01  PDE=4.008e-02 [colloc=3.611e-02, cfd=3.962e-03]  WALL=2.577e-15  DATA=1.938e-03
Invoked: SSBroyden1 approach!
[BFGS] batch=   2  call=   173  total=1.194e-01  PDE=3.780e-02 [colloc=3.415e-02, cfd=3.645e-03]  WALL=2.478e-15  DATA=1.979e-03
Invoked: SSBroyden1 approach!
[BFGS] batch=   2  call=   174  total=1.119e-01  PDE=3.529e-02 [colloc=3.201e-02, cfd=3.277e-03]  WALL=2.519e-15  DATA=1.924e-03
Invoked: SSBroyden1 approach!
[BFGS] batch=   2  call=   175  total=1.096e-01  PDE=3.357e-02 [colloc=3.077e-02, cfd=2.808e-03]  WALL=2.533e-15  DATA=2.303e-03
Invoked: SSBroyden1 approach!
[BFGS] batch=   2  call=   176  total=1.056e-01  PDE=3.207e-02 [colloc=2.934e-02, cfd=2.728e-03]  WALL=2.487e-15  DATA=2.331e-03
Invoked: SSBroyden1 approach!
[BFGS] batch=   2  call=   177  total=9.999e-02  PDE=3.021e-02 [colloc=2.756e-02, cfd=2.646e-03]  WALL=2.390e-15  DATA=2.247e-03
Invoked: SSBroyden1 approach!
[BFGS] batch=   2  call=   178  total=9.168e-02  PDE=2.717e-02 [colloc=2.473e-02, cfd=2.445e-03]  WALL=2.353e-15  DATA=2.262e-03
Invoked: SSBroyden1 approach!
[BFGS] batch=   2  call=   179  total=8.531e-02  PDE=2.401e-02 [colloc=2.160e-02, cfd=2.411e-03]  WALL=2.414e-15  DATA=2.582e-03
Invoked: SSBroyden1 approach!
[BFGS] batch=   2  call=   180  total=7.711e-02  PDE=2.125e-02 [colloc=1.898e-02, cfd=2.276e-03]  WALL=2.330e-15  DATA=2.545e-03
Invoked: SSBroyden1 approach!
[BFGS] batch=   2  call=   181  total=7.480e-02  PDE=1.982e-02 [colloc=1.661e-02, cfd=3.218e-03]  WALL=2.231e-15  DATA=2.536e-03
Invoked: SSBroyden1 approach!
[BFGS] batch=   2  call=   182  total=7.151e-02  PDE=1.854e-02 [colloc=1.547e-02, cfd=3.066e-03]  WALL=2.177e-15  DATA=2.538e-03
Invoked: SSBroyden1 approach!
[BFGS] batch=   2  call=   183  total=6.690e-02  PDE=1.716e-02 [colloc=1.436e-02, cfd=2.801e-03]  WALL=2.168e-15  DATA=2.580e-03
Invoked: SSBroyden1 approach!
[BFGS] batch=   2  call=   184  total=6.410e-02  PDE=1.604e-02 [colloc=1.340e-02, cfd=2.642e-03]  WALL=2.159e-15  DATA=2.514e-03
Invoked: SSBroyden1 approach!
[BFGS] batch=   2  call=   185  total=6.028e-02  PDE=1.501e-02 [colloc=1.255e-02, cfd=2.463e-03]  WALL=2.170e-15  DATA=2.513e-03
Invoked: SSBroyden1 approach!
[BFGS] batch=   2  call=   186  total=5.569e-02  PDE=1.372e-02 [colloc=1.108e-02, cfd=2.647e-03]  WALL=2.218e-15  DATA=2.292e-03
Invoked: SSBroyden1 approach!
[BFGS] batch=   2  call=   188  total=5.388e-02  PDE=1.288e-02 [colloc=1.012e-02, cfd=2.761e-03]  WALL=2.236e-15  DATA=2.288e-03
Invoked: SSBroyden1 approach!
[BFGS] batch=   2  call=   189  total=5.149e-02  PDE=1.239e-02 [colloc=9.744e-03, cfd=2.643e-03]  WALL=2.247e-15  DATA=2.247e-03
Invoked: SSBroyden1 approach!
[BFGS] batch=   2  call=   190  total=4.956e-02  PDE=1.153e-02 [colloc=9.109e-03, cfd=2.423e-03]  WALL=2.204e-15  DATA=2.341e-03
Invoked: SSBroyden1 approach!
[BFGS] batch=   2  call=   191  total=4.679e-02  PDE=1.076e-02 [colloc=8.559e-03, cfd=2.204e-03]  WALL=2.254e-15  DATA=2.241e-03
Invoked: SSBroyden1 approach!
[BFGS] batch=   2  call=   192  total=4.495e-02  PDE=1.026e-02 [colloc=8.220e-03, cfd=2.040e-03]  WALL=2.314e-15  DATA=2.242e-03
Invoked: SSBroyden1 approach!
[BFGS] batch=   2  call=   193  total=4.289e-02  PDE=9.755e-03 [colloc=7.765e-03, cfd=1.990e-03]  WALL=2.337e-15  DATA=2.174e-03
Invoked: SSBroyden1 approach!
[BFGS] batch=   2  call=   194  total=4.138e-02  PDE=9.378e-03 [colloc=7.513e-03, cfd=1.865e-03]  WALL=2.272e-15  DATA=2.151e-03
Invoked: SSBroyden1 approach!
[BFGS] batch=   2  call=   195  total=3.981e-02  PDE=8.787e-03 [colloc=6.985e-03, cfd=1.802e-03]  WALL=2.226e-15  DATA=2.171e-03
Invoked: SSBroyden1 approach!
[BFGS] batch=   2  call=   196  total=3.887e-02  PDE=8.471e-03 [colloc=6.772e-03, cfd=1.699e-03]  WALL=2.268e-15  DATA=2.206e-03
Invoked: SSBroyden1 approach!
[BFGS] batch=   2  call=   197  total=3.781e-02  PDE=8.191e-03 [colloc=6.606e-03, cfd=1.585e-03]  WALL=2.254e-15  DATA=2.158e-03
Invoked: SSBroyden1 approach!
[BFGS] batch=   2  call=   198  total=3.676e-02  PDE=7.946e-03 [colloc=6.469e-03, cfd=1.476e-03]  WALL=2.325e-15  DATA=2.097e-03
Invoked: SSBroyden1 approach!
[BFGS] batch=   2  call=   199  total=3.581e-02  PDE=7.596e-03 [colloc=6.227e-03, cfd=1.368e-03]  WALL=2.344e-15  DATA=2.103e-03
Invoked: SSBroyden1 approach!
[BFGS] batch=   2  call=   200  total=3.509e-02  PDE=7.368e-03 [colloc=6.045e-03, cfd=1.323e-03]  WALL=2.367e-15  DATA=2.107e-03
Invoked: SSBroyden1 approach!
[BFGS] batch=   2  call=   201  total=3.422e-02  PDE=7.042e-03 [colloc=5.759e-03, cfd=1.283e-03]  WALL=2.393e-15  DATA=2.106e-03
Invoked: SSBroyden1 approach!
[BFGS] batch=   2  call=   202  total=3.329e-02  PDE=6.894e-03 [colloc=5.658e-03, cfd=1.236e-03]  WALL=2.449e-15  DATA=2.041e-03
Invoked: SSBroyden1 approach!
[BFGS] batch=   2  call=   203  total=3.250e-02  PDE=6.772e-03 [colloc=5.519e-03, cfd=1.253e-03]  WALL=2.503e-15  DATA=1.956e-03
Invoked: SSBroyden1 approach!
[BFGS] batch=   2  call=   204  total=3.196e-02  PDE=6.528e-03 [colloc=5.333e-03, cfd=1.195e-03]  WALL=2.479e-15  DATA=1.973e-03
Invoked: SSBroyden1 approach!
[BFGS] batch=   2  call=   205  total=3.132e-02  PDE=6.355e-03 [colloc=5.146e-03, cfd=1.208e-03]  WALL=2.522e-15  DATA=1.963e-03
Invoked: SSBroyden1 approach!
[BFGS] batch=   2  call=   206  total=3.066e-02  PDE=6.241e-03 [colloc=5.078e-03, cfd=1.163e-03]  WALL=2.572e-15  DATA=1.902e-03
Invoked: SSBroyden1 approach!
[BFGS] batch=   2  call=   207  total=3.024e-02  PDE=6.142e-03 [colloc=5.059e-03, cfd=1.083e-03]  WALL=2.603e-15  DATA=1.870e-03
Invoked: SSBroyden1 approach!
[BFGS] batch=   2  call=   208  total=2.965e-02  PDE=5.984e-03 [colloc=4.910e-03, cfd=1.074e-03]  WALL=2.583e-15  DATA=1.849e-03
Invoked: SSBroyden1 approach!
[BFGS] batch=   2  call=   209  total=2.911e-02  PDE=5.871e-03 [colloc=4.769e-03, cfd=1.102e-03]  WALL=2.613e-15  DATA=1.801e-03
Invoked: SSBroyden1 approach!
[BFGS] batch=   2  call=   210  total=2.884e-02  PDE=5.753e-03 [colloc=4.695e-03, cfd=1.058e-03]  WALL=2.629e-15  DATA=1.813e-03
Invoked: SSBroyden1 approach!
[BFGS] batch=   2  call=   211  total=2.837e-02  PDE=5.627e-03 [colloc=4.592e-03, cfd=1.035e-03]  WALL=2.645e-15  DATA=1.804e-03
Invoked: SSBroyden1 approach!
[BFGS] batch=   2  call=   212  total=2.786e-02  PDE=5.468e-03 [colloc=4.463e-03, cfd=1.005e-03]  WALL=2.665e-15  DATA=1.785e-03
Invoked: SSBroyden1 approach!
[BFGS] batch=   2  call=   213  total=2.731e-02  PDE=5.333e-03 [colloc=4.317e-03, cfd=1.016e-03]  WALL=2.681e-15  DATA=1.755e-03
Invoked: SSBroyden1 approach!
[BFGS] batch=   2  call=   214  total=2.685e-02  PDE=5.114e-03 [colloc=4.137e-03, cfd=9.771e-04]  WALL=2.646e-15  DATA=1.772e-03
Invoked: SSBroyden1 approach!
[BFGS] batch=   2  call=   215  total=2.678e-02  PDE=5.153e-03 [colloc=4.188e-03, cfd=9.648e-04]  WALL=2.745e-15  DATA=1.743e-03
Invoked: SSBroyden1 approach!
[BFGS] batch=   2  call=   216  total=2.657e-02  PDE=5.111e-03 [colloc=4.147e-03, cfd=9.641e-04]  WALL=2.741e-15  DATA=1.741e-03
Invoked: SSBroyden1 approach!
[BFGS] batch=   2  call=   217  total=2.625e-02  PDE=4.985e-03 [colloc=4.058e-03, cfd=9.266e-04]  WALL=2.754e-15  DATA=1.743e-03
Invoked: SSBroyden1 approach!
[BFGS] batch=   2  call=   218  total=2.575e-02  PDE=4.829e-03 [colloc=3.908e-03, cfd=9.205e-04]  WALL=2.713e-15  DATA=1.734e-03
Invoked: SSBroyden1 approach!
[BFGS] batch=   2  call=   219  total=2.517e-02  PDE=4.683e-03 [colloc=3.785e-03, cfd=8.981e-04]  WALL=2.729e-15  DATA=1.711e-03
Invoked: SSBroyden1 approach!
[BFGS] batch=   2  call=   221  total=2.495e-02  PDE=4.612e-03 [colloc=3.747e-03, cfd=8.649e-04]  WALL=2.706e-15  DATA=1.708e-03
Invoked: SSBroyden1 approach!
[BFGS] batch=   2  call=   222  total=2.477e-02  PDE=4.555e-03 [colloc=3.718e-03, cfd=8.371e-04]  WALL=2.712e-15  DATA=1.692e-03
Invoked: SSBroyden1 approach!
[BFGS] batch=   2  call=   223  total=2.450e-02  PDE=4.446e-03 [colloc=3.638e-03, cfd=8.082e-04]  WALL=2.717e-15  DATA=1.698e-03
Invoked: SSBroyden1 approach!
[BFGS] batch=   2  call=   224  total=2.421e-02  PDE=4.433e-03 [colloc=3.622e-03, cfd=8.110e-04]  WALL=2.745e-15  DATA=1.660e-03
Invoked: SSBroyden1 approach!
[BFGS] batch=   2  call=   225  total=2.378e-02  PDE=4.342e-03 [colloc=3.552e-03, cfd=7.897e-04]  WALL=2.766e-15  DATA=1.645e-03
Invoked: SSBroyden1 approach!
[BFGS] batch=   2  call=   227  total=2.356e-02  PDE=4.295e-03 [colloc=3.533e-03, cfd=7.618e-04]  WALL=2.791e-15  DATA=1.624e-03
Invoked: SSBroyden1 approach!
[BFGS] batch=   2  call=   228  total=2.342e-02  PDE=4.239e-03 [colloc=3.490e-03, cfd=7.487e-04]  WALL=2.847e-15  DATA=1.603e-03
Invoked: SSBroyden1 approach!
[BFGS] batch=   2  call=   229  total=2.318e-02  PDE=4.195e-03 [colloc=3.434e-03, cfd=7.612e-04]  WALL=2.849e-15  DATA=1.586e-03
Invoked: SSBroyden1 approach!
[BFGS] batch=   2  call=   230  total=2.299e-02  PDE=4.155e-03 [colloc=3.414e-03, cfd=7.413e-04]  WALL=2.836e-15  DATA=1.560e-03
Invoked: SSBroyden1 approach!
[BFGS] batch=   2  call=   231  total=2.273e-02  PDE=4.070e-03 [colloc=3.350e-03, cfd=7.199e-04]  WALL=2.846e-15  DATA=1.558e-03
Invoked: SSBroyden1 approach!
[BFGS] batch=   2  call=   232  total=2.265e-02  PDE=4.146e-03 [colloc=3.371e-03, cfd=7.747e-04]  WALL=2.857e-15  DATA=1.505e-03
Invoked: SSBroyden1 approach!
[BFGS] batch=   2  call=   233  total=2.248e-02  PDE=4.107e-03 [colloc=3.343e-03, cfd=7.645e-04]  WALL=2.861e-15  DATA=1.497e-03
Invoked: SSBroyden1 approach!
[BFGS] batch=   2  call=   234  total=2.224e-02  PDE=4.056e-03 [colloc=3.292e-03, cfd=7.644e-04]  WALL=2.857e-15  DATA=1.486e-03
Invoked: SSBroyden1 approach!
[BFGS] batch=   2  call=   235  total=2.199e-02  PDE=3.954e-03 [colloc=3.217e-03, cfd=7.375e-04]  WALL=2.867e-15  DATA=1.486e-03
Invoked: SSBroyden1 approach!
[BFGS] batch=   2  call=   236  total=2.178e-02  PDE=3.894e-03 [colloc=3.187e-03, cfd=7.076e-04]  WALL=2.893e-15  DATA=1.480e-03
Invoked: SSBroyden1 approach!
[BFGS] batch=   2  call=   237  total=2.162e-02  PDE=3.805e-03 [colloc=3.133e-03, cfd=6.720e-04]  WALL=2.883e-15  DATA=1.484e-03
Invoked: SSBroyden1 approach!
[BFGS] batch=   2  call=   238  total=2.149e-02  PDE=3.811e-03 [colloc=3.153e-03, cfd=6.584e-04]  WALL=2.887e-15  DATA=1.458e-03
Invoked: SSBroyden1 approach!
[BFGS] batch=   2  call=   239  total=2.131e-02  PDE=3.757e-03 [colloc=3.108e-03, cfd=6.496e-04]  WALL=2.865e-15  DATA=1.453e-03
Invoked: SSBroyden1 approach!
[BFGS] batch=   2  call=   240  total=2.102e-02  PDE=3.772e-03 [colloc=3.102e-03, cfd=6.694e-04]  WALL=2.855e-15  DATA=1.409e-03
Invoked: SSBroyden1 approach!
[BFGS] batch=   2  call=   241  total=2.083e-02  PDE=3.736e-03 [colloc=3.045e-03, cfd=6.912e-04]  WALL=2.878e-15  DATA=1.387e-03
Invoked: SSBroyden1 approach!
[BFGS] batch=   2  call=   242  total=2.066e-02  PDE=3.711e-03 [colloc=3.009e-03, cfd=7.019e-04]  WALL=2.860e-15  DATA=1.369e-03
Invoked: SSBroyden1 approach!
[BFGS] batch=   2  call=   243  total=2.045e-02  PDE=3.682e-03 [colloc=2.951e-03, cfd=7.303e-04]  WALL=2.866e-15  DATA=1.351e-03
Invoked: SSBroyden1 approach!
[BFGS] batch=   2  call=   244  total=2.032e-02  PDE=3.673e-03 [colloc=2.957e-03, cfd=7.167e-04]  WALL=2.886e-15  DATA=1.339e-03
Invoked: SSBroyden1 approach!
[BFGS] batch=   2  call=   245  total=2.020e-02  PDE=3.650e-03 [colloc=2.935e-03, cfd=7.159e-04]  WALL=2.874e-15  DATA=1.328e-03
Invoked: SSBroyden1 approach!
[BFGS] batch=   2  call=   246  total=1.997e-02  PDE=3.602e-03 [colloc=2.881e-03, cfd=7.219e-04]  WALL=2.885e-15  DATA=1.320e-03
Invoked: SSBroyden1 approach!
[BFGS] batch=   2  call=   247  total=1.992e-02  PDE=3.578e-03 [colloc=2.843e-03, cfd=7.356e-04]  WALL=2.849e-15  DATA=1.305e-03
Invoked: SSBroyden1 approach!
[BFGS] batch=   2  call=   248  total=1.973e-02  PDE=3.555e-03 [colloc=2.818e-03, cfd=7.368e-04]  WALL=2.855e-15  DATA=1.300e-03
Invoked: SSBroyden1 approach!
[BFGS] batch=   2  call=   249  total=1.954e-02  PDE=3.493e-03 [colloc=2.765e-03, cfd=7.277e-04]  WALL=2.899e-15  DATA=1.294e-03
Invoked: SSBroyden1 approach!
[BFGS] batch=   2  call=   250  total=1.940e-02  PDE=3.417e-03 [colloc=2.716e-03, cfd=7.008e-04]  WALL=2.912e-15  DATA=1.303e-03
Invoked: SSBroyden1 approach!
[BFGS] batch=   2  call=   251  total=1.936e-02  PDE=3.391e-03 [colloc=2.688e-03, cfd=7.028e-04]  WALL=2.923e-15  DATA=1.301e-03
Invoked: SSBroyden1 approach!
[BFGS] batch=   2  call=   252  total=1.928e-02  PDE=3.377e-03 [colloc=2.682e-03, cfd=6.951e-04]  WALL=2.934e-15  DATA=1.297e-03
Invoked: SSBroyden1 approach!
[BFGS] batch=   2  call=   253  total=1.910e-02  PDE=3.330e-03 [colloc=2.644e-03, cfd=6.855e-04]  WALL=2.948e-15  DATA=1.295e-03
Invoked: SSBroyden1 approach!
[BFGS] batch=   2  call=   254  total=1.895e-02  PDE=3.262e-03 [colloc=2.613e-03, cfd=6.487e-04]  WALL=2.996e-15  DATA=1.295e-03
Invoked: SSBroyden1 approach!
[BFGS] batch=   2  call=   256  total=1.883e-02  PDE=3.230e-03 [colloc=2.591e-03, cfd=6.396e-04]  WALL=2.982e-15  DATA=1.298e-03
Invoked: SSBroyden1 approach!
[BFGS] batch=   2  call=   257  total=1.876e-02  PDE=3.151e-03 [colloc=2.524e-03, cfd=6.275e-04]  WALL=3.015e-15  DATA=1.310e-03
Invoked: SSBroyden1 approach!
[BFGS] batch=   2  call=   258  total=1.864e-02  PDE=3.153e-03 [colloc=2.533e-03, cfd=6.198e-04]  WALL=3.032e-15  DATA=1.296e-03
Invoked: SSBroyden1 approach!
[BFGS] batch=   2  call=   259  total=1.851e-02  PDE=3.118e-03 [colloc=2.517e-03, cfd=6.008e-04]  WALL=3.028e-15  DATA=1.299e-03
Invoked: SSBroyden1 approach!
[BFGS] batch=   2  call=   260  total=1.841e-02  PDE=3.108e-03 [colloc=2.503e-03, cfd=6.046e-04]  WALL=3.010e-15  DATA=1.289e-03
Invoked: SSBroyden1 approach!
[BFGS] batch=   2  call=   261  total=1.837e-02  PDE=3.092e-03 [colloc=2.491e-03, cfd=6.009e-04]  WALL=3.034e-15  DATA=1.285e-03
Invoked: SSBroyden1 approach!
[BFGS] batch=   2  call=   262  total=1.833e-02  PDE=3.086e-03 [colloc=2.482e-03, cfd=6.038e-04]  WALL=3.035e-15  DATA=1.281e-03
Invoked: SSBroyden1 approach!
[BFGS] batch=   2  call=   263  total=1.820e-02  PDE=3.074e-03 [colloc=2.466e-03, cfd=6.076e-04]  WALL=3.045e-15  DATA=1.277e-03
Invoked: SSBroyden1 approach!
[BFGS] batch=   2  call=   264  total=1.806e-02  PDE=3.054e-03 [colloc=2.443e-03, cfd=6.115e-04]  WALL=3.062e-15  DATA=1.263e-03
Invoked: SSBroyden1 approach!
[BFGS] batch=   2  call=   265  total=1.789e-02  PDE=3.027e-03 [colloc=2.396e-03, cfd=6.315e-04]  WALL=3.084e-15  DATA=1.263e-03
Invoked: SSBroyden1 approach!
[BFGS] batch=   2  call=   267  total=1.783e-02  PDE=3.027e-03 [colloc=2.398e-03, cfd=6.283e-04]  WALL=3.086e-15  DATA=1.254e-03
Invoked: SSBroyden1 approach!
[BFGS] batch=   2  call=   268  total=1.778e-02  PDE=2.999e-03 [colloc=2.375e-03, cfd=6.231e-04]  WALL=3.089e-15  DATA=1.252e-03
Invoked: SSBroyden1 approach!
[BFGS] batch=   2  call=   269  total=1.764e-02  PDE=2.977e-03 [colloc=2.359e-03, cfd=6.180e-04]  WALL=3.089e-15  DATA=1.251e-03
Invoked: SSBroyden1 approach!
[BFGS] batch=   2  call=   270  total=1.753e-02  PDE=2.956e-03 [colloc=2.338e-03, cfd=6.178e-04]  WALL=3.089e-15  DATA=1.239e-03
Invoked: SSBroyden1 approach!
[BFGS] batch=   2  call=   271  total=1.745e-02  PDE=2.914e-03 [colloc=2.283e-03, cfd=6.311e-04]  WALL=3.077e-15  DATA=1.238e-03
Invoked: SSBroyden1 approach!
[BFGS] batch=   2  call=   272  total=1.736e-02  PDE=2.910e-03 [colloc=2.295e-03, cfd=6.150e-04]  WALL=3.097e-15  DATA=1.224e-03
Invoked: SSBroyden1 approach!
[BFGS] batch=   2  call=   273  total=1.725e-02  PDE=2.868e-03 [colloc=2.269e-03, cfd=5.995e-04]  WALL=3.084e-15  DATA=1.229e-03
Invoked: SSBroyden1 approach!
[BFGS] batch=   2  call=   275  total=1.723e-02  PDE=2.861e-03 [colloc=2.271e-03, cfd=5.902e-04]  WALL=3.093e-15  DATA=1.223e-03
Invoked: SSBroyden1 approach!
[BFGS] batch=   2  call=   276  total=1.718e-02  PDE=2.851e-03 [colloc=2.261e-03, cfd=5.906e-04]  WALL=3.093e-15  DATA=1.223e-03
Invoked: SSBroyden1 approach!
[BFGS] batch=   2  call=   277  total=1.711e-02  PDE=2.821e-03 [colloc=2.234e-03, cfd=5.870e-04]  WALL=3.089e-15  DATA=1.222e-03
Invoked: SSBroyden1 approach!
[BFGS] batch=   2  call=   278  total=1.694e-02  PDE=2.786e-03 [colloc=2.212e-03, cfd=5.748e-04]  WALL=3.072e-15  DATA=1.219e-03
Invoked: SSBroyden1 approach!
[BFGS] batch=   2  call=   279  total=1.686e-02  PDE=2.704e-03 [colloc=2.133e-03, cfd=5.708e-04]  WALL=3.070e-15  DATA=1.234e-03
Invoked: SSBroyden1 approach!
[BFGS] batch=   2  call=   280  total=1.680e-02  PDE=2.687e-03 [colloc=2.106e-03, cfd=5.809e-04]  WALL=3.059e-15  DATA=1.229e-03
Invoked: SSBroyden1 approach!
[BFGS] batch=   2  call=   281  total=1.674e-02  PDE=2.701e-03 [colloc=2.115e-03, cfd=5.858e-04]  WALL=3.058e-15  DATA=1.214e-03
Invoked: SSBroyden1 approach!
[BFGS] batch=   2  call=   282  total=1.672e-02  PDE=2.674e-03 [colloc=2.078e-03, cfd=5.961e-04]  WALL=3.064e-15  DATA=1.215e-03
Invoked: SSBroyden1 approach!
[BFGS] batch=   2  call=   283  total=1.663e-02  PDE=2.671e-03 [colloc=2.072e-03, cfd=5.989e-04]  WALL=3.063e-15  DATA=1.212e-03
Invoked: SSBroyden1 approach!
[BFGS] batch=   2  call=   284  total=1.662e-02  PDE=2.690e-03 [colloc=2.087e-03, cfd=6.034e-04]  WALL=3.057e-15  DATA=1.193e-03
Invoked: SSBroyden1 approach!
[BFGS] batch=   2  call=   285  total=1.656e-02  PDE=2.683e-03 [colloc=2.079e-03, cfd=6.040e-04]  WALL=3.057e-15  DATA=1.193e-03
Invoked: SSBroyden1 approach!
[BFGS] batch=   2  call=   286  total=1.644e-02  PDE=2.668e-03 [colloc=2.062e-03, cfd=6.055e-04]  WALL=3.043e-15  DATA=1.189e-03
Invoked: SSBroyden1 approach!
[BFGS] batch=   2  call=   287  total=1.641e-02  PDE=2.656e-03 [colloc=2.035e-03, cfd=6.208e-04]  WALL=3.016e-15  DATA=1.183e-03
Invoked: SSBroyden1 approach!
[BFGS] batch=   2  call=   288  total=1.638e-02  PDE=2.644e-03 [colloc=2.026e-03, cfd=6.177e-04]  WALL=3.011e-15  DATA=1.182e-03
Invoked: SSBroyden1 approach!
[BFGS] batch=   2  call=   289  total=1.633e-02  PDE=2.624e-03 [colloc=2.012e-03, cfd=6.114e-04]  WALL=3.013e-15  DATA=1.184e-03
Invoked: SSBroyden1 approach!
[BFGS] batch=   2  call=   290  total=1.622e-02  PDE=2.604e-03 [colloc=2.001e-03, cfd=6.032e-04]  WALL=3.008e-15  DATA=1.183e-03
Invoked: SSBroyden1 approach!
[BFGS] batch=   2  call=   291  total=1.614e-02  PDE=2.593e-03 [colloc=2.009e-03, cfd=5.840e-04]  WALL=3.024e-15  DATA=1.175e-03
Invoked: SSBroyden1 approach!
[BFGS] batch=   2  call=   292  total=1.606e-02  PDE=2.572e-03 [colloc=1.989e-03, cfd=5.829e-04]  WALL=3.018e-15  DATA=1.174e-03
Invoked: SSBroyden1 approach!
[BFGS] batch=   2  call=   293  total=1.605e-02  PDE=2.544e-03 [colloc=1.959e-03, cfd=5.852e-04]  WALL=3.026e-15  DATA=1.175e-03
Invoked: SSBroyden1 approach!
[BFGS] batch=   2  call=   300  total=1.600e-02  PDE=2.537e-03 [colloc=1.953e-03, cfd=5.838e-04]  WALL=3.029e-15  DATA=1.173e-03
Invoked: SSBroyden1 approach!
[BFGS] batch=   2  call=   301  total=1.592e-02  PDE=2.507e-03 [colloc=1.933e-03, cfd=5.737e-04]  WALL=3.038e-15  DATA=1.174e-03
Invoked: SSBroyden1 approach!
[BFGS] batch=   2  call=   302  total=1.584e-02  PDE=2.508e-03 [colloc=1.935e-03, cfd=5.734e-04]  WALL=3.041e-15  DATA=1.163e-03
Invoked: SSBroyden1 approach!
[BFGS] batch=   2  call=   303  total=1.581e-02  PDE=2.480e-03 [colloc=1.889e-03, cfd=5.912e-04]  WALL=3.071e-15  DATA=1.165e-03
Invoked: SSBroyden1 approach!
[BFGS] batch=   2  call=   305  total=1.579e-02  PDE=2.475e-03 [colloc=1.885e-03, cfd=5.905e-04]  WALL=3.069e-15  DATA=1.166e-03
Invoked: SSBroyden1 approach!
[BFGS] batch=   2  call=   306  total=1.577e-02  PDE=2.459e-03 [colloc=1.868e-03, cfd=5.909e-04]  WALL=3.069e-15  DATA=1.167e-03
Invoked: SSBroyden1 approach!
[BFGS] batch=   2  call=   307  total=1.572e-02  PDE=2.451e-03 [colloc=1.862e-03, cfd=5.893e-04]  WALL=3.064e-15  DATA=1.167e-03
Invoked: SSBroyden1 approach!
[BFGS] batch=   2  call=   308  total=1.567e-02  PDE=2.445e-03 [colloc=1.854e-03, cfd=5.908e-04]  WALL=3.069e-15  DATA=1.167e-03
Invoked: SSBroyden1 approach!
[BFGS] batch=   2  call=   309  total=1.559e-02  PDE=2.407e-03 [colloc=1.824e-03, cfd=5.831e-04]  WALL=3.056e-15  DATA=1.174e-03
Invoked: SSBroyden1 approach!
[BFGS] batch=   2  call=   310  total=1.556e-02  PDE=2.371e-03 [colloc=1.825e-03, cfd=5.463e-04]  WALL=3.067e-15  DATA=1.179e-03
Invoked: SSBroyden1 approach!
[BFGS] batch=   2  call=   311  total=1.554e-02  PDE=2.362e-03 [colloc=1.819e-03, cfd=5.439e-04]  WALL=3.061e-15  DATA=1.177e-03
Invoked: SSBroyden1 approach!
[BFGS] batch=   2  call=   312  total=1.551e-02  PDE=2.359e-03 [colloc=1.816e-03, cfd=5.431e-04]  WALL=3.061e-15  DATA=1.174e-03
Invoked: SSBroyden1 approach!
[BFGS] batch=   2  call=   313  total=1.547e-02  PDE=2.343e-03 [colloc=1.799e-03, cfd=5.445e-04]  WALL=3.056e-15  DATA=1.175e-03
Invoked: SSBroyden1 approach!
[BFGS] batch=   2  call=   314  total=1.543e-02  PDE=2.338e-03 [colloc=1.786e-03, cfd=5.518e-04]  WALL=3.056e-15  DATA=1.169e-03
Invoked: SSBroyden1 approach!
[BFGS] batch=   2  call=   315  total=1.538e-02  PDE=2.321e-03 [colloc=1.772e-03, cfd=5.492e-04]  WALL=3.047e-15  DATA=1.169e-03
Invoked: SSBroyden1 approach!
[BFGS] batch=   2  call=   316  total=1.531e-02  PDE=2.341e-03 [colloc=1.783e-03, cfd=5.585e-04]  WALL=3.052e-15  DATA=1.155e-03
Invoked: SSBroyden1 approach!
[BFGS] batch=   2  call=   318  total=1.529e-02  PDE=2.338e-03 [colloc=1.774e-03, cfd=5.645e-04]  WALL=3.055e-15  DATA=1.150e-03
Invoked: SSBroyden1 approach!
[BFGS] batch=   2  call=   319  total=1.524e-02  PDE=2.337e-03 [colloc=1.766e-03, cfd=5.703e-04]  WALL=3.056e-15  DATA=1.148e-03
Invoked: SSBroyden1 approach!
[BFGS] batch=   2  call=   320  total=1.521e-02  PDE=2.332e-03 [colloc=1.758e-03, cfd=5.741e-04]  WALL=3.077e-15  DATA=1.142e-03
Invoked: SSBroyden1 approach!
[BFGS] batch=   2  call=   321  total=1.521e-02  PDE=2.322e-03 [colloc=1.750e-03, cfd=5.722e-04]  WALL=3.079e-15  DATA=1.138e-03
  [PT] w_u=2.4698 w_v=9.3881 gamma=1.000 (tau_u=4.049e-01 tau_v=1.065e-01 |Du|=4.79e+00 |DRu|=1.76e+01)
[BFGS] batch 2: H0 not PD — resetting to identity.
[BFGS-END] batch=   2  last_total=1.514e-02  last_PDE=2.321e-03 [colloc=1.748e-03, cfd=5.728e-04]  last_WALL=3.080e-15  last_DATA=1.138e-03
/oscar/home/jchen790/cylinder flow lab/src/cfp40.py:1430: OptimizeWarning: Unknown solver options: hess, hessp, bounds, constraints, tol
  result = minimize(
Invoked: SSBroyden1 approach!
[BFGS] batch=   3  call=   344  total=5.667e-02  PDE=1.716e-02 [colloc=1.659e-02, cfd=5.653e-04]  WALL=3.768e-15  DATA=1.206e-03
Invoked: SSBroyden1 approach!
[BFGS] batch=   3  call=   346  total=4.821e-02  PDE=1.410e-02 [colloc=1.354e-02, cfd=5.580e-04]  WALL=3.746e-15  DATA=1.232e-03
Invoked: SSBroyden1 approach!
[BFGS] batch=   3  call=   347  total=3.621e-02  PDE=9.951e-03 [colloc=9.378e-03, cfd=5.729e-04]  WALL=3.483e-15  DATA=1.146e-03
Invoked: SSBroyden1 approach!
[BFGS] batch=   3  call=   349  total=3.496e-02  PDE=9.515e-03 [colloc=8.937e-03, cfd=5.782e-04]  WALL=3.446e-15  DATA=1.136e-03
Invoked: SSBroyden1 approach!
[BFGS] batch=   3  call=   350  total=3.309e-02  PDE=8.873e-03 [colloc=8.300e-03, cfd=5.726e-04]  WALL=3.391e-15  DATA=1.119e-03
Invoked: SSBroyden1 approach!
[BFGS] batch=   3  call=   352  total=3.210e-02  PDE=8.539e-03 [colloc=7.977e-03, cfd=5.624e-04]  WALL=3.332e-15  DATA=1.119e-03
Invoked: SSBroyden1 approach!
[BFGS] batch=   3  call=   353  total=3.065e-02  PDE=8.093e-03 [colloc=7.564e-03, cfd=5.297e-04]  WALL=3.357e-15  DATA=1.089e-03
Invoked: SSBroyden1 approach!
[BFGS] batch=   3  call=   354  total=2.873e-02  PDE=7.383e-03 [colloc=6.912e-03, cfd=4.715e-04]  WALL=3.381e-15  DATA=1.097e-03
Invoked: SSBroyden1 approach!
[BFGS] batch=   3  call=   355  total=2.737e-02  PDE=6.812e-03 [colloc=6.392e-03, cfd=4.206e-04]  WALL=3.359e-15  DATA=1.117e-03
Invoked: SSBroyden1 approach!
[BFGS] batch=   3  call=   356  total=2.597e-02  PDE=6.324e-03 [colloc=5.913e-03, cfd=4.105e-04]  WALL=3.309e-15  DATA=1.108e-03
Invoked: SSBroyden1 approach!
[BFGS] batch=   3  call=   357  total=2.385e-02  PDE=5.641e-03 [colloc=5.246e-03, cfd=3.958e-04]  WALL=3.320e-15  DATA=1.080e-03
Invoked: SSBroyden1 approach!
[BFGS] batch=   3  call=   358  total=2.252e-02  PDE=5.139e-03 [colloc=4.771e-03, cfd=3.686e-04]  WALL=3.317e-15  DATA=1.077e-03
Invoked: SSBroyden1 approach!
[BFGS] batch=   3  call=   359  total=2.183e-02  PDE=5.053e-03 [colloc=4.726e-03, cfd=3.270e-04]  WALL=3.330e-15  DATA=9.959e-04
Invoked: SSBroyden1 approach!
[BFGS] batch=   3  call=   360  total=2.126e-02  PDE=4.811e-03 [colloc=4.494e-03, cfd=3.166e-04]  WALL=3.311e-15  DATA=9.984e-04
Invoked: SSBroyden1 approach!
[BFGS] batch=   3  call=   361  total=2.068e-02  PDE=4.585e-03 [colloc=4.250e-03, cfd=3.353e-04]  WALL=3.285e-15  DATA=9.900e-04
Invoked: SSBroyden1 approach!
[BFGS] batch=   3  call=   362  total=1.987e-02  PDE=4.350e-03 [colloc=3.975e-03, cfd=3.752e-04]  WALL=3.303e-15  DATA=9.708e-04
Invoked: SSBroyden1 approach!
[BFGS] batch=   3  call=   363  total=1.957e-02  PDE=4.385e-03 [colloc=3.958e-03, cfd=4.270e-04]  WALL=3.215e-15  DATA=9.233e-04
Invoked: SSBroyden1 approach!
[BFGS] batch=   3  call=   364  total=1.915e-02  PDE=4.234e-03 [colloc=3.800e-03, cfd=4.341e-04]  WALL=3.207e-15  DATA=9.132e-04
Invoked: SSBroyden1 approach!
[BFGS] batch=   3  call=   365  total=1.847e-02  PDE=4.050e-03 [colloc=3.615e-03, cfd=4.350e-04]  WALL=3.205e-15  DATA=8.948e-04
Invoked: SSBroyden1 approach!
[BFGS] batch=   3  call=   366  total=1.765e-02  PDE=3.775e-03 [colloc=3.365e-03, cfd=4.094e-04]  WALL=3.212e-15  DATA=8.783e-04
Invoked: SSBroyden1 approach!
[BFGS] batch=   3  call=   367  total=1.725e-02  PDE=3.544e-03 [colloc=3.106e-03, cfd=4.385e-04]  WALL=3.235e-15  DATA=9.043e-04
Invoked: SSBroyden1 approach!
[BFGS] batch=   3  call=   368  total=1.670e-02  PDE=3.388e-03 [colloc=2.942e-03, cfd=4.457e-04]  WALL=3.231e-15  DATA=8.848e-04
Invoked: SSBroyden1 approach!
[BFGS] batch=   3  call=   369  total=1.592e-02  PDE=3.142e-03 [colloc=2.742e-03, cfd=4.001e-04]  WALL=3.212e-15  DATA=8.821e-04
Invoked: SSBroyden1 approach!
[BFGS] batch=   3  call=   371  total=1.553e-02  PDE=2.966e-03 [colloc=2.588e-03, cfd=3.780e-04]  WALL=3.197e-15  DATA=8.945e-04
Invoked: SSBroyden1 approach!
[BFGS] batch=   3  call=   372  total=1.520e-02  PDE=2.805e-03 [colloc=2.453e-03, cfd=3.519e-04]  WALL=3.179e-15  DATA=8.982e-04
Invoked: SSBroyden1 approach!
[BFGS] batch=   3  call=   373  total=1.484e-02  PDE=2.757e-03 [colloc=2.405e-03, cfd=3.518e-04]  WALL=3.193e-15  DATA=8.736e-04
Invoked: SSBroyden1 approach!
[BFGS] batch=   3  call=   374  total=1.461e-02  PDE=2.689e-03 [colloc=2.325e-03, cfd=3.632e-04]  WALL=3.200e-15  DATA=8.608e-04
Invoked: SSBroyden1 approach!
[BFGS] batch=   3  call=   375  total=1.433e-02  PDE=2.639e-03 [colloc=2.277e-03, cfd=3.621e-04]  WALL=3.192e-15  DATA=8.480e-04
Invoked: SSBroyden1 approach!
[BFGS] batch=   3  call=   376  total=1.411e-02  PDE=2.610e-03 [colloc=2.236e-03, cfd=3.740e-04]  WALL=3.199e-15  DATA=8.265e-04
Invoked: SSBroyden1 approach!
[BFGS] batch=   3  call=   377  total=1.387e-02  PDE=2.519e-03 [colloc=2.167e-03, cfd=3.522e-04]  WALL=3.181e-15  DATA=8.294e-04
Invoked: SSBroyden1 approach!
[BFGS] batch=   3  call=   378  total=1.361e-02  PDE=2.431e-03 [colloc=2.134e-03, cfd=2.967e-04]  WALL=3.185e-15  DATA=8.294e-04
Invoked: SSBroyden1 approach!
[BFGS] batch=   3  call=   379  total=1.341e-02  PDE=2.362e-03 [colloc=2.061e-03, cfd=3.015e-04]  WALL=3.223e-15  DATA=8.332e-04
Invoked: SSBroyden1 approach!
[BFGS] batch=   3  call=   380  total=1.319e-02  PDE=2.303e-03 [colloc=2.018e-03, cfd=2.841e-04]  WALL=3.245e-15  DATA=8.293e-04
Invoked: SSBroyden1 approach!
[BFGS] batch=   3  call=   382  total=1.309e-02  PDE=2.275e-03 [colloc=1.996e-03, cfd=2.794e-04]  WALL=3.266e-15  DATA=8.256e-04
Invoked: SSBroyden1 approach!
[BFGS] batch=   3  call=   383  total=1.304e-02  PDE=2.258e-03 [colloc=1.968e-03, cfd=2.896e-04]  WALL=3.261e-15  DATA=8.205e-04
Invoked: SSBroyden1 approach!
[BFGS] batch=   3  call=   384  total=1.292e-02  PDE=2.246e-03 [colloc=1.955e-03, cfd=2.903e-04]  WALL=3.276e-15  DATA=8.170e-04
Invoked: SSBroyden1 approach!
[BFGS] batch=   3  call=   385  total=1.290e-02  PDE=2.215e-03 [colloc=1.929e-03, cfd=2.852e-04]  WALL=3.266e-15  DATA=8.223e-04
Invoked: SSBroyden1 approach!
[BFGS] batch=   3  call=   386  total=1.287e-02  PDE=2.201e-03 [colloc=1.921e-03, cfd=2.801e-04]  WALL=3.264e-15  DATA=8.234e-04
Invoked: SSBroyden1 approach!
[BFGS] batch=   3  call=   387  total=1.280e-02  PDE=2.178e-03 [colloc=1.905e-03, cfd=2.731e-04]  WALL=3.259e-15  DATA=8.251e-04
Invoked: SSBroyden1 approach!
[BFGS] batch=   3  call=   388  total=1.277e-02  PDE=2.162e-03 [colloc=1.885e-03, cfd=2.773e-04]  WALL=3.248e-15  DATA=8.266e-04
Invoked: SSBroyden1 approach!
[BFGS] batch=   3  call=   389  total=1.275e-02  PDE=2.154e-03 [colloc=1.880e-03, cfd=2.743e-04]  WALL=3.248e-15  DATA=8.229e-04
Invoked: SSBroyden1 approach!
[BFGS] batch=   3  call=   390  total=1.269e-02  PDE=2.142e-03 [colloc=1.870e-03, cfd=2.721e-04]  WALL=3.248e-15  DATA=8.236e-04
Invoked: SSBroyden1 approach!
[BFGS] batch=   3  call=   391  total=1.258e-02  PDE=2.115e-03 [colloc=1.857e-03, cfd=2.576e-04]  WALL=3.255e-15  DATA=8.233e-04
Invoked: SSBroyden1 approach!
[BFGS] batch=   3  call=   392  total=1.249e-02  PDE=2.101e-03 [colloc=1.835e-03, cfd=2.654e-04]  WALL=3.250e-15  DATA=8.207e-04
Invoked: SSBroyden1 approach!
[BFGS] batch=   3  call=   393  total=1.238e-02  PDE=2.069e-03 [colloc=1.820e-03, cfd=2.484e-04]  WALL=3.248e-15  DATA=8.145e-04
Invoked: SSBroyden1 approach!
[BFGS] batch=   3  call=   395  total=1.231e-02  PDE=2.052e-03 [colloc=1.808e-03, cfd=2.436e-04]  WALL=3.250e-15  DATA=8.119e-04
Invoked: SSBroyden1 approach!
[BFGS] batch=   3  call=   403  total=1.229e-02  PDE=2.026e-03 [colloc=1.784e-03, cfd=2.424e-04]  WALL=3.257e-15  DATA=8.125e-04
Invoked: SSBroyden1 approach!
[BFGS] batch=   3  call=   411  total=1.227e-02  PDE=2.012e-03 [colloc=1.775e-03, cfd=2.368e-04]  WALL=3.261e-15  DATA=8.131e-04
Invoked: SSBroyden1 approach!
[BFGS] batch=   3  call=   412  total=1.222e-02  PDE=1.999e-03 [colloc=1.765e-03, cfd=2.338e-04]  WALL=3.263e-15  DATA=8.142e-04
Invoked: SSBroyden1 approach!
[BFGS] batch=   3  call=   413  total=1.220e-02  PDE=1.981e-03 [colloc=1.749e-03, cfd=2.319e-04]  WALL=3.274e-15  DATA=8.115e-04
Invoked: SSBroyden1 approach!
[BFGS] batch=   3  call=   414  total=1.216e-02  PDE=1.969e-03 [colloc=1.743e-03, cfd=2.260e-04]  WALL=3.276e-15  DATA=8.116e-04
Invoked: SSBroyden1 approach!
[BFGS] batch=   3  call=   415  total=1.209e-02  PDE=1.948e-03 [colloc=1.725e-03, cfd=2.234e-04]  WALL=3.275e-15  DATA=8.118e-04
Invoked: SSBroyden1 approach!
[BFGS] batch=   3  call=   416  total=1.203e-02  PDE=1.915e-03 [colloc=1.703e-03, cfd=2.119e-04]  WALL=3.274e-15  DATA=8.189e-04
Invoked: SSBroyden1 approach!
[BFGS] batch=   3  call=   417  total=1.201e-02  PDE=1.899e-03 [colloc=1.696e-03, cfd=2.026e-04]  WALL=3.278e-15  DATA=8.173e-04
Invoked: SSBroyden1 approach!
[BFGS] batch=   3  call=   418  total=1.195e-02  PDE=1.891e-03 [colloc=1.690e-03, cfd=2.010e-04]  WALL=3.277e-15  DATA=8.173e-04
Invoked: SSBroyden1 approach!
[BFGS] batch=   3  call=   421  total=1.192e-02  PDE=1.889e-03 [colloc=1.688e-03, cfd=2.003e-04]  WALL=3.279e-15  DATA=8.169e-04
Invoked: SSBroyden1 approach!
[BFGS] batch=   3  call=   422  total=1.189e-02  PDE=1.876e-03 [colloc=1.679e-03, cfd=1.963e-04]  WALL=3.284e-15  DATA=8.171e-04
Invoked: SSBroyden1 approach!
[BFGS] batch=   3  call=   423  total=1.183e-02  PDE=1.853e-03 [colloc=1.658e-03, cfd=1.950e-04]  WALL=3.282e-15  DATA=8.203e-04
Invoked: SSBroyden1 approach!
[BFGS] batch=   3  call=   424  total=1.181e-02  PDE=1.843e-03 [colloc=1.648e-03, cfd=1.946e-04]  WALL=3.287e-15  DATA=8.152e-04
Invoked: SSBroyden1 approach!
[BFGS] batch=   3  call=   425  total=1.180e-02  PDE=1.823e-03 [colloc=1.627e-03, cfd=1.952e-04]  WALL=3.280e-15  DATA=8.173e-04
Invoked: SSBroyden1 approach!
[BFGS] batch=   3  call=   426  total=1.172e-02  PDE=1.821e-03 [colloc=1.625e-03, cfd=1.959e-04]  WALL=3.280e-15  DATA=8.170e-04
Invoked: SSBroyden1 approach!
[BFGS] batch=   3  call=   428  total=1.170e-02  PDE=1.809e-03 [colloc=1.614e-03, cfd=1.959e-04]  WALL=3.283e-15  DATA=8.163e-04
Invoked: SSBroyden1 approach!
[BFGS] batch=   3  call=   429  total=1.169e-02  PDE=1.797e-03 [colloc=1.602e-03, cfd=1.947e-04]  WALL=3.284e-15  DATA=8.169e-04
Invoked: SSBroyden1 approach!
[BFGS] batch=   3  call=   431  total=1.161e-02  PDE=1.786e-03 [colloc=1.591e-03, cfd=1.953e-04]  WALL=3.285e-15  DATA=8.177e-04
Invoked: SSBroyden1 approach!
[BFGS] batch=   3  call=   432  total=1.158e-02  PDE=1.774e-03 [colloc=1.576e-03, cfd=1.979e-04]  WALL=3.276e-15  DATA=8.201e-04
Invoked: SSBroyden1 approach!
[BFGS] batch=   3  call=   433  total=1.157e-02  PDE=1.758e-03 [colloc=1.557e-03, cfd=2.013e-04]  WALL=3.271e-15  DATA=8.208e-04
Invoked: SSBroyden1 approach!
[BFGS] batch=   3  call=   434  total=1.152e-02  PDE=1.748e-03 [colloc=1.547e-03, cfd=2.012e-04]  WALL=3.270e-15  DATA=8.218e-04
Invoked: SSBroyden1 approach!
[BFGS] batch=   3  call=   435  total=1.149e-02  PDE=1.728e-03 [colloc=1.530e-03, cfd=1.975e-04]  WALL=3.287e-15  DATA=8.247e-04
Invoked: SSBroyden1 approach!
[BFGS] batch=   3  call=   436  total=1.146e-02  PDE=1.717e-03 [colloc=1.516e-03, cfd=2.012e-04]  WALL=3.266e-15  DATA=8.239e-04
Invoked: SSBroyden1 approach!
[BFGS] batch=   3  call=   438  total=1.144e-02  PDE=1.711e-03 [colloc=1.511e-03, cfd=2.008e-04]  WALL=3.267e-15  DATA=8.237e-04
Invoked: SSBroyden1 approach!
[BFGS] batch=   3  call=   439  total=1.142e-02  PDE=1.704e-03 [colloc=1.505e-03, cfd=1.995e-04]  WALL=3.269e-15  DATA=8.222e-04
Invoked: SSBroyden1 approach!
[BFGS] batch=   3  call=   440  total=1.137e-02  PDE=1.691e-03 [colloc=1.493e-03, cfd=1.987e-04]  WALL=3.266e-15  DATA=8.224e-04
Invoked: SSBroyden1 approach!
[BFGS] batch=   3  call=   441  total=1.128e-02  PDE=1.662e-03 [colloc=1.465e-03, cfd=1.966e-04]  WALL=3.267e-15  DATA=8.270e-04
  [PT] w_u=2.7117 w_v=10.4151 gamma=0.878 (tau_u=3.688e-01 tau_v=9.601e-02 |Du|=1.61e+00 |DRu|=7.20e+00)
[BFGS] batch 3: H0 not PD — resetting to identity.
[BFGS-END] batch=   3  last_total=1.135e-02  last_PDE=1.662e-03 [colloc=1.465e-03, cfd=1.966e-04]  last_WALL=3.267e-15  last_DATA=8.270e-04
/oscar/home/jchen790/cylinder flow lab/src/cfp40.py:1430: OptimizeWarning: Unknown solver options: hess, hessp, bounds, constraints, tol
  result = minimize(
Invoked: SSBroyden1 approach!
[BFGS] batch=   4  call=   463  total=1.726e-02  PDE=3.785e-03 [colloc=3.589e-03, cfd=1.963e-04]  WALL=3.276e-15  DATA=8.266e-04
Invoked: SSBroyden1 approach!
[BFGS] batch=   4  call=   464  total=1.666e-02  PDE=3.574e-03 [colloc=3.378e-03, cfd=1.957e-04]  WALL=3.299e-15  DATA=8.244e-04
Invoked: SSBroyden1 approach!
[BFGS] batch=   4  call=   465  total=1.564e-02  PDE=3.229e-03 [colloc=3.033e-03, cfd=1.960e-04]  WALL=3.244e-15  DATA=8.171e-04
Invoked: SSBroyden1 approach!
[BFGS] batch=   4  call=   467  total=1.525e-02  PDE=3.138e-03 [colloc=2.946e-03, cfd=1.920e-04]  WALL=3.214e-15  DATA=8.025e-04
Invoked: SSBroyden1 approach!
[BFGS] batch=   4  call=   469  total=1.518e-02  PDE=3.116e-03 [colloc=2.925e-03, cfd=1.915e-04]  WALL=3.203e-15  DATA=7.979e-04
Invoked: SSBroyden1 approach!
[BFGS] batch=   4  call=   470  total=1.506e-02  PDE=3.083e-03 [colloc=2.894e-03, cfd=1.898e-04]  WALL=3.201e-15  DATA=7.925e-04
Invoked: SSBroyden1 approach!
[BFGS] batch=   4  call=   471  total=1.486e-02  PDE=3.040e-03 [colloc=2.855e-03, cfd=1.851e-04]  WALL=3.218e-15  DATA=7.847e-04
Invoked: SSBroyden1 approach!
[BFGS] batch=   4  call=   472  total=1.457e-02  PDE=2.947e-03 [colloc=2.770e-03, cfd=1.769e-04]  WALL=3.235e-15  DATA=7.881e-04
Invoked: SSBroyden1 approach!
[BFGS] batch=   4  call=   473  total=1.440e-02  PDE=2.833e-03 [colloc=2.665e-03, cfd=1.680e-04]  WALL=3.231e-15  DATA=7.926e-04
Invoked: SSBroyden1 approach!
[BFGS] batch=   4  call=   474  total=1.424e-02  PDE=2.811e-03 [colloc=2.644e-03, cfd=1.678e-04]  WALL=3.260e-15  DATA=7.843e-04
Invoked: SSBroyden1 approach!
[BFGS] batch=   4  call=   475  total=1.399e-02  PDE=2.749e-03 [colloc=2.588e-03, cfd=1.604e-04]  WALL=3.277e-15  DATA=7.773e-04
Invoked: SSBroyden1 approach!
[BFGS] batch=   4  call=   476  total=1.384e-02  PDE=2.682e-03 [colloc=2.531e-03, cfd=1.511e-04]  WALL=3.256e-15  DATA=7.760e-04
Invoked: SSBroyden1 approach!
[BFGS] batch=   4  call=   477  total=1.367e-02  PDE=2.640e-03 [colloc=2.487e-03, cfd=1.535e-04]  WALL=3.260e-15  DATA=7.734e-04
Invoked: SSBroyden1 approach!
[BFGS] batch=   4  call=   478  total=1.352e-02  PDE=2.591e-03 [colloc=2.440e-03, cfd=1.509e-04]  WALL=3.288e-15  DATA=7.715e-04
Invoked: SSBroyden1 approach!
[BFGS] batch=   4  call=   479  total=1.342e-02  PDE=2.566e-03 [colloc=2.420e-03, cfd=1.458e-04]  WALL=3.272e-15  DATA=7.580e-04
Invoked: SSBroyden1 approach!
[BFGS] batch=   4  call=   480  total=1.324e-02  PDE=2.508e-03 [colloc=2.361e-03, cfd=1.471e-04]  WALL=3.272e-15  DATA=7.551e-04
Invoked: SSBroyden1 approach!
[BFGS] batch=   4  call=   481  total=1.304e-02  PDE=2.443e-03 [colloc=2.285e-03, cfd=1.586e-04]  WALL=3.272e-15  DATA=7.446e-04
Invoked: SSBroyden1 approach!
[BFGS] batch=   4  call=   482  total=1.282e-02  PDE=2.366e-03 [colloc=2.196e-03, cfd=1.704e-04]  WALL=3.266e-15  DATA=7.477e-04
Invoked: SSBroyden1 approach!
[BFGS] batch=   4  call=   483  total=1.262e-02  PDE=2.298e-03 [colloc=2.118e-03, cfd=1.793e-04]  WALL=3.244e-15  DATA=7.383e-04
Invoked: SSBroyden1 approach!
[BFGS] batch=   4  call=   484  total=1.238e-02  PDE=2.212e-03 [colloc=2.031e-03, cfd=1.808e-04]  WALL=3.247e-15  DATA=7.295e-04
Invoked: SSBroyden1 approach!
[BFGS] batch=   4  call=   485  total=1.211e-02  PDE=2.130e-03 [colloc=1.957e-03, cfd=1.738e-04]  WALL=3.273e-15  DATA=7.219e-04
Invoked: SSBroyden1 approach!
[BFGS] batch=   4  call=   486  total=1.178e-02  PDE=2.036e-03 [colloc=1.865e-03, cfd=1.710e-04]  WALL=3.302e-15  DATA=7.188e-04
Invoked: SSBroyden1 approach!
[BFGS] batch=   4  call=   487  total=1.171e-02  PDE=2.015e-03 [colloc=1.859e-03, cfd=1.555e-04]  WALL=3.316e-15  DATA=7.065e-04
Invoked: SSBroyden1 approach!
[BFGS] batch=   4  call=   488  total=1.152e-02  PDE=1.969e-03 [colloc=1.816e-03, cfd=1.533e-04]  WALL=3.318e-15  DATA=7.067e-04
Invoked: SSBroyden1 approach!
[BFGS] batch=   4  call=   489  total=1.142e-02  PDE=1.955e-03 [colloc=1.796e-03, cfd=1.585e-04]  WALL=3.317e-15  DATA=6.981e-04
Invoked: SSBroyden1 approach!
[BFGS] batch=   4  call=   490  total=1.133e-02  PDE=1.894e-03 [colloc=1.730e-03, cfd=1.644e-04]  WALL=3.317e-15  DATA=7.027e-04
Invoked: SSBroyden1 approach!
[BFGS] batch=   4  call=   491  total=1.116e-02  PDE=1.862e-03 [colloc=1.710e-03, cfd=1.529e-04]  WALL=3.316e-15  DATA=7.003e-04
Invoked: SSBroyden1 approach!
[BFGS] batch=   4  call=   492  total=1.108e-02  PDE=1.861e-03 [colloc=1.692e-03, cfd=1.682e-04]  WALL=3.304e-15  DATA=6.853e-04
Invoked: SSBroyden1 approach!
[BFGS] batch=   4  call=   493  total=1.093e-02  PDE=1.826e-03 [colloc=1.655e-03, cfd=1.710e-04]  WALL=3.300e-15  DATA=6.837e-04
Invoked: SSBroyden1 approach!
[BFGS] batch=   4  call=   494  total=1.086e-02  PDE=1.804e-03 [colloc=1.631e-03, cfd=1.731e-04]  WALL=3.310e-15  DATA=6.809e-04
Invoked: SSBroyden1 approach!
[BFGS] batch=   4  call=   495  total=1.078e-02  PDE=1.768e-03 [colloc=1.609e-03, cfd=1.595e-04]  WALL=3.305e-15  DATA=6.839e-04
Invoked: SSBroyden1 approach!
[BFGS] batch=   4  call=   496  total=1.068e-02  PDE=1.730e-03 [colloc=1.574e-03, cfd=1.566e-04]  WALL=3.301e-15  DATA=6.884e-04
Invoked: SSBroyden1 approach!
[BFGS] batch=   4  call=   497  total=1.065e-02  PDE=1.696e-03 [colloc=1.547e-03, cfd=1.491e-04]  WALL=3.303e-15  DATA=6.921e-04
Invoked: SSBroyden1 approach!
[BFGS] batch=   4  call=   498  total=1.054e-02  PDE=1.686e-03 [colloc=1.535e-03, cfd=1.507e-04]  WALL=3.307e-15  DATA=6.907e-04
  [PT] w_u=2.8653 w_v=11.4103 gamma=0.821 (tau_u=3.490e-01 tau_v=8.764e-02 |Du|=9.13e-01 |DRu|=2.00e+00)
[BFGS-END] batch=   4  last_total=1.063e-02  last_PDE=1.686e-03 [colloc=1.535e-03, cfd=1.507e-04]  last_WALL=3.307e-15  last_DATA=6.907e-04
/oscar/home/jchen790/cylinder flow lab/src/cfp40.py:1430: OptimizeWarning: Unknown solver options: hess, hessp, bounds, constraints, tol
  result = minimize(
Invoked: SSBroyden1 approach!
[BFGS] batch=   5  call=   520  total=1.223e-02  PDE=2.323e-03 [colloc=2.146e-03, cfd=1.770e-04]  WALL=3.332e-15  DATA=6.713e-04
Invoked: SSBroyden1 approach!
[BFGS] batch=   5  call=   521  total=1.200e-02  PDE=2.261e-03 [colloc=2.017e-03, cfd=2.448e-04]  WALL=3.382e-15  DATA=6.648e-04
Invoked: SSBroyden1 approach!
[BFGS] batch=   5  call=   522  total=1.169e-02  PDE=2.159e-03 [colloc=1.916e-03, cfd=2.428e-04]  WALL=3.376e-15  DATA=6.633e-04
Invoked: SSBroyden1 approach!
[BFGS] batch=   5  call=   523  total=1.128e-02  PDE=2.015e-03 [colloc=1.795e-03, cfd=2.195e-04]  WALL=3.389e-15  DATA=6.641e-04
Invoked: SSBroyden1 approach!
[BFGS] batch=   5  call=   524  total=1.092e-02  PDE=1.875e-03 [colloc=1.689e-03, cfd=1.852e-04]  WALL=3.360e-15  DATA=6.704e-04
Invoked: SSBroyden1 approach!
[BFGS] batch=   5  call=   525  total=1.080e-02  PDE=1.825e-03 [colloc=1.652e-03, cfd=1.733e-04]  WALL=3.359e-15  DATA=6.555e-04
Invoked: SSBroyden1 approach!
[BFGS] batch=   5  call=   526  total=1.061e-02  PDE=1.794e-03 [colloc=1.619e-03, cfd=1.759e-04]  WALL=3.352e-15  DATA=6.501e-04
Invoked: SSBroyden1 approach!
[BFGS] batch=   5  call=   527  total=1.055e-02  PDE=1.776e-03 [colloc=1.620e-03, cfd=1.559e-04]  WALL=3.346e-15  DATA=6.393e-04
Invoked: SSBroyden1 approach!
[BFGS] batch=   5  call=   528  total=1.046e-02  PDE=1.750e-03 [colloc=1.593e-03, cfd=1.567e-04]  WALL=3.340e-15  DATA=6.377e-04
Invoked: SSBroyden1 approach!
[BFGS] batch=   5  call=   529  total=1.027e-02  PDE=1.706e-03 [colloc=1.562e-03, cfd=1.436e-04]  WALL=3.340e-15  DATA=6.340e-04
Invoked: SSBroyden1 approach!
[BFGS] batch=   5  call=   530  total=1.026e-02  PDE=1.698e-03 [colloc=1.548e-03, cfd=1.508e-04]  WALL=3.345e-15  DATA=6.353e-04
Invoked: SSBroyden1 approach!
[BFGS] batch=   5  call=   532  total=1.020e-02  PDE=1.686e-03 [colloc=1.539e-03, cfd=1.475e-04]  WALL=3.340e-15  DATA=6.341e-04
Invoked: SSBroyden1 approach!
[BFGS] batch=   5  call=   533  total=1.017e-02  PDE=1.669e-03 [colloc=1.525e-03, cfd=1.439e-04]  WALL=3.337e-15  DATA=6.308e-04
Invoked: SSBroyden1 approach!
[BFGS] batch=   5  call=   534  total=1.009e-02  PDE=1.654e-03 [colloc=1.514e-03, cfd=1.404e-04]  WALL=3.333e-15  DATA=6.297e-04
Invoked: SSBroyden1 approach!
[BFGS] batch=   5  call=   535  total=1.001e-02  PDE=1.641e-03 [colloc=1.500e-03, cfd=1.406e-04]  WALL=3.337e-15  DATA=6.285e-04
Invoked: SSBroyden1 approach!
[BFGS] batch=   5  call=   544  total=9.981e-03  PDE=1.628e-03 [colloc=1.493e-03, cfd=1.346e-04]  WALL=3.339e-15  DATA=6.287e-04
Invoked: SSBroyden1 approach!
[BFGS] batch=   5  call=   546  total=9.969e-03  PDE=1.623e-03 [colloc=1.488e-03, cfd=1.345e-04]  WALL=3.338e-15  DATA=6.289e-04
Invoked: SSBroyden1 approach!
[BFGS] batch=   5  call=   547  total=9.964e-03  PDE=1.615e-03 [colloc=1.482e-03, cfd=1.324e-04]  WALL=3.337e-15  DATA=6.299e-04
Invoked: SSBroyden1 approach!
[BFGS] batch=   5  call=   548  total=9.908e-03  PDE=1.610e-03 [colloc=1.479e-03, cfd=1.307e-04]  WALL=3.336e-15  DATA=6.304e-04
Invoked: SSBroyden1 approach!
[BFGS] batch=   5  call=   550  total=9.888e-03  PDE=1.601e-03 [colloc=1.472e-03, cfd=1.292e-04]  WALL=3.332e-15  DATA=6.307e-04
  [PT] w_u=2.7146 w_v=11.3321 gamma=0.814 (tau_u=3.684e-01 tau_v=8.824e-02 |Du|=6.73e-01 |DRu|=8.25e-01)
[BFGS] batch 5: H0 not PD — resetting to identity.
[BFGS-END] batch=   5  last_total=9.920e-03  last_PDE=1.601e-03 [colloc=1.472e-03, cfd=1.292e-04]  last_WALL=3.332e-15  last_DATA=6.307e-04
/oscar/home/jchen790/cylinder flow lab/src/cfp40.py:1430: OptimizeWarning: Unknown solver options: hess, hessp, bounds, constraints, tol
  result = minimize(
Invoked: SSBroyden1 approach!
[BFGS] batch=   6  call=   571  total=1.161e-02  PDE=2.202e-03 [colloc=2.073e-03, cfd=1.292e-04]  WALL=3.333e-15  DATA=6.314e-04
Invoked: SSBroyden1 approach!
[BFGS] batch=   6  call=   572  total=1.136e-02  PDE=2.105e-03 [colloc=1.976e-03, cfd=1.290e-04]  WALL=3.359e-15  DATA=6.351e-04
Invoked: SSBroyden1 approach!
[BFGS] batch=   6  call=   573  total=1.100e-02  PDE=1.995e-03 [colloc=1.866e-03, cfd=1.292e-04]  WALL=3.314e-15  DATA=6.313e-04
Invoked: SSBroyden1 approach!
[BFGS] batch=   6  call=   575  total=1.098e-02  PDE=1.990e-03 [colloc=1.861e-03, cfd=1.293e-04]  WALL=3.309e-15  DATA=6.307e-04
Invoked: SSBroyden1 approach!
[BFGS] batch=   6  call=   576  total=1.096e-02  PDE=1.981e-03 [colloc=1.852e-03, cfd=1.291e-04]  WALL=3.306e-15  DATA=6.295e-04
Invoked: SSBroyden1 approach!
[BFGS] batch=   6  call=   577  total=1.092e-02  PDE=1.973e-03 [colloc=1.845e-03, cfd=1.286e-04]  WALL=3.307e-15  DATA=6.275e-04
Invoked: SSBroyden1 approach!
[BFGS] batch=   6  call=   578  total=1.086e-02  PDE=1.963e-03 [colloc=1.836e-03, cfd=1.275e-04]  WALL=3.317e-15  DATA=6.236e-04
Invoked: SSBroyden1 approach!
[BFGS] batch=   6  call=   579  total=1.083e-02  PDE=1.938e-03 [colloc=1.812e-03, cfd=1.257e-04]  WALL=3.323e-15  DATA=6.242e-04
Invoked: SSBroyden1 approach!
[BFGS] batch=   6  call=   580  total=1.077e-02  PDE=1.923e-03 [colloc=1.798e-03, cfd=1.252e-04]  WALL=3.320e-15  DATA=6.237e-04
Invoked: SSBroyden1 approach!
[BFGS] batch=   6  call=   581  total=1.075e-02  PDE=1.915e-03 [colloc=1.789e-03, cfd=1.262e-04]  WALL=3.330e-15  DATA=6.197e-04
Invoked: SSBroyden1 approach!
[BFGS] batch=   6  call=   582  total=1.061e-02  PDE=1.902e-03 [colloc=1.775e-03, cfd=1.261e-04]  WALL=3.339e-15  DATA=6.188e-04
Invoked: SSBroyden1 approach!
[BFGS] batch=   6  call=   592  total=1.061e-02  PDE=1.891e-03 [colloc=1.766e-03, cfd=1.250e-04]  WALL=3.336e-15  DATA=6.177e-04
  [PT] w_u=2.9032 w_v=12.1175 gamma=0.806 (tau_u=3.444e-01 tau_v=8.253e-02 |Du|=2.42e-01 |DRu|=6.06e-01)
[BFGS-END] batch=   6  last_total=1.062e-02  last_PDE=1.890e-03 [colloc=1.765e-03, cfd=1.250e-04]  last_WALL=3.336e-15  last_DATA=6.177e-04
/oscar/home/jchen790/cylinder flow lab/src/cfp40.py:1430: OptimizeWarning: Unknown solver options: hess, hessp, bounds, constraints, tol
  result = minimize(
Invoked: SSBroyden1 approach!
[BFGS] batch=   7  call=   612  total=1.121e-02  PDE=2.117e-03 [colloc=1.992e-03, cfd=1.250e-04]  WALL=3.331e-15  DATA=6.156e-04
Invoked: SSBroyden1 approach!
[BFGS] batch=   7  call=   613  total=1.117e-02  PDE=2.091e-03 [colloc=1.963e-03, cfd=1.278e-04]  WALL=3.339e-15  DATA=6.147e-04
Invoked: SSBroyden1 approach!
[BFGS] batch=   7  call=   614  total=1.112e-02  PDE=2.072e-03 [colloc=1.942e-03, cfd=1.302e-04]  WALL=3.343e-15  DATA=6.152e-04
Invoked: SSBroyden1 approach!
[BFGS] batch=   7  call=   615  total=1.109e-02  PDE=2.070e-03 [colloc=1.936e-03, cfd=1.340e-04]  WALL=3.343e-15  DATA=6.074e-04
Invoked: SSBroyden1 approach!
[BFGS] batch=   7  call=   616  total=1.098e-02  PDE=2.052e-03 [colloc=1.915e-03, cfd=1.368e-04]  WALL=3.340e-15  DATA=6.056e-04
Invoked: SSBroyden1 approach!
[BFGS] batch=   7  call=   617  total=1.087e-02  PDE=2.016e-03 [colloc=1.871e-03, cfd=1.450e-04]  WALL=3.331e-15  DATA=6.018e-04
Invoked: SSBroyden1 approach!
[BFGS] batch=   7  call=   618  total=1.087e-02  PDE=1.996e-03 [colloc=1.844e-03, cfd=1.520e-04]  WALL=3.334e-15  DATA=6.020e-04
Invoked: SSBroyden1 approach!
[BFGS] batch=   7  call=   620  total=1.078e-02  PDE=1.974e-03 [colloc=1.823e-03, cfd=1.516e-04]  WALL=3.332e-15  DATA=6.005e-04
Invoked: SSBroyden1 approach!
[BFGS] batch=   7  call=   621  total=1.066e-02  PDE=1.928e-03 [colloc=1.781e-03, cfd=1.474e-04]  WALL=3.330e-15  DATA=5.990e-04
Invoked: SSBroyden1 approach!
[BFGS] batch=   7  call=   622  total=1.057e-02  PDE=1.890e-03 [colloc=1.749e-03, cfd=1.411e-04]  WALL=3.333e-15  DATA=5.998e-04
Invoked: SSBroyden1 approach!
[BFGS] batch=   7  call=   623  total=1.047e-02  PDE=1.852e-03 [colloc=1.714e-03, cfd=1.384e-04]  WALL=3.342e-15  DATA=6.000e-04
Invoked: SSBroyden1 approach!
[BFGS] batch=   7  call=   624  total=1.033e-02  PDE=1.814e-03 [colloc=1.677e-03, cfd=1.377e-04]  WALL=3.358e-15  DATA=5.971e-04
Invoked: SSBroyden1 approach!
[BFGS] batch=   7  call=   625  total=1.024e-02  PDE=1.784e-03 [colloc=1.649e-03, cfd=1.347e-04]  WALL=3.347e-15  DATA=5.931e-04
Invoked: SSBroyden1 approach!
[BFGS] batch=   7  call=   626  total=1.019e-02  PDE=1.763e-03 [colloc=1.627e-03, cfd=1.368e-04]  WALL=3.341e-15  DATA=5.914e-04
Invoked: SSBroyden1 approach!
[BFGS] batch=   7  call=   627  total=1.013e-02  PDE=1.737e-03 [colloc=1.602e-03, cfd=1.346e-04]  WALL=3.338e-15  DATA=5.932e-04
Invoked: SSBroyden1 approach!
[BFGS] batch=   7  call=   628  total=1.003e-02  PDE=1.723e-03 [colloc=1.589e-03, cfd=1.335e-04]  WALL=3.348e-15  DATA=5.915e-04
Invoked: SSBroyden1 approach!
[BFGS] batch=   7  call=   629  total=1.003e-02  PDE=1.717e-03 [colloc=1.577e-03, cfd=1.397e-04]  WALL=3.350e-15  DATA=5.923e-04
  [PT] w_u=2.9254 w_v=12.4598 gamma=0.824 (tau_u=3.418e-01 tau_v=8.026e-02 |Du|=5.53e-01 |DRu|=8.90e-01)
[BFGS] batch 7: H0 not PD — resetting to identity.
[BFGS-END] batch=   7  last_total=9.955e-03  last_PDE=1.715e-03 [colloc=1.576e-03, cfd=1.395e-04]  last_WALL=3.351e-15  last_DATA=5.922e-04
/oscar/home/jchen790/cylinder flow lab/src/cfp40.py:1430: OptimizeWarning: Unknown solver options: hess, hessp, bounds, constraints, tol
  result = minimize(
Invoked: SSBroyden1 approach!
[BFGS] batch=   8  call=   653  total=1.177e-02  PDE=2.357e-03 [colloc=2.217e-03, cfd=1.396e-04]  WALL=3.352e-15  DATA=5.939e-04
Invoked: SSBroyden1 approach!
[BFGS] batch=   8  call=   654  total=1.149e-02  PDE=2.250e-03 [colloc=2.110e-03, cfd=1.392e-04]  WALL=3.376e-15  DATA=5.991e-04
Invoked: SSBroyden1 approach!
[BFGS] batch=   8  call=   655  total=1.115e-02  PDE=2.131e-03 [colloc=1.992e-03, cfd=1.387e-04]  WALL=3.337e-15  DATA=5.976e-04
Invoked: SSBroyden1 approach!
[BFGS] batch=   8  call=   657  total=1.111e-02  PDE=2.115e-03 [colloc=1.976e-03, cfd=1.388e-04]  WALL=3.326e-15  DATA=5.973e-04
Invoked: SSBroyden1 approach!
[BFGS] batch=   8  call=   658  total=1.107e-02  PDE=2.097e-03 [colloc=1.958e-03, cfd=1.383e-04]  WALL=3.322e-15  DATA=5.961e-04
Invoked: SSBroyden1 approach!
[BFGS] batch=   8  call=   659  total=1.099e-02  PDE=2.083e-03 [colloc=1.946e-03, cfd=1.364e-04]  WALL=3.330e-15  DATA=5.920e-04
Invoked: SSBroyden1 approach!
[BFGS] batch=   8  call=   660  total=1.097e-02  PDE=2.070e-03 [colloc=1.938e-03, cfd=1.323e-04]  WALL=3.335e-15  DATA=5.910e-04
Invoked: SSBroyden1 approach!
[BFGS] batch=   8  call=   661  total=1.092e-02  PDE=2.060e-03 [colloc=1.929e-03, cfd=1.311e-04]  WALL=3.338e-15  DATA=5.905e-04
Invoked: SSBroyden1 approach!
[BFGS] batch=   8  call=   662  total=1.085e-02  PDE=2.042e-03 [colloc=1.913e-03, cfd=1.286e-04]  WALL=3.333e-15  DATA=5.887e-04
Invoked: SSBroyden1 approach!
[BFGS] batch=   8  call=   663  total=1.083e-02  PDE=2.034e-03 [colloc=1.906e-03, cfd=1.285e-04]  WALL=3.343e-15  DATA=5.839e-04
Invoked: SSBroyden1 approach!
[BFGS] batch=   8  call=   664  total=1.074e-02  PDE=2.019e-03 [colloc=1.891e-03, cfd=1.282e-04]  WALL=3.355e-15  DATA=5.836e-04
Invoked: SSBroyden1 approach!
[BFGS] batch=   8  call=   666  total=1.068e-02  PDE=2.001e-03 [colloc=1.875e-03, cfd=1.255e-04]  WALL=3.354e-15  DATA=5.841e-04
  [PT] w_u=3.1499 w_v=13.5074 gamma=0.814 (tau_u=3.175e-01 tau_v=7.403e-02 |Du|=2.64e-01 |DRu|=7.60e-01)
[BFGS-END] batch=   8  last_total=1.069e-02  last_PDE=2.001e-03 [colloc=1.875e-03, cfd=1.255e-04]  last_WALL=3.354e-15  last_DATA=5.841e-04
/oscar/home/jchen790/cylinder flow lab/src/cfp40.py:1430: OptimizeWarning: Unknown solver options: hess, hessp, bounds, constraints, tol
  result = minimize(
Invoked: SSBroyden1 approach!
[BFGS] batch=   9  call=   687  total=1.144e-02  PDE=2.240e-03 [colloc=2.115e-03, cfd=1.254e-04]  WALL=3.347e-15  DATA=5.854e-04
Invoked: SSBroyden1 approach!
[BFGS] batch=   9  call=   688  total=1.133e-02  PDE=2.234e-03 [colloc=2.108e-03, cfd=1.259e-04]  WALL=3.348e-15  DATA=5.852e-04
Invoked: SSBroyden1 approach!
[BFGS] batch=   9  call=   690  total=1.131e-02  PDE=2.222e-03 [colloc=2.094e-03, cfd=1.287e-04]  WALL=3.353e-15  DATA=5.836e-04
Invoked: SSBroyden1 approach!
[BFGS] batch=   9  call=   699  total=1.129e-02  PDE=2.210e-03 [colloc=2.080e-03, cfd=1.298e-04]  WALL=3.354e-15  DATA=5.836e-04
Invoked: SSBroyden1 approach!
[BFGS] batch=   9  call=   703  total=1.128e-02  PDE=2.206e-03 [colloc=2.075e-03, cfd=1.303e-04]  WALL=3.353e-15  DATA=5.823e-04
Invoked: SSBroyden1 approach!
[BFGS] batch=   9  call=   704  total=1.124e-02  PDE=2.192e-03 [colloc=2.060e-03, cfd=1.316e-04]  WALL=3.354e-15  DATA=5.828e-04
Invoked: SSBroyden1 approach!
[BFGS] batch=   9  call=   705  total=1.117e-02  PDE=2.175e-03 [colloc=2.042e-03, cfd=1.336e-04]  WALL=3.353e-15  DATA=5.811e-04
Invoked: SSBroyden1 approach!
[BFGS] batch=   9  call=   706  total=1.103e-02  PDE=2.135e-03 [colloc=1.998e-03, cfd=1.370e-04]  WALL=3.354e-15  DATA=5.808e-04
Invoked: SSBroyden1 approach!
[BFGS] batch=   9  call=   707  total=1.098e-02  PDE=2.095e-03 [colloc=1.957e-03, cfd=1.384e-04]  WALL=3.352e-15  DATA=5.754e-04
Invoked: SSBroyden1 approach!
[BFGS] batch=   9  call=   708  total=1.089e-02  PDE=2.063e-03 [colloc=1.925e-03, cfd=1.387e-04]  WALL=3.355e-15  DATA=5.752e-04
Invoked: SSBroyden1 approach!
[BFGS] batch=   9  call=   709  total=1.072e-02  PDE=2.007e-03 [colloc=1.874e-03, cfd=1.331e-04]  WALL=3.361e-15  DATA=5.770e-04
Invoked: SSBroyden1 approach!
[BFGS] batch=   9  call=   710  total=1.053e-02  PDE=1.946e-03 [colloc=1.815e-03, cfd=1.314e-04]  WALL=3.398e-15  DATA=5.763e-04
Invoked: SSBroyden1 approach!
[BFGS] batch=   9  call=   711  total=1.039e-02  PDE=1.891e-03 [colloc=1.750e-03, cfd=1.407e-04]  WALL=3.403e-15  DATA=5.722e-04
Invoked: SSBroyden1 approach!
[BFGS] batch=   9  call=   712  total=1.035e-02  PDE=1.841e-03 [colloc=1.703e-03, cfd=1.374e-04]  WALL=3.389e-15  DATA=5.788e-04
Invoked: SSBroyden1 approach!
[BFGS] batch=   9  call=   713  total=1.022e-02  PDE=1.818e-03 [colloc=1.683e-03, cfd=1.351e-04]  WALL=3.391e-15  DATA=5.795e-04
Invoked: SSBroyden1 approach!
[BFGS] batch=   9  call=   715  total=1.020e-02  PDE=1.806e-03 [colloc=1.672e-03, cfd=1.338e-04]  WALL=3.395e-15  DATA=5.801e-04
Invoked: SSBroyden1 approach!
[BFGS] batch=   9  call=   716  total=1.020e-02  PDE=1.796e-03 [colloc=1.663e-03, cfd=1.329e-04]  WALL=3.396e-15  DATA=5.806e-04
  [PT] w_u=3.2990 w_v=13.2801 gamma=0.820 (tau_u=3.031e-01 tau_v=7.530e-02 |Du|=3.51e-01 |DRu|=7.62e-01)
[BFGS] batch 9: H0 not PD — resetting to identity.
[BFGS-END] batch=   9  last_total=1.018e-02  last_PDE=1.796e-03 [colloc=1.663e-03, cfd=1.329e-04]  last_WALL=3.396e-15  last_DATA=5.806e-04
/oscar/home/jchen790/cylinder flow lab/src/cfp40.py:1430: OptimizeWarning: Unknown solver options: hess, hessp, bounds, constraints, tol
  result = minimize(
Invoked: SSBroyden1 approach!
[BFGS] batch=  10  call=   738  total=1.139e-02  PDE=2.242e-03 [colloc=2.109e-03, cfd=1.327e-04]  WALL=3.399e-15  DATA=5.835e-04
Invoked: SSBroyden1 approach!
[BFGS] batch=  10  call=   739  total=1.120e-02  PDE=2.141e-03 [colloc=2.009e-03, cfd=1.326e-04]  WALL=3.458e-15  DATA=5.982e-04
Invoked: SSBroyden1 approach!
[BFGS] batch=  10  call=   740  total=1.106e-02  PDE=2.070e-03 [colloc=1.938e-03, cfd=1.325e-04]  WALL=3.431e-15  DATA=5.986e-04
Invoked: SSBroyden1 approach!
[BFGS] batch=  10  call=   742  total=1.098e-02  PDE=2.045e-03 [colloc=1.912e-03, cfd=1.325e-04]  WALL=3.419e-15  DATA=5.978e-04
Invoked: SSBroyden1 approach!
[BFGS] batch=  10  call=   743  total=1.085e-02  PDE=2.010e-03 [colloc=1.879e-03, cfd=1.315e-04]  WALL=3.407e-15  DATA=5.970e-04
Invoked: SSBroyden1 approach!
[BFGS] batch=  10  call=   745  total=1.076e-02  PDE=2.000e-03 [colloc=1.869e-03, cfd=1.309e-04]  WALL=3.416e-15  DATA=5.942e-04
Invoked: SSBroyden1 approach!
[BFGS] batch=  10  call=   747  total=1.075e-02  PDE=1.988e-03 [colloc=1.859e-03, cfd=1.296e-04]  WALL=3.423e-15  DATA=5.938e-04
Invoked: SSBroyden1 approach!
[BFGS] batch=  10  call=   748  total=1.073e-02  PDE=1.979e-03 [colloc=1.850e-03, cfd=1.291e-04]  WALL=3.424e-15  DATA=5.937e-04
Invoked: SSBroyden1 approach!
[BFGS] batch=  10  call=   757  total=1.069e-02  PDE=1.974e-03 [colloc=1.845e-03, cfd=1.288e-04]  WALL=3.423e-15  DATA=5.929e-04
Invoked: SSBroyden1 approach!
[BFGS] batch=  10  call=   769  total=1.068e-02  PDE=1.971e-03 [colloc=1.842e-03, cfd=1.284e-04]  WALL=3.424e-15  DATA=5.924e-04
  [PT] w_u=3.5526 w_v=13.9274 gamma=0.818 (tau_u=2.815e-01 tau_v=7.180e-02 |Du|=2.78e-01 |DRu|=8.55e-01)
[PT] batch=  10  w=8.7400e+00
[BFGS-END] batch=  10  last_total=1.072e-02  last_PDE=1.971e-03 [colloc=1.842e-03, cfd=1.284e-04]  last_WALL=3.424e-15  last_DATA=5.924e-04
/oscar/home/jchen790/cylinder flow lab/src/cfp40.py:1430: OptimizeWarning: Unknown solver options: hess, hessp, bounds, constraints, tol
  result = minimize(
Invoked: SSBroyden1 approach!
[BFGS] batch=  11  call=   792  total=1.163e-02  PDE=2.311e-03 [colloc=2.182e-03, cfd=1.281e-04]  WALL=3.434e-15  DATA=5.937e-04
Invoked: SSBroyden1 approach!
[BFGS] batch=  11  call=   793  total=1.163e-02  PDE=2.296e-03 [colloc=2.166e-03, cfd=1.294e-04]  WALL=3.448e-15  DATA=5.971e-04
  [PT] w_u=3.8904 w_v=14.9568 gamma=0.817 (tau_u=2.570e-01 tau_v=6.686e-02 |Du|=1.59e-01 |DRu|=7.44e-01)
[BFGS-END] batch=  11  last_total=1.163e-02  last_PDE=2.295e-03 [colloc=2.166e-03, cfd=1.295e-04]  last_WALL=3.448e-15  last_DATA=5.970e-04
/oscar/home/jchen790/cylinder flow lab/src/cfp40.py:1430: OptimizeWarning: Unknown solver options: hess, hessp, bounds, constraints, tol
  result = minimize(
Invoked: SSBroyden1 approach!
[BFGS] batch=  12  call=   832  total=1.159e-02  PDE=2.281e-03 [colloc=2.151e-03, cfd=1.297e-04]  WALL=3.435e-15  DATA=5.998e-04
Invoked: SSBroyden1 approach!
[BFGS] batch=  12  call=   833  total=1.157e-02  PDE=2.265e-03 [colloc=2.134e-03, cfd=1.310e-04]  WALL=3.441e-15  DATA=5.984e-04
Invoked: SSBroyden1 approach!
[BFGS] batch=  12  call=   834  total=1.148e-02  PDE=2.249e-03 [colloc=2.118e-03, cfd=1.313e-04]  WALL=3.444e-15  DATA=5.990e-04
Invoked: SSBroyden1 approach!
[BFGS] batch=  12  call=   836  total=1.146e-02  PDE=2.239e-03 [colloc=2.107e-03, cfd=1.327e-04]  WALL=3.441e-15  DATA=5.989e-04
Invoked: SSBroyden1 approach!
[BFGS] batch=  12  call=   837  total=1.144e-02  PDE=2.231e-03 [colloc=2.097e-03, cfd=1.336e-04]  WALL=3.441e-15  DATA=5.977e-04
Invoked: SSBroyden1 approach!
[BFGS] batch=  12  call=   838  total=1.141e-02  PDE=2.217e-03 [colloc=2.082e-03, cfd=1.345e-04]  WALL=3.442e-15  DATA=5.984e-04
Invoked: SSBroyden1 approach!
[BFGS] batch=  12  call=   839  total=1.139e-02  PDE=2.199e-03 [colloc=2.061e-03, cfd=1.373e-04]  WALL=3.438e-15  DATA=5.984e-04
Invoked: SSBroyden1 approach!
[BFGS] batch=  12  call=   840  total=1.135e-02  PDE=2.187e-03 [colloc=2.049e-03, cfd=1.379e-04]  WALL=3.436e-15  DATA=5.987e-04
Invoked: SSBroyden1 approach!
[BFGS] batch=  12  call=   841  total=1.130e-02  PDE=2.159e-03 [colloc=2.023e-03, cfd=1.363e-04]  WALL=3.437e-15  DATA=5.988e-04
Invoked: SSBroyden1 approach!
[BFGS] batch=  12  call=   842  total=1.119e-02  PDE=2.124e-03 [colloc=1.990e-03, cfd=1.347e-04]  WALL=3.438e-15  DATA=6.001e-04
Invoked: SSBroyden1 approach!
[BFGS] batch=  12  call=   843  total=1.101e-02  PDE=2.059e-03 [colloc=1.927e-03, cfd=1.315e-04]  WALL=3.443e-15  DATA=6.038e-04
Invoked: SSBroyden1 approach!
[BFGS] batch=  12  call=   844  total=1.078e-02  PDE=1.979e-03 [colloc=1.849e-03, cfd=1.305e-04]  WALL=3.460e-15  DATA=6.062e-04
Invoked: SSBroyden1 approach!
[BFGS] batch=  12  call=   845  total=1.071e-02  PDE=1.914e-03 [colloc=1.776e-03, cfd=1.379e-04]  WALL=3.453e-15  DATA=6.105e-04
Invoked: SSBroyden1 approach!
[BFGS] batch=  12  call=   846  total=1.063e-02  PDE=1.884e-03 [colloc=1.747e-03, cfd=1.374e-04]  WALL=3.453e-15  DATA=6.134e-04
Invoked: SSBroyden1 approach!
[BFGS] batch=  12  call=   847  total=1.051e-02  PDE=1.854e-03 [colloc=1.718e-03, cfd=1.359e-04]  WALL=3.457e-15  DATA=6.189e-04
Invoked: SSBroyden1 approach!
[BFGS] batch=  12  call=   856  total=1.043e-02  PDE=1.839e-03 [colloc=1.703e-03, cfd=1.359e-04]  WALL=3.457e-15  DATA=6.194e-04
  [PT] w_u=4.1624 w_v=15.9531 gamma=0.839 (tau_u=2.402e-01 tau_v=6.268e-02 |Du|=3.14e-01 |DRu|=9.63e-01)
[BFGS] batch 12: H0 not PD — resetting to identity.
[BFGS-END] batch=  12  last_total=1.049e-02  last_PDE=1.839e-03 [colloc=1.703e-03, cfd=1.359e-04]  last_WALL=3.457e-15  last_DATA=6.194e-04
/oscar/home/jchen790/cylinder flow lab/src/cfp40.py:1430: OptimizeWarning: Unknown solver options: hess, hessp, bounds, constraints, tol
  result = minimize(
Invoked: SSBroyden1 approach!
[BFGS] batch=  13  call=   878  total=1.212e-02  PDE=2.421e-03 [colloc=2.285e-03, cfd=1.354e-04]  WALL=3.456e-15  DATA=6.265e-04
Invoked: SSBroyden1 approach!
[BFGS] batch=  13  call=   880  total=1.195e-02  PDE=2.320e-03 [colloc=2.184e-03, cfd=1.355e-04]  WALL=3.488e-15  DATA=6.369e-04
Invoked: SSBroyden1 approach!
[BFGS] batch=  13  call=   881  total=1.181e-02  PDE=2.277e-03 [colloc=2.141e-03, cfd=1.358e-04]  WALL=3.496e-15  DATA=6.421e-04
Invoked: SSBroyden1 approach!
[BFGS] batch=  13  call=   882  total=1.166e-02  PDE=2.207e-03 [colloc=2.071e-03, cfd=1.359e-04]  WALL=3.474e-15  DATA=6.413e-04
Invoked: SSBroyden1 approach!
[BFGS] batch=  13  call=   883  total=1.143e-02  PDE=2.143e-03 [colloc=2.009e-03, cfd=1.344e-04]  WALL=3.461e-15  DATA=6.420e-04
Invoked: SSBroyden1 approach!
[BFGS] batch=  13  call=   885  total=1.142e-02  PDE=2.128e-03 [colloc=1.994e-03, cfd=1.342e-04]  WALL=3.470e-15  DATA=6.402e-04
Invoked: SSBroyden1 approach!
[BFGS] batch=  13  call=   886  total=1.138e-02  PDE=2.120e-03 [colloc=1.986e-03, cfd=1.340e-04]  WALL=3.472e-15  DATA=6.404e-04
Invoked: SSBroyden1 approach!
[BFGS] batch=  13  call=   887  total=1.131e-02  PDE=2.107e-03 [colloc=1.973e-03, cfd=1.339e-04]  WALL=3.474e-15  DATA=6.409e-04
  [PT] w_u=4.5130 w_v=16.2826 gamma=0.835 (tau_u=2.216e-01 tau_v=6.142e-02 |Du|=1.95e-01 |DRu|=7.71e-01)
[BFGS-END] batch=  13  last_total=1.136e-02  last_PDE=2.107e-03 [colloc=1.973e-03, cfd=1.339e-04]  last_WALL=3.474e-15  last_DATA=6.409e-04
/oscar/home/jchen790/cylinder flow lab/src/cfp40.py:1430: OptimizeWarning: Unknown solver options: hess, hessp, bounds, constraints, tol
  result = minimize(
Invoked: SSBroyden1 approach!
[BFGS] batch=  14  call=   908  total=1.283e-02  PDE=2.644e-03 [colloc=2.509e-03, cfd=1.348e-04]  WALL=3.469e-15  DATA=6.399e-04
Invoked: SSBroyden1 approach!
[BFGS] batch=  14  call=   910  total=1.280e-02  PDE=2.631e-03 [colloc=2.496e-03, cfd=1.345e-04]  WALL=3.455e-15  DATA=6.390e-04
Invoked: SSBroyden1 approach!
[BFGS] batch=  14  call=   911  total=1.275e-02  PDE=2.609e-03 [colloc=2.476e-03, cfd=1.335e-04]  WALL=3.463e-15  DATA=6.389e-04
Invoked: SSBroyden1 approach!
[BFGS] batch=  14  call=   912  total=1.267e-02  PDE=2.588e-03 [colloc=2.455e-03, cfd=1.327e-04]  WALL=3.463e-15  DATA=6.396e-04
Invoked: SSBroyden1 approach!
[BFGS] batch=  14  call=   913  total=1.263e-02  PDE=2.583e-03 [colloc=2.449e-03, cfd=1.333e-04]  WALL=3.479e-15  DATA=6.381e-04
Invoked: SSBroyden1 approach!
[BFGS] batch=  14  call=   921  total=1.262e-02  PDE=2.568e-03 [colloc=2.435e-03, cfd=1.335e-04]  WALL=3.481e-15  DATA=6.383e-04
Invoked: SSBroyden1 approach!
[BFGS] batch=  14  call=   922  total=1.258e-02  PDE=2.560e-03 [colloc=2.427e-03, cfd=1.334e-04]  WALL=3.480e-15  DATA=6.388e-04
Invoked: SSBroyden1 approach!
[BFGS] batch=  14  call=   923  total=1.251e-02  PDE=2.540e-03 [colloc=2.406e-03, cfd=1.336e-04]  WALL=3.477e-15  DATA=6.390e-04
Invoked: SSBroyden1 approach!
[BFGS] batch=  14  call=   924  total=1.246e-02  PDE=2.504e-03 [colloc=2.368e-03, cfd=1.356e-04]  WALL=3.480e-15  DATA=6.444e-04
Invoked: SSBroyden1 approach!
[BFGS] batch=  14  call=   925  total=1.242e-02  PDE=2.486e-03 [colloc=2.349e-03, cfd=1.376e-04]  WALL=3.484e-15  DATA=6.429e-04
Invoked: SSBroyden1 approach!
[BFGS] batch=  14  call=   926  total=1.235e-02  PDE=2.459e-03 [colloc=2.320e-03, cfd=1.389e-04]  WALL=3.478e-15  DATA=6.440e-04
Invoked: SSBroyden1 approach!
[BFGS] batch=  14  call=   927  total=1.221e-02  PDE=2.417e-03 [colloc=2.278e-03, cfd=1.387e-04]  WALL=3.478e-15  DATA=6.429e-04
Invoked: SSBroyden1 approach!
[BFGS] batch=  14  call=   928  total=1.205e-02  PDE=2.332e-03 [colloc=2.194e-03, cfd=1.387e-04]  WALL=3.481e-15  DATA=6.444e-04
Invoked: SSBroyden1 approach!
[BFGS] batch=  14  call=   929  total=1.176e-02  PDE=2.235e-03 [colloc=2.094e-03, cfd=1.405e-04]  WALL=3.497e-15  DATA=6.465e-04
Invoked: SSBroyden1 approach!
[BFGS] batch=  14  call=   930  total=1.147e-02  PDE=2.121e-03 [colloc=1.972e-03, cfd=1.492e-04]  WALL=3.508e-15  DATA=6.449e-04
Invoked: SSBroyden1 approach!
[BFGS] batch=  14  call=   932  total=1.133e-02  PDE=2.055e-03 [colloc=1.908e-03, cfd=1.463e-04]  WALL=3.510e-15  DATA=6.484e-04
Invoked: SSBroyden1 approach!
[BFGS] batch=  14  call=   933  total=1.132e-02  PDE=2.046e-03 [colloc=1.899e-03, cfd=1.476e-04]  WALL=3.511e-15  DATA=6.488e-04
Invoked: SSBroyden1 approach!
[BFGS] batch=  14  call=   935  total=1.122e-02  PDE=2.022e-03 [colloc=1.875e-03, cfd=1.475e-04]  WALL=3.509e-15  DATA=6.489e-04
Invoked: SSBroyden1 approach!
[BFGS] batch=  14  call=   937  total=1.114e-02  PDE=2.013e-03 [colloc=1.864e-03, cfd=1.490e-04]  WALL=3.511e-15  DATA=6.482e-04
Invoked: SSBroyden1 approach!
[BFGS] batch=  14  call=   938  total=1.112e-02  PDE=1.990e-03 [colloc=1.842e-03, cfd=1.479e-04]  WALL=3.500e-15  DATA=6.516e-04
Invoked: SSBroyden1 approach!
[BFGS] batch=  14  call=   939  total=1.111e-02  PDE=1.980e-03 [colloc=1.833e-03, cfd=1.471e-04]  WALL=3.497e-15  DATA=6.507e-04
Invoked: SSBroyden1 approach!
[BFGS] batch=  14  call=   941  total=1.096e-02  PDE=1.945e-03 [colloc=1.801e-03, cfd=1.442e-04]  WALL=3.486e-15  DATA=6.498e-04
Invoked: SSBroyden1 approach!
[BFGS] batch=  14  call=   942  total=1.084e-02  PDE=1.928e-03 [colloc=1.781e-03, cfd=1.470e-04]  WALL=3.460e-15  DATA=6.432e-04
Invoked: SSBroyden1 approach!
[BFGS] batch=  14  call=   944  total=1.082e-02  PDE=1.912e-03 [colloc=1.767e-03, cfd=1.449e-04]  WALL=3.458e-15  DATA=6.405e-04
Invoked: SSBroyden1 approach!
[BFGS] batch=  14  call=   945  total=1.077e-02  PDE=1.905e-03 [colloc=1.760e-03, cfd=1.445e-04]  WALL=3.460e-15  DATA=6.404e-04
Invoked: SSBroyden1 approach!
[BFGS] batch=  14  call=   946  total=1.073e-02  PDE=1.891e-03 [colloc=1.745e-03, cfd=1.458e-04]  WALL=3.452e-15  DATA=6.399e-04
Invoked: SSBroyden1 approach!
[BFGS] batch=  14  call=   947  total=1.068e-02  PDE=1.876e-03 [colloc=1.731e-03, cfd=1.459e-04]  WALL=3.450e-15  DATA=6.385e-04
Invoked: SSBroyden1 approach!
[BFGS] batch=  14  call=   948  total=1.063e-02  PDE=1.870e-03 [colloc=1.729e-03, cfd=1.409e-04]  WALL=3.447e-15  DATA=6.369e-04
Invoked: SSBroyden1 approach!
[BFGS] batch=  14  call=   949  total=1.058e-02  PDE=1.861e-03 [colloc=1.724e-03, cfd=1.371e-04]  WALL=3.452e-15  DATA=6.335e-04
Invoked: SSBroyden1 approach!
[BFGS] batch=  14  call=   957  total=1.054e-02  PDE=1.849e-03 [colloc=1.712e-03, cfd=1.371e-04]  WALL=3.446e-15  DATA=6.323e-04
Invoked: SSBroyden1 approach!
[BFGS] batch=  14  call=   958  total=1.054e-02  PDE=1.834e-03 [colloc=1.700e-03, cfd=1.339e-04]  WALL=3.436e-15  DATA=6.310e-04
Invoked: SSBroyden1 approach!
[BFGS] batch=  14  call=   960  total=1.053e-02  PDE=1.829e-03 [colloc=1.696e-03, cfd=1.336e-04]  WALL=3.436e-15  DATA=6.308e-04
Invoked: SSBroyden1 approach!
[BFGS] batch=  14  call=   961  total=1.048e-02  PDE=1.821e-03 [colloc=1.689e-03, cfd=1.325e-04]  WALL=3.432e-15  DATA=6.310e-04
Invoked: SSBroyden1 approach!
[BFGS] batch=  14  call=   962  total=1.036e-02  PDE=1.812e-03 [colloc=1.676e-03, cfd=1.361e-04]  WALL=3.414e-15  DATA=6.283e-04
  [PT] w_u=4.9519 w_v=18.0689 gamma=0.809 (tau_u=2.019e-01 tau_v=5.534e-02 |Du|=2.32e-01 |DRu|=1.31e+00)
[BFGS] batch 14: H0 not PD — resetting to identity.
[BFGS-END] batch=  14  last_total=1.049e-02  last_PDE=1.812e-03 [colloc=1.676e-03, cfd=1.361e-04]  last_WALL=3.414e-15  last_DATA=6.283e-04
/oscar/home/jchen790/cylinder flow lab/src/cfp40.py:1430: OptimizeWarning: Unknown solver options: hess, hessp, bounds, constraints, tol
  result = minimize(
Invoked: SSBroyden1 approach!
[BFGS] batch=  15  call=   984  total=1.132e-02  PDE=2.119e-03 [colloc=1.982e-03, cfd=1.361e-04]  WALL=3.415e-15  DATA=6.275e-04
Invoked: SSBroyden1 approach!
[BFGS] batch=  15  call=   986  total=1.127e-02  PDE=2.111e-03 [colloc=1.975e-03, cfd=1.361e-04]  WALL=3.410e-15  DATA=6.261e-04
Invoked: SSBroyden1 approach!
[BFGS] batch=  15  call=   987  total=1.124e-02  PDE=2.107e-03 [colloc=1.971e-03, cfd=1.359e-04]  WALL=3.390e-15  DATA=6.220e-04
Invoked: SSBroyden1 approach!
[BFGS] batch=  15  call=   988  total=1.115e-02  PDE=2.089e-03 [colloc=1.953e-03, cfd=1.358e-04]  WALL=3.394e-15  DATA=6.238e-04
Invoked: SSBroyden1 approach!
[BFGS] batch=  15  call=   990  total=1.113e-02  PDE=2.081e-03 [colloc=1.945e-03, cfd=1.357e-04]  WALL=3.393e-15  DATA=6.235e-04
Invoked: SSBroyden1 approach!
[BFGS] batch=  15  call=   991  total=1.111e-02  PDE=2.074e-03 [colloc=1.938e-03, cfd=1.354e-04]  WALL=3.388e-15  DATA=6.230e-04
Invoked: SSBroyden1 approach!
[BFGS] batch=  15  call=   992  total=1.110e-02  PDE=2.070e-03 [colloc=1.935e-03, cfd=1.349e-04]  WALL=3.386e-15  DATA=6.218e-04
Invoked: SSBroyden1 approach!
[BFGS] batch=  15  call=   999  total=1.109e-02  PDE=2.064e-03 [colloc=1.929e-03, cfd=1.348e-04]  WALL=3.385e-15  DATA=6.228e-04
Invoked: SSBroyden1 approach!
[BFGS] batch=  15  call=  1000  total=1.106e-02  PDE=2.060e-03 [colloc=1.926e-03, cfd=1.346e-04]  WALL=3.386e-15  DATA=6.227e-04
  [PT] w_u=5.3250 w_v=19.5163 gamma=0.805 (tau_u=1.878e-01 tau_v=5.124e-02 |Du|=9.74e-02 |DRu|=3.55e-01)
[BFGS-END] batch=  15  last_total=1.107e-02  last_PDE=2.060e-03 [colloc=1.925e-03, cfd=1.345e-04]  last_WALL=3.386e-15  last_DATA=6.227e-04
/oscar/home/jchen790/cylinder flow lab/src/cfp40.py:1430: OptimizeWarning: Unknown solver options: hess, hessp, bounds, constraints, tol
  result = minimize(
Invoked: SSBroyden1 approach!
[BFGS] batch=  16  call=  1022  total=1.121e-02  PDE=2.110e-03 [colloc=1.975e-03, cfd=1.344e-04]  WALL=3.388e-15  DATA=6.225e-04
Invoked: SSBroyden1 approach!
[BFGS] batch=  16  call=  1030  total=1.114e-02  PDE=2.106e-03 [colloc=1.972e-03, cfd=1.343e-04]  WALL=3.391e-15  DATA=6.221e-04
  [PT] w_u=5.8488 w_v=21.4177 gamma=0.807 (tau_u=1.710e-01 tau_v=4.669e-02 |Du|=5.24e-02 |DRu|=3.36e-01)
[BFGS-END] batch=  16  last_total=1.120e-02  last_PDE=2.106e-03 [colloc=1.972e-03, cfd=1.343e-04]  last_WALL=3.391e-15  last_DATA=6.221e-04
/oscar/home/jchen790/cylinder flow lab/src/cfp40.py:1430: OptimizeWarning: Unknown solver options: hess, hessp, bounds, constraints, tol
  result = minimize(
Invoked: SSBroyden1 approach!
[BFGS] batch=  17  call=  1051  total=1.130e-02  PDE=2.139e-03 [colloc=2.004e-03, cfd=1.348e-04]  WALL=3.394e-15  DATA=6.226e-04
Invoked: SSBroyden1 approach!
[BFGS] batch=  17  call=  1052  total=1.128e-02  PDE=2.132e-03 [colloc=1.993e-03, cfd=1.388e-04]  WALL=3.395e-15  DATA=6.218e-04
Invoked: SSBroyden1 approach!
[BFGS] batch=  17  call=  1053  total=1.121e-02  PDE=2.120e-03 [colloc=1.980e-03, cfd=1.403e-04]  WALL=3.396e-15  DATA=6.213e-04
Invoked: SSBroyden1 approach!
[BFGS] batch=  17  call=  1062  total=1.117e-02  PDE=2.107e-03 [colloc=1.965e-03, cfd=1.421e-04]  WALL=3.392e-15  DATA=6.213e-04
Invoked: SSBroyden1 approach!
[BFGS] batch=  17  call=  1063  total=1.116e-02  PDE=2.096e-03 [colloc=1.952e-03, cfd=1.439e-04]  WALL=3.394e-15  DATA=6.214e-04
Invoked: SSBroyden1 approach!
[BFGS] batch=  17  call=  1070  total=1.115e-02  PDE=2.086e-03 [colloc=1.942e-03, cfd=1.437e-04]  WALL=3.393e-15  DATA=6.219e-04
Invoked: SSBroyden1 approach!
[BFGS] batch=  17  call=  1071  total=1.112e-02  PDE=2.083e-03 [colloc=1.939e-03, cfd=1.437e-04]  WALL=3.393e-15  DATA=6.216e-04
Invoked: SSBroyden1 approach!
[BFGS] batch=  17  call=  1072  total=1.107e-02  PDE=2.065e-03 [colloc=1.921e-03, cfd=1.437e-04]  WALL=3.394e-15  DATA=6.233e-04
  [PT] w_u=6.3791 w_v=23.6137 gamma=0.832 (tau_u=1.568e-01 tau_v=4.235e-02 |Du|=1.58e-01 |DRu|=8.48e-01)
[BFGS-END] batch=  17  last_total=1.111e-02  last_PDE=2.065e-03 [colloc=1.921e-03, cfd=1.437e-04]  last_WALL=3.395e-15  last_DATA=6.233e-04
/oscar/home/jchen790/cylinder flow lab/src/cfp40.py:1430: OptimizeWarning: Unknown solver options: hess, hessp, bounds, constraints, tol
  result = minimize(
Invoked: SSBroyden1 approach!
[BFGS] batch=  18  call=  1096  total=1.251e-02  PDE=2.577e-03 [colloc=2.434e-03, cfd=1.436e-04]  WALL=3.401e-15  DATA=6.241e-04
Invoked: SSBroyden1 approach!
[BFGS] batch=  18  call=  1097  total=1.247e-02  PDE=2.541e-03 [colloc=2.396e-03, cfd=1.442e-04]  WALL=3.390e-15  DATA=6.231e-04
Invoked: SSBroyden1 approach!
[BFGS] batch=  18  call=  1098  total=1.235e-02  PDE=2.511e-03 [colloc=2.366e-03, cfd=1.455e-04]  WALL=3.393e-15  DATA=6.236e-04
Invoked: SSBroyden1 approach!
[BFGS] batch=  18  call=  1099  total=1.215e-02  PDE=2.446e-03 [colloc=2.296e-03, cfd=1.503e-04]  WALL=3.393e-15  DATA=6.247e-04
Invoked: SSBroyden1 approach!
[BFGS] batch=  18  call=  1100  total=1.193e-02  PDE=2.357e-03 [colloc=2.201e-03, cfd=1.564e-04]  WALL=3.402e-15  DATA=6.239e-04
Invoked: SSBroyden1 approach!
[BFGS] batch=  18  call=  1101  total=1.167e-02  PDE=2.247e-03 [colloc=2.087e-03, cfd=1.604e-04]  WALL=3.413e-15  DATA=6.234e-04
Invoked: SSBroyden1 approach!
[BFGS] batch=  18  call=  1102  total=1.138e-02  PDE=2.183e-03 [colloc=2.014e-03, cfd=1.698e-04]  WALL=3.417e-15  DATA=6.205e-04
Invoked: SSBroyden1 approach!
[BFGS] batch=  18  call=  1103  total=1.135e-02  PDE=2.126e-03 [colloc=1.945e-03, cfd=1.806e-04]  WALL=3.414e-15  DATA=6.286e-04
Invoked: SSBroyden1 approach!
[BFGS] batch=  18  call=  1104  total=1.124e-02  PDE=2.108e-03 [colloc=1.926e-03, cfd=1.816e-04]  WALL=3.416e-15  DATA=6.288e-04
Invoked: SSBroyden1 approach!
[BFGS] batch=  18  call=  1114  total=1.121e-02  PDE=2.086e-03 [colloc=1.907e-03, cfd=1.799e-04]  WALL=3.415e-15  DATA=6.301e-04
Invoked: SSBroyden1 approach!
[BFGS] batch=  18  call=  1115  total=1.115e-02  PDE=2.071e-03 [colloc=1.892e-03, cfd=1.790e-04]  WALL=3.416e-15  DATA=6.304e-04
Invoked: SSBroyden1 approach!
[BFGS] batch=  18  call=  1117  total=1.112e-02  PDE=2.064e-03 [colloc=1.885e-03, cfd=1.790e-04]  WALL=3.415e-15  DATA=6.302e-04
Invoked: SSBroyden1 approach!
[BFGS] batch=  18  call=  1118  total=1.108e-02  PDE=2.050e-03 [colloc=1.871e-03, cfd=1.788e-04]  WALL=3.411e-15  DATA=6.302e-04
Invoked: SSBroyden1 approach!
[BFGS] batch=  18  call=  1119  total=1.105e-02  PDE=2.028e-03 [colloc=1.849e-03, cfd=1.791e-04]  WALL=3.411e-15  DATA=6.309e-04
Invoked: SSBroyden1 approach!
[BFGS] batch=  18  call=  1120  total=1.103e-02  PDE=2.010e-03 [colloc=1.833e-03, cfd=1.771e-04]  WALL=3.408e-15  DATA=6.311e-04
Invoked: SSBroyden1 approach!
[BFGS] batch=  18  call=  1121  total=1.094e-02  PDE=1.997e-03 [colloc=1.822e-03, cfd=1.757e-04]  WALL=3.408e-15  DATA=6.308e-04
Invoked: SSBroyden1 approach!
[BFGS] batch=  18  call=  1122  total=1.092e-02  PDE=1.959e-03 [colloc=1.787e-03, cfd=1.727e-04]  WALL=3.404e-15  DATA=6.301e-04
Invoked: SSBroyden1 approach!
[BFGS] batch=  18  call=  1123  total=1.083e-02  PDE=1.946e-03 [colloc=1.774e-03, cfd=1.723e-04]  WALL=3.404e-15  DATA=6.301e-04
Invoked: SSBroyden1 approach!
[BFGS] batch=  18  call=  1124  total=1.073e-02  PDE=1.910e-03 [colloc=1.741e-03, cfd=1.692e-04]  WALL=3.408e-15  DATA=6.294e-04
Invoked: SSBroyden1 approach!
[BFGS] batch=  18  call=  1125  total=1.063e-02  PDE=1.880e-03 [colloc=1.712e-03, cfd=1.683e-04]  WALL=3.414e-15  DATA=6.281e-04
Invoked: SSBroyden1 approach!
[BFGS] batch=  18  call=  1126  total=1.055e-02  PDE=1.859e-03 [colloc=1.692e-03, cfd=1.671e-04]  WALL=3.420e-15  DATA=6.296e-04
Invoked: SSBroyden1 approach!
[BFGS] batch=  18  call=  1127  total=1.054e-02  PDE=1.842e-03 [colloc=1.680e-03, cfd=1.626e-04]  WALL=3.430e-15  DATA=6.310e-04
Invoked: SSBroyden1 approach!
[BFGS] batch=  18  call=  1128  total=1.053e-02  PDE=1.833e-03 [colloc=1.671e-03, cfd=1.615e-04]  WALL=3.427e-15  DATA=6.315e-04
Invoked: SSBroyden1 approach!
[BFGS] batch=  18  call=  1129  total=1.045e-02  PDE=1.826e-03 [colloc=1.665e-03, cfd=1.605e-04]  WALL=3.424e-15  DATA=6.317e-04
Invoked: SSBroyden1 approach!
[BFGS] batch=  18  call=  1130  total=1.042e-02  PDE=1.800e-03 [colloc=1.644e-03, cfd=1.561e-04]  WALL=3.411e-15  DATA=6.365e-04
Invoked: SSBroyden1 approach!
[BFGS] batch=  18  call=  1138  total=1.040e-02  PDE=1.793e-03 [colloc=1.638e-03, cfd=1.544e-04]  WALL=3.410e-15  DATA=6.367e-04
Invoked: SSBroyden1 approach!
[BFGS] batch=  18  call=  1139  total=1.038e-02  PDE=1.780e-03 [colloc=1.629e-03, cfd=1.505e-04]  WALL=3.407e-15  DATA=6.363e-04
Invoked: SSBroyden1 approach!
[BFGS] batch=  18  call=  1146  total=1.038e-02  PDE=1.769e-03 [colloc=1.620e-03, cfd=1.487e-04]  WALL=3.403e-15  DATA=6.361e-04
  [PT] w_u=6.9459 w_v=25.5331 gamma=0.860 (tau_u=1.440e-01 tau_v=3.916e-02 |Du|=2.17e-01 |DRu|=1.18e+00)
[BFGS] batch 18: H0 not PD — resetting to identity.
[BFGS-END] batch=  18  last_total=1.036e-02  last_PDE=1.769e-03 [colloc=1.620e-03, cfd=1.487e-04]  last_WALL=3.403e-15  last_DATA=6.361e-04
/oscar/home/jchen790/cylinder flow lab/src/cfp40.py:1430: OptimizeWarning: Unknown solver options: hess, hessp, bounds, constraints, tol
  result = minimize(
Invoked: SSBroyden1 approach!
[BFGS] batch=  19  call=  1165  total=1.336e-02  PDE=2.851e-03 [colloc=2.702e-03, cfd=1.487e-04]  WALL=3.408e-15  DATA=6.368e-04
Invoked: SSBroyden1 approach!
[BFGS] batch=  19  call=  1167  total=1.322e-02  PDE=2.802e-03 [colloc=2.653e-03, cfd=1.488e-04]  WALL=3.413e-15  DATA=6.399e-04
Invoked: SSBroyden1 approach!
[BFGS] batch=  19  call=  1168  total=1.305e-02  PDE=2.715e-03 [colloc=2.567e-03, cfd=1.487e-04]  WALL=3.412e-15  DATA=6.435e-04
Invoked: SSBroyden1 approach!
[BFGS] batch=  19  call=  1170  total=1.297e-02  PDE=2.695e-03 [colloc=2.547e-03, cfd=1.488e-04]  WALL=3.395e-15  DATA=6.395e-04
Invoked: SSBroyden1 approach!
[BFGS] batch=  19  call=  1171  total=1.289e-02  PDE=2.663e-03 [colloc=2.515e-03, cfd=1.488e-04]  WALL=3.404e-15  DATA=6.414e-04
Invoked: SSBroyden1 approach!
[BFGS] batch=  19  call=  1172  total=1.282e-02  PDE=2.651e-03 [colloc=2.504e-03, cfd=1.476e-04]  WALL=3.402e-15  DATA=6.395e-04
Invoked: SSBroyden1 approach!
[BFGS] batch=  19  call=  1173  total=1.281e-02  PDE=2.633e-03 [colloc=2.486e-03, cfd=1.471e-04]  WALL=3.394e-15  DATA=6.394e-04
Invoked: SSBroyden1 approach!
[BFGS] batch=  19  call=  1174  total=1.277e-02  PDE=2.628e-03 [colloc=2.481e-03, cfd=1.470e-04]  WALL=3.390e-15  DATA=6.397e-04
Invoked: SSBroyden1 approach!
[BFGS] batch=  19  call=  1175  total=1.275e-02  PDE=2.615e-03 [colloc=2.469e-03, cfd=1.465e-04]  WALL=3.381e-15  DATA=6.390e-04
Invoked: SSBroyden1 approach!
[BFGS] batch=  19  call=  1182  total=1.269e-02  PDE=2.610e-03 [colloc=2.463e-03, cfd=1.465e-04]  WALL=3.381e-15  DATA=6.390e-04
Invoked: SSBroyden1 approach!
[BFGS] batch=  19  call=  1184  total=1.269e-02  PDE=2.605e-03 [colloc=2.459e-03, cfd=1.465e-04]  WALL=3.382e-15  DATA=6.388e-04
Invoked: SSBroyden1 approach!
[BFGS] batch=  19  call=  1186  total=1.263e-02  PDE=2.599e-03 [colloc=2.453e-03, cfd=1.463e-04]  WALL=3.380e-15  DATA=6.387e-04
  [PT] w_u=7.5566 w_v=27.5442 gamma=0.851 (tau_u=1.323e-01 tau_v=3.631e-02 |Du|=1.06e-01 |DRu|=5.90e-01)
[BFGS-END] batch=  19  last_total=1.267e-02  last_PDE=2.599e-03 [colloc=2.452e-03, cfd=1.463e-04]  last_WALL=3.380e-15  last_DATA=6.387e-04
/oscar/home/jchen790/cylinder flow lab/src/cfp40.py:1430: OptimizeWarning: Unknown solver options: hess, hessp, bounds, constraints, tol
  result = minimize(
Invoked: SSBroyden1 approach!
[BFGS] batch=  20  call=  1207  total=1.393e-02  PDE=3.031e-03 [colloc=2.885e-03, cfd=1.462e-04]  WALL=3.390e-15  DATA=6.396e-04
Invoked: SSBroyden1 approach!
[BFGS] batch=  20  call=  1208  total=1.386e-02  PDE=3.016e-03 [colloc=2.868e-03, cfd=1.485e-04]  WALL=3.393e-15  DATA=6.420e-04
Invoked: SSBroyden1 approach!
[BFGS] batch=  20  call=  1210  total=1.381e-02  PDE=3.007e-03 [colloc=2.858e-03, cfd=1.496e-04]  WALL=3.394e-15  DATA=6.416e-04
Invoked: SSBroyden1 approach!
[BFGS] batch=  20  call=  1211  total=1.379e-02  PDE=2.982e-03 [colloc=2.832e-03, cfd=1.505e-04]  WALL=3.400e-15  DATA=6.444e-04
Invoked: SSBroyden1 approach!
[BFGS] batch=  20  call=  1212  total=1.375e-02  PDE=2.968e-03 [colloc=2.817e-03, cfd=1.512e-04]  WALL=3.399e-15  DATA=6.444e-04
Invoked: SSBroyden1 approach!
[BFGS] batch=  20  call=  1213  total=1.369e-02  PDE=2.950e-03 [colloc=2.799e-03, cfd=1.513e-04]  WALL=3.401e-15  DATA=6.448e-04
Invoked: SSBroyden1 approach!
[BFGS] batch=  20  call=  1214  total=1.360e-02  PDE=2.919e-03 [colloc=2.768e-03, cfd=1.516e-04]  WALL=3.396e-15  DATA=6.464e-04
Invoked: SSBroyden1 approach!
[BFGS] batch=  20  call=  1215  total=1.360e-02  PDE=2.882e-03 [colloc=2.729e-03, cfd=1.530e-04]  WALL=3.401e-15  DATA=6.467e-04
Invoked: SSBroyden1 approach!
[BFGS] batch=  20  call=  1217  total=1.344e-02  PDE=2.849e-03 [colloc=2.696e-03, cfd=1.539e-04]  WALL=3.401e-15  DATA=6.473e-04
Invoked: SSBroyden1 approach!
[BFGS] batch=  20  call=  1218  total=1.322e-02  PDE=2.760e-03 [colloc=2.602e-03, cfd=1.579e-04]  WALL=3.409e-15  DATA=6.506e-04
Invoked: SSBroyden1 approach!
[BFGS] batch=  20  call=  1219  total=1.296e-02  PDE=2.644e-03 [colloc=2.477e-03, cfd=1.669e-04]  WALL=3.422e-15  DATA=6.552e-04
Invoked: SSBroyden1 approach!
[BFGS] batch=  20  call=  1220  total=1.256e-02  PDE=2.494e-03 [colloc=2.313e-03, cfd=1.811e-04]  WALL=3.439e-15  DATA=6.590e-04
Invoked: SSBroyden1 approach!
[BFGS] batch=  20  call=  1221  total=1.215e-02  PDE=2.333e-03 [colloc=2.131e-03, cfd=2.017e-04]  WALL=3.449e-15  DATA=6.685e-04
Invoked: SSBroyden1 approach!
[BFGS] batch=  20  call=  1222  total=1.189e-02  PDE=2.207e-03 [colloc=1.999e-03, cfd=2.084e-04]  WALL=3.457e-15  DATA=6.742e-04
Invoked: SSBroyden1 approach!
[BFGS] batch=  20  call=  1224  total=1.180e-02  PDE=2.167e-03 [colloc=1.959e-03, cfd=2.077e-04]  WALL=3.453e-15  DATA=6.774e-04
Invoked: SSBroyden1 approach!
[BFGS] batch=  20  call=  1225  total=1.170e-02  PDE=2.141e-03 [colloc=1.936e-03, cfd=2.056e-04]  WALL=3.451e-15  DATA=6.793e-04
Invoked: SSBroyden1 approach!
[BFGS] batch=  20  call=  1227  total=1.164e-02  PDE=2.121e-03 [colloc=1.918e-03, cfd=2.038e-04]  WALL=3.455e-15  DATA=6.814e-04
Invoked: SSBroyden1 approach!
[BFGS] batch=  20  call=  1228  total=1.159e-02  PDE=2.091e-03 [colloc=1.889e-03, cfd=2.018e-04]  WALL=3.458e-15  DATA=6.826e-04
Invoked: SSBroyden1 approach!
[BFGS] batch=  20  call=  1229  total=1.152e-02  PDE=2.066e-03 [colloc=1.866e-03, cfd=1.995e-04]  WALL=3.463e-15  DATA=6.826e-04
Invoked: SSBroyden1 approach!
[BFGS] batch=  20  call=  1230  total=1.136e-02  PDE=2.029e-03 [colloc=1.833e-03, cfd=1.962e-04]  WALL=3.464e-15  DATA=6.824e-04
Invoked: SSBroyden1 approach!
[BFGS] batch=  20  call=  1231  total=1.130e-02  PDE=1.978e-03 [colloc=1.788e-03, cfd=1.896e-04]  WALL=3.449e-15  DATA=6.820e-04
Invoked: SSBroyden1 approach!
[BFGS] batch=  20  call=  1232  total=1.115e-02  PDE=1.953e-03 [colloc=1.764e-03, cfd=1.888e-04]  WALL=3.447e-15  DATA=6.833e-04
Invoked: SSBroyden1 approach!
[BFGS] batch=  20  call=  1234  total=1.105e-02  PDE=1.926e-03 [colloc=1.739e-03, cfd=1.877e-04]  WALL=3.438e-15  DATA=6.846e-04
Invoked: SSBroyden1 approach!
[BFGS] batch=  20  call=  1235  total=1.099e-02  PDE=1.899e-03 [colloc=1.717e-03, cfd=1.824e-04]  WALL=3.426e-15  DATA=6.836e-04
Invoked: SSBroyden1 approach!
[BFGS] batch=  20  call=  1236  total=1.091e-02  PDE=1.875e-03 [colloc=1.697e-03, cfd=1.782e-04]  WALL=3.424e-15  DATA=6.818e-04
Invoked: SSBroyden1 approach!
[BFGS] batch=  20  call=  1237  total=1.076e-02  PDE=1.844e-03 [colloc=1.673e-03, cfd=1.707e-04]  WALL=3.419e-15  DATA=6.790e-04
Invoked: SSBroyden1 approach!
[BFGS] batch=  20  call=  1246  total=1.072e-02  PDE=1.826e-03 [colloc=1.662e-03, cfd=1.637e-04]  WALL=3.417e-15  DATA=6.766e-04
Invoked: SSBroyden1 approach!
[BFGS] batch=  20  call=  1247  total=1.066e-02  PDE=1.812e-03 [colloc=1.652e-03, cfd=1.608e-04]  WALL=3.415e-15  DATA=6.740e-04
Invoked: SSBroyden1 approach!
[BFGS] batch=  20  call=  1249  total=1.064e-02  PDE=1.805e-03 [colloc=1.646e-03, cfd=1.595e-04]  WALL=3.414e-15  DATA=6.729e-04
Invoked: SSBroyden1 approach!
[BFGS] batch=  20  call=  1256  total=1.062e-02  PDE=1.797e-03 [colloc=1.640e-03, cfd=1.572e-04]  WALL=3.412e-15  DATA=6.716e-04
Invoked: SSBroyden1 approach!
[BFGS] batch=  20  call=  1257  total=1.059e-02  PDE=1.788e-03 [colloc=1.634e-03, cfd=1.539e-04]  WALL=3.411e-15  DATA=6.696e-04
Invoked: SSBroyden1 approach!
[BFGS] batch=  20  call=  1258  total=1.052e-02  PDE=1.775e-03 [colloc=1.624e-03, cfd=1.502e-04]  WALL=3.407e-15  DATA=6.684e-04
  [PT] w_u=8.1269 w_v=29.4440 gamma=0.887 (tau_u=1.230e-01 tau_v=3.396e-02 |Du|=1.96e-01 |DRu|=9.29e-01)
[PT] batch=  20  w=1.8785e+01
[BFGS] batch 20: H0 not PD — resetting to identity.
[BFGS-END] batch=  20  last_total=1.061e-02  last_PDE=1.774e-03 [colloc=1.624e-03, cfd=1.501e-04]  last_WALL=3.407e-15  last_DATA=6.684e-04
/oscar/home/jchen790/cylinder flow lab/src/cfp40.py:1430: OptimizeWarning: Unknown solver options: hess, hessp, bounds, constraints, tol
  result = minimize(
Invoked: SSBroyden1 approach!
[BFGS] batch=  21  call=  1282  total=1.502e-02  PDE=3.363e-03 [colloc=3.212e-03, cfd=1.502e-04]  WALL=3.415e-15  DATA=6.718e-04
Invoked: SSBroyden1 approach!
[BFGS] batch=  21  call=  1284  total=1.478e-02  PDE=3.267e-03 [colloc=3.117e-03, cfd=1.502e-04]  WALL=3.422e-15  DATA=6.769e-04
Invoked: SSBroyden1 approach!
[BFGS] batch=  21  call=  1285  total=1.445e-02  PDE=3.128e-03 [colloc=2.978e-03, cfd=1.498e-04]  WALL=3.422e-15  DATA=6.821e-04
Invoked: SSBroyden1 approach!
[BFGS] batch=  21  call=  1287  total=1.430e-02  PDE=3.080e-03 [colloc=2.931e-03, cfd=1.497e-04]  WALL=3.399e-15  DATA=6.776e-04
Invoked: SSBroyden1 approach!
[BFGS] batch=  21  call=  1288  total=1.413e-02  PDE=3.030e-03 [colloc=2.880e-03, cfd=1.500e-04]  WALL=3.407e-15  DATA=6.810e-04
Invoked: SSBroyden1 approach!
[BFGS] batch=  21  call=  1290  total=1.406e-02  PDE=3.006e-03 [colloc=2.856e-03, cfd=1.495e-04]  WALL=3.406e-15  DATA=6.801e-04
Invoked: SSBroyden1 approach!
[BFGS] batch=  21  call=  1291  total=1.404e-02  PDE=2.979e-03 [colloc=2.829e-03, cfd=1.493e-04]  WALL=3.402e-15  DATA=6.807e-04
Invoked: SSBroyden1 approach!
[BFGS] batch=  21  call=  1292  total=1.403e-02  PDE=2.972e-03 [colloc=2.823e-03, cfd=1.494e-04]  WALL=3.399e-15  DATA=6.811e-04
Invoked: SSBroyden1 approach!
[BFGS] batch=  21  call=  1293  total=1.393e-02  PDE=2.964e-03 [colloc=2.815e-03, cfd=1.493e-04]  WALL=3.398e-15  DATA=6.810e-04
Invoked: SSBroyden1 approach!
[BFGS] batch=  21  call=  1302  total=1.390e-02  PDE=2.957e-03 [colloc=2.808e-03, cfd=1.494e-04]  WALL=3.397e-15  DATA=6.810e-04
  [PT] w_u=8.7878 w_v=27.9117 gamma=0.884 (tau_u=1.138e-01 tau_v=3.583e-02 |Du|=8.92e-02 |DRu|=4.80e-01)
[BFGS-END] batch=  21  last_total=1.397e-02  last_PDE=2.957e-03 [colloc=2.808e-03, cfd=1.494e-04]  last_WALL=3.397e-15  last_DATA=6.810e-04
/oscar/home/jchen790/cylinder flow lab/src/cfp40.py:1430: OptimizeWarning: Unknown solver options: hess, hessp, bounds, constraints, tol
  result = minimize(
Invoked: SSBroyden1 approach!
[BFGS] batch=  22  call=  1340  total=1.696e-02  PDE=4.058e-03 [colloc=3.908e-03, cfd=1.498e-04]  WALL=3.402e-15  DATA=6.806e-04
  [PT] w_u=9.7040 w_v=30.6960 gamma=0.881 (tau_u=1.030e-01 tau_v=3.258e-02 |Du|=2.70e-02 |DRu|=3.17e-01)
[BFGS-END] batch=  22  last_total=1.701e-02  last_PDE=4.058e-03 [colloc=3.908e-03, cfd=1.498e-04]  last_WALL=3.402e-15  last_DATA=6.805e-04
/oscar/home/jchen790/cylinder flow lab/src/cfp40.py:1430: OptimizeWarning: Unknown solver options: hess, hessp, bounds, constraints, tol
  result = minimize(
Invoked: SSBroyden1 approach!
[BFGS] batch=  23  call=  1361  total=1.666e-02  PDE=3.955e-03 [colloc=3.805e-03, cfd=1.493e-04]  WALL=3.407e-15  DATA=6.806e-04
  [PT] w_u=10.6945 w_v=33.7576 gamma=0.885 (tau_u=9.351e-02 tau_v=2.962e-02 |Du|=3.49e-02 |DRu|=3.76e-01)
[BFGS-END] batch=  23  last_total=1.670e-02  last_PDE=3.952e-03 [colloc=3.803e-03, cfd=1.493e-04]  last_WALL=3.407e-15  last_DATA=6.809e-04
/oscar/home/jchen790/cylinder flow lab/src/cfp40.py:1430: OptimizeWarning: Unknown solver options: hess, hessp, bounds, constraints, tol
  result = minimize(
Invoked: SSBroyden1 approach!
[BFGS] batch=  24  call=  1383  total=1.699e-02  PDE=4.051e-03 [colloc=3.899e-03, cfd=1.525e-04]  WALL=3.418e-15  DATA=6.865e-04
Invoked: SSBroyden1 approach!
[BFGS] batch=  24  call=  1385  total=1.698e-02  PDE=4.027e-03 [colloc=3.870e-03, cfd=1.566e-04]  WALL=3.431e-15  DATA=6.882e-04
Invoked: SSBroyden1 approach!
[BFGS] batch=  24  call=  1387  total=1.691e-02  PDE=4.009e-03 [colloc=3.852e-03, cfd=1.572e-04]  WALL=3.429e-15  DATA=6.888e-04
Invoked: SSBroyden1 approach!
[BFGS] batch=  24  call=  1388  total=1.677e-02  PDE=3.964e-03 [colloc=3.806e-03, cfd=1.579e-04]  WALL=3.430e-15  DATA=6.912e-04
Invoked: SSBroyden1 approach!
[BFGS] batch=  24  call=  1389  total=1.667e-02  PDE=3.911e-03 [colloc=3.750e-03, cfd=1.612e-04]  WALL=3.431e-15  DATA=6.947e-04
Invoked: SSBroyden1 approach!
[BFGS] batch=  24  call=  1390  total=1.656e-02  PDE=3.855e-03 [colloc=3.689e-03, cfd=1.664e-04]  WALL=3.430e-15  DATA=6.955e-04
Invoked: SSBroyden1 approach!
[BFGS] batch=  24  call=  1391  total=1.640e-02  PDE=3.798e-03 [colloc=3.624e-03, cfd=1.744e-04]  WALL=3.428e-15  DATA=7.000e-04
Invoked: SSBroyden1 approach!
[BFGS] batch=  24  call=  1392  total=1.623e-02  PDE=3.716e-03 [colloc=3.527e-03, cfd=1.886e-04]  WALL=3.430e-15  DATA=7.027e-04
Invoked: SSBroyden1 approach!
[BFGS] batch=  24  call=  1393  total=1.596e-02  PDE=3.621e-03 [colloc=3.414e-03, cfd=2.064e-04]  WALL=3.432e-15  DATA=7.076e-04
Invoked: SSBroyden1 approach!
[BFGS] batch=  24  call=  1394  total=1.552e-02  PDE=3.455e-03 [colloc=3.223e-03, cfd=2.314e-04]  WALL=3.444e-15  DATA=7.158e-04
Invoked: SSBroyden1 approach!
[BFGS] batch=  24  call=  1395  total=1.492e-02  PDE=3.207e-03 [colloc=2.937e-03, cfd=2.704e-04]  WALL=3.470e-15  DATA=7.325e-04
Invoked: SSBroyden1 approach!
[BFGS] batch=  24  call=  1396  total=1.427e-02  PDE=2.905e-03 [colloc=2.565e-03, cfd=3.396e-04]  WALL=3.494e-15  DATA=7.555e-04
Invoked: SSBroyden1 approach!
[BFGS] batch=  24  call=  1398  total=1.385e-02  PDE=2.745e-03 [colloc=2.383e-03, cfd=3.623e-04]  WALL=3.517e-15  DATA=7.694e-04
Invoked: SSBroyden1 approach!
[BFGS] batch=  24  call=  1400  total=1.367e-02  PDE=2.659e-03 [colloc=2.292e-03, cfd=3.667e-04]  WALL=3.525e-15  DATA=7.761e-04
Invoked: SSBroyden1 approach!
[BFGS] batch=  24  call=  1401  total=1.357e-02  PDE=2.606e-03 [colloc=2.244e-03, cfd=3.612e-04]  WALL=3.519e-15  DATA=7.827e-04
Invoked: SSBroyden1 approach!
[BFGS] batch=  24  call=  1402  total=1.349e-02  PDE=2.563e-03 [colloc=2.206e-03, cfd=3.575e-04]  WALL=3.514e-15  DATA=7.839e-04
Invoked: SSBroyden1 approach!
[BFGS] batch=  24  call=  1403  total=1.337e-02  PDE=2.524e-03 [colloc=2.176e-03, cfd=3.480e-04]  WALL=3.517e-15  DATA=7.875e-04
Invoked: SSBroyden1 approach!
[BFGS] batch=  24  call=  1404  total=1.316e-02  PDE=2.463e-03 [colloc=2.129e-03, cfd=3.342e-04]  WALL=3.519e-15  DATA=7.895e-04
Invoked: SSBroyden1 approach!
[BFGS] batch=  24  call=  1405  total=1.307e-02  PDE=2.413e-03 [colloc=2.097e-03, cfd=3.161e-04]  WALL=3.527e-15  DATA=7.932e-04
Invoked: SSBroyden1 approach!
[BFGS] batch=  24  call=  1406  total=1.299e-02  PDE=2.368e-03 [colloc=2.059e-03, cfd=3.085e-04]  WALL=3.523e-15  DATA=7.941e-04
Invoked: SSBroyden1 approach!
[BFGS] batch=  24  call=  1407  total=1.284e-02  PDE=2.328e-03 [colloc=2.024e-03, cfd=3.038e-04]  WALL=3.526e-15  DATA=7.947e-04
Invoked: SSBroyden1 approach!
[BFGS] batch=  24  call=  1408  total=1.283e-02  PDE=2.327e-03 [colloc=2.030e-03, cfd=2.972e-04]  WALL=3.525e-15  DATA=7.937e-04
Invoked: SSBroyden1 approach!
[BFGS] batch=  24  call=  1409  total=1.281e-02  PDE=2.317e-03 [colloc=2.021e-03, cfd=2.959e-04]  WALL=3.525e-15  DATA=7.936e-04
Invoked: SSBroyden1 approach!
[BFGS] batch=  24  call=  1411  total=1.275e-02  PDE=2.280e-03 [colloc=1.989e-03, cfd=2.915e-04]  WALL=3.522e-15  DATA=7.922e-04
Invoked: SSBroyden1 approach!
[BFGS] batch=  24  call=  1412  total=1.259e-02  PDE=2.244e-03 [colloc=1.959e-03, cfd=2.846e-04]  WALL=3.519e-15  DATA=7.906e-04
Invoked: SSBroyden1 approach!
[BFGS] batch=  24  call=  1413  total=1.248e-02  PDE=2.186e-03 [colloc=1.917e-03, cfd=2.692e-04]  WALL=3.512e-15  DATA=7.842e-04
Invoked: SSBroyden1 approach!
[BFGS] batch=  24  call=  1414  total=1.227e-02  PDE=2.149e-03 [colloc=1.889e-03, cfd=2.603e-04]  WALL=3.504e-15  DATA=7.796e-04
Invoked: SSBroyden1 approach!
[BFGS] batch=  24  call=  1415  total=1.209e-02  PDE=2.090e-03 [colloc=1.851e-03, cfd=2.385e-04]  WALL=3.500e-15  DATA=7.747e-04
Invoked: SSBroyden1 approach!
[BFGS] batch=  24  call=  1416  total=1.201e-02  PDE=2.079e-03 [colloc=1.855e-03, cfd=2.241e-04]  WALL=3.481e-15  DATA=7.655e-04
Invoked: SSBroyden1 approach!
[BFGS] batch=  24  call=  1417  total=1.189e-02  PDE=2.059e-03 [colloc=1.838e-03, cfd=2.211e-04]  WALL=3.479e-15  DATA=7.607e-04
Invoked: SSBroyden1 approach!
[BFGS] batch=  24  call=  1418  total=1.180e-02  PDE=2.037e-03 [colloc=1.823e-03, cfd=2.139e-04]  WALL=3.474e-15  DATA=7.561e-04
Invoked: SSBroyden1 approach!
[BFGS] batch=  24  call=  1419  total=1.169e-02  PDE=1.999e-03 [colloc=1.791e-03, cfd=2.081e-04]  WALL=3.469e-15  DATA=7.536e-04
Invoked: SSBroyden1 approach!
[BFGS] batch=  24  call=  1420  total=1.163e-02  PDE=1.966e-03 [colloc=1.765e-03, cfd=2.010e-04]  WALL=3.464e-15  DATA=7.524e-04
Invoked: SSBroyden1 approach!
[BFGS] batch=  24  call=  1421  total=1.150e-02  PDE=1.937e-03 [colloc=1.741e-03, cfd=1.961e-04]  WALL=3.465e-15  DATA=7.510e-04
Invoked: SSBroyden1 approach!
[BFGS] batch=  24  call=  1422  total=1.144e-02  PDE=1.901e-03 [colloc=1.720e-03, cfd=1.815e-04]  WALL=3.460e-15  DATA=7.473e-04
Invoked: SSBroyden1 approach!
[BFGS] batch=  24  call=  1423  total=1.124e-02  PDE=1.876e-03 [colloc=1.702e-03, cfd=1.739e-04]  WALL=3.456e-15  DATA=7.448e-04
Invoked: SSBroyden1 approach!
[BFGS] batch=  24  call=  1424  total=1.123e-02  PDE=1.879e-03 [colloc=1.722e-03, cfd=1.578e-04]  WALL=3.442e-15  DATA=7.351e-04
Invoked: SSBroyden1 approach!
[BFGS] batch=  24  call=  1425  total=1.122e-02  PDE=1.873e-03 [colloc=1.716e-03, cfd=1.572e-04]  WALL=3.441e-15  DATA=7.350e-04
Invoked: SSBroyden1 approach!
[BFGS] batch=  24  call=  1426  total=1.120e-02  PDE=1.864e-03 [colloc=1.708e-03, cfd=1.559e-04]  WALL=3.439e-15  DATA=7.341e-04
Invoked: SSBroyden1 approach!
[BFGS] batch=  24  call=  1427  total=1.116e-02  PDE=1.852e-03 [colloc=1.698e-03, cfd=1.538e-04]  WALL=3.437e-15  DATA=7.338e-04
Invoked: SSBroyden1 approach!
[BFGS] batch=  24  call=  1428  total=1.111e-02  PDE=1.834e-03 [colloc=1.684e-03, cfd=1.495e-04]  WALL=3.427e-15  DATA=7.320e-04
Invoked: SSBroyden1 approach!
[BFGS] batch=  24  call=  1429  total=1.105e-02  PDE=1.812e-03 [colloc=1.668e-03, cfd=1.449e-04]  WALL=3.423e-15  DATA=7.284e-04
Invoked: SSBroyden1 approach!
[BFGS] batch=  24  call=  1430  total=1.097e-02  PDE=1.793e-03 [colloc=1.651e-03, cfd=1.415e-04]  WALL=3.425e-15  DATA=7.277e-04
Invoked: SSBroyden1 approach!
[BFGS] batch=  24  call=  1431  total=1.082e-02  PDE=1.774e-03 [colloc=1.635e-03, cfd=1.390e-04]  WALL=3.416e-15  DATA=7.239e-04
  [PT] w_u=11.4134 w_v=33.7898 gamma=0.889 (tau_u=8.762e-02 tau_v=2.959e-02 |Du|=1.85e-01 |DRu|=9.39e-01)
[BFGS] batch 24: H0 not PD — resetting to identity.
[BFGS-END] batch=  24  last_total=1.083e-02  last_PDE=1.774e-03 [colloc=1.635e-03, cfd=1.390e-04]  last_WALL=3.416e-15  last_DATA=7.239e-04
/oscar/home/jchen790/cylinder flow lab/src/cfp40.py:1430: OptimizeWarning: Unknown solver options: hess, hessp, bounds, constraints, tol
  result = minimize(
Invoked: SSBroyden1 approach!
[BFGS] batch=  25  call=  1453  total=1.519e-02  PDE=3.318e-03 [colloc=3.179e-03, cfd=1.389e-04]  WALL=3.426e-15  DATA=7.301e-04
Invoked: SSBroyden1 approach!
[BFGS] batch=  25  call=  1455  total=1.488e-02  PDE=3.197e-03 [colloc=3.058e-03, cfd=1.391e-04]  WALL=3.439e-15  DATA=7.386e-04
Invoked: SSBroyden1 approach!
[BFGS] batch=  25  call=  1456  total=1.468e-02  PDE=3.068e-03 [colloc=2.929e-03, cfd=1.390e-04]  WALL=3.444e-15  DATA=7.467e-04
Invoked: SSBroyden1 approach!
[BFGS] batch=  25  call=  1457  total=1.440e-02  PDE=2.976e-03 [colloc=2.837e-03, cfd=1.391e-04]  WALL=3.428e-15  DATA=7.461e-04
Invoked: SSBroyden1 approach!
[BFGS] batch=  25  call=  1459  total=1.432e-02  PDE=2.934e-03 [colloc=2.794e-03, cfd=1.394e-04]  WALL=3.429e-15  DATA=7.478e-04
Invoked: SSBroyden1 approach!
[BFGS] batch=  25  call=  1460  total=1.419e-02  PDE=2.901e-03 [colloc=2.763e-03, cfd=1.388e-04]  WALL=3.426e-15  DATA=7.476e-04
Invoked: SSBroyden1 approach!
[BFGS] batch=  25  call=  1461  total=1.410e-02  PDE=2.881e-03 [colloc=2.742e-03, cfd=1.387e-04]  WALL=3.418e-15  DATA=7.495e-04
Invoked: SSBroyden1 approach!
[BFGS] batch=  25  call=  1463  total=1.408e-02  PDE=2.872e-03 [colloc=2.733e-03, cfd=1.387e-04]  WALL=3.415e-15  DATA=7.500e-04
Invoked: SSBroyden1 approach!
[BFGS] batch=  25  call=  1464  total=1.400e-02  PDE=2.861e-03 [colloc=2.722e-03, cfd=1.386e-04]  WALL=3.415e-15  DATA=7.500e-04
  [PT] w_u=11.9284 w_v=31.5281 gamma=0.885 (tau_u=8.383e-02 tau_v=3.172e-02 |Du|=1.04e-01 |DRu|=4.38e-01)
[BFGS-END] batch=  25  last_total=1.411e-02  last_PDE=2.861e-03 [colloc=2.722e-03, cfd=1.386e-04]  last_WALL=3.415e-15  last_DATA=7.500e-04
/oscar/home/jchen790/cylinder flow lab/src/cfp40.py:1430: OptimizeWarning: Unknown solver options: hess, hessp, bounds, constraints, tol
  result = minimize(
Invoked: SSBroyden1 approach!
[BFGS] batch=  26  call=  1485  total=1.744e-02  PDE=4.094e-03 [colloc=3.955e-03, cfd=1.392e-04]  WALL=3.413e-15  DATA=7.491e-04
Invoked: SSBroyden1 approach!
[BFGS] batch=  26  call=  1493  total=1.740e-02  PDE=4.085e-03 [colloc=3.945e-03, cfd=1.400e-04]  WALL=3.406e-15  DATA=7.483e-04
Invoked: SSBroyden1 approach!
[BFGS] batch=  26  call=  1500  total=1.736e-02  PDE=4.066e-03 [colloc=3.923e-03, cfd=1.435e-04]  WALL=3.407e-15  DATA=7.465e-04
Invoked: SSBroyden1 approach!
[BFGS] batch=  26  call=  1501  total=1.734e-02  PDE=4.059e-03 [colloc=3.912e-03, cfd=1.473e-04]  WALL=3.402e-15  DATA=7.442e-04
Invoked: SSBroyden1 approach!
[BFGS] batch=  26  call=  1502  total=1.733e-02  PDE=4.051e-03 [colloc=3.903e-03, cfd=1.480e-04]  WALL=3.402e-15  DATA=7.445e-04
Invoked: SSBroyden1 approach!
[BFGS] batch=  26  call=  1503  total=1.732e-02  PDE=4.043e-03 [colloc=3.896e-03, cfd=1.474e-04]  WALL=3.403e-15  DATA=7.443e-04
Invoked: SSBroyden1 approach!
[BFGS] batch=  26  call=  1510  total=1.729e-02  PDE=4.035e-03 [colloc=3.888e-03, cfd=1.469e-04]  WALL=3.404e-15  DATA=7.444e-04
Invoked: SSBroyden1 approach!
[BFGS] batch=  26  call=  1511  total=1.719e-02  PDE=4.016e-03 [colloc=3.871e-03, cfd=1.454e-04]  WALL=3.402e-15  DATA=7.437e-04
Invoked: SSBroyden1 approach!
[BFGS] batch=  26  call=  1512  total=1.712e-02  PDE=3.985e-03 [colloc=3.842e-03, cfd=1.440e-04]  WALL=3.406e-15  DATA=7.400e-04
Invoked: SSBroyden1 approach!
[BFGS] batch=  26  call=  1513  total=1.702e-02  PDE=3.945e-03 [colloc=3.801e-03, cfd=1.447e-04]  WALL=3.408e-15  DATA=7.390e-04
Invoked: SSBroyden1 approach!
[BFGS] batch=  26  call=  1514  total=1.687e-02  PDE=3.894e-03 [colloc=3.747e-03, cfd=1.465e-04]  WALL=3.406e-15  DATA=7.360e-04
Invoked: SSBroyden1 approach!
[BFGS] batch=  26  call=  1515  total=1.667e-02  PDE=3.820e-03 [colloc=3.671e-03, cfd=1.493e-04]  WALL=3.407e-15  DATA=7.336e-04
Invoked: SSBroyden1 approach!
[BFGS] batch=  26  call=  1516  total=1.630e-02  PDE=3.704e-03 [colloc=3.549e-03, cfd=1.553e-04]  WALL=3.401e-15  DATA=7.287e-04
Invoked: SSBroyden1 approach!
[BFGS] batch=  26  call=  1517  total=1.562e-02  PDE=3.468e-03 [colloc=3.298e-03, cfd=1.699e-04]  WALL=3.399e-15  DATA=7.231e-04
Invoked: SSBroyden1 approach!
[BFGS] batch=  26  call=  1518  total=1.471e-02  PDE=3.157e-03 [colloc=2.944e-03, cfd=2.126e-04]  WALL=3.404e-15  DATA=7.149e-04
Invoked: SSBroyden1 approach!
[BFGS] batch=  26  call=  1520  total=1.452e-02  PDE=3.068e-03 [colloc=2.839e-03, cfd=2.296e-04]  WALL=3.396e-15  DATA=7.136e-04
Invoked: SSBroyden1 approach!
[BFGS] batch=  26  call=  1522  total=1.441e-02  PDE=3.036e-03 [colloc=2.803e-03, cfd=2.330e-04]  WALL=3.396e-15  DATA=7.132e-04
Invoked: SSBroyden1 approach!
[BFGS] batch=  26  call=  1523  total=1.427e-02  PDE=3.001e-03 [colloc=2.771e-03, cfd=2.293e-04]  WALL=3.397e-15  DATA=7.124e-04
Invoked: SSBroyden1 approach!
[BFGS] batch=  26  call=  1524  total=1.415e-02  PDE=2.955e-03 [colloc=2.733e-03, cfd=2.224e-04]  WALL=3.402e-15  DATA=7.107e-04
Invoked: SSBroyden1 approach!
[BFGS] batch=  26  call=  1525  total=1.398e-02  PDE=2.901e-03 [colloc=2.685e-03, cfd=2.152e-04]  WALL=3.404e-15  DATA=7.093e-04
Invoked: SSBroyden1 approach!
[BFGS] batch=  26  call=  1526  total=1.382e-02  PDE=2.836e-03 [colloc=2.633e-03, cfd=2.036e-04]  WALL=3.401e-15  DATA=7.071e-04
Invoked: SSBroyden1 approach!
[BFGS] batch=  26  call=  1527  total=1.362e-02  PDE=2.768e-03 [colloc=2.571e-03, cfd=1.979e-04]  WALL=3.406e-15  DATA=7.054e-04
Invoked: SSBroyden1 approach!
[BFGS] batch=  26  call=  1528  total=1.338e-02  PDE=2.684e-03 [colloc=2.489e-03, cfd=1.950e-04]  WALL=3.408e-15  DATA=7.050e-04
Invoked: SSBroyden1 approach!
[BFGS] batch=  26  call=  1529  total=1.324e-02  PDE=2.632e-03 [colloc=2.439e-03, cfd=1.931e-04]  WALL=3.400e-15  DATA=7.078e-04
Invoked: SSBroyden1 approach!
[BFGS] batch=  26  call=  1530  total=1.311e-02  PDE=2.584e-03 [colloc=2.391e-03, cfd=1.924e-04]  WALL=3.394e-15  DATA=7.098e-04
Invoked: SSBroyden1 approach!
[BFGS] batch=  26  call=  1531  total=1.295e-02  PDE=2.509e-03 [colloc=2.318e-03, cfd=1.914e-04]  WALL=3.393e-15  DATA=7.128e-04
Invoked: SSBroyden1 approach!
[BFGS] batch=  26  call=  1532  total=1.268e-02  PDE=2.437e-03 [colloc=2.248e-03, cfd=1.886e-04]  WALL=3.383e-15  DATA=7.135e-04
Invoked: SSBroyden1 approach!
[BFGS] batch=  26  call=  1533  total=1.250e-02  PDE=2.352e-03 [colloc=2.174e-03, cfd=1.782e-04]  WALL=3.386e-15  DATA=7.178e-04
Invoked: SSBroyden1 approach!
[BFGS] batch=  26  call=  1534  total=1.229e-02  PDE=2.266e-03 [colloc=2.092e-03, cfd=1.734e-04]  WALL=3.385e-15  DATA=7.230e-04
Invoked: SSBroyden1 approach!
[BFGS] batch=  26  call=  1536  total=1.213e-02  PDE=2.225e-03 [colloc=2.055e-03, cfd=1.697e-04]  WALL=3.390e-15  DATA=7.254e-04
Invoked: SSBroyden1 approach!
[BFGS] batch=  26  call=  1537  total=1.210e-02  PDE=2.187e-03 [colloc=2.018e-03, cfd=1.697e-04]  WALL=3.387e-15  DATA=7.274e-04
Invoked: SSBroyden1 approach!
[BFGS] batch=  26  call=  1538  total=1.205e-02  PDE=2.169e-03 [colloc=2.000e-03, cfd=1.691e-04]  WALL=3.389e-15  DATA=7.282e-04
Invoked: SSBroyden1 approach!
[BFGS] batch=  26  call=  1539  total=1.193e-02  PDE=2.133e-03 [colloc=1.968e-03, cfd=1.656e-04]  WALL=3.389e-15  DATA=7.302e-04
Invoked: SSBroyden1 approach!
[BFGS] batch=  26  call=  1540  total=1.181e-02  PDE=2.084e-03 [colloc=1.924e-03, cfd=1.601e-04]  WALL=3.400e-15  DATA=7.378e-04
Invoked: SSBroyden1 approach!
[BFGS] batch=  26  call=  1541  total=1.178e-02  PDE=2.047e-03 [colloc=1.889e-03, cfd=1.580e-04]  WALL=3.398e-15  DATA=7.446e-04
Invoked: SSBroyden1 approach!
[BFGS] batch=  26  call=  1542  total=1.172e-02  PDE=2.024e-03 [colloc=1.868e-03, cfd=1.563e-04]  WALL=3.400e-15  DATA=7.452e-04
Invoked: SSBroyden1 approach!
[BFGS] batch=  26  call=  1543  total=1.166e-02  PDE=2.006e-03 [colloc=1.853e-03, cfd=1.535e-04]  WALL=3.401e-15  DATA=7.459e-04
Invoked: SSBroyden1 approach!
[BFGS] batch=  26  call=  1544  total=1.161e-02  PDE=1.999e-03 [colloc=1.847e-03, cfd=1.516e-04]  WALL=3.396e-15  DATA=7.448e-04
Invoked: SSBroyden1 approach!
[BFGS] batch=  26  call=  1545  total=1.155e-02  PDE=1.968e-03 [colloc=1.818e-03, cfd=1.502e-04]  WALL=3.391e-15  DATA=7.474e-04
Invoked: SSBroyden1 approach!
[BFGS] batch=  26  call=  1546  total=1.146e-02  PDE=1.945e-03 [colloc=1.798e-03, cfd=1.470e-04]  WALL=3.388e-15  DATA=7.507e-04
Invoked: SSBroyden1 approach!
[BFGS] batch=  26  call=  1547  total=1.145e-02  PDE=1.929e-03 [colloc=1.785e-03, cfd=1.438e-04]  WALL=3.392e-15  DATA=7.490e-04
Invoked: SSBroyden1 approach!
[BFGS] batch=  26  call=  1549  total=1.142e-02  PDE=1.921e-03 [colloc=1.778e-03, cfd=1.428e-04]  WALL=3.393e-15  DATA=7.492e-04
Invoked: SSBroyden1 approach!
[BFGS] batch=  26  call=  1550  total=1.139e-02  PDE=1.900e-03 [colloc=1.759e-03, cfd=1.403e-04]  WALL=3.392e-15  DATA=7.506e-04
Invoked: SSBroyden1 approach!
[BFGS] batch=  26  call=  1551  total=1.132e-02  PDE=1.881e-03 [colloc=1.743e-03, cfd=1.378e-04]  WALL=3.395e-15  DATA=7.525e-04
Invoked: SSBroyden1 approach!
[BFGS] batch=  26  call=  1552  total=1.125e-02  PDE=1.848e-03 [colloc=1.716e-03, cfd=1.325e-04]  WALL=3.403e-15  DATA=7.561e-04
Invoked: SSBroyden1 approach!
[BFGS] batch=  26  call=  1553  total=1.121e-02  PDE=1.837e-03 [colloc=1.709e-03, cfd=1.276e-04]  WALL=3.414e-15  DATA=7.599e-04
Invoked: SSBroyden1 approach!
[BFGS] batch=  26  call=  1554  total=1.118e-02  PDE=1.826e-03 [colloc=1.699e-03, cfd=1.270e-04]  WALL=3.409e-15  DATA=7.592e-04
  [PT] w_u=13.2036 w_v=35.0056 gamma=0.854 (tau_u=7.574e-02 tau_v=2.857e-02 |Du|=1.35e-01 |DRu|=2.33e+00)
[BFGS] batch 26: H0 not PD — resetting to identity.
[BFGS-END] batch=  26  last_total=1.122e-02  last_PDE=1.825e-03 [colloc=1.699e-03, cfd=1.269e-04]  last_WALL=3.409e-15  last_DATA=7.593e-04
/oscar/home/jchen790/cylinder flow lab/src/cfp40.py:1430: OptimizeWarning: Unknown solver options: hess, hessp, bounds, constraints, tol
  result = minimize(
Invoked: SSBroyden1 approach!
[BFGS] batch=  27  call=  1576  total=1.268e-02  PDE=2.349e-03 [colloc=2.222e-03, cfd=1.271e-04]  WALL=3.402e-15  DATA=7.547e-04
Invoked: SSBroyden1 approach!
[BFGS] batch=  27  call=  1578  total=1.237e-02  PDE=2.240e-03 [colloc=2.113e-03, cfd=1.272e-04]  WALL=3.416e-15  DATA=7.610e-04
Invoked: SSBroyden1 approach!
[BFGS] batch=  27  call=  1580  total=1.225e-02  PDE=2.189e-03 [colloc=2.061e-03, cfd=1.272e-04]  WALL=3.424e-15  DATA=7.659e-04
Invoked: SSBroyden1 approach!
[BFGS] batch=  27  call=  1581  total=1.210e-02  PDE=2.120e-03 [colloc=1.993e-03, cfd=1.271e-04]  WALL=3.419e-15  DATA=7.654e-04
Invoked: SSBroyden1 approach!
[BFGS] batch=  27  call=  1582  total=1.195e-02  PDE=2.069e-03 [colloc=1.942e-03, cfd=1.270e-04]  WALL=3.411e-15  DATA=7.670e-04
Invoked: SSBroyden1 approach!
[BFGS] batch=  27  call=  1584  total=1.188e-02  PDE=2.046e-03 [colloc=1.919e-03, cfd=1.270e-04]  WALL=3.410e-15  DATA=7.677e-04
Invoked: SSBroyden1 approach!
[BFGS] batch=  27  call=  1585  total=1.178e-02  PDE=2.027e-03 [colloc=1.900e-03, cfd=1.269e-04]  WALL=3.407e-15  DATA=7.709e-04
  [PT] w_u=13.8152 w_v=31.8178 gamma=0.849 (tau_u=7.238e-02 tau_v=3.143e-02 |Du|=1.08e-01 |DRu|=4.82e-01)
[BFGS-END] batch=  27  last_total=1.190e-02  last_PDE=2.027e-03 [colloc=1.900e-03, cfd=1.269e-04]  last_WALL=3.407e-15  last_DATA=7.709e-04
/oscar/home/jchen790/cylinder flow lab/src/cfp40.py:1430: OptimizeWarning: Unknown solver options: hess, hessp, bounds, constraints, tol
  result = minimize(
Invoked: SSBroyden1 approach!
[BFGS] batch=  28  call=  1608  total=1.449e-02  PDE=2.976e-03 [colloc=2.850e-03, cfd=1.269e-04]  WALL=3.407e-15  DATA=7.706e-04
Invoked: SSBroyden1 approach!
[BFGS] batch=  28  call=  1609  total=1.441e-02  PDE=2.964e-03 [colloc=2.837e-03, cfd=1.271e-04]  WALL=3.409e-15  DATA=7.714e-04
  [PT] w_u=15.0868 w_v=34.8076 gamma=0.848 (tau_u=6.628e-02 tau_v=2.873e-02 |Du|=1.56e-02 |DRu|=1.35e-01)
[BFGS-END] batch=  28  last_total=1.449e-02  last_PDE=2.962e-03 [colloc=2.835e-03, cfd=1.271e-04]  last_WALL=3.409e-15  last_DATA=7.715e-04
/oscar/home/jchen790/cylinder flow lab/src/cfp40.py:1430: OptimizeWarning: Unknown solver options: hess, hessp, bounds, constraints, tol
  result = minimize(
Invoked: SSBroyden1 approach!
[BFGS] batch=  29  call=  1632  total=1.438e-02  PDE=2.941e-03 [colloc=2.814e-03, cfd=1.270e-04]  WALL=3.409e-15  DATA=7.714e-04
Invoked: SSBroyden1 approach!
[BFGS] batch=  29  call=  1633  total=1.435e-02  PDE=2.935e-03 [colloc=2.808e-03, cfd=1.271e-04]  WALL=3.407e-15  DATA=7.714e-04
Invoked: SSBroyden1 approach!
[BFGS] batch=  29  call=  1634  total=1.427e-02  PDE=2.919e-03 [colloc=2.792e-03, cfd=1.269e-04]  WALL=3.411e-15  DATA=7.723e-04
  [PT] w_u=16.5055 w_v=37.6759 gamma=0.849 (tau_u=6.059e-02 tau_v=2.654e-02 |Du|=2.18e-02 |DRu|=2.08e-01)
[BFGS-END] batch=  29  last_total=1.432e-02  last_PDE=2.919e-03 [colloc=2.792e-03, cfd=1.269e-04]  last_WALL=3.411e-15  last_DATA=7.723e-04
/oscar/home/jchen790/cylinder flow lab/src/cfp40.py:1430: OptimizeWarning: Unknown solver options: hess, hessp, bounds, constraints, tol
  result = minimize(
Invoked: SSBroyden1 approach!
[BFGS] batch=  30  call=  1656  total=1.443e-02  PDE=2.964e-03 [colloc=2.837e-03, cfd=1.271e-04]  WALL=3.406e-15  DATA=7.712e-04
Invoked: SSBroyden1 approach!
[BFGS] batch=  30  call=  1657  total=1.437e-02  PDE=2.944e-03 [colloc=2.815e-03, cfd=1.295e-04]  WALL=3.404e-15  DATA=7.699e-04
Invoked: SSBroyden1 approach!
[BFGS] batch=  30  call=  1668  total=1.437e-02  PDE=2.941e-03 [colloc=2.811e-03, cfd=1.298e-04]  WALL=3.404e-15  DATA=7.697e-04
Invoked: SSBroyden1 approach!
[BFGS] batch=  30  call=  1671  total=1.435e-02  PDE=2.938e-03 [colloc=2.808e-03, cfd=1.297e-04]  WALL=3.404e-15  DATA=7.697e-04
Invoked: SSBroyden1 approach!
[BFGS] batch=  30  call=  1675  total=1.434e-02  PDE=2.932e-03 [colloc=2.803e-03, cfd=1.296e-04]  WALL=3.403e-15  DATA=7.696e-04
Invoked: SSBroyden1 approach!
[BFGS] batch=  30  call=  1676  total=1.432e-02  PDE=2.925e-03 [colloc=2.796e-03, cfd=1.291e-04]  WALL=3.403e-15  DATA=7.696e-04
Invoked: SSBroyden1 approach!
[BFGS] batch=  30  call=  1677  total=1.425e-02  PDE=2.913e-03 [colloc=2.785e-03, cfd=1.279e-04]  WALL=3.406e-15  DATA=7.698e-04
Invoked: SSBroyden1 approach!
[BFGS] batch=  30  call=  1678  total=1.424e-02  PDE=2.890e-03 [colloc=2.763e-03, cfd=1.278e-04]  WALL=3.417e-15  DATA=7.721e-04
Invoked: SSBroyden1 approach!
[BFGS] batch=  30  call=  1680  total=1.420e-02  PDE=2.878e-03 [colloc=2.749e-03, cfd=1.286e-04]  WALL=3.420e-15  DATA=7.721e-04
Invoked: SSBroyden1 approach!
[BFGS] batch=  30  call=  1681  total=1.414e-02  PDE=2.860e-03 [colloc=2.731e-03, cfd=1.299e-04]  WALL=3.421e-15  DATA=7.723e-04
Invoked: SSBroyden1 approach!
[BFGS] batch=  30  call=  1682  total=1.410e-02  PDE=2.828e-03 [colloc=2.696e-03, cfd=1.311e-04]  WALL=3.422e-15  DATA=7.725e-04
Invoked: SSBroyden1 approach!
[BFGS] batch=  30  call=  1683  total=1.400e-02  PDE=2.802e-03 [colloc=2.670e-03, cfd=1.316e-04]  WALL=3.424e-15  DATA=7.722e-04
Invoked: SSBroyden1 approach!
[BFGS] batch=  30  call=  1684  total=1.386e-02  PDE=2.744e-03 [colloc=2.611e-03, cfd=1.329e-04]  WALL=3.428e-15  DATA=7.728e-04
Invoked: SSBroyden1 approach!
[BFGS] batch=  30  call=  1685  total=1.363e-02  PDE=2.676e-03 [colloc=2.541e-03, cfd=1.352e-04]  WALL=3.436e-15  DATA=7.765e-04
Invoked: SSBroyden1 approach!
[BFGS] batch=  30  call=  1686  total=1.336e-02  PDE=2.543e-03 [colloc=2.401e-03, cfd=1.422e-04]  WALL=3.443e-15  DATA=7.812e-04
Invoked: SSBroyden1 approach!
[BFGS] batch=  30  call=  1687  total=1.298e-02  PDE=2.398e-03 [colloc=2.244e-03, cfd=1.539e-04]  WALL=3.463e-15  DATA=7.871e-04
Invoked: SSBroyden1 approach!
[BFGS] batch=  30  call=  1688  total=1.272e-02  PDE=2.296e-03 [colloc=2.124e-03, cfd=1.727e-04]  WALL=3.486e-15  DATA=7.964e-04
Invoked: SSBroyden1 approach!
[BFGS] batch=  30  call=  1690  total=1.263e-02  PDE=2.251e-03 [colloc=2.077e-03, cfd=1.748e-04]  WALL=3.493e-15  DATA=7.992e-04
Invoked: SSBroyden1 approach!
[BFGS] batch=  30  call=  1691  total=1.262e-02  PDE=2.235e-03 [colloc=2.066e-03, cfd=1.695e-04]  WALL=3.495e-15  DATA=8.005e-04
Invoked: SSBroyden1 approach!
[BFGS] batch=  30  call=  1693  total=1.252e-02  PDE=2.226e-03 [colloc=2.058e-03, cfd=1.684e-04]  WALL=3.494e-15  DATA=8.006e-04
  [PT] w_u=18.2019 w_v=41.5285 gamma=0.941 (tau_u=5.494e-02 tau_v=2.408e-02 |Du|=2.69e-01 |DRu|=4.06e+00)
[PT] batch=  30  w=2.9865e+01
[BFGS] batch 30: H0 not PD — resetting to identity.
[BFGS-END] batch=  30  last_total=1.260e-02  last_PDE=2.226e-03 [colloc=2.058e-03, cfd=1.684e-04]  last_WALL=3.494e-15  last_DATA=8.006e-04
/oscar/home/jchen790/cylinder flow lab/src/cfp40.py:1430: OptimizeWarning: Unknown solver options: hess, hessp, bounds, constraints, tol
  result = minimize(
Invoked: SSBroyden1 approach!
[BFGS] batch=  31  call=  1715  total=1.610e-02  PDE=3.501e-03 [colloc=3.331e-03, cfd=1.702e-04]  WALL=3.486e-15  DATA=8.043e-04
Invoked: SSBroyden1 approach!
[BFGS] batch=  31  call=  1717  total=1.489e-02  PDE=3.015e-03 [colloc=2.844e-03, cfd=1.703e-04]  WALL=3.510e-15  DATA=8.169e-04
Invoked: SSBroyden1 approach!
[BFGS] batch=  31  call=  1719  total=1.432e-02  PDE=2.809e-03 [colloc=2.639e-03, cfd=1.701e-04]  WALL=3.527e-15  DATA=8.260e-04
Invoked: SSBroyden1 approach!
[BFGS] batch=  31  call=  1720  total=1.357e-02  PDE=2.538e-03 [colloc=2.368e-03, cfd=1.697e-04]  WALL=3.517e-15  DATA=8.261e-04
Invoked: SSBroyden1 approach!
[BFGS] batch=  31  call=  1721  total=1.331e-02  PDE=2.436e-03 [colloc=2.266e-03, cfd=1.694e-04]  WALL=3.504e-15  DATA=8.333e-04
Invoked: SSBroyden1 approach!
[BFGS] batch=  31  call=  1722  total=1.301e-02  PDE=2.326e-03 [colloc=2.158e-03, cfd=1.687e-04]  WALL=3.504e-15  DATA=8.322e-04
Invoked: SSBroyden1 approach!
[BFGS] batch=  31  call=  1724  total=1.287e-02  PDE=2.273e-03 [colloc=2.105e-03, cfd=1.689e-04]  WALL=3.503e-15  DATA=8.336e-04
Invoked: SSBroyden1 approach!
[BFGS] batch=  31  call=  1726  total=1.285e-02  PDE=2.258e-03 [colloc=2.090e-03, cfd=1.688e-04]  WALL=3.501e-15  DATA=8.345e-04
Invoked: SSBroyden1 approach!
[BFGS] batch=  31  call=  1727  total=1.277e-02  PDE=2.248e-03 [colloc=2.079e-03, cfd=1.686e-04]  WALL=3.502e-15  DATA=8.340e-04
  [PT] w_u=18.8254 w_v=37.3248 gamma=0.933 (tau_u=5.312e-02 tau_v=2.679e-02 |Du|=1.84e-01 |DRu|=9.25e-01)
[BFGS-END] batch=  31  last_total=1.276e-02  last_PDE=2.248e-03 [colloc=2.079e-03, cfd=1.686e-04]  last_WALL=3.502e-15  last_DATA=8.340e-04
/oscar/home/jchen790/cylinder flow lab/src/cfp40.py:1430: OptimizeWarning: Unknown solver options: hess, hessp, bounds, constraints, tol
  result = minimize(
Invoked: SSBroyden1 approach!
[BFGS] batch=  32  call=  1750  total=2.549e-02  PDE=6.814e-03 [colloc=6.642e-03, cfd=1.718e-04]  WALL=3.500e-15  DATA=8.335e-04
Invoked: SSBroyden1 approach!
[BFGS] batch=  32  call=  1751  total=2.543e-02  PDE=6.788e-03 [colloc=6.614e-03, cfd=1.744e-04]  WALL=3.503e-15  DATA=8.339e-04
Invoked: SSBroyden1 approach!
[BFGS] batch=  32  call=  1752  total=2.536e-02  PDE=6.747e-03 [colloc=6.566e-03, cfd=1.808e-04]  WALL=3.504e-15  DATA=8.346e-04
Invoked: SSBroyden1 approach!
[BFGS] batch=  32  call=  1753  total=2.526e-02  PDE=6.715e-03 [colloc=6.527e-03, cfd=1.874e-04]  WALL=3.505e-15  DATA=8.339e-04
Invoked: SSBroyden1 approach!
[BFGS] batch=  32  call=  1754  total=2.510e-02  PDE=6.663e-03 [colloc=6.468e-03, cfd=1.951e-04]  WALL=3.518e-15  DATA=8.343e-04
Invoked: SSBroyden1 approach!
[BFGS] batch=  32  call=  1755  total=2.494e-02  PDE=6.594e-03 [colloc=6.386e-03, cfd=2.085e-04]  WALL=3.513e-15  DATA=8.350e-04
Invoked: SSBroyden1 approach!
[BFGS] batch=  32  call=  1756  total=2.473e-02  PDE=6.525e-03 [colloc=6.317e-03, cfd=2.081e-04]  WALL=3.517e-15  DATA=8.347e-04
Invoked: SSBroyden1 approach!
[BFGS] batch=  32  call=  1757  total=2.442e-02  PDE=6.421e-03 [colloc=6.221e-03, cfd=1.993e-04]  WALL=3.511e-15  DATA=8.353e-04
Invoked: SSBroyden1 approach!
[BFGS] batch=  32  call=  1758  total=2.407e-02  PDE=6.290e-03 [colloc=6.094e-03, cfd=1.957e-04]  WALL=3.508e-15  DATA=8.344e-04
Invoked: SSBroyden1 approach!
[BFGS] batch=  32  call=  1759  total=2.359e-02  PDE=6.125e-03 [colloc=5.913e-03, cfd=2.121e-04]  WALL=3.504e-15  DATA=8.323e-04
Invoked: SSBroyden1 approach!
[BFGS] batch=  32  call=  1760  total=2.275e-02  PDE=5.825e-03 [colloc=5.547e-03, cfd=2.778e-04]  WALL=3.502e-15  DATA=8.349e-04
Invoked: SSBroyden1 approach!
[BFGS] batch=  32  call=  1761  total=2.154e-02  PDE=5.371e-03 [colloc=4.893e-03, cfd=4.781e-04]  WALL=3.501e-15  DATA=8.374e-04
Invoked: SSBroyden1 approach!
[BFGS] batch=  32  call=  1762  total=2.076e-02  PDE=5.039e-03 [colloc=4.187e-03, cfd=8.521e-04]  WALL=3.515e-15  DATA=8.544e-04
Invoked: SSBroyden1 approach!
[BFGS] batch=  32  call=  1764  total=2.036e-02  PDE=4.868e-03 [colloc=3.910e-03, cfd=9.580e-04]  WALL=3.523e-15  DATA=8.594e-04
Invoked: SSBroyden1 approach!
[BFGS] batch=  32  call=  1766  total=2.022e-02  PDE=4.827e-03 [colloc=3.861e-03, cfd=9.664e-04]  WALL=3.519e-15  DATA=8.600e-04
Invoked: SSBroyden1 approach!
[BFGS] batch=  32  call=  1768  total=2.016e-02  PDE=4.800e-03 [colloc=3.835e-03, cfd=9.645e-04]  WALL=3.520e-15  DATA=8.603e-04
Invoked: SSBroyden1 approach!
[BFGS] batch=  32  call=  1769  total=2.008e-02  PDE=4.772e-03 [colloc=3.812e-03, cfd=9.598e-04]  WALL=3.519e-15  DATA=8.605e-04
Invoked: SSBroyden1 approach!
[BFGS] batch=  32  call=  1770  total=1.996e-02  PDE=4.730e-03 [colloc=3.777e-03, cfd=9.531e-04]  WALL=3.521e-15  DATA=8.598e-04
Invoked: SSBroyden1 approach!
[BFGS] batch=  32  call=  1771  total=1.974e-02  PDE=4.661e-03 [colloc=3.717e-03, cfd=9.436e-04]  WALL=3.519e-15  DATA=8.596e-04
Invoked: SSBroyden1 approach!
[BFGS] batch=  32  call=  1772  total=1.942e-02  PDE=4.547e-03 [colloc=3.635e-03, cfd=9.122e-04]  WALL=3.525e-15  DATA=8.585e-04
Invoked: SSBroyden1 approach!
[BFGS] batch=  32  call=  1773  total=1.894e-02  PDE=4.391e-03 [colloc=3.533e-03, cfd=8.576e-04]  WALL=3.523e-15  DATA=8.587e-04
Invoked: SSBroyden1 approach!
[BFGS] batch=  32  call=  1774  total=1.861e-02  PDE=4.261e-03 [colloc=3.458e-03, cfd=8.031e-04]  WALL=3.541e-15  DATA=8.581e-04
Invoked: SSBroyden1 approach!
[BFGS] batch=  32  call=  1775  total=1.829e-02  PDE=4.140e-03 [colloc=3.394e-03, cfd=7.464e-04]  WALL=3.552e-15  DATA=8.605e-04
Invoked: SSBroyden1 approach!
[BFGS] batch=  32  call=  1776  total=1.788e-02  PDE=4.003e-03 [colloc=3.316e-03, cfd=6.874e-04]  WALL=3.554e-15  DATA=8.655e-04
Invoked: SSBroyden1 approach!
[BFGS] batch=  32  call=  1777  total=1.741e-02  PDE=3.829e-03 [colloc=3.212e-03, cfd=6.171e-04]  WALL=3.551e-15  DATA=8.673e-04
Invoked: SSBroyden1 approach!
[BFGS] batch=  32  call=  1778  total=1.679e-02  PDE=3.608e-03 [colloc=3.065e-03, cfd=5.430e-04]  WALL=3.545e-15  DATA=8.654e-04
Invoked: SSBroyden1 approach!
[BFGS] batch=  32  call=  1779  total=1.639e-02  PDE=3.457e-03 [colloc=2.991e-03, cfd=4.667e-04]  WALL=3.546e-15  DATA=8.664e-04
Invoked: SSBroyden1 approach!
[BFGS] batch=  32  call=  1780  total=1.614e-02  PDE=3.368e-03 [colloc=2.955e-03, cfd=4.124e-04]  WALL=3.563e-15  DATA=8.681e-04
Invoked: SSBroyden1 approach!
[BFGS] batch=  32  call=  1781  total=1.588e-02  PDE=3.271e-03 [colloc=2.891e-03, cfd=3.797e-04]  WALL=3.565e-15  DATA=8.652e-04
Invoked: SSBroyden1 approach!
[BFGS] batch=  32  call=  1782  total=1.545e-02  PDE=3.141e-03 [colloc=2.805e-03, cfd=3.357e-04]  WALL=3.562e-15  DATA=8.605e-04
Invoked: SSBroyden1 approach!
[BFGS] batch=  32  call=  1783  total=1.502e-02  PDE=2.983e-03 [colloc=2.687e-03, cfd=2.954e-04]  WALL=3.561e-15  DATA=8.601e-04
Invoked: SSBroyden1 approach!
[BFGS] batch=  32  call=  1784  total=1.490e-02  PDE=2.930e-03 [colloc=2.658e-03, cfd=2.728e-04]  WALL=3.547e-15  DATA=8.589e-04
Invoked: SSBroyden1 approach!
[BFGS] batch=  32  call=  1785  total=1.467e-02  PDE=2.872e-03 [colloc=2.601e-03, cfd=2.710e-04]  WALL=3.539e-15  DATA=8.571e-04
Invoked: SSBroyden1 approach!
[BFGS] batch=  32  call=  1786  total=1.444e-02  PDE=2.789e-03 [colloc=2.531e-03, cfd=2.581e-04]  WALL=3.541e-15  DATA=8.546e-04
Invoked: SSBroyden1 approach!
[BFGS] batch=  32  call=  1787  total=1.420e-02  PDE=2.706e-03 [colloc=2.458e-03, cfd=2.473e-04]  WALL=3.533e-15  DATA=8.526e-04
Invoked: SSBroyden1 approach!
[BFGS] batch=  32  call=  1788  total=1.389e-02  PDE=2.606e-03 [colloc=2.366e-03, cfd=2.397e-04]  WALL=3.520e-15  DATA=8.521e-04
Invoked: SSBroyden1 approach!
[BFGS] batch=  32  call=  1789  total=1.367e-02  PDE=2.517e-03 [colloc=2.290e-03, cfd=2.271e-04]  WALL=3.520e-15  DATA=8.517e-04
Invoked: SSBroyden1 approach!
[BFGS] batch=  32  call=  1790  total=1.359e-02  PDE=2.488e-03 [colloc=2.265e-03, cfd=2.226e-04]  WALL=3.519e-15  DATA=8.516e-04
Invoked: SSBroyden1 approach!
[BFGS] batch=  32  call=  1791  total=1.347e-02  PDE=2.442e-03 [colloc=2.222e-03, cfd=2.193e-04]  WALL=3.514e-15  DATA=8.523e-04
Invoked: SSBroyden1 approach!
[BFGS] batch=  32  call=  1792  total=1.331e-02  PDE=2.400e-03 [colloc=2.187e-03, cfd=2.132e-04]  WALL=3.511e-15  DATA=8.502e-04
Invoked: SSBroyden1 approach!
[BFGS] batch=  32  call=  1793  total=1.315e-02  PDE=2.345e-03 [colloc=2.139e-03, cfd=2.065e-04]  WALL=3.508e-15  DATA=8.483e-04
Invoked: SSBroyden1 approach!
[BFGS] batch=  32  call=  1794  total=1.302e-02  PDE=2.304e-03 [colloc=2.101e-03, cfd=2.032e-04]  WALL=3.503e-15  DATA=8.475e-04
Invoked: SSBroyden1 approach!
[BFGS] batch=  32  call=  1795  total=1.291e-02  PDE=2.253e-03 [colloc=2.049e-03, cfd=2.042e-04]  WALL=3.500e-15  DATA=8.470e-04
Invoked: SSBroyden1 approach!
[BFGS] batch=  32  call=  1796  total=1.281e-02  PDE=2.207e-03 [colloc=2.003e-03, cfd=2.034e-04]  WALL=3.494e-15  DATA=8.458e-04
Invoked: SSBroyden1 approach!
[BFGS] batch=  32  call=  1797  total=1.264e-02  PDE=2.178e-03 [colloc=1.977e-03, cfd=2.003e-04]  WALL=3.494e-15  DATA=8.448e-04
Invoked: SSBroyden1 approach!
[BFGS] batch=  32  call=  1799  total=1.260e-02  PDE=2.155e-03 [colloc=1.960e-03, cfd=1.949e-04]  WALL=3.491e-15  DATA=8.435e-04
Invoked: SSBroyden1 approach!
[BFGS] batch=  32  call=  1800  total=1.259e-02  PDE=2.131e-03 [colloc=1.941e-03, cfd=1.901e-04]  WALL=3.489e-15  DATA=8.438e-04
Invoked: SSBroyden1 approach!
[BFGS] batch=  32  call=  1801  total=1.255e-02  PDE=2.121e-03 [colloc=1.932e-03, cfd=1.890e-04]  WALL=3.489e-15  DATA=8.437e-04
Invoked: SSBroyden1 approach!
[BFGS] batch=  32  call=  1802  total=1.249e-02  PDE=2.104e-03 [colloc=1.918e-03, cfd=1.859e-04]  WALL=3.488e-15  DATA=8.431e-04
Invoked: SSBroyden1 approach!
[BFGS] batch=  32  call=  1803  total=1.236e-02  PDE=2.074e-03 [colloc=1.894e-03, cfd=1.797e-04]  WALL=3.487e-15  DATA=8.430e-04
Invoked: SSBroyden1 approach!
[BFGS] batch=  32  call=  1804  total=1.230e-02  PDE=2.053e-03 [colloc=1.884e-03, cfd=1.691e-04]  WALL=3.484e-15  DATA=8.396e-04
Invoked: SSBroyden1 approach!
[BFGS] batch=  32  call=  1805  total=1.217e-02  PDE=2.027e-03 [colloc=1.861e-03, cfd=1.662e-04]  WALL=3.480e-15  DATA=8.383e-04
Invoked: SSBroyden1 approach!
[BFGS] batch=  32  call=  1807  total=1.216e-02  PDE=2.012e-03 [colloc=1.850e-03, cfd=1.610e-04]  WALL=3.482e-15  DATA=8.350e-04
Invoked: SSBroyden1 approach!
[BFGS] batch=  32  call=  1808  total=1.211e-02  PDE=2.002e-03 [colloc=1.842e-03, cfd=1.595e-04]  WALL=3.482e-15  DATA=8.349e-04
Invoked: SSBroyden1 approach!
[BFGS] batch=  32  call=  1809  total=1.203e-02  PDE=1.979e-03 [colloc=1.826e-03, cfd=1.522e-04]  WALL=3.486e-15  DATA=8.339e-04
Invoked: SSBroyden1 approach!
[BFGS] batch=  32  call=  1810  total=1.196e-02  PDE=1.955e-03 [colloc=1.812e-03, cfd=1.424e-04]  WALL=3.485e-15  DATA=8.357e-04
Invoked: SSBroyden1 approach!
[BFGS] batch=  32  call=  1812  total=1.196e-02  PDE=1.942e-03 [colloc=1.801e-03, cfd=1.405e-04]  WALL=3.486e-15  DATA=8.362e-04
  [PT] w_u=20.8966 w_v=41.4487 gamma=0.902 (tau_u=4.785e-02 tau_v=2.413e-02 |Du|=1.27e-01 |DRu|=5.56e+00)
[BFGS] batch 32: H0 not PD — resetting to identity.
[BFGS-END] batch=  32  last_total=1.194e-02  last_PDE=1.941e-03 [colloc=1.801e-03, cfd=1.405e-04]  last_WALL=3.486e-15  last_DATA=8.362e-04
/oscar/home/jchen790/cylinder flow lab/src/cfp40.py:1430: OptimizeWarning: Unknown solver options: hess, hessp, bounds, constraints, tol
  result = minimize(
Invoked: SSBroyden1 approach!
[BFGS] batch=  33  call=  1833  total=1.589e-02  PDE=3.335e-03 [colloc=3.194e-03, cfd=1.407e-04]  WALL=3.493e-15  DATA=8.389e-04
Invoked: SSBroyden1 approach!
[BFGS] batch=  33  call=  1835  total=1.544e-02  PDE=3.208e-03 [colloc=3.067e-03, cfd=1.406e-04]  WALL=3.482e-15  DATA=8.339e-04
Invoked: SSBroyden1 approach!
[BFGS] batch=  33  call=  1836  total=1.519e-02  PDE=3.123e-03 [colloc=2.982e-03, cfd=1.406e-04]  WALL=3.460e-15  DATA=8.267e-04
Invoked: SSBroyden1 approach!
[BFGS] batch=  33  call=  1837  total=1.485e-02  PDE=2.988e-03 [colloc=2.847e-03, cfd=1.406e-04]  WALL=3.463e-15  DATA=8.297e-04
Invoked: SSBroyden1 approach!
[BFGS] batch=  33  call=  1839  total=1.479e-02  PDE=2.956e-03 [colloc=2.816e-03, cfd=1.408e-04]  WALL=3.462e-15  DATA=8.291e-04
Invoked: SSBroyden1 approach!
[BFGS] batch=  33  call=  1840  total=1.476e-02  PDE=2.946e-03 [colloc=2.805e-03, cfd=1.409e-04]  WALL=3.454e-15  DATA=8.322e-04
Invoked: SSBroyden1 approach!
[BFGS] batch=  33  call=  1841  total=1.470e-02  PDE=2.933e-03 [colloc=2.792e-03, cfd=1.409e-04]  WALL=3.452e-15  DATA=8.321e-04
Invoked: SSBroyden1 approach!
[BFGS] batch=  33  call=  1843  total=1.469e-02  PDE=2.927e-03 [colloc=2.786e-03, cfd=1.407e-04]  WALL=3.453e-15  DATA=8.321e-04
Invoked: SSBroyden1 approach!
[BFGS] batch=  33  call=  1854  total=1.468e-02  PDE=2.925e-03 [colloc=2.784e-03, cfd=1.407e-04]  WALL=3.453e-15  DATA=8.322e-04
Invoked: SSBroyden1 approach!
[BFGS] batch=  33  call=  1862  total=1.466e-02  PDE=2.921e-03 [colloc=2.780e-03, cfd=1.407e-04]  WALL=3.452e-15  DATA=8.313e-04
Invoked: SSBroyden1 approach!
[BFGS] batch=  33  call=  1869  total=1.463e-02  PDE=2.912e-03 [colloc=2.772e-03, cfd=1.406e-04]  WALL=3.447e-15  DATA=8.325e-04
Invoked: SSBroyden1 approach!
[BFGS] batch=  33  call=  1870  total=1.459e-02  PDE=2.901e-03 [colloc=2.760e-03, cfd=1.407e-04]  WALL=3.452e-15  DATA=8.336e-04
  [PT] w_u=21.7953 w_v=39.6221 gamma=0.896 (tau_u=4.588e-02 tau_v=2.524e-02 |Du|=8.43e-02 |DRu|=4.76e-01)
[BFGS-END] batch=  33  last_total=1.459e-02  last_PDE=2.901e-03 [colloc=2.761e-03, cfd=1.407e-04]  last_WALL=3.452e-15  last_DATA=8.336e-04
/oscar/home/jchen790/cylinder flow lab/src/cfp40.py:1430: OptimizeWarning: Unknown solver options: hess, hessp, bounds, constraints, tol
  result = minimize(
Invoked: SSBroyden1 approach!
[BFGS] batch=  34  call=  1891  total=1.930e-02  PDE=4.572e-03 [colloc=4.432e-03, cfd=1.407e-04]  WALL=3.453e-15  DATA=8.331e-04
Invoked: SSBroyden1 approach!
[BFGS] batch=  34  call=  1892  total=1.925e-02  PDE=4.556e-03 [colloc=4.414e-03, cfd=1.418e-04]  WALL=3.451e-15  DATA=8.329e-04
Invoked: SSBroyden1 approach!
[BFGS] batch=  34  call=  1894  total=1.922e-02  PDE=4.546e-03 [colloc=4.403e-03, cfd=1.431e-04]  WALL=3.449e-15  DATA=8.327e-04
Invoked: SSBroyden1 approach!
[BFGS] batch=  34  call=  1895  total=1.915e-02  PDE=4.530e-03 [colloc=4.383e-03, cfd=1.467e-04]  WALL=3.446e-15  DATA=8.328e-04
Invoked: SSBroyden1 approach!
[BFGS] batch=  34  call=  1896  total=1.914e-02  PDE=4.519e-03 [colloc=4.364e-03, cfd=1.541e-04]  WALL=3.445e-15  DATA=8.318e-04
Invoked: SSBroyden1 approach!
[BFGS] batch=  34  call=  1897  total=1.909e-02  PDE=4.511e-03 [colloc=4.356e-03, cfd=1.551e-04]  WALL=3.444e-15  DATA=8.319e-04
Invoked: SSBroyden1 approach!
[BFGS] batch=  34  call=  1898  total=1.903e-02  PDE=4.490e-03 [colloc=4.333e-03, cfd=1.566e-04]  WALL=3.442e-15  DATA=8.305e-04
Invoked: SSBroyden1 approach!
[BFGS] batch=  34  call=  1899  total=1.893e-02  PDE=4.461e-03 [colloc=4.305e-03, cfd=1.568e-04]  WALL=3.443e-15  DATA=8.302e-04
Invoked: SSBroyden1 approach!
[BFGS] batch=  34  call=  1900  total=1.880e-02  PDE=4.401e-03 [colloc=4.244e-03, cfd=1.568e-04]  WALL=3.446e-15  DATA=8.303e-04
Invoked: SSBroyden1 approach!
[BFGS] batch=  34  call=  1901  total=1.858e-02  PDE=4.323e-03 [colloc=4.162e-03, cfd=1.605e-04]  WALL=3.448e-15  DATA=8.295e-04
Invoked: SSBroyden1 approach!
[BFGS] batch=  34  call=  1902  total=1.821e-02  PDE=4.186e-03 [colloc=4.009e-03, cfd=1.773e-04]  WALL=3.455e-15  DATA=8.299e-04
Invoked: SSBroyden1 approach!
[BFGS] batch=  34  call=  1903  total=1.765e-02  PDE=3.973e-03 [colloc=3.743e-03, cfd=2.305e-04]  WALL=3.458e-15  DATA=8.328e-04
Invoked: SSBroyden1 approach!
[BFGS] batch=  34  call=  1904  total=1.671e-02  PDE=3.652e-03 [colloc=3.303e-03, cfd=3.490e-04]  WALL=3.459e-15  DATA=8.365e-04
Invoked: SSBroyden1 approach!
[BFGS] batch=  34  call=  1906  total=1.642e-02  PDE=3.526e-03 [colloc=3.103e-03, cfd=4.222e-04]  WALL=3.463e-15  DATA=8.379e-04
Invoked: SSBroyden1 approach!
[BFGS] batch=  34  call=  1908  total=1.630e-02  PDE=3.475e-03 [colloc=3.031e-03, cfd=4.446e-04]  WALL=3.463e-15  DATA=8.385e-04
Invoked: SSBroyden1 approach!
[BFGS] batch=  34  call=  1910  total=1.617e-02  PDE=3.451e-03 [colloc=3.005e-03, cfd=4.468e-04]  WALL=3.462e-15  DATA=8.388e-04
Invoked: SSBroyden1 approach!
[BFGS] batch=  34  call=  1912  total=1.617e-02  PDE=3.431e-03 [colloc=2.985e-03, cfd=4.457e-04]  WALL=3.464e-15  DATA=8.386e-04
Invoked: SSBroyden1 approach!
[BFGS] batch=  34  call=  1914  total=1.610e-02  PDE=3.408e-03 [colloc=2.967e-03, cfd=4.409e-04]  WALL=3.467e-15  DATA=8.382e-04
Invoked: SSBroyden1 approach!
[BFGS] batch=  34  call=  1915  total=1.597e-02  PDE=3.373e-03 [colloc=2.940e-03, cfd=4.337e-04]  WALL=3.469e-15  DATA=8.378e-04
Invoked: SSBroyden1 approach!
[BFGS] batch=  34  call=  1916  total=1.578e-02  PDE=3.300e-03 [colloc=2.881e-03, cfd=4.185e-04]  WALL=3.471e-15  DATA=8.381e-04
Invoked: SSBroyden1 approach!
[BFGS] batch=  34  call=  1917  total=1.554e-02  PDE=3.209e-03 [colloc=2.816e-03, cfd=3.931e-04]  WALL=3.476e-15  DATA=8.376e-04
Invoked: SSBroyden1 approach!
[BFGS] batch=  34  call=  1918  total=1.520e-02  PDE=3.074e-03 [colloc=2.719e-03, cfd=3.557e-04]  WALL=3.479e-15  DATA=8.374e-04
Invoked: SSBroyden1 approach!
[BFGS] batch=  34  call=  1919  total=1.477e-02  PDE=2.934e-03 [colloc=2.637e-03, cfd=2.969e-04]  WALL=3.476e-15  DATA=8.375e-04
Invoked: SSBroyden1 approach!
[BFGS] batch=  34  call=  1920  total=1.441e-02  PDE=2.805e-03 [colloc=2.569e-03, cfd=2.360e-04]  WALL=3.477e-15  DATA=8.397e-04
Invoked: SSBroyden1 approach!
[BFGS] batch=  34  call=  1921  total=1.403e-02  PDE=2.655e-03 [colloc=2.447e-03, cfd=2.080e-04]  WALL=3.472e-15  DATA=8.411e-04
Invoked: SSBroyden1 approach!
[BFGS] batch=  34  call=  1922  total=1.375e-02  PDE=2.569e-03 [colloc=2.383e-03, cfd=1.856e-04]  WALL=3.459e-15  DATA=8.385e-04
Invoked: SSBroyden1 approach!
[BFGS] batch=  34  call=  1923  total=1.367e-02  PDE=2.544e-03 [colloc=2.368e-03, cfd=1.753e-04]  WALL=3.459e-15  DATA=8.352e-04
Invoked: SSBroyden1 approach!
[BFGS] batch=  34  call=  1924  total=1.355e-02  PDE=2.500e-03 [colloc=2.328e-03, cfd=1.716e-04]  WALL=3.457e-15  DATA=8.351e-04
Invoked: SSBroyden1 approach!
[BFGS] batch=  34  call=  1925  total=1.341e-02  PDE=2.444e-03 [colloc=2.274e-03, cfd=1.697e-04]  WALL=3.455e-15  DATA=8.358e-04
Invoked: SSBroyden1 approach!
[BFGS] batch=  34  call=  1926  total=1.316e-02  PDE=2.364e-03 [colloc=2.197e-03, cfd=1.666e-04]  WALL=3.458e-15  DATA=8.371e-04
Invoked: SSBroyden1 approach!
[BFGS] batch=  34  call=  1927  total=1.295e-02  PDE=2.271e-03 [colloc=2.104e-03, cfd=1.673e-04]  WALL=3.451e-15  DATA=8.380e-04
Invoked: SSBroyden1 approach!
[BFGS] batch=  34  call=  1928  total=1.283e-02  PDE=2.225e-03 [colloc=2.057e-03, cfd=1.684e-04]  WALL=3.446e-15  DATA=8.378e-04
Invoked: SSBroyden1 approach!
[BFGS] batch=  34  call=  1929  total=1.260e-02  PDE=2.170e-03 [colloc=2.003e-03, cfd=1.670e-04]  WALL=3.456e-15  DATA=8.385e-04
Invoked: SSBroyden1 approach!
[BFGS] batch=  34  call=  1931  total=1.249e-02  PDE=2.137e-03 [colloc=1.970e-03, cfd=1.673e-04]  WALL=3.451e-15  DATA=8.362e-04
Invoked: SSBroyden1 approach!
[BFGS] batch=  34  call=  1932  total=1.243e-02  PDE=2.093e-03 [colloc=1.926e-03, cfd=1.673e-04]  WALL=3.447e-15  DATA=8.362e-04
Invoked: SSBroyden1 approach!
[BFGS] batch=  34  call=  1933  total=1.231e-02  PDE=2.063e-03 [colloc=1.896e-03, cfd=1.673e-04]  WALL=3.443e-15  DATA=8.362e-04
Invoked: SSBroyden1 approach!
[BFGS] batch=  34  call=  1934  total=1.230e-02  PDE=2.042e-03 [colloc=1.878e-03, cfd=1.644e-04]  WALL=3.429e-15  DATA=8.358e-04
Invoked: SSBroyden1 approach!
[BFGS] batch=  34  call=  1935  total=1.223e-02  PDE=2.036e-03 [colloc=1.872e-03, cfd=1.639e-04]  WALL=3.429e-15  DATA=8.356e-04
Invoked: SSBroyden1 approach!
[BFGS] batch=  34  call=  1936  total=1.219e-02  PDE=2.011e-03 [colloc=1.857e-03, cfd=1.545e-04]  WALL=3.427e-15  DATA=8.349e-04
Invoked: SSBroyden1 approach!
[BFGS] batch=  34  call=  1937  total=1.210e-02  PDE=1.991e-03 [colloc=1.841e-03, cfd=1.503e-04]  WALL=3.428e-15  DATA=8.354e-04
Invoked: SSBroyden1 approach!
[BFGS] batch=  34  call=  1939  total=1.210e-02  PDE=1.978e-03 [colloc=1.830e-03, cfd=1.486e-04]  WALL=3.428e-15  DATA=8.347e-04
Invoked: SSBroyden1 approach!
[BFGS] batch=  34  call=  1942  total=1.206e-02  PDE=1.969e-03 [colloc=1.822e-03, cfd=1.474e-04]  WALL=3.428e-15  DATA=8.346e-04
Invoked: SSBroyden1 approach!
[BFGS] batch=  34  call=  1943  total=1.198e-02  PDE=1.954e-03 [colloc=1.809e-03, cfd=1.445e-04]  WALL=3.431e-15  DATA=8.360e-04
Invoked: SSBroyden1 approach!
[BFGS] batch=  34  call=  1944  total=1.196e-02  PDE=1.938e-03 [colloc=1.796e-03, cfd=1.422e-04]  WALL=3.423e-15  DATA=8.368e-04
Invoked: SSBroyden1 approach!
[BFGS] batch=  34  call=  1945  total=1.194e-02  PDE=1.926e-03 [colloc=1.786e-03, cfd=1.406e-04]  WALL=3.425e-15  DATA=8.368e-04
Invoked: SSBroyden1 approach!
[BFGS] batch=  34  call=  1946  total=1.191e-02  PDE=1.915e-03 [colloc=1.776e-03, cfd=1.389e-04]  WALL=3.426e-15  DATA=8.368e-04
Invoked: SSBroyden1 approach!
[BFGS] batch=  34  call=  1947  total=1.188e-02  PDE=1.903e-03 [colloc=1.767e-03, cfd=1.359e-04]  WALL=3.429e-15  DATA=8.359e-04
Invoked: SSBroyden1 approach!
[BFGS] batch=  34  call=  1948  total=1.180e-02  PDE=1.890e-03 [colloc=1.757e-03, cfd=1.330e-04]  WALL=3.429e-15  DATA=8.358e-04
Invoked: SSBroyden1 approach!
[BFGS] batch=  34  call=  1950  total=1.177e-02  PDE=1.872e-03 [colloc=1.743e-03, cfd=1.296e-04]  WALL=3.431e-15  DATA=8.372e-04
Invoked: SSBroyden1 approach!
[BFGS] batch=  34  call=  1951  total=1.173e-02  PDE=1.859e-03 [colloc=1.732e-03, cfd=1.269e-04]  WALL=3.433e-15  DATA=8.375e-04
Invoked: SSBroyden1 approach!
[BFGS] batch=  34  call=  1952  total=1.169e-02  PDE=1.836e-03 [colloc=1.713e-03, cfd=1.230e-04]  WALL=3.436e-15  DATA=8.400e-04
Invoked: SSBroyden1 approach!
[BFGS] batch=  34  call=  1953  total=1.167e-02  PDE=1.824e-03 [colloc=1.701e-03, cfd=1.231e-04]  WALL=3.438e-15  DATA=8.405e-04
Invoked: SSBroyden1 approach!
[BFGS] batch=  34  call=  1954  total=1.167e-02  PDE=1.815e-03 [colloc=1.693e-03, cfd=1.223e-04]  WALL=3.438e-15  DATA=8.411e-04
Invoked: SSBroyden1 approach!
[BFGS] batch=  34  call=  1955  total=1.164e-02  PDE=1.812e-03 [colloc=1.690e-03, cfd=1.219e-04]  WALL=3.438e-15  DATA=8.412e-04
Invoked: SSBroyden1 approach!
[BFGS] batch=  34  call=  1956  total=1.159e-02  PDE=1.803e-03 [colloc=1.682e-03, cfd=1.207e-04]  WALL=3.437e-15  DATA=8.422e-04
Invoked: SSBroyden1 approach!
[BFGS] batch=  34  call=  1958  total=1.158e-02  PDE=1.798e-03 [colloc=1.677e-03, cfd=1.207e-04]  WALL=3.437e-15  DATA=8.420e-04
Invoked: SSBroyden1 approach!
[BFGS] batch=  34  call=  1965  total=1.155e-02  PDE=1.790e-03 [colloc=1.670e-03, cfd=1.206e-04]  WALL=3.437e-15  DATA=8.421e-04
Invoked: SSBroyden1 approach!
[BFGS] batch=  34  call=  1966  total=1.154e-02  PDE=1.781e-03 [colloc=1.663e-03, cfd=1.182e-04]  WALL=3.437e-15  DATA=8.423e-04
Invoked: SSBroyden1 approach!
[BFGS] batch=  34  call=  1967  total=1.153e-02  PDE=1.776e-03 [colloc=1.658e-03, cfd=1.181e-04]  WALL=3.437e-15  DATA=8.424e-04
Invoked: SSBroyden1 approach!
[BFGS] batch=  34  call=  1974  total=1.148e-02  PDE=1.770e-03 [colloc=1.652e-03, cfd=1.176e-04]  WALL=3.436e-15  DATA=8.426e-04
Invoked: SSBroyden1 approach!
[BFGS] batch=  34  call=  1982  total=1.147e-02  PDE=1.764e-03 [colloc=1.646e-03, cfd=1.178e-04]  WALL=3.435e-15  DATA=8.424e-04
Invoked: SSBroyden1 approach!
[BFGS] batch=  34  call=  1983  total=1.146e-02  PDE=1.758e-03 [colloc=1.640e-03, cfd=1.176e-04]  WALL=3.434e-15  DATA=8.421e-04
Invoked: SSBroyden1 approach!
[BFGS] batch=  34  call=  1985  total=1.143e-02  PDE=1.756e-03 [colloc=1.639e-03, cfd=1.175e-04]  WALL=3.434e-15  DATA=8.422e-04
  [PT] w_u=24.1404 w_v=44.0168 gamma=0.815 (tau_u=4.142e-02 tau_v=2.272e-02 |Du|=9.45e-02 |DRu|=2.36e+00)
[BFGS] batch 34: H0 not PD — resetting to identity.
[BFGS-END] batch=  34  last_total=1.148e-02  last_PDE=1.756e-03 [colloc=1.639e-03, cfd=1.175e-04]  last_WALL=3.434e-15  last_DATA=8.422e-04
/oscar/home/jchen790/cylinder flow lab/src/cfp40.py:1430: OptimizeWarning: Unknown solver options: hess, hessp, bounds, constraints, tol
  result = minimize(
Invoked: SSBroyden1 approach!
[BFGS] batch=  35  call=  2006  total=1.244e-02  PDE=2.105e-03 [colloc=1.987e-03, cfd=1.176e-04]  WALL=3.435e-15  DATA=8.429e-04
Invoked: SSBroyden1 approach!
[BFGS] batch=  35  call=  2008  total=1.232e-02  PDE=2.068e-03 [colloc=1.950e-03, cfd=1.176e-04]  WALL=3.442e-15  DATA=8.465e-04
Invoked: SSBroyden1 approach!
[BFGS] batch=  35  call=  2009  total=1.215e-02  PDE=2.011e-03 [colloc=1.893e-03, cfd=1.176e-04]  WALL=3.435e-15  DATA=8.456e-04
Invoked: SSBroyden1 approach!
[BFGS] batch=  35  call=  2018  total=1.212e-02  PDE=1.984e-03 [colloc=1.867e-03, cfd=1.176e-04]  WALL=3.432e-15  DATA=8.453e-04
Invoked: SSBroyden1 approach!
[BFGS] batch=  35  call=  2019  total=1.208e-02  PDE=1.966e-03 [colloc=1.849e-03, cfd=1.176e-04]  WALL=3.429e-15  DATA=8.458e-04
Invoked: SSBroyden1 approach!
[BFGS] batch=  35  call=  2020  total=1.202e-02  PDE=1.951e-03 [colloc=1.834e-03, cfd=1.176e-04]  WALL=3.426e-15  DATA=8.467e-04
Invoked: SSBroyden1 approach!
[BFGS] batch=  35  call=  2022  total=1.199e-02  PDE=1.939e-03 [colloc=1.822e-03, cfd=1.176e-04]  WALL=3.425e-15  DATA=8.477e-04
Invoked: SSBroyden1 approach!
[BFGS] batch=  35  call=  2031  total=1.196e-02  PDE=1.935e-03 [colloc=1.817e-03, cfd=1.176e-04]  WALL=3.426e-15  DATA=8.472e-04
  [PT] w_u=24.9897 w_v=39.5672 gamma=0.813 (tau_u=4.002e-02 tau_v=2.527e-02 |Du|=5.30e-02 |DRu|=2.89e-01)
[BFGS-END] batch=  35  last_total=1.199e-02  last_PDE=1.935e-03 [colloc=1.817e-03, cfd=1.176e-04]  last_WALL=3.426e-15  last_DATA=8.472e-04
/oscar/home/jchen790/cylinder flow lab/src/cfp40.py:1430: OptimizeWarning: Unknown solver options: hess, hessp, bounds, constraints, tol
  result = minimize(
Invoked: SSBroyden1 approach!
[BFGS] batch=  36  call=  2052  total=1.286e-02  PDE=2.224e-03 [colloc=2.106e-03, cfd=1.177e-04]  WALL=3.423e-15  DATA=8.473e-04
Invoked: SSBroyden1 approach!
[BFGS] batch=  36  call=  2053  total=1.276e-02  PDE=2.214e-03 [colloc=2.096e-03, cfd=1.179e-04]  WALL=3.427e-15  DATA=8.489e-04
Invoked: SSBroyden1 approach!
[BFGS] batch=  36  call=  2063  total=1.274e-02  PDE=2.209e-03 [colloc=2.091e-03, cfd=1.182e-04]  WALL=3.426e-15  DATA=8.488e-04
Invoked: SSBroyden1 approach!
[BFGS] batch=  36  call=  2065  total=1.273e-02  PDE=2.204e-03 [colloc=2.086e-03, cfd=1.184e-04]  WALL=3.427e-15  DATA=8.491e-04
  [PT] w_u=27.2013 w_v=43.1269 gamma=0.813 (tau_u=3.676e-02 tau_v=2.319e-02 |Du|=2.32e-02 |DRu|=2.42e-01)
[BFGS-END] batch=  36  last_total=1.275e-02  last_PDE=2.204e-03 [colloc=2.086e-03, cfd=1.184e-04]  last_WALL=3.427e-15  last_DATA=8.491e-04
/oscar/home/jchen790/cylinder flow lab/src/cfp40.py:1430: OptimizeWarning: Unknown solver options: hess, hessp, bounds, constraints, tol
  result = minimize(
Invoked: SSBroyden1 approach!
[BFGS] batch=  37  call=  2085  total=1.275e-02  PDE=2.213e-03 [colloc=2.095e-03, cfd=1.184e-04]  WALL=3.428e-15  DATA=8.489e-04
  [PT] w_u=21.4319 w_v=40.0564 gamma=0.812 (tau_u=4.666e-02 tau_v=2.496e-02 |Du|=8.62e-03 |DRu|=2.11e-02)
[BFGS-END] batch=  37  last_total=1.279e-02  last_PDE=2.213e-03 [colloc=2.094e-03, cfd=1.184e-04]  last_WALL=3.428e-15  last_DATA=8.489e-04
/oscar/home/jchen790/cylinder flow lab/src/cfp40.py:1430: OptimizeWarning: Unknown solver options: hess, hessp, bounds, constraints, tol
  result = minimize(
Invoked: SSBroyden1 approach!
[BFGS] batch=  38  call=  2108  total=1.279e-02  PDE=2.212e-03 [colloc=2.093e-03, cfd=1.184e-04]  WALL=3.428e-15  DATA=8.493e-04
Invoked: SSBroyden1 approach!
[BFGS] batch=  38  call=  2110  total=1.276e-02  PDE=2.206e-03 [colloc=2.087e-03, cfd=1.183e-04]  WALL=3.427e-15  DATA=8.491e-04
Invoked: SSBroyden1 approach!
[BFGS] batch=  38  call=  2112  total=1.272e-02  PDE=2.201e-03 [colloc=2.083e-03, cfd=1.186e-04]  WALL=3.425e-15  DATA=8.485e-04
Invoked: SSBroyden1 approach!
[BFGS] batch=  38  call=  2121  total=1.272e-02  PDE=2.199e-03 [colloc=2.080e-03, cfd=1.187e-04]  WALL=3.424e-15  DATA=8.485e-04
  [PT] w_u=23.6960 w_v=44.2141 gamma=0.813 (tau_u=4.220e-02 tau_v=2.262e-02 |Du|=2.33e-02 |DRu|=4.61e-01)
[BFGS-END] batch=  38  last_total=1.280e-02  last_PDE=2.198e-03 [colloc=2.080e-03, cfd=1.187e-04]  last_WALL=3.424e-15  last_DATA=8.485e-04
/oscar/home/jchen790/cylinder flow lab/src/cfp40.py:1430: OptimizeWarning: Unknown solver options: hess, hessp, bounds, constraints, tol
  result = minimize(
  [PT] w_u=25.6965 w_v=46.1078 gamma=0.813 (tau_u=3.892e-02 tau_v=2.169e-02 |Du|=1.80e-03 |DRu|=1.68e-02)
[BFGS-END] batch=  39  last_total=1.279e-02  last_PDE=2.218e-03 [colloc=2.099e-03, cfd=1.187e-04]  last_WALL=3.424e-15  last_DATA=8.485e-04
/oscar/home/jchen790/cylinder flow lab/src/cfp40.py:1430: OptimizeWarning: Unknown solver options: hess, hessp, bounds, constraints, tol
  result = minimize(
Invoked: SSBroyden1 approach!
[BFGS] batch=  40  call=  2161  total=1.277e-02  PDE=2.218e-03 [colloc=2.099e-03, cfd=1.187e-04]  WALL=3.424e-15  DATA=8.483e-04
  [PT] w_u=24.1292 w_v=45.4842 gamma=0.813 (tau_u=4.144e-02 tau_v=2.199e-02 |Du|=3.31e-03 |DRu|=1.18e-02)
[PT] batch=  40  w=3.4807e+01
[BFGS-END] batch=  40  last_total=1.278e-02  last_PDE=2.217e-03 [colloc=2.099e-03, cfd=1.187e-04]  last_WALL=3.424e-15  last_DATA=8.484e-04
/oscar/home/jchen790/cylinder flow lab/src/cfp40.py:1430: OptimizeWarning: Unknown solver options: hess, hessp, bounds, constraints, tol
  result = minimize(
Invoked: SSBroyden1 approach!
[BFGS] batch=  41  call=  2183  total=1.277e-02  PDE=2.214e-03 [colloc=2.096e-03, cfd=1.185e-04]  WALL=3.424e-15  DATA=8.488e-04
  [PT] w_u=24.5213 w_v=40.6219 gamma=0.813 (tau_u=4.078e-02 tau_v=2.462e-02 |Du|=7.20e-03 |DRu|=3.48e-02)
[BFGS-END] batch=  41  last_total=1.280e-02  last_PDE=2.214e-03 [colloc=2.096e-03, cfd=1.185e-04]  last_WALL=3.424e-15  last_DATA=8.488e-04
/oscar/home/jchen790/cylinder flow lab/src/cfp40.py:1430: OptimizeWarning: Unknown solver options: hess, hessp, bounds, constraints, tol
  result = minimize(
Invoked: SSBroyden1 approach!
[BFGS] batch=  42  call=  2205  total=1.276e-02  PDE=2.211e-03 [colloc=2.092e-03, cfd=1.188e-04]  WALL=3.427e-15  DATA=8.491e-04
  [PT] w_u=27.1077 w_v=44.9688 gamma=0.812 (tau_u=3.689e-02 tau_v=2.224e-02 |Du|=1.69e-02 |DRu|=3.52e-01)
[BFGS-END] batch=  42  last_total=1.283e-02  last_PDE=2.211e-03 [colloc=2.092e-03, cfd=1.188e-04]  last_WALL=3.427e-15  last_DATA=8.491e-04
/oscar/home/jchen790/cylinder flow lab/src/cfp40.py:1430: OptimizeWarning: Unknown solver options: hess, hessp, bounds, constraints, tol
  result = minimize(
Invoked: SSBroyden1 approach!
[BFGS] batch=  43  call=  2226  total=1.273e-02  PDE=2.198e-03 [colloc=2.080e-03, cfd=1.187e-04]  WALL=3.428e-15  DATA=8.492e-04
Invoked: SSBroyden1 approach!
[BFGS] batch=  43  call=  2229  total=1.272e-02  PDE=2.197e-03 [colloc=2.078e-03, cfd=1.186e-04]  WALL=3.429e-15  DATA=8.492e-04
Invoked: SSBroyden1 approach!
[BFGS] batch=  43  call=  2236  total=1.271e-02  PDE=2.193e-03 [colloc=2.074e-03, cfd=1.185e-04]  WALL=3.430e-15  DATA=8.491e-04
  [PT] w_u=29.5124 w_v=49.0782 gamma=0.812 (tau_u=3.388e-02 tau_v=2.038e-02 |Du|=1.20e-02 |DRu|=1.30e-01)
[BFGS-END] batch=  43  last_total=1.269e-02  last_PDE=2.192e-03 [colloc=2.074e-03, cfd=1.185e-04]  last_WALL=3.430e-15  last_DATA=8.491e-04
/oscar/home/jchen790/cylinder flow lab/src/cfp40.py:1430: OptimizeWarning: Unknown solver options: hess, hessp, bounds, constraints, tol
  result = minimize(
Invoked: SSBroyden1 approach!
[BFGS] batch=  44  call=  2259  total=1.277e-02  PDE=2.202e-03 [colloc=2.083e-03, cfd=1.184e-04]  WALL=3.432e-15  DATA=8.494e-04
Invoked: SSBroyden1 approach!
[BFGS] batch=  44  call=  2260  total=1.276e-02  PDE=2.193e-03 [colloc=2.075e-03, cfd=1.182e-04]  WALL=3.433e-15  DATA=8.496e-04
Invoked: SSBroyden1 approach!
[BFGS] batch=  44  call=  2261  total=1.265e-02  PDE=2.190e-03 [colloc=2.072e-03, cfd=1.182e-04]  WALL=3.433e-15  DATA=8.498e-04
  [PT] w_u=32.4835 w_v=53.9218 gamma=0.814 (tau_u=3.078e-02 tau_v=1.855e-02 |Du|=1.31e-02 |DRu|=2.19e-01)
[BFGS] batch 44: H0 not PD — resetting to identity.
[BFGS-END] batch=  44  last_total=1.270e-02  last_PDE=2.190e-03 [colloc=2.072e-03, cfd=1.182e-04]  last_WALL=3.433e-15  last_DATA=8.498e-04
/oscar/home/jchen790/cylinder flow lab/src/cfp40.py:1430: OptimizeWarning: Unknown solver options: hess, hessp, bounds, constraints, tol
  result = minimize(
Invoked: SSBroyden1 approach!
[BFGS] batch=  45  call=  2282  total=1.248e-02  PDE=2.094e-03 [colloc=1.976e-03, cfd=1.182e-04]  WALL=3.436e-15  DATA=8.514e-04
Invoked: SSBroyden1 approach!
[BFGS] batch=  45  call=  2284  total=1.242e-02  PDE=2.065e-03 [colloc=1.946e-03, cfd=1.182e-04]  WALL=3.441e-15  DATA=8.541e-04
Invoked: SSBroyden1 approach!
[BFGS] batch=  45  call=  2285  total=1.237e-02  PDE=2.032e-03 [colloc=1.913e-03, cfd=1.182e-04]  WALL=3.439e-15  DATA=8.538e-04
Invoked: SSBroyden1 approach!
[BFGS] batch=  45  call=  2286  total=1.226e-02  PDE=2.004e-03 [colloc=1.886e-03, cfd=1.182e-04]  WALL=3.436e-15  DATA=8.535e-04
Invoked: SSBroyden1 approach!
[BFGS] batch=  45  call=  2288  total=1.212e-02  PDE=1.984e-03 [colloc=1.866e-03, cfd=1.181e-04]  WALL=3.433e-15  DATA=8.542e-04
Invoked: SSBroyden1 approach!
[BFGS] batch=  45  call=  2290  total=1.208e-02  PDE=1.968e-03 [colloc=1.850e-03, cfd=1.181e-04]  WALL=3.430e-15  DATA=8.548e-04
  [PT] w_u=31.2026 w_v=46.6353 gamma=0.813 (tau_u=3.205e-02 tau_v=2.144e-02 |Du|=4.19e-02 |DRu|=1.81e-01)
[BFGS-END] batch=  45  last_total=1.214e-02  last_PDE=1.968e-03 [colloc=1.850e-03, cfd=1.181e-04]  last_WALL=3.430e-15  last_DATA=8.548e-04
/oscar/home/jchen790/cylinder flow lab/src/cfp40.py:1430: OptimizeWarning: Unknown solver options: hess, hessp, bounds, constraints, tol
  result = minimize(
Invoked: SSBroyden1 approach!
[BFGS] batch=  46  call=  2311  total=1.279e-02  PDE=2.213e-03 [colloc=2.095e-03, cfd=1.182e-04]  WALL=3.429e-15  DATA=8.550e-04
Invoked: SSBroyden1 approach!
[BFGS] batch=  46  call=  2313  total=1.278e-02  PDE=2.206e-03 [colloc=2.088e-03, cfd=1.181e-04]  WALL=3.430e-15  DATA=8.555e-04
  [PT] w_u=25.7228 w_v=42.7649 gamma=0.813 (tau_u=3.888e-02 tau_v=2.338e-02 |Du|=1.17e-02 |DRu|=3.32e-02)
[BFGS-END] batch=  46  last_total=1.278e-02  last_PDE=2.206e-03 [colloc=2.088e-03, cfd=1.181e-04]  last_WALL=3.430e-15  last_DATA=8.555e-04
/oscar/home/jchen790/cylinder flow lab/src/cfp40.py:1430: OptimizeWarning: Unknown solver options: hess, hessp, bounds, constraints, tol
  result = minimize(
Invoked: SSBroyden1 approach!
[BFGS] batch=  47  call=  2352  total=1.280e-02  PDE=2.217e-03 [colloc=2.099e-03, cfd=1.180e-04]  WALL=3.431e-15  DATA=8.547e-04
Invoked: SSBroyden1 approach!
[BFGS] batch=  47  call=  2355  total=1.280e-02  PDE=2.215e-03 [colloc=2.097e-03, cfd=1.180e-04]  WALL=3.430e-15  DATA=8.549e-04
  [PT] w_u=27.6349 w_v=43.5632 gamma=0.813 (tau_u=3.619e-02 tau_v=2.296e-02 |Du|=8.43e-03 |DRu|=6.94e-02)
[BFGS-END] batch=  47  last_total=1.290e-02  last_PDE=2.215e-03 [colloc=2.097e-03, cfd=1.180e-04]  last_WALL=3.430e-15  last_DATA=8.549e-04
/oscar/home/jchen790/cylinder flow lab/src/cfp40.py:1430: OptimizeWarning: Unknown solver options: hess, hessp, bounds, constraints, tol
  result = minimize(
Invoked: SSBroyden1 approach!
[BFGS] batch=  48  call=  2392  total=1.279e-02  PDE=2.213e-03 [colloc=2.095e-03, cfd=1.181e-04]  WALL=3.430e-15  DATA=8.545e-04
  [PT] w_u=27.9057 w_v=39.5840 gamma=0.812 (tau_u=3.583e-02 tau_v=2.526e-02 |Du|=6.20e-03 |DRu|=3.09e-02)
[BFGS-END] batch=  48  last_total=1.286e-02  last_PDE=2.213e-03 [colloc=2.094e-03, cfd=1.181e-04]  last_WALL=3.430e-15  last_DATA=8.546e-04
/oscar/home/jchen790/cylinder flow lab/src/cfp40.py:1430: OptimizeWarning: Unknown solver options: hess, hessp, bounds, constraints, tol
  result = minimize(
Invoked: SSBroyden1 approach!
[BFGS] batch=  49  call=  2414  total=1.276e-02  PDE=2.208e-03 [colloc=2.090e-03, cfd=1.182e-04]  WALL=3.431e-15  DATA=8.546e-04
  [PT] w_u=23.6695 w_v=40.6315 gamma=0.812 (tau_u=4.225e-02 tau_v=2.461e-02 |Du|=8.48e-03 |DRu|=2.42e-02)
[BFGS-END] batch=  49  last_total=1.283e-02  last_PDE=2.208e-03 [colloc=2.090e-03, cfd=1.182e-04]  last_WALL=3.431e-15  last_DATA=8.546e-04
/oscar/home/jchen790/cylinder flow lab/src/cfp40.py:1430: OptimizeWarning: Unknown solver options: hess, hessp, bounds, constraints, tol
  result = minimize(
Invoked: SSBroyden1 approach!
[BFGS] batch=  50  call=  2437  total=1.280e-02  PDE=2.207e-03 [colloc=2.088e-03, cfd=1.182e-04]  WALL=3.431e-15  DATA=8.547e-04
Invoked: SSBroyden1 approach!
[BFGS] batch=  50  call=  2438  total=1.277e-02  PDE=2.205e-03 [colloc=2.087e-03, cfd=1.182e-04]  WALL=3.431e-15  DATA=8.547e-04
Invoked: SSBroyden1 approach!
[BFGS] batch=  50  call=  2445  total=1.274e-02  PDE=2.197e-03 [colloc=2.079e-03, cfd=1.184e-04]  WALL=3.430e-15  DATA=8.549e-04
  [PT] w_u=26.1444 w_v=44.4404 gamma=0.811 (tau_u=3.825e-02 tau_v=2.250e-02 |Du|=1.53e-02 |DRu|=2.90e-01)
[PT] batch=  50  w=3.5292e+01
[BFGS-END] batch=  50  last_total=1.276e-02  last_PDE=2.196e-03 [colloc=2.078e-03, cfd=1.184e-04]  last_WALL=3.429e-15  last_DATA=8.549e-04
/oscar/home/jchen790/cylinder flow lab/src/cfp40.py:1430: OptimizeWarning: Unknown solver options: hess, hessp, bounds, constraints, tol
  result = minimize(
  [PT] w_u=28.8902 w_v=48.8420 gamma=0.811 (tau_u=3.461e-02 tau_v=2.047e-02 |Du|=9.42e-04 |DRu|=1.95e-02)
[BFGS-END] batch=  51  last_total=1.269e-02  last_PDE=2.194e-03 [colloc=2.076e-03, cfd=1.184e-04]  last_WALL=3.430e-15  last_DATA=8.549e-04
/oscar/home/jchen790/cylinder flow lab/src/cfp40.py:1430: OptimizeWarning: Unknown solver options: hess, hessp, bounds, constraints, tol
  result = minimize(
  [PT] w_u=29.1503 w_v=45.4411 gamma=0.811 (tau_u=3.430e-02 tau_v=2.201e-02 |Du|=3.42e-04 |DRu|=1.73e-03)
[BFGS-END] batch=  52  last_total=1.274e-02  last_PDE=2.194e-03 [colloc=2.075e-03, cfd=1.184e-04]  last_WALL=3.430e-15  last_DATA=8.549e-04
/oscar/home/jchen790/cylinder flow lab/src/cfp40.py:1430: OptimizeWarning: Unknown solver options: hess, hessp, bounds, constraints, tol
  result = minimize(
Invoked: SSBroyden1 approach!
[BFGS] batch=  53  call=  2507  total=1.274e-02  PDE=2.193e-03 [colloc=2.074e-03, cfd=1.185e-04]  WALL=3.429e-15  DATA=8.547e-04
Invoked: SSBroyden1 approach!
[BFGS] batch=  53  call=  2509  total=1.272e-02  PDE=2.186e-03 [colloc=2.068e-03, cfd=1.188e-04]  WALL=3.431e-15  DATA=8.553e-04
Invoked: SSBroyden1 approach!
[BFGS] batch=  53  call=  2511  total=1.270e-02  PDE=2.185e-03 [colloc=2.066e-03, cfd=1.188e-04]  WALL=3.431e-15  DATA=8.553e-04
  [PT] w_u=32.2342 w_v=50.1424 gamma=0.811 (tau_u=3.102e-02 tau_v=1.994e-02 |Du|=9.36e-03 |DRu|=2.19e-01)
[BFGS-END] batch=  53  last_total=1.268e-02  last_PDE=2.185e-03 [colloc=2.066e-03, cfd=1.188e-04]  last_WALL=3.431e-15  last_DATA=8.553e-04
/oscar/home/jchen790/cylinder flow lab/src/cfp40.py:1430: OptimizeWarning: Unknown solver options: hess, hessp, bounds, constraints, tol
  result = minimize(
  [PT] w_u=34.2917 w_v=53.4439 gamma=0.811 (tau_u=2.916e-02 tau_v=1.871e-02 |Du|=8.13e-04 |DRu|=6.57e-03)
[BFGS-END] batch=  54  last_total=1.272e-02  last_PDE=2.189e-03 [colloc=2.070e-03, cfd=1.188e-04]  last_WALL=3.431e-15  last_DATA=8.553e-04
/oscar/home/jchen790/cylinder flow lab/src/cfp40.py:1430: OptimizeWarning: Unknown solver options: hess, hessp, bounds, constraints, tol
  result = minimize(
Invoked: SSBroyden1 approach!
[BFGS] batch=  55  call=  2551  total=1.277e-02  PDE=2.188e-03 [colloc=2.069e-03, cfd=1.188e-04]  WALL=3.430e-15  DATA=8.554e-04
Invoked: SSBroyden1 approach!
[BFGS] batch=  55  call=  2553  total=1.270e-02  PDE=2.184e-03 [colloc=2.065e-03, cfd=1.190e-04]  WALL=3.431e-15  DATA=8.554e-04
Invoked: SSBroyden1 approach!
[BFGS] batch=  55  call=  2563  total=1.269e-02  PDE=2.182e-03 [colloc=2.063e-03, cfd=1.191e-04]  WALL=3.431e-15  DATA=8.555e-04
  [PT] w_u=37.7649 w_v=58.8196 gamma=0.811 (tau_u=2.648e-02 tau_v=1.700e-02 |Du|=1.08e-02 |DRu|=2.01e-01)
[BFGS-END] batch=  55  last_total=1.272e-02  last_PDE=2.182e-03 [colloc=2.063e-03, cfd=1.191e-04]  last_WALL=3.431e-15  last_DATA=8.555e-04
/oscar/home/jchen790/cylinder flow lab/src/cfp40.py:1430: OptimizeWarning: Unknown solver options: hess, hessp, bounds, constraints, tol
  result = minimize(
Invoked: SSBroyden1 approach!
[BFGS] batch=  56  call=  2598  total=1.275e-02  PDE=2.193e-03 [colloc=2.074e-03, cfd=1.195e-04]  WALL=3.432e-15  DATA=8.557e-04
Invoked: SSBroyden1 approach!
[BFGS] batch=  56  call=  2599  total=1.273e-02  PDE=2.184e-03 [colloc=2.064e-03, cfd=1.204e-04]  WALL=3.435e-15  DATA=8.562e-04
Invoked: SSBroyden1 approach!
[BFGS] batch=  56  call=  2601  total=1.269e-02  PDE=2.182e-03 [colloc=2.062e-03, cfd=1.205e-04]  WALL=3.435e-15  DATA=8.563e-04
  [PT] w_u=41.7855 w_v=65.1042 gamma=0.813 (tau_u=2.393e-02 tau_v=1.536e-02 |Du|=1.54e-02 |DRu|=4.38e-01)
[BFGS-END] batch=  56  last_total=1.281e-02  last_PDE=2.182e-03 [colloc=2.062e-03, cfd=1.205e-04]  last_WALL=3.435e-15  last_DATA=8.563e-04
/oscar/home/jchen790/cylinder flow lab/src/cfp40.py:1430: OptimizeWarning: Unknown solver options: hess, hessp, bounds, constraints, tol
  result = minimize(
Invoked: SSBroyden1 approach!
[BFGS] batch=  57  call=  2622  total=1.285e-02  PDE=2.226e-03 [colloc=2.104e-03, cfd=1.222e-04]  WALL=3.437e-15  DATA=8.574e-04
Invoked: SSBroyden1 approach!
[BFGS] batch=  57  call=  2632  total=1.282e-02  PDE=2.224e-03 [colloc=2.102e-03, cfd=1.224e-04]  WALL=3.437e-15  DATA=8.575e-04
  [PT] w_u=46.2486 w_v=72.0515 gamma=0.820 (tau_u=2.162e-02 tau_v=1.388e-02 |Du|=2.55e-02 |DRu|=8.00e-01)
[BFGS] batch 57: H0 not PD — resetting to identity.
[BFGS-END] batch=  57  last_total=1.283e-02  last_PDE=2.221e-03 [colloc=2.098e-03, cfd=1.231e-04]  last_WALL=3.438e-15  last_DATA=8.591e-04
/oscar/home/jchen790/cylinder flow lab/src/cfp40.py:1430: OptimizeWarning: Unknown solver options: hess, hessp, bounds, constraints, tol
  result = minimize(
Invoked: SSBroyden1 approach!
[BFGS] batch=  58  call=  2648  total=1.281e-02  PDE=2.193e-03 [colloc=2.070e-03, cfd=1.224e-04]  WALL=3.442e-15  DATA=8.597e-04
Invoked: SSBroyden1 approach!
[BFGS] batch=  58  call=  2650  total=1.270e-02  PDE=2.149e-03 [colloc=2.027e-03, cfd=1.224e-04]  WALL=3.445e-15  DATA=8.618e-04
Invoked: SSBroyden1 approach!
[BFGS] batch=  58  call=  2651  total=1.253e-02  PDE=2.101e-03 [colloc=1.979e-03, cfd=1.224e-04]  WALL=3.442e-15  DATA=8.611e-04
Invoked: SSBroyden1 approach!
[BFGS] batch=  58  call=  2653  total=1.246e-02  PDE=2.078e-03 [colloc=1.956e-03, cfd=1.223e-04]  WALL=3.440e-15  DATA=8.608e-04
Invoked: SSBroyden1 approach!
[BFGS] batch=  58  call=  2654  total=1.238e-02  PDE=2.052e-03 [colloc=1.930e-03, cfd=1.223e-04]  WALL=3.438e-15  DATA=8.616e-04
Invoked: SSBroyden1 approach!
[BFGS] batch=  58  call=  2655  total=1.235e-02  PDE=2.032e-03 [colloc=1.910e-03, cfd=1.221e-04]  WALL=3.434e-15  DATA=8.619e-04
Invoked: SSBroyden1 approach!
[BFGS] batch=  58  call=  2656  total=1.231e-02  PDE=2.013e-03 [colloc=1.891e-03, cfd=1.221e-04]  WALL=3.432e-15  DATA=8.626e-04
Invoked: SSBroyden1 approach!
[BFGS] batch=  58  call=  2657  total=1.229e-02  PDE=2.009e-03 [colloc=1.887e-03, cfd=1.218e-04]  WALL=3.434e-15  DATA=8.622e-04
Invoked: SSBroyden1 approach!
[BFGS] batch=  58  call=  2658  total=1.225e-02  PDE=2.002e-03 [colloc=1.881e-03, cfd=1.217e-04]  WALL=3.434e-15  DATA=8.627e-04
Invoked: SSBroyden1 approach!
[BFGS] batch=  58  call=  2660  total=1.223e-02  PDE=1.996e-03 [colloc=1.875e-03, cfd=1.215e-04]  WALL=3.433e-15  DATA=8.622e-04
Invoked: SSBroyden1 approach!
[BFGS] batch=  58  call=  2668  total=1.221e-02  PDE=1.994e-03 [colloc=1.872e-03, cfd=1.215e-04]  WALL=3.433e-15  DATA=8.624e-04
  [PT] w_u=50.8206 w_v=78.8429 gamma=0.815 (tau_u=1.968e-02 tau_v=1.268e-02 |Du|=3.40e-02 |DRu|=6.58e-01)
[BFGS-END] batch=  58  last_total=1.221e-02  last_PDE=1.994e-03 [colloc=1.872e-03, cfd=1.215e-04]  last_WALL=3.433e-15  last_DATA=8.624e-04
/oscar/home/jchen790/cylinder flow lab/src/cfp40.py:1430: OptimizeWarning: Unknown solver options: hess, hessp, bounds, constraints, tol
  result = minimize(
Invoked: SSBroyden1 approach!
[BFGS] batch=  59  call=  2689  total=1.291e-02  PDE=2.245e-03 [colloc=2.124e-03, cfd=1.215e-04]  WALL=3.431e-15  DATA=8.624e-04
  [PT] w_u=39.1145 w_v=69.1486 gamma=0.815 (tau_u=2.557e-02 tau_v=1.446e-02 |Du|=9.15e-03 |DRu|=2.95e-02)
[BFGS-END] batch=  59  last_total=1.292e-02  last_PDE=2.245e-03 [colloc=2.124e-03, cfd=1.215e-04]  last_WALL=3.431e-15  last_DATA=8.624e-04
/oscar/home/jchen790/cylinder flow lab/src/cfp40.py:1430: OptimizeWarning: Unknown solver options: hess, hessp, bounds, constraints, tol
  result = minimize(
Invoked: SSBroyden1 approach!
[BFGS] batch=  60  call=  2710  total=1.299e-02  PDE=2.244e-03 [colloc=2.123e-03, cfd=1.210e-04]  WALL=3.432e-15  DATA=8.628e-04
Invoked: SSBroyden1 approach!
[BFGS] batch=  60  call=  2711  total=1.296e-02  PDE=2.239e-03 [colloc=2.119e-03, cfd=1.207e-04]  WALL=3.432e-15  DATA=8.627e-04
Invoked: SSBroyden1 approach!
[BFGS] batch=  60  call=  2712  total=1.288e-02  PDE=2.224e-03 [colloc=2.104e-03, cfd=1.194e-04]  WALL=3.431e-15  DATA=8.630e-04
Invoked: SSBroyden1 approach!
[BFGS] batch=  60  call=  2715  total=1.285e-02  PDE=2.223e-03 [colloc=2.104e-03, cfd=1.188e-04]  WALL=3.429e-15  DATA=8.622e-04
  [PT] w_u=43.3571 w_v=76.6168 gamma=0.812 (tau_u=2.306e-02 tau_v=1.305e-02 |Du|=3.06e-02 |DRu|=1.18e+00)
[PT] batch=  60  w=5.9987e+01
[BFGS-END] batch=  60  last_total=1.294e-02  last_PDE=2.223e-03 [colloc=2.104e-03, cfd=1.188e-04]  last_WALL=3.429e-15  last_DATA=8.622e-04
/oscar/home/jchen790/cylinder flow lab/src/cfp40.py:1430: OptimizeWarning: Unknown solver options: hess, hessp, bounds, constraints, tol
  result = minimize(
  [PT] w_u=38.0391 w_v=62.1811 gamma=0.812 (tau_u=2.629e-02 tau_v=1.608e-02 |Du|=2.42e-02 |DRu|=9.28e-02)
[BFGS-END] batch=  61  last_total=1.301e-02  last_PDE=2.272e-03 [colloc=2.153e-03, cfd=1.187e-04]  last_WALL=3.429e-15  last_DATA=8.624e-04
/oscar/home/jchen790/cylinder flow lab/src/cfp40.py:1430: OptimizeWarning: Unknown solver options: hess, hessp, bounds, constraints, tol
  result = minimize(
Invoked: SSBroyden1 approach!
[BFGS] batch=  62  call=  2758  total=1.291e-02  PDE=2.243e-03 [colloc=2.124e-03, cfd=1.188e-04]  WALL=3.426e-15  DATA=8.620e-04
Invoked: SSBroyden1 approach!
[BFGS] batch=  62  call=  2760  total=1.290e-02  PDE=2.234e-03 [colloc=2.115e-03, cfd=1.188e-04]  WALL=3.428e-15  DATA=8.622e-04
Invoked: SSBroyden1 approach!
[BFGS] batch=  62  call=  2761  total=1.290e-02  PDE=2.229e-03 [colloc=2.110e-03, cfd=1.188e-04]  WALL=3.429e-15  DATA=8.625e-04
  [PT] w_u=32.4200 w_v=56.0410 gamma=0.812 (tau_u=3.085e-02 tau_v=1.784e-02 |Du|=1.61e-02 |DRu|=5.40e-02)
[BFGS-END] batch=  62  last_total=1.290e-02  last_PDE=2.229e-03 [colloc=2.110e-03, cfd=1.188e-04]  last_WALL=3.429e-15  last_DATA=8.625e-04
/oscar/home/jchen790/cylinder flow lab/src/cfp40.py:1430: OptimizeWarning: Unknown solver options: hess, hessp, bounds, constraints, tol
  result = minimize(
Invoked: SSBroyden1 approach!
[BFGS] batch=  63  call=  2781  total=1.280e-02  PDE=2.192e-03 [colloc=2.073e-03, cfd=1.191e-04]  WALL=3.430e-15  DATA=8.633e-04
Invoked: SSBroyden1 approach!
[BFGS] batch=  63  call=  2782  total=1.277e-02  PDE=2.188e-03 [colloc=2.067e-03, cfd=1.205e-04]  WALL=3.431e-15  DATA=8.634e-04
Invoked: SSBroyden1 approach!
[BFGS] batch=  63  call=  2790  total=1.274e-02  PDE=2.182e-03 [colloc=2.060e-03, cfd=1.224e-04]  WALL=3.433e-15  DATA=8.633e-04
  [PT] w_u=35.9272 w_v=62.1332 gamma=0.811 (tau_u=2.783e-02 tau_v=1.609e-02 |Du|=2.10e-02 |DRu|=6.98e-01)
[BFGS] batch 63: H0 not PD — resetting to identity.
[BFGS-END] batch=  63  last_total=1.277e-02  last_PDE=2.182e-03 [colloc=2.059e-03, cfd=1.224e-04]  last_WALL=3.433e-15  last_DATA=8.633e-04
/oscar/home/jchen790/cylinder flow lab/src/cfp40.py:1430: OptimizeWarning: Unknown solver options: hess, hessp, bounds, constraints, tol
  result = minimize(
Invoked: SSBroyden1 approach!
[BFGS] batch=  64  call=  2811  total=1.256e-02  PDE=2.089e-03 [colloc=1.967e-03, cfd=1.224e-04]  WALL=3.436e-15  DATA=8.651e-04
Invoked: SSBroyden1 approach!
[BFGS] batch=  64  call=  2813  total=1.245e-02  PDE=2.064e-03 [colloc=1.942e-03, cfd=1.224e-04]  WALL=3.440e-15  DATA=8.673e-04
Invoked: SSBroyden1 approach!
[BFGS] batch=  64  call=  2814  total=1.238e-02  PDE=2.035e-03 [colloc=1.912e-03, cfd=1.224e-04]  WALL=3.437e-15  DATA=8.673e-04
Invoked: SSBroyden1 approach!
[BFGS] batch=  64  call=  2815  total=1.235e-02  PDE=2.009e-03 [colloc=1.887e-03, cfd=1.223e-04]  WALL=3.434e-15  DATA=8.669e-04
Invoked: SSBroyden1 approach!
[BFGS] batch=  64  call=  2816  total=1.229e-02  PDE=1.993e-03 [colloc=1.871e-03, cfd=1.223e-04]  WALL=3.433e-15  DATA=8.673e-04
Invoked: SSBroyden1 approach!
[BFGS] batch=  64  call=  2817  total=1.222e-02  PDE=1.988e-03 [colloc=1.866e-03, cfd=1.221e-04]  WALL=3.428e-15  DATA=8.676e-04
Invoked: SSBroyden1 approach!
[BFGS] batch=  64  call=  2819  total=1.220e-02  PDE=1.978e-03 [colloc=1.856e-03, cfd=1.221e-04]  WALL=3.427e-15  DATA=8.682e-04
Invoked: SSBroyden1 approach!
[BFGS] batch=  64  call=  2826  total=1.219e-02  PDE=1.973e-03 [colloc=1.851e-03, cfd=1.219e-04]  WALL=3.429e-15  DATA=8.680e-04
Invoked: SSBroyden1 approach!
[BFGS] batch=  64  call=  2834  total=1.218e-02  PDE=1.968e-03 [colloc=1.846e-03, cfd=1.218e-04]  WALL=3.428e-15  DATA=8.685e-04
Invoked: SSBroyden1 approach!
[BFGS] batch=  64  call=  2840  total=1.217e-02  PDE=1.965e-03 [colloc=1.843e-03, cfd=1.217e-04]  WALL=3.427e-15  DATA=8.682e-04
  [PT] w_u=36.9558 w_v=56.6872 gamma=0.810 (tau_u=2.706e-02 tau_v=1.764e-02 |Du|=4.27e-02 |DRu|=2.71e-01)
[BFGS-END] batch=  64  last_total=1.220e-02  last_PDE=1.965e-03 [colloc=1.843e-03, cfd=1.217e-04]  last_WALL=3.427e-15  last_DATA=8.683e-04
/oscar/home/jchen790/cylinder flow lab/src/cfp40.py:1430: OptimizeWarning: Unknown solver options: hess, hessp, bounds, constraints, tol
  result = minimize(
Invoked: SSBroyden1 approach!
[BFGS] batch=  65  call=  2861  total=1.282e-02  PDE=2.177e-03 [colloc=2.055e-03, cfd=1.216e-04]  WALL=3.427e-15  DATA=8.685e-04
Invoked: SSBroyden1 approach!
[BFGS] batch=  65  call=  2863  total=1.277e-02  PDE=2.173e-03 [colloc=2.052e-03, cfd=1.215e-04]  WALL=3.429e-15  DATA=8.688e-04
Invoked: SSBroyden1 approach!
[BFGS] batch=  65  call=  2864  total=1.274e-02  PDE=2.169e-03 [colloc=2.048e-03, cfd=1.212e-04]  WALL=3.430e-15  DATA=8.696e-04
  [PT] w_u=39.4294 w_v=59.9585 gamma=0.810 (tau_u=2.536e-02 tau_v=1.668e-02 |Du|=1.97e-02 |DRu|=1.77e-01)
[BFGS-END] batch=  65  last_total=1.278e-02  last_PDE=2.169e-03 [colloc=2.047e-03, cfd=1.212e-04]  last_WALL=3.430e-15  last_DATA=8.696e-04
/oscar/home/jchen790/cylinder flow lab/src/cfp40.py:1430: OptimizeWarning: Unknown solver options: hess, hessp, bounds, constraints, tol
  result = minimize(
Invoked: SSBroyden1 approach!
[BFGS] batch=  66  call=  2888  total=1.274e-02  PDE=2.171e-03 [colloc=2.050e-03, cfd=1.213e-04]  WALL=3.430e-15  DATA=8.696e-04
Invoked: SSBroyden1 approach!
[BFGS] batch=  66  call=  2897  total=1.274e-02  PDE=2.167e-03 [colloc=2.046e-03, cfd=1.213e-04]  WALL=3.430e-15  DATA=8.699e-04
  [PT] w_u=39.6313 w_v=59.6875 gamma=0.810 (tau_u=2.523e-02 tau_v=1.675e-02 |Du|=3.22e-03 |DRu|=1.86e-02)
[BFGS-END] batch=  66  last_total=1.281e-02  last_PDE=2.167e-03 [colloc=2.046e-03, cfd=1.213e-04]  last_WALL=3.430e-15  last_DATA=8.699e-04
/oscar/home/jchen790/cylinder flow lab/src/cfp40.py:1430: OptimizeWarning: Unknown solver options: hess, hessp, bounds, constraints, tol
  result = minimize(
Invoked: SSBroyden1 approach!
[BFGS] batch=  67  call=  2917  total=1.278e-02  PDE=2.170e-03 [colloc=2.048e-03, cfd=1.214e-04]  WALL=3.430e-15  DATA=8.699e-04
Invoked: SSBroyden1 approach!
[BFGS] batch=  67  call=  2919  total=1.276e-02  PDE=2.166e-03 [colloc=2.045e-03, cfd=1.215e-04]  WALL=3.430e-15  DATA=8.700e-04
Invoked: SSBroyden1 approach!
[BFGS] batch=  67  call=  2927  total=1.275e-02  PDE=2.165e-03 [colloc=2.044e-03, cfd=1.215e-04]  WALL=3.430e-15  DATA=8.699e-04
  [PT] w_u=42.8842 w_v=65.2936 gamma=0.810 (tau_u=2.332e-02 tau_v=1.532e-02 |Du|=6.68e-03 |DRu|=7.70e-02)
[BFGS-END] batch=  67  last_total=1.277e-02  last_PDE=2.165e-03 [colloc=2.044e-03, cfd=1.215e-04]  last_WALL=3.430e-15  last_DATA=8.700e-04
/oscar/home/jchen790/cylinder flow lab/src/cfp40.py:1430: OptimizeWarning: Unknown solver options: hess, hessp, bounds, constraints, tol
  result = minimize(
Invoked: SSBroyden1 approach!
[BFGS] batch=  68  call=  2951  total=1.282e-02  PDE=2.174e-03 [colloc=2.052e-03, cfd=1.217e-04]  WALL=3.431e-15  DATA=8.701e-04
Invoked: SSBroyden1 approach!
[BFGS] batch=  68  call=  2952  total=1.279e-02  PDE=2.171e-03 [colloc=2.049e-03, cfd=1.223e-04]  WALL=3.432e-15  DATA=8.705e-04
Invoked: SSBroyden1 approach!
[BFGS] batch=  68  call=  2955  total=1.276e-02  PDE=2.170e-03 [colloc=2.047e-03, cfd=1.224e-04]  WALL=3.432e-15  DATA=8.705e-04
  [PT] w_u=47.3705 w_v=72.0906 gamma=0.811 (tau_u=2.111e-02 tau_v=1.387e-02 |Du|=1.01e-02 |DRu|=2.60e-01)
[BFGS-END] batch=  68  last_total=1.275e-02  last_PDE=2.170e-03 [colloc=2.047e-03, cfd=1.224e-04]  last_WALL=3.432e-15  last_DATA=8.705e-04
/oscar/home/jchen790/cylinder flow lab/src/cfp40.py:1430: OptimizeWarning: Unknown solver options: hess, hessp, bounds, constraints, tol
  result = minimize(
Invoked: SSBroyden1 approach!
[BFGS] batch=  69  call=  2977  total=1.286e-02  PDE=2.185e-03 [colloc=2.060e-03, cfd=1.248e-04]  WALL=3.434e-15  DATA=8.711e-04
Invoked: SSBroyden1 approach!
[BFGS] batch=  69  call=  2978  total=1.284e-02  PDE=2.181e-03 [colloc=2.055e-03, cfd=1.261e-04]  WALL=3.435e-15  DATA=8.712e-04
Invoked: SSBroyden1 approach!
[BFGS] batch=  69  call=  2979  total=1.280e-02  PDE=2.174e-03 [colloc=2.045e-03, cfd=1.298e-04]  WALL=3.438e-15  DATA=8.725e-04
Invoked: SSBroyden1 approach!
[BFGS] batch=  69  call=  2981  total=1.278e-02  PDE=2.170e-03 [colloc=2.040e-03, cfd=1.308e-04]  WALL=3.438e-15  DATA=8.729e-04
Invoked: SSBroyden1 approach!
[BFGS] batch=  69  call=  2982  total=1.278e-02  PDE=2.165e-03 [colloc=2.034e-03, cfd=1.316e-04]  WALL=3.441e-15  DATA=8.738e-04
  [PT] w_u=52.4775 w_v=79.9155 gamma=0.822 (tau_u=1.906e-02 tau_v=1.251e-02 |Du|=3.52e-02 |DRu|=1.34e+00)
[BFGS] batch 69: H0 not PD — resetting to identity.
[BFGS-END] batch=  69  last_total=1.277e-02  last_PDE=2.165e-03 [colloc=2.034e-03, cfd=1.316e-04]  last_WALL=3.441e-15  last_DATA=8.738e-04
/oscar/home/jchen790/cylinder flow lab/src/cfp40.py:1430: OptimizeWarning: Unknown solver options: hess, hessp, bounds, constraints, tol
  result = minimize(
Invoked: SSBroyden1 approach!
[BFGS] batch=  70  call=  3003  total=1.281e-02  PDE=2.167e-03 [colloc=2.036e-03, cfd=1.315e-04]  WALL=3.445e-15  DATA=8.761e-04
Invoked: SSBroyden1 approach!
[BFGS] batch=  70  call=  3005  total=1.266e-02  PDE=2.121e-03 [colloc=1.990e-03, cfd=1.314e-04]  WALL=3.447e-15  DATA=8.775e-04
Invoked: SSBroyden1 approach!
[BFGS] batch=  70  call=  3007  total=1.253e-02  PDE=2.094e-03 [colloc=1.963e-03, cfd=1.314e-04]  WALL=3.445e-15  DATA=8.771e-04
  [PT] w_u=39.6792 w_v=66.7546 gamma=0.822 (tau_u=2.520e-02 tau_v=1.498e-02 |Du|=3.24e-02 |DRu|=1.04e-01)
[PT] batch=  70  w=5.3217e+01
[BFGS-END] batch=  70  last_total=1.266e-02  last_PDE=2.094e-03 [colloc=1.963e-03, cfd=1.314e-04]  last_WALL=3.445e-15  last_DATA=8.771e-04
/oscar/home/jchen790/cylinder flow lab/src/cfp40.py:1430: OptimizeWarning: Unknown solver options: hess, hessp, bounds, constraints, tol
  result = minimize(
Invoked: SSBroyden1 approach!
[BFGS] batch=  71  call=  3029  total=1.340e-02  PDE=2.388e-03 [colloc=2.256e-03, cfd=1.313e-04]  WALL=3.445e-15  DATA=8.770e-04
  [PT] w_u=35.4543 w_v=52.4194 gamma=0.822 (tau_u=2.821e-02 tau_v=1.908e-02 |Du|=2.37e-03 |DRu|=9.15e-03)
[BFGS-END] batch=  71  last_total=1.346e-02  last_PDE=2.387e-03 [colloc=2.256e-03, cfd=1.313e-04]  last_WALL=3.445e-15  last_DATA=8.770e-04
/oscar/home/jchen790/cylinder flow lab/src/cfp40.py:1430: OptimizeWarning: Unknown solver options: hess, hessp, bounds, constraints, tol
  result = minimize(
Invoked: SSBroyden1 approach!
[BFGS] batch=  72  call=  3049  total=1.340e-02  PDE=2.370e-03 [colloc=2.240e-03, cfd=1.305e-04]  WALL=3.443e-15  DATA=8.787e-04
Invoked: SSBroyden1 approach!
[BFGS] batch=  72  call=  3051  total=1.332e-02  PDE=2.353e-03 [colloc=2.224e-03, cfd=1.291e-04]  WALL=3.439e-15  DATA=8.784e-04
Invoked: SSBroyden1 approach!
[BFGS] batch=  72  call=  3052  total=1.322e-02  PDE=2.323e-03 [colloc=2.196e-03, cfd=1.265e-04]  WALL=3.433e-15  DATA=8.798e-04
Invoked: SSBroyden1 approach!
[BFGS] batch=  72  call=  3053  total=1.320e-02  PDE=2.295e-03 [colloc=2.174e-03, cfd=1.218e-04]  WALL=3.437e-15  DATA=8.799e-04
Invoked: SSBroyden1 approach!
[BFGS] batch=  72  call=  3054  total=1.316e-02  PDE=2.282e-03 [colloc=2.161e-03, cfd=1.211e-04]  WALL=3.436e-15  DATA=8.795e-04
Invoked: SSBroyden1 approach!
[BFGS] batch=  72  call=  3055  total=1.307e-02  PDE=2.256e-03 [colloc=2.136e-03, cfd=1.200e-04]  WALL=3.434e-15  DATA=8.801e-04
Invoked: SSBroyden1 approach!
[BFGS] batch=  72  call=  3056  total=1.297e-02  PDE=2.240e-03 [colloc=2.119e-03, cfd=1.205e-04]  WALL=3.434e-15  DATA=8.780e-04
Invoked: SSBroyden1 approach!
[BFGS] batch=  72  call=  3057  total=1.294e-02  PDE=2.221e-03 [colloc=2.094e-03, cfd=1.263e-04]  WALL=3.436e-15  DATA=8.779e-04
Invoked: SSBroyden1 approach!
[BFGS] batch=  72  call=  3059  total=1.293e-02  PDE=2.217e-03 [colloc=2.091e-03, cfd=1.268e-04]  WALL=3.436e-15  DATA=8.777e-04
Invoked: SSBroyden1 approach!
[BFGS] batch=  72  call=  3060  total=1.289e-02  PDE=2.211e-03 [colloc=2.083e-03, cfd=1.277e-04]  WALL=3.435e-15  DATA=8.779e-04
  [PT] w_u=39.3354 w_v=58.1571 gamma=0.816 (tau_u=2.542e-02 tau_v=1.719e-02 |Du|=6.90e-02 |DRu|=3.21e+00)
[BFGS-END] batch=  72  last_total=1.294e-02  last_PDE=2.211e-03 [colloc=2.083e-03, cfd=1.277e-04]  last_WALL=3.435e-15  last_DATA=8.779e-04
/oscar/home/jchen790/cylinder flow lab/src/cfp40.py:1430: OptimizeWarning: Unknown solver options: hess, hessp, bounds, constraints, tol
  result = minimize(
Invoked: SSBroyden1 approach!
[BFGS] batch=  73  call=  3081  total=1.306e-02  PDE=2.266e-03 [colloc=2.140e-03, cfd=1.265e-04]  WALL=3.436e-15  DATA=8.781e-04
Invoked: SSBroyden1 approach!
[BFGS] batch=  73  call=  3090  total=1.305e-02  PDE=2.263e-03 [colloc=2.137e-03, cfd=1.262e-04]  WALL=3.436e-15  DATA=8.783e-04
Invoked: SSBroyden1 approach!
[BFGS] batch=  73  call=  3091  total=1.305e-02  PDE=2.254e-03 [colloc=2.129e-03, cfd=1.255e-04]  WALL=3.436e-15  DATA=8.786e-04
Invoked: SSBroyden1 approach!
[BFGS] batch=  73  call=  3102  total=1.300e-02  PDE=2.252e-03 [colloc=2.127e-03, cfd=1.254e-04]  WALL=3.437e-15  DATA=8.787e-04
  [PT] w_u=43.4974 w_v=64.1503 gamma=0.814 (tau_u=2.299e-02 tau_v=1.559e-02 |Du|=1.02e-02 |DRu|=2.77e-01)
[BFGS-END] batch=  73  last_total=1.307e-02  last_PDE=2.252e-03 [colloc=2.127e-03, cfd=1.254e-04]  last_WALL=3.437e-15  last_DATA=8.787e-04
/oscar/home/jchen790/cylinder flow lab/src/cfp40.py:1430: OptimizeWarning: Unknown solver options: hess, hessp, bounds, constraints, tol
  result = minimize(
Invoked: SSBroyden1 approach!
[BFGS] batch=  74  call=  3123  total=1.298e-02  PDE=2.232e-03 [colloc=2.107e-03, cfd=1.252e-04]  WALL=3.437e-15  DATA=8.792e-04
Invoked: SSBroyden1 approach!
[BFGS] batch=  74  call=  3125  total=1.297e-02  PDE=2.227e-03 [colloc=2.102e-03, cfd=1.252e-04]  WALL=3.437e-15  DATA=8.791e-04
Invoked: SSBroyden1 approach!
[BFGS] batch=  74  call=  3126  total=1.297e-02  PDE=2.221e-03 [colloc=2.096e-03, cfd=1.254e-04]  WALL=3.436e-15  DATA=8.791e-04
  [PT] w_u=47.2057 w_v=70.4908 gamma=0.813 (tau_u=2.118e-02 tau_v=1.419e-02 |Du|=1.12e-02 |DRu|=1.44e-01)
[BFGS-END] batch=  74  last_total=1.297e-02  last_PDE=2.221e-03 [colloc=2.096e-03, cfd=1.254e-04]  last_WALL=3.436e-15  last_DATA=8.791e-04
/oscar/home/jchen790/cylinder flow lab/src/cfp40.py:1430: OptimizeWarning: Unknown solver options: hess, hessp, bounds, constraints, tol
  result = minimize(
Invoked: SSBroyden1 approach!
[BFGS] batch=  75  call=  3146  total=1.292e-02  PDE=2.219e-03 [colloc=2.093e-03, cfd=1.257e-04]  WALL=3.436e-15  DATA=8.792e-04
  [PT] w_u=48.9630 w_v=68.1087 gamma=0.813 (tau_u=2.042e-02 tau_v=1.468e-02 |Du|=4.01e-03 |DRu|=3.10e-02)
[BFGS] batch 75: H0 not PD — resetting to identity.
[BFGS-END] batch=  75  last_total=1.298e-02  last_PDE=2.219e-03 [colloc=2.093e-03, cfd=1.257e-04]  last_WALL=3.436e-15  last_DATA=8.792e-04
/oscar/home/jchen790/cylinder flow lab/src/cfp40.py:1430: OptimizeWarning: Unknown solver options: hess, hessp, bounds, constraints, tol
  result = minimize(
Invoked: SSBroyden1 approach!
[BFGS] batch=  76  call=  3167  total=1.265e-02  PDE=2.096e-03 [colloc=1.971e-03, cfd=1.256e-04]  WALL=3.436e-15  DATA=8.795e-04
Invoked: SSBroyden1 approach!
[BFGS] batch=  76  call=  3169  total=1.256e-02  PDE=2.077e-03 [colloc=1.951e-03, cfd=1.256e-04]  WALL=3.438e-15  DATA=8.812e-04
Invoked: SSBroyden1 approach!
[BFGS] batch=  76  call=  3170  total=1.249e-02  PDE=2.039e-03 [colloc=1.913e-03, cfd=1.255e-04]  WALL=3.434e-15  DATA=8.813e-04
Invoked: SSBroyden1 approach!
[BFGS] batch=  76  call=  3171  total=1.247e-02  PDE=2.021e-03 [colloc=1.895e-03, cfd=1.256e-04]  WALL=3.431e-15  DATA=8.819e-04
Invoked: SSBroyden1 approach!
[BFGS] batch=  76  call=  3173  total=1.243e-02  PDE=2.017e-03 [colloc=1.891e-03, cfd=1.256e-04]  WALL=3.429e-15  DATA=8.817e-04
Invoked: SSBroyden1 approach!
[BFGS] batch=  76  call=  3175  total=1.240e-02  PDE=2.009e-03 [colloc=1.883e-03, cfd=1.256e-04]  WALL=3.428e-15  DATA=8.821e-04
Invoked: SSBroyden1 approach!
[BFGS] batch=  76  call=  3176  total=1.235e-02  PDE=1.997e-03 [colloc=1.872e-03, cfd=1.255e-04]  WALL=3.428e-15  DATA=8.828e-04
Invoked: SSBroyden1 approach!
[BFGS] batch=  76  call=  3178  total=1.235e-02  PDE=1.994e-03 [colloc=1.868e-03, cfd=1.254e-04]  WALL=3.428e-15  DATA=8.827e-04
Invoked: SSBroyden1 approach!
[BFGS] batch=  76  call=  3179  total=1.232e-02  PDE=1.992e-03 [colloc=1.867e-03, cfd=1.254e-04]  WALL=3.428e-15  DATA=8.828e-04
  [PT] w_u=49.5908 w_v=56.0001 gamma=0.812 (tau_u=2.017e-02 tau_v=1.786e-02 |Du|=2.48e-02 |DRu|=1.67e-01)
[BFGS-END] batch=  76  last_total=1.232e-02  last_PDE=1.992e-03 [colloc=1.867e-03, cfd=1.254e-04]  last_WALL=3.428e-15  last_DATA=8.828e-04
/oscar/home/jchen790/cylinder flow lab/src/cfp40.py:1430: OptimizeWarning: Unknown solver options: hess, hessp, bounds, constraints, tol
  result = minimize(
  [PT] w_u=43.4272 w_v=52.4243 gamma=0.811 (tau_u=2.303e-02 tau_v=1.908e-02 |Du|=1.14e-01 |DRu|=4.64e-01)
[BFGS-END] batch=  77  last_total=1.734e-02  last_PDE=3.817e-03 [colloc=3.694e-03, cfd=1.234e-04]  last_WALL=3.414e-15  last_DATA=8.671e-04
/oscar/home/jchen790/cylinder flow lab/src/cfp40.py:1430: OptimizeWarning: Unknown solver options: hess, hessp, bounds, constraints, tol
  result = minimize(
Invoked: SSBroyden1 approach!
[BFGS] batch=  78  call=  3220  total=1.307e-02  PDE=2.294e-03 [colloc=2.169e-03, cfd=1.250e-04]  WALL=3.411e-15  DATA=8.651e-04
Invoked: SSBroyden1 approach!
[BFGS] batch=  78  call=  3222  total=1.300e-02  PDE=2.261e-03 [colloc=2.136e-03, cfd=1.249e-04]  WALL=3.408e-15  DATA=8.653e-04
Invoked: SSBroyden1 approach!
[BFGS] batch=  78  call=  3223  total=1.299e-02  PDE=2.237e-03 [colloc=2.113e-03, cfd=1.247e-04]  WALL=3.411e-15  DATA=8.647e-04
Invoked: SSBroyden1 approach!
[BFGS] batch=  78  call=  3224  total=1.286e-02  PDE=2.234e-03 [colloc=2.109e-03, cfd=1.246e-04]  WALL=3.411e-15  DATA=8.647e-04
Invoked: SSBroyden1 approach!
[BFGS] batch=  78  call=  3226  total=1.285e-02  PDE=2.218e-03 [colloc=2.094e-03, cfd=1.239e-04]  WALL=3.413e-15  DATA=8.655e-04
Invoked: SSBroyden1 approach!
[BFGS] batch=  78  call=  3227  total=1.284e-02  PDE=2.213e-03 [colloc=2.090e-03, cfd=1.237e-04]  WALL=3.414e-15  DATA=8.656e-04
  [PT] w_u=40.3284 w_v=49.1618 gamma=0.811 (tau_u=2.480e-02 tau_v=2.034e-02 |Du|=1.39e-02 |DRu|=6.22e-02)
[BFGS-END] batch=  78  last_total=1.293e-02  last_PDE=2.213e-03 [colloc=2.090e-03, cfd=1.237e-04]  last_WALL=3.414e-15  last_DATA=8.656e-04
/oscar/home/jchen790/cylinder flow lab/src/cfp40.py:1430: OptimizeWarning: Unknown solver options: hess, hessp, bounds, constraints, tol
  result = minimize(
Invoked: SSBroyden1 approach!
[BFGS] batch=  79  call=  3263  total=1.279e-02  PDE=2.183e-03 [colloc=2.060e-03, cfd=1.228e-04]  WALL=3.417e-15  DATA=8.661e-04
Invoked: SSBroyden1 approach!
[BFGS] batch=  79  call=  3264  total=1.277e-02  PDE=2.178e-03 [colloc=2.056e-03, cfd=1.225e-04]  WALL=3.417e-15  DATA=8.662e-04
Invoked: SSBroyden1 approach!
[BFGS] batch=  79  call=  3265  total=1.277e-02  PDE=2.172e-03 [colloc=2.050e-03, cfd=1.219e-04]  WALL=3.417e-15  DATA=8.663e-04
Invoked: SSBroyden1 approach!
[BFGS] batch=  79  call=  3274  total=1.276e-02  PDE=2.171e-03 [colloc=2.049e-03, cfd=1.219e-04]  WALL=3.417e-15  DATA=8.663e-04
Invoked: SSBroyden1 approach!
[BFGS] batch=  79  call=  3276  total=1.276e-02  PDE=2.170e-03 [colloc=2.048e-03, cfd=1.219e-04]  WALL=3.417e-15  DATA=8.662e-04
Invoked: SSBroyden1 approach!
[BFGS] batch=  79  call=  3277  total=1.273e-02  PDE=2.168e-03 [colloc=2.046e-03, cfd=1.219e-04]  WALL=3.418e-15  DATA=8.663e-04
Invoked: SSBroyden1 approach!
[BFGS] batch=  79  call=  3278  total=1.271e-02  PDE=2.159e-03 [colloc=2.037e-03, cfd=1.218e-04]  WALL=3.421e-15  DATA=8.663e-04
Invoked: SSBroyden1 approach!
[BFGS] batch=  79  call=  3288  total=1.268e-02  PDE=2.158e-03 [colloc=2.037e-03, cfd=1.218e-04]  WALL=3.422e-15  DATA=8.657e-04
Invoked: SSBroyden1 approach!
[BFGS] batch=  79  call=  3290  total=1.266e-02  PDE=2.154e-03 [colloc=2.033e-03, cfd=1.218e-04]  WALL=3.423e-15  DATA=8.658e-04
Invoked: SSBroyden1 approach!
[BFGS] batch=  79  call=  3291  total=1.265e-02  PDE=2.144e-03 [colloc=2.022e-03, cfd=1.217e-04]  WALL=3.423e-15  DATA=8.655e-04
Invoked: SSBroyden1 approach!
[BFGS] batch=  79  call=  3292  total=1.264e-02  PDE=2.135e-03 [colloc=2.013e-03, cfd=1.220e-04]  WALL=3.424e-15  DATA=8.657e-04
Invoked: SSBroyden1 approach!
[BFGS] batch=  79  call=  3300  total=1.262e-02  PDE=2.133e-03 [colloc=2.011e-03, cfd=1.220e-04]  WALL=3.424e-15  DATA=8.657e-04
Invoked: SSBroyden1 approach!
[BFGS] batch=  79  call=  3301  total=1.260e-02  PDE=2.128e-03 [colloc=2.005e-03, cfd=1.226e-04]  WALL=3.424e-15  DATA=8.655e-04
Invoked: SSBroyden1 approach!
[BFGS] batch=  79  call=  3302  total=1.257e-02  PDE=2.119e-03 [colloc=1.995e-03, cfd=1.236e-04]  WALL=3.425e-15  DATA=8.654e-04
Invoked: SSBroyden1 approach!
[BFGS] batch=  79  call=  3309  total=1.257e-02  PDE=2.107e-03 [colloc=1.982e-03, cfd=1.252e-04]  WALL=3.426e-15  DATA=8.652e-04
Invoked: SSBroyden1 approach!
[BFGS] batch=  79  call=  3310  total=1.252e-02  PDE=2.103e-03 [colloc=1.977e-03, cfd=1.254e-04]  WALL=3.426e-15  DATA=8.652e-04
Invoked: SSBroyden1 approach!
[BFGS] batch=  79  call=  3311  total=1.251e-02  PDE=2.090e-03 [colloc=1.964e-03, cfd=1.254e-04]  WALL=3.431e-15  DATA=8.646e-04
Invoked: SSBroyden1 approach!
[BFGS] batch=  79  call=  3313  total=1.245e-02  PDE=2.088e-03 [colloc=1.962e-03, cfd=1.254e-04]  WALL=3.431e-15  DATA=8.646e-04
  [PT] w_u=44.6822 w_v=54.5493 gamma=0.805 (tau_u=2.238e-02 tau_v=1.833e-02 |Du|=3.28e-02 |DRu|=1.17e+00)
[BFGS] batch 79: H0 not PD — resetting to identity.
[BFGS-END] batch=  79  last_total=1.252e-02  last_PDE=2.088e-03 [colloc=1.962e-03, cfd=1.254e-04]  last_WALL=3.431e-15  last_DATA=8.646e-04
/oscar/home/jchen790/cylinder flow lab/src/cfp40.py:1430: OptimizeWarning: Unknown solver options: hess, hessp, bounds, constraints, tol
  result = minimize(
Invoked: SSBroyden1 approach!
[BFGS] batch=  80  call=  3334  total=1.247e-02  PDE=2.046e-03 [colloc=1.921e-03, cfd=1.254e-04]  WALL=3.433e-15  DATA=8.659e-04
Invoked: SSBroyden1 approach!
[BFGS] batch=  80  call=  3336  total=1.241e-02  PDE=2.041e-03 [colloc=1.916e-03, cfd=1.253e-04]  WALL=3.431e-15  DATA=8.654e-04
Invoked: SSBroyden1 approach!
[BFGS] batch=  80  call=  3338  total=1.233e-02  PDE=2.031e-03 [colloc=1.906e-03, cfd=1.253e-04]  WALL=3.430e-15  DATA=8.655e-04
Invoked: SSBroyden1 approach!
[BFGS] batch=  80  call=  3340  total=1.233e-02  PDE=2.025e-03 [colloc=1.900e-03, cfd=1.252e-04]  WALL=3.428e-15  DATA=8.650e-04
  [PT] w_u=41.5421 w_v=49.5982 gamma=0.805 (tau_u=2.407e-02 tau_v=2.016e-02 |Du|=1.95e-02 |DRu|=8.84e-02)
[PT] batch=  80  w=4.5570e+01
[BFGS-END] batch=  80  last_total=1.231e-02  last_PDE=2.025e-03 [colloc=1.900e-03, cfd=1.252e-04]  last_WALL=3.428e-15  last_DATA=8.650e-04
/oscar/home/jchen790/cylinder flow lab/src/cfp40.py:1430: OptimizeWarning: Unknown solver options: hess, hessp, bounds, constraints, tol
  result = minimize(
Invoked: SSBroyden1 approach!
[BFGS] batch=  81  call=  3359  total=1.251e-02  PDE=2.100e-03 [colloc=1.974e-03, cfd=1.253e-04]  WALL=3.428e-15  DATA=8.653e-04
Invoked: SSBroyden1 approach!
[BFGS] batch=  81  call=  3361  total=1.251e-02  PDE=2.089e-03 [colloc=1.964e-03, cfd=1.252e-04]  WALL=3.427e-15  DATA=8.666e-04
  [PT] w_u=36.3156 w_v=42.6923 gamma=0.805 (tau_u=2.754e-02 tau_v=2.342e-02 |Du|=8.77e-03 |DRu|=3.25e-02)
[BFGS-END] batch=  81  last_total=1.252e-02  last_PDE=2.089e-03 [colloc=1.964e-03, cfd=1.252e-04]  last_WALL=3.427e-15  last_DATA=8.666e-04
/oscar/home/jchen790/cylinder flow lab/src/cfp40.py:1430: OptimizeWarning: Unknown solver options: hess, hessp, bounds, constraints, tol
  result = minimize(
Invoked: SSBroyden1 approach!
[BFGS] batch=  82  call=  3381  total=1.251e-02  PDE=2.098e-03 [colloc=1.972e-03, cfd=1.253e-04]  WALL=3.427e-15  DATA=8.667e-04
  [PT] w_u=35.4243 w_v=45.4845 gamma=0.805 (tau_u=2.823e-02 tau_v=2.199e-02 |Du|=8.96e-03 |DRu|=4.33e-02)
[BFGS-END] batch=  82  last_total=1.252e-02  last_PDE=2.098e-03 [colloc=1.972e-03, cfd=1.253e-04]  last_WALL=3.427e-15  last_DATA=8.667e-04
/oscar/home/jchen790/cylinder flow lab/src/cfp40.py:1430: OptimizeWarning: Unknown solver options: hess, hessp, bounds, constraints, tol
  result = minimize(
Invoked: SSBroyden1 approach!
[BFGS] batch=  83  call=  3402  total=1.251e-02  PDE=2.097e-03 [colloc=1.971e-03, cfd=1.255e-04]  WALL=3.427e-15  DATA=8.665e-04
Invoked: SSBroyden1 approach!
[BFGS] batch=  83  call=  3411  total=1.249e-02  PDE=2.090e-03 [colloc=1.965e-03, cfd=1.256e-04]  WALL=3.427e-15  DATA=8.671e-04
  [PT] w_u=38.5713 w_v=49.2803 gamma=0.804 (tau_u=2.593e-02 tau_v=2.029e-02 |Du|=8.51e-03 |DRu|=1.06e-01)
[BFGS-END] batch=  83  last_total=1.256e-02  last_PDE=2.090e-03 [colloc=1.965e-03, cfd=1.256e-04]  last_WALL=3.427e-15  last_DATA=8.671e-04
/oscar/home/jchen790/cylinder flow lab/src/cfp40.py:1430: OptimizeWarning: Unknown solver options: hess, hessp, bounds, constraints, tol
  result = minimize(
Invoked: SSBroyden1 approach!
[BFGS] batch=  84  call=  3432  total=1.253e-02  PDE=2.087e-03 [colloc=1.962e-03, cfd=1.256e-04]  WALL=3.427e-15  DATA=8.674e-04
Invoked: SSBroyden1 approach!
[BFGS] batch=  84  call=  3433  total=1.250e-02  PDE=2.083e-03 [colloc=1.957e-03, cfd=1.256e-04]  WALL=3.431e-15  DATA=8.676e-04
Invoked: SSBroyden1 approach!
[BFGS] batch=  84  call=  3442  total=1.249e-02  PDE=2.082e-03 [colloc=1.956e-03, cfd=1.259e-04]  WALL=3.430e-15  DATA=8.672e-04
Invoked: SSBroyden1 approach!
[BFGS] batch=  84  call=  3443  total=1.247e-02  PDE=2.079e-03 [colloc=1.953e-03, cfd=1.258e-04]  WALL=3.430e-15  DATA=8.673e-04
Invoked: SSBroyden1 approach!
[BFGS] batch=  84  call=  3452  total=1.247e-02  PDE=2.077e-03 [colloc=1.951e-03, cfd=1.258e-04]  WALL=3.431e-15  DATA=8.675e-04
  [PT] w_u=41.7447 w_v=53.7849 gamma=0.803 (tau_u=2.396e-02 tau_v=1.859e-02 |Du|=1.79e-02 |DRu|=2.03e-01)
[BFGS-END] batch=  84  last_total=1.252e-02  last_PDE=2.077e-03 [colloc=1.951e-03, cfd=1.258e-04]  last_WALL=3.431e-15  last_DATA=8.675e-04
/oscar/home/jchen790/cylinder flow lab/src/cfp40.py:1430: OptimizeWarning: Unknown solver options: hess, hessp, bounds, constraints, tol
  result = minimize(
  [PT] w_u=43.3479 w_v=53.2528 gamma=0.803 (tau_u=2.307e-02 tau_v=1.878e-02 |Du|=2.05e-03 |DRu|=1.50e-02)
[BFGS-END] batch=  85  last_total=1.247e-02  last_PDE=2.072e-03 [colloc=1.946e-03, cfd=1.256e-04]  last_WALL=3.431e-15  last_DATA=8.675e-04
/oscar/home/jchen790/cylinder flow lab/src/cfp40.py:1430: OptimizeWarning: Unknown solver options: hess, hessp, bounds, constraints, tol
  result = minimize(
Invoked: SSBroyden1 approach!
[BFGS] batch=  86  call=  3491  total=1.246e-02  PDE=2.074e-03 [colloc=1.948e-03, cfd=1.257e-04]  WALL=3.431e-15  DATA=8.675e-04
  [PT] w_u=38.9773 w_v=49.1105 gamma=0.803 (tau_u=2.566e-02 tau_v=2.036e-02 |Du|=2.08e-03 |DRu|=8.42e-03)
[BFGS-END] batch=  86  last_total=1.249e-02  last_PDE=2.074e-03 [colloc=1.948e-03, cfd=1.257e-04]  last_WALL=3.431e-15  last_DATA=8.675e-04
/oscar/home/jchen790/cylinder flow lab/src/cfp40.py:1430: OptimizeWarning: Unknown solver options: hess, hessp, bounds, constraints, tol
  result = minimize(
  [PT] w_u=38.1020 w_v=51.8619 gamma=0.803 (tau_u=2.625e-02 tau_v=1.928e-02 |Du|=7.73e-04 |DRu|=3.90e-03)
[BFGS-END] batch=  87  last_total=1.252e-02  last_PDE=2.072e-03 [colloc=1.946e-03, cfd=1.256e-04]  last_WALL=3.431e-15  last_DATA=8.675e-04
/oscar/home/jchen790/cylinder flow lab/src/cfp40.py:1430: OptimizeWarning: Unknown solver options: hess, hessp, bounds, constraints, tol
  result = minimize(
Invoked: SSBroyden1 approach!
[BFGS] batch=  88  call=  3531  total=1.248e-02  PDE=2.072e-03 [colloc=1.946e-03, cfd=1.256e-04]  WALL=3.431e-15  DATA=8.675e-04
Invoked: SSBroyden1 approach!
[BFGS] batch=  88  call=  3532  total=1.241e-02  PDE=2.066e-03 [colloc=1.941e-03, cfd=1.251e-04]  WALL=3.430e-15  DATA=8.675e-04
  [PT] w_u=38.9754 w_v=54.2854 gamma=0.803 (tau_u=2.566e-02 tau_v=1.842e-02 |Du|=7.05e-03 |DRu|=4.43e-02)
[BFGS-END] batch=  88  last_total=1.244e-02  last_PDE=2.066e-03 [colloc=1.941e-03, cfd=1.251e-04]  last_WALL=3.430e-15  last_DATA=8.675e-04
/oscar/home/jchen790/cylinder flow lab/src/cfp40.py:1430: OptimizeWarning: Unknown solver options: hess, hessp, bounds, constraints, tol
  result = minimize(
  [PT] w_u=39.6783 w_v=52.6128 gamma=0.803 (tau_u=2.520e-02 tau_v=1.901e-02 |Du|=9.78e-04 |DRu|=6.03e-03)
[BFGS-END] batch=  89  last_total=1.249e-02  last_PDE=2.069e-03 [colloc=1.944e-03, cfd=1.250e-04]  last_WALL=3.430e-15  last_DATA=8.675e-04
/oscar/home/jchen790/cylinder flow lab/src/cfp40.py:1430: OptimizeWarning: Unknown solver options: hess, hessp, bounds, constraints, tol
  result = minimize(
Invoked: SSBroyden1 approach!
[BFGS] batch=  90  call=  3573  total=1.246e-02  PDE=2.069e-03 [colloc=1.944e-03, cfd=1.248e-04]  WALL=3.430e-15  DATA=8.674e-04
  [PT] w_u=37.7170 w_v=44.9212 gamma=0.803 (tau_u=2.651e-02 tau_v=2.226e-02 |Du|=3.09e-03 |DRu|=1.42e-02)
[PT] batch=  90  w=4.1319e+01
[BFGS-END] batch=  90  last_total=1.249e-02  last_PDE=2.069e-03 [colloc=1.944e-03, cfd=1.248e-04]  last_WALL=3.430e-15  last_DATA=8.674e-04
/oscar/home/jchen790/cylinder flow lab/src/cfp40.py:1430: OptimizeWarning: Unknown solver options: hess, hessp, bounds, constraints, tol
  result = minimize(
  [PT] w_u=40.9752 w_v=48.5996 gamma=0.803 (tau_u=2.440e-02 tau_v=2.058e-02 |Du|=3.73e-04 |DRu|=4.54e-03)
[BFGS-END] batch=  91  last_total=1.252e-02  last_PDE=2.069e-03 [colloc=1.944e-03, cfd=1.248e-04]  last_WALL=3.430e-15  last_DATA=8.674e-04
/oscar/home/jchen790/cylinder flow lab/src/cfp40.py:1430: OptimizeWarning: Unknown solver options: hess, hessp, bounds, constraints, tol
  result = minimize(
Invoked: SSBroyden1 approach!
[BFGS] batch=  92  call=  3617  total=1.250e-02  PDE=2.068e-03 [colloc=1.943e-03, cfd=1.246e-04]  WALL=3.430e-15  DATA=8.672e-04
Invoked: SSBroyden1 approach!
[BFGS] batch=  92  call=  3620  total=1.248e-02  PDE=2.066e-03 [colloc=1.941e-03, cfd=1.244e-04]  WALL=3.430e-15  DATA=8.672e-04
Invoked: SSBroyden1 approach!
[BFGS] batch=  92  call=  3621  total=1.242e-02  PDE=2.061e-03 [colloc=1.938e-03, cfd=1.235e-04]  WALL=3.433e-15  DATA=8.670e-04
Invoked: SSBroyden1 approach!
[BFGS] batch=  92  call=  3623  total=1.241e-02  PDE=2.056e-03 [colloc=1.933e-03, cfd=1.229e-04]  WALL=3.434e-15  DATA=8.670e-04
Invoked: SSBroyden1 approach!
[BFGS] batch=  92  call=  3624  total=1.239e-02  PDE=2.052e-03 [colloc=1.929e-03, cfd=1.226e-04]  WALL=3.436e-15  DATA=8.670e-04
Invoked: SSBroyden1 approach!
[BFGS] batch=  92  call=  3632  total=1.238e-02  PDE=2.045e-03 [colloc=1.923e-03, cfd=1.220e-04]  WALL=3.436e-15  DATA=8.671e-04
  [PT] w_u=45.2438 w_v=53.7437 gamma=0.802 (tau_u=2.210e-02 tau_v=1.861e-02 |Du|=1.36e-02 |DRu|=3.28e-01)
[BFGS-END] batch=  92  last_total=1.237e-02  last_PDE=2.045e-03 [colloc=1.923e-03, cfd=1.220e-04]  last_WALL=3.436e-15  last_DATA=8.671e-04
/oscar/home/jchen790/cylinder flow lab/src/cfp40.py:1430: OptimizeWarning: Unknown solver options: hess, hessp, bounds, constraints, tol
  result = minimize(
Invoked: SSBroyden1 approach!
[BFGS] batch=  93  call=  3654  total=1.240e-02  PDE=2.044e-03 [colloc=1.922e-03, cfd=1.219e-04]  WALL=3.437e-15  DATA=8.671e-04
Invoked: SSBroyden1 approach!
[BFGS] batch=  93  call=  3656  total=1.238e-02  PDE=2.042e-03 [colloc=1.920e-03, cfd=1.219e-04]  WALL=3.436e-15  DATA=8.674e-04
  [PT] w_u=47.8435 w_v=57.2596 gamma=0.802 (tau_u=2.090e-02 tau_v=1.746e-02 |Du|=3.70e-03 |DRu|=3.30e-02)
[BFGS] batch 93: H0 not PD — resetting to identity.
[BFGS-END] batch=  93  last_total=1.239e-02  last_PDE=2.042e-03 [colloc=1.920e-03, cfd=1.219e-04]  last_WALL=3.436e-15  last_DATA=8.674e-04
/oscar/home/jchen790/cylinder flow lab/src/cfp40.py:1430: OptimizeWarning: Unknown solver options: hess, hessp, bounds, constraints, tol
  result = minimize(
Invoked: SSBroyden1 approach!
[BFGS] batch=  94  call=  3677  total=1.239e-02  PDE=2.019e-03 [colloc=1.897e-03, cfd=1.219e-04]  WALL=3.438e-15  DATA=8.686e-04
Invoked: SSBroyden1 approach!
[BFGS] batch=  94  call=  3679  total=1.230e-02  PDE=2.014e-03 [colloc=1.893e-03, cfd=1.219e-04]  WALL=3.438e-15  DATA=8.686e-04
Invoked: SSBroyden1 approach!
[BFGS] batch=  94  call=  3681  total=1.226e-02  PDE=2.004e-03 [colloc=1.882e-03, cfd=1.219e-04]  WALL=3.436e-15  DATA=8.684e-04
Invoked: SSBroyden1 approach!
[BFGS] batch=  94  call=  3683  total=1.225e-02  PDE=2.003e-03 [colloc=1.881e-03, cfd=1.219e-04]  WALL=3.436e-15  DATA=8.682e-04
  [PT] w_u=37.1871 w_v=47.8734 gamma=0.802 (tau_u=2.689e-02 tau_v=2.089e-02 |Du|=1.35e-02 |DRu|=4.25e-02)
[BFGS-END] batch=  94  last_total=1.228e-02  last_PDE=2.003e-03 [colloc=1.881e-03, cfd=1.219e-04]  last_WALL=3.436e-15  last_DATA=8.682e-04
/oscar/home/jchen790/cylinder flow lab/src/cfp40.py:1430: OptimizeWarning: Unknown solver options: hess, hessp, bounds, constraints, tol
  result = minimize(
Invoked: SSBroyden1 approach!
[BFGS] batch=  95  call=  3705  total=1.239e-02  PDE=2.043e-03 [colloc=1.921e-03, cfd=1.219e-04]  WALL=3.435e-15  DATA=8.686e-04
  [PT] w_u=32.2896 w_v=44.3899 gamma=0.802 (tau_u=3.097e-02 tau_v=2.253e-02 |Du|=2.86e-03 |DRu|=9.85e-03)
[BFGS-END] batch=  95  last_total=1.244e-02  last_PDE=2.043e-03 [colloc=1.921e-03, cfd=1.219e-04]  last_WALL=3.435e-15  last_DATA=8.686e-04
/oscar/home/jchen790/cylinder flow lab/src/cfp40.py:1430: OptimizeWarning: Unknown solver options: hess, hessp, bounds, constraints, tol
  result = minimize(
Invoked: SSBroyden1 approach!
[BFGS] batch=  96  call=  3726  total=1.242e-02  PDE=2.043e-03 [colloc=1.921e-03, cfd=1.219e-04]  WALL=3.435e-15  DATA=8.692e-04
Invoked: SSBroyden1 approach!
[BFGS] batch=  96  call=  3728  total=1.240e-02  PDE=2.039e-03 [colloc=1.917e-03, cfd=1.219e-04]  WALL=3.435e-15  DATA=8.700e-04
Invoked: SSBroyden1 approach!
[BFGS] batch=  96  call=  3740  total=1.235e-02  PDE=2.038e-03 [colloc=1.916e-03, cfd=1.219e-04]  WALL=3.435e-15  DATA=8.699e-04
  [PT] w_u=29.4636 w_v=45.2482 gamma=0.802 (tau_u=3.394e-02 tau_v=2.210e-02 |Du|=1.28e-02 |DRu|=4.65e-02)
[BFGS-END] batch=  96  last_total=1.240e-02  last_PDE=2.037e-03 [colloc=1.915e-03, cfd=1.219e-04]  last_WALL=3.435e-15  last_DATA=8.700e-04
/oscar/home/jchen790/cylinder flow lab/src/cfp40.py:1430: OptimizeWarning: Unknown solver options: hess, hessp, bounds, constraints, tol
  result = minimize(
Invoked: SSBroyden1 approach!
[BFGS] batch=  97  call=  3761  total=1.241e-02  PDE=2.046e-03 [colloc=1.924e-03, cfd=1.219e-04]  WALL=3.436e-15  DATA=8.702e-04
Invoked: SSBroyden1 approach!
[BFGS] batch=  97  call=  3763  total=1.240e-02  PDE=2.039e-03 [colloc=1.917e-03, cfd=1.220e-04]  WALL=3.435e-15  DATA=8.708e-04
Invoked: SSBroyden1 approach!
[BFGS] batch=  97  call=  3772  total=1.240e-02  PDE=2.035e-03 [colloc=1.913e-03, cfd=1.223e-04]  WALL=3.437e-15  DATA=8.713e-04
  [PT] w_u=32.0840 w_v=48.5594 gamma=0.802 (tau_u=3.117e-02 tau_v=2.059e-02 |Du|=1.26e-02 |DRu|=1.44e-01)
[BFGS-END] batch=  97  last_total=1.241e-02  last_PDE=2.034e-03 [colloc=1.912e-03, cfd=1.223e-04]  last_WALL=3.437e-15  last_DATA=8.713e-04
/oscar/home/jchen790/cylinder flow lab/src/cfp40.py:1430: OptimizeWarning: Unknown solver options: hess, hessp, bounds, constraints, tol
  result = minimize(
Invoked: SSBroyden1 approach!
[BFGS] batch=  98  call=  3793  total=1.243e-02  PDE=2.045e-03 [colloc=1.922e-03, cfd=1.223e-04]  WALL=3.436e-15  DATA=8.713e-04
Invoked: SSBroyden1 approach!
[BFGS] batch=  98  call=  3794  total=1.240e-02  PDE=2.042e-03 [colloc=1.919e-03, cfd=1.224e-04]  WALL=3.438e-15  DATA=8.713e-04
Invoked: SSBroyden1 approach!
[BFGS] batch=  98  call=  3795  total=1.238e-02  PDE=2.039e-03 [colloc=1.916e-03, cfd=1.226e-04]  WALL=3.437e-15  DATA=8.721e-04
  [PT] w_u=29.4291 w_v=47.1673 gamma=0.801 (tau_u=3.398e-02 tau_v=2.120e-02 |Du|=1.91e-02 |DRu|=7.02e-02)
[BFGS-END] batch=  98  last_total=1.243e-02  last_PDE=2.038e-03 [colloc=1.916e-03, cfd=1.226e-04]  last_WALL=3.437e-15  last_DATA=8.721e-04
/oscar/home/jchen790/cylinder flow lab/src/cfp40.py:1430: OptimizeWarning: Unknown solver options: hess, hessp, bounds, constraints, tol
  result = minimize(
Invoked: SSBroyden1 approach!
[BFGS] batch=  99  call=  3817  total=1.244e-02  PDE=2.042e-03 [colloc=1.919e-03, cfd=1.226e-04]  WALL=3.437e-15  DATA=8.722e-04
  [PT] w_u=28.2137 w_v=43.3853 gamma=0.801 (tau_u=3.544e-02 tau_v=2.305e-02 |Du|=1.71e-03 |DRu|=6.96e-03)
[BFGS-END] batch=  99  last_total=1.244e-02  last_PDE=2.042e-03 [colloc=1.919e-03, cfd=1.226e-04]  last_WALL=3.437e-15  last_DATA=8.722e-04
/oscar/home/jchen790/cylinder flow lab/src/cfp40.py:1430: OptimizeWarning: Unknown solver options: hess, hessp, bounds, constraints, tol
  result = minimize(
Invoked: SSBroyden1 approach!
[BFGS] batch= 100  call=  3837  total=1.241e-02  PDE=2.040e-03 [colloc=1.917e-03, cfd=1.227e-04]  WALL=3.437e-15  DATA=8.721e-04
Invoked: SSBroyden1 approach!
[BFGS] batch= 100  call=  3839  total=1.241e-02  PDE=2.037e-03 [colloc=1.915e-03, cfd=1.227e-04]  WALL=3.436e-15  DATA=8.722e-04
  [PT] w_u=29.7155 w_v=45.4745 gamma=0.801 (tau_u=3.365e-02 tau_v=2.199e-02 |Du|=9.99e-03 |DRu|=6.76e-02)
[PT] batch= 100  w=3.7595e+01
[BFGS-END] batch= 100  last_total=1.242e-02  last_PDE=2.037e-03 [colloc=1.914e-03, cfd=1.227e-04]  last_WALL=3.436e-15  last_DATA=8.722e-04
/oscar/home/jchen790/cylinder flow lab/src/cfp40.py:1430: OptimizeWarning: Unknown solver options: hess, hessp, bounds, constraints, tol
  result = minimize(
  [PT] w_u=31.7193 w_v=47.8302 gamma=0.801 (tau_u=3.153e-02 tau_v=2.091e-02 |Du|=4.02e-04 |DRu|=3.23e-03)
[BFGS-END] batch= 101  last_total=1.244e-02  last_PDE=2.041e-03 [colloc=1.918e-03, cfd=1.227e-04]  last_WALL=3.436e-15  last_DATA=8.722e-04
/oscar/home/jchen790/cylinder flow lab/src/cfp40.py:1430: OptimizeWarning: Unknown solver options: hess, hessp, bounds, constraints, tol
  result = minimize(
Invoked: SSBroyden1 approach!
[BFGS] batch= 102  call=  3892  total=1.240e-02  PDE=2.039e-03 [colloc=1.917e-03, cfd=1.228e-04]  WALL=3.435e-15  DATA=8.723e-04
  [PT] w_u=31.0705 w_v=47.3824 gamma=0.801 (tau_u=3.218e-02 tau_v=2.110e-02 |Du|=4.01e-03 |DRu|=1.84e-02)
[BFGS-END] batch= 102  last_total=1.238e-02  last_PDE=2.039e-03 [colloc=1.917e-03, cfd=1.228e-04]  last_WALL=3.435e-15  last_DATA=8.723e-04
/oscar/home/jchen790/cylinder flow lab/src/cfp40.py:1430: OptimizeWarning: Unknown solver options: hess, hessp, bounds, constraints, tol
  result = minimize(
Invoked: SSBroyden1 approach!
[BFGS] batch= 103  call=  3927  total=1.239e-02  PDE=2.041e-03 [colloc=1.918e-03, cfd=1.228e-04]  WALL=3.436e-15  DATA=8.723e-04
Invoked: SSBroyden1 approach!
[BFGS] batch= 103  call=  3936  total=1.238e-02  PDE=2.040e-03 [colloc=1.917e-03, cfd=1.228e-04]  WALL=3.436e-15  DATA=8.723e-04
  [PT] w_u=33.2256 w_v=50.3020 gamma=0.801 (tau_u=3.010e-02 tau_v=1.988e-02 |Du|=2.29e-03 |DRu|=1.92e-02)
[BFGS-END] batch= 103  last_total=1.246e-02  last_PDE=2.040e-03 [colloc=1.917e-03, cfd=1.228e-04]  last_WALL=3.436e-15  last_DATA=8.723e-04
/oscar/home/jchen790/cylinder flow lab/src/cfp40.py:1430: OptimizeWarning: Unknown solver options: hess, hessp, bounds, constraints, tol
  result = minimize(
Invoked: SSBroyden1 approach!
[BFGS] batch= 104  call=  3970  total=1.241e-02  PDE=2.040e-03 [colloc=1.918e-03, cfd=1.228e-04]  WALL=3.436e-15  DATA=8.724e-04
  [PT] w_u=34.8723 w_v=52.3749 gamma=0.801 (tau_u=2.868e-02 tau_v=1.909e-02 |Du|=1.24e-03 |DRu|=8.80e-03)
[BFGS-END] batch= 104  last_total=1.242e-02  last_PDE=2.040e-03 [colloc=1.917e-03, cfd=1.228e-04]  last_WALL=3.436e-15  last_DATA=8.724e-04
/oscar/home/jchen790/cylinder flow lab/src/cfp40.py:1430: OptimizeWarning: Unknown solver options: hess, hessp, bounds, constraints, tol
  result = minimize(
Invoked: SSBroyden1 approach!
[BFGS] batch= 105  call=  3991  total=1.243e-02  PDE=2.040e-03 [colloc=1.917e-03, cfd=1.227e-04]  WALL=3.437e-15  DATA=8.723e-04
Invoked: SSBroyden1 approach!
[BFGS] batch= 105  call=  4000  total=1.236e-02  PDE=2.033e-03 [colloc=1.910e-03, cfd=1.225e-04]  WALL=3.438e-15  DATA=8.726e-04
  [PT] w_u=37.8190 w_v=57.1115 gamma=0.801 (tau_u=2.644e-02 tau_v=1.751e-02 |Du|=8.68e-03 |DRu|=9.77e-02)
[BFGS-END] batch= 105  last_total=1.242e-02  last_PDE=2.033e-03 [colloc=1.910e-03, cfd=1.225e-04]  last_WALL=3.438e-15  last_DATA=8.726e-04
/oscar/home/jchen790/cylinder flow lab/src/cfp40.py:1430: OptimizeWarning: Unknown solver options: hess, hessp, bounds, constraints, tol
  result = minimize(
Invoked: SSBroyden1 approach!
[BFGS] batch= 106  call=  4021  total=1.239e-02  PDE=2.037e-03 [colloc=1.914e-03, cfd=1.224e-04]  WALL=3.439e-15  DATA=8.732e-04
Invoked: SSBroyden1 approach!
[BFGS] batch= 106  call=  4030  total=1.239e-02  PDE=2.034e-03 [colloc=1.912e-03, cfd=1.224e-04]  WALL=3.439e-15  DATA=8.733e-04
  [PT] w_u=40.1837 w_v=61.6731 gamma=0.802 (tau_u=2.489e-02 tau_v=1.621e-02 |Du|=6.98e-03 |DRu|=5.99e-02)
[BFGS-END] batch= 106  last_total=1.241e-02  last_PDE=2.034e-03 [colloc=1.911e-03, cfd=1.224e-04]  last_WALL=3.439e-15  last_DATA=8.734e-04
/oscar/home/jchen790/cylinder flow lab/src/cfp40.py:1430: OptimizeWarning: Unknown solver options: hess, hessp, bounds, constraints, tol
  result = minimize(
Invoked: SSBroyden1 approach!
[BFGS] batch= 107  call=  4051  total=1.240e-02  PDE=2.040e-03 [colloc=1.918e-03, cfd=1.225e-04]  WALL=3.438e-15  DATA=8.737e-04
  [PT] w_u=43.4572 w_v=66.9797 gamma=0.802 (tau_u=2.301e-02 tau_v=1.493e-02 |Du|=5.28e-03 |DRu|=6.04e-02)
[BFGS] batch 107: H0 not PD — resetting to identity.
[BFGS-END] batch= 107  last_total=1.243e-02  last_PDE=2.040e-03 [colloc=1.918e-03, cfd=1.225e-04]  last_WALL=3.438e-15  last_DATA=8.737e-04
/oscar/home/jchen790/cylinder flow lab/src/cfp40.py:1430: OptimizeWarning: Unknown solver options: hess, hessp, bounds, constraints, tol
  result = minimize(
Invoked: SSBroyden1 approach!
[BFGS] batch= 108  call=  4072  total=1.238e-02  PDE=2.024e-03 [colloc=1.902e-03, cfd=1.225e-04]  WALL=3.439e-15  DATA=8.747e-04
  [PT] w_u=37.9145 w_v=52.2976 gamma=0.802 (tau_u=2.638e-02 tau_v=1.912e-02 |Du|=7.47e-03 |DRu|=2.81e-02)
[BFGS-END] batch= 108  last_total=1.242e-02  last_PDE=2.024e-03 [colloc=1.902e-03, cfd=1.225e-04]  last_WALL=3.439e-15  last_DATA=8.747e-04
/oscar/home/jchen790/cylinder flow lab/src/cfp40.py:1430: OptimizeWarning: Unknown solver options: hess, hessp, bounds, constraints, tol
  result = minimize(
  [PT] w_u=28.1530 w_v=43.7978 gamma=0.853 (tau_u=3.552e-02 tau_v=2.283e-02 |Du|=1.39e+00 |DRu|=3.75e+00)
[BFGS-END] batch= 109  last_total=4.706e-01  last_PDE=1.658e-01 [colloc=1.657e-01, cfd=1.264e-04]  last_WALL=3.727e-15  last_DATA=1.169e-03
/oscar/home/jchen790/cylinder flow lab/src/cfp40.py:1430: OptimizeWarning: Unknown solver options: hess, hessp, bounds, constraints, tol
  result = minimize(
Invoked: SSBroyden1 approach!
[BFGS] batch= 110  call=  4113  total=5.627e-02  PDE=1.745e-02 [colloc=1.733e-02, cfd=1.246e-04]  WALL=3.692e-15  DATA=1.040e-03
Invoked: SSBroyden1 approach!
[BFGS] batch= 110  call=  4115  total=5.049e-02  PDE=1.541e-02 [colloc=1.529e-02, cfd=1.245e-04]  WALL=3.671e-15  DATA=1.033e-03
Invoked: SSBroyden1 approach!
[BFGS] batch= 110  call=  4116  total=4.277e-02  PDE=1.262e-02 [colloc=1.249e-02, cfd=1.250e-04]  WALL=3.654e-15  DATA=1.039e-03
Invoked: SSBroyden1 approach!
[BFGS] batch= 110  call=  4118  total=4.048e-02  PDE=1.177e-02 [colloc=1.165e-02, cfd=1.245e-04]  WALL=3.616e-15  DATA=1.044e-03
Invoked: SSBroyden1 approach!
[BFGS] batch= 110  call=  4119  total=4.002e-02  PDE=1.163e-02 [colloc=1.150e-02, cfd=1.250e-04]  WALL=3.561e-15  DATA=1.042e-03
Invoked: SSBroyden1 approach!
[BFGS] batch= 110  call=  4120  total=3.948e-02  PDE=1.144e-02 [colloc=1.132e-02, cfd=1.249e-04]  WALL=3.557e-15  DATA=1.047e-03
Invoked: SSBroyden1 approach!
[BFGS] batch= 110  call=  4122  total=3.938e-02  PDE=1.139e-02 [colloc=1.126e-02, cfd=1.251e-04]  WALL=3.557e-15  DATA=1.047e-03
Invoked: SSBroyden1 approach!
[BFGS] batch= 110  call=  4123  total=3.927e-02  PDE=1.136e-02 [colloc=1.124e-02, cfd=1.247e-04]  WALL=3.554e-15  DATA=1.047e-03
Invoked: SSBroyden1 approach!
[BFGS] batch= 110  call=  4124  total=3.919e-02  PDE=1.132e-02 [colloc=1.119e-02, cfd=1.247e-04]  WALL=3.554e-15  DATA=1.050e-03
Invoked: SSBroyden1 approach!
[BFGS] batch= 110  call=  4126  total=3.915e-02  PDE=1.131e-02 [colloc=1.118e-02, cfd=1.247e-04]  WALL=3.553e-15  DATA=1.049e-03
Invoked: SSBroyden1 approach!
[BFGS] batch= 110  call=  4127  total=3.908e-02  PDE=1.128e-02 [colloc=1.116e-02, cfd=1.248e-04]  WALL=3.553e-15  DATA=1.050e-03
Invoked: SSBroyden1 approach!
[BFGS] batch= 110  call=  4128  total=3.906e-02  PDE=1.125e-02 [colloc=1.113e-02, cfd=1.249e-04]  WALL=3.557e-15  DATA=1.051e-03
Invoked: SSBroyden1 approach!
[BFGS] batch= 110  call=  4129  total=3.894e-02  PDE=1.124e-02 [colloc=1.111e-02, cfd=1.250e-04]  WALL=3.556e-15  DATA=1.051e-03
Invoked: SSBroyden1 approach!
[BFGS] batch= 110  call=  4130  total=3.888e-02  PDE=1.119e-02 [colloc=1.106e-02, cfd=1.246e-04]  WALL=3.560e-15  DATA=1.053e-03
Invoked: SSBroyden1 approach!
[BFGS] batch= 110  call=  4131  total=3.878e-02  PDE=1.115e-02 [colloc=1.103e-02, cfd=1.246e-04]  WALL=3.559e-15  DATA=1.053e-03
Invoked: SSBroyden1 approach!
[BFGS] batch= 110  call=  4132  total=3.865e-02  PDE=1.111e-02 [colloc=1.099e-02, cfd=1.247e-04]  WALL=3.555e-15  DATA=1.054e-03
Invoked: SSBroyden1 approach!
[BFGS] batch= 110  call=  4133  total=3.839e-02  PDE=1.103e-02 [colloc=1.091e-02, cfd=1.253e-04]  WALL=3.556e-15  DATA=1.055e-03
Invoked: SSBroyden1 approach!
[BFGS] batch= 110  call=  4134  total=3.829e-02  PDE=1.100e-02 [colloc=1.087e-02, cfd=1.272e-04]  WALL=3.560e-15  DATA=1.054e-03
Invoked: SSBroyden1 approach!
[BFGS] batch= 110  call=  4135  total=3.814e-02  PDE=1.093e-02 [colloc=1.080e-02, cfd=1.280e-04]  WALL=3.561e-15  DATA=1.054e-03
Invoked: SSBroyden1 approach!
[BFGS] batch= 110  call=  4136  total=3.787e-02  PDE=1.083e-02 [colloc=1.070e-02, cfd=1.294e-04]  WALL=3.562e-15  DATA=1.055e-03
Invoked: SSBroyden1 approach!
[BFGS] batch= 110  call=  4137  total=3.735e-02  PDE=1.065e-02 [colloc=1.051e-02, cfd=1.326e-04]  WALL=3.568e-15  DATA=1.056e-03
Invoked: SSBroyden1 approach!
[BFGS] batch= 110  call=  4139  total=3.282e-02  PDE=8.966e-03 [colloc=8.756e-03, cfd=2.100e-04]  WALL=3.599e-15  DATA=1.081e-03
Invoked: SSBroyden1 approach!
[BFGS] batch= 110  call=  4141  total=3.017e-02  PDE=7.955e-03 [colloc=7.651e-03, cfd=3.044e-04]  WALL=3.626e-15  DATA=1.102e-03
Invoked: SSBroyden1 approach!
[BFGS] batch= 110  call=  4143  total=2.982e-02  PDE=7.800e-03 [colloc=7.474e-03, cfd=3.252e-04]  WALL=3.642e-15  DATA=1.110e-03
Invoked: SSBroyden1 approach!
[BFGS] batch= 110  call=  4144  total=2.965e-02  PDE=7.724e-03 [colloc=7.385e-03, cfd=3.395e-04]  WALL=3.649e-15  DATA=1.118e-03
Invoked: SSBroyden1 approach!
[BFGS] batch= 110  call=  4145  total=2.943e-02  PDE=7.629e-03 [colloc=7.286e-03, cfd=3.429e-04]  WALL=3.655e-15  DATA=1.121e-03
Invoked: SSBroyden1 approach!
[BFGS] batch= 110  call=  4146  total=2.908e-02  PDE=7.517e-03 [colloc=7.169e-03, cfd=3.484e-04]  WALL=3.659e-15  DATA=1.123e-03
Invoked: SSBroyden1 approach!
[BFGS] batch= 110  call=  4147  total=2.876e-02  PDE=7.404e-03 [colloc=7.044e-03, cfd=3.604e-04]  WALL=3.663e-15  DATA=1.125e-03
Invoked: SSBroyden1 approach!
[BFGS] batch= 110  call=  4148  total=2.826e-02  PDE=7.222e-03 [colloc=6.854e-03, cfd=3.687e-04]  WALL=3.664e-15  DATA=1.126e-03
Invoked: SSBroyden1 approach!
[BFGS] batch= 110  call=  4149  total=2.752e-02  PDE=6.974e-03 [colloc=6.588e-03, cfd=3.858e-04]  WALL=3.670e-15  DATA=1.125e-03
Invoked: SSBroyden1 approach!
[BFGS] batch= 110  call=  4150  total=2.691e-02  PDE=6.723e-03 [colloc=6.313e-03, cfd=4.104e-04]  WALL=3.687e-15  DATA=1.125e-03
Invoked: SSBroyden1 approach!
[BFGS] batch= 110  call=  4151  total=2.640e-02  PDE=6.567e-03 [colloc=6.136e-03, cfd=4.309e-04]  WALL=3.692e-15  DATA=1.123e-03
Invoked: SSBroyden1 approach!
[BFGS] batch= 110  call=  4152  total=2.570e-02  PDE=6.306e-03 [colloc=5.858e-03, cfd=4.481e-04]  WALL=3.694e-15  DATA=1.122e-03
Invoked: SSBroyden1 approach!
[BFGS] batch= 110  call=  4153  total=2.457e-02  PDE=5.911e-03 [colloc=5.470e-03, cfd=4.401e-04]  WALL=3.690e-15  DATA=1.122e-03
Invoked: SSBroyden1 approach!
[BFGS] batch= 110  call=  4154  total=2.285e-02  PDE=5.266e-03 [colloc=4.855e-03, cfd=4.110e-04]  WALL=3.697e-15  DATA=1.128e-03
Invoked: SSBroyden1 approach!
[BFGS] batch= 110  call=  4155  total=2.094e-02  PDE=4.544e-03 [colloc=4.162e-03, cfd=3.820e-04]  WALL=3.726e-15  DATA=1.144e-03
Invoked: SSBroyden1 approach!
[BFGS] batch= 110  call=  4157  total=2.002e-02  PDE=4.209e-03 [colloc=3.843e-03, cfd=3.662e-04]  WALL=3.741e-15  DATA=1.152e-03
Invoked: SSBroyden1 approach!
[BFGS] batch= 110  call=  4159  total=1.969e-02  PDE=4.084e-03 [colloc=3.720e-03, cfd=3.640e-04]  WALL=3.743e-15  DATA=1.156e-03
Invoked: SSBroyden1 approach!
[BFGS] batch= 110  call=  4160  total=1.949e-02  PDE=3.996e-03 [colloc=3.635e-03, cfd=3.617e-04]  WALL=3.739e-15  DATA=1.153e-03
Invoked: SSBroyden1 approach!
[BFGS] batch= 110  call=  4161  total=1.921e-02  PDE=3.899e-03 [colloc=3.544e-03, cfd=3.548e-04]  WALL=3.735e-15  DATA=1.152e-03
Invoked: SSBroyden1 approach!
[BFGS] batch= 110  call=  4162  total=1.887e-02  PDE=3.775e-03 [colloc=3.435e-03, cfd=3.403e-04]  WALL=3.737e-15  DATA=1.152e-03
Invoked: SSBroyden1 approach!
[BFGS] batch= 110  call=  4163  total=1.826e-02  PDE=3.611e-03 [colloc=3.295e-03, cfd=3.156e-04]  WALL=3.733e-15  DATA=1.149e-03
Invoked: SSBroyden1 approach!
[BFGS] batch= 110  call=  4164  total=1.775e-02  PDE=3.414e-03 [colloc=3.135e-03, cfd=2.800e-04]  WALL=3.727e-15  DATA=1.145e-03
Invoked: SSBroyden1 approach!
[BFGS] batch= 110  call=  4165  total=1.733e-02  PDE=3.263e-03 [colloc=3.005e-03, cfd=2.589e-04]  WALL=3.730e-15  DATA=1.140e-03
Invoked: SSBroyden1 approach!
[BFGS] batch= 110  call=  4166  total=1.701e-02  PDE=3.181e-03 [colloc=2.932e-03, cfd=2.492e-04]  WALL=3.718e-15  DATA=1.131e-03
Invoked: SSBroyden1 approach!
[BFGS] batch= 110  call=  4167  total=1.673e-02  PDE=3.082e-03 [colloc=2.843e-03, cfd=2.386e-04]  WALL=3.715e-15  DATA=1.130e-03
Invoked: SSBroyden1 approach!
[BFGS] batch= 110  call=  4168  total=1.638e-02  PDE=2.984e-03 [colloc=2.752e-03, cfd=2.317e-04]  WALL=3.696e-15  DATA=1.129e-03
Invoked: SSBroyden1 approach!
[BFGS] batch= 110  call=  4169  total=1.626e-02  PDE=2.909e-03 [colloc=2.686e-03, cfd=2.227e-04]  WALL=3.698e-15  DATA=1.136e-03
Invoked: SSBroyden1 approach!
[BFGS] batch= 110  call=  4170  total=1.604e-02  PDE=2.843e-03 [colloc=2.625e-03, cfd=2.180e-04]  WALL=3.696e-15  DATA=1.138e-03
Invoked: SSBroyden1 approach!
[BFGS] batch= 110  call=  4171  total=1.576e-02  PDE=2.742e-03 [colloc=2.538e-03, cfd=2.042e-04]  WALL=3.684e-15  DATA=1.139e-03
Invoked: SSBroyden1 approach!
[BFGS] batch= 110  call=  4172  total=1.555e-02  PDE=2.674e-03 [colloc=2.486e-03, cfd=1.882e-04]  WALL=3.671e-15  DATA=1.135e-03
Invoked: SSBroyden1 approach!
[BFGS] batch= 110  call=  4173  total=1.534e-02  PDE=2.581e-03 [colloc=2.399e-03, cfd=1.819e-04]  WALL=3.671e-15  DATA=1.138e-03
Invoked: SSBroyden1 approach!
[BFGS] batch= 110  call=  4174  total=1.521e-02  PDE=2.527e-03 [colloc=2.351e-03, cfd=1.757e-04]  WALL=3.665e-15  DATA=1.135e-03
Invoked: SSBroyden1 approach!
[BFGS] batch= 110  call=  4175  total=1.510e-02  PDE=2.463e-03 [colloc=2.290e-03, cfd=1.729e-04]  WALL=3.667e-15  DATA=1.138e-03
Invoked: SSBroyden1 approach!
[BFGS] batch= 110  call=  4176  total=1.489e-02  PDE=2.403e-03 [colloc=2.234e-03, cfd=1.689e-04]  WALL=3.675e-15  DATA=1.142e-03
Invoked: SSBroyden1 approach!
[BFGS] batch= 110  call=  4177  total=1.479e-02  PDE=2.361e-03 [colloc=2.195e-03, cfd=1.662e-04]  WALL=3.669e-15  DATA=1.139e-03
Invoked: SSBroyden1 approach!
[BFGS] batch= 110  call=  4178  total=1.467e-02  PDE=2.321e-03 [colloc=2.159e-03, cfd=1.621e-04]  WALL=3.667e-15  DATA=1.140e-03
Invoked: SSBroyden1 approach!
[BFGS] batch= 110  call=  4179  total=1.459e-02  PDE=2.288e-03 [colloc=2.130e-03, cfd=1.582e-04]  WALL=3.667e-15  DATA=1.138e-03
Invoked: SSBroyden1 approach!
[BFGS] batch= 110  call=  4180  total=1.447e-02  PDE=2.270e-03 [colloc=2.113e-03, cfd=1.574e-04]  WALL=3.667e-15  DATA=1.135e-03
Invoked: SSBroyden1 approach!
[BFGS] batch= 110  call=  4182  total=1.443e-02  PDE=2.247e-03 [colloc=2.095e-03, cfd=1.525e-04]  WALL=3.668e-15  DATA=1.136e-03
Invoked: SSBroyden1 approach!
[BFGS] batch= 110  call=  4183  total=1.436e-02  PDE=2.228e-03 [colloc=2.081e-03, cfd=1.475e-04]  WALL=3.670e-15  DATA=1.137e-03
Invoked: SSBroyden1 approach!
[BFGS] batch= 110  call=  4184  total=1.432e-02  PDE=2.211e-03 [colloc=2.065e-03, cfd=1.458e-04]  WALL=3.667e-15  DATA=1.135e-03
Invoked: SSBroyden1 approach!
[BFGS] batch= 110  call=  4185  total=1.423e-02  PDE=2.198e-03 [colloc=2.051e-03, cfd=1.477e-04]  WALL=3.664e-15  DATA=1.133e-03
Invoked: SSBroyden1 approach!
[BFGS] batch= 110  call=  4186  total=1.420e-02  PDE=2.176e-03 [colloc=2.030e-03, cfd=1.459e-04]  WALL=3.668e-15  DATA=1.134e-03
Invoked: SSBroyden1 approach!
[BFGS] batch= 110  call=  4187  total=1.413e-02  PDE=2.162e-03 [colloc=2.016e-03, cfd=1.457e-04]  WALL=3.664e-15  DATA=1.133e-03
Invoked: SSBroyden1 approach!
[BFGS] batch= 110  call=  4188  total=1.409e-02  PDE=2.152e-03 [colloc=2.011e-03, cfd=1.413e-04]  WALL=3.665e-15  DATA=1.135e-03
Invoked: SSBroyden1 approach!
[BFGS] batch= 110  call=  4189  total=1.405e-02  PDE=2.138e-03 [colloc=1.999e-03, cfd=1.386e-04]  WALL=3.666e-15  DATA=1.134e-03
Invoked: SSBroyden1 approach!
[BFGS] batch= 110  call=  4190  total=1.405e-02  PDE=2.124e-03 [colloc=1.988e-03, cfd=1.360e-04]  WALL=3.668e-15  DATA=1.134e-03
Invoked: SSBroyden1 approach!
[BFGS] batch= 110  call=  4192  total=1.399e-02  PDE=2.115e-03 [colloc=1.979e-03, cfd=1.352e-04]  WALL=3.669e-15  DATA=1.134e-03
Invoked: SSBroyden1 approach!
[BFGS] batch= 110  call=  4194  total=1.397e-02  PDE=2.104e-03 [colloc=1.970e-03, cfd=1.342e-04]  WALL=3.670e-15  DATA=1.134e-03
Invoked: SSBroyden1 approach!
[BFGS] batch= 110  call=  4202  total=1.392e-02  PDE=2.093e-03 [colloc=1.960e-03, cfd=1.330e-04]  WALL=3.670e-15  DATA=1.134e-03
Invoked: SSBroyden1 approach!
[BFGS] batch= 110  call=  4203  total=1.389e-02  PDE=2.077e-03 [colloc=1.948e-03, cfd=1.293e-04]  WALL=3.673e-15  DATA=1.135e-03
Invoked: SSBroyden1 approach!
[BFGS] batch= 110  call=  4204  total=1.386e-02  PDE=2.061e-03 [colloc=1.933e-03, cfd=1.282e-04]  WALL=3.673e-15  DATA=1.136e-03
Invoked: SSBroyden1 approach!
[BFGS] batch= 110  call=  4205  total=1.383e-02  PDE=2.048e-03 [colloc=1.921e-03, cfd=1.273e-04]  WALL=3.674e-15  DATA=1.137e-03
Invoked: SSBroyden1 approach!
[BFGS] batch= 110  call=  4206  total=1.383e-02  PDE=2.036e-03 [colloc=1.909e-03, cfd=1.270e-04]  WALL=3.673e-15  DATA=1.138e-03
Invoked: SSBroyden1 approach!
[BFGS] batch= 110  call=  4208  total=1.378e-02  PDE=2.030e-03 [colloc=1.902e-03, cfd=1.271e-04]  WALL=3.673e-15  DATA=1.138e-03
Invoked: SSBroyden1 approach!
[BFGS] batch= 110  call=  4210  total=1.377e-02  PDE=2.024e-03 [colloc=1.897e-03, cfd=1.276e-04]  WALL=3.671e-15  DATA=1.137e-03
Invoked: SSBroyden1 approach!
[BFGS] batch= 110  call=  4211  total=1.372e-02  PDE=2.015e-03 [colloc=1.888e-03, cfd=1.276e-04]  WALL=3.669e-15  DATA=1.137e-03
Invoked: SSBroyden1 approach!
[BFGS] batch= 110  call=  4212  total=1.372e-02  PDE=2.005e-03 [colloc=1.875e-03, cfd=1.301e-04]  WALL=3.665e-15  DATA=1.133e-03
Invoked: SSBroyden1 approach!
[BFGS] batch= 110  call=  4214  total=1.364e-02  PDE=1.997e-03 [colloc=1.867e-03, cfd=1.297e-04]  WALL=3.665e-15  DATA=1.133e-03
  [PT] w_u=31.0387 w_v=48.4112 gamma=0.875 (tau_u=3.222e-02 tau_v=2.066e-02 |Du|=1.82e-01 |DRu|=3.40e+00)
[PT] batch= 110  w=3.9725e+01
[BFGS] batch 110: H0 not PD — resetting to identity.
[BFGS-END] batch= 110  last_total=1.369e-02  last_PDE=1.997e-03 [colloc=1.867e-03, cfd=1.297e-04]  last_WALL=3.665e-15  last_DATA=1.133e-03
/oscar/home/jchen790/cylinder flow lab/src/cfp40.py:1430: OptimizeWarning: Unknown solver options: hess, hessp, bounds, constraints, tol
  result = minimize(
Invoked: SSBroyden1 approach!
[BFGS] batch= 111  call=  4238  total=1.558e-02  PDE=2.731e-03 [colloc=2.601e-03, cfd=1.296e-04]  WALL=3.636e-15  DATA=1.108e-03
Invoked: SSBroyden1 approach!
[BFGS] batch= 111  call=  4240  total=1.530e-02  PDE=2.638e-03 [colloc=2.508e-03, cfd=1.295e-04]  WALL=3.622e-15  DATA=1.100e-03
Invoked: SSBroyden1 approach!
[BFGS] batch= 111  call=  4241  total=1.481e-02  PDE=2.481e-03 [colloc=2.351e-03, cfd=1.296e-04]  WALL=3.616e-15  DATA=1.099e-03
Invoked: SSBroyden1 approach!
[BFGS] batch= 111  call=  4243  total=1.461e-02  PDE=2.411e-03 [colloc=2.282e-03, cfd=1.296e-04]  WALL=3.613e-15  DATA=1.100e-03
Invoked: SSBroyden1 approach!
[BFGS] batch= 111  call=  4244  total=1.452e-02  PDE=2.354e-03 [colloc=2.225e-03, cfd=1.293e-04]  WALL=3.601e-15  DATA=1.104e-03
Invoked: SSBroyden1 approach!
[BFGS] batch= 111  call=  4246  total=1.443e-02  PDE=2.335e-03 [colloc=2.206e-03, cfd=1.292e-04]  WALL=3.599e-15  DATA=1.104e-03
Invoked: SSBroyden1 approach!
[BFGS] batch= 111  call=  4247  total=1.438e-02  PDE=2.310e-03 [colloc=2.181e-03, cfd=1.292e-04]  WALL=3.599e-15  DATA=1.104e-03
Invoked: SSBroyden1 approach!
[BFGS] batch= 111  call=  4248  total=1.435e-02  PDE=2.292e-03 [colloc=2.163e-03, cfd=1.292e-04]  WALL=3.599e-15  DATA=1.104e-03
Invoked: SSBroyden1 approach!
[BFGS] batch= 111  call=  4249  total=1.429e-02  PDE=2.276e-03 [colloc=2.147e-03, cfd=1.292e-04]  WALL=3.598e-15  DATA=1.104e-03
Invoked: SSBroyden1 approach!
[BFGS] batch= 111  call=  4250  total=1.424e-02  PDE=2.262e-03 [colloc=2.133e-03, cfd=1.290e-04]  WALL=3.596e-15  DATA=1.105e-03
Invoked: SSBroyden1 approach!
[BFGS] batch= 111  call=  4251  total=1.422e-02  PDE=2.247e-03 [colloc=2.118e-03, cfd=1.291e-04]  WALL=3.598e-15  DATA=1.106e-03
Invoked: SSBroyden1 approach!
[BFGS] batch= 111  call=  4252  total=1.415e-02  PDE=2.233e-03 [colloc=2.103e-03, cfd=1.292e-04]  WALL=3.600e-15  DATA=1.107e-03
Invoked: SSBroyden1 approach!
[BFGS] batch= 111  call=  4255  total=1.414e-02  PDE=2.227e-03 [colloc=2.098e-03, cfd=1.292e-04]  WALL=3.600e-15  DATA=1.107e-03
Invoked: SSBroyden1 approach!
[BFGS] batch= 111  call=  4261  total=1.413e-02  PDE=2.223e-03 [colloc=2.094e-03, cfd=1.292e-04]  WALL=3.600e-15  DATA=1.107e-03
Invoked: SSBroyden1 approach!
[BFGS] batch= 111  call=  4268  total=1.413e-02  PDE=2.217e-03 [colloc=2.088e-03, cfd=1.292e-04]  WALL=3.600e-15  DATA=1.107e-03
  [PT] w_u=32.3793 w_v=48.7488 gamma=0.865 (tau_u=3.088e-02 tau_v=2.051e-02 |Du|=1.28e-01 |DRu|=8.66e-01)
[BFGS-END] batch= 111  last_total=1.419e-02  last_PDE=2.217e-03 [colloc=2.088e-03, cfd=1.292e-04]  last_WALL=3.600e-15  last_DATA=1.107e-03
/oscar/home/jchen790/cylinder flow lab/src/cfp40.py:1430: OptimizeWarning: Unknown solver options: hess, hessp, bounds, constraints, tol
  result = minimize(
Invoked: SSBroyden1 approach!
[BFGS] batch= 112  call=  4290  total=1.738e-02  PDE=3.395e-03 [colloc=3.265e-03, cfd=1.291e-04]  WALL=3.602e-15  DATA=1.107e-03
Invoked: SSBroyden1 approach!
[BFGS] batch= 112  call=  4299  total=1.734e-02  PDE=3.382e-03 [colloc=3.253e-03, cfd=1.294e-04]  WALL=3.604e-15  DATA=1.107e-03
  [PT] w_u=35.6314 w_v=53.5669 gamma=0.867 (tau_u=2.807e-02 tau_v=1.867e-02 |Du|=1.58e-02 |DRu|=2.83e-01)
[BFGS-END] batch= 112  last_total=1.738e-02  last_PDE=3.382e-03 [colloc=3.253e-03, cfd=1.294e-04]  last_WALL=3.604e-15  last_DATA=1.107e-03
/oscar/home/jchen790/cylinder flow lab/src/cfp40.py:1430: OptimizeWarning: Unknown solver options: hess, hessp, bounds, constraints, tol
  result = minimize(
Invoked: SSBroyden1 approach!
[BFGS] batch= 113  call=  4320  total=1.752e-02  PDE=3.438e-03 [colloc=3.300e-03, cfd=1.387e-04]  WALL=3.597e-15  DATA=1.104e-03
Invoked: SSBroyden1 approach!
[BFGS] batch= 113  call=  4321  total=1.745e-02  PDE=3.422e-03 [colloc=3.253e-03, cfd=1.688e-04]  WALL=3.593e-15  DATA=1.100e-03
Invoked: SSBroyden1 approach!
[BFGS] batch= 113  call=  4334  total=1.744e-02  PDE=3.415e-03 [colloc=3.235e-03, cfd=1.802e-04]  WALL=3.590e-15  DATA=1.098e-03
Invoked: SSBroyden1 approach!
[BFGS] batch= 113  call=  4335  total=1.741e-02  PDE=3.412e-03 [colloc=3.230e-03, cfd=1.820e-04]  WALL=3.589e-15  DATA=1.097e-03
Invoked: SSBroyden1 approach!
[BFGS] batch= 113  call=  4336  total=1.740e-02  PDE=3.411e-03 [colloc=3.220e-03, cfd=1.904e-04]  WALL=3.585e-15  DATA=1.095e-03
Invoked: SSBroyden1 approach!
[BFGS] batch= 113  call=  4337  total=1.737e-02  PDE=3.403e-03 [colloc=3.211e-03, cfd=1.923e-04]  WALL=3.585e-15  DATA=1.095e-03
Invoked: SSBroyden1 approach!
[BFGS] batch= 113  call=  4338  total=1.728e-02  PDE=3.389e-03 [colloc=3.196e-03, cfd=1.933e-04]  WALL=3.585e-15  DATA=1.094e-03
Invoked: SSBroyden1 approach!
[BFGS] batch= 113  call=  4339  total=1.726e-02  PDE=3.348e-03 [colloc=3.157e-03, cfd=1.912e-04]  WALL=3.585e-15  DATA=1.093e-03
Invoked: SSBroyden1 approach!
[BFGS] batch= 113  call=  4341  total=1.710e-02  PDE=3.307e-03 [colloc=3.121e-03, cfd=1.865e-04]  WALL=3.585e-15  DATA=1.091e-03
Invoked: SSBroyden1 approach!
[BFGS] batch= 113  call=  4342  total=1.706e-02  PDE=3.298e-03 [colloc=3.115e-03, cfd=1.831e-04]  WALL=3.584e-15  DATA=1.088e-03
Invoked: SSBroyden1 approach!
[BFGS] batch= 113  call=  4343  total=1.697e-02  PDE=3.274e-03 [colloc=3.090e-03, cfd=1.833e-04]  WALL=3.583e-15  DATA=1.087e-03
Invoked: SSBroyden1 approach!
[BFGS] batch= 113  call=  4344  total=1.690e-02  PDE=3.241e-03 [colloc=3.056e-03, cfd=1.856e-04]  WALL=3.584e-15  DATA=1.086e-03
Invoked: SSBroyden1 approach!
[BFGS] batch= 113  call=  4345  total=1.678e-02  PDE=3.211e-03 [colloc=3.021e-03, cfd=1.897e-04]  WALL=3.583e-15  DATA=1.085e-03
Invoked: SSBroyden1 approach!
[BFGS] batch= 113  call=  4346  total=1.665e-02  PDE=3.166e-03 [colloc=2.966e-03, cfd=2.001e-04]  WALL=3.583e-15  DATA=1.081e-03
Invoked: SSBroyden1 approach!
[BFGS] batch= 113  call=  4347  total=1.654e-02  PDE=3.103e-03 [colloc=2.891e-03, cfd=2.121e-04]  WALL=3.579e-15  DATA=1.076e-03
Invoked: SSBroyden1 approach!
[BFGS] batch= 113  call=  4348  total=1.628e-02  PDE=3.048e-03 [colloc=2.826e-03, cfd=2.222e-04]  WALL=3.578e-15  DATA=1.073e-03
Invoked: SSBroyden1 approach!
[BFGS] batch= 113  call=  4349  total=1.601e-02  PDE=2.968e-03 [colloc=2.722e-03, cfd=2.456e-04]  WALL=3.570e-15  DATA=1.066e-03
Invoked: SSBroyden1 approach!
[BFGS] batch= 113  call=  4350  total=1.582e-02  PDE=2.904e-03 [colloc=2.632e-03, cfd=2.719e-04]  WALL=3.558e-15  DATA=1.059e-03
Invoked: SSBroyden1 approach!
[BFGS] batch= 113  call=  4351  total=1.567e-02  PDE=2.868e-03 [colloc=2.584e-03, cfd=2.835e-04]  WALL=3.548e-15  DATA=1.052e-03
Invoked: SSBroyden1 approach!
[BFGS] batch= 113  call=  4352  total=1.560e-02  PDE=2.842e-03 [colloc=2.554e-03, cfd=2.874e-04]  WALL=3.543e-15  DATA=1.047e-03
Invoked: SSBroyden1 approach!
[BFGS] batch= 113  call=  4354  total=1.557e-02  PDE=2.831e-03 [colloc=2.544e-03, cfd=2.871e-04]  WALL=3.543e-15  DATA=1.047e-03
Invoked: SSBroyden1 approach!
[BFGS] batch= 113  call=  4355  total=1.551e-02  PDE=2.817e-03 [colloc=2.531e-03, cfd=2.864e-04]  WALL=3.542e-15  DATA=1.046e-03
Invoked: SSBroyden1 approach!
[BFGS] batch= 113  call=  4356  total=1.546e-02  PDE=2.792e-03 [colloc=2.508e-03, cfd=2.842e-04]  WALL=3.540e-15  DATA=1.044e-03
Invoked: SSBroyden1 approach!
[BFGS] batch= 113  call=  4357  total=1.536e-02  PDE=2.766e-03 [colloc=2.484e-03, cfd=2.822e-04]  WALL=3.538e-15  DATA=1.043e-03
Invoked: SSBroyden1 approach!
[BFGS] batch= 113  call=  4358  total=1.524e-02  PDE=2.730e-03 [colloc=2.450e-03, cfd=2.800e-04]  WALL=3.533e-15  DATA=1.041e-03
Invoked: SSBroyden1 approach!
[BFGS] batch= 113  call=  4359  total=1.507e-02  PDE=2.680e-03 [colloc=2.402e-03, cfd=2.781e-04]  WALL=3.527e-15  DATA=1.039e-03
Invoked: SSBroyden1 approach!
[BFGS] batch= 113  call=  4360  total=1.506e-02  PDE=2.678e-03 [colloc=2.405e-03, cfd=2.724e-04]  WALL=3.524e-15  DATA=1.035e-03
Invoked: SSBroyden1 approach!
[BFGS] batch= 113  call=  4362  total=1.501e-02  PDE=2.661e-03 [colloc=2.391e-03, cfd=2.703e-04]  WALL=3.523e-15  DATA=1.034e-03
Invoked: SSBroyden1 approach!
[BFGS] batch= 113  call=  4363  total=1.495e-02  PDE=2.636e-03 [colloc=2.368e-03, cfd=2.678e-04]  WALL=3.522e-15  DATA=1.034e-03
Invoked: SSBroyden1 approach!
[BFGS] batch= 113  call=  4364  total=1.488e-02  PDE=2.606e-03 [colloc=2.341e-03, cfd=2.646e-04]  WALL=3.521e-15  DATA=1.034e-03
Invoked: SSBroyden1 approach!
[BFGS] batch= 113  call=  4365  total=1.475e-02  PDE=2.567e-03 [colloc=2.305e-03, cfd=2.619e-04]  WALL=3.514e-15  DATA=1.034e-03
Invoked: SSBroyden1 approach!
[BFGS] batch= 113  call=  4366  total=1.457e-02  PDE=2.524e-03 [colloc=2.269e-03, cfd=2.554e-04]  WALL=3.510e-15  DATA=1.035e-03
Invoked: SSBroyden1 approach!
[BFGS] batch= 113  call=  4368  total=1.453e-02  PDE=2.493e-03 [colloc=2.242e-03, cfd=2.507e-04]  WALL=3.507e-15  DATA=1.036e-03
Invoked: SSBroyden1 approach!
[BFGS] batch= 113  call=  4369  total=1.445e-02  PDE=2.466e-03 [colloc=2.219e-03, cfd=2.475e-04]  WALL=3.506e-15  DATA=1.036e-03
Invoked: SSBroyden1 approach!
[BFGS] batch= 113  call=  4370  total=1.433e-02  PDE=2.436e-03 [colloc=2.196e-03, cfd=2.405e-04]  WALL=3.502e-15  DATA=1.038e-03
Invoked: SSBroyden1 approach!
[BFGS] batch= 113  call=  4372  total=1.431e-02  PDE=2.415e-03 [colloc=2.179e-03, cfd=2.363e-04]  WALL=3.502e-15  DATA=1.038e-03
Invoked: SSBroyden1 approach!
[BFGS] batch= 113  call=  4373  total=1.429e-02  PDE=2.400e-03 [colloc=2.167e-03, cfd=2.337e-04]  WALL=3.502e-15  DATA=1.039e-03
Invoked: SSBroyden1 approach!
[BFGS] batch= 113  call=  4374  total=1.428e-02  PDE=2.387e-03 [colloc=2.156e-03, cfd=2.312e-04]  WALL=3.501e-15  DATA=1.039e-03
Invoked: SSBroyden1 approach!
[BFGS] batch= 113  call=  4375  total=1.417e-02  PDE=2.381e-03 [colloc=2.151e-03, cfd=2.294e-04]  WALL=3.501e-15  DATA=1.039e-03
Invoked: SSBroyden1 approach!
[BFGS] batch= 113  call=  4376  total=1.413e-02  PDE=2.334e-03 [colloc=2.126e-03, cfd=2.078e-04]  WALL=3.495e-15  DATA=1.042e-03
Invoked: SSBroyden1 approach!
[BFGS] batch= 113  call=  4377  total=1.408e-02  PDE=2.311e-03 [colloc=2.111e-03, cfd=1.998e-04]  WALL=3.497e-15  DATA=1.042e-03
Invoked: SSBroyden1 approach!
[BFGS] batch= 113  call=  4378  total=1.402e-02  PDE=2.281e-03 [colloc=2.089e-03, cfd=1.922e-04]  WALL=3.499e-15  DATA=1.044e-03
Invoked: SSBroyden1 approach!
[BFGS] batch= 113  call=  4379  total=1.393e-02  PDE=2.255e-03 [colloc=2.070e-03, cfd=1.852e-04]  WALL=3.502e-15  DATA=1.046e-03
Invoked: SSBroyden1 approach!
[BFGS] batch= 113  call=  4380  total=1.385e-02  PDE=2.219e-03 [colloc=2.042e-03, cfd=1.770e-04]  WALL=3.505e-15  DATA=1.048e-03
Invoked: SSBroyden1 approach!
[BFGS] batch= 113  call=  4381  total=1.370e-02  PDE=2.179e-03 [colloc=2.009e-03, cfd=1.702e-04]  WALL=3.507e-15  DATA=1.052e-03
Invoked: SSBroyden1 approach!
[BFGS] batch= 113  call=  4383  total=1.368e-02  PDE=2.148e-03 [colloc=1.982e-03, cfd=1.660e-04]  WALL=3.510e-15  DATA=1.054e-03
Invoked: SSBroyden1 approach!
[BFGS] batch= 113  call=  4384  total=1.365e-02  PDE=2.133e-03 [colloc=1.968e-03, cfd=1.649e-04]  WALL=3.511e-15  DATA=1.055e-03
Invoked: SSBroyden1 approach!
[BFGS] batch= 113  call=  4385  total=1.348e-02  PDE=2.109e-03 [colloc=1.947e-03, cfd=1.619e-04]  WALL=3.513e-15  DATA=1.057e-03
  [PT] w_u=39.2106 w_v=59.2534 gamma=0.964 (tau_u=2.550e-02 tau_v=1.688e-02 |Du|=2.68e-01 |DRu|=5.32e+00)
[BFGS] batch 113: H0 not PD — resetting to identity.
[BFGS-END] batch= 113  last_total=1.353e-02  last_PDE=2.109e-03 [colloc=1.947e-03, cfd=1.618e-04]  last_WALL=3.513e-15  last_DATA=1.057e-03
/oscar/home/jchen790/cylinder flow lab/src/cfp40.py:1430: OptimizeWarning: Unknown solver options: hess, hessp, bounds, constraints, tol
  result = minimize(
Invoked: SSBroyden1 approach!
[BFGS] batch= 114  call=  4408  total=1.842e-02  PDE=3.903e-03 [colloc=3.741e-03, cfd=1.621e-04]  WALL=3.465e-15  DATA=1.027e-03
Invoked: SSBroyden1 approach!
[BFGS] batch= 114  call=  4410  total=1.744e-02  PDE=3.554e-03 [colloc=3.392e-03, cfd=1.618e-04]  WALL=3.454e-15  DATA=1.021e-03
Invoked: SSBroyden1 approach!
[BFGS] batch= 114  call=  4411  total=1.589e-02  PDE=3.025e-03 [colloc=2.863e-03, cfd=1.623e-04]  WALL=3.447e-15  DATA=1.016e-03
Invoked: SSBroyden1 approach!
[BFGS] batch= 114  call=  4413  total=1.551e-02  PDE=2.892e-03 [colloc=2.730e-03, cfd=1.622e-04]  WALL=3.450e-15  DATA=1.022e-03
Invoked: SSBroyden1 approach!
[BFGS] batch= 114  call=  4414  total=1.524e-02  PDE=2.784e-03 [colloc=2.623e-03, cfd=1.615e-04]  WALL=3.436e-15  DATA=1.021e-03
Invoked: SSBroyden1 approach!
[BFGS] batch= 114  call=  4415  total=1.486e-02  PDE=2.659e-03 [colloc=2.498e-03, cfd=1.612e-04]  WALL=3.428e-15  DATA=1.024e-03
Invoked: SSBroyden1 approach!
[BFGS] batch= 114  call=  4417  total=1.474e-02  PDE=2.609e-03 [colloc=2.448e-03, cfd=1.610e-04]  WALL=3.428e-15  DATA=1.024e-03
Invoked: SSBroyden1 approach!
[BFGS] batch= 114  call=  4418  total=1.468e-02  PDE=2.569e-03 [colloc=2.408e-03, cfd=1.610e-04]  WALL=3.430e-15  DATA=1.024e-03
Invoked: SSBroyden1 approach!
[BFGS] batch= 114  call=  4419  total=1.458e-02  PDE=2.541e-03 [colloc=2.380e-03, cfd=1.608e-04]  WALL=3.429e-15  DATA=1.024e-03
Invoked: SSBroyden1 approach!
[BFGS] batch= 114  call=  4420  total=1.453e-02  PDE=2.515e-03 [colloc=2.355e-03, cfd=1.600e-04]  WALL=3.428e-15  DATA=1.025e-03
Invoked: SSBroyden1 approach!
[BFGS] batch= 114  call=  4429  total=1.450e-02  PDE=2.497e-03 [colloc=2.337e-03, cfd=1.598e-04]  WALL=3.431e-15  DATA=1.026e-03
Invoked: SSBroyden1 approach!
[BFGS] batch= 114  call=  4430  total=1.449e-02  PDE=2.486e-03 [colloc=2.326e-03, cfd=1.597e-04]  WALL=3.433e-15  DATA=1.026e-03
Invoked: SSBroyden1 approach!
[BFGS] batch= 114  call=  4431  total=1.446e-02  PDE=2.479e-03 [colloc=2.320e-03, cfd=1.596e-04]  WALL=3.433e-15  DATA=1.026e-03
Invoked: SSBroyden1 approach!
[BFGS] batch= 114  call=  4432  total=1.435e-02  PDE=2.463e-03 [colloc=2.304e-03, cfd=1.594e-04]  WALL=3.433e-15  DATA=1.027e-03
Invoked: SSBroyden1 approach!
[BFGS] batch= 114  call=  4441  total=1.432e-02  PDE=2.442e-03 [colloc=2.283e-03, cfd=1.592e-04]  WALL=3.435e-15  DATA=1.028e-03
Invoked: SSBroyden1 approach!
[BFGS] batch= 114  call=  4446  total=1.430e-02  PDE=2.439e-03 [colloc=2.280e-03, cfd=1.591e-04]  WALL=3.435e-15  DATA=1.028e-03
Invoked: SSBroyden1 approach!
[BFGS] batch= 114  call=  4447  total=1.430e-02  PDE=2.430e-03 [colloc=2.271e-03, cfd=1.589e-04]  WALL=3.435e-15  DATA=1.028e-03
  [PT] w_u=40.8752 w_v=58.8425 gamma=0.954 (tau_u=2.446e-02 tau_v=1.699e-02 |Du|=2.04e-01 |DRu|=1.62e+00)
[BFGS-END] batch= 114  last_total=1.430e-02  last_PDE=2.430e-03 [colloc=2.271e-03, cfd=1.589e-04]  last_WALL=3.435e-15  last_DATA=1.028e-03
/oscar/home/jchen790/cylinder flow lab/src/cfp40.py:1430: OptimizeWarning: Unknown solver options: hess, hessp, bounds, constraints, tol
  result = minimize(
Invoked: SSBroyden1 approach!
[BFGS] batch= 115  call=  4467  total=3.254e-02  PDE=8.969e-03 [colloc=8.810e-03, cfd=1.587e-04]  WALL=3.436e-15  DATA=1.027e-03
Invoked: SSBroyden1 approach!
[BFGS] batch= 115  call=  4468  total=3.246e-02  PDE=8.949e-03 [colloc=8.791e-03, cfd=1.579e-04]  WALL=3.441e-15  DATA=1.028e-03
Invoked: SSBroyden1 approach!
[BFGS] batch= 115  call=  4469  total=3.241e-02  PDE=8.924e-03 [colloc=8.766e-03, cfd=1.581e-04]  WALL=3.443e-15  DATA=1.027e-03
Invoked: SSBroyden1 approach!
[BFGS] batch= 115  call=  4470  total=3.230e-02  PDE=8.900e-03 [colloc=8.741e-03, cfd=1.592e-04]  WALL=3.444e-15  DATA=1.027e-03
Invoked: SSBroyden1 approach!
[BFGS] batch= 115  call=  4471  total=3.224e-02  PDE=8.857e-03 [colloc=8.692e-03, cfd=1.654e-04]  WALL=3.441e-15  DATA=1.026e-03
Invoked: SSBroyden1 approach!
[BFGS] batch= 115  call=  4472  total=3.208e-02  PDE=8.822e-03 [colloc=8.651e-03, cfd=1.707e-04]  WALL=3.441e-15  DATA=1.025e-03
Invoked: SSBroyden1 approach!
[BFGS] batch= 115  call=  4473  total=3.196e-02  PDE=8.767e-03 [colloc=8.583e-03, cfd=1.833e-04]  WALL=3.439e-15  DATA=1.024e-03
Invoked: SSBroyden1 approach!
[BFGS] batch= 115  call=  4474  total=3.180e-02  PDE=8.699e-03 [colloc=8.506e-03, cfd=1.929e-04]  WALL=3.441e-15  DATA=1.024e-03
Invoked: SSBroyden1 approach!
[BFGS] batch= 115  call=  4475  total=3.150e-02  PDE=8.599e-03 [colloc=8.396e-03, cfd=2.036e-04]  WALL=3.441e-15  DATA=1.024e-03
Invoked: SSBroyden1 approach!
[BFGS] batch= 115  call=  4476  total=3.103e-02  PDE=8.405e-03 [colloc=8.190e-03, cfd=2.149e-04]  WALL=3.443e-15  DATA=1.025e-03
Invoked: SSBroyden1 approach!
[BFGS] batch= 115  call=  4477  total=3.010e-02  PDE=8.097e-03 [colloc=7.862e-03, cfd=2.349e-04]  WALL=3.447e-15  DATA=1.025e-03
Invoked: SSBroyden1 approach!
[BFGS] batch= 115  call=  4478  total=2.835e-02  PDE=7.490e-03 [colloc=7.206e-03, cfd=2.838e-04]  WALL=3.453e-15  DATA=1.025e-03
Invoked: SSBroyden1 approach!
[BFGS] batch= 115  call=  4480  total=2.722e-02  PDE=7.048e-03 [colloc=6.701e-03, cfd=3.469e-04]  WALL=3.461e-15  DATA=1.024e-03
Invoked: SSBroyden1 approach!
[BFGS] batch= 115  call=  4482  total=2.706e-02  PDE=6.995e-03 [colloc=6.634e-03, cfd=3.603e-04]  WALL=3.463e-15  DATA=1.024e-03
Invoked: SSBroyden1 approach!
[BFGS] batch= 115  call=  4483  total=2.690e-02  PDE=6.975e-03 [colloc=6.596e-03, cfd=3.791e-04]  WALL=3.461e-15  DATA=1.023e-03
Invoked: SSBroyden1 approach!
[BFGS] batch= 115  call=  4484  total=2.679e-02  PDE=6.916e-03 [colloc=6.508e-03, cfd=4.082e-04]  WALL=3.460e-15  DATA=1.021e-03
Invoked: SSBroyden1 approach!
[BFGS] batch= 115  call=  4485  total=2.659e-02  PDE=6.853e-03 [colloc=6.429e-03, cfd=4.242e-04]  WALL=3.461e-15  DATA=1.021e-03
Invoked: SSBroyden1 approach!
[BFGS] batch= 115  call=  4486  total=2.635e-02  PDE=6.737e-03 [colloc=6.291e-03, cfd=4.463e-04]  WALL=3.461e-15  DATA=1.021e-03
Invoked: SSBroyden1 approach!
[BFGS] batch= 115  call=  4487  total=2.590e-02  PDE=6.596e-03 [colloc=6.139e-03, cfd=4.573e-04]  WALL=3.458e-15  DATA=1.021e-03
Invoked: SSBroyden1 approach!
[BFGS] batch= 115  call=  4488  total=2.522e-02  PDE=6.379e-03 [colloc=5.928e-03, cfd=4.512e-04]  WALL=3.455e-15  DATA=1.019e-03
Invoked: SSBroyden1 approach!
[BFGS] batch= 115  call=  4489  total=2.449e-02  PDE=6.096e-03 [colloc=5.697e-03, cfd=3.990e-04]  WALL=3.459e-15  DATA=1.016e-03
Invoked: SSBroyden1 approach!
[BFGS] batch= 115  call=  4490  total=2.344e-02  PDE=5.716e-03 [colloc=5.378e-03, cfd=3.380e-04]  WALL=3.461e-15  DATA=1.011e-03
Invoked: SSBroyden1 approach!
[BFGS] batch= 115  call=  4491  total=2.224e-02  PDE=5.293e-03 [colloc=4.994e-03, cfd=2.984e-04]  WALL=3.462e-15  DATA=1.006e-03
Invoked: SSBroyden1 approach!
[BFGS] batch= 115  call=  4493  total=2.161e-02  PDE=5.060e-03 [colloc=4.764e-03, cfd=2.968e-04]  WALL=3.465e-15  DATA=1.004e-03
Invoked: SSBroyden1 approach!
[BFGS] batch= 115  call=  4494  total=2.115e-02  PDE=4.907e-03 [colloc=4.617e-03, cfd=2.894e-04]  WALL=3.458e-15  DATA=1.004e-03
Invoked: SSBroyden1 approach!
[BFGS] batch= 115  call=  4495  total=2.061e-02  PDE=4.704e-03 [colloc=4.436e-03, cfd=2.686e-04]  WALL=3.456e-15  DATA=1.003e-03
Invoked: SSBroyden1 approach!
[BFGS] batch= 115  call=  4496  total=2.017e-02  PDE=4.517e-03 [colloc=4.271e-03, cfd=2.461e-04]  WALL=3.463e-15  DATA=1.007e-03
Invoked: SSBroyden1 approach!
[BFGS] batch= 115  call=  4497  total=1.972e-02  PDE=4.329e-03 [colloc=4.094e-03, cfd=2.355e-04]  WALL=3.476e-15  DATA=1.011e-03
Invoked: SSBroyden1 approach!
[BFGS] batch= 115  call=  4498  total=1.913e-02  PDE=4.143e-03 [colloc=3.906e-03, cfd=2.370e-04]  WALL=3.481e-15  DATA=1.012e-03
Invoked: SSBroyden1 approach!
[BFGS] batch= 115  call=  4499  total=1.843e-02  PDE=3.885e-03 [colloc=3.657e-03, cfd=2.278e-04]  WALL=3.483e-15  DATA=1.013e-03
Invoked: SSBroyden1 approach!
[BFGS] batch= 115  call=  4500  total=1.780e-02  PDE=3.643e-03 [colloc=3.446e-03, cfd=1.973e-04]  WALL=3.472e-15  DATA=1.017e-03
Invoked: SSBroyden1 approach!
[BFGS] batch= 115  call=  4501  total=1.723e-02  PDE=3.460e-03 [colloc=3.276e-03, cfd=1.845e-04]  WALL=3.460e-15  DATA=1.019e-03
Invoked: SSBroyden1 approach!
[BFGS] batch= 115  call=  4502  total=1.676e-02  PDE=3.265e-03 [colloc=3.062e-03, cfd=2.025e-04]  WALL=3.439e-15  DATA=1.018e-03
Invoked: SSBroyden1 approach!
[BFGS] batch= 115  call=  4503  total=1.614e-02  PDE=3.072e-03 [colloc=2.863e-03, cfd=2.087e-04]  WALL=3.422e-15  DATA=1.021e-03
Invoked: SSBroyden1 approach!
[BFGS] batch= 115  call=  4504  total=1.580e-02  PDE=2.960e-03 [colloc=2.782e-03, cfd=1.780e-04]  WALL=3.425e-15  DATA=1.021e-03
Invoked: SSBroyden1 approach!
[BFGS] batch= 115  call=  4505  total=1.538e-02  PDE=2.793e-03 [colloc=2.621e-03, cfd=1.723e-04]  WALL=3.425e-15  DATA=1.022e-03
Invoked: SSBroyden1 approach!
[BFGS] batch= 115  call=  4506  total=1.491e-02  PDE=2.636e-03 [colloc=2.478e-03, cfd=1.575e-04]  WALL=3.422e-15  DATA=1.023e-03
Invoked: SSBroyden1 approach!
[BFGS] batch= 115  call=  4507  total=1.471e-02  PDE=2.546e-03 [colloc=2.392e-03, cfd=1.534e-04]  WALL=3.410e-15  DATA=1.026e-03
Invoked: SSBroyden1 approach!
[BFGS] batch= 115  call=  4508  total=1.437e-02  PDE=2.459e-03 [colloc=2.306e-03, cfd=1.527e-04]  WALL=3.407e-15  DATA=1.025e-03
Invoked: SSBroyden1 approach!
[BFGS] batch= 115  call=  4509  total=1.430e-02  PDE=2.423e-03 [colloc=2.278e-03, cfd=1.454e-04]  WALL=3.400e-15  DATA=1.027e-03
Invoked: SSBroyden1 approach!
[BFGS] batch= 115  call=  4510  total=1.417e-02  PDE=2.384e-03 [colloc=2.240e-03, cfd=1.435e-04]  WALL=3.400e-15  DATA=1.027e-03
Invoked: SSBroyden1 approach!
[BFGS] batch= 115  call=  4511  total=1.397e-02  PDE=2.320e-03 [colloc=2.180e-03, cfd=1.395e-04]  WALL=3.400e-15  DATA=1.026e-03
Invoked: SSBroyden1 approach!
[BFGS] batch= 115  call=  4512  total=1.377e-02  PDE=2.246e-03 [colloc=2.111e-03, cfd=1.351e-04]  WALL=3.396e-15  DATA=1.025e-03
Invoked: SSBroyden1 approach!
[BFGS] batch= 115  call=  4513  total=1.367e-02  PDE=2.206e-03 [colloc=2.069e-03, cfd=1.375e-04]  WALL=3.398e-15  DATA=1.023e-03
Invoked: SSBroyden1 approach!
[BFGS] batch= 115  call=  4514  total=1.359e-02  PDE=2.165e-03 [colloc=2.027e-03, cfd=1.377e-04]  WALL=3.398e-15  DATA=1.023e-03
Invoked: SSBroyden1 approach!
[BFGS] batch= 115  call=  4515  total=1.345e-02  PDE=2.136e-03 [colloc=2.001e-03, cfd=1.358e-04]  WALL=3.398e-15  DATA=1.022e-03
Invoked: SSBroyden1 approach!
[BFGS] batch= 115  call=  4516  total=1.332e-02  PDE=2.094e-03 [colloc=1.962e-03, cfd=1.323e-04]  WALL=3.396e-15  DATA=1.022e-03
Invoked: SSBroyden1 approach!
[BFGS] batch= 115  call=  4517  total=1.327e-02  PDE=2.073e-03 [colloc=1.942e-03, cfd=1.316e-04]  WALL=3.395e-15  DATA=1.021e-03
Invoked: SSBroyden1 approach!
[BFGS] batch= 115  call=  4518  total=1.318e-02  PDE=2.049e-03 [colloc=1.917e-03, cfd=1.312e-04]  WALL=3.395e-15  DATA=1.021e-03
Invoked: SSBroyden1 approach!
[BFGS] batch= 115  call=  4519  total=1.312e-02  PDE=2.017e-03 [colloc=1.889e-03, cfd=1.281e-04]  WALL=3.398e-15  DATA=1.022e-03
Invoked: SSBroyden1 approach!
[BFGS] batch= 115  call=  4520  total=1.310e-02  PDE=1.990e-03 [colloc=1.864e-03, cfd=1.255e-04]  WALL=3.398e-15  DATA=1.023e-03
Invoked: SSBroyden1 approach!
[BFGS] batch= 115  call=  4521  total=1.301e-02  PDE=1.978e-03 [colloc=1.853e-03, cfd=1.247e-04]  WALL=3.398e-15  DATA=1.023e-03
Invoked: SSBroyden1 approach!
[BFGS] batch= 115  call=  4522  total=1.294e-02  PDE=1.962e-03 [colloc=1.838e-03, cfd=1.236e-04]  WALL=3.394e-15  DATA=1.023e-03
Invoked: SSBroyden1 approach!
[BFGS] batch= 115  call=  4523  total=1.290e-02  PDE=1.945e-03 [colloc=1.822e-03, cfd=1.235e-04]  WALL=3.395e-15  DATA=1.023e-03
Invoked: SSBroyden1 approach!
[BFGS] batch= 115  call=  4524  total=1.282e-02  PDE=1.923e-03 [colloc=1.801e-03, cfd=1.218e-04]  WALL=3.395e-15  DATA=1.024e-03
Invoked: SSBroyden1 approach!
[BFGS] batch= 115  call=  4525  total=1.279e-02  PDE=1.906e-03 [colloc=1.788e-03, cfd=1.187e-04]  WALL=3.397e-15  DATA=1.026e-03
Invoked: SSBroyden1 approach!
[BFGS] batch= 115  call=  4532  total=1.278e-02  PDE=1.894e-03 [colloc=1.776e-03, cfd=1.176e-04]  WALL=3.399e-15  DATA=1.026e-03
Invoked: SSBroyden1 approach!
[BFGS] batch= 115  call=  4533  total=1.274e-02  PDE=1.884e-03 [colloc=1.768e-03, cfd=1.166e-04]  WALL=3.399e-15  DATA=1.026e-03
Invoked: SSBroyden1 approach!
[BFGS] batch= 115  call=  4534  total=1.273e-02  PDE=1.872e-03 [colloc=1.758e-03, cfd=1.137e-04]  WALL=3.400e-15  DATA=1.026e-03
Invoked: SSBroyden1 approach!
[BFGS] batch= 115  call=  4535  total=1.268e-02  PDE=1.867e-03 [colloc=1.754e-03, cfd=1.135e-04]  WALL=3.400e-15  DATA=1.026e-03
  [PT] w_u=45.3766 w_v=65.3722 gamma=0.832 (tau_u=2.204e-02 tau_v=1.530e-02 |Du|=9.45e-02 |DRu|=6.16e+00)
[BFGS] batch 115: H0 not PD — resetting to identity.
[BFGS-END] batch= 115  last_total=1.278e-02  last_PDE=1.867e-03 [colloc=1.754e-03, cfd=1.135e-04]  last_WALL=3.400e-15  last_DATA=1.026e-03
/oscar/home/jchen790/cylinder flow lab/src/cfp40.py:1430: OptimizeWarning: Unknown solver options: hess, hessp, bounds, constraints, tol
  result = minimize(
Invoked: SSBroyden1 approach!
[BFGS] batch= 116  call=  4557  total=1.461e-02  PDE=2.530e-03 [colloc=2.417e-03, cfd=1.135e-04]  WALL=3.384e-15  DATA=1.017e-03
Invoked: SSBroyden1 approach!
[BFGS] batch= 116  call=  4558  total=1.432e-02  PDE=2.477e-03 [colloc=2.364e-03, cfd=1.135e-04]  WALL=3.379e-15  DATA=1.015e-03
Invoked: SSBroyden1 approach!
[BFGS] batch= 116  call=  4559  total=1.405e-02  PDE=2.334e-03 [colloc=2.220e-03, cfd=1.135e-04]  WALL=3.370e-15  DATA=1.016e-03
Invoked: SSBroyden1 approach!
[BFGS] batch= 116  call=  4561  total=1.394e-02  PDE=2.318e-03 [colloc=2.205e-03, cfd=1.135e-04]  WALL=3.370e-15  DATA=1.017e-03
Invoked: SSBroyden1 approach!
[BFGS] batch= 116  call=  4562  total=1.384e-02  PDE=2.295e-03 [colloc=2.182e-03, cfd=1.135e-04]  WALL=3.366e-15  DATA=1.017e-03
Invoked: SSBroyden1 approach!
[BFGS] batch= 116  call=  4563  total=1.378e-02  PDE=2.251e-03 [colloc=2.138e-03, cfd=1.135e-04]  WALL=3.363e-15  DATA=1.019e-03
Invoked: SSBroyden1 approach!
[BFGS] batch= 116  call=  4564  total=1.367e-02  PDE=2.234e-03 [colloc=2.121e-03, cfd=1.135e-04]  WALL=3.363e-15  DATA=1.020e-03
Invoked: SSBroyden1 approach!
[BFGS] batch= 116  call=  4573  total=1.366e-02  PDE=2.226e-03 [colloc=2.113e-03, cfd=1.135e-04]  WALL=3.363e-15  DATA=1.019e-03
  [PT] w_u=45.1645 w_v=57.6144 gamma=0.829 (tau_u=2.214e-02 tau_v=1.736e-02 |Du|=6.89e-02 |DRu|=4.13e-01)
[BFGS-END] batch= 116  last_total=1.368e-02  last_PDE=2.226e-03 [colloc=2.113e-03, cfd=1.135e-04]  last_WALL=3.363e-15  last_DATA=1.019e-03
/oscar/home/jchen790/cylinder flow lab/src/cfp40.py:1430: OptimizeWarning: Unknown solver options: hess, hessp, bounds, constraints, tol
  result = minimize(
Invoked: SSBroyden1 approach!
[BFGS] batch= 117  call=  4594  total=1.443e-02  PDE=2.510e-03 [colloc=2.397e-03, cfd=1.134e-04]  WALL=3.363e-15  DATA=1.020e-03
Invoked: SSBroyden1 approach!
[BFGS] batch= 117  call=  4596  total=1.442e-02  PDE=2.499e-03 [colloc=2.386e-03, cfd=1.134e-04]  WALL=3.363e-15  DATA=1.020e-03
Invoked: SSBroyden1 approach!
[BFGS] batch= 117  call=  4604  total=1.442e-02  PDE=2.497e-03 [colloc=2.384e-03, cfd=1.134e-04]  WALL=3.364e-15  DATA=1.020e-03
  [PT] w_u=46.1096 w_v=60.0669 gamma=0.829 (tau_u=2.169e-02 tau_v=1.665e-02 |Du|=8.55e-03 |DRu|=5.87e-02)
[BFGS-END] batch= 117  last_total=1.447e-02  last_PDE=2.497e-03 [colloc=2.384e-03, cfd=1.134e-04]  last_WALL=3.364e-15  last_DATA=1.020e-03
/oscar/home/jchen790/cylinder flow lab/src/cfp40.py:1430: OptimizeWarning: Unknown solver options: hess, hessp, bounds, constraints, tol
  result = minimize(
Invoked: SSBroyden1 approach!
[BFGS] batch= 118  call=  4625  total=1.443e-02  PDE=2.496e-03 [colloc=2.383e-03, cfd=1.134e-04]  WALL=3.367e-15  DATA=1.020e-03
Invoked: SSBroyden1 approach!
[BFGS] batch= 118  call=  4627  total=1.438e-02  PDE=2.490e-03 [colloc=2.376e-03, cfd=1.134e-04]  WALL=3.368e-15  DATA=1.020e-03
Invoked: SSBroyden1 approach!
[BFGS] batch= 118  call=  4629  total=1.437e-02  PDE=2.486e-03 [colloc=2.373e-03, cfd=1.134e-04]  WALL=3.368e-15  DATA=1.020e-03
  [PT] w_u=49.1240 w_v=62.7877 gamma=0.828 (tau_u=2.036e-02 tau_v=1.593e-02 |Du|=1.18e-02 |DRu|=1.18e-01)
[BFGS-END] batch= 118  last_total=1.444e-02  last_PDE=2.484e-03 [colloc=2.371e-03, cfd=1.134e-04]  last_WALL=3.368e-15  last_DATA=1.020e-03
/oscar/home/jchen790/cylinder flow lab/src/cfp40.py:1430: OptimizeWarning: Unknown solver options: hess, hessp, bounds, constraints, tol
  result = minimize(
Invoked: SSBroyden1 approach!
[BFGS] batch= 119  call=  4650  total=1.449e-02  PDE=2.495e-03 [colloc=2.382e-03, cfd=1.135e-04]  WALL=3.368e-15  DATA=1.020e-03
Invoked: SSBroyden1 approach!
[BFGS] batch= 119  call=  4651  total=1.439e-02  PDE=2.489e-03 [colloc=2.375e-03, cfd=1.135e-04]  WALL=3.368e-15  DATA=1.020e-03
Invoked: SSBroyden1 approach!
[BFGS] batch= 119  call=  4653  total=1.437e-02  PDE=2.483e-03 [colloc=2.370e-03, cfd=1.135e-04]  WALL=3.368e-15  DATA=1.020e-03
Invoked: SSBroyden1 approach!
[BFGS] batch= 119  call=  4660  total=1.436e-02  PDE=2.477e-03 [colloc=2.364e-03, cfd=1.136e-04]  WALL=3.368e-15  DATA=1.020e-03
  [PT] w_u=50.3659 w_v=65.2834 gamma=0.829 (tau_u=1.985e-02 tau_v=1.532e-02 |Du|=1.13e-02 |DRu|=8.29e-02)
[BFGS-END] batch= 119  last_total=1.442e-02  last_PDE=2.477e-03 [colloc=2.364e-03, cfd=1.136e-04]  last_WALL=3.368e-15  last_DATA=1.020e-03
/oscar/home/jchen790/cylinder flow lab/src/cfp40.py:1430: OptimizeWarning: Unknown solver options: hess, hessp, bounds, constraints, tol
  result = minimize(
Invoked: SSBroyden1 approach!
[BFGS] batch= 120  call=  4682  total=1.443e-02  PDE=2.496e-03 [colloc=2.382e-03, cfd=1.137e-04]  WALL=3.368e-15  DATA=1.020e-03
Invoked: SSBroyden1 approach!
[BFGS] batch= 120  call=  4684  total=1.442e-02  PDE=2.489e-03 [colloc=2.375e-03, cfd=1.139e-04]  WALL=3.368e-15  DATA=1.020e-03
Invoked: SSBroyden1 approach!
[BFGS] batch= 120  call=  4685  total=1.439e-02  PDE=2.483e-03 [colloc=2.369e-03, cfd=1.140e-04]  WALL=3.369e-15  DATA=1.020e-03
Invoked: SSBroyden1 approach!
[BFGS] batch= 120  call=  4697  total=1.436e-02  PDE=2.481e-03 [colloc=2.366e-03, cfd=1.141e-04]  WALL=3.369e-15  DATA=1.020e-03
Invoked: SSBroyden1 approach!
[BFGS] batch= 120  call=  4698  total=1.436e-02  PDE=2.472e-03 [colloc=2.357e-03, cfd=1.147e-04]  WALL=3.370e-15  DATA=1.020e-03
  [PT] w_u=55.6971 w_v=72.1318 gamma=0.831 (tau_u=1.795e-02 tau_v=1.386e-02 |Du|=1.47e-02 |DRu|=4.58e-01)
[PT] batch= 120  w=6.3914e+01
[BFGS] batch 120: H0 not PD — resetting to identity.
[BFGS-END] batch= 120  last_total=1.440e-02  last_PDE=2.472e-03 [colloc=2.357e-03, cfd=1.147e-04]  last_WALL=3.370e-15  last_DATA=1.020e-03
/oscar/home/jchen790/cylinder flow lab/src/cfp40.py:1430: OptimizeWarning: Unknown solver options: hess, hessp, bounds, constraints, tol
  result = minimize(
Invoked: SSBroyden1 approach!
[BFGS] batch= 121  call=  4719  total=1.412e-02  PDE=2.389e-03 [colloc=2.275e-03, cfd=1.146e-04]  WALL=3.362e-15  DATA=1.016e-03
Invoked: SSBroyden1 approach!
[BFGS] batch= 121  call=  4721  total=1.389e-02  PDE=2.312e-03 [colloc=2.198e-03, cfd=1.146e-04]  WALL=3.354e-15  DATA=1.014e-03
Invoked: SSBroyden1 approach!
[BFGS] batch= 121  call=  4722  total=1.363e-02  PDE=2.206e-03 [colloc=2.092e-03, cfd=1.146e-04]  WALL=3.349e-15  DATA=1.015e-03
Invoked: SSBroyden1 approach!
[BFGS] batch= 121  call=  4724  total=1.358e-02  PDE=2.189e-03 [colloc=2.074e-03, cfd=1.146e-04]  WALL=3.349e-15  DATA=1.016e-03
Invoked: SSBroyden1 approach!
[BFGS] batch= 121  call=  4725  total=1.350e-02  PDE=2.169e-03 [colloc=2.055e-03, cfd=1.146e-04]  WALL=3.346e-15  DATA=1.016e-03
Invoked: SSBroyden1 approach!
[BFGS] batch= 121  call=  4726  total=1.348e-02  PDE=2.130e-03 [colloc=2.016e-03, cfd=1.146e-04]  WALL=3.344e-15  DATA=1.017e-03
Invoked: SSBroyden1 approach!
[BFGS] batch= 121  call=  4727  total=1.341e-02  PDE=2.116e-03 [colloc=2.002e-03, cfd=1.146e-04]  WALL=3.344e-15  DATA=1.018e-03
Invoked: SSBroyden1 approach!
[BFGS] batch= 121  call=  4729  total=1.334e-02  PDE=2.110e-03 [colloc=1.996e-03, cfd=1.146e-04]  WALL=3.345e-15  DATA=1.017e-03
Invoked: SSBroyden1 approach!
[BFGS] batch= 121  call=  4731  total=1.330e-02  PDE=2.102e-03 [colloc=1.988e-03, cfd=1.145e-04]  WALL=3.345e-15  DATA=1.017e-03
Invoked: SSBroyden1 approach!
[BFGS] batch= 121  call=  4732  total=1.325e-02  PDE=2.087e-03 [colloc=1.972e-03, cfd=1.143e-04]  WALL=3.345e-15  DATA=1.018e-03
  [PT] w_u=54.9642 w_v=66.2989 gamma=0.829 (tau_u=1.819e-02 tau_v=1.508e-02 |Du|=4.52e-02 |DRu|=2.88e-01)
[BFGS-END] batch= 121  last_total=1.333e-02  last_PDE=2.087e-03 [colloc=1.972e-03, cfd=1.143e-04]  last_WALL=3.345e-15  last_DATA=1.018e-03
/oscar/home/jchen790/cylinder flow lab/src/cfp40.py:1430: OptimizeWarning: Unknown solver options: hess, hessp, bounds, constraints, tol
  result = minimize(
Invoked: SSBroyden1 approach!
[BFGS] batch= 122  call=  4753  total=1.442e-02  PDE=2.500e-03 [colloc=2.386e-03, cfd=1.143e-04]  WALL=3.347e-15  DATA=1.018e-03
Invoked: SSBroyden1 approach!
[BFGS] batch= 122  call=  4755  total=1.442e-02  PDE=2.487e-03 [colloc=2.373e-03, cfd=1.142e-04]  WALL=3.348e-15  DATA=1.018e-03
Invoked: SSBroyden1 approach!
[BFGS] batch= 122  call=  4757  total=1.441e-02  PDE=2.483e-03 [colloc=2.369e-03, cfd=1.142e-04]  WALL=3.349e-15  DATA=1.018e-03
Invoked: SSBroyden1 approach!
[BFGS] batch= 122  call=  4763  total=1.440e-02  PDE=2.480e-03 [colloc=2.366e-03, cfd=1.141e-04]  WALL=3.349e-15  DATA=1.018e-03
Invoked: SSBroyden1 approach!
[BFGS] batch= 122  call=  4764  total=1.435e-02  PDE=2.475e-03 [colloc=2.361e-03, cfd=1.140e-04]  WALL=3.350e-15  DATA=1.018e-03
  [PT] w_u=60.3395 w_v=72.2595 gamma=0.828 (tau_u=1.657e-02 tau_v=1.384e-02 |Du|=7.66e-03 |DRu|=1.56e-01)
[BFGS-END] batch= 122  last_total=1.443e-02  last_PDE=2.474e-03 [colloc=2.360e-03, cfd=1.140e-04]  last_WALL=3.350e-15  last_DATA=1.018e-03
/oscar/home/jchen790/cylinder flow lab/src/cfp40.py:1430: OptimizeWarning: Unknown solver options: hess, hessp, bounds, constraints, tol
  result = minimize(
Invoked: SSBroyden1 approach!
[BFGS] batch= 123  call=  4788  total=1.443e-02  PDE=2.484e-03 [colloc=2.370e-03, cfd=1.141e-04]  WALL=3.349e-15  DATA=1.018e-03
Invoked: SSBroyden1 approach!
[BFGS] batch= 123  call=  4789  total=1.435e-02  PDE=2.478e-03 [colloc=2.364e-03, cfd=1.143e-04]  WALL=3.349e-15  DATA=1.018e-03
  [PT] w_u=61.8071 w_v=72.7977 gamma=0.828 (tau_u=1.618e-02 tau_v=1.374e-02 |Du|=8.64e-03 |DRu|=7.00e-02)
[BFGS-END] batch= 123  last_total=1.438e-02  last_PDE=2.478e-03 [colloc=2.364e-03, cfd=1.143e-04]  last_WALL=3.349e-15  last_DATA=1.018e-03
/oscar/home/jchen790/cylinder flow lab/src/cfp40.py:1430: OptimizeWarning: Unknown solver options: hess, hessp, bounds, constraints, tol
  result = minimize(
Invoked: SSBroyden1 approach!
[BFGS] batch= 124  call=  4826  total=1.434e-02  PDE=2.490e-03 [colloc=2.375e-03, cfd=1.145e-04]  WALL=3.349e-15  DATA=1.018e-03
  [PT] w_u=65.9063 w_v=77.6711 gamma=0.828 (tau_u=1.517e-02 tau_v=1.287e-02 |Du|=5.14e-03 |DRu|=5.98e-02)
[BFGS-END] batch= 124  last_total=1.442e-02  last_PDE=2.489e-03 [colloc=2.375e-03, cfd=1.145e-04]  last_WALL=3.349e-15  last_DATA=1.018e-03
/oscar/home/jchen790/cylinder flow lab/src/cfp40.py:1430: OptimizeWarning: Unknown solver options: hess, hessp, bounds, constraints, tol
  result = minimize(
Invoked: SSBroyden1 approach!
[BFGS] batch= 125  call=  4847  total=1.444e-02  PDE=2.495e-03 [colloc=2.380e-03, cfd=1.149e-04]  WALL=3.349e-15  DATA=1.018e-03
Invoked: SSBroyden1 approach!
[BFGS] batch= 125  call=  4848  total=1.440e-02  PDE=2.489e-03 [colloc=2.372e-03, cfd=1.165e-04]  WALL=3.349e-15  DATA=1.018e-03
Invoked: SSBroyden1 approach!
[BFGS] batch= 125  call=  4855  total=1.440e-02  PDE=2.478e-03 [colloc=2.358e-03, cfd=1.195e-04]  WALL=3.349e-15  DATA=1.018e-03
Invoked: SSBroyden1 approach!
[BFGS] batch= 125  call=  4857  total=1.437e-02  PDE=2.468e-03 [colloc=2.347e-03, cfd=1.214e-04]  WALL=3.349e-15  DATA=1.018e-03
Invoked: SSBroyden1 approach!
[BFGS] batch= 125  call=  4858  total=1.436e-02  PDE=2.461e-03 [colloc=2.337e-03, cfd=1.248e-04]  WALL=3.349e-15  DATA=1.018e-03
Invoked: SSBroyden1 approach!
[BFGS] batch= 125  call=  4859  total=1.427e-02  PDE=2.454e-03 [colloc=2.327e-03, cfd=1.272e-04]  WALL=3.350e-15  DATA=1.018e-03
Invoked: SSBroyden1 approach!
[BFGS] batch= 125  call=  4868  total=1.426e-02  PDE=2.442e-03 [colloc=2.310e-03, cfd=1.316e-04]  WALL=3.350e-15  DATA=1.018e-03
  [PT] w_u=73.0758 w_v=86.1282 gamma=0.846 (tau_u=1.368e-02 tau_v=1.161e-02 |Du|=3.40e-02 |DRu|=1.85e+00)
[BFGS-END] batch= 125  last_total=1.431e-02  last_PDE=2.441e-03 [colloc=2.309e-03, cfd=1.318e-04]  last_WALL=3.350e-15  last_DATA=1.018e-03
/oscar/home/jchen790/cylinder flow lab/src/cfp40.py:1430: OptimizeWarning: Unknown solver options: hess, hessp, bounds, constraints, tol
  result = minimize(
Invoked: SSBroyden1 approach!
[BFGS] batch= 126  call=  4890  total=1.547e-02  PDE=2.867e-03 [colloc=2.722e-03, cfd=1.459e-04]  WALL=3.347e-15  DATA=1.018e-03
Invoked: SSBroyden1 approach!
[BFGS] batch= 126  call=  4891  total=1.539e-02  PDE=2.840e-03 [colloc=2.672e-03, cfd=1.682e-04]  WALL=3.346e-15  DATA=1.018e-03
Invoked: SSBroyden1 approach!
[BFGS] batch= 126  call=  4893  total=1.534e-02  PDE=2.829e-03 [colloc=2.655e-03, cfd=1.738e-04]  WALL=3.345e-15  DATA=1.018e-03
Invoked: SSBroyden1 approach!
[BFGS] batch= 126  call=  4894  total=1.529e-02  PDE=2.813e-03 [colloc=2.630e-03, cfd=1.833e-04]  WALL=3.343e-15  DATA=1.018e-03
Invoked: SSBroyden1 approach!
[BFGS] batch= 126  call=  4895  total=1.525e-02  PDE=2.791e-03 [colloc=2.598e-03, cfd=1.931e-04]  WALL=3.341e-15  DATA=1.018e-03
Invoked: SSBroyden1 approach!
[BFGS] batch= 126  call=  4896  total=1.525e-02  PDE=2.773e-03 [colloc=2.578e-03, cfd=1.949e-04]  WALL=3.341e-15  DATA=1.018e-03
  [PT] w_u=81.0141 w_v=95.5106 gamma=0.898 (tau_u=1.234e-02 tau_v=1.047e-02 |Du|=6.10e-02 |DRu|=3.49e+00)
[BFGS] batch 126: H0 not PD — resetting to identity.
[BFGS-END] batch= 126  last_total=1.524e-02  last_PDE=2.772e-03 [colloc=2.577e-03, cfd=1.949e-04]  last_WALL=3.341e-15  last_DATA=1.018e-03
/oscar/home/jchen790/cylinder flow lab/src/cfp40.py:1430: OptimizeWarning: Unknown solver options: hess, hessp, bounds, constraints, tol
  result = minimize(
Invoked: SSBroyden1 approach!
[BFGS] batch= 127  call=  4917  total=1.485e-02  PDE=2.655e-03 [colloc=2.461e-03, cfd=1.938e-04]  WALL=3.327e-15  DATA=1.014e-03
Invoked: SSBroyden1 approach!
[BFGS] batch= 127  call=  4919  total=1.457e-02  PDE=2.561e-03 [colloc=2.367e-03, cfd=1.934e-04]  WALL=3.329e-15  DATA=1.017e-03
Invoked: SSBroyden1 approach!
[BFGS] batch= 127  call=  4920  total=1.422e-02  PDE=2.420e-03 [colloc=2.227e-03, cfd=1.931e-04]  WALL=3.324e-15  DATA=1.016e-03
Invoked: SSBroyden1 approach!
[BFGS] batch= 127  call=  4922  total=1.413e-02  PDE=2.374e-03 [colloc=2.181e-03, cfd=1.930e-04]  WALL=3.321e-15  DATA=1.016e-03
Invoked: SSBroyden1 approach!
[BFGS] batch= 127  call=  4923  total=1.396e-02  PDE=2.330e-03 [colloc=2.137e-03, cfd=1.931e-04]  WALL=3.319e-15  DATA=1.016e-03
Invoked: SSBroyden1 approach!
[BFGS] batch= 127  call=  4924  total=1.383e-02  PDE=2.283e-03 [colloc=2.090e-03, cfd=1.925e-04]  WALL=3.315e-15  DATA=1.018e-03
Invoked: SSBroyden1 approach!
[BFGS] batch= 127  call=  4925  total=1.379e-02  PDE=2.270e-03 [colloc=2.079e-03, cfd=1.914e-04]  WALL=3.314e-15  DATA=1.019e-03
Invoked: SSBroyden1 approach!
[BFGS] batch= 127  call=  4926  total=1.378e-02  PDE=2.261e-03 [colloc=2.071e-03, cfd=1.907e-04]  WALL=3.314e-15  DATA=1.018e-03
Invoked: SSBroyden1 approach!
[BFGS] batch= 127  call=  4927  total=1.371e-02  PDE=2.254e-03 [colloc=2.064e-03, cfd=1.902e-04]  WALL=3.314e-15  DATA=1.018e-03
Invoked: SSBroyden1 approach!
[BFGS] batch= 127  call=  4935  total=1.370e-02  PDE=2.237e-03 [colloc=2.049e-03, cfd=1.879e-04]  WALL=3.315e-15  DATA=1.019e-03
Invoked: SSBroyden1 approach!
[BFGS] batch= 127  call=  4936  total=1.366e-02  PDE=2.231e-03 [colloc=2.044e-03, cfd=1.868e-04]  WALL=3.315e-15  DATA=1.019e-03
  [PT] w_u=75.1477 w_v=86.3839 gamma=0.892 (tau_u=1.331e-02 tau_v=1.158e-02 |Du|=7.52e-02 |DRu|=4.79e-01)
[BFGS-END] batch= 127  last_total=1.367e-02  last_PDE=2.231e-03 [colloc=2.044e-03, cfd=1.868e-04]  last_WALL=3.315e-15  last_DATA=1.019e-03
/oscar/home/jchen790/cylinder flow lab/src/cfp40.py:1430: OptimizeWarning: Unknown solver options: hess, hessp, bounds, constraints, tol
  result = minimize(
Invoked: SSBroyden1 approach!
[BFGS] batch= 128  call=  4957  total=1.984e-02  PDE=4.419e-03 [colloc=4.239e-03, cfd=1.805e-04]  WALL=3.317e-15  DATA=1.019e-03
Invoked: SSBroyden1 approach!
[BFGS] batch= 128  call=  4958  total=1.972e-02  PDE=4.384e-03 [colloc=4.214e-03, cfd=1.697e-04]  WALL=3.319e-15  DATA=1.018e-03
Invoked: SSBroyden1 approach!
[BFGS] batch= 128  call=  4959  total=1.954e-02  PDE=4.317e-03 [colloc=4.164e-03, cfd=1.528e-04]  WALL=3.323e-15  DATA=1.019e-03
Invoked: SSBroyden1 approach!
[BFGS] batch= 128  call=  4960  total=1.937e-02  PDE=4.248e-03 [colloc=4.115e-03, cfd=1.327e-04]  WALL=3.327e-15  DATA=1.019e-03
Invoked: SSBroyden1 approach!
[BFGS] batch= 128  call=  4961  total=1.922e-02  PDE=4.208e-03 [colloc=4.088e-03, cfd=1.205e-04]  WALL=3.329e-15  DATA=1.018e-03
Invoked: SSBroyden1 approach!
[BFGS] batch= 128  call=  4962  total=1.906e-02  PDE=4.162e-03 [colloc=4.044e-03, cfd=1.173e-04]  WALL=3.330e-15  DATA=1.018e-03
Invoked: SSBroyden1 approach!
[BFGS] batch= 128  call=  4963  total=1.893e-02  PDE=4.102e-03 [colloc=3.978e-03, cfd=1.239e-04]  WALL=3.331e-15  DATA=1.018e-03
Invoked: SSBroyden1 approach!
[BFGS] batch= 128  call=  4964  total=1.874e-02  PDE=4.053e-03 [colloc=3.914e-03, cfd=1.384e-04]  WALL=3.334e-15  DATA=1.017e-03
Invoked: SSBroyden1 approach!
[BFGS] batch= 128  call=  4965  total=1.860e-02  PDE=4.004e-03 [colloc=3.829e-03, cfd=1.750e-04]  WALL=3.336e-15  DATA=1.017e-03
Invoked: SSBroyden1 approach!
[BFGS] batch= 128  call=  4966  total=1.858e-02  PDE=3.985e-03 [colloc=3.769e-03, cfd=2.166e-04]  WALL=3.340e-15  DATA=1.018e-03
Invoked: SSBroyden1 approach!
[BFGS] batch= 128  call=  4967  total=1.855e-02  PDE=3.975e-03 [colloc=3.753e-03, cfd=2.221e-04]  WALL=3.341e-15  DATA=1.018e-03
Invoked: SSBroyden1 approach!
[BFGS] batch= 128  call=  4968  total=1.853e-02  PDE=3.964e-03 [colloc=3.731e-03, cfd=2.322e-04]  WALL=3.341e-15  DATA=1.018e-03
Invoked: SSBroyden1 approach!
[BFGS] batch= 128  call=  4969  total=1.852e-02  PDE=3.955e-03 [colloc=3.720e-03, cfd=2.358e-04]  WALL=3.342e-15  DATA=1.018e-03
Invoked: SSBroyden1 approach!
[BFGS] batch= 128  call=  4979  total=1.845e-02  PDE=3.949e-03 [colloc=3.710e-03, cfd=2.385e-04]  WALL=3.342e-15  DATA=1.018e-03
Invoked: SSBroyden1 approach!
[BFGS] batch= 128  call=  4981  total=1.843e-02  PDE=3.936e-03 [colloc=3.694e-03, cfd=2.423e-04]  WALL=3.342e-15  DATA=1.018e-03
Invoked: SSBroyden1 approach!
[BFGS] batch= 128  call=  4988  total=1.839e-02  PDE=3.925e-03 [colloc=3.681e-03, cfd=2.443e-04]  WALL=3.342e-15  DATA=1.018e-03
Invoked: SSBroyden1 approach!
[BFGS] batch= 128  call=  4989  total=1.831e-02  PDE=3.901e-03 [colloc=3.655e-03, cfd=2.466e-04]  WALL=3.343e-15  DATA=1.018e-03
Invoked: SSBroyden1 approach!
[BFGS] batch= 128  call=  4990  total=1.822e-02  PDE=3.852e-03 [colloc=3.602e-03, cfd=2.498e-04]  WALL=3.344e-15  DATA=1.018e-03
Invoked: SSBroyden1 approach!
[BFGS] batch= 128  call=  4991  total=1.815e-02  PDE=3.801e-03 [colloc=3.549e-03, cfd=2.515e-04]  WALL=3.346e-15  DATA=1.019e-03
Invoked: SSBroyden1 approach!
[BFGS] batch= 128  call=  4993  total=1.754e-02  PDE=3.607e-03 [colloc=3.348e-03, cfd=2.593e-04]  WALL=3.356e-15  DATA=1.019e-03
Invoked: SSBroyden1 approach!
[BFGS] batch= 128  call=  4994  total=1.675e-02  PDE=3.314e-03 [colloc=3.011e-03, cfd=3.033e-04]  WALL=3.370e-15  DATA=1.019e-03
Invoked: SSBroyden1 approach!
[BFGS] batch= 128  call=  4996  total=1.642e-02  PDE=3.183e-03 [colloc=2.839e-03, cfd=3.435e-04]  WALL=3.378e-15  DATA=1.020e-03
Invoked: SSBroyden1 approach!
[BFGS] batch= 128  call=  4998  total=1.621e-02  PDE=3.118e-03 [colloc=2.751e-03, cfd=3.673e-04]  WALL=3.381e-15  DATA=1.020e-03
Invoked: SSBroyden1 approach!
[BFGS] batch= 128  call=  5000  total=1.619e-02  PDE=3.102e-03 [colloc=2.729e-03, cfd=3.733e-04]  WALL=3.382e-15  DATA=1.021e-03
Invoked: SSBroyden1 approach!
[BFGS] batch= 128  call=  5007  total=1.614e-02  PDE=3.091e-03 [colloc=2.714e-03, cfd=3.766e-04]  WALL=3.382e-15  DATA=1.021e-03
  [PT] w_u=83.4116 w_v=95.8993 gamma=0.995 (tau_u=1.199e-02 tau_v=1.043e-02 |Du|=2.58e-01 |DRu|=2.32e+01)
[BFGS] batch 128: H0 not PD — resetting to identity.
[BFGS-END] batch= 128  last_total=1.613e-02  last_PDE=3.091e-03 [colloc=2.714e-03, cfd=3.767e-04]  last_WALL=3.382e-15  last_DATA=1.021e-03
/oscar/home/jchen790/cylinder flow lab/src/cfp40.py:1430: OptimizeWarning: Unknown solver options: hess, hessp, bounds, constraints, tol
  result = minimize(
Invoked: SSBroyden1 approach!
[BFGS] batch= 129  call=  5029  total=2.383e-02  PDE=5.817e-03 [colloc=5.443e-03, cfd=3.738e-04]  WALL=3.400e-15  DATA=1.028e-03
Invoked: SSBroyden1 approach!
[BFGS] batch= 129  call=  5031  total=2.273e-02  PDE=5.440e-03 [colloc=5.067e-03, cfd=3.733e-04]  WALL=3.391e-15  DATA=1.022e-03
Invoked: SSBroyden1 approach!
[BFGS] batch= 129  call=  5033  total=2.261e-02  PDE=5.404e-03 [colloc=5.030e-03, cfd=3.737e-04]  WALL=3.390e-15  DATA=1.022e-03
Invoked: SSBroyden1 approach!
[BFGS] batch= 129  call=  5034  total=2.258e-02  PDE=5.363e-03 [colloc=4.989e-03, cfd=3.738e-04]  WALL=3.388e-15  DATA=1.023e-03
Invoked: SSBroyden1 approach!
[BFGS] batch= 129  call=  5035  total=2.240e-02  PDE=5.342e-03 [colloc=4.968e-03, cfd=3.738e-04]  WALL=3.387e-15  DATA=1.023e-03
Invoked: SSBroyden1 approach!
[BFGS] batch= 129  call=  5036  total=2.239e-02  PDE=5.310e-03 [colloc=4.938e-03, cfd=3.721e-04]  WALL=3.387e-15  DATA=1.025e-03
Invoked: SSBroyden1 approach!
[BFGS] batch= 129  call=  5037  total=2.233e-02  PDE=5.304e-03 [colloc=4.932e-03, cfd=3.719e-04]  WALL=3.387e-15  DATA=1.025e-03
Invoked: SSBroyden1 approach!
[BFGS] batch= 129  call=  5046  total=2.233e-02  PDE=5.300e-03 [colloc=4.929e-03, cfd=3.716e-04]  WALL=3.387e-15  DATA=1.025e-03
Invoked: SSBroyden1 approach!
[BFGS] batch= 129  call=  5048  total=2.230e-02  PDE=5.293e-03 [colloc=4.922e-03, cfd=3.709e-04]  WALL=3.387e-15  DATA=1.025e-03
Invoked: SSBroyden1 approach!
[BFGS] batch= 129  call=  5049  total=2.228e-02  PDE=5.275e-03 [colloc=4.906e-03, cfd=3.683e-04]  WALL=3.387e-15  DATA=1.025e-03
Invoked: SSBroyden1 approach!
[BFGS] batch= 129  call=  5050  total=2.227e-02  PDE=5.265e-03 [colloc=4.898e-03, cfd=3.670e-04]  WALL=3.387e-15  DATA=1.025e-03
Invoked: SSBroyden1 approach!
[BFGS] batch= 129  call=  5051  total=2.224e-02  PDE=5.256e-03 [colloc=4.891e-03, cfd=3.650e-04]  WALL=3.387e-15  DATA=1.025e-03
Invoked: SSBroyden1 approach!
[BFGS] batch= 129  call=  5052  total=2.213e-02  PDE=5.245e-03 [colloc=4.885e-03, cfd=3.598e-04]  WALL=3.389e-15  DATA=1.025e-03
  [PT] w_u=77.9561 w_v=89.9969 gamma=0.994 (tau_u=1.283e-02 tau_v=1.111e-02 |Du|=1.24e-01 |DRu|=8.66e-01)
[BFGS-END] batch= 129  last_total=2.216e-02  last_PDE=5.244e-03 [colloc=4.885e-03, cfd=3.598e-04]  last_WALL=3.389e-15  last_DATA=1.025e-03
/oscar/home/jchen790/cylinder flow lab/src/cfp40.py:1430: OptimizeWarning: Unknown solver options: hess, hessp, bounds, constraints, tol
  result = minimize(
Invoked: SSBroyden1 approach!
[BFGS] batch= 130  call=  5074  total=6.525e-02  PDE=2.070e-02 [colloc=2.039e-02, cfd=3.063e-04]  WALL=3.383e-15  DATA=1.025e-03
Invoked: SSBroyden1 approach!
[BFGS] batch= 130  call=  5075  total=6.454e-02  PDE=2.045e-02 [colloc=2.019e-02, cfd=2.624e-04]  WALL=3.380e-15  DATA=1.024e-03
Invoked: SSBroyden1 approach!
[BFGS] batch= 130  call=  5076  total=6.378e-02  PDE=2.016e-02 [colloc=1.992e-02, cfd=2.390e-04]  WALL=3.371e-15  DATA=1.022e-03
Invoked: SSBroyden1 approach!
[BFGS] batch= 130  call=  5077  total=6.278e-02  PDE=1.982e-02 [colloc=1.955e-02, cfd=2.695e-04]  WALL=3.368e-15  DATA=1.022e-03
Invoked: SSBroyden1 approach!
[BFGS] batch= 130  call=  5078  total=6.171e-02  PDE=1.941e-02 [colloc=1.901e-02, cfd=4.018e-04]  WALL=3.358e-15  DATA=1.021e-03
Invoked: SSBroyden1 approach!
[BFGS] batch= 130  call=  5079  total=6.117e-02  PDE=1.924e-02 [colloc=1.858e-02, cfd=6.644e-04]  WALL=3.356e-15  DATA=1.019e-03
Invoked: SSBroyden1 approach!
[BFGS] batch= 130  call=  5080  total=6.045e-02  PDE=1.899e-02 [colloc=1.815e-02, cfd=8.400e-04]  WALL=3.354e-15  DATA=1.019e-03
Invoked: SSBroyden1 approach!
[BFGS] batch= 130  call=  5081  total=5.969e-02  PDE=1.871e-02 [colloc=1.761e-02, cfd=1.104e-03]  WALL=3.352e-15  DATA=1.017e-03
Invoked: SSBroyden1 approach!
[BFGS] batch= 130  call=  5082  total=5.921e-02  PDE=1.855e-02 [colloc=1.713e-02, cfd=1.425e-03]  WALL=3.350e-15  DATA=1.017e-03
Invoked: SSBroyden1 approach!
[BFGS] batch= 130  call=  5083  total=5.851e-02  PDE=1.831e-02 [colloc=1.667e-02, cfd=1.632e-03]  WALL=3.351e-15  DATA=1.017e-03
Invoked: SSBroyden1 approach!
[BFGS] batch= 130  call=  5084  total=5.734e-02  PDE=1.786e-02 [colloc=1.592e-02, cfd=1.939e-03]  WALL=3.345e-15  DATA=1.017e-03
Invoked: SSBroyden1 approach!
[BFGS] batch= 130  call=  5085  total=5.514e-02  PDE=1.708e-02 [colloc=1.460e-02, cfd=2.487e-03]  WALL=3.338e-15  DATA=1.018e-03
Invoked: SSBroyden1 approach!
[BFGS] batch= 130  call=  5086  total=5.094e-02  PDE=1.557e-02 [colloc=1.186e-02, cfd=3.718e-03]  WALL=3.326e-15  DATA=1.020e-03
Invoked: SSBroyden1 approach!
[BFGS] batch= 130  call=  5087  total=4.729e-02  PDE=1.427e-02 [colloc=7.464e-03, cfd=6.807e-03]  WALL=3.314e-15  DATA=1.029e-03
Invoked: SSBroyden1 approach!
[BFGS] batch= 130  call=  5089  total=4.660e-02  PDE=1.402e-02 [colloc=6.692e-03, cfd=7.329e-03]  WALL=3.311e-15  DATA=1.031e-03
Invoked: SSBroyden1 approach!
[BFGS] batch= 130  call=  5091  total=4.646e-02  PDE=1.396e-02 [colloc=6.524e-03, cfd=7.435e-03]  WALL=3.311e-15  DATA=1.031e-03
Invoked: SSBroyden1 approach!
[BFGS] batch= 130  call=  5092  total=4.639e-02  PDE=1.392e-02 [colloc=6.433e-03, cfd=7.483e-03]  WALL=3.310e-15  DATA=1.031e-03
Invoked: SSBroyden1 approach!
[BFGS] batch= 130  call=  5093  total=4.626e-02  PDE=1.387e-02 [colloc=6.406e-03, cfd=7.466e-03]  WALL=3.309e-15  DATA=1.031e-03
Invoked: SSBroyden1 approach!
[BFGS] batch= 130  call=  5094  total=4.604e-02  PDE=1.379e-02 [colloc=6.383e-03, cfd=7.411e-03]  WALL=3.311e-15  DATA=1.032e-03
Invoked: SSBroyden1 approach!
[BFGS] batch= 130  call=  5095  total=4.568e-02  PDE=1.365e-02 [colloc=6.344e-03, cfd=7.306e-03]  WALL=3.312e-15  DATA=1.032e-03
Invoked: SSBroyden1 approach!
[BFGS] batch= 130  call=  5096  total=4.504e-02  PDE=1.343e-02 [colloc=6.297e-03, cfd=7.134e-03]  WALL=3.312e-15  DATA=1.034e-03
Invoked: SSBroyden1 approach!
[BFGS] batch= 130  call=  5097  total=4.420e-02  PDE=1.313e-02 [colloc=6.310e-03, cfd=6.817e-03]  WALL=3.311e-15  DATA=1.037e-03
Invoked: SSBroyden1 approach!
[BFGS] batch= 130  call=  5098  total=4.367e-02  PDE=1.290e-02 [colloc=6.502e-03, cfd=6.399e-03]  WALL=3.307e-15  DATA=1.042e-03
Invoked: SSBroyden1 approach!
[BFGS] batch= 130  call=  5099  total=4.304e-02  PDE=1.268e-02 [colloc=6.510e-03, cfd=6.169e-03]  WALL=3.303e-15  DATA=1.044e-03
Invoked: SSBroyden1 approach!
[BFGS] batch= 130  call=  5100  total=4.234e-02  PDE=1.241e-02 [colloc=6.502e-03, cfd=5.909e-03]  WALL=3.303e-15  DATA=1.046e-03
Invoked: SSBroyden1 approach!
[BFGS] batch= 130  call=  5101  total=4.145e-02  PDE=1.205e-02 [colloc=6.399e-03, cfd=5.649e-03]  WALL=3.304e-15  DATA=1.049e-03
Invoked: SSBroyden1 approach!
[BFGS] batch= 130  call=  5102  total=4.006e-02  PDE=1.155e-02 [colloc=6.167e-03, cfd=5.382e-03]  WALL=3.299e-15  DATA=1.051e-03
Invoked: SSBroyden1 approach!
[BFGS] batch= 130  call=  5103  total=3.781e-02  PDE=1.071e-02 [colloc=5.608e-03, cfd=5.099e-03]  WALL=3.296e-15  DATA=1.056e-03
Invoked: SSBroyden1 approach!
[BFGS] batch= 130  call=  5104  total=3.655e-02  PDE=1.020e-02 [colloc=5.363e-03, cfd=4.839e-03]  WALL=3.291e-15  DATA=1.061e-03
Invoked: SSBroyden1 approach!
[BFGS] batch= 130  call=  5106  total=3.616e-02  PDE=1.003e-02 [colloc=5.208e-03, cfd=4.824e-03]  WALL=3.289e-15  DATA=1.061e-03
Invoked: SSBroyden1 approach!
[BFGS] batch= 130  call=  5107  total=3.602e-02  PDE=9.983e-03 [colloc=5.182e-03, cfd=4.802e-03]  WALL=3.286e-15  DATA=1.063e-03
Invoked: SSBroyden1 approach!
[BFGS] batch= 130  call=  5108  total=3.579e-02  PDE=9.904e-03 [colloc=5.110e-03, cfd=4.794e-03]  WALL=3.286e-15  DATA=1.064e-03
Invoked: SSBroyden1 approach!
[BFGS] batch= 130  call=  5109  total=3.550e-02  PDE=9.800e-03 [colloc=5.034e-03, cfd=4.766e-03]  WALL=3.284e-15  DATA=1.065e-03
Invoked: SSBroyden1 approach!
[BFGS] batch= 130  call=  5110  total=3.511e-02  PDE=9.640e-03 [colloc=4.929e-03, cfd=4.711e-03]  WALL=3.286e-15  DATA=1.067e-03
Invoked: SSBroyden1 approach!
[BFGS] batch= 130  call=  5111  total=3.457e-02  PDE=9.437e-03 [colloc=4.804e-03, cfd=4.633e-03]  WALL=3.286e-15  DATA=1.070e-03
Invoked: SSBroyden1 approach!
[BFGS] batch= 130  call=  5112  total=3.426e-02  PDE=9.299e-03 [colloc=4.792e-03, cfd=4.507e-03]  WALL=3.293e-15  DATA=1.075e-03
Invoked: SSBroyden1 approach!
[BFGS] batch= 130  call=  5113  total=3.376e-02  PDE=9.131e-03 [colloc=4.702e-03, cfd=4.429e-03]  WALL=3.293e-15  DATA=1.076e-03
Invoked: SSBroyden1 approach!
[BFGS] batch= 130  call=  5114  total=3.302e-02  PDE=8.868e-03 [colloc=4.566e-03, cfd=4.302e-03]  WALL=3.293e-15  DATA=1.079e-03
Invoked: SSBroyden1 approach!
[BFGS] batch= 130  call=  5115  total=3.221e-02  PDE=8.579e-03 [colloc=4.472e-03, cfd=4.107e-03]  WALL=3.297e-15  DATA=1.083e-03
Invoked: SSBroyden1 approach!
[BFGS] batch= 130  call=  5116  total=3.145e-02  PDE=8.294e-03 [colloc=4.391e-03, cfd=3.903e-03]  WALL=3.294e-15  DATA=1.086e-03
Invoked: SSBroyden1 approach!
[BFGS] batch= 130  call=  5117  total=3.053e-02  PDE=8.018e-03 [colloc=4.310e-03, cfd=3.708e-03]  WALL=3.297e-15  DATA=1.090e-03
Invoked: SSBroyden1 approach!
[BFGS] batch= 130  call=  5118  total=2.940e-02  PDE=7.610e-03 [colloc=4.152e-03, cfd=3.458e-03]  WALL=3.302e-15  DATA=1.096e-03
Invoked: SSBroyden1 approach!
[BFGS] batch= 130  call=  5119  total=2.829e-02  PDE=7.215e-03 [colloc=4.043e-03, cfd=3.172e-03]  WALL=3.317e-15  DATA=1.101e-03
Invoked: SSBroyden1 approach!
[BFGS] batch= 130  call=  5120  total=2.768e-02  PDE=6.990e-03 [colloc=4.095e-03, cfd=2.895e-03]  WALL=3.325e-15  DATA=1.106e-03
Invoked: SSBroyden1 approach!
[BFGS] batch= 130  call=  5121  total=2.701e-02  PDE=6.736e-03 [colloc=3.975e-03, cfd=2.761e-03]  WALL=3.330e-15  DATA=1.109e-03
Invoked: SSBroyden1 approach!
[BFGS] batch= 130  call=  5122  total=2.625e-02  PDE=6.494e-03 [colloc=3.886e-03, cfd=2.607e-03]  WALL=3.330e-15  DATA=1.110e-03
Invoked: SSBroyden1 approach!
[BFGS] batch= 130  call=  5123  total=2.558e-02  PDE=6.264e-03 [colloc=3.830e-03, cfd=2.433e-03]  WALL=3.333e-15  DATA=1.109e-03
Invoked: SSBroyden1 approach!
[BFGS] batch= 130  call=  5124  total=2.493e-02  PDE=6.054e-03 [colloc=3.771e-03, cfd=2.283e-03]  WALL=3.332e-15  DATA=1.111e-03
Invoked: SSBroyden1 approach!
[BFGS] batch= 130  call=  5125  total=2.415e-02  PDE=5.754e-03 [colloc=3.611e-03, cfd=2.143e-03]  WALL=3.332e-15  DATA=1.112e-03
Invoked: SSBroyden1 approach!
[BFGS] batch= 130  call=  5126  total=2.325e-02  PDE=5.450e-03 [colloc=3.453e-03, cfd=1.997e-03]  WALL=3.332e-15  DATA=1.115e-03
Invoked: SSBroyden1 approach!
[BFGS] batch= 130  call=  5127  total=2.307e-02  PDE=5.377e-03 [colloc=3.546e-03, cfd=1.832e-03]  WALL=3.339e-15  DATA=1.114e-03
Invoked: SSBroyden1 approach!
[BFGS] batch= 130  call=  5128  total=2.284e-02  PDE=5.268e-03 [colloc=3.472e-03, cfd=1.796e-03]  WALL=3.337e-15  DATA=1.114e-03
Invoked: SSBroyden1 approach!
[BFGS] batch= 130  call=  5129  total=2.242e-02  PDE=5.138e-03 [colloc=3.394e-03, cfd=1.744e-03]  WALL=3.336e-15  DATA=1.115e-03
Invoked: SSBroyden1 approach!
[BFGS] batch= 130  call=  5130  total=2.185e-02  PDE=4.936e-03 [colloc=3.298e-03, cfd=1.639e-03]  WALL=3.339e-15  DATA=1.114e-03
Invoked: SSBroyden1 approach!
[BFGS] batch= 130  call=  5131  total=2.111e-02  PDE=4.676e-03 [colloc=3.166e-03, cfd=1.509e-03]  WALL=3.344e-15  DATA=1.113e-03
Invoked: SSBroyden1 approach!
[BFGS] batch= 130  call=  5132  total=2.048e-02  PDE=4.462e-03 [colloc=3.115e-03, cfd=1.347e-03]  WALL=3.342e-15  DATA=1.114e-03
Invoked: SSBroyden1 approach!
[BFGS] batch= 130  call=  5133  total=2.018e-02  PDE=4.343e-03 [colloc=3.133e-03, cfd=1.210e-03]  WALL=3.347e-15  DATA=1.114e-03
Invoked: SSBroyden1 approach!
[BFGS] batch= 130  call=  5134  total=1.974e-02  PDE=4.175e-03 [colloc=3.033e-03, cfd=1.142e-03]  WALL=3.350e-15  DATA=1.113e-03
Invoked: SSBroyden1 approach!
[BFGS] batch= 130  call=  5135  total=1.943e-02  PDE=4.072e-03 [colloc=3.023e-03, cfd=1.049e-03]  WALL=3.355e-15  DATA=1.110e-03
Invoked: SSBroyden1 approach!
[BFGS] batch= 130  call=  5136  total=1.903e-02  PDE=3.928e-03 [colloc=2.940e-03, cfd=9.883e-04]  WALL=3.364e-15  DATA=1.111e-03
Invoked: SSBroyden1 approach!
[BFGS] batch= 130  call=  5137  total=1.851e-02  PDE=3.737e-03 [colloc=2.821e-03, cfd=9.159e-04]  WALL=3.367e-15  DATA=1.110e-03
Invoked: SSBroyden1 approach!
[BFGS] batch= 130  call=  5138  total=1.836e-02  PDE=3.675e-03 [colloc=2.864e-03, cfd=8.118e-04]  WALL=3.372e-15  DATA=1.113e-03
Invoked: SSBroyden1 approach!
[BFGS] batch= 130  call=  5139  total=1.810e-02  PDE=3.593e-03 [colloc=2.808e-03, cfd=7.844e-04]  WALL=3.374e-15  DATA=1.112e-03
Invoked: SSBroyden1 approach!
[BFGS] batch= 130  call=  5140  total=1.784e-02  PDE=3.471e-03 [colloc=2.737e-03, cfd=7.348e-04]  WALL=3.374e-15  DATA=1.111e-03
Invoked: SSBroyden1 approach!
[BFGS] batch= 130  call=  5141  total=1.741e-02  PDE=3.329e-03 [colloc=2.643e-03, cfd=6.863e-04]  WALL=3.372e-15  DATA=1.110e-03
Invoked: SSBroyden1 approach!
[BFGS] batch= 130  call=  5142  total=1.719e-02  PDE=3.251e-03 [colloc=2.635e-03, cfd=6.154e-04]  WALL=3.372e-15  DATA=1.107e-03
Invoked: SSBroyden1 approach!
[BFGS] batch= 130  call=  5143  total=1.686e-02  PDE=3.140e-03 [colloc=2.562e-03, cfd=5.786e-04]  WALL=3.376e-15  DATA=1.107e-03
Invoked: SSBroyden1 approach!
[BFGS] batch= 130  call=  5144  total=1.650e-02  PDE=3.026e-03 [colloc=2.501e-03, cfd=5.252e-04]  WALL=3.381e-15  DATA=1.106e-03
Invoked: SSBroyden1 approach!
[BFGS] batch= 130  call=  5145  total=1.623e-02  PDE=2.916e-03 [colloc=2.444e-03, cfd=4.722e-04]  WALL=3.385e-15  DATA=1.103e-03
Invoked: SSBroyden1 approach!
[BFGS] batch= 130  call=  5146  total=1.595e-02  PDE=2.831e-03 [colloc=2.398e-03, cfd=4.333e-04]  WALL=3.383e-15  DATA=1.100e-03
Invoked: SSBroyden1 approach!
[BFGS] batch= 130  call=  5147  total=1.575e-02  PDE=2.778e-03 [colloc=2.378e-03, cfd=4.002e-04]  WALL=3.385e-15  DATA=1.098e-03
Invoked: SSBroyden1 approach!
[BFGS] batch= 130  call=  5148  total=1.553e-02  PDE=2.702e-03 [colloc=2.321e-03, cfd=3.813e-04]  WALL=3.387e-15  DATA=1.096e-03
Invoked: SSBroyden1 approach!
[BFGS] batch= 130  call=  5149  total=1.529e-02  PDE=2.622e-03 [colloc=2.260e-03, cfd=3.620e-04]  WALL=3.393e-15  DATA=1.094e-03
Invoked: SSBroyden1 approach!
[BFGS] batch= 130  call=  5150  total=1.505e-02  PDE=2.544e-03 [colloc=2.197e-03, cfd=3.463e-04]  WALL=3.394e-15  DATA=1.093e-03
Invoked: SSBroyden1 approach!
[BFGS] batch= 130  call=  5151  total=1.478e-02  PDE=2.485e-03 [colloc=2.156e-03, cfd=3.295e-04]  WALL=3.395e-15  DATA=1.090e-03
Invoked: SSBroyden1 approach!
[BFGS] batch= 130  call=  5152  total=1.471e-02  PDE=2.439e-03 [colloc=2.128e-03, cfd=3.116e-04]  WALL=3.394e-15  DATA=1.087e-03
Invoked: SSBroyden1 approach!
[BFGS] batch= 130  call=  5153  total=1.454e-02  PDE=2.398e-03 [colloc=2.093e-03, cfd=3.053e-04]  WALL=3.394e-15  DATA=1.086e-03
Invoked: SSBroyden1 approach!
[BFGS] batch= 130  call=  5154  total=1.439e-02  PDE=2.343e-03 [colloc=2.051e-03, cfd=2.923e-04]  WALL=3.393e-15  DATA=1.085e-03
Invoked: SSBroyden1 approach!
[BFGS] batch= 130  call=  5156  total=1.431e-02  PDE=2.315e-03 [colloc=2.028e-03, cfd=2.862e-04]  WALL=3.393e-15  DATA=1.084e-03
Invoked: SSBroyden1 approach!
[BFGS] batch= 130  call=  5157  total=1.422e-02  PDE=2.278e-03 [colloc=2.001e-03, cfd=2.777e-04]  WALL=3.394e-15  DATA=1.082e-03
Invoked: SSBroyden1 approach!
[BFGS] batch= 130  call=  5158  total=1.418e-02  PDE=2.240e-03 [colloc=1.977e-03, cfd=2.630e-04]  WALL=3.393e-15  DATA=1.081e-03
Invoked: SSBroyden1 approach!
[BFGS] batch= 130  call=  5159  total=1.405e-02  PDE=2.217e-03 [colloc=1.961e-03, cfd=2.567e-04]  WALL=3.393e-15  DATA=1.080e-03
Invoked: SSBroyden1 approach!
[BFGS] batch= 130  call=  5160  total=1.390e-02  PDE=2.174e-03 [colloc=1.936e-03, cfd=2.376e-04]  WALL=3.393e-15  DATA=1.079e-03
Invoked: SSBroyden1 approach!
[BFGS] batch= 130  call=  5161  total=1.374e-02  PDE=2.147e-03 [colloc=1.931e-03, cfd=2.160e-04]  WALL=3.392e-15  DATA=1.076e-03
Invoked: SSBroyden1 approach!
[BFGS] batch= 130  call=  5162  total=1.371e-02  PDE=2.119e-03 [colloc=1.921e-03, cfd=1.977e-04]  WALL=3.393e-15  DATA=1.074e-03
Invoked: SSBroyden1 approach!
[BFGS] batch= 130  call=  5163  total=1.366e-02  PDE=2.102e-03 [colloc=1.908e-03, cfd=1.940e-04]  WALL=3.392e-15  DATA=1.073e-03
Invoked: SSBroyden1 approach!
[BFGS] batch= 130  call=  5164  total=1.358e-02  PDE=2.072e-03 [colloc=1.888e-03, cfd=1.845e-04]  WALL=3.393e-15  DATA=1.072e-03
Invoked: SSBroyden1 approach!
[BFGS] batch= 130  call=  5165  total=1.350e-02  PDE=2.038e-03 [colloc=1.863e-03, cfd=1.755e-04]  WALL=3.392e-15  DATA=1.071e-03
Invoked: SSBroyden1 approach!
[BFGS] batch= 130  call=  5166  total=1.338e-02  PDE=2.003e-03 [colloc=1.835e-03, cfd=1.685e-04]  WALL=3.392e-15  DATA=1.069e-03
Invoked: SSBroyden1 approach!
[BFGS] batch= 130  call=  5167  total=1.336e-02  PDE=1.977e-03 [colloc=1.818e-03, cfd=1.597e-04]  WALL=3.392e-15  DATA=1.065e-03
Invoked: SSBroyden1 approach!
[BFGS] batch= 130  call=  5168  total=1.326e-02  PDE=1.969e-03 [colloc=1.811e-03, cfd=1.585e-04]  WALL=3.392e-15  DATA=1.065e-03
Invoked: SSBroyden1 approach!
[BFGS] batch= 130  call=  5169  total=1.324e-02  PDE=1.961e-03 [colloc=1.810e-03, cfd=1.510e-04]  WALL=3.391e-15  DATA=1.063e-03
Invoked: SSBroyden1 approach!
[BFGS] batch= 130  call=  5170  total=1.315e-02  PDE=1.949e-03 [colloc=1.800e-03, cfd=1.494e-04]  WALL=3.391e-15  DATA=1.062e-03
Invoked: SSBroyden1 approach!
[BFGS] batch= 130  call=  5180  total=1.314e-02  PDE=1.928e-03 [colloc=1.782e-03, cfd=1.453e-04]  WALL=3.388e-15  DATA=1.061e-03
Invoked: SSBroyden1 approach!
[BFGS] batch= 130  call=  5181  total=1.306e-02  PDE=1.921e-03 [colloc=1.777e-03, cfd=1.447e-04]  WALL=3.388e-15  DATA=1.061e-03
Invoked: SSBroyden1 approach!
[BFGS] batch= 130  call=  5182  total=1.295e-02  PDE=1.894e-03 [colloc=1.753e-03, cfd=1.417e-04]  WALL=3.386e-15  DATA=1.058e-03
Invoked: SSBroyden1 approach!
[BFGS] batch= 130  call=  5183  total=1.294e-02  PDE=1.880e-03 [colloc=1.743e-03, cfd=1.374e-04]  WALL=3.384e-15  DATA=1.056e-03
Invoked: SSBroyden1 approach!
[BFGS] batch= 130  call=  5184  total=1.292e-02  PDE=1.873e-03 [colloc=1.736e-03, cfd=1.370e-04]  WALL=3.384e-15  DATA=1.056e-03
  [PT] w_u=86.5625 w_v=99.9305 gamma=1.000 (tau_u=1.155e-02 tau_v=1.001e-02 |Du|=4.42e-01 |DRu|=5.14e+01)
[PT] batch= 130  w=9.3247e+01
[BFGS] batch 130: H0 not PD — resetting to identity.
[BFGS-END] batch= 130  last_total=1.288e-02  last_PDE=1.869e-03 [colloc=1.732e-03, cfd=1.368e-04]  last_WALL=3.384e-15  last_DATA=1.056e-03
/oscar/home/jchen790/cylinder flow lab/src/cfp40.py:1430: OptimizeWarning: Unknown solver options: hess, hessp, bounds, constraints, tol
  result = minimize(
Invoked: SSBroyden1 approach!
[BFGS] batch= 131  call=  5205  total=3.663e-02  PDE=1.029e-02 [colloc=1.015e-02, cfd=1.374e-04]  WALL=3.365e-15  DATA=1.105e-03
Invoked: SSBroyden1 approach!
[BFGS] batch= 131  call=  5207  total=2.962e-02  PDE=7.738e-03 [colloc=7.600e-03, cfd=1.375e-04]  WALL=3.389e-15  DATA=1.119e-03
Invoked: SSBroyden1 approach!
[BFGS] batch= 131  call=  5209  total=2.678e-02  PDE=6.706e-03 [colloc=6.569e-03, cfd=1.374e-04]  WALL=3.392e-15  DATA=1.121e-03
Invoked: SSBroyden1 approach!
[BFGS] batch= 131  call=  5211  total=2.536e-02  PDE=6.205e-03 [colloc=6.068e-03, cfd=1.372e-04]  WALL=3.392e-15  DATA=1.121e-03
Invoked: SSBroyden1 approach!
[BFGS] batch= 131  call=  5212  total=2.326e-02  PDE=5.435e-03 [colloc=5.298e-03, cfd=1.370e-04]  WALL=3.395e-15  DATA=1.124e-03
Invoked: SSBroyden1 approach!
[BFGS] batch= 131  call=  5213  total=2.129e-02  PDE=4.721e-03 [colloc=4.584e-03, cfd=1.369e-04]  WALL=3.395e-15  DATA=1.121e-03
Invoked: SSBroyden1 approach!
[BFGS] batch= 131  call=  5215  total=2.029e-02  PDE=4.387e-03 [colloc=4.250e-03, cfd=1.369e-04]  WALL=3.390e-15  DATA=1.121e-03
Invoked: SSBroyden1 approach!
[BFGS] batch= 131  call=  5217  total=2.003e-02  PDE=4.279e-03 [colloc=4.142e-03, cfd=1.369e-04]  WALL=3.389e-15  DATA=1.123e-03
Invoked: SSBroyden1 approach!
[BFGS] batch= 131  call=  5218  total=1.976e-02  PDE=4.207e-03 [colloc=4.070e-03, cfd=1.371e-04]  WALL=3.389e-15  DATA=1.123e-03
Invoked: SSBroyden1 approach!
[BFGS] batch= 131  call=  5219  total=1.953e-02  PDE=4.098e-03 [colloc=3.961e-03, cfd=1.374e-04]  WALL=3.394e-15  DATA=1.123e-03
Invoked: SSBroyden1 approach!
[BFGS] batch= 131  call=  5221  total=1.937e-02  PDE=4.055e-03 [colloc=3.918e-03, cfd=1.375e-04]  WALL=3.392e-15  DATA=1.124e-03
Invoked: SSBroyden1 approach!
[BFGS] batch= 131  call=  5223  total=1.928e-02  PDE=4.028e-03 [colloc=3.891e-03, cfd=1.375e-04]  WALL=3.394e-15  DATA=1.123e-03
Invoked: SSBroyden1 approach!
[BFGS] batch= 131  call=  5225  total=1.927e-02  PDE=4.010e-03 [colloc=3.873e-03, cfd=1.375e-04]  WALL=3.394e-15  DATA=1.123e-03
Invoked: SSBroyden1 approach!
[BFGS] batch= 131  call=  5234  total=1.926e-02  PDE=4.006e-03 [colloc=3.869e-03, cfd=1.375e-04]  WALL=3.394e-15  DATA=1.123e-03
  [PT] w_u=67.4758 w_v=72.9795 gamma=1.000 (tau_u=1.482e-02 tau_v=1.370e-02 |Du|=4.40e-01 |DRu|=2.09e+00)
[BFGS-END] batch= 131  last_total=1.928e-02  last_PDE=4.006e-03 [colloc=3.869e-03, cfd=1.375e-04]  last_WALL=3.394e-15  last_DATA=1.123e-03
/oscar/home/jchen790/cylinder flow lab/src/cfp40.py:1430: OptimizeWarning: Unknown solver options: hess, hessp, bounds, constraints, tol
  result = minimize(
Invoked: SSBroyden1 approach!
[BFGS] batch= 132  call=  5255  total=2.521e-01  PDE=8.753e-02 [colloc=8.738e-02, cfd=1.541e-04]  WALL=3.396e-15  DATA=1.121e-03
Invoked: SSBroyden1 approach!
[BFGS] batch= 132  call=  5256  total=2.389e-01  PDE=8.281e-02 [colloc=8.252e-02, cfd=2.954e-04]  WALL=3.408e-15  DATA=1.113e-03
Invoked: SSBroyden1 approach!
[BFGS] batch= 132  call=  5257  total=2.222e-01  PDE=7.682e-02 [colloc=7.584e-02, cfd=9.841e-04]  WALL=3.383e-15  DATA=1.113e-03
Invoked: SSBroyden1 approach!
[BFGS] batch= 132  call=  5258  total=2.146e-01  PDE=7.410e-02 [colloc=7.162e-02, cfd=2.474e-03]  WALL=3.385e-15  DATA=1.107e-03
Invoked: SSBroyden1 approach!
[BFGS] batch= 132  call=  5259  total=2.053e-01  PDE=7.078e-02 [colloc=6.749e-02, cfd=3.298e-03]  WALL=3.393e-15  DATA=1.103e-03
Invoked: SSBroyden1 approach!
[BFGS] batch= 132  call=  5260  total=1.904e-01  PDE=6.544e-02 [colloc=6.109e-02, cfd=4.347e-03]  WALL=3.391e-15  DATA=1.100e-03
Invoked: SSBroyden1 approach!
[BFGS] batch= 132  call=  5261  total=1.662e-01  PDE=5.679e-02 [colloc=5.060e-02, cfd=6.187e-03]  WALL=3.403e-15  DATA=1.103e-03
Invoked: SSBroyden1 approach!
[BFGS] batch= 132  call=  5262  total=1.366e-01  PDE=4.617e-02 [colloc=3.654e-02, cfd=9.632e-03]  WALL=3.397e-15  DATA=1.102e-03
Invoked: SSBroyden1 approach!
[BFGS] batch= 132  call=  5264  total=1.209e-01  PDE=4.050e-02 [colloc=2.839e-02, cfd=1.211e-02]  WALL=3.410e-15  DATA=1.107e-03
Invoked: SSBroyden1 approach!
[BFGS] batch= 132  call=  5266  total=1.133e-01  PDE=3.779e-02 [colloc=2.474e-02, cfd=1.305e-02]  WALL=3.421e-15  DATA=1.107e-03
Invoked: SSBroyden1 approach!
[BFGS] batch= 132  call=  5268  total=1.121e-01  PDE=3.733e-02 [colloc=2.423e-02, cfd=1.310e-02]  WALL=3.426e-15  DATA=1.106e-03
Invoked: SSBroyden1 approach!
[BFGS] batch= 132  call=  5269  total=1.102e-01  PDE=3.666e-02 [colloc=2.363e-02, cfd=1.303e-02]  WALL=3.426e-15  DATA=1.106e-03
Invoked: SSBroyden1 approach!
[BFGS] batch= 132  call=  5270  total=1.071e-01  PDE=3.551e-02 [colloc=2.273e-02, cfd=1.279e-02]  WALL=3.432e-15  DATA=1.106e-03
Invoked: SSBroyden1 approach!
[BFGS] batch= 132  call=  5271  total=1.022e-01  PDE=3.377e-02 [colloc=2.141e-02, cfd=1.235e-02]  WALL=3.435e-15  DATA=1.108e-03
Invoked: SSBroyden1 approach!
[BFGS] batch= 132  call=  5272  total=9.608e-02  PDE=3.155e-02 [colloc=1.992e-02, cfd=1.163e-02]  WALL=3.453e-15  DATA=1.106e-03
Invoked: SSBroyden1 approach!
[BFGS] batch= 132  call=  5273  total=9.137e-02  PDE=2.980e-02 [colloc=1.909e-02, cfd=1.072e-02]  WALL=3.473e-15  DATA=1.110e-03
Invoked: SSBroyden1 approach!
[BFGS] batch= 132  call=  5274  total=8.484e-02  PDE=2.744e-02 [colloc=1.750e-02, cfd=9.933e-03]  WALL=3.482e-15  DATA=1.114e-03
Invoked: SSBroyden1 approach!
[BFGS] batch= 132  call=  5275  total=8.188e-02  PDE=2.629e-02 [colloc=1.755e-02, cfd=8.732e-03]  WALL=3.477e-15  DATA=1.106e-03
Invoked: SSBroyden1 approach!
[BFGS] batch= 132  call=  5276  total=7.840e-02  PDE=2.503e-02 [colloc=1.688e-02, cfd=8.157e-03]  WALL=3.473e-15  DATA=1.107e-03
Invoked: SSBroyden1 approach!
[BFGS] batch= 132  call=  5277  total=7.544e-02  PDE=2.394e-02 [colloc=1.645e-02, cfd=7.487e-03]  WALL=3.483e-15  DATA=1.108e-03
Invoked: SSBroyden1 approach!
[BFGS] batch= 132  call=  5278  total=7.358e-02  PDE=2.324e-02 [colloc=1.625e-02, cfd=6.988e-03]  WALL=3.490e-15  DATA=1.114e-03
Invoked: SSBroyden1 approach!
[BFGS] batch= 132  call=  5279  total=7.107e-02  PDE=2.235e-02 [colloc=1.567e-02, cfd=6.676e-03]  WALL=3.486e-15  DATA=1.115e-03
Invoked: SSBroyden1 approach!
[BFGS] batch= 132  call=  5280  total=6.801e-02  PDE=2.121e-02 [colloc=1.492e-02, cfd=6.292e-03]  WALL=3.489e-15  DATA=1.115e-03
Invoked: SSBroyden1 approach!
[BFGS] batch= 132  call=  5281  total=6.502e-02  PDE=2.017e-02 [colloc=1.427e-02, cfd=5.901e-03]  WALL=3.493e-15  DATA=1.116e-03
Invoked: SSBroyden1 approach!
[BFGS] batch= 132  call=  5282  total=6.219e-02  PDE=1.916e-02 [colloc=1.358e-02, cfd=5.582e-03]  WALL=3.501e-15  DATA=1.117e-03
Invoked: SSBroyden1 approach!
[BFGS] batch= 132  call=  5283  total=5.935e-02  PDE=1.817e-02 [colloc=1.288e-02, cfd=5.282e-03]  WALL=3.499e-15  DATA=1.115e-03
Invoked: SSBroyden1 approach!
[BFGS] batch= 132  call=  5284  total=5.596e-02  PDE=1.696e-02 [colloc=1.191e-02, cfd=5.041e-03]  WALL=3.522e-15  DATA=1.117e-03
Invoked: SSBroyden1 approach!
[BFGS] batch= 132  call=  5285  total=5.188e-02  PDE=1.548e-02 [colloc=1.072e-02, cfd=4.754e-03]  WALL=3.523e-15  DATA=1.114e-03
Invoked: SSBroyden1 approach!
[BFGS] batch= 132  call=  5287  total=4.958e-02  PDE=1.467e-02 [colloc=1.014e-02, cfd=4.530e-03]  WALL=3.518e-15  DATA=1.111e-03
Invoked: SSBroyden1 approach!
[BFGS] batch= 132  call=  5288  total=4.715e-02  PDE=1.375e-02 [colloc=9.487e-03, cfd=4.263e-03]  WALL=3.524e-15  DATA=1.111e-03
Invoked: SSBroyden1 approach!
[BFGS] batch= 132  call=  5289  total=4.583e-02  PDE=1.326e-02 [colloc=9.278e-03, cfd=3.986e-03]  WALL=3.506e-15  DATA=1.110e-03
Invoked: SSBroyden1 approach!
[BFGS] batch= 132  call=  5290  total=4.392e-02  PDE=1.257e-02 [colloc=8.728e-03, cfd=3.841e-03]  WALL=3.506e-15  DATA=1.109e-03
Invoked: SSBroyden1 approach!
[BFGS] batch= 132  call=  5291  total=4.153e-02  PDE=1.169e-02 [colloc=8.065e-03, cfd=3.626e-03]  WALL=3.514e-15  DATA=1.110e-03
Invoked: SSBroyden1 approach!
[BFGS] batch= 132  call=  5292  total=3.964e-02  PDE=1.103e-02 [colloc=7.643e-03, cfd=3.382e-03]  WALL=3.512e-15  DATA=1.114e-03
Invoked: SSBroyden1 approach!
[BFGS] batch= 132  call=  5293  total=3.801e-02  PDE=1.044e-02 [colloc=7.238e-03, cfd=3.199e-03]  WALL=3.515e-15  DATA=1.120e-03
Invoked: SSBroyden1 approach!
[BFGS] batch= 132  call=  5294  total=3.573e-02  PDE=9.657e-03 [colloc=6.590e-03, cfd=3.067e-03]  WALL=3.517e-15  DATA=1.118e-03
Invoked: SSBroyden1 approach!
[BFGS] batch= 132  call=  5295  total=3.351e-02  PDE=8.921e-03 [colloc=6.028e-03, cfd=2.893e-03]  WALL=3.499e-15  DATA=1.113e-03
Invoked: SSBroyden1 approach!
[BFGS] batch= 132  call=  5296  total=3.213e-02  PDE=8.530e-03 [colloc=5.773e-03, cfd=2.757e-03]  WALL=3.489e-15  DATA=1.110e-03
Invoked: SSBroyden1 approach!
[BFGS] batch= 132  call=  5297  total=3.071e-02  PDE=8.060e-03 [colloc=5.378e-03, cfd=2.682e-03]  WALL=3.482e-15  DATA=1.110e-03
Invoked: SSBroyden1 approach!
[BFGS] batch= 132  call=  5298  total=2.963e-02  PDE=7.696e-03 [colloc=5.116e-03, cfd=2.580e-03]  WALL=3.496e-15  DATA=1.113e-03
Invoked: SSBroyden1 approach!
[BFGS] batch= 132  call=  5299  total=2.860e-02  PDE=7.352e-03 [colloc=4.858e-03, cfd=2.493e-03]  WALL=3.488e-15  DATA=1.105e-03
Invoked: SSBroyden1 approach!
[BFGS] batch= 132  call=  5300  total=2.749e-02  PDE=6.948e-03 [colloc=4.531e-03, cfd=2.417e-03]  WALL=3.483e-15  DATA=1.104e-03
Invoked: SSBroyden1 approach!
[BFGS] batch= 132  call=  5301  total=2.635e-02  PDE=6.568e-03 [colloc=4.256e-03, cfd=2.312e-03]  WALL=3.488e-15  DATA=1.102e-03
Invoked: SSBroyden1 approach!
[BFGS] batch= 132  call=  5302  total=2.530e-02  PDE=6.173e-03 [colloc=3.973e-03, cfd=2.200e-03]  WALL=3.489e-15  DATA=1.099e-03
Invoked: SSBroyden1 approach!
[BFGS] batch= 132  call=  5303  total=2.396e-02  PDE=5.720e-03 [colloc=3.643e-03, cfd=2.078e-03]  WALL=3.488e-15  DATA=1.099e-03
Invoked: SSBroyden1 approach!
[BFGS] batch= 132  call=  5305  total=2.330e-02  PDE=5.490e-03 [colloc=3.519e-03, cfd=1.970e-03]  WALL=3.486e-15  DATA=1.094e-03
Invoked: SSBroyden1 approach!
[BFGS] batch= 132  call=  5306  total=2.282e-02  PDE=5.329e-03 [colloc=3.466e-03, cfd=1.863e-03]  WALL=3.492e-15  DATA=1.093e-03
Invoked: SSBroyden1 approach!
[BFGS] batch= 132  call=  5307  total=2.216e-02  PDE=5.082e-03 [colloc=3.292e-03, cfd=1.791e-03]  WALL=3.490e-15  DATA=1.092e-03
Invoked: SSBroyden1 approach!
[BFGS] batch= 132  call=  5308  total=2.162e-02  PDE=4.893e-03 [colloc=3.194e-03, cfd=1.699e-03]  WALL=3.481e-15  DATA=1.090e-03
Invoked: SSBroyden1 approach!
[BFGS] batch= 132  call=  5309  total=2.093e-02  PDE=4.662e-03 [colloc=3.043e-03, cfd=1.618e-03]  WALL=3.473e-15  DATA=1.089e-03
Invoked: SSBroyden1 approach!
[BFGS] batch= 132  call=  5310  total=2.036e-02  PDE=4.448e-03 [colloc=2.931e-03, cfd=1.517e-03]  WALL=3.471e-15  DATA=1.084e-03
Invoked: SSBroyden1 approach!
[BFGS] batch= 132  call=  5311  total=1.976e-02  PDE=4.251e-03 [colloc=2.806e-03, cfd=1.446e-03]  WALL=3.461e-15  DATA=1.085e-03
Invoked: SSBroyden1 approach!
[BFGS] batch= 132  call=  5312  total=1.942e-02  PDE=4.123e-03 [colloc=2.755e-03, cfd=1.368e-03]  WALL=3.458e-15  DATA=1.086e-03
Invoked: SSBroyden1 approach!
[BFGS] batch= 132  call=  5313  total=1.902e-02  PDE=3.984e-03 [colloc=2.661e-03, cfd=1.322e-03]  WALL=3.452e-15  DATA=1.081e-03
Invoked: SSBroyden1 approach!
[BFGS] batch= 132  call=  5314  total=1.867e-02  PDE=3.865e-03 [colloc=2.611e-03, cfd=1.253e-03]  WALL=3.448e-15  DATA=1.080e-03
Invoked: SSBroyden1 approach!
[BFGS] batch= 132  call=  5315  total=1.829e-02  PDE=3.732e-03 [colloc=2.554e-03, cfd=1.178e-03]  WALL=3.441e-15  DATA=1.079e-03
Invoked: SSBroyden1 approach!
[BFGS] batch= 132  call=  5316  total=1.802e-02  PDE=3.633e-03 [colloc=2.535e-03, cfd=1.098e-03]  WALL=3.441e-15  DATA=1.077e-03
Invoked: SSBroyden1 approach!
[BFGS] batch= 132  call=  5317  total=1.770e-02  PDE=3.520e-03 [colloc=2.479e-03, cfd=1.042e-03]  WALL=3.438e-15  DATA=1.078e-03
Invoked: SSBroyden1 approach!
[BFGS] batch= 132  call=  5318  total=1.741e-02  PDE=3.419e-03 [colloc=2.437e-03, cfd=9.829e-04]  WALL=3.437e-15  DATA=1.074e-03
Invoked: SSBroyden1 approach!
[BFGS] batch= 132  call=  5319  total=1.733e-02  PDE=3.378e-03 [colloc=2.449e-03, cfd=9.294e-04]  WALL=3.432e-15  DATA=1.072e-03
Invoked: SSBroyden1 approach!
[BFGS] batch= 132  call=  5320  total=1.717e-02  PDE=3.330e-03 [colloc=2.415e-03, cfd=9.149e-04]  WALL=3.431e-15  DATA=1.071e-03
Invoked: SSBroyden1 approach!
[BFGS] batch= 132  call=  5321  total=1.694e-02  PDE=3.248e-03 [colloc=2.367e-03, cfd=8.808e-04]  WALL=3.427e-15  DATA=1.070e-03
Invoked: SSBroyden1 approach!
[BFGS] batch= 132  call=  5322  total=1.664e-02  PDE=3.154e-03 [colloc=2.320e-03, cfd=8.345e-04]  WALL=3.422e-15  DATA=1.067e-03
Invoked: SSBroyden1 approach!
[BFGS] batch= 132  call=  5323  total=1.641e-02  PDE=3.058e-03 [colloc=2.288e-03, cfd=7.706e-04]  WALL=3.418e-15  DATA=1.066e-03
Invoked: SSBroyden1 approach!
[BFGS] batch= 132  call=  5324  total=1.614e-02  PDE=2.974e-03 [colloc=2.253e-03, cfd=7.207e-04]  WALL=3.413e-15  DATA=1.064e-03
Invoked: SSBroyden1 approach!
[BFGS] batch= 132  call=  5325  total=1.595e-02  PDE=2.915e-03 [colloc=2.251e-03, cfd=6.638e-04]  WALL=3.403e-15  DATA=1.062e-03
Invoked: SSBroyden1 approach!
[BFGS] batch= 132  call=  5326  total=1.573e-02  PDE=2.842e-03 [colloc=2.212e-03, cfd=6.302e-04]  WALL=3.401e-15  DATA=1.061e-03
Invoked: SSBroyden1 approach!
[BFGS] batch= 132  call=  5327  total=1.567e-02  PDE=2.798e-03 [colloc=2.202e-03, cfd=5.959e-04]  WALL=3.400e-15  DATA=1.059e-03
Invoked: SSBroyden1 approach!
[BFGS] batch= 132  call=  5328  total=1.550e-02  PDE=2.760e-03 [colloc=2.174e-03, cfd=5.864e-04]  WALL=3.398e-15  DATA=1.059e-03
Invoked: SSBroyden1 approach!
[BFGS] batch= 132  call=  5329  total=1.535e-02  PDE=2.711e-03 [colloc=2.150e-03, cfd=5.606e-04]  WALL=3.394e-15  DATA=1.056e-03
Invoked: SSBroyden1 approach!
[BFGS] batch= 132  call=  5330  total=1.517e-02  PDE=2.653e-03 [colloc=2.114e-03, cfd=5.393e-04]  WALL=3.389e-15  DATA=1.054e-03
Invoked: SSBroyden1 approach!
[BFGS] batch= 132  call=  5331  total=1.502e-02  PDE=2.607e-03 [colloc=2.088e-03, cfd=5.194e-04]  WALL=3.386e-15  DATA=1.052e-03
Invoked: SSBroyden1 approach!
[BFGS] batch= 132  call=  5332  total=1.487e-02  PDE=2.570e-03 [colloc=2.067e-03, cfd=5.033e-04]  WALL=3.380e-15  DATA=1.050e-03
Invoked: SSBroyden1 approach!
[BFGS] batch= 132  call=  5333  total=1.475e-02  PDE=2.526e-03 [colloc=2.037e-03, cfd=4.889e-04]  WALL=3.375e-15  DATA=1.047e-03
Invoked: SSBroyden1 approach!
[BFGS] batch= 132  call=  5334  total=1.467e-02  PDE=2.483e-03 [colloc=2.008e-03, cfd=4.750e-04]  WALL=3.374e-15  DATA=1.045e-03
Invoked: SSBroyden1 approach!
[BFGS] batch= 132  call=  5335  total=1.449e-02  PDE=2.445e-03 [colloc=1.982e-03, cfd=4.635e-04]  WALL=3.373e-15  DATA=1.044e-03
Invoked: SSBroyden1 approach!
[BFGS] batch= 132  call=  5336  total=1.431e-02  PDE=2.405e-03 [colloc=1.967e-03, cfd=4.375e-04]  WALL=3.365e-15  DATA=1.040e-03
Invoked: SSBroyden1 approach!
[BFGS] batch= 132  call=  5338  total=1.427e-02  PDE=2.379e-03 [colloc=1.949e-03, cfd=4.306e-04]  WALL=3.364e-15  DATA=1.039e-03
Invoked: SSBroyden1 approach!
[BFGS] batch= 132  call=  5339  total=1.418e-02  PDE=2.359e-03 [colloc=1.934e-03, cfd=4.247e-04]  WALL=3.362e-15  DATA=1.038e-03
Invoked: SSBroyden1 approach!
[BFGS] batch= 132  call=  5340  total=1.407e-02  PDE=2.324e-03 [colloc=1.915e-03, cfd=4.082e-04]  WALL=3.362e-15  DATA=1.036e-03
Invoked: SSBroyden1 approach!
[BFGS] batch= 132  call=  5342  total=1.402e-02  PDE=2.305e-03 [colloc=1.904e-03, cfd=4.018e-04]  WALL=3.361e-15  DATA=1.035e-03
Invoked: SSBroyden1 approach!
[BFGS] batch= 132  call=  5343  total=1.398e-02  PDE=2.283e-03 [colloc=1.890e-03, cfd=3.926e-04]  WALL=3.360e-15  DATA=1.034e-03
Invoked: SSBroyden1 approach!
[BFGS] batch= 132  call=  5344  total=1.397e-02  PDE=2.262e-03 [colloc=1.879e-03, cfd=3.835e-04]  WALL=3.360e-15  DATA=1.033e-03
Invoked: SSBroyden1 approach!
[BFGS] batch= 132  call=  5345  total=1.394e-02  PDE=2.256e-03 [colloc=1.874e-03, cfd=3.813e-04]  WALL=3.360e-15  DATA=1.033e-03
Invoked: SSBroyden1 approach!
[BFGS] batch= 132  call=  5346  total=1.383e-02  PDE=2.237e-03 [colloc=1.865e-03, cfd=3.727e-04]  WALL=3.358e-15  DATA=1.032e-03
Invoked: SSBroyden1 approach!
[BFGS] batch= 132  call=  5347  total=1.374e-02  PDE=2.197e-03 [colloc=1.849e-03, cfd=3.488e-04]  WALL=3.353e-15  DATA=1.030e-03
Invoked: SSBroyden1 approach!
[BFGS] batch= 132  call=  5348  total=1.362e-02  PDE=2.165e-03 [colloc=1.833e-03, cfd=3.319e-04]  WALL=3.349e-15  DATA=1.027e-03
Invoked: SSBroyden1 approach!
[BFGS] batch= 132  call=  5349  total=1.350e-02  PDE=2.140e-03 [colloc=1.829e-03, cfd=3.105e-04]  WALL=3.347e-15  DATA=1.025e-03
Invoked: SSBroyden1 approach!
[BFGS] batch= 132  call=  5350  total=1.346e-02  PDE=2.130e-03 [colloc=1.838e-03, cfd=2.923e-04]  WALL=3.343e-15  DATA=1.021e-03
Invoked: SSBroyden1 approach!
[BFGS] batch= 132  call=  5351  total=1.344e-02  PDE=2.112e-03 [colloc=1.824e-03, cfd=2.873e-04]  WALL=3.341e-15  DATA=1.021e-03
Invoked: SSBroyden1 approach!
[BFGS] batch= 132  call=  5352  total=1.338e-02  PDE=2.099e-03 [colloc=1.815e-03, cfd=2.841e-04]  WALL=3.341e-15  DATA=1.021e-03
Invoked: SSBroyden1 approach!
[BFGS] batch= 132  call=  5353  total=1.332e-02  PDE=2.084e-03 [colloc=1.807e-03, cfd=2.768e-04]  WALL=3.338e-15  DATA=1.019e-03
Invoked: SSBroyden1 approach!
[BFGS] batch= 132  call=  5354  total=1.326e-02  PDE=2.067e-03 [colloc=1.798e-03, cfd=2.687e-04]  WALL=3.334e-15  DATA=1.017e-03
Invoked: SSBroyden1 approach!
[BFGS] batch= 132  call=  5355  total=1.320e-02  PDE=2.046e-03 [colloc=1.784e-03, cfd=2.618e-04]  WALL=3.333e-15  DATA=1.016e-03
Invoked: SSBroyden1 approach!
[BFGS] batch= 132  call=  5356  total=1.312e-02  PDE=2.033e-03 [colloc=1.779e-03, cfd=2.547e-04]  WALL=3.332e-15  DATA=1.015e-03
Invoked: SSBroyden1 approach!
[BFGS] batch= 132  call=  5357  total=1.310e-02  PDE=2.018e-03 [colloc=1.772e-03, cfd=2.461e-04]  WALL=3.329e-15  DATA=1.015e-03
Invoked: SSBroyden1 approach!
[BFGS] batch= 132  call=  5358  total=1.308e-02  PDE=2.006e-03 [colloc=1.762e-03, cfd=2.437e-04]  WALL=3.329e-15  DATA=1.015e-03
Invoked: SSBroyden1 approach!
[BFGS] batch= 132  call=  5359  total=1.302e-02  PDE=1.993e-03 [colloc=1.752e-03, cfd=2.408e-04]  WALL=3.329e-15  DATA=1.014e-03
Invoked: SSBroyden1 approach!
[BFGS] batch= 132  call=  5369  total=1.300e-02  PDE=1.987e-03 [colloc=1.752e-03, cfd=2.351e-04]  WALL=3.328e-15  DATA=1.013e-03
Invoked: SSBroyden1 approach!
[BFGS] batch= 132  call=  5370  total=1.294e-02  PDE=1.973e-03 [colloc=1.740e-03, cfd=2.324e-04]  WALL=3.327e-15  DATA=1.013e-03
Invoked: SSBroyden1 approach!
[BFGS] batch= 132  call=  5372  total=1.290e-02  PDE=1.962e-03 [colloc=1.731e-03, cfd=2.309e-04]  WALL=3.326e-15  DATA=1.013e-03
Invoked: SSBroyden1 approach!
[BFGS] batch= 132  call=  5380  total=1.288e-02  PDE=1.949e-03 [colloc=1.722e-03, cfd=2.273e-04]  WALL=3.325e-15  DATA=1.012e-03
Invoked: SSBroyden1 approach!
[BFGS] batch= 132  call=  5381  total=1.285e-02  PDE=1.940e-03 [colloc=1.714e-03, cfd=2.257e-04]  WALL=3.325e-15  DATA=1.012e-03
Invoked: SSBroyden1 approach!
[BFGS] batch= 132  call=  5382  total=1.283e-02  PDE=1.927e-03 [colloc=1.705e-03, cfd=2.228e-04]  WALL=3.324e-15  DATA=1.011e-03
Invoked: SSBroyden1 approach!
[BFGS] batch= 132  call=  5389  total=1.281e-02  PDE=1.915e-03 [colloc=1.695e-03, cfd=2.196e-04]  WALL=3.323e-15  DATA=1.012e-03
Invoked: SSBroyden1 approach!
[BFGS] batch= 132  call=  5390  total=1.275e-02  PDE=1.903e-03 [colloc=1.686e-03, cfd=2.164e-04]  WALL=3.323e-15  DATA=1.011e-03
Invoked: SSBroyden1 approach!
[BFGS] batch= 132  call=  5391  total=1.269e-02  PDE=1.887e-03 [colloc=1.677e-03, cfd=2.098e-04]  WALL=3.323e-15  DATA=1.011e-03
Invoked: SSBroyden1 approach!
[BFGS] batch= 132  call=  5403  total=1.268e-02  PDE=1.877e-03 [colloc=1.670e-03, cfd=2.067e-04]  WALL=3.322e-15  DATA=1.011e-03
Invoked: SSBroyden1 approach!
[BFGS] batch= 132  call=  5404  total=1.267e-02  PDE=1.872e-03 [colloc=1.667e-03, cfd=2.058e-04]  WALL=3.321e-15  DATA=1.011e-03
Invoked: SSBroyden1 approach!
[BFGS] batch= 132  call=  5405  total=1.266e-02  PDE=1.865e-03 [colloc=1.661e-03, cfd=2.037e-04]  WALL=3.320e-15  DATA=1.011e-03
  [PT] w_u=74.9223 w_v=81.0377 gamma=1.000 (tau_u=1.335e-02 tau_v=1.234e-02 |Du|=8.97e-01 |DRu|=9.43e+01)
[BFGS] batch 132: H0 not PD — resetting to identity.
[BFGS-END] batch= 132  last_total=1.263e-02  last_PDE=1.865e-03 [colloc=1.661e-03, cfd=2.036e-04]  last_WALL=3.320e-15  last_DATA=1.011e-03
/oscar/home/jchen790/cylinder flow lab/src/cfp40.py:1430: OptimizeWarning: Unknown solver options: hess, hessp, bounds, constraints, tol
  result = minimize(
Invoked: SSBroyden1 approach!
[BFGS] batch= 133  call=  5429  total=1.388e-01  PDE=4.703e-02 [colloc=4.683e-02, cfd=2.070e-04]  WALL=3.378e-15  DATA=1.061e-03
Invoked: SSBroyden1 approach!
[BFGS] batch= 133  call=  5431  total=1.184e-01  PDE=3.975e-02 [colloc=3.955e-02, cfd=2.066e-04]  WALL=3.329e-15  DATA=1.029e-03
Invoked: SSBroyden1 approach!
[BFGS] batch= 133  call=  5432  total=1.090e-01  PDE=3.640e-02 [colloc=3.620e-02, cfd=2.045e-04]  WALL=3.320e-15  DATA=1.032e-03
Invoked: SSBroyden1 approach!
[BFGS] batch= 133  call=  5433  total=1.046e-01  PDE=3.482e-02 [colloc=3.461e-02, cfd=2.036e-04]  WALL=3.312e-15  DATA=1.036e-03
Invoked: SSBroyden1 approach!
[BFGS] batch= 133  call=  5434  total=9.769e-02  PDE=3.232e-02 [colloc=3.212e-02, cfd=2.037e-04]  WALL=3.303e-15  DATA=1.032e-03
Invoked: SSBroyden1 approach!
[BFGS] batch= 133  call=  5435  total=8.990e-02  PDE=2.951e-02 [colloc=2.931e-02, cfd=2.032e-04]  WALL=3.296e-15  DATA=1.038e-03
Invoked: SSBroyden1 approach!
[BFGS] batch= 133  call=  5437  total=8.681e-02  PDE=2.842e-02 [colloc=2.821e-02, cfd=2.024e-04]  WALL=3.300e-15  DATA=1.035e-03
Invoked: SSBroyden1 approach!
[BFGS] batch= 133  call=  5439  total=8.572e-02  PDE=2.803e-02 [colloc=2.783e-02, cfd=2.028e-04]  WALL=3.302e-15  DATA=1.030e-03
Invoked: SSBroyden1 approach!
[BFGS] batch= 133  call=  5440  total=8.556e-02  PDE=2.798e-02 [colloc=2.778e-02, cfd=2.026e-04]  WALL=3.304e-15  DATA=1.029e-03
Invoked: SSBroyden1 approach!
[BFGS] batch= 133  call=  5441  total=8.524e-02  PDE=2.788e-02 [colloc=2.768e-02, cfd=2.025e-04]  WALL=3.303e-15  DATA=1.030e-03
Invoked: SSBroyden1 approach!
[BFGS] batch= 133  call=  5442  total=8.505e-02  PDE=2.780e-02 [colloc=2.760e-02, cfd=2.023e-04]  WALL=3.300e-15  DATA=1.030e-03
Invoked: SSBroyden1 approach!
[BFGS] batch= 133  call=  5443  total=8.489e-02  PDE=2.773e-02 [colloc=2.753e-02, cfd=2.024e-04]  WALL=3.305e-15  DATA=1.029e-03
Invoked: SSBroyden1 approach!
[BFGS] batch= 133  call=  5444  total=8.466e-02  PDE=2.766e-02 [colloc=2.746e-02, cfd=2.023e-04]  WALL=3.304e-15  DATA=1.030e-03
Invoked: SSBroyden1 approach!
[BFGS] batch= 133  call=  5445  total=8.445e-02  PDE=2.759e-02 [colloc=2.739e-02, cfd=2.023e-04]  WALL=3.305e-15  DATA=1.029e-03
Invoked: SSBroyden1 approach!
[BFGS] batch= 133  call=  5446  total=8.425e-02  PDE=2.752e-02 [colloc=2.732e-02, cfd=2.021e-04]  WALL=3.303e-15  DATA=1.030e-03
Invoked: SSBroyden1 approach!
[BFGS] batch= 133  call=  5448  total=8.419e-02  PDE=2.749e-02 [colloc=2.728e-02, cfd=2.022e-04]  WALL=3.304e-15  DATA=1.030e-03
Invoked: SSBroyden1 approach!
[BFGS] batch= 133  call=  5449  total=8.412e-02  PDE=2.745e-02 [colloc=2.725e-02, cfd=2.023e-04]  WALL=3.305e-15  DATA=1.030e-03
Invoked: SSBroyden1 approach!
[BFGS] batch= 133  call=  5450  total=8.403e-02  PDE=2.741e-02 [colloc=2.721e-02, cfd=2.025e-04]  WALL=3.305e-15  DATA=1.030e-03
Invoked: SSBroyden1 approach!
[BFGS] batch= 133  call=  5451  total=8.383e-02  PDE=2.736e-02 [colloc=2.716e-02, cfd=2.025e-04]  WALL=3.306e-15  DATA=1.030e-03
Invoked: SSBroyden1 approach!
[BFGS] batch= 133  call=  5452  total=8.353e-02  PDE=2.726e-02 [colloc=2.706e-02, cfd=2.027e-04]  WALL=3.304e-15  DATA=1.030e-03
Invoked: SSBroyden1 approach!
[BFGS] batch= 133  call=  5453  total=8.312e-02  PDE=2.710e-02 [colloc=2.690e-02, cfd=2.032e-04]  WALL=3.305e-15  DATA=1.028e-03
Invoked: SSBroyden1 approach!
[BFGS] batch= 133  call=  5454  total=8.240e-02  PDE=2.684e-02 [colloc=2.663e-02, cfd=2.047e-04]  WALL=3.307e-15  DATA=1.027e-03
Invoked: SSBroyden1 approach!
[BFGS] batch= 133  call=  5455  total=8.104e-02  PDE=2.636e-02 [colloc=2.615e-02, cfd=2.092e-04]  WALL=3.308e-15  DATA=1.027e-03
Invoked: SSBroyden1 approach!
[BFGS] batch= 133  call=  5457  total=7.060e-02  PDE=2.258e-02 [colloc=2.219e-02, cfd=3.906e-04]  WALL=3.338e-15  DATA=1.026e-03
Invoked: SSBroyden1 approach!
[BFGS] batch= 133  call=  5459  total=6.991e-02  PDE=2.234e-02 [colloc=2.192e-02, cfd=4.166e-04]  WALL=3.334e-15  DATA=1.028e-03
Invoked: SSBroyden1 approach!
[BFGS] batch= 133  call=  5460  total=6.963e-02  PDE=2.225e-02 [colloc=2.180e-02, cfd=4.504e-04]  WALL=3.333e-15  DATA=1.028e-03
Invoked: SSBroyden1 approach!
[BFGS] batch= 133  call=  5462  total=6.955e-02  PDE=2.220e-02 [colloc=2.175e-02, cfd=4.538e-04]  WALL=3.333e-15  DATA=1.028e-03
Invoked: SSBroyden1 approach!
[BFGS] batch= 133  call=  5463  total=6.942e-02  PDE=2.216e-02 [colloc=2.170e-02, cfd=4.558e-04]  WALL=3.332e-15  DATA=1.028e-03
Invoked: SSBroyden1 approach!
[BFGS] batch= 133  call=  5464  total=6.915e-02  PDE=2.207e-02 [colloc=2.161e-02, cfd=4.587e-04]  WALL=3.332e-15  DATA=1.028e-03
Invoked: SSBroyden1 approach!
[BFGS] batch= 133  call=  5465  total=6.869e-02  PDE=2.190e-02 [colloc=2.144e-02, cfd=4.658e-04]  WALL=3.333e-15  DATA=1.028e-03
Invoked: SSBroyden1 approach!
[BFGS] batch= 133  call=  5466  total=6.829e-02  PDE=2.175e-02 [colloc=2.128e-02, cfd=4.726e-04]  WALL=3.331e-15  DATA=1.027e-03
Invoked: SSBroyden1 approach!
[BFGS] batch= 133  call=  5467  total=6.767e-02  PDE=2.154e-02 [colloc=2.107e-02, cfd=4.719e-04]  WALL=3.331e-15  DATA=1.026e-03
Invoked: SSBroyden1 approach!
[BFGS] batch= 133  call=  5468  total=6.684e-02  PDE=2.124e-02 [colloc=2.077e-02, cfd=4.656e-04]  WALL=3.333e-15  DATA=1.027e-03
Invoked: SSBroyden1 approach!
[BFGS] batch= 133  call=  5469  total=6.551e-02  PDE=2.076e-02 [colloc=2.031e-02, cfd=4.524e-04]  WALL=3.334e-15  DATA=1.027e-03
Invoked: SSBroyden1 approach!
[BFGS] batch= 133  call=  5470  total=6.312e-02  PDE=1.991e-02 [colloc=1.947e-02, cfd=4.333e-04]  WALL=3.334e-15  DATA=1.027e-03
Invoked: SSBroyden1 approach!
[BFGS] batch= 133  call=  5471  total=5.919e-02  PDE=1.848e-02 [colloc=1.807e-02, cfd=4.132e-04]  WALL=3.339e-15  DATA=1.029e-03
Invoked: SSBroyden1 approach!
[BFGS] batch= 133  call=  5472  total=5.737e-02  PDE=1.781e-02 [colloc=1.740e-02, cfd=4.128e-04]  WALL=3.338e-15  DATA=1.030e-03
Invoked: SSBroyden1 approach!
[BFGS] batch= 133  call=  5474  total=5.674e-02  PDE=1.756e-02 [colloc=1.715e-02, cfd=4.181e-04]  WALL=3.336e-15  DATA=1.033e-03
Invoked: SSBroyden1 approach!
[BFGS] batch= 133  call=  5475  total=5.611e-02  PDE=1.736e-02 [colloc=1.694e-02, cfd=4.241e-04]  WALL=3.339e-15  DATA=1.034e-03
Invoked: SSBroyden1 approach!
[BFGS] batch= 133  call=  5476  total=5.553e-02  PDE=1.713e-02 [colloc=1.671e-02, cfd=4.242e-04]  WALL=3.344e-15  DATA=1.035e-03
Invoked: SSBroyden1 approach!
[BFGS] batch= 133  call=  5477  total=5.492e-02  PDE=1.692e-02 [colloc=1.650e-02, cfd=4.227e-04]  WALL=3.339e-15  DATA=1.035e-03
Invoked: SSBroyden1 approach!
[BFGS] batch= 133  call=  5478  total=5.402e-02  PDE=1.659e-02 [colloc=1.618e-02, cfd=4.119e-04]  WALL=3.338e-15  DATA=1.036e-03
Invoked: SSBroyden1 approach!
[BFGS] batch= 133  call=  5479  total=5.297e-02  PDE=1.620e-02 [colloc=1.581e-02, cfd=3.948e-04]  WALL=3.336e-15  DATA=1.035e-03
Invoked: SSBroyden1 approach!
[BFGS] batch= 133  call=  5480  total=5.150e-02  PDE=1.569e-02 [colloc=1.532e-02, cfd=3.750e-04]  WALL=3.334e-15  DATA=1.035e-03
Invoked: SSBroyden1 approach!
[BFGS] batch= 133  call=  5481  total=4.946e-02  PDE=1.497e-02 [colloc=1.462e-02, cfd=3.575e-04]  WALL=3.319e-15  DATA=1.033e-03
Invoked: SSBroyden1 approach!
[BFGS] batch= 133  call=  5482  total=4.686e-02  PDE=1.402e-02 [colloc=1.367e-02, cfd=3.456e-04]  WALL=3.326e-15  DATA=1.036e-03
Invoked: SSBroyden1 approach!
[BFGS] batch= 133  call=  5483  total=4.449e-02  PDE=1.318e-02 [colloc=1.283e-02, cfd=3.460e-04]  WALL=3.328e-15  DATA=1.034e-03
Invoked: SSBroyden1 approach!
[BFGS] batch= 133  call=  5484  total=4.142e-02  PDE=1.208e-02 [colloc=1.173e-02, cfd=3.540e-04]  WALL=3.320e-15  DATA=1.031e-03
Invoked: SSBroyden1 approach!
[BFGS] batch= 133  call=  5485  total=3.928e-02  PDE=1.131e-02 [colloc=1.093e-02, cfd=3.732e-04]  WALL=3.305e-15  DATA=1.029e-03
Invoked: SSBroyden1 approach!
[BFGS] batch= 133  call=  5486  total=3.644e-02  PDE=1.026e-02 [colloc=9.865e-03, cfd=3.928e-04]  WALL=3.300e-15  DATA=1.029e-03
Invoked: SSBroyden1 approach!
[BFGS] batch= 133  call=  5487  total=3.409e-02  PDE=9.439e-03 [colloc=9.018e-03, cfd=4.215e-04]  WALL=3.276e-15  DATA=1.028e-03
Invoked: SSBroyden1 approach!
[BFGS] batch= 133  call=  5488  total=3.233e-02  PDE=8.793e-03 [colloc=8.345e-03, cfd=4.481e-04]  WALL=3.271e-15  DATA=1.031e-03
Invoked: SSBroyden1 approach!
[BFGS] batch= 133  call=  5489  total=3.070e-02  PDE=8.208e-03 [colloc=7.745e-03, cfd=4.633e-04]  WALL=3.266e-15  DATA=1.033e-03
Invoked: SSBroyden1 approach!
[BFGS] batch= 133  call=  5490  total=2.906e-02  PDE=7.650e-03 [colloc=7.175e-03, cfd=4.741e-04]  WALL=3.266e-15  DATA=1.026e-03
Invoked: SSBroyden1 approach!
[BFGS] batch= 133  call=  5491  total=2.790e-02  PDE=7.216e-03 [colloc=6.742e-03, cfd=4.735e-04]  WALL=3.273e-15  DATA=1.030e-03
Invoked: SSBroyden1 approach!
[BFGS] batch= 133  call=  5492  total=2.685e-02  PDE=6.838e-03 [colloc=6.380e-03, cfd=4.582e-04]  WALL=3.271e-15  DATA=1.030e-03
Invoked: SSBroyden1 approach!
[BFGS] batch= 133  call=  5493  total=2.550e-02  PDE=6.367e-03 [colloc=5.928e-03, cfd=4.386e-04]  WALL=3.268e-15  DATA=1.031e-03
Invoked: SSBroyden1 approach!
[BFGS] batch= 133  call=  5494  total=2.463e-02  PDE=6.025e-03 [colloc=5.613e-03, cfd=4.115e-04]  WALL=3.272e-15  DATA=1.039e-03
Invoked: SSBroyden1 approach!
[BFGS] batch= 133  call=  5495  total=2.372e-02  PDE=5.709e-03 [colloc=5.307e-03, cfd=4.020e-04]  WALL=3.267e-15  DATA=1.038e-03
Invoked: SSBroyden1 approach!
[BFGS] batch= 133  call=  5496  total=2.254e-02  PDE=5.289e-03 [colloc=4.894e-03, cfd=3.947e-04]  WALL=3.277e-15  DATA=1.042e-03
Invoked: SSBroyden1 approach!
[BFGS] batch= 133  call=  5497  total=2.178e-02  PDE=5.041e-03 [colloc=4.662e-03, cfd=3.797e-04]  WALL=3.286e-15  DATA=1.037e-03
Invoked: SSBroyden1 approach!
[BFGS] batch= 133  call=  5498  total=2.077e-02  PDE=4.670e-03 [colloc=4.303e-03, cfd=3.671e-04]  WALL=3.287e-15  DATA=1.039e-03
Invoked: SSBroyden1 approach!
[BFGS] batch= 133  call=  5499  total=1.992e-02  PDE=4.408e-03 [colloc=4.063e-03, cfd=3.455e-04]  WALL=3.282e-15  DATA=1.040e-03
Invoked: SSBroyden1 approach!
[BFGS] batch= 133  call=  5500  total=1.923e-02  PDE=4.137e-03 [colloc=3.803e-03, cfd=3.337e-04]  WALL=3.286e-15  DATA=1.037e-03
Invoked: SSBroyden1 approach!
[BFGS] batch= 133  call=  5501  total=1.857e-02  PDE=3.921e-03 [colloc=3.596e-03, cfd=3.251e-04]  WALL=3.287e-15  DATA=1.036e-03
Invoked: SSBroyden1 approach!
[BFGS] batch= 133  call=  5502  total=1.822e-02  PDE=3.788e-03 [colloc=3.472e-03, cfd=3.167e-04]  WALL=3.285e-15  DATA=1.036e-03
Invoked: SSBroyden1 approach!
[BFGS] batch= 133  call=  5503  total=1.777e-02  PDE=3.623e-03 [colloc=3.316e-03, cfd=3.069e-04]  WALL=3.287e-15  DATA=1.038e-03
Invoked: SSBroyden1 approach!
[BFGS] batch= 133  call=  5504  total=1.739e-02  PDE=3.485e-03 [colloc=3.187e-03, cfd=2.984e-04]  WALL=3.294e-15  DATA=1.043e-03
Invoked: SSBroyden1 approach!
[BFGS] batch= 133  call=  5505  total=1.708e-02  PDE=3.350e-03 [colloc=3.061e-03, cfd=2.894e-04]  WALL=3.300e-15  DATA=1.044e-03
Invoked: SSBroyden1 approach!
[BFGS] batch= 133  call=  5506  total=1.662e-02  PDE=3.198e-03 [colloc=2.916e-03, cfd=2.825e-04]  WALL=3.300e-15  DATA=1.047e-03
Invoked: SSBroyden1 approach!
[BFGS] batch= 133  call=  5507  total=1.624e-02  PDE=3.071e-03 [colloc=2.796e-03, cfd=2.751e-04]  WALL=3.300e-15  DATA=1.044e-03
Invoked: SSBroyden1 approach!
[BFGS] batch= 133  call=  5508  total=1.604e-02  PDE=2.980e-03 [colloc=2.704e-03, cfd=2.759e-04]  WALL=3.302e-15  DATA=1.043e-03
Invoked: SSBroyden1 approach!
[BFGS] batch= 133  call=  5509  total=1.567e-02  PDE=2.888e-03 [colloc=2.609e-03, cfd=2.788e-04]  WALL=3.299e-15  DATA=1.041e-03
Invoked: SSBroyden1 approach!
[BFGS] batch= 133  call=  5510  total=1.539e-02  PDE=2.769e-03 [colloc=2.484e-03, cfd=2.854e-04]  WALL=3.297e-15  DATA=1.040e-03
Invoked: SSBroyden1 approach!
[BFGS] batch= 133  call=  5511  total=1.506e-02  PDE=2.677e-03 [colloc=2.400e-03, cfd=2.773e-04]  WALL=3.302e-15  DATA=1.039e-03
Invoked: SSBroyden1 approach!
[BFGS] batch= 133  call=  5512  total=1.489e-02  PDE=2.600e-03 [colloc=2.334e-03, cfd=2.659e-04]  WALL=3.306e-15  DATA=1.040e-03
Invoked: SSBroyden1 approach!
[BFGS] batch= 133  call=  5513  total=1.469e-02  PDE=2.536e-03 [colloc=2.272e-03, cfd=2.642e-04]  WALL=3.304e-15  DATA=1.040e-03
Invoked: SSBroyden1 approach!
[BFGS] batch= 133  call=  5514  total=1.457e-02  PDE=2.475e-03 [colloc=2.210e-03, cfd=2.651e-04]  WALL=3.304e-15  DATA=1.039e-03
Invoked: SSBroyden1 approach!
[BFGS] batch= 133  call=  5515  total=1.442e-02  PDE=2.418e-03 [colloc=2.152e-03, cfd=2.654e-04]  WALL=3.305e-15  DATA=1.038e-03
Invoked: SSBroyden1 approach!
[BFGS] batch= 133  call=  5516  total=1.419e-02  PDE=2.347e-03 [colloc=2.092e-03, cfd=2.549e-04]  WALL=3.308e-15  DATA=1.040e-03
Invoked: SSBroyden1 approach!
[BFGS] batch= 133  call=  5517  total=1.407e-02  PDE=2.305e-03 [colloc=2.067e-03, cfd=2.381e-04]  WALL=3.313e-15  DATA=1.041e-03
Invoked: SSBroyden1 approach!
[BFGS] batch= 133  call=  5518  total=1.392e-02  PDE=2.253e-03 [colloc=2.021e-03, cfd=2.321e-04]  WALL=3.314e-15  DATA=1.041e-03
Invoked: SSBroyden1 approach!
[BFGS] batch= 133  call=  5519  total=1.383e-02  PDE=2.227e-03 [colloc=2.002e-03, cfd=2.245e-04]  WALL=3.312e-15  DATA=1.040e-03
Invoked: SSBroyden1 approach!
[BFGS] batch= 133  call=  5520  total=1.369e-02  PDE=2.189e-03 [colloc=1.966e-03, cfd=2.224e-04]  WALL=3.311e-15  DATA=1.039e-03
Invoked: SSBroyden1 approach!
[BFGS] batch= 133  call=  5521  total=1.361e-02  PDE=2.155e-03 [colloc=1.940e-03, cfd=2.150e-04]  WALL=3.310e-15  DATA=1.037e-03
Invoked: SSBroyden1 approach!
[BFGS] batch= 133  call=  5522  total=1.355e-02  PDE=2.118e-03 [colloc=1.910e-03, cfd=2.085e-04]  WALL=3.311e-15  DATA=1.038e-03
Invoked: SSBroyden1 approach!
[BFGS] batch= 133  call=  5523  total=1.342e-02  PDE=2.093e-03 [colloc=1.888e-03, cfd=2.049e-04]  WALL=3.311e-15  DATA=1.037e-03
Invoked: SSBroyden1 approach!
[BFGS] batch= 133  call=  5524  total=1.334e-02  PDE=2.063e-03 [colloc=1.863e-03, cfd=1.996e-04]  WALL=3.313e-15  DATA=1.035e-03
Invoked: SSBroyden1 approach!
[BFGS] batch= 133  call=  5525  total=1.329e-02  PDE=2.032e-03 [colloc=1.831e-03, cfd=2.011e-04]  WALL=3.312e-15  DATA=1.033e-03
Invoked: SSBroyden1 approach!
[BFGS] batch= 133  call=  5526  total=1.317e-02  PDE=2.009e-03 [colloc=1.810e-03, cfd=1.995e-04]  WALL=3.312e-15  DATA=1.032e-03
Invoked: SSBroyden1 approach!
[BFGS] batch= 133  call=  5528  total=1.315e-02  PDE=1.989e-03 [colloc=1.794e-03, cfd=1.943e-04]  WALL=3.312e-15  DATA=1.033e-03
Invoked: SSBroyden1 approach!
[BFGS] batch= 133  call=  5529  total=1.308e-02  PDE=1.975e-03 [colloc=1.783e-03, cfd=1.928e-04]  WALL=3.313e-15  DATA=1.032e-03
Invoked: SSBroyden1 approach!
[BFGS] batch= 133  call=  5530  total=1.302e-02  PDE=1.957e-03 [colloc=1.766e-03, cfd=1.912e-04]  WALL=3.310e-15  DATA=1.031e-03
  [PT] w_u=82.4061 w_v=89.2452 gamma=1.000 (tau_u=1.214e-02 tau_v=1.121e-02 |Du|=5.92e-01 |DRu|=1.69e+01)
[BFGS] batch 133: H0 not PD — resetting to identity.
[BFGS-END] batch= 133  last_total=1.306e-02  last_PDE=1.957e-03 [colloc=1.766e-03, cfd=1.912e-04]  last_WALL=3.310e-15  last_DATA=1.031e-03
/oscar/home/jchen790/cylinder flow lab/src/cfp40.py:1430: OptimizeWarning: Unknown solver options: hess, hessp, bounds, constraints, tol
  result = minimize(
Invoked: SSBroyden1 approach!
[BFGS] batch= 134  call=  5552  total=7.703e-02  PDE=2.475e-02 [colloc=2.455e-02, cfd=1.951e-04]  WALL=3.358e-15  DATA=1.105e-03
Invoked: SSBroyden1 approach!
[BFGS] batch= 134  call=  5554  total=6.791e-02  PDE=2.154e-02 [colloc=2.135e-02, cfd=1.948e-04]  WALL=3.329e-15  DATA=1.085e-03
Invoked: SSBroyden1 approach!
[BFGS] batch= 134  call=  5555  total=5.990e-02  PDE=1.864e-02 [colloc=1.845e-02, cfd=1.931e-04]  WALL=3.323e-15  DATA=1.087e-03
Invoked: SSBroyden1 approach!
[BFGS] batch= 134  call=  5557  total=5.625e-02  PDE=1.734e-02 [colloc=1.715e-02, cfd=1.928e-04]  WALL=3.321e-15  DATA=1.090e-03
Invoked: SSBroyden1 approach!
[BFGS] batch= 134  call=  5558  total=5.043e-02  PDE=1.527e-02 [colloc=1.508e-02, cfd=1.925e-04]  WALL=3.313e-15  DATA=1.086e-03
Invoked: SSBroyden1 approach!
[BFGS] batch= 134  call=  5559  total=4.412e-02  PDE=1.298e-02 [colloc=1.279e-02, cfd=1.911e-04]  WALL=3.309e-15  DATA=1.091e-03
Invoked: SSBroyden1 approach!
[BFGS] batch= 134  call=  5561  total=4.227e-02  PDE=1.233e-02 [colloc=1.214e-02, cfd=1.908e-04]  WALL=3.312e-15  DATA=1.089e-03
Invoked: SSBroyden1 approach!
[BFGS] batch= 134  call=  5563  total=4.150e-02  PDE=1.204e-02 [colloc=1.185e-02, cfd=1.909e-04]  WALL=3.314e-15  DATA=1.084e-03
Invoked: SSBroyden1 approach!
[BFGS] batch= 134  call=  5565  total=4.110e-02  PDE=1.191e-02 [colloc=1.172e-02, cfd=1.906e-04]  WALL=3.315e-15  DATA=1.085e-03
Invoked: SSBroyden1 approach!
[BFGS] batch= 134  call=  5566  total=4.070e-02  PDE=1.178e-02 [colloc=1.159e-02, cfd=1.898e-04]  WALL=3.311e-15  DATA=1.085e-03
Invoked: SSBroyden1 approach!
[BFGS] batch= 134  call=  5568  total=4.056e-02  PDE=1.171e-02 [colloc=1.152e-02, cfd=1.897e-04]  WALL=3.310e-15  DATA=1.085e-03
Invoked: SSBroyden1 approach!
[BFGS] batch= 134  call=  5569  total=4.048e-02  PDE=1.166e-02 [colloc=1.147e-02, cfd=1.896e-04]  WALL=3.313e-15  DATA=1.085e-03
Invoked: SSBroyden1 approach!
[BFGS] batch= 134  call=  5570  total=4.028e-02  PDE=1.162e-02 [colloc=1.143e-02, cfd=1.895e-04]  WALL=3.312e-15  DATA=1.085e-03
Invoked: SSBroyden1 approach!
[BFGS] batch= 134  call=  5572  total=4.019e-02  PDE=1.158e-02 [colloc=1.139e-02, cfd=1.895e-04]  WALL=3.314e-15  DATA=1.085e-03
Invoked: SSBroyden1 approach!
[BFGS] batch= 134  call=  5573  total=4.006e-02  PDE=1.155e-02 [colloc=1.136e-02, cfd=1.894e-04]  WALL=3.313e-15  DATA=1.084e-03
Invoked: SSBroyden1 approach!
[BFGS] batch= 134  call=  5574  total=3.993e-02  PDE=1.149e-02 [colloc=1.130e-02, cfd=1.896e-04]  WALL=3.313e-15  DATA=1.085e-03
Invoked: SSBroyden1 approach!
[BFGS] batch= 134  call=  5576  total=3.986e-02  PDE=1.147e-02 [colloc=1.128e-02, cfd=1.897e-04]  WALL=3.314e-15  DATA=1.086e-03
Invoked: SSBroyden1 approach!
[BFGS] batch= 134  call=  5577  total=3.979e-02  PDE=1.143e-02 [colloc=1.124e-02, cfd=1.902e-04]  WALL=3.315e-15  DATA=1.085e-03
Invoked: SSBroyden1 approach!
[BFGS] batch= 134  call=  5578  total=3.973e-02  PDE=1.142e-02 [colloc=1.123e-02, cfd=1.907e-04]  WALL=3.317e-15  DATA=1.085e-03
Invoked: SSBroyden1 approach!
[BFGS] batch= 134  call=  5579  total=3.965e-02  PDE=1.140e-02 [colloc=1.120e-02, cfd=1.908e-04]  WALL=3.316e-15  DATA=1.084e-03
Invoked: SSBroyden1 approach!
[BFGS] batch= 134  call=  5580  total=3.954e-02  PDE=1.136e-02 [colloc=1.117e-02, cfd=1.908e-04]  WALL=3.317e-15  DATA=1.084e-03
Invoked: SSBroyden1 approach!
[BFGS] batch= 134  call=  5581  total=3.949e-02  PDE=1.133e-02 [colloc=1.114e-02, cfd=1.911e-04]  WALL=3.319e-15  DATA=1.083e-03
Invoked: SSBroyden1 approach!
[BFGS] batch= 134  call=  5582  total=3.944e-02  PDE=1.131e-02 [colloc=1.112e-02, cfd=1.912e-04]  WALL=3.319e-15  DATA=1.084e-03
Invoked: SSBroyden1 approach!
[BFGS] batch= 134  call=  5583  total=3.932e-02  PDE=1.127e-02 [colloc=1.108e-02, cfd=1.914e-04]  WALL=3.320e-15  DATA=1.084e-03
Invoked: SSBroyden1 approach!
[BFGS] batch= 134  call=  5584  total=3.910e-02  PDE=1.119e-02 [colloc=1.100e-02, cfd=1.921e-04]  WALL=3.320e-15  DATA=1.084e-03
Invoked: SSBroyden1 approach!
[BFGS] batch= 134  call=  5585  total=3.875e-02  PDE=1.106e-02 [colloc=1.087e-02, cfd=1.938e-04]  WALL=3.322e-15  DATA=1.084e-03
Invoked: SSBroyden1 approach!
[BFGS] batch= 134  call=  5586  total=3.808e-02  PDE=1.082e-02 [colloc=1.062e-02, cfd=1.975e-04]  WALL=3.322e-15  DATA=1.084e-03
Invoked: SSBroyden1 approach!
[BFGS] batch= 134  call=  5588  total=3.432e-02  PDE=9.403e-03 [colloc=9.109e-03, cfd=2.942e-04]  WALL=3.328e-15  DATA=1.093e-03
Invoked: SSBroyden1 approach!
[BFGS] batch= 134  call=  5590  total=3.391e-02  PDE=9.288e-03 [colloc=8.981e-03, cfd=3.071e-04]  WALL=3.329e-15  DATA=1.094e-03
Invoked: SSBroyden1 approach!
[BFGS] batch= 134  call=  5592  total=3.390e-02  PDE=9.253e-03 [colloc=8.941e-03, cfd=3.120e-04]  WALL=3.330e-15  DATA=1.094e-03
Invoked: SSBroyden1 approach!
[BFGS] batch= 134  call=  5599  total=3.386e-02  PDE=9.244e-03 [colloc=8.931e-03, cfd=3.127e-04]  WALL=3.330e-15  DATA=1.094e-03
Invoked: SSBroyden1 approach!
[BFGS] batch= 134  call=  5600  total=3.380e-02  PDE=9.224e-03 [colloc=8.910e-03, cfd=3.132e-04]  WALL=3.330e-15  DATA=1.094e-03
Invoked: SSBroyden1 approach!
[BFGS] batch= 134  call=  5601  total=3.369e-02  PDE=9.186e-03 [colloc=8.872e-03, cfd=3.139e-04]  WALL=3.330e-15  DATA=1.095e-03
Invoked: SSBroyden1 approach!
[BFGS] batch= 134  call=  5602  total=3.349e-02  PDE=9.120e-03 [colloc=8.805e-03, cfd=3.149e-04]  WALL=3.330e-15  DATA=1.095e-03
Invoked: SSBroyden1 approach!
[BFGS] batch= 134  call=  5603  total=3.328e-02  PDE=9.025e-03 [colloc=8.709e-03, cfd=3.158e-04]  WALL=3.328e-15  DATA=1.094e-03
Invoked: SSBroyden1 approach!
[BFGS] batch= 134  call=  5604  total=3.306e-02  PDE=8.955e-03 [colloc=8.641e-03, cfd=3.143e-04]  WALL=3.329e-15  DATA=1.094e-03
Invoked: SSBroyden1 approach!
[BFGS] batch= 134  call=  5605  total=3.287e-02  PDE=8.886e-03 [colloc=8.576e-03, cfd=3.102e-04]  WALL=3.332e-15  DATA=1.093e-03
Invoked: SSBroyden1 approach!
[BFGS] batch= 134  call=  5606  total=3.257e-02  PDE=8.785e-03 [colloc=8.480e-03, cfd=3.053e-04]  WALL=3.332e-15  DATA=1.093e-03
Invoked: SSBroyden1 approach!
[BFGS] batch= 134  call=  5607  total=3.217e-02  PDE=8.642e-03 [colloc=8.343e-03, cfd=2.985e-04]  WALL=3.330e-15  DATA=1.094e-03
Invoked: SSBroyden1 approach!
[BFGS] batch= 134  call=  5608  total=3.144e-02  PDE=8.388e-03 [colloc=8.097e-03, cfd=2.909e-04]  WALL=3.328e-15  DATA=1.094e-03
Invoked: SSBroyden1 approach!
[BFGS] batch= 134  call=  5609  total=3.011e-02  PDE=7.906e-03 [colloc=7.623e-03, cfd=2.822e-04]  WALL=3.326e-15  DATA=1.095e-03
Invoked: SSBroyden1 approach!
[BFGS] batch= 134  call=  5610  total=2.788e-02  PDE=7.114e-03 [colloc=6.836e-03, cfd=2.770e-04]  WALL=3.324e-15  DATA=1.097e-03
Invoked: SSBroyden1 approach!
[BFGS] batch= 134  call=  5612  total=2.744e-02  PDE=6.968e-03 [colloc=6.688e-03, cfd=2.802e-04]  WALL=3.318e-15  DATA=1.097e-03
Invoked: SSBroyden1 approach!
[BFGS] batch= 134  call=  5613  total=2.733e-02  PDE=6.928e-03 [colloc=6.646e-03, cfd=2.827e-04]  WALL=3.320e-15  DATA=1.098e-03
Invoked: SSBroyden1 approach!
[BFGS] batch= 134  call=  5614  total=2.724e-02  PDE=6.866e-03 [colloc=6.582e-03, cfd=2.842e-04]  WALL=3.318e-15  DATA=1.099e-03
Invoked: SSBroyden1 approach!
[BFGS] batch= 134  call=  5615  total=2.701e-02  PDE=6.808e-03 [colloc=6.523e-03, cfd=2.852e-04]  WALL=3.318e-15  DATA=1.100e-03
Invoked: SSBroyden1 approach!
[BFGS] batch= 134  call=  5616  total=2.668e-02  PDE=6.695e-03 [colloc=6.409e-03, cfd=2.860e-04]  WALL=3.316e-15  DATA=1.100e-03
Invoked: SSBroyden1 approach!
[BFGS] batch= 134  call=  5617  total=2.630e-02  PDE=6.563e-03 [colloc=6.278e-03, cfd=2.854e-04]  WALL=3.316e-15  DATA=1.099e-03
Invoked: SSBroyden1 approach!
[BFGS] batch= 134  call=  5618  total=2.569e-02  PDE=6.347e-03 [colloc=6.064e-03, cfd=2.834e-04]  WALL=3.314e-15  DATA=1.097e-03
Invoked: SSBroyden1 approach!
[BFGS] batch= 134  call=  5619  total=2.495e-02  PDE=6.098e-03 [colloc=5.820e-03, cfd=2.775e-04]  WALL=3.307e-15  DATA=1.094e-03
Invoked: SSBroyden1 approach!
[BFGS] batch= 134  call=  5620  total=2.438e-02  PDE=5.891e-03 [colloc=5.623e-03, cfd=2.687e-04]  WALL=3.299e-15  DATA=1.089e-03
Invoked: SSBroyden1 approach!
[BFGS] batch= 134  call=  5621  total=2.376e-02  PDE=5.638e-03 [colloc=5.374e-03, cfd=2.637e-04]  WALL=3.294e-15  DATA=1.088e-03
Invoked: SSBroyden1 approach!
[BFGS] batch= 134  call=  5622  total=2.292e-02  PDE=5.356e-03 [colloc=5.091e-03, cfd=2.650e-04]  WALL=3.294e-15  DATA=1.089e-03
Invoked: SSBroyden1 approach!
[BFGS] batch= 134  call=  5623  total=2.206e-02  PDE=5.028e-03 [colloc=4.758e-03, cfd=2.695e-04]  WALL=3.294e-15  DATA=1.091e-03
Invoked: SSBroyden1 approach!
[BFGS] batch= 134  call=  5624  total=2.107e-02  PDE=4.689e-03 [colloc=4.411e-03, cfd=2.774e-04]  WALL=3.295e-15  DATA=1.092e-03
Invoked: SSBroyden1 approach!
[BFGS] batch= 134  call=  5625  total=2.038e-02  PDE=4.431e-03 [colloc=4.143e-03, cfd=2.886e-04]  WALL=3.293e-15  DATA=1.089e-03
Invoked: SSBroyden1 approach!
[BFGS] batch= 134  call=  5626  total=1.975e-02  PDE=4.223e-03 [colloc=3.926e-03, cfd=2.967e-04]  WALL=3.296e-15  DATA=1.087e-03
Invoked: SSBroyden1 approach!
[BFGS] batch= 134  call=  5627  total=1.900e-02  PDE=3.963e-03 [colloc=3.660e-03, cfd=3.032e-04]  WALL=3.291e-15  DATA=1.084e-03
Invoked: SSBroyden1 approach!
[BFGS] batch= 134  call=  5628  total=1.829e-02  PDE=3.700e-03 [colloc=3.387e-03, cfd=3.133e-04]  WALL=3.292e-15  DATA=1.084e-03
Invoked: SSBroyden1 approach!
[BFGS] batch= 134  call=  5629  total=1.764e-02  PDE=3.474e-03 [colloc=3.153e-03, cfd=3.212e-04]  WALL=3.294e-15  DATA=1.085e-03
Invoked: SSBroyden1 approach!
[BFGS] batch= 134  call=  5630  total=1.734e-02  PDE=3.355e-03 [colloc=3.030e-03, cfd=3.250e-04]  WALL=3.291e-15  DATA=1.083e-03
Invoked: SSBroyden1 approach!
[BFGS] batch= 134  call=  5631  total=1.703e-02  PDE=3.239e-03 [colloc=2.913e-03, cfd=3.253e-04]  WALL=3.286e-15  DATA=1.084e-03
Invoked: SSBroyden1 approach!
[BFGS] batch= 134  call=  5632  total=1.660e-02  PDE=3.105e-03 [colloc=2.787e-03, cfd=3.180e-04]  WALL=3.289e-15  DATA=1.083e-03
Invoked: SSBroyden1 approach!
[BFGS] batch= 134  call=  5633  total=1.622e-02  PDE=2.974e-03 [colloc=2.669e-03, cfd=3.043e-04]  WALL=3.293e-15  DATA=1.083e-03
Invoked: SSBroyden1 approach!
[BFGS] batch= 134  call=  5634  total=1.585e-02  PDE=2.846e-03 [colloc=2.555e-03, cfd=2.911e-04]  WALL=3.292e-15  DATA=1.082e-03
Invoked: SSBroyden1 approach!
[BFGS] batch= 134  call=  5635  total=1.570e-02  PDE=2.796e-03 [colloc=2.517e-03, cfd=2.785e-04]  WALL=3.287e-15  DATA=1.082e-03
Invoked: SSBroyden1 approach!
[BFGS] batch= 134  call=  5636  total=1.550e-02  PDE=2.736e-03 [colloc=2.461e-03, cfd=2.745e-04]  WALL=3.286e-15  DATA=1.080e-03
Invoked: SSBroyden1 approach!
[BFGS] batch= 134  call=  5637  total=1.526e-02  PDE=2.653e-03 [colloc=2.384e-03, cfd=2.684e-04]  WALL=3.289e-15  DATA=1.080e-03
Invoked: SSBroyden1 approach!
[BFGS] batch= 134  call=  5638  total=1.504e-02  PDE=2.565e-03 [colloc=2.306e-03, cfd=2.598e-04]  WALL=3.289e-15  DATA=1.080e-03
Invoked: SSBroyden1 approach!
[BFGS] batch= 134  call=  5639  total=1.482e-02  PDE=2.483e-03 [colloc=2.232e-03, cfd=2.508e-04]  WALL=3.292e-15  DATA=1.082e-03
Invoked: SSBroyden1 approach!
[BFGS] batch= 134  call=  5640  total=1.464e-02  PDE=2.432e-03 [colloc=2.190e-03, cfd=2.418e-04]  WALL=3.293e-15  DATA=1.083e-03
Invoked: SSBroyden1 approach!
[BFGS] batch= 134  call=  5641  total=1.450e-02  PDE=2.370e-03 [colloc=2.137e-03, cfd=2.329e-04]  WALL=3.297e-15  DATA=1.084e-03
Invoked: SSBroyden1 approach!
[BFGS] batch= 134  call=  5642  total=1.439e-02  PDE=2.307e-03 [colloc=2.080e-03, cfd=2.266e-04]  WALL=3.298e-15  DATA=1.085e-03
Invoked: SSBroyden1 approach!
[BFGS] batch= 134  call=  5643  total=1.419e-02  PDE=2.253e-03 [colloc=2.032e-03, cfd=2.216e-04]  WALL=3.299e-15  DATA=1.085e-03
Invoked: SSBroyden1 approach!
[BFGS] batch= 134  call=  5645  total=1.412e-02  PDE=2.222e-03 [colloc=2.003e-03, cfd=2.184e-04]  WALL=3.297e-15  DATA=1.084e-03
Invoked: SSBroyden1 approach!
[BFGS] batch= 134  call=  5646  total=1.403e-02  PDE=2.179e-03 [colloc=1.963e-03, cfd=2.161e-04]  WALL=3.297e-15  DATA=1.084e-03
Invoked: SSBroyden1 approach!
[BFGS] batch= 134  call=  5647  total=1.390e-02  PDE=2.148e-03 [colloc=1.935e-03, cfd=2.134e-04]  WALL=3.297e-15  DATA=1.082e-03
Invoked: SSBroyden1 approach!
[BFGS] batch= 134  call=  5648  total=1.376e-02  PDE=2.110e-03 [colloc=1.899e-03, cfd=2.108e-04]  WALL=3.297e-15  DATA=1.083e-03
Invoked: SSBroyden1 approach!
[BFGS] batch= 134  call=  5649  total=1.375e-02  PDE=2.089e-03 [colloc=1.883e-03, cfd=2.067e-04]  WALL=3.297e-15  DATA=1.082e-03
Invoked: SSBroyden1 approach!
[BFGS] batch= 134  call=  5650  total=1.375e-02  PDE=2.083e-03 [colloc=1.876e-03, cfd=2.065e-04]  WALL=3.297e-15  DATA=1.082e-03
  [PT] w_u=90.4797 w_v=98.2308 gamma=1.000 (tau_u=1.105e-02 tau_v=1.018e-02 |Du|=4.06e-01 |DRu|=1.12e+01)
[BFGS] batch 134: H0 not PD — resetting to identity.
[BFGS-END] batch= 134  last_total=1.369e-02  last_PDE=2.081e-03 [colloc=1.875e-03, cfd=2.065e-04]  last_WALL=3.297e-15  last_DATA=1.082e-03
/oscar/home/jchen790/cylinder flow lab/src/cfp40.py:1430: OptimizeWarning: Unknown solver options: hess, hessp, bounds, constraints, tol
  result = minimize(
Invoked: SSBroyden1 approach!
[BFGS] batch= 135  call=  5674  total=5.206e-02  PDE=1.569e-02 [colloc=1.548e-02, cfd=2.081e-04]  WALL=3.335e-15  DATA=1.151e-03
Invoked: SSBroyden1 approach!
[BFGS] batch= 135  call=  5676  total=4.756e-02  PDE=1.410e-02 [colloc=1.389e-02, cfd=2.080e-04]  WALL=3.316e-15  DATA=1.138e-03
Invoked: SSBroyden1 approach!
[BFGS] batch= 135  call=  5677  total=4.256e-02  PDE=1.232e-02 [colloc=1.212e-02, cfd=2.075e-04]  WALL=3.313e-15  DATA=1.138e-03
Invoked: SSBroyden1 approach!
[BFGS] batch= 135  call=  5679  total=3.999e-02  PDE=1.140e-02 [colloc=1.119e-02, cfd=2.076e-04]  WALL=3.313e-15  DATA=1.141e-03
Invoked: SSBroyden1 approach!
[BFGS] batch= 135  call=  5680  total=3.588e-02  PDE=9.917e-03 [colloc=9.709e-03, cfd=2.075e-04]  WALL=3.309e-15  DATA=1.137e-03
Invoked: SSBroyden1 approach!
[BFGS] batch= 135  call=  5681  total=3.093e-02  PDE=8.134e-03 [colloc=7.927e-03, cfd=2.069e-04]  WALL=3.306e-15  DATA=1.140e-03
Invoked: SSBroyden1 approach!
[BFGS] batch= 135  call=  5683  total=2.976e-02  PDE=7.701e-03 [colloc=7.495e-03, cfd=2.067e-04]  WALL=3.308e-15  DATA=1.139e-03
Invoked: SSBroyden1 approach!
[BFGS] batch= 135  call=  5685  total=2.912e-02  PDE=7.501e-03 [colloc=7.295e-03, cfd=2.067e-04]  WALL=3.310e-15  DATA=1.136e-03
Invoked: SSBroyden1 approach!
[BFGS] batch= 135  call=  5687  total=2.878e-02  PDE=7.404e-03 [colloc=7.197e-03, cfd=2.065e-04]  WALL=3.311e-15  DATA=1.136e-03
Invoked: SSBroyden1 approach!
[BFGS] batch= 135  call=  5688  total=2.855e-02  PDE=7.308e-03 [colloc=7.102e-03, cfd=2.060e-04]  WALL=3.306e-15  DATA=1.136e-03
Invoked: SSBroyden1 approach!
[BFGS] batch= 135  call=  5689  total=2.849e-02  PDE=7.261e-03 [colloc=7.055e-03, cfd=2.059e-04]  WALL=3.306e-15  DATA=1.137e-03
Invoked: SSBroyden1 approach!
[BFGS] batch= 135  call=  5690  total=2.835e-02  PDE=7.225e-03 [colloc=7.019e-03, cfd=2.059e-04]  WALL=3.307e-15  DATA=1.136e-03
Invoked: SSBroyden1 approach!
[BFGS] batch= 135  call=  5691  total=2.825e-02  PDE=7.188e-03 [colloc=6.982e-03, cfd=2.058e-04]  WALL=3.305e-15  DATA=1.137e-03
Invoked: SSBroyden1 approach!
[BFGS] batch= 135  call=  5692  total=2.823e-02  PDE=7.152e-03 [colloc=6.946e-03, cfd=2.058e-04]  WALL=3.307e-15  DATA=1.137e-03
Invoked: SSBroyden1 approach!
[BFGS] batch= 135  call=  5693  total=2.814e-02  PDE=7.142e-03 [colloc=6.936e-03, cfd=2.058e-04]  WALL=3.307e-15  DATA=1.137e-03
Invoked: SSBroyden1 approach!
[BFGS] batch= 135  call=  5694  total=2.801e-02  PDE=7.100e-03 [colloc=6.893e-03, cfd=2.061e-04]  WALL=3.307e-15  DATA=1.137e-03
Invoked: SSBroyden1 approach!
[BFGS] batch= 135  call=  5696  total=2.794e-02  PDE=7.082e-03 [colloc=6.876e-03, cfd=2.062e-04]  WALL=3.307e-15  DATA=1.137e-03
Invoked: SSBroyden1 approach!
[BFGS] batch= 135  call=  5697  total=2.786e-02  PDE=7.055e-03 [colloc=6.849e-03, cfd=2.066e-04]  WALL=3.308e-15  DATA=1.137e-03
Invoked: SSBroyden1 approach!
[BFGS] batch= 135  call=  5707  total=2.785e-02  PDE=7.041e-03 [colloc=6.835e-03, cfd=2.068e-04]  WALL=3.309e-15  DATA=1.136e-03
Invoked: SSBroyden1 approach!
[BFGS] batch= 135  call=  5708  total=2.784e-02  PDE=7.036e-03 [colloc=6.829e-03, cfd=2.069e-04]  WALL=3.309e-15  DATA=1.136e-03
Invoked: SSBroyden1 approach!
[BFGS] batch= 135  call=  5710  total=2.776e-02  PDE=7.024e-03 [colloc=6.817e-03, cfd=2.070e-04]  WALL=3.308e-15  DATA=1.136e-03
Invoked: SSBroyden1 approach!
[BFGS] batch= 135  call=  5712  total=2.770e-02  PDE=7.011e-03 [colloc=6.804e-03, cfd=2.070e-04]  WALL=3.309e-15  DATA=1.136e-03
  [PT] w_u=70.0652 w_v=73.6073 gamma=1.000 (tau_u=1.427e-02 tau_v=1.359e-02 |Du|=2.75e-01 |DRu|=1.32e+00)
[BFGS-END] batch= 135  last_total=2.776e-02  last_PDE=7.011e-03 [colloc=6.804e-03, cfd=2.070e-04]  last_WALL=3.309e-15  last_DATA=1.136e-03
/oscar/home/jchen790/cylinder flow lab/src/cfp40.py:1430: OptimizeWarning: Unknown solver options: hess, hessp, bounds, constraints, tol
  result = minimize(
Invoked: SSBroyden1 approach!
[BFGS] batch= 136  call=  5734  total=1.892e-01  PDE=6.503e-02 [colloc=6.378e-02, cfd=1.258e-03]  WALL=3.265e-15  DATA=1.086e-03
Invoked: SSBroyden1 approach!
[BFGS] batch= 136  call=  5736  total=1.798e-01  PDE=6.171e-02 [colloc=5.955e-02, cfd=2.161e-03]  WALL=3.265e-15  DATA=1.067e-03
Invoked: SSBroyden1 approach!
[BFGS] batch= 136  call=  5737  total=1.713e-01  PDE=5.869e-02 [colloc=5.549e-02, cfd=3.202e-03]  WALL=3.246e-15  DATA=1.052e-03
Invoked: SSBroyden1 approach!
[BFGS] batch= 136  call=  5738  total=1.568e-01  PDE=5.351e-02 [colloc=4.941e-02, cfd=4.097e-03]  WALL=3.233e-15  DATA=1.039e-03
Invoked: SSBroyden1 approach!
[BFGS] batch= 136  call=  5739  total=1.306e-01  PDE=4.412e-02 [colloc=3.841e-02, cfd=5.712e-03]  WALL=3.211e-15  DATA=1.023e-03
Invoked: SSBroyden1 approach!
[BFGS] batch= 136  call=  5740  total=9.546e-02  PDE=3.154e-02 [colloc=2.230e-02, cfd=9.240e-03]  WALL=3.192e-15  DATA=9.990e-04
Invoked: SSBroyden1 approach!
[BFGS] batch= 136  call=  5742  total=9.232e-02  PDE=3.041e-02 [colloc=2.083e-02, cfd=9.576e-03]  WALL=3.189e-15  DATA=1.002e-03
Invoked: SSBroyden1 approach!
[BFGS] batch= 136  call=  5743  total=9.069e-02  PDE=2.981e-02 [colloc=2.037e-02, cfd=9.435e-03]  WALL=3.195e-15  DATA=1.000e-03
Invoked: SSBroyden1 approach!
[BFGS] batch= 136  call=  5744  total=8.855e-02  PDE=2.904e-02 [colloc=1.976e-02, cfd=9.280e-03]  WALL=3.194e-15  DATA=9.986e-04
Invoked: SSBroyden1 approach!
[BFGS] batch= 136  call=  5745  total=8.494e-02  PDE=2.776e-02 [colloc=1.874e-02, cfd=9.027e-03]  WALL=3.191e-15  DATA=9.950e-04
Invoked: SSBroyden1 approach!
[BFGS] batch= 136  call=  5746  total=7.951e-02  PDE=2.580e-02 [colloc=1.726e-02, cfd=8.535e-03]  WALL=3.193e-15  DATA=9.901e-04
Invoked: SSBroyden1 approach!
[BFGS] batch= 136  call=  5747  total=7.306e-02  PDE=2.344e-02 [colloc=1.567e-02, cfd=7.765e-03]  WALL=3.189e-15  DATA=9.822e-04
Invoked: SSBroyden1 approach!
[BFGS] batch= 136  call=  5748  total=7.136e-02  PDE=2.277e-02 [colloc=1.590e-02, cfd=6.872e-03]  WALL=3.174e-15  DATA=9.725e-04
Invoked: SSBroyden1 approach!
[BFGS] batch= 136  call=  5749  total=6.885e-02  PDE=2.188e-02 [colloc=1.521e-02, cfd=6.674e-03]  WALL=3.169e-15  DATA=9.703e-04
Invoked: SSBroyden1 approach!
[BFGS] batch= 136  call=  5750  total=6.684e-02  PDE=2.115e-02 [colloc=1.481e-02, cfd=6.339e-03]  WALL=3.165e-15  DATA=9.660e-04
Invoked: SSBroyden1 approach!
[BFGS] batch= 136  call=  5751  total=6.419e-02  PDE=2.018e-02 [colloc=1.412e-02, cfd=6.052e-03]  WALL=3.165e-15  DATA=9.670e-04
Invoked: SSBroyden1 approach!
[BFGS] batch= 136  call=  5752  total=6.129e-02  PDE=1.916e-02 [colloc=1.344e-02, cfd=5.713e-03]  WALL=3.160e-15  DATA=9.639e-04
Invoked: SSBroyden1 approach!
[BFGS] batch= 136  call=  5753  total=5.805e-02  PDE=1.802e-02 [colloc=1.266e-02, cfd=5.360e-03]  WALL=3.146e-15  DATA=9.586e-04
Invoked: SSBroyden1 approach!
[BFGS] batch= 136  call=  5754  total=5.526e-02  PDE=1.697e-02 [colloc=1.195e-02, cfd=5.021e-03]  WALL=3.157e-15  DATA=9.536e-04
Invoked: SSBroyden1 approach!
[BFGS] batch= 136  call=  5755  total=5.273e-02  PDE=1.604e-02 [colloc=1.127e-02, cfd=4.771e-03]  WALL=3.153e-15  DATA=9.485e-04
Invoked: SSBroyden1 approach!
[BFGS] batch= 136  call=  5756  total=5.186e-02  PDE=1.573e-02 [colloc=1.117e-02, cfd=4.569e-03]  WALL=3.165e-15  DATA=9.456e-04
Invoked: SSBroyden1 approach!
[BFGS] batch= 136  call=  5757  total=5.025e-02  PDE=1.516e-02 [colloc=1.067e-02, cfd=4.485e-03]  WALL=3.167e-15  DATA=9.445e-04
Invoked: SSBroyden1 approach!
[BFGS] batch= 136  call=  5758  total=4.787e-02  PDE=1.430e-02 [colloc=9.999e-03, cfd=4.302e-03]  WALL=3.157e-15  DATA=9.449e-04
Invoked: SSBroyden1 approach!
[BFGS] batch= 136  call=  5759  total=4.468e-02  PDE=1.317e-02 [colloc=9.144e-03, cfd=4.029e-03]  WALL=3.158e-15  DATA=9.460e-04
Invoked: SSBroyden1 approach!
[BFGS] batch= 136  call=  5760  total=4.304e-02  PDE=1.264e-02 [colloc=8.990e-03, cfd=3.651e-03]  WALL=3.170e-15  DATA=9.447e-04
Invoked: SSBroyden1 approach!
[BFGS] batch= 136  call=  5761  total=4.062e-02  PDE=1.178e-02 [colloc=8.306e-03, cfd=3.472e-03]  WALL=3.166e-15  DATA=9.455e-04
Invoked: SSBroyden1 approach!
[BFGS] batch= 136  call=  5762  total=3.825e-02  PDE=1.096e-02 [colloc=7.730e-03, cfd=3.234e-03]  WALL=3.177e-15  DATA=9.469e-04
Invoked: SSBroyden1 approach!
[BFGS] batch= 136  call=  5763  total=3.585e-02  PDE=1.012e-02 [colloc=7.045e-03, cfd=3.076e-03]  WALL=3.187e-15  DATA=9.456e-04
Invoked: SSBroyden1 approach!
[BFGS] batch= 136  call=  5765  total=3.467e-02  PDE=9.684e-03 [colloc=6.695e-03, cfd=2.990e-03]  WALL=3.186e-15  DATA=9.457e-04
Invoked: SSBroyden1 approach!
[BFGS] batch= 136  call=  5766  total=3.334e-02  PDE=9.240e-03 [colloc=6.352e-03, cfd=2.888e-03]  WALL=3.185e-15  DATA=9.433e-04
Invoked: SSBroyden1 approach!
[BFGS] batch= 136  call=  5767  total=3.225e-02  PDE=8.834e-03 [colloc=6.086e-03, cfd=2.748e-03]  WALL=3.186e-15  DATA=9.467e-04
Invoked: SSBroyden1 approach!
[BFGS] batch= 136  call=  5768  total=3.084e-02  PDE=8.342e-03 [colloc=5.724e-03, cfd=2.618e-03]  WALL=3.182e-15  DATA=9.452e-04
Invoked: SSBroyden1 approach!
[BFGS] batch= 136  call=  5769  total=2.952e-02  PDE=7.893e-03 [colloc=5.424e-03, cfd=2.469e-03]  WALL=3.191e-15  DATA=9.460e-04
Invoked: SSBroyden1 approach!
[BFGS] batch= 136  call=  5770  total=2.783e-02  PDE=7.343e-03 [colloc=4.998e-03, cfd=2.345e-03]  WALL=3.194e-15  DATA=9.443e-04
Invoked: SSBroyden1 approach!
[BFGS] batch= 136  call=  5771  total=2.714e-02  PDE=7.119e-03 [colloc=4.897e-03, cfd=2.222e-03]  WALL=3.188e-15  DATA=9.456e-04
Invoked: SSBroyden1 approach!
[BFGS] batch= 136  call=  5772  total=2.631e-02  PDE=6.834e-03 [colloc=4.649e-03, cfd=2.184e-03]  WALL=3.188e-15  DATA=9.448e-04
Invoked: SSBroyden1 approach!
[BFGS] batch= 136  call=  5773  total=2.529e-02  PDE=6.502e-03 [colloc=4.354e-03, cfd=2.148e-03]  WALL=3.186e-15  DATA=9.463e-04
Invoked: SSBroyden1 approach!
[BFGS] batch= 136  call=  5774  total=2.456e-02  PDE=6.235e-03 [colloc=4.120e-03, cfd=2.115e-03]  WALL=3.185e-15  DATA=9.459e-04
Invoked: SSBroyden1 approach!
[BFGS] batch= 136  call=  5775  total=2.362e-02  PDE=5.892e-03 [colloc=3.821e-03, cfd=2.071e-03]  WALL=3.190e-15  DATA=9.468e-04
Invoked: SSBroyden1 approach!
[BFGS] batch= 136  call=  5776  total=2.261e-02  PDE=5.525e-03 [colloc=3.563e-03, cfd=1.962e-03]  WALL=3.193e-15  DATA=9.466e-04
Invoked: SSBroyden1 approach!
[BFGS] batch= 136  call=  5777  total=2.168e-02  PDE=5.180e-03 [colloc=3.361e-03, cfd=1.820e-03]  WALL=3.193e-15  DATA=9.529e-04
Invoked: SSBroyden1 approach!
[BFGS] batch= 136  call=  5778  total=2.119e-02  PDE=5.009e-03 [colloc=3.320e-03, cfd=1.689e-03]  WALL=3.190e-15  DATA=9.488e-04
Invoked: SSBroyden1 approach!
[BFGS] batch= 136  call=  5779  total=2.050e-02  PDE=4.773e-03 [colloc=3.136e-03, cfd=1.637e-03]  WALL=3.196e-15  DATA=9.502e-04
Invoked: SSBroyden1 approach!
[BFGS] batch= 136  call=  5780  total=2.016e-02  PDE=4.616e-03 [colloc=3.065e-03, cfd=1.552e-03]  WALL=3.196e-15  DATA=9.484e-04
Invoked: SSBroyden1 approach!
[BFGS] batch= 136  call=  5781  total=1.958e-02  PDE=4.440e-03 [colloc=2.936e-03, cfd=1.504e-03]  WALL=3.198e-15  DATA=9.485e-04
Invoked: SSBroyden1 approach!
[BFGS] batch= 136  call=  5782  total=1.896e-02  PDE=4.214e-03 [colloc=2.808e-03, cfd=1.406e-03]  WALL=3.205e-15  DATA=9.504e-04
Invoked: SSBroyden1 approach!
[BFGS] batch= 136  call=  5783  total=1.818e-02  PDE=3.923e-03 [colloc=2.620e-03, cfd=1.303e-03]  WALL=3.214e-15  DATA=9.523e-04
Invoked: SSBroyden1 approach!
[BFGS] batch= 136  call=  5784  total=1.788e-02  PDE=3.803e-03 [colloc=2.625e-03, cfd=1.178e-03]  WALL=3.219e-15  DATA=9.506e-04
Invoked: SSBroyden1 approach!
[BFGS] batch= 136  call=  5785  total=1.737e-02  PDE=3.657e-03 [colloc=2.520e-03, cfd=1.137e-03]  WALL=3.222e-15  DATA=9.526e-04
Invoked: SSBroyden1 approach!
[BFGS] batch= 136  call=  5786  total=1.717e-02  PDE=3.547e-03 [colloc=2.482e-03, cfd=1.065e-03]  WALL=3.223e-15  DATA=9.528e-04
Invoked: SSBroyden1 approach!
[BFGS] batch= 136  call=  5787  total=1.681e-02  PDE=3.423e-03 [colloc=2.390e-03, cfd=1.033e-03]  WALL=3.226e-15  DATA=9.539e-04
Invoked: SSBroyden1 approach!
[BFGS] batch= 136  call=  5788  total=1.644e-02  PDE=3.296e-03 [colloc=2.312e-03, cfd=9.838e-04]  WALL=3.230e-15  DATA=9.568e-04
Invoked: SSBroyden1 approach!
[BFGS] batch= 136  call=  5789  total=1.639e-02  PDE=3.254e-03 [colloc=2.321e-03, cfd=9.328e-04]  WALL=3.240e-15  DATA=9.571e-04
Invoked: SSBroyden1 approach!
[BFGS] batch= 136  call=  5790  total=1.630e-02  PDE=3.216e-03 [colloc=2.292e-03, cfd=9.241e-04]  WALL=3.240e-15  DATA=9.572e-04
Invoked: SSBroyden1 approach!
[BFGS] batch= 136  call=  5791  total=1.617e-02  PDE=3.159e-03 [colloc=2.252e-03, cfd=9.069e-04]  WALL=3.240e-15  DATA=9.572e-04
Invoked: SSBroyden1 approach!
[BFGS] batch= 136  call=  5792  total=1.596e-02  PDE=3.087e-03 [colloc=2.208e-03, cfd=8.795e-04]  WALL=3.241e-15  DATA=9.576e-04
Invoked: SSBroyden1 approach!
[BFGS] batch= 136  call=  5793  total=1.565e-02  PDE=2.974e-03 [colloc=2.143e-03, cfd=8.313e-04]  WALL=3.245e-15  DATA=9.583e-04
Invoked: SSBroyden1 approach!
[BFGS] batch= 136  call=  5794  total=1.522e-02  PDE=2.854e-03 [colloc=2.092e-03, cfd=7.619e-04]  WALL=3.248e-15  DATA=9.591e-04
Invoked: SSBroyden1 approach!
[BFGS] batch= 136  call=  5795  total=1.495e-02  PDE=2.726e-03 [colloc=2.047e-03, cfd=6.786e-04]  WALL=3.256e-15  DATA=9.606e-04
Invoked: SSBroyden1 approach!
[BFGS] batch= 136  call=  5796  total=1.468e-02  PDE=2.618e-03 [colloc=1.986e-03, cfd=6.313e-04]  WALL=3.259e-15  DATA=9.611e-04
Invoked: SSBroyden1 approach!
[BFGS] batch= 136  call=  5797  total=1.445e-02  PDE=2.547e-03 [colloc=1.961e-03, cfd=5.861e-04]  WALL=3.260e-15  DATA=9.599e-04
Invoked: SSBroyden1 approach!
[BFGS] batch= 136  call=  5798  total=1.420e-02  PDE=2.464e-03 [colloc=1.909e-03, cfd=5.552e-04]  WALL=3.259e-15  DATA=9.624e-04
Invoked: SSBroyden1 approach!
[BFGS] batch= 136  call=  5799  total=1.403e-02  PDE=2.410e-03 [colloc=1.884e-03, cfd=5.257e-04]  WALL=3.256e-15  DATA=9.636e-04
Invoked: SSBroyden1 approach!
[BFGS] batch= 136  call=  5800  total=1.383e-02  PDE=2.353e-03 [colloc=1.848e-03, cfd=5.050e-04]  WALL=3.257e-15  DATA=9.640e-04
Invoked: SSBroyden1 approach!
[BFGS] batch= 136  call=  5801  total=1.373e-02  PDE=2.308e-03 [colloc=1.828e-03, cfd=4.796e-04]  WALL=3.257e-15  DATA=9.643e-04
Invoked: SSBroyden1 approach!
[BFGS] batch= 136  call=  5802  total=1.360e-02  PDE=2.265e-03 [colloc=1.796e-03, cfd=4.682e-04]  WALL=3.259e-15  DATA=9.654e-04
Invoked: SSBroyden1 approach!
[BFGS] batch= 136  call=  5803  total=1.346e-02  PDE=2.223e-03 [colloc=1.769e-03, cfd=4.541e-04]  WALL=3.257e-15  DATA=9.651e-04
Invoked: SSBroyden1 approach!
[BFGS] batch= 136  call=  5804  total=1.328e-02  PDE=2.190e-03 [colloc=1.750e-03, cfd=4.396e-04]  WALL=3.256e-15  DATA=9.658e-04
Invoked: SSBroyden1 approach!
[BFGS] batch= 136  call=  5806  total=1.326e-02  PDE=2.159e-03 [colloc=1.725e-03, cfd=4.341e-04]  WALL=3.255e-15  DATA=9.669e-04
  [PT] w_u=77.7954 w_v=81.7275 gamma=1.000 (tau_u=1.285e-02 tau_v=1.224e-02 |Du|=9.23e-01 |DRu|=9.71e+01)
[BFGS] batch 136: H0 not PD — resetting to identity.
[BFGS-END] batch= 136  last_total=1.326e-02  last_PDE=2.159e-03 [colloc=1.725e-03, cfd=4.341e-04]  last_WALL=3.255e-15  last_DATA=9.669e-04
/oscar/home/jchen790/cylinder flow lab/src/cfp40.py:1430: OptimizeWarning: Unknown solver options: hess, hessp, bounds, constraints, tol
  result = minimize(
Invoked: SSBroyden1 approach!
[BFGS] batch= 137  call=  5828  total=8.924e-02  PDE=2.934e-02 [colloc=2.891e-02, cfd=4.298e-04]  WALL=3.207e-15  DATA=9.947e-04
Invoked: SSBroyden1 approach!
[BFGS] batch= 137  call=  5830  total=7.143e-02  PDE=2.290e-02 [colloc=2.247e-02, cfd=4.295e-04]  WALL=3.250e-15  DATA=1.017e-03
Invoked: SSBroyden1 approach!
[BFGS] batch= 137  call=  5831  total=6.413e-02  PDE=2.030e-02 [colloc=1.987e-02, cfd=4.314e-04]  WALL=3.256e-15  DATA=1.016e-03
Invoked: SSBroyden1 approach!
[BFGS] batch= 137  call=  5833  total=6.026e-02  PDE=1.892e-02 [colloc=1.849e-02, cfd=4.310e-04]  WALL=3.257e-15  DATA=1.013e-03
Invoked: SSBroyden1 approach!
[BFGS] batch= 137  call=  5834  total=5.397e-02  PDE=1.667e-02 [colloc=1.624e-02, cfd=4.307e-04]  WALL=3.263e-15  DATA=1.013e-03
Invoked: SSBroyden1 approach!
[BFGS] batch= 137  call=  5835  total=4.909e-02  PDE=1.492e-02 [colloc=1.448e-02, cfd=4.310e-04]  WALL=3.263e-15  DATA=1.009e-03
Invoked: SSBroyden1 approach!
[BFGS] batch= 137  call=  5837  total=4.702e-02  PDE=1.419e-02 [colloc=1.376e-02, cfd=4.316e-04]  WALL=3.259e-15  DATA=1.010e-03
Invoked: SSBroyden1 approach!
[BFGS] batch= 137  call=  5839  total=4.624e-02  PDE=1.390e-02 [colloc=1.347e-02, cfd=4.319e-04]  WALL=3.257e-15  DATA=1.009e-03
Invoked: SSBroyden1 approach!
[BFGS] batch= 137  call=  5841  total=4.600e-02  PDE=1.380e-02 [colloc=1.337e-02, cfd=4.318e-04]  WALL=3.259e-15  DATA=1.012e-03
Invoked: SSBroyden1 approach!
[BFGS] batch= 137  call=  5842  total=4.557e-02  PDE=1.368e-02 [colloc=1.324e-02, cfd=4.314e-04]  WALL=3.261e-15  DATA=1.011e-03
Invoked: SSBroyden1 approach!
[BFGS] batch= 137  call=  5844  total=4.543e-02  PDE=1.360e-02 [colloc=1.317e-02, cfd=4.311e-04]  WALL=3.266e-15  DATA=1.011e-03
Invoked: SSBroyden1 approach!
[BFGS] batch= 137  call=  5845  total=4.526e-02  PDE=1.354e-02 [colloc=1.311e-02, cfd=4.305e-04]  WALL=3.264e-15  DATA=1.011e-03
Invoked: SSBroyden1 approach!
[BFGS] batch= 137  call=  5846  total=4.520e-02  PDE=1.353e-02 [colloc=1.310e-02, cfd=4.300e-04]  WALL=3.267e-15  DATA=1.011e-03
Invoked: SSBroyden1 approach!
[BFGS] batch= 137  call=  5847  total=4.517e-02  PDE=1.350e-02 [colloc=1.307e-02, cfd=4.296e-04]  WALL=3.269e-15  DATA=1.011e-03
Invoked: SSBroyden1 approach!
[BFGS] batch= 137  call=  5848  total=4.510e-02  PDE=1.349e-02 [colloc=1.306e-02, cfd=4.294e-04]  WALL=3.269e-15  DATA=1.011e-03
Invoked: SSBroyden1 approach!
[BFGS] batch= 137  call=  5849  total=4.503e-02  PDE=1.345e-02 [colloc=1.302e-02, cfd=4.281e-04]  WALL=3.270e-15  DATA=1.010e-03
Invoked: SSBroyden1 approach!
[BFGS] batch= 137  call=  5850  total=4.489e-02  PDE=1.341e-02 [colloc=1.298e-02, cfd=4.271e-04]  WALL=3.271e-15  DATA=1.010e-03
Invoked: SSBroyden1 approach!
[BFGS] batch= 137  call=  5851  total=4.479e-02  PDE=1.336e-02 [colloc=1.294e-02, cfd=4.249e-04]  WALL=3.273e-15  DATA=1.009e-03
Invoked: SSBroyden1 approach!
[BFGS] batch= 137  call=  5852  total=4.472e-02  PDE=1.333e-02 [colloc=1.291e-02, cfd=4.232e-04]  WALL=3.270e-15  DATA=1.009e-03
Invoked: SSBroyden1 approach!
[BFGS] batch= 137  call=  5853  total=4.459e-02  PDE=1.328e-02 [colloc=1.286e-02, cfd=4.220e-04]  WALL=3.272e-15  DATA=1.009e-03
Invoked: SSBroyden1 approach!
[BFGS] batch= 137  call=  5854  total=4.447e-02  PDE=1.323e-02 [colloc=1.281e-02, cfd=4.205e-04]  WALL=3.273e-15  DATA=1.008e-03
Invoked: SSBroyden1 approach!
[BFGS] batch= 137  call=  5855  total=4.419e-02  PDE=1.316e-02 [colloc=1.274e-02, cfd=4.198e-04]  WALL=3.273e-15  DATA=1.008e-03
Invoked: SSBroyden1 approach!
[BFGS] batch= 137  call=  5856  total=4.383e-02  PDE=1.302e-02 [colloc=1.260e-02, cfd=4.200e-04]  WALL=3.276e-15  DATA=1.005e-03
Invoked: SSBroyden1 approach!
[BFGS] batch= 137  call=  5857  total=4.314e-02  PDE=1.279e-02 [colloc=1.237e-02, cfd=4.260e-04]  WALL=3.277e-15  DATA=1.004e-03
Invoked: SSBroyden1 approach!
[BFGS] batch= 137  call=  5859  total=3.942e-02  PDE=1.145e-02 [colloc=1.065e-02, cfd=8.016e-04]  WALL=3.302e-15  DATA=9.875e-04
Invoked: SSBroyden1 approach!
[BFGS] batch= 137  call=  5861  total=3.837e-02  PDE=1.110e-02 [colloc=1.013e-02, cfd=9.681e-04]  WALL=3.305e-15  DATA=9.844e-04
Invoked: SSBroyden1 approach!
[BFGS] batch= 137  call=  5863  total=3.832e-02  PDE=1.105e-02 [colloc=1.006e-02, cfd=9.935e-04]  WALL=3.306e-15  DATA=9.835e-04
Invoked: SSBroyden1 approach!
[BFGS] batch= 137  call=  5864  total=3.819e-02  PDE=1.102e-02 [colloc=1.002e-02, cfd=1.001e-03]  WALL=3.306e-15  DATA=9.831e-04
Invoked: SSBroyden1 approach!
[BFGS] batch= 137  call=  5866  total=3.816e-02  PDE=1.101e-02 [colloc=1.000e-02, cfd=1.006e-03]  WALL=3.305e-15  DATA=9.835e-04
Invoked: SSBroyden1 approach!
[BFGS] batch= 137  call=  5867  total=3.810e-02  PDE=1.099e-02 [colloc=9.978e-03, cfd=1.008e-03]  WALL=3.305e-15  DATA=9.835e-04
Invoked: SSBroyden1 approach!
[BFGS] batch= 137  call=  5868  total=3.799e-02  PDE=1.095e-02 [colloc=9.939e-03, cfd=1.009e-03]  WALL=3.306e-15  DATA=9.832e-04
Invoked: SSBroyden1 approach!
[BFGS] batch= 137  call=  5869  total=3.775e-02  PDE=1.088e-02 [colloc=9.868e-03, cfd=1.009e-03]  WALL=3.307e-15  DATA=9.832e-04
Invoked: SSBroyden1 approach!
[BFGS] batch= 137  call=  5870  total=3.742e-02  PDE=1.075e-02 [colloc=9.743e-03, cfd=1.004e-03]  WALL=3.309e-15  DATA=9.833e-04
Invoked: SSBroyden1 approach!
[BFGS] batch= 137  call=  5871  total=3.695e-02  PDE=1.057e-02 [colloc=9.579e-03, cfd=9.947e-04]  WALL=3.312e-15  DATA=9.839e-04
Invoked: SSBroyden1 approach!
[BFGS] batch= 137  call=  5872  total=3.649e-02  PDE=1.039e-02 [colloc=9.415e-03, cfd=9.724e-04]  WALL=3.319e-15  DATA=9.853e-04
Invoked: SSBroyden1 approach!
[BFGS] batch= 137  call=  5873  total=3.568e-02  PDE=1.013e-02 [colloc=9.187e-03, cfd=9.423e-04]  WALL=3.322e-15  DATA=9.853e-04
Invoked: SSBroyden1 approach!
[BFGS] batch= 137  call=  5874  total=3.468e-02  PDE=9.744e-03 [colloc=8.857e-03, cfd=8.873e-04]  WALL=3.330e-15  DATA=9.852e-04
Invoked: SSBroyden1 approach!
[BFGS] batch= 137  call=  5875  total=3.308e-02  PDE=9.186e-03 [colloc=8.339e-03, cfd=8.462e-04]  WALL=3.344e-15  DATA=9.867e-04
Invoked: SSBroyden1 approach!
[BFGS] batch= 137  call=  5876  total=3.251e-02  PDE=8.967e-03 [colloc=8.141e-03, cfd=8.260e-04]  WALL=3.360e-15  DATA=9.854e-04
Invoked: SSBroyden1 approach!
[BFGS] batch= 137  call=  5877  total=3.177e-02  PDE=8.722e-03 [colloc=7.888e-03, cfd=8.337e-04]  WALL=3.363e-15  DATA=9.848e-04
Invoked: SSBroyden1 approach!
[BFGS] batch= 137  call=  5878  total=3.136e-02  PDE=8.578e-03 [colloc=7.721e-03, cfd=8.577e-04]  WALL=3.368e-15  DATA=9.849e-04
Invoked: SSBroyden1 approach!
[BFGS] batch= 137  call=  5879  total=3.095e-02  PDE=8.417e-03 [colloc=7.547e-03, cfd=8.705e-04]  WALL=3.369e-15  DATA=9.841e-04
Invoked: SSBroyden1 approach!
[BFGS] batch= 137  call=  5880  total=3.045e-02  PDE=8.251e-03 [colloc=7.391e-03, cfd=8.603e-04]  WALL=3.366e-15  DATA=9.828e-04
Invoked: SSBroyden1 approach!
[BFGS] batch= 137  call=  5881  total=2.982e-02  PDE=8.057e-03 [colloc=7.230e-03, cfd=8.269e-04]  WALL=3.370e-15  DATA=9.808e-04
Invoked: SSBroyden1 approach!
[BFGS] batch= 137  call=  5882  total=2.954e-02  PDE=7.957e-03 [colloc=7.208e-03, cfd=7.498e-04]  WALL=3.365e-15  DATA=9.774e-04
Invoked: SSBroyden1 approach!
[BFGS] batch= 137  call=  5883  total=2.911e-02  PDE=7.781e-03 [colloc=7.071e-03, cfd=7.103e-04]  WALL=3.363e-15  DATA=9.776e-04
Invoked: SSBroyden1 approach!
[BFGS] batch= 137  call=  5884  total=2.846e-02  PDE=7.561e-03 [colloc=6.902e-03, cfd=6.596e-04]  WALL=3.364e-15  DATA=9.780e-04
Invoked: SSBroyden1 approach!
[BFGS] batch= 137  call=  5885  total=2.748e-02  PDE=7.206e-03 [colloc=6.608e-03, cfd=5.982e-04]  WALL=3.362e-15  DATA=9.785e-04
Invoked: SSBroyden1 approach!
[BFGS] batch= 137  call=  5886  total=2.646e-02  PDE=6.836e-03 [colloc=6.298e-03, cfd=5.381e-04]  WALL=3.361e-15  DATA=9.806e-04
Invoked: SSBroyden1 approach!
[BFGS] batch= 137  call=  5887  total=2.504e-02  PDE=6.331e-03 [colloc=5.831e-03, cfd=4.998e-04]  WALL=3.361e-15  DATA=9.808e-04
Invoked: SSBroyden1 approach!
[BFGS] batch= 137  call=  5888  total=2.471e-02  PDE=6.221e-03 [colloc=5.757e-03, cfd=4.644e-04]  WALL=3.355e-15  DATA=9.853e-04
Invoked: SSBroyden1 approach!
[BFGS] batch= 137  call=  5889  total=2.418e-02  PDE=6.023e-03 [colloc=5.563e-03, cfd=4.603e-04]  WALL=3.352e-15  DATA=9.851e-04
Invoked: SSBroyden1 approach!
[BFGS] batch= 137  call=  5890  total=2.348e-02  PDE=5.757e-03 [colloc=5.308e-03, cfd=4.486e-04]  WALL=3.349e-15  DATA=9.823e-04
Invoked: SSBroyden1 approach!
[BFGS] batch= 137  call=  5891  total=2.257e-02  PDE=5.456e-03 [colloc=5.027e-03, cfd=4.286e-04]  WALL=3.339e-15  DATA=9.821e-04
Invoked: SSBroyden1 approach!
[BFGS] batch= 137  call=  5892  total=2.176e-02  PDE=5.141e-03 [colloc=4.742e-03, cfd=3.987e-04]  WALL=3.327e-15  DATA=9.827e-04
Invoked: SSBroyden1 approach!
[BFGS] batch= 137  call=  5893  total=2.091e-02  PDE=4.852e-03 [colloc=4.482e-03, cfd=3.699e-04]  WALL=3.320e-15  DATA=9.811e-04
Invoked: SSBroyden1 approach!
[BFGS] batch= 137  call=  5894  total=2.011e-02  PDE=4.567e-03 [colloc=4.235e-03, cfd=3.313e-04]  WALL=3.309e-15  DATA=9.774e-04
Invoked: SSBroyden1 approach!
[BFGS] batch= 137  call=  5895  total=1.926e-02  PDE=4.258e-03 [colloc=3.949e-03, cfd=3.090e-04]  WALL=3.309e-15  DATA=9.778e-04
Invoked: SSBroyden1 approach!
[BFGS] batch= 137  call=  5896  total=1.839e-02  PDE=3.968e-03 [colloc=3.674e-03, cfd=2.938e-04]  WALL=3.312e-15  DATA=9.767e-04
Invoked: SSBroyden1 approach!
[BFGS] batch= 137  call=  5897  total=1.757e-02  PDE=3.670e-03 [colloc=3.380e-03, cfd=2.897e-04]  WALL=3.304e-15  DATA=9.757e-04
Invoked: SSBroyden1 approach!
[BFGS] batch= 137  call=  5898  total=1.690e-02  PDE=3.427e-03 [colloc=3.147e-03, cfd=2.802e-04]  WALL=3.300e-15  DATA=9.760e-04
Invoked: SSBroyden1 approach!
[BFGS] batch= 137  call=  5899  total=1.666e-02  PDE=3.337e-03 [colloc=3.072e-03, cfd=2.649e-04]  WALL=3.295e-15  DATA=9.743e-04
Invoked: SSBroyden1 approach!
[BFGS] batch= 137  call=  5900  total=1.625e-02  PDE=3.225e-03 [colloc=2.969e-03, cfd=2.555e-04]  WALL=3.296e-15  DATA=9.736e-04
Invoked: SSBroyden1 approach!
[BFGS] batch= 137  call=  5901  total=1.603e-02  PDE=3.110e-03 [colloc=2.871e-03, cfd=2.387e-04]  WALL=3.296e-15  DATA=9.752e-04
Invoked: SSBroyden1 approach!
[BFGS] batch= 137  call=  5902  total=1.571e-02  PDE=2.991e-03 [colloc=2.758e-03, cfd=2.325e-04]  WALL=3.292e-15  DATA=9.747e-04
Invoked: SSBroyden1 approach!
[BFGS] batch= 137  call=  5903  total=1.528e-02  PDE=2.859e-03 [colloc=2.631e-03, cfd=2.286e-04]  WALL=3.286e-15  DATA=9.731e-04
Invoked: SSBroyden1 approach!
[BFGS] batch= 137  call=  5904  total=1.501e-02  PDE=2.738e-03 [colloc=2.509e-03, cfd=2.285e-04]  WALL=3.283e-15  DATA=9.726e-04
Invoked: SSBroyden1 approach!
[BFGS] batch= 137  call=  5905  total=1.465e-02  PDE=2.630e-03 [colloc=2.399e-03, cfd=2.307e-04]  WALL=3.281e-15  DATA=9.736e-04
Invoked: SSBroyden1 approach!
[BFGS] batch= 137  call=  5906  total=1.444e-02  PDE=2.549e-03 [colloc=2.321e-03, cfd=2.275e-04]  WALL=3.278e-15  DATA=9.726e-04
Invoked: SSBroyden1 approach!
[BFGS] batch= 137  call=  5907  total=1.419e-02  PDE=2.459e-03 [colloc=2.237e-03, cfd=2.223e-04]  WALL=3.274e-15  DATA=9.729e-04
Invoked: SSBroyden1 approach!
[BFGS] batch= 137  call=  5908  total=1.389e-02  PDE=2.355e-03 [colloc=2.141e-03, cfd=2.138e-04]  WALL=3.274e-15  DATA=9.733e-04
Invoked: SSBroyden1 approach!
[BFGS] batch= 137  call=  5909  total=1.384e-02  PDE=2.339e-03 [colloc=2.132e-03, cfd=2.067e-04]  WALL=3.266e-15  DATA=9.711e-04
Invoked: SSBroyden1 approach!
[BFGS] batch= 137  call=  5910  total=1.374e-02  PDE=2.304e-03 [colloc=2.098e-03, cfd=2.065e-04]  WALL=3.265e-15  DATA=9.711e-04
Invoked: SSBroyden1 approach!
[BFGS] batch= 137  call=  5911  total=1.352e-02  PDE=2.257e-03 [colloc=2.053e-03, cfd=2.039e-04]  WALL=3.264e-15  DATA=9.703e-04
Invoked: SSBroyden1 approach!
[BFGS] batch= 137  call=  5912  total=1.344e-02  PDE=2.215e-03 [colloc=2.018e-03, cfd=1.965e-04]  WALL=3.263e-15  DATA=9.686e-04
Invoked: SSBroyden1 approach!
[BFGS] batch= 137  call=  5913  total=1.339e-02  PDE=2.174e-03 [colloc=1.979e-03, cfd=1.949e-04]  WALL=3.260e-15  DATA=9.687e-04
Invoked: SSBroyden1 approach!
[BFGS] batch= 137  call=  5914  total=1.325e-02  PDE=2.143e-03 [colloc=1.949e-03, cfd=1.939e-04]  WALL=3.260e-15  DATA=9.685e-04
Invoked: SSBroyden1 approach!
[BFGS] batch= 137  call=  5915  total=1.307e-02  PDE=2.091e-03 [colloc=1.902e-03, cfd=1.886e-04]  WALL=3.257e-15  DATA=9.683e-04
Invoked: SSBroyden1 approach!
[BFGS] batch= 137  call=  5916  total=1.290e-02  PDE=2.034e-03 [colloc=1.850e-03, cfd=1.836e-04]  WALL=3.252e-15  DATA=9.668e-04
Invoked: SSBroyden1 approach!
[BFGS] batch= 137  call=  5919  total=1.288e-02  PDE=2.025e-03 [colloc=1.842e-03, cfd=1.833e-04]  WALL=3.252e-15  DATA=9.668e-04
  [PT] w_u=86.1867 w_v=90.6179 gamma=1.000 (tau_u=1.160e-02 tau_v=1.104e-02 |Du|=4.95e-01 |DRu|=2.69e+01)
[BFGS] batch 137: H0 not PD — resetting to identity.
[BFGS-END] batch= 137  last_total=1.290e-02  last_PDE=2.025e-03 [colloc=1.841e-03, cfd=1.833e-04]  last_WALL=3.252e-15  last_DATA=9.668e-04
/oscar/home/jchen790/cylinder flow lab/src/cfp40.py:1430: OptimizeWarning: Unknown solver options: hess, hessp, bounds, constraints, tol
  result = minimize(
Invoked: SSBroyden1 approach!
[BFGS] batch= 138  call=  5943  total=3.965e-02  PDE=1.153e-02 [colloc=1.135e-02, cfd=1.842e-04]  WALL=3.232e-15  DATA=1.007e-03
Invoked: SSBroyden1 approach!
[BFGS] batch= 138  call=  5945  total=3.312e-02  PDE=9.167e-03 [colloc=8.982e-03, cfd=1.842e-04]  WALL=3.256e-15  DATA=1.020e-03
Invoked: SSBroyden1 approach!
[BFGS] batch= 138  call=  5946  total=3.164e-02  PDE=8.635e-03 [colloc=8.450e-03, cfd=1.844e-04]  WALL=3.259e-15  DATA=1.020e-03
Invoked: SSBroyden1 approach!
[BFGS] batch= 138  call=  5947  total=3.017e-02  PDE=8.103e-03 [colloc=7.918e-03, cfd=1.843e-04]  WALL=3.259e-15  DATA=1.019e-03
Invoked: SSBroyden1 approach!
[BFGS] batch= 138  call=  5948  total=2.762e-02  PDE=7.187e-03 [colloc=7.003e-03, cfd=1.841e-04]  WALL=3.262e-15  DATA=1.019e-03
Invoked: SSBroyden1 approach!
[BFGS] batch= 138  call=  5949  total=2.498e-02  PDE=6.265e-03 [colloc=6.081e-03, cfd=1.837e-04]  WALL=3.260e-15  DATA=1.016e-03
Invoked: SSBroyden1 approach!
[BFGS] batch= 138  call=  5951  total=2.399e-02  PDE=5.896e-03 [colloc=5.712e-03, cfd=1.837e-04]  WALL=3.256e-15  DATA=1.017e-03
Invoked: SSBroyden1 approach!
[BFGS] batch= 138  call=  5953  total=2.360e-02  PDE=5.728e-03 [colloc=5.544e-03, cfd=1.837e-04]  WALL=3.255e-15  DATA=1.018e-03
Invoked: SSBroyden1 approach!
[BFGS] batch= 138  call=  5955  total=2.336e-02  PDE=5.655e-03 [colloc=5.472e-03, cfd=1.835e-04]  WALL=3.256e-15  DATA=1.019e-03
Invoked: SSBroyden1 approach!
[BFGS] batch= 138  call=  5956  total=2.324e-02  PDE=5.606e-03 [colloc=5.422e-03, cfd=1.833e-04]  WALL=3.260e-15  DATA=1.018e-03
Invoked: SSBroyden1 approach!
[BFGS] batch= 138  call=  5957  total=2.310e-02  PDE=5.572e-03 [colloc=5.389e-03, cfd=1.832e-04]  WALL=3.263e-15  DATA=1.019e-03
Invoked: SSBroyden1 approach!
[BFGS] batch= 138  call=  5958  total=2.300e-02  PDE=5.545e-03 [colloc=5.362e-03, cfd=1.829e-04]  WALL=3.261e-15  DATA=1.018e-03
Invoked: SSBroyden1 approach!
[BFGS] batch= 138  call=  5960  total=2.300e-02  PDE=5.526e-03 [colloc=5.343e-03, cfd=1.829e-04]  WALL=3.262e-15  DATA=1.018e-03
Invoked: SSBroyden1 approach!
[BFGS] batch= 138  call=  5962  total=2.296e-02  PDE=5.516e-03 [colloc=5.333e-03, cfd=1.828e-04]  WALL=3.262e-15  DATA=1.018e-03
Invoked: SSBroyden1 approach!
[BFGS] batch= 138  call=  5963  total=2.292e-02  PDE=5.508e-03 [colloc=5.325e-03, cfd=1.828e-04]  WALL=3.263e-15  DATA=1.019e-03
Invoked: SSBroyden1 approach!
[BFGS] batch= 138  call=  5964  total=2.288e-02  PDE=5.485e-03 [colloc=5.302e-03, cfd=1.827e-04]  WALL=3.263e-15  DATA=1.018e-03
Invoked: SSBroyden1 approach!
[BFGS] batch= 138  call=  5965  total=2.285e-02  PDE=5.467e-03 [colloc=5.285e-03, cfd=1.827e-04]  WALL=3.264e-15  DATA=1.018e-03
Invoked: SSBroyden1 approach!
[BFGS] batch= 138  call=  5966  total=2.277e-02  PDE=5.451e-03 [colloc=5.268e-03, cfd=1.827e-04]  WALL=3.264e-15  DATA=1.018e-03
Invoked: SSBroyden1 approach!
[BFGS] batch= 138  call=  5968  total=2.273e-02  PDE=5.441e-03 [colloc=5.258e-03, cfd=1.827e-04]  WALL=3.263e-15  DATA=1.018e-03
Invoked: SSBroyden1 approach!
[BFGS] batch= 138  call=  5969  total=2.268e-02  PDE=5.426e-03 [colloc=5.243e-03, cfd=1.827e-04]  WALL=3.264e-15  DATA=1.018e-03
Invoked: SSBroyden1 approach!
[BFGS] batch= 138  call=  5980  total=2.264e-02  PDE=5.409e-03 [colloc=5.227e-03, cfd=1.826e-04]  WALL=3.265e-15  DATA=1.018e-03
Invoked: SSBroyden1 approach!
[BFGS] batch= 138  call=  5988  total=2.261e-02  PDE=5.398e-03 [colloc=5.215e-03, cfd=1.826e-04]  WALL=3.265e-15  DATA=1.018e-03
Invoked: SSBroyden1 approach!
[BFGS] batch= 138  call=  5996  total=2.261e-02  PDE=5.389e-03 [colloc=5.206e-03, cfd=1.827e-04]  WALL=3.265e-15  DATA=1.018e-03
Invoked: SSBroyden1 approach!
[BFGS] batch= 138  call=  5998  total=2.255e-02  PDE=5.381e-03 [colloc=5.198e-03, cfd=1.827e-04]  WALL=3.265e-15  DATA=1.018e-03
Invoked: SSBroyden1 approach!
[BFGS] batch= 138  call=  5999  total=2.251e-02  PDE=5.374e-03 [colloc=5.191e-03, cfd=1.830e-04]  WALL=3.264e-15  DATA=1.018e-03
Invoked: SSBroyden1 approach!
[BFGS] batch= 138  call=  6000  total=2.243e-02  PDE=5.353e-03 [colloc=5.170e-03, cfd=1.833e-04]  WALL=3.265e-15  DATA=1.018e-03
Invoked: SSBroyden1 approach!
[BFGS] batch= 138  call=  6001  total=2.242e-02  PDE=5.330e-03 [colloc=5.146e-03, cfd=1.839e-04]  WALL=3.266e-15  DATA=1.018e-03
Invoked: SSBroyden1 approach!
[BFGS] batch= 138  call=  6002  total=2.238e-02  PDE=5.321e-03 [colloc=5.137e-03, cfd=1.840e-04]  WALL=3.266e-15  DATA=1.018e-03
Invoked: SSBroyden1 approach!
[BFGS] batch= 138  call=  6003  total=2.235e-02  PDE=5.302e-03 [colloc=5.117e-03, cfd=1.844e-04]  WALL=3.267e-15  DATA=1.018e-03
Invoked: SSBroyden1 approach!
[BFGS] batch= 138  call=  6004  total=2.229e-02  PDE=5.281e-03 [colloc=5.096e-03, cfd=1.846e-04]  WALL=3.267e-15  DATA=1.018e-03
Invoked: SSBroyden1 approach!
[BFGS] batch= 138  call=  6005  total=2.220e-02  PDE=5.241e-03 [colloc=5.056e-03, cfd=1.850e-04]  WALL=3.267e-15  DATA=1.017e-03
Invoked: SSBroyden1 approach!
[BFGS] batch= 138  call=  6007  total=2.132e-02  PDE=4.934e-03 [colloc=4.742e-03, cfd=1.916e-04]  WALL=3.275e-15  DATA=1.015e-03
Invoked: SSBroyden1 approach!
[BFGS] batch= 138  call=  6008  total=2.022e-02  PDE=4.523e-03 [colloc=4.303e-03, cfd=2.204e-04]  WALL=3.284e-15  DATA=1.009e-03
Invoked: SSBroyden1 approach!
[BFGS] batch= 138  call=  6010  total=2.016e-02  PDE=4.501e-03 [colloc=4.279e-03, cfd=2.222e-04]  WALL=3.284e-15  DATA=1.009e-03
Invoked: SSBroyden1 approach!
[BFGS] batch= 138  call=  6012  total=2.007e-02  PDE=4.489e-03 [colloc=4.267e-03, cfd=2.226e-04]  WALL=3.285e-15  DATA=1.009e-03
Invoked: SSBroyden1 approach!
[BFGS] batch= 138  call=  6014  total=2.007e-02  PDE=4.477e-03 [colloc=4.256e-03, cfd=2.219e-04]  WALL=3.285e-15  DATA=1.009e-03
  [PT] w_u=91.2588 w_v=96.0633 gamma=1.000 (tau_u=1.096e-02 tau_v=1.041e-02 |Du|=4.15e-01 |DRu|=5.78e+00)
[BFGS] batch 138: H0 not PD — resetting to identity.
[BFGS-END] batch= 138  last_total=2.007e-02  last_PDE=4.477e-03 [colloc=4.256e-03, cfd=2.219e-04]  last_WALL=3.285e-15  last_DATA=1.009e-03
[BFGS] done. total_calls=6034  best_loss=9.888289e-03
[train] Saved -> ../runs/sweep/data500_PT/checkpoints/pinn_Re40_single.pt
[viz] loaded ../runs/sweep/data500_PT/checkpoints/pinn_Re40_single.pt

============================================================
ABSOLUTE error on CFD point cloud (target: ~1e-4 ~ 1e-5)
============================================================
  points used           : 4869
  speed magnitude (mean): 7.0030e-01
  mae_u                 : 1.8190e-02
  mae_v                 : 1.4653e-02
  rmse_u                : 2.6830e-02
  rmse_v                : 2.2376e-02
  max |eu|              : 1.3939e-01
  max |ev|              : 1.0729e-01
  rel_l2_u              : 3.3141e-02
  rel_l2_v              : 1.7671e-01

[viz] saved ../runs/sweep/data500_PT/viz/re40_single_vorticity.png
[viz] saved ../runs/sweep/data500_PT/viz/re40_single_speed.png
